SMILES,aff,d_asp,d_arg,d_p0
CN1CCc2c(n3nc(SCC(=O)Nc4cccc5ccccc45)n3c3ccccc23)C1,-6.424,13.471485961095754,7.479982152385125,5.092924209135651
Cc1ccc(C)c(S(=O)(=O)NCCNC(=O)OC(C)(C)C)c1,-4.927,5.221350304279536,7.426802407496781,3.5557449289846423
Cc1cccc(CCCNC(=S)NCc2ccc(F)cc2)c1,-4.034,4.3973834265390135,8.244976955698542,10.549654638896953
CCC(C)Nc1nc(OCC2CCCN2c2ccnc(C)c2N)nc2nc(N3CCN(C(=O)OC(C)(C)C)CC3)ncc12,-5.973,4.4956557919840785,8.419692274661823,2.887399175728912
Cc1cc(Oc2c(C)cccc2CNC2CC2)cc(Cl)c1C,-5.268,4.667888066352919,8.378804807369605,5.329964352601245
C=CC(=O)SCCOC(C)Oc1ccc(Cl)cc1,-4.646,12.542461321447238,12.720217922661545,3.0908900012779488
Cc1c(C=NNc2ccc3ncnn3c2)ccc(OC(C)CC(=O)C(C)N)c1O,-5.854,4.870916648845471,7.7798057816374815,3.095200316619265
COc1ccc(F)c(NC(=O)CCc2ccccc2Oc2ncccn2)c1,-5.989,4.327145132763634,7.044727957841949,3.447410622481749
COc1ccc(-c2noc(C(=O)N3CCN(c4ncccn4)CC3)n2)cc1OC,-5.708,5.225466103612193,7.328616035787384,3.178208772248922
CC(C)c1cc(N2CCCC2=O)ccc1N,-5.282,12.702408669224905,12.383148791805741,2.9346020173100142
O=CNCCCC(NC(=O)Cc1ccccc1)C(=O)O,-4.825,12.78185236966849,12.62637719221155,2.88000208333258
CCC(C)C(C)NC(=O)N(CC)CCCC(=O)O,-4.135,10.517152181080201,9.389669323250953,13.155691772004998
CS(=O)(=O)CCCCC(CO)n1c(Cl)nc2c(c1=O)N1CC(CC2)N2CC3CCC3C2C1,,,,
CCNc1nc(CC(C)C)c2sc(=O)[nH]c2n1,-5.26,12.74189883808532,12.678799233365911,3.139157530293757
C#CCN1C(=O)C2CCCCC2c2cc(F)ccc21,-5.923,13.694402688690005,12.139110593449587,3.09883381290446
Cc1cc(C)c(SCC(=O)Nc2cc(C(F)(F)F)ccc2Cl)nn1,-5.828,3.404947429843815,7.304516753351997,3.3104943739568564
Cc1oc(C(=O)NC(C)c2cc(Cl)cc3c2OCC3)cc1CNC1CCCCC1,-6.002,4.473267932954609,7.863059073922819,3.2942448300027727
CCC(CC)c1nc2ncccc2o1,-4.612,12.995400570971254,13.010100614522548,3.108905595221573
COCCN1CC(C(N)=O)C2CCCN2C1=O,-5.352,12.561772247577172,12.437877230460188,2.955843872737531
CC(C)(C)N(CCS)CC(=CC(=O)O)C(=O)O,-3.844,12.257394543702999,11.204655371764007,8.821348479682683
CNC(c1ccc2ccccc2c1)C1CC(C)(C)OC1(C)C,-5.407,4.2107981428703045,7.57711904354155,7.285347898350498
COc1cccc(NC(=O)COC(=O)C(C(C)C)N2C(=O)c3ccccc3C2=O)c1,-5.817,10.219000733926972,8.6623616294865,12.652865999448503
C=C(C)CC(C)C(=C)C,-3.497,12.764290070348606,11.760055867214238,9.181424998332231
C=CCN(Cc1ccc(N)cc1)C(=O)COC1CCCC1,-4.352,3.9910303181008278,8.260477468040209,6.409932136926256
COc1ccc(OC=CC=NNC(=S)NC(C)(C)C)c(OC)c1,-5.029,4.699311013329507,7.596561195699011,3.031424252723461
COCCN(CCOC)C(=O)c1c(Cl)cc(Cl)cc1[N+](=O)[O-],-4.535,12.8504892513865,12.003986254573938,2.896167985459407
C=CCNC(C(=O)O)C1CCC(C)CC1,-4.732,14.725389434578632,12.015292505802762,2.898215140392445
O=C(O)CCc1cccc(NS(=O)(=O)c2ccc(Oc3ccccc3)cc2)c1,-5.651,12.729795363634091,7.041355906357809,8.429783449175904
CC(C)(C)OC(=O)NC(=O)CCC(=O)N=Cc1ccccc1O,-5.279,6.112856288184763,7.81411255357894,3.1543313079002977
Cc1ccccc1SCC(=O)OC(=O)Cc1c(F)ccc(F)c1F,-4.518,4.400121475595872,7.225248023424524,8.153274495563116
CCN(CC)C(CC(=O)OC)c1cccs1,-4.024,12.366126232575827,12.36372605649284,2.8981913325382793
O=C(C=Cc1ccc(O)cc1)c1c(Cl)cccc1Cl,-5.473,12.48661227074822,12.894406578047708,2.98770965791524
CSCC(C)Nc1nnc(Cl)c(C(C)=O)c1Cl,-4.029,8.125361899632532,8.67821790461613,3.134100189847158
O=[N+]([O-])c1ccccc1C=Cc1nc2ccccc2o1,-5.415,4.279409538709751,8.146437319466713,4.650550612561914
C=CCN(CC=C)CC(C)(O)CN1CCOCC1,-4.035,12.908432747626646,12.767184066974206,3.170235322495792
C#CC(NC(=O)CC1Cc2ccccc2O1)C1CNC(C=C)C1,-6.062,12.990925794569069,13.052672140217114,3.083932067993716
CC(N)C(Cc1ccccc1)c1ccccc1,-4.878,12.686658582936644,12.151262074369066,3.142961183342868
Cn1cc(C(=O)C(=O)NC2NN(C3=C(CSCC(=O)NC4CCCC(P(=O)(O)C(C)(C)C)C4Cl)C(Cl)C3=O)C2C(=O)O)c2ccccc21,,,,
N#Cc1ccc(C(F)(F)F)c2[nH]c(Cn3ncc(C(=O)O)n3)nc12,-5.565,5.197241864681688,7.98607200067718,3.0740235848151842
CCCCCC1CCC(CCCCCCCC(O)CO)OC1,-4.87,4.355980945780181,8.304338263823313,2.9896625227607205
c1ccc(-n2c3ccccc3c3cc(-c4c5ccccc5c(-c5ccc6c7ccccc7c7ccccc7c6c5)c5ccccc45)ccc32)cc1,-8.284,5.0147329938891065,8.115197163347295,3.396543242769036
CCCCCN(CCCCC)C(=O)c1cccc(=O)n1C,-4.61,12.776809108693767,12.764728590925856,3.0353979969684373
CCOc1ccc(CN(C)CC(=O)Nc2cc(C)sc2C(=O)OC)cc1,-5.032,3.6189233205471476,8.566929146432809,8.694967337488968
COCCN(Cc1cc2ccc(C)cc2[nH]c1=O)S(=O)(=O)c1ccccc1C#N,-5.305,12.048459362092732,7.35427991036512,8.637480766982927
O=C1SC(=Cc2cc(Br)ccc2OCCOc2ccc(Cl)cc2)C(=O)N1Cc1ccc(Cl)cc1,-6.178,12.798712786839152,6.713316989387585,7.399411057645061
Cc1[nH]nc2c1C1(C(=O)N2)C2=NC(O)C(Nc3ccc4ccccc4n3)(c3ccccc32)C1(Cl)Cl,,,,
COc1ccc(C(C)=CC(=O)Nc2cc(-c3cc(C)no3)ccc2OC)cc1,-5.948,4.615639717308966,8.436488191184765,3.045719619400316
COc1ccc(C(C)NC(CCSC)C(=O)OCC(C)C)cc1,-4.677,4.712165744113846,7.652270578070276,3.5516107613306955
CCOC(=O)c1ccc(N(C)CCc2c(OC)cc3oc(-c4ccccc4)cc(=O)c3c2OCC)cc1,-5.474,4.418712595315518,7.920222471622877,3.176493192185372
O=Cc1cccc2c(O)cc(OC3OC(CO)C(O)C(O)(O)C3O)c(O)c12,-6.317,4.971697798539247,7.749536502269021,2.902639660722632
CC1CCc2c(sc(NC(=O)CSc3nnc(Cc4ccc(Cl)cc4)n3C)c2C(N)=O)C1,-6.875,4.120939334666309,7.85699312714476,3.5536634618376572
C=CC1=CC=C(CCc2cccc(C3=CC=CCC3)n2)C1,-5.412,10.508237816113603,8.770693587168576,12.341320715385367
CCCC1CN(C(CN)c2ccccc2OC)CCO1,-4.611,12.55283852361688,12.83463926255818,3.330458827248882
CC1CC(C(C)C)N(C(=O)c2ccccc2-n2cnc(C(F)(F)F)c2)C1,-5.171,4.881833569469569,7.673264754978808,5.446499793445327
CC(c1ccccc1)N1CCN(C(=O)c2ccc(Cl)c(N)c2)CC1,-5.267,3.663442097263173,7.753529131950172,3.8272635132689783
CC(=O)NCC1CN(c2ccc(OCCCN(C)c3cc(Cl)ccc3C)cc2)C(=O)O1,-4.236,6.7917709030855855,7.293471738479555,2.997011010990783
Cc1ccc(CN2CCC3(c4ccccc4)C(=O)N(C)CN3C2=O)cc1,-5.315,4.520922361642588,8.041630182991506,8.87090361800871
COc1ccc(Cl)cc1CC(=O)NCC(c1ccccc1)N1CCCC1,-5.226,4.476351527751143,7.208939242357365,3.791966640148618
CC(=O)N1CCCC1C(=O)N1CCN(c2cccc(C(F)(F)F)c2)CC1,-5.541,4.057750238740674,8.067931643240415,3.136977844996678
OCc1cc(F)cc(I)c1F,-4.443,14.05454186375351,13.276456831549599,2.876076146418937
Cc1ccc(Cl)cc1N(CCCC(=O)NCCSc1ccc(Cl)cc1)S(C)(=O)=O,-4.494,3.676871904214233,7.509383529957702,10.717125127570359
Cc1ccnc(NS(=O)(=O)c2ccoc2C(=O)O)c1,-5.541,12.766559207554714,12.933819002908614,2.981031029694256
CCC=CCC=CCC=CCC=CCC=CCCCCCCCCCCCCCC(=O)OCC(COC(=O)CCCCCCCCCCCCC)OC(=O)CCCCCC=CCC=CCC=CCC,,,,
CCCCOC(=O)CC1(CC)CCCCOC1=O,-3.007,8.179027020373512,8.229154877628686,2.95471842990157
CN(C)c1ncccc1C(=O)NCCC1CC=CCC1,-4.559,4.004076547719835,8.284609405397457,7.992305862515523
CC(CO)CNc1ccc(N(C)C)c([N+](=O)[O-])c1,-4.232,6.462249298812293,7.207887415879912,2.9944645598169966
CNC(=O)NCCC(=O)Nc1ccc(OC)nc1C,-5.486,12.609431152910902,12.344934750738863,2.920474105346597
CC(C)(C)C(=O)c1ccc(NC=CC(=O)c2ccccc2F)cc1,-5.794,3.4414598646504646,7.499893199239572,3.4735012595362624
CCCCCCC=CCCCCCC(O)CC(=O)NC(COC1OC(CO)C(O)C(O)C1OC(=O)CCCCCCCC=CCCCCCCCCC)C(O)CCCCCCCCCCCC,,,,
CCNC(=O)N1CCc2c(nc(C3CCCO3)n2C)C1,-4.386,6.168718748654374,8.407468227712787,3.0417608387248327
CCOC(=O)Cc1nc(SCCCN2CCC(c3ncccn3)CC2)n[nH]1,-5.272,5.034208676644225,8.385264992831175,2.995799392482749
CCC(N)c1ccc(N2CCCCCC2)cn1,-2.89,5.7519000339018405,8.740113672029672,3.717524041616946
CCC(CC)CN(C(NC(C)=O)c1coc2ccccc12)S(=O)(=O)c1ccc2c(c1)c1ccccc1n2CC,-5.079,5.481180985882513,7.100263164136945,5.371593525202741
C[N+]1(C)C(=O)CC(C(=O)O)C1(C1CCC1)C1CC1,-4.698,12.551979525158572,11.411949745770878,8.945482323497153
CCOCC(C)(N)C(=O)Cc1cc(C)nn1CC,-4.55,6.574762048926179,8.24935591425173,2.8814041715802388
Cc1cccc(C)c1Oc1cccc2c1NCC2=NCCNc1ccccc1,-5.948,4.430657964681995,8.35278935446118,3.090322151491653
Cc1ccccc1COc1ccc(OC(F)F)cc1,-5.195,12.49585155161504,8.473662962379375,8.559429069745248
COC(=O)c1c(C)n(-c2ccc(C)cc2)c2ccc(-c3cc(Cl)ccn3)cc12,-5.929,4.379914839354757,8.005771230805935,5.119652917923245
CCCCCCCOc1ccc(C=c2sc3n2C(c2ccc4ccccc4c2)C(C(=O)OC)=C(C)N=3)cc1OCC,-4.918,5.032174579642484,7.0291534340914765,8.057913936001054
Cc1cc(Br)cc(Br)c1NCC1CCC(C)(C)C1,-5.122,12.736858717910001,12.890606735138576,3.2644322630436062
CCC1CCC2(CC2C(=O)OC(F)(F)C(F)F)O1,-4.61,3.4673302409779194,7.517018358365236,10.00635123309191
CC(=O)CN1CCC(Oc2ccc(Nc3cccc(C)c3COc3cc4oc(C)cc4cn3)c(C)c2C)CC1,-6.688,4.5314091627219,8.805454105269074,3.065743139925457
CCNC(Cc1c(Br)cccc1OC)C1=CCCO1,-4.485,4.363270676911988,7.4786851117024575,6.593327308726603
O=C(COC1(CCN2CCN(c3ccc4c(c3)OCCO4)CCO2)CCCC1)OCc1ccccc1,,,,
CNc1ccccc1-c1[nH]nnc1N,-5.033,14.939531016735431,12.12918834877256,2.9520353995167468
COc1ccc(CNC(=O)C(=O)NCC(=O)N2CCN(CCN)CC2)cc1,-5.56,4.574020222954856,7.732353522699282,3.126727682418154
Cc1cc(C)cc(N2C(=O)C(=Cc3ccc(OCc4ccc(F)cc4)c([N+](=O)[O-])c3)SC2=S)c1,-6.002,11.765107139333667,7.163783637157114,8.65831346163905
CCC(NC(=O)CN(c1ccc(C(C)=O)cc1)S(=O)(=O)c1ccc(F)cc1)c1cc(C)c(C)cc1C,-5.904,3.5753183075077377,7.726025174693646,3.1823661008752593
CC(C)C(C)NC(=O)Nc1ccccc1C(=O)O,-5.973,12.983953404106163,12.776049193706166,3.089861647388116
CCOCCN1CCc2cc3c(=O)n(Cc4ccc(OC)cc4)cnc3nc21,-5.13,4.646738856445453,8.113726763947623,3.5829958135616047
CNC(=O)c1ccc2c(c1)C(=O)C(C(C)C)=C(CCCC(=O)N1CCN(CCCN3C(=O)c4ccccc4C3=O)CC1)C2=O,,,,
C=CSSC(C)=O,-2.837,12.634454558864027,11.663715574378518,8.983904051135008
NC(Nc1ncccn1)c1cccc(Oc2ncc(C(F)(F)F)cc2Cl)c1,-6.162,3.3697956911361846,7.3854254447526575,3.1161575698285864
CCCCOC(=O)C1=C(C)N=C2C(C(=O)OC)C1C=CC=CN2CCCC,-3.279,6.040126571521494,7.747560325676722,3.0892932848792465
O=C(NC1C=Cc2ncccc2C1)c1ccc2ocnc2c1,-5.28,13.524224118225785,7.279318443370919,8.19588896947732
CN(C(=O)OCc1ccccc1)c1ccc(CC(C(=O)O)N(C)C2CCCN(C(=O)OC(C)(C)C)C2)cc1,,,,
Cc1cn2cc(NC(=O)NS(=O)(=O)c3c(Cl)cccc3Cl)ccc2n1,-6.135,3.54097980790628,7.483039890311957,9.653452750182185
O=C(O)C1CCCN(C(=O)NCc2ccc(Br)s2)C1,-5.443,4.645724378393536,7.39832758128484,2.9531918325770854
CC1CN(Cc2ccccc2CN=C(N)NC(C)(C)C)CCO1,-4.613,8.1636030035763,8.396981600551475,3.224546789860555
CCCCCCCCCCCCC(CC(CCCCCCCCCC)C(NC)C(O)CS)C(C)C,,,,
CC1NCCC1Nc1ncc(-c2cccnc2)cn1,-5.117,12.850851917285484,12.668901254647144,3.060811820416276
CCCCCC(O)C=CC1C(O)CC(O)C1CCCCCCC(=O)O,-4.953,3.5943596091654486,7.754668529344112,3.055630540494056
CCCN(CCN(C)C)c1nc(C)nc(NN)c1CC,-3.843,13.667861061629212,12.517942562577925,2.9156457260785302
O=C(c1ccc2c(c1)CCCC2)N1CCCN(S(=O)(=O)c2ccc(NCc3ccccc3)c([N+](=O)[O-])c2)CC1,,,,
OCCCSc1ccc2c(c1)CNCC2,-4.997,12.240113316468928,13.06708395167032,2.806218273762752
CCC(C)(CSC)NCCCO,-3.627,13.888897904441519,11.870799046399531,2.9061939026844024
Cc1ccccc1NC(=O)c1cc(F)ccc1Nc1ncnc2c1ncn2C,-5.853,13.070420421700291,6.650287888505278,7.307884303955557
CCCCOC(=O)C(CCCC)NP(CCC(=O)OCc1ccccc1)Oc1ccccc1,-4.463,3.9588029756480676,7.693751945572459,5.95522585633828
Cc1[nH]cnc1CN1CCC(c2nc3ccccc3n2C2CC2)CC1,-5.443,14.390066747586683,7.847198927005738,6.643754586075557
Cc1ccc(-c2nc3c(-c4cc5ccccc5oc4=O)onc3n2C)cc1C,-7.216,4.481865013585304,8.329109015975238,3.3367867777249427
CC(Cc1ccccc1)N1CCCC(=O)NC1=O,-3.864,5.458680243428808,8.264737140405614,3.7967663873354125
O=C(c1ccccc1)N1CCN2c3ccccc3OCC2C(=Cc2ccccc2)C1,-4.611,3.869569226671103,7.940102833087239,5.537267286306487
CCOC(=O)c1c(CNC(C)COCc2ccccc2)oc2ccccc12,-5.076,4.5226807316015565,7.705748698212263,5.493512264480712
O=C1NC2(CCCCC2c2cccnc2)C(=O)N1c1ccc(F)cc1,-5.717,12.717211958601618,6.82808325959782,8.171754523968522
COCCN1C(=S)NC(=O)C1C(NC(=S)NC(C)C)c1cc(C)n(-c2cccc(Br)c2)c1C,-4.741,5.953839853405531,7.52942587452722,3.7233866304750043
CC1COCCN1S(=O)(=O)NCCCCCBr,-3.972,12.784025578822972,13.10635014029459,3.2635420941057287
CCCCOC(=O)N1CCN(C(=O)C(CCC(=O)O)N(C)C(=O)OCC2c3ccccc3-c3ccccc32)CC1,,,,
OC1(CNCCc2ccc(Br)s2)CCOCC1,-4.929,7.073813540092785,7.847065693620768,2.995421339311049
O=C(Nc1ccc(OC(F)(F)F)c(Cl)c1)C1CCCN1S(=O)(=O)c1ccc(Cl)cc1,-5.675,10.467353724795968,8.708385958373686,12.100649610661403
COc1cc(CNCCC(C)(C)O)cc(-c2ccc(S(=O)(=O)NC(C(=O)c3nccs3)C(C)C)cc2)c1,-5.716,4.518401597910482,7.43714474781821,5.424148781145296
COCCN(Cc1cccs1)Cc1cc(Cl)ccc1F,-4.586,12.858940936173555,12.516896540277067,3.103976320785969
CNCC(Cc1cc2ccc(C)cc2[nH]c1=O)CN(C)C,-5.013,5.006796480784894,7.903427674117097,5.807862085139419
CCCCC(C)=NC,-3.28,12.694806733463887,11.770198171653696,8.850542864706096
Cc1cc(-c2cc(C(N)=O)n(C3CS(=O)(=O)CC3O)n2)cc(C)c1F,-5.654,4.63949878758471,7.633876734661098,4.5291594142842895
CC(O)c1cnc(N2CCC(C(C)O)CC2)s1,-4.55,4.341926415774454,8.13984330316008,2.877166835621459
CC(C)(C)OC(=O)NCCCCC(N)(C(=O)O)C(=O)O,-4.858,4.706157030954237,7.675660818457262,2.973855073805717
CCOc1ccc(-n2[nH]c(NC(=O)OC)nc2=O)cc1,-4.777,6.154306947171224,9.262042701261963,3.0664807190002032
CCn1c(=O)n(Cc2ccc(Cl)cc2)c2cccc(N)c21,-4.688,13.513510350756388,10.68190774159747,9.168761094062818
COc1ccc(C(CNC(=O)c2ccc(Cl)c(Br)c2)N2CCCC2)cc1OC,-5.388,4.594075097340051,8.072790038146662,5.519185718926298
CC(C)CC(N)C(=O)NC(CC(N)=O)C(Cc1cnc[nH]1)NC(=O)C(C)N,-5.533,12.615964727281066,12.08150628026158,2.749310640869816
CC1=C(C2c3cccc(c3)-c3ccccc32)C(C)N(c2ccc(F)cc2)C(=O)C2C(=N1)C(=O)NC2CC(=O)NC1CCCCC1,,,,
ClC1CC2C1C1C(Br)C2C2(Cl)C(Cl)C(Cl)C12Cl,-4.686,13.34254930663552,12.951754977608248,3.2318763899629577
Cc1cn(C)c(C=CC(=O)O)c1C,-4.471,13.620659638945538,12.650638916671362,2.7031265231209587
NC1CC(COCc2ccccc2)C(=O)N(Cc2ccccc2)C1,-4.998,4.383543087503533,8.348982333194867,10.765393676034334
CCCCCCC=CCCCC(=O)NC(COC1OC(CO)C(O)C(OC2OC(CO)C(O)C(O)C2O)C1O)C(O)CCCCCCCCCCCCCCCCCCCCCCCCCCCC,,,,
COCc1ccc(C2SC(=NN=Cc3cc([N+](=O)[O-])cc(OC)c3OC)NC2=O)o1,-5.304,7.603816081415962,7.77446647687158,3.074632498364642
CN=C(N)N(CC1CC1)C1CCCc2ccccc21,-4.223,13.018842652094694,11.981651513877376,8.929613205508959
CN(CC(=O)Nc1ccccc1N1CCCC1)Cc1ccc(C#N)cc1,-4.921,13.016994046245854,7.280635480505805,7.133949537247934
O=C1CC(C(=O)N2CCN(c3ccccc3)CC2)CN1Cc1cccc2ccccc12,-6.324,3.9329628780348287,8.529571208448875,5.090385054197766
O=C(c1n[nH]c(=O)c2ccccc12)N1CCN(c2cccc(Cl)c2)CC1,-6.054,4.89764770068244,7.5345410610069665,4.175442731016676
CN(c1ccc(NS(=O)(=O)c2ccc(Br)cc2)cc1)S(C)(=O)=O,-5.646,4.55601152325145,7.98813726722319,3.1683442047858383
CCCN(Cc1ccncc1)CC1CN(C(=O)OC)c2ccccc2O1,-4.974,4.461149963854612,7.866947629163422,5.223026708719764
CCCC(CC(=O)O)Nc1cccc(CC#N)c1,-5.076,12.65165301452739,12.173569115095212,3.0319605868150727
N#CC1Cc2ccccc2CN1Cc1ccccc1,18.02,13.455047045625667,13.168463843592386,3.2115613025442933
CN(C)c1ccc(C=C2SC(=S)NC2=O)cc1,-4.148,12.603281913850854,7.326621322274,7.982108493374417
Clc1cccnc1N1CCN(c2ccccc2)CC1,-4.909,4.971836883889091,8.123012126052748,5.71696221782163
CC=CC=C(COCCCCN1CCC2SC(Nc3ccc(OC)c(Cl)c3)=NC2C1)NC=CC,-4.974,4.166778731826302,8.450579270085573,3.4176187616526224
Cc1cccc(NC(=O)C(Nc2ccccc2N)C(C)C)c1C,-5.176,13.261456556502381,7.501299954007972,7.5379059426342
CN1CCN(CC2(C)CCN(C)C2)CC1,-4.3,12.915198101461703,12.695131153320158,3.0802714166125034
Cc1ccc(-c2nc(C(=O)Nc3cccc(NC(N)=O)c3)c(C)o2)cc1,-6.37,4.481679372735181,8.416445211608046,3.114252398249056
CC(C)Cc1ccc2nc(Nc3ccc(N)cc3OC(C)C)ncc2c1,-5.459,4.699585513638409,8.352267835743774,4.4486954267515335
COCc1cc(I)c(O)c(C=Cc2ccccn2)c1,-4.92,13.191114698917602,7.370657026344394,8.166771271438916
O=S(=O)(Nc1ccc(CCNC2CC2)cc1)c1ccc(F)cc1Cl,-5.567,12.228062561174605,12.48318989681724,3.0402488384999025
S=C(Nc1ccccc1Cl)NC1CC2C=CC1C2,-4.837,14.977059457717326,8.635195539187286,9.03904607798854
COc1ccc(S(=O)(=O)N2CCN(Cc3cn4cc(Cl)ccc4n3)CC2)cc1,-5.662,4.202425728076583,8.166315509457124,3.5214880377476785
CC(O)c1ccnc(C2CCC2)n1,-4.885,12.697521214788342,12.98358567576769,3.171950346395732
CCNC(=NCc1cnns1)N(C)CC1CCOCC1,-4.068,5.278559367857863,8.216092562769726,2.8184877150699115
Cc1c(C=CC(=O)Nc2ccccc2N2CCCN(Cc3nc(C(=O)N4CCCCC4)cs3)CC2)cnn1-c1ccccc1,,,,
O=CCC(CC(=O)ON1C(=O)CCC1=O)(C(=O)O)C(=O)CCc1ccccc1,-5.218,4.951531177322828,7.87121693259689,3.4635774857796955
CC(C)C1C(=O)C(C)(c2cccnc2)C(=O)N1CC1CCCO1,-4.98,12.758035311128435,11.901176958603717,2.9684386468310233
O=C(NCCCN1C(=O)C(=Cc2ccccc2Br)SC1=S)OCc1ccccc1,-5.271,5.419713830083651,7.715427207873845,6.309785733287621
COc1cc(C=NNC(=O)C(c2ccccc2)c2ccccc2)cc(O)c1O,-6.099,4.836554455394873,7.549957019745211,2.851808198319095
CNC(CCN(CCC(C)C)C1CC1)c1ccccc1,-4.182,13.043813744453727,7.259326139525623,7.76973365051853
CC(=Cc1ccco1)C(=O)N(C(OC(=O)C(C)(CCl)CON1C(=O)CC(C)C1=O)C(Cl)(Cl)Cl)S(=O)(=O)c1ccc(C)cc1,,,,
CCC1(O)C=CC(c2csc(-c3ccc(-c4cccs4)cc3)n2)=CC1,-6.316,5.105406056328918,8.36139761044767,3.1894711160316223
CCCn1c(CNC(C)(C)C)nc2ccc(C(=O)O)cc21,-5.24,4.539560441276226,8.122316726156397,2.807286768393995
COc1ccc(Cn2ccnc2CN(CCO)C(C)C)cn1,-4.459,12.491565674486125,12.389972114577175,2.9139270752714457
C=CCN(CC=C)Cc1onc(C)c1NC(=O)OC(C)(C)C,-4.464,8.290017430620999,8.202496997865953,3.084385514166477
O=C(c1cccnc1N1CCCCC1)N1CCC2(CCNC2)C1,-4.942,7.322281201920616,8.061980773978563,3.1191776159750817
NN=C(N)c1c(-c2ccc(F)cc2)c(-c2cnc3ccnn3c2)c(N)[nH]c1=O,-5.114,14.43768908101293,7.380140987813173,7.296297691295223
c1cc(CN2CCOCC2)no1,-4.148,12.1971885695024,12.661207406878697,2.9782420989570335
COCCCN(CC=NN(N)c1ccccn1)C(=O)c1cccs1,-4.797,5.433024387944526,7.200987223985333,3.067757813126714
COCCNCc1c(C)nn(-c2ccccc2C)c1C,-4.864,12.645344004810624,13.026110739587622,3.4153443457431933
CN(c1ccccc1-c1ccc2c(c1)CCc1nnc(-c3ccoc3)n1N2)S(C)(=O)=O,-4.991,5.948598742561142,8.497011239253482,3.0382402801621877
CC(C)(C)C(N)C(=O)N1CCCC1c1ccccc1F,-5.208,14.353168395862985,12.31990945583611,3.072429169240521
C=CCC(NC(=O)N1CCCCC1)C(=O)c1cccc(N)c1,-5.317,12.506122140775693,12.171210868274365,3.132960740258327
CC(=O)Nc1ccc(CCNS(=O)(=O)c2ccccc2Cl)cc1,-4.547,13.581401437259707,11.468432368898549,9.301668721256418
CN1CCC(CO)C(C(=O)O)C1CC(=O)O,-4.439,6.508416935015764,7.229686646044903,3.1563781459134455
CCC=CC1C(C(=O)O)=C(C)NC1(C(=O)O)C1CC1,-4.988,7.115090582698156,8.046995029201895,2.998116241909243
O=C(CN1C(=O)CCC1=O)OCC1CCCO1,-5.13,12.733008324822535,12.0229305911662,3.085766355380783
Cc1cccc(NC(=O)CSc2nnc(C(C)(C)C)n2CC2CCC2)c1,-5.042,3.648284254276248,8.982552755202722,10.00797931652539
CCOC(=O)c1cnn(-c2nc3ncccc3[nH]2)c1C,-4.608,7.837677334516903,8.476468132424023,2.985925317217429
O=C(NC1(C(Br)(Br)C(=O)O)N=C(c2ccccc2)OC1=O)c1ccccc1,-5.889,10.219797551810897,8.62958428894463,12.405416599211813
O=C(Oc1ccc(N(CCCl)CCCl)cc1)c1cc([N+](=O)[O-])cc([N+](=O)[O-])c1,-4.772,12.143812457379273,8.28946041669782,8.473352170186248
CCN(CCNC(=O)c1ccccc1[N+](=O)[O-])c1nc2ncc(Br)c(N)c2n(C)c1=O,-5.407,4.645945651856035,7.8804763815393795,3.013095750221024
Cc1nn(-c2ccc(F)cc2)c2[nH]c(=O)n(C3CCCC(OCc4ccccc4Cl)C3)c(=O)c12,-6.637,10.857380439129873,7.717634222998651,8.88884075681413
CCOc1cc(C2C(=C(O)c3ccc(N)cc3)C(=O)C(=O)N2c2cc(C)on2)ccc1OC,-5.939,13.449808548823288,6.833979514163033,7.11017320464136
CC(C)(C)OC(=O)NCC=Cc1cc(Br)ccc1OCc1ccccc1,-5.217,4.338225097894298,7.9289647495748135,4.693080970961399
COc1ccc(C2c3c(n[nH]c3-c3cc(OC)c(OC)c(OC)c3)Oc3n[nH]c(-c4cccc5ccccc45)c32)cc1,-5.72,3.4904105775682037,7.910303028329572,7.588720379616051
Cc1cnc(N2CCCC(c3nc(C)c(CC(N)=O)c(C)n3)C2)nc1,-5.612,4.525347389980132,8.011758171587557,2.9267616916995483
Cc1cc(C(=O)OCCOCC(=O)O)ccc1NC(=O)Cn1c[n+](C)cn1,-5.366,3.7014625487771724,7.997785568518326,2.9598420565969397
CC(=O)CC(CCCN=C(N)N)NC(=O)CCNC(=O)C(CCCN)NC(=O)C(Cc1cnc[nH]1)NC(=O)CCCCC(=O)O,,,,
Cc1cccc(Oc2ccc(NC(=O)CNc3cc4ccccc4c4ccccc34)cc2)c1,-7.155,5.406966894664696,8.441194524473417,3.5632632515715135
Nc1ncnc2cnc(OCCCP(=O)(O)O)nc12,-5.39,12.547122937151768,12.196442514110416,2.7862392216032
CC(=O)Oc1c(O)cccc1NC(=S)Nc1ccccc1F,-4.866,11.184953330255787,8.919402950870646,12.52771958498433
O=C1C=CC(=Cc2ccccc2)C2CC(=O)C(Cl)=C12,-5.23,12.09347815973552,12.806264326492718,3.122056213459328
O=C(NC1CC1)c1cccc(NC(=O)C2CCCN(c3ncnc4c3CCCC4)C2)c1,-6.576,6.4613005656756135,7.1157237860951295,3.3160621224579026
CCSSn1ccc2cc(-c3cccc4c(C)c(-c5ccccc5)oc34)c(OC)cc21,-5.255,4.684346485903877,7.647925078084905,5.853738121918335
C=CCSc1nnc(CN)n1-c1ccccc1,-4.401,13.840335689570539,11.694193644711037,2.8771433749467543
COCCCN(CCO)C(=O)N1CCCC1,-3.69,6.7289323818864455,8.162741696268478,3.0111476217548683
CCNC(C)C1CCN(Cc2nnc(C)o2)C1,-4.904,12.32853178606439,12.599124731504169,3.046174978559177
CN(C)Cc1ccc(OCCN2CCOCC2)cc1,-4.164,4.225356789668773,8.033222329800166,6.470265914164579
CC(C)(O)C1CCC2C3CC(O)C4=CC(C)(C5(O)C=CCC5)C(=O)CC4(C)C3CCC21C,-5.782,4.4685264909139795,8.114665920418412,3.114321113822401
Cc1cc(C(=O)NCc2ccc(F)cc2)c(-c2ccccc2)s1,-5.402,4.515254810085472,7.147357973405278,8.589767284391353
COc1ccc(NC(=O)C(Cc2ccccc2)NC(=O)c2cccc(Cl)c2)cc1Cl,-6.316,10.626591222024116,7.828712090759246,7.991826449567084
CC1CCc2c(sc(NC(=O)c3ccc(CSc4nc5cccnc5o4)cc3)c2C#N)C1,-6.815,3.826032148322854,8.243866750500036,3.581299624438035
CC(=O)c1ccc(OCC(=O)NC(C)CC(C)c2ccccc2)cc1,-5.338,4.392618012074349,7.3042416444145655,7.685550468248842
CN1C(=O)CCC2(CCO)C3CCC4(O)CCC(c5ccoc5)C4(C)C3CCC12,-5.06,4.933712091316232,7.4834559529671845,5.198359452750454
CN1CCN(NC(=O)Cn2nc(-c3ccccc3)c3c(N)c4ccccc4nc32)CC1,-6.345,5.289518125500658,8.670473458814113,5.4636993877774795
CCOC1CC(NCCc2ccc(F)cc2)C1,-4.66,12.748418450929512,13.08502434082566,3.1411318023922528
Cc1[nH]c(=O)sc1Cc1ccnc(C#N)c1,-5.398,13.071273618129183,12.104610774411542,3.0476768201369384
Nc1ccc(Br)c(C(=O)OCC(=O)Nc2ccc3c(c2)CCC3)c1,-5.845,12.627661462044347,8.438937907106556,8.656454123947055
Cc1ccc(NS(=O)(=O)c2cc(F)ccc2F)c(Br)c1,-5.77,13.017763978502606,12.901533978562396,3.2629583202977015
CC(C(=O)Nc1ccc(Cl)cc1Br)n1cncn1,-5.368,12.851954676235051,12.096740759394656,3.1344450864546984
O=C(O)C(c1ccc(Br)cc1)N1CCCCC1=O,-4.653,12.872036785217793,12.146723220687957,3.1889713074908648
CCCCCCCCCCCCCCCCOC(=O)N1CCC(F)(F)C(c2ccc(C)cc2)C1,,,,
C=CCCc1c(-c2cccc(N(CC)c3nc(C=C)nc4ccc(C=C)cc34)c2)c2ccccc2n1-c1ccccc1,-5.809,4.407082595096217,7.9472014571168375,5.419638087547913
C=CC=C1C=CC=CC1,-3.848,12.606838580706901,11.660417917038822,9.00902242199452
CN(Cc1ccc(C(=O)Nc2[nH]ncc2Cc2c(Cl)cccc2Cl)cc1)C1CC1,-5.46,6.404413009792544,8.19880710835424,3.220861530708825
CCC(=O)NC(C)=CC(=O)c1ccccc1,-4.642,3.233955318182365,7.441679985057137,10.465572225158068
COc1ccc(C=Cc2ccc(CC(C#N)=Cc3ccc4c(c3)OCO4)s2)cc1,-5.345,4.278695361906476,8.372909350996222,9.643592950762699
CCc1c(C#N)c(Br)nn1CCCSc1nnc(-c2cnccn2)o1,-4.807,3.731583176079558,7.415527290759572,4.503828149474623
OC1CCN(Cc2c(C3CCCC3)nc3ccccn23)CC1O,-5.723,4.785128838390875,8.057575131514442,4.192977581623826
CC(CC(=O)O)NC(=O)N(C)Cc1ncn[nH]1,-5.267,12.668267048021999,12.25329869871783,2.9197275557832456
CC(=O)N(Cc1cccnc1)C(C(F)F)C1CCCC1,-4.361,12.960039583272884,12.552280948098636,3.2825895265780645
O=C(CSc1nncn1-c1ccccc1)NCC1CCOC1,-5.343,12.713473876167757,12.16414481169967,2.9183640965445012
c1ccc(-c2nc(-c3ccc(-c4cccc(N(c5ccccc5)c5ccccc5)c4)cc3)nc(-c3cccc(-n4c5ccccc5c5ccccc54)c3)n2)cc1,-8.558,11.387642820180128,7.7823225967573455,6.901552361606771
Cc1sc2ncn(CC(=O)N(C)c3ccccc3Cl)c(=O)c2c1C,-5.211,4.337156441725385,8.1218585927114,5.420753453164975
COc1cc(C=Nn2c(C(C)C)nc3ccc(Br)cc3c2=O)ccc1OCc1ccc(F)cc1,-5.758,4.335244514442063,7.830614662975059,2.960447263505972
COc1ccc(C(O)CC(=O)O)cc1OC,-5.119,12.83651066294887,11.92785533949838,2.8490287818833986
CCC1C(=O)CCC1(C)C(=O)O,-4.532,14.933127000062647,12.971208309174592,2.978029046198173
CCC(CC)NCc1ccc(CO)o1,-4.311,12.907897659959968,13.092738903682454,2.880922768836403
CC1(C)OB(c2ccc(CCN3CCCCC3)cc2)OC1(C)C,,,,
CCOCCn1c(=NC(=O)c2ccc(Cl)cc2)sc2cccc(S(N)(=O)=O)c21,-5.4,4.5146451687812625,7.919199075664155,4.366831574494258
CC1CCc2c(sc3ncn(N=Cc4ccc(Cl)cc4Cl)c(=O)c23)C1,-6.124,12.721371859984284,7.439372419767678,7.741835312120763
Cc1ccc(S(=O)(=O)N(CCCl)CCCl)cc1,-4.359,12.556605074621086,12.4364051477909,3.3562176627864884
CC(C)(C)OC(=O)C1CCC1(N)c1ccc([N+](=O)[O-])c(F)c1,-5.637,12.78073804598154,8.648937217947648,9.171744163462039
Cc1c(C(=O)COC(C)C(=O)NC2CC2)cnn1-c1ccc(Cl)cc1,-5.649,4.480045312270848,8.10982435074891,3.2210783908498724
COCc1cccc(C(CNC(=O)CC(C)C)N(C)C)c1,-4.235,4.531591552644611,8.087749006985812,3.7138675259088068
c1ccc(-c2ccc(-c3nc(-c4ccc(-c5ccccc5)cc4)nc(-c4ccc5ccc(N(c6ccccc6)c6ccc(-c7ccccc7)cc6)cc5c4)n3)cc2)cc1,-8.567,4.934262457551281,8.628395795279678,3.523657900534615
CCc1noc(CCC(=O)N2CC(CO)CC2c2cn[nH]c2)n1,-6.212,12.406996211815333,12.164389339379106,2.780677795070835
COc1cc(C(=O)N2CCC(OCC(=O)C3CC3)CC2)cc2c1OC(C)(C)C=C2,-5.382,12.408470091030562,7.140460069211226,9.3378895902661
COc1ccc(CN2CC(C(=O)NCCOc3ccc(C)cc3)CC2=O)cc1,-5.194,4.115798828903084,7.9775243026894005,9.502836523901694
CCCC(NC(=O)OC)C(=O)NC(CC(C)C)C(=O)OC,-4.28,7.048003050510123,7.3905405079736886,2.9624444298585586
COC(=O)C(C)n1nc2c(nc(N)c3[nH]cnc32)c1C,-5.125,5.855521667622792,8.271235034745416,2.8052012405529845
COc1ccc(C#N)nc1Nc1cccc(CC(=O)O)c1,-5.322,12.407500674994944,8.066981963535062,8.467204379250568
CC(NC1CNCc2ccccc21)c1ccc[nH]1,-5.882,12.636376893714433,12.327789501772004,3.186888294245658
Nc1cc2nonc2cc1NCc1ccc(Cl)s1,-5.143,12.693412661691891,12.09311233719426,2.9377836884290858
CC(=O)Nc1cccc(NC(=O)c2cnn(-c3ccc(-c4nc5c(o4)CCCC5)cc3)c2C(F)(F)F)c1,-6.896,11.458101326136019,7.342432975519763,9.42989448509367
CCCN1CCN(c2cnccc2CNC)CC1,-4.578,12.485358344877412,12.353729841630825,2.8854306437687947
C=CCCC(=O)N1CCN(CCOCc2ccccc2)C(C2CCC2)C1,-4.511,4.515392120292543,8.43669994725426,3.651955503562442
COc1ccc(NC(=O)CSc2nncn2N)c(OC)c1,-5.012,5.202524098935053,7.4012870502366,3.1900727264437094
CCn1c(C(C)C)nc2ccc(Br)cc2c1=O,-4.733,12.605727825080153,13.00427568148261,3.305249309810078
c1cc(CNCC2(C3CC3)CC2)c2c(c1)OCCO2,-4.382,11.883716253765064,7.337099290591616,7.976996552587947
CCOc1cc(C(=O)Nc2ccc(CCC(=O)N(C)C)cc2)cc(OCC)c1OCC,-5.3,10.074035636228412,7.277556389338389,9.466735498576055
CCCCCCCCCC(=O)OC(COC(=O)CCCCCCC)COP(=O)(O)OC1C(O)C(O)C(O)C(O)C1O,,,,
COC(CO)C(O)C(OC1=CC(O)C(O)C(=O)C1CO)=C(Cl)Cl,-5.205,12.694046951228753,11.898870114426833,2.8306389738007924
COCCN(C)c1ccc(NC(=O)OCC2c3ccccc3-c3ccccc32)cn1,-5.681,3.7763065288718285,8.24988115065908,3.7562752827768096
COc1ccc(C=NNC(=O)c2ccc(N)cc2)cc1,-5.263,4.491696004851619,7.932771898901417,3.6538600137388952
Nn1c(SC2CCCCC2)nc2scc(-c3ccccc3)c2c1=O,-5.424,4.218734525897547,7.955668985069703,3.566058187971699
CC(=O)[N+]1(C)c2ccc(I)cc2C(C)(C)c2c(Cl)ccc(C)c21,-5.062,11.32038767004028,9.0378639069196,12.509227873853765
Cc1cc(C)c(NCCCOC(C)(C)C)c(C)c1,-4.585,12.79641297395485,8.501307487675057,9.122193760274993
COc1cc2[nH]cc(CC3CCc4ccccc43)c2cc1OCCF,-5.282,13.30638151414576,8.445051154374376,8.662374847580772
CC(C)CCC(=O)NCC(=O)N(C)CC(F)(F)F,-4.017,12.813770171186933,12.519524511737655,2.823298956894221
CC1(C#N)CCCC2(C)C3=C(F)C=CC4=C(CC5OC(O4)C(O)C(O)C5O)C3CCC12,-4.224,4.175660666289827,8.35041466036268,3.038611854120233
CC(C)CC1C(=O)N(c2ccc(-c3cn[nH]c3C(F)(F)F)cn2)c2cc(F)c(F)cc2C(=O)N1CC(F)(F)F,,,,
CNCc1sc(Br)cc1Cc1ccccc1Cl,-4.848,12.068602611735958,12.915702884473612,3.0527115815287886
Nc1ncnc(Nc2cccc(O)c2)c1Br,-5.084,12.475358271408481,12.820299372479568,2.951507072666437
O=c1[nH]c(NCc2ccccn2)c(S(=O)(=O)c2ccc(Cl)cc2)c(=O)[nH]1,-6.136,12.598601708126186,12.158756063018947,2.9130976639996122
CCCCCCCCC1C(O)CC1COCc1ccccc1,-3.92,5.8246258248921015,8.120880370994268,2.992724845354146
Cc1ccc(CC2CC(c3nn[nH]n3)=C(C(C)C)C(=O)N2)cc1,-6.29,12.484078380080765,12.557478011129465,2.9673242155180817
CC(C)C(NC(=O)c1ccccc1)c1nc2ccccc2[nH]1,-6.057,12.083499534489171,12.748308672133728,3.001951698478842
CCC(NC(=O)Oc1ccc([N+](=O)[O-])cc1)C(=O)Nc1ccc(Oc2ccc(S(=O)(=O)Nc3cc(C)co3)cc2)cc1,-6.947,7.042847222537202,6.723148741475232,3.0020587935615133
CC(C)c1ccccc1C=Cc1nn(C)cc1-c1nc2sc(C(N)=O)nn2c1C#N,-6.249,4.760502074361485,8.079624619993183,2.9962291300900197
CCOC(=O)C(Cc1ccco1)C(C)=O,-4.253,12.712042597474255,12.64076611602319,2.8635638634401013
C=C(Cl)CNC(=O)CNC(=O)CC1=CCc2ccccc21,-5.705,12.52778982901613,12.274852096868623,2.8114005406558498
Cc1ccc(OC(F)(F)F)c(CN2CCN(CC#Cc3ccc(F)cc3)CC2)c1,-5.401,4.256873618044115,7.985466986970768,6.235942029878084
O=C(O)c1cccc(C2(CCO)CC2)c1,-4.566,12.427885499955332,12.213051052050835,3.0568756925985725
COc1cccc2cc(S(=O)(=O)N(c3ccc(SC)cc3)C3CCCCC3)[nH]c12,-5.608,6.178393399582126,8.405856708271918,2.8550182136021482
CN1CCCC(N(C)CCN2CCCNCC2)C1,-2.834,6.019351044755573,8.346166125832866,4.009034547119793
CCOc1ccc2c(NC(=O)c3ccccc3I)coc2c1,-5.488,3.57170351513112,7.635039096167091,9.702044990619246
Nc1nccc(CCCCCOc2ccccc2)n1,-4.935,12.395838414564786,8.341282455354213,8.562531518190166
CCC(C)(C)NCCNCC1CCCCO1,-4.161,4.247204256920074,7.406422213187687,4.132943866059639
Cc1noc(Oc2cccnc2)c1C(N)=S,-5.015,12.376055672143691,12.42624247308896,3.0318332737800744
COCCNC(=O)c1ccc(C)c(NC(=O)c2cnn3c2CCCC3)c1,-5.678,4.170364972037818,8.171702698948366,3.746038040383466
O=S(=O)(O)N1NN(c2cccc(C(F)(F)F)c2)[N+]([O-])=C1c1ccc(Cl)cc1,-6.045,12.59508936054048,7.4515677545064305,7.76779209299528
Cc1ccc(C(N)C(C)(N)CO)cc1,-4.683,15.241586301956893,13.115802720382767,2.7790741263953365
Cc1nc2nnc(-c3nc4cnccc4s3)n2c(=O)[nH]1,-5.336,12.791881370619414,11.931858069890037,3.025861364967007
O=C(NC(C1CC1)C1CCC(O)C1)c1csnn1,-5.689,12.465608849951936,12.426790575204846,2.9424816057199075
CN(c1ncccc1C(N)=NO)C1CCCCC1O,-4.601,8.38158177195689,8.15913904771821,2.772770816349595
O=C1c2ccc(Br)cc2C(=O)N1CCSc1ccc(Cl)cc1,-5.757,12.649319112110343,13.25589687648482,2.939396366603184
CCOc1cc(C=C(C#N)C(=O)Nc2ccc(Cl)cc2Cl)ccc1OCc1ccccc1[N+](=O)[O-],-5.85,3.662804526588882,7.70343280622347,2.977271401804007
CCC1(C)CCN(CC2CCCC(=O)C2)C1,-4.597,12.400185361517787,12.69956727609252,3.3233170176797757
CCC(=O)c1n[nH]c(CC)c1C,-4.255,13.338188407726141,13.076728681134286,3.0415545367459718
COc1cc(Br)cc(C(C)N2CCCCC2C)c1O,-5.198,13.305792347695796,12.821356987464315,3.0067301175862124
Cn1c(-c2cc(C(=O)O)no2)cc2ccccc21,-5.003,6.754457565193523,8.116684113602057,2.966118844550906
Cc1cccc(CN2CC(C(=O)O)c3cc(CO)ccc32)c1,-5.603,5.926614547952313,7.635965754244841,3.061405886190199
Cc1cc(NC(=O)c2cc3c(s2)CCC(C)C3)sc1C(=O)O,-5.578,5.560407539020858,7.883372438239867,3.070692918544608
COc1ccc(NC(=O)C(C)C)cc1S(=O)(=O)NCc1ccccn1,-5.462,4.434754671906891,8.541871047961331,3.9891803669425627
CNCc1c[nH]c(=O)c(-c2cc3c(nc2N)-c2ccc(Cl)cc2CO3)c1,-5.746,8.135153717048007,11.125963643658018,6.141775231966731
CCCCC1CC(=O)N(CCCNCC(O)COc2ccccc2)C1,-4.609,4.852464425423437,7.668189682056645,5.2122981495689595
Nc1ncnc(Nc2ccccc2)c1CCC(=O)O,-5.433,11.826173387871497,12.538623449166977,2.9535622559885204
Cc1ccoc1CN1C2CCC1CC(N)C2,-5.192,12.597240054869163,12.003655318277012,2.920567753023374
CCCOc1ccc(NC(=O)CN(c2cccc(C(F)(F)F)c2)S(=O)(=O)c2ccc(Cl)cc2)cc1,13.2,5.058459548123322,8.265134602654696,2.9856520225907106
COc1ccc(N2CCCN(Cc3ccccc3OC)C(C=O)C2)cc1,-3.923,6.151089415705156,8.374585482279107,3.16443928682476
Cc1nn(C2CC(N)C2)c(C)c1C=CC(=O)O,-4.424,6.024282529895157,8.160053492471725,2.7973846714386634
COc1cc(CF)c(CC(C)N)c(OC)c1,-4.09,13.171248460187819,12.758110753555952,3.2651399663720393
Cc1cc(Sc2nc(N)cc(C3CC3)n2)c2ccccc2n1,-4.95,4.259691068610493,8.206077869481863,5.504112099149145
COc1c(F)c(C=NOC(C)c2ccc(-c3ccccc3C#N)cc2)cc(O)c1C=O,-6.462,4.136079665577055,8.25577821892037,3.181919860713025
CCC(c1ccc(F)cc1)N(C)C(=O)CCc1ccc(NS(C)(=O)=O)cc1,-5.638,4.472521771886639,8.207474763896627,2.98934290438551
Cc1ccc(CN(C)c2ccnc(C(N)=NO)c2)cc1,-5.372,5.079331255194919,8.091977817567223,3.0229450871625176
Cc1cc(F)ccc1NC(=O)NC1CCN(C(=O)CCNC(=O)OC(C)(C)C)CC1,-5.669,4.497482184511684,7.294526235472732,2.9000077586103106
COCCCN(C)C(=O)COc1ccc(N)c(C)n1,-4.306,12.959340453896564,11.952211385346228,2.8868449906428983
Cc1cc(C)nc(NCCCN2CCCCCC2)n1,-3.062,6.183074720557725,8.563675145636948,3.297414896551539
CCN1CCCC1CN(C)C(=O)C1(C#N)CCCC(C)C1,-4.765,4.408427383999877,7.615822017353083,6.023477151944714
C=CCC(=CC=C(C)C=CC=C(C=C(C)c1c(O)c(CC=C=C(C)CC)cc(C(C)(C)C)c1O)CC)CCCC,-5.181,5.265902676654782,8.90053801744591,5.302456977666108
O=Cc1c(NC(=O)c2ccccc2C(F)(F)F)ncc2ccc(-c3ccc[nH]c3=O)cc12,-6.551,3.8763979413883702,7.798327705348114,5.845017108614824
C=CCCCN(C)C(=O)NC(CCO)CC(=O)O,-4.358,12.809567088703663,11.745156491081758,2.9378973773772294
Cn1cccc(-n2c(SCC(=O)Nc3ccccc3F)nnc2-c2ccco2)c1=O,-5.91,3.977779782743132,7.943552228065225,3.43266834984098
N#CCN1CCN(CCOc2ccc(C#N)cc2Cl)CC1,-5.394,4.359384474900097,8.199708348471914,3.084955429175599
CCCCCCCC1(C)C2CCCC(=C3C1CCC1(C)C(C(=O)OCC)CCC31)C2,-4.616,12.639789752998269,6.93099394026571,7.797438425534376
O=S(=O)(Nc1cc(C2CC2)[nH]n1)c1ccc(Cl)s1,-4.806,4.323799949118829,7.2167131715206745,3.7600397604280738
CCOC(=O)N1CC(S(=O)(=O)CC)CC1C(C)=O,-4.185,7.608579959493098,7.868612457098137,3.229414343189799
Cc1cc2c(cc1CN1CCC(c3ccccc3-c3ccn[nH]3)CC1)CCN2S(C)(=O)=O,-6.034,13.742833223174905,7.5469297730931615,8.081907509987973
CSc1cc(F)c(Cl)c(F)c1,-3.869,15.46498128029905,12.489343017148661,2.936046491457518
Cc1nc(C(C)NC(=O)Nc2ccc3ncccc3c2)no1,-5.915,11.432518445207075,7.931781704005728,10.75158048846773
O=C(c1ccc(Cl)c(Cl)c1)N(Cc1cccs1)C1CCS(=O)(=O)C1,-5.015,3.381485768120279,7.487304588435012,7.435607574368083
O=C(O)c1ccccc1OCc1ccc(I)cc1,-4.998,3.642660840649318,8.314823209184906,9.059749830983193
COC(=O)c1ccc(C(=O)OCC(=O)NC(C)c2ccccc2)cc1,-5.913,5.3267735074808655,7.697469389351283,3.0214185410167858
CC1(C2CC2)NC(=O)N(CCC2CC2)C1=O,-4.666,12.957461865658722,12.493497868891643,2.9830574919032316
COc1ccc([N+](=O)[O-])cc1N1C(=O)C(C)(C2CCS(=O)(=O)C2)NC1=S,-5.725,3.5177724485816304,7.137643098390392,3.024346045015352
CC(=CCl)CN(Cc1ccc(F)cc1)CC(C)(C)O,-4.708,13.733347916658923,12.009758906822402,3.0291269369242353
CCC(C)CC1CCC(CC)N1,-4.293,12.688347804186327,12.901755771987004,3.0836505962900533
CCOC(=O)CN(CC)c1ccc(N=Nc2cccc(F)c2)cc1,-5.086,4.894684259479869,8.322137345658264,3.1038701648103775
O=C1Cc2cnc(NCCCOCC3CCCO3)nc2N1,-4.322,7.714692087180148,8.22082435039212,3.388555444433512
CC(CN1CCCCC1)NCc1cc(Cl)ccc1OCc1ccccc1,-4.581,4.442934503230943,8.297247977492296,5.237274195609774
CC(C)NC(=O)NC1CC(C)OC(C)C1,-4.016,12.255559309962154,7.292165247716208,8.821025507275218
CCC1CCC(NC(=O)c2cc(C)ccc2F)CC1,-5.242,14.493092044142962,8.688122351808818,8.407775092139419
CNC(=O)c1cccn1C1CCN(C(=O)CCc2ccc(Cl)c(Cl)c2)CC1,-5.77,12.009566644971,7.282580723891772,8.852549067923881
Cc1ccccc1C(=O)NC(=Cc1ccc(N(C)C)cc1)C(=O)Nc1cc([N+](=O)[O-])ccc1N1CCCC1,-6.193,4.428172309203878,7.02714301832544,2.850992984908942
Cc1nc(NCCNC(=O)NC2CCCCC2)ccc1Br,-5.095,12.214898525980477,12.729418211371641,2.8818502736957035
COC(=O)NC1CCN(c2ccncc2NC(=O)c2ccc(-c3ccccn3)cc2)C1,-6.239,4.781153626479701,8.111840050198229,3.05203964587618
CCOC(=O)c1cc2c3c(nc(CC)n3Cc3ccc(-c4ccccc4C(F)(F)F)cc3)c(C(C)C)nn2c1,-5.971,12.880974574930269,7.47422296964708,8.55076990685634
N#Cc1ccc(OCCCCO)c(CN)c1,-4.407,12.516081575317413,12.442533905921254,3.037043792901248
CCOCCCNC(=O)Nc1ccc(-c2nc3ccccc3n2Cc2cccn2C)cc1,-5.088,4.564267411096769,7.96822451992914,2.9439091358260363
Cc1ccc(C=NC2=CC(N)=CCC2=N)cc1N,-5.191,12.729108570516633,12.670109746959573,3.1794258915722504
COc1cc2nc(CS(C)(=O)=O)nc(Nc3ccc(Cl)cc3)c2cc1OC,-5.322,12.58054696744144,12.234528760847311,2.9284936400818764
OCC(CO)(Cc1c[nH]c2ccccc12)c1ccccc1F,-4.799,7.619868634038253,8.290514398998411,2.811499422016657
COc1ccc(-c2cnc3c(COc4ccc(C(C)(C)O)cn4)cccc3c2)cc1F,-6.817,4.511034803678641,8.230399018273658,3.0577019148373505
N#Cc1cc(C(=O)O)c(C#N)cc1Nc1cccnc1,-5.29,6.9286596827958,8.049402586527773,2.935310205072029
NC(=O)c1ccc(NCC2COC(=O)N2c2cc(=O)n(CC=Cc3ccccc3)c(N)n2)cc1,-6.578,5.432902447127134,8.12967324066595,3.0622568474900995
O=C1CC(OC(c2ccccc2)(c2ccccc2)c2ccccc2)CC(OCc2ccccc2)C(CCCO)(COCC2OC(CO)C(O)C(O)C2O)C1,,,,
CC#CCC(=O)C1CCCCC1CC,-4.274,13.507682739833655,12.159475564348982,2.818363177448924
Cc1nc2cc3c(cc2cc1CC(=O)Nc1nnc(C)n1C)OCO3,-6.135,13.004184288143568,8.27092902883346,8.798597331393227
CCC(CO)NC(=O)c1cccc(C2CC2)c1,-5.182,12.72418453182757,12.226851516232623,3.017726793465571
Cc1ccc([N+](=O)[O-])cc1S(=O)(=O)Nc1ccc(C(=O)Nc2ccccc2C(F)(F)F)cc1,-6.556,4.136590987757914,7.7298846045720495,3.1044862699003843
Cc1cc(C)n2nc(N3CCCC3c3noc(C)n3)nc2n1,-5.539,8.047450838619644,8.050683325035212,2.7970495169016933
COc1ccc(C(=O)N2CCc3sccc3C2)cc1S(=O)(=O)Nc1ccc(Cl)cc1,-5.842,4.557201443868814,7.1549603073671895,3.462365376444261
CC1(OC2C(CO)OC(OC3C(N4C=CCC(NCCCOCCOCCN)=C4)OC(O)C3(F)F)C2O)CO1,,,,
CCc1ccc(C)cc1-n1nnc(CNc2ncn[nH]2)c1C,-5.545,4.788288733984199,7.367910762217468,3.1056393866642016
CC1(C)CCCN(CC(F)(F)F)C1C(=O)O,-4.786,12.953946811686391,11.88492970109626,2.9248078569369307
CON=C(C(=O)O)c1nsc(C(=O)NS(=O)(=O)O)n1,-5.321,12.448460868717866,12.127946982074088,3.0125354769695245
O=C(O)C1CCCN1C(=O)C1CCCOC1c1ccccc1,-5.147,7.085251865671396,8.157113582634485,3.058384377412362
O=C(CN1C(=O)C2(CC2)c2ccccc21)N1CCC2CNCC2C1,-6.103,4.011375948474538,7.351747615363302,3.2218238623487787
O=C(O)C1CCCN1C(=O)c1ccncc1,-4.793,12.79142310300148,12.168071128983426,2.824533589816202
Cc1cc(Br)ccc1CC1CCN(c2cncc(CO)n2)C1=O,-6.221,3.841153602760504,8.041015172227944,5.080118502554837
Cc1nc2nc3n(c(=O)c2c(=O)n1C)C(NCC(O)COC(C)(C)C)CC3,-5.909,6.3240708408429445,7.0887072164111835,2.977607260872393
COc1ccc(C=Cc2nc(SCC(=O)Nc3ccc(F)cc3)[nH]c(=O)c2C#N)c(OC)c1OC,-5.744,12.755214855109262,7.294787591150272,7.1121582518951305
O=C(C1CC1)N1CCc2c(ncnc2Nc2nccs2)C1,-4.93,3.742092195550504,8.218192136960537,3.500015714250437
CCC(C)(C)Nc1cc(N)ccn1,-4.057,13.234690551728061,13.081799035300918,2.9354607815469107
COC(=O)c1cc(C[S+]([O-])CC(=O)N(Cc2ccccn2)C(C)C23Cc4ccccc4CC2C3)c(C)o1,-5.781,4.174370970577483,8.22752490120814,2.911294900898911
O=C(C1CCN(c2ncccn2)CC1)N1CCOCC1,-4.848,4.661672017634875,8.072445478292188,3.456571422667266
COc1ccc(Cc2ncc(Cc3ccc(Cl)cc3)o2)cc1,-5.672,4.465647209531895,8.182276639175676,3.677247612005479
COC1OC(C)(C)N(C)C(C)C1(C)O,-4.941,14.554529054558929,12.043917718084925,2.9141911399220195
CC1CCC(N2Cc3ccccc3CC2C(=O)O)C1C,-5.211,8.086217409889496,8.173252779646546,3.017456047732925
COC(=O)CC1C[N+](C)(C)C(c2ccc([N+](=O)[O-])cc2)OC1c1ccc(Cl)cc1,-5.707,4.411575795563303,8.77253446844183,2.9577112773223835
CC(C)(NCC(O)COCc1ccccc1)C1CC1,-4.001,12.230589437962506,12.60975614355805,2.8135893445917084
CN(C(=O)c1nccnc1N)C1CCCc2ccccc21,-5.137,7.820850209536045,8.441213242182666,3.165015797748883
CC(C)n1ccc(C(=O)OCC(=O)Nc2cccc(Cl)c2Cl)n1,-5.008,3.702198671060212,8.057477645020183,5.275717581523864
O=C(Nc1ccccc1C(=O)NC1CCc2nccc(-c3cc(F)c(F)c(F)c3)c2C1)c1ccccc1F,-6.574,13.304888951058555,7.039983593730883,6.175643853073135
Cc1ccc(C)c(N(C(=O)CN2C(=O)c3ccc(Br)cc3C2=O)c2nc(-c3ccco3)cs2)c1,-6.225,4.4125318129164794,7.997074527600701,3.3087878445134558
CCOc1cc(C=C2SC(=O)N(Cc3ccc(C)cc3)C2=O)c(Cl)cc1O,-5.617,4.120304479040353,7.875462018192963,3.818625538069948
CCCCn1c2cnc(CC)cc2n2[nH]c(=O)c(-c3cc[nH]c3C)c12,-4.895,4.338839130458744,8.179529631953171,5.200101633622174
COc1cccc(C2Nc3ccc(S(=O)(=O)Nc4cc(C)cc(C)c4)cc3C3C4CCC(C4)C23)c1,-6.449,4.784194916597775,7.0464273216999835,3.2223589185564046
O=C(NCC1CCC(c2nc3ccccc3o2)CC1)c1cc2ccccc2[nH]1,-6.532,4.273517169732679,8.044121518226834,3.422878759173337
O=C(OCF)N1C2CCC1CN(c1ncccc1C(F)F)C2,-5.821,12.63007925549163,12.342743860260569,3.0006794230640503
CC1CCC(C)(CNc2cc(N)nc(C(C)(C)C)n2)CC1,-5.198,13.131587147028345,12.706262078203801,2.8436029962004192
CCCCC(=O)CN1CCc2ccc(O)cc2C1,-4.978,4.572700405668406,8.262976824365419,3.1782016927816272
Cc1cc([N+](=O)[O-])ccc1Oc1ccc(C2C(C#N)=C(N)Oc3n[nH]c(-c4ccccc4F)c32)cc1,-6.471,3.4249472988646117,7.654424733446662,2.9703477910844054
CN(CCNC(=O)OC(C)(C)C)c1ccc(C(=O)c2ccccc2O)cc1,-5.801,3.983971510942315,8.112745897660051,3.1277279293442386
CCOc1ccc(CCNC(=O)CN2C(=O)CNC2=O)cc1OC,-5.026,4.564435562038311,8.066060376664682,3.132674735748989
N=NCC(=O)C1C=CC=C1,-4.609,16.427800370104332,11.712574866356245,2.9823472299516034
Cc1cc(C(=O)NC(C(C)C)C(C)n2cccn2)n[nH]1,-5.023,12.224305379038926,11.97838290421541,2.984177106004266
Cc1nc(N2CCCCC2)sc1CNC(=O)NCc1cccc(C#N)c1,-6.26,12.565326696906851,8.417133359998521,8.986543773887712
Cc1cc(NC(=O)Nc2ccc(N3CCN(C(=O)CCCc4ccco4)CC3)cc2)no1,-5.76,4.551134034501731,8.276454192466723,2.892070884331849
COc1cccc(Nc2nc(-c3ccccc3)c3c(N)ncnn23)c1,-5.948,12.320379296109353,12.666252208131654,3.302895850613518
CC(NC(=O)C1CCCN1C(=O)CNC(=O)C(CCCN=C(N)N)NC(=O)C(C)NC(=O)CNC(=O)C(N)CS)C(=O)O,,,,
CSCCC(NC(C)=O)C(=O)N1CCN(C(=O)N2CCCCC2)CC1,-4.744,5.009400163692256,7.119141731978652,3.076410245724714
Cc1ccc(-c2cc(CO)on2)cc1,-4.811,12.8127683971888,13.599580361172913,2.802527787551802
CN(C)Cc1ccc(CNCc2ccc(Br)s2)o1,-4.471,13.215506989896378,8.560799495374248,9.073867422439012
COCc1c(OC)ccc(CCC=CC(N)=O)c1OC,-5.257,12.979352872928605,12.288258542201984,2.9440450064494597
CCC(C)SN,-3.001,8.567925186414737,8.320209973311972,2.982962621287769
CCC(CCc1ccccc1F)CNC,-4.63,12.423728305142543,12.899585342172825,2.941920461195374
O=C1NC(=O)N(c2cccc(C(F)(F)F)c2)C(=O)C1=Cc1ccc(N2CCN(Cc3ccccc3)CC2)o1,-7.341,4.761922825918119,7.997845334838627,3.0243541459293413
C=CCc1cccc(Oc2cncc(CNC(C)C)n2)c1,-5.584,12.418042921491292,12.632154764726403,3.096556958946501
O=C(CBr)Cc1ccc2[nH]ccc2c1,-4.624,13.918496111290185,12.110206315335837,2.7539709511902988
CC1(C)CCC2(C)CN(c3c(Cl)cccc3Cl)N=C2C1,-5.182,13.885777904028279,7.30907278661254,7.978441451812503
O=C1CNCC12CCN(Cc1ccc(Cl)cc1Cl)c1ccccc12,-5.429,7.5967923494064244,7.759383996168768,5.254567156293656
CC(OCC1CC1)C(C)(C)C(=O)C(F)(F)F,-4.212,13.240832791029423,11.854995360606432,3.158395478720168
C=CCNC(=O)C(CO)NC(=O)C1Cc2cc(C)c(C)cc2N1S(=O)(=O)c1ccc(OC)cc1,-5.629,4.224593353211643,7.3443188247787825,3.3238137733633635
CCn1cc(CC(=O)NCCn2cnc(-c3ccccc3)cc2=O)c2ccccc21,-6.28,5.092913998881191,7.688032843322145,3.4926547209823067
Cn1cccc1CN1CCCN(c2ccccc2C#N)CC1,-3.124,13.050257123903728,7.419371199771581,8.428519087004549
C#CC(C)ON,-3.548,12.000161915574306,11.040177217780519,8.541835517030282
CCC(Oc1cc(C)ccc1C)C(=O)NCc1ccc2c(c1)OCO2,-5.795,4.664280115945011,8.398345610892658,3.331513019635373
Cc1[nH]c(SC(C)C(=O)c2ccccc2)nc1-c1ccccc1,-5.628,13.456363624694452,7.526149679617061,7.253071142626412
C1CC2CCC1C1C3CCC(C3)C21,-4.488,14.652738242390054,13.258646461837648,3.433190498646994
Cc1ccc(C)c(C2(C)CCN(C(=O)NCc3ccccc3)CC2C)c1,-5.802,3.9414069822843723,8.202728143733644,10.321592561228137
Cc1ccc(Cn2nc(C)c(C=NNC(=O)CNc3cccc(C)c3)c2C)cc1,-5.982,4.529368499029418,8.565793716871775,3.4511496635179406
C#CCCCC(=O)CC1CCCCC1,-4.301,12.63419067451493,12.491413731039414,3.0506042024490814
CCCCc1ccc(OCC(=O)Nc2ccc(-n3cnnn3)cc2C)cc1,-5.952,4.636997088633978,7.337664546706942,3.120949374789666
Cc1nc2c(C(=O)NCCc3ccncc3)cccc2[nH]1,-5.617,12.72374874005299,12.795926891007154,3.0751720277083683
Cc1c([N+](=O)[O-])ccc([N+](=O)[O-])c1N1CCN(C)CC1,-4.914,13.10071578197161,13.078899991971802,3.1923799899134813
NC(=O)C(=O)N(c1ccccc1)c1ccc2c(c1)Sc1ccccc1O2,-5.865,5.805618916188006,8.362330357023692,3.069397497881302
CCOC(=O)C(CBr)=C(C)Br,-3.467,15.324016901582954,12.832590424384316,3.2024821623234687
CC1CN(c2ccc(Cl)cc2NC(=O)c2ccccc2F)CC(C)N1,-5.181,10.737924054490234,8.459198366275613,11.73137251134751
CC(=O)Nc1ncn(C2CCNCC2)c1C,-4.793,13.08288572907369,12.558389825132839,3.081935430861588
CN(Cc1ccc(OC(F)F)cc1)C(=O)Cc1ccc(F)cc1F,-4.15,5.515019673582316,7.409399840742838,3.1799649369136143
Nc1cccc(SC(CC(=O)Nc2ccccn2)c2ccco2)c1,-5.272,4.418621504496623,7.478097752771088,3.6196235992158083
CCOC(=O)C=CCCC(CN(Cc1ccccc1)Cc1ccccc1)NC=O,-4.316,13.608928760192699,6.986152088238559,7.147429467997568
C=CC(OC)c1cc(C(F)(F)F)ccc1N,-4.846,12.113041608118087,12.018871577648211,3.1786311519268797
Cn1c(N)c(N=Nc2cc(C(F)(F)F)ccc2Cl)c(N)nc1=O,-5.461,4.761599101142388,8.641615242534233,8.403386281731908
Cc1nc(Sc2cccc(S(N)(=O)=O)c2N)n[nH]1,-5.386,4.869148282810865,8.14295757080927,3.011625972792771
COc1cccc(F)c1CN1CCN(C)CC1(C)C,-4.741,13.465220570046375,12.635340359483791,3.059206106165454
O=C(NNC(=O)c1ccccc1F)c1cc(-c2cccs2)n[nH]1,-5.76,13.140898180870286,7.303945919843602,6.554936536687445
O=C(Nc1ccc(C2C3C(O)C(O)C4C(OCc5ccc(Br)cc5)C3C24)cc1)c1cccc2ccccc12,-6.806,5.139281856446482,7.2142864512022244,3.0442033440622875
O=C(CCCSc1ccc(Cl)cc1)Nn1cnc2ccccc21,-4.889,3.977321837618876,8.298865042883875,10.016042581778494
Cc1noc(C)c1CN1CCc2nnc(C(C)C)n2CC1,-3.486,4.140790624989386,8.154207809468678,5.973184828883165
O=S(=O)(c1cc(CO)cc(Cl)c1F)N1CCc2ccccc2C1,-5.972,13.031035492239287,12.024017506640616,3.0654771243641665
O=C1c2c(noc2-c2ccc(Br)cc2)CN1Cc1ccccc1,-5.43,13.305096391984538,6.902921772698861,7.248249788742107
CC1CCCCN1CCCOc1cccc(CN)c1,-5.029,11.871660414617663,8.584462068178762,8.606380133366176
CC1CN(c2ccc(C(C)N)cc2[N+](=O)[O-])CC(C)O1,-4.929,5.520639184007591,7.179109276226403,3.1710272783437228
CCCC(=NNC1CO1)c1cccnc1,-4.352,13.974410112773992,12.610219704668115,3.07500666665944
COCCN1CCNC(CCO)C1OCCOc1cccnc1,-4.635,4.485580787367452,7.68226958652194,5.1180025400540785
CN1CCC(C(O)(c2c(F)cc(F)c(F)c2F)C(c2ccccc2Cl)N2CCN(S(N)(=O)=O)CC2)CC1,-5.329,4.934017734058117,8.258741187372323,2.9590609997091986
OC(c1ccc(F)c2c1OCC2)C1NCC2CCC1C2,-5.571,12.637301689838699,12.704068246038354,2.9323606531257367
COCCNC(=O)c1cccc(CN(C)C2CCCN(Cc3ccccc3)CC2)c1,-4.059,13.282013627458753,7.257119056485155,9.094467494031743
COc1ccc(C)cc1S(=O)(=O)NC(C)c1ncc(C)s1,-4.882,4.273809658840692,8.279162940780909,5.18764050412131
CC(C)CN(CC(=O)O)C(=O)CC1CCC1,-4.622,12.852916789585157,11.869476357447283,2.904705492816784
CC(Oc1nnc(Nc2cnc(C(=O)O)cn2)s1)C1CCCN1C,-5.876,4.860809397620935,8.104704806468893,2.8082293353641896
O=C(c1cc(N2CCCCC2)ccn1)N1CCNCC1,-4.726,13.693660650096454,8.490212835965892,8.729664712919964
O=C(NCc1ccc(NC2CC2)cc1)c1cccc(SC(F)(F)F)c1,-5.516,14.548630347905606,7.81265447847273,7.522019476177922
Cc1cc(Br)c(S(=O)(=O)Nc2cccc(Br)c2)cc1N,-5.102,12.777175392080991,12.453016662640422,3.0610653374274777
Cc1c(Cl)c(C(F)(F)F)nn1CC(=O)Nc1ccn(C)n1,-4.882,11.219911586104411,8.778465754333158,12.851880057018896
COCCN(CCC(N)=S)S(=O)(=O)c1ccccc1F,-4.681,12.214809249431609,11.944699493917794,2.8792674415552297
CCCCCCCCCCCCCc1coc2cc(C)cc(OC)c2c1=O,-4.462,3.8099530180830308,8.053407229241545,3.525765732433171
CCn1c(=S)[nH]c2cc(F)c(O)c(Cl)c21,-4.789,13.06577150420135,13.017437612679387,3.013926508725785
COc1cc(C)ccc1CN1CCN(c2cccc(Cl)c2)C(Cc2ccccc2)C1,-6.004,4.515980624404847,8.052339908374458,3.403166466689515
Cc1nn(C)c(C)c1NC(=O)N1CC(C)C(C(=O)O)C1,-5.456,6.891689923378734,7.185867379794869,3.068320387443267
O=NN1CCCC(CCl)C1,-4.013,16.693320520495618,11.885821553430794,3.074465644628347
CN(C)Cc1ccc(C(=O)Nc2cc(I)c(Br)c3nc(O)oc(=O)c23)cc1,-5.975,4.469779077314671,7.360282127744832,3.9189362076971856
Cc1nc2cc3ccccc3cc2c(=O)[nH]1,-5.318,13.013829490200031,12.010663470433265,2.703095262842211
CCOc1cc(CNC2CC2)cc(CS(C)(=O)=O)c1OC,-4.449,4.771546918977115,8.163159866130272,4.494803555217958
COCc1nc(-c2ccsc2)sc1CNC1CC1,-4.561,12.393182763116181,12.275817325131554,2.806380230831169
Cc1cccc(C)c1-c1cc(COS(=O)(=O)Cc2ccc(OC(F)(F)F)cc2)ccc1[N+](=O)[O-],-5.189,4.5228810508347435,8.4218219525231,3.2354481915184476
CCCN(C)C(=O)CC(O)c1cnn(CCO)c1,-4.471,12.247537099351852,12.490552790008936,2.9628614547426957
Cc1cccnc1Sc1ccc(S(=O)(=O)NC(C)C(N)=S)cc1,-5.298,12.361766297742408,10.326937687426994,8.64241945290785
CCCNC(CSc1ccc(Cl)cc1)Cc1ccc(Cl)cc1,-4.002,4.19720263985431,8.078138956467635,8.124642330589083
Cc1ccc(CN2CCCC(CCSCC(=O)O)C2=O)cc1C,-5.607,4.415853824573453,7.960847819171021,3.0826608636046884
N#CCSc1ccccc1NC(=O)c1sc2cc(Cl)ccc2c1Cl,-5.477,10.193038163374059,8.659627878840984,12.36966745713077
CC(CC(=O)N1CCc2ccc(C(F)(F)F)cc2C1)c1ccc(O)cc1,-6.416,12.715592711313146,7.3549562881094,8.669639554214466
NC1=Nc2ccccc2C(c2ccccc2O)C1,-5.691,12.92349588927083,12.153457491594729,3.017627047863934
COc1ccc(-c2nn(Cc3ccc(C(C)(C)C)cc3)c(=O)c(=O)n2CCN(C)C)cc1C,-5.163,4.331422399166353,7.899229456092537,9.776997698680306
CCOC(=O)CCNC(=O)C1CCC1C(C)C,-4.059,10.745947608284716,8.861673431130264,12.217970944473555
CC1(C)C(O)CC1NC(=O)c1cc(Cl)sc1N,-4.894,12.588955238620876,12.740724861639544,2.9127557398450024
COc1ccc(-n2cn[nH]c2=S)c(NC(C)(C)C)c1,-4.184,14.003010640572976,7.255579508212973,7.344785497208207
COCCN(C)C(CN)C1CC1,-3.947,13.275607293077028,12.626387963309222,2.82798178919172
O=C(OCC(=O)N1CCCC1c1cccs1)c1ccccc1-n1cnnn1,-5.642,5.050814686760938,7.440399250040282,3.1029706734031506
CCC(=O)NC1CCC(O)(C(=O)O)C1c1ccc(OC)cc1,-4.849,5.132585021214942,7.482375224485872,3.0368900210577263
OC1CC(I)COC1c1ccccc1,-4.545,7.765615687117151,8.248733902848365,3.099497217291863
CCCCC1(C)CN(C)CC(C)N1,-4.176,12.728896299365472,12.983308861765556,3.0264201625022262
Cc1c(C=CC(=O)OCC(=O)Nc2ccc(Br)cc2)cnn1-c1ccccc1,-5.926,12.917997561541805,7.394665847758099,8.18835209306488
O=C(Oc1ccc2c(c1)C(=O)N(C1CCCCC1O)C2=O)c1ccccc1,-6.482,3.9037749678996607,7.619059587639408,3.4685398945377584
Cc1nc(-c2cn[nH]c2C(F)(F)F)oc1C,-4.977,12.912173519589954,12.140796720149794,3.1632208269420587
Cc1cc(NCC(=O)Nc2ccccc2C(=O)NCC(C)C)ccc1F,-5.734,4.697697521126705,8.248516654526437,3.5301822899108206
CCc1nc2cccnc2n1CCCOCC1CC1,-5.161,12.608388993047447,12.56628413652978,2.956026048599707
CCC(C)OCC(=O)NC1C=CC=CC1,-4.146,14.766291646855686,12.497891582182973,2.740360012845027
COc1cccc(CC(C)N)c1CN(C)CC1CCCO1,-3.734,12.6982205840031,11.734243435347675,9.024023382061907
CCNc1cc(NC2CCc3nc(C(C)C)ncc32)nc(C)n1,-5.138,4.348067731763156,7.962339480328629,3.483154030472957
Cc1ccc(Cl)c(S(=O)(=O)N2CCN(C(=O)CC3CCCCS3)CC2)c1,-5.426,5.5474988958989435,7.4342781761244305,2.862911105850127
Cc1cc(C)cc(N2C(=O)C3C=COC3C2=O)c1,-4.931,12.548621836679915,11.5996145194571,8.893693608394658
C=CCCNc1cc(CC)c([N+](=O)[O-])cc1F,-4.919,12.828176292832898,9.029905536604467,8.51528190960229
CC#CCNC(=O)C1(C(F)(F)F)CCNC1,-4.396,13.54332016161473,11.512793145019154,9.706185502039409
O=C(CCCNC(=O)c1ccc(Cl)cc1)NNC(=S)NC1CCCCC1,-5.571,9.819863593757297,8.64842766056351,12.018376387848734
CCC(C)N(C(=O)CCc1ccc(S(=O)(=O)N(C)C)cc1)C(CC)C(=O)NC1CCCC1,-5.255,4.0986958901582335,8.303811715110115,2.9927134844485197
CCOC(=O)C=CC1(C2=CCN(C(=O)OC(C)(C)C)CC2)C2CCN1CC2,-4.59,4.39367306476028,7.997459409087363,3.0119432265565695
Cn1c(C(=O)NCC(=O)N2CCC(F)C2)cc2c1NC(=O)CSC2,-3.827,8.494076700854544,12.141535570099855,4.83987995718902
CC1=CC=CCC=C1c1cnn(-c2ccc(Oc3cc4ccccn4c3)cc2)c1,-5.196,11.68093853249815,7.099265947969551,9.84486795239022
C=CCN(CC=C)C(C)c1c(NCc2ccccc2OC)nn(-c2ccccc2)c1C,-4.932,4.528101036858608,8.175590804339464,4.876251531658309
CCOc1ccc(C(F)(F)F)cc1NC(=O)c1cc(S(=O)(=O)N2CCOCC2)ccc1Cl,-5.699,11.300497953630185,7.791630702234289,10.844477165820397
CC(C)c1nc(CN(C)Cc2nnc3n2CCCC3)no1,-5.401,4.183045421699363,7.8699145484560376,3.5566800530832126
O=C(NNS(=O)(=O)c1ccc2c(c1)OCCO2)c1ccccc1Cl,-5.557,7.379402347073914,10.707006584475419,8.313260852397212
CC(CO)CCCCCOC(=O)c1ccccc1C(=O)O,-4.627,3.574478983012769,7.31025054290207,2.9757716646275125
COC(c1nc(-c2ccc(C)cc2C)c(C(=O)O)s1)C(C)(C)C,-4.917,6.874306510477982,8.15898645666237,2.912099586209235
Cc1cc(O)cc(C2CCC23CCNCC3)c1,-5.143,12.857628319406343,13.020803546632598,2.8409058414526873
CCc1nn(C(C)(C)C)nc1C=O,-4.42,12.60176527316709,12.5362552622384,3.011846111606634
COc1ccc(C2NC(c3cccnc3)=NN2C(C)=O)c(OC)c1,-5.249,12.564144658511378,8.367851635874048,8.919526949339858
c1ccc(Oc2cccc(CN3CCC3)c2)cc1,-5.288,12.556910328580038,12.793549116644684,3.0885480407466543
CC1CC(C2CCCCC2)N(NC(=O)C2CCCCC2)C1C(C)CN(C)C,-5.065,12.870961929863673,6.878016138393396,7.816872072638774
C#CCOc1ccc(NC(=O)C=Cc2ccc3nc(-c4ccccc4)c(C#N)cc3c2)cc1,-6.459,11.940406776990473,7.277927589637039,8.363652431802747
CCCCNc1cc(Nc2ccc(SC(F)F)cc2)ncn1,-4.244,7.653824207544879,8.530168872888742,3.2534672274359853
CC(=O)N1CCc2cc(C(=O)Cn3cccc(C#N)c3=O)ccc21,-6.026,12.537825050621818,8.045275010837106,8.54141171001609
CCc1ccc(-c2ccccc2N(C)C(=O)c2nccnc2C(=O)OC)cc1,-5.516,3.8636257582742144,8.253782890287338,8.652453351506727
CC(CC(C)(C)C)NC(=O)c1ccnc(N)c1,-4.13,4.097479835215787,8.058753315494897,9.134288149604215
Cc1cn(CCBr)c(=O)[nH]c1=O,-4.255,12.916757062049282,12.39909323297474,2.977296424610757
CCCN(CC)C(=O)CCN(C)S(=O)(=O)c1cccs1,-4.171,12.826206804819577,12.934578037183895,3.0935099805883928
CN(CC1CCCO1)C1CCS(=O)(=O)C1,-4.955,12.68632925632943,12.917690737898937,3.116952678498664
CC(C)(C#N)N1CCN(CCNC2CC2)CC1,-4.928,12.772232146339965,12.765914029163756,3.116043324474164
Cc1cc(=O)ccn1-c1cccc(N2CCC(N)C2)n1,-4.962,3.682812783729306,8.487282839637194,3.175443433601046
COCCONS(=O)(=O)Cc1cccc(CN)c1,-4.629,3.98256876902333,7.035226364517348,3.0901677947969097
COc1ccc(Cl)cc1C(C)NC(=O)c1ccccc1OC(F)F,-4.875,4.241317012438472,8.426362323090553,3.7874990429041695
CCCCN(CCO)CCSC(F)(F)F,-3.845,14.311589813853667,12.673391377212337,2.7958129408098813
CCCCN(CC(N)=O)C(=O)NC(C(N)=O)C1CCCC1,-5.267,12.788186540710141,12.242780934085197,2.8457689646209863
CNCC1CN(C(=O)c2ccccn2)c2ccccc2S1,-4.769,12.8870910992357,13.104886302444596,2.797550893192115
Cc1cccc(NC(C)c2cc(Br)ccc2F)c1C,-5.136,12.553155141238397,12.73065705295685,3.250680851760135
Cc1occc1CN(C)Cc1ccccc1C#CCCO,-4.476,13.749161574437913,12.918266911625569,2.8365882676201
COc1cccc(C2C(C(=O)OC(C)C)=C(C)N=C3SCCC(=O)N32)c1,-4.619,6.369862635881562,7.107858045853195,3.806489984224312
CCC1OC(OC2C(C(CC)(CC=C(C)C)OC)CC3OC3(C)C2(O)CC)C(=O)C(OC)C1O,-4.544,4.472436696030476,8.413116961031744,4.799302032587655
Cc1c(C(=O)NC(C)c2ccccc2)sc2nc(CN3CCCC3)nc(N)c12,-5.718,4.195998808388771,7.7303217268105975,5.558623570633292
COc1ccc(C=CC(=O)c2cc3ccccc3oc2=O)cc1OC,-5.703,13.322820797413737,8.610630813128617,9.232956081342529
CC(N)C1CCN(CCSCCCO)C1,-4.009,12.641951629396468,12.200628057604247,2.9414683408121194
C#CCC(=O)NC(C)c1ccccc1C,-4.817,12.701935718621788,11.714328235114467,9.232215172969052
Cc1cccnc1NC1CC=CCC1,-4.673,12.541883949391336,12.67584951788242,2.962489831206177
COc1cccc(C(=O)NCC2Cc3cnnn3CC(N)C2)c1,-4.731,4.067579624297477,7.930671409155721,2.8894044369039102
O=C(O)N1CCN(CCCc2cccc3c(F)ccc(F)c23)CC1,-5.976,4.271418616806364,8.135193482640716,2.913018537531129
CCOc1cc(C=C2C(=N)N3C=C(C#N)C(=N)CC3=NC2=O)cc(I)c1OCc1ccc(C)cc1,-6.579,4.590484397097979,7.600696941728435,2.9582511725680094
C#CCNC(=O)COc1cccc(Cl)c1,-4.62,12.780145265215102,12.990035103878666,3.358873918443501
CCC(C)(CC)NC(=O)c1c[nH]c2cc(Cl)c(N)cc12,-4.582,3.784863669935814,8.335868221127297,8.816534353134456
O=C1C(CC2C=CC=C(c3ccc(Cl)cc3Cl)N2)N2CC3(CCN13)C2,-5.304,13.51151294267226,7.133366386216258,7.507549333837241
CCOC(=O)c1sc2ncn(CC(=O)Cc3ccc(Cl)cc3Cl)c(=O)c2c1C,-5.665,4.477819223684672,8.332677600867562,2.992353421639897
CCCCCCCCCCCCCCCCCCOCC1OC(OC2C(OCC3CCC3)OC(COC(=O)c3ccccc3)C2OC(=O)c2ccccc2)C(O)=C1COCc1ccccc1,,,,
COC(=O)N=C(C)c1ccc(OC)c(N)c1,-4.548,13.062144310946806,12.804061347869277,2.9703402162041974
O=C(O)COCCOC(=O)CSCSCC(=O)O,-3.708,12.937506483090164,11.979861226241312,2.851805568407496
CC(N)CCN(C)C(=O)C1CCCN1C,-4.444,12.639502205387679,12.31494088495759,3.0457964475650696
Cc1cc(C)c(C=CC2CCCCN2)c(C)c1,-4.884,4.541341321680192,8.10588539272546,9.467684458197791
CCn1cc(NC(=O)c2ccco2)c(C)n1,-4.547,6.428682679989736,8.311396152271893,3.1351086105588113
Cc1nc(N2CCOCC2)sc1CC(=O)Nc1nnc(C(C)(C)C)s1,-5.393,4.425157511320924,7.093643422106865,3.615260571521784
Oc1ccc(C=NCc2ccccc2)c(Cl)c1O,-5.327,14.239992275278803,8.40614334876583,9.057128463260307
CCN1CCCC1(CCCCCCCC(C)C)CC(C)C,-4.127,13.212273385000781,8.50064309331947,9.365840058425086
Cc1c(C(=O)N2CCCC2CO)oc2ccccc12,-5.433,7.573797066201338,8.191162310685828,3.108555130603284
COc1ccc(C2CC(=C(O)c3ccc(F)cc3)C(=O)N2CCc2ccccc2)cc1,-5.767,4.037794695127526,7.954249807492847,7.092376823040355
CCCNC(CCC)COCCC1CCCCC1,-3.667,4.594588556116858,7.49381905305966,5.409631595589482
CCCC1=Nc2nn(-c3cc(Cl)c(C#N)cc3C)c3nc(C(=O)O)c(C)c(c23)C(=O)N1c1cccc(Cl)c1F,-6.03,4.691686690306589,8.31129574735492,2.858452903232796
Cc1ccc(C)c(OCCCNC(=O)c2ccc(=O)[nH]c2)c1,-5.644,4.776999267322531,8.34991993973595,3.704068438892564
CCC(C)(C)NC1C(=O)N(C2CCCC2)C1=O,-4.659,12.746285772726107,12.672661993440842,3.044891787896575
Cc1nnc(N2CCC(Cn3ccc4c(N)cc(Cl)nc43)CC2)o1,-5.858,12.524575761278305,12.636651019949866,3.0066867146412184
CN=C(NCc1cccc(OCCCC(=O)OC)c1)NCc1nccn1C(F)F,-4.887,3.4474571788493615,7.53005265585839,4.266457429765356
Cc1nc(Nc2ccc(NS(=O)(=O)c3ccccc3[N+](=O)[O-])cc2)cc(N2CCCC2)n1,-6.588,3.587778421251791,8.468150801680377,3.2725118792756125
COC(=O)C(CS)NC(C)C(C)SC,-3.681,12.659257837645935,12.390193420604861,2.9465868390393655
CCNC(=O)NCCNC(=O)c1ccc(SC)s1,-4.259,13.387310745627742,12.115282456467947,2.890905394508786
COc1cc(CC(C(=O)O)C(C)C)ccc1O,-4.821,6.03765037079823,7.487449298659723,2.8010844328581026
O=S(=O)(NCC1COCCO1)N1CCc2ccccc2C1,-5.283,4.996015212146576,8.08159897545034,5.262572184778087
COc1ccc(Cl)cc1NC(=O)CNC(=O)c1ccc(OC)c(OC)c1,-5.451,7.685557429360606,7.743974367209644,3.0697723042597143
O=C(NCC1CCCO1)c1ccc2c(c1)nc1n2CCCC1,-5.032,4.852427227687191,8.159343846168024,5.4185412243518085
CSCc1cc(Br)ccc1NCc1ccc(C#N)s1,-4.6,4.651132012747005,8.508194050443372,3.4073476488318595
CCCNC(=O)c1ccc(F)cc1N,-4.747,12.802158763271139,12.610707910343496,3.193090509208907
NCC1CCCN1C(=O)c1cccc(Br)c1,-4.807,7.7265889627959385,8.29664142891568,3.0018012925575204
Cc1cc(C#N)ccc1C1=CCN(C(=O)CCCCN(C)C(=O)c2cc(-c3cccnc3)nn2C)CC1,-4.94,3.8469724459631887,8.057697810168856,7.34636651685716
CC1CCN(c2ncccc2C(N)=S)C(C)C1,-4.853,13.114143090572101,12.819013183548881,3.128597449337323
CCn1ncnc1CNC1CCS(=O)(=O)C1,-4.957,12.394337215034938,12.707436602242012,3.0648676969813886
CC(NC(=O)C1CCCC1)c1ccc(OC(F)F)cc1,-4.82,3.643367398437879,7.642825001267529,9.70855632934166
CCN1CCN(c2ccc(C=O)cc2[N+](=O)[O-])CC1,-4.713,12.715027880425588,12.498338529580643,2.7536748174031
CCCCCCC=CCC=CCCCCCCCCCC(=O)OC(CO)COC(=O)CCCCCCCCCCCCCCCCCCCCCCCCCCCCC,,,,
CCOc1cccc(C=NNC(=O)c2ccc(NC(C#N)=C(C)C)cc2C)c1O,-5.627,12.178476505704644,7.278433416608274,10.067933303315035
CN1CC(C)(C)Cc2cccc(O)c21,-4.933,13.813029863140093,12.868646782004703,2.969370977159978
Cn1nccc1CNC1CC1,-4.115,12.627397910892014,12.670940691203633,3.0915877797662477
O=C(Cc1ccc(N2C(=O)c3ccccc3C2=O)s1)OCC(=O)c1ccccc1,-5.763,4.61739645254769,8.140642787888435,3.0194524338031887
COc1ccc(CC(=O)N(Cc2cccnc2)C(Cc2ccccc2)C(=O)NCc2ccccc2)cc1,-5.687,4.0162069169802495,8.160921148988024,10.368863052427686
CC(Nc1nccc(CCCOc2cc(F)ccc2F)n1)c1c(F)cccc1F,-5.462,4.497465174962448,8.239004915643637,5.381910813084883
CN(Cc1cn[nH]c1)c1nc(N)c2cc(Br)ccc2n1,-5.318,12.708819339340693,12.109141133870725,2.9003327395317937
COc1cc(C=CC2(C)C=C3CC4C(=O)N(Nc5ccc(C)cc5)C(=O)C4(C)C3C(c3ccc(O)cc3)C2=O)ccc1O,-6.51,4.663855164989582,8.396473783678479,9.204813740646792
CCOC(=O)C(=O)C1CC(c2ccccc2OC)=NN(Cc2ccc(Cl)cc2)O1,-5.833,4.206461339415828,8.15757077811771,5.283849543656595
N#Cc1ccc(OCc2ccc(C3CCCCO3)o2)c(F)c1,-5.517,4.440297399949691,8.250451199782955,5.172015274532742
CN(CC1CNC1)C(=O)C1CC23CCCC2CC1C3,-4.665,12.630811573291718,12.806298216112259,3.0029608722059637
CCc1nn(C)c(Cl)c1C(=O)N1CCN(C2CCCCC2)CC1,-5.001,14.162536284154756,8.912837763585737,7.610546958005056
Cc1ccc2oc3c(c(=O)c2c1)C(c1ccccc1OCc1ccccc1)N(CCc1ccccc1)C3=O,-5.645,5.068872162522942,7.982138748480885,3.4595717943121236
COc1ccc(Oc2ncc(C(=O)NCc3ccccc3C)cn2)cc1,-5.63,4.4776836645747995,8.18459583608134,3.5621361568586902
CCN(CC)CCSCc1ccc(C(=N)N)cc1Cl,-4.019,4.919562175641242,8.146925616451888,3.0473542623068948
CCCc1cnc(N)nc1Sc1ncccc1Cl,-4.509,12.5227801226405,12.78572899759728,3.138286475132568
CC(C)C(CNC(=O)CSc1nc2ccccc2c(=O)n1Cc1ccccc1)c1ccccc1,-5.737,3.9121141343268597,8.088281090565534,3.658661640545625
COc1ccc(C)cc1NC1=NCCN1,-5.129,12.632711545824197,12.593502372255305,2.918147700168722
CC(C)(C)[S+]([O-])NC(C(=O)O)C1CCCN1C(=O)OC1c2ccccc2-c2ccccc21,-5.635,4.605862785624426,7.620013188964964,4.409215916690857
CCn1c(CCNC(=O)C2CCN(Cc3ccc(Br)s3)CC2)nc2cc(F)ccc21,-5.207,4.477378362390205,7.441895860598964,7.939609184336469
CC(C)C(Cc1noo1)=NNC(=O)c1cccnc1,-5.125,12.52385663443973,12.585745985041967,2.99077548471964
CCc1ccc(C(=O)CNc2cccc(OCCOC)c2)cc1,-5.666,4.718437241290806,8.205472625022887,3.044670918178186
CCC(C)C(CO)NCc1conc1C1CC1,-5.218,12.384612589822904,12.77535326321742,2.8867958015765507
COc1ccc(C=Cc2ccc(C=Nn3c(=S)[nH]c4ccccc4c3=O)o2)cc1O,-6.673,5.259111426847696,8.189868436061717,3.0387867644834836
COc1cc(CN)ccc1OC(C)C(=O)NC1CC1,-5.077,11.836965151591857,8.514515312100858,8.442361636414304
CCCC(C)N(C)C(CN)CN1CC=CC1,-3.55,7.821866912700573,8.281906845648532,2.9196570004026157
O=c1c2ccccc2ncn1CN1CCN(S(=O)(=O)c2ccccc2)CC1,-6.543,4.665173630209276,8.107350121957236,3.0904176093207854
CCCC(NCC)c1ncon1,-4.559,16.540976694258415,12.081809342975083,3.0124899999834027
CCCCOC(=O)c1ccc(NC(=S)N2CCN(C(=O)c3ccccc3)CC2)cc1,-5.359,5.230602450961073,9.074898346538102,4.751191113815567
NOCCc1cccc(-n2cccc2)c1,-4.926,13.105523453872417,11.952650668366411,2.908571126859372
CC(C)(CNC(N)=O)NC(=O)Oc1ccc(F)cc1,-5.379,12.40377994806422,12.417163323400397,2.9244968798068496
CC(O)(Cc1ccc2c(c1)C(N)CO2)C1CC1,-4.799,6.467163365804208,7.110231360511414,3.064733919934975
CCOC(=O)c1nc(Br)n(-c2cc(Cl)ccc2C)c1N,-4.606,7.534386305466424,7.995350836579967,3.255039477487178
CCC(CC)NC(=O)COC(=O)c1ccc(N(CC)CC)cc1,-4.058,3.9982409882347008,7.521694356991647,9.891885866709138
Nc1c(F)ccc(NCc2ccnnc2)c1S(N)(=O)=O,-5.919,12.346694051445512,12.715625780904373,3.057777297319084
CN1NC=CC1c1ccc(-c2nc3ccccc3nc2-c2ccccc2)cc1,-6.226,12.547825867456082,7.388319565368027,7.849177600233032
COCc1nc(N)cc(N(CCO)C2CCCC2)n1,-4.887,13.07868751060289,12.321947451600336,2.7936107459701685
Cc1cc(-c2cnc(C3CCC4CCCCC43)[nH]2)c(C)n1CC1CC1,-5.961,12.808487069127251,8.719041747806923,8.657657477632156
COc1cccc(OC)c1C(=O)NCc1cn(CCNC(C)=O)c2ccccc12,-5.476,4.307418020113674,8.425787322262531,3.0538334925139585
COc1cc(C=C2C(=O)N(C)C(=S)N2c2ccc(C)cc2)cc([N+](=O)[O-])c1O,-5.332,12.29828313220996,10.192210555124928,7.476382213343563
COc1ccc(CC(C)c2c(Cl)nc3nc(N)sc3c2C)cc1,-5.368,4.55022526914877,8.361092811349481,3.3270193867785025
CC(O)CC(C)(C)NS(=O)(=O)c1cccc(F)c1,-4.972,12.877220546375682,11.91985671054816,2.923061579919246
CCCCC=CCC=CCCCCCCCCCCCC(=O)OC(COC(=O)CCCCCCCC=CCCCC)COP(=O)(O)O,,,,
[O-][n+]1ccc2[nH]cc(-c3cn[nH]c3)c2c1,-4.851,12.421352824873788,12.406771900861239,3.0577740269679836
COC(=O)c1cn(CCc2ccncc2)c(=O)[nH]1,-5.185,12.411079485685361,12.222635926836732,2.974585181163922
CCCCC(CC(CC=CC(=O)OCC)C(=O)c1ccccn1)C(=O)OCC,-4.211,4.566231706779672,7.779224254384237,3.43816957115265
CCn1nccc1CN(C)CC1(CC#N)CC1,-4.648,12.889498865355472,12.755764069627503,3.0848304653578613
CC(C)CC1(C(=O)N2CCNC(=O)C2CC(=O)O)CCCC1,-4.855,6.88673630974789,7.474341777039634,3.36245802947784
CC(=O)CC(N)C(=O)c1cc(Br)ccc1Br,-4.85,12.755608883938077,12.846511744438644,3.1378656759013763
c1cncc(CCNCC2CCOC3(CCN(c4cnccn4)C3)C2)c1,-5.544,12.935534198478235,8.681049533322568,9.060921917774152
CCCCCCCOC(=O)CCCCCOc1ccc(-c2ccc(OC(=O)Oc3ccc(C(=O)OCCCCCC)cc3)cc2)cc1,,,,
COCC1OB(Cc2ccc(F)cc2)OC1CN,,,,
Cc1ccc(NC(=O)COC(=O)c2nnn3c2CC(C)CC3)c(Cl)c1,-6.492,4.53319589252439,7.255402538798243,3.0002154922605144
Cc1ccccc1-c1noc(C(=O)NCc2ccc(F)cc2)n1,-6.016,4.836989766373296,8.03905684766565,9.19381101611296
CC1CCN(C2CCOCC2)C1C,-4.172,12.835432443046086,12.725515235148634,3.0273752658036956
CCC1COc2ccc(C34CC5CC53C4)cc21,-5.259,12.352468943494657,13.11330701997021,3.0317041412380594
CCC1CNC2(CCCC2)CN1Cc1ccoc1C,-5.067,12.029581247907178,12.4813023759542,3.018865018512752
Cc1ccnc(Nc2ncc3cc(NCc4ccc(C)o4)nnc3n2)c1,-6.138,4.098186672175879,8.151055759838723,3.1379427974391128
CCCCOC1(OP(=O)(OCCC)OCCCCO)CN(C)C(=O)C1(C)C,-4.131,3.9876936943551713,7.801504021661464,5.160082945069778
Cc1cscc1-c1c(N)noc1-c1cc(Cl)cc(F)c1Cl,-5.378,12.774488717753052,11.761923524662112,8.718201305315219
C1=CC2SC3CCCCC3N2C=C1,-4.088,13.207403113405753,13.06197630529163,3.3502581990049656
COCCOc1cccc(C2=NNC(c3cc4cc(OC)ccc4nc3Cl)C2)c1,-5.898,12.058736293658635,7.519288995643139,8.269778775759363
Cc1cc(C)cc(NC2=C(c3cccs3)C(=O)N(Cc3ccco3)C2=O)c1,-5.446,8.172447246694224,11.638690519126282,4.32431208401984
O=C(Nc1ccc(Cl)cc1)c1ccccc1NC(=S)Nc1cccc(C(F)(F)F)c1,-5.725,10.157876205191712,8.59835914579055,12.392856692466026
CCCCCCOCC1(O)CCC(NC)CC1,-4.165,4.061325030085624,8.305925655819465,9.919877116174373
C=CC(C)NCc1cc(F)cc(C(=O)O)c1,-5.457,12.691437152663207,12.816367855207652,2.906493419913418
COc1ccc2c(CNC(=O)COCCNC(=O)OC3CCC3)c[nH]c2c1,-4.52,4.569157909287006,7.2949827964156295,5.47767614960943
Cc1ccc(-n2nnc(C(=O)O)c2CCBr)cc1,-4.855,11.924950020859628,12.871693944465896,2.907068626640933
COc1cc(C)ccc1C(=O)N(C)C1CCCNC1,-4.479,7.477996255682401,8.241916888685545,3.0990666336818244
Cn1ccnc1C=CC(=O)NCCCCCC(=O)O,-4.078,7.773935747097476,7.976834522540881,2.845424572888904
Cc1sc(-c2ccco2)nc1C(=O)NC1CN(C(=O)C(C)C)C1,-5.248,4.816215422922857,8.080393678528294,3.0290746111642735
Cc1sc(CNBr)cc1Cl,-3.757,12.764596429186472,12.599528800713145,3.154602510618415
CCOc1nc(NC)nc(NN=Cc2cc(Br)ccc2O)n1,-5.387,4.647417132128339,7.778335876008441,3.567389101289625
CCCNC(C#N)C(C)=Cc1c(C)nn(-c2ccccn2)c1C,-5.018,4.092439492527653,7.9239329881063485,3.0933978082361144
c1ccc(-c2nc(-c3cccc(-c4cccc5c4oc4ccccc45)c3)nc(-c3cccc4c3oc3c(-c5ccccc5)cccc34)n2)cc1,-7.78,4.689024312157062,8.610582210280556,5.417901715609098
Fc1ccccc1N1CCC(NC2CCSCC2)CC1,-4.886,12.894675218864567,12.913673296161708,3.3716912670053283
COc1ccc(N)c(C=Cc2ccccc2)n1,-4.938,13.291624957092342,7.244253791799401,7.718647226036438
CC=C(C)COc1cc(C(=O)O)ccc1O,-5.217,12.770895896529733,12.702811342376144,2.873896483869939
CCc1nc(C)c(C(=O)N(CC)CC2CCCN2Cc2ccc(F)cc2)s1,-5.393,4.50558686521523,7.326888766727662,3.6680963727797558
C=CCN1C(=O)CC(=O)C1Sc1cccc(C(=O)O)c1,-5.38,12.474934108042415,12.155809351910715,3.1477917656668466
COc1c(CC(OC)C(=O)O)ccc(C)c1C,-4.541,6.728777229185106,8.167162665209991,3.084448248876936
CCS(=O)(=O)N(CCNC=O)CC1CCCNC1,-4.44,12.670997158866385,12.249990571424943,3.0713212140705823
CCC(CC)n1c(COCCC(C)C)nnc1C(C)Br,-4.105,11.22732728658072,9.324559828753312,12.655921538947688
OCC(Cc1c[nH]c2ccccc12)Nc1ncc(Br)c(Nc2ccn[nH]2)n1,-6.034,7.288812866304087,8.085257509813772,3.3411631208308297
CCc1cnc(CNc2nnc(CN3CCN(c4ccc(F)cc4)CC3)o2)n1C,-5.862,4.407350224341152,8.011046935326242,3.219183436836119
CC(C)NCCn1ncc(-c2cccc(F)c2F)cc1=O,-5.0,6.88474436707711,7.698474848955473,3.4799497122803364
CCOc1nc(N)nc(N2CCOC3CCCCC32)n1,-5.652,12.885460837703866,12.619833160545348,2.9196316548496326
COCC1(O)C2C3CCC(OC(C)=O)C(O3)C2(CCN)CCN1C(=O)OCc1ccccc1,-5.402,4.5719993438319735,8.123458992325867,3.112042898161913
Brc1ccc(CCNCc2ccno2)s1,-4.932,12.902764858742486,12.181153845182319,2.991849762270826
Cc1cnn(CCC(=O)NC2Cc3ccccc3C2C(=O)O)c1,-5.644,4.244986454630921,7.3613288202606455,3.917784322802877
COc1cc(-c2ccc(O)c(OC)c2)c2c(=O)cc(-c3cc(OC)c(OC)c(OC)c3O)oc2n1,-6.0,12.067671067774429,7.608056979281897,7.895730111902254
OC(COc1ccc(CNc2ccccn2)cc1Cl)CN1CCCC1,-5.207,4.491549064632379,8.139876288986214,3.152535963315883
CCOCC(=O)Nc1cccc(S(=O)(=O)NC23CC4CC(CC(C)(C4)C2)C3)c1C,-5.678,12.917774305196698,8.264846399056669,8.209017846246894
CCc1nnc(NCC(=O)Nc2ccc(C)cc2OC)s1,-5.521,5.008734470901807,7.114463577811049,3.2779905430003913
CCc1cc(C(=O)Nc2cc(Nc3cc(-c4ccccc4)ncn3)ccc2C)n(C)n1,-6.788,4.587299423408068,8.5941489398311,3.4985466982734437
O=C(O)NC1(C(=O)Cl)CCCC1,-4.841,15.371955958823197,11.710159093710041,3.064187494263365
CNC(=O)CNS(=O)(=O)c1cccc(C(=O)NC2CC2)c1,-5.067,10.987186582560614,8.850714886380647,12.900072674213893
CCOC(=O)c1cc(=O)[nH]c(=O)[nH]1,-5.003,15.865679594647057,11.820300080793212,3.0903142235054353
CC(C)C(CCN)c1nccc2ccccc12,-5.031,12.99874320847981,12.115578195034688,2.907100617453754
O=C1CC(CCc2ccccc2)N1C(c1ccccc1)c1ccccc1,-4.28,13.998509099186242,7.294960589338368,8.431393538437165
O=C(NNc1ccc(Cl)nn1)c1cccnc1Cl,-5.645,6.8717207451991245,8.10919897400477,3.155916665566441
Oc1ccc(C=CC=CCl)c(O)c1,-4.243,12.83128380170901,13.174114239674712,2.698542940180867
Clc1cccc(-c2ccc3c(c2)CCOC3)c1,-5.368,12.814828676186037,7.369070294141589,8.745971701303406
Fc1ccc(CNc2cc(Cl)nc(-c3nnnn3C3CC3)n2)nc1,-5.612,4.159933773511304,7.740009883714619,3.1954195342708918
CC(C)(CCCl)CNC(=O)c1ccc(O)cc1O,-4.731,13.29356912194765,8.607685867874128,8.80921040729531
Cc1cc(N2CCN(C(=O)Nc3c(C)noc3C)CC2)nc(C(C)C)n1,-5.848,5.542977629397398,8.289943063736928,2.829138561470611
CC(C)NC(=O)C(C)N1CCc2ccccc2C1,-5.071,13.368691671214503,8.725078624287576,8.664653830361605
Cc1nc(CN2CCC(C(c3ccccc3)n3cccn3)C2)cs1,-5.238,4.052610146559868,7.949898427024082,7.684152262937012
COc1ccc(S(=O)(=O)Nc2ccc(N)c(Nc3ccccc3)c2)cc1,-5.448,12.654261969787097,7.329441042808107,8.76128129898818
CC(O)CNC(=O)c1cc(N2CCCC2=O)ccc1F,-4.956,6.289795306685265,7.180932181827091,2.853524312144545
CC(C)CCCC(=O)C1CCCCC1C,-3.483,14.439681713943699,11.927745721635752,8.910707379327414
Brc1cc(Oc2ccccc2)c2ccccc2n1,-5.286,12.845783277013512,12.730097289494687,3.1571597995666925
O=C(O)NCCCCNc1nc2ccccc2[nH]1,-5.306,12.858536619693549,13.047619553006594,2.838478641807967
Cc1nc(CN2CCCCCC2)n(C)c1C,-3.072,4.636867584911175,8.463242759131987,4.993909390447528
CCC(NCC1COCCO1)c1cccs1,-4.022,13.011578651339736,13.019992050688819,3.0240347220228805
CCC(C)Cn1c(-c2cccnc2)nc2ccccc21,-5.091,12.784243035862545,12.815497415239097,3.2157109633796384
NC(=O)NNC(=O)C(F)(F)F,-4.895,15.129683175797172,12.006803279807661,2.881578386926165
CN1CCCC1CCN1CCc2n[nH]c(-c3ccco3)c2C1c1ccc(Cl)cc1,-4.787,11.463675021562675,9.006571101146095,12.512305982511775
CCNCc1cc([N+](=O)[O-])c(N)n1C(C)(C)C,-4.559,12.975890181409522,12.639630295226201,2.981699347687489
CN(C)CC(=O)NCc1cccc(F)c1,-4.874,12.45204706062421,12.490480695313531,2.8708620656520583
CCNC(=S)NCCc1cccc(C)c1,-5.003,12.747651234639267,8.608072722741136,8.889218300840632
Cc1ccc(-n2nnnc2CO)c(C)c1,-5.35,12.28280281531866,12.596923791148377,3.1622229522916316
CN(Cc1nc(-c2ccco2)cs1)C1CCN(Cc2ccc(Cl)cc2Cl)C1,-5.411,13.066544072554152,8.573887158109791,8.337532188843412
Cc1cn[nH]c1NC(=O)c1ccccc1NC(=O)CCOc1ccccc1,-5.897,4.5024764296995485,7.0991428355823345,3.2683423933241764
O=C(CCl)N(CCOc1ccccc1Cl)C1CCS(=O)(=O)C1,-4.863,6.027536893292316,7.440801368132333,3.0623894265752685
CC1(C(=O)O)CCN(C(=O)CCCC2CC2)C1,-5.333,12.782166522151087,12.430119910926042,2.71289918721651
Cc1ccc(C(N)=O)c2nc(C#N)ccc12,-5.439,12.452753390314932,12.565581363391033,2.9026074484848965
CC1(C)OB(c2ccc3c(c2)c2cc(C4=CC=C4)ccc2n3C2C=CC=CC2)OC1(C)C,,,,
Cc1cc(NN)nc(-n2nc(N)cc2-c2cccs2)n1,-4.935,7.5415137074727925,10.91527177856786,5.546920677276718
CC(C)C(OC(=O)C1CCC1)C(=O)NCCc1ccccc1,-5.106,4.509954656091345,8.126336566990073,3.023484909835007
Cc1cc(Cn2ccccc2=O)nc2c(C(=O)Nc3c(F)ccc(F)c3F)cnn12,-6.392,4.8202976049202615,7.898730277709196,4.442285447829755
COC(=O)C(C)(C)SC(O)O,-3.994,7.4995299186015645,8.231793546973831,2.9658868825361497
O=C1CCC(=O)N1CCc1ccc(Cl)c(Cl)c1,-4.575,3.9872123093710465,8.224248841079651,10.475685848668812
CCCCCCCCCCCCCCCCCCOCCC1OC(CO)SC(CO)C(O)C1O,,,,
Cc1ccc(C(N)CCN)cc1,-4.622,13.133644010707767,12.79088210406147,2.798327178869547
COC(=O)c1ccc(OC)c(N=Nc2ccc(C)cc2)c1,-5.252,13.17974954238509,6.971380422843097,6.556483813752612
CC(C)OC(=O)NCCC1CCCN1,-4.712,12.641724921860941,12.616550954995585,3.192278966506531
Cc1n[nH]c(C)c1CC(=O)NNC(=O)Cc1ccc(Cl)cc1,-5.49,4.5827185163394,7.447545971660731,4.649713216962955
Cc1cc(S(=O)(=O)N(CCCO)C(C)C)ccc1CN,-4.703,12.508460736637423,12.379775523005254,2.845553021821945
O=C(NC1CCOc2ccccc21)c1cccc(-n2cccn2)c1,-5.719,10.21616160796216,7.619601367525732,10.624404595082025
OCc1nc2ccccc2n1-c1ccc(F)cc1F,-5.356,13.094069382739653,12.507108258906214,2.985986436673817
CCCN(CCNC(=O)OCC)C1CNC1,-4.493,12.657273719091327,12.572684120743668,2.9937139141875266
CC1=Nc2sc3c(c2C(=O)C1)CCC(C(C)(C)C)C3,-5.513,13.390000597460778,7.219239918440168,7.61106989850967
C=CCCNCCCC(=O)Nc1ccccc1C(=O)O,-4.819,4.806295662982043,7.811449417361671,2.9454461461720864
O=Cc1nccnc1N1CCC(F)(F)C1,-4.689,12.4194462436938,12.094981314578375,2.9560321378496544
CN=C(NCC(=O)N1CCCC1)NCc1ccc(-n2nc(C)cc2C)cc1,-5.861,8.552802640070679,7.87606227755977,3.253151548883021
CC(Cn1ccnc1C1CC1)C(=O)O,-4.616,12.424072842671197,12.292579468931653,2.8903027523081386
Cc1ccc(C)c(B2OC(C)(C)C(C)(C)O2)n1,,,,
CCN(CC#N)c1cc(C#N)nc(-c2cccc(C)c2)n1,-5.345,4.7742413009817595,8.242266739192564,3.1562374752226736
O=c1c2c3c(sc2ncn1Cc1ccccc1Br)CCC3,-5.436,13.987802865353801,9.032661733951958,9.360278468079889
CNC(CC1CCCN1CC1CCC1)c1ccccc1,-4.1,11.37605177555025,9.243764655160797,13.028679787300016
CCOC(=O)C(=O)c1c(C)nn(Cc2ccc([N+](=O)[O-])cc2)c1C,-5.171,12.41663295744865,8.58279453325081,7.382936339966641
Nc1ccnc(NC2CC3CCCNC(=O)C3C2)n1,-3.855,5.259749518750868,7.618173337487144,3.852426378271232
COc1ccc(C(=O)c2ccc(OC(C)C(=O)NC3CC3)cc2)cc1,-5.376,12.394272951649887,7.133070937541558,8.30869622744748
Cc1ccc(OC2=CN(C(=O)c3ccc(C)cc3)C=CC2)cc1,-5.833,12.389938014372792,7.18039518411069,8.26955198302786
N#Cc1ccc(Nc2nc3nccnc3cc2Cl)cc1,-5.255,12.856483111644492,11.747634229920507,2.8192993810519664
CC(SCc1ccccc1)C(=O)Nc1ccccc1C(=O)O,-5.597,5.111201913444626,7.441546143107627,3.9345308487798136
COc1cc(C2Nc3ccccc3C(=O)N2CC(F)(F)F)cc(OC)c1O,-6.467,12.511492357029196,12.77131641609431,2.9369921688693688
Cn1cc(NC(=O)NCC(C)(O)c2ccco2)cn1,-5.196,12.696645462483389,12.01710168884328,2.914353101461798
CCCCC(CC)CNC(=O)NC(C)c1c(C)[nH]c2ccccc12,-5.086,13.281946657022832,8.660973444134324,9.12696713043276
NC(CNc1ncccc1I)C1CC1,-4.777,12.889158661448775,13.287201398338176,2.9072566106210855
CCCCCCCCCCCCCCCCCCOc1ccc(C=CC2CCC(CO[P+]([O-])(OC)OC)CC2)cc1C,,,,
COc1cc(C(=O)N(C)Cc2cnn(-c3ccc(F)cc3)c2)ccc1F,-5.842,4.37009999885586,7.61419522996357,3.179432024749074
Cc1ccc2nc(C)c(C(C)O)n2c1,-4.858,13.64803183612934,12.762179829480543,2.694927271745937
COc1c(C(N)CN)ccc(OC2CC2)c1Br,-4.36,8.104703017384413,8.32472858416417,2.916290451926899
Cc1ccc(S(O)(CC(C)O)c2ccccc2)c(C)c1,-5.057,7.755395089871308,7.6627611864131575,2.8193848619867414
O=C(Cc1sccc1Br)C1CCCCS1,-4.528,12.67154079029066,12.673272900083862,3.2035872081153025
CCOc1ccc(OCC)c(Nc2ccnc(Nc3ccc(C)cc3)n2)c1,-5.614,4.678057502853081,7.470716364579772,3.006719142188043
C1=CC=CN(Cc2nnco2)C=C1,-3.903,12.301314523253195,12.543006776686362,3.0938781488610703
CC1CC(C)N(C(=O)COCC(=O)O)C1,-4.897,13.661623695593434,11.72639543934964,2.8968275751242083
CC1=NN(c2ccc(Br)cc2[N+](=O)[O-])C(=O)C1(O)c1ccccc1,-5.934,7.70079275139904,8.068274536727168,2.872173567178696
O=C1CCCCC2C(=O)CC(C1=O)C2=O,-3.912,13.138679766247444,11.962385130064991,2.7398030951146835
CNC(=O)c1ccccc1COC(=O)Nc1c(Cl)cncc1Cl,-5.161,3.8318050576719065,8.158239515974019,8.957638416457767
CC(=O)Cn1nc(NC(=O)C(C)(C)C)cc1C,-4.801,12.113320642994637,12.8513128123161,2.858175641908663
FC(F)(F)c1ccc(OCCNCCN2CCCC2)cc1,-4.661,12.441631163155417,8.510686282550896,8.632214605766007
O=C(NN=Cc1ccccc1O)c1ccc[nH]1,-4.869,5.348226061041174,7.792881751958,3.502840704342691
CCNC1CCCCCC1[S+]([O-])c1ccc(Cl)cc1,-3.077,14.119585192207312,7.745998838109905,7.324073593294922
CCCOc1ccc(C=CC(=O)Nc2nc3c(s2)CCCC3)cc1OC,-5.208,4.503934391174011,8.083750923921395,2.941147735153744
CC1CCOC1C(=O)Nc1cc(Cl)c(O)c(Cl)c1,-4.87,12.559137151890651,12.367110980338133,2.6825355542844167
Cc1ccc(NS(=O)(=O)c2cc(NC(=O)C3COc4cc(F)ccc4N(S(C)(=O)=O)C3)ccc2Cl)cc1,,,,
COC(=O)c1cccc(C#CCN)c1,-5.141,12.701841362574168,12.631616444461887,2.843445445230134
OCC1NC(CO)C(O)C(O)C1O,-4.568,6.870323573165968,7.450992014490419,2.963496077270897
Cc1cccc(NC2CCN(C(=O)Cc3ccc(Cl)cc3Cl)CC2)c1,-5.897,12.859979510092542,7.284448366211404,9.820574728599135
O=C(NC1(c2ccc(Br)cc2)CCOC1)c1cn[nH]c1,-4.853,12.77671374023853,11.923222509036725,9.205404065004425
CCOC(=O)c1sc2c(c1N)CCCCC2OCC1CCOCC1,-3.36,7.038272089085502,7.794875816842754,3.593541985284157
Clc1cc2nc(-c3ccccn3)oc2cc1Cl,-4.812,12.805756400931575,12.822610537640141,3.0542943538565495
CCCCCC=CC=CC=CC=CCCC=CC=C1CC(=O)NC1=O,-5.324,4.173811447586008,7.570758746651486,2.866868849459285
C=CCCN(C)S(=O)(=O)CCCNC(C)C,-4.004,12.794888549729537,11.980616052607648,2.981409398254456
Nc1ncccc1C(=O)Nc1cccc(I)c1,-5.021,13.26101383756159,13.157247584506418,3.1250891187292567
CCCOc1cccc(C(=O)N(C)CC(=O)N2CCCC(C)C2)c1,-5.331,12.719018908705184,11.995269317526807,2.8766197176547337
Cc1ccc(-c2nnc(Sc3ccc(C(F)(F)F)cc3[N+](=O)[O-])n2N)cc1,-6.146,4.545676737296659,7.824041219216575,3.2017557683246234
CCCc1nonc1CN1CCCCC1=O,-4.97,13.427635272079742,11.938203131124885,2.9999708331915493
CC1(C)CCC1C(=O)OC(c1cccc(Cl)c1)C1CCNCCO1,-3.662,6.053510056157502,7.428998990442789,2.9361421968290293
C=C(C)CN1CCC(CN=C(NCC)N2CCC(C)CC2)CC1,-4.678,4.722590602624793,8.481704074064362,6.404073235059074
NC(N)=NN=Cc1cccc(C(F)(F)F)c1,-5.284,12.101745493935988,12.110701589916252,3.0883387119938766
Cc1ccccc1C1CC(NCC2CC2)C1,-4.285,12.863621496297222,7.339007834850703,8.006827336717084
CC(NC1CC1C)c1ccc(Cl)c(Cl)c1,-4.612,13.967226532135864,8.493936484339873,9.036316340190842
CCOc1ccccc1OCc1nc(-c2nccn2C)n[nH]1,-4.989,4.393217613549322,8.234970370317066,3.642084842504358
Cc1nc(N)nc(Nc2cccc(C(F)(F)F)c2)c1Cc1ccc(C(N)=O)cc1,-6.479,4.708394843256032,8.32435565073958,3.59798221229622
CN(C)c1cccc(NC(=O)OCCOCC(N)=O)c1,-4.562,4.4490668684568,7.754556402528774,4.617253404351985
O=C(CCC(F)(F)F)NCCOc1ccc(NC(=O)C2CC2)cc1,-4.564,4.801494142451909,7.77678108217018,3.016501450356025
Cc1ccc(OCCN2CCN(C)CC2)c(C2CC2C(=O)O)c1,-4.468,4.697761701065731,7.816808747820302,5.968649847327284
CCCc1nc(C)nc2ccc(C)cc12,-5.105,13.829213607432637,12.954365441811499,3.089029782957749
Cc1cc(F)c(C)c(S(=O)(=O)NCC(C)(O)CN)c1,-5.226,4.952405173246632,7.2626239059998134,3.0706054777519043
CCn1ccnc1CC(O)CCC(C)(C)C,-4.228,7.904873180513397,8.146351576012417,3.0583780014903317
NC1=Cc2ccccc2SCC1,-3.383,13.735458820148676,12.304367151544204,8.851698932973264
COc1cc(C2OCCCN2C)cc(Br)c1OC,-4.941,12.344360817798547,13.018680271056663,2.97767980145616
C=C(C)N=C(NC)Nc1ccc(Br)c(C)c1,-4.73,13.57595882433355,7.306807921384001,8.212946243583968
COCCC(C)NCc1ccc(Cl)c(C(F)(F)F)c1,-4.593,13.744620256667698,8.039458563858638,8.767422597320149
CCc1nnsc1C(=O)N(C)CCCBr,-4.373,12.54299218687471,12.67077878427368,3.2692002080019513
CC(N)C(=O)NCc1ccccc1I,-5.141,12.61710204444745,12.567068393225208,3.017343367931466
Cc1nn(-c2ccc3ccccc3c2)c(C)c1CCN,-5.739,4.835902811264924,8.140641866585213,5.248158724733847
CSCCC(NC(=O)C(CCCCN)NC(=O)C(CCCCCN)NC(=O)C(N)C(C)C)C(=O)NC(C(=O)NC(CCC(=O)O)C(=O)O)C(C)O,,,,
CCOc1ccc(C(=O)NCc2ccc(Br)cc2)cc1OCC,-5.13,4.503231173279914,8.36564145777238,9.250395721265116
COC(=O)c1cc(-c2csc(NC(=O)C=Cc3ccc(C)cc3)n2)c[nH]1,-6.519,4.503011991989362,8.241927019817634,2.9685924273972
CCCn1c(NC(=O)c2ncoc2Cc2cc(=O)[nH][nH]2)nc2ccccc21,-5.97,4.206313112453708,7.9615491582982765,2.9335161496061346
Cc1onc(N2CCOCC2)c1CN,-4.352,14.201509497233031,12.22775257355169,2.929295478438459
Cc1ccc(C(CCN)OCc2ccccc2)cc1,-4.476,6.499481902428838,7.864211912200738,3.0027214323010383
Cc1cccc(C=C2NC(=O)NC2=O)n1,-5.288,13.226012777855615,12.74736686535694,3.0024045363674765
CCOC1CN(C(=O)OCc2ccccc2)C12C(=O)Nc1ccc(C)cc12,-4.722,7.258856728163188,8.07237430995367,3.1352151441328555
Cc1cccc(C(N)C(=O)NN2CCCC2C(=O)O)c1,-5.494,12.830830916195568,12.03253431326917,2.860158037591629
COc1ccc(C=CC(=O)Nc2cccc([N+](=O)[O-])c2C)cc1OC,-5.609,13.060518710985411,8.477942262129414,6.712756512789661
Nc1ccc(Cl)cc1C(N)CCCC1CCCO1,-4.836,6.077506561082431,7.4788559285495,3.06699250080596
COc1ccc(CN2C(=O)c3nc(Nc4cccc(F)c4)nc(NC4CCN(c5ncccn5)CC4)c3C2=O)cc1,-6.617,4.349588141422127,8.337007316777406,3.4870609401041452
CC(=O)N(c1ccc(C(N)=S)cc1)c1cccc(Br)c1,-4.842,12.63359877469599,11.380529557098827,8.884041985492864
CN(c1cccc(OC(=O)NCc2ccccc2)n1)C1CCOCC1,-5.501,4.338890872100841,8.239869780524446,5.418940302310037
S=C(NCC1CCCO1)Nc1nn[nH]n1,-5.128,12.939852742593324,11.98267787266269,3.045553480075502
CCS(=O)(=O)Cc1n[nH]c2c1CCNC2,-4.753,13.713829443302846,12.010665260509095,2.7696904159129407
Cn1cc(-c2ccc3cc(-c4ccccc4)[nH]c3c2)c(-c2ccccc2)n1,1.363,12.705635521295264,7.7992100882076505,7.851122085409194
Cc1cc(CC(N)C2(N(C)C)CCCCC2)on1,-4.999,12.512080162786681,12.338990598910431,2.917246647097225
CCC(NC(=O)c1ccco1)c1ccc(OC(F)F)cc1,-5.276,12.564312197649341,12.556597389420432,3.2237912463433482
COc1cc(C=Nc2c(Oc3c(C)cccc3C)nc3ccccn3c2=O)ccc1OC(=O)c1ccccc1,-6.81,3.781987572692433,7.901552505678868,3.335117089398811
CC(C)N(C)CCCN1CCCC(NC2CCCC2)C1,-4.41,12.732495827605835,13.07481124146731,3.0102979918938257
Cc1cccc(N(CC(=O)N(Cc2cccc(Cl)c2)C(Cc2ccccc2)C(=O)NCCCc2ccccc2)S(C)(=O)=O)c1,,,,
Cn1cc(-c2ccnc(Nc3cccnc3Cl)n2)cn1,-5.531,12.509180029082641,12.895134004732173,3.01250211618183
CCCCCCCCCCCCCCCCCCCCCCCC(COP(=O)(O)OCC[N+](C)(C)C)NC(=O)CCCCCCCCCCCCCCC,,,,
CC1=CCC(C=N)=C1,-3.92,12.108955446280246,11.140049057342612,8.333332826666652
Cc1ccc(Nc2ccc(NC(=O)c3ccc(C)cc3)nn2)cc1,-6.517,3.6240776757680004,7.578353185224346,3.742754466966809
Nc1ccc2c(c1)C(=O)N(CC(c1ccccc1)C(F)(F)F)C2,-6.071,12.149504598953818,12.872224127943081,2.7583228600002574
CC(C)(C)OC(=O)NOC1CCCN1C1CCCCC1,-4.78,7.073813186676617,8.09221582757158,2.9609042537711363
O=C1NN(c2cccc(F)c2)C(=O)C1=Cc1ccc(OCc2ccc(Cl)cc2)cc1,-6.806,12.669903748647817,7.499988933325168,8.320045733047385
O=C(NC1CCCC12CCO2)OCc1ccccc1,-4.789,4.414108517016771,7.09980577199123,7.875632482537514
CCC(CC(N)=S)NC(=O)C1CC1,-4.701,12.73250179658342,12.491157512416532,2.922782407227743
Cc1ccccc1N(C)CC1NCCC1C,-4.107,14.665631387703701,13.078367673375757,2.8254135980418873
Nc1cc(C(F)(F)F)nn1-c1ccc(F)c(Cl)c1,-5.496,12.538998404976372,12.893409556823983,2.9979476312971176
Cc1nc(Oc2cc(C(N)=O)ccc2N)ncc1[N+](=O)[O-],-4.838,6.446137603247389,8.601975470785765,3.1025615223553586
NN=Cc1cc(Cl)c(C(=O)Nc2cccc(O)c2)s1,-5.345,13.146388477448856,12.053430175680282,3.054611431917323
NCC1CCN(Cc2cccc(F)c2)C1,-4.791,12.578018405138387,13.000948080813183,3.0858964661828825
CON=C(c1ccccc1)C1CCC2(CCCCC2)O1,-5.473,4.3206381473111115,7.8735453894671865,7.668129237304232
NCc1ccc(S(=O)(=O)NC2(C(F)(F)F)CC2)nc1,-5.19,12.547056467554453,11.729573265895056,2.778885747921278
C[N+](C)(CCc1ccccc1)C1CCCC1,-4.845,12.944729661140089,12.883343859417863,3.263252518577133
COc1ccc(OC)c(C2CCCN2c2ncnc(NN3CCCCC3)c2[N+](=O)[O-])c1,-4.801,7.287001166460727,10.628632038037631,5.924297848690594
CCCCCCCCCCc1c[n+](=O)o[nH]1,-3.588,12.391672849135423,12.458528163470996,3.253545297056735
COC(=O)c1ccc(C(NC(=O)O)C2(C(F)(F)F)CC2)cc1,-5.651,12.73558267218269,12.142212360192024,2.9999116653661657
COc1ccc(C(=O)N2CCC(Oc3nc4cccc(OC)c4o3)CC2)c(F)c1,-5.624,4.913835670838005,7.946130316072093,3.343755523359924
Cc1ccccc1NC(=O)C1C2C3CCC(C3)C12,-4.864,10.170700074232846,8.498413499000858,12.491459362300308
CCN(CC)C(=O)CC(C)Nc1cccc(C)n1,-4.792,12.684006504255665,12.865275201098498,3.4140960736335475
OCc1nc2cccnc2n1CCC1CCCCC1,-5.027,4.0782117404568385,7.942913193532962,5.196348044540512
COC(=O)c1ccc2c(c1)C(=O)N(c1ccccn1)C2=O,-5.226,5.126249506217971,7.746526253747546,2.857557698455098
CCCCOCCOc1cc(C)c(C)cc1CNC,-4.458,12.519399266738,12.926394740994104,3.014461477610885
Cc1cc(C)c(O)c(CNC(C)C)c1,-4.783,12.74901549140168,12.735034746713493,2.8717754090457706
N=C(N)c1ccc(N2CCN(CCc3cccc(O)c3)CC2)cc1,-5.88,5.059226620739577,8.222866288588182,2.9847086960036817
CCCN(C(=O)c1ccncc1Cl)c1ccc(S(N)(=O)=O)cc1,-5.491,12.563916626593796,12.677418783017307,2.796816761963501
CCCCCCc1ccnnc1,-3.986,12.841219490375515,12.918235521927908,3.0520502944741916
CNC(=O)c1cccc(NC(=O)CN(c2ccc(OC)cc2)S(C)(=O)=O)c1,-5.303,4.875961648741712,7.073851920983361,3.135982940004616
NCCC1CN(C(=O)Cc2ccccc2Cl)CCO1,-4.823,12.820370782469594,12.585873589068024,3.0722244384159176
c1ccc(N(CC2CC2)C2CCNC2)nc1,-4.599,12.729505449937951,13.106230312336193,3.2967488530368825
CON(C)S(=O)(=O)c1cnc[nH]1,-4.116,12.680534491889528,12.419650558691256,3.0141620726165343
C[S+](N)CC(=O)Nc1ccn(CCN2CCOCC2)n1,-4.777,4.304551660742382,7.946055625277236,2.9398818003450407
O=C(Cc1ccc(F)cc1F)c1cc(Br)cnc1-c1ccco1,-5.498,12.425794059133606,6.784741483652859,7.6612744370633274
FC1=CC(NOc2cccs2)=CCC=C1,-4.024,12.851080032433073,12.951105010770316,2.9684677865862046
COc1cncc(C=CCO)c1,-4.539,14.717829867205287,12.580673829330447,2.96824459908546
O=C(c1ccc(OCc2ccccc2)cc1OCc1ccccc1)N1CCCC1CO,-6.615,4.333992385780114,8.174335997498511,2.9307481979863095
CCOc1cc(C=C2SC(=Nc3ccc(CC)cc3)N(C)C2=O)cc(Br)c1OCC,-5.055,4.460151342723697,8.653334501797557,3.4926628809548736
COC1CCC(C(=O)NCc2ccc(Cn3cccn3)cc2)C1,-4.913,12.65265813969539,8.913434467140037,9.14099130291677
CC=CC(=CC)C(CCC1=CCN(SC)C1)=C(C)CCC,-4.337,12.575546946355853,11.628980780790723,8.917091958704923
CC=C(Cl)C=C(C)C,-3.174,12.679957925797703,11.749540501653671,8.999570489751163
CCCCCCCCCCCCSCCCCC(=O)C(=O)Sc1ccccc1,-3.659,11.066334216894049,7.382405976373827,8.32069023579174
COc1ccc(C=Nc2ccc(-c3nc(-c4ccc(Cl)cc4)c(C)s3)cc2)c(OC)c1,-6.255,13.175172750290601,6.970327969328273,7.601563062949619
CN1CCOC(COc2cnc(Cl)nc2Cl)C1,-4.999,12.645053143423322,13.116408273609053,3.2796704102699095
CCCCCCC(CCCCCC)n1c(=O)nc(O)[nH]c1=O,-4.481,4.481256631794256,8.018564584762037,3.0675346778805936
COc1ccccc1CC1CNCCN1C1CC1,-5.254,12.28009808592749,12.641567980278396,3.1417218209128572
Cn1cc(CN)nc1CNc1ccc(C(C)(C)C)cc1,-5.274,5.214871906384662,8.209752371417789,3.056804867831769
O=C(Nc1ccc(S(=O)(=O)N2CCOCC2)cc1)c1ccc(F)c(F)c1,-5.893,4.281019154360326,8.125393098183004,3.2090503268101003
O=C(C1CC1)N1CCCN(Cc2nc3c(Cl)ccc(Cl)c3o2)CC1,-3.713,4.03678002868623,8.493002943600102,3.664274825937598
C=CCOc1c(C=Nc2ccc3c(c2)C2CCCC2C2CCCCN32)cccc1OC,-5.79,12.486699243595162,7.672868759466695,8.598084147064391
C=C1c2cccc(Cl)c2C(=O)N1CC(=O)OCC(=O)NC1(C#N)CCCC1,-6.031,10.56363829369408,8.700605955909047,12.843548185762375
COCc1nc2oc(C)c(C)c2c(=O)n1CC(=O)Nc1ccccc1C#N,-5.717,4.867996096958171,7.926471913783584,5.434409719555565
CC(N)Cc1ccnc(N)c1,-4.389,16.2933297701851,11.770743137117554,3.020085760371715
C=CCOC(CNC(C)(C)C)c1ccco1,-4.359,12.661786959193398,12.759966065785598,3.015609225347343
CC(C)(C)OC(=O)NC1(c2cccc(-c3cc(C(C)(F)F)on3)c2)CC1,-5.796,3.7097592913826634,7.710524106699881,3.0972931730787137
CCc1oc(CCNC(C)=O)cc1C(=O)Nc1ccc(OCCCc2ccccc2)cc1,-5.901,10.935255552569403,7.448181053116257,9.43810987433395
COC(=O)Nc1nc2c(s1)CN(Cc1nc3ccccc3[nH]1)CC2,-6.094,4.19522323601498,8.432464052695392,3.250957705046316
Cc1ccc(C(CCC(=O)O)NC(=O)C2Cc3ccccc32)s1,-5.115,4.8957849217464595,7.0411795886768855,4.1512823320029675
CC1(NS(=O)(=O)CCCCN)CC1,-3.591,7.762219978846257,7.542242968772618,2.962674636202903
O=C(Nc1cccc(OCCNC(=O)c2cc(Cl)ccc2Cl)c1)Nc1ccccc1Cl,-5.678,5.397821597644739,7.593697518337163,5.450731785732995
CN(CCCC(C)(C)CN)c1ccccn1,-4.58,12.739333891534518,13.195567513373572,2.918973278397732
CC(N)Cc1ccc(C(CC(=O)CO)C(=O)Nc2ccccn2)cc1,-5.332,4.748313490072027,8.245674987531341,2.9339533056952356
Cn1nc(C(=O)NC2CCNC2)cc1NC(=O)OC(C)(C)C,-5.28,4.455318282681945,7.772668589358482,3.0092450880578
N#CC(C#N)=CNCCN1CCOCC1,-4.224,13.128630735914541,12.648039373752756,3.0716161869608647
COC(N)CNCc1ccc([S+]([O-])c2ccccc2)cc1,-4.989,12.353092730162759,8.546870772393834,9.073451603441768
COc1cccc(Cn2cc(C(=O)N3CCNC(=O)C3Cc3ccc(Cl)cc3)cn2)c1,-5.889,4.429465091859286,7.512552828433221,9.752955346970476
COc1ccc(C(=O)CCc2ccsc2)c(OC)c1,-4.432,5.720916447563275,8.151425764858562,3.09949753992482
O=C(NCCCc1c[nH]c2ccccc12)c1cccnc1N1CCCC1,-5.523,4.418015391553089,7.3374766779867855,3.9053729655437524
CC(C)CC(=O)N1CCCC(C(C)c2cccc(CC(=O)c3ccc4scnc4c3)c2)C1,-5.572,5.00573251382852,8.269370229951008,3.60193919993106
CC1CN=C(NCCC(C)(C)C#N)N1,-5.192,12.660655828194685,12.632428349292152,3.0996314297025704
O=C1Nc2ncnc(Cl)c2CN1c1cccc(C(F)(F)F)c1,-5.688,5.133689998431928,8.200918302239085,3.266407200579866
[O-][S+](Cc1ccccc1)C1C2CCC1CC2,-4.406,4.318060328434516,7.760500692609981,10.012733642717158
COc1cc(C=NN2C(=O)SC(CSc3nc4ccccc4o3)C2=O)c([N+](=O)[O-])cc1OC,-6.105,5.024702677771093,8.02893075072889,3.172449526785259
CCCCC1(C)CC(C)N(CC)c2ccccc21,-4.436,12.636131923971037,9.245852854117894,8.998057290326619
OC(c1ccnc(OC2CCCC2)n1)C1CC1,-5.007,6.098066086883612,7.4375980665803665,2.8511562566790336
Cc1noc(N2CCC(Cc3ccn[nH]3)C2)c1CO,-5.234,12.747402166716167,11.99988374943691,2.804510117649783
C=CCNc1ccc(C#N)c(C)c1,-4.289,12.695006656162098,12.783704353590158,3.368494173959635
Cc1c(CC(N)Cc2ccc(O)cc2Cl)c(=O)c(-c2ccc(F)cc2)c(CCC(=O)Cl)n1C1CC1,-4.542,5.620794338881293,8.3607842335513,3.256899292271715
Cc1ccc(-c2ccc(-c3nc(-c4ccccc4)nc(-c4nc(-c5ccc(C)cc5)sc4C)n3)cc2)cc1,-8.378,4.991646822442468,8.33381275287608,3.5741440933459865
CCCc1nc2c(CC)nn(CCC)c2c(=O)[nH]1,-4.72,12.634863275872835,13.036241866427611,3.0424079279412872
O=C(Nc1ccc(Cl)cn1)c1cc(-n2cccn2)ncn1,-5.472,6.381007757400079,8.280813667750289,3.3092553543055576
O=C(COC(=O)c1cc(=O)[nH]c2ccccc12)NCC1CCCO1,-5.963,12.553603267588155,12.63770279758153,3.1690427576793603
CC(C)OCCN(C)C(CN)CS(C)(=O)=O,-4.018,5.457815955123441,7.620204065509007,3.0112133766971754
COc1nsc(NC(=O)NC2CC(C)(C=Cc3[nH]nc4ncccc34)Oc3cc(O)ccc32)n1,-6.547,3.7189763376499183,8.1179793668129,4.5993832195197655
Cc1c(Cl)cccc1NC(=O)c1ccccc1NC(=O)CSc1ccc(F)cc1,-5.587,4.20481117293036,8.256515608899434,9.008539781784838
NC(=S)c1cccnc1NCCc1ccc(N)cc1,-5.365,13.122078265274903,12.583017960727863,3.186069992953702
CCc1ccc(C(NC(=O)c2ccc(C)o2)c2ccc(C)cc2)cc1,-5.628,12.804149054115234,7.075608101075129,7.606399213819899
CC(=O)ON=C1CN=C(c2ccccn2)C1,-5.459,12.409793269833306,12.259388769428922,2.8745027396055827
COC1CCC(Oc2ccc(F)c(C(C)N)c2)C1,-5.015,12.619953605302992,13.039765527033069,3.155166556617891
COCC1(C(=O)NCn2cccn2)CCNCC1,-4.459,12.588341034465186,12.600706884933082,3.1301132567368875
NC(N)=NN=Cc1ccc(Cl)cc1Oc1cccc(Cl)n1,-5.465,4.7334686013535565,8.169423847493775,4.526689077018655
CCCCCNCCC(=O)Nc1ccc(NC(C)=O)cc1,-4.205,13.659370044039367,7.46866594513371,7.533799970798269
O=C1COC(c2ccc(Cl)c(Cl)c2)N1NCc1ccccc1F,-6.76,12.963403912553217,12.590468299471627,2.97595379668435
NC1CCCN(c2ccco2)C1,-4.508,7.052618308117914,7.925332169694844,2.992570467006583
CC(=O)N1c2ccc(NC(=O)CC34CC5CC(CC(C5)C3)C4)cc2CC1C,-5.7,12.47643518798539,7.3423097864364175,9.733940928524273
CCCNC1CCC(OCc2nnc(C)o2)CC1,-4.769,4.314030482043444,7.854130951289264,2.9447237561441986
CC(C)(C)c1cccc(-c2ccncc2)c1,-5.194,12.982074949714317,13.02550674638035,3.4202486751696872
C#CCNCc1cc(F)c(F)cc1O,-4.84,12.715660698524477,12.811777745496524,2.7069305495339178
CCOc1ccc(C(=O)CN2CCC(c3nc4ccccc4o3)CC2)cc1,-6.051,4.664749832520497,8.366054028034961,3.7400022727265827
CCCCn1ccc2c3c(ccc21)C(=O)C(=O)C3(C)C,-5.144,13.12307837361341,11.995912178738223,2.974725029309432
CN1Cc2nc(C3CCCC3)ncc2C1=O,-4.439,7.196706260505566,8.292663986922417,3.1017246815280046
COC(=O)c1cc(Cl)c(Oc2ccc(C(=O)Nc3cccc(OC)c3)cc2S(C)(=O)=O)c(Cl)c1,-5.682,3.6713430784932095,7.485904220600207,2.8831545223938324
O=C1NC12CC1CCC(C2)N1CC1CC1,-5.229,12.781208315335448,12.742968374754762,3.105398847169233
CC(C)c1nsc(NC(=O)c2cccc(CN3CCC(C(=O)O)(c4ccccc4)CC3)c2)n1,-6.407,4.718267584611962,7.946846041040432,3.1339759092883916
CCc1ccc(NC(=S)NC2CCCCC2)cc1,-4.722,12.793088954587942,7.516892775608815,8.117099728351254
CCOc1cc(C=C2C(=O)NC(=O)N(c3ccccc3OC)C2=O)ccc1OCc1cccc(C)c1,-6.837,4.806566550043804,7.829786714847345,3.006862816957235
CCN1CCOC(CN2CCC(CC)(C(=O)O)C2)C1,-4.755,8.203559837046354,7.989128112629061,3.0248130520744585
Cn1ncc(C(=O)NC2CCCC2CO)c1C1CC1,-5.061,12.518553790274659,12.89990949580655,2.9009422607146114
Cc1ccc(C(C)(C)NC(=O)c2noc3c2CCCC3)cc1,-5.55,10.85837206951392,8.574158500984222,12.156744712298602
O=C(O)C=Cc1scnc1-c1cc(Br)ccc1Cl,-4.711,11.951413514727035,11.010955726003079,8.3603815104336
CCCCSCC(C(=O)O)n1c(C)c(C)c(C(=O)OCC)c1C,-3.887,12.624464067832742,11.382391752175815,8.83101155021326
CCOC(=O)c1ncn(Cc2cc(Cl)ccc2Cl)n1,-5.308,12.587184633586656,12.64298513010278,2.846770099604111
C=C(C)N1CCCC12CCN(C(=O)c1cscn1)CC2,-4.587,6.152595956179798,8.785158450477715,3.0137221172496975
O=S(=O)(CCO)NCC1CCSCC1,-4.09,12.347169554193384,12.694531814919367,2.769015348458726
CC(C)CCSC(C(=O)Nc1cccc(N)c1)c1ccccc1,-4.527,3.9854739994133688,8.555865824099861,10.171990758941929
CCc1nn(C)cc1C(NN)C1C(C)(C)C1(C)C,-5.16,12.68336915019034,12.933900146514198,3.138276278468803
CN1CC2CC2C1CO,-3.919,16.545100362342925,13.601894904755,2.859612211472038
CS(=O)(=O)c1ccccc1Nc1ncnc(Cl)n1,-5.694,12.42436143228295,12.148353427522597,3.0514707929128204
OCCC(NCc1ccccn1)C1CC1,-4.09,13.308411700875503,12.852753245900274,2.8317415136272595
Cc1ccc(C)c(NC(=O)C(C)OC(=O)c2ccccc2-n2cnnn2)c1,-6.285,4.467010297727105,7.067452794324132,3.129970447144829
CCC(C1CC1)N1CCC(N)(c2cnn(C)c2)CC1=O,-4.289,13.253072587139936,12.189813575276695,8.960932652352657
O=C(CCOc1cccc(F)c1)Nc1cnc2ccccn2c1=O,-5.448,10.508709673409005,8.562384831342259,12.534840485622464
Cc1c(C=Cc2ccccc2)sc(C=Cc2ccc(NC=CS(=O)(=O)O)cc2)c1C,-6.265,6.98418348842583,8.242525462502375,2.904282011100161
CC(C)N1CCC(NC2CCC(C(=O)O)C2)C1,-4.995,12.934198815543235,12.774161498900819,2.780816786485582
CC(C)c1nc(N)c(S)[nH]1,-4.255,16.648525039774544,11.756301671869432,3.0485257092568534
CC(O)C1C(=O)N(C(=O)OC(C)(C)C)C1C(O)c1ccccc1,-5.062,12.722141722210141,12.041364374521685,3.0034275419926484
C=CC(=O)N1CC2(Cc3ccccc3N(C3CC3)C2=O)C1,-5.043,3.346126865496884,7.400416812585626,8.742218825904555
COc1ccccc1OC1(C)C=CC(O)=C(C2OC=CO2)C1(O)O,-4.749,8.399810295476916,8.075351942794814,3.0265409298405332
O=c1c2ccccc2nc(Nc2ccc(Cl)cc2)n1-c1ccccc1,-5.589,11.008304047399854,7.464575607494375,9.189934384967067
NC1CCC(=CO)C1,-3.709,16.103695259163345,12.799223179552733,2.8415949746577187
CC(=O)c1ccc2oc(-c3c(Cl)cccc3Cl)nc(=O)c2c1,-5.324,4.341857436627786,8.127993971454456,5.89545494427699
COc1cccc(N2CCSCC2C)c1Cl,-3.949,12.546354729561891,12.790997341880734,3.0605795202869666
CCOC(=O)c1cc2cc(SCC3CCCCC3)ccc2o1,-5.356,4.075250421753245,8.079003280108259,3.0344984758605498
COc1ccccc1NC(=O)c1ccc2c(c1)CCN2C,-5.479,10.21691279203263,8.685034657386232,12.628170968117276
C=CC1=COC(OS(=O)(=O)O)C1=O,-4.977,7.579501962530255,8.05538285868524,2.808241620658735
CCOC(=O)c1nnc(Cc2ccc(F)cc2Cl)s1,-5.305,12.43710392334164,12.446245297277407,2.9637228277961487
COC(=O)CCC=C(C)C(C)C,-4.23,12.479558525845375,12.46910329574665,3.056497505315521
CCN1CCC(CN2CC(O)(CN)C2)C1,-4.565,12.886970862076163,12.721517755362369,3.1433490102118795
COc1ccc(NC2CCC(OC)C2)cc1OC,-4.962,12.551846159031747,12.792899514965322,2.9366560915435773
O=C1CCC(=O)N1c1cc(O)cc([N+](=O)[O-])c1,-5.175,13.1120944169877,11.938671994824213,2.8299335681248774
O=C(COC(=O)c1cc2cc(Cl)ccc2[nH]1)Nc1ccc(Cl)cc1,-6.243,12.403686145658476,7.312231533533385,8.414152363726249
CC(N(C)CC1CC(O)C1)C(F)(F)F,-4.058,14.528541771285926,11.99780538265228,3.032211734031778
CCCCn1c(N)c(N(C)Cc2cc(CC)nn2C)c(=O)[nH]c1=O,-4.986,4.231135663152387,7.823808024229633,3.6168043906188787
CNC(=O)C1CCCN1Cc1nc(-c2cc(C)oc2C)no1,-5.945,4.5756611544125505,7.142987120245983,5.188577261639264
NC(N)=NN=Cc1ccc(F)c(Cl)c1,-5.097,12.534791661611294,12.490624243807833,2.9780052048309114
COc1cc(OCc2ccc3c(c2-c2ccc(F)c(F)c2F)CN(CC2CC2)CC3)cc(C(=O)O)c1,-6.392,4.500029555458497,7.820849442355991,2.879877427947239
CCCC(C)NC(=O)Cc1ccc(N(CC)CC)nc1,-4.092,4.445807125820911,7.446281555246215,8.784352964219961
O=C(O)C1CC1C(=O)Nc1ccc(N2CCCCC2)cc1,-5.714,4.674538159005657,8.0810334116374,2.9516383586069623
CCCCCC=CCCCCCCCC(=O)OCCCCC=CCCCCCCCC(=O)NC(CO)C(O)CCCCCCCCCCCCCCCCCC,,,,
COc1cnc2ccc(C(=O)O)c(C)c2c1OC,-5.131,12.499336022365348,11.661968701724422,9.146908439467403
CCc1nc(Cl)cc(N2CC(=O)CC(C)C2)n1,-5.444,12.554073880617398,12.918274265551107,3.1182730797670684
COc1cccc(CNCC2(N(C)C)CCC2)n1,-4.795,12.643035474125666,12.480426194645757,3.1050798701482707
O=c1c2ccccc2ncn1-c1ccccc1N1CCCC1,-4.79,12.978904922989459,7.563428653725769,7.475801027314732
Cc1cccc(C(=O)CN2C(=O)CCN(C)C2=O)c1,-5.801,13.000755785722614,12.179814571659128,3.175862402560917
CC(C)CC(NC(=O)C(CC(=O)O)NC(=O)C(N)Cc1ccc(O)cc1)C(=O)NC(Cc1ccccc1)C(=O)O,,,,
CCCCCCCC=CCC=CCC=CCCCCCCCCCCCCCCCCCCCCCCCCC(=O)NC(COC1OC(CO)C(O)C(O)C1O)C(O)C=CCCC=CCCC=CCCCCCCCCCCCCCCCCCCC,,,,
Cc1ccc(C(=O)N2CCCC(Cc3ncc[nH]3)C2)cc1,-5.516,4.308527590720523,7.675199020220909,5.094155670962559
CC1C(=O)OC(c2cccnc2)C1(O)c1ccccc1Cl,-5.464,12.206269331781927,12.462425887442622,2.881230813385141
CC(C)c1ccc(N(C)CCN(C=O)OC(C)(C)C)cc1,-4.804,12.934286953674716,8.502252583874464,7.37434342840093
Cc1ccc(CCCNC(=S)Nc2ccc(C)cc2Cl)cc1,-5.421,4.385308312992372,8.440074703460864,9.888813073367299
CC(CCc1ccccc1)NC(=O)CSc1nnc(C(C)C)o1,-5.616,5.171430556432137,7.170155367912189,2.9017022590196944
CC(C)Sc1cccc(C(=O)NCCc2ncc[nH]2)c1,-5.1,12.894979100409586,12.499853879145947,2.9665606348092735
COC(=O)C1N=C(C)c2ccccc2S1(=O)=O,-5.259,8.131095252178515,8.162634011151058,2.9950854745733055
Cc1nnc([N+](=O)[O-])n1CC(=O)NN(C)c1ccccc1Cl,-4.821,10.7253705763484,8.800413058487653,12.3807656467603
NCC#Cc1cccc(CNCc2cnc[nH]2)c1,-5.454,12.561186966206657,12.494369691985266,2.851577808863016
C#CCNC(=O)c1ccc(=O)n(CCC)c1,-5.203,12.806460088564677,12.660489879937506,3.1417835698851055
O=C(Nc1ccccc1)OC1CCC1CCO,-4.424,4.366731615293067,7.366633559503282,6.921751512442497
CCOc1ccc2c(c1)nc(N)n2Cc1ccc(C)cc1,-4.967,12.609388327750082,7.352377098598792,8.993351433142152
CC1=CC=CNN1C,-3.273,14.132015461355822,12.815890683054379,3.015503274745362
CC1(C)CC(=O)CC2(CC2)C1,-4.597,12.77667409774547,11.923386976861902,9.407152916796878
CCOc1ccc2c(c1)CC(=Cc1cnn(-c3cccc(C)c3)c1)C2=O,-6.08,12.551333076609831,7.449789594344259,9.985251974787616
COCc1nc2cccnc2n1C1CCCC1CN,-5.28,12.425119476286739,12.23150559007353,3.0083447275869166
NN=NC(N)=Nc1cc(Br)ccc1C(=O)O,-5.31,14.44602329362652,12.077324082759393,2.8423696100261133
Cc1csc2c(NC(C)c3ccc(F)c(C(C)C)c3)nc(N)nc12,-5.686,5.064382884419383,8.160511258493552,8.334167324934148
O=C(COC(=O)c1ccccc1NC(=O)C1CC1)NCC1(C2CC2)CC1,-4.916,10.825287478861704,8.87184507303864,12.62014041126326
CC(=O)OCCOCCOC(C)(C)OCCOCC(C)C,-3.803,12.70852898647204,12.094300723894706,2.8542624266174266
CCCNC(CCC1CC1)c1cnc(OCCC)nc1,-4.231,4.403122187720889,7.775555671461686,3.9171919789563545
COP(=O)(O)C(O)C1CO[P+](O)(O)OC1CO,-4.737,6.783862985055049,7.296810878733257,2.9300242319817085
CCC=CCC=CCC=CCC=CCC=CCC=CCC=CCCCCCCCC(=O)OCC(COC1C(O)C(O)C(O)C(O)C1O)OC(=O)CCCCCC=CCC=CCC=CCC,,,,
CC12CCC(C)(O)C3(CCCCCC3=O)C1CCC=C2CC=CC(=O)O,-3.741,13.818224958365672,6.790368914867587,8.051959637256013
CN1CCCN(Cc2ccc(NN)nc2)CC1,-3.353,5.036905895487824,8.324001261412686,3.096150028664632
CC1(Cl)C(Nc2ccc(Cl)cc2)OC(CO)C1O,-5.071,13.11761247331236,12.62941099180797,2.941820694739909
CCCCCN(C)c1ccncc1C(=O)OC,-3.507,8.069688593743873,8.578017952883986,3.1072357490219495
C=CC(=O)[N+]1(c2ccc(Cl)c(C)c2)CCCC1CCc1c(-c2ccc(Cl)cc2)nc2nc(-c3ccccc3Cl)oc2c1C,-5.766,4.215722595237974,8.297702212058466,6.308713498012095
C=CC1(O)CCC2C(=CCC3CC(O)CCC32C)C2CC(O)C3=CC(C)OC(C3)C21C,-3.686,4.333914627677845,8.727258045915681,7.517624691350321
CNc1ncccc1C(=O)N(C)c1ccccc1,-5.225,12.902863751896321,12.270783756549537,2.9138326993840944
COc1ccccc1NS(=O)(=O)c1ccc(F)c(C(=O)Nc2cccc(Cl)c2)c1,-6.498,4.59766690833514,7.736644556912253,3.2417689615393623
CCOC(=O)c1ccccc1NC(=O)C=Cc1ccc(-c2ccc(C)cc2[N+](=O)[O-])o1,-5.632,11.037746192044823,7.53016792641439,10.799484478436922
CCC(C)NC(=O)C(Cc1ccccc1)N(Cc1cccc(Cl)c1)C(=O)CN(c1ccc(OC)c(Cl)c1)S(C)(=O)=O,,,,
C1=CC2(OCCO2)C2CC1Cc1ccccc12,-5.13,12.933347478514602,13.143303770361547,3.471286360990692
CCCNC(=O)Cn1nc2c(c(C)c1=O)CNC2,-5.107,12.463219648228945,12.976140296713812,2.8053110344487653
Cc1nc(Nc2cccc3ccccc23)nc(N2CCN(Cc3ccccc3)CC2)n1,-6.521,4.901361545529976,8.252890463346766,3.4170001463271857
COc1ccccc1CNC(=O)c1cc(N2CCN(c3ccc(Cl)cc3)CC2)nc(C)n1,-6.002,4.502097844338793,8.34673475078728,9.832287628014145
CCc1ccc(OCC(=O)NC(=S)Nc2ccc(-c3nc4ccc(Cl)cc4s3)cc2)cc1,-5.956,5.017062686473032,8.056179243288968,3.1826444978979342
COCC(CCN)NC(=O)Nc1ccc(-n2nc(C)cc2C)cc1,-4.943,6.866991845051223,7.322744908843951,3.216429231306045
Cc1[nH]ncc1NCc1cc([N+](=O)[O-])ccc1O,-5.653,12.608213949644096,12.65259854733406,3.0567423836496266
CCC(CO)(CO)NC(=O)Cc1cn2cccnc2n1,-4.996,5.247286251006324,8.246872922508265,3.0903703661535453
CC1CC(C#N)N(S(=O)(=O)c2ccc3c(c2)OCC3)C1,-5.111,6.882285230938923,8.362279772884904,3.0468229354526004
NCCC1CN(Cc2ccc(F)cc2)c2ccccc21,-5.459,4.515484691591812,8.268707637835552,3.2201122651236864
Cc1nnc(Cn2c(=O)c3ccccc3n(CC(=O)NCc3ccccc3Cl)c2=O)o1,-6.732,12.532549860263872,12.37715726651318,2.992196684711752
CCN(CC)C(C)CNc1cc([N+](=O)[O-])ccc1C,-4.08,12.98053797036163,11.890785255818894,9.015395110587223
Cc1cccc(C)c1NC(=O)CNc1ccc(NC(=O)C2CCCCC2)cc1,-6.035,3.795860640223769,8.33306936248583,3.5960451888150686
O=C(CCN1CCN(Cc2cccc(Cl)c2)CC1)N1CCCCCC1,-3.995,5.240168127073787,8.335398070878199,3.6099698059679124
COc1ccc(C(=O)NC=Cc2ccccn2)c(OC)c1,-4.906,4.706738679807921,8.5381277807257,3.18231802307689
CCN(C(=O)COC(=O)c1ccccc1N)c1ccc(C)cc1,-5.047,13.636611235933948,12.151566318791993,2.9675843711679035
CC1(C)OCCC12CN(Cc1cccn1-c1cccnc1)CCO2,-4.892,15.130267314228126,7.722209204625319,8.273200771164689
Cc1oc(Br)cc1CN(CCC(=O)O)C1CC1,-4.009,13.046898673631217,12.104350540198347,9.332106782500938
Cn1ccnc1CCCNC(=O)c1ccc(I)cc1,-4.862,3.503019554612848,7.648698974335439,9.947883242177705
CC(=O)N(Cc1ccccc1)C(Cc1c[nH]c2ccccc12)C(N)=O,-4.523,12.761935785765418,11.596557290851454,8.637780907154337
CC(C)CCC(c1ccccc1)N1CCN(C(=O)c2nn[nH]n2)CC1,-5.169,5.559061971232197,8.257438404251042,3.089349607927209
CCn1nccc1CNCc1nc2cc(C)ccc2n1C,-4.953,4.564598668010146,8.421290518679426,4.310853047831716
COc1cc([N+](=O)[O-])ccc1NN=CC(C)=Cc1ccccc1,-5.439,12.376032037773658,8.440856532366842,8.853465027885976
CC1C=CC(C(C)C)C(C2=Cc3ccccc3C2)C1,-5.683,12.997523648757097,7.435550080525314,7.721730958794149
COC(C)CNCC1CC1c1ccccc1C(F)(F)F,-4.393,12.680966406390327,12.951318851761778,3.1993650932646
CCNC1CCCC1(C)n1cc2c(n1)CCSC2,-4.143,11.196140272433174,8.971927329175154,13.254116341725691
CC(C)n1c2c(c(C#N)c1C(F)(F)F)C(=Cc1sc3ccccc3[n+]1C)CCC2,-5.891,12.6076401043177,7.121393262557545,6.912723703432678
Cc1cccc(CC=N[S+]([O-])C(C)(C)C)c1,-4.709,4.499105911178353,7.39869076256063,5.815682247165848
Cc1ccc2c(CC(=O)OCC(=O)Nc3cc(C)c(Cl)cc3Br)coc2c1,-6.089,10.805124895159704,8.306560900878294,12.028281257104025
Nc1cc(S(=O)(=O)Nc2ccc(OC(F)F)cc2)ccc1F,-5.286,4.4515037908554,7.967368511622892,4.163810754585275
Oc1ccc(C=NNC2CCCCC2)c(O)c1,-5.458,12.619403868646094,12.652987670902078,2.806635174011756
CCCNC(c1ccc(Cl)cc1Cl)c1ccc(C)cc1Br,-4.62,13.288487348076906,7.346273681261813,7.750197029753501
CS(=O)(=O)CCNCc1ccncc1,-4.031,12.888344113965921,12.900547817825412,3.011667146282936
COC1(OC)CC(NCc2ccc(-n3nc(C)cc3C)cc2)C1,-4.708,4.363516471837822,8.235427250604548,2.9908737853677474
CC=C1C2CCC1C(OCC)C2CC(=O)OCC,-4.597,12.683174563176209,12.525409893492508,3.048852243058034
CCCC1CCN(CC(=O)NC23CC(NC(=O)C4CCCO4)(C2)C3)CC1,-5.123,4.991068923587411,8.232115523970737,3.0783848037566712
Cc1ccc(-c2cn3c(NCCCN4CCCC4)c(-c4ccncc4)nc3s2)c(C)c1,-5.822,4.575236933755453,8.048920051783345,4.51316873161197
O=P(O)(O)C(CC1CC1)P(=O)(O)O,-4.762,8.029781752949452,7.635186245272606,2.9566932542960886
CC(C)c1ccc2ccc(C3(N)CC3)cc2n1,-5.257,12.292864841036852,12.259275549558383,3.1525519821249577
Cc1cccc(C(N)=S)c1NC1CCS(=O)(=O)CC1,-4.656,13.978084167724845,7.667302719992214,7.712534926987365
CC(C)NC(=O)CC#N,-3.58,16.303905483043014,11.927099815126894,3.188139582891565
CNCc1ccc(OCC(O)CN(C)C)cc1,-4.307,12.39447756059125,13.593645059365056,2.8868484546300666
CCCN(CCC)C(=O)CN1CC(CC(=O)O)C(c2ccc(F)cc2)C1,-5.337,3.6446049168599877,8.326361149986228,3.6493685755209757
O=C(O)C=CCCC(=O)NCCCCCC(=O)O,-4.425,12.949714359784158,12.723804226724019,2.907938960844949
Cc1[nH]cnc1C(=O)Nc1ccc(CC(=O)O)cc1,-4.964,4.458594173055,8.10198895333732,2.823698638311108
Cc1noc(C)c1CC(=O)N1CCC(C)(O)C1,-5.565,12.2465189339665,12.605880572177414,2.7074190661957003
CC1=C(CSCCO)N2C(=O)C(NC(=O)C(=NO)c3csc(N)n3)C2SC1,-5.46,3.681837720486876,7.221140837845498,2.89476855724253
Cc1cnn(CC2CCCN2C(=O)c2ccc(C#N)cc2)c1,-4.586,3.2232123727734727,7.359997418477808,9.828292120200743
CCCCCCCCOc1ccc(C(C)=O)cc1-c1ccc(S(C)(=O)=O)cc1,-4.58,4.1929657761541534,8.308150817119294,3.2183620057414304
Cc1cc(F)c(NCc2ccc(C#N)s2)c(F)c1,-5.027,12.665091353796072,12.41719026189097,3.163240427156937
C=CCOc1ccccc1C(O)=C1C(=O)C(=O)N(CCCN(C)C)C1c1ccc(OCC)c(OC)c1,-5.115,3.445642755713366,8.501255789587793,5.799507392873984
CCC(C)NC(=O)CN1CCN(C(=O)C2CC(=O)N(c3cc(C)ccc3C)C2)CC1,-5.414,4.574759884409236,8.387257358636374,3.167147770471091
CC1(C)COB(c2cnccc2C(N)=CC(=N)c2ccccc2)OC1(C)C,,,,
O=C(CN1CCC(Nc2ncccc2C(F)(F)F)C1)OC1COC2CCOC21,-5.324,6.682564777089705,8.343974772253329,2.8887793269822466
C=CCN(CS)N=O,-3.254,11.980197702876193,10.96657394084406,8.523271496321115
O=C(C=Cc1ccncc1)CCCOCc1nn[nH]n1,-4.95,12.2618589944592,12.528273743816424,3.0107723261648327
Cc1cc(C(=O)O)cc(CN)n1,-4.471,6.411710068304711,7.472424907618676,2.9555447890363635
O=S(=O)(Cc1ccc(O)cc1)c1cn[nH]c1,-4.77,12.403665143819387,12.291199005792723,2.8902224827857115
CC1CC1C(=O)c1c(C2CC2)oc2[nH]c(=O)[nH]c(=O)c12,-5.724,13.35011932530942,12.590375927667928,2.893539873580456
CCC(C)C(N)=C(C=N)C(=O)Nc1ccccn1,-5.043,13.10688174204681,12.65989960465722,2.9983643874619377
COc1ccc(Cl)cc1N=NCCN(C)C,-4.017,13.20821850212965,12.374173467347223,2.9891684462405257
CC1CC(C)CN(C(=O)C2CCCC2N)C1,-4.615,6.084821607902733,7.968005647588359,3.01859205590951
CC(C)N1CCC(=Cc2c(-c3ccn[nH]3)ncn2C)CC1,-5.341,12.994398331588885,12.873072826640888,2.921169286433089
O=C(O)c1ccc2cnc3c4ccccc4ccc3c2c1,-6.299,13.98904467788991,7.245515371593659,8.119504726274874
CN(C)P(N)(=O)N(C)Cc1ccc(ON)cc1,-4.76,12.142245138358886,12.497907064784886,3.2035508424246997
CCOCCNc1nc(-c2ncccn2)nc(C)c1C(C)=O,-4.638,7.370384928889398,8.05819514531635,2.912471974114086
O=C(O)c1cn(C2CCC2)nn1,-4.654,15.098644442465687,12.362343709831077,2.587487970986532
COc1ccc(C(C)NC(C)C)cc1,-4.293,12.62388426753034,9.778502748376154,9.045149750004143
CC(C)(C)C(=O)N1CC(=O)COC1(C)C,-4.031,13.084452949970817,11.606280282674549,8.624215384601664
C1CCC(Nc2nn3c(C4CC4)nnc3s2)C1,-4.807,4.563725013626478,8.381904437536853,9.845416293890269
CC(N)c1nnc(-c2cn[nH]c2)o1,-5.084,13.251817875295451,12.901138903213159,2.9108373365751645
CCC1CCCCN1C(=O)C1=C(Nc2cc(C)[nH]n2)NC(C)=C(C(=O)O)C1,-5.667,5.022801210480064,7.446373278314752,4.10842159472467
Cc1ccc(C(=O)NC2C3CCCC2CC(N)C3)s1,-4.695,12.924106506834429,11.61345555810156,9.122285404436765
NC(=S)c1ccc(CNC(=O)Cn2c(=O)oc3ccccc32)cc1,-4.822,4.930655635916993,7.455453708527736,3.483620099838672
CN(CCc1ccncc1)S(=O)(=O)c1cc(F)ccc1F,-4.75,13.830653599884569,7.131768714701844,7.374967932133671
Cc1cc(C(=O)Nc2ccc(Oc3cccnc3)nc2)c2ccccc2n1,-5.768,5.563391231973534,8.258773819399584,2.8622524347094194
Cc1nn(Cc2ccccc2)cc1C(=O)NCC1CC1,-4.882,3.990016541319095,8.192380545360427,10.419222907683663
Cc1ccc(N(C)C(=S)SSc2nccn2C)c(C)c1,-4.402,4.460377114101452,8.161895490632062,5.7738252484812875
Cc1oc(Cl)cc1C(=O)OC(C)C(=O)N1CCCC1,-4.776,4.693050393933566,8.476090018398812,3.983287210332693
Cc1nn(Cc2cccc(Cl)c2Cl)c(Cl)c1C(=O)O,-5.392,12.677214086699017,12.159059955440634,2.8950658023609757
C=CCC1(C(=O)OC(C)(C)C)CO1,-0.9716,14.538210997230712,12.97996829734187,3.054041584523694
COc1ccc(CN2C(=O)c3ccccc3C2=O)cc1,-5.391,4.38198048831804,8.212760132866416,3.871913480438321
CSCCC(=O)Nc1cnn(Cc2ccc(-c3nc(C(F)(F)F)cs3)cc2)c1,-5.318,3.336224962438834,7.518318229497871,3.0717963799705217
CCCN(C(=O)c1ccc(Br)cc1Cl)C(C)C,-4.097,12.669424809358947,12.020599069929919,3.135395509341684
CCC(O)CC(O)CC,-3.642,7.842849163409939,7.579133261791878,3.0060886547139622
CC(C)=CCCC(C)=CCOc1c(C(N)=O)c2ccccc2n1C,-3.772,13.72874040107103,6.984972440890515,7.204088353150592
CC1CC1NCC(=O)N1CCC1,-4.322,12.673864840686917,12.699898818494578,2.988200796465994
CN(C)C(=O)CN1CCN(CC(C)(C)C)C1=O,-4.183,7.178421692823569,8.49578689704491,3.259672836344162
CN1CC2(CCN(C(=O)c3ccoc3)CC2)Nc2cnccc21,-4.994,4.704385507162439,8.25465753378055,3.1423795124077545
O=CON1C[N+](=O)c2ccccc2C1=O,-5.222,14.670594023419776,11.816478832545675,2.8602922927561094
CNC(C)c1onc(CCOC)c1Cl,-4.797,12.415404061084763,12.345647573132808,2.8748365170910164
COc1cc(Nc2noc3nc(C)c(C(N)=O)cc23)ccc1C,-5.477,7.288512331059061,8.261111668534689,2.8198058443800704
CC(C)CC1CN(C(=O)c2cccc(Cl)c2Cl)C1,-4.422,12.698262046437694,10.317902645402311,8.96247627611923
CCCCOCCN1C=C(C)SC1N,-4.242,12.713606333373706,12.798623871338668,2.8890790920291542
CC(C)NC(=O)CSc1nnc(-c2ccccc2Cl)o1,-5.304,4.600785802447229,7.536393633562407,3.8049379758413946
COc1cc(F)ccc1N1C(=O)C(=O)C(=C(O)c2ccc(Cl)cc2)C1c1ccccc1Cl,-5.892,6.543748161413304,7.194717645606393,3.17854054559636
Cc1ccc(S(=O)(=O)NC2=CCCCC2)cc1NC(=O)C(C)N(C)Cc1ccccc1Br,-6.76,4.935350139554436,7.297668120708148,2.9587042772132537
CC(C)(C)OC(=O)CCCCNC(=O)OCc1ccccc1,-4.334,4.586533876469246,8.235513948746611,3.616950925849009
COC(=O)c1ccc(Cl)c(NC(=O)Nc2ccc(C)cn2)c1,-5.312,4.446690229822626,7.36256022046679,4.284406376617419
CC1CCC(NC(=O)c2ccccc2-n2ccnc2)C1,-5.42,12.945130204057431,12.289457636527334,3.2567354820433296
Nc1c(N2CCOCC2)nc[nH]c1=O,-4.847,15.181099235562622,12.447676449843962,2.961264257036173
O=C1NC(=O)C2(CN(CC3CC3)c3ccccc32)N1,-4.917,7.989634409658555,10.87683244331731,6.701845566707725
COC(=O)COC(=O)CNC(CC(=O)c1ccccc1)c1ccccc1,-5.484,3.442636925381472,7.541530547574543,4.594731112916184
Cc1cc(N2CCOCC2)cc(C)c1C(=O)NCC(CO)c1ccccc1,-5.502,3.6004762185022137,8.411197001616356,3.098358759085203
COc1ccccc1CC(C)(O)Cc1nccs1,-4.883,12.744253528551603,12.94330877326196,2.969087738683383
NC(=O)C(Cc1ccccc1)NS(=O)(=O)c1ccc(Cl)c(C(F)(F)F)c1,-4.866,5.438791777591784,7.805252206046901,2.8041537047744014
CCCC1(NS(=O)(=O)c2ccccc2Cl)CC1,-4.558,12.745184894696507,12.765678203683501,3.19183348563173
Fc1ccc(Cl)c(NCC2CCCC2)c1Cl,-4.887,12.877665394006788,12.664831384586215,3.1559508868168407
CCN(C)Cc1ccccc1NC(=O)CN1CCCCC1=O,-4.857,4.41823822354567,7.12907960398816,5.520051177298994
CCOc1cccc2c1C(COC)CCC2=O,-4.544,12.64693057623074,12.53504180288203,2.9208938700336233
O=C(CC12CC3CC(CC(C3)C1)C2)NCCc1ccco1,-5.207,14.039811857713763,8.463668885300276,8.909093500463445
N#CC(C#N)C(N)c1ccccc1OF,-4.734,12.973129306377857,12.76216705736138,3.02319582561236
N#CC1CCN(CCCCN2CCOCC2=O)CC1,-5.243,12.984955641048606,12.373343525498676,2.833607065208583
CNC(Cc1ccn(C(C)C)n1)C(C)C1CC1,-4.723,12.981933946835502,12.64449888291347,3.0123484194229593
CCCC1NC(=O)NC(C)=C1c1ccc(C)cc1,-4.871,12.736522327542946,13.056824039558778,3.0003948073545255
Cc1ccccc1OCC(=O)N(Cc1ccc(F)cc1)C(C)C(=O)NC1CCCC1,-5.863,4.284077263542291,7.03971902848402,3.8671150745743263
OCC(Cl)Sc1ccccc1,-4.023,14.08391472567198,13.35943823669244,2.769812448524268
O=S(=O)(Nc1ccc(Cl)c(F)c1)N1CCCC1CO,-5.091,4.671974850103541,7.747191749272764,3.0529536517936195
COc1ccccc1NC(=O)CSc1nnc(C2CC2)n1C1CC1,-5.317,4.472635129316943,7.270848093585781,3.5441011554412474
COc1cccc(C=NNc2nc3ccccc3[nH]2)c1O,-5.553,4.2637816548223935,7.66984523963815,3.624418712014383
Cc1ccc(NC(=O)NC2CC3CCC2C3)cc1OCC(N)=O,-5.507,7.833787653491763,7.728036296498612,3.405568968615964
Cc1ccc(NC2(CN(C)C)CCCC2)nn1,-4.193,7.106509902898891,8.35968336720955,3.4903559990350566
CCOCCCNc1ccc(O)c([N+](=O)[O-])c1,-4.323,12.241638697494711,8.855053980637273,8.657028474020402
O=C(CCc1ncc[nH]1)NCC1CCN(c2ccc(Br)cc2)C1,-5.103,12.647204276044569,11.964510395331686,2.7682214506791176
NC(CC1CCCCC1)C(=O)NCc1ccccc1,-5.282,12.710670714010336,12.807477698594676,3.0177180120084124
CCC(CC)C(=O)CC(C)NC(=O)c1cccc(NC(=O)C2CCCCC2)c1,-5.116,3.72516321790066,8.164472365070507,7.304440635668142
CCC=CCC(O)C=CC=CCC(O)CCCCCCCC(=O)OC,-4.109,3.682461812429288,7.359735185453345,4.162661288166502
CN(Cc1ccccc1N)C(=O)c1ccco1,-5.031,13.003471882539678,12.204313868464707,2.7243401035847197
Cc1ncc(C#Cc2ccnc(C#CC3CCN(C4COC4)C3)n2)cn1,-5.961,12.64104271806721,7.497529593139329,9.243253810212073
CCCCC(=O)Nc1cc(C(C)C)nn1-c1ccc(F)cc1,-5.233,12.03669526905122,12.790661828068162,3.074574116849357
CC1CCCN(CCC(N)c2c(Cl)cccc2Cl)C1,-4.656,12.68684956953459,13.308857351403237,3.2723132490640316
Cc1ccc(NC(=O)c2ccc(-n3cccn3)nc2)cc1C,-5.896,6.806885190746204,8.47309205662254,3.078616734834008
Cc1nnc(N)n1CCCCCC(=O)O,-3.898,7.7764923969614985,7.8275105237872395,2.9081358290148698
CCOC(=O)NC(=O)C(C)OC(=O)CCSc1ccc(F)cc1,-5.329,5.169980754316209,7.793701944519048,2.941688970642546
COC(=O)c1sc(NC(=O)c2ccc(CN3CCc4ccccc43)o2)nc1C,-5.851,4.78524241810172,8.27760998114794,3.100083385975287
CCNCC(C)C=C(C)CC,-3.622,12.9292348574848,12.660802344243432,3.064785963162844
CCC(C)(CC)Nc1nccc(C)c1S(N)(=O)=O,-4.924,12.611770732137497,12.062321584172759,2.8965902368129313
CCCCC(C)(C)S(=O)(=O)OCC(CO)OCn1cccc1,-5.032,11.78646647642965,12.19078221444383,2.71753528035976
CCOc1ccc(Cc2cc(C3OC(C)C(O)C(O)C3O)ccc2Cl)cc1,-5.512,5.806992336829798,7.667662290424637,3.0238984771317967
CCCCN(CC)CCNCC1CN(c2ccnc3cccnc23)CC1C,-5.539,12.362448018090914,12.637590197502053,3.1437483996019777
CCCCCCCC=CCC=CCCCCCCCCCCCCCCC(=O)OCC(CO)OC(=O)CCCCCCCCCCCC=CCC=CCCCCCCC,,,,
NCCc1ccc(C(=O)Nc2cnc3ccccc3c2)o1,-5.722,4.575420964239246,7.287024221175608,3.0901470838780476
O=C(CCCC(=O)N(O)O)NN=CCc1ccco1,-4.818,12.964180305750148,12.051172100671371,2.697422473399375
COc1ccc(CNC(C)CCCC(=O)O)c(OC)c1,-4.793,4.675263415038772,7.595016063182487,2.9735598194756405
CCC(C)C(NC(C)C(=O)Nc1ccc(C#N)cc1)C(=O)OC,-5.369,13.168594913657264,12.433418677097624,3.0499811474827188
Fc1cc(-c2c(F)cc(CBr)cc2F)ccc1Br,-4.713,13.056363123014004,7.033355173741762,9.27583025933528
CCOc1ccc(C2NC(=O)NC3=C2C(=O)NC(c2ccc(OC)cc2)C3)cc1,-5.695,12.381168644356638,7.230157467164874,8.012768997044654
FC(F)(F)c1nc(-c2ccc(OCc3cscn3)cc2)no1,-5.175,5.331031232322693,8.179335730974733,3.0336334650052894
N#CCSc1nnc(-c2ccc(Cl)cc2)n1-c1ccccc1,-5.549,4.206449096328161,8.107157393316106,5.032611846745187
NCC1(CC=CC(N)=O)CCC1,-4.722,16.764631281361364,11.635837829739636,2.9685349922141735
CCC(C)N(C)c1c(CO)c(C)nn1C,-3.667,13.801369026295907,7.496616903643937,7.60595667881431
CCCC(=O)N(Cc1ccccc1)C(CC)C(=O)NCC,-4.452,3.8218096498910032,7.9356983939663435,8.854130166199274
Cc1cc(NC(=O)c2ccc(C(F)(F)F)cc2)ccc1NCc1ccco1,-6.061,4.581321425091237,8.083880318263004,3.4524904054899292
NC(=O)N1CCC(CNC2CC2)CC1,-4.306,13.766374322965362,13.008073685215654,2.9965299931754394
CC(=O)NCCNC(=O)c1ccc([N+](=O)[O-])cc1OCC1CCC1,-4.958,3.3846426694704426,7.498937658095312,3.0305804724507817
CCOc1ccccc1C1Nc2ccccc2NC2C(=O)c3c([nH]c(=O)[nH]c3=O)SC21,-4.17,5.124420747752861,8.522283144791658,4.627676955017496
Cc1c(O)cccc1S,-3.52,12.984189385556576,12.072164387548739,9.327678114086057
Cc1ccc(N2C(=O)CNC2c2ccc(F)cc2)cc1Cl,-4.968,12.68382931137123,7.275484451223849,7.695596208221947
CCc1ccc(=O)n(CCCCN2CCN(c3ccccc3Cl)CC2)n1,-5.457,4.699416346739242,7.785740106117079,3.4858257271412745
CC1CC1NC1CCC(C)(C)C1,-4.365,12.955300614034396,12.796614005274987,3.1012141170838237
CC(CC(C)(C)C(F)(F)F)NC(=O)C1(N)CC1,-5.303,12.603928157522956,12.560038694207913,2.9058055681686623
C1=NCCN1N=Cc1ccc(-c2ccccc2)o1,-5.069,4.651326047483663,7.980741130997796,3.1205225523940707
COC(=O)c1cccc(Br)c1N,-4.318,14.601023868208696,12.228154235206555,3.0532325492828085
Cc1nonc1CN1CCc2ccnn2CC1=O,-3.767,13.083055224220374,12.619374390198589,2.834726265444337
Nc1ccnc(C(N)C(O)C[N+](=O)[O-])c1,-4.725,12.30020963235993,12.316908256539058,2.919173170608418
CNc1ccc(C(=O)OC)cc1N(C)C,-4.542,13.138134608840023,12.866560729270274,3.03436665549831
O=C(CN1CCN(CC2CC2)CC1)c1cccc(Br)c1,-5.132,4.493669102192549,8.258745001512034,3.614579505281356
CCOCC(=O)N(CC)CCOC,-3.372,12.336100396802873,12.085520510098023,3.1038431017047237
CCCc1[nH]nc(C(=O)OC)c1N,-4.373,13.097221995522563,12.949518755536825,3.0005901086286344
N#Cc1ccc(=O)n(CC(=O)Nc2ccc3c(c2)OCCCO3)c1,-4.108,13.270385261928155,7.284541577889442,5.997228276462385
CCOc1ncccc1CNC(=O)c1c(CC)oc2ccccc12,-5.62,12.59503493444937,12.6658315163277,3.165487798112638
O=C(OCc1nc2ccccc2o1)C1COc2ccccc2O1,-5.935,4.308262294707694,7.7612898412570575,3.4593343290292142
CC1=CCC(C)CN1,-3.512,12.712356980513096,11.76764109751823,8.981100712050836
CC#CC1(C)CC1CC(CC=C=CC)C(C)=O,-4.123,12.549585929424126,12.347232037991349,2.925583360630834
COc1ccc(CN(C)C2(C(=O)O)CCC2)cc1F,-4.782,7.974554846510241,8.161263995239953,2.8024965655643546
Cc1oc(-c2ccc(F)c(Cl)c2F)cc1C(=O)O,-5.064,6.265289219182144,8.158204459315787,2.937429828949111
Cc1ccc2c(=O)cc[nH]c2c1,-4.708,13.625595069574025,12.57266674178553,3.148498213434462
CCC(N)c1nnc(-c2cccc([N+](=O)[O-])c2)o1,-5.96,12.32145567698882,12.244023440029833,3.0449259432702136
NCc1ccc(OO)cc1,-4.302,12.050992365776356,11.065111748193058,8.400777166429306
N#Cc1ccsc1CCCC1C(O)CC(=O)C1CC=CCCCC(=O)O,-4.447,5.384921633598766,7.964414228303297,3.058174782447858
CCCC(C)COc1cc(Cl)nc(C(F)(F)F)c1,-4.765,12.820414735881206,12.764324423956012,3.1799473266077847
COCCCOc1cccc(C=C2SC(=O)N(CCOC)C2=O)c1,-4.365,5.0106213187587825,8.298863054659957,2.870393875411527
CC(C)=CC=CC(=O)OC1(C)CC(O)C(C)CO1,-4.482,12.729656476119063,12.562553402871567,3.0382274437572976
CC(N)Cc1cn(CCOc2cccc(Cl)c2)cn1,-4.928,4.95102686318707,7.856566934736824,3.237927423522646
CCNC(=NCc1c(CC)noc1CC)NC1CCOC12CCCCC(C)C2,-3.548,3.870523091262988,8.468391937079907,10.370596607717417
CC(=O)Cc1c(Br)c(C)nn1CCO,-4.794,14.072457354705326,12.262682169900678,2.8259348895542518
CC(N)(C(=O)NCC1CCCS1)C1CC1,-4.331,12.807859969565564,12.619905744497462,2.842853847808571
CCC1CNCC1(CC)CC,-4.092,12.489945436229895,11.53345368916007,8.946950933139176
Clc1cc(NC2CCN(Cc3ccccc3)CC2)nc(C2CC2)n1,-5.65,4.756390858623794,8.699203526760366,6.697736184711966
CC1C(CO)CCCC1NCC(=O)NCCCn1cccn1,-4.608,12.481519538902305,8.46771456769771,8.636056391663963
CC1Cc2ccc(N3CC(C(=O)O)CC3=O)cc2O1,-5.155,4.726750363621924,8.20679285713975,3.0028841136480775
C#CC=CCCCC=CC,-3.302,14.20156758953039,12.981696345239323,3.355369577259709
CCC(Cc1ccc2nonc2c1)C(F)(F)F,-5.48,12.258197624447078,12.247945337892393,3.0388428718839675
COc1ccccc1CN(C)Cc1cccc(Cl)c1Cl,-4.619,4.248228336612805,8.23284428372115,8.849849772736258
NC1CC(Nc2ccccc2S(=O)(=O)N2CCOCC2)C1,-5.134,12.495244135270028,12.278430925814586,2.810067792776537
COc1ccc(CC(N)C(C)=O)cc1,-4.922,12.997702758564685,11.94097441585066,2.9269745472074065
CC(CS(=O)(=O)N(C)CC1CCOCC1)C(=O)O,-5.051,4.663871889321145,7.6767474232255415,2.992949381463041
O=C(O)C1CN(CCc2ccccc2)N(C(=O)c2ccccc2)C1,-4.735,5.522194219692023,7.145988804917064,3.0277357876802924
CC1CCN(C)C(c2ccc(C=O)s2)C1,-4.01,14.89872007925513,7.410301140979359,9.30953301728932
CC[N+]1=C2[C-]=CC=C2C(C)=C1C,-4.17,13.446788687266563,12.545038700617866,3.3954359072142717
O=S(=O)(NCC1(C2CC2)CC1)c1cccc(CO)c1,-5.084,12.253028809237332,8.449188955160134,8.742627236706365
CCC(=CC=CN)C(N)=NOCC1CCCN1,-5.713,12.689990583132834,12.551610812959426,2.8474685248479923
CCCCN(CC)C(=O)c1cc(N)cc(Cl)c1,-4.216,12.58178341889575,12.634088965968223,3.2984566087793237
NC1(S(=O)(=O)c2ccccc2S(N)(=O)=O)CN=CN1,-5.283,14.238338561784518,12.310148699345593,3.0267436297116412
c1cnc(C23CC4CC(CC(C4)C2)C3)cn1,-5.142,12.71293125128898,13.1180893806987,3.1490274689179834
CC(C)(C)OC(=O)Nc1ccc(COc2ccc(CN3CCNCC3)cc2F)c(I)c1,-5.682,11.90189153034088,6.932520537293777,9.415270893606833
Cc1nccn1CCOCCCC(C)(C(=O)O)C(C)C,-4.554,4.193174215317079,8.157116340962657,2.9289153282401323
CCOc1cc(-c2ccc(C=C3NC(=O)N(C)C3=O)o2)ccc1OC,-5.426,4.8266043964675625,9.008778052544084,2.9965314949120763
O=c1c2c(NN=Cc3ccc([N+](=O)[O-])s3)nc(-c3ccccc3)nc2nc2ccccn12,-7.085,5.04406681161144,8.33674600788581,3.1713892854709584
c1n[nH]c2c1CCC2,-3.792,16.413214371353344,12.242011640249327,3.0880657376422547
COc1ccc(Br)cc1C(=O)N1CCCC1c1nccn1C,-5.727,12.807482227198287,12.162672485930056,3.054350994892369
Cc1c(Cl)ncnc1NCc1ccc2c(c1)OCO2,-5.683,13.11929487434443,12.994138447777136,3.215119437905846
CC(C)(C)OC(=O)n1c2ccccc2c2c(Cl)cc(Cl)cc21,-5.152,12.878909581171847,12.77953375518841,2.720441508285006
Cc1onc(C(C)C)c1CNC1C=CC(CO)C1,-5.202,12.656022202888236,12.496175454914196,3.0295948574025537
Cc1cc(C)c(C(=O)CCN2CCCCC2C)c(C)c1,-5.197,12.69820089618998,12.974016301824197,3.147797483956044
CN(C(=O)c1ccc2c(c1)C=CC(C)(C)O2)c1cccnc1,-5.846,12.964479974144739,8.496781155237553,9.11714615436212
CC(C)(C)C(=O)Nc1ccc(CSc2c(Cl)cccc2Cl)cn1,-5.099,5.208344650654371,8.567814248686767,4.031534447328958
NC(CCC(=O)NCC[P+]1(O)CCN([N+](=O)[O-])CC1)C(=O)O,-4.52,6.853666099249363,7.326222287099947,2.966845799835239
O=C(NC=NC(=O)OCc1c(F)cccc1F)NCc1cccc(F)c1,-5.955,3.3527786983336676,7.607116865146742,3.2316057927909463
COCCN(C(C)CNCc1cccnn1)C1CC1,-4.074,13.500502286952141,8.415761759935936,8.74076484067613
CCN(Cc1ccccc1)S(=O)(=O)c1cccc(NC(=O)Cc2cccc3ccccc23)c1,-6.265,6.161092922526002,7.266769571136819,2.972082939623321
Cc1ccc(OC(C)C(=O)Nc2cccc(Cl)c2)c(Cl)c1,-5.285,5.073774236207203,7.044144802600241,3.442076843999855
CSC(C)(C)CNCc1csc(C)n1,-3.369,4.945605726298852,7.609769641717151,4.198559872146639
COCc1noc(CF)c1CO,-4.165,13.084162525740807,12.67603475066237,2.764789503741651
Cn1nccc1C=C(C=O)CNC(=O)OC(C)(C)C,-4.782,12.688192739708835,12.075973335512133,2.8129033044169858
Cc1nc(C)c(-c2nnc(Nc3ccc(Br)cc3F)s2)s1,-5.441,5.015337874959174,7.472428052514122,3.48591910405276
Cc1ccc(CNC(=O)c2c(C)oc3cc(N)ccc23)o1,-5.714,12.400656797121677,13.181951335064168,3.2473957258086057
O=C1CSC(=O)N1c1ccc(S(=O)(=O)Nc2ccc(C(F)(F)F)cc2)cc1,-5.727,4.202814057271627,8.095929409277234,3.2138844098691544
CN1C(=O)C=C(SCC2CO2)C1=O,-4.413,12.413407791577622,12.418728799679942,2.945535944442031
O=C(NCC1CCNCC1)C1CNCC1C(F)(F)F,-5.277,14.173203342928515,8.066795832299215,8.2476815530184
CN(CCCO)c1ccc(CNC(C)(C)C)cc1Br,-4.601,4.7188359793491435,8.174539558898715,3.0123394563030237
C=C(C)COCCNc1ncnc(NC(C)C)c1N,-3.911,8.556592370798086,11.7634245864034,5.721630274668227
CCc1nnsc1C(=O)N1CCC(N(CC)CC(=O)O)CC1,-5.155,12.782040760379385,8.652030166382916,7.949357269616205
CCCCCCCCc1cccnc1C(=O)NCCCCCCNC(O)CC(C)NCCCN,,,,
CCOC(=O)CC1=NOC(c2ccc(Cl)cc2)C1,-4.591,4.761251201102499,7.582153585888379,6.843238049344769
Cn1ccc(NC(=O)NC2(C(F)(F)F)CCCC2)n1,-5.849,12.618396292714856,12.363639997994119,3.129122880297289
COC(=O)Oc1ccccc1S(=O)OCc1ccccc1[N+](=O)[O-],-5.114,5.160847507919605,8.410535357514407,3.0314455297761818
COc1ccc(S(=O)(=O)C2CC(C(=O)NC3CCCC3)C2)cc1,-4.947,4.8301837439169955,7.892592539843925,3.519397107460311
Cc1ccn(-c2ccc(Cl)c(Cl)c2)c(=O)n1,-4.527,7.10067355959982,8.295068595255858,3.0750995105849825
COc1ccc(Oc2ccc(C(=O)O)cc2N)c(C)c1,-5.239,12.2621686907333,10.01882338401072,9.016364067627261
O=NN=C1C=C(N(c2nonc2-c2ccccc2)S(=O)(=O)c2ccc(Br)cc2Cl)N=N1,-5.551,4.393377743832188,7.377046021274369,3.6695597828622457
CN1CCN(C(=O)c2cccc(OCc3ccc(Cl)cc3)c2)CC1,-5.739,4.440092116161555,8.388020147806035,3.66876191650535
CNC1CCN(C(=O)NC(C)C(=O)N2CCOCC2)CC1,-4.384,4.500115331855396,8.311446865618525,2.9994007734879307
COc1ccccc1CC(=O)C1CC(C)CC1=O,-5.158,12.149616331390881,12.457923342194718,2.903741551860289
O=[N+]([O-])c1ccc(NCc2cccc3c2NCCC3)cc1,-5.813,13.010639530784028,8.543816828560873,8.609788499144448
Cc1cc(N2CC(C(=O)Nc3ccc(O)cc3C)CC2=O)ccc1Br,-5.655,15.343933068154332,7.981849973533704,8.2520497453663
CCn1cc(S(=O)(=O)Nc2cc(C)c(Cl)cn2)c(C)n1,-5.492,12.44705105637476,12.258052455427004,2.97978791191588
C#CCNC(=O)c1cccnc1,-4.148,13.121462342284872,12.818824673112585,2.9155639248694243
N#Cc1ccccc1OC(=O)NCCOCCN,-4.66,3.8522132599325283,7.303506281232322,3.122437829645292
Cc1ccc(NC(=O)C2CC(=O)Nc3n[nH]c(-c4ccc(C)c(C)c4)c32)cc1,-7.071,4.582255558128551,7.430116755475649,5.696768733238168
CC(CNCc1ccco1)N1CCCCC1,-4.901,12.661026577651594,12.621015410813824,3.1115070303632613
CC(C)N1CC2C(=O)NC(=O)c3nc4ccccc4c1c32,-6.088,12.732118833878358,13.401732761102199,3.0526522894034294
C=CCC(NCc1cn[nH]c1C)C(C)(C)C,-4.471,13.468543425330001,12.236882936434426,3.052523218584913
CCN1CCC(C(C)c2nc(-n3nc(C)cc3C)n[nH]2)C1,-5.148,5.280571275913241,8.314018883788995,2.9403106978685085
COc1cc(C=NNC(=O)c2ccccc2Cl)ccc1OC(=O)c1cc(C)oc1C,-5.792,3.9531827683526095,8.276208854300378,3.0523205925983614
CCOc1ccc(C(=Cc2c(C)nn(C)c2C)C(=O)O)cc1,-4.926,7.996365549423064,10.75620314051385,5.893048871339859
CCn1c(CN2CCC(C(C)O)CC2)nc2ccccc21,-5.416,4.3942927758628,8.121022226296391,3.0883856624456727
CN1C(=O)CCC(C(=O)O)C1c1cccnc1,-4.654,12.716018677243284,12.354291966761997,2.9025047803578206
CCOc1ncc(-c2ccc(OC)cc2OC)c(C(=O)O)n1,-4.832,7.213322396787767,10.448195490131297,5.581664715835231
Cc1ccc(NC(=O)N2CCC(c3nc(N4CCCC4)ncc3C(N)=O)CC2)cc1,-6.004,13.07764416858021,7.0331259764062235,7.506594833877741
Clc1ccc(N2CCCC2c2nc(-c3cccnc3)no2)c(Br)c1,-5.421,12.913638604204472,7.406572081604282,8.318839402224327
CC(OC(=O)c1cc2ccccc2[nH]1)C(=O)NCc1ccc(Cl)c(Cl)c1,-5.467,4.474542322964439,8.270475983883877,8.860286451351334
O=C1C(=Cc2ccc(Cl)cc2Cl)c2c([nH]n(-c3ccc(Cl)cc3)c2=O)N1Cc1ccco1,-6.406,10.542639565118405,8.204362376199628,10.259299829910422
CCOc1ccc(C=CC(=O)NC2CCCCC2C)cc1OC,-5.058,15.220480478618276,7.526468029560745,7.609309298484324
Cc1nn2c(=O)cc(OC3CCN(Cc4ccc(Cl)cc4)C3)nc2s1,-5.672,4.489716472117142,7.82243919759048,2.9693851215361073
CCC(=O)CC(C)(C)CNC(=O)c1ccc2c(C)cnn2c1C#N,-5.327,4.4728499863062705,8.301874065534841,3.257964548610067
CCCCCCC(O)(c1ccncc1C(C)C)C(C)C,-4.485,12.804183925576828,12.646705618460485,3.293155781313723
CCc1nc(Sc2ccc(C(C)=O)cc2[N+](=O)[O-])sc1C(=O)OC,-5.012,13.202655982793766,8.497079262899694,6.713515398060841
Cc1cc(C=NNC(=O)c2cccnc2)c(C)n1-c1ccc(Cl)cc1,-5.796,4.33215489104441,8.18995421232622,3.5304737642418473
CC(C)C(C)C(C)NC(=O)CCC(=O)O,-4.473,7.180351105621508,8.227096328596135,2.9596307202081813
[O-][n+]1ccc(-c2nc(-c3ccc(F)cc3)c(-c3ccccc3)[nH]2)cc1,-5.924,4.857770064546076,8.556127219718043,5.68563989362675
CCC1NC(CC)N(C2CCCSC2C)C1=O,-4.288,12.573676391572992,11.599132855519848,8.9524605556238
CC(C)C1CCN1CCNC(C)(C)OC(C)(C)C,-4.136,13.071494635274117,12.785070355692222,3.2183469359284427
COc1ccc2nc(NC(=O)c3c(C)nc4n3CCC4)sc2c1,-5.24,4.364288487256542,7.294213734186845,5.6953488040681055
O=C(O)CN1CC(CN2CCC2)OC1=O,-4.539,11.700973848359801,12.544706333748909,2.8564477940266997
Clc1ccc(-c2ccc(Cn3cccn3)o2)cc1Br,-4.913,4.575664869721121,8.023821097207987,4.898320834735103
CC(C)OC1OC(CO)C(O)C(O)C1O,-4.62,12.74704691291281,11.98344649923385,2.979226913143744
C=CCC(Cc1cccc(O)c1)NC(=O)OC(C)(C)C,-5.438,12.949853628516424,12.465763113423902,2.8485436629969367
CCCCC(CC)CNS(=O)(=O)c1cc(C(N)=O)ccc1Cl,-5.058,12.671170309012503,12.131515198028644,2.9338311130670083
O=C(CN1CC(O)CC1C(=O)O)NCCC1CC1,-5.083,4.684195768752625,7.2888097107826875,5.028214494231526
Nc1cc2c(cc1N1CCc3ccccc3C1)OCCO2,-5.717,12.866971399672885,12.463511744287803,3.182115177048122
Cc1ccc(N)c(NC(=O)c2ccccc2OC(F)F)c1,-5.435,12.968781284299617,13.045817912265983,3.121004645943353
CN1Cc2cccc(Nc3cccc(C(F)(F)F)c3Cl)c2C1,-5.348,13.185961739668441,7.2177550526462175,8.01567919767252
CC1=C(SCC(=O)O)C(c2cccc([N+](=O)[O-])c2)n2[nH]c(=O)nc2N1,-5.323,6.880817175307014,7.433823982312198,3.4129008189515257
COc1cccc(C(N)c2ccc(F)c(F)c2F)c1OC,-5.241,12.410879662618601,12.357608911112216,2.9053841398341804
CCOc1ccc(S(=O)(=O)Nc2ccccc2N)c(F)c1,-5.263,5.783063980278967,8.402307004626765,3.043929861215597
Cc1cccc2c1N(CCO)c1ccccc1[P+]2(Nc1ccccc1)c1ccccc1,-5.444,14.186680619510682,7.636856290385461,7.248921368038143
OC(CCCCCl)N1CCOCC1,-3.936,12.235456427939253,12.605790574176615,2.9983598850038007
CCc1ccc(C(C)NC(=O)c2cc(N(C)C)ccn2)cc1,-5.361,12.649035496827416,8.374217217149313,8.866769986866695
CCCCN=NC=c1c(=O)c(=CC=C=CN2c3ccc(C)cc3C(C)(OCCOCCOCCOCCO)C2(C)O)c1=O,,,,
CCc1nn(C)c(CC)c1-c1cccc(Cl)c1Cl,-4.851,12.841910839123592,12.660757046875199,3.2548840225114013
CC1CCC(CCl)(CC2CCCCCC2)CC1,-3.653,13.431356148952347,12.988507727987848,3.4921295794973015
CSc1nnc(NC(=O)C2COc3ccccc3O2)s1,-5.372,4.356094581158678,7.945055128820692,3.6889114925679647
CC1=C(CN2CCCCC2)CC(N(C)C)=N1,-4.211,12.828469667111507,7.332346486630319,8.581185291088872
O=C(Nc1ccc(Oc2ccccc2)cc1)C1CNCCO1,-5.204,4.378317713460274,7.979727564271852,3.2000265623897564
CCCCSCC(=O)Nc1cccc(F)c1C(=O)OC(C)C,-4.668,8.044314576146311,8.107688388190557,2.997512635502976
COC(=O)c1cccc(OC(C)C)c1,-4.504,12.890360545772177,12.96778994277745,3.2733572979435044
CC1(C)CC(=O)C2=C(C1)N(c1ccc(F)cc1)C(N)=C(C#N)C2c1ccco1,-5.064,3.8507372021471418,7.9719195304518715,8.577183104026638
CN(C(=O)c1cc(C(=O)O)ccn1)C1CC1,-4.887,12.710712253843212,12.705432105993088,2.777456390296704
CCc1nc2c(c(=O)n(CC)c(=O)n2C)n1CC,-5.098,13.04951412888618,13.056235406885095,3.17863162382809
Cc1cc(N)cc(C(=O)N2CCOCC2)c1,-4.686,12.71051458439036,11.77452224083848,8.996840500975885
Cc1cc(C2CCCC2)nc(CCN)n1,-4.969,13.861318984858547,11.960474321698115,3.0186528452274866
CCCNc1occc1-c1nnc(C)o1,-4.644,12.324500273844778,12.670512657347373,3.0098408595804536
CCCCCCCNCCC(N)COC,-3.96,12.624274949477297,12.825001286549643,2.8929925682586877
CC(NC(=O)C1CC1)C(=O)NCc1ccc(C(=O)N2CCCC2)cc1,-5.437,5.239632239003038,8.367552688809315,3.0035455714871384
COCCNCc1cnc(N2CCC(N3CCCC3)C2)nc1,-4.811,4.5733586126609405,8.283564631244209,3.0352233855187656
CCOC(=O)Cc1ccc2c(c1)CCN2C1=C(C)C=CC(N2CCOCC2)N1C,-4.907,5.1457949823132285,8.143292270328997,2.950012542346219
O=C(NCCCOc1ccccc1)c1c(O)nc2ccccn12,-5.787,12.511153024401867,12.005114951552942,2.7895526523082514
Cc1ccncc1C(=O)N1CC(CO)C(O)C1CCc1ccncc1,-5.528,12.535039130373708,12.156810683727867,2.824682814051872
CCOCCN(C)CC1CCCN(Cc2nc[nH]c2C)C1,-3.983,4.9308681791343805,8.319993749997654,3.5137521255774433
COc1ccc(C2C=C3CCCCC3C3CCCC(=O)N23)cc1,-5.276,4.327774254741113,7.438639257283551,9.030621573291619
Nc1cc(C(=O)NN=Cc2cccc(Cl)c2)ccc1Cl,-5.364,4.567893497007128,7.916131188907873,3.4845209139851634
COc1ccc2c(c1)C(C)(C1CCC(C(=O)O)CC1)CCC2,-5.438,5.380407977096161,8.099307686463085,3.0611287133996834
COc1ccccc1-c1nc(CN2CCC(C(=O)OCc3ccccc3)CC2)cs1,-4.962,4.545460812722951,7.1062746921294835,6.389368748162841
Cc1ccc(C)c(N(CCCC(=O)N2CCc3ccccc32)S(C)(=O)=O)c1,-4.039,7.639789787683951,10.855842712567274,5.231802175159148
Cc1cc(C(F)(F)F)cc(C(F)(F)F)c1B1OC(C)(C)C(C)(C)O1,,,,
Cc1ccc(Cc2nc3n(n2)C2C(C(=O)Nc4ccc(C#N)cc4)CCCN2C=C3)cc1,-5.692,4.2975664043735256,8.036813485455538,9.826133573283034
NC(CO)c1nc(-c2ccccc2)no1,-4.962,7.081617400001216,8.225794065012812,2.9453641540563362
Nc1ccc(OP(=O)(O)O)cc1CC(=O)O,-5.168,11.817686787184707,12.276315978338129,3.0135600209718736
Cc1nc(N)c2c(n1)CCC(NC(=O)c1ccn(C)c1[N+](=O)[O-])C2,-5.459,6.690447668131035,7.37091541126338,3.319326588330833
Cc1c(O)cc(Br)cc1-c1ccccn1,-4.255,16.00031584063265,8.35836090390933,9.589050317940773
Cc1cccc2nc(N3CC4(CCCC4)CC3=O)oc12,-5.63,4.24897646498542,7.763542619191318,5.49597279833152
COc1ccc(CCNc2ccc(S(=O)(=O)N(C)C)cc2)cc1,-5.25,12.622604921330622,8.474958937953623,9.03825962229455
O=C(Cn1cc(C(=O)O)cn1)NCC(=O)NC1CC1,-4.681,12.275026924614055,12.559492585291814,3.181941074250118
CCC(CC)CC(=O)Nc1ccc(N2CCN(CC)CC2)cc1OC,-5.051,4.857941230603763,7.694533449144268,3.5275654494282613
CCCN1CCc2sc(CN)cc2C1,-4.411,12.545307728389925,12.768819874992364,3.1010830366180135
C(#CC1(c2ccccc2)C=CC2(c3ccccc3)C=CC=C2C1)c1ccccc1,-6.763,14.025224597132127,7.122549964724712,7.615747435413019
Cc1ccccc1C(C)(O)C(C)C,-4.34,13.75671305217929,12.995946329529067,3.1409329824114365
C=CCC(N)C(=O)NCc1ccco1,-4.566,12.729724663165344,12.639726025511786,2.995042069821391
CC(C)Oc1ccc(NC(=O)c2cc(S(=O)(=O)N3CC(C)OC(C)C3)n(C)n2)cc1,-5.533,5.45181630284807,7.894425184901051,2.9779142029279493
CC1CN(C)CCN1C(CN)CC1CCCC1,-4.374,7.9447522931807,8.239124710793009,2.966286567410505
CCOC(=S)NNOC(=O)CCC(C)=O,-4.673,12.951495782341127,12.015369074647687,2.9149042865933006
C#CCS(=O)(=O)CCNCCN(C)C,-3.568,8.55723845641805,8.462362377019788,2.8917007106545456
COC(=O)Cc1ccc(C(=O)Nc2ccccc2Sc2ccccc2)cc1,-5.875,4.9014979343053895,8.337672397018247,4.623248425079492
CCOC(=O)c1nc(-c2ccccc2)ccc1C=C(c1ccc(C)cc1)c1cccc2ccccc12,-5.983,14.114468073576132,7.293683979992553,7.478837543361936
Cc1ccn2ncc(C(=O)C(F)(F)F)c2c1,-5.334,13.756442054543028,12.345642065117552,3.011963645198926
CCC(C)(C)NC(=O)C(Cc1ccccc1)NC(=O)c1ccccc1,-5.517,4.179644721743703,7.6710526657037095,6.240145671376592
CCCn1c(=O)n(C(CC)C2CNC2)c2ccccc21,-4.31,7.931467329567713,7.895373962010918,3.458814536803037
OC1C2CCC3CC2CC31,-4.139,14.06673195877422,12.393057734070313,9.49348676725259
CCc1nc(C(C)c2ccccc2)no1,-5.118,15.495056308384298,12.318425589335675,2.910703351425562
CNc1nccc(N(C)c2ccccc2N(C)C)n1,-5.261,12.767205097436165,12.691208965264106,2.9845192242637677
NCCOC(=O)C(O)CC1CC1,-4.018,14.52570008639859,11.90973253268099,2.808392066645966
CC(C)(C)OC(=O)NCCC1CCN(C(=O)OC(C)(C)C)CC1,-4.836,4.318427260010291,8.570031388507278,2.9333780867798134
CCN(CC(=O)N1CCN(C)CC1)C(=O)Cc1ccc(C)cc1,-5.464,4.523138512139552,7.316257854941964,3.287608401254626
O=C(O)c1ccccc1C1CC2C=CC1C2,-4.921,13.379949663582446,12.164593416962196,2.86904374313115
O=C(O)CC(NC(=O)NCc1ccccc1)C(=O)O,-5.47,5.668526969151685,7.845325104799673,2.9154294709356288
COc1cccc(C(CNCc2ccco2)N(C)C)c1,-4.694,4.530055187301805,7.398114759856053,5.336207923235376
CCC(O)CN1CCC(=Cc2ccc(N(C)C)cc2)C1=O,-4.974,12.883387986085028,13.33513295771737,2.9029104360968496
Cn1cc(-c2nc3c(c(N4CCOCC4)n2)C(=O)NS(=O)(=O)N3)cn1,-5.24,7.3475613641534165,10.647257064615282,5.580389502534746
CCCCCCCCCCCCN(C)C(O)CN,-3.609,12.09075717231969,12.819657015692737,3.0235452700431
CC1CCCC1CNS(=O)(=O)c1cc(CN)ccc1F,-5.664,4.577653219718593,7.800900012178081,3.077620184493207
COc1ccccc1C(O)CN1CCOC(c2ccnc(C)n2)C1,-5.624,7.101946423340575,7.932772214049764,3.0292858894465535
NCC1CCCCC1CN1CCN(c2ncccn2)CC1,-4.949,4.416635257749952,8.102254069084726,3.0409949029881647
NC1CC(C(=O)NCc2ccccc2)C1,-4.964,12.905781456386126,12.798334930763454,3.202950202547645
CCCOC1C(O)C(O)C(O)C1O,-4.25,6.956130102291071,7.893502834610246,3.055436630008876
CC(C)(C)C(=O)C(N)CC1CC2CCC1C2,-4.493,14.561626591833758,12.793776104028083,2.859323346527986
Cc1cncc(-c2nc3c(-c4ccccc4)cccc3[nH]2)n1,-6.562,12.582097957018139,13.033701124392872,2.9669145589315513
COc1ccc(CN(C)CCc2ccco2)cc1CNC1CC1,-4.631,14.729531628670342,7.357288970809831,8.801871959986695
CC(NC(=O)CC(=O)NC1CC1)C1CC1,-4.568,12.718904591198097,12.802915058688782,2.906077941143354
CCc1cc(NC(=O)c2cn[nH]n2)n[nH]1,-5.132,12.297895185762481,12.803406812251183,2.7819955068259907
CCc1ccccc1NC(=O)C1CCCN(C(C)CC)C1,-4.745,4.040669004014062,8.143543700380075,5.734724143321978
COc1ccc(NS(=O)(=O)Cc2ccccc2Br)cc1Br,-4.7,3.791799309035223,8.891750165181206,9.711196939615633
CCOc1ccc(Nc2ccc(C#N)cc2Br)cc1,-4.776,12.668209778812475,9.379778728733424,9.04180850272776
Cc1cccc(-n2c3ccccc3c3cnccc32)c1,-5.328,13.030786852680846,7.2630963782673295,6.651825764404837
O=C1C2C3C=CC(C4CC34)C2C(=O)N1c1ccc(Cl)cc1Cl,-5.595,4.523631837362542,7.223479078671162,5.186182603804075
COC(=O)C(CC(C)C)n1ccc(=O)[nH]c1=O,-5.312,14.462418677385882,12.616599343721745,2.937445999503651
Nc1c(F)cc2n3ccnnc3c(OC3CCOC3)cc1-2,-5.225,7.7054346405637615,7.951189407881062,3.091235513512356
COc1ccc(NC(=O)NC2COC(c3ccc(C)o3)C2O)cc1,-5.12,12.643689572272804,9.123152196472443,7.746891892881944
CC(C)COc1ccc(C(=O)Nc2ccc(S(=O)(=O)N3CCC(C)CC3)cc2)cc1,-5.625,4.2216372416397885,8.059186931694784,3.464386237127725
CCc1cnc(Nc2c(C)n(C)[n+]([O-])c2C)nc1N,-5.731,12.537815359942098,12.870715364734005,3.056726517044009
Nc1cccc(-c2noc(COC(=O)CSc3ccccc3Cl)n2)c1,-5.598,10.546069647029645,7.981458137458343,11.800538801258186
CC1C(c2ccco2)Cc2nc(Cl)c(C=O)n21,-5.207,12.616058061058535,12.958181546806635,3.077600688848376
CN(CC(F)(F)F)C(=O)NCc1cccc(C#N)c1,-4.603,12.515363598393776,12.956086060226676,3.0715652361621752
CCCCOc1ccccc1Nc1c(N)n(C)c(=O)n(C)c1=O,-4.588,7.98467845313761,11.505031029945117,5.16394151787179
O=C1N=CC(C(F)(F)F)C1=O,-4.274,15.725231953774163,12.470047794615706,2.9972962816511814
CCOC(=O)c1ccnn1CCNC1CC1,-4.381,12.390688318249314,12.690268279276053,3.167925030678599
CC(C)COCCOCC(C)OCCCCCC(=O)O,-4.188,4.28333806744226,8.144080365517029,2.8243018606374215
Clc1cccc(N2CCCC2)c1I,-4.037,13.633177362596,13.193780693948192,3.393540628900736
Cc1ccc(CS(=O)(=O)CC2CC(=O)N(c3ccccc3)C2)cc1,-5.859,4.474138352800459,7.417358559487331,3.165006951019223
Cc1cc(C)n(CCCCC(=O)NC(C)c2nnc3ccccn23)n1,-5.068,14.245964656701911,8.363482169527236,8.79429616285465
O=C1CC(N2CCN(Cc3ccccc3)CC2)C(=O)N1Cc1ccco1,-6.072,4.653900299748589,8.184396007036806,3.2253649405919953
CCC(CNC(=O)O)Oc1ccc(S(=O)(=O)Nc2ccc(F)cn2)cc1,-5.805,3.755691148111091,8.130894354251566,2.7524772478623682
COc1ccccc1C=C(NC(=O)c1ccccc1)C(=O)Nc1cc(SCC(=O)Nc2nc3c(s2)CCCC3)ccc1[N+](=O)[O-],,,,
COc1cccc2c1-c1nsc(N=O)c1CC2,-5.345,12.891440648740543,12.691446489663816,3.0761396262198497
COc1ccccc1-n1c(C(C)CN)nc2ccccc21,-4.977,12.33474543717867,12.684650645563716,2.893667050646981
CCN(Cc1nc(-c2ccc(C)cc2)no1)C(=O)c1ccc(C)cc1,-6.408,4.490644274488907,8.338061465352723,3.6069042127564197
O=C(CS(=O)(=O)c1cc(Cl)cc(Cl)c1)NC1CC1,-4.693,3.658305755400989,8.419654802900176,8.036453571072254
Cc1ccc(C(=O)O)cc1-c1cccc(C(F)(F)F)c1,-5.278,14.227917275553722,7.914882058502199,8.091225247142734
OC1(c2noc(CCc3ccccc3)n2)CCOCC1,-5.82,4.551480198792476,8.163839537864522,3.5158785530788754
O=C(O)c1nc(C2CC2)oc1Cn1cc(Br)cn1,-4.649,12.747973368343692,12.600959368238593,2.896257930502738
CCCNC(=O)C(C)Sc1nc(N)nc2n[nH]c(C)c12,-4.578,7.506396006073754,7.995515930820225,2.9710304609680467
CC(C)CN(C)Cc1ccco1,-3.756,15.051649677028761,12.39405994821713,2.903307252083389
COCCN=c1cc(F)nc(SC)s1,-4.008,12.754276263277347,12.638511700354595,3.118828305630176
Cc1cc(OCC(=O)O)n(-c2ccccc2C)n1,-4.506,7.315879578013843,8.205954301603196,2.9609952718638377
CC=C(C)C(=O)OC1C(CO)OC(C)C(C)C1OC(=O)CC(C)=O,-4.789,3.6892457223665653,7.461535699840884,4.547775170344286
CCOC(=O)c1ccccc1NC(=O)C1CC1N,-5.14,12.745836967418029,12.820144460964547,2.832756607970406
CCOC(=O)CCNCC1CCCN1CC(C)C,-3.808,10.7276633988954,8.910141918061687,12.597697289584316
NS(=O)(=O)c1ccc(CCC(=O)Nc2cccc(C=Cc3nnn[nH]3)c2)cc1,-6.566,4.288208250540078,8.272177041142193,2.913339835995794
CC(O)c1cc(N2CCNC(=O)C2)ccn1,-4.513,13.171519919887757,7.092856547259362,8.869335318951473
CCCOC(=O)c1ccc(OC(=O)Cn2ccc(C(F)(F)F)n2)cc1,-5.221,3.368678375861963,7.49470626509138,2.9341944380016813
CCCNC(c1ccoc1)c1ncccc1OC,-4.754,12.564069961600818,12.67330201644386,3.174511930990337
CC(=O)C(C)=Cc1ccc(Br)c(Cl)c1,-4.272,12.909350022367509,7.371537831416183,9.139362176869893
Cc1ccc(C(CN)N2CCOCC2(C)C)c(C)c1,-4.594,7.894151316006047,7.9978774059121465,3.025840874864374
CN(CC(F)(F)F)c1cnccc1C#N,-4.365,13.094063616769242,12.50158549944766,3.1765600891530448
Nc1cccc2c1OCCC2=NNC(=O)c1cccnc1,-5.447,4.735991659621034,8.238609773499409,7.623498540696391
CC(=O)C12CCC(O)(C=O)C1(C)CCC1(C)C3C(=O)C(C)CCC1(O)CCC32,-3.737,6.170256882821007,7.090750594965247,2.9224238227882005
CS(=O)(=O)N1CCCC(NS(=O)(=O)c2cc(C(N)=O)ccc2Cl)C1,-5.744,5.624589762818262,7.319193944690904,3.0777092130349164
N=C(O)C(=O)OC(F)(C(F)(F)F)C(F)(F)F,-4.97,13.864652213452743,11.589022823344513,2.837668937702212
O=C(NC1CC2CCC(C1)N2CCCNC(=O)c1ccccc1Cl)c1ccc(Cl)cc1,-5.74,4.54325995294128,8.168419247320745,3.0926042423821385
Cc1ccn(C)c1C(=O)NCC1CC2CCCN1CCO2,-2.564,14.918950197651307,8.760148743029424,8.639102615434082
CCCCCCCCCCOc1ccc(C(C)N)cc1C,-3.912,12.476712467633451,12.780618646998274,3.051620389235857
Cc1c(Cl)cc(CC(C)(C)N)cc1C(=O)NC1(O)CCCCC1,-5.404,4.3417403192729065,8.186931720736409,4.440935149267551
CC1(C(=O)NC(CO)Cc2ccccc2)N=C(c2cccc(Cl)c2)NC1c1ccc(C#N)cc1,-5.618,4.7337489371533,8.616231252699755,4.530155847208792
Cc1ccc(NC(=O)C2CCN(S(C)(=O)=O)CC2)c(Br)c1,-5.319,11.192932993634868,8.839904637494682,12.62974405916446
CC(C)CNCc1ccc(N(C)C2CCCCC2)cc1,-4.291,12.7562917025286,7.177217566717619,8.01805892969115
CCOC(=O)c1ccc(CNc2nc(CC)nc(Cl)c2C)o1,-5.015,5.524078022620608,8.180101099619733,3.2941059485086384
CCCN(CC(=O)O)C(=O)c1sc(C(C)(C)C)nc1C,-4.403,6.183175640397092,8.228526538816046,2.975914817329286
CC(=O)c1ccc(N2CCN(c3ccccc3C)CC2)nc1,-5.281,4.422211550796727,7.755452855894361,3.0068087734340536
OCc1ncc(C(F)(F)F)c(F)c1C(F)F,-4.839,12.977983549072636,12.354472590928356,2.9122913659179086
COc1cccc(-c2c(N)noc2-c2cccnc2)c1F,-5.483,13.041567927208753,12.37868175534051,2.8019768021880553
Cc1cc(Cl)ccc1OCC(=O)NC(C)c1nnc(C(C)Oc2ccc(F)cc2)o1,-5.536,4.370227110803282,7.7330556056451565,6.255545459830022
Cc1cccc(NC(C#N)C2CCCCC2)c1C,-5.25,12.818475728416386,12.950829471504903,3.0604788840964092
Cc1ccnc(SCCSc2nc3ccccc3o2)n1,-5.042,12.484366263451262,12.710467536640813,3.3759149870812806
O=C(O)c1cc(NC(=O)C2CCS(=O)(=O)C2)ccc1Br,-5.151,11.243485447137823,7.630227454014723,11.482966733383842
CCOC1CC(Nc2ccc(Cl)cc2[N+](=O)[O-])C1,-4.545,12.147968513294723,13.217220396134733,3.1238786788222104
O=C1C(=Cc2ccc(N3CCCC3)cc2)NC(=S)N1Cc1ccccc1,-5.883,4.301041850528776,7.829828159033888,3.591287373630799
O=C(O)C1CN(Cc2ccccc2)CC(F)CN1,-3.475,5.275459600831002,8.195818201985691,2.995442538257077
Cc1cccc(CCC(C)NC2CCC2N)c1,-4.419,14.033142520476304,12.923961544356283,3.1105287331899056
COc1ccc(S(=O)(=O)Nc2cccc(-c3csc(NC(=O)Cc4ccccn4)n3)c2)cc1,-6.28,11.457665599937886,7.095165466710413,8.143027078427286
COc1ccc(CCC(=O)Nc2ccccc2CN)cc1,-5.167,12.72007024351674,12.36679804961656,3.211576715571341
N=C1N(Cc2ccccc2)CCN1Cc1ccccc1,-5.111,3.5532630074341527,8.597254794409666,8.07621507885965
COc1ccc(C2CC2NC(=O)NCc2nc3ccccc3o2)cc1,-5.888,4.379510817431554,8.35707012056259,6.560931793579324
COC(=O)C1=CCCC(=O)C1CC(=O)Cc1ccc(O)cc1,-5.403,12.639990704110506,12.496428329726857,2.7920898982661715
CC(N)(C#N)c1cccc(F)c1,-4.852,13.333010087748379,12.534485988663436,2.957833835765627
CCC=CCC=CCC=CCC=CCC=CCC=CCC=CCCCCCC(=O)NC(COC1OC(CO)C(O)C(O)C1O)C(O)C=CCCC=CCCC=CCCCCCCCC,,,,
CSc1ccc2[nH]c(=O)c(CN(Cc3ccccc3)C(=S)Nc3ccccc3C)cc2c1,-6.266,12.867185667425492,7.350369310449645,7.416555736998139
CN(CCC(=O)O)Cc1nnc(C2CC2)n1C,-4.933,12.688504718839017,12.365424214316306,2.8230106269725592
CCNC(=O)CCC1CN(Cc2cc(OC)ccc2OC)CCO1,-4.918,4.919397625726141,8.01066620200842,2.8677810237185124
CC(CCN)(COCC(F)(F)F)NC1CC1,-4.434,12.31519366473788,12.170684039937935,3.0087499065226404
Cc1c(Cl)cccc1NC(=O)C(C)CCN,-4.703,6.440345642898369,8.248172706727228,2.9024191633876724
O=C(CCCN1CCCC1)Nc1n[nH]c2ccccc12,-5.297,4.209538335732315,7.107740076845803,4.30502044129874
O=C(O)c1ccc2c(c1)NC(=O)C2CCl,-5.023,12.289261735352536,11.276171025662924,8.784290068070383
CS(=O)(=O)N(CC(=O)Nc1ccc(F)c(F)c1F)c1ncnc(Cl)c1C=N,-5.523,7.805073734437107,7.737548836679482,2.9880781448951437
O=S(=O)(c1ccc(F)cc1)N1CC(c2nc(C3CC3)no2)C1,-5.703,4.495019799733922,7.974470578038393,3.810766458338795
COc1ccc(CNC(C)Cc2ccccc2)c(Br)c1,-5.295,12.575917223010018,8.427125369899276,8.957907679810058
CCc1c(C(=O)Nc2ccc(C)cc2)cnn1-c1ccccc1C,-5.266,4.4726057282081095,7.985648376932207,3.570835336444402
Nc1ncc(CNc2nc(Cl)nc3c2ncn3C2CC(CO)C(O)C2O)c(N)n1,-5.948,5.081194150984589,8.352785283963666,3.0988717301624473
Cc1noc(C)c1CN1CC(C)c2[nH]c3c(c2C1=O)CCNC3,-6.396,12.246392856674165,12.652364443059646,2.987854916156405
CC(CNCC(F)(F)F)Nc1cccc(F)c1,-4.657,13.419813486036235,12.60869517436281,2.9290887661523675
NCCCOc1cccc2c1C(=O)CN2,-4.439,12.594296725105377,12.544695851235293,3.076732195040706
Cc1cc(F)c(F)c(NCC2(C)CCC2)c1[N+](=O)[O-],-5.4,12.672500818701888,12.594327691464915,2.956635080627976
CNN(CC=O)C(C)=O,-3.631,7.0362283220486805,7.392367618023335,3.1302761858979795
NC(C=CCO)CS,-3.693,16.523740738706838,12.742114973582682,2.8474400783861977
Cc1ccc(Cc2ccc(OS(=O)CC(F)(F)C(F)(F)C(F)(F)F)cc2)cn1,-5.134,3.7026020580127152,8.007600264748485,8.9351710112342
CC(O)(CNC(=O)c1ccc(Cl)cc1Cl)C(=O)O,-5.015,10.704403252867486,9.328010988415484,12.953567848280256
O=C(O)C(O)C(=O)Nc1ccc(C#CCO)c(Cl)c1,-5.105,5.117193078241234,7.8494373046735,3.0383892114079134
Cc1nn(C)cc1CNC1(C)CCOC1C,-4.835,12.861166782216923,12.612583954130889,3.017214112389109
COCCNCC1CCCCC2CCCCN2C1=O,-2.97,7.819997762148016,8.609381452810648,3.0350186160878816
CC1CCC[P+](Cc2cccc3c2B(C2=CCCC=C2)O3)(CC(C)(C)C)C1,,,,
COc1ccccc1CNC(=O)C(=O)NCc1ccc(CN)cc1,-5.455,4.840621964169481,8.397302483536008,3.170939450699114
NC1CCC(NCC2(C3CC3)CC2)CC1,-4.109,13.424062388114859,12.8472616926721,2.9840589806503486
CNC1CCN(S(=O)(=O)N(C)C)CC1,-4.212,5.352179929710883,8.116987187374388,4.0066321268616605
Cc1nn(-c2nccc(-c3ccccc3)n2)c(C)c1C=C(C#N)C(N)=O,-5.898,4.744747938510539,8.490502576408536,3.1531411322679492
CN1c2nc(Nc3cccc(Cl)c3)cnc2OCCC1CC(=O)O,-4.101,5.46224148129685,8.085926106513712,2.8123561296535686
N#CC1=C(c2c(Br)[nH]c3ccccc23)NCN1,-5.447,12.758495130696254,12.407491366106203,3.1474886814728973
CCC(N)Cc1ccc(F)cc1NCc1ccc(N(C)C)cc1,-4.669,12.515209107322178,7.252873085888101,8.689097191308198
CCn1nc(C)c(S(=O)(=O)Nc2cccc(Cl)c2)c1C,-4.739,13.741386138232198,7.231989214593726,7.563533235201654
COc1ccc(C(=O)Nc2ccc3sc(C(C)C)nc3c2)cn1,-5.7,5.524616728787618,8.3538023079314,3.136598954281532
CCC(C(=O)Nc1ccc(S(=O)(=O)N(C)C)cc1)c1ccccc1,-5.415,4.513612300585863,7.4973980820015145,3.0185122163078955
COCc1cnc(C(=O)NCCN2CCC(C)CC2)o1,-5.196,12.740850991986367,12.602021583857091,3.0798995113477323
CN=CCC(O)CO,-3.601,7.95920071363953,7.901962161387512,3.0793564262683195
CCOC(=O)C(C)=Cc1ccc(C=NO)cc1,-4.232,5.482508002730136,8.772225544296042,2.845856812982691
Cc1ccc2c(c1)C(=O)N(c1ccc(C)c(F)c1C)CO2,-5.557,4.775376215545744,7.982871538487888,5.396348209669202
Cc1nnc(CNC(=O)C23C=CC4CCC(C)(C2)C3C4)o1,-5.611,11.166604273457532,8.745778753204315,12.395931751990247
CCCCN1CC(O)C(O)C(O)C1,-4.348,12.698151282765535,12.702712859857929,2.9708885876114577
CCCCCCn1c(=O)[nH]c2ncnc(N)c21,-5.285,12.784473747479792,12.490300476769965,3.018630484176558
CC1(CNC(=O)c2ccc(NN)c(C(F)(F)F)c2)CC1,-5.471,12.880170068752975,8.75940603009131,8.64459096776707
N#CCN1Cc2c(-c3ccsc3)nc3c(N)c(C(=O)O)ccc3c2C1,-5.829,5.43177420370177,8.219455334753027,3.0650210439734344
CCOc1ccc(NC(=O)c2c(-c3ccccc3Cl)c(C)n(Cc3ccccc3)c2C)cc1,-5.702,4.0347392728650995,8.068573975616756,5.796160884585588
CCc1cccc(NC(N)=NCC(C2CCCC2)N2CCCC2)c1,-4.994,4.42255650048702,8.0018283535702,5.307011682670391
C=CCN(CCOC)c1ccc(C)nc1CO,-4.568,12.720101768460816,12.091462607972618,2.739150415731126
CSC(=O)CC=CCc1ccccc1,-4.483,12.792262856899088,12.797697917985094,3.064227308800703
CCC(C)Oc1ccc(C)cc1C(=O)O,-4.631,12.678759797393434,12.030089401164066,2.774783234777087
CC(=O)CC(=O)C1C2CCC1(C)C(=O)C2(C)C,-4.765,13.127658930670009,12.671033343812178,3.041053929150221
COc1ccc(CN2C(=O)C(O)C(=C(O)c3ccc([N+](=O)[O-])cc3C)C2c2ccccn2)cc1,-6.091,3.6008303209121086,8.408422622585046,4.3943291865767184
CCc1ccccc1NC(=O)CN1CCN(CC(=O)Nc2c(C)cccc2C(=O)OC)CC1,-5.6,4.394189458819453,7.291041420812256,2.8071202325515023
CCC(C)CC(C)C(C)=O,-3.64,12.710313174741211,11.77147017156311,9.031000553648528
OC(c1cc(Br)cs1)C1CC2C=CC1C2,-4.662,12.701736337997257,12.936272028679669,2.9980465306595896
O=C(Nc1ccc(Cl)nn1)c1ccc(NC(=O)c2cccs2)cc1,-5.741,12.54351661217858,7.219864610918961,7.934354731167494
COc1ccc(C(C)NS)c(F)c1F,-4.436,13.086470341539771,12.487139744553193,3.0106260146354944
CCCS(=O)(=O)NC(C)CSc1ncnc2c1cnn2C,-4.802,12.4518144460958,12.51944747183357,3.1160689979523877
O=C1Cc2cc(S(=O)(=O)NCCCc3nc4ccccc4o3)ccc2N1,-5.679,12.107870332969378,12.810297264310458,2.838130722852632
C[S+]([O-])CCC(N)C(=O)N1CCN(CCO)CC1,-3.945,6.235248591676197,7.9759611333055025,2.9394615153119457
CCCCOCC(=O)OCCC(C)(C)C,-4.193,12.728954945320531,12.428909887838113,2.9045256067041314
Cc1ccc2nc(N(C)C)ccc2c1C1CN(C2CCOC3(CCC3)C2)C1,-5.958,12.816734802593054,7.249337693886249,8.16341699290193
Cc1ccc(NC2=NC(c3ccccc3)C(C(F)(F)F)=C(C3C=NC(C)S3)N2)cc1C(=O)O,-6.053,4.138031416023807,7.6774178601923175,4.350730283527123
CCOc1ccc(C(=O)NCCc2ccc(F)cc2)cc1Br,-5.228,12.517595376109583,8.766077629133797,9.191756632983708
CCCC1(C(=O)NC(C)c2ccc(I)cc2)CNC1,-4.33,13.523571495725529,10.742807175035768,9.336320206591033
O=C=C(Cl)N1C(=O)C1(O)c1ccccc1,-4.758,7.73644007279834,7.5884408807079735,3.1542850219978527
CCCC(C)C(NCC)c1cccc(C(F)(F)F)c1,-5.24,12.21251022517484,12.000149540734899,3.129438607801725
CC(C)(C)NC(=O)CN1CC=C(Cc2ccc(Cl)cc2)C1=O,-5.079,4.41591553361248,8.511431724451533,10.114648683963274
CCc1ccccc1S(=O)(=O)c1cccc(C(=O)O)c1O,-5.702,12.884578766882525,11.94572764631774,2.9661094045904646
CNCC#CC(C)(C)c1ccc(OC)cc1,-4.648,12.577692872701258,8.656276797792456,8.932448936321999
CCN(CC)S(=O)(=O)c1cccc(C(=O)NN=Cc2ccc(I)o2)c1,-5.607,4.714594150083333,7.807316120152943,3.0224167482331086
CC(=O)c1ccc(OCC(O)CN2C(=O)C3CCC2C3)cc1,-5.34,4.228418498682456,7.473481183491399,4.796238734675329
COCc1cccc(C(=O)NCc2cccc(CN3CCCCC3)c2)c1,-5.702,13.558044401756472,7.3215529090487355,8.248884106350385
CC(O)C1COC(=O)N1C(C)C,-4.041,13.385462972941953,12.450080039903359,3.1575009105303518
CN1CCN(CCC(=O)c2ccccc2)CC1=O,-5.312,4.543756815675768,8.053859075002492,4.824151117036032
CC(C)(C1CC1)C1(CBr)CC1,-3.804,13.971044234415695,13.552715189215776,3.3970922860587702
CC(C)(C)C(=O)OCCC1CC(=O)N(CC(c2ccccc2)c2ccccc2)C1,-5.472,4.578528803010853,7.601936463822884,3.3008614027250522
CC(NC(=O)C1CCC(C(=O)O)C1)c1cccnc1,-5.539,12.235934659845157,8.408823996255363,8.731011911571304
O=[N+]([O-])c1ccc(CNc2c(Cl)cccc2Br)c(Cl)c1,-5.06,12.486397398769592,9.020182315230663,8.889109629203592
CC(Nc1nnc(S(=O)(=O)CCCl)s1)C1CC1,-4.19,4.822170673047565,7.287538198870726,4.868024342584987
CC(C)(C)ONC(=O)C(Cc1ccc(O)cc1)NC(=O)OCC1c2ccccc2-c2ccccc21,-5.213,3.8964672461089673,8.367351432801183,6.052967288859242
CC1=C(c2cccc(NC(=O)C3(C)CC=CCC3C)c2)COC1=O,-6.077,12.957731668775983,8.4457044111193,8.920062836101549
CCC(=O)C(O)c1cc(OC)c(OC)c(OC)c1F,-4.766,12.571032614705922,12.389780829377088,2.7307658266500994
Cc1ccc(C(=O)CSc2cccc(Br)c2)o1,-4.88,12.979396018305321,8.47697746841408,8.975287014909329
NNC(=O)c1[nH]ncc1N,-4.721,14.514948088091806,11.630401196863332,2.8482552554151463
Nc1cccc(CSC2CCOCC2)n1,-4.831,12.5737800998745,12.588328165407827,3.0864043805049275
CN(C)C#CC(C)(C)S(N)(=O)=O,-4.37,6.910088422010241,7.883560997417347,2.95632694403038
CNC(CC(N)=O)C(=O)NC(C)C(C)C(C)O,-4.368,12.756032337682434,12.082892782773504,2.829950352921407
Cc1cc(C#N)c(Nc2ccc(Cl)cc2F)o1,-5.685,12.79702219268217,12.599945317341659,2.984267581836454
NC(=O)C1CN(S(=O)(=O)c2ccc(F)cc2F)CCO1,-5.033,6.501475909360888,7.169071418252156,2.976925595308019
Cc1nn(Cc2cc(C(=O)O)co2)c(N)c1Cc1ccco1,-5.291,12.27590672822175,8.392705761552707,8.496513049480946
CCC(CC)C1(N)CC1C,-3.564,14.156899589952596,13.014223372910118,3.1666629122784764
C=CCN(CC=C)c1nc(N(C)C)ccc1N,-4.176,13.056642026187285,12.258995758217718,3.093187029586152
CC(CC(=O)Nc1cccc(C)c1C)=NNC(=O)c1cccc(Cl)c1,-5.748,4.731452419712155,7.611581832970069,9.809714623779838
CC(NCc1ccco1)c1ccc(Oc2ncccn2)cc1,-5.197,12.440521210946107,12.769773921256398,2.995987483284935
COC(=O)c1c(NC(=O)COC(=O)CCNS(=O)(=O)c2ccccc2Cl)sc(C)c1C,-5.519,3.2789278735586724,7.549516673271209,2.8220846904371952
CCN(c1ccccc1)c1ncc(C(=O)O)cc1F,-5.374,12.661058802485675,12.793881975381828,2.874057932610267
CC1CCCC1Nc1ncc(CCl)cc1Br,-4.779,12.972673972624147,12.731052234595536,3.384991728202596
O=C(Nc1ccc(Cl)cc1Cl)Nc1ccccc1C(=O)O,-5.606,4.423596952707151,7.258306000713941,4.676639926271854
CCCCCC(CC)PCCO,-3.221,10.693137893060204,9.06374210798167,12.41716348446778
CN(Cc1ccccc1)CC1(C)C2CCCC1CCC2,-4.062,13.689874908120965,11.799235017576352,9.295934702868776
Cn1cc(-c2cccc3c2C2OCCC2C(c2ccc(Cl)nc2)N3)nn1,-6.017,5.31456282303634,8.50574776254269,2.9458324799621596
C=C(C#N)CN(CC(C)C)C(C)C,-3.841,13.344787896403599,12.379294365996795,3.1286891823893277
COC(=O)CN(Cc1ccc(C#N)cc1F)C(C)C,-4.834,12.542757830716498,12.164774967092486,2.805550748070688
CCOc1ccc(C(=O)Nc2cccc(Nc3cc(O)ccc3O)c2)cn1,-5.866,6.495290678637871,8.515535743568927,3.016928404851531
CC(=O)NCCCC(=O)c1ccccc1,-4.716,12.805548055432848,12.557029664693797,3.082727526071677
CNC(C)C1CCCCC1F,-4.279,12.70180369081494,11.68067566538854,9.263708598612114
CC1=CC(=O)SC1CCN(c1ccccc1)N1CCC(C)(N)CC1(C)C,-5.142,12.075372665056761,7.513088179969671,7.969413591977768
COP(=O)(OC)N1CC2(CCC(C(O)C(N)=O)C2)C1,-4.484,4.175086825444472,7.6529564221939745,3.240304306697135
CC(=O)c1cccc(C)c1Sc1ccccc1,-4.858,12.802653709290118,12.211663031708664,2.829733026276507
CC1CC(N)(CN)NCCO1,-3.022,7.242419278114184,7.486396596494203,3.1264319919038694
Cc1oc(-c2ccccc2)nc1-c1ccc(C(F)(F)F)cc1,-5.832,12.28498485957553,12.361685119756125,3.257601878683152
CC(=O)Nc1ccc(C)c(N2CCN(C)CC2)c1,-4.603,14.502049786150922,7.357159642144515,7.822687581643535
NC(N)=NN=Cc1cccc(Cl)c1,-4.989,12.634178010460356,12.76330403931521,2.947314370745001
Cn1cc(CCC(NC(=O)OC(C)(C)C)c2cccnc2)cn1,-5.496,12.953847999725795,12.628513214151539,2.9655520565318017
CCc1cnc(-c2[nH]nc(N)c2C(C)OC)s1,-4.956,12.945634244794652,12.743667682421728,3.1749222037712985
Cc1ccc(Cn2c(=O)cc(N3CCOCC3)[nH]c2=O)cc1,-5.152,3.811452479042601,8.582440561984685,10.08002108132716
CCCOc1cccc(-c2n[nH]c3c2C(=O)N(CC2CCCO2)C3=O)c1,-5.391,4.914352246227369,7.895306010535626,3.0376617652398363
Cc1ccc(C(=O)c2c[nH]c3ccccc23)cc1F,-6.198,12.456592351040474,12.734657474781173,2.79944244448783
COc1cc(C=C(C#N)C(=O)Nc2cccc(Cl)c2)cc(Cl)c1OCc1ccc(C)c(Cl)c1,-6.509,4.918358059352736,8.397337792419691,2.9173098909783306
CCCCCC(C)CNC(=O)N(C)CC(=O)N(C)C,-4.793,12.797749841280693,12.515284295612306,3.190294970688447
OC1(C2CCCC2)CCCC1,-4.34,16.349864494851328,12.809663461621465,3.099849028581876
Cc1ccc2nc(-c3cnc(C)cn3)[nH]c2c1,-4.92,4.297405379993839,8.12438766923391,6.43632146493632
O=S(=O)(c1ccc(Cl)cc1)c1c(-n2cccc2)csc1-c1ccc(Cl)cc1,-4.834,6.241349373332662,8.040950876606571,3.657372417460381
O=C(c1cc2c(s1)CCCC2)N1CCCCCC1,-3.595,12.273054469039074,12.213803748218652,2.8480272119486503
CC(C)NCc1cnn(C)c1C1CCCC(F)(F)C1,-4.316,12.442159981289423,11.503540063823833,8.854681304259346
CC1CCN(C(CC(=O)O)c2cnnn2C)C(C)C1,-4.702,13.566874068848728,12.293193604592746,3.0987521682122305
COCc1ccc2c(c1)N(C(=O)OC(C)(C)C)CC2,-4.308,7.767488332788147,7.992244115390869,3.246522755195164
Cc1ccc(C)c(C(=O)Cc2nc3ccccc3o2)c1,-5.363,12.96928482993569,12.542989476197452,2.9485738925792586
CCn1cccc1CN1CCCC(n2cccc2C(=O)O)C1,-5.185,4.537037469538905,8.15731334447807,2.9045187208899175
NC(=O)Cc1ccc(NC(=O)c2ccc(Cn3cccn3)cc2)cc1,-5.921,3.9549644751881137,7.970062107662649,5.0074577382140735
O=c1[nH]nc2cc(-c3[nH]ncc3-c3ccc(Cl)cc3)sn12,-5.278,4.731388802455364,8.35362951057802,9.633150367351275
Cc1ccc(Cl)cc1C(O)C1CCc2cccnc21,-6.039,13.069850611235005,12.133861833727957,3.098555469892382
CC(C)(C)OC(=O)N1CCCC1C(=O)N1CCC(Cl)C1,-4.956,12.606413090169623,12.774387930542895,3.100282245215748
CN1C(=O)c2ccccc2NC1c1cc(F)cc(Cl)c1,-5.839,12.402010683756084,12.444686657365063,2.952721456554953
C(=Nc1cccnc1)c1ccc(CSc2ncccn2)o1,-4.772,4.819314162824416,8.012985773106053,3.583525777778081
Fc1ccccc1N1CCN(CCn2cc(Cl)cn2)CC1,-5.116,3.992321254608652,7.907080181710565,3.7988658833920423
CC1C(OC2OC(COS(=O)(=O)O)C(O)C(O)C2O)=CC(C)(C)CC1O,-5.498,4.797786468779118,7.239669951040585,2.9914668642657567
Cc1ccccc1NCC(=O)NN=Cc1ccc(Cl)o1,-5.093,4.46861287202192,7.587719749700827,3.5207296118844464
CCC1CCCC(NC(CO)C2CC2)C1,-4.512,12.781426641811155,12.836928098264007,2.8716779067297917
CCC(=O)NC(=O)CC1(c2ccccc2)CCCC1,-4.715,12.943213859007352,7.309920109002561,7.816760070515149
NOC(N=O)C1CC1,-4.084,16.213905667666875,11.633502911849037,2.8838269712311106
Cc1[nH]cnc1CC(=O)NC(CCC(=O)O)C(=O)NC(CCC(=O)O)C(=O)O,-5.095,4.74876247037057,7.108729281664902,3.087660926980163
Nc1ncc(S(=O)(=O)NCCOc2cccc(Cl)c2)s1,-5.308,4.961799068886204,8.403597622447187,2.923307202467781
CC1NNC(CN2CC=C(C3CCCCC3)CC2)C1c1ccccc1,-6.151,4.378964489465517,7.96157327417138,3.392540493494513
CC(C)N1CCCC(NCc2nccn2C)CC1,-3.046,13.785447544421617,7.58723197220172,8.048161715572073
CCNC(=O)NC(=O)CSc1nc2ccccc2n1CC,-5.698,12.216707985378058,12.299184932344094,2.8276812055109755
CSCCNC(=O)c1cccc(C)c1O,-4.533,12.68689063561281,13.235788340707174,2.8609840964255646
Nc1cc(C(=O)O)cc(OC(F)(F)F)c1OC1CC1,-5.232,12.321380969680307,12.55463523962365,3.031687813743361
COC(=O)CCCCC1(C)CCCC(=CC=C2CCCC3(C)C(=O)CCC23)C1,-5.024,4.8698260749230045,8.37596633231056,5.125214336981431
Cc1ccc(CCC2CCCCN(C(C)C)C2)o1,-2.948,7.496373723341172,8.324093704422122,3.114380516250383
CNC1(C#N)CCN(c2ccccc2OC)CC1,-5.567,12.649436904463377,12.526674778248216,3.0827812118280478
CCC(CC(=O)c1cccc(F)c1)OC,-4.715,12.33509602719006,12.357055231728957,2.8857583058877263
CCCC(C)(N)C(=O)N1CC(CC(=O)O)C1,-4.571,12.156322881529595,12.892550019294088,2.932834294671283
CCCc1nc2ccccc2n1CCCNS(=O)(=O)c1ccc(F)cc1,-5.31,4.409707700063576,7.5344028296873,9.174471864908629
CC=CC(=O)CC,-3.204,16.392788566927837,12.558576073743394,3.0446730530551225
CCC(CS(C)(=O)=O)NC(=O)c1ccc(COc2ccc(Cl)cc2)o1,-5.64,4.348140522108272,7.8700313214116235,2.9929298354622342
Cc1onc(CC(=O)O)c1Cl,-4.406,7.276071811080482,7.547063866166763,3.001703016622397
O=c1ccn(-c2ccc(F)cc2)[nH]1,-4.167,12.975992216397174,12.850544813353245,3.1425939922299864
CSc1ccccc1C(=O)Nc1ccc(Cn2cccnc2=O)cc1,-5.449,4.302299966297096,8.121769080686793,2.987498786610633
O=C(COC(=O)C1CC1c1ccccc1Cl)Nc1ccc2c(c1)OCCO2,-5.455,3.6582893543294253,7.088473883707268,7.899001582478636
COc1ccc(CN(C)C(C)CO)cc1Cl,-4.546,12.741596328561034,11.881853180375527,2.941998980285343
CCc1ccc(NC(=O)c2ccc(O)c(O)c2)cc1,-5.508,12.828479021302565,12.862310251272904,2.7437853414580378
COCCCC(=O)Nc1ccc(O)cc1,-4.127,12.5932950811136,12.838284542726104,2.827778103034253
Oc1cc(C(F)(F)F)ccc1C1(C(F)(F)F)CC1,-5.316,12.339042628988686,12.751955849986308,2.74802711049218
C#CC(CCCCC)c1ccc(OC(C)(C)CCBr)cc1,-4.535,13.041490175589598,7.502937957893562,7.868176472347325
COc1ccc(C(=O)c2cnn(C)c2)c(OC)c1Cl,-5.048,12.950009266405951,12.653157866714537,2.973773864973596
CN(C)CCCOc1cc(N)ccc1F,-4.57,12.664306455546628,12.770339815369049,3.020452615089335
CC(=O)OCc1ccccc1OCCC(N)c1ccccc1,-5.1,4.688847299710238,8.083369779986562,2.9805633695662292
O=C(Cn1cc(C=C2NC(=S)N(c3ccc4c(c3)OCO4)C2=O)c2ccccc21)c1ccc(Cl)cc1,-6.988,3.686725376265501,8.794653660036873,10.022336404252256
CCN(CC)C(=O)C1Nc2ccccc2NC1=O,-4.514,3.986949460427107,9.219322534763604,9.455884358429941
COc1ccc(C=CC(=O)OCC(=O)Nc2ccc(Br)cc2F)cc1,-5.318,12.738802926491955,6.971009324337473,8.06924841605462
O=C1C2C=C(C=CC2)CN1Cc1cnccn1,-5.146,12.710491925964156,12.622081009088793,2.9205896664886013
CC(C)C(C(N)=O)N(C)C1CCC1,-3.914,14.154943518078763,12.920334090107731,2.978388826194458
O=C1C=CC(CO)(CCc2c(O)cc(O)cc2O)O1,-5.666,12.128528393832452,12.319725849222456,2.7278660157713026
CCc1ccc(C(NC(=O)CCc2[nH]ncc2N)C(C)C)cc1,-5.106,4.578892988485317,8.23427112742834,2.9499020322715803
CN(C(=O)C1CC1)C1CC(C(=O)O)C1,-4.496,12.84890045879413,12.608450301286037,3.019914237192838
O=C(Nc1ccc2oc(-c3ccccc3)nc2c1)c1cccc(Br)c1,-6.42,5.149944562808419,8.55527825380332,3.6371710160507993
Nc1nc(Cl)nc2c1ncn2Cc1ccc(C(F)(F)F)cc1Cl,-5.554,12.301268999578866,12.622702484016646,2.8371113830796273
O=[N+]([O-])c1cc(Cl)c(Oc2cncc(Br)c2)cc1F,-5.037,12.471414073792916,8.929745853046434,8.962275436517224
N#Cc1cc(F)cc(-n2cccc(C#N)c2=O)c1,-4.808,5.11110721859755,8.043980668798252,3.7995668174148487
CC(O)C(Cl)c1cc(Br)ccc1Cl,-4.314,12.688877176488075,12.942751716694561,3.1179894162745323
CC1(c2cccc(C3C=CC(=O)C3)c2)CC1,-5.555,12.489555876811634,12.33930022327036,2.976034442004999
Cc1nnc(C2CN(C(=O)C3(C)CCN(C)C3=O)C2)n1C,-5.272,4.6211947589341,8.348745354842247,3.1597385967829683
CCNC(=NCc1cccc(Cl)c1F)NCCCSC,-4.951,12.683738644421842,12.7546487995554,2.9033768270756726
COC(=O)c1ccc(NC(=O)c2ccc(C)c(C)c2)c(C)c1,-5.431,10.374654259299438,8.73568085497633,12.576421828167184
COC(=O)C1CCCN1C(=O)OCc1ccccc1,-4.681,12.965667125142463,13.00524767161318,3.309429104845729
CC(C)C(CO)Nc1nc2cc(N)ccc2o1,-4.726,12.677864370626466,12.941734080099158,2.797415414270823
CC(C)Cc1cc(C(=O)Nc2nc3ccccc3[nH]2)n[nH]1,-5.588,13.205788276358211,7.145236035289527,6.42921597086301
CC(NC(=O)NCc1nc2ccccc2[nH]1)c1cccc(Cl)c1,-5.805,4.621912158403705,7.060214019418957,3.6231468366600885
CC(Nc1cccc(C(C)(C)C)n1)C(=O)O,-5.069,12.295148758758472,13.033969234273954,3.212177143309503
COc1cc(Cl)c(-n2cnnc2-c2ccccc2C(F)(F)F)cc1F,-5.139,13.791989305390286,8.074769284629747,8.38266371745879
Cc1ccc(C)c(S(=O)(=O)n2cc(CN(C(=O)O)C3=CC=CCC=C3)c(C)n2)c1,-4.769,4.192476475783733,8.01334848861573,3.0272340510769893
C=C1OC(=O)C(C)=CC1O,-4.369,7.690240373356349,7.758360716027581,3.0779139039290873
CCCN(C)C1CCN(C(=O)c2cn[nH]n2)C1,-4.908,12.81124392867453,12.17767572240286,2.9969759758796863
CCCNC(=O)C(c1ccc(Br)cc1)N(C)C,-4.243,4.489285132401371,7.0501885081180635,8.315945286015294
Cc1ccc(OCCNC(=O)C2CCN(C(=O)C3COc4ccccc4O3)CC2)cc1,-7.093,4.288870480674369,8.020071134347873,3.110229252000566
C=CCC(=O)NCN,-3.593,16.09657345524196,12.559633314711062,3.002210185846421
CCN(c1ccccc1)c1nccc(C(=O)Nc2ccc(OC)c(OC)c2)n1,-5.817,4.30705572288077,7.770829042000602,3.029409678468729
CN(CCCn1ccnc1)Cc1ccco1,-4.556,12.581540168039842,12.340268919274004,3.17808338468329
CCC(c1nc2c(Cl)cccc2s1)N(CC(C)C)C(=O)C1CC1,-4.431,3.4621178489473756,7.647511621436086,8.885497566259302
CCOC(=O)C(CC)C(Br)(Br)Br,-3.394,13.950625434008327,12.790144995268818,3.134935406033113
CC(=O)Nc1cccc(CNC(=O)C=Cc2ccccc2C)c1,-5.783,4.362210448843568,7.151335539603774,6.2270555642293735
Cc1ccc(NC(C)(C)C)nn1,-4.19,12.657777451037761,12.397565446489887,2.985974212882623
CCC1(CC)NC(=O)N(c2ccc(Cl)cc2Cl)C(=O)C1=O,-4.827,7.804299456069071,7.809351445542708,3.434478417460213
Cc1nn(C)c(C(=O)Nc2ccc(-n3ccnc3)nc2)c1Br,-5.343,12.690649037775806,12.50695634437092,3.125828850081207
CN=C(NCc1ncccc1Oc1ccc(F)cc1Cl)NC(C)(C)C,-5.441,13.125041447553604,7.9492005258390614,8.969411017452595
CCCCCCCCCCCCc1ccc(OC(=O)OCC)cc1,-4.263,12.485183779184029,12.721259214401694,3.164248567985771
CCC(C(C)=O)n1cccc1C,-3.94,12.696769431631026,11.747759062902167,8.91690876929892
CC#CC(=CC)CCC,-3.391,16.082666134692968,12.875820129218953,3.398784488607655
Cc1ccsc1CC(O)c1cc2ccccc2o1,-4.808,4.29967196423169,8.320829826405536,10.262279912378144
CC(NC(=O)C1CCCC1CO)c1ccc(C(N)=O)o1,-5.351,12.36186741556469,12.240775057160391,2.8780064280678737
COCCN(CCC(C)C)C(=O)c1ccc(N)cc1,-4.557,12.3930662468979,12.044854959691296,2.9387231921363415
Cc1cc2c(nn1)CCC(NC(=O)c1cnn(C(C)c3ccccc3)c1C)C2,-6.362,11.494482763482662,7.180716746955,9.868379451561436
CCCS(=O)(=O)CCNCc1ccn[nH]1,-3.968,6.788263179930489,7.305565070547246,3.371436785704278
COc1ccc(Cn2nc(N)c3c(C(=O)N=C(N)N)cccc32)cc1,-5.465,7.740009431518801,8.386165631562497,3.1959175521280265
Cc1ccc(N)c2c(=O)c(=O)c(=O)c12,-5.026,12.8330006233928,12.298806324192604,2.9487817823636933
NC(=O)CN1CCC(O)(C(=O)O)C1,-4.743,6.391667935680013,7.123030885795737,2.9276669892595373
COCc1noc(CNCC2CC(O)C2)n1,-4.495,12.404574398180698,12.566622219196374,2.8310473327021572
CCOc1ccc(Nc2nccc(C3CCCN(C)C3)n2)cc1,-5.108,12.962386701529931,7.124595427110229,9.522691951333929
CCCc1cc(C(=O)N2CCCC(C(=O)O)C2)no1,-5.868,12.61974599585903,12.10574892354868,2.9538657721704284
CCCCOCCCN1C(=O)CSC1=Nc1ccc(Nc2ncc(C(F)(F)F)c(Nc3nn[nH]n3)n2)cc1,-5.497,7.855854950290261,8.403081042094025,3.18550058860456
CC(=O)Nc1ccc(OCC(O)CSc2ccccc2Cl)cc1,-5.202,12.698463135356183,12.700594395539131,2.968103940228509
COC(=O)c1cc(Cc2ccc(OC)cc2)nc2onc(C(N)=O)c12,-5.535,12.940950544685656,9.055064108000561,8.727814904086818
COc1cc(C=NN=c2oc3ccccc3n2C)cc(OC)c1OC,-4.917,4.563021586624372,8.067594065147304,4.663890757725785
Cc1cccc(-c2nc(N)nc(Cl)n2)c1C,-5.123,12.762135362077931,12.064815705181742,3.0951985396739894
Cc1cc(CN2CCCC(c3ncc(Cc4ccccc4Cl)o3)C2)ccn1,-5.812,12.12492713380167,7.369941519442334,7.529242524982177
CCCC=CC(CCCCCCCCC)OC(N)=O,-3.506,12.224727481625102,11.254754950686399,8.084771177961688
CC(C)(C)OC(=O)NCc1ccc(-c2coc3cc(Cl)ccc23)cc1,-5.604,14.020540538795215,7.321464744161513,8.437418799609274
O=C(NC1CN2CCC1CC2)c1ccc(OCCn2cccn2)cc1,-5.189,12.391297833560454,7.423301893362549,9.700845787868191
CNC(=O)C(Cc1ccccc1)N(Cc1ccc(OC)cc1)C(=O)COc1ccc(C)cc1,-4.643,4.870936049672589,7.145213852642899,8.324229333698105
CCOc1cc2occ(-c3ccccc3)c2cc1CN1CCN(c2ccccc2O)CC1,-2.907,12.731729222693986,7.487850826505559,7.681783321599224
CCc1cc(CN2CCn3nc(C(=O)O)cc3C2)n(C)n1,-5.353,4.373820412408357,7.967648963150924,3.038505060058318
CCOC(=O)c1nc(CC)nc2c1CCN2c1ccccn1,-4.781,4.500604514951297,8.306535800199743,5.5288680577492535
COc1ccc2c(C)c(C(=O)Nc3cccc4ncccc34)[nH]c2c1,-5.997,9.584392156000296,8.669230992423723,11.611848646964015
CC(C)CN(C(=O)c1ccc2c(c1)CCO2)C1CCS(=O)(=O)C1,-5.056,3.354955290313122,7.436917708298244,7.430131963834829
Cc1ccc(C(=O)NC(=O)c2ncccc2N(C)C2CC2)cc1,-5.752,4.59349572765666,8.205376773798994,5.472486089520922
O=C(O)C1(CCCOCC(F)(F)F)CCOC1,-4.405,12.491291606555345,12.200721331134481,2.8117683048217184
CN(Cc1ncc[nH]1)C(CN)C(N)=O,-4.334,12.8647622208885,12.710307824753892,2.98138709328393
Cc1ccc(C)c(S(=O)(=O)NCCC(=O)c2ccc(Br)cc2)c1,-5.524,3.439035184466712,7.5840314477196085,10.432730946401332
CCCCCCCCCCOC(=O)NC(C)C=O,-4.254,12.787145146591557,12.172273945323445,2.7126562627800817
CC1(C)CCC(NCC(O)c2ccccc2)(C(=O)O)CC1,-5.165,14.952858823649743,12.724259074696647,2.8201363442216763
COc1cc(C=NNC(=O)c2cccnc2)ccc1C,-5.31,4.194659700142552,7.659047721486006,3.1713143962716788
CC1CC(C)CC(NCc2cccc(C(=O)O)n2)C1,-5.71,4.344310762364957,7.994992808001768,2.8127683871943665
O=C(NCC1CC1)c1cccc(N2CCC(Oc3ccccc3Cl)CC2)n1,-5.565,4.25859554313391,8.236243682650484,3.501732713957478
CC1CCC(C)(C(=O)NCC2(C)CCC2)N1,-5.437,12.611646046412815,12.666714412190718,3.210508215220762
CC(NC(=O)c1cc2c(n1Cc1cccc(F)c1)CCC2)c1ccco1,-5.303,3.4991548979717946,7.861123138585223,8.390708313366638
CC1=NN(C2CC2)NC1C(=O)Nc1ccc(C)cc1C,-5.403,4.565986530860553,7.067476848211107,3.673015927000589
Cc1cn(CC(=O)N2CCOCC2)c(=O)s1,-4.444,12.291393859119479,12.951389500744698,2.7827127052572282
C=CC1(Cc2ccc(C)cc2)CC1,-4.066,12.59288183856261,12.851237761398705,3.5335530277611515
CCn1c(SCC(=O)NC(C)(C)C)nc2c(cc(C)n2Cc2ccccc2)c1=O,-5.135,4.106926466349258,7.9862478674281085,5.311848924809516
Cc1cc([N+](=O)[O-])ccc1NC(=S)Nc1ccc(C(=O)O)cc1,-4.994,6.798469460106442,7.8477712122614784,3.1232940943817638
CNC(=O)C1CCN(C(=O)Cc2ccc(OC(F)(F)F)cc2)C1,-5.065,4.353964285567808,8.12400455440542,3.3686808991057613
c1ccc(CC2CCC(C3CCCO3)N2)cc1,-5.461,12.840517668692334,12.986696192642684,2.952967490508488
CSc1ccc(C=CC(=O)c2ccc(Cl)c(Cl)c2)o1,-4.546,5.260372325225657,8.232659958968304,3.5375412365087704
Nc1nonc1-c1nc2ccccc2n1Cc1cccc(Cl)c1,-5.975,4.39973874224368,7.926383096974306,6.457242522935003
CCCN(CC1CC1)c1ccncc1C(=O)O,-3.952,7.141930341301292,8.228742856597233,2.9544686493513517
CCN1C=CN(C)C=C1,-3.203,13.562241149603556,13.138594293150238,3.4037253120661775
CCCCCCC(CN)N1CCCC1(C)C,-4.711,12.83731704835555,12.848006927146328,3.0791609246676273
CN(C)CCOc1cnccn1,-3.979,12.607660925009048,12.614190659729225,3.045660191157248
CSC(=O)C[n+]1ccc(O)cc1,-3.956,14.011844525257908,12.3061833644717,2.8898671249730494
O=C(c1n[nH]c2ccccc12)N1CCC(C2CC2)CC1,-5.13,12.875144154532794,13.152518618120256,2.7643695483780744
Cc1cc(O)c(CCl)c2ccccc12,-4.808,12.958092529381013,12.827289113448717,2.8259658525891647
COc1ccc(Nc2nc(Nc3cccc(O)c3)ncc2Cl)cc1C(F)(F)F,-5.808,3.9095852721228628,7.855463385440734,5.394579223628105
CCC(C)NC(=O)CCNC(=O)C1(c2cccc(Cl)c2)CCCC1,-3.98,5.613163368369034,7.127106986709264,3.6553047752547263
Cc1nc(CNC(=O)Cn2cc(C(N)=S)nn2)cs1,-4.607,4.842393726247381,8.47479846368042,3.407316539448602
CN(CCCCN1CC(O)CC1c1cccc(F)c1)C1CC1,-4.898,4.267531136383189,8.174928134240691,3.0419569359213483
Cc1ccccc1C(N)c1ccc(Br)s1,-4.72,13.055328911980732,12.667430797126938,3.0081213406377083
CCc1cccc(CC)c1NC(=O)C(C)N1CCN(C(=O)c2ccccc2Cl)CC1,-6.102,4.8067854123103935,7.046756558871606,2.798066117874987
COc1ccc(S(=O)(=O)NCCCCC(=O)O)c(C)c1,-4.864,12.799818826842824,11.91289868168113,2.946453121975641
Cc1nn(-c2ccccc2)c(C)c1NC(=O)NCc1ccccc1,-5.558,12.736392935207363,13.362215310344315,3.2999945454500375
Cc1ccc([S+](C)c2ccc(-c3c(C)cc(C)cc3C)c(C)c2)cc1,-5.803,12.577418177034584,7.384334025489367,9.53840364002279
CCC(C)NC(=O)C(C)N(CCc1ccccc1)C(=O)CN(c1cc(Cl)ccc1OC)S(C)(=O)=O,-4.69,4.524677889087798,7.418769844118362,8.175000305810391
CCOc1ccc(OCCC(=O)NCC2(c3ccccc3)CCC2)cc1,-5.58,4.973189419276125,8.180077444621167,3.01332241885929
Cc1cc(CCCN)cc(CN2CCCC2)c1O,-4.749,12.49711926805534,12.417230689650573,2.8577531383938672
Cc1ccc(NC(=O)C(C#N)=Cc2ccc(OCc3ccccc3Cl)c(Br)c2)cc1Cl,-5.949,4.905829287694385,7.672092152731222,3.567939461369827
Fc1ccccc1-c1c(-c2ccco2)n[nH]c1-c1ccccn1,-5.477,3.4203195757121883,7.381761578376803,8.663960353094883
CCn1c(C)ccc1C(=O)OC(C)C(N)=O,-4.293,7.781821958898828,8.214643631953853,3.0438301529487477
CCCNCc1coc(-c2ccc(Cl)cc2)n1,-4.489,5.18592576113465,7.667692873348541,5.11518386766302
O=C(O)CC1(N(I)c2ccccc2)CCCCC1,-4.743,12.522894753211016,12.677771452428065,3.1796872487714887
COc1ncccc1NC(=O)C1CNc2ccccc2O1,-5.113,12.656514291067664,7.163122992103375,7.555996492852547
Cc1ccc2c(c1)CCN(C(=O)Nc1ccc3oc(N)nc3c1)C2,-6.228,4.164520980857222,8.152306790105484,3.357636222106261
O=C(C=Cc1ccc(O)cc1)OC1OC(CO)C(O)C(O)C1O,-6.233,4.578605246142104,7.718642691561775,2.8656201772042293
N#Cc1ccccc1-n1ncc2c(Cl)nc(C3CC3)nc21,-5.281,11.081721256194815,8.998841258739926,13.127393953104326
Cc1ncc2c(n1)CC1(CCN(C(=O)c3cn[nH]c3)CC1)C2,-5.546,4.689266360530184,9.124148234218907,2.9179828649257007
CC(C)(C)C(Cc1ccc(CO)s1)C(=O)O,-4.668,12.04765396249411,13.126120752149129,2.8648549701511947
Cc1ccnc(NC(=O)c2ccc(C(F)(F)F)cc2)c1,-5.434,12.321985432551038,12.426589274615944,2.892875731862673
C=C(C(N)=C(F)C=O)n1nc(N)cc1C,-4.091,7.9698733992454365,10.968120759729079,8.168606551915694
CCNS(=O)(=O)Nc1ccccc1CN,-4.353,12.060525734809408,11.84623172152225,2.9005402944968717
CCC(C)C(=O)N1CCC(C(C)C)CC1,-4.705,12.904186491212844,12.998125210967926,3.2759929792354563
Cc1cccc(C(=O)OC(c2ccccc2)C(C)N2CCC(=O)C2)c1,-5.413,4.947591029986208,8.107427088787169,4.700952563045068
CC(=O)Nc1ccc(C(=O)O)cc1NC(=O)c1n[nH]c2c1CCC2,-5.951,6.241482115651698,7.109640919202599,2.9012264647903665
Cc1cc(=O)n2c(n1)C(CC(=O)O)N=C2c1ccccc1Br,-5.216,8.10316117327059,8.193014707664084,3.034374729660132
CC1CN(C(=O)N2CCC2C(=O)O)C(Cc2cccc(F)c2)CO1,-5.845,12.423713333782295,12.31423460877695,2.885000693240818
O=C1CCC(C(=O)NC(Cc2cnc[nH]2)C(=O)O)N1,-5.504,12.793067341337652,12.387556861625297,3.05195887914631
Cc1ccc(CNc2cc(C)ncn2)c(C)c1,-5.447,12.787195235859974,12.801737108689586,3.260267780413137
O=C(O)CC1(Oc2ccc(Cl)cc2)CCC1,-4.732,12.80997568303703,12.624044439085282,3.0509859062276896
CC(=CC(N)=O)c1ccccc1C,-5.287,15.194917637157499,12.559425783052346,2.8890283833842823
O=C(NCc1ccccn1)c1cccc(F)c1,-5.127,13.248483120719897,8.5587169599187,8.69197543714891
CC1(C)CSC(=NCC2CCCO2)N1,-4.639,12.916378478505498,12.68870103674919,2.8507455165272115
C#CC#CC#CC#CC#CC#COc1noc(C)n1,-4.814,14.016162777308203,7.6386811688929654,7.406126990539658
CCC(NCC(C1CC1)N1CCCC1)C(=O)O,-4.717,5.77697792967915,8.042049116985048,2.9240945607144786
O=C(O)CC1(COc2ccc(F)cn2)CC1,-4.84,12.007435946112727,12.88738255038625,2.995559547062953
Cc1ccc(S(=O)(=O)NCCc2ccc(OC(F)F)cc2)cc1C(=O)O,-4.563,13.115203810844877,11.097922463236081,8.448798612820642
CCCCCCOOOS(=O)(=O)OCCCC,-3.794,4.937249639222225,7.451984702077695,5.794432155095096
Nc1ccccc1NC(=O)c1ccc(C(=O)c2cccs2)s1,-4.921,4.647534938007459,8.213025386543013,3.611685202229011
C=C1c2ccccc2N(C(C)C(=O)OC2CCCC2)C1C,-5.022,4.2513267340913705,7.633635634479812,5.339345559148612
N#Cc1ccc(-c2nc(C3CCCO3)[nH]c2-c2ccccc2)cc1,-5.752,12.505587950992147,7.434811968032546,7.76106545520652
CC1CC(O)C(CNCc2ccccc2-c2ccc(C3OC(c4ccc(CO)cc4)CCC3C)cc2)O1,-6.366,4.440643872232943,7.930458435676969,3.738410491104475
O=C(CNC(=O)OCC1c2ccccc2-c2ccccc21)NCCOCCO,-5.493,3.838308351344378,8.077190229281467,4.015144704739793
O=C(CN1C(=O)c2ccccc2C1=O)OCC(=O)N1CCOCC1,-6.319,4.7601683793748295,7.70010357073202,3.0562377198117288
NC(=O)CN1CCC(NC(=O)CC2CC3CCC2C3)CC1,-5.444,12.488517005633616,12.281605554649603,2.876345250487153
CCOC(=O)c1c(C)nn(CC(=O)N2CCc3cc(OC)c(F)cc3C2)c1C,-5.44,4.851365993202326,7.832259954827852,3.1910680030359733
CCN(CC1CC1)C1CC1C,-3.391,13.949361204012176,12.73821455306826,3.059600300692886
Cc1cccc2c1CC1(CCCOC1)CN2,-5.078,12.736083306888347,13.334701308990764,3.353530080377989
CCC(CN(C)C)NCc1cc(Br)c2c(c1)CCO2,-4.422,13.032206643542759,13.047256608191622,3.3272192593816228
CC1CCCCC1CCC(=O)NCC1CCC(N)C1,-5.13,13.042764315895615,8.439779025543263,8.856554973577481
CC(C)CNC(=O)N1CCc2cc(CN)ccc21,-5.516,12.821029365850467,12.64130333470406,2.8835583919872345
COc1cc(CN2CCN(c3ccc(F)cc3)CC2)c(OC)c(OC)c1,-5.144,5.644201006342704,8.241546274820035,3.768086782440128
CCC=CCC=CCC=CCC=CCC=CCCCCOCC(COP(=O)(O)OC1C(O)C(O)C(O)C(O)C1O)OC(=O)CCCCCCCCCC=CCC=CCC=CCC,,,,
CC(C)NCC(c1cccc(Cl)c1)C1CCCC1,-4.486,13.935056009934081,7.253013235890307,8.109440486248111
COc1ccc(S(=O)(=O)N2CCCC(CO)C2)cc1,-4.805,12.755193961676945,12.210877691632163,2.8768317642851478
CC(C)(C)c1ccc(CC2CNCCC2F)cc1,-5.07,12.68900378280344,12.52977673384486,2.6011797323522265
CC(=CCS)c1nc2ccc(C)cc2s1,-4.428,13.260499575807843,12.572894058250869,3.055127002270118
O=C(CCC1CCCC1)N1CC(F)CC1c1ccc(F)c(Br)c1,-4.734,13.308997182357505,7.287869784786224,8.208308839218953
CC(O)c1n[nH]c(=S)n1-c1ccccc1,-4.761,14.078611508241854,12.573172749946611,2.8743503613860306
Oc1ccccc1OCc1nn[nH]n1,-5.049,12.297918075837064,12.506239442774154,2.813972281313375
Cc1cn(C2CC2)c(N(CCN)C(C)c2ccc(F)cc2)n1,-4.233,8.02563013102398,7.949559799133534,2.93268494727954
CSc1nccs1,-2.704,13.845083820620228,12.89538874947165,3.0878662535802937
Cc1cc(O)ccc1NC(=O)Cc1cccc(C#N)c1,-5.774,4.48633859622744,7.260489997238478,2.9700609421356994
C=CCOC(=O)NC1C(O)C(OCc2ccccc2)OC(C)C1OC,-5.052,4.545474452683679,8.122450984770543,5.278274433941456
CCNC(CCN(CC1CC1)C1CC1)C(C)(C)C,-3.794,13.215295872586433,7.195946845273387,8.036852244504685
O=C(NC1CC1)C1(c2ccccc2F)CCC1,-4.998,12.872185129184556,12.66586447898445,3.2419682293322984
CCOC(N)N1CCCC=C1CC=O,-4.382,12.565025467542833,12.387171307445456,2.910633951564504
CC1N2N(C(=O)c3ccccc3)c3ccccc3C12C,-5.647,12.92995939668799,12.174768786305552,2.73840062810393
CN(CC(=O)O)C(=O)NCC[S+]([O-])Cc1ccccc1,-5.154,3.9111890775057145,7.3932913509478295,5.068125886360756
CCc1nc2ccccc2n1-c1ccc(C=NNC(=O)COc2ccc(C)cc2C)cc1,-6.332,12.657338464305992,7.4324344598523036,7.353102542464643
CC(CNC(=O)C1CCCN(CCO)C1)Cn1ccccc1=O,-4.999,3.7881051991728003,8.176684291324937,2.9698959577736046
COc1cc(CN(C)C)c(O)c(C2=C(C(C)(C)C)CC(C)Cc3ccc(N(C)C)cc32)c1C,-4.008,4.697894847695081,7.106831502153402,4.435034272697338
C1CC(SCc2noc(C3CC3)n2)CCN1,-5.171,12.661830870770626,12.587538003914824,3.0811361540834254
COc1ccc(C2CC2C(C)=O)cc1,-4.338,12.551968690209517,7.2070652140798614,8.96079137130198
CCOc1ccc(Cl)cc1S(=O)(=O)N1CCN(C(=O)c2ccc(Cl)cc2)CC1,-5.292,4.931749892279615,7.364885742494584,2.8334069598276916
CCc1cccc(C)c1NC(=O)CSc1nnc(CCC(=O)O)n1C,-5.985,4.30319427867253,7.521499119191598,2.881397404038535
CC(C)(C)OC(=O)NC1CC(NC(=O)C2CCN2)C1,-4.56,6.816180308647944,8.401524445004013,3.1741964337450814
CN(Cc1cc(C(=O)O)no1)C(=O)Cc1ccc(Cl)cc1,-5.669,4.5165409330592805,7.398643254002722,3.114827443053627
CC(C)N(Cc1ccco1)c1ccccc1,-4.121,12.635692422657335,12.842637151301908,3.166208773912422
Cc1ccc2nc(C=Cc3ccc(F)cc3)c(C)nc2c1,-6.004,13.474875992008238,7.135218006480251,7.406270451448556
Cc1cc(C(=O)N2CCN(Cc3nc(-c4ccccc4Cl)oc3C)CC2)n[nH]1,-6.693,4.377320984346475,8.420724731280556,3.227723810985072
CC(C)Oc1cc2c(cc1-c1ccc(N3CCC(F)C3)cc1)C(C)N=C2N,-5.819,12.732523473373218,7.205258635191384,8.060779800986998
O=C(COc1ccc(Cl)cc1C(=O)O)OS(=O)c1ccccc1,-5.947,12.540211082752954,12.045655689915764,2.886515892906187
CCSC1=NC=CCN1CC,-3.735,13.104863448353822,12.752233412230188,3.2440852331589567
CC1CN(Cc2ccc(C(=O)O)cc2)CCN1,-5.108,12.236983696973695,9.77503938610991,8.801270362851035
CC(=O)OC1C(CO)OC(CO)C(Sc2ccccc2)C1OC(C)=O,-4.223,5.972726680503636,7.894180008081903,2.833602124505133
CCS(=O)(=O)CCN1CCCC(C)C1CN,-4.669,12.417816555256405,12.148916824145271,2.8490996823558143
Cc1ccc(NC(=O)C2Cc3ccccc3N(C)C2=O)cc1F,-6.123,4.605001954396979,7.1711063302673175,5.328783163162112
O=C1CC(n2cncn2)C(CO)N1,-4.621,14.504834332042542,13.016226680570679,2.6927320698502473
COc1c(Cl)cc(Cl)cc1C(O)=C1C(=O)C(=O)N(c2cccc(C(F)(F)F)c2)C1=O,-5.966,4.562401341399067,7.77101602108759,3.1682076952119167
CCC(CC1CCC(=O)CC1)OC(C)N1C2CCC1CC(NC(=O)OC(C)(C)C)C2,-5.502,4.2009844084452395,7.754435311484646,3.4574855025003353
Cc1ccc(NC(=O)CN(c2ccc(Cl)cc2Cl)S(C)(=O)=O)cc1,-5.461,4.577553276587832,7.164930215989545,3.4823286748955797
CCOC(=O)CC(O)(c1ccccc1)C1CC=CCC1,-4.573,3.8787128019486055,7.436557805866905,9.214177011540423
COCC(C)Nc1nc(C)cc(C)n1,-4.488,12.194564731879527,12.951819833521464,2.998868119807871
Cc1cc(C(=O)Nc2ccc3nonc3c2Cl)n(Cc2ccc(-c3nn[nH]n3)cc2)n1,-6.413,4.810964560251925,8.233519356872856,3.0431845162592426
C=CCC1(O)C=CC(OC(C)=O)C2(O)CC(C(=O)OC)C(C=O)(OCc3ccccc3)C12,-4.875,11.02567421974729,8.334997060587364,12.06420581720985
CCCN(CCC)C(=O)c1cc(C)ccc1N,-4.526,12.766165007550232,12.628114784083964,3.2130225645021535
CC1(O)CCC(NC(=O)Nc2ccc(C(F)(F)F)nc2)CC1,-5.072,4.882695362194942,7.071516527591518,4.081604341432422
CC(C)Cn1ncc(NCC2(Cc3ccccc3)CCC2)c(Br)c1=O,-5.395,4.832475659535182,8.405179950482916,3.7713248335299894
CC(C)NC(=O)CN1CCN(C(=O)Cc2noc3ccccc23)CC1,-5.59,4.627110653528831,8.45342090517206,3.1367304633965607
CCCCCCC1(Cl)CC(c2ccccc2)=Cc2ccccc21,-4.723,13.52641460254712,7.307883825020756,8.19658032352517
CCc1ccoc1C(=O)N1CCCCCC1CCC(=O)O,-3.579,7.650934975543838,8.437433614553656,3.197750928387012
Cc1cc(C(C)C)ccc1NC(=O)N1CCOCC1C,-5.02,4.655560224076152,7.242573782848194,5.757018412338108
CCc1ccc(OCc2nc3ccccc3[nH]2)cc1CC,-5.907,12.5695884578613,8.431605541058003,8.819423677315882
COc1ccc(C2(c3nn(CN4CCN(S(=O)(=O)c5ccccc5Cl)CC4)c(=S)o3)CC2)cc1,-6.352,3.999728990819253,7.829993805872391,3.0510414615340777
Cc1nn(C)c(C)c1CN(C)c1ncccc1C(N)=O,-4.932,12.707096481887593,11.84929373422737,8.796926338216092
O=S(=O)(Cl)c1cc(C(F)(F)F)ccc1Cl,-4.687,12.660349165801076,12.501466833935927,2.86126545430514
CC1CC1n1c(CCl)nc2ccc(Cl)cc21,-4.809,13.638755551735649,12.114732890163117,3.110607336196582
O=C1CCC(=O)N1c1ccc2c(c1)CCCN2,-5.559,12.777501046761843,12.397525922537932,2.9671976678340797
CC(Br)CCNc1cc(N)cc(N)c1,-4.387,12.665761840489502,12.835880141229117,2.9605507933491033
Cc1cc(C)nc(C[S+]([O-])c2ccc(N)cc2C)c1,-4.944,12.947713659175507,8.4879119340389,8.800755706187964
CCC(CC)N(CCO)c1nc(Cl)ncc1Cl,-3.963,13.385628487299355,12.625271521832708,2.973282024968368
CCC(C(=O)O)N(c1cc(C)c(F)cc1N)C(C)C,-4.659,12.951478409818703,12.671745025843915,3.0321401682639935
NCCCCc1nc(CCOCC2CC2)cs1,-4.459,4.201509014627958,8.294533320205543,3.139962260919707
CCOC(=O)c1nc(CC#N)n(-c2cccc(C(N)=O)c2)c1N,-5.542,12.482231010520515,12.564287285795402,3.0878246388031814
CC(=O)N1CCCc2cc(-c3ccccc3Cl)ccc21,-5.02,13.46341045203629,7.600220654691547,7.814454683469602
CN(C)CC1Cc2c(Cl)cc(Br)cc2C1=O,-4.474,12.811897946830516,13.159282541233013,3.2824496949686837
Nc1cc(Br)ccc1Nc1ccc([N+](=O)[O-])c2nonc12,-5.192,5.03258641257157,8.470570523878543,3.257772398434243
O=c1ccc2cc(C3CN(CCc4ccc(F)cc4)C3)cc(Cl)c2o1,-5.767,4.88392874640898,8.385012880133221,3.2045339754791176
O=S1(=O)CCCCN1c1ccc(CO)cc1,-4.587,12.64857264674556,12.452850195838701,3.0638689593388295
CC(C)C(CNC(=O)C1CC1)C(=O)O,-4.372,7.711781311733366,8.227482786369107,2.8896575921724703
O=C(CCCn1nc(-c2ccco2)ccc1=O)Nc1ccccc1F,-5.479,4.9566094258071205,7.978107419682941,3.194837241550812
CC(C)CC(NC(=O)C1CC(=O)N(c2ccc(F)cc2)C1)C(=O)O,-5.722,4.651410753739128,7.097803674377025,3.0010388201421185
CCOC(=O)C(=O)c1c(C(C)C(=O)O)cc(O)oc1=O,-5.329,12.85016361763538,11.638153461782501,2.918822536571896
[C-]#[N+]c1ccc(-c2[nH]c(=O)sc2-c2ccc(-c3nc4ccccc4s3)s2)c(C#N)c1,-6.036,12.916497474160709,7.439695289459104,7.664807760146369
CC(=O)OC1C2CCC(C2(C)C)C1(C)C(O)CO,-4.51,7.994729513873499,7.696806220764557,2.903870692713434
CCCCc1ccc(NC(=O)N(CC)CC(F)(F)F)cc1,-4.51,4.356772888274072,7.317979229268145,5.209828692001302
Cc1ccccc1C=Nn1c(C)c(C)c(C#N)c1C,-5.221,12.700322279375433,11.996429343767254,3.0799477268291415
Cc1ncc(C)c(C(O)Cc2ccsc2)n1,-4.856,7.988435453829491,8.141998526160513,3.0218358658272617
O=C(NCC(=O)N1CCc2ccccc2C1)C(=O)NC1CC1,-5.538,13.080727426255775,12.393943561272176,3.1427612063279637
O=C1CCCC2(c3ccccc3F)c3ccccc3CC12,-5.338,13.150221975312812,11.055658008458837,9.320013143767557
N#Cc1ccc(C2(NC(=O)COc3ccc(Cl)cc3)CC2)cc1,-5.181,5.458841177392873,8.422798644156227,3.0799657465627766
COc1ccc(C=C(C#N)C(=O)Nc2ccccc2Cl)c(OC)c1,-5.058,7.285785956230119,10.504618127280974,5.176466941843633
CC1CN(C(=O)C(Cc2ccccc2)NC(=O)C2CC2)CC1N,-5.135,4.256414570974026,7.659241607365575,5.0318275010178946
CC(C)OC(=O)C1CC(C(F)(F)F)c2c([nH]c(=S)[nH]c2=O)N1,-4.821,13.893102533271682,11.413730108952112,8.724262318385435
Cc1cc(F)c(C(N)=O)c(NC(=O)CN2CC(c3ccccc3)OC2=O)c1,-5.709,4.741155344428192,7.0379963768106615,4.048555421381805
CCN(C)C(=O)CN(C)C(=O)NC(C)c1cccnc1,-4.455,13.027605459177831,8.493591701983325,9.016129990189805
CCN(Cc1ccc(C)o1)C1CC(=O)N(c2ccccc2Cl)C1=O,-5.106,3.979103542256723,8.174465242448584,5.484637544997846
CCCC(C)Nc1cccc(F)c1N,-4.412,12.313658270392274,12.466727076502478,2.8382378335861853
O=[N+]([O-])c1cccc(-c2nc(-c3ccccc3Cl)c(-c3ccccc3)[nH]2)c1,-6.099,12.534701352644985,7.565894130900854,7.731653251407489
CCCSc1ccc(Cl)cc1Cl,-4.116,12.728361834894544,12.948185471331493,3.3298153101936445
CC(O)C1CCCN(C(C)C(=O)O)C1,-4.505,13.311387530982637,12.987946796934455,2.9280939192587385
Cc1ccc(NC(Cc2ccc(Cl)cc2)c2ccccc2)cc1F,-6.045,12.698086942527997,12.937839927901411,3.2943840091889713
COCCCN(C)Cc1ccc(Cl)cc1C(N)=NO,-4.623,12.731605122685828,12.268582517960256,2.8110627883418045
CSc1ccc(NC(=O)C(C)n2nc(Cl)c(Br)c2C)cc1,-4.635,13.901118624053247,8.049950310405649,7.159750693983695
CCC(CC)(CC(=O)O)c1ccccc1,-4.452,11.925841228190153,10.929675749993685,8.335455896350242
Cc1ccc(NC(=O)c2nccc(Br)c2C)cc1Cl,-5.175,10.49626304929521,8.59448480131299,12.562973095569376
CC(C)(C)OC(=O)C(N)CCCN=C(N)N,-4.37,12.966954615483159,12.908554915249033,2.993988309930418
CNCc1cnc(OC2CC(C)CC(C)C2)c(C)c1,-4.907,4.4120793283892805,8.414916874218068,7.885747396410817
COCCNCc1ccc(N2CCCC2)o1,-4.591,12.485008810569578,12.635336679329127,3.163553697979537
CNCc1ccc2c(c1)CCC(=O)N2C(C)(C)C,-5.325,12.322487614114287,12.507558474778362,3.103232185963533
CC(C)C(NC(=O)C1CCN(C(=O)c2ccco2)C1)c1ccc(Cl)cc1Cl,-5.775,4.240801339369718,7.386289122421354,3.1282897883668004
COC(=O)c1ccc(N2C(=O)CC(N)C2=O)cc1,-4.787,12.682324195509278,12.498046807401547,3.103563919109771
CCN(CC(=O)N(C)C)C(=O)N1CCN(Cc2cc(C)no2)CC1,-5.204,4.2787168637338,8.053025145869098,3.2824763517807702
COc1cccc2c1ccn2Cc1cc(C)c(C(=O)O)s1,-5.395,3.6755263568637346,8.259411177559814,3.544084790182085
Nc1cccc2oc3c(c12)CCNC3=O,-4.988,12.80966736492404,13.162089385808017,3.1493880357936206
CCn1ccc(S(=O)(=O)NC2CCSc3ccc(Cl)cc32)c1,-5.186,13.756906847107746,7.286282316792288,7.626598324285867
c1ccc(COc2cncc(-c3ccc(-c4cnccn4)cc3)c2)cc1,-6.13,15.447482578077244,7.688389298156019,7.295724090177752
O=C(CCC1CCNC1)NC1CCCN(CCOCC(F)(F)F)C1,-4.341,5.669850438944576,7.821796404918756,3.0828546835684607
COC1CC(OCc2ccccc2)C(COC(C)=O)O1,-5.282,12.177786662608277,12.854851224343284,3.0453100006403298
Cc1cc(-c2ccc(C(=O)O)s2)nc(C(C)(C)C)n1,-5.409,5.095977335114432,8.097656451097441,2.969651494704388
COc1cccc(NC(=O)C2CCC(C)(C)N(C)C2=O)c1,-4.893,9.900451151336489,7.9482577965237144,11.016914722371231
O=C(O)C=Cc1cccc(C(=O)NCCc2ccncc2)c1,-5.699,4.522479297907288,8.185513178781157,3.067831481682134
CC(C)N(CCC(C)(C)C#N)c1ccccc1F,-4.681,12.783957016510968,12.656197414705572,2.9919131003423214
NC(N)=NCc1ccccc1NC(=O)c1cccn1C1CCC1,-5.163,12.5182082983149,12.412834446652385,2.8828031497138333
COc1cccc2c1OCCC2NC(=O)CN1C(=O)c2ccc(Cl)cc2C1c1cccs1,-6.138,3.8573777362348114,7.095514357676968,3.777112389114204
Cc1cccc(N2CCN(c3ncccc3C(=N)N)CC2)c1,-5.547,4.694366410922777,7.687037790982948,4.214030849436202
c1cnc2[nH]cc(-c3ncn[nH]3)c2c1,-4.696,13.59869688609905,12.856217017458908,3.009375516614701
Cc1ccc(Cn2cc(C=N)c(N)n2)s1,-5.119,13.444135264121677,12.85317396598988,2.8320037076246916
COCc1ccccc1NC(=O)c1cc(COc2ccc(Cl)c(C)c2)cs1,-5.478,4.711461450548014,8.401685247615504,3.4796203815933713
CCc1cccc(C)c1N1CN(CCC2(O)C=CC=C2)Cc2ccc(C(F)(F)F)cc21,-5.784,4.8880869468535435,8.240940540981956,4.063975024529556
Cc1ccc(C(=O)C(C)(C)O)nc1,-4.356,12.997503298710873,12.59448014012488,2.942139697567062
Cc1cnn(C2CN(CC3CC3)CC2O)c1,-5.321,12.554622813927944,12.159656450739059,3.181181227154467
CC(C)(C)c1nc(CSc2nnc(C3CC3)o2)cs1,-5.257,12.777532038699805,12.724716774844145,3.1479887229785306
CC(=O)N(CN1C(=O)NC2(CCCC2)C1=O)c1ccccc1Cl,-5.041,6.75573016038977,7.262603252278069,3.1717908190799724
COC(=O)c1c(N)c(C#N)c(N)[nH]c1=O,-5.013,12.863799127784919,12.35529331905965,2.8567654786488865
CC1=CC(C)(C)N(C)c2ccc(OCCCC(=O)NN)cc21,-5.375,4.883182056815003,7.700776973786476,3.291048617082403
CC(C)c1ccc(-n2ccnc2CC(=O)O)cc1,-5.054,10.695862237332717,8.591503593667408,12.30455175941001
CC(C)(C)Cc1ccc(C(=O)CO)cc1,-4.786,12.267761531754683,12.28218469979995,3.0063326495915264
C#CCN(CC)S(=O)(=O)c1cc(C)c(C)cc1Br,-4.427,13.090487920623893,12.61751302753439,3.1364978877722844
CCCCC(C(=O)O)N1C(=O)c2ccccc2C1=O,-4.949,12.006788329940694,10.964780389957658,8.4548278515887
O=c1nc(C23CC4CC(C2)CC(C(F)F)(C4)C3)c(=O)[nH]c(=O)[nH]1,-5.026,13.430986337570298,6.818156422376946,7.961877228392812
CN=C(C)N1C(=O)C(=Cc2ccc(C)s2)N=C1c1ccccc1C,-5.17,4.363504440240666,7.755526094340731,3.8688679222739046
CC(=O)N1CC2(CCCN(C(=O)c3ccco3)C2)C1,-5.427,12.536472629890755,12.44573541418907,2.9643850964407448
CCOP(=O)(OCC)c1nc(C)nn1CC1CCCO1,-4.058,4.344255632441534,7.996595963283377,4.804723613278916
CC(NC(=O)c1ccncc1)c1cccc2c1OCCO2,-5.609,12.18608628723759,12.15913890865632,2.8025606148663407
CS(=O)(=O)CCCNCCc1ccccc1CC(=O)O,-5.228,12.817139657505493,11.952711031393672,2.8398135502176904
O=C(NCC(O)c1ccc(F)cc1Cl)c1ccncc1,-5.517,12.344757186757462,11.814422795888085,2.886921716985065
Cc1ccc(C)c(C(C)NC(=O)CCNc2ccccc2S(C)(=O)=O)c1,-5.436,4.359256129203696,7.096019940783707,2.9502250761594437
CCC(C)C(NC(=O)COC(=O)CC(O)c1ccc(OC)cc1)c1ccccc1,-4.539,3.7695700020028804,8.203907239846146,9.485457395402713
Oc1c(-c2ccccc2)oc(-c2nn[nH]n2)c1O,-5.891,12.77920627425663,12.600114840746492,2.8072187303450367
CNC1CC(c2cccc(CN=[N+]=[N-])c2)C1,-5.247,13.012216605943815,12.185617136608224,3.02563993231184
OC(c1cc(F)cc(F)c1)C1CC1,-4.452,13.954319295472638,13.027091885758693,2.730395941983507
Cc1c(-c2ccc(Cl)cc2)oc2nc(CCC(C)C)nc(N)c12,-5.676,4.638430122358209,8.597973424011032,3.7339209954148727
O=C(NN=Cc1c[nH]c2ccccc12)c1cc(Cl)cc(Cl)c1,-5.758,4.38444078532257,8.886027571417952,9.539610945945332
[C-]#[N+]CC(Cc1ncc[nH]1)OCCN1CCN(C)CC1,-4.835,12.581475430171137,12.643301625762158,2.9218093709206974
COc1ccc(C=NNc2nc3cc(C#N)c(=O)[nH]c3n2CC(=O)O)cc1,-6.009,3.2688069689108286,8.234131101701017,3.6110088618002587
Cn1c(SCC(=O)Nc2ccc(Cl)cc2Cl)nnc1-c1cccnc1,-6.059,4.5297295725020925,7.3699482359104795,3.271515550933544
CC(C)(C)NCC(=O)N1CCCN(CCN)CC1,-3.356,12.53336910012627,12.659886926825214,3.1945431598273952
Cc1nccn1C1(c2ccc(Cl)c(Cl)c2)CC1,-4.937,12.682319740489119,12.613184094430716,3.0840038910481287
CC(=O)NC1CCc2c(ccn2Cc2ncco2)C1,-4.756,12.760193846489951,12.854547016522988,3.1485266395569846
Cc1cc(-c2c3n(ccc2=O)C2(CCCCC2)c2c(N)cccc2-3)n(C)n1,-5.768,10.847549078017579,8.134356827678511,11.428989850376105
CC(NC(=O)CSc1nnc(-c2ccncc2)o1)c1ccco1,-5.426,4.531535501350508,8.47658374582591,3.1611026557199953
CCn1ncc2c1CC(C(N)=O)CC2=O,-4.947,12.427753698878973,11.559153731999588,8.613204862302997
Cc1ncc(-c2cc(COC3CCCCO3)ccn2)cn1,-5.379,13.124609784675505,12.544424817423874,2.94103400184357
CCCCC(CNC(C)(C)C)OCC1CCOC1,-4.374,12.84934823249802,12.86192026876236,3.215950403846428
Cc1ccc(Cl)c2sc(N(CCCN(C)C)C(=O)c3ccc(Cl)o3)nc12,-5.38,3.3190063272009587,7.472430729019841,7.143271309421195
Clc1ccc(C2CC2NCc2cnc[nH]2)cc1,-4.774,3.954196125636663,8.32230869410646,10.737483224666756
CCOc1ccc(S(=O)(=O)NC2Cc3ccccc3C2)cc1,-5.519,4.467749545352783,8.243932859988611,3.6201697474013557
OC1C=CCN(c2nc(-c3ccccc3)cs2)CC1,-3.745,4.499845108445401,8.48859576137302,4.167337159386075
Cc1ccc(Cc2nnc(NC(=O)c3ccccc3[N+](=O)[O-])o2)cc1C,-6.691,5.378190587920811,7.402904430019342,3.0541237695941534
CCC(C(=O)NC(C)(C)C)N(Cc1ccc(Cl)cc1)C(=O)Cc1c(Cl)cccc1Cl,-4.442,13.009101467818597,7.290723558056497,7.531054242269139
N=C(N)n1ncsc1=Nc1ccc(Cl)cc1,-5.0,13.069338277051369,11.950596512308497,3.021897086268823
COC(c1ncc(Cl)cn1)C(C)S(=O)(=O)Nc1nnc(C)n1-c1c(C)cccc1C,-5.113,4.773732920891156,7.98743669771473,2.9001153425338098
Cc1nccn1Cc1ccc(NC(=O)c2ccc(CS(C)(=O)=O)cc2)cc1,-5.695,4.401170412515288,8.077107464928272,3.0805905278046937
COc1ccc(C=C2SC(=O)N(CC(N)=O)C2=O)cc1,-5.163,4.397014782781608,8.158145009743329,4.426620155378141
NCC1(C2CC2)CCN(CC(N)=O)C1,-4.184,8.247356061187125,8.037549004516238,2.9662921299157303
CC1CCCN(Cc2ccccc2NC(=O)c2ccc3occc3c2)C1,-5.736,10.284976421946721,8.575649887909371,12.37812461562736
CCN1C=C(C(=O)O)C(c2cccc(Cl)c2)NC1c1c(OC)cc(Cl)cc1OC,-5.17,5.052059184134722,8.431724675296271,5.047449553982685
CN(Cc1cccc(N)c1)C(C)(C)C,-4.417,12.692343755193523,12.917621181935937,3.512744938079051
CCCCCCCCCCCCCN1CCC2OC(CC2O)C1,-2.865,6.303424942045396,8.20714140246164,5.017272266879684
O=C(NCCNc1c(Cl)cccc1Cl)c1cncc(N2CCCC2=O)c1,-5.445,4.9401555643521995,7.959063324286344,3.254796614229528
Cc1cc(S(=O)(=O)NC(C)C(N)=O)ccc1Cl,-5.324,12.83586393664252,12.036096958732097,2.94879856890904
NC(=O)c1nc[nH]c1C(=O)N(O)c1ccccc1,-5.539,12.792097912383253,12.317309324686136,2.8247665390258363
O=C(CF)NC1CCCC1,-3.881,15.349808109549775,12.164803122122445,3.037724971092676
CC(OCc1cccc(Cl)c1)C(=O)N1CCN(C(=O)c2ccccc2)CC1,-5.883,4.410985944207939,8.03954550954219,9.449415325828367
NCC1CCN(c2cccc(OCc3ccccc3)c2)C1,-5.664,12.998709589801598,12.916191272972075,3.0174262211361516
CC(C)(CCO)CNC(=O)c1ccc([N+](=O)[O-])cc1,-5.197,12.472844984204688,9.19261643929518,7.113413245411798
CCOc1cc2c(cc1Nc1nc(N)ncc1Cl)OCCO2,-4.805,12.16705971054634,7.101797730152557,7.5836948118974306
CCCCC(N)CCCCc1nccn1C(C)=O,-4.322,12.298852670066424,12.329471602627583,2.768781862119152
COc1cc(C)cc2c1OC(C)CCC2O,-3.934,13.182140152494208,12.662436455911635,2.9106387615092326
CCc1nc2ccccc2n1Cc1ccc(OC)cc1,-4.599,13.223245516891835,7.123688440688574,8.88122711115981
O=C(CN1CCCC(O)C1)c1ccc(Br)cc1,-5.112,13.183984640464356,12.723749250908712,2.907072410518871
Cc1ncc(-c2cc(NC3CC(C)C(C)C3)ncn2)cn1,-5.67,12.886411137318257,13.32229439698733,3.140956064640191
COC(=O)c1coc(CNC(=O)OC(C)(C)C)c1,-4.814,12.356414892678217,12.809670838862333,3.0546459696665345
CCC(C)(C)C(C)(CC)C(=O)OC1CCC(O)=C(C)C1,-4.25,12.643685024548818,11.675887375270456,9.076851491569089
CCCc1c(-c2cnn(C)c2C)ccc(Nc2nnc(C(C)C)s2)c1C(=O)NC,-5.308,4.465290360099776,7.491166865048462,3.2790149435463087
CCCCCCCCC1(O)CCCC(=O)C1,-4.411,12.81194368548348,12.79481461374099,3.058456309970767
Cc1cc(Cl)cc2c1OC(C)(C)CC2,-4.646,12.606768221871933,13.015479437961554,3.36845023712686
CC(C)Oc1ccc(C(=O)Nc2cccnc2)cn1,-5.131,6.7767670020445605,8.442174305236772,3.1123087893073853
C#CC(=C)N(C)C(=O)OC,-3.691,14.906814213640688,12.469626056943328,3.0268790857911716
CC(NC(=O)C(N)C(C)C)c1ccccc1,-4.641,3.7655210794789076,8.828244842549395,9.51453556407248
Cc1cccc(NC(=O)c2ccc(C#CCCCCCC(N)=O)cc2)n1,-5.842,12.4917746937735,7.878729339176464,8.52122321031435
CN(CC1CCCCC1O)C(=O)c1cn(C)nn1,-4.67,4.787938596097488,7.434454115804333,3.914450919349992
COc1ccc(C(C)NC(=O)C(C)CN)cc1F,-4.904,10.79287751250796,8.421562444107389,11.932786640177557
COc1ccc(NC(=O)CSC2CC(C)OC2=O)cc1OC,-5.003,4.323537671860857,8.377837668515664,3.4912935997993637
COc1nc(C)c(C(=O)C=Cc2c(C)nn(C)c2Cl)cc1Cl,-5.533,12.59253798882497,13.019645233261926,3.1124159426400584
CC(=O)CN1CC(C(=O)Nc2cccc(Cl)c2)C1,-4.886,4.824004249583535,7.381960782881468,5.087662036731607
CCN(CC(C)C)C(=O)c1cc[nH]c(=O)c1,-4.341,12.830452603084586,12.904092102895111,2.8234802992052206
N#CC(C#N)=C(N)C1CC1,-3.723,12.456154663458545,11.53756802796846,9.155186999728624
CN(CC1CCOCC1)c1ccc(C(N)=O)c(O)c1,-5.116,13.085407559568024,8.580958105013682,9.00339791412109
CCc1nc(N)cc(NCc2ncccc2C)n1,-5.615,12.545065802936229,12.812589824075381,2.998929642389098
CC(C)C(NC(=O)Cc1ccccc1)C(=O)Nc1ccc2c(c1)OCCO2,-6.054,12.791190484079268,6.605167295383214,7.891976051661587
COc1cccc(-c2cc(Cl)ccc2C)c1C#N,-4.532,12.642770345141923,11.115716126278146,8.763254703590443
NC(=O)c1cc(C(C(F)(F)F)C(F)(F)F)c[nH]1,-4.559,12.619817153984442,11.6757292705852,8.946841118517753
CNCc1noc(-c2ccc(C)nc2C)n1,-5.096,13.07565944799726,12.515171912522815,2.8980374393716866
CC=Cc1ccccc1COC(C=CC)CCCCCC,-4.149,13.349045284214148,7.497353466390656,7.7506795831075355
Cc1ccc(C)c(NC(=O)C2CCN(c3ccc(Br)cc3)CC2)c1,-5.84,12.856567426805649,7.355986065783432,7.639743582084414
CCCCn1c(=O)[nH]c(=O)c2c1ncn2CCCCCCC(=O)O,-5.196,4.421652632217958,8.177926448678784,2.8620716273356965
Cc1cc2c(s1)CCCC2NCc1cc(F)ccc1F,-6.01,12.468162374624418,12.951226698656772,3.089415802380768
COc1cc(Cl)c(NC(=O)c2cnn(-c3ccc(F)cc3)c2C(C)C)cc1OC,-5.609,11.678079037238959,7.184874250813301,8.60443298538608
CC1CC(O)(CNS(=O)(=O)c2ccccc2[N+](=O)[O-])CCO1,-5.05,13.559261926815928,13.446420192750189,2.8639175965799017
Cc1cncc(NC(c2cnn(C)c2C)C2CC2)c1,-4.767,12.795504405845046,12.939557836340468,3.3879617766438868
CCCOc1c(Cl)cc(C=C2NC(=O)N(c3ccc(Br)cc3)C2=O)cc1Br,-5.415,12.580845321360565,8.10822021161241,8.220670714728818
C=Cc1cc(C)ccc1C(C)O,-4.791,12.56258034800176,11.5341342978136,9.043571971295414
O=C(O)c1ccc([N+](=O)[O-])cc1NC1COCC1C(=O)O,-5.479,12.286646613295266,13.249664486318135,2.9492938137798346
CCC(=O)N1CCCc2ccccc21,-4.809,12.806578778112444,12.47429372750217,3.084708900366452
COCCn1ncc(Br)c1C(N)c1ccc2c(c1)CCCO2,-5.083,12.752582718806414,12.681262792009319,3.0866624370021416
O=C(O)CC(NC(=O)C1CCC(=O)N1)C(=O)O,-5.253,12.409107824497296,12.105366000249642,2.787589639814297
Nc1cc(CN2C(=O)CN(C(c3ccccc3)c3ccccc3)C2=O)ccn1,-6.013,4.771926550147225,7.5191423048111,3.7296446211401966
N#Cc1c(N)ncnc1Nc1ccc2c(c1)-c1ccccc1C2,-6.044,10.925037803138258,9.033434396728634,12.468022657983903
Cc1ccc(CC2CCN(C(=O)c3ccc(CS(N)(=O)=O)cc3)CC2)cc1,-6.526,5.3824330000474685,7.977843129568291,3.042499630238268
N#CC1(NC(=O)C2CC(=O)N(c3ccc4c(c3)OCCO4)C2)CCCCC1,-6.466,12.607256362904659,7.619504511449546,8.44714259380058
CC(C)Oc1ccc(NC(=O)NCc2ccccc2Cl)cc1,-5.456,13.768422204450298,8.950899172708853,9.242972249228059
CC12C(=O)N(c3cccc(C(F)(F)F)c3)C(=O)C1CCCC2c1cccc(Cl)c1O,-5.73,10.812555433383915,8.699403082970694,11.926504349556915
CC(C)NCC(O)COCCOCCc1ccccc1,-4.406,12.610688958181468,12.878255510743683,2.8574668851974474
c1cncc(-c2ccccc2NCc2cnc[nH]2)c1,-5.738,12.436243524473136,12.423448997762256,2.9334568345213468
CCOc1nc2cccnc2n1-c1cc(Cl)ccc1C,-4.43,12.690371349964508,12.785004067265682,2.9753480468677944
CCN(c1cccc(Cl)c1)C(C)C(=O)NN,-4.713,13.551661484851222,12.217738702394975,3.105724070164637
C1=C(COCC2COCCN2)CCCC1,-4.512,12.89989996085241,12.809361342393306,3.086020252687918
CCC(C)C(C)NC1CC(=O)Nc2ccccc21,-5.208,12.9009693821821,13.111386349276723,3.1997992124506807
CC1(C)CCCN(C(=O)Cc2ccc(F)cc2)C1,-4.261,12.457958661032714,11.665633330428316,8.967352786636646
Cc1ccnc(NC(=O)CSc2nnc(C(C)C)o2)c1,-5.332,12.703513332932744,12.797586452140106,3.0056842814906557
O=C(OCC1CCN(C(=O)OC2CCCC2)C1)c1cccc(F)c1,-5.355,4.170761800918388,8.362982004046165,3.3095922709602754
COC(=O)c1ccc(Nc2ccc(C(=O)Nc3cc(C)ccc3C)nc2)cc1,-6.108,3.598647106900035,8.947558382039203,2.8685677610961187
CC12CCC(CNS(C)(=O)=O)(CC(=O)N1)C2=O,-5.427,13.368207546264383,11.684211954599249,2.806247316257068
CC(C)C(=O)NC(c1ccc(F)cc1)c1cccc(Cl)c1,-5.648,12.702914862345573,12.941617595957624,3.1466504413423495
O=C1C(F)=C(c2ccccc2Cl)C(=O)N1CCCN1CCCC1,-5.389,11.62423963104684,7.278830331859645,10.301060382310164
O=C(O)c1cc(Br)ccc1NCc1ccc(F)c(Br)c1,-5.403,12.927942991829752,12.203766180978723,3.043875161697667
CCNC(c1ccccc1)c1ncc2cccc(C)n12,-5.169,12.725491935481315,12.871499524142477,3.0501475374151985
CC(C)OCCCNC(=O)c1ccc(C(=O)NC(C)(C)C)cc1,-4.938,4.458196720648383,7.747188070519522,4.9482007841234585
CC(CO)COc1cccc(Br)c1,-3.938,12.809049496352179,12.993353108416626,2.853580733044012
CN(CC(=O)O)c1ncccc1C(=O)Nc1ccc(O)cc1,-5.148,6.715723862697154,7.088083309329821,3.040686435658896
COc1ncccc1C(O)Cc1cc(Br)c(Br)s1,-4.685,7.859375674950268,8.139333510798043,3.0516910066387783
Cc1ccccc1N1C(=O)CCC1=O,-4.706,12.744611135691823,12.409028849994668,2.9843910601662116
CCc1c([N+](=O)[O-])cc(C(=O)OC)n1C,-4.576,12.818592200393926,11.703288298593693,2.8412595798342677
CN(Cc1ccc(OC(F)(F)F)cc1)C(=O)CNc1ccccn1,-5.261,4.51828285967136,7.987304489000027,3.350144325249287
CCOC(CC(=O)O)Cc1nccn1C1CC1,-4.661,12.73217734717829,12.802963953710094,2.966751253475761
CCCC(C)c1nc(CCC(F)(F)F)c(CC)c(=O)[nH]1,-5.333,12.962717037720141,12.801447027582467,3.0856281370249405
Cc1ccc(S(=O)(=O)n2cc(Cl)c3cccc(F)c32)cc1,-5.099,12.925992186288836,12.377199602494903,3.307961759150187
COc1ccc(CC(=O)Nc2ccc(NCc3ccc(F)cc3)nn2)cc1,-6.328,4.140393821848352,8.099848702290679,3.032856079671438
CCCC(C(C)Br)n1c(CC)c(C)c([N+](=O)[O-])cc1=O,-5.133,12.719579631418641,12.120838791106827,2.840747084835255
COc1cc(Br)c(CNCC(C)Cc2ccco2)cc1OC,-4.569,11.487827340276315,7.394425873588834,8.100867978186042
COc1ccc(Cl)cc1CC(Br)C(C)C,-4.404,12.641557182562597,12.747998431126353,3.3395276612119855
Cc1cc(CC(=O)Nc2cccc(C(=O)O)c2)no1,-6.005,12.528992377681455,12.311953784838538,2.843016883523558
COc1cccc(C(=O)N(Cc2cccn2C)c2ccccc2)c1,-5.702,13.193126164787481,12.56579332951167,3.030171447294691
NC(=NO)c1cc(Cl)ccc1NC(=O)Cc1ccc(Cl)cc1,-5.874,12.339113460860956,12.03959455297395,2.9724187120928973
O=C(COC(=O)CNC(=O)c1cccnc1)NC1CCCC1,-5.394,4.210231347562743,7.417587882863269,3.245938385120703
Cc1cc(CC(=O)NN(C)C)no1,-4.152,7.787458956553158,8.203978303238008,3.081355870392123
C=CCN1c2cnccc2-c2ccccc2S1(=O)=O,-5.312,12.987532560113179,12.055207463996627,2.8612986562049056
Cc1cc(C)c(C(=O)O)c(NC(=O)C2CC2)n1,-4.779,12.859324632343645,12.934033322981659,3.140160664679436
CC(C)(C)c1nc(C2C(C)(C)C2(C)C)cs1,-4.133,13.207962446948432,13.118052523145346,3.3492143854940073
COC(=O)CC(NC(=O)c1cc(C)on1)c1ccc(Cl)cc1,-4.974,9.906629749819057,8.75312344252039,12.060849845678373
CCOC(=O)C1(c2cnc(C)n2C)CC1,-4.808,14.880738355337078,12.421742108094177,3.1400308915677884
CCN(CC)CC(=O)N(C)CCCc1ccccc1,-4.398,13.27048627594332,12.249021716039204,3.046020682792551
NC(=O)c1ccccc1-c1ccc(-c2ncc[nH]2)cc1,-5.166,4.086790672398086,7.889507335695936,5.238114737193143
CC1=NN(c2ncc(C#N)s2)C(=O)C1,-3.959,8.66237340455836,8.465634648388743,3.003698054066022
CC(=O)NCCC(=O)Nc1cc(C)nn1C1CC1,-5.161,12.428475208166125,12.253442781520627,3.062977146503056
CCCN(CCO)CC(C)O,-3.571,15.05995405039471,12.973550747578706,2.837459074594734
CCc1nc(C)c(S(=O)(=O)NCC2CCCN2C)[nH]1,-4.456,10.916189216022229,8.895336362386752,13.22755929867638
O=C(O)c1ccc(NCc2cc3ccccc3[nH]2)cc1,-6.323,12.993345065840437,8.527771572925719,9.02405723607735
Cn1cc(S(=O)(=O)NCC(C)(C)N2CCOCC2)cn1,-5.076,12.886795024365057,12.818760509503248,3.121867389880614
COCCOCCCCNc1ccc(Oc2ccc3c(c2Cl)OC(C)(C)C=C3)cc1,-4.463,4.968955725300839,8.650143004598247,3.0744414126797093
CC(C)(CBr)CNC(=O)c1ncc[nH]1,-4.96,12.429689698459894,12.567708382994889,2.9974847789438397
CC1(C)Cc2ccc(O)cc2O1,-4.393,13.122493436843472,12.842537327179548,2.936482419494453
CCCCCCCCCC[P+](C)(C)C,-2.904,12.912434704578375,11.244965806973358,9.234453963283373
CCOCCS(=O)(=O)C(C)(C)CCO,-4.27,12.358553515682974,12.634700985777226,2.8296540424581935
CSC(C)(C)CNCC(=O)Nc1ccccc1OC(F)F,-4.522,4.575974103947705,7.227757120988502,4.239163478800977
CC(CCC1CC1)=NNc1cn[nH]c1,-4.431,12.730917013318404,12.268539684901379,3.0180897932301485
CCCCCCOc1ccc(C(=O)OC2CCSC2)cn1,-4.374,4.463262147801761,8.451090166363153,3.0070691711365733
CCC(NC(=O)c1ccc(-n2nc(C)c(Cl)c2C)cc1)c1cc(C)ccc1C,-5.969,12.90274025158997,7.455357402566292,7.496502184352379
Cc1occc1-c1noc(CN2CCCCC2)n1,-5.362,12.72462561335303,12.44411338746156,2.9117037967485637
C#Cc1cccc(NC(=O)c2cccc(Cl)c2F)c1,-5.394,10.547177442330245,8.588920828602394,12.461863343818212
COc1cc(Br)c(C)cc1C(=O)Nc1ccc(Cl)cc1C(F)(F)F,-5.846,10.698780210846468,8.672279746410398,12.497253058172424
CCCCCCCCOc1ccc(OP(=O)(O)OCCCCCCCC)cc1,-4.093,4.487676013261207,8.216514285267202,2.994420645133211
O=C1SC(=Cc2cccc(OCc3ccc(Br)cc3)c2)C(=O)N1Cc1ccco1,-6.016,4.937987748060944,8.512460866283028,3.158294951393871
COCC(C)(Nc1ccc(Cl)cn1)C(=O)O,-4.679,7.477855508098561,8.166909880732124,2.9481344948967303
CCCC=C(NC)NCC,-3.397,14.034052016434885,13.104212986669593,3.11109964482014
CC(CC(=O)O)CN1CCCC1=O,-4.401,13.411562325098446,11.77485082708057,2.800979471542053
c1ccc2oc(NN=c3c4ccccc4sc4ccccc34)nc2c1,-6.337,4.240649596465146,8.362491674136363,3.9547395615893595
C#Cc1cccc(NC(=O)c2cccc(S(=O)(=O)c3ccccc3)c2)c1,-6.256,10.464710841681198,8.512880476078587,12.396115843279297
CCN(Cc1ccc(C(=O)O)o1)C(=O)c1ccc(C#N)cc1,-5.535,4.33910474637338,7.42675831032625,5.079996161415873
CCC(C)CN1C(=O)CC2(CCCC2)C1=O,-4.112,4.680967207746706,8.176473445196283,10.266913898538354
Cc1ccccc1CSc1nnc(-c2ccco2)n1N,-5.35,4.223426689312838,8.25901029179647,3.624011865322739
CCc1cnc(CC)n1C1CCN(C2CC2)C1=O,-5.08,12.409839201214494,12.817696868002457,3.1749387395664814
Cc1cc(N2CC=CC2(C)CC(=O)O)ccc1Cl,-5.319,12.787381788309913,12.377922038856118,2.7813746601276144
CCOC(=O)c1ccc(OC)c(C(=O)OCC(C)(C)Cl)c1,-4.468,6.697417711327254,7.3254066098749755,3.038895852114712
CN(CC(=O)N1CCCC(C(=O)O)C1)Cc1ccc(Cl)cc1Cl,-5.743,5.075324226096299,7.303561733839182,2.844158047647845
CC(C)(C)c1cc(CC2C(=O)N(C3CCC(=O)NC3=O)CC(=O)N2CCc2ccc(C#N)cc2)cc(C(C)(F)F)c1,-5.855,3.9515204668582946,7.875993778565343,2.8051786039395075
CN(Cc1ccccc1)CC(O)c1ccccn1,-5.087,12.550863117730191,12.442771114185136,3.0168150423915616
CNc1cc2c(N)nc(-n3c(C)ccc3C)nc2cn1,-4.345,5.870527914932354,8.326406307645572,3.2459899876616993
Cc1cc(S(=O)(=O)N2CCC(c3ccccc3)CC2)ccc1Cl,-5.82,13.021555744226571,7.435872847218408,7.545298204842536
O=C(Nc1ccccc1Cl)c1ccc(-c2ccccc2Cl)o1,-5.6,12.395254777534829,13.23143593870295,3.258527428149102
CN(C)c1ccc(Nc2ccncn2)cc1,-4.584,6.445425509615328,8.511002878627172,3.2535551324666363
Cc1ccccc1-c1cccc(CCC(=O)O)c1,-5.404,13.77770332820387,7.9792567949653055,8.5744524606531
CCc1c(N)ncnc1Nc1cc(F)ccc1N,-5.309,12.724766441864462,12.914474089176068,3.028165286109726
O=C(Nc1cccnc1Cl)C1CCN(S(=O)(=O)c2ccc3c(c2)CCC3)CC1,-6.311,4.446163852131408,7.744528455625945,10.036549108134729
CCCC1CC1Nc1ccccc1CNC1CC1,-4.647,13.253842235367072,12.855380118845183,2.894570952662933
CCCN(C(=O)N1CC(O)CC1CC(=O)O)C1CC1,-4.503,13.235116017625234,12.421051404772465,3.0338782111350486
O=C(Cc1ccccc1)Oc1ccc(Cl)cc1[N+](=O)[O-],-4.85,3.6222306663159918,7.8292661852819885,10.18945714942656
Cc1cc(CN(C)CC2CCC(=O)N2)cc2cc(C(=O)O)oc12,-5.994,4.036941044900209,8.077166644312843,2.8011451229809565
Cc1c(C(=O)NNC(=O)c2ccccc2[N+](=O)[O-])cnn1CC(C)C,-5.45,3.7610704593240465,7.375798939775948,4.606678087298916
CCOC(=O)C(O)C(Cc1cc[nH]c1)OCc1ccccc1,-4.838,12.378175309794251,12.613501972093237,2.7706336820301596
CCCC1CCC(N)C1Cc1ccc(Cl)cn1,-4.6,12.346462367820184,12.402585980351034,2.943208113606648
CCCCCC=CCCCCCCCC(=O)NC(CO)C(O)CCCCCCCCCCCCCCCCCCCCCCCCCCCC,,,,
CC(=O)CCSCc1ccccc1C(F)(F)F,-4.949,12.223445422629416,12.503708010026465,2.9457776562395206
Nc1cc(C2CC(O)C2)ncn1,-4.498,14.743465060832884,12.58902625305071,2.936635149282253
Cc1cccc(NC(=O)Cc2ccc(CSCC(=O)O)cc2)n1,-5.67,3.919760962099602,8.117715750135625,3.056319518636754
COc1ccc(Cc2ccc(C(C)=O)o2)cc1,-4.894,12.742856430172948,8.460957569920796,8.225213249515175
CCOC(=O)c1ccccc1NC(=O)CC(c1ccco1)c1cc2occ(C)c2[nH]c1=O,-5.555,10.352227876162695,8.707062478241442,12.648294983909887
COc1cccc(C=Nc2ccc(C)cc2)c1OS(=O)(=O)c1ccc(C)cc1,-5.367,4.412438101548847,7.3987079953191826,7.171200248215078
CC(=O)C=C1Sc2ccccc2C1=O,-4.503,13.027878952461908,12.999998076922935,3.0443171648170955
NC1CCCC(N2CCSC2=O)C1,-4.276,12.779981142396103,13.120286963325155,3.1690266644507736
COc1ccccc1C(=O)Nc1ccc(F)c([N+](=O)[O-])c1,-5.268,12.680951068433314,13.097404055766166,2.972325352312563
Cc1ccc(C(NCc2cc(C)on2)c2ccccc2)cc1,-5.37,12.774184435806461,7.391175887502611,7.755585986887129
NC(=S)c1cc(SCC(=O)NC2CC2)ccn1,-5.497,12.314713597968895,12.585972946101544,2.877156234895839
CC(C)CC(CNC(=O)c1cccc(Cl)c1[N+](=O)[O-])C(=O)O,-5.185,6.977841715029082,7.34882963471055,3.133513363622373
Cc1nnc(-c2cn(-c3ccc(NC(=O)CCc4ccccc4Cl)cc3)nn2)s1,-6.323,4.79067072548302,8.152739539565827,3.1464634115145853
Cc1ccc(CN2CC(c3cc(C(N)=O)n[nH]3)CC2=O)cc1,-5.628,4.42932015099383,8.319940985367623,2.906157772730173
COc1ccc(CNCCc2ccc(NC(=O)C3(c4ccccc4)CC3)cc2)cc1,-4.92,4.5239985632181625,7.797510949014435,5.1831177875869265
CCOc1ccc(C(=O)NC2CCOC2)cc1,-4.348,12.587807950552788,9.35041394805599,8.618770271912346
CCCCC(C)OC(=O)OCOC(=O)c1cnc(CC(C)(C)C)o1,-4.45,4.983573617395453,7.674879412733466,5.112374106029409
COc1ccc(Br)cc1C=CC(=O)NCc1occc1C,-5.273,13.225495189216923,6.938377043660858,7.550967222813248
Cc1ccccc1C[S+]([O-])C(C)(C)C,-4.852,12.748743545934243,12.947182743747769,2.9945343544531258
CCCc1ncc2c(n1)C(c1ccccn1)N(CC1CC1)C(=O)N2,-4.623,12.857291044384116,7.563811869685813,9.013856167035282
COC(=O)c1ccc(CN2C(=O)SC(=Cc3cccc(Sc4ccc(Cl)cc4)c3)C2=O)o1,-5.407,4.118032904191028,7.287486123485929,5.167152891099701
COCCCNC(=O)c1ccc(C2=NCCC2)cc1,-4.342,13.591412067919947,7.323799355525791,8.024303645800051
COc1ccc(Cl)c(NC(=O)c2cccnc2C#N)c1,-5.084,7.004596919166728,7.641307545178377,3.6125522833586783
CC(=O)Oc1ccc(C(=O)N2CCCC2)cc1OC(C)=O,-4.553,6.273785539847533,7.159979120081287,2.9291345138112037
CNC(COC)c1ccc(SC)cc1,-4.055,13.03431628433191,12.40612078774022,3.08536740113718
CC(C)CC(N)C(=O)NC(C)c1ncc(-c2ccccc2)[nH]1,-5.652,4.8054768753995685,8.379457142321332,4.07810752678249
COc1ccc(C=NNC(=O)c2ccc(C(C)O)o2)cc1OC,-5.701,4.853417146712201,7.950281818904283,2.9553850848916454
CCC(CC)N(C)C(=O)OC,-3.335,13.987525084874738,12.733743400901401,3.045507182720146
CCCNC(Cc1cnccn1)Cc1ccc(Cl)cc1Cl,-4.636,4.395896040626984,8.185465411325124,5.818304649981814
COC(=O)NC(CNC(=O)c1ccc(Cl)cc1Cl)CC(C)C,-4.555,4.691827895394289,8.459034519376308,3.0275632115614033
Cc1nc(C(=O)N2CCC(N(C)c3ccc(F)cc3)CC2)cs1,-5.644,15.12082765591884,8.112443343407705,7.064447749116699
COc1cccc(C2c3c(oc4ccccc4c3=O)C(=O)N2C2CCCC2)c1,-5.547,4.272783635991881,8.294665394095171,9.520909252797235
CCN(CC)S(=O)(=O)c1ccc2c(C(=O)Nc3cc(C)ccc3C)cccc2c1,-6.121,4.278429735311777,8.29038002747763,3.1348424202820784
COc1cc(C(C)O)ccc1N(C)CCc1ccccn1,-5.016,4.533858070120854,8.1507586150002,3.0320827825110572
CCN(Cc1ccc(Cl)cc1)C(=O)Cn1c(C(=O)O)cc2ccccc21,-4.596,3.6498052002812416,8.195839005251385,9.116747994762168
Cn1c(SCC(=O)c2ccc(OC(F)F)cc2)n[nH]c1=O,-5.06,12.196973149105478,12.291173011555895,2.8903165916556612
COc1ccc(S(=O)(=O)N2CCCC2)cc1C,-5.03,13.138444504582726,13.103822572058887,3.1979351150390776
CC(C)(CC(=O)N1CCOC1=O)c1ccccc1,-5.311,12.925283904038627,12.658110522506904,3.0702322387728262
Cc1cc(C)c(C(=O)Nc2cc3nccnc3n2C)cc1N,-5.394,3.604497191010141,7.84697814448339,9.85576978221387
CCn1cccc1CNC(C)(C)c1cccnc1,-5.088,12.6616796674059,12.555726104053083,3.231658397788975
c1cc(NCCC2CC2)[nH]n1,-4.365,14.700596926655734,12.21058524395944,3.063336253172348
Cc1occc1C(=O)Oc1cccc(C(=O)c2ccc(Cl)cc2)c1,-5.555,4.2863602275123815,7.639705360810716,8.635250199038822
CCN(CC(=O)Nc1ccc(Cl)c(-c2nc(C)no2)c1)Cc1ccccc1,-5.871,4.717012931930546,7.91091233676622,3.0047236145775535
Cc1ccc(CN(C)C(=O)CC2CCCNC2=O)cc1,-5.367,4.8675686949441195,7.021879662882296,3.758787171415801
C[n+]1ccccc1-c1cccc2oc3ccccc3c12,-5.128,14.527918811722483,7.8701437089801605,8.74017454059128
CSCCC(N)C(=O)N1CCCC1C(=O)NCC(C)C,-4.49,6.680578492915115,7.201573925191631,2.931336555225278
COc1c(F)cc(Br)cc1C=O,-4.414,14.121813516684039,12.252174868161163,2.9950532549522384
Cc1cc(C2CC(N)=NN=C2N)cc(C)c1O,-6.263,12.767906210495125,12.316742467064902,2.8157517646269885
CCCC(=O)N1CCC(c2c[nH]c3ccc(OC)cc23)CC1,-5.395,12.878306099794335,7.473939857933029,9.288474255764507
CCC(=O)CCCOC(=O)C(=O)C(C)(C)C,-4.402,12.331337721431524,12.629714723619056,2.7609616078460775
CCC=CCC=CCC=CCC=CCC=CCC=CCC=CCC=CCCCCCCC(=O)OCC(COC(=O)CCCCCCCCCCCCC)OC(=O)CCCCCCCCC=CCC=CCC=CCC=CCC,,,,
COc1ccc(C)cc1NC(=O)Cn1nnc(-c2ccccc2C)n1,-5.827,11.17405365120465,8.962868346684559,12.875782733488478
Cc1cc(CC(=O)C(C)(C)C)n[nH]1,-4.537,12.93100483334532,12.35143242705072,2.8364241572797253
COc1ccccc1NC(=O)C1C(C)C12CC=C(C)C2,-5.022,3.733514162287321,8.456244438283463,10.092288590800406
CC1CCC(C(C)C)C(OC(C)C(=O)NC(C)CC(=O)O)C1,-5.115,5.263474992816058,7.986610607760966,2.947639564125845
CCCC(C)n1ccc(C(F)(F)F)c1C(=O)OCC,-4.13,7.649488479630517,8.120022167457426,3.1492045027276334
COc1ccc(NC(=O)COC(=O)c2cccc(OCc3cscn3)c2)cc1OC,-5.218,4.32174744750315,7.802184117284082,4.790104174232539
N#CC1=CC(c2nccs2)=NC1=O,-4.705,16.109586152350406,11.796511560626726,2.8371069771864437
c1ccc(-c2nn[nH]n2)c(-c2cc[nH]c2)c1,-4.782,7.193420952509314,10.559837782844962,5.659368250962292
CCc1c(C)nc(-c2nccc(CSC)n2)[nH]c1=O,-4.818,5.108159453266901,8.16720821333704,2.935498083801111
Cc1nc(CNC(=O)C(NC(=O)OCC2c3ccccc3-c3ccccc32)C2CC2)oc1C,-6.39,3.9947697055024327,8.61512890211168,5.38679431573176
COCC1(C(=O)NCc2csc(C)n2)CCC1,-4.11,4.177703077050833,7.630323322114208,5.26767833110565
CCN(Cc1cn(CC)nn1)CC1CCCN1C,-4.794,12.335290389771941,12.6808112122214,3.040619015924224
CCOC(c1ccccc1O)C(C=Cc1ccccc1)C(=O)O,-5.238,7.765216867544653,7.9015189678947175,2.9382841931984727
COc1ccc(Cl)c(C=C(C(C)=O)C(=O)NCC(C)C)c1,-5.189,12.332791492602151,12.409161696101796,2.9062682257493027
COC(=O)c1cnc(N(C)CCN(C)C)c(N)c1,-4.143,12.439270838758999,12.523523825185945,2.980571421724364
COc1ccc(Br)c(C(=O)c2ccc(OC)c(C(C)(C)C)c2)c1,-4.951,13.205560268311224,8.4680813057032,8.660464075325294
COc1cccc(CN(C)C(=O)C=Cc2ccco2)c1,-5.521,12.346279844552367,12.21452602436951,2.946464491555939
CCOc1ccc2c(c1)C(=O)c1c-2n(CCC(C)C)c(=O)n(C)c1=O,-5.282,12.709978009422361,7.113172428670627,7.885553880356154
CCN(C)C(=O)CN(C)C(C)c1ccc(C#N)cc1,-5.043,12.517173203243615,12.105347785173295,2.7040961521366063
COC(=O)c1cc(N(C)C(C)C2CC2)c(N)cc1Cl,-4.601,12.579693517729279,12.581349609640453,3.0832862338745
CCOc1cc(C)oc1CNc1ccc(F)c(C)c1,-5.028,12.213641594545011,12.679513121567405,3.0608616433938995
CCn1c2ccccc2c2cc(NC(=O)Nc3cccc(Cn4ccnc4)c3)ccc21,-6.773,11.586470989908877,7.270001581843019,7.69586395409898
CC(=O)C1(C)Cc2ccccc2C1=O,-4.962,12.222143019945397,12.415235841497333,2.9814172804221823
N#Cc1ccc(CN=C2CCCS2)cc1,-4.334,12.843988866391937,10.946908330665787,9.195986080894208
Cc1cc(C(=NO)c2cccnc2)ccc1F,-5.149,12.853473693908585,12.772763404995803,3.052321084027694
NC(=O)C(=O)N1CCn2nc(C(F)(F)F)cc2C1,-4.962,12.258748753441356,13.166623029463555,3.216034048327225
CC(C)(C)OC(=O)N1CCCC1C(=O)NCCCN1CCCCCC1,-3.338,6.924636957992815,7.397372844463092,3.435582337828625
Cc1cccc(C(=O)c2snnc2-c2ccccc2)c1,-5.318,3.269627807564646,7.396988576441091,10.465458136173494
CC(c1cccs1)N(C)c1ccc(CO)c(Br)c1,-5.01,12.106508827899148,12.540291623403341,3.00118926427508
CCC1(CN)Cc2[nH]cc(C)c2C1,-4.339,12.68785344335282,11.611465066906932,9.084161326176456
CSCCC(=O)Nc1ccc(-c2nc3ccccc3o2)cc1,-4.878,13.236826394570567,7.187527391252154,9.040237496880268
CCOC(=O)C(C)(C)NC(=O)COCC(=O)Nc1ccc(Cl)cc1,-5.024,12.022173222841202,12.575108428955991,2.9207678784867515
O=C(O)COCC(=O)NC(=O)Nc1cccc(Cl)c1,-5.495,4.514636751722113,7.389839105149718,2.8458443386805263
CC(N)c1cccc(-n2ccc(C(N)=O)n2)n1,-5.017,7.994849467000614,7.814160799471686,3.027310852885775
COc1ccc(CN2CCOC(c3ccccc3)CC2)cc1,-3.821,10.324673021456901,8.828657089274676,12.877448116765992
Cc1ccc(O)c(CN2CCC(N3CCCCC3=O)C2)n1,-5.15,6.982539580983412,7.697413071935272,3.155263855844705
O=C(CN1C(=O)C2CC=CCC2C1=O)NCc1ccccc1CO,-5.732,4.4923328015631245,7.256062913178191,3.0005242875204328
CNCC(CC(=O)O)C(C)(C)C,-4.105,6.913352153622728,7.505107993893225,2.9199421227140796
O=C(C1CCOC1)N1Cc2cnn(-c3ccc(Cl)cc3)c2C1,-5.485,12.962432834927245,7.567459943732772,8.426416557469729
CCOC(=O)c1ccc(C)n(C2CCCCC2)c1=O,-4.904,11.979563681536987,12.043967867775137,2.855757167547689
CCn1c(=O)c2c(n(C)c1=O)N=C(n1nc(SC)sc1=S)N1C=CC=CC3=C(C(OC)=CC=C(OC)C(OC)=C3)C21,,,,
N#Cc1ccc(N(Br)c2ccccc2-c2ccccc2)cc1,-4.965,14.45838628616624,7.2112907305141976,6.825403797578572
CCNC(C)CN(CC)c1cccc(C)c1,-4.656,12.72209420653691,12.605667019241782,3.1485005955216208
COc1ccc(C)cc1-c1nc(C(=O)O)[nH]c1-c1ccc(Cl)cc1,-5.951,12.400730986518496,12.345228268444451,2.778410516824322
O=C(Nc1ccc(S(=O)(=O)Nc2cccc(Cl)c2)cc1)C1CC(=O)N(c2ccccc2F)C1,-6.825,5.54284286264729,8.252076768910962,3.0429148854346884
CCCC(Cc1nc(C(C)c2ccccc2)no1)NC,-4.835,12.881452907184034,13.230266021512946,3.0480741460797844
Cc1ccc(C(=O)N2CCCC2CC(=O)N2CCCC2)cn1,-5.375,5.307463518480367,8.333741836654168,3.457877094403444
Cc1nccc2c1N(Cc1ccccc1)C(=O)CO2,-5.619,12.640409051925497,12.40239255143942,3.1110168755569294
Cc1coc(-c2ccc(C)c(NC(=O)c3cc(C(F)(F)F)[nH]n3)c2)n1,-6.037,4.443981210581341,8.218614055909914,3.128643635826876
CC1CC1C(=O)NC1CC(=O)N(C(C)(C)C)C1,-4.337,12.198860397594522,12.871031582588865,2.8495111861510565
CCCN1CCCC1CNc1cc(Br)ccc1[N+](=O)[O-],-4.5,6.801302889888083,7.973954414216324,3.0219983454661254
COc1ccc(O)c(C=C(C)c2cncc(Cl)c2)c1,-4.761,4.694702759493938,8.225536213524318,7.64707878866172
CCOC(=O)c1cccn(Cc2ccc(F)cc2)c1=O,-4.931,4.135135910704749,7.863136905841077,3.5828326782031006
O=C(O)C[P+](O)(O)CCP(=O)(O)O,-4.76,14.403242204448276,11.823836179514666,2.851258143346547
Cc1cc(F)cc(F)c1COc1cccc(C(=O)O)c1N,-6.265,12.207166296892984,12.005648878757034,2.841369564136281
CCN1C(=O)c2ccccc2NC1c1ccc(F)cc1,-5.03,12.51788740163451,12.790323764471328,3.363888226442727
CC(C)C(O)CC(CBr)C(C)(C)C,-3.714,14.072433265075375,13.18950090033736,2.868765588192943
COc1c(C=NNc2nc(-c3ccc(C)cc3)cs2)cccc1[N+](=O)[O-],-6.145,4.9527218779172335,8.175536801947624,3.001258569333873
COc1cc(C=C2C(=O)NC(=S)N(c3ccc(F)cc3)C2=O)cc(Cl)c1OCc1ccc([N+](=O)[O-])cc1,-6.282,12.31048666787792,7.27674611347682,8.5780110165469
NCC(Cc1ccccn1)c1ccccc1F,-4.703,12.749805135765802,11.921716571031205,8.880465809854796
Cc1ccc(Nc2cnnc(NCc3cccc(Br)c3)n2)cc1C,-5.957,4.756416718497234,7.8337849089696086,3.6521562124312266
CCc1cc(CNCc2cc(Cl)ccc2F)n[nH]1,-5.026,12.417467938352006,13.048634258036355,3.0934762000054246
Cn1ccnc1CC1(C(=O)O)CCC1,-4.386,13.758360476452127,12.677574255353427,2.9202489619893717
CC(C)N(C(=O)Oc1ccc(C(N2CCN(Cc3ccccc3)C2=O)C(F)(F)F)cc1)C(C)C,-5.549,5.586870411956948,8.374755757632578,3.290916437711538
CCN(Cc1csc(N2CCCC2=O)n1)c1ccc(C)c(C)c1,-5.541,4.636868878887993,7.5563696971495515,3.4592260695132384
CC1(NCc2cccc3cn[nH]c23)CCCOC1,-5.926,12.042262785706015,12.51576226204381,3.015821281176986
CN1CC=CC2(C)CCCCC12,-4.253,13.386508842861158,12.229157370808506,9.270192986124938
Cc1cccc(Nc2ncccc2C(=O)Nc2ccc[nH]c2=O)c1C,-5.996,3.783766113279202,8.045963584307351,4.552242743966978
CC1C(c2cccc(Cl)c2)OC(=O)N1Cc1ccccc1,-5.512,13.814051288452639,8.53353525802759,8.958311727105727
Cc1ccccc1CN(C)C(=O)c1ccncc1,-4.987,12.557401960596787,12.469283459766242,3.069472430239438
CC(C)CC(O)(CC(=O)NN=Cc1ccccc1Cl)c1ccccc1,-5.763,4.378807600249182,7.372420565865732,3.5938838322906332
Cc1nn(-c2ccccc2)c(C)c1C=CC(=O)NC1CCC(C(=O)O)CC1,-6.179,5.2947358763209325,8.244294330020004,2.9589662046059257
CN(Cc1ccc(F)cc1)C(=O)c1cc(C(=O)O)ccn1,-5.855,4.472366375868595,7.213660582533668,3.026940039049337
COc1ccc(C(=O)c2oc3cc(OC)ccc3c2C)cc1,-5.453,12.639462053426168,8.6383795355379,9.051465792897856
C#CCOCC(O)CN(Cc1ccccc1Cl)C(=O)Nc1ccc(C)s1,-4.965,3.8505619070468144,7.287335658524314,5.039576966373269
CCOC(=O)c1ccccc1Nc1cccc(Oc2ccc(Nc3cc(-c4ccc(C)cc4)ncn3)cc2)c1,-5.396,4.274180506249121,8.143518281430943,8.524004047394628
CCCCCc1nc(C)cc(NCC2(C)CCCC2)n1,-5.394,12.530989825229291,12.646058160549476,3.1603249832889024
COc1ccc(CCNC(=O)Nc2ccc(S(=O)(=O)N3CCCC3)cc2)cc1OC,-5.754,4.937815306388039,8.395219413451919,3.0785175003563
CCC1CCC(C(F)(F)CN)C1,-4.439,13.597351874537924,12.92832723131651,2.883762472881566
CC(C)Cc1cc(C(=O)NNC(=O)c2ccco2)n[nH]1,-5.201,5.035703227951386,7.345791856566588,3.444500689504939
COc1cccc(N2CCN(C(C)(C)C)C2=O)n1,-5.04,12.638210395463433,12.88847597662346,3.0528996052933017
O=C(NC1CCCN(C(=O)CC2CCOCC2)C1)C1CC1,-4.88,3.672866727775458,8.141054599988871,2.9598608075380843
CCN(CC)C(=O)c1csc(-c2ccccc2OC)n1,-4.907,12.092071493338105,12.835978692721486,2.936117334167693
CC(C)c1cc(C(=O)NCCc2ccno2)n(C)n1,-5.596,12.900797300942296,12.116200146910748,2.9552612405674057
COc1ccc(CCN2CC(=O)N(C(C)c3ccccc3)CC2=O)cc1OC,-5.574,12.10492569163479,6.798742898507047,9.815956448558643
COc1cccc(C(=O)c2ccc(F)cc2)c1C#N,-5.924,12.066798664103086,12.383541577432524,2.8366804543339033
Cc1nc(NC(=O)C(C)C)cc(N2CCC(CO)C2)n1,-4.857,4.495195880047942,8.196802852332121,3.0169131575171333
Cc1ccn2c(N)c(-c3nnc(Cc4ccc(Cl)cc4Cl)[nH]3)nc2c1,-6.201,4.741505457130678,7.370793037387496,3.511367967046461
Cc1ccccc1COC(=O)c1ccc(-n2ccnc2)cc1,-5.707,12.952620005234463,8.395657270279678,8.938172576091826
COc1ccc(OC)c2sc(N3CCN(C4CC4)CC3)nc12,-4.539,13.171940251914293,7.172812070589887,7.7066027534835335
CC(C)N(Cc1ccccc1)C(=O)C1CCC(C(F)(F)F)P(=O)(c2ccccc2)C1,-5.468,4.378841170903553,7.831157066487684,5.066836192339358
Cc1cc(C)c(S(=O)(=O)NC(C)C(=O)O)cc1Cl,-5.016,6.886010746433669,7.776793298011719,2.8065076162376617
CCC(Oc1ccccc1C)C(=O)Nc1ccccc1,-5.402,12.96807063521787,12.818550503079512,3.225249912797456
CCCCNCCSc1nnc(Cl)s1,-3.697,11.259054756061897,8.938149528845443,12.439458308141878
COc1ccc(S(=O)(=O)N2CCCC2)cc1C(=O)N(C)Cc1ccccc1Br,-5.138,6.595007960571389,7.440760848192878,2.8019089920980664
CNS(=O)(=O)c1ccc2c(c1)c(NC(=O)Cc1ccccc1Cl)nn2C,-5.575,7.493000667289441,7.568834586645424,2.9462058651764313
CC(CCC1CCCCC1)C(=O)Nc1ccccc1Br,-4.964,3.853143781381639,8.674580450949776,10.377811763565575
CCC(c1noc(C(C)(C)C)n1)N1CCC(C(=O)O)C1,-5.17,4.421043881257004,7.401414864740389,3.0785952965597807
Cc1noc(CNC(=O)CC(O)C(C)N)n1,-4.778,12.455167080372707,12.672654773172036,2.8486723223284214
CCC(C(=O)Nc1ccc(N2CCCC2=O)cc1C)c1ccccc1,-5.648,4.680795658859719,7.392912957691305,2.852731673326462
CC(N)c1ccc(NCC2(O)CCCC2)cc1,-5.104,13.066407807810071,8.369261197979187,8.889902642886478
CC(CS(C)(=O)=O)N1CC(C(C)(C)C)CC1C(=O)O,-4.679,7.341797055217476,8.081381193830667,3.081849769213289
N#Cc1cc(F)c(N(c2ccc(C(=O)O)c(C#N)c2)C2CC2)cc1F,-6.024,13.03657105990682,8.486788438508409,8.859067332400178
COc1ccc(-c2cc(CN(C)S(C)(=O)=O)ncn2)cc1,-5.256,4.634279771442376,7.952298598518544,4.503819157115436
Cc1cc(N2CCC3CCCCC32)n(C)n1,-5.317,13.402210899698602,12.856655163766353,3.1892113445176378
CC(Cn1c(=O)sc2ccccc21)C(=O)Nc1ccc(N2CCOCC2)cc1,-5.856,4.040197643680319,8.017711893052779,3.1265757627154995
Cc1cccc(CN(C)c2cc(Cl)ccc2C#N)c1,-4.929,4.388231762338902,8.325814014257105,9.480076212773819
Cc1c(N2CCN(C)CC2)cccc1C(F)(F)F,-4.701,12.507687036378869,12.514153067627069,3.074952682562774
O=C1CCC2C3CC(CC13)C2c1ccccc1O,-5.399,13.352851305994538,12.514309968991498,3.306586911000526
O=C(Cl)C1CC1C1CCCCC1,-4.148,13.753031665781913,12.561682888848932,3.012317048386507
CCCN(CC)Cc1cc(Nc2nc(C)nc(Nc3cccc(C(F)(F)F)c3)n2)ccc1C,-5.637,3.351441630104872,7.530956446561087,5.512291810127617
CCCCCCCCCCCCC(=O)OCC(CO)(COC(=O)CCCCCCC)COC(=O)CCC(=O)O,,,,
NC(=O)c1ccccc1N=Nc1ccccc1OC(=O)c1ccc(Cl)cc1,-6.3,12.115824610813744,12.29222542910762,3.0732090719637024
Cc1nc2cc(-c3ccco3)nn2c(C)c1C(=O)Nc1ccccc1,-5.684,5.133918776139724,8.096571249609305,3.0374003687363973
CCOC(=O)C1=C(c2ccccc2)N=c2sc(=Cc3ccccc3Cl)c(=O)n2C1c1ccc(OC)c(OC)c1,-5.586,12.683756974966053,7.373030313242988,5.86143344242686
C#CC(=O)N1CCCC(C(=O)OCc2nc(CCc3ccccc3)no2)C1,-5.166,4.075695032752082,8.126854311478704,7.025554782364166
CC(CCC(=O)O)CNC(=O)C1CCC(C)O1,-4.615,12.718743727271182,11.865826309195665,2.931132716203754
CCN(CC)C1=NCC(c2ccccc2)CO1,-4.736,4.420665334539586,8.43389405909275,5.340889532652778
Cc1nc(CNC(=O)c2cccnc2Br)n[nH]1,-5.668,12.571334296724434,12.742371600294822,3.1822559607925953
CCn1nc(C)c(C(N)=O)c1Nc1cccc(C(=O)O)c1,-5.516,12.699879920692165,12.211192980212868,2.8604634239926927
CC(C)(C)Cn1ccccc1=NC(N)=O,-4.512,13.706790543376668,12.809874082128989,2.94057902461403
Cc1ccnc(NC(=O)c2ccc(OCC(=O)NC3CC3)cc2)c1,-5.832,4.081802175510225,8.059904403899589,3.0025144462600006
Clc1cc(Cl)cc(NCc2cnn(-c3ccccc3)c2-n2cccc2)c1,-5.441,4.610660364850138,7.859958333222893,3.59974249079014
CC(C)(I)C#CC(=O)CBr,-3.422,13.167423324249889,12.814028289339772,2.982078805129066
CNC(=O)COc1ccc(C=C(C#N)c2nc3ccccc3[nH]2)cc1C,-5.753,14.096026957976491,7.618549533867978,7.938490095729792
CCCOc1ccc(C2=NC(Cc3ccccc3)Cc3c2nc(C)n3CC(=O)NCc2cc(OC)ccc2OC)cc1,-5.872,4.701837725825934,8.343036917094397,3.4745317670155207
O=CCC12CCC(OC1)C1CCCC12,-4.899,14.07661287384149,12.791532589959656,2.9879928045428756
FC(F)(F)CNC(c1cnc2ccccc2n1)c1c(Cl)cccc1Cl,-5.016,11.420393163109578,8.930378995317053,12.583231778839648
COc1ccc(CNC(=O)Cc2csc(N3CCCC3=O)n2)cc1,-5.651,12.762600126933384,8.866463838532248,9.030550536927413
CCCCCC(=O)Nc1n[nH]c(C)c1C,-4.249,14.33454041816479,8.512724475748055,8.777958760440836
COc1cc(C2Oc3c(ccc4c3OCC4)C(=O)C2O)ccc1O,-5.896,4.908066319845322,8.249282999146047,2.991994151063801
O=Cc1ccc(Cl)cc1-c1ccon1,-2.184,13.051093900512708,12.063425218402939,2.8528717111009394
CC1CC2CCC(n3ccc(=O)[nH]c3=O)CC2CO1,-4.919,12.454092058436055,8.282693161043696,11.751619547960189
Cc1cccc(CN(C(=O)CCCN(c2ccc(Cl)cc2Cl)S(C)(=O)=O)C(Cc2ccccc2)C(=O)NC2CCCC2)c1,,,,
CC(=NNc1nc(C)cc(C)n1)C(C)N,-5.286,12.635682925746435,12.811941656126912,3.079075672990191
CCOc1ccc(C(=O)NC(C)C(=O)NCc2cccnc2OC)cc1,-5.272,4.64697213247508,7.4577724556331155,3.6576547130640966
CC1C(N)CN(Cc2ccccc2[N+](=O)[O-])C1C,-4.584,7.486805259922286,7.930339210903907,3.585697282259058
N#CC1=C(N)OC2C=CC(SCc3ccccc3C(=O)O)=CC12,-5.559,12.756047898937979,11.92117716502863,9.223365004161984
CCOC(=O)C1CC(=O)C(COC2CC(NC(=O)OCC3c4ccccc4-c4ccccc43)CCC2=O)C1,-6.287,4.719061983064007,7.865464830510653,3.4349096057975097
Cc1ccc([N+](=O)[O-])cc1NC(=O)Cn1c(Cc2ccc(Cl)cc2)nc2ccccc21,-6.591,11.710329158482267,7.304788977102624,7.830039718928634
NC(=O)c1ccc(F)cc1S(=O)(=O)Nc1ccccc1COc1ccccc1,-5.131,4.082196590072554,8.09158260169171,6.504500980090632
CCCc1nnc(NC(=O)c2ccc(OC)c(Br)c2)s1,-5.064,4.657537976227354,7.377248470805357,5.172123065047854
Cc1cc2nc(Cn3ncn(C)c3=O)cn2c(C(C)C)n1,-5.529,12.656442391130298,12.031670125132255,3.1014051654048687
CCc1nc(CN2CCN(CCn3c(C)ccc3C)CC2)no1,-4.766,4.625022810754558,8.337843726048119,2.9496742192994807
Cc1cc(S(=O)(=O)NCCC(=O)NC(C)(C)C)ccc1N,-5.112,12.855071450598787,12.499822798743988,3.087727481498327
COC=CC(=O)N1CCCC(C(=O)c2cccc3[nH]ccc23)C1,-5.335,12.054023892460146,12.793554158247035,3.1445974305147555
Cc1ccc(Oc2cc(Oc3ccc(F)cc3)ncn2)cc1,-5.31,12.614279131206825,12.754760444633996,3.2941759212282515
COc1ccc(OC)c(C(O)=C2C(=O)C(=O)N(c3cccc(Cl)c3)C2c2ccc(C)cc2)c1,-5.926,3.7939843173107604,8.302937130919394,6.733820386675012
CCCC(=C(C)C(=O)O)c1ccc(F)c(Br)c1,-4.732,12.852692091542535,12.050574633601505,2.9883456962004913
O=S1(=O)N=C(I)Nc2ccc(C(F)(F)F)cc21,-5.49,12.854080908411927,12.372380045892545,2.8498577157465244
COC1CCN(c2ccc(CBr)c(C)n2)C1,-4.256,12.65102644056995,7.416538343459163,8.196284768112928
COc1ccccc1CNC(=O)N1CCN(c2cccc(Cl)c2)CC1,-5.511,4.610135030560384,8.238554484859586,5.222200111064302
Cc1ccc2[nH]c(C(=O)NCC(=O)O)cc2c1,-5.597,10.643219625658395,8.933321274867483,12.674637470160636
O=C1CCCN1CCNCc1ccccc1OC(F)F,-4.926,13.233949561638807,13.055604543643316,2.949764227866357
Cc1cccc(NC(=O)c2cnn(C)c2C(=O)O)c1,-5.534,4.589912962137736,7.3002908161250675,4.774172284281328
CC1CCCC1CN(C)CCC(F)(F)F,-4.483,13.84046234776859,13.17723965783426,3.0115911077037003
CCC(NC(=O)Nc1cccc(C(=O)O)c1)C(C)C,-5.299,6.277945762747557,7.1868303861994685,2.850336471366144
CCOC(=O)C1=C(C)N(C)C(=O)NC1c1ccc(OCc2cccc(C)c2)cc1,-5.666,5.053808464910398,8.19482037631088,3.075256249485561
CCOc1ccccc1C=CC(=O)NC1CC1,-4.559,13.32521752167671,6.976996846781572,7.905917467315226
N#CCC1CCCCN1C(=O)c1ccccc1-n1ccnc1,-5.341,6.922180725753987,7.4698405605474605,3.2686428376315453
COC(=O)N1CCN(c2nc3ccccc3s2)CC1,-4.928,4.30235726085131,7.956890724397312,3.6992358670406524
Cc1cc(C)n(CCC(=O)NC2CC2)n1,-4.708,12.690413626040723,12.872599349004847,3.3745038153778992
COc1cc(C)oc(=O)c1C(=O)c1ccccc1N(C)S(=O)(=O)c1cc(O)ccc1F,-5.795,6.5334858995791825,7.222629438092474,3.369990504437662
C=CC=C(C)C=CC1C=C(C(=C)C)C=CN1C,-3.834,15.338754088908264,7.335735545942207,7.7534505221868795
CC(C)N(CCO)C(C)CC(=O)O,-4.25,14.239832477947203,12.85589814054234,2.891472462258633
O=C(O)C(Cc1ccccc1)N1CCCC1=O,-5.224,12.50921556293599,12.495554329440532,2.957544927807522
CN(Cc1ccccc1Cl)C(=O)CSc1nnc(-c2ccco2)n1C1CC1,-5.658,4.595953655118815,7.139877169811816,3.024401593704118
O=C(Nc1ccn[nH]1)C1Cc2ccccc2O1,-6.078,12.744213196584559,12.538306823490961,2.9357367048153344
CC(=O)NCCCC(=O)Nc1ccc2c(=O)c3ccccc3n(C(C)=O)c(=O)c2c1,-6.12,6.331957517229566,7.211169530665605,2.816042080651495
Cc1ccc(NC(=O)c2cc(C(F)(F)F)cc(C(F)(F)F)c2)cc1C#N,-6.048,3.5244816640181296,7.57905647161967,3.2680976117613127
N#CC1(NC(=O)COCC2CC(Cl)C2)CCC1,-5.279,12.436857561297389,12.607736275795112,3.1413953905868004
CCNC(=O)c1ccc(CN=C(NCC)NC(=O)CCS(C)(=O)=O)cc1,-5.458,4.791379342110161,8.415694029609204,3.050753021796422
COc1cc2c(cc1NC(C)=O)C(Cc1ccccc1)NCC2,-5.543,3.700579819433706,7.803272454553921,6.711184172707526
CC(C)OCCN(C)CC1(CBr)CCCC1,-3.839,13.106451655577875,12.821121557804528,3.051326432881281
O=C(c1cc([N+](=O)[O-])cc(C(F)(F)F)c1)N1CCCCC1,-5.624,12.685919911460894,12.372981007016861,3.056221523384717
O=C1C=CC2(Cl)CCC3=C4c5ccccc5CCC4C(C3)CC2C1,-4.608,13.06436313028691,7.445433298337982,9.550298686428608
Cc1nc(-c2ccco2)nc2c1C(=O)N(C1CCS(=O)(=O)C1)C2=O,-5.782,4.546332477943072,8.415297558613123,3.224792861564908
Cc1ccc(SCC(=O)Nc2ccc(C(F)(F)F)cc2Cl)cc1C,-5.816,4.741565986043007,7.071073610138702,3.1627236679798636
O=C(NSc1cccnc1)Oc1ccccc1,-5.644,12.702158477991054,12.366491256617618,2.9218475319564505
Cc1ccc(NC(=O)NC(CC2CC2)c2ccccc2)cc1,-5.856,12.626896214034549,12.563279985736209,2.9502299910345973
CC1CCCN(Cc2ccc(Br)cn2)C1C(=O)O,-5.06,12.554691354230895,12.157534824132728,2.963880901790758
NC(=O)C1(CC(=O)O)CNC1,-4.796,16.12089156963721,12.692045776784767,2.8965866118588615
CN(C(=O)c1ccnc(NC(C)(C)C)n1)C1CCS(=O)(=O)C1,-4.812,7.476614608230119,7.761022935154874,3.028124997420022
C=Cc1ccccc1OC(C(=O)O)C1=CC=CCC=C1,-4.527,12.670673660070328,12.399815038943121,3.1152582557470248
CC(C)(C)OC(=O)C1C2CC3CCC2CC31,-4.478,12.856661347332752,12.701748344224113,3.1087190287962665
CCNC(Cc1csc(C)n1)c1cc(C)sc1C,-4.237,13.183205186903525,12.490359682571196,3.2209864948490554
C=CCSCCCNC(=O)N1CCCC1c1ccc(F)cc1,-4.618,13.113967096191756,12.122000907440983,2.846776598189608
Cc1ccc(OCc2cc(Cl)ccc2F)c(CO)c1,-5.547,12.538475425664798,12.5902237073056,2.926445283957997
COc1cc(C)cc(C)c1C1CC1,-4.407,14.232082384528274,12.86864149784273,2.808433549151555
CC(=O)OC1C(O)OC(CO)C(O)C1O,-4.749,12.76907804032852,12.066704189628583,2.7700344763197444
CSCCC(NN)c1cccnc1F,-4.087,8.255876089186417,8.154447988674647,3.0750235771453847
COc1ccccc1C1=NC(CC(=O)Nc2ccc3c(c2)C(=O)NCC3)C(=O)N1,-6.662,12.313964146447724,12.801028279009465,2.9313631641268874
CC(C)C(=O)Nc1ccc2ccccc2c1S(N)(=O)=O,-5.529,12.957318974232287,12.198627340811752,2.976071571720008
Clc1ccc(-[n+]2ncoc2-c2ccccc2)cc1,-5.34,13.713725277983368,12.589628826935288,3.040333369879033
CC(N)c1cc(C(=O)O)c(COCC(F)(F)F)o1,-5.53,12.321333937524784,12.147048159944044,2.8491739153656455
CCOc1ccc(CNC(C)(C)C)c(OC2CCC2)c1,-4.207,4.218476620772005,8.207290722278575,6.209069656558864
CC(C)CN(C)C(=O)c1ccccc1NC(=O)c1ccco1,-4.791,7.727095249833536,8.317785041704312,3.1564518054296347
O=c1c2cccc(Cl)c2oc2c(SCl)cccc12,-5.4,13.61509915498231,7.045803999544694,7.645922573502821
CCOC(=O)N1CCC(c2ccccc2C(=O)NCC(C)(C)C(N)=O)CC1,-5.398,5.319525918726217,7.268916975726163,3.1858050787830696
CC(C)(C(=O)C(F)(F)F)C1CCCC1,-4.632,15.693736935478434,12.763586643259801,2.9434452602350194
COC(C(=O)NC(C(=O)N1CCC(O)C1)C(C)C)C(C)C,-4.62,5.313857544195177,8.237903798904185,2.816814335379597
O=C1C(=Cc2ccc(F)cc2)Oc2cc(O)ccc21,-6.576,12.371943137599688,13.186727759379883,3.0433882433892663
CC(=O)Nc1ccc(S(=O)(=O)Nc2ccc3c(c2)OC(F)(F)O3)cc1,-5.926,11.186313914779971,7.052604270764099,9.94711159080866
Cc1cc(-c2cnnn2C)ccc1N,-4.469,12.732385086856272,11.841127437875162,8.606996804925629
CC1(C(=O)O)CCN(C(=O)Nc2cnc3onc(C4CC4)c3c2)CC1,-5.435,3.9016971948115087,8.27361281424264,10.329580727212502
CCCCNC(=O)C(C)Sc1nnc(NC(=O)Nc2ccccc2C)s1,-5.318,4.524684961408915,7.1134561220267605,3.0569798821712926
Cc1ccc(NC(=O)c2coc(CN)c2)nn1,-5.132,6.139391012144445,8.443424127686587,3.019263155142327
CC(CC(N)=O)NC(C)C(=O)Nc1c(Cl)cccc1Cl,-5.279,12.788686601836798,12.260738313821072,2.79235044362272
O=S1(=O)CCSCC1c1cccc(Cl)c1,-5.064,12.633155464886832,12.246174668034095,2.96795367214517
COCC1CN(c2ccccn2)C1,-4.158,12.77870012951239,12.467658721668636,3.001645548694915
Cc1ncccc1N(C)S(=O)(=O)c1cccc(F)c1,-4.531,7.393333754132839,8.454014490169744,2.9473759515881244
CC(=O)N1CCC(N(CC(=O)O)CC2CC2)CC1,-4.367,5.638898651332545,8.181757146236986,2.9672724849598833
CN(Cc1cccs1)c1cccc(C(N)=O)c1[N+](=O)[O-],-4.942,13.365068836336011,12.082393388728907,2.9738370836345416
COC(=O)c1cc2n(n1)CCN(C(=O)C1CC1)CC2,-3.278,5.349119834140941,7.373633432711446,2.9601582727955607
O=C(O)C(O)=Cc1ccc(N2CCCC2)cc1,-4.861,5.266558173988018,7.619175086582536,3.110135366828909
CCOc1ccc(C2Nc3ccccc3N=C2C(=O)NCc2cccc(OC)c2)cc1,-5.356,14.29001675996218,6.966408687408455,7.924136987710397
Cc1ccc(F)c(OCCNC(C)(C)C)n1,-4.299,5.056416319885063,7.591204779216537,3.4669936544504942
Cc1nc(CCN(C)Cc2ccc(Cl)cc2F)n[nH]1,-5.23,12.321599287430184,12.683051249600783,3.15050488017397
CC(Nc1ccc(Cl)cc1)(C(=O)O)C1CC1,-4.845,13.099301088226044,12.613091770061772,2.915889915617529
CCc1nsc(NC(=O)CCCC2CCCC2)n1,-4.454,12.749383749813164,12.750086784018373,3.1731463880508253
CCc1nn(C)c(CC(CO)C2CC2)c1Cl,-4.454,12.74370754529466,11.847682389395828,2.921448442125926
CCC(C)C(N)C(=O)N(CC)Cc1ccccc1,-4.299,12.767707899227645,12.546974814671463,3.191136004622805
Cc1ccc(O)c(C(=O)OC(C)C(=O)NC(C)c2ccccc2)c1,-5.088,4.09978853113182,7.55049759949634,7.977435991595295
CCCC1CN(CC(C)(C)C(C)(C)C)C(CC)CN1,-4.014,13.364141573629036,7.44945434243341,6.83871873964707
NC(=S)c1ccnc(C(F)(F)F)c1CC(=O)O,-5.032,13.010463673520634,11.782954595516356,2.733480199306372
CCC(C)N(CC(=O)OC)C(=O)c1ccncc1,-4.461,12.390597402869647,11.947936725644308,2.9627104144684817
Cc1cc(Cl)ccc1NC(=O)CCC(=O)Nc1ccc(Cl)cc1,-5.135,10.109986399595204,8.929337881388518,12.679911395589482
COc1ncccc1NC(=O)NC(C)(C)C,-4.596,12.509148532174363,12.89911229503798,3.1639508529684846
Cc1ccc(C(=O)Nc2ccc(C(=O)Nc3ccc(Cl)nc3)cc2)cc1,-6.148,4.233573549615028,8.103920717776056,2.9101802349682764
C=C(C)COc1ccccc1C(=O)OCC(=O)Nc1ccc(C(C)=O)cc1,-5.118,11.346891248267077,7.350068979268154,10.746309785223948
CC(=O)Nc1ccc(S(=O)(=O)N2CCc3ccccc3C2)cc1,-5.649,13.845125821024526,8.985214966821886,9.429104782533706
Cc1ccc(S(=O)(=O)Nc2ccc(CC(N)=O)cc2)s1,-5.253,12.904416182067285,13.225809653854844,2.912702868471139
CCCNC(Cn1c(C)cc2ccccc21)C(C)C,-4.833,12.580366330119327,12.638772487864475,3.262515593832464
Cc1[nH]nc(-c2ccccc2)c1-c1cnc2c(C)nc3cccnc3n12,-5.705,4.200381173179405,8.17135423292859,5.521022912468306
CCN(CC)C(CNC(=O)CCn1cccn1)c1ccccc1,-4.517,4.4139103978218674,8.353016999862982,5.192592897580168
CC(Cc1ccncc1)NC1CC(O)C1,-4.661,12.719917649104495,12.868202244291934,3.3259019829213248
COc1ccc(C(C)(N)c2ncc[nH]2)c(OC)c1,-4.923,12.66162572500072,12.43600655355247,2.9884234974313806
Cc1cc(C(=O)N2CC(O)CC2C(=O)O)n[nH]1,-5.065,12.834962017863552,11.86882159272773,2.938001531653787
Cc1ccccc1CNC(C)c1ccccn1,-5.322,12.580715639422106,12.917687254303688,3.023923940842428
CNC(=O)CCc1ccc(O)cc1O,-4.7,13.212541087920975,12.626419801353034,2.8252980373758803
O=C(CNCCCn1ccnc1)c1ccccc1F,-5.182,12.798879560336522,12.226220429879383,3.039333644073977
OC(CN(CC1CC1)CC1CC1)C(F)c1ccccc1,-4.405,12.319062829614921,12.81115400734844,3.067529298963581
COC(=O)C(C)c1ccc(OC)cc1,-4.791,13.048901409697294,12.528475924868115,2.978329229618512
CC1(C)N=C(c2ccc(-n3ccccc3=O)cc2)OC1=O,-5.676,12.803646668039539,12.87549001009282,3.127766935051268
CCC(NC(=O)c1cccc(O)c1)c1ccccc1,-5.241,12.709730524287288,13.052109829449032,3.1384411735764624
CCC(c1cccc(Br)c1)C1N=C(c2ccncc2)NC1=O,-5.182,6.812740564559903,8.24721510571902,3.4395297643718696
CC1(C)CC(=O)c2cc(C(=O)O)ccc2O1,-5.223,12.348546837583765,12.280805226042794,3.0118665309073704
COc1ccc(-c2cnn3ccc(I)cc23)cc1,-4.906,13.327382113528524,7.136510772079028,7.951294422922598
CCOC(=O)c1cc(C)oc1CN(C)C(=O)c1ccc(N2CC(C)OC(C)C2)cc1,-4.892,12.626965035193534,8.749075379718704,8.990701085010002
Cc1cc(Cl)cc(C)c1OCc1ccnc(C(C)N)c1,-5.281,12.586001509613766,12.529349783608087,3.0442077787168214
CC(C)C1CCN(C(=O)C2CCC3CC2C3N)CC1,-4.794,4.577144196985714,7.833274219635107,3.233931817463071
CCCCNc1cncc(N)c1,-4.211,12.754829438295127,12.957088175975342,2.8238278984385716
CCc1ccc(C(=O)Nc2cc(NC(=O)c3cccs3)ccc2C)o1,-5.813,11.177583862355943,6.760467513419468,8.302710521269544
O=C(Nc1ccc(S(=O)(=O)N2CCCC2)cc1)c1cc(C(F)(F)F)n[nH]1,-5.887,4.676576311790496,7.814514316321904,2.9002491272302797
O=C(C=Cc1ccc(-c2cc3ccccc3[nH]c2=O)o1)Nc1ccc(Br)cc1,-7.202,3.7455752562189963,8.12984021983212,3.4148572444540055
COc1ccccc1NC(=O)NCc1c(C)nn(-c2ccccc2)c1C,-6.136,8.990012291426524,8.325712041621424,3.4315113288462262
O=C(Nc1ccccc1-c1cnn(C2CCCCO2)c1)C1(c2cccc(Cl)c2)CC1,-5.151,10.588659641333269,8.739278517131721,12.713650223283635
Cc1ccc(C(=O)Nc2cccc(C(=O)Nc3c(Cl)cccc3Cl)c2)o1,-6.054,4.019662174859971,7.364284690314464,7.938933744527661
O=[N+]([O-])c1cccc(C2CC=NN2Cc2ccc(F)cc2)c1,-6.532,12.353367395168007,11.908577203007923,3.0106615552067626
Cc1ccc2c(CC(=O)NCc3ccc(Cn4cnc(C)c4)cc3)coc2c1,-5.963,4.219257043603767,7.275303155195664,8.216674022985213
CC(=O)c1cc(F)ccc1Oc1ccc(Cl)cc1[N+](=O)[O-],-4.938,12.514495195572213,12.606390998219911,3.1843789033342125
COCCCNc1nc2ccccc2n1Cc1cccc(OC)c1,-5.586,12.604261065211242,12.848425039669259,3.0639944516921043
Cc1c(Cl)cnn1Cc1nc(CC2CCCN(C)C2)no1,-4.939,7.3795367063251325,7.993213684119798,3.024993553712139
CCOC(=O)CC(=O)N(c1ccccc1)C1CCCC1,-4.95,12.175023819278548,12.907776493261727,2.9344106733720823
Cc1[nH]c2ccc(Cl)cc2c1C1CCCC1O,-5.146,12.768043428810852,12.978847560550205,3.1659794692954026
CCc1ccc(C(=O)Nc2ccc(N3CCCC3CO)nc2)cc1C#N,-6.51,4.5316491479372045,7.8185682193097215,3.006341630620179
CC(=NNC(=O)c1cc(Br)ccc1Cl)c1cccc([N+](=O)[O-])c1,-5.768,5.906943710583334,8.082120637555466,2.9155584370751337
COc1cccc(N2CCN(C(=O)C(C)Oc3cc(C)cc(C)c3)CC2)c1,-5.664,3.9321584403479974,8.04721299581414,3.102591175130878
CC1CC1C(N)c1cccc(C(F)(F)F)c1,-5.498,12.393823340680632,12.843436066722955,3.001288723198753
Cc1c(C(=O)Nc2ccc(Cl)cc2C(=O)O)oc2ccccc12,-6.359,9.80906998649719,8.14522271027625,2.80523243243764
Cc1cc(C(=O)Nc2c(C)[nH]n(-c3cccc(Cl)c3)c2=O)no1,-6.418,4.93641874236779,7.549071002447916,2.848190478180839
COc1cccc(C=C2SC(=O)N(CC(=O)OCC(N)=O)C2=O)c1,-5.507,4.589480580632191,7.9618134868885235,2.8210363343991167
CCOC(=O)c1ccc(NC(=O)c2ccc(C)nc2)cc1,-4.848,5.2001701895226455,8.30917986325967,3.241377484959135
COC(=O)c1cc(F)ccc1N1CCC(C(=O)NOC2CCCCO2)CC1,-5.524,3.9046901285505355,7.816796274689523,3.161608609553055
COC(=O)C(C)(C)C(O)N1CCCC1,-4.13,12.79065479168287,12.952052424229914,2.9951480764730145
CCC(C)(C)NC(=O)C1CCN(c2ccc(N)cc2F)C1,-4.766,13.44455767215865,8.633463094262927,9.180295311154211
CCC(C)NC(=O)c1nc(-c2ccco2)cn1-c1ccc(Cl)cc1,-5.234,4.4571525663813665,7.92984854836459,5.432498780487668
Cc1ccc(-c2c(C(N)=O)c(N)nc3onc(C)c23)cc1,-5.599,13.320981720579006,12.692787006800357,2.7905379409712388
CCOC(=O)C(C)(CC)NC(C)COC,-3.701,12.917090732823704,12.710498416663292,3.0061019610119675
CCC=CC=CC=CC=CC=CC=CC=CC=CC=CCCCCCC(=O)OCC(COCCC(O)(C(=O)O)[N+](C)(C)C)COC(=O)CCCCCCCC=CCCCCCCCC,,,,
O=C(NCC(c1ccco1)N1CCCC1)Nc1ccccc1-n1ccccc1=O,-5.223,11.420879169310915,7.458121479300267,10.085316554278306
Cc1c(Cl)cccc1NC(=O)C1CC(C)C(=O)N1CC(N)=O,-1.247,14.391075741583741,7.7628673182014385,7.096894320757495
Cn1c(=O)c(C(=O)NCC2COc3ccccc3C2)nc2ccccc21,-6.193,4.813858120052979,8.174017188628856,3.354456438828801
O=S(=O)(O)OCC1CC2CCC1C2,-4.321,12.75908480260242,12.558306454295499,2.872167474225693
CC(NC(=S)Nc1ccccc1C(C)(C)C)c1ccc(S(N)(=O)=O)cc1,-6.044,12.318586038990027,8.505018577287176,8.597919399482645
Cc1ccccc1NC(=O)CN1CCc2sc(-c3ccccc3OC(F)(F)F)nc2C1C,-6.325,5.177459222437198,7.915641730144182,3.1018391318699954
CCOc1cc(C=NNC(=O)c2ccccc2)cc(I)c1OC,-5.333,3.591485904190632,7.735272522671713,7.7135734909314255
O=C1CN(c2ccc(Cl)cc2)CCN1Cc1nc2ccccc2[nH]1,-5.563,5.329737892241981,8.36674751620963,3.463831982068414
CC(=O)NCc1cccc(C(=O)Nc2cc(C)cc(C)c2)c1,-5.688,10.516140594343536,8.609438773810984,12.777908944737398
CN(C)C(C(=O)Nc1ccccc1CC(=O)O)c1ccsc1,-4.726,7.6236952982133275,8.408621884708575,3.2034166135549715
CCC(CC)(CC)NC(=O)Cc1ccc(O)c(C)c1,-3.998,4.109363697703087,8.10807313731197,11.024665527806274
CC1CC(C)CC(Oc2cc(N)nc(C(C)(C)C)n2)C1,-4.684,4.576106969903567,8.285906890618552,5.994108273963693
CCCNC(=O)CC(=O)Nc1cc(Cl)ccc1Br,-4.771,3.897764102661935,8.340817346039895,9.744188678386722
Cc1c(NC(=O)COC(=O)C(C)Cl)c(=O)n(C)n1-c1ccccc1Cl,-4.886,5.5186798240158845,7.062567946575805,4.677044472741306
CCCNc1nccc(Oc2cc(C)ccc2C)n1,-5.02,4.657265399351856,8.450864156996017,10.228197006315433
Cc1cc(N(C)c2ccnn2-c2ccccc2)ccn1,-4.384,13.636539370382796,7.105152918832922,8.17052054645235
O=C(Oc1c(F)c(F)cc(F)c1F)c1cc(Cl)ccn1,-5.414,12.550117330128831,12.41779533572687,3.0748551185381077
COc1ccc(OC2CC(NC(=O)c3nc(C)c(C)nc3C3CCCO3)C2)c(OC)c1,-5.722,5.416478930079947,7.822959094869407,3.0692723893457226
[CH]CC(O)N[CH],-3.142,8.443273180467395,7.884952948496268,2.9553304383774077
COc1ccc(NC(=O)c2n[nH]c3c2CCCC3)c(OCC(N)=O)c1,-5.4,6.425482394342078,8.166685986371704,3.512243869665089
Cc1ccc(S(=O)(=O)CCCn2c(=O)n(C)c3nc(N)[nH]c(=O)c32)cc1,-6.172,4.567971978898295,7.689132981032386,3.189549341207939
Cc1cc(O)cc(NC(=O)N(C)CC(C)(C)O)c1,-4.606,3.8458026470426177,7.372411545756246,4.7314400556278855
Cc1ccc(-c2nccc(CN)n2)o1,-5.088,12.5806513344898,12.716392412944797,3.224844957513462
CCCCn1c(SCc2cc(=O)oc3cc(OC)ccc23)nnc1-c1ccco1,-4.949,5.856556496782046,7.871678982275635,3.0212267376017965
CCCCCCCCOC(=O)COCCCCCC,-3.229,10.825019953792234,9.321933812251618,12.999269633329405
CN(Oc1cc(F)ccc1CNC(=O)c1ccc(C(F)(F)F)[nH]1)C(=O)OC(C)(C)C,-5.488,5.216918822446829,7.708462427747831,4.6747190289898715
O=C(Cc1ccc(Cl)cc1)Nc1cccc(C(=O)Nc2ccc(F)c(Cl)c2)c1,-6.809,4.868617360195809,7.309111095064844,3.061367014913435
O=C(Cc1cn2ccccc2nc1=O)NCc1ccccc1CN1CCCC1,-5.703,7.573917876502225,8.055220419082273,3.0858237149908616
CC1(C)CC(N2Cc3ccc(CN)cc3C2)CC(C)(C)C1,-5.839,4.276297931622632,8.134284111094226,3.054456580146458
Nc1ccnc(N2CCC(F)(F)CC2)n1,-4.945,13.264243137096065,12.579711999882987,3.035037067318948
CC(Nc1cccc(F)c1C#N)c1ccc(Br)cc1,-5.062,13.532818849005555,7.593166928232251,8.198346357650426
Cc1ccccc1C(N)c1ccc(Cl)cc1Cl,-4.847,12.600577050278293,12.807379942829838,3.305770258200046
N#Cc1cccc(NC(=O)c2ccc(COC(=O)COc3ccccc3C#N)o2)c1,-6.411,3.739497426125601,7.661732832721328,3.8959948665263915
Cc1cccc(NS(=O)(=O)c2cccc(C3=C(C(=O)OC(C)C)C(c4ccccc4Cl)C(=O)C(=O)N3)c2)c1,-6.168,4.9542495899984695,7.571252340267097,2.7803780318510647
O=C(c1onc2ccc(Cl)cc12)n1c(=O)oc2ccccc21,-5.932,12.1484928283306,12.796738529797349,2.8885887557767713
CCCCOc1ccccc1C=NN=C1NC(=O)C(CC(=O)O)S1,-5.165,4.215368548537601,8.176501758087012,2.9620729228025433
CCOC(=O)C=CCCC(NP(=O)(Cc1cccc(C(F)(F)F)c1)OCC)C(=O)NC,-4.228,4.402531317321888,7.7703555903188875,3.138862214242607
Nc1c(-c2ccccn2)oc2cccc(Br)c12,-5.507,12.869218158070055,12.925450939909215,3.011287432311967
COC(=O)CN1C(=O)C(=O)N(c2ccc(C(F)(F)F)cc2)C1c1ccc([N+](=O)[O-])cc1,-5.522,4.764147247934304,7.913849189869616,3.7533149348276122
CCOC(=O)c1oc2ncn(C)c(=O)c2c1NC(=O)c1cc(C)ns1,-5.793,7.332457978058926,7.9532892566535,3.086027381602438
COc1ccc(CN(C)Cc2cccnc2)cc1OC,-4.402,12.874773046543384,7.091492226605061,7.996727705755648
CCOc1ccc2cn(C3CCC(=O)O3)nc2c1,-5.433,12.617449900831785,11.78265110236232,3.0981818862035846
Cc1cccc(CNC(=O)c2cc(C)nc(N3CCCCC3)n2)c1,-6.143,4.97485567629856,8.130742340032674,4.343905615917547
Cc1ccnc(NCc2c(F)cccc2Cl)c1,-5.264,12.688164485062448,12.536265552388398,3.1556752050868613
Cc1cc(NC(=O)NC2CC2)ccc1NC(=O)c1oc2ccccc2c1C,-6.062,4.879833808645535,8.100794528933566,3.162620590586231
COc1cccc(NS(=O)(=O)c2ccc(NC(=O)Cc3coc4cc(C)c(C)cc34)cc2)c1,-6.691,5.626221289640144,8.270744222861689,3.068044654173078
CCCCC(=O)NC1CCC(c2ccccc2OC)CC1,-4.802,12.880971818927328,7.186929386045197,8.99200678380527
Cc1cccc(=O)n1CC(=O)OC(C)C(=O)O,-5.041,12.361202126007,11.979087360896907,2.8572212024972794
CCc1[nH]nc(NC(=O)c2ccc(F)cc2[N+](=O)[O-])c1C,-5.259,10.247741507278567,8.525416881302638,12.281199045695823
N#Cc1cc(-c2cc(C#N)c(C(F)(F)F)[nH]2)c(Cl)s1,-6.261,12.645829352003767,12.777044220006442,2.9767045536969237
CCCCOP(=O)(OCCCC)C(CCC)C(C)C,-3.459,4.2785034766843415,8.260377594274972,5.410147779867017
CN(C(=O)c1ccc(F)c(S(N)(=O)=O)c1)C(F)(F)F,-4.92,6.14285715282392,8.465329822280996,2.814500310890017
O=C(Nc1ccccc1F)C1CC(=O)N(c2ccc(Cl)cc2)C1,-5.291,12.788013645597974,7.015690771406619,7.571021727613784
Cn1ncc(-c2ccncc2)c1C(=O)NC(CO)c1ccccc1,-5.226,4.636276523245781,7.089591102454358,8.213390347475272
Clc1ccc(OCC2CCCNC2)nc1,-4.287,12.945475541670922,13.081953409181674,3.1521676668603784
Cc1oc(-c2ccccc2)nc1C(=O)Nc1cc2ccccc2o1,-6.261,4.442702443333336,8.318745758826866,3.4522486874499645
O=C1CC(N2C=NCC2)C(O)C1O,-4.28,11.982939789550809,10.953057883531885,8.401934896200993
COc1ccc(C(C)NC2CCCC2)c(OC)c1,-4.43,12.65641011503657,13.073772600133443,2.9980943947781227
Cn1cc(S(=O)(=O)N2CCN(S(=O)(=O)c3ccccc3)CC2)c(C(F)(F)F)n1,-5.491,4.667759312561006,8.37495749242944,3.2242351030903436
CC(=O)OC(=O)C(CC(CC(=O)O)CC(=O)O)(C(=O)OCCCOC(=O)OC=CC(=O)O)C(C)C,,,,
CC1(C(=O)O)CCN(C(=O)c2cc(F)cc(C(F)(F)F)c2)C1,-5.29,3.3880290730747866,7.542874584665981,5.473428450249441
CCCCCOC(Cc1ccc(O)cc1)C(=O)O,-4.093,6.971000071725721,8.185829585326095,2.890548390876721
O=C(O)N(Cl)N=NCl,-3.801,10.145717815906373,8.174571670736027,2.9162829080869366
CCc1nc(CCNCC2CCCC2O)n[nH]1,-5.225,12.58086833251187,12.646757370962723,2.9258108277877444
NCCc1nnc(C(=O)O)s1,-4.634,14.536595646849369,11.864597801864166,2.9762182379657576
Cc1ccc(CNC(=O)c2cc(F)c(O)c(Cl)c2)o1,-5.415,12.613942682603247,13.055311409537499,2.990561987319441
Fc1ccc2c(c1)N(CC1OCCCO1)c1ccccc1S2,-6.377,12.902856621694283,12.824146482319984,3.0525677715654407
COc1ccc(O)cc1-c1ccc(C[N+](C)(C)C)cc1,11.48,13.034332971042286,12.80362077695212,3.122735659642039
NC(=O)NC1(C(=O)Nc2ccc(-n3cccn3)c(F)c2)CCCC1,-6.511,12.133665480801751,12.040214948247396,3.134636342544379
CC(C)CCOC(=O)OCCC(C)C(F)(F)F,-4.532,12.712780223066865,12.032834163238519,2.943854106439379
COC(=O)c1cccc(Nc2ncnc(NCc3ccc(C)cc3)c2Cl)c1,-5.9,12.803620620746305,7.5016336887374075,8.601033775076111
Clc1ccc(N=C(C=CC=Cc2ccc(-c3ccc(Cl)cc3)o2)c2ccc(-c3ccc(Cl)cc3)o2)cc1,-6.553,10.063311085323756,7.26419444948991,10.634307734873953
NC(=O)c1cc(Cc2ccccc2)ccc1O,-5.577,12.822744830963455,12.41364938283662,3.040556199118839
Cc1ccc(C(C)N(C)CCC(=O)Nc2ccc(Cl)cc2)s1,-4.275,3.7183376662159118,8.082018250412455,9.947902743794794
O=C(O)C(=O)NC1(C(F)(F)F)CC1,-5.015,15.793070474103509,11.863554062758766,2.8310430939849716
CCOC(=O)C(O)(C1CC1)C1(C)CCCO1,-4.26,12.726630583151222,12.387844727796681,2.9148145738622895
Fc1cccc(CNc2cccc3[nH]nnc23)c1,-5.915,12.65818359797329,12.25421421389393,3.1091164339728414
CC1CCCN(c2ccnc(NC3CCOC(C)(C)C3)n2)C1,-5.601,7.575483218910858,8.276459689988226,3.375067999314979
CCc1ccc(N2C(=O)C(=O)C(=C(O)c3cc(C)c(Cl)cc3OC)C2c2ccc(Br)cc2)cc1,-5.625,4.908053891309671,8.076670601182148,9.347745182663036
CCC(C)Oc1nccnc1N1CCC(C)CC1,-4.488,12.677579619154438,13.164002354907112,3.42664777880657
CC1CC(CN)(N(C)C)CCN1C,-4.47,14.558719174432895,12.870446340356654,2.8015818745844285
CCNC(=NCc1c(C)ncn1C)NC1CCC(C(=O)O)C1,-5.357,4.002807639644954,8.15215032982096,2.9671435758992195
O=C(c1ccc[nH]1)N1CCCC(c2c[nH]c3ccccc23)C1,-5.535,4.949422794629692,8.389535446018451,3.2729963336368098
COc1ccc(C=CC(=O)Nc2ccc(OC)cc2OC)cc1,-5.182,13.639438441519502,7.4364341589232135,7.19303684127921
Cc1nc2ccccc2c(=O)n1-c1cc(NC(=O)C2(C(=O)O)CC2)ccc1Cl,-6.76,4.437973974687097,8.212599771083454,2.9942322889181465
Cc1c(C(=O)NC2CC2c2ccn[nH]2)cnc2ncnn12,-5.986,12.790407538464128,8.249547260304652,8.671057259642563
CCNc1nc(NCC2(C)CCC2)cnc1C,-5.18,12.813175757789324,12.921214377913556,3.236391354579974
CC(C)Cc1ccc(C(C)NC(C)Cc2ccncc2)cc1,-5.194,13.217770084246435,12.697610562621614,3.090926560111061
COc1ccccc1C(=O)NCCCC(=O)N1CNC(=O)CC1c1ccc(C)o1,-5.95,4.462129648497452,7.455598567519578,3.0971477200805273
O=C(O)CCCC(CNCc1ccccc1)C1CC1,-4.718,12.767304609822702,12.79106176202742,2.829968904422803
Cc1ccccc1C(=O)NC(CN=C(N)NC(C)c1ccccc1)C(C)C,-5.579,4.841943514746945,7.432180097387307,3.621779811087362
CCCC(C)OC(=O)C(Cl)Cl,-3.428,13.880693426482699,12.555736378245603,3.021430952380014
Cc1cc(C)c(Br)c(CN2CC(O)(C(C)C)C2)c1,-4.535,5.885359632172022,8.180106417400692,3.5710140016527516
c1ccc(N(c2ccc(-c3ccc4sc5ccccc5c4c3)cc2)c2ccc(-c3cccc4c3oc3ccccc34)cc2)cc1,-8.262,10.665802642089343,7.3164233065070805,7.962416027814673
NC(=O)c1cc(NC(=O)C2CC2C(=O)O)cc(C(=O)O)c1,-5.918,11.895402515257734,12.256173138463735,2.7443401757070864
Cc1cccc(C(F)(F)F)c1B(O)O,,,,
COc1ccc(S(=O)(=O)Nc2ccccc2C(=O)Nc2cc(C)nn2C)cc1,-5.391,4.975698041481215,7.297983625632494,6.448780504870669
COC(=O)CC(C(=O)OC)=C1CCCCN1,-4.848,12.566769234771522,12.049502769824157,2.9660542813643844
CCCCN1C(=O)CC(C(=O)NCc2ccc(C)o2)C1c1cccc(F)c1,-5.467,4.475295074070535,7.03341908320555,5.256998573330605
CC1COCC(C)(C)N1C(=O)NCCCOCC1CC1,-4.269,4.538370412383722,8.111482293637827,4.977400727287286
CCN1C(=O)C(NC(=O)c2ccccc2C)Cc2ccccc21,-5.091,3.8624524592543534,7.952993964539392,10.29418772900514
CC(=NNc1nccs1)c1cccc(OCc2ccccc2)c1,-5.636,4.719784846791217,8.077171658445796,3.1031369612055477
CCC(C)N(CC)c1ccc(C(=O)Nc2ccccc2OC(C)C)cn1,-4.891,6.6294647596921426,8.543974543501403,3.496518840218082
CCCC=C(OCc1ccccc1)C(=O)OCC,-4.824,12.637893574484634,12.519145378179774,3.1246126159893812
CCCOc1ccc(N)c(CN(C)C)c1,-4.341,12.841349072430045,12.916675849459102,3.0632743918885232
O=C(CSc1ccc(F)cc1)N1CCCN(C(=O)c2ccc(C(F)(F)F)cc2)CC1,-4.235,11.47130550547757,6.658459281245174,9.834691149192231
COCc1ccc(C(=O)Nc2ccc(Cl)cc2C(N)=O)o1,-5.048,3.4613617262574565,7.4130377713863025,7.417079074676229
CC1(C)OCC(CN2CCCC2c2ccccc2)O1,-5.731,12.718217642421441,12.696035522949673,3.1189616862026375
Cc1occc1-c1nnc(SCC(=O)Nc2c(N)cc[nH]c2=O)n1C,-5.302,4.522355691451081,7.4327140399722085,3.113088659193631
Cc1cccc(OCCNC(=O)c2cc(F)c([N+](=O)[O-])cc2F)c1,-6.026,4.677420763626039,8.200087621483078,3.0744679214459207
Cc1cccc(C(=O)Nc2ccc(NC(=O)c3cn[nH]c3)cc2)c1,-6.041,3.6777888737664104,7.4735761854683735,3.014768481989953
CCOc1ccc(N2C(=O)Nc3c(OC)cccc3C(C)(C)C2=O)cc1,-4.466,12.87808910514289,7.10108569163899,7.8628675430786705
CC1(C)C=CC(n2cc(F)c(=O)[nH]c2=O)CO1,-5.334,12.233213028472937,12.509510022378974,3.170573607409234
CC1OC(=O)C(C)N(c2ccc(Cl)cc2)C1=O,-5.687,13.051712416384296,12.881561784193716,3.0713589826003735
FC(F)(F)c1nc(Oc2ccccc2)n[nH]1,-5.157,12.613463679735238,12.795097537729049,3.042789673966966
Cc1c(N)ccnc1CN(C)C,-4.201,13.65653067217293,12.371287483524098,3.030313845132217
Cc1ccn(-c2ccc(CNC(=O)Cc3ccccc3Cl)cc2)n1,-5.428,12.766583450555595,7.172039737759405,9.279792346814665
CCN(CCNS(=O)(=O)c1cccc(C)c1)C(C)=O,-4.834,12.660070062997281,8.495590444459996,8.130120663311216
CC1CCC(C)N(C(C)CC(C)NC(=O)c2ccc(F)cc2)C1,-4.999,4.6340844834767525,7.996228235862205,3.2350612049851537
CNC1CC(N(CCC(C)C)C2CC2)CCC1(C)C,-4.328,12.531441457390288,13.234482460602681,2.7868989935051465
CC1=C(C)C(C)C(=O)NC1=O,-4.513,16.583997527737395,11.89280610285058,2.9916812998713618
CC(=O)NC1CCc2[nH]c(=O)n(C)c(=O)c2C1,-5.294,12.88298668787638,13.202414551891636,2.9548653099591533
CCCCC1=NNC(=O)CC2=C1N=c1sc(=Cc3cc(Br)c(OC)c(OC)c3)c(=O)n1C2c1ccc(N(C)C)cc1,,,,
CCCCOc1cccc(-c2nnc(-c3ccccc3)o2)c1,-5.269,4.749602509684363,8.22430750884231,5.37355171185688
CCC=CC(N)=CC=C(N)c1ccccc1,-4.645,13.170422962076806,12.723601534156908,2.8404464437830903
Cc1csc(Cc2ccccc2C(=O)NCC(C)C(=O)O)n1,-4.949,10.680373308082448,9.086218850545038,12.850134007083351
Cc1ccc(NC(=O)C2CCCN2Cc2cc(=O)oc3ccc(C)cc23)cc1,-6.731,4.348584137394607,7.444991202143894,2.9230766325910786
O=C(NNC(=O)c1ccccc1Cl)c1ccccc1Cl,-5.602,10.194552908293723,8.60789800125443,12.761857074893136
Cc1cc(CC2(C#N)CCCC(C)(C)C2)n(C)n1,-4.851,13.030690465205595,7.326172875383163,8.805756810178215
CCOC(=O)CNC(=O)C(Br)CC1CCOCC1,-4.348,4.437014086071848,7.305390407089822,2.988918533516764
CN(C)CCNc1cc(C(=O)O)c([N+](=O)[O-])cc1F,-4.679,12.660231040545824,12.405277667186656,3.0581808318018084
Fc1ccc(-c2nc3n(n2)C(C(F)(F)F)CC(c2ccco2)N3)cc1,-5.941,4.687026136048315,7.64146288350601,3.636859909317378
C=C(CC)CN1CCC(C(=O)O)(C(F)(F)F)C1,-4.966,6.414816988815815,8.113946142291061,2.9119728707527477
Cc1ccc(CN(C)c2c(F)cccc2CBr)o1,-5.195,12.601424879750702,12.82884098428225,3.1627484882614367
Cc1ccc(CCCNC(=O)c2ccc(NS(=O)(=O)c3cc(Cl)ccc3C)cc2)cc1,-6.355,4.6214333274429045,8.561813592925274,2.9859037157952697
CC(c1ccncc1Br)N1CCCC1C1(C)CCCC1,-4.242,12.91227985291521,11.710590932997361,9.008695410546412
Cc1cnn(-c2ncccc2CNC(C)C)c1,-4.787,12.915287762957512,12.67349876711242,3.2132990834965858
CC1CCC2C1C(C)CC1C(C)(C)C(O)CCC21C,-4.864,12.750219919671974,13.139351049424016,3.102764412584365
C#CC#CC#CC#CC#CC#CCC#CC#CC#CC#CC#CC#CC#CC(O)OC(=O)CC(=O)CCl,-4.366,6.802626331057734,8.443225509247045,8.836208972178058
COc1ccc(N2CCN(C3CCN(C)c4ccccc43)C2=O)cc1,-5.448,12.726019134041879,6.7682878928130705,7.601988292545577
O=C(Cc1cccc2c1NCCC2)NCc1ccccc1C(=O)O,-5.763,12.776528519124435,11.950931177109172,9.107666440971585
CC(=O)ON(OC(=O)COc1ccccc1)C1CC1,-5.202,12.676592404901248,12.126634693928896,2.8753027666664943
CCNC(=NCc1cccc(C(C)=O)c1)NCc1ccc(CN(C)C)cc1,-5.282,4.457735299454196,8.126732061536174,3.182474037600307
COC(=O)c1ccc2nc(C)sc2c1,-4.733,12.871711968498985,13.156052181410654,3.0510216321750323
Cn1ncnc1CNC(=O)CCn1ccccc1=O,-5.307,12.492304751325914,12.483736539994746,3.1806579508020034
CCCn1cc(CNc2ccc([N+](=O)[O-])c(F)c2)cn1,-5.038,12.98258237023744,8.37694031254849,9.122633939822425
CCOC(=O)CN(CCOC)C(=O)c1ccc(C)c(F)c1,-4.483,5.57412100693912,7.221713993229031,3.6505700924650113
CC(C)(C)c1nc(-c2cnc3n(c2=O)CCCC3)no1,-5.099,12.989309835399261,7.017558122310067,7.523261859060868
COc1ccc(OC)c(C2CC3CCC2C3)c1,-4.879,13.338230054996052,12.872633724300556,3.156060519064867
O=C(Nc1cc(=O)cc(Cl)o1)C1C=c2c(cc(O)c3ccccc3c2=O)=CC1,-5.359,4.387278655385363,7.971929565669782,2.8798392316238774
Cc1cccc(C(C)C)c1NC(=O)C(N)Cc1ccccc1,-4.951,13.153270429820866,12.837284253299059,3.017946652941367
Cc1nc(C#N)ccc1NC(=O)c1sc(N2CC(C)(C)C2)nc1C,-5.255,5.193054592434014,7.817637558751365,3.1467182905369855
CC(C)CC1(C(=O)NC(CO)c2ccccc2)CCCCC1,-5.182,14.302415844884388,7.269492692065932,7.176491761299528
CSC(C)C(=O)N1CCCC(CC(=O)O)C1,-4.655,12.855897207118607,11.891002018333023,2.91528694985588
CCC(C(N)=O)S(=O)(=O)c1ccc([N+](=O)[O-])cc1,-4.734,6.265626704488546,8.357820170355426,2.972049965932605
O=C(c1cc(I)cs1)c1ccccc1Cl,-2.574,13.99683939323446,13.127156051483505,3.0166844382533613
Cc1cccc(N=Cc2cc(I)cc(C)c2O)c1C,-5.325,4.354022278307725,8.403018862289908,6.019588108832697
COC(=O)CC(C(=O)c1ccc(OCC(C)C)cc1)C1CC1,-4.537,6.8919423967412845,7.385010629647056,3.128288190048992
CCC(Oc1ccc(-c2ccccc2)cc1)C(=O)Nc1cccc(Cl)c1C,-6.413,3.746968908331106,8.359873862684772,8.874918591175922
O=C(Nc1cc(Nc2nc3ccccc3s2)ncn1)C1(c2ccc(F)cc2)CCCC1,-6.177,5.563809576180694,8.294378337163069,3.3496580422484934
FC(F)(F)c1cccc(CNc2nc(Cl)ncc2Br)c1,-5.699,12.62200784344551,12.10922660618753,3.1336186749507347
N#Cc1ccccc1CN(C(=O)O)C1CCCC1,22.95,12.50850770475839,11.913506830484465,3.0718808570646092
Cc1onc(-c2ccccc2)c1CCC(=O)NC(C)C,-5.003,4.035495756409614,7.648534173290984,7.715462202616251
CCC(OC(=O)C(COC)NC(=O)c1ccc(C)cc1)C(=O)O,-4.976,3.3543061875744136,7.35005312905968,7.426090357651192
Cc1cc(C)cc(N=C(Nc2ccccc2)c2ccccc2)c1,-5.073,12.960311184535655,7.642063791934742,7.947857258406193
Cc1ccc(C(=O)O)cc1C(=O)c1cccc(NC(=O)c2ccc(Cl)cc2Cl)c1,-6.555,3.5554011025480663,7.822805698724723,2.912875898489326
CCCCNC(=O)C1C=CC=CN1C(=O)CCl,-5.037,13.114599422018197,12.24179280171005,2.8629931889545244
CCc1nc2ccccc2n1CC(C)O,-4.69,12.27343093841327,12.687567260905457,2.9292077427181575
CN1CCN(c2cccc(NC(=O)c3ccco3)c2F)CC1,-5.043,13.829182116090596,7.925902661526951,8.093936743019432
Cc1nc(N(C)Cc2cccc(F)c2)ccc1[N+](=O)[O-],-5.649,12.928334231446835,8.294671241224693,8.39675431342373
O=C1C(c2ccc(Cl)cc2)=C(N2CCN(Cc3ccccc3)CC2)C(=O)N1C1CCCCC1,-6.223,13.116763358389905,7.369957530406807,7.552366913756242
Cc1ccc(NC(=O)c2ccc(CN3CC(C)CC(C)C3)o2)c(C)c1,-5.774,10.931176240460127,8.769779586739908,12.57032346441411
Cc1nc(N2CCCC2)[nH]c(=O)c1C(=O)Nc1ccccc1N1CCCC1,-5.919,12.093115107365843,12.831163509206792,2.8557741507339123
CCN(CC)c1ncc(F)cc1CCC(=O)O,-4.146,7.0001664265930135,8.030581672581382,2.9939749497950046
CCn1nc(C)c(C=C(C#N)C#N)c1C,-4.082,10.887329011286468,9.51067721037782,13.553432111461657
O=c1c2ccccc2nc(-c2cccc(C(F)(F)F)c2)n1N=Cc1cc(Br)cc(OCc2ccc(Br)cc2)c1,-6.092,10.635161728906617,8.38920818671226,11.68420831721174
Cc1ccccc1CC1CCN(C(=O)C(C)OCC(F)(F)F)CC1,-5.418,3.739378557995967,7.558382763528187,7.875483096293204
O=[N+]([O-])c1ccccc1C#Cc1ccc(Cl)cc1,-5.222,12.79460605098883,12.29245431148719,3.079563930169335
Cc1oc(CSCc2ccco2)nc1CC#N,-4.375,4.8926277193344685,8.179968826346466,3.2158546297990522
Cc1cccc(C(CCC(=O)O)Cc2ccc(O)cc2)c1,-5.53,12.427130400860852,12.354507922212038,2.9276524725451964
Cc1ccc(C)c(N(CC(=O)N(Cc2ccc(F)cc2)C(C)C(=O)NC(C)(C)C)S(=O)(=O)c2ccccc2)c1,,,,
NC(=O)N1CCN(N)CC1,-3.984,13.08349456376239,12.801664383977577,3.121917840046404
C#CCOc1ccc(C(=O)N2CC(C)C2)cc1,-3.131,13.383297986669803,7.095945955262061,7.539613318997202
COc1ccc(NCCc2ccc(C)cc2)cn1,-4.986,13.345042899893578,8.222778301766379,8.827052339257992
Cc1cccc(CN(CC(=O)NC2(C(=O)O)CCCC2)C2CC2)c1,-5.239,4.514302271669455,7.415027039734919,4.7909927989927095
CC(O)(CCc1cccs1)c1ccccc1F,-4.89,12.600653713200757,12.657779821121869,3.0754071275198673
CCc1nccn1CC(C(=O)O)c1ccccc1,-4.228,12.571805956186248,11.34591653415448,8.794489695258049
Cc1cc(I)ccc1NC(=O)c1cccc(Cl)c1Cl,-5.298,10.571787597185256,8.59813450697301,12.571419211847166
CC(C)(C)c1cccc(Nc2ccccc2C(=O)Nc2ccc(F)c(C(F)(F)F)c2)c1,-5.786,3.996816358052994,8.537190170073522,9.626576026812442
CCOC(=O)C=Cc1nncn1CNCc1ccc(O)cc1,-4.676,12.444465356133225,12.621019451692481,3.0814970387783926
CC(=O)N1CCC(C(=O)NC(C)C(F)(F)F)C1,-5.765,12.2594594905322,12.310235213024972,2.8989718867212217
Cc1cc(C)c2oc(N3CCCC(C(=O)Nc4cccc(C(F)(F)F)c4)C3)nc2c1,-6.689,10.389100586672553,6.784533366415113,8.773017724819663
O=C(O)CC1CCC(c2nccs2)CC1,-5.051,12.564307143651018,12.299842844524479,3.0361207156501533
CC(=O)c1ccc(I)c(I)c1OCC(=O)Nc1ccc(C)c(Cl)c1,-5.635,4.5973246567976895,7.161141110186279,5.231446262746087
CN1CCN(CCCNC(=O)c2cc(C(F)(F)F)c(F)cc2Cl)CC1,-4.962,12.569024385368976,8.959316156939657,8.846338112462128
Cc1ccc(NN=Cc2cc(C)cc(C)c2)cc1,-5.405,12.507797487967256,7.202833956159201,8.227921547997402
Cc1c(-c2ncn[nH]2)csc1C(=O)NCc1ccc(Cl)s1,-5.103,5.526290347059228,8.342157394822996,2.9882334246172935
COC(=O)C(C(=Nc1ccccc1C)c1ccccc1)c1ccccc1,-5.237,12.567547970865279,12.65133957334163,3.22017468470268
Cc1csc(CC(C)(C)CCl)n1,-3.768,13.391472659868295,12.89011295528476,3.4259030926166023
CCNC(=O)C(C)OC(=O)C1CCN(Cc2ccccc2)C1,-5.26,4.517220052200247,8.259219394107411,3.6368830060918924
CCCNC(=O)c1ccc(F)c(Nc2ccc(OC)cc2N)c1,-5.09,7.7041340201219235,8.67916153784454,3.429696342243727
CN1CCN(c2ccc(NC(=O)C3CCN(S(=O)(=O)C(F)(F)F)CC3)cc2)CC1,-5.991,5.917641844518811,7.105142503848884,3.168046716827265
NC1Cc2c(F)ccc(-c3ccccc3)c2C1,-5.989,12.829998674980446,11.881345630861851,2.9814256656841205
CCC(SCc1ccc(Cl)c(Cl)c1)C(=O)Nc1c(C)cccc1C,-4.931,3.9355266483661366,8.309274456894537,9.293622598319775
OCC1CC1c1ccc(OC(F)(F)C(F)F)cc1,-4.78,11.931700214135452,7.172001533742168,9.83921023253391
CCOc1ccccc1C(=O)OC(C)C(=O)NC1CCCC1,-4.895,4.359407069774512,7.002994859344108,4.930647219179242
CCc1ccc(NC(=O)C(C)OC(=O)c2ccc(C)c([N+](=O)[O-])c2)cc1N,-5.692,4.523174217294753,8.215831120464927,3.566175542510492
CCCc1nc(=O)[nH]n1-c1ccc(CC)cc1,-4.933,12.964336851532362,12.755982361229574,2.8444871242457754
CC(C)(C)c1ncc(CN)cn1,-4.306,12.687945302530272,12.605905124186839,3.124288238943392
Cc1noc(C)c1C(C)C(=O)N1CCCC(C(=O)O)C1C,-5.016,5.594957998055033,7.453006507443825,2.860008916070018
CC1(c2ccccc2)NC(=O)N(CC(=O)NCCc2ccc(Br)cc2)C1=O,-6.257,4.572579250270026,7.805650837694445,3.469718432380356
C[N+](CO)(CO)CC(=O)O,-4.042,7.5950361421128205,8.136115412160768,2.9503315067971596
O=C(O)CC1(c2ccccc2)CC(=O)Nc2c1cnn2-c1cccc(Cl)c1,-5.755,7.201431663218085,7.482763393292614,3.0378803465574475
COC(=O)c1ccc(-c2nnc(N)s2)cc1C,-4.709,13.57157536913088,7.107822592046033,8.092896267715284
CC1(O)Cc2cc3ccsc3cc2C(C(=O)Nc2c(F)cccc2F)C1,-6.312,3.2444181296497527,7.4139364038275914,7.263616798813111
CC(=O)N(C)N=NC1CC1,-3.698,13.177553263030282,12.187859943402698,2.9993467622133987
BrCC1CCC(Br)O1,-3.1,12.88777734910097,11.863084506147633,9.183299679309176
CC(OC(=O)c1ccc(F)cc1)C(=O)Nc1ccc(C#N)cc1,-5.727,3.7054643433718266,7.924308045501511,9.658876383927895
Cc1n[nH]c(C)c1C(c1ccccc1-n1cccc1)c1c(C)nn(C)c1C,-4.436,13.0856914987325,11.967870863273886,8.973179648262928
Cc1ccc(F)c(NC(=O)N(C)C(C)C(=O)O)c1,-5.595,12.698021735687808,12.249580809154246,3.0208464045694208
Cc1nc(C(=O)Nc2ccc3c(ccn3C(C)C)c2)n2nc(-c3ccncc3)ccc12,-6.624,12.7519513016636,7.747509793475578,7.523285585434066
Cc1cc(=O)c(Br)cn1CC(=O)N1CC(c2ccccc2)CC1C,-6.026,3.7973414384276802,8.696847302327436,10.188633372538243
COc1cc(C=C2C(=O)C(=O)N(c3cccc(Cl)c3Cl)C2=O)cc(Br)c1O,-5.586,3.491575432380059,8.9182160211558,9.65874220589824
O=[N+]([O-])c1cc(C(F)(F)F)ccc1NN=CC(c1ccccc1)c1ccccc1,-5.715,13.2177534399761,7.295068539773975,7.608276151665369
COc1ccc(O)c(C2OC(Cn3ccnc3)C=C(c3ccccc3)C2C)c1,-5.841,4.480253006248642,7.822268021488397,4.968368041922821
CC1C(=O)OC(=O)C1Cc1ccc2c(c1)CCC2,-5.331,12.74040854917926,13.296898021719201,3.226540872203543
COc1nccc(C(=O)OCCC(C)(C)C#N)c1F,-5.278,12.292768158555665,12.501915853180265,3.049361572526289
Cc1nn(C)c(C)c1C(=O)NC(C)c1c(C)oc(C)c1C,-4.749,12.78962520952041,11.728311813726647,8.941545783587982
CN(CCn1nc(-c2ccc(Cl)cc2F)nc1C(C)(C)C)Cc1cccc(Br)c1,-5.647,4.887237563286647,8.409117135585637,3.675257405951318
O=C(CNCC1CC1)NCCC(=O)N1CCOCC1,-4.682,12.176453054974589,12.278099730821541,2.899412699151329
Cc1cc(C(=O)c2ccco2)c(C)n1-c1ncnc(N)c1N,-5.626,13.007796508248429,12.760976647576783,2.8013371807049574
CC(Nc1ccc(Cl)cc1C(N)=S)c1cc(F)ccc1Br,-4.941,13.621682274961488,7.330938616575642,7.090881891556227
NC(=O)CCCSc1nnc(Cc2ccccc2F)o1,-5.015,3.573406498007188,7.263024920788856,3.3591917182560453
COCCCS(=O)(=O)c1cc(C)c(OC(F)(F)F)c(OC)c1,-4.797,12.198231265228578,12.282394717643623,2.8164426143630195
O=C(NN=Cc1cccc(OC(=O)C2C3CC2C2CCCC23)c1)c1ccco1,-6.211,11.598288925526903,7.0069018117852915,9.667936749896535
O=C(CCCOCC1CC1)Nc1cccc(Cl)c1C(=O)O,-4.987,4.453640084245696,7.370343614784862,3.7082974530099393
CC1Cc2ccccc2N1C(=O)CNC(=O)c1cccc(O)c1,-5.918,12.095182594735807,12.559139540589554,2.943271818911736
CCN(CC)C(=O)c1cc(C)nc(Nc2ccc(Cl)c(F)c2)c1,-5.051,12.276665752556758,7.228816223974712,9.092009128899948
CC1=C(C(=O)Sc2ccc(Cl)cc2)C2CCC(=C1)C2(C)C,-5.403,12.669587956993709,12.67959545884647,2.958225312581853
CCc1c(Br)ccc2c1CCC2C(=O)O,-4.924,12.74498897606428,12.526581337300293,3.0461730088752352
CC(C)OC(=O)c1c(NC(=O)c2cnc(Nc3cccc(F)c3)s2)sc2c1CCC2,-6.179,8.21139074700504,7.728796413413929,2.999809493951241
COc1ccc(Cl)cc1NC(=O)NC(C(=O)O)C1CC1,-5.202,5.896284423261822,7.829854979499938,2.9577966461540255
O=C(CSc1nc2ccccc2[nH]1)Nc1ccccc1SC1CC(=O)N(c2ccccc2)C1=O,-5.925,4.81109384651765,7.200011180546873,5.082397662521106
CCCCCCC=CCC=CCCCCCCCCCC(=O)OCC(COCCCCCCCCCC)OC(=O)CCCCCCCCCCCCCC,,,,
O=C(Cc1c(-c2ccccc2F)nc2ccc(Cl)cn12)NC1CC1,-5.07,11.550831009065972,8.567395111701106,12.195029684260716
NC(=Nc1cccc(O)c1)c1ccoc1,-5.385,12.406725474515829,12.726953170338923,2.924890083404845
Cc1ccccc1C(=O)N1CCCN(C(=O)c2cc(Cl)ccc2OC(F)F)CC1,-4.033,4.651565112948544,7.993507678109779,10.009244776705183
CCc1noc(C)c1C(C)(CC(=O)O)C(N)=O,-4.889,12.836221757199429,11.875444118010915,2.990465849997287
CC(CBr)CN(C)Cc1ccc(Cl)c(Cl)c1,-3.979,12.936716855524047,13.017686852893643,3.315920083476078
O=C(O)CC1(CNC(=O)c2cc(F)c(Cl)c(Cl)c2)CC1,-5.065,5.44420875793719,7.401208887742596,3.028539251850634
CCC(C)(C)c1cc(N)c(Oc2ccccc2)c(Br)c1,-4.878,12.573051697976908,9.887209414187605,8.76229941282538
C=CCOCC1(C)C2CCOC2CN1C(=O)OC(C)(C)C,-4.726,12.780343422615841,12.76311262976238,2.8644645223845933
Cc1c(C(F)(F)F)ncc(C=O)c1C#N,-5.303,12.71131377946434,12.514008230778819,3.03884780796933
Cc1nnc(NC(=O)c2ccc(CN(C)c3ccc(Cl)cc3)cc2)s1,-5.841,4.373792061815467,8.395839207607539,2.9483315620872763
Cc1nc(N2CCCCC2)ncc1C(=O)N1CCOC(C)C1,-5.115,7.847266912753764,8.480718012055348,3.112880820076478
CSC1(CN2Cc3nccc(N)c3CC2=O)CCCC1,-4.622,4.371549953963696,7.9566974304669875,4.8916938784024495
CC(C)=CC(=O)OC1OC(COP(=O)(O)OP(=O)(O)OCC2CC(n3ccc(=O)[nH]c3=O)C(O)C2O)C(C)C(C)(O)C1C,,,,
CCCN(CCC)c1nccn(CC)c1=O,-4.54,12.880062461028674,12.815476190918542,3.1553194766932866
CCOc1ccc(NC(C(=O)O)c2ccco2)cc1,-4.567,7.920587351958186,8.223312349655703,3.008259463543661
CCC1CCC(c2noc(CC(C)C)n2)CC1,-4.976,4.688199441150088,8.415393989588367,5.416887390374661
COc1ccc(C2=NC(C)C=C2)cc1,-4.499,12.440155384881653,12.70143873740294,2.8580502094959765
OS1(O)CC(c2ncon2)CO1,-4.792,16.349368825737585,12.12251665290669,2.8059942979272066
COC1=C(C)C(=O)C(C=CC(C)=CC=CC(C)=CC=CC(C)=CC(C)=CC=CC=C(C)C=CC=C(C)C(=O)Nc2cc(C)ccc2O)=C(C)C1=O,,,,
CCOC(=O)Cc1csc(NN=Cc2ccc(OCc3ccccc3)c(OC)c2)n1,-4.958,4.337099145742462,8.307453400410983,5.536101606726524
COc1ccc(C(C)=NN=C(N)N)cc1NC(=O)c1cc(C)on1,-5.548,3.3593244856667237,7.752455352983336,2.8159257802719164
Cc1ccc([N+](=O)[O-])c(C(=O)NCCC(C)C)c1,-5.2,12.975972487640377,12.249207811119868,2.907667965913577
Cc1ccc(C(C)C)cc1NC1CCCc2sccc21,23.83,12.779636536302588,12.880736547263126,3.295872873761972
Cc1cccc(N2C(=O)CSC2c2ccc(NC(=O)C(Cl)(Cl)Cl)cc2)c1C,-5.217,12.700490305496084,7.336496575341666,7.754192930279721
Cc1ccc(CNc2ccc(C(=O)N3CCCC3)nn2)s1,-5.417,4.525509695050935,7.611557593554685,4.158960206590104
CCC(C)C(CC)C(C)(C)C,-3.621,12.721712856372763,11.693981486217602,9.18142243881633
CNC(=O)C(C)NC(=O)C(C)Cn1cc(Cl)cn1,-3.931,5.4630292878585225,7.908533302705376,4.783518161353628
CC1(C)Cc2cc(NC3CCN(C(=O)OCc4ccccc4)CC3)ccc2O1,-6.04,4.212921670290108,8.31412418718893,3.5944114956415336
CCCCOc1cc(C(=O)N(C)C)cc(NCCCCNC(=O)c2cccn2C)c1F,-5.044,4.605955384065286,7.913021483605362,3.3990984098728303
COC(=O)C(C)C1(C)CC(=O)NC(C)(O)C1,-5.266,13.235474037600618,12.869785312894695,2.7178274411742924
CCc1c(C)c(C)[n+]([O-])c(C(C)=CCCC=O)c1C,-4.459,13.626955456007039,7.286437263848499,7.835091958617971
CC1=C(C(=O)Nc2ccc(Cl)c(C(F)(F)F)c2)C(c2ccco2)C(C#N)=C(N)N1,-5.904,5.065405215774944,7.741328051439236,4.203606308873369
Cc1nc2c(Oc3ccccc3C(=O)NCC3CCCC3)nccn2c1C,-5.627,4.710943536065786,8.403095798573284,3.5655285723157517
CCOC1CCC2(CCCN(c3sc(C(C)=O)c(C)c3C#N)C2)C1,-4.86,3.9006366147079126,7.842372982713842,3.170392720153135
O=C1CCC(c2ccccc2Cl)=NN1C1CCCC1,-4.816,14.798068421250122,8.719214012742203,8.897093514176413
CC(=O)c1ccc(CCC(=O)NCCNC(=O)c2ccc(C)o2)o1,-5.233,12.787948623606525,11.988697760807886,3.0421313252389353
CC(NC(=O)c1cc(Cl)nc(C2CC2)c1)C(=O)N1CCCC1,-4.939,11.517647329207472,6.861067191042512,7.970592512479859
O=C(c1ccc2nccnc2c1)N1CCN(c2cccs2)CC1,-5.361,4.663129099649719,7.961675577414594,3.2725795635858876
CCOCCN(C)C1CCCC(C(N)=O)CC1,-3.419,12.239173746621951,12.586658412779778,2.9429007798429083
CC=CC1=CC(c2ccc(CCCCCC)s2)C(C)C(C(F)(F)F)C1,-4.993,12.971409676669687,7.3719797205364035,8.336203512390998
O=C(Nc1cccc(Cl)c1F)C12CC3CC(CC(C3)C1)C2,-5.11,12.937512975838905,13.12436554657024,2.933769418342212
O=C(O)c1cc(-c2ccc(OC(=O)c3c(F)cccc3Cl)cc2F)on1,-6.481,4.100560083695884,7.518114856797546,2.8713933899763715
COc1ccc(C(O)Cc2ccc(C)c(C)c2)nn1,-5.402,6.877688129015445,8.000738153445592,3.1409097408235085
CCNC(=O)NCC(C)(O)C(=O)O,-4.915,13.075103288310958,12.727365556154973,2.8355777189137314
Cc1c(C(C)NC(C)CO)cccc1[N+](=O)[O-],-4.462,10.635656491256194,9.146811028987099,13.098955072829284
Cc1cc(Br)ccc1NC(=O)Cc1c(NS(C)(=O)=O)noc1C,-5.988,4.829373768926982,7.052058635604215,2.8479181870271484
CC1CN(C)CC1CN=C=O,-4.36,13.796162147495949,11.864082138960434,3.0092253155920377
COc1ccc(C=Cc2cc(C)[nH]n2)cc1,-4.877,12.857292327702595,7.457722775754003,9.102713496534976
COc1ccc(C=C2CC(C)(C)CC(C)=C2C)cc1,-5.331,12.974329770743458,13.292103106732206,3.097839408361899
COc1ccccc1C(C)NS(=O)(=O)N1CCCCC1,-4.65,4.682674556276572,7.811966525785936,5.941989818234293
CNC(c1ccc(SC)cc1)C(OC)C(C)C,-3.954,4.762691046036893,7.394386316659414,7.4736922601884
CNC(=O)c1ccc2c(c1)CC(C)CN2C(=O)COC,-5.576,12.906531292334126,12.130341709943707,3.001211255476695
Nc1ccn(CC(O)CC2CCC2)c(=O)n1,-5.049,12.927038253211755,12.714531764874394,2.8312663244562497
O=C(C1CC1)N1C2CCC1CNC2,-4.395,14.605865191764574,12.674697235042737,2.895061484666603
CSC(C)(C)Cn1c(NC2CCNC2C)nc2ccccc21,-4.262,13.803459023013037,7.250575011680108,8.002882293274093
CC(=O)c1cc(C)c(N)c(C(=O)OC(C)C(=O)NC2CC2)c1,-5.163,7.761065970599656,8.172182756155175,3.1854046838667136
COc1ccc(C(O)=C2C(=O)C(=O)N(c3ccc(C)cc3)C2c2ccccc2)cc1,-6.073,3.525714962954322,8.125120614489363,8.272390525114249
Cc1ccc(C)c(C(=O)Nc2ccc3c(ccn3C)c2)c1,-5.787,3.615096125969543,7.772142690403978,9.189966594063332
CN(Cc1cccc(Br)c1)S(=O)(=O)c1ccccc1,-4.692,12.591750037226754,12.98407674807878,3.2792300925674613
COc1ccc(C=CC(=O)C(F)(F)F)cc1,-4.375,12.875704407914931,7.342043652825826,8.824672855126131
CCCNC(=O)C1C2CCC3(S2)C1C(=O)N(C(C)c1ccccc1)C3C(=O)Nc1ccc(OC)cc1,-5.902,4.129756772498835,7.322051693343881,3.595519851148094
CC(=O)c1ccc(OCC(=O)NC(C)C(=O)NCc2ccco2)cc1,-5.975,12.638966848599612,8.415235884988608,4.499216153953931
ON=Cc1ccc(OCCCCCc2ccccc2)c(Cl)c1,-4.726,12.020615000905735,12.53543238185265,3.012216459685458
COc1cc(-c2n[nH]c(C3CC3)c2C(=O)O)ccc1F,-5.189,6.020941952884116,7.34928874109597,3.11757517952655
CC(CS(C)(=O)=O)NC(=O)NC1CC1(C)C(=O)O,-4.739,12.764525294737757,13.33928296423762,2.958600513756462
Cc1cc(Cl)ccc1OCc1ccc(C(=O)Nc2cccc(F)c2)nc1,-6.102,4.254843945434427,7.717765868436279,3.2736966872329525
CC(C)CNC(=O)c1ccc(C2CCN(S(C)(=O)=O)CC2)cc1,-5.46,4.660600175943007,8.275422949916216,2.8799531246185244
Clc1ccc(Cl)c(Nc2c(Cl)cccc2Cl)c1,-4.185,13.478195910432524,7.049442673006144,7.409681234709089
CC(c1ccccc1Cl)N(CCC(N)=O)CCc1cccs1,-5.261,12.751336753454519,12.779178220840338,3.025904988594321
CC(CN(C)C1c2ccoc2CC1C)C(=O)O,-4.364,13.67539399798046,12.164234871129379,2.8834800155367817
CC(=O)N1CCN(c2nccc(-c3ccc4c(c3)NC(=O)CC4)n2)CC1,-5.979,5.0252367108425835,8.151630818431364,2.929452679255973
O=C(c1ccccc1)C1CC2Cc3ccccc3C1N2,-5.961,12.830323690382874,12.77355189444189,3.1019521272901684
COc1cccc(CC(=O)Nc2nc(-c3ccc(CNC(=O)c4ccccc4)o3)cs2)c1OC,-6.526,3.219496078581242,7.265787293886326,2.941840240393757
CC(=O)NCC(NC(C)CC(F)(F)F)c1cccs1,-5.356,12.069515690366371,12.415280987557228,2.890378175948607
CCC(=O)Nc1sc(NC(=O)Cn2c(C)nc3ccc(C)nc32)nc1C,-5.484,4.031733250104724,7.396861564204104,2.977103458061207
CC1CN(C(=O)C=Cc2cn3ccccc3c2N)CCO1,-5.142,12.40902353128561,13.557825821273852,3.3683147121372135
CC1(NC(=O)c2cc(C(=O)Nc3ccccc3Br)cc(Br)c2O)CC1,-5.595,10.792933892135169,8.721562130719475,12.549505607791886
Cc1ccc(CCC(=O)Nc2ccccc2NC(=O)c2ccc(C)nc2C)cc1,-6.923,4.559675536702146,8.172894835980701,3.525829689590806
Cc1n[nH]c(C)c1C(=N)N,-4.276,16.04159309420358,13.307667977523336,3.033912655301731
CC(C)CC(NC(=O)C1CC(=O)Nc2ccc(Cl)cc21)C(=O)O,-5.248,7.009566249062777,8.153749382952606,2.924979487107559
Cc1ccccc1NC(=O)C1=NN(C)C(=O)CC1,-5.309,12.868598136549295,12.209618093945444,3.0916722012529076
Cc1ccc(N(CC(=O)N2CCCCC2)S(C)(=O)=O)cc1,-5.515,12.230259195945113,12.548739538296266,2.9790577369362947
COc1ccc(CN2C=CN(N)C2c2nc(C)no2)cc1,-5.318,12.210440983027599,12.76159398351162,2.883380481310089
Nc1cc(Br)nc(Nc2cc(Cl)cc(Cl)c2[N+](=O)[O-])n1,-5.929,12.593115817779173,12.266198514617313,2.8675081516885004
O=C(Nc1ccc(Cl)cc1)C1CCN(c2cc(N3CCOCC3)ncn2)C1,-5.941,4.429397588837562,8.073069057056307,3.010183715323701
COC(=O)c1ccc2c(c1)C(=O)N(Cc1ccc(C)c(C)c1)C2,-5.976,13.079407402478141,8.840321996398094,9.211727905230376
Cc1ccc(N2CCN(C(=O)c3cccc(F)c3F)CC2=O)cc1,-5.698,4.40564569614943,7.894394530298063,3.4912489169350276
OC1CCCC1CN1CCN(CC2CC2)CC1,-4.936,12.801293450272906,12.650173951373159,3.0828598735589647
CC(=O)Nc1ccc(NC(=O)c2ccc(NC(=O)c3cncc(OC(F)F)c3)cc2)cc1,-6.682,12.196263444186501,7.093347446727814,8.682910168831647
CCC1(CC)CNCC(CN(C)CCS(C)(=O)=O)O1,-4.253,12.25753164385065,12.606618737790082,2.8255252609028294
COC(=O)c1c(C)[nH]c(C2CCC(C(=O)O)S2(=O)=O)c1C,-5.405,4.969668399400506,7.849717638233875,2.9583490328221913
Cc1cc(C)cc(C(=O)N2CCNC(=O)C2c2ccc(F)c(F)c2)c1,-5.636,8.029495002800614,10.862328157443967,5.223603832604458
CCc1ccc(C(=O)N2CCCC(n3cccc3)C2)[nH]1,-5.154,12.745897614526802,13.120605969237854,3.4192918857564645
COc1cc(NC(=O)c2ccccc2Cl)c(C(=O)Nc2ccccc2F)cc1OC,-6.078,12.772689223495576,6.564853235221638,7.107646445905986
CCC(=O)c1ccc(OC(=O)C(C)NC(=O)OC(C)(C)C)cc1,-5.023,6.622200691613022,8.372642414435242,2.969091611924428
C=CCOC(=O)C=CCOC(C)CC,-4.048,12.605102855589875,12.094035637453697,2.785744245260142
COc1cc(-n2nc3ccc(C(=O)O)cc3n2)cc(Br)c1Br,-5.503,4.792782594693817,8.022524976589352,2.812515777733522
O=C(Nc1ccccc1)c1cc(OC(=O)c2ccccc2Br)c[nH]1,-5.717,4.39533445826367,8.250599796378443,3.4568670787289473
[C-]#[N+]c1ccc(N=C2C(=O)C(=Cc3ccc(Cl)cc3Cl)C(O)=C2c2ccon2)c(C)c1,-5.603,4.1669106061925545,8.59036704687291,3.6741177172213746
CCNC(=O)C(Cc1ccccc1)N(Cc1ccccc1Cl)C(=O)CCc1ccc(CC)cc1,-4.59,4.8373751146670445,7.160081284454807,8.422972693770292
Cc1cnccc1OC1OC(CO)C(OC2OC(CO)C(O)C(O)C2O)C(O)C1O,-5.042,6.6813622862407325,8.255912669111755,2.8267560913527725
COc1ccc(SCCNS(=O)(=O)c2cncn2C)cc1,-4.621,4.716306817839569,7.7432828309445085,3.1948225302823947
CC1(C(=O)Cc2ccc(Cl)c(Cl)c2)CCCC1,-4.544,11.792267296834819,8.729286396951355,12.387893969517174
CC(=O)NC(COCc1ccccc1)C(=O)NC1CCCCCC1,-3.026,14.336189207735785,8.520731247962232,8.737474806830631
CCC(=O)ON1CCC2CCCCC21,-4.741,12.321957068582897,12.639765425038552,2.8349858906174474
CCOC(=O)C1CCN(c2ccc(C(F)(F)F)cc2NC(=O)c2ccc(OC(C)=O)cc2)CC1,-5.305,13.228009298454548,7.380931919480087,5.76430585586851
CC(C)(C)n1c(NC(=O)c2ccccc2)nc2ccccc21,-5.67,3.7744581068015566,7.554307512935913,6.859431900675157
CCC=CCCC=CP(=O)(c1ccccc1)c1ccccc1,-4.937,12.596580686837203,12.970542394210044,3.296113468920632
CCOC(=O)C=CC(C)N(Cc1ccc(Cl)cc1)C(=O)CC1OC(C)C(O)C(O)C1O,-5.554,5.791444034090289,7.255675295932143,2.8151547026762134
CCC1=CC(=C(C)c2nc3ccccc3[n-]2)C=C1,-5.891,12.975660175883151,12.639771556479966,3.3688515847392266
Cc1cc(C(=O)OC(C)(C)C)n(C2=C3CCN=C2c2ccc(cc2)S3)n1,,,,
COc1cccc(C(=O)OCC(=O)Nc2c(C)cccc2C)c1,-5.46,3.768171970597945,7.9342057573521485,9.948000251306793
NCC#Cc1ccc(Cn2cc([N+](=O)[O-])cn2)cc1,-5.067,5.839988869852407,8.23252531122741,3.00133120464903
CNC1(C(=O)Nc2ccc(OC(F)(F)F)cc2)CCCC1,-4.955,4.041477081464151,7.606067380716528,4.605903494429731
CCNC(=O)C(C)OC(=O)c1ccc(NC(=O)c2ccc(OC(F)F)cc2)cc1,-5.506,4.592258159119542,7.9265928998529995,2.9209768913841128
CCN(CCCCN1C(=O)C=CC1=O)C(C)C,-4.298,12.749222093916162,13.282610097416846,3.2574623558837943
COc1ccc(C(=O)C(C)OC(C)C)cc1F,-4.809,12.427674802633033,12.715361143121338,3.2693023720665546
CN(Cc1cc(N)ccc1C(=O)O)CC(C)(C)C,-4.432,12.714053208949537,11.89272618031711,9.053218101868529
CC(C(=O)OC1CCC1)S(=O)(=O)c1cccnc1C(F)(F)F,-4.706,11.391449468790178,8.776067513413967,12.511798831503006
COc1ccccc1OCC(=O)Nc1nc(CC(=O)NC2CC2)cs1,-5.231,11.934798238763822,12.55184078133562,2.9661095731614506
O=C(C=Cc1cccc(Br)c1)NC1CCC(CO)CC1,-5.13,4.792767676405773,7.921515511567215,2.8345082465923435
CCc1cccc(C2c3ccsc3CCN2Cc2ccco2)c1,-5.483,12.752518692399553,12.776302947253559,3.2753268539185525
O=C(O)c1ccsc1NC(=O)C1CC1(Cl)Cl,-5.077,12.852378456923839,12.191595916860106,2.7070120058839784
CC(=O)c1ccc(NCCC(=O)NCCNC(=O)Nc2ccc(C)cc2)cc1,-4.209,4.636419092359965,7.459121261918189,6.396867123834917
N#Cc1ccc(OC2CC2CN)cc1Cl,-4.384,10.959589818966768,8.550275141771756,12.340964427466762
COC(=O)c1ccc(Cl)c(NC(=O)c2cc(C)c(-c3ccc(F)cc3)o2)c1,-6.363,4.749171085568513,8.296404884044655,2.969049342803181
Cc1c(F)cc(C(C)CCCN)c(F)c1O,-4.843,13.049073032211906,11.674593183490378,2.7653965357611923
Cc1ccc(C)n1-c1cccc(C(=O)NCC2(CC(=O)O)CCCCC2)c1,-5.732,4.6665029733195285,7.79813836758492,2.952717731175805
Cc1cccc(OC2CCN(c3ccc(C(F)(F)F)nn3)CC2)c1,-5.563,5.094886161633055,8.021999813014208,3.077805874320211
CCCCCCCCC1=CSC(C)(S(=O)(=O)c2ccc(OC)cc2)C(=S)N1,-4.745,5.2912436156351745,8.567066300665589,3.357591100774483
CCC1CN(C(=O)C(C)(C)F)CC(=O)O1,-4.027,7.404297535890896,7.507573909060103,3.0958735439290805
CC(NC(=O)CSc1nncn1C)c1cccc2ccccc12,-5.884,4.8621484962925585,7.096706700998709,3.297591545355488
CC(OC(=O)c1ccc(OCC(=O)Nc2cc(Cl)ccc2Cl)cc1)C(=O)Nc1ccc(C#N)cc1,-6.155,10.933788364514834,7.42837997143388,7.612887691277206
CCN(CC)C(=O)CNC(=O)C1(CN)CC1,-3.838,7.344497396010159,7.853519274821957,3.0303389249389254
CC(=O)NC(C(=O)Nc1ccc(Cl)cc1)C1CCC(C)CC1,-5.389,10.094541544815197,8.745827519451776,12.505953982003932
C=CCN1C(=O)C(=Cc2coc(-c3ccc(OC)cc3)n2)SC1=S,-5.257,4.487977495487249,7.590023320122277,3.4774077989214915
CC(=NNc1ccc([N+](=O)[O-])cc1)c1ccc(OCc2ccc(F)cc2)cc1,-5.916,4.45257229026099,7.897595773398383,2.9323045544417803
CCOC(=O)c1cc(C)n(-c2ccc(N=Cc3ccc(Cl)cc3Cl)c(C)c2)c1C,-5.874,5.558156169090609,8.75036964933482,3.1558936927596286
Cc1nnc(COc2cccc(Cl)c2C=O)o1,-5.652,12.268160864612105,12.139633725940827,2.941415645569323
COc1ccccc1OC(=O)NC(C)(C)C(C)O,-5.114,12.72960557126575,13.19390381956758,2.704340769947456
Cc1ccc(C2(C)NC(=O)N(C3CC(=O)N(c4ccccc4C)C3=O)C2=O)cc1,-6.402,12.623514922556236,7.326230886342581,7.916636533275985
Cc1cc(Nc2ccc(N)cc2S(=O)(=O)O)nc(NCC(=O)O)n1,-5.641,4.156335164540993,7.89460695665085,2.7992522215763267
Cc1ccc(C(=O)CCC(=O)NC(C)(C)CC(=O)O)cc1,-5.414,4.690357022658295,8.081006434844609,2.981179967730898
CCC(=O)Cc1nc(-c2ccc(C)cc2)no1,-5.332,4.376815851735141,7.717033432608672,5.088270727860302
O=C(Nc1ccc2nonc2c1)c1ccc2ccccc2c1,-6.643,5.203458369200238,8.041328745922529,4.100849180352772
CN(C(=O)c1ccc(NC(C)(C)C)nn1)C1CC1,-4.227,4.30399907063187,7.422318977246936,5.378956497314325
O=C(c1cc(-c2ccc(F)cc2)no1)N1CCN(C(=O)c2c(-c3ccc(F)cc3)nnc3ccccc23)CC1,-7.343,4.341866534107192,7.9739097687395475,6.7840980977577265
CCCCOc1ccc(C(=O)N2CCN(C(=O)Cc3ccc(F)cc3)CC2)cc1,-5.305,5.370143014855376,8.132409360085116,2.943212360669886
C=C(C)C(=O)N(CC)c1ccc(C)cc1C,-4.211,12.597372305365909,11.595439534575652,9.021716632659219
CCN(Cc1nnc(Cc2ccc(C(C)(C)C)cc2)o1)CC(F)(F)F,-4.765,13.425463939842079,7.0720929716739445,7.100461534294794
Cc1ccc(OC(=O)c2cccs2)n1CCOS(=O)(=O)C(C)(C)C,-4.728,5.619600252687018,7.307721190631181,3.3107718133389987
Cc1noc(C)c1C(CC(C)C)NC(=O)N(C)Cc1ccc(F)cc1,-5.25,4.983534288032941,8.416406418418731,5.1446334174555135
[N-]=[N+]=C=CC=O,-3.028,16.96231667550161,11.971960115202522,3.0451285687143
COC(=O)C=Cc1ccc(C(=O)c2[nH]c(C)c(C#N)c2C#N)cc1,-5.431,12.47041803629694,8.437714086172866,7.973295805374338
O=C(NCC1(C(=O)O)CC1)C1CC(=O)N1Cc1ccc(F)cc1,-4.941,3.556341519033289,7.446598888083069,8.790877714995244
Cn1cc(C2CCCCC2Nc2nc3ccccc3cc2C#N)cn1,-5.18,4.724230096005063,8.392338946920578,5.331089663474063
Cc1ccc(S(=O)(=O)N2CCOCC2CC(=O)O)cc1F,-5.841,3.2261229052842975,7.694599469757994,4.48397413016623
CC(C)CCSc1nnc(-c2ccc(N)cc2)o1,-4.855,13.18102917074384,8.58685844765127,8.95033239606217
Cc1c(C(=O)NCC(O)c2ccncc2)cnn1-c1cccc(Cl)c1,-5.792,4.45487811281072,8.055620956822633,3.363428905150218
O=C(NCC1COc2ccccc2O1)c1ccc(=O)n(Cc2ccccc2F)c1,-5.798,10.069017032461511,8.502025229320365,12.69290152014109
O=C(O)c1ccc(C(=O)ON2C(=O)c3ccccc3C2=O)cc1,-6.226,5.3214781781005165,7.675010032566732,3.061477584435333
COc1ccc(Cl)cc1N(C)C(=O)CN1CCN(C(=O)c2ccc(C)cc2)CC1,-5.716,7.303668187972398,7.615758990409295,3.672414600776987
CCCCCCCCCCCC(=O)OC(CCC(=O)O)SSC(C)(C)C,-4.119,12.441368453671002,12.265198082379266,2.837979739180673
Cc1cc(C(C)C)oc1C(=O)N1CCc2c(N)ncnc2C1,-5.477,5.545481223482772,8.3637012739576,3.285821206334879
NC(Cc1cnc[nH]1)C(=O)N1CCc2c(F)cccc21,-5.902,12.703982800681052,12.318915983153714,2.8920978544993954
Cc1ccc(SCc2ccc(Cl)c(Cl)c2)c(CN)c1,-5.677,12.455226493323998,12.772091058241012,2.9830249747529773
CCN(CC(C)C)S(=O)(=O)N1CC(C)CC(C)C1,-3.997,8.070688818186461,8.521200384922302,2.8119238965519675
C#CC(=C=C=C=C=C=C=C=C=C=C=C=C=O)CCCCF,-5.18,12.582799926884318,7.105467894516166,7.595271884534482
CC1CCN(c2ccc(OC(=O)c3ccccc3)cc2)C1=O,-5.593,13.136058046461274,12.600238132670352,3.2583772034557326
CC(C)c1cc(N2CCC(NC(=O)OC(C)(C)C)C2)nc(C(C)C)n1,-5.41,4.371121823971508,8.251238816080892,2.958274666084946
Cc1cccc(-c2nc(N)nc(NN)n2)c1,-5.103,10.708018957771788,9.26811982011454,12.61612067951159
CCOC(=O)N1CCC2(CCC(c3ccc(OC)c(N)c3)C2)CC1,-5.498,7.00223178708046,8.259030269953003,3.030003465344553
Cc1nnc(-c2ccc(OCC(O)CNCc3ccco3)cc2)o1,-4.651,5.415502654417223,7.80883307543451,3.0502375317342105
O=C(CN1C(=O)c2ccccc2C1=O)N(CCc1cccs1)CC1CCCO1,-4.935,7.343220887321856,8.177249170717497,3.334746467124599
Cc1cc(C)n(-c2cc(=O)n(C)c3nc(-c4ccccc4)nn23)n1,-5.4,4.480552309704686,8.38409368983911,4.637267622210302
COc1cc(OC)cc(C(=O)Nc2nnc(-c3ccc(C)cc3)o2)c1,-5.999,4.630312516450698,8.472397240450897,3.0679168828376033
COc1ccc(-c2nnc(-c3ccc(C)o3)o2)cc1,-5.237,12.44898586231023,12.390541110056494,2.8381483400273493
CC(NC(=O)COc1ccc(F)cc1Cl)c1cnn(C)c1,-4.861,4.283446859714732,8.112084688907037,3.5835150341529194
CCc1cccc(CC)c1NC(=O)CCn1c(=O)oc2ccccc21,-5.883,12.622449920677047,12.159274197089232,2.9979949966602675
NC(COCCc1ccco1)C(=O)NC1CCOC1,-5.164,12.557952898462393,12.330323961680813,2.8511504695473375
CCC(C)CS(=O)(=O)Nc1cccc2cc[nH]c12,-5.621,12.678514463453517,12.218242344952895,3.039585662553369
Cc1ccc2c(c1)C(c1nc3cc(Cl)ccc3o1)C(N)C2,-5.534,11.03284383103468,8.578297849806802,12.524483622089974
Cc1ccc2nc(-c3c(NC(=O)c4ccccc4)sc(C)c3C)[nH]c2c1,-6.104,12.707602330888388,7.735671399432631,7.314900614499146
Cc1oncc1CC(C)NC(=O)C(C)CC(C)C,-4.249,4.340703629597394,7.321000546373426,7.377489952551612
CC(C)n1nnnc1-c1ccc(NC(=O)NCC2CCC2)cc1,-5.545,5.240082251262855,8.370014157694118,2.889443198957196
COc1cc(C)c(S(=O)(=O)N2CC3(CCC2=O)CCN(c2ccc(Cl)cn2)CC3)c(C)c1,-6.169,12.961786219499224,7.15100615298295,7.414729866960764
CC(=NNC(=O)c1nnn(-c2ccc(C)c(C)c2)c1-c1ccccc1)c1cccs1,-6.02,14.693875016482208,7.326977139311955,7.459720705227508
O=C1C=C(Nc2cc(Cl)ccc2Cl)C(=O)N1c1cccc(Cl)c1,-5.432,4.012914402276729,8.768172272486439,9.853963517285823
Cc1cc(C)c(C(=O)OCC(=O)N2CCN(S(=O)(=O)c3c(C)noc3C)CC2)c(C)n1,-5.874,4.720953717205878,7.196589817406574,3.0500554093327548
CC(=NNc1nnc(C)o1)c1cc(F)ccc1O,-5.612,11.796188960846635,12.525817418436212,3.0043799693114717
CSc1ccc(N2CCC(c3n[nH]c(C)n3)CC2)cc1,-5.002,12.654416620295065,13.471570695356945,2.802340628831549
CCN(Cc1ccc(-c2ncccn2)cc1)C1CCN(c2c(Cl)ccc(OC(C)C)c2Cl)C1,-5.803,4.058045342279951,8.02640592046029,3.965631349482702
O=C1c2ccccc2S(=O)(=O)N1CCOc1ccc(Br)cc1,-5.796,4.298737256451015,7.436487611769416,4.817460741926186
CN(Cc1ccc(C(=O)NC(C)(C)C)cc1)C(c1ccccc1)c1ccccc1,-5.209,13.986180393517024,8.7143870122918,9.05217681002752
Cc1cccc(N2CCN(C(=O)NCCC(=O)O)CC2)c1,-5.592,4.668302689415072,8.195231845408644,2.989171289839376
CCCCCCC(C)OC(=O)c1cc(C)cc(N)c1,-4.431,13.128166284748223,8.458508970261839,8.839912556128596
CC(=O)c1cc(C)n(Cc2c(C)ncn2-c2nonc2C)c1C,-6.147,12.402863338761739,12.229824651236827,3.016616150589929
CCCCCCc1nc(C(=O)OCC)[nH]c(=O)c1CC,-4.805,12.754063548532288,12.40371013044081,3.0658429509679714
Cc1ccc(CN(CC(=O)NCc2cccc(C)c2)S(=O)(=O)c2ccc(C)cc2)cc1,-4.582,7.125098244936696,8.105479936438064,2.841336657279457
CCOc1nccnc1C(C(C)N)N1CCOCC1,-4.034,9.715611457854827,8.303975734550287,2.904815484673682
CCc1ccsc1C(=O)NC1CCC(C(=O)NC2CCS(=O)(=O)C2)CC1,-5.21,3.6977265988712578,7.7681816405127915,3.106798995751094
COc1cccc2cc3ccccc3nc12,-5.09,12.775527112413014,12.690939169344404,3.34243563887175
CC(CC(=O)NCC1(C(=O)O)CC1)C(C)(C)C,-4.868,6.933126495312198,7.412034875794905,2.962355312922472
CNC(=O)c1ccc(NCCCN(C)C)c(N)c1,-4.068,12.202107277023917,12.304348580887977,3.2054121419873605
Cc1ccc(C)c(S(=O)(=O)Nc2ccc(C(=O)NC3CC(N)C3)cc2)c1,-5.835,14.830711648467851,7.555265581036844,8.933309912904623
Cc1cccnc1NC(=O)C1CCc2ccccc21,-5.599,13.08107163041316,12.112588162733843,3.173309471198799
CCNC(=O)c1ccccc1NC(=O)c1ccc(COc2cccc(Cl)c2)s1,-5.332,3.4189913717352374,7.44557546466356,6.149683650400239
O=[N+]([O-])C1CCc2ccccc21,-4.532,14.121458741928894,11.662127893313468,2.730720417765246
CCn1cc([N+](=O)[O-])c(C(=O)NC2CCS(=O)(=O)C2)n1,-4.771,4.879451301119829,7.585751709619819,3.193843609195666
O=C(Nc1nc(-c2ccc(F)c(F)c2)cs1)c1cc(-c2cccs2)no1,-6.52,4.522562547936734,8.24385474156356,3.272257477644447
O=C(c1ccc(CN(Cc2ccco2)C(=O)c2cccs2)o1)N1CCCC1,-5.277,4.380633515828505,7.5736000686595535,4.35118443644946
O=C(CN1CCCCCC1)N1CCCC1C1CC2CC(C2)C1,-3.249,10.969458327556563,10.091205378942597,13.525158002773942
Cc1cc(Cl)ccc1OC1CC(C)CC(C)C1,-5.047,12.652867698668157,13.360607358948918,3.243178379306325
Cc1cc(S(=O)(=O)C(=O)c2ccccn2)no1,-5.605,12.605336211303529,12.343078789345872,2.8957149376276665
CC(C)C(N)C(=O)NCC(=O)NCc1ccc(F)cc1,-4.923,12.727698024387598,12.569628037455999,3.0120355243589008
COCC(=O)Nc1cccc(C(=O)N2Cc3ccccc3C2)c1,-5.63,13.022005260327614,12.61716473697637,3.115684355001321
Cc1cc(C)c(C(=O)NC2(C(N)=O)CCCC(C)C2)o1,-5.14,12.952148161598524,12.948688080265121,2.886189875943716
CCN(CC)C(C(=O)NC1CC1)c1ccc(OC)c(OC)c1,-4.115,13.168059879876003,6.8419661647804135,7.968827454525541
CC(C)=CCc1ccc(C)cc1C(=O)O,-5.19,12.672533882377275,13.174726486724497,2.8237956724947364
CC(C)=C(C(=O)NCC(C)C)C(F)(F)F,-4.247,12.6722776563647,12.304258043457965,3.020297170809521
CC1=C(C(=O)OCC(C)C)C(c2ccccc2O)n2nnnc2N1,-4.98,6.6578629454202485,7.166756937415974,2.938295254054636
CC(=O)c1cccc(NC(=O)c2cccc(N3CCCC3=O)c2)c1,-5.696,4.523806030324465,8.258315264023286,4.972831989922845
CCN(CC)C(=O)CNC(=O)C(N)c1ccccc1,-4.28,14.250207612522704,11.753189992508416,2.5485670483626675
Cc1ccc(NC(=O)c2cccnc2Oc2cccc(Cl)c2)cc1,-5.915,12.854858070006063,6.896826879079974,7.815130453165833
CCOc1ccc(NC(=O)c2ccc(-c3ccco3)nn2)cc1,-5.571,6.57108826603326,8.341285092837913,2.9797625744344143
NC1C2CC12C(=O)Nc1ccc(C(F)(F)F)c(Cl)c1,-4.928,6.362401590594544,8.02751686388761,3.043985216784076
C=C1CC1C1=CCC=CC=C1,-3.334,15.168166500932141,12.732636843953417,3.1810573713782655
CCOC(=O)C(F)(F)S(=O)(=O)Nc1ccnc(C(=O)O)c1,-5.654,12.574436806473681,12.030586934975366,2.748655125693291
CCC(C)C(C)N(CC)CCO,-3.764,13.685180707612158,12.838508441403931,2.7080546523288636
CCOC(=O)c1cnn(-c2cccc(NC(=O)C3CCOC3)c2)c1C,-5.805,12.446344603938943,12.329083745355938,2.8827523306728944
O=C1NC(c2ccc(Cl)cc2)C(=O)N1c1ccc(Cl)c(Cl)c1,-5.366,3.8492135560397265,8.550968307741526,9.816961546221926
Cc1ccc(NC(=O)CC(C)C)cc1C(=O)NCC1(c2cccc(F)c2)CCCC1,-5.761,12.083656483035258,8.463682590929317,8.81354105907495
CC1(CC(=O)NCC(=O)Nc2ccc(C(N)=O)cc2)CCCC1,-5.632,12.969687197461626,8.566866638392359,8.94026738973729
O=C(O)c1ccnc2c(Cl)ccnc12,-5.05,13.094187260002052,12.667018749492716,2.861732691919356
CC(C)(C1CCS(=O)(=O)C1)C(N)C(=O)O,-4.438,12.98435381526551,12.271438546478567,2.890648543147368
COCCN(C)c1ccc(C(=O)N(CC(=O)O)C2CC2)cc1,-4.409,4.7883789532575625,7.7033196091035965,3.1299793929034103
CCn1nnc2cc(C(=O)N3CCCC(CC(N)=O)C3)ccc21,-5.607,12.628641613411952,8.121971435556762,8.465742082062269
CCC(CC(=O)O)NC(=O)N1CCCC1C(N)=O,-4.708,12.611773309094959,11.760541271557189,2.729669943418068
CC(NCc1ccco1)c1ccc2occc2c1,-5.664,12.614435778107557,12.767922031403545,3.166147343381226
CCCN(C(=O)Cc1ccc(Cl)cc1)c1ccccn1,-4.386,8.123385870436046,8.424219904537155,3.148529339231254
NC(=O)c1cccc(NC(=O)COc2ccccc2Cl)c1Br,-5.308,13.187449108906545,8.592688170764722,8.961737666323424
O=C(O)CC1CCN(CC(=O)Nc2ccc(Cl)cc2)C1=O,-6.107,4.468774552380104,7.442377375543381,3.038495844986463
O=C(O)C1CCCC(NCC=Cc2ccccc2F)C1,-5.916,11.945615471795499,8.138442418546685,8.377720513361615
Cc1cc(N2C(=O)CCC2C(=O)NC2CC(C)(C(=O)O)C2)no1,-5.311,3.6637763305092736,7.902861570342733,4.404049954303425
O=C(O)CC1(NC(=O)c2ccc(=O)n(-c3ccc(F)cc3)c2)CCC1,-5.54,5.000539570886326,7.324117216429567,4.277661160026586
CCCCCOc1ccc(C2C(=C(O)c3ccc(OC(C)C)cc3)C(=O)C(=O)N2CCN(C)C)cc1,-4.373,12.65591837837144,6.895208916341838,8.052664900515854
Cc1ccc(NC(=O)c2ccc(Cl)cc2Cl)c2c1CN(C)C2=O,-5.679,10.367480600415899,8.447640203038954,12.487999799807813
CC(Cc1ccc(C(C)Nc2ncc(Cl)cc2[N+](=O)[O-])cc1)C(N)=O,-5.611,4.668288123070383,8.27930443938378,3.1455686290399067
O=C(CC1CCCCCC1)NC1CCN(S(=O)(=O)c2ccc(Cl)cc2)CC1,-3.997,5.1893430220019185,8.60260431497346,3.0468464024298956
S=C(Nc1ccccc1Cl)Nc1cccnc1Cl,-4.515,11.352271887159855,8.653568281350765,12.424010463614396
NC(=O)c1ccc(S(=O)(=O)Nc2ccc(Oc3ccc(C(F)(F)F)cn3)cc2)cc1,-6.192,11.852365206995607,7.18526401741787,9.322609827725282
COc1ccc(N2C(=O)N(C)C(=O)C23CCCCC3)c(Cl)c1,-4.909,6.876717094660794,7.446404232916716,3.377771602699036
CC(C)CN(CC(C)C)C(=O)CCCC(=O)O,-4.17,6.381399611370535,7.264387241880763,2.963839739257169
Cc1nc(NC(=O)c2nn(Cc3ccccc3)cc2Br)sc1C,-5.326,3.6457883921039627,8.457694898729795,5.4054152476937425
CC1(O)CCC(O)C(O)C1,-4.162,8.993368946062427,8.264307714503374,2.999254240640497
COC1(C)CNC(c2ccc([N+](=O)[O-])cc2)C1,-4.952,12.838654563465754,10.990373151080904,9.385893138108914
C=Cc1cc(C=C2C(=O)NC(=O)N(c3cc(Cl)ccc3C)C2=O)cc(OC)c1O,-5.227,5.379853250786678,8.13218451586042,3.7709258810005792
CC1CCC(CN)(NCc2ncon2)CC1C,-4.736,6.2374138070197,7.436643933926109,3.1122503112699658
CC(C)CC(=O)Nc1ccc(NC(=O)c2ccccc2NC(=O)c2cccs2)cc1,-5.46,8.72302413157272,11.694464032182065,4.868704447797174
Cc1cc(-c2c(N)n[nH]c2C)ccc1Br,-5.009,12.479156542010362,12.759695725212259,2.985413371712534
Cc1ccc(CO[N+](=O)[O-])c(C2NC3=NC2=CC=CC=C3O)c1,-4.578,4.551978141423792,7.83166534014318,3.171284124767127
NC(=O)C(OC(=O)c1c(-c2ccccc2)nc2ccccn12)c1ccccc1,-5.185,10.232833331976046,8.735890567080153,12.96634489746436
CCCCC1N=C2c3ccccc3N=C(SCc3nnc(-c4ccc(OC)cc4)o3)N2C1=O,-6.611,5.339008241237319,7.753538933932039,2.957980899194584
CC1CN(C(=O)CCOc2ccc(-n3cnnc3)cc2)CC(C)O1,-5.515,4.73558803106858,7.576121501137637,3.1029729293050563
O=C(c1ccco1)N(Cc1ccccc1Cl)c1ccc(F)cc1,-5.142,3.699918647754299,8.716052145323593,8.726361211868324
CC(C)n1ccc(CC(CN)c2ccc(Cl)cc2)n1,-5.357,12.821807750859472,12.673964888699984,3.1353958282806977
CCc1cc2ccc(OC(=O)c3ccccc3F)cc2oc1=O,-6.284,3.8227766086968775,8.145719980455993,3.2687841776415887
CN(C)C(C(N)=O)c1ccc(C#N)cc1,-4.895,12.757293325780356,12.513948257844126,3.069431869255287
CCCc1nnc(NC(=O)c2ccc(C(=O)n3nc(C)cc3C)cc2F)s1,-5.729,4.5574670596725095,8.266304313295029,2.9387961821126694
CCN(C)C(=O)c1ccc2c(=O)n(CC(=O)NC(C)c3ccc(C)cc3)c(C)nc2c1,-5.707,4.699639347864896,8.281183731810327,3.1526934516378216
COc1ccc(CNC(=O)c2cc(=O)[nH]cc2[N+](=O)[O-])cn1,-5.087,7.140530092367093,7.497685376167767,3.276025946173198
CCc1ccc(S(=O)(=O)Nc2ccc(N)cc2F)cc1Cl,-5.55,12.906398219487883,12.401096846650299,2.9061226746302364
CCN(CC(=O)Nc1cccc(Cl)c1C)S(=O)(=O)c1ccc(Cl)c(Cl)c1,-4.868,6.988239835609535,8.481075285599108,2.859868528446719
Cc1cccc(C(=O)NCc2ccccc2S(=O)(=O)NC(C)(C)C)c1,-5.431,6.829079806240369,7.435623242203709,2.841357774022835
CC(=O)N1CC(C)N(C(=O)CSc2nnc(C(C)C)n2C)c2cc(Cl)ccc21,-5.424,5.196065145857968,7.821406842761729,3.0723520306110754
Cc1nnc(SC(C)C(=O)Nc2ccc(C#N)cc2Cl)n1C1CCCCC1,-5.457,10.685745317945772,8.913014922011518,13.313010591147293
CC1CN(C2CCC(C(=O)O)CC2)CC(C(=O)N(C)C)O1,-4.962,4.686771383372567,8.280493403173509,2.9167276184107425
CCc1ccc(CN(C)C(=O)c2cnccc2-c2cnccn2)cc1,-5.761,12.503895273073908,12.521223782043032,2.889922144280015
COc1ccccc1Oc1nc(C2CC2)cc(=O)n1-c1cccc(C)c1,-5.105,4.313579603994808,7.9057713728642565,5.653481847498937
Cc1cc(-n2c(C)cc(C=C3C(=O)NC(=O)NC3=O)c2C)ccc1C(=O)O,-5.82,4.711739912176816,8.083999628896576,3.233319037769084
COc1cc2[nH]c(=O)n(C3CC(C(=O)N4CCN(C)CC4)C3)c2cc1OC,-5.532,5.4826647718057675,7.530588954391283,3.3322432384206304
Cc1nn(C(C)C(=O)Nc2nc(-c3ccc(CO)cc3)cs2)c(C)c1C,-5.911,3.9559469157206837,8.104359690931787,2.8048395676045352
O=C1CCC(N(C(=O)OCc2ccccc2)c2ccc(Cl)nc2)CC1,-4.751,11.520892934143601,8.228703725374974,11.778090889443838
CC(C)c1cc(C(=O)NCC#CCO)c2ccccc2n1,-5.388,4.88891051257844,7.373428307103826,5.273566724712981
O=C1C(O)=C(c2cccc(Br)c2)C(=O)N1c1ccc(Cl)c(Cl)c1,-5.609,7.964746449197237,7.677993878611781,3.0642122968227903
COc1ccccc1CNC(=O)CC(=O)Nc1cccc(C(F)(F)F)c1,-5.809,4.512361909244426,7.163496422837103,3.0760863121830626
NC(=O)CCC(=O)NCC(=O)OC(C(=O)Nc1ccccc1C(N)=O)c1ccccc1,-6.158,3.809338000230486,7.09611407743703,2.812351862765398
O=C(Nc1nccs1)C1CCCN1C(=O)OCc1cccs1,-5.027,5.038278376588573,7.502495451514781,3.184301807304075
Cc1ccc(C(C(=O)NC(C)(C)C)N(C(=O)COc2ccc(C)cc2C)C(C)(C)C)cc1,-4.491,11.39160484743041,8.089054703733929,11.831464068322228
O=S(=O)(CCC(F)(F)F)NCc1ccc(CCl)s1,-4.408,12.569598800279985,8.062659858880318,8.220572729439233
CN(CCC(CN)CO)CC(F)(F)F,-4.156,13.273136705391082,12.537028714970706,2.919285186479732
CCNC(=O)CCN(C(=O)c1sc2ccccc2c1Cl)c1ccc(OCC)cc1,-4.919,13.099769501788952,7.401121739304116,7.637758309870769
Cc1ccc(C(C)(C)C)cc1Oc1cc(Cl)cnc1C(=O)O,-5.35,12.760521697799037,11.759095245808668,2.9221160141240117
Cc1cccc(C(=O)NC2CC(C)N(C)C2=O)c1,-5.107,3.4043209308171867,7.504955762694408,9.802118291471492
CCSc1nc(=O)c2c([nH]1)NC(=O)CC2C(=O)Nc1ccccc1F,-5.588,7.690566364059281,11.972100651097117,8.09383098415083
Nc1ncccc1NC(=O)c1ccc(COc2ccc(Cl)cc2)o1,-5.958,4.540181604297343,8.47976043293677,3.5239809874629016
CCCC(CO)NC(=O)c1ccc(N2CC(N)CC2=O)cc1,-4.888,6.950130790136255,8.378494733542535,3.029281432947424
O=C(NCCNS(=O)(=O)c1cccc(Cl)c1)c1ccn[nH]1,-5.756,4.915896662868331,7.428422241633818,3.373404511765525
Cc1ccnc(NS(=O)(=O)c2ccc(NC(=S)Nc3cccc(Cl)c3)cc2)c1,-6.062,4.038066864230952,8.275216794743203,2.921891681770562
CCCOc1ccc(C)c(Oc2ncnc(N)c2C(C)O)c1,-5.562,12.507033900969487,12.686903286460412,2.940902412525788
COc1ccc(C(=O)Nc2ccc(=O)n(C)c2)cc1,-4.956,12.84158222338665,12.95442225651148,2.87998211800004
O=C(O)CC(C(=O)O)C1=NCCc2ccccc21,-5.108,14.431965250789652,12.005683404121566,2.903214425425721
CCn1cc(NC(=O)CCc2cccc(N)c2)c(C)n1,-4.978,13.888307816289212,8.394243801558302,9.102405671030048
Cc1ccc(Cl)cc1N1C(=O)C(=O)C(=O)c2c1n(C)c(=O)n(C)c2=O,-5.562,3.8391469104476847,7.941148594504448,5.738840126715502
CCC1CCCC(Cc2ccccc2Cl)C1,-4.75,12.875807430992435,7.235597141908883,9.99906140595206
CCC(C(=O)NC)N(Cc1ccc(Cl)cc1)C(=O)CN(c1ccc2c(c1)OCO2)S(C)(=O)=O,-5.714,5.074505788744358,7.112812242706817,3.1653306304397337
CC(Cc1ccc(Cl)cc1)C(=O)NCc1ccccc1CN1CCCC1,-5.481,4.302604560031051,8.193776052590161,5.364589919089809
CCCNC(=O)N1Cc2[nH]nc(Cc3ccccc3)c2C1,-4.864,4.763244797404392,8.44798928739851,5.247380489348948
CCOC(=O)C1CCCC12CCCC2N,-4.795,15.3431855232217,12.812263383180975,3.0872139543607924
Cc1ccc(C2c3c(oc4ccc(C)cc4c3=O)C(=O)N2c2ccc(Cl)cc2)cc1,-6.361,12.803170544829902,6.327366829890614,7.662880724636134
CC(c1ccccc1)C1(C(=O)O)C2CC3CC(C2)CC1C3,-5.373,12.742581724281779,12.143555451349494,2.698694869747226
Clc1ccc(Br)c(-c2ccc3ccccc3c2)c1,-5.369,4.316214429335039,8.19610059723525,7.190157995482435
COc1ccc(CN(C)C(=O)Cc2ccc(OCCF)cc2)cc1,-3.982,6.5563948935371466,8.499860116496036,3.2112380789969466
CC(NC(=O)c1ncc(Br)n1C)C(F)(OC(C)(C)C)C(=O)O,-4.916,7.398929449589311,8.20038846640816,2.992726014856689
CSC1(CNc2ccc(C(=O)O)cc2Cl)CCCC1,-4.748,12.280530811003246,9.88869713359652,8.752178528800702
COc1cccc(C(C)NC(C)c2ccc(F)cc2F)c1,-5.5,12.689236265433788,7.971863332998127,8.914345573288037
Cc1cnccc1CNCc1ccc(Br)c([N+](=O)[O-])c1,-4.735,6.641004592680237,7.265212591521324,3.2213236409898336
O=C1NC2(CCCC2)OC(=O)C1=Cc1ccc(-c2cccc(Cl)c2)o1,-6.213,4.228221020713085,7.45397685802686,3.478060522762651
O=C(c1cccc(Cl)c1)C1CCCN1Cc1cccs1,-4.36,11.12524503100943,8.621386315436746,12.504639059165202
CCC(C)C(C)CNc1ncnc(N)c1C#N,-4.294,10.988860677977494,9.299144745620428,12.852643113383332
COc1ccccc1N1C(=O)CC(N(Cc2ccc(Br)cc2)C(=O)C(C)C)C1=O,-5.208,4.69295482611968,7.68060088795141,5.99711872485446
C=CC(=O)NC(C(=O)OC)C(C)CC,-4.147,12.241300257734062,11.24364500506842,8.67198189573756
Cc1cn2cc(C(=O)N(C)Cc3c(C)nn(C)c3C)ccc2n1,-5.853,13.089215828306905,12.407921139336759,3.064930341785927
CN(c1ccccc1)C1CCCN(Cc2ccccc2CC(=O)O)C1,-5.344,10.13641869695604,8.491832605509838,12.772396368732064
Fc1ccc(-c2ncc(-c3ccncc3)n2C2CCCNC2)cc1,-4.842,4.301853786450674,7.848586815471942,5.670613723398906
CCC(C)n1nc(C)c(C(=O)C(C)Sc2ccccc2N=[N+]=[N-])c1N,-4.998,5.915635130736175,7.919635913348541,3.1453594389195016
CCOC(=O)CCNC(=O)N1CCN(c2cccc(C)c2)CC1,-4.969,4.504538267125722,8.307488730055551,3.160786136390755
CC(C)(C)CNCC(=O)NCC1CCCCC1,-4.293,12.56924377200156,12.484833559162892,3.0066709164788885
COCC(C)N(C)CCCCCC#N,-3.967,12.672946815954054,12.04741889368839,3.095323892583779
CCOc1ccc(NC(=O)C(Cc2ccccc2)NC(=O)c2ccccc2Cl)cc1,-6.061,4.628415927723005,7.408630102792283,6.983381630700131
CC(Nc1nc(C(=O)NC2CC2)ccc1C#N)c1ccccc1,-5.324,12.502760855107164,12.81643226486997,3.208529102252308
Cc1ccc(Oc2cccc(F)c2)c(C(=O)Nc2ccc(C)c(C)c2)c1,-6.116,10.016278400683559,8.549695374690257,12.35041582295916
C#CCNC(=O)c1ccc2c(C)nc(C(F)(F)F)n2c1,-5.442,12.02865765578188,11.83920829278715,2.8013839436964014
O=C(NCc1cccnc1)c1cccc(S(=O)(=O)Nc2cccc(C(F)(F)F)c2)c1,-5.681,3.6591304978095542,7.257857879567496,6.113398154872624
Cc1nc(Nc2cccc(Cl)c2)c2c3c(sc2n1)CCC3,-6.024,12.765802990803204,13.018932406307362,3.243499036534465
CCCCCC(C)n1c(C)ccc(CC)c1=O,-3.876,12.72335101299968,11.753723580210657,8.959107544839497
Cc1nc(Cl)nc2sc(C(=O)NCc3cnn(C)c3)cc12,-5.39,5.506166179838744,8.604023128746226,3.331344923600677
CCOc1ccccc1C(=O)NC(CCSC)C(=O)OCC(=O)NC1(C#N)CCCC1,-5.38,4.3746119827934455,8.332396053957108,3.2245365558479864
CCOc1cc(C(=O)Nc2ncccc2C)cc(Cl)c1OCc1ccccc1Br,-5.739,4.556848582079505,7.862845604486966,3.3771036406956787
O=S(=O)(Nc1ccccc1Cl)c1cnc2ccccc2c1,-5.471,14.017345469096494,8.40386298079639,9.134666167956002
Cc1ccc(OCc2cccc(C(=O)Nc3c(C)nn(C)c3C)c2)c(C)c1,-5.914,3.841716933872145,7.924645796500938,7.50776311560241
Cc1ccc2nc(NC(=O)c3c(Cn4ccnc4)sc4ccccc34)sc2c1,-5.972,4.915745416516198,7.968287206169216,7.727132521187921
O=C(O)c1cnc2[nH]cc(C(=O)c3ccc(OC(F)(F)F)cc3)c2c1,-6.141,12.408327687484725,7.979978320772557,8.362729040211693
COc1ccc(N2CC(C(=O)Nc3cccc(Cl)c3C)CC2=O)cc1,-5.589,4.626477493731057,7.8014216012211515,9.665410751747698
Nc1c(Cl)ccc(Nc2nc(Cl)nc(Nc3ccccc3)n2)c1N=Nc1ccccc1,-6.527,4.2866643208910125,8.028293654320326,4.057473598188903
Cn1ccnc1CCSCC(N)C(=O)O,-4.204,7.785201474592677,7.777201939000941,3.252665522306282
O=C(NC1CCCN(c2cccc(Cl)c2)C1)C1COc2ccccc2C1,-6.045,12.935065558395907,7.284447130702508,8.133113241557625
COC(=O)c1cc(C(=O)OC)cc(S(=O)(=O)N2CCN(C)CC2)c1,-5.077,6.462500135396517,7.255107304513145,2.9905599810069012
Cc1cc(C)c(NC(=O)CN2CCCC2c2ccc3c(c2)OCCO3)c(C)c1,-6.598,4.700386047975208,7.438872831282975,3.000024833230551
CCC(C)(CNC(=O)c1ccc(C)c(Br)c1)C(=O)O,-4.993,7.161033863905407,8.161101518790218,2.981509349306153
Cn1cc([N+](=O)[O-])cc1C(=O)Nc1cnn(CC(C)(O)c2ccc(Cl)cc2)c1,-6.054,4.1047225241178005,7.4347051723656135,2.9802813625562257
COc1ccc(C2CCCN2C(=O)c2cn(Cc3cc(=O)n4cc(C)ccc4n3)nn2)cc1,-6.097,6.373923281621767,7.193364025266621,3.0951113065607188
CCN=Cc1c(O)[nH]c(=O)c(C#N)c1C,-5.451,12.533476133938262,12.469985404963392,2.8129239236068933
CC1CC1C(=O)N1CCC(CC(=O)N2CCCC2)CC1,-4.729,4.9210792515463515,8.4646755992182,3.4113859353641027
ClCCC#Cc1ccc2[nH]ccc2c1,-4.861,12.700398025258893,12.888470739385646,3.397494370856264
CC(C)(C)OC(=O)NCc1ccc2[nH]ccc2c1,-4.752,13.430921375691243,7.458566618325535,7.990253875816462
NC(=NO)c1ccccc1O,-4.893,14.333583710991471,12.022251536214005,2.9396715802960025
Cc1ccc(N(N)C(=O)C2(c3ccccn3)CC2)cc1,-5.777,12.494079798048354,12.363267124833953,2.8960968561151406
N#Cc1ccccc1Cn1c(CN2CCCC2)nc2ccccc21,-5.918,4.292568694849274,8.332139041086627,5.726525473618361
CCC=CCC=CCC=CCC=CCC=CCC=CCCCCCCCCCCCCCCCCC(=O)NC(CO)C(O)C=CCCCCCCC,,,,
Cn1nnc(-c2ccc(Br)c(S(N)(=O)=O)c2)c1N,-5.369,5.67284575852367,7.416654367030999,2.954929948408253
CC(C)C(=O)OCC(N)CO,-4.208,7.514020894301532,8.269800723112981,2.9101979314129127
Cc1c(Cl)cccc1N=Cc1cccn1-c1cc(Cl)c(Cl)cc1Cl,-4.946,12.781912572068391,7.46161631283732,8.058179571094206
CN(CC1CCCN1C)C(=O)NC(c1ccccc1)c1ccccc1,-5.057,4.564514760628998,7.205284935379031,8.3509675487335
Cc1cc(NC(=O)CNC(=O)c2c(-c3ccccc3Cl)noc2C)no1,-5.91,4.7971627030985715,7.855816507531218,2.863389599757603
COC(=O)CNS(=O)(=O)c1cccc(C=CC(=O)O)c1,-5.113,5.327809399743951,7.860815542931917,2.8122192304299465
CC(C)CCn1c(-c2cccs2)nn(CC(=O)NCCCN(C)C)c1=O,-4.784,4.533063202736093,8.386566460715612,2.900929850927113
Cc1cccc(NCC(O)CON=Cc2ccc(Cl)s2)c1,-5.246,3.657331540891528,8.363470870398245,8.876473060850238
COC(=O)CC(C(=O)N(C)C)N1C(=O)c2ccccc2C1=O,-4.992,12.523523984885406,12.262483394484171,2.953386700044544
CC(=O)Nc1cc(Cl)ccc1NC(=O)Cc1ccc(C)cc1,-5.677,3.7425757173369245,8.50787376493093,9.792565802689303
S=c1[nH]nc(-c2cccnc2)o1,-3.893,7.478255210943258,8.302135809537205,3.271774747747772
COc1ccc(C(Cc2ccccc2)C(C)CCN)cc1,-4.922,3.7093698925828353,8.06287944843528,5.383361217678041
CCc1ccc(C(C)Nc2nc(C3CCCO3)nc3ccccc23)cc1,-6.131,5.023506146109508,8.137334698781904,5.363558333792969
CCCOC(=O)c1ccc(NC(=O)CC(=O)Nc2cccc(Cl)c2C)cc1,-5.346,5.004436631629978,8.510319970482897,3.0862012248069632
Cc1ncccc1OC1CC(O)C1,-4.495,13.785375765643822,12.601449162695534,2.8061263335780158
COc1ccccc1-c1ccc2c(=O)c3c(oc2c1)CN(Cc1ccco1)C3=O,-6.385,3.9379172159912152,7.911958354288777,3.075931566208845
COC(=O)c1ccn(CCn2cc(Cl)cn2)n1,-5.096,12.012044830086175,12.242199189688101,3.1849593403998115
CC(NC(=O)COc1ccc(C(=O)N2CCCC2)cc1)c1ccco1,-5.186,4.429978103783359,7.280377050675328,8.363946795622267
CCOC(=O)Nc1cc2c3c(c1)c(C(=O)Nc1ccc(C(F)(F)F)cc1)cn3CCC2,-6.085,9.211945722810137,8.294549897372368,9.539167783407523
Cc1ccc(CN2Cn3c(N)c(c(=O)n(C)c3=O)C2=O)cc1,,,,
COc1ccc(COC(=O)c2cccc(C#N)c2)cn1,-5.33,12.712302859828348,8.255756839926912,9.02314806483857
CCc1ccn(Cc2ccc(N)cc2C(N)=O)n1,-6.072,12.560148924276337,11.92663858763231,2.7730382254848194
Cc1ccc(C(CN)N2CCN(CC3(C)CC3)CC2)o1,-4.564,4.097588681163594,8.093713115746072,3.560306447484541
COc1cccc(C=C(C#N)C(=O)NC(C)C)c1OCc1ccc(F)cc1,-5.241,4.338918183141968,8.309335292308283,7.760819093368947
Cc1nc2c(c(=O)[nH]1)CN(Cc1ccc(I)o1)CC2,-5.412,12.957211775686929,12.939963523905313,2.9862781183272262
N#CC(=Cc1cccc(F)c1)C(=O)Nc1cccc(C(=O)NC2CC2)c1,-5.946,4.47441012872088,8.49434976911123,3.731618147667309
COC(=O)C12CCC3C1C1CCC4c5c[nH]c6c5C(=O)C(C)(C4C3(C)CCc3ccoc3)C61CC(OC(C)=O)C2,,,,
CC1CN(c2ccc(N3CCN(c4cccc(Cl)c4)CC3)nn2)C(=O)O1,-6.454,5.317302323547158,8.279928683267748,2.9069279316832057
CC(C)CCn1ncc(Nc2ccc(S(=O)(=O)N(C)C)cc2)cc1=O,-5.46,4.22869116867146,8.403531281550631,2.9573476292110135
COc1ccc(CC(NC(=O)c2c(C)noc2C)(Nc2ccc(C(F)(F)F)cc2)c2ccccc2)cc1,-5.599,12.507117213810703,7.276998694516853,7.792175241869244
Cc1cc(C(=O)COC(=O)C(C)NS(=O)(=O)c2c(Cl)cccc2Cl)c(C)n1C1CC1,-5.785,5.188614651330353,7.477711748924265,3.9369239261128737
CC1=C(C(=O)Nc2ccc(C)c(Br)c2)C(c2ccco2)n2ncnc2N1,-5.582,10.859082742110402,9.2862415432725,13.161585428815178
CC1(C)c2ccc(Cl)cc2N(C(=O)c2ccccc2-c2cccnc2)c2nccnc21,-5.947,4.7384518568832155,7.651271070874433,5.223776603186626
Cc1ccc(CN(C)C(=O)NCCC(=O)O)s1,-4.46,12.801886501605926,12.936257998354856,2.971392434533008
CC1(C)CCCC12OCC(CN)O2,-4.481,14.70836136352381,11.94151338817656,3.020978318359799
CCC(C)NC(=O)COC(=O)c1oc2ccc(C)cc2c1C,-5.357,4.658513711474939,7.56721097895387,5.026238752785228
O=C(Nc1ccc(O)c(C(=O)O)c1)c1cccc(C(F)(F)F)c1,-6.39,3.3546496091246256,7.520830672206362,3.0153251897598037
Cc1cc(O)c(C(C)(C)C)cc1C(=O)C(C)CN(C)C,-4.05,13.533124029580161,7.3404169500104,7.289324934450378
Cc1ccc(C(=O)OCC(=O)Nc2c(C#N)c(C)c(C)n2-c2ccccc2)c(C)c1,-5.493,11.100080224935313,7.67680493434606,11.286085060817147
CC(C)(C)C1CCC(NC(=O)c2n[nH]c(=O)[nH]2)CC1,-5.107,4.58532114469641,7.729800579575129,3.0943721495644314
O=C(c1ccccc1[N+](=O)[O-])N1CCN(Cc2cccc(Cl)c2)CC1,-5.641,12.629401450583476,12.954560586913013,3.013564168887067
Cc1cc(NC(=O)CCc2cccc3ccccc23)ccc1N1CCN(C)CC1,-6.51,11.746992253338723,7.007883132587186,9.795340014517107
CC(NC(=O)C1CC(O)C(C(=O)O)C1)c1ccccc1,-4.816,5.068454399518655,8.036605564540293,3.9867472957286867
CC1NC2(CCC2)CN(CCc2ccc(F)cc2)C1=O,-5.177,12.933359231073728,12.877540176602054,3.0795684762641673
N#Cc1ccc(Cl)cc1CC(=O)Nc1ccc(Cc2nc3ccccc3s2)cc1,-6.484,11.903111609995094,7.336926059324845,7.817291730516394
Cc1cccc2sc(N(C)C(=O)c3ccccc3NC(=O)C3CCCCC3)nc12,-6.122,10.53683833035318,8.617800241360902,12.548174448898932
NC(=O)CCC1NC(=O)N(OC(=O)c2ccccc2)C1=O,-6.323,12.649690470521403,11.770393154011467,3.0687849387013095
N#Cc1cc2c(nc1N)CCN(C(=O)Nc1cccc(Cl)c1)C2,-5.773,4.535218737833932,8.274914198950947,3.1029838865195543
CN(CC1CCC(c2cc(C(=O)O)n[nH]2)C1)C(=O)C(F)(F)F,-5.869,12.234513312755846,7.989052134014398,8.23894374298065
Cc1cc(C)n(CC(=O)Nc2cccc(N3CCC(C)C3=O)c2)n1,-5.638,4.684058389900792,7.110221585857925,2.98736137753704
O=C(O)C1CCCC1C(=O)Nc1ccc(OC(F)(F)F)cc1,-5.494,3.8091534492587718,7.416452656088354,2.80732274596278
CCN(Cc1scnc1C)C(=O)NCC(C)(O)c1ccccc1,-5.048,12.844666597463712,12.664532245606232,2.838033297901912
Cc1cc(N(C(C)C(=O)Nc2ccccc2C(=O)N2CCCCC2)S(C)(=O)=O)ccc1C(C)C,-5.79,3.4333549190259944,7.3076547537496594,8.063120859816005
O=C(C=CCN1CCOCC1)Nc1cccc(Cl)c1,-5.403,12.814114171490749,12.147087922625735,3.0438114264848926
CC(C)(C)CNC1CCCC1O,-3.993,12.58133323618765,12.270541389849104,2.8212853453700855
Cc1cc(C)n2cc(C(=O)Nc3nnc(C(C)c4ccccc4)o3)nc2n1,-7.223,4.424071201958665,7.751430900162885,3.2512480680501756
CC(=O)c1cccc(OC(=O)C2CCCN2C(=O)c2ccccc2)c1,-6.151,12.89000399534461,12.586723282888205,2.8160308947168886
Cc1ccccc1C=C1C(=O)NC(=O)N(CCCC(=O)O)C1=O,-5.297,11.68390880655956,10.092741401621266,8.412878520458975
Cc1c(C(=O)Nc2cccc3[nH]cnc23)cnn1Cc1ccccc1,-5.758,4.245492433157784,7.734182956201644,3.5810513819268217
CC1CN(C(=O)C2(C)c3ccccc3-c3ccccc32)CCO1,-5.315,6.27828838139823,8.098326987717895,3.51503029858919
COc1ccccc1CN(C)C(C)C(=O)NC(C)c1ccccc1C,-4.254,3.7369343050152755,7.8500882797583875,8.338502563410293
COC(=O)C1(NC(=O)OCc2ccccc2)CCNC1,-4.897,4.907272154670046,7.777249128065784,4.727051723854945
O=C1c2ccccc2CN1c1c(Cl)cccc1Br,-5.432,12.498167545684447,12.666405804331394,3.1744544413174363
O=C1Nc2ccccc2SC1=Cc1cc(Br)ccc1O,-5.112,4.81960703792332,7.696183079942939,4.807777241095931
CC(C)(C)c1coc(CNS(=O)(=O)Cc2ccccc2Cl)n1,-5.104,12.911804676341724,12.23573491867162,2.7672508017886632
Nc1c(F)cccc1C(=O)NCc1c(C(F)(F)F)nc2ccccn12,-5.46,7.750131869845829,8.12106649400188,3.086077769596871
CCCCN=C(N)C1=C(O)CC(c2ccc(C(C)(C)C)cc2)CC1=O,-5.6,10.087137304508152,7.2170261188387,10.088648968023419
CC(C)NC(=O)c1cccc(NC(=O)c2c(Cl)cccc2[N+](=O)[O-])c1,-5.564,4.976213821772533,8.34191404894584,2.9249044428835616
CCN(c1nnns1)C1CCCCC1,-4.072,10.358300391473497,8.78505805330847,12.994744668518885
Cc1cc(Cl)ccc1Oc1ncnc(Nc2ccc(N(C)N=Cc3ccccc3)c(C)c2)c1N,-6.128,4.421662696316851,8.39810436943957,2.9325843551379713
CC(=O)N(Cc1ccccc1)C(C)(O)C(C)C,-4.277,12.728903723416249,11.894694489561303,9.322861202442091
CC(NC(=O)COC(=O)CSc1cc(F)ccc1F)c1ccccc1,-5.622,12.908624481330301,11.896010886007124,2.789578821255997
CCOC(=O)N1CCC(N(C)C(=O)c2cc(Cc3cccc(Cl)c3)[nH]n2)CC1,-5.932,4.476010947260964,7.530278812899294,2.9622040780472916
O=C1CC(C(F)(F)F)N(C(=O)c2ccc(I)cc2)CN1c1ccc(F)cc1,-5.34,3.3005043553978233,7.397102473266137,9.476718630412112
CCC1(C(F)(F)F)N=C(c2ccccc2)C(=O)N1,-5.552,12.740486175966756,12.275625320121172,3.115281367709826
CC(=O)CC(=O)N(C)c1ccc(N(C)C)cc1,-4.145,7.469070959630788,8.058701694441853,3.9640740406808743
CC(C(=O)NC1CCCC1)N(Cc1ccccc1)C(=O)CC(C)(c1ccccc1)c1ccccc1,-5.285,10.229976001926886,7.455163847964711,10.213638235222549
CN(CC(=O)Nc1cc(Cl)ccc1Cl)S(=O)(=O)c1ccc(C#N)cc1,-5.734,3.784229776321729,7.755649295835906,10.17526608988679
Cc1ccccc1CN(C)S(=O)(=O)c1cccnc1C(=O)C(F)(F)F,-5.443,12.869096510633527,12.146185162428573,3.045438720447351
CCN(C(=O)CC(C#N)c1ccccc1)c1ccc(C(N)=O)cc1,-4.519,4.887546214615264,8.04461894684888,3.1185951965588616
CC(CCc1ccc(Br)cc1)c1ccc(-c2ccccc2)cc1,-6.119,12.826961682331477,7.262325316315705,9.1828652391288
CCc1ccc(C(C)NC(=O)Cc2c(-c3ccccc3)nc3ccccn23)cc1,-5.552,4.230993500349534,8.523145076789435,10.081867832896839
CC(=O)C(NC(=O)C1CC(=O)N(C(C)c2ccccc2)C1)c1cccs1,-5.259,13.04478688978858,8.54638367966241,8.991236789229832
CC(C)(C(=O)N1CCN(c2ccc(F)cc2)CC1)N1CCOCC1,-5.248,4.711754768661034,8.210595349912209,3.53479631662137
COCCCN1C(=O)NC(c2scnc2C)=CC1c1cccc(OC)c1,-4.939,7.322461539673664,10.63860940160884,5.68715834138632
CCCCOc1cc(C(=O)O)ccc1OC1CCCC1C,-4.952,12.573553753812007,12.958511102746334,3.0558306563027995
CCCCN1C(=O)c2ccc(NC(=O)Cc3ccc(F)c(F)c3)cc2C1=O,-5.8,11.446654576774822,7.26136770863451,9.16787336299973
Cc1ccc(NC(=O)c2cccc(C(F)(F)F)c2)c(Oc2ncccc2C(F)(F)F)c1,-5.9,10.350775188361498,8.507410945757822,12.689146898038498
Cn1cc(NC(=O)NCC(O)c2ccc(C#N)cc2)cn1,-5.514,4.696269476935922,7.756067560303996,2.9856982432925143
CCNC1C(=O)NC(C2CC2)CCc2cc(F)ccc21,-3.76,3.889555501596551,8.495814086948936,9.01821966909212
CNC(c1ccccc1)c1ccnc(Br)c1,-5.115,13.348203849207577,12.693513737338453,3.1120927042747293
CC(=O)c1ccccc1COc1cccc(F)c1C,-5.728,12.427106742922907,12.839253132483991,3.0858039471100556
CC(F)C(F)(F)Oc1cc(CC(F)(F)c2c(F)c(F)cc(OC(F)(F)F)c2F)c(F)c(F)c1F,-6.266,10.893517705498073,7.43402273335238,7.713859086086548
CNS(=O)(=O)C(C)CC1=C(C)C=CC=CC1N(C)C1CC1c1ccccc1,-4.113,12.607171609841757,7.1255552766082735,8.111370784275614
CN(NC(=O)c1cc(-c2ccco2)[nH]n1)c1ccccc1,-5.379,12.26931697365424,12.086187612311832,3.001671867476524
CCOC(=O)c1nc(SCC(=O)Nc2c(Br)cc(C)cc2Br)oc1C,-5.576,5.164376148190602,7.430001413189636,2.9752401583737744
Cc1nc2c(c(N3CCCCC3C)n1)C(C)CC2,-4.392,12.589200570330112,11.596057347219357,8.947901485823367
CC1OC23C=CC1C(C(=O)N(C)C(C)C)C(=O)N(C2)c1ccccc1C3,-4.929,5.000266592892822,7.793121903319618,5.239785682640084
CCOC(=O)c1ccccc1Cc1c(N)c2ccc(Br)cc2n1C,-5.085,4.4767181059343,7.605951748466459,9.369001974596866
CCOC(=O)C1C(C)C(c2ccco2)Nc2c(-c3nc(-c4ccc(OCC)cc4)no3)cnn21,-5.862,4.515220481881257,8.281814897714147,3.0367444739391574
CC(=O)Nc1nc(C(F)(F)F)c(C(=O)Nc2c(C)ccc3ccccc23)s1,-5.933,3.3968061469562847,7.699712332288785,7.42812419120736
CC(N)=NC(=C(C)c1ccccc1)c1cc(C(C)(C)C)ccc1C,-4.928,13.975666674616994,8.697862496038898,8.831627822774236
COC1=C(Nc2cccc(C(F)(F)F)c2)C(=O)N(c2c(Cl)cccc2C(F)(F)F)C1=O,-5.743,4.386883859871378,8.454729918808761,9.467254565078516
O=C(O)c1scc(C(F)(F)F)c1-c1c[nH]c2cc(Cl)ccc12,-4.769,8.817764058989104,8.189106788899506,3.157044345586548
CC1CCCCC1NC(=O)c1c(Cl)cccc1Br,-5.337,12.69569789338105,12.211055482635398,3.077284679713594
CCOc1ccc(NC(=O)C(C)N2CCC(=O)C(C)C2)cc1,-5.257,14.17005977404471,8.414504917105937,8.954609371714659
COc1ccccc1C1CNCCN1Cc1ccnn1C1CCCC1,-4.07,13.158511845949754,7.2473032915699065,7.563007668910563
Cc1cc(NC(=O)C(C)N(C)CC2CCC2)no1,-4.988,12.379439446113867,12.339439330861026,2.8976856282212546
Cc1cccc(CNC(=O)N2CCN(C(=O)c3cc4ccccc4[nH]3)CC2C)c1,-6.413,4.2667357546489795,8.340803438518378,3.5300008498582574
O=C(O)C1CC(=O)N(CC(O)c2cccc(O)c2)C1,-5.72,12.460616678158429,12.97730010441309,2.733935990472345
O=C(CSc1ccc(F)cc1)NS(=O)(=O)c1ccc2ccccc2c1,-5.116,14.46115448365033,7.573942038331162,7.215801202915723
N#Cc1cc(Cl)ccc1OC(=O)C=Cc1ccccc1[N+](=O)[O-],-5.524,12.752235333462131,8.101025737522379,8.193708806151218
CCCCC(CC)C(=O)CC1(CC(C)C)CCCC1,-4.348,12.873930441011401,12.611634866265357,2.8591825754925133
COc1c(Cl)cc(C)cc1C(O)=C1C(=O)C(=O)N(c2cccc(Cl)c2)C1c1ccc(Cl)cc1,-5.628,7.907302258039716,7.435570859053123,2.874316962340792
CCc1nc(C)cc(Nc2ccc(CC(=O)NC(C)c3cc(C)c(C)cc3C)cc2)c1C#N,-6.26,3.8289398010415354,7.102639931743689,8.557947066908044
COc1cccc(C(=O)OCC(=O)Nc2c(OC)cccc2C(C)=O)c1,-5.492,4.436255853757761,7.841824978919129,4.461745174256369
Fc1ccccc1CN(Cc1cccn1Cc1ccccn1)CC1CC1,-4.448,14.239733775601284,7.039530950283548,7.571492191107378
Cc1c(NC(=O)C(C)N)cccc1C(=O)OC(C)C(=O)Nc1ccc2c(c1)CCC2,-6.843,3.692226157753612,8.325462930071817,2.9391987003263322
CCOC(=O)C1=NN(c2ccc(C(C)(C)C)cc2)C(=O)C1=Cc1cccn1-c1cccc(Cl)c1,-5.56,5.265355733471386,8.665175416574092,3.984111695221408
COc1ccc([N+](=O)[O-])cc1C(=O)Nc1nnc(C(C)(C)C)o1,-5.631,4.736363689582969,7.405642781015027,2.948857575401024
Cc1cc2ccn(C)c2cc1-c1ccc2c(c1)CC(C)(C)C2(C)C,-6.086,12.682469239071704,7.188880580452008,9.415019755688249
Cc1cc(N(C)c2ccccc2C)ccc1CNC(C)C,-5.111,13.146241668248763,8.431593265806884,9.05871563744
CCOc1ccc(C(=O)NNC(=O)C=Cc2ccccc2Cl)cc1,-5.807,5.341146412522315,7.637806360467643,3.595268279280421
CC(=O)c1c[nH]c(C(=O)NCc2cnn(C)c2)c1,-4.926,12.761275524021885,8.167919992262412,8.776040622057307
CCOc1ccc(Cc2cc(C3C(OC)OC(COC(C)=O)C(O)C3O)n[nH]2)cc1,-5.278,7.2204684751060295,7.696608798685301,3.221525880696909
CC(O)C=Cc1c(Cl)cccc1Cl,-4.348,12.528024026158315,12.48581843532894,3.00403412097799
Cc1ncccc1C(=O)C1(C(C)(C)C)CCC1,-4.92,13.170602529876907,12.86201282848062,2.952397500337649
CCCC(C)NC(=O)C(C)N(C)Cc1cccc(Cl)c1,-4.343,12.905596809136725,12.34269423586277,3.086469180147438
COC(=O)c1[nH]c(C)c(C(=O)COC(=O)c2cccn2S(=O)(=O)c2cccc(C)c2)c1C,-6.488,4.447074206711643,7.533975444610899,2.961230825180637
CC1NCCOC1C(=O)N1CCc2ccccc2C1,-5.352,12.627470174187703,12.728358063788118,3.2049848673589705
COc1ccc(C)cc1NC(=O)CNc1nc(N2CCOCC2)nc2ccccc12,-6.315,6.481266928618201,8.411395960243459,3.2997469599955687
CN1Cc2c(C(=O)NCc3cccs3)n[nH]c2C1C(=O)O,-5.541,4.414126527411737,8.125249165410251,2.9442516876109623
O=P(O)(O)OC1CC(OP(=O)(O)OC2C(O)C(O)C(O)C(O)C2O)C(O)C1F,-5.64,3.7012584346408444,7.1286568159787285,2.7957777093324134
OC1CCC(Nc2cc(Cl)c(C#Cc3ccccc3)cn2)C1,-5.911,5.232229830578928,8.218590025059042,2.99731446464998
CC(I)(C(=O)OCc1ccccc1)S(=O)(=O)Cl,-4.992,13.391701796261744,13.055263153226747,3.1874543133980753
OB(O)c1cc(F)cc(-c2cc(F)cc(F)c2)c1,,,,
Clc1cccc(Oc2nc3ccccn3c2C2CCCNN2)c1Br,-5.345,14.864431943401,7.230308015568909,7.438985750759305
Cc1nnc(C(C)OC(=O)c2cnc(C)n2Cc2ccc(Cl)cc2)o1,-6.252,12.41386132514779,12.017823763061264,2.914482801458949
Clc1ccc(SNc2ccccn2)cc1Cl,-4.956,12.73979874252337,13.097373668029787,3.041202722608278
O=C(Nc1ccc(NC(=O)C(Cc2cnc[nH]2)NC(=O)c2cccs2)cc1)c1cccc(Br)c1,-6.245,3.6107662621665217,8.62982995197472,3.4664952040930355
O=C(NCc1ccco1)C(=Cc1ccccc1)NC(=O)c1ccc(Cl)cc1,-5.706,4.082346139170465,7.153757753796253,4.667695898406407
COCC(=O)CS(=O)(=O)c1cc(Cl)cc(Cl)c1,-4.878,12.650608127675127,12.586612292431987,2.8784803282287683
N#Cc1cc(Cl)ccc1NCc1ccc(Br)cc1F,-5.039,12.293352105914806,7.213979900166066,10.323709314001437
CN(C)Cc1ccc(C(O)c2cc(F)c(F)c(F)c2)cc1,-5.018,6.012262885137343,8.184987415995213,3.038119648730115
CCC1(C)NC(C)(C)C(c2c(C)cc(C(C)c3ccc(O)c(C)c3)cc2C(C)(C)C)N1C=C[N+](=O)[O-],-5.44,12.014092932885113,7.617594764753505,7.619443614857977
CCN(CC)S(=O)(=O)c1ccc(C(=O)CN(C)CCn2ccccc2=O)cc1,-4.522,6.274264020584406,7.188459431616764,2.7804787357575678
COc1ccc(N2CCCC2c2nc(-c3cc4ccccc4o3)no2)nc1,-6.649,4.59786526553356,8.332549969847166,3.6032005217583984
Cc1cc(Cl)cc(N)c1C(=O)NC(C)c1ccc(F)cc1,-5.489,12.049396457914396,12.433313516516826,3.0106202018853194
Cc1ccc(-c2csc(NC(=O)c3ccccc3OCc3cccnc3)n2)cc1F,-6.475,4.04399431255782,7.562249004099243,3.819801565526671
CC(C)CCNC(=NCc1ccc(CO)o1)N(C)Cc1ccc(F)cc1,-4.957,3.8491560113874312,8.090237388358885,5.251759324264584
CCNC(=O)c1cccc(NC(=O)CNC(c2ccccc2)C(F)(F)F)c1,-5.386,3.979493686387755,7.10043308538289,3.647649380080274
Cc1ccc(C(C)N(C)Cc2n[nH]c(=O)[nH]2)o1,-4.466,4.525975033072984,7.9992387762836525,5.37759174724151
CC(=O)c1cccc(NC(=O)c2ccnn2Cc2ccccc2)c1,-5.975,4.2481064016806345,7.021821772161409,3.1078791804058272
NC(=O)C1CCN(C(=O)COC(=O)CCCC(=O)OCC(=O)c2ccccc2)CC1,-5.588,5.020934375193525,7.419376860626503,3.0293705616843916
O=C(O)CCc1c(Br)nc(C2CC2)[nH]c1=O,-5.385,12.975257877976839,12.560198644925965,2.929436464578128
Cc1nc(-c2ccco2)ncc1C(=O)NCCc1ccccc1Cl,-5.753,5.321409775613977,8.454674919829856,2.982193991007294
CCC(C)COc1ccc(S(=O)(=O)N2CCCC2)cc1,-4.333,4.146570390093481,7.838773883714212,5.406121992704199
CCc1ccccc1NC(=O)c1cc(COC(=O)c2ccccc2C)on1,-5.857,4.524857898321228,7.421151730021426,9.12592532294671
COC(=O)C(CC(F)(F)F)N1C(=O)c2ccccc2C1=O,-5.069,12.70884912177338,12.371966173571606,3.0839640075720722
CCOC(=O)C(C)=C(Cl)C=C(Cl)c1cccc(Cl)c1F,-3.676,14.201311136652135,12.092237220630432,9.133610731797146
Cn1ccsc1=NC(=O)c1cc(F)ccc1OCC(=O)O,-4.76,7.784889080776938,7.424466916890396,3.085359298363807
CCC(c1cccc(Cl)c1Cl)N(C)C(=O)C(N)C(C)(C)C,-4.234,8.178688770212496,8.25923458923404,3.086351567790034
Cc1ccc(Oc2cc(Br)nc(C(C)C)n2)cc1,-4.944,12.429678797137116,12.633534541053821,3.3989129144477945
O=C(Nc1ccc(Cl)c(Cl)c1)c1ccc(-c2nnc(N3CCCC3=O)o2)cc1,-6.527,7.976104437631192,8.071993681860759,4.441839821515404
CC(NCC(O)c1ccco1)C(=O)N1CCc2ccccc2C1,-5.672,12.73732632855106,12.394659253081546,2.817928494479588
COc1ccc(C=CC(=O)OC(C)(C)C)c(N(Cl)Cl)c1,-4.463,12.943692711123823,7.194139628892395,7.890741600128597
Cc1noc(C)c1C1CCCN1C(=O)CCCC(F)(F)F,-6.068,12.18757059466734,12.013911186620286,3.04221136675281
CC(C)n1nccc1CCNC(=O)C(C)(C)c1ccc(F)cc1,-4.73,4.36777872608034,7.184715651993473,5.465647171195741
NCC1(COc2cc(Cl)ccc2[N+](=O)[O-])CCOCC1,-4.712,7.821194857564923,7.664519358707368,3.0790527764232944
CC(=O)OCC1OC(n2cnc3c(N)nc(N)nc32)C(OC(C)=O)C1F,-5.189,4.054423140225992,8.001174038852046,5.1108505163035245
CC1Cc2c(NC(=O)CC(C)(C)C)cccc2C1=O,-5.837,12.198290781908751,12.59302354480448,2.9040946954257536
CN(C)C(=O)c1cc(Br)cc(C=C2C(=N)N3N=C(SCC(N)=O)NC3=NC2=O)c1O,-5.881,8.22994489653485,11.165232106857431,4.621091429521817
N#Cc1cc(F)cc(NC(=O)c2cc(Cl)ccc2C#Cc2cccnc2)c1,-6.623,12.817237065764212,6.359952908630691,8.035122712193012
CC1(C(N)=O)CCN(C(=O)c2ccc(Cl)c(Cl)c2)C1,-5.042,6.718997395445245,7.325424356308649,2.951312589340546
COc1ccc(F)cc1OCc1cc(N)c(C)o1,-5.505,12.304925924198,12.826647028744494,2.858541411279536
Cc1cc(C(=O)N2CCOC(C3CC3)C2)n(C2CC2)n1,-4.864,13.057707340877265,12.006217930722398,3.1209527391487364
CCCc1c(C(=O)O)nnn1Cc1ccccc1C,-5.587,12.658222387049456,11.769593620851996,3.0138893476702155
Cc1ccc(F)c(N2CCCC(C)C2=O)c1,-5.234,12.645395921045731,12.843327177955095,3.130021405677603
O=C(O)Cc1cccc(NC(=O)C=Cc2ccc3c(c2)OCCO3)c1,-6.147,12.049947095319549,8.520416949891596,8.440917544911809
C=C(C)C=CC=C(C)C=Cc1ccccc1,-4.868,13.508245666999102,7.355777661131418,7.5330101553097615
C=Nc1ccc(Cl)cc1C(=NN)c1ccc(Sc2ccccc2C(=O)Nc2ccc(SC)cc2)cc1,-5.022,5.210273121439988,8.258609689287901,3.5839453120827613
NC(=O)c1cc(Cl)ccc1NC(c1cccc(F)c1)C1CC1,-5.198,7.252005170985471,10.50485630553793,5.42038891593583
COCCN1C(=O)C2COCN2C(=O)C1C,-5.03,12.599549396704631,12.697121602946078,3.2220406577198872
COc1ccccc1N1CCN(Cc2cc(Cl)cc3nc(-c4ccccc4Cl)oc23)CC1,-6.384,4.4843507891332495,8.564063521483245,3.1980995919451902
O=C1CCCC1=C(CCl)Nc1ccccc1,-4.688,12.845675108767153,12.725945072960203,3.2685117408386337
CC(C)c1nnc(SCC(=O)Nc2ccc(I)cc2Cl)o1,-4.932,12.45198413908402,12.814319295225946,3.034787307209518
Cc1ccc(NC(=O)COC(=O)CSc2ccc(Cl)cc2)c(C)c1,-5.273,3.974069954089887,8.250724331838994,9.55870357318397
Cc1nn(C2CCCC2)c(=O)c2nn(-c3ccc(Cl)cc3)nc12,-5.752,13.610596974416662,7.398902959223077,7.388069165891721
COc1c(Cl)cc(Cl)cc1NC(=O)Cc1c(C)noc1C,-4.748,3.8110136446882468,7.4735547766775605,4.536111440430008
CCOCCn1c(NC(=O)c2[nH]nc(-n3nc(C)cc3C)c2C)nc2c(N)ncnc21,-5.463,4.801233799764389,7.695969984348951,3.5643218148758677
O=C(SOOO)c1ccccc1,-4.501,3.2665867507231465,7.48431980877354,10.205810354890984
COc1ccc(CN(C)c2nccc(C(=O)NCCC(C)C)n2)cc1,-5.144,4.569572190041427,8.024119017063493,3.5628595257180713
COC(=O)C1CCCc2c1nn(C)c2N1CCN(C)C(=O)C1,-4.63,7.862718168674242,10.897329305843703,5.779732692780868
CC(=O)N(CCC1CCCC1=O)c1cccc(C)c1C,-4.858,3.8567344995475126,7.189025733713853,8.87703255598401
Cc1cccc(COc2ccc(C(=O)N(C)Cc3ccc(C)c(C)c3)cc2)c1,-5.711,12.929865969916316,7.082303438853775,8.64481075559205
CCC=C(CCC)C(=O)ONc1cccc(Cl)c1,-4.913,12.422431122771421,12.572200244984964,3.140047451870752
O=C(Cc1c(F)cccc1Cl)Nc1cnc(Cl)cn1,-4.796,7.913845967669575,8.229876548284304,3.0680744775836186
CCOC(=O)c1ccc(-c2ccc(C=C(C#N)C(=O)Nc3ccccc3)o2)o1,-5.892,4.131824536448759,8.256425073844007,2.9315999044890146
Cn1ccnc1SCc1ccc(N)nc1,-4.728,12.722771592699447,12.74309067691194,3.0751760925189315
CCC(C)NC(=O)c1nn(-c2ccc(Cl)cc2)c(-n2cccc2)c1-c1ccccc1,-5.192,4.369649528280272,7.708299099023079,6.497182235400204
CCC(C)(CN)C(=O)NC(CCCN(C)C)CC(=O)NC,-4.151,6.224947068048048,8.053191851682163,3.0752438927668817
Cc1cc(C)c(-n2c(C)ccc2C)cc1C(=O)NO,-4.707,5.910208794958094,8.259426432870505,2.8170653169566378
Cc1cc(Nc2nnc(C(C)Cl)s2)no1,-4.943,7.492851593352159,8.278898537849102,3.0972641153120914
CCOc1ccccc1NC(=O)c1cc(F)c(=O)[nH]c1N,-5.395,12.238455131265548,12.712118627514455,2.752879401644758
Cc1nn(C)c(C)c1NC(=O)CCc1nc(C(=O)O)cs1,-5.454,4.5052120926766595,7.270370416973264,2.9084968626422834
CCOC(=O)c1c(-c2cccc(-c3csc(C)n3)c2)noc1C(C)=O,-5.441,4.860973050737887,7.9488259510445936,3.171403790121971
Cc1ccc([N+](=O)[O-])c(NC(=O)c2cnn(C)c2-n2cccc2)c1,-5.12,13.513102678511697,7.613304341742816,7.563833155219647
Cc1c(Cc2nnc(SCC(=O)Nc3ccc(C(F)(F)F)cc3)o2)nc(C(F)(F)F)n1Cc1ccccc1,-5.205,4.193256014125539,7.452580828142691,5.903196506978232
O=C(c1cccnc1N1CCCC1=O)N1CCC(c2ccccc2)C1,-5.828,4.500242993439354,7.836083332890227,5.194478895904766
NC(=O)c1csc(COC(=O)C23CC4CC(CC(O)(C4)C2)C3)n1,-5.383,13.265170560531818,8.193257838003147,9.026501980280068
NC1C=C(C(=O)c2ccccc2)C=CN1,-5.171,13.227212858346237,12.783126143475235,3.0451904702333485
Cc1cc(N)nc(SC2CC(=O)NC2=O)n1,-4.975,12.694156214573697,12.042071790186272,2.973118228392541
COC(=O)c1c(C)c(N=Nc2ccccc2)c(N=Nc2ccc(C(=O)c3cccc(C)c3O)cc2)n1C,-5.617,4.85940850309994,7.094924735330178,2.9563893518953153
Cc1c(Cl)cnn1Cc1ccccc1N,-4.978,12.789437438761723,12.97317547865595,2.8557652214424074
CCC(CNC(=O)c1ccc(C)o1)N(C)Cc1cccc(OC)c1,-4.986,4.2979788273094135,8.272937869946805,2.9807198794922
CNc1ncccc1C(=O)Nc1n[nH]c2c1CCC(c1ccccc1)C2,-6.462,5.000517873180737,8.615693878034433,3.626316312733901
O=C(CCn1cncn1)Nc1ccc(Cl)nc1,-4.644,6.7912817641443795,7.334200569932621,2.9837039062212596
CCCCC(=O)ON=c1oc2ccccc2cc1-c1ccccc1,-6.147,12.917205347907109,12.436530947173331,2.889560174144155
Cc1cc(C=NNC(=O)c2c(-c3ccccc3Cl)nnc3ccccc23)ccc1OC(=O)c1ccccc1,-7.009,11.972516903308177,6.607101406819786,7.94183694116166
CSc1ccc(N2CCN(Cc3cccc(C)c3)CC2=O)cc1[N+](=O)[O-],-5.745,4.77794736262341,7.681295528750341,2.8695436919482504
CC(C)(C(=O)Nc1ccc2c(c1)OCCCO2)N1CCN(c2cnccn2)CC1,-4.447,5.2852618667384865,7.853018082240737,3.1822881704836226
CC(=O)N(CC(=O)N(Cc1ccccc1C)C(Cc1ccccc1)C(=O)NCC(C)C)c1cccc(Cl)c1,,,,
Cc1cccc(NC(=O)COc2ccc(C=C(C#N)C(=O)Nc3ccc(C(=O)O)cc3)cc2)c1,-6.262,10.895334184870146,7.1752238989455925,7.962974821007537
CCOCC(=O)NC(C(=O)NCc1ccnc(N(CC)CC)c1)C(C)C,-4.707,6.961007182872317,7.433320321363797,2.9555344694318832
O=C(Oc1ccccc1C(=O)c1ccccc1)C1=NN(Cc2ccccc2)C(=O)CC1,-5.766,4.6988667782775035,7.071908723958475,8.403502424584644
CC(CCBr)NC(=O)c1cnc[nH]1,-4.114,12.395284466279909,12.635320059262448,3.0638604733244628
O=C1NC(c2ccccc2Cl)C(C(F)F)=C1O,-5.115,13.680209282024892,12.085959870858417,2.9625674675861813
CCc1nsc(C(=O)Nc2cn[nH]c2C(=O)Nc2ccccc2)c1C,-5.889,6.925839371513031,7.99006389211,3.0201630750673054
Cc1cccc(C(=O)Nc2c(C)cccc2NC(=O)c2cc(C)no2)c1,-6.425,3.6036989330408837,7.493856483813924,6.655005184070106
O=C(Nc1ccc2[nH][nH]c(=O)c2c1)c1ccc(CSc2ccccc2)o1,-6.124,3.7712743204386485,8.23739121324221,5.266487729027763
CC1=CC(c2cccc(Br)c2)ON1,-4.624,13.202851055737924,12.96523945016057,3.198087397179758
Cc1cccc(C(=O)c2cc(Cl)ccc2-n2c(C)ccc2C)c1,9.433,12.784321765349931,11.90344378740875,3.036502758108413
COCCN(CC(=O)NCc1ccc(N)c(C#N)c1)C1CC1,-4.712,4.660630644022331,8.257319722524977,4.6324190224978565
O=C(CCc1ccc(Cl)cc1Cl)Nc1cccc2c1OCCO2,-5.573,3.5413565197534127,8.548983389854024,9.443074340488906
CC1(CC2C=CC=C(c3ccccc3)N2)CSC1,-5.164,13.321245512338553,13.061827666907874,3.126171300488827
Cc1cc(C)cc(N2C(=O)C(O)=C(C(=O)c3ccc(C)o3)C2c2ccc(O)cc2)c1,-5.768,12.924933965015063,7.100161336195114,7.593540741972745
C=CCC(C)CC(=O)OP(=O)(O)O,-4.204,8.01436017408751,7.8264646552578245,2.9403554206932196
COc1cc(F)ccc1C(C)NCc1cccc(=O)[nH]1,-6.062,12.160045929189577,12.094885075931892,2.957323959257762
C=CCn1c(C)nnc1SCC(=O)Nc1ccc(Cl)c(C(F)(F)F)c1,-5.268,3.446264934679282,7.4144804268404405,3.572138435167372
Cc1ccnc(NC(=O)c2cccnc2-c2cccc(F)c2F)c1,-5.419,4.931409027854006,7.020141950131777,4.82441467952331
Cc1ccc(C(=O)c2c(C)[nH]c3ccccc3c2=O)o1,-5.422,12.862817653997897,13.060105665728742,2.9138079895559343
Cc1cccc(NC(=O)CN(Cc2cccc(Cl)c2)C(C)C)c1C,-5.174,10.385044005684328,8.57750324978079,12.810491871899378
Cc1cc2c(cc1Cl)CCCN2S(=O)(=O)c1cccc([N+](=O)[O-])c1,-5.513,6.534028160331113,7.493249895739498,3.0072016892785896
COC(=O)C1(NC(=O)C2CCN(c3nc(C)c(C(=O)c4ccc(Cl)cc4)s3)C2)CCCCC1,-5.84,4.473896959028002,8.6945563429079,2.9667345685113116
CC(C)CC(=O)CNC(=O)C1CCC2CCCCC2C1,-4.52,3.810367305129519,7.344274164272464,8.534031345149842
CC1CC(C)CN(Cc2cccc(CCN)c2O)C1,-5.033,5.04085082104202,8.290488526015821,3.0310442095093233
Cc1ccc(CN(C)Cc2nc3ccccc3c(=O)n2CCc2ccccc2)cc1,-5.251,4.103658489689413,8.132459714010269,4.255646249396206
CN(CC1Cc2ccccc2N1)c1ccc(C(=O)O)o1,-5.924,12.535812777797856,12.335652799912943,2.9661903175622437
CC(NC(=O)c1ccccc1Cn1cccn1)c1nccn1C,-4.667,11.196059842641072,8.62057318279939,12.30931326272916
NCc1ccccc1OCCOCCO,-4.773,12.632958877476012,12.569130837094503,3.025209083683308
Cc1ccc(CCC(=O)NCC(C(=O)O)C(C)(C)C)cc1,-5.766,4.743185216708283,8.10825018114266,2.9415249446503084
COc1ccc(C2=C(Nc3cccc(Cl)c3)C(=O)N(C(C)c3ccc(C(C)C)cc3)C2=O)cc1,-5.973,12.02582637493158,7.179940180809307,6.710275106133875
O=C(Nc1cccc(Cl)c1)c1cc(O)cc(Cl)c1,-5.143,5.9987406178297125,8.50616070856882,3.017048060604934
CC(Cc1c(F)ccc(F)c1F)C(=O)O,-4.67,7.645461791154279,8.264959104557022,2.8669190780348157
CC(NC(c1ccccc1)C1CC1)c1ccco1,-4.949,12.569933094491793,12.63485358047334,3.1392236301353242
O=C1CCC(=O)N(c2ccccc2)N1C(=O)c1ccc(Cl)cc1,-5.447,7.241786105651008,8.067457158237655,3.4383558570921653
O=C(O)c1ccc(-c2ccc(-c3cn4ccccc4n3)s2)cc1,-5.735,4.374103450994272,7.956560437777117,3.093956205249195
Cc1c(C(=O)NCc2ccc(C#N)cc2)nnn1-c1ccc2c(c1)OCCCO2,-4.968,4.778984829438152,7.458667776486628,3.01534973095991
CCNC(=NCc1c(C)nn(C)c1C)NCCc1ccco1,-3.849,13.521133162571841,6.858235706069018,7.258743210776918
CCc1noc2c1C(C(=O)Nc1ccc(C)cc1C)CC(=O)N2C,-5.949,4.6471273922714875,7.040442173613814,4.93850635313958
NC(c1ccccc1)c1c(O)c(CO)c(CO)c(O)c1C(=O)c1ccccc1,-4.554,8.262484553692067,9.222463065797552,2.9294601891816177
Cc1ccc(S(=O)(=O)N(C)C(C)C(=O)Nc2cc(C)ccc2C)cc1,-6.394,3.9855448811925327,7.300526350887311,8.843479066521274
CCCOC(=O)c1cc(C)n(-c2cccc(NC(=O)C(NC(=O)c3ccc(C)cc3)C(C)C)c2)c1C,-5.879,4.786123065697328,8.377911971368523,3.0704040450728964
O=C(NCCCN1CCCC1=O)C1CCN(C(=O)c2noc(-c3ccccc3)n2)C1,-5.831,4.684420561819786,7.988581100545955,6.073123084542251
CCOC(=O)C(C)Oc1ccc(C=Nc2ccccn2)cc1OC,-4.868,4.161906534270081,7.973442543845161,3.0491705429509848
Cc1cc(NC(=O)CN2C(=S)NC(=O)C2(C)C)n[nH]1,-4.831,4.0594449127928804,7.164230454138113,4.790349987213878
O=C(Nc1n[nH]c(-c2ccccn2)n1)c1ccc(F)cc1C(F)(F)F,-5.927,12.663426116181988,12.195168633520407,2.7961827551145513
Cc1ccc(F)cc1NC(=O)Cc1nc(-c2ccco2)oc1C,-5.845,12.492880292390543,12.360114967102854,2.9924844193412268
CC(=O)Nc1ccc(F)c(C(=O)NS(=O)(=O)c2ccccc2Cl)c1,-5.705,11.721918998184556,7.411166507372506,8.141771858754089
c1ccc2c(c1)CCCN2,-4.084,15.258136026395885,12.99641046597098,2.982955078441511
O=C(O)C1CCN(Cc2ccccc2Br)C(=O)C1,-5.011,6.01082448587546,8.241085608098,2.998965821745889
CCN(Cc1cnccc1C(=O)O)c1nc(C)c(C)o1,-4.853,12.932344489689408,12.682892138625165,3.169759770077221
CC=CC=C=CCCc1cc(C)c(C(=O)OC)c(C)c1C,-5.458,12.571389461789815,8.280316237922317,9.015339649730343
CCC1(Cn2c(CS(C)(=O)=O)nc3ccc(C)cc32)CC1,-4.708,3.9888591100714503,7.618682432021956,6.968237510303448
CC(=O)OC(C)(C)P(=O)(Oc1ccccc1)N(C(C)C)C(C)C,-4.279,12.776244557772053,12.856787506994117,3.068290240508547
Cc1cc(NC(=O)Cc2ccc(NC(=O)c3ccccc3Cl)cc2)no1,-5.882,11.314076542078014,7.3885168335735685,9.914787087981264
C=C(C)CN(CC(=O)O)C(=O)NC1CC(N(C(C)=O)c2cccc([N+](=O)[O-])c2)C1,-5.201,3.7509610768441735,8.237108594646546,2.90480532910555
NC(=O)c1ccc(F)c(S(=O)(=O)Nc2ccccc2OCC(F)(F)F)c1,-5.268,10.969341320243435,8.674440673611182,12.810373960193356
C#Cc1cccc(NC(=O)C2CCN(C(=O)c3ccn(-c4ccccc4)n3)CC2)c1,-6.551,10.405345405127116,7.310159574181675,9.514663315115254
Cc1cc(S(=O)(=O)N2CCCC(C(N)=O)C2)cc(F)c1C,-5.487,4.865234012871323,7.465863245465992,3.36058134851695
O=C(CC12CC3CC(CC(C3)C1)C2)NC(=S)Nc1ccc(OC(F)F)cc1,-5.902,13.78141309880812,8.220204681149978,9.213535314959183
Cc1cncc(C(=O)NC2CCC(Nc3ncc(Cl)cn3)C2)c1,-5.309,7.586290990991579,8.012146092028027,3.1483519498302592
Cc1ccc([N+](=O)[O-])cc1NC(=O)c1c(F)cccc1Cl,-5.523,13.209054243207575,12.935447460370284,3.262837568742888
CCN(CC(N)=O)c1nc(Cl)c2ccccc2n1,-4.952,12.747772903531033,13.034429178142018,3.1126652566570665
CC1Cc2c3cnn2-c2c(nc(NC(=O)c4ccco4)n2C)N(C(=O)C2CC2)C3C1,,,,
CC(Oc1ccccc1C(N)=O)C(=O)Nc1ccc(NC(=O)c2ccco2)cc1,-5.997,3.5891873732085924,7.471488071328228,3.3324478990675903
Cc1cc(C(C)Nc2cc3nc[nH]c(=O)c3cc2F)ncn1,-5.459,12.47555425622445,7.655525063638678,7.928432001348059
CCCCOc1ccc(C(=O)NNCC2(c3ccc(C)cc3)CCC2)cc1,-4.934,4.035575051959757,8.402148415732729,10.39532515123986
NC(=O)c1ccc(Oc2ccc(NC(=O)c3ccc(F)c(Cl)c3)cc2Cl)cn1,-6.246,4.406445506300968,7.497098438729478,5.380548856761734
COC(=O)c1c(NC(=O)c2c(Cl)c(-c3cccs3)nn2C)sc(C(=O)N(C)C)c1C,-5.594,5.0217997769723945,8.448419615525735,3.598565825436573
O=C(CS)NC1CCN(C(=O)C2CCC(C(=O)O)CC2)CC1,-5.105,12.76514574926585,13.218963083388955,2.9345590810205193
O=C(NCCc1nc(-c2ccccc2)c(-c2ccco2)s1)c1cccnc1,-6.108,4.402091889090912,7.8621373048300285,3.0107917563325444
O=C(NCCNC(=O)c1ccncc1F)c1cccc(Cl)n1,-5.701,4.5175560870895675,7.658697931110745,3.1033905651722278
Cc1ccc(C(O)CN2CC(C(C)C)C(C)(O)C2)cc1C,-3.766,11.759295131937119,12.678622716998877,2.801196351561239
CCN(Cc1ccc(F)cc1)CC(C)NS(=O)(=O)c1ccccc1,-4.839,13.382269613185949,8.851436832514821,9.130492922071623
CCOc1ccc(C(O)=C2C(=O)C(=O)N(c3cccc(OC)c3)C2=O)cc1Cl,-5.491,3.225909329165964,7.453357163050755,9.733587365406446
COC(=O)N1CCC(Cc2ccc(C)cc2)C(=O)c2cc(OC)ccc21,-4.07,5.067853490384266,7.831993169047071,4.76688011177122
O=C(c1ccc(Cl)cc1)N(Cc1cn(-c2ccc(Cl)cc2)nn1)CC1CC1,-5.904,4.565473578940085,8.528990268490167,3.655508309387356
CN1C(=O)c2ccc(F)cc2C1=O,-4.713,12.636567611499572,11.732307275212323,8.583444704779078
CN(C)C(=O)c1ccc(F)c(Cl)c1Br,-4.457,12.785822930105049,12.33349828718519,2.9554764421324693
N#Cc1ccc(Cl)c(S(=O)(=O)Nc2ccc(Cl)cc2Br)c1,-5.033,4.625069188671668,7.307903324483705,5.8116391835694685
CCN1CCC2(CC(C(F)(F)c3ccc(F)cc3)=NO2)C1,-5.462,4.320195134481774,7.157396244445322,3.6841354481071953
Cc1cc(CNCc2ccoc2)ccc1N(C)C,-5.156,12.946652810668866,8.079777534066146,8.584985614431746
CC1(CONC(C)(C)CO)CC1,-3.896,10.65925147465806,9.974397525665399,13.200388213988253
CCOC(=O)C(C)Cn1c(N)nc2cc(C(=O)Nc3ccc(Cl)cc3F)ccc21,-5.451,6.845375884493122,8.249845877348255,3.00543823759531
Cc1nc(CC(C)C(=O)O)sc1CNC(C)(C)C,-5.006,12.594916276021847,12.802949738243917,2.989834276343758
CNC(=O)c1c(C(=O)OC)c(=O)[nH]c2cc(Cl)cc(N)c12,-5.465,12.705932236557851,12.556216388705636,3.01541108308635
COc1ccc(Br)cc1CC(C)(C(=O)O)c1ccccc1,-4.992,7.46429293369439,7.894405804112175,3.0067846613949594
CC(OC(=O)COc1ccc(-c2ccccc2)cc1)C(=O)NC(N)=O,-6.348,4.677867676623614,8.425112640196568,3.073568772615964
OCC1(F)CCN(C(c2ccccc2)c2ccccc2)C1,-5.131,6.951377992887453,8.1985212081204,2.904150478194957
N#Cc1ccc(NC(=O)COC(=O)C=Cc2ccc([N+](=O)[O-])cc2)cc1,-5.577,5.1654074379471755,7.243832549141373,8.011868321434147
O=S(=O)(Nc1ccc2c(c1)OCO2)c1cc(Cl)ccc1Cl,-5.101,6.792103208874259,8.457991782923415,2.927890196028532
Cc1ccc(N2CCN(C(=O)c3cnc(C(C)(C)C)[nH]3)CC2C)cc1,-5.767,4.560265233514384,8.233169863424413,3.612075442180022
Cc1ccc(S(=O)(=O)NNC(=O)c2ccc(F)cc2)cc1,-6.075,4.261223415874835,8.38757002951391,9.742674940692623
COc1ccc(S(=O)(=O)N(C)C)cc1C(=O)OCc1ccc2ccccc2c1Br,-6.095,4.313915738630043,7.894911905778302,3.256655032391364
CCOC(=O)N1CCN2C(c3ccccc3OC)CCC2c2ccc(Cl)cc21,-4.083,14.83718335803666,7.291859090794335,9.566864951487505
COCCN1C(=O)C(=O)C(=C(O)c2ccc(C#N)cc2)C1c1ccncc1,-4.823,4.390409775863752,7.31630412161769,8.054165319882625
CC1CN(C(=O)Nc2ccccc2F)CCC1C(=O)O,-5.559,6.665190169830115,7.466217918062664,2.908298471615319
CC(C)Cc1cc(=O)[nH]c(SC(C)C(=O)Nc2cccc(Cl)c2F)n1,-5.464,4.288151233340542,7.280991278665289,3.6229366541522654
CC(C)(C)C1CCc2ccccc2C1C(=O)NC1C=CC(C(N)=O)C1,-5.321,15.27754342163687,7.898806618724121,8.573337389838336
O=C(c1cc(Br)ccc1Cl)N1CCCC1C(Cl)(Cl)Cl,-4.603,7.469548112168501,8.42361074599248,3.2358501201384464
Cc1nc(CN2CCN(C(=O)c3cccc(NS(C)(=O)=O)c3C)CC2)cs1,-5.291,4.602795780827127,9.074196603556702,3.219289983831839
Cc1ccc(Nc2ccc(N(C)Cc3ccccc3)nn2)c(C(F)(F)F)c1,-6.091,4.950948595976331,7.431347926184051,4.276010523841119
Cc1[nH]c(C(=O)OC(C)C)c(C)c1C(=O)COC(=O)C(C(C)C)N1C(=O)c2ccccc2C1=O,-5.32,4.9533614848908405,7.66751387347946,5.051262911391565
CCc1sc(CC(=O)N(C)Cc2ccccc2F)nc1C(=O)OC,-5.531,4.313182699585075,7.26921412533707,3.1707443920947016
C=CC=CC=C(O)CCCCC,-3.629,13.317195125100481,11.922456542172842,2.961861070340741
CC(=O)N(C(=O)c1ccccc1C(=O)c1ccccc1)c1ccccc1F,-5.099,3.1978420849066325,7.340256807496587,9.508509609817933
Cc1cc(CS(=O)(=O)CCC(=O)N2CC(NC(N)=O)C(C)(C)C2)on1,-5.545,4.431205027980537,7.32742062393036,2.9088693679847495
Cc1ccccc1C(C)NC(=O)c1cnccn1,-4.925,12.719651253080801,11.683254897501808,9.15844839478828
Cc1cc(C)c(NC(=O)C(OC(=O)C2CC2C)C(C)(C)C)c(C)c1,-5.057,3.9642964066779873,8.504221598712018,9.566621190368103
NC1(c2ncc(Cc3ccc(Cl)c(Cl)c3)s2)CC1,-4.948,4.474740104184822,8.310881722176052,3.0651621490550873
Cc1ccc(NC(=O)C2CCCN(C(C)C(=O)Nc3cccc(Cl)c3C)C2)cc1,-6.432,4.4636981304743255,7.63445990231136,3.0999170956656252
O=C(OCC(O)COCC1CCC1)C(F)(F)C(F)(F)F,-4.477,3.972755844498878,7.648367995853755,4.242730842275999
CC(c1cccc(Oc2ccccc2)c1)N1CCN(c2cccc(Cl)c2)CC1,-6.008,4.031173650439782,8.014643161114535,3.329274095054358
COC(=O)C(C)n1[nH]c(N)c1-c1ccc(C2(C)OC(C)(C)OC2c2ccc(Cl)cc2)cc1,-5.571,5.0592586413426215,7.946657347589614,3.54400197516875
CCN(C(=O)C1C=CC(Cl)=CC1C)C1CCCCC1,-4.814,13.22274706708103,12.47895608614759,2.8641316310532936
CCOC(=O)c1ccc(Cl)cc1NC(=O)CNC(=O)CN(C)C1CCCC1,-5.257,4.445942419780086,7.127348034156884,3.469676786099826
CC(C)C1CCN(C(=O)CNCc2cc(F)ccc2Cl)C1,-5.392,12.95326483941404,8.54422816876984,8.676046219332859
NC(=NOCC1CCN(c2ccncc2)C1)c1ccc(Cl)c(Cl)c1,-6.001,4.4729764139776105,7.945313901917279,3.1919407889245064
CCOC(=O)C1=C(C(F)(F)F)C(O)CC1c1ccccc1OC,-4.573,7.362106084538582,7.806321604955819,3.1145187429200036
Cc1ccc(NC(=O)c2c(C(=O)O)[nH]c3ccccc23)nc1,-5.797,5.60843632396767,7.731743787788108,3.0247343685024637
CCOC(=O)C1Cc2ccc(OS(=O)(=O)c3ccccc3)cc2N1,-6.126,4.547117218634241,7.696551045760692,3.1140497748109306
COc1cc(C2C=C(CCC(=O)OC(C)(C)C)CC2)cc(OC)c1OC,-4.731,4.202326260537132,8.147597560017308,3.08920669428253
O=C(c1ccc(Br)cc1)N1CCN(c2nc3ccccc3s2)CC1,-5.727,4.419405050456453,8.148588159920712,3.4610915908135107
CCc1onc(C)c1C(=O)NCc1nc(-c2ccccc2OC)no1,-5.629,4.071118887971707,8.492906334112016,3.5488894037430923
CN(C(=O)c1ccc(O)cc1)c1cccnc1C(=O)O,-5.653,11.923193699676276,12.67882944123786,2.965415822443794
NC(=O)c1cc(F)ccc1NC(=O)c1ccccc1-c1nn[nH]n1,-5.425,6.799630578200555,7.982764496087805,2.9168630410082677
CC1(C)NC(NCCN2C(=O)c3ccccc3C2=O)=NC1=O,-6.135,4.363431791606234,8.476261911951518,2.936354372346771
Cc1cc(OCc2noc(=O)[nH]2)ccc1Cl,-5.423,12.544958907864146,12.314383987841211,2.931058853042702
CC(=O)N1CCCc2c(C(=O)OCc3ccc(C(=O)N4CCCC4)cc3)cccc21,-5.512,4.35566275094847,8.23170006742228,5.085975422669678
CC(C)CNC(=O)Nc1ccc2nnc(-c3cc(C(F)(F)F)cc(C(F)(F)F)c3)n2n1,-6.436,10.183528710618928,6.7141181103701175,7.948930556999476
Cc1c(C)c(C#N)n(CC(=O)N(Cc2ccccc2)n2cccn2)c1C,-4.453,7.697527784944981,8.200068902149543,3.0832906123166532
NC(=Nc1ccccc1)c1cccc(Cn2ccnc2)c1,-5.113,4.347647179797367,8.245318550547333,3.7126203684190497
CCCc1cc(=O)[nH]c(SC2CC(=O)N(c3ccc(Cl)cc3C)C2=O)n1,-5.116,8.21482081362704,11.103671915181934,5.063083744122746
Cc1ccc(C(=O)OCCc2c(F)cccc2Br)cc1S(=O)(=O)N1CC(C)CC(C)C1,-5.056,6.666266421318607,8.055597929390467,3.094164507585206
CCN1CCN(c2ccc3nc(NC(=O)c4ccoc4C)sc3c2)CC1,-5.467,4.793685951332232,8.394115379240386,3.0648737331250695
CC(C)OC(=O)c1cccc(N2C(=O)C(Cl)=C(Nc3ccc([N+](=O)[O-])c(N4CCC(C(N)=O)CC4)c3)C2=O)c1,-6.293,4.314549918589424,7.179475537948437,3.1064239890909935
CC(CC(N)=O)NC(=O)c1c(C(C)C)ccnc1NN,-4.794,8.310925881031547,8.308699416876266,2.945436809710913
Cc1[nH][nH]c(=O)c1-c1c(C(=O)O)nc2ccccc2[n+]1C,-5.678,12.917713845723632,11.622771657397386,2.70092687794394
NNc1nc(-c2cccc(NC(=O)CCN3CCCCC3)c2)cc(=O)[nH]1,-6.571,4.365562850309224,8.284479042160708,3.0926449844752626
O=C(O)C1CCC(Oc2ccc(C=NOCc3ccccc3)cc2)C1,-6.139,12.700319759754084,12.454334546654831,2.7175224010116272
COc1ccc(NC(=O)N2CCc3cc(C(=O)O)[nH]c3C2)cc1C(C)(C)C,-6.484,4.736235319322721,8.062423767081459,3.0302524647296307
CCC(C)NC(=O)c1nnn(C(C)(C)C(=O)Nc2ccccc2C#N)c1C,-6.06,4.085762719493142,7.600269732055567,3.3398240971643993
CC(O)C(NC(=O)CCC(=O)OCC(=O)OCC1(CO)OC(CO)C(O)C(O)C1O)C(O)CO,,,,
COc1ccc(N)cc1C(N)=NC(=O)Nc1ccc(F)cc1C,-5.344,4.503006329109476,8.274486691028029,4.50895442425403
CC(C)c1cc(C(=O)O)cc(NCCOCC(F)(F)F)n1,-6.179,12.166315835124452,12.28612799054283,2.8504003227617
CC(=NC(C)=C(C)C)c1cnccn1,-4.996,12.908976876577013,12.78241405212646,3.2117241475568847
COc1ccc(Cl)cc1Nc1ccc(C(=O)Nc2ccc(F)c(Cl)c2)nn1,-5.997,4.247388374048222,7.753957247754207,3.40847854621384
O=P1(Cl)C=CN=N1,-3.597,16.092214421887373,12.186303869508588,2.990532561267307
Cc1ccccc1N1CCN(C(=O)C(C)NC(=O)c2ccco2)CC1,-5.689,4.732211639392304,7.9073829425417355,3.1167779837518106
NC(CO)c1ccc(Sc2ccccc2Cl)cc1,-5.033,12.516835902096025,11.670405348572947,3.0163829332496896
Cc1cccc(C=Cc2ncc(C(=O)NC3CCCCCC3)n2C)c1C,-3.761,13.13225304355654,8.66914863178617,8.716120352542179
Cc1ccc(C(=O)N2CCN(C(C)C(=O)Nc3ccccc3Cl)CC2)cc1,-5.717,12.685135158917307,7.183617125097912,9.782455622184033
CC(C)Oc1ccc(CNC(=S)Nc2ccc3c(c2)CCC3)cc1,-5.655,12.66845783826903,7.394908653932109,8.819634346161978
CCOc1ccc(NS(=O)(=O)c2cccc(S(=O)(=O)Nc3ccc4[nH]c(=O)[nH]c4c3)c2)cc1,-6.444,4.413247670367028,7.165448555394141,2.9214539188561583
O=C1C(O)CCn2cccc2N1c1ccc(Br)cc1Cl,-3.897,7.258687691311701,9.009678962094043,2.807130029051023
COc1ccc(C2CCCN2C(=O)CN2CCCc3nccnc3C2=O)cc1,-4.178,7.945806000652169,10.868636621030259,4.579201022012465
Cc1nn(C(C)C(=O)Nc2ccc(F)cc2)c(C)c1C=CC(=O)O,-5.672,4.968383338672651,8.345721358876055,2.782095073860704
COC(=O)c1ccc(NC(=O)Cc2ccc(S(=O)(=O)N3c4ccccc4CC3C)cc2)cc1,-6.072,5.652777547365542,8.789064227777608,3.1312218062602977
Cc1ccc(-c2nc(C)c(CC(C)C)c(=O)[nH]2)c(C)c1,-5.452,4.460802954625994,8.014838426319024,4.659709003789828
Cc1cc(C(=O)N2CCCCC2C)ccc1[N+](=O)[O-],-4.639,6.180855037937712,8.357358733475547,3.237420114844535
CCCn1cnc2ncn(CC(=O)Nc3c(C)cccc3C)c(=O)c21,-5.216,4.011077785334011,8.251866031389506,9.780117637329319
CCN(CC(=O)Nc1ccc(C)cc1)c1ncnc(Cl)c1C=O,-5.418,4.565467226911174,7.3847996587585225,3.5082829133352407
Cc1cnn(C2CCN(Cc3ccc4[nH]ccc4c3)C2)c1,-5.422,12.848150294886809,7.334341688249873,8.949939943932582
COc1cc(Br)cc(C(=O)NN=Cc2cc(Cl)c(Cl)cc2Cl)c1,-5.459,4.143524345288682,7.712905678147503,3.0458102370305347
NC(=O)Nc1ccc(NC(=O)c2ccc(NC(=O)C3CCCS3)cc2)cc1,-5.823,6.835980251580602,7.344612038766921,5.325229196945423
O=C(Nc1cnccn1)c1c(F)cccc1I,-4.969,12.872845334268566,12.015108946655458,2.9503813312858393
COc1ccc(C(C)NS(=O)(=O)c2cc(C(=O)N3CCOC(C)C3)n(C)c2)cc1,-5.536,4.518944677687479,8.071591045140975,3.332761617637841
O=C(Nc1ccc(F)cc1Cl)c1onnc1-c1ccccc1,-5.847,4.359082586967125,7.85845347380768,8.702350544536804
Cc1ccc(CN(C)C(=O)COC(=O)Cn2cc(C(F)(F)F)ccc2=O)cc1,-5.737,4.175993055549781,7.774871445882561,3.152802087033056
C(=Cc1ccccc1OCC1CC1)c1ccon1,-5.213,12.27419023805644,12.573673051260716,2.835931064042283
N#CC(=Cc1ccc(-c2c(Cl)cccc2Cl)o1)C(=O)Nc1ccc2c(c1)OCO2,-5.856,6.418704542195409,8.679685593384129,3.0575464019373455
O=[N+]([O-])c1cc(I)ccc1S(=O)(=O)c1ccc(N2CCCCC2)cc1,-5.243,6.974112703419697,8.898473857915187,2.89366013899352
CN(C)CCN(Cc1ccccn1)C(=O)C1(C)CC1(Cl)Cl,-4.125,7.3266423414822155,8.54656521650657,3.4314792728501216
CCC(C)N1Cc2cc(C(=O)O)sc2C1C(C)C,-4.677,5.70927394683422,8.102753791150265,2.958478494091177
CCC(C(=O)NC1CC1)N(Cc1ccccc1)C(=O)COc1ccc(Cl)cc1Cl,-5.021,3.91191641014989,8.234340107136697,5.844529835666852
CCOC(=O)c1cc(NC(=O)NCC(OC)c2cccc(C)c2)ccc1OC,-5.591,4.570543621933829,7.803279438800074,3.0953297078017386
C=CCOc1c(O)cc(O)c2c1CCC(C)C21CCN1C,-5.317,12.668904846118311,12.738583673234634,2.7520383354888063
Cc1ccc(C(=O)NC2=NCCC2c2cccs2)c(C)c1,-5.924,4.340773433387189,7.452231142416343,7.653963221756425
CCOC(=O)c1ccc(C2CCC(NC(=O)CC)CC2)cc1,-5.004,12.653286766686353,7.441305933772647,9.782575376658235
COc1ccc(NC(=O)c2ccc(NC(C)c3cc(C)on3)nc2)cc1,-5.873,11.856439853514207,7.849824265548879,8.951333531938133
CCOC(=O)c1csc(C(F)F)c1C1CCCN1CCC(=O)c1ccc(Br)cc1,-4.981,3.833925533966459,7.924093008035682,6.08826986918287
NC1C=CCC(C(=O)Nc2ccc(Cl)cn2)C1,-4.998,6.425877216380654,8.315642007686478,2.887273107968831
CC(C)(C)OC(=O)CC(CC(=O)OC(C)(C)C)NOC=O,-4.337,4.007835575469632,7.406549128980378,5.1513169190023635
CCOC(=O)c1c(C)c(SCC(=O)NN=C(C)C(=O)NCc2ccco2)n(-c2ccccc2)c1C,-5.865,4.356779200280867,7.997790194797561,3.1927646327281947
CC(=O)c1ccc(-c2cnc3ccccc3n2)cc1,-5.364,12.848004280821204,7.326603646984052,9.586806819791457
CCCCN(C(=O)Cc1ccc(F)cc1)C(C)c1cc(C)ccc1OC,-5.484,4.2888575401847975,7.194719452487358,3.7917474863181493
O=C(NCc1ccc(Cl)cc1)c1cnn(Cc2ccco2)c1C(F)(F)F,-5.56,4.511457635842323,8.594155048636253,3.102312202213053
Cc1ccccc1OCC(=O)c1ccc(-n2cccc2)cc1C#N,-5.835,12.867034040523869,7.531376169067642,8.017605191077944
O=C(O)C(=O)N1CCCC(n2cccn2)C1,-4.706,7.70059445757274,7.879850823461063,3.018980457041747
COc1ccccc1N1CCN(C(=O)c2cn(C)nc2C(F)(F)F)CC1,-5.374,5.686918409824426,8.04692674255209,3.078344685053965
CCn1nc(C)c(CN(C)C(=O)c2ccc(Br)cc2)c1C,-4.689,3.4264210190809883,7.543703931093796,10.10885967851963
O=C1NC(=O)C(=Cc2ccc(C(=O)Nc3cccc(Cl)c3)cc2)N1,-6.143,4.733891105633926,7.726969004726238,3.0732817963863974
Cc1ccc(C)c(Cc2cnc(C3CCCN3C(=O)C3CCOC3=O)o2)c1,-6.122,4.32088185443666,7.837361035450644,3.032159131707965
Nc1cccn(-c2ccccc2F)c1=O,-4.475,13.558841875322537,12.909947366275356,2.9114280001401376
CC1Cc2ccccc2C=N1,-4.142,14.02931623422895,13.093623944500623,3.370703339067382
CCC(=O)Nc1cc(NC(=O)c2c(C)nn(Cc3ccccc3Cl)c2C)ccc1C,-6.246,11.377809323415471,6.517156204971614,7.831882915365884
CC(C)(C#N)c1ccccc1Oc1ncccc1C(=O)N1CCCC1,-5.078,10.773390088546872,8.93736079611873,12.745437772002969
CC1CCCC(N2CC(=O)NC2=NC(=O)CCC(=O)O)C1,-5.233,5.690939553360236,8.173123270818811,2.9451842047654684
Cc1cc(NC2COC(C)(C)C2)nc(N)n1,-4.624,7.580971507663117,8.473770176255666,3.4075501463661544
CCCSCCN1CCCC(C(N)=O)C1,-4.04,12.375496313279722,12.25413893343796,2.974333538794868
CCCCN(C)C(=O)c1cc(S(=O)(=O)NCc2ccccc2C)cn1C,-4.774,3.8684257780135827,7.731060793966117,6.9234547012311705
COc1ccc(NC(=O)CC2C(=O)N(c3ccc(Cl)c(Cl)c3)C(=S)N2C(=O)Nc2ccccc2F)cc1,-6.11,4.627391705918139,7.049661623085182,3.530121527653122
Cc1ccc(C(=O)NC2CC2)c(NC(=O)c2cc(N)nc(C)n2)c1,-5.43,6.303719616226598,7.37998678860606,3.2552382401292843
O=C(CCNC(=O)c1ccc(=O)[nH]c1)Nc1cccnc1Cl,-5.544,4.408695952319687,8.438526767155507,3.169331001962402
Cc1ccccc1C1=NC(=S)NC(c2ccco2)C1,-5.444,12.711301310251441,12.580704392044192,2.9901215694349284
Cc1ccccc1C(=O)N(CC(=O)N1CCN(Cc2ccc(Cl)cc2Cl)CC1)c1ccccc1C(F)(F)F,-6.409,3.438633013277223,7.660081853348566,3.3389967055988543
Cc1ccc(CCC(=O)N(c2ccc(C)c(Cl)c2)C(C)C(=O)NC(C)(C)C)cc1C,-6.383,12.757893870071188,11.955372432509161,2.9457632287745055
Nc1cc(Cl)cc(C(=O)OCC(=O)Nc2ccc(N3CCCC3=O)cc2)c1,-5.528,4.998184770494184,7.808513430865058,3.1995932553998174
Cc1nc(SCC(=O)Nc2cccc(Cl)c2)n(C)c1-c1ccccc1C(F)(F)F,-5.649,12.916066700044562,8.021297712963907,8.212178456414595
CC(NCC(O)c1ccccc1)c1cccc(Cl)c1,-3.927,7.889202557926879,8.226560702991257,3.0557056468187507
N#Cc1c(N2CCCC2)nc(N)[nH]c1=O,-5.303,13.022702100562695,12.328249429663565,3.0244611090242177
Cc1ccc(Cn2c(C)cc(C=Nn3c(C(C)C)nc4ccc(Br)cc4c3=O)c2C)cc1,-6.123,10.572811452021641,7.393142092507082,9.957444250408837
Cc1ccc(C2(O)CCNCC2C)c(C)c1,-5.172,13.410088776738206,11.759345432463492,8.769670803399634
COc1ccccc1Oc1nc(N)ncc1-c1ccccc1,-4.911,4.469980536870379,7.431544523179553,6.1243782541577225
Cc1[nH]nc(-c2ccc(N)cc2)c1C1C=CN=N1,-5.522,12.54917578966842,12.334744991283767,2.848630021606877
CC(C)(CCO)OC(=O)CCc1ccc(Cl)cc1Cl,-4.548,4.9852347988835986,7.834673254195097,3.0532964153517743
CCOC(=O)c1ccc(NC(=O)C2CCN(S(=O)(=O)c3ccc(C(C)=O)cc3)CC2)cc1,-5.728,12.531361857356128,6.951774233963586,9.108209977816717
CCCCNC(=O)c1cc(Cl)ccc1NC(=O)c1n[nH]c2ccccc12,-5.622,10.311539846211137,8.304295093504324,12.297739182467646
Cc1ccccc1-c1ccc(=O)n(Cc2ccccc2)c1,-5.474,14.025405662582456,7.139271251325306,7.415661602311691
O=C1C2CCCCCC2(c2ccccc2[N+](=O)[O-])C(=O)N1c1cccc(C(F)(F)F)c1,-4.696,4.620202809401336,7.419497894062642,4.76495897149178
Cc1ccc(Oc2ccc(C#N)c(Oc3ccccc3)c2)cc1S(C)(=O)=O,-6.331,4.790021398699591,7.934551909213273,3.040401947111598
Cc1ccc(OC(C)C(=O)NCCOc2ccc(-c3ccccc3)cc2)cc1,-5.76,4.161033044809907,7.08131188410735,7.288393375772194
CC(C)(C)C(=O)OCC1CCC(c2ccccc2)=C(c2ccccc2)O1,-5.38,12.965855698718848,8.467220854566154,7.613762276299412
CC(C)(C)OC(=O)N1CCC(N(Cc2ccc(Cl)cc2)C(=O)C2(C)CC2)CC1,-5.3,3.4987537781330076,7.626932410871358,4.775628230924179
CCCN(CCC)S(=O)(=O)c1ccc(NCCC2CCNCC2)c(C(=O)OC)c1,-4.901,4.972054504930532,7.364041689181288,3.0487930398766
O=C(OCc1nc(-c2ccoc2)no1)C1=COc2ccc3c(c2O1)CCC3,-6.469,4.491290905741912,7.578862513596615,3.0383049550695214
Cc1cccc(C)c1N(Cc1ccco1)C(=O)C1CCC(C(=O)O)O1,-5.915,12.508605437857572,12.434957901014382,2.9405706929097963
CCC(C)CN(C)Cc1c(C(=O)O)coc1C,-3.638,12.783279000319128,11.608037344874456,8.948494566126753
Cc1c(C(=O)N(Cc2ccccn2)c2ccccc2)cnn1-c1ccccc1Cl,-5.62,4.506794204309755,7.495790418628312,3.2980815635760146
CCc1nc(CNC(=O)C(C)(C)c2ccccc2)cs1,-4.785,4.456767214024085,7.215206441952995,8.457234772666537
Cc1ccc(NC(=O)c2oc(=O)oc2COC(=O)CC(N[N+](=O)[O-])C(C)(C)C)cc1,-5.63,4.6597555729887805,7.418348805495735,3.4790814879792626
CC(Sc1cc(N)cc2cc[nH]c12)c1ccco1,-5.192,12.748567370493047,12.540522078446335,3.0666049631473564
CS(=O)(=O)Nc1ccc(NCCC#N)c([N+](=O)[O-])c1,-4.431,5.049302625115669,7.3546564161760815,2.966033040948803
O=C(C[S+]([O-])Cc1ccccn1)NCCC1CCCCC1,-4.674,4.421320843367963,7.298628775324855,3.3966751390146226
Cc1c(C(=O)NCC(=O)Nc2ccc(F)c(F)c2F)cnn1-c1cccc(F)c1,-6.302,12.560892165765933,7.4942725464183635,9.120231192245074
C=C(C)COCC(O)CSc1nnc(-c2ccc(C)s2)o1,-4.819,4.331498932240431,8.143672021883003,3.4247925484618778
COc1ccc(C(=O)N2CCN(c3cccc(C(F)(F)F)c3)CC2)c(Cl)c1,-5.87,3.843212978745778,8.007308037037166,2.9186239908559637
CCC(NC(=O)c1ccc([N+](=O)[O-])c(C)c1)c1nc2ccccc2s1,-5.736,12.303178004076834,8.481420989433316,8.68138894417247
Cc1ccc(C(C)C)c(OCCCC(=O)OCC(C)C)c1,-4.552,5.039143875699522,7.868363552861548,5.30298557418366
CCc1nc(-c2nc(CC)c(C)s2)nc(C(C)C)n1,-4.787,12.786147699756953,7.30881796188686,7.903388766851849
CCN(CC(=O)Nc1ccccc1C(F)(F)F)C(=O)CNC(=O)c1ccc(Cl)cc1Cl,-5.0,4.270366377724515,7.172716709866631,6.210757844257012
Cn1ccc(C(=O)NCc2cccnc2N2CCN(c3ccccn3)CC2)n1,-6.285,4.459184903096081,8.237221011967568,3.227326137842285
Cc1cccc(S(=O)(=O)NCc2cnc[nH]2)c1,-5.016,12.933297684658775,8.729594778682456,8.591411816459503
O=C(Cn1ccccc1=O)N1CCN(c2ccccn2)CC1,-5.22,4.265234460144014,8.173319827340663,3.5626264188095833
CCN(C(C)C(=O)NCC(=O)NC)S(=O)(=O)c1cccc(C(F)(F)F)c1,-5.082,4.041883842962338,7.289290843422287,3.023919311092807
O=C(Nc1nnc(C23CC4CC(CC(C4)C2)C3)s1)c1oc(-c2ccoc2)nc1C1CCCC1,-6.705,4.332873757680922,7.762283684586643,5.088615725322555
Cc1cccc(N2N=C(c3ccc(C4CC4)oc3=O)CC2=O)c1,-5.817,4.558091815661462,8.255203025970953,3.3986835686777317
Cc1noc(SCc2noc(Cl)n2)n1,-5.062,12.395792753995204,12.46375878296752,2.9237375053174657
CCN(CC1NC(=O)CS1)C(=O)c1ccc(C(C)=O)s1,-5.355,12.015952604766715,12.235027789097987,3.0536758177645504
CC1CCCN(C(C(=O)c2cccc(N)c2)c2ccncc2)C1,-5.622,12.913958455872468,12.036232051601532,3.00816621881172
Cc1oc(-c2ccccc2)nc1COC(=O)C1CCCN1C(=O)c1ccco1,-6.37,4.52646639223136,7.610521467021822,2.997447414050829
O=C(Nc1ccccc1NC(=O)c1cccs1)c1cccc(-n2ccnc2)c1,-5.893,3.687224565984556,7.500399856007678,8.261255413071309
NC(C(=O)O)(c1ccccc1)C(F)(F)c1ccc(F)cc1Cl,-5.276,7.7798401011845995,8.166812964676,2.8207803884740827
CCOc1ccc(NC(=O)C(C#N)=CN(N)Cc2ccc(Cl)cc2)cc1,-5.41,12.918543493753464,7.472331162361583,8.890819759729697
CC(=NNC(=O)CSc1nnc(C)n1N)c1cccnc1,-4.748,5.755296256492796,8.60298488897894,3.27275938620608
Cc1nsc(NC(=O)CN(c2ccc(Br)cc2)S(C)(=O)=O)c1C(=O)O,-5.767,12.133955332042392,11.89457876513498,2.8774085563228593
CC(NC(=O)C1CCCC1O)c1ccccc1,-5.189,12.977406366450888,13.081357613030844,3.0069469566322584
COc1ccc(C(=O)N2CCC(CN)C2)cc1,-4.55,12.663278445963352,12.59404152764314,2.8035309878793924
CC(Nc1ccc(N2C(=O)CCC2=O)cc1)C(=O)N(C)Cc1ccc(Cl)cc1,-5.564,12.714288851524492,7.526148815961587,7.887388414424638
Cc1ccc(C(CC(=O)OC(C)C)NC(=O)c2oc(C)nc2C)cc1,-5.311,7.059501257171076,7.997466848946608,3.070034853222354
O=C(c1[nH]c(=O)[nH]c1O)C(Cl)(Cl)Cl,-4.448,13.648353600343157,12.773952716367788,2.8307260552727453
CCn1c(CCNC(=O)c2ccccc2)nnc1C(C)C,-5.29,12.092047014463681,12.550795592312067,2.9704962548368923
N#Cc1cc(F)ccc1NC(=O)COC(=O)CN1C(=O)c2ccccc2C1=O,-6.633,4.7387138550454795,7.804370890725274,3.1376738198863183
CC1CC(C)CN(C(C)(C)CNC(=O)C2CCc3c(nc[nH]c3=O)C2)C1,-5.892,4.631448477528385,8.218495543589471,3.489275856105391
CC(C)(C)NC(=O)c1ccc2nc(-c3c[nH]c4ccccc34)[nH]c2c1,-6.003,5.236702015581945,8.091827296723528,3.5309603509526983
NC(=O)Nc1ccc(NC(=O)C2CC2C(=O)Nc2cccc(C(F)(F)F)c2)cc1,-5.921,10.200074999724265,8.172176515470039,10.337062687243412
CN(c1ccc(Cl)cc1)S(=O)(=O)c1ccc(NS(=O)(=O)c2ccccc2Cl)cc1,-5.774,4.486561935379918,7.621737137949588,2.921825799050997
CCC1CCC2C3CC(CC3O)C12,-4.664,12.568208305084699,12.784926593453713,3.26123304901689
Cc1ccc(NC(=O)CN(CCC(=O)O)Cc2ccc(Cl)c(Cl)c2)cc1F,-5.731,3.6182766616166875,7.302697172962877,5.154576510247956
CC(NC(=O)COC(=O)C1CC(N)CN1)c1ccccc1Cl,-5.121,3.6147981963036333,7.838114632996891,5.153544993497195
O=C1NCCN(c2cc(C(F)(F)F)ccc2Cl)C1C(F)(F)F,-5.464,13.382995927668812,9.935484789379933,9.19131339907415
CC1Cc2cc(C(O)=C3C(=O)C(=O)N(CCN(C)C(=O)c4ccccc4F)C3C)ccc2O1,-5.569,4.932218162247084,7.24802131619382,4.945135589647668
CC1CCC(C(=O)O)(C(=O)Nc2ccc(C#N)cc2)C1,-5.314,5.589707058513889,7.938933429623906,2.9849055261431636
CCN(CC)CCN1C(=O)c2ccccc2C1=O,-4.644,12.638651866397776,12.70259949774061,3.1559133384806373
Nc1nccc(Cc2cccc(S(=O)(=O)Nc3ccccc3Oc3ccccc3)c2)n1,-6.49,4.432852467655562,7.352934856232577,3.3968011422513387
Cc1cc(N2CCCCC2C(=O)Nc2ccccc2F)nc(C(C)C)n1,-5.784,3.9936343097484523,8.214509419314096,6.4071208822684165
Cc1ccc(C)c(-c2csc(NC(=O)CCNC(=O)c3ccc(Cl)cc3)n2)c1,-5.876,4.417227524137736,8.14531945352667,7.981248711824485
Cc1ccncc1-c1ccc(C=C(C#N)C(=O)NCCN2CCCCC2)o1,-5.772,10.993463739877436,7.194243045658104,3.1383360240739058
O=C1C(N(C2CCCCC2)C2CC2)CN1Cc1ccccc1,-4.998,13.319606826029064,8.49005471124892,8.495998822975437
COCCn1c(-c2ccc(Cl)cc2Cl)nnc1N(CC(C)(C)C)C(=O)c1ccco1,-5.232,4.5453108804569125,7.549681317777592,3.45769605373289
Fc1ccc(C=Cc2noc(-c3c(Cl)ccc(Cl)c3Cl)n2)cc1,-5.826,4.942623898295317,8.090820662948845,3.4521800358613977
Nc1nc(N)c2c(n1)NC(=O)C(c1cccc(Cl)c1)N(Cc1cccc(F)c1)C2,-4.707,6.843924458963585,8.199007622877296,3.3303280619182245
Cc1cc(C)n(Cc2nnc(C(C)NC(=O)c3ccc(C(F)(F)F)cc3)n2C)n1,-5.978,12.653347304172126,7.141973746801371,7.116762395921336
Cc1ccc(N)cc1-c1nc(C2CCCO2)no1,-5.041,11.661193292283599,7.989245145819473,11.847926654060617
NS(=O)(=O)CN1C(=O)CSc2ccccc2C1=O,-3.345,12.763072239864508,11.84013395194497,9.075989918460685
Nc1ccc(Cl)c(NC(=O)c2ccc(O)cc2)c1,-5.29,12.742554335768007,12.544339161550122,3.0275166390954817
Cc1ccccc1C(=O)NC1CC(N(C)CC(F)(F)C(=O)O)C1,-5.442,12.222640508498973,8.327983009108507,8.666127681958072
CCc1ncnc(N(C)Cc2ccco2)c1C(N)=S,-5.348,12.474841562120139,12.347426371515645,2.9470922958061574
Cc1cc(NCc2cccc(NC(=O)C3CC3)c2)nc(C)n1,-5.875,12.277976624835219,12.544511708312923,3.0315980934154183
COc1ccc(Cl)cc1NC(=O)C1CCN(c2cc(C)nc(C3CC3)n2)CC1,-5.743,5.141973259362596,8.461559726197056,2.9094076716747685
O=C1CCC(c2nc3ccccc3c(=O)n2Cc2ccc(F)cc2)N1Cc1ccc(F)cc1,-5.708,12.896345645181816,6.880063371801164,6.602252115755653
CCc1nc(-c2ccccc2Cl)sc1C(=O)Nc1ccc(Cn2ccnc2C)cc1,-6.058,4.984568185911393,8.343702115967467,2.9257616102478345
COc1cc(NCC2CCCN2Cc2ccccc2)ccc1[N+](=O)[O-],-5.937,4.681543121664053,8.226273092962572,3.1325812040552115
NC(=O)c1ccc(NCc2ccccc2C(F)(F)F)c(Cl)c1,-5.263,12.774884304759867,7.299095971420022,7.879296224917553
O=C1CC(C=Cc2ccco2)C(=O)N1Cc1ccccc1,-5.623,12.415621329599256,12.385184738226556,2.9075003009458147
CC(C)(C)OC(=O)c1ccc(OC(=O)OCc2ccc(NC(=O)OCC3c4ccccc4-c4ccccc43)cc2)cc1,,,,
Cc1c(Cl)cccc1S(=O)(=O)C1C(C)OC(=O)C1C,-5.159,13.007712289253634,12.2218350504333,2.9265360069542963
CCC(C)N(CC(=O)N1CCN(c2ccccc2)CC1)C(=O)c1cccc(F)c1,-5.156,3.3459003272661896,7.425576408602903,8.119538964744242
Cc1ccc(Cl)cc1CC(=O)C1(C)CCCC1,-4.882,12.891906375707201,12.364759722695789,2.9500783040455048
COC12CCC(=O)N1c1ccc(C#N)cc1C2N(C)C(=O)O,-4.946,3.5730542956971703,8.198307752213257,7.036161737765839
CCC(NC(=O)c1ccc(S(C)(=O)=O)cc1)c1ccc(C)cc1,-5.379,4.857205266405776,8.262996611399522,2.9894790516074874
CC1(C)CC(=O)N2C(=O)CC(=O)C(=C(O)c3ccccc3)C2C1,-5.222,4.495887565320112,7.464564689250137,6.756177025507843
OOC1(c2ccccc2)C=CC=CN1,-5.794,15.647525075870625,12.638235240728825,2.8016518341863965
Nc1ccnc(C(c2ccccc2)c2ccco2)c1,-4.871,4.40586892678391,7.434227195882569,8.629758107849836
Cc1nnc(SCC(=O)Nc2ccccc2C(=O)c2ccccc2)nc1N,-6.208,3.365532647293739,7.452167872505289,3.512496975087666
CNC1CCN(C2=C(C(=O)c3ccc(C)o3)C(=O)NC2)C1,-5.498,12.36073549591609,12.035137805609041,2.7018736091830795
Cc1ccccc1NC(=O)c1ccc(Nc2ccc(-n3cccc3)nn2)cc1,-6.475,4.491456556619467,8.484406873789116,2.9355990870689412
O=C1CC2(CCCC2)OC1Cc1ccccc1,-5.677,12.705709031769931,12.72237501412374,3.3586381168562958
CCCCOC(=O)c1cccc(N2C3CS(=O)(=O)CC3C(=O)N2C(=O)c2ccccc2Cl)c1,-5.634,4.564982913440093,7.92375649550136,4.295678409750897
COC(=O)C1(c2cc(C)nn2C)CCN(C(=O)OC(C)(C)C)CC1,-4.235,6.6081302953256005,8.5718822903724,2.8664992586777336
COC(CNC(=O)c1cc(-c2ccccc2)on1)C(=O)O,-5.727,5.0791655810772705,7.157138604218867,2.9792299340601427
Cc1ccc(-c2ccc(Cl)c(C(=O)Nc3cccc(C)c3C)n2)cc1,-6.172,10.787951798186716,7.321324060578114,10.19363060935602
CCCCCNC(=O)c1ccc(C(=O)Nc2ccc(C(F)(F)F)cc2)cc1,-5.348,10.305136825874753,7.425320801150614,7.71344598736518
Cc1cc(C)cc(N2CCN(C(=O)c3cc(-c4ccc(C)cc4C)[nH]n3)CC2)c1,-7.094,5.429874584187005,8.768002851276908,3.4728550214484923
CCc1cc(C(=O)Nc2c(Cl)ccc(C)c2Cl)c2cnn(C)c2n1,-5.713,3.6266277724630083,9.044341269545285,9.085363779178024
Cc1cc(N(C)CC(C)C(=O)O)nc(-c2ccco2)n1,-5.6,4.315595671515115,7.9896817208196715,3.0097408526316674
O=S(=O)(OCC1OC(CO)C(O)C(O)C1O)c1ccc(Cl)cc1,-5.771,4.496995441403071,7.509866243815531,4.866808091552409
CC(NC(=O)c1ccc2c(c1)NC(=O)C(C)(C)O2)c1ccccc1F,-6.06,12.640113963093846,7.267694889027744,8.083109673881705
Cc1cccc(Nc2cncc(C(=O)Nc3ccc(F)c(F)c3F)c2)c1,-6.022,4.351676918154656,8.352170137155971,9.98755876077833
O=C(NN=Cc1ccccc1OCc1ccc(F)cc1)c1ccc(F)cc1,-4.776,6.784208575803076,8.236991865966603,2.9175916438048684
Cc1ccc(N(C(C)C(=O)NC(C)c2cc(C)c(C)cc2C)S(C)(=O)=O)c(C)c1,-5.04,4.694054430873166,7.14808086132215,7.651103776580213
Cc1cccc(CN2CC3CN(C(=O)c4cccc5occc45)CC3C2)n1,-5.766,3.398912914447794,7.48417804438136,9.914149131418187
CC(CNC(=O)C1N(C)c2ccccc2OC1(C)C)NC(=O)c1ccccn1,-5.251,6.48126762292686,7.168796412229879,3.1378135699878666
C=CCc1nc(Nc2cccc(OC)c2)sc1C(=O)Nc1cc(C)ccc1C,-5.861,12.413532776772291,7.178329262439833,6.839285562103691
COc1ccc2c(N3CCC(C#N)(N(C)C)C3)ccnc2c1Cl,-4.976,14.177865177804449,7.515139453130594,8.56885394904126
CCOc1ccc(C(=O)NC(C(=O)Nc2cc(Cl)ccc2C)C(C)C)cc1,-5.623,3.5744449918833547,7.437657225228922,9.26545978351857
Cc1ccnc(NS(=O)(=O)c2cccc(NC(=O)c3nc(Cl)ccc3Cl)c2)c1,-6.662,4.193124014383547,7.267601667675519,3.2369150436797076
Cc1noc(COC(C)C(=O)Nc2ccccc2C#N)n1,-5.767,12.782894077633594,12.8988291329097,2.9882754223799384
COc1ccc(CNC(=O)C(C)Oc2ccc(NC(=O)c3ccccc3Cl)cc2)cc1,-6.117,12.646607371148992,8.300196865135188,8.900547848306866
CCOC(=O)C1C(C)=NN(C(=O)c2ccccc2)C1c1cccnc1,-5.139,7.417676523009075,7.802388031878445,2.811033084116941
COc1ccccc1CCC(=O)Nc1cc(Cl)c(NC(=O)c2cc3ccccc3[nH]2)cc1OC,-6.472,4.607537954265814,8.373839441976422,3.2793502405202166
Cc1nn(CC(=O)Nc2ccccc2Cl)c(C)c1[N+](=O)[O-],-5.241,4.325774034782676,7.748162814499962,3.248084050636621
Cc1cc(C(=O)NCc2ccc(Cl)cc2)c(C)n1-c1ccccc1NC(=O)C1CC1,-5.769,4.7812455490175365,8.619171711945413,6.793975787416378
Cc1cccc(NS(=O)(=O)CCC(=O)N2CCN(Cc3csc(C(C)C)n3)CC2)c1,-5.937,4.0920784449958925,8.327978566254838,3.4244640456573636
Cc1ccccc1NC(C)c1ccccc1NC(=O)C(C)CC(C)C,-5.465,15.117468901902859,7.443558356055253,8.716260436678105
CCC(Oc1ccccc1)C(=O)Nc1n[nH]c(C(C)C)n1,-5.478,3.875177157240685,8.356691570232803,9.335723110718313
Cc1c(C(=O)OC(C(=O)c2ccccc2)c2ccccc2F)oc2ccc(Cl)cc12,-6.9,3.294714251646112,7.368868976986903,3.377091796205724
Cc1ccc(CN(C(=O)c2cccc(-c3cccc(CN(C)S(=O)(=O)c4ccccc4)c3)c2)C2CC2)s1,-5.76,5.0941271087400235,7.360225675887934,3.812347701876102
NC(=O)c1ccc(NC(=O)Cn2cnnn2)cc1,-5.146,11.060739667852237,8.031433060170519,11.348538628387356
COc1ccc(Oc2cc(N(C)Cc3cccnc3)ncn2)cc1,-5.487,12.903143531713502,8.16417674967905,8.99529538147581
CCOc1cc(-c2ccco2)c(N=C(N)N)cc1Cl,-5.543,12.640881496161573,12.494072714691555,2.9992123966134843
O=C(CNC(=O)c1cccc(Cl)c1)OCc1nnc(-c2ccc([N+](=O)[O-])cc2)o1,-5.051,5.260691019248325,8.285862538082561,2.9567972537866045
CC(c1nc2ccccc2s1)S(=O)(=O)N(C)CCN1CCN(C)CC1,-5.355,4.2664580157315495,7.471076562316838,3.0955571388685437
CC(C)(C)c1nc(C(=O)NC2Cc3ccccc3C2)n[nH]1,-5.692,4.685252394482074,7.745832492379369,4.821229822358606
O=C(Nc1cccc(Br)c1)c1ccnc(C(=O)NCc2ccccn2)c1,-6.007,4.6232223610810665,8.44694110314497,3.1896971643088645
Cc1nn(-c2ccnc(NCc3c(C)nn(C)c3C)n2)c(C)c1C,-5.706,4.099871827264847,8.05739765681203,3.5508197645050923
CS(=O)(=O)N1CCc2cc(NC(=O)COc3ccccc3C#N)ccc21,-6.428,4.710282687907383,8.133208223081466,2.9249958974330212
CCOC(=O)C(Cc1c(OC)cccc1OC)C(=O)O,-4.444,7.597765987446574,7.555773752568296,2.9120058379062366
COC(=O)c1ccc(C(=O)NC(C)c2ccc(SC)nc2)cc1,-5.264,13.07264659508548,9.008295565754935,9.138997209759943
Nc1noc(-c2ccc(Cl)nc2)c1-c1nc(-c2ccccc2)cs1,-5.813,4.485306901428262,8.423121630369586,3.437893831984926
CC(c1ccccc1)N(C(N)=O)c1cccc(Oc2ccccn2)c1,-5.226,5.822640895676119,7.4180563492063065,3.062405263840826
CCOc1ccc(N(CCO)C(=O)CCCCl)cc1,-3.92,6.4772097387686935,8.15532954576331,3.022440900993764
Cc1cc(N=Nc2nc3nonc3nc2N)ccc1O,-5.423,5.180981374218594,8.08439905002221,2.9878870460577986
COc1ccccc1NC1=C(c2cccc([N+](=O)[O-])c2)C(=O)N(c2ccccc2)C1=O,-6.043,6.342919674723936,7.350649359070257,3.0816044522293904
Cc1cc(C)nc(Nc2ccc(NC(=O)c3ccco3)cc2)n1,-5.463,5.500426347111648,8.754121886288766,3.2346545410599874
CCCC1(C(=O)NCC2(C(C)C)CC2)CCN1,-4.135,4.536038580082845,7.435355337843646,7.420502813152218
CC(C(=O)NCC1CCCCC1)N(Cc1ccc(F)cc1)C(=O)CN(c1ccc(F)cc1)S(=O)(=O)c1ccccc1,,,,
CC(c1nnnn1C)N(CCCN1CCOCC1)Cc1cccc(Cl)c1,-5.507,12.532928189373784,12.134281272494057,2.9933548069014466
Clc1cc(Cl)nc(NN=Cc2ccc(Cl)c(Cl)c2)n1,-4.876,8.097094849388883,8.206113940227738,3.132500917797152
NC(=O)c1cccc(Cl)c1Nc1ccc(N)c(F)c1,-5.291,12.91332191963013,12.507392813852134,3.031623492454167
CC(Cc1cnc[nH]1)NC(=O)c1cccc2c1CCNC2,-4.959,15.42242270202707,7.343369390136928,9.528673937122626
CC(Cl)(Cl)C(=N)N,-3.792,16.219087027326786,13.750276251770362,2.870262008946222
CCOC(=O)C(C#N)=NNc1cc(Cl)c(NCc2cccnc2)c([N+](=O)[O-])c1,-5.554,5.495640181089005,8.37480895304484,3.037088243696585
Cc1cccc(N(Cc2cc(C(=O)O)oc2C)CC(C)C)c1,-5.167,4.7747114048913994,8.097960051766123,2.9518550099894822
Cc1cccc(N)c1NC(=O)C(C)(C)C,-4.744,12.72796692327569,13.2250696406484,3.1613936800088656
COc1cc(C(=O)NC(C)c2cc(C)ccc2C)cc(Br)c1OC,-4.765,4.752992110239612,8.742917018935955,9.43876522644779
O=C(CCC1CCCCCC1)Nc1ccc(C(=O)C(=O)O)cc1,-4.228,5.372104615511503,8.15232844039051,3.0703802696083096
CCCCc1ccc(C(=O)NCC(=O)NN=Cc2ccccc2)cc1,-5.599,12.730527915212313,7.490596237950621,8.347141666462838
CCc1ccc(NC(=O)CC(=O)NC(C)c2ccc(Cl)cc2Cl)cc1,-5.604,4.578475401266234,7.329637235225219,3.3859053442174085
COc1cc(NCC(=O)Nc2cccc(-c3nc(C)no3)c2)ccc1[N+](=O)[O-],-5.979,5.0894377882041155,7.9228384433863095,3.21247147847261
CC(=O)C(NC(=O)CC(=O)NC1CC1)C(C)=O,-4.724,7.090783948196419,7.933738778154974,3.0053241089772658
CC1Cc2cc(S(C)(=O)=O)ccc2N1CC(=O)N(C)Cc1ccccc1F,-6.34,3.937053847739448,7.991572373444414,2.968811209895301
N#Cc1ccc(N(C(=O)Cn2nnc3ccccc32)C(C(=O)NC2CCCCC2)c2ccc(Cl)cc2)cc1,-5.679,12.829206093909319,7.307478977048103,6.8173177276697325
COC(=O)c1cccc(-n2nc(C)c(C3C(C=Cc4ccccc4)NC(=S)N3CCCN(C)C)c2C)c1,-5.572,4.34791214262662,8.559033648724602,8.347658953263485
Cc1cc(C)cc(C(=O)OCC(=O)N(c2ccccc2)c2ccccc2C)c1,-5.333,7.457666256946608,10.780853815909017,6.955891675407258
O=C(Nc1ccc(F)cc1)c1ccc(C(=O)N2CCCC2)cc1,-5.264,6.708131930724082,7.437191270903283,3.0313277618891714
O=C(c1cccc(F)c1Cl)N1CCN(Cc2ccc(Br)cc2)CC1,-5.134,4.792906112162015,8.551372755294906,3.1007000822394932
CC(c1c(F)cccc1F)N1CC(CS(C)(=O)=O)CC1=O,-5.023,5.878264199574564,8.467112258615684,2.9329432316361
NCc1cc(Br)c(Nc2ccoc2)c(Br)c1,-4.653,12.473060450426752,12.58243243574151,2.9792324514881345
COc1ccc(C#Cc2nc3ccccc3nc2Cl)cn1,-5.632,13.525532226127,7.340356939550012,8.900257243473359
COc1ccc2c(CC(C)(C)C)[nH]nc2n1,-4.911,12.828291273587453,12.63825545714281,2.931666079211614
Cc1c(N)cc(Cl)cc1S(=O)(=O)Nc1cc(Cl)ccc1Cl,-4.705,12.892875745930386,12.728776296250949,3.145425090508436
Cc1cccc(N2C(=O)C(c3ccc(Cl)cc3)=C(c3ccc([N+](=O)[O-])cc3)C2=O)c1,-6.315,4.638960012761481,7.612420639980426,3.0348805577814764
Cc1occc1C(=O)Nc1cccc(C(C)NC(=O)Cc2cccc3ccccc23)c1,-6.926,4.395245271881876,8.35045932868366,3.7122217067411265
Cc1nn(CC(F)(F)F)c(C)c1CC(=O)NC(C)(C)Cc1ccc(F)c(Cl)c1,-5.771,4.190667369286185,8.310194402058233,3.94075969833229
COc1ccc(S(=O)(=O)N(CC(=O)NC(C)c2ccc3c(c2)CCCC3)c2ccc(C)cc2)cc1OC,-6.464,4.555718494376052,7.523469013693085,3.056514518205337
CCOCCOc1ccc(NC(=O)c2c(C)nn3c(C)cc(C)nc23)cc1,-5.488,11.110253642469194,7.344299149680654,10.117229858019437
CNC(=O)C(C)N(Cc1cccc(Cl)c1)C(=O)CCCN(C)S(=O)(=O)c1ccccc1,-5.416,4.93379306416473,7.437406671683349,2.849612078862665
CC(=O)c1cc(C(=O)Nc2cccc(C(=O)N(C)c3ccc(C)cc3)c2)n(-c2cccc(C(F)(F)F)c2)c1C,-5.634,3.5564877337058247,7.489471676960931,7.489584834955807
Nc1c(F)cccc1C(=O)N1CC(C(=O)O)C1,-5.194,12.337826510370455,12.31395407657508,3.010037541294128
COC(=O)C(C)OC(=O)C(Oc1ccccc1O[N+](=O)[O-])(C(=O)O)C(=O)O,-5.003,6.856567435678,7.328506600938556,2.943082907428875
COc1ccc(S(=O)(=O)N2CCc3ccccc3C2)cc1CN1C(=O)CCCC1=O,-6.299,4.451341483193578,7.53197351296458,4.842892524101687
CN(Cc1ccco1)c1ccc(C(=O)NCC(O)c2ccco2)cc1,-5.375,11.193322786375814,7.444969173878425,10.547492687838186
CC(C(=O)N1CCOC(c2ccccc2)C1)N1CCN(C)CC1,-5.56,4.899208201332129,7.0589920668605375,3.6086744103617883
Cc1ccc(C(=O)c2ccc(C=Cc3nnc(-c4ccc(Cl)cc4)o3)cc2)cc1,-6.888,12.037153691799404,7.315871034948606,9.122363345098682
CC(C)OC(=O)C(C)n1c(=O)n(CCc2ccco2)c(=O)c2ccccc21,-5.08,4.65052566921203,8.246631615393039,5.1613744293550345
Fc1ccccc1C(C=Cc1ccco1)c1nnc(-c2ccc(Cl)cc2Cl)o1,-6.438,10.915788473582657,7.518856096508298,9.337655540873202
CC(=O)c1c(C)[nH]c(C(=O)OCC(=O)Nc2ccc(C)cc2C)c1C,-5.963,4.441178222048738,7.334115761289836,2.854881083337799
COc1cc(C)c(C(Cl)C(=O)NC2CC2)c(C)c1,-5.087,12.576004611958442,8.716822184718465,8.684141523489815
CN(Cc1cccc(F)c1)C(=O)c1cc(Br)ccc1Cl,-4.374,11.381976717600507,9.222968827877496,12.477986295873224
CCOc1ccc(-c2nc3ccc(Cl)cc3cc2C(=O)Nc2cc(C)on2)cc1,-6.115,12.605421532023433,6.93687962992007,7.708569127925103
CNc1cc(Cl)nc2c1C(c1ccc(NC(=O)CC(C)(C)C)cc1)N(c1ccccn1)C2=O,-5.838,4.722773020165165,7.319659554924669,6.516394248355452
C=CC=CC[B-]1(C)B(CC)OC(C)(C)C1(C)C,,,,
CC(Nc1ccc(C(=O)Nc2cc(Cl)cc(Cl)c2)nn1)c1ccc(F)cc1,-6.33,4.939790380167968,7.454114367247123,3.4026251630175204
CCc1nc(CN(C)Cc2ccc3c(c2)nc(C)n3C)oc1C(=O)OC,-5.474,4.97724863755067,8.524599990615394,3.024094905918132
Cc1ccccc1CSc1nnc(CNc2ccc(Cl)cc2)n1C(C)C,-5.808,4.331477115257566,7.305456180143714,3.5383681266934337
CCN(C1C=CC(C(=O)c2ccccc2C(F)(F)F)=CC1C)S(=O)(=O)c1ccccc1,-5.357,14.030682235728953,7.804504020115563,7.542145450732172
COc1ccc([N+](=O)[O-])cc1N(CC(=O)N(Cc1ccccc1F)C(Cc1ccccc1)C(=O)NC1CCCCC1)S(C)(=O)=O,,,,
CCCCN(C(=O)C(NC(=O)OC(C)(C)C)C(C)C)C(C(=O)Nc1ccccc1C)c1ccccc1C,-4.585,4.02368997314654,8.127280295400178,5.934237861764558
CN(C)S(=O)(=O)c1ccc(-c2ccc(C=C3NC(=O)N(Cc4ccc(Cl)c(Cl)c4)C3=O)o2)cc1,-6.775,7.511993743341376,7.97494156718405,3.4077542458340506
N#Cc1ccccc1Oc1ccc(NC(=O)c2cccc(OCC(=O)O)c2)cn1,-6.355,11.857136290015394,8.308857502689525,8.298188898789904
CCOC(=O)CN(CC)c1ncc(C=CC(=O)O)cn1,-4.605,7.33799345870518,7.927197360984524,2.9393068910884423
Cc1ccnc(NC(=O)c2ccc(OCC3CCCNC3)c(F)c2)c1,-5.88,4.214336128027758,8.061026857665219,2.9000601717895433
CCN(CCC(=O)Nc1cccc(Cl)c1C)c1ccccn1,-4.648,4.461618652462354,7.092511684868767,5.312847259238684
COc1cccc(C(=NOc2cccnn2)C2CCCC(C(F)(F)F)C2)c1,-5.622,3.5932886051637993,7.487905247797945,3.3753130225210226
CCN1C(=O)CC(NC(=O)c2cccc(NC(=O)c3ccc(C(F)(F)F)cc3)c2)C1=O,-6.428,4.390386771117096,8.431050112530466,3.0587188494531494
Fc1ccc(CNC2CCCN(c3ncccn3)C2)c(Br)c1,-5.255,12.58282738497195,13.320260845794275,3.2739269997970335
Cc1onc(-c2cccs2)c1-c1nnc(SC(C)C(=O)NCc2cccc3ccccc23)o1,-6.833,14.316005203966643,7.93589906689847,8.932278208833399
NC(=NNC1NC(=O)C(c2ccc(Br)o2)=C(N)N1)c1ccc(Br)cn1,-6.0,4.762358554329985,7.875729109104757,2.855044833273201
CCC(C)CN(CC)C(=O)C(C)Sc1nnc(-c2ccc(F)cc2)n1C,-4.728,4.78332488965573,8.01547415939943,8.247714168180176
COc1ccc(NC(=O)CC(Cc2c[nH]c3ccccc23)c2ccc(CC(N)=O)cc2)cc1,-6.276,5.3759365695662735,8.45419641361614,3.224744486001953
O=C(CC1C(=O)NC(c2ccc(Cl)cc2)NC1=O)Nc1ccccc1Sc1ccc(Cl)cc1,-7.117,5.340036423096756,7.172498448936744,3.55744922662292
CCCCCCCCCCCCCC(=O)OC(=O)c1ccc(Br)c(NS(=O)(=O)c2ccc(CC)cc2)c1,,,,
CCC(CC(=O)N(C)Cc1ccc(C)o1)N(C)c1ccc(C#N)c(Cl)c1,-4.885,4.237735834145399,7.379834279982172,3.176471470043451
Cc1cccc(NC(=O)c2ccccc2NC(=O)CSc2ccc(F)cc2)c1,-5.696,4.755359607853016,7.066352736737672,5.900713261970963
Cc1oncc1NC(=O)C1CC1C(=O)NCc1ccccc1Cl,-5.837,13.350678297375007,9.478701282348759,4.781188659737241
COC(=O)c1cc(C(=O)O)ccc1NC(=O)c1coc2ccccc12,-5.914,12.222522243792401,12.208135402263526,2.795654306240312
Cc1noc(C)c1CC(=O)N1CC2CC1CS2(=O)=O,-5.101,5.240085209230856,8.42394230749475,2.7996580148296695
N#Cc1ccc2cnn(C3CC3)c2c1,-4.731,12.56846354969453,12.677126685491473,3.2833222504043063
CCCC1(C)NC(=O)N(CCCOc2cccc(C(F)(F)F)c2)C1=O,-5.103,3.8476742325721913,8.365227791279805,9.529582467243777
CC(C)Cc1cc(C(=O)Nc2cnn(C(C)C)c2)n[nH]1,-5.024,12.579858186800042,12.343316491121826,2.835873234120312
CC(NC(=O)c1ccc2c(c1)OCO2)c1ccc(OCc2ccccc2F)cc1,-6.717,4.199707251702195,7.9851891023318915,3.1801160356188256
Cc1c(C(=O)O)cccc1C(=O)NC(=S)Nc1ccc(Cl)c(C(=O)N2CCCC2)c1,-6.272,4.575288078361843,7.334557655373635,3.195493389134141
Cc1cn(CC(=O)Nc2cc(C(F)(F)F)ccc2Cl)cn1,-5.208,11.936704444694943,6.9375769545281445,8.472060316121457
Nc1csc(NN=Cc2ccccc2C=CC(=O)c2sc3ccccc3c2Cl)n1,-5.741,5.56570669367332,7.585033355233185,3.604473193131002
O=C(Cn1ccccc1=O)Nc1ccccc1OCc1ccccc1,-5.707,10.597758725315462,8.84579063735967,12.929204499890934
CCOC(=O)C1=NN(C(=O)CN2CCCC2=O)CC1c1ccc(Cl)cc1,-4.944,4.393351909419503,7.767023110561728,5.644414850097395
CC(C)(Cl)CCC1CCCCC1[N+](=O)[O-],-4.328,12.261434744759685,11.164747780402386,8.685804741070339
C=C(C)C(=O)OCCCCCCN,-3.744,12.681634003550174,12.542428831769387,3.03362324621895
O=C(c1ccc(Cl)o1)c1cc2ccccc2o1,-4.982,4.58975576692268,7.510541991094916,7.373056082792264
Cc1nn(C)c(C)c1NC(=O)c1ccoc1C(=O)OCC(=O)NCC(=O)Nc1cccc(Cl)c1C,-6.079,3.894806028546223,8.136165251517449,3.2839240246997212
CCOc1ccc(S(=O)(=O)N2CCN(c3ccc4n[nH]c(=O)n4n3)CC2)cc1,-5.629,5.626186097170977,8.192491440337305,3.6780649803939016
CCNc1nc(-c2cccc(C)c2)ncc1C(=O)N(C)C(C)c1ccccc1,-5.492,10.388346018495918,7.585475067522138,9.726352553758268
O=C(Cc1ccc(O)cc1Cl)N1CCc2ccccc21,-6.104,13.001174946903836,13.095535956958768,3.31292408606053
Cc1ccc(C(=O)N(C)c2ccccc2)cc1NC(=O)c1ccc(OCC(=O)N2CCCC2)cc1,-6.551,4.73646978244346,8.368708203779123,9.21972689400288
CC(C)N(CC1CCCO1)C(=O)C=Cc1ccc(Cl)cc1Cl,-4.828,4.556163846922101,7.913008277513678,3.5558364698056626
O=C1NCc2cc3[nH][nH]c(=O)c3cc21,-5.219,12.973725024063057,12.97020111640525,3.0461679205191565
O=C1CCCC(O)(C(=O)Nc2cccc(Cl)c2Cl)C1,-5.273,7.907846103712439,7.431446830866785,3.076857325259005
O=C(Nc1cccc(C(F)(F)F)c1)C1C(c2ccc(Cl)cc2)=N[N+]1=Cc1cccc(Br)c1,-6.348,4.367026219293858,8.344167364093316,5.024313087378215
N#Cc1ccc(S(=O)(=O)N2CCCC(Nc3ccc(C#N)c(C(F)(F)F)c3)C2)cc1,-5.72,3.4130602104270005,7.629388048854246,4.386500427447831
Cc1ccc2[nH]c(SCc3cc(F)cc(F)c3)nc2c1C,-5.92,13.142400731981963,8.577108020772503,8.744215345015242
CC1=C(C(=O)C=Cc2cccc([N+](=O)[O-])c2)C(=O)CC1(C)C,-6.187,5.136656986795984,7.318931752653524,3.0541601136810104
Cc1ccc(C)c(C(O)=C2C(=O)C(=O)N(c3ncccn3)C2c2ccco2)c1,-5.914,7.492665747249104,8.0812356109694,3.0721010725560443
CCOC(=O)C=C(C)c1ccccc1C(F)(F)F,-4.43,12.867107833542082,12.753225395953763,3.5223374341479543
CCC1(CNC(=O)c2nc(Cl)cc(C)c2C(=O)O)CC1,-5.507,12.542150812360694,12.288104247604673,3.00357137421437
O=C(NCc1ccccc1N1CCN(C(=O)Cc2ccc[nH]2)CC1)c1ccco1,-5.754,3.923693540530402,7.716236193896607,2.8915929865733174
COc1cc(-n2ccc(=O)[nH]c2=O)cc(C)c1OC(C)C,-4.985,5.788754097385723,8.156472399266733,3.3271955157459563
Cc1ccc(Nc2ncnc(NNC(=O)c3cc(Br)cc([N+](=O)[O-])c3)c2N)cc1C,-6.246,5.1219165358291425,7.965686473870284,3.3777374083844953
CC(C(=O)NC1CC1)n1ccccc1=O,-4.749,12.633669854796745,12.50159201861907,2.8973556909706484
N=C(CCN=C(N)N)N1CC(F)CC1C(=O)NCc1ccsc1,-5.022,7.561306566989596,7.426853640674494,3.173411098486926
Cn1c(COc2ccccc2Cl)nnc1C1CCCN1C(=O)c1cccc([N+](=O)[O-])c1,-6.347,5.142630163641948,7.3373249893949755,4.784835524863943
O=C(Nc1ccccc1)Nc1ccc(NC(=O)c2ccc(-c3cc4ccccc4oc3=O)cc2)cc1,-7.032,12.899684143419947,7.275979659124949,9.283720105647305
Cn1ccnc1CC1CCN(Cc2nc3cc(F)ccc3c(=O)[nH]2)CC1,-5.657,4.884308548812206,8.128945872620877,3.1386544887897427
Cc1cc(N2CCN(c3ccc(C(=O)O)cc3)CC2)nc(C(C)C)n1,-5.526,11.757442961800836,7.3162578549419655,9.281177996353698
Cc1noc(-c2ccccc2F)c1C(=O)Nc1cccc(S(N)(=O)=O)c1,-6.3,6.204120888570757,7.023761812590173,2.933737207044967
CCn1ncnc1CN1Cc2cnn(-c3cccnc3)c2-c2ccc(Cl)cc21,-5.068,5.593604026028299,7.659719642389007,3.1212835500799994
COc1cccc(Nc2ccc(C(=O)Nc3ccc(C)c(Cl)c3)nn2)c1,-6.091,4.6487599421781285,8.080402527102223,3.305972776657424
CC(NC(=O)C=Cc1cccc([N+](=O)[O-])c1)c1ccc(S(N)(=O)=O)cc1,-6.708,4.970593626519873,8.210285378718574,2.9299457332858574
COc1cc2c3c(c1I)OCCN3CCC2,-4.858,12.984064271251896,13.376342736338659,3.2586541700524156
COC(CNC(=O)CN(c1c(Cl)cccc1Cl)S(=O)(=O)c1ccccc1)c1ccccc1,-5.211,5.068136245208883,7.940974247534115,3.4911582605204243
N#CC1=C(O)C(=Cc2ccc(CCCCCC(F)(F)F)cc2)NC1=O,-4.9,14.222972052282183,8.113960007296066,8.123386178189486
CCC(CCCCC=CCCCCSc1ccccc1)C(=O)O,-4.19,14.29793558525146,8.035401296761725,8.472042138705403
Cc1cc(C(=O)NCCOc2ccccc2)ccc1N(Cc1ccc(Cl)cc1)S(C)(=O)=O,-5.545,4.448701945511747,8.160375665372275,9.384688433826666
CC(NC1CCCN(C(=O)OC(C)(C)C)C1)c1nccn1C,-4.77,7.576277054068178,7.973340955960681,2.969421997628494
Cc1cccc(C)c1NC(=O)CNC(=O)C(N(C)Cc1ccc(F)cc1)C(C)(C)C,-5.45,10.81870126216636,8.776938019605698,12.552230120580168
N#CC(=Cc1cnccc1N1C(=O)c2ccccc2C1=O)C(=O)NC(N)=O,-5.894,3.945349287452253,7.954526070106251,7.615284105008821
Cc1cc(C)c(NC(=O)C(C)Sc2n[nH]c(C)n2)c(C)c1,-5.604,4.858426288418915,7.372374447896688,3.7712923514360432
COc1cccc2c1CC(C(=O)O)N(S(=O)(=O)c1ccccc1F)C2,-5.438,6.486644972557077,8.284155780766076,3.560060252299112
Cc1cc(NS(=O)(=O)CCNC(=O)c2ccccc2Br)on1,-5.745,4.686825044739776,7.491201439021646,2.89309280874292
O=C(OC1CCCCC1)C1CCCN1,-4.856,12.728259425388847,12.869913946876256,2.9551023670932284
Cc1cc(C)nc(SCC(=O)Nc2ccc3oc(Cc4ccc(Cl)cc4)nc3c2)n1,-5.712,13.989758182327527,7.207059178333421,7.343689876349628
CCCNC(CC(OC)C(F)(F)F)c1ccoc1C,-3.988,13.305443848290068,13.417961208767894,3.1098905125422016
O=C(O)C1(Cc2ccc(Cl)cc2)CCC1,-4.453,12.563661289608218,12.505247898382502,2.9651187160044703
CN(CC(=O)NCc1ccco1)C(=O)Cn1ncc2c1C(=O)N(Cc1ccco1)C2,-5.404,7.404579393861612,8.072526494227196,2.992940193187963
CC1(C)CC(=O)NC(Nc2cc(Cl)ccc2Cl)=N1,-4.934,12.615952480887046,11.61724605920009,9.172665643094161
CC(C)(C)C(=O)NCCCC(=O)N1CCC(c2ccc(C(F)(F)F)cc2)C1,-5.31,12.60819967322853,8.478622588604827,8.219931934024759
O=C(OCCNc1ccccc1S(=O)(=O)c1ccccc1)c1ccsc1,-4.988,4.498557435445279,8.060632233268057,4.244546147705312
Cc1ccc(C)c(NS(=O)(=O)c2cc(C(=O)N3CCCCCC3)ccc2Cl)c1,-4.559,4.3581788627820215,8.459526582498574,4.048261108179659
CCc1ccc(CCC(=O)N(CCc2ccccc2)C(CC(=O)NC(C)C)C(=O)NC2CCCC2)cc1,,,,
CC(=O)NCc1ccc(NC(=O)CN(C)C(C)c2ccc(Cl)c(Cl)c2)cc1,-5.095,4.360226943634929,7.056288613711885,7.993781708303024
CCc1ccc(-c2cccc(C(=O)OC)c2)n1Cc1ccc(COCSC(C)C)cc1,-4.685,4.264599981240914,8.274307282183809,10.271151688101973
CCOC(=O)CN(C)c1nc(C(N)=O)nc(-c2ccco2)c1C,-5.338,12.505197759331917,12.584577386626854,3.1189935876817705
Nc1cnc(C2CCC(=O)N2c2ccccc2Cl)cn1,-5.305,13.187297259105067,12.159544933919197,3.047236617002362
COC(=O)c1ccc(C2C(C(=O)c3ccccc3)=C(O)C(=O)N2c2nnc(C)s2)cc1,-5.296,7.635542678814651,11.072496963196695,6.338228459120105
CCn1ncc(S(=O)(=O)Nc2cnc(Cl)cc2C)c1C,-4.81,13.848397669044605,12.457504766204186,2.8487523584895897
O=C(NC1CC(=O)N(Cc2ccc(F)cc2)C1c1cccnc1)c1ccco1,-5.642,3.5161838689124325,7.56113701767135,4.417534380171817
O=C(Nc1ccnc(Cl)c1)c1ccc(Cl)c(S(=O)(=O)N2CCCCC2=O)c1,-6.028,6.511531002767321,7.158232603094146,3.0020096602109723
CC(Cc1ccc(OC(C)c2ccccc2)cc1)C(=O)NC(C)c1ccc(F)cc1,-5.941,13.107569225451376,7.333503664688522,7.969857025066385
O=C(Nc1cccc([N+](=O)[O-])c1)C1CCN(c2ccncc2)C(=O)C1,-5.632,5.269480904225765,8.356335740023853,2.971071860457097
CCc1ccc(COC(=O)C23CCCC2CCC(C(F)(F)F)C3)cc1,-4.885,4.274569685945006,8.091261088359465,9.380474401649419
O=C(c1c(F)cccc1Cl)N1CCCC(c2noc(-c3ccc(F)cc3)n2)C1,-6.817,4.710991721495591,8.015237738208391,3.5688454715776077
CC1C[N+]2(Cc3cccc4cccc2c34)CN1c1ccccc1,-6.012,4.837857480331557,8.299052295292515,5.398169411939571
Cc1ccccc1C(C)NC(=O)CN(c1c(C)cccc1Cl)S(C)(=O)=O,-4.295,6.642754097511062,7.863648135566596,3.140698966790673
CC(C)(C)NC(=O)Cc1ccc(CNc2ccc(Br)cc2)cc1,-5.433,12.474426680212602,7.198256038791619,7.632312493602447
Nc1ccc(CN2CCCC2CC(=O)O)cc1[N+](=O)[O-],-4.82,13.503007590903591,8.116065426054671,7.9563864285239445
CCCC(C(=O)c1ccccc1)N1CCN(c2ccccc2)CC1,-5.148,4.655863937015342,7.851445089918161,3.506090415263134
CCOC(=O)CCCNC(=O)Nc1nc(-c2ccccc2)cs1,-4.824,4.226044367963971,8.01321321318733,3.1735697565990253
COc1ncc(NC(=O)Oc2ccc(N(C)C)c(C)c2)nn1,-4.99,4.310112411527105,7.0900696752570775,3.0069181897750394
Cc1cccc(SC(C)C(=O)NC(C)c2ccccc2)c1,-5.501,12.774088499771716,8.505160609888563,9.02791476477265
COC(=O)c1ccc(NC(=O)CC2SC(=Nc3cccc(Cl)c3Cl)NC2=O)cc1,-5.972,12.48085449799011,7.475501588522338,8.386062425238677
O=C(O)c1ccc(-c2ccccc2-c2nnnn2-c2cc(C(F)(F)F)ccc2Cl)o1,-6.16,5.422359449538549,7.486749762079669,3.0493012314299164
CC(C)N(CC(=O)N(CCc1c[nH]c2ccccc12)Cc1ccccc1)C(=O)Nc1ccccc1Cl,-5.004,4.625044216004859,8.47479403879528,6.705891961551424
CCNC(=O)C(=O)Nc1c(C)cccc1C,-4.961,12.751053838800933,12.635903845788,3.1034962542268354
COCc1nccc(C(=O)N(Cc2nccs2)C(C)C)n1,-4.473,6.308376732567578,7.29348839719376,2.80355381614122
CC(Nc1ccncc1)c1ccc(-c2ccccn2)s1,-4.861,13.007069039564602,13.311382084516994,3.2192157430032546
CC(F)c1nc2ccccc2n1-c1ccc(NS(=O)(=O)c2ccc(C#N)c(F)c2)cc1,-6.248,12.469021372986735,7.227975165978366,8.854243333001413
Nc1nnc(NC(=O)Nc2cc(Cl)c(Cl)cc2Cl)n1N,-5.19,5.057130213866358,7.200430334361967,4.3389607050536885
CC1CCC(C(=O)Nc2ccccc2Cl)C(C(=O)Nc2cccc(Cl)c2)C1,-5.814,3.743922809033327,9.111574068183828,7.432211312926994
Cc1cc(CNCc2nc(C(C)C)no2)on1,-5.155,12.23305579158372,12.377842178667493,2.872613096119977
Cc1cc(C)cc(C(=O)Nc2cc(NC(=S)c3ccc(Br)cc3)ccc2C)c1,-6.715,10.401852383109462,7.593666966624227,9.091288302545465
Cc1cccc(N(C)Cc2ccc(C(=O)Nc3ccc(F)cc3F)cc2)c1,-5.91,12.315081607524979,7.376280770144261,10.158944334919845
O=C(O)c1ccccc1NC(=O)C1(C(=O)NCc2ccccc2)CC1,-6.125,4.662827146699736,7.009103295001436,3.6188210787492676
O=C(c1ccccc1)I(O)c1ccc(O)o1,,,,
Nc1cc2nc(-c3ccc(Cl)o3)n(C3CC3)c2cc1F,-4.814,13.494339665207779,7.163519456244954,7.42251500503704
COc1cccc(NC(=O)C(C#N)=Cc2ccc(OC(=O)c3ccc(NC(=O)c4cccc(Cl)c4)cc3)cc2)c1,-5.907,4.354924568807133,8.29673755159219,8.213507594201152
CC(C)NC(=O)C(C)N(Cc1cccc(Br)c1)C(=O)Cc1cccc(Cl)c1,-4.337,3.8107790542092577,8.298909145182877,7.5787432995187265
O=C(Nc1ccccc1C(=O)O)OCC(Cl)(Cl)Cl,-4.539,6.563721657718279,8.091189405767237,3.06113100013704
CCc1nc(Cl)c(C)c(C(=O)N2CC(C)(C)C2)n1,-5.055,12.692137290464519,13.16389885254365,3.369543886047487
CC1CC(C)CN(Cc2ccc(B(O)O)o2)C1,,,,
O=C(CN1CCOCC1)NC1C(=O)N(c2cccc(Cl)c2)C(=O)C12CCCCC2,-6.011,12.695866532064677,12.241554027165016,2.9243135946748255
O=C(Nc1ccc(C(F)(F)F)cc1)N1CCC(NS(=O)(=O)c2cc(Cl)ccc2Cl)C1,-6.568,4.8685383843613685,7.0274105472784205,2.9210100992636083
C=CC(=O)OCCOCCOCCOC(=O)C(=O)c1ccccc1,-4.735,12.102454833627764,12.129511573018924,3.0039717042608776
CN(CC(=O)NC1CC(=O)N(c2ccc(Cl)cc2)C1=O)C1CC1,-4.915,4.658126340064211,7.720610144282639,3.5845821234838513
CCC(C(=O)N1CCc2ccccc21)N1CC(=O)NC(=O)C1c1ccc(Cl)cc1,-5.802,3.977619765638742,7.653322415787799,8.509075742993478
Cc1ccc(CS(=O)(=O)N2CCc3ccccc32)cc1,-5.741,13.215554661080255,13.150009619768344,3.097724487426214
C=CCNC(=O)c1ccccc1NC(=O)c1cccc(NC(=O)CC(C)C)c1,-5.83,9.225303518042102,8.22730046856197,8.859434914259486
COC(=O)c1ccc(CS(=O)(=O)N(C)Cc2ccc(Cl)cc2)cc1,-4.442,7.638530356030537,8.391849021520823,3.081325201922057
CCOC(=O)c1c(C(=O)OCC(=O)NCc2ccccc2C(F)(F)F)cnn1C,-5.173,3.6162291133167987,7.431998587190393,4.932735346640848
CCOC(=O)C(NC(C)c1ccc(F)cc1)c1ccc([N+](=O)[O-])cc1,-5.376,4.543324883826822,7.913079109929332,3.0568547561177972
CCC(Sc1cccc(Cl)c1)C(=O)Nc1ccc(Oc2ccccc2)cc1C(N)=O,-5.764,4.922353298982103,7.278870379392671,3.4936698470233276
CC1(C2(C(=O)N3CCN(C(=O)c4cc(F)cc(F)c4)CC3)CC2)CC1,-5.025,3.6163834144072724,7.531383471846325,9.502782960796274
COC(=O)c1c(NC(=O)c2nn(-c3ccccc3)c(=O)[nH]2)sc(C)c1C,-5.874,5.899498114246668,8.320978067511053,3.0261863789264534
CC(C(=O)Nc1ccccc1Cl)N(c1ccc2c(c1)OCO2)S(C)(=O)=O,-5.248,6.365964263173333,7.886949410259964,3.116668253119025
Cc1cc(NC2CC3C(=O)CCCC23)n(C)n1,-5.626,12.472270603222174,12.455002448815495,2.9886941964677485
O=C(Nc1ccccc1Cl)C1NC(Cc2cccc(Cl)c2)(c2ccc(Cl)cc2Cl)C(C(=O)O)C1CO,-5.508,7.830868406505117,7.35583054454084,2.9401023791698138
Cc1nc(C(=O)N(C)CC2CC(C)CO2)cc(N2CC(C)OC(C)C2)n1,-4.967,6.5644654009294605,7.208590847037997,3.1424161086654347
CCOC(=O)C=c1sc(=Cc2nnc(SCc3ccccc3)o2)c(=O)n1CC(N)=O,-5.67,4.476579162708953,8.197742921072848,3.171076473376194
Cc1cc(C)c(OCC(=O)NC(C)Cc2ccc(Cl)cc2)c(C)c1,-4.684,4.791013358361674,8.370437563234075,10.295716633629736
O=C(c1ccccc1)c1c(N2CCc3ccccc3C2)c2ccccc2n(Cc2ccco2)c1=O,-6.116,13.74162661405119,7.346273477076661,8.363465430071436
COCc1ccc(Cc2c(C)n[nH]c2C)cc1,-5.253,12.457161474429077,12.40078352363269,2.954557327248873
Cc1cc(Nc2cc(Nc3ccc(Cl)c(Cl)c3)ncn2)c(C)cc1O,-5.678,12.684013481544396,7.232349341673147,9.282752016508898
CCN(C(=O)c1ccc(OCC2CC2)cc1)C1CCC1,-4.598,13.221605651357176,8.676552368308508,8.91467784050551
CCOC(=O)c1cc(C(N)=O)cc2c1C(=O)Nc1c(-c3ccc(Cl)cc3)nc(C)n1C2,-6.116,4.62550872877784,8.025237379666722,5.178145324341526
Cn1nncc1NC(=O)c1ccc(S(=O)(=O)N2CCN(c3cccc(C(F)(F)F)c3)CC2)cc1,-6.606,4.351820193895883,8.382623992521674,3.0892929611806
NC(C(=O)O)=C(N=Nc1ccc(O)cc1)C(=O)Nc1ccc(Cl)cc1,-5.513,7.090527413387524,8.28410031325068,2.8058620778648407
O=C(Nc1nn(Cc2ccccc2Cl)cc1Cl)c1cnc(Cl)nc1,-5.69,4.004247869450641,8.149567534538258,9.361254349711901
CC(=O)C1(N=C=O)CCCC(N2CCCCC2C)C1,-4.672,12.465613903855678,11.53474182632624,8.866914006575229
CC(C(=O)Nc1ccc(Cl)c(S(=O)(=O)N2CCOCC2)c1)N(C)Cc1ccccc1F,-5.522,3.703773346197091,8.133109122592662,4.266115914974651
CCc1cccc(CC)c1NC(=O)NC(=O)CNC(=O)c1ccc(-c2noc(C(F)(F)F)n2)cc1,-6.54,5.092183028917951,8.143938604876636,3.020647943736575
Cc1ccc(-c2ncc(C(=O)Nc3ccc(CN(C)C)cc3)s2)s1,-5.173,6.524538067940135,8.493921414753022,3.436363484848483
COc1cccc(C(=O)c2ccccc2-c2nc(C3CCC(=O)N3C)no2)c1,-6.46,4.650259885210718,7.337721308417211,4.50981895423752
CN1C(=O)C(NC(=O)Nc2ccc(C(C)(C)C)cc2)CCc2cc(C(F)(F)F)ccc21,-4.792,4.965475505930927,8.532913043035185,3.2382706804712904
COc1ccc(C(=O)OCC(=O)Nc2ccccc2)cc1F,-5.252,12.699873818270795,8.553934182585229,8.621748604546529
NC(=O)c1cc(Oc2ccc(NC(=O)CCNC(=O)C3CC3)cc2)ccn1,-5.451,3.9738395790469454,7.844074642684119,3.2382052127683325
CN(C)C(=O)c1ccc(C(=O)NCc2ncc[nH]2)s1,-4.647,7.795026234721728,8.445821215251955,3.0410442285504504
Cc1ccc(-c2noc(C)c2C(=O)NCCCc2cn[nH]c2C)c(C)c1,-5.172,4.364719464066391,7.44565786213683,7.954134396651844
Cc1nc(Nc2cc(F)cc(F)c2)cc(C(=O)Nc2ccccc2C(F)(F)F)n1,-6.114,4.078139158979251,8.199130258753058,8.682065076927262
COc1cc(CN2CCC(NC(=O)c3cc4ccccc4[nH]c3=O)CC2)ccc1O,-6.468,4.209629674923912,8.160946146127909,3.092413458772937
CC(=O)Nc1ccc(Nc2cc(C(=O)Nc3ccc(Cl)cc3)[nH]c(=O)n2)cc1,-6.262,4.730228324298944,8.063994171624877,3.43881534834309
CS(=O)(=O)c1ncn[nH]1,-3.857,16.724160367564046,12.355349205910773,3.064487395960375
O=C(Nc1nnc(Cc2ccc(Cl)cc2)s1)C1CCN(S(=O)(=O)c2ccc(F)cc2)CC1,-6.49,4.8223916265687095,7.404786965200282,2.930596355692814
O=C(NCCc1ccco1)C1CCN(Cc2cc([N+](=O)[O-])ccc2F)C1,-5.035,3.981584734750724,8.177311599786325,5.28804122525534
CCC(C)Oc1ccc(C(=O)N2CCN(Cc3c[nH]c(C)c3C(=O)OC)CC2)cc1,-5.136,13.114673499557663,6.8205654457676745,5.123255703163761
O=C(CO)Nc1ccc(N=Nc2ccccc2)cc1,-5.008,12.317836295388895,12.331706248528628,2.8832453936493168
CN1C=CN(c2ccccc2NS(=O)(=O)c2ccc(NC(=O)c3ccco3)cc2)C1,-6.164,14.115068614781864,7.294087879920285,7.33857676937429
Cc1ccc(CNC(=O)C(C)Oc2nccnc2C(=O)O)cc1,-5.608,4.515674589693106,7.64626765160624,5.785601178788597
Cc1ccc(C=CC(=O)Nc2ccc(S(=O)(=O)N(C)c3ccc(Cl)cc3)cc2)o1,-5.795,12.645074218841106,7.516390689686108,8.342480985893825
Cc1ccccc1OCCNC(=O)CCNS(=O)(=O)c1ccc(Cl)s1,-5.607,4.303854319095849,8.019495308309619,3.1482495136186395
Cc1cccc(Sc2ccccc2NC(=O)c2cnn(Cc3ccc(Br)cc3)c2)c1,-6.524,4.505634028635704,8.295247012597033,3.530995610305965
CCC(NC(=O)c1ccc(Cl)cc1)(C(=O)NC1CC1)c1ccccc1,-5.427,12.932454755381904,12.238336283988932,2.8909323755494527
O=C(Nc1ccc(NC(=O)C(C(=O)O)C(F)(F)F)cc1)Nc1cccc(C(F)(F)F)c1,-6.062,4.73984018717931,8.111547016445135,2.8668397234585683
OC12C=Cc3ccccc3C=C1CCCC2,-4.356,8.242412632233355,8.09845324738002,3.4298469353602377
Cc1nnc(NC(=O)c2cccc(Nc3cc(C)n(C)n3)c2)o1,-5.898,4.281887784610894,7.992824657153439,3.0077159107867892
Cc1ccoc1C(=O)N1CCC2(CCN(Cc3ccccc3)C2=O)C1,-5.953,4.295735909014892,8.092897441584194,3.0766281868305114
Cc1ccc(NC(=O)c2ccc(N3CCN(C(=O)OCc4ccccc4)CC3)cc2N(C)S(C)(=O)=O)cc1,-6.375,4.24883913557574,8.214112307486426,3.054824872230812
Cc1cc(Cl)ccc1NS(=O)(=O)c1n[nH]c(C)c1C=O,-5.256,6.771679998346053,7.269138188258632,3.6799066564248615
CCCCCNC(=O)c1cccnc1Sc1ccccc1C#N,-5.103,12.364483652785506,12.288830619713172,2.9112943856642186
CC(CC(=O)Nc1ccc2c(c1)N(Cc1ccccc1)C(=O)C2)NC(C)(C)C#N,-5.914,5.125408373973727,7.167881904719133,6.947874063337647
CN(C)C=C(C#CC(C)(C)c1ccccc1)C(C)(C)C,-4.553,12.875895541670102,7.54948110799676,7.913036648468146
O=C(Nc1ccc(F)c([N+](=O)[O-])c1)C1CCN(C(=O)c2ccc(F)cc2)C1,-6.16,3.841186535434071,7.674797456610826,2.8538467022599514
COc1ccc(C=CC(=O)NC(C)c2ccc(OC)c(Cl)c2)c(OC)c1,-4.784,4.637128206120681,7.049630770473017,8.448449916996609
CC1CC(C)n2nc(NCc3ccccc3)nc2N1,-5.511,4.543284934934193,8.16857968070337,3.794174086675518
Cc1ccccc1CN(C)C(C)C(=O)Nc1ccccc1C(N)=O,-5.461,4.753649545349342,7.076043385960829,5.269608524359281
Cc1nn(-c2ccc(Cl)cc2)c2c1N(c1cccnc1)C(=O)C(Sc1n[nH]c(=O)n1-c1ccccc1)C(=O)N2,,,,
Cc1cc(S(=O)(=O)Nc2cccnc2C)ccc1OC(F)(F)F,-5.138,12.321463265375586,7.173135228057533,7.86115646708549
O=C(C1CCCC1)N1CCCC(c2ncc[nH]2)C1,-5.834,12.809062963386511,13.0591304457839,3.0178432696215354
NCCOc1ccc(NC(=O)NCC(O)c2ccccc2)cc1,-5.52,4.011614263610099,8.378560079154413,3.1206930320042696
O=C(O)C1CC(Oc2ccccc2)CN1S(=O)(=O)c1cccc(F)c1,-5.48,4.374959428383307,7.766062708992247,4.28006425185417
Cc1cccc(NC(=O)C(N)CCC(=O)O)c1,-5.855,12.77486289554608,11.713378931802728,3.00780218764466
COC(=O)c1c(N)cc(C)nc1OC1CCCC(C)C1,-4.869,12.60176610638366,12.914680677430626,3.2217307460431885
Fc1ccc(-c2nc3nccc(NC4CCCCCC4)n3n2)cc1,-4.424,12.532636314838152,7.38549375465175,8.441287401812593
COc1ccc(C(=O)Nc2cnnc(C)n2)c(OC)c1,-5.088,5.348152110776207,8.474951858270346,3.04512955389422
N=C(N=C(N)N1CCc2ccccc21)c1ccccc1,-4.762,8.427089236503905,8.828869633197671,2.9178271024856834
O=C(O)c1c(Cl)cccc1Oc1ccnc(Cl)c1Cl,-5.145,12.574218464779431,13.189820355107193,3.0168102359943028
CC(Cc1cccc(F)c1)NC(=O)Cc1ccccc1C(F)(F)F,-6.018,12.699511211066355,7.703192130539131,8.240508843512032
Cc1nn(CC(C)C)c(Cl)c1C(=O)OCC(=O)NC(C)c1ccccc1Cl,-5.111,4.5015279628144045,7.998591563519166,3.423535891443233
Cc1cc(C(=O)Nc2cccc(C(=O)Nc3cc(C)on3)c2)c2ccccc2n1,-6.727,10.378415775059313,6.939194261583977,8.270207131626147
Cc1nonc1Cc1nc(-c2cnn(C)c2)n[nH]1,-6.481,13.09592642771026,12.254530998777556,3.0374841563372805
CC(C)(C)c1ncc(C2(O)CCCC2)cn1,-5.131,12.6248558011567,12.95914927763393,3.199131913504037
COc1ccc(N2CC(=O)N(CC(=O)NC(C)c3ccco3)C2=O)cc1,-5.289,13.025008483682457,12.378025084802502,3.0219205813521968
O=C(Nc1ccccn1)c1ccnc(C(=O)Nc2cccc3cn[nH]c23)c1,-6.607,4.343687834087528,7.634139833668229,3.453552663562552
Cc1cc(CN2C(=O)NC3(CCCC3)C2=O)ccc1C#N,-6.5,13.019643082665516,12.25907977786261,3.05810300676743
NC(=O)c1ccccc1NC(=O)c1cncc(C(=O)Nc2cc(Nc3ccccc3)cc(C(F)(F)F)c2)c1,-7.33,14.213965843493504,7.19491000638646,7.345969507151523
Cc1ccnc(-n2ncc(C(=O)Nc3nc(C)cs3)c2NC(=O)c2ccco2)n1,-6.424,6.154965718832234,7.217025703155004,3.0115102523484785
CN(c1ccc2oc(-c3ccco3)c(-c3cc4ccccc4oc3=O)c(=O)c2c1)S(C)(=O)=O,-7.202,4.752307755185894,8.24848428500655,3.090437671269233
CC1CN(C(=O)c2ccc(F)cn2)CC(C)O1,-4.606,12.22076912473188,12.372032452269112,3.139592489480124
Cc1ccc2oc(C(=O)NC(C)c3ccccc3OCC(F)(F)F)c(C)c2c1,-5.61,13.418220075703037,8.706397073416765,9.181381649838983
Cc1ccccc1C(C)NC(=O)CC(C)(C)C(=O)O,-5.217,7.245041407749164,8.161200279370677,2.967723369857777
Cc1cccc(OCC(=O)NNC(=O)c2cccc(C(F)(F)F)c2)c1C,-6.137,12.268671077178652,7.482235895773401,5.7899831605972745
CCOC(=O)c1c(F)cnn1CC(=O)Nc1cc(C)c(C)cc1C,-5.542,4.965373500553608,7.223752902750756,3.646697821317253
COC(=O)N(C(=O)O)c1ccc(Cl)c(N)c1,-5.061,12.78667157629381,12.18229801802599,2.8028963591256812
CC1CCC(N(C)C(=O)C(N)Cc2ccccc2F)CC1,-4.456,7.953033383558753,8.249864059486072,3.0259129200953554
CC(=O)OC1CC(O)C(C)N(Cc2ccccc2)C1,-5.635,12.36582087853451,12.479736615810447,3.0750221137416234
CCCCCN1C(=O)N(c2ccc(C)cc2)C(=O)C1CC(=O)Nc1ccc(OC)cc1,-5.542,4.4268903306949,7.949969119436879,3.3287400018625664
Cc1ccc2c(c1)CN(C(=O)C(Cl)(Cl)Cl)CC(C)(C)O2,-3.398,13.609941844107931,7.202569680329375,9.339257946967736
CC(NC(C)c1cccc(F)c1)C(=O)Nc1ccc(N=Nc2ccccc2)cc1,-6.775,12.423556093164308,8.068010535441807,8.867282672837264
CCN(CC)CCCOC(=O)c1cc(S(C)(=O)=O)ccc1Cl,-4.381,4.918347486707297,7.227088832994928,2.9940597856422313
CCc1c(C(N)=O)oc(NC(=O)c2ccc(Cl)c(Cl)c2)c1C#N,-5.9,4.428558794912854,7.92901595407652,4.524407696041549
C=CCCC(NCC)c1ccc(OC(F)(F)F)c(F)c1,-4.355,12.629694018462997,7.409920175008635,8.228927026046591
Cc1cc(Cn2c(N=Nc3cccc(C(N)=O)c3)nc3ccccc3c2=O)ccc1N,-7.038,4.525913498952449,8.11288117748559,3.0976878474113563
Cc1ccc(OCc2nnc(NC(=O)c3cccc(F)c3)o2)cc1,-6.361,4.557155582158678,7.4549753856065815,3.469653296800704
CN1CCC(CNC(=O)C2CC(O)C2)C1,-5.133,12.581253554395921,12.75537741503559,3.0381191550036353
Cc1c(O)c(N)cc2oc(C(=O)Nc3ccc(Cl)cc3)c(N=Nc3ccccc3)c12,-5.534,4.503077503219326,7.528781906789438,4.884083844489159
CC(C)(C)C(=O)NC(=O)CN1CCCC(C(=O)Nc2ccc(C(=O)NCc3ccco3)cc2)C1,-6.151,5.331989684911251,8.146925677824733,2.8678781354862353
CCOC(=O)C(c1ccc(C)o1)([N+](=O)[O-])C(F)(F)F,-4.606,12.704182146049387,12.051477959155052,2.873209007364414
Cc1c(C(=O)Nc2nccs2)cnn1CCNc1ccccc1,-5.414,4.60378246662459,8.315170533428644,3.1313993676948964
Cc1ccc(C(=O)NCCOc2ccc(C(=O)Nc3ccc(CC(N)=O)cc3)cc2)cc1,-6.596,12.22228031097307,7.447351341248779,8.513940157177522
Cc1ccccc1Cc1ccc(OC(C)C(=O)Nc2ccccc2C(F)(F)F)cc1,-5.841,13.101640278987972,6.956547850766212,7.697172792655755
Cc1c(NN)cccc1C(=O)Nc1cccc(Cl)c1,-5.555,12.673368415697542,11.66517098031572,2.8297581168714756
CNC(=O)C(N)c1ccc(OC)cc1C(F)(F)F,-5.315,12.682446333416909,12.60096571695995,2.8753985810666323
CN(c1ccc(Cl)cc1)c1ncccc1C(=O)Nc1ccc(C(N)=O)cc1,-5.459,5.35099486077122,8.313814106654057,3.5765058367071068
Cc1ccc(C(=O)NCc2cnc(N(C)C)nc2C(C)(C)C)cc1S(N)(=O)=O,-5.865,4.601274388688421,7.198380790149962,3.0356439185121826
CC(COc1ccccc1C)=NNC(=O)c1ccc(C(F)(F)F)cc1,-5.934,4.500769823041388,7.4986475447243155,5.551456925888916
COc1ccc(C=CC(=O)OC=C(C)c2c(Cl)cccc2Cl)cc1,-5.343,12.88416151714965,7.292885848551314,8.970400269776148
CC(C)C(=O)Nc1ccc(NC(=O)C2CCC(Nc3nccc(C(F)(F)F)n3)CC2)cc1,-6.595,12.465167467787987,7.338202095881525,9.291953131608016
CN(C)CCCn1cc(C(=O)Nc2cccc(Cl)c2)c2ccccc21,-5.328,3.6147193528682147,8.907842668121166,5.433774838912632
CCOC(=O)c1c(C)noc1-c1sc(CN)nc1C,-4.627,5.755104343102738,7.906680782730513,2.904662114601284
Cc1nnc2cc(C(F)(F)F)nc(CNc3ccc(C(=O)NCC4CC4)cc3Cl)n12,-5.971,4.649991612895661,7.884569233636039,4.827791420515182
NC(=O)CN(CC(=O)Nc1ccccc1)CC(F)(F)F,-5.437,12.693030961909768,12.156330696390256,2.909381721259691
CCC(C)C(C)C(C)N(C)C(=O)c1cnccn1,-3.978,8.036268848165797,8.651172579483084,3.0345380208525974
CC(=O)Cc1cccc(C(N)Cc2ccc(N)c(C)c2)c1,-5.187,12.803275245030079,7.292237036739824,8.991142919562563
Cc1c(F)cccc1NC(=O)c1ccccc1N1CCCC1,-5.616,12.627563026966051,12.474784166469574,3.1057551416684475
CC1C(=O)OC(=O)C1C(=O)OCC(=O)Nc1cccc(S(=O)(=O)N(C)C)c1,-5.869,3.1750228345635567,7.3751407444197286,2.8827797349086524
CC(C)(NC(=O)c1cc(-c2ccco2)n[nH]1)c1ccco1,-5.333,5.775163720622991,8.127467809840898,3.0623750586758627
CCOC(=O)c1cccc(Nc2ccc3c(C(=O)OCC)c(C)nc(C)c3c2)c1C,-5.489,4.941371874287544,8.236277557246355,3.1509306561712838
Cc1oc(-c2cccnc2)nc1CC(=O)NCc1ccc(Br)cc1,-6.187,4.296606684349872,8.172621672388855,3.6602221244072055
NCCc1nc(C(=O)N2CCC(O)C2)cs1,-4.776,12.478167974506514,12.314762117069092,3.026023958926962
CCN(CC)C1CCN(c2ccncc2C(=O)Nc2c(C)nn(C)c2C)C1,-4.93,4.5014946406721394,7.965806048354429,3.6388955742092963
Cc1cnn(CC(=O)c2cccc([N+](=O)[O-])c2)c(=O)c1Cl,-5.822,4.620890931411387,7.373865268636253,3.0144885138278434
Cn1c(=O)oc2cc(S(=O)(=O)N(CCC(N)=O)c3ccccc3)ccc21,-4.992,6.887798269403655,8.99427479010954,3.024739823522016
CC(NC(=O)C(CO)NC(=O)OC(C)(C)C)c1ccc(Cl)cc1,-5.025,10.699008411997815,8.233419338282243,12.032368927189692
N#Cc1cccc(Cl)c1Nc1cc(Cl)nc(C(F)(F)F)n1,-5.253,12.651027823856843,13.036424893351706,3.076099640778888
Cc1ccc(N2C(=O)NC(=O)C(=Cc3ccc(NC(=O)C(F)(F)F)cc3)C2=O)cc1Cl,-6.662,3.717446569891757,7.450389788460734,3.0414973286195726
Cc1cc(C(N)c2cc(C)sc2C)cs1,-4.352,7.949109950176812,8.26557342233435,2.9125947194898227
CN(C=Cc1ccccc1)C(=O)C(=O)c1ccc(Br)cc1,-5.388,12.723104770455992,12.434664008327688,2.9976137176093927
N#Cc1ncccc1NCc1cccc(C(=O)NCC(F)(F)F)c1,-5.591,10.461621337058611,8.484063236445142,12.701384058440246
O=C1CC(C(=O)C=Cc2cccnc2)C(=O)O1,-5.572,12.60997581282375,12.440580131167518,3.0406165493202195
Cc1cccc(C(=O)N2CCC(c3noc(C)n3)C2)n1,-5.478,5.492912160229762,7.535480343017291,3.0747819434880257
Cc1[nH]nc(C(F)(F)F)c1C(=O)C1(CO)CCC1,-5.287,12.764717231494005,12.16157666587684,2.736772917141647
CCC(C)OC(=O)c1ccccc1NC(=O)C1COc2c(cccc2OC)C1,-5.715,3.3042773793978006,7.415997505393323,3.625927329663406
CCOC(=O)c1[nH]c(=O)[nH]c1Nc1cccc(C(=O)Nc2nnc(C)s2)c1,-5.661,4.7484129980447145,8.031400002490226,2.829702987947675
Cc1noc(C)c1CN1CCN(C(=O)C2CCC2)CC1,-4.767,5.214329870654521,8.095276462234011,2.9518804176321236
COc1cccc(NS(=O)(=O)c2cc(C(=O)Nc3cc(C)ccc3C)ccc2OC)c1,-6.064,6.421600267846013,7.291748624301307,2.947504028835245
O=C1CC(N(CCO)Cc2ccccc2)C(=O)N1c1ccc(F)cc1,-5.431,4.7575043878067,7.309272261997085,3.769614569156906
CC(=O)c1c(C)[nH]c(C(=O)C(C)S(=O)(=O)Nc2ccc(Cl)c(-n3cccc3)c2)c1C,-5.569,11.653595153427975,7.334088832295392,8.870494349245707
O=C(C(=O)C12CC3CC(CC(C3)C1)C2)C1CC1,-5.086,13.086738975008252,12.674106437930842,3.0242117981384835
CC(Oc1cnc2cc(F)ccc2c1)C(=O)Nc1ccccc1C#N,-6.421,3.7832437140633695,8.5102036403367,8.752680617959276
Cc1nc(C(C)NC(=O)c2n[nH]c(-c3ccccc3C(C)O)n2)n[nH]1,-6.134,6.684370651003728,7.307862409761147,3.2045751668512956
Cc1nc(=O)[nH]c(C)c1CCC(=O)NCC1(CC(C)C)CCCCC1,-5.626,12.60633971460392,12.974958574114986,3.059038411004347
COc1ccc(CN(C)CC(=O)Nc2ccccc2C#N)cc1OC,-5.044,13.448426153271615,7.293726482395677,7.796154629046297
CC(C)C(NC(=O)C(NC(=O)OCC1c2ccccc2-c2ccccc21)C(C)C)C(=O)O,-6.445,4.550885298488635,7.707154727913537,2.9997323213913605
Cc1cn(-c2c(C(F)(F)F)ccc(C)c2C#N)cn1,-5.222,13.118935132090561,12.445802665959315,2.8616236649846183
CCOC(=O)c1ccccc1NC(=O)c1cc(C)nc(NCCCn2ccnc2)c1,-5.512,4.513999224634404,8.190044505373582,4.213452028918805
CCC(C)N1CC(=O)N(C(C(=O)NCc2nc(C)no2)C(C)C)C1C#N,-5.012,4.8663972299844165,7.658072146434766,3.087366677283409
Cc1ccc(C(=O)Oc2ccccc2OCc2ccc(Cl)cc2)cc1,-5.828,12.495164064549131,12.845364066463823,3.0851363016891167
CN(c1c(N)cc(Cl)cc1F)C1CC1,-4.106,13.123789010800197,12.938592234087912,2.9252695602285947
Cc1ccc(N2C(=O)CC(N(Cc3ccccc3Cl)C(=O)CC(C)C)C2=O)cc1,-5.447,4.543185116193263,7.160151604540228,4.235717294626732
COc1cc(OC)c(-c2nnc(-c3ccc(C)cc3)o2)c(OC)c1,-5.409,4.450892045421907,8.359730318616743,3.5817950806823107
CCc1cc(NC(=O)C2CCCC2C(=O)c2ccccc2)n[nH]1,-5.594,12.751440114747824,12.763167044272357,3.2985217901356965
Nc1ncnn2c(C(F)(F)F)cc(C(F)(F)F)c12,-5.273,12.587206242848332,12.263214953673446,2.990412346148939
CCNC(=O)CNc1cc(C(=O)Nc2ccccn2)ccc1Br,-5.074,4.78202854445684,8.253935424995763,3.609499411275752
NC(=O)Cc1ccc(NC(=O)C2CC(=O)N(Cc3cccc(Cl)c3)C2)cc1,-5.906,11.509863509182027,7.734734966370858,7.686275365871301
Cc1ccc(CNC(CC(N)=O)C(=O)Nc2ccc(Cl)c(C(F)(F)F)c2)cc1,-6.199,4.044162459644766,8.356949742579525,7.354083831450387
CC(OC(=O)c1cc([N+](=O)[O-])c(O)c([N+](=O)[O-])c1)C(=O)NC1CC1,-5.313,12.515549568436857,12.305436562755505,2.952191220093983
COC(=O)c1ccc(NC2=C(c3ccc(F)cc3)C(=O)N(CCCc3ccc(Cl)cc3)C2=O)cc1,-6.083,4.365907122237028,8.225264676592479,2.993968770712214
CCOC(=O)c1ccc(NC(=O)c2cc(C=O)n(C)n2)cc1,-4.991,5.2396674512797095,8.154430329581583,3.2702967755235903
Cc1ccc(CN(C(C)C)C2CCOC(C)C2)o1,-5.291,12.498585960019637,12.592531953503235,3.156287376016323
C[C](C(=O)N(C)c1ccc(C)cc1)N1C(=O)c2ccccc2C1=O,-5.975,4.62666672670509,7.359989809775554,3.637894308525195
Cc1cc(Cl)ccc1S(=O)(=O)Nc1cncc(-c2ccccc2)c1,-6.083,12.815571700084238,7.49794605208653,9.591423356311616
Cc1cc(Cl)ccc1NC(=O)c1ccc(NC(=O)c2ccco2)cc1,-6.345,13.828485600383,7.271258831866735,8.10539696745323
Cc1cn(C2OC(CO)C(OC(=O)c3cccnc3)C2O)c(=O)[nH]c1=O,-5.516,4.33252512975978,7.724595070293328,6.547664087290978
O=C1CN(S(=O)(=O)c2ccccc2Cl)CCN1c1ccc(OC2CC2)cc1,-5.423,6.5631752985883285,8.559391450331033,3.0904617777930854
C#Cc1c[nH]c(CC=CC(=O)OC)n1,-4.96,12.53995606052908,12.289845157690149,2.890308115063168
Cc1cnnc(Nc2ncccc2C(=O)Nc2ccc(Br)cc2)c1,-5.901,12.535519494620077,12.751274877438727,3.0130982393543033
CCN(CC)C(=O)c1ccc(NS(=O)(=O)c2cccc(Cl)c2C)cc1,-4.915,5.358758624905585,7.995630119008757,3.642432840835917
Cc1c(Cl)cccc1-n1c(C)c(C(C)Br)cnc1=O,-5.265,12.755879663904015,12.732752530383994,3.029763357095732
CCN(CC(=O)Nc1c(Cl)cccc1Cl)Cc1ccccc1,-5.541,3.994037681344531,8.173352616888616,9.053369869833
CC(C)N1CCc2cccc(C(=O)N3CCN(Cc4ccccc4OC(F)(F)F)CC3C)c2C1,-6.11,5.010706537006533,8.227102223748043,2.9022518843132823
O=C(Cn1ccccc1=O)Nc1c(Cl)cccc1Cl,-5.404,12.566099355010687,12.601555697611309,3.094201835692042
Cc1nc(NC(=O)c2n[nH]c(C)c2NC(=O)C2CCC(=O)N2)sc1C,-5.869,5.345188958306338,7.842675882630876,2.7858522932847682
CC(=O)NC(C)(C)C(=O)c1sccc1Br,-4.614,12.502997440613992,12.527817726962665,3.0586415285220996
Cc1ccc(CN2CCC(NC(=O)c3ccccc3Oc3cccs3)CC2)cc1,-5.669,13.737665376620583,7.339222370251496,7.661805074523888
COC(=O)c1cccc([N+](=O)[O-])c1N(C)CC1CCC1,-2.769,12.796745445620148,6.624826714714883,7.735474969256897
CCc1nc2ccccc2c(=O)n1NC(=O)c1cc(C(C)(C)C)[nH]n1,-5.695,10.100644137875562,8.352733564528442,12.101587251265842
Cc1cccc(NC(=O)N2CCN(C(=O)CN(Cc3ccco3)C3CC3)CC2)c1,-5.274,4.068137780360935,7.44838143491591,3.0816698395512785
[C-]#[N+]C(C(=O)OCC)c1cnn(Cc2ccccc2)c1C(F)(F)F,-4.609,5.436532810532831,8.549078254408482,3.4969561049575675
Cc1cccc2c(=O)c3cccnc3n(Cc3ccccc3)c12,-4.857,3.7720424175769818,7.676821347406751,9.830281074313186
Cc1cccc(NC(=O)c2ccc(NC(=O)c3ccccc3Br)cc2)n1,-5.901,11.263109694928838,7.738195461475499,9.80328546967801
Nc1nccnc1C(=O)Nc1nc2ccc(Cl)cc2s1,-5.333,4.248023775828002,7.490930649792453,5.057741492010045
CCOc1ccc(NC(=O)NC(C)CSc2ccc(C)cc2)cc1,-4.989,13.002086371040612,7.199521442429351,7.433021525597784
O=C1NC(=O)C12C(=O)NN(c1ccccc1Cl)C2c1ccc(Cl)c(Cl)c1,-5.551,12.892110145356344,7.216348730486907,8.776456403355514
NN=Cc1ccc(F)cc1C=CC(=O)O,-4.883,12.144662613675195,12.717259689099693,2.9708051097303576
COc1ccc(N)cc1NC(=O)N(C)CCN(C)C,-3.99,13.69487853177238,7.4736220134550555,7.974248616640943
Cc1ccc(S(=O)(=O)NCC(=O)Nc2nc(-c3ccc(F)c(F)c3)cs2)cc1,-5.799,4.426330421466521,8.409470851367521,2.914762082915174
Cc1ccc(S(=O)(=O)N2CCCCC2)cc1NC(=O)CCn1nccc1[N+](=O)[O-],-5.833,4.811537903830749,7.142039344612994,2.8780201528133893
O=C(Nc1ccc(NS(=O)(=O)c2ccc(Cl)cc2)nn1)c1ccc2c(c1)CCO2,-6.879,4.520636238407156,7.453051455611989,3.675574784982615
Cc1cc(C)n(CCCn2nc(C(=O)O)cc2C(F)(F)F)n1,-5.1,4.879100429382448,7.978363867360274,2.7922875926379787
Cc1ccc(NC(=O)COC(=O)c2cccc(F)c2)cc1C,-5.68,3.828513157872125,7.8961916136831425,9.966004716033401
CCOc1ccccc1NC(=O)CC1(c2ccc(C(F)(F)F)cc2)CC(=O)NC1=O,-5.574,3.726792857136011,7.199531443087111,6.350428804419431
CC(CNC(=O)NC(C)C(C)c1ccccc1)Oc1cccc(F)c1,-5.203,4.23397520068316,7.10643018680969,5.220466837362346
Cc1nc2cc(S(=O)(=O)N3CCCC(C(=O)NC(C)C(=O)NC(C)C)C3)ccc2o1,-6.209,4.990612988401325,7.707954851969489,3.157098034588093
CCn1ncc(Br)c1C(=O)N1CCN(c2ccc(F)cc2)CC1,-4.857,4.480099217651323,8.296388250317122,4.801808201084254
CCOC(=O)NC(=O)C(C)C1OCCc2[nH]c3ccccc3c21,-5.426,10.871976131320377,8.640695226658558,12.522172535147405
O=C(NC(=O)c1ccccc1Oc1ccc(F)cc1[N+](=O)[O-])Nc1ccc(Br)cc1,-6.319,6.744912230711383,7.214340371787292,3.1341521979635902
CC(CN(C)CCN)Oc1cc(Cl)ccc1Cl,-4.898,12.708750410642269,12.971025441344258,2.9085401836660263
Cc1cc(C(=O)NC(C)c2nc3ccccc3n2CC(F)(F)F)n(C)n1,-5.168,4.507030729870831,8.832549179030933,8.307832629512946
Cc1cc(-c2ccc(Cl)cc2Cl)c(C(=O)Nc2ccc(C)c(Br)c2)o1,-5.914,3.535435475298622,8.709940642736896,9.004239334891093
COCCCOc1ccc(C(=O)Nc2ccccc2CN2CCCC2=O)cc1OC,-5.133,4.237864910541627,8.050560353167969,3.020655723514352
CC(=O)c1ccc(OC(=O)c2ccccc2)c(Br)c1,-5.052,4.551079212670331,8.090758431692295,4.3011555424095045
CCOc1ccc(CNC(=O)OCc2ccccc2)cc1OS(=O)(=O)c1ccc(C)cc1,-5.282,4.4065980075337015,7.57811467318884,5.15991715049767
Cc1ccc(C=CC(=O)N(C)Cc2c(-c3ccccc3)oc3cc(C)cnc23)cc1,-5.502,4.799226395993421,8.505829177687499,9.54452565610256
CN(C)CCc1c[nH]c2ccc(C(=O)NCCc3ncno3)cc12,-5.277,10.279883121903673,8.810281720807797,13.00966563751736
COc1ccc(C(=O)NCc2ccc(C(=O)c3cccs3)s2)c([N+](=O)[O-])c1,-5.449,3.697648712357624,7.9862483056814595,3.080133763329118
N#CCc1cccc(Cl)c1NC(=O)CCC(=O)Nc1ccc(F)cc1,-5.691,4.40654342994597,7.45486793980953,3.6500598625228076
NC(N)=NC(c1ccc(F)cc1)S(=O)(=O)c1ccccc1,-4.788,7.946307192652446,8.406926311084213,3.145272961127539
CCOC(=O)CC(OCc1ccccc1)C(=O)Nc1ccc(-c2nc3cc(C)ccc3o2)cc1,-5.841,13.540784356897499,7.32520143067752,6.058642257139796
O=C(Cc1ccn[nH]1)NCC1CC2CCC1C2,-4.869,12.970848430229998,12.822579966605783,3.0440374504923553
O=C(O)CC1(C(=O)N2CCN(c3ncccn3)CC2)CCC1,-5.263,5.210229265588991,8.291303275119057,2.986868761763731
N#Cc1ccccc1COc1cccc(C(=O)Nc2ccc(N3CCCCC3)cc2)c1,-6.452,4.687144439848211,7.960598595583122,3.585164291911879
CCC=CCC=CCC=CCCCCCCCCCCCC(=O)OC(COC(=O)CCC=CC=CC=CCCCCCCC)COC(=O)CCCCCC=CCCCCCCCCC,,,,
C=CCOc1ccc(C2C(C(=O)OCC)=C(C)OC(N)=C2C(=O)OCCOC)cc1,-4.226,4.7989479055309605,8.734336208321729,3.1702774326547516
CCCOc1cc(N(CCC)Cc2ccccc2)ccc1N,-4.656,4.470253907777499,7.864079157790822,6.975421277600371
O=C1CC(O)C2CCCN12,-4.197,14.42331421691977,11.956310927706758,3.016168927629883
CCOC(=O)c1[nH]c(C)c(C(=O)OCC)c1NC(=O)CCS(=O)(=O)CCC#N,-4.755,4.4910882868186865,7.7175396338470446,3.010252315006169
CCCOC(=O)CC(NC(=O)Nc1nc2ccccc2s1)c1ccc(Br)cc1,-6.129,3.8284521676520913,7.409773815711245,6.080400726925817
COc1cccc(C(=O)Nc2ccccc2NC(=O)c2ccccc2C(F)(F)F)c1,-6.446,12.73475704518936,12.154052246061804,2.9491948053663735
CC(C)CCC(=O)NC1(C#N)CC(C(C)(C)C)C1,-4.658,13.315017499049711,8.41826882440802,9.076004462317107
Cc1cc(C(=O)N2CCC(N3CCCCC3)C2)cc(C)c1O,-5.051,5.0120252393618285,8.031926356734104,4.469089392706303
CCn1c(Nc2ccc(C)nn2)cc(=O)n(C)c1=O,-5.557,12.347657348663349,11.652802452629151,2.8191700906472454
CC1CCN(Cc2ccc(CCl)cc2)CC1C,-4.591,13.095434127969947,7.249309898190309,10.01036492841295
CC(=O)NC(c1nc(Cc2ccccc2)no1)C1CC1,-4.982,3.803556493599115,7.392448106006562,5.214105580058771
Cc1ccc(C(=O)CCC(=O)NCCc2cccc(CO)c2)s1,-4.801,12.606477739638459,12.57930033825411,3.153183312146631
CC(=NO)C(=O)Oc1cc(Br)ccc1Cl,-4.961,12.741497949613303,12.976859596990328,2.7543111661538897
NC(=Nc1cc(Cl)c(Cl)cc1Cl)n1cncn1,-4.861,12.856437375882948,12.448452032280962,3.1413251980653
Nc1nc(Cl)nc(Cc2cccc(Cl)c2)n1,-5.106,12.428018466352551,12.56378370555622,3.1230334612360466
O=C(Nc1ccccn1)C1CCCC1c1ccc(-c2cccc(C(=O)N3CCCC3)c2)cc1,-7.402,11.446156079662728,7.672330871384522,9.607947595610625
N#Cc1ccccc1NC(=O)c1ccc(COc2ccccc2C(F)(F)F)cc1,-6.111,3.620974730649193,7.616130907488395,3.375789537278649
COc1ccc(Cl)c(C(=O)NCCNc2ccnc(C)n2)c1,-4.831,4.392545275805363,7.418043542606095,2.9971241215538607
O=C(C=CSc1nc2ccccc2o1)Nc1nc(-c2ccccc2)cs1,-5.74,5.299493277663441,7.062808081775973,5.581988624137458
CC(NC(=O)COc1cccc2c(=O)[nH]c(-c3cnco3)nc12)C1CC1,-6.206,12.435483102799022,12.360109586892829,2.9650284990198665
CCC(N)CN1CCCCC1(C)C(=O)NC(C)(C)C(C)O,-4.482,8.28859584006845,7.78066687373261,2.965226129656893
CC(NP(N)(=O)OCC1CC(Nc2ccccc2F)CO1)C(=O)O,-5.823,3.4583799675570637,7.440454959207803,2.878236265493158
O=C(c1ccc([N+](=O)[O-])cc1)N1CCCC(n2ccnc2)C1,-5.072,12.918436670123828,8.424700232055738,9.121385530718456
Cc1ccccc1NC(=O)NS(=O)(=O)c1ccc(Cl)s1,-5.254,12.526351184602802,7.239490797010518,8.272406663118057
Cc1ccc(NC(=O)CN2CCN(C(=O)C3(C)CC3)CC2)cc1Cl,-6.327,4.509724936179589,8.15400741966795,2.936360672669487
CSCCCCCNC(=O)C1(C)CC1(Cl)Cl,-3.478,4.0725537442739785,7.340293318389939,4.245890954793823
Cc1cccc(NC(=O)c2cn(C3CC3)c(C(C)(C)C)n2)c1,-5.192,4.709520782415129,8.020436584126827,4.6870218689483405
Nc1ccccc1N(Cc1ccccn1)C(=O)c1ccoc1,-5.683,12.150918319205342,12.513143929484709,2.862130849559467
Cc1nc2c([nH]1)CN(C(=O)c1cc(C)c(-c3c(F)cccc3F)s1)CC2,-5.94,12.75646828083698,7.476082463429627,8.197882470491999
Cc1nnc(SCC2CCCN(Cc3cnc(C4CCCC4)[nH]3)C2)o1,-5.238,4.05086632709597,8.118090908581893,5.571092890986472
COc1cc(N(c2ccccc2)C2CC2)nc(C)n1,-4.71,12.820700526882296,12.140423962942974,2.998708555361791
Cc1noc(C2CCN(C(=O)C(C)(C)c3ccccc3F)C2)n1,-5.517,4.827609864104596,7.373070595077738,8.563349461513292
Cc1ccnc(N2C(=O)C(C(C)C)CC2C)c1,-4.548,12.933400558244534,12.454728620086428,2.908637137904967
CC(C)(C)OC(=O)Nc1nc(C(=O)C=Cc2cccc(Cl)c2)cs1,-5.014,8.240196235527407,11.061620360507769,5.592956731461457
CCC1(C(N)Cc2cccnc2)CCCCC1,-5.085,12.496972193295463,12.74327575625671,3.157245318311518
NC(=O)c1cc(NC(=O)c2ccccc2C(=O)O)ccc1Cl,-5.769,4.937748677281986,8.220684278087804,3.018477430758759
Cc1cccc(C2(CC#N)CCC(=O)N2)c1C,-5.454,12.380406576522438,12.368950036280362,2.8995513446048857
Cc1ccc(C(=O)NC2(C(=O)Nc3ccc(=O)n(C)c3)CC=CC2)o1,-5.814,4.476745916399544,8.262673296215942,6.091809993753909
CC(CCCC(=O)O)NC(=O)c1ccc2c(c1)CC(C)NC2C,-5.709,5.073997733543048,8.078899801334337,2.94810057494652
Cc1cc(N(c2ccccc2)c2ccc(Br)cc2)c2cccc[n+]2c1,-6.007,12.836833682805118,12.414155670040552,3.1669603723444344
CC(C)CCCOC(=O)CCCCC(=O)OC1(C(C)C)CCCC1,-4.359,12.714216098525304,12.847944621611662,2.961266283197106
CCCN1C(=O)C(F)CN(c2ccc(NC(=O)C=Cc3ccco3)cc2)C1=O,-5.489,12.197683427602144,7.229823372669626,9.36029817901118
CCc1c(C)nn(CC(=O)N2CCN(c3ccc(C#N)cc3)CC2)c1C,-5.382,4.540824814942766,8.719468905845126,5.076860644138265
O=S(=O)(c1ccc(F)cc1)N(Cc1c(Cl)cccc1Cl)Cc1c(Cl)cccc1Cl,-4.507,7.883920408020365,8.01627875014336,3.3950544914625453
COC(=O)C1=C(CSc2nnc(COc3ccc(Cl)cc3)s2)NC(=O)NC1C,-6.02,4.4095760567201925,7.520180649425916,2.9280864058288993
CNC(=O)c1ccc(Cl)c(NCc2cc(=O)oc3ccc(C(C)=O)cc23)c1,-6.271,11.509683662029985,7.243503434112529,6.939067444549015
CC1CN(C2CC2)CC1Nc1ncc(Cl)cc1S(N)(=O)=O,-5.342,9.925828227407525,8.18758364842766,2.9772460429060947
O=C1Nc2ccccc2NC12Nc1ccccc1N(Cc1ccccc1)C2=O,-6.18,3.6328403488179886,8.376616679781879,10.101785683729387
Cn1c(=O)nc(C(F)(F)F)c2c(=O)n(CC(=O)Nc3ccc(S(N)(=O)=O)cc3)cnc21,-6.403,4.652394437276358,8.124919261137306,2.8729192470377587
CC1(C)C(C(=O)O)C1C(=O)Nc1c(Br)cccc1C1CC(=O)N(Cc2ccccc2F)C1,-5.921,4.617163956369754,7.772746554468374,3.965578646301193
Cc1cccc(CCN(C(=O)CCCN(c2ccccc2)S(C)(=O)=O)C(C)C(=O)NC(C)C)c1,-4.422,4.563699047921543,7.392275833598203,3.705173815086143
C=CCOC(=O)C1=C(C)Nc2ncc(Cc3ccc(Cl)cc3)n2C1c1ccc(C(=O)OC)cc1,-4.507,4.170508482187754,7.987390124439896,5.8979427769350234
COC(=O)c1cccc(NC(=O)N(C)Cc2cccs2)c1,-5.875,11.998874322202063,12.255283472853657,3.0735629162260523
CN1C(=O)Cc2ccc(NS(=O)(=O)c3ccccc3Cl)cc21,-5.55,12.389053757248776,12.594620954995033,3.0602779285548563
COc1ccc(N2CC(C(=O)N3CCc4sccc4C3)CC2=O)cc1,-5.694,4.6317333688371995,7.262250959585464,3.4721725187553685
CC1OC(=O)C(C(C)C(=O)NNC(=O)c2cccc(Cl)c2)N=C1c1ccccc1,-6.792,5.279606614133292,7.5181139922190585,7.963488808305064
COC(=O)c1ccc(C)c(NC(=O)CSc2nnc(NCc3ccco3)s2)c1,-5.693,3.935399979671697,7.089733492875454,3.227921312547751
CC(C)(C)C(=O)N1N=C(c2ccco2)CC1c1ccc(Cl)cc1Cl,-5.153,3.7296040004268547,8.318036487056304,7.172722425969096
Cc1cccc(-c2nc3n(n2)C(c2ccccc2Cl)C(C(=O)Nc2cccc(Cl)c2)Nc2ccccc2-3)c1,,,,
FC(F)(F)C1C=CN=CC1,-3.987,12.186529202361106,12.275205700924118,2.9882558458070494
CC(Cc1cnn(C)c1C(=O)CCC(F)(F)F)=C(Cl)Cl,-4.14,12.708172095152001,6.672028252338265,8.132897515645945
CC(c1nnc(N)o1)N1N=C(c2cccs2)CC1=O,-6.207,12.750162587198643,11.692883562235622,3.0239143506389197
CNCC(C(C)C)N(CC(C)C(N)=O)c1ccccc1,-4.151,13.544442291951338,7.3776301072905515,7.393966188724424
CCc1ccc(-c2noc(C3CC(=O)N(c4ccccc4C(C)C)C3)n2)cc1,-6.133,4.48548648420659,8.383725723089944,3.6392791868720376
CC(C)CN1C(=O)CC(n2cccn2)C1=O,-4.822,12.73362956897993,12.450380355635726,2.960351668298886
CSc1ccc(-c2nc(CSc3ccccn3)no2)cc1,-5.549,4.830465505518076,8.224843706721726,4.3822234082711935
CCNC(=NCCC(C)(C)NC(=O)c1ccccc1)N(C)CC1CCC1,-4.217,10.873867113405424,8.814797104868608,12.424534840387386
CCc1ccc(N2C(=O)NC(=O)C(=Cc3cc(Br)c(OCC(=O)Nc4ccc(C)cc4)c(OC)c3)C2=O)cc1,-6.559,5.188362458425587,8.226748385601688,2.7971800085085694
COc1cc(NC(=O)CNS(=O)(=O)c2cccc(F)c2)cc(OC)c1,-5.595,3.933697878587016,7.5523433449493,9.273295315043084
COc1ccc(Cl)c(-c2nc(NC(=O)c3oc4ccccc4c3C)no2)c1,-6.767,4.081624186521831,7.9361961291288665,2.967072125850668
COc1ccccc1Nc1nc(N)nc2c1N=CC(c1ccccc1)N2,-5.642,4.8508080770115,7.859238449111975,5.447800014684827
CC(c1ccc(F)cc1)N1CCN(C)C(CC(=O)O)C1,-5.227,12.276890852329021,8.962443026318214,8.854008075442442
COc1ccc(F)cc1-c1ccc(N)nc1,-5.148,12.196408979695622,12.649733594032721,3.047907314863757
CC(C)Cc1nnc(NC(=O)c2ccc(NC(=O)c3ccccc3)cc2)s1,-6.022,3.6063108573721143,7.5183730952912935,3.0346566527368464
Cc1cccc(-c2ccc(N3CC(C(=O)O)C(C(=O)NC4CCC(C)C(C)C4)C3)nn2)c1,-6.165,5.252279505129177,7.450698893392485,2.7891980926424
CN1Cc2ccc(C(=O)Nc3cccc4ccccc34)cc2C1,-6.228,10.609709798104754,8.649780401836802,12.437320048949452
Cc1cc(C(=O)NCC2(c3ccccc3)CC2)c2ccccc2n1,-5.461,14.266218945466944,8.547596504281188,8.969153639000726
FC1C=CC2CC(Cn3cncn3)NC2C1,-4.986,12.367515029301561,12.531713849270577,3.137645614150839
CCc1cccnc1CN=C(NC(=O)c1ccc(C)cc1)NC(C(N)=O)C(C)(C)C,-6.365,4.430499520370135,7.740639831435125,5.026605713600382
CCN(CC)C(=O)C1CN(Cc2cccc(C)c2)CC1c1cccnc1,-5.067,4.965148336152707,8.171634903738664,4.552702384298802
Cc1ccc(-c2nc(CNC(=O)C3CC(=O)N(c4ccc(Cl)cc4)C3)co2)cc1,-5.551,4.399639644334521,8.187387678618864,6.860010058301664
NC(=O)c1c(N)c2cc3cc(Cl)ccc3sc-2c1Br,-5.34,13.537465161543352,7.029334321256885,7.82979220669361
Cc1nn(C)c2sc(C(=O)NCCc3ccccn3)cc12,-5.152,12.658750412264238,8.520467475438188,8.964009649704757
CC(C)N(C)CCNC(=O)C1COCC1N,-4.617,5.871603188227215,7.9171945157359875,3.0513692008670485
CCCCOC(=O)c1[nH]nc(N)c1-c1ccc(Cl)cc1,-4.234,6.829327931795337,8.114270700438826,2.9830947018155496
O=C(COS(=O)(=O)c1ccccc1)Nc1ncc(Cl)cc1Cl,-5.883,3.9550289505893628,7.503242632355694,9.240297722476264
CN1Cc2cc(N)ccc2S1(=O)=O,-4.422,14.219262603946802,12.509217921197154,2.9971956893069223
CCCNC(=O)c1cccc(NCC(=O)Nc2ccc(C)cc2C)c1,-5.702,4.582004474026624,7.1748654342781935,2.9709761022263375
Cc1cccc(Nc2nc(N3CCC(N(C)C)CC3)c3ccccc3n2)c1,-6.274,4.362405414447401,8.175413261725673,3.4802076087498004
CCc1ccc(N(C(C)C(=O)Nc2ccccc2C(N)=O)S(C)(=O)=O)cc1,-5.389,4.010766260953135,7.934643848340012,8.202490963116022
CCc1ccc2[nH]cc(C(=O)c3ccc(Cl)c(Cl)c3Cl)c(=O)c2c1,-5.795,4.941002327463527,8.801640869746958,3.678534626722984
CCC(CC)CNC(=O)c1cc(Cl)c(Br)cc1N,-4.386,12.756148164708655,7.229974342969689,9.104909554740233
O=C(c1ccnn1-c1ccccc1)N1CCN(Cc2ccccc2)CC1,-5.616,12.78656048357024,7.311808189497314,7.559543438594688
Cc1[nH]cnc1CNC(=O)c1ccc(NC(=O)C(C)(C)C)cc1,-5.027,4.050899406304727,7.7107999584997655,3.5385289316324666
O=C(NC1(c2ccc(OC(F)(F)F)cc2)CCCC1)c1cccc(Cl)c1,-5.924,11.10144787854269,7.654283310669916,7.569280282827423
CN(c1ccncc1)c1ccccc1C(N)=O,-5.509,12.476961529154444,12.659844430323778,3.1533735902997604
O=C(c1ccco1)N1CCN(C(O)c2ccc(Cl)c(Cl)c2)CC1,-5.421,5.6525282838743935,8.135696958466434,2.9086845824186565
Nc1ccc(NC(=O)c2cnc(Cl)c(C(F)(F)F)c2)cc1N1CCCC1,-5.825,14.600759363813925,7.941141542624712,9.063264367765072
CCOc1ccc(Nc2nc3ccccc3nc2C(=O)NC(C)c2nnc(C)o2)cc1C,-5.789,9.399423173791039,8.51653943805816,10.303695938836704
CCOc1ccc(NC(=O)C(NC(=O)Cc2ccc(C)cc2)C(C)C)cc1,-5.669,12.905265282046704,6.600488088012885,7.890144802220044
CCN1C(=S)NC(c2ccccn2)C1c1c(C)nn(-c2ccc(OC(F)(F)F)cc2)c1C,-4.734,6.250083119447292,7.90250726035731,3.6610404258898863
CCNC(=O)C(CC)N(Cc1ccc(F)cc1)C(C)=O,-4.369,12.806143759930231,13.062439473543982,3.3024725585536667
CC(C)OC(=O)c1ccc(N2CCC(Nc3ccc(C(=O)c4ccccc4)cc3)C2=O)cc1,-6.063,3.1794795171537107,7.465049899364369,3.064207238422362
CC(C)(C)c1noc(CNc2nc(N3CCCC3)ccc2[N+](=O)[O-])n1,-5.668,5.007885881287632,7.430035935310137,3.351809958813298
Cc1ccc(NC(=O)c2cc(NC(=O)NC(=O)c3cc(Cl)ccc3Cl)ccc2Cl)nc1,-6.871,11.147365742631754,6.761453763799616,7.956689261244277
CCOC(=O)c1ccccc1NC(=O)C(C)n1nc(C(=O)N(CC)CC)cc1C,-5.218,4.705869845203965,7.074937526225938,3.002077447368738
CCN(Cc1nnc(-c2ccc(C)cc2)o1)C(=O)Cc1ccc(C)nc1,-5.949,4.522663042942729,7.273198264862576,6.726933551032
COC1CCCC(CNC(=O)N2CC(OC)CC2C(=O)O)C1,-4.743,10.582080372025153,8.667602321288166,12.382593024080215
FC(F)(F)C(F)(F)c1nnc2n1CCCO2,-5.688,16.22154853890343,12.297698077282593,2.9960440584210373
Cc1nc(NC(=O)c2cc3ccccc3c(=O)n2-c2ccccc2)oc1C,-6.009,13.180075151530815,7.824861085028922,7.5806262274300265
Cc1n[nH]c(C)c1S(=O)(=O)N1CCc2cc(C(=O)N(C(C)C)C(C)C)ccc21,-5.432,4.181384818454288,8.194848747841537,2.983429067365268
COc1ccc(C(=O)NC(=O)c2cccc(I)c2)cc1,-5.39,13.523232084084041,6.941031119365479,7.44229057481633
CCNC(=O)c1ccc(C)c(N2CC(C(=O)N(C)C3CCCCC3)CC2=O)c1,-5.519,3.6929308144074398,8.066809220503483,10.027124213851149
CC(Cc1ccc(OC(F)(F)F)cc1)NC(=O)Cc1ccc2c(c1)CCCO2,-5.266,3.817839834251824,7.150054335457877,6.458718293903211
Cc1cc(CC(=O)c2cc(C)c(F)cc2F)n(C)n1,-4.928,3.7637519843900455,8.931899014207447,9.650388489589423
CCOC(=O)C1=C(C)N=c2sc(=Cc3cc([N+](=O)[O-])ccc3Cl)c(=O)n2C1c1cccc(SC)c1,-5.419,5.037630097575644,7.953154657115628,8.964631671184266
CNS(=O)(=O)c1ccc(NC(=O)C2CCCCC2N)cc1,-5.261,4.9072719508908405,8.265590420532583,3.4329046010630715
CN(C)C(=O)C(N)=Cc1ccc(O)cc1,-4.616,12.84037600695556,12.912097389657498,3.1252785475857987
COCC(C)CN(C)Cc1cc(N)ccc1Cl,-4.793,12.640188091954961,12.272808073134689,2.9819605966544898
Cc1cccc(C)c1NC(=O)CCC(=O)Nc1ccccc1C#N,-5.577,4.3205227692954,7.0995130818951235,4.976283151107864
COc1ccccc1S(=O)(=O)NCc1c(C)nn(Cc2ccco2)c1C,-5.442,4.5986668720402,8.739963272234043,3.0774330212045227
COc1ccc(Br)cc1C(CBr)Cc1cncs1,-4.028,4.330552620624762,8.231374004381042,6.725154347671138
N#Cc1c(N)[nH]c(=O)n(CCC2CCN2c2ccccc2)c1=O,-5.166,7.363271080165391,8.25739462542514,3.190096706998081
Cc1c(NC(=O)COc2ccc(NC(=O)c3ccc([N+](=O)[O-])cc3)cc2)ccc(Cl)c1Cl,-6.194,10.707070701176862,7.563884848409578,8.849827455945116
CC(=O)SC(C(=O)NC(C)c1ccc(F)cc1)c1ccc(F)cc1,-5.515,12.37617937814413,12.697500147666862,3.087255415413503
O=C(Nc1ccc(OCc2ccccc2)cc1)C1CC(=O)N(c2ccc(F)cc2)C1c1ccco1,-6.14,6.800544463497022,7.2049385146578455,5.233139115292083
Cc1cncc(C(=O)Nc2ccccc2C(=O)Nc2ccccc2C(=O)N2CCCC2)n1,-6.209,3.42178681393216,7.073566073770711,6.321322409116624
CCCOC(=O)CSc1nnnn1Cc1ccco1,-4.801,13.374790353497135,11.929479997049327,2.818537209262989
CCCN(c1cccc(C(=O)NCCc2n[nH]c3c2CCCC3)n1)C(C)C,-5.245,10.502259280745262,8.741982498266626,12.663630482606477
COc1cccc(-c2coc3cc4oc(C5CCN(C(=O)c6ccccc6C)C5)nc4cc23)c1,-6.832,13.31934142516063,7.324371918465092,7.852335321418718
Cc1sc(NC(=O)c2ccc(C(=O)Nc3ccccc3C(=O)Nc3cccc(C(F)(F)F)c3)cc2)nc1-c1ccc(Cl)cc1,-7.445,4.19146883562314,7.606063107810767,8.166630027128694
CN(Cc1ccc(C(=O)O)o1)CC1CCCN(Cc2ccc3c(c2)OCO3)C1,-5.709,4.694133146812093,7.991558358668226,2.9578769413212584
O=C(c1ncn[nH]1)N1CCCC1c1ncn[nH]1,-5.287,14.013857605955614,12.692094704972856,2.9427392001331008
Fc1cccc(Cl)c1C=NNc1nc(-c2ccco2)n[nH]1,-5.43,6.401046945617568,8.034760730724967,3.020494164867729
CCCCOc1ccc(S(=O)(=O)Nc2cc(Nc3ccccc3C(=O)OCC)ncn2)cc1,-5.292,6.447954326761318,7.029242135536377,3.028030052691023
CCOC1(c2noc(CCC(=O)Nc3cc(C(C)C)[nH]n3)n2)CCCC1,-5.72,4.709138137706304,8.316187948814047,3.5441588564848505
CCCc1ccc(C(N)CC(=O)NC(C)Cc2ccc(C)s2)cc1,-5.215,4.523415302622566,7.44431064639299,3.5656286963171038
C=CCn1cccc1C(=O)OCC(=O)Nc1ccc(C)c(F)c1,-4.886,11.317391439726737,8.676169892296947,12.49009967934604
O=C1c2ccccc2C(=O)N1COc1cccc2c1Cc1ccccc1-2,-6.342,3.8479521826550807,8.42206138662026,9.814859194099526
Cc1nncn1-c1cccc(NC2=C(O)C(=O)N(c3cccc(Cl)c3)C2=O)c1,-5.811,4.306062122171485,7.581504072412017,3.267286335783872
Cc1ccc(S(=O)(=O)Nc2nnc(CC(C)C)s2)s1,-5.027,4.46889617243453,7.033120075755851,3.5890962650784393
Cc1cnn(Cc2ccc(C(=O)Nc3cnn(C)c3C)o2)c1,-5.428,3.9769119929915466,7.716761043339362,3.09477527455549
Cc1ccc(CN(C)CC(=O)Nc2c(C)cccc2C)cc1F,-5.127,12.6098236704563,13.371824931549172,3.358967400854019
Cc1cccc(C(=O)N2CCNC(=O)C2C)c1F,-4.473,7.841709571260593,10.72465412029684,7.872215825293409
NC1CCCCC1CNC(=O)c1cncnc1,-4.585,12.665655490340798,12.869014958418534,3.0606548318946385
Cc1ccc(NC(=O)Cc2c(C)nn(C)c2C)cc1C,-5.623,4.446371217071287,7.428414703017058,3.698368424048637
O=C(NC1CC1)C1CN(C(=O)Cc2ccccc2)CC1c1ccccc1,-5.781,4.306947991327501,7.262541290760417,5.1525904164798515
COc1ccccc1S(=O)(=O)Nc1cnc(C(=O)O)cc1F,-5.871,4.598610659753661,7.389831256530829,2.785587729725991
CCCO[N+](O)=Cc1ccccc1C,-4.064,12.133986030979269,11.229663663707832,8.615816792388287
COc1ccc(C(C)(C)C)cc1C(O)=C1C(=O)C(=O)N(c2ccc(-c3cc(C)no3)cc2)C1c1ccccn1,-6.315,3.8173139771310396,7.868872918023266,9.344503732141156
O=C1NCCN1C1CCCN(C2C=CC=CC=C2c2ccccc2)C1,-4.066,4.615848134416902,8.241865929508924,9.285649896480052
COc1c(CN2CCCC2=O)ccnc1CO,-5.361,12.754994198352268,12.729195811205043,3.1012652256780617
Cc1ccc(NC(=O)C2CCC3CCCN32)cc1C#N,-5.651,4.55678164936614,7.325937892174625,5.023192311667949
CC(C)(N)c1nccc(C(F)(F)C(C)(C)C)n1,-4.668,11.894589400227316,12.697088997089057,2.991066365027697
CCC1CC(=O)Nc2cc[nH]c(=O)c21,-5.05,13.806474894048808,12.478122695341636,3.0885734571157606
CNC(=O)NC(=O)C(C)N(Cc1ccco1)Cc1ccc(Br)s1,-4.968,7.128079965881415,8.387600968095704,2.810442847666538
Cc1cccc(C(=O)NC(C(=O)N2CCN(Cc3cc(C(C)C)on3)CC2)C(C)C)c1,-5.785,4.8639830386217415,7.0829306787515565,3.157171835678255
CC1CCN(C(=O)C(C)CC(=O)Nc2ccccc2F)CC1,-4.973,4.013089707444876,8.697884972796547,9.684432353008617
N#Cc1ccc(OCN2C(=O)c3ccccc3C2=O)cc1,-5.656,4.638063712369635,8.699785572070152,3.0528259039781496
CCC=CCC=CCC=CCC=CCC=CCCCC(=O)OC(COC(=O)CCCCCCCCCCCCCC)COP(=O)(O)OCC(O)CO,,,,
C#CCNC(=O)c1c(C)[nH]c(C)cc1=O,-5.108,14.109104649126392,12.753714047288343,2.848747970600418
Cc1cc(C)c(C(C)NC(=O)c2ccc(N)c(C)c2)cc1C,-5.74,4.978883509382399,8.685234251302608,9.813814243198207
Cn1ccccc1=Nc1c(-c2nn[nH]n2)cc(O)n1-c1ccc(Cl)cc1,-5.532,4.82738552427709,7.911617407332081,4.198988687767568
Cc1ccc(-c2nnc(C(C)NC(=O)c3ccco3)o2)o1,-5.987,4.364347488456895,7.829080469633709,2.974858147878651
Nc1cccc2c1ccn2C1CCC(=O)NC1=O,-5.246,12.702051172940536,12.245269780613247,2.841052445837634
CC(CC(=O)Nc1ccccc1N)NS(=O)(=O)c1ccc(C(F)(F)F)cc1,-5.189,6.218546051932075,8.322093366455341,3.0288131338859454
CCNC(=O)C(Cc1ccccc1)N(Cc1cccc(OC)c1)C(=O)CN(c1ccc(Cl)cc1Cl)S(=O)(=O)c1ccc(Cl)cc1,,,,
O=C(C1CCCCC1)N1N=C(c2cccnc2)CC1c1ccccc1,-6.154,12.613418925889999,12.170211707279377,2.977537573230605
CCOC(=O)CN(C)C(=O)C1CCCN(c2cc(C)ccc2OC)C1=O,-5.701,4.431370104155148,7.402789339161286,2.8805905644502836
O=C(O)c1ccc(CNC(=O)c2ccc(CO)o2)o1,-6.014,12.615049306284934,11.829447577972523,2.7859829504144495
COc1ccc(C(C)N2CCN(c3cccc4cccnc34)CC2)cc1,-5.799,4.438436887013265,8.127857097661105,3.1922213269132818
Nc1ccc(C(=O)Nc2nc(Cl)cc(Cl)n2)cc1[N+](=O)[O-],-5.595,6.683551750379434,7.446516903895403,3.031285700820692
CC(C)(C)C1NC(=S)N(Cc2ccco2)C1=O,-4.567,12.940119396667097,12.762403143608966,3.334156714973068
Cc1ccc(N(C(=O)c2ccccc2)C(CO)C(=O)NCCN2CCCCC2)cc1,-5.556,4.5874480923493826,7.0633819095387995,3.4998174238094193
Cc1ccc(Br)cc1C(=O)OC(C)C(=O)N1CCOCC1,-4.626,11.13559360788638,8.208404838944045,11.813545022557793
CCCCCCC(N)c1sc(C2CCCC2C)nc1C,-4.075,4.145269110685095,8.277946424083693,10.664977637107357
CCc1ccc(N2C(=O)C(=O)C(=C(O)c3ccc(F)cc3)C2=O)cc1,-5.26,13.774753754604834,7.27263672955002,7.960081029738327
CC=CC=Cc1ccc(O)c2ccccc12,-5.12,12.890757696892763,12.756978247218264,2.762430451613217
COc1ccc(NC(=O)Nc2ccc(NC(=O)c3n[nH][n+]([O-])c3C)cc2)cc1,-6.025,5.348155756894147,8.220854760911422,3.130186096704156
Cc1ccccc1NC(=O)C(C#N)=Cc1ccc(OC(=O)C=Cc2ccccc2)cc1,-6.998,4.305596590485457,7.8725862332527035,3.232318827096114
CCc1[nH]nc(NC(=O)c2ccc(-c3nn[nH]n3)s2)c1C,-5.517,4.39653568164754,8.140495193782748,2.9999301658538644
Cc1nsc(NC(=O)c2cccc(Cl)c2)c1Cn1cncn1,-4.803,11.509377090007956,8.156654767734135,11.955715495109441
CCOC(=O)Cc1ccc(NC(=O)C(C#N)=Cc2cnn(C)c2C)cc1,-5.414,5.231596123555411,8.460126417495191,3.047019199151854
O=C(CC(F)(F)F)NC1c2ccccc2CC1O,-5.076,6.655103530374265,8.100562511332159,3.457866538777922
CCCCCCCCNC(=O)CCn1ccnc1-c1cc(C)on1,-4.233,4.863985505734983,7.319574167941739,3.8651034914992897
O=C(Nc1cc(Cl)ccc1F)c1[nH]nc(Cc2ccccc2)c1Cl,-5.763,12.48817560734954,12.287896728081662,3.004689834242463
CCOC1CCC(C(=O)O)C(C(=O)Nc2ccc(Cl)cc2Br)C1,-5.054,13.612462451738846,6.953981377599453,6.521548589100598
CC(NC(=O)COC(=O)c1cc(O)c2[nH]c(=O)[nH]c2c1)c1ccc(Br)cc1,-6.31,4.581662034676936,8.195177972442087,3.022759831677005
Cc1[nH]ncc1S(=O)(=O)Nc1ccc(C(=O)N2C(C)CC3CCCCC32)cc1,-6.146,4.159784008815842,7.3198981550292075,3.336689077513816
CNC(=O)c1ccc(Nc2nccc(-c3c(C)noc3C)n2)s1,-5.237,3.991559720209633,8.204840095943368,3.0903938260357684
C=C1N=CN(C(N)NC(=O)OC(CCC)C(F)(F)F)N1,-4.671,3.3755608422897665,7.752339388855471,9.913838610750126
CCOC(CNC(=O)C(=O)Nc1cnn(CC)c1)c1ccccc1,-5.357,4.433872912026234,7.889941254534154,3.030748752371269
Cc1ncnc(NCC2CCCO2)c1Cl,-4.807,12.707048201687126,12.486257645908161,3.062183044822763
CC(C(=O)Nc1ccc(Cl)c(C(=O)N2CCCC2C)c1)N(C)CCC#N,-5.288,3.3931734408957057,7.620639146423349,3.015739544456715
CC(Nc1ccnc(C(N)=O)c1)c1ccc(S(=O)(=O)N(C)C)cc1,-5.446,4.025700684352974,8.35654737316794,2.771013713426911
CN(C(=O)C1CCCN(CCc2ccccc2)C1=O)c1ccccc1,-5.143,3.8447858197824236,8.304454286706623,10.481564482461575
COc1ccc(N(CC2CC2)S(=O)(=O)c2ccc(C(C)N)cc2)cc1Cl,-4.517,12.680173855275013,6.692025179271219,9.860781054257316
CCOc1ccc(-c2ccc(C(C)NC(=O)Cc3ccccc3F)c(C)n2)cc1,-5.748,10.55823280667745,7.400262495344338,9.668556458954978
O=C(O)COc1cccc(C=C2N=C(c3cccc(C(F)(F)F)c3)N=C2n2cccc2)c1,-6.785,4.410497931073088,8.145149047132287,2.92349756285173
Cc1ccc2c(c1C)CCC1(C2)NC(=O)NC1=O,-5.631,13.003592196004918,12.071926234035727,9.479049108428546
CC(C(=O)NC1CC1)n1c(C=Cc2ccco2)nc2ccccc21,-5.248,3.749149503554106,8.517432535688204,6.162095747389843
Nc1nn[nH][n+]1N=Cc1cccc(Br)c1,-5.273,13.027656159110126,12.493401218243173,3.0232613185101944
CCN(C(=O)c1cc(OC)ccc1Br)C(C)Cc1ccco1,-4.444,7.580729450389321,8.028441318213643,3.0578904493130548
CSCCC(NC(=O)c1ccc(C)cc1)C(=O)C(=N)O,-5.188,3.632584479403059,7.6337192769972875,5.6612115311124
Cn1ncc(Br)c1C(=O)OCCNC(=O)c1cccc(F)c1,-5.288,4.594568750165787,8.060363577407658,4.099291402181602
CN(C(=O)c1cccc(-c2ccccc2)n1)c1ccccc1Cl,-5.737,3.7684888217958137,8.903858320975237,10.132730777041301
CC1CCC(OCCC(=O)Cc2ccc(F)cc2)CC1,-4.979,12.681136620981576,12.765671271029973,3.1418774641923894
CC(C)(C)c1cccc(-c2nc(-c3cccc4c3oc3ccccc34)c3c(n2)oc2ccccc23)c1,-7.294,4.344256438103073,8.250650459206232,4.439442532570954
O=C1SC(=Cc2ccc(-c3ccc(Cl)cc3Cl)o2)C(=O)N1Cc1ccc(Cl)cc1Cl,-6.034,4.4907657476203315,8.297916244455593,9.364549375170169
CCOC1CC(NC(=O)c2ccc(C(F)(F)F)nc2C)C1(C)C,-5.107,12.860851527017953,9.152689003784626,8.653433827100084
Cc1cc(Nc2nccc(C(=O)Nc3ccc(CCl)cc3)n2)cc(C)c1C,-6.18,4.343235429953113,8.37188580906357,9.784496410137827
Cc1ccncc1NC(=O)c1cc(C(F)(F)F)nc2c1c(=O)n(C)c(=O)n2C,-6.052,9.699756801074962,8.543979927410877,11.962194656500118
COCCOc1nc2ncnc(NCCC#N)c2[nH]1,-4.616,5.3932470738878635,7.81987838780118,3.0594264168304495
CC1(OC(=O)C(=O)c2ccc(C(F)(F)F)c(Cl)c2Cl)CCCCC1,-5.133,4.320161686789048,7.324736514032432,5.433734995378408
COc1ccc(C2CC(c3ccc(F)cc3)N(CC(=O)Nc3ccccn3)C2)cc1,-6.098,12.420042914579643,7.478152579347389,7.921010857207557
CC(=O)Nc1cccc(C(C)N2CCN(C(=O)C3CCC3)CC2)c1,-5.447,4.17570077950995,8.587826442121427,2.9876701625179445
NC(=O)C1CCN(C(=O)c2nc(-c3ccccc3)n(-c3cccc(Cl)c3)n2)C1,-6.13,4.672069562838292,8.277810338489278,2.9358448528490064
Cc1cc(Br)ccc1NC(=O)c1ccc(NC(=O)c2ccccc2Br)cc1,-6.014,5.872052281783601,8.453663880235599,3.4669296214373895
CCOC(=O)c1cccc(C(C#N)=Cc2ccco2)c1O,-5.169,4.805264300743508,7.642754346438199,2.984678542154917
O=C(CSc1nnnn1-c1ccc(Cl)cc1)Nc1ccccc1OC(F)(F)F,-6.065,12.327629901972237,12.629082389469156,3.1455377918569023
CCNC(=NCC(C)(C)c1ccc(OC)cc1)NC1CCN(C(=O)CC)C1,-5.352,4.532947275228336,7.875018412676887,2.9220930854440623
Cc1nc2ccccn2c(=O)c1-c1ncn[nH]1,-5.069,8.17475314612007,8.374634380078929,3.233202901149261
NC(=NO)c1nc(Nc2cccc(Br)c2)ccc1-c1ccccc1,-5.902,4.541172315603098,8.31109018119765,4.539768826713536
CN(Cc1ccn(C)n1)C(=O)C1(c2cccc(Cl)c2)CC1,-5.282,12.654993994467166,12.175485247003506,3.14173009661874
Cc1sc(C(=O)Nc2cccc(OC(F)F)c2)cc1NC(=O)Cl,-5.293,14.195618091509788,7.59932490422669,7.614899474057421
Nc1ccc(F)cc1C(=O)Nc1ccc(C(=O)NS(=O)(=O)c2ccccc2)cc1,-6.289,4.27670071433576,8.748999999999999,3.5192868595782305
CCN1CCCC1(C)C(C)C,-3.95,15.21019641556282,13.0585424531224,3.2277064612507753
CC(C)CCNC(=O)c1ccc2c(c1)OCCO2,-4.656,13.423544166873368,8.378519081556119,9.111767666045925
Cc1ccc(C(C)(C)C(=O)N2CCC(n3cncn3)C2)cc1,-5.684,4.527135297293422,7.068119268942763,2.921679311628845
O=C(O)CCc1cc(F)ccc1F,-4.904,12.961085332640938,11.607070172959238,3.0272413184283806
CCC(Cc1cc(Cl)c(Cl)cc1Cl)(C(=O)O)c1ccccc1,-4.794,5.03384157478163,7.423295898723153,3.3529085880769256
CCN(CC)C(=O)c1cc(NCCc2ccc(C)cc2)ncn1,-5.362,4.275829977910721,7.832327942572373,3.606750615165956
CCCC(=O)Nc1cccc(NC(=O)c2ccc(NC(=CC(=O)OC)C(=O)OC)cc2C)c1,-5.528,11.396026719870395,7.387844746609122,10.068771225924243
Cn1ncc(C(N)=O)c1NC(=O)c1cnc(-c2ccccc2)nc1,-5.989,4.405924534079085,7.637584107556525,3.231227785223443
Cc1ccc(-c2cccc(=O)n2CC(=O)Nc2ccccn2)cc1,-5.524,4.453638287961876,8.041068896608211,8.418127760969181
CC(C)(C)c1ccc(C2OC(=O)C(c3ccccc3)=[N+]2[O-])cc1,-5.291,10.861498239193338,9.291305236617728,13.14089757208388
Cc1nc(CN(C)C2CCN(CC(C)O)C2)no1,-5.403,12.514561518487174,12.456524154032696,2.9768135648710015
O=C1CC2c3ccccc3CC2C2=C1C(c1ccc(F)cc1F)Nc1ccccc1N2,-4.644,4.8927179563101735,8.534348305523979,8.572324655541227
CC(=O)N1C2CCC1CC(NC(=O)C1CCCN1)C2,-5.185,4.9561115806648255,7.342865244575853,2.847562817568737
Cc1nn(Cc2ccccc2Cl)c2c1NC(=O)CC1(CCC(C)C1)C2,-4.113,10.521460592522313,8.870432965757647,12.659837676684486
O=C(c1cn[nH]c1-c1ccccc1Cl)N1CCN(c2ccccn2)CC1,-5.885,4.602085396860862,7.975737395376052,8.902034093396855
CC(=O)N(CC1Cc2[nH]cnc(=O)c2CO1)c1ccc(Cl)cc1F,-5.362,6.934204063913896,7.427363058313494,3.236171967000517
N#Cc1ccc(C(=O)COC(=O)C=Cc2ccc(NC(=O)c3ccco3)cc2)cc1,-6.537,4.467952775041384,7.680855225819583,2.8979491023825803
CC(NCc1ccc(C2NC(=O)c3ccccc3N2)o1)c1ccccc1,-6.374,4.396697283188826,8.290669755815872,2.9772920582300966
Cc1cc(C(=O)CSc2nnc(Nc3cccc(C)c3C)s2)c(C)o1,-6.368,4.3860402414934585,7.467463357794265,3.0065079411170688
Cc1cccc(C(C)NC(=O)c2ccc(S(=O)(=O)Nc3cccc(Cl)c3Cl)cc2)c1,-6.236,13.227329057674494,7.408569700016327,8.294215152743506
COC(=O)CCc1cccc2c1CCCN2,-5.234,12.407264444671114,12.35671165804236,3.0769663631570627
CN(CC(=O)NC(CC(=O)O)c1ccc(C(F)(F)F)cc1)Cc1ccc(F)cc1,-4.618,6.2003659569415746,8.10368397705636,2.9885605230612278
COc1ccccc1C(=O)N(Cc1cccnc1)c1nc2c(Cl)cccc2s1,-5.695,3.746669587780593,8.577709134728222,8.512723066093482
Cc1cc(CC(C)C)nc(SCc2nc3ccccc3c(=O)[nH]2)n1,-5.803,3.678127920559587,8.29509523754851,3.5747601318130418
CCCCCCCCC(=O)OC1C(=O)OC(=O)C1C,-3.954,12.716134318258833,12.183231344762358,2.926930986545463
CCOC(=O)C(C(=O)OCC)C(Cc1ccc(Oc2ccc(C=NN)cc2)cc1)Nc1ccccc1,-5.063,4.517916665898121,7.078251902835897,5.688173081051596
CC1CN(CC2CCN(C(=O)CCc3noc(C(C)C)n3)C2)CC(C)O1,-5.433,4.556014266878452,8.517465350677982,3.111235606636051
CCCCS(=O)(=O)NC(c1ccccc1)C(C)O,-4.442,4.686757941263875,7.094060966752399,8.285314779777531
Cc1ccnc(NC(=O)c2cc(Nc3ccc4c(c3)OCO4)ncn2)c1,-6.158,13.78813460914855,8.28663224717979,8.852323875683718
CC(=O)C(NC(=S)Nc1cc(C)ccn1)c1ccco1,-5.855,12.695290032133965,12.601357069776256,3.076903150897018
CC1(C)C(C(=O)O)C1(C)C,-4.575,12.526737244789643,11.796206212168386,8.691686027463255
O=C1NC(=O)C(N2CCC2=O)=C1I,-4.411,7.805497037344899,8.104678957244388,3.050189174461152
O=C(Nc1ccc(F)c(Cl)c1)c1ccc2c(c1)CCC2,-5.774,12.544122607819169,12.442348090292283,2.9122178833322208
COc1cc(NC(=O)Nc2ccc3[nH]c(=S)[nH]c3c2)ccc1F,-5.513,12.325224419863519,7.070958987294439,9.062084197357692
Cc1cc(Cl)ccc1NC(=O)COCc1nc(-c2ccc(Cl)cc2)n[nH]1,-5.267,10.500284043777102,8.638528636289863,12.936307085099674
CCCC1CN=C(Nc2ccc(F)c(C)n2)S1,-4.835,4.394663809667356,8.340319538243124,4.751424418003511
CCCc1c(Nc2ncccc2C)ncnc1-n1ccnc1C,-5.249,12.557049016389161,12.546228556821369,3.0274182069875977
Cc1ccc(Cn2nccc2NC(=O)c2cccc(NS(C)(=O)=O)c2)cc1,-6.197,5.5424421512542645,7.3910674465871296,2.943208283489296
Cn1c(CCC2CCCC2)nnc1SCc1nnc(-c2ccco2)o1,-6.267,4.92869810396214,7.421342803024261,2.928582250851083
Cc1ccc(C(=O)Nc2cc3cc(Cl)ccc3cn2)o1,-5.801,4.156652619596687,7.63573637575316,5.267902239032156
Cc1ccsc1C(=O)N1CCC(c2ccn[nH]2)CC1,-4.932,12.996710583836204,11.956099949398215,3.1010635272435167
CC1CN(c2c(Br)cccc2Br)C=NN1C,-3.898,4.587975806387823,9.268124405725247,9.586464103098702
Cc1ccc2c(c1)N(C(=O)c1ccc(F)cc1)CC(C(=O)N(C)Cc1ccccc1)O2,-5.943,4.909857228066821,8.818606352479966,9.948991355911412
CN1CCN(c2ccc(-c3noc(-c4ccc(Cl)cc4)n3)cc2)C1=O,-6.095,4.430893815021976,8.321184170537268,3.1862036971920036
O=C1CN(Cc2ccncc2)CC(=O)N1CCSc1ccc(Cl)cc1,-4.702,3.924797701793049,8.308280508023305,10.456735676108487
Cc1ccnc(-c2nc(C(=O)Nc3ccnn3Cc3ccccc3Cl)cs2)c1,-5.93,4.614935102468939,7.093729414067046,6.988731859214517
O=c1cccc2n1CC1CNCC2C1,-5.024,16.064763303578424,12.551515486187316,3.186682914881868
CS(=O)(=O)N1CCN(c2ccc(Cl)cc2Nc2ccc(C(=O)Nc3ccccn3)cc2)CC1,-5.94,5.063505208844956,7.998901424570751,3.000812889868344
C=C1CC(C)(C)CC(CCCC(C)=CCc2c(C(C)C)cc(C(C)C)c(OC)c2O)C1CCC=C(C)C,-4.381,13.923916438990863,6.946319960957744,7.816560944558674
Cc1cc(C(Nc2ccccc2C)c2cccnc2)nc(N)n1,-5.066,4.557560092856703,8.296706816562821,8.764185872059082
CC(=Cc1ccc(C(F)(F)F)o1)N(N)S(C)(=O)=O,-4.641,13.606604205311479,6.971881883681048,7.9854023693236655
CNc1ncc(C(=O)N2CCN(Cc3ccco3)CC2)cn1,-5.566,12.999388024057133,12.859110428019505,2.8228474985376026
O=C(Nc1cccc(F)c1)c1cnc(Nc2ccc(O)cc2)c(Cl)c1,-5.594,3.5908390384421303,7.954752353153428,2.9977521578676254
Cc1cccc(-n2c(=S)[nH]c3ccccc32)c1F,-4.932,13.224009490317224,12.781614686728746,2.8075606850075387
COC(=O)C(C)OCC(=O)Nc1ccc(F)c(F)c1F,-4.843,3.46064517106276,7.5104638338787035,10.033657857431654
COC(=O)CN1C(=O)NC(C)(c2ccco2)C1=O,-5.264,13.193194381953145,11.85705351257217,2.7060075757469715
O=C(NCc1n[nH]c(=O)[nH]1)N1CCS(=O)(=O)CC1,-4.762,7.430302685624589,7.619472553923925,3.0160908474381207
CCc1ccc(C(=O)C(C)Oc2cccc(F)c2)cc1,-5.507,12.736889769484543,8.520574276420575,8.956590980948052
CCOc1ccc(Cl)cc1C(C)NC(=O)C(C)=Cc1ccc(OC)c(C)c1OC(C)C,-5.285,6.0410838431526495,8.440231335692166,2.8815365692630035
CCCCC(NS(=O)(=O)c1ccccc1[N+](=O)[O-])c1ccccc1,-4.845,12.634595442672472,11.989308236925098,3.096573751745629
CN1C=NC=CC1=C1NC(=O)NC1=O,-4.908,12.24932998167655,12.98459768340937,2.9903407832553133
CCc1nnc(-c2ccccc2Nc2ccc(N(C(C)=O)c3ccc(C)cc3)cc2)o1,-6.512,4.269821893240982,7.280517907401917,6.180304280535061
Cc1ccc(NS(=O)(=O)c2ccc(C(=O)N3CCC(Cc4ccccc4)CC3)cc2)c(C)c1,-6.453,4.469968903694969,8.33055250268552,3.5532838333012458
Cc1nc(C(N)C(C)(C)C)n(C)n1,-4.395,13.227471527090882,12.803341009283475,3.150856074148739
O=C(Nc1ccccc1)c1ccccc1C(=O)c1cccc(F)c1,-5.778,10.342618913988854,8.386296500839926,12.585558946665817
CC1CC(C)CN(c2ccc(CNCCCC(=O)O)cn2)C1,-4.634,14.067892414999484,8.64960513549607,8.279185286004898
CCN(CC(=O)Nc1c(C)cccc1C)Cc1nc(CC(C)C)cc(=O)[nH]1,-5.046,4.499384180085092,7.112515377839262,3.041069877526658
O=C(O)CCC1CCN(C(=O)c2cccc(Br)c2)C1,-5.467,12.275405777407116,8.417137161767057,8.752559454239655
O=C1c2cnn(Cc3ccc(F)cc3)c(=O)c2CN1c1ccccc1,-5.692,12.963914725112936,6.709825854670149,5.069073583999347
Cc1ccc([N+](=O)[O-])cc1NC(=O)CCOC(=O)C1CC2C=CC1C2,-5.325,4.869102381342993,7.076133831408221,3.0595622235868976
O=C(NC1CN(C(=O)c2cc(F)ccc2F)C1)c1ccccc1,-5.882,3.365225846804341,7.475350493455139,9.604961322150132
Cc1oc(-c2cccs2)nc1CCC(=O)Nc1cccnc1Cl,-5.407,12.38494541772389,7.324797130296511,8.395788587142961
CCCCC(NC(=O)C1(c2ccccc2)CC1(C)C)C(=O)O,-4.296,10.7781156980244,8.805629392610161,13.112761532186878
CCOP(=O)(c1ccccc1)C(C)N,-4.332,12.392637088206852,12.660695478527236,2.930583730248976
CC(=O)C1CCC2(O)CCC3CCC(C)C31C2,-4.987,14.466501062800225,11.898427921368436,2.8889129443442907
CC(=O)c1cc(F)c(Nc2ccc(Cl)cc2C)cc1N,-5.059,12.905337694148107,6.954344685159056,10.257812924790548
CCC(Nc1cc2ccccc2[nH]c1=O)C(=O)O,-4.782,7.867157618860829,8.115050277108576,3.140101590713268
CCOc1ccc(N=C(C)Nc2ccccc2O)cc1,-4.818,4.533325931366506,8.355779018140678,3.7003410653614073
CC(NC(=O)NC1(c2ccc(F)cc2)CC1)Nc1ccc2ccccc2n1,-6.925,12.423942610942794,12.64595686375689,2.8372444378304804
COc1ccc(NC(=O)c2nnc(CN3C(=O)CN(C)c4ccccc43)s2)cc1,-5.948,10.12260090095426,7.227971638018511,10.307673549351474
O=C(COc1cc(Cl)ccc1Cl)Nc1cccc(Cl)c1,-5.434,3.7745497744764203,8.580848501168168,9.916793635041518
O=C(CSc1nnc2n1CCCCC2)NC(=O)c1ccccc1,-4.561,4.761611806941008,7.615362499579386,8.880927316446183
COC(C)(C)CCN=C(N(C)C)N(C)C,-3.66,12.567874044562986,11.588679087799438,9.053674502653605
CCC(=O)N(CCNC(=O)CCc1ccc(C)cc1)c1ccc(OC)cc1C,-5.622,4.549937252314584,7.146298412465016,3.53607734643913
O=C(NCCCc1ccccc1)c1nnn(-c2ccc(C(F)(F)F)cc2)n1,-5.96,4.231535300573539,7.401707708360281,3.1123634106575664
COc1cc(O)cc(C(=O)Nc2c(C(C)NC(=O)c3ccco3)n[nH]c2C)c1,-5.498,6.4041905811741735,7.163247168707778,2.824595546268527
Cc1cc(NCC(C)(C)CN(C)C)nc(C(F)(F)F)n1,-4.203,12.469979350423962,9.46048397282084,8.759255390728141
CC(NS(=O)(=O)c1ccc(CO)o1)c1ccc(I)cc1,-5.522,4.956388402859486,8.158599450886163,3.0373799564756463
CNC(=O)Nc1nnc(-c2c[nH]c3ccccc23)s1,-5.699,12.416811023769348,12.440885659791267,2.9582327494637743
COC(=O)Nc1ccc(C)c(NC(=O)c2ncn(C)n2)c1,-5.001,6.338640469375116,7.078928238088023,3.027597892719574
CCc1nc(C(=O)Nc2ncccc2Br)n[nH]1,-5.457,12.79422830810831,12.676489301064393,3.0324600574451104
COc1ccc(CNC(=O)C(C[N+](=O)[O-])c2cccc(C(F)(F)F)c2)cc1,-5.503,12.389950807004844,7.5565676070554675,6.094626321604959
CC1(CNC(=O)c2nnc(C(C)(C)C)o2)CC1,-5.543,12.478914455993358,12.75412693993595,3.018139327466511
COC1CC(O)CC2(C)C1=CCC1C2CCC1(C)C(=O)Nc1nnc(C)s1,-5.725,4.046475503447414,7.366996810098399,3.6930392632627127
CCCCCCCCOP(=O)(OCCCCCCCC)c1c(C)c(NC(C)=O)c(C)c(C)c1-n1nc(C)cc1C,,,,
CCOC1CN(c2nccc(C)c2C#N)CC1OCC,-4.483,7.3385390916721285,7.995812278937018,3.4491988924966335
Cc1nc(CC(=O)N(CC(C)C)C(C)c2ccccc2F)cs1,-4.827,4.08780478985971,8.240231246755153,6.843666415014689
Cc1cccc(NC(=O)c2cnc(-c3cccc(Cl)c3)nc2C)n1,-6.093,11.480204614901252,7.309881941591123,10.347579137170202
CC1CC(c2ccco2)CN1C(=O)c1ccccc1,-5.134,4.633769631736131,7.6337729858831915,10.20723238689117
Cc1ccccc1OCC(=O)NNC(C)c1cccc(Br)c1,-5.507,3.9625188958539987,8.57819170921238,9.50531030529777
O=C(Nc1cc(Oc2cc(Cl)ccc2Cl)ccn1)c1ccco1,-5.47,11.601070209252248,6.882882317750318,7.807054117911569
Cc1[nH]c(CC(=O)Nc2ccccc2O)c(C)c1CC(=O)O,-6.144,4.338556672443038,7.267868807291447,3.007118388091828
CCn1cc(NC(=O)C(Nc2cccc(C(F)(F)F)c2)C2CCCC2)c(C(N)=O)n1,-5.82,13.594505176724896,7.0711473609308975,7.042828480092355
CC(C)C1CC(Cc2ccc3c(c2)CC(=O)N3)CN1,-5.67,13.137188512006668,8.39008545844439,8.938793319011241
CCOC(=O)c1ccccc1N1C(=O)CC(C(C)NC(=O)Cc2ccc(Cl)cc2)C1=O,-5.573,5.39595867293292,7.288476795600023,3.6087280307609775
CC12CCCC1CC(=O)c1cccc(OC(=O)c3ccccc3)c12,-5.756,13.817568997475641,7.3236267654762415,7.628850306566514
CCc1ccc(Nc2cnnc(C(=O)OC)n2)cc1,-5.648,13.413009580254537,12.410416793967881,2.8547465736909117
COC1=CC=C2N=NN2C(=O)CC(C)(C(=O)N2CC(C)CC(C)C2)C=C1,-3.443,9.930045115708186,9.048840257182132,12.809341669266223
CCC1COCN1c1ccc(Cl)c(S(=O)(=O)Nc2ccccc2)c1,-5.5,4.401466687366837,8.473542883587715,4.04852998012859
CSC(N)=C(C#Cc1ccccc1)C(=O)NC(=Nc1ccccc1)c1ccccc1,-5.782,5.0249340294176985,8.512884939901395,4.825444642724648
CCCSc1nc(SCC(=O)c2cccn2C)c(Br)cc1C(=O)O,-4.622,5.410076801672967,7.459644294468738,2.887455973690335
CCCNC(=O)C1CC(=O)N(c2ccc(C)cc2)C1C,-4.984,12.999217130273653,13.84228915317116,3.0829365870870586
C=CNn1cc(-c2cccs2)nc1NN=Cc1cccc(Br)c1,-5.252,12.749140637705743,13.09788906656336,3.2067648806858298
CC(N)C(O)CNC(=O)c1ccc(CC(C)(C)C)cc1,-5.156,4.555605887255832,7.740690602265407,2.9741207103949225
Nc1cc(C(=O)NCc2c[nH]cn2)ccn1,-5.107,12.398997943382362,12.44549753927098,2.9365990533268245
CCC(C)c1nnc(NC(=O)c2ccc(Cl)cc2)o1,-5.308,4.5045444830748425,7.762764327222615,3.7392151582919113
COC(=O)C(Cc1ccccc1)P(=O)(OC)OC,-4.602,12.988306510088218,12.091541589061338,2.965308921512226
COc1ccc(NC(=S)Nc2c(Cl)cccc2Cl)cc1C1CC(=O)N(C)C1,-5.161,4.967164583542607,7.686082877513097,9.159816319119068
O=C(Nc1ccc(Cl)c(C(=O)c2ccccc2)c1)c1cc(Br)cc(NC(=O)C2CC2)c1,-6.615,5.443729787562935,7.091081793351419,2.937379444334694
CC(C)(NCC(=O)Nc1ccc(OC(F)(F)F)cc1)c1ccc(Cl)c(F)c1,-5.424,10.282871437492544,6.792140825984102,10.241605879938946
CCN(CC)CCCC(C)NC(=O)c1ccc(Oc2ccc(C#N)cn2)cn1,-5.015,7.076249995583819,7.8912544630115695,3.6523332268564985
CCC(C)(C)c1ccc(C=C(C#N)C(=O)Nc2ccc(C(C)=O)cc2)o1,-5.491,11.66141402232165,7.265281412306065,9.689332123526368
O=C(Cn1c(=O)oc2ccccc21)NC(Cn1ncccc1=O)c1ccco1,-5.67,7.644140893520998,7.918781282495432,3.0104047900573105
CC(=O)NC(C)C(O)c1ccccc1Cl,-4.519,12.71202415038612,12.883058216122443,2.877957782873126
Cc1cccc(NC(=O)C(C#N)=Cc2ccccc2OCc2ccccc2C#N)c1,-6.327,4.68014326703788,7.010523232969134,3.279276292110806
Cc1cc(C)n2nc(C(=O)OC(C)C(=O)N3CC(=O)Nc4ccccc43)nc2n1,-5.834,7.4886108858719584,8.042350962249781,3.289105653517381
CC1CN(C(=O)C2CCN(S(=O)(=O)Cc3ccccc3)CC2)C(C)CO1,-6.047,4.516899157608016,8.344607719959038,2.811167017450226
O=C(NC(CC(=O)N1CCc2ccccc2C1)c1ccc(Cl)cc1)c1cccs1,-6.304,4.5444751072043506,7.258666130908625,7.876226380697801
C#CCN=C(C)N(c1ccccc1)c1ccccc1,-4.475,12.816586441014628,7.217165232970629,7.804409330628423
FC(F)c1ccc(CNCc2cccc(COc3nccs3)c2)cc1,-5.608,12.34792282126836,8.341470493863776,8.780722749295753
CCC(C)C1NC(=O)NC1=O,-4.314,15.175589543737667,11.729443209291736,3.0508677454127704
O=C(COc1cccc(Cl)c1Cl)NNC(=O)c1ccc(Cl)c(Cl)c1,-5.602,10.028952088827626,7.445877785728153,10.644442211783575
Clc1cccc(CN2CCCC2c2nnc(Cc3ccccc3)o2)c1Cl,-5.738,5.172669813548899,8.273506874355034,9.846195458145242
CCNC1CC(Oc2ccncn2)CS(=O)(=O)C1,-4.678,12.507262890017143,12.932799967524433,2.8515662362989223
Cc1noc(C(C)NC(C)c2c(C)n[nH]c2C)n1,-5.819,12.68260856448704,12.301441338314792,2.9169033237322073
Cc1nnc(SCC(N)=NC(=O)c2ccco2)o1,-5.467,12.392956870739122,12.644945551484199,2.796305598463802
Cn1nccc1C(NN)c1ncc[nH]1,-5.082,14.471042153210666,13.449666687319802,2.8041463941813016
CC1CCC(C(=O)O)N1Cc1cnc(N(C)C)nc1,-4.909,7.864490638305827,7.936947713069553,3.1308807067660687
COc1ccc(OC)c(C(=O)NC(C)(C#N)C(C)C)c1,-4.503,10.713713175178809,8.061635069885016,11.501002651943002
Cc1[nH]c2ccc(C(=O)N3CCOCC3)cc2c1C,-4.908,14.031950327734203,11.647084012747568,9.005809125225785
Cc1ccc(NC(=O)C(Cc2ccccc2)NC(=O)c2ccco2)cc1,-5.787,3.6355811089838164,7.857390151952492,7.59782534676864
CCc1nc(SCC(=O)Nc2c(Cl)cnn2Cc2ccco2)n[nH]1,-4.471,7.588201433804983,8.394166665012078,3.171173915129853
COc1ccc(C(=O)COc2ccc(Cl)cc2)c(Br)c1,-4.975,12.62114864027835,8.722700613915395,8.95886929249445
COc1ccc(C)cc1S(=O)(=O)N1Cc2ccccc2C1,-5.602,4.5040311943857585,7.288875702054467,5.6031271625762695
Cc1cccc(C(=O)Nc2ccccc2C(N)=NO)c1,-5.714,12.901738216224976,12.080123385131461,2.8872918106765724
CCC(C)N(CC(=O)OC)S(=O)(=O)c1ccc(C(N)=O)c(F)c1,-4.528,6.171645323574581,8.382619757569826,3.0193916605833038
CCOCCOC(=O)C1CCC12CCN(C(=O)c1ccon1)CC2,-4.829,6.009987853565097,7.347337544988661,2.895859803236339
N#CC(=Cc1ccc(Br)c(Br)c1)C(=O)Nc1cccc([N+](=O)[O-])c1,-5.738,12.457537838593948,8.926807380021147,8.851644988362333
O=C(OC1CCN(c2ccc(C(F)(F)F)nn2)C1)c1ccco1,-5.604,3.8841332366436654,7.897726571615403,3.1956542366157197
COc1ccc(NC(=O)c2ccccc2C(=O)c2ccc(C)cc2)cc1,-5.898,12.575078011686449,12.953073998090185,3.2721474600023757
CC=CCCCCC1OC(=O)C2CC1C1CCCC21,-5.216,12.776389239530863,13.211004314585626,3.453534566208944
Clc1cc(Oc2ccccc2)ccc1CNC1CC1,-4.807,13.089502549753371,8.47778184432697,8.993128321112737
COc1ccccc1C1NCCc2c1[nH]c1cccc(C(=O)O)c21,-5.009,12.843337144216061,7.276266418981646,7.090728735468591
N#Cc1cc([N+](=O)[O-])cnc1NNC(=O)c1cccs1,-5.119,5.40753899662314,8.192003295897774,2.9824664289812213
Cc1c(Br)coc1C(=O)Nc1ccc(Cl)cc1Cl,-4.724,10.676277113301246,8.641118098949926,12.476221944162424
CCCN(C1CCNC1)C(C)c1cc(F)cc(F)c1,-4.692,13.13778573428567,12.687164773896491,3.032798048007813
COc1cccc(C2=CC(=Cc3cc(C)c(O)c(C)c3)C(=O)O2)c1,-6.105,12.801678210297274,7.188237266534821,8.201931540801837
COc1cc(Br)c(-c2nnc(C(F)(F)F)o2)cc1OC,-4.725,3.582594590516766,7.420792814787379,9.072323682497224
Cc1ccc(C(=O)NC(=S)Nc2cccc(NC(=O)c3ccco3)c2C)cc1,-6.404,6.865695157811771,8.563966837861996,3.4328357082738474
O=C1CN(c2cccc(O)c2)C(=O)C(=O)N1,-5.438,12.24416150661204,12.080227067402335,2.780659454158312
NC(=O)C1CCN(Cc2cc(F)ccc2F)CC1,-4.927,12.821254111825409,12.541603206926935,3.00521696388131
O=C(NCc1ccco1)c1ccc2nccnc2c1,-5.036,13.759584078016312,8.46499367985588,9.01488874030068
CCOc1ccc(NC(=O)C(Cc2ccccc2)NS(=O)(=O)c2ccc(C(C)C)cc2C)cc1,-5.652,4.468712006831498,8.234669027957347,3.078352481441981
COc1cccc(Nc2cnnc(C(=O)Nc3cc(C)on3)n2)c1F,-5.903,5.504337471485556,7.624297344673803,2.9375523825116714
Cc1ccc(N2C(=O)CC(c3cc(=O)[nH]c(=O)[nH]3)C2=O)cc1,-5.675,7.38026049675755,7.655686709890889,3.1106285538456695
CC1(C)CC1NC(=O)C=Cc1ncc(N)nc1N,-4.991,3.8375593806480706,7.662400472436818,3.6465991005318914
CCOC(=O)c1ccc(S(=O)(=O)Nc2cnc(OCCNC(C)=O)nc2C)cc1,-5.559,10.978100837576598,7.257099833955711,9.468407574666397
CC1c2ccccc2CN1C(=O)c1cccc(F)c1,-5.696,12.556862745128658,13.083820581160536,3.042649174650275
CNCCCN(C)S(=O)(=O)c1cccc(Cl)c1C,-4.686,12.394010488941827,12.681640509019328,3.021034259984484
CC(Nc1cccc(Br)n1)c1cc(F)cc(Br)c1,-4.602,13.599037796844305,7.155324241430293,7.941574340141885
COC(=O)CCN(C)C(=O)c1coc(CNC(C)C)c1,-4.406,12.303410462144226,12.433887445203933,2.8975341240440984
COCCOc1ccccc1C=CC(=O)OCC(=O)Nc1cccc(Cl)c1,-5.216,4.267551288502576,7.3235440191207966,3.5178067030466575
Cc1cc(C)c(C(=O)N2CCN(Cc3ccccc3)CC2)o1,-5.299,12.565868414081057,12.566990292030944,3.0655511739326755
CCN(N=Cc1ccc(OC)c(OC)c1)S(=O)(=O)c1ccc(C)cc1,-5.321,4.214538290251969,8.462637295784335,3.7720208111833116
O=C1NC(=O)N(CN2CCCC2C(=O)O)C(=O)C1=Cc1cccc(Cl)c1,-5.745,3.8005528545199834,7.4784448249619375,3.84167502529821
CC1(C)NC(C(=O)c2ccccc2)N(Cc2ccco2)C1=O,-5.147,7.819440005524692,8.465417886909067,3.3218979514729248
Cc1cc(NCc2ccco2)cc(Br)c1F,-5.268,12.679263464413065,12.765629087514645,3.246655355900901
Cc1cc(-c2cc(C(=O)Nc3ccn[nH]3)c(C)n2-c2ccccc2)nc(N)n1,-5.905,4.659676061702144,8.160117707484371,3.10922144595717
COc1ccc(-c2noc(CS(=O)(=O)C(O)c3ccccn3)n2)cc1OC,-5.914,5.13710083607476,8.224569593601844,3.0586127574441324
CCc1ccc(Nc2ncc(C(F)(F)F)c(N(C)Cc3ccncc3)n2)cc1,-5.815,4.6080487193605055,8.29853209911247,3.0616683360547086
O=C(NCc1ccc(F)nc1)c1cc(Cl)co1,-4.462,13.612317840838129,8.206012551781772,8.955259683560271
COc1ccc(Nc2nc(Nc3ccccc3)nc(Nc3ccc(C(=O)c4ccc(Cl)cc4)cc3)n2)cc1,-7.125,4.673630922526939,8.105097285042296,3.449573451892277
CCOc1cc(C2c3c(oc4ccc(C)cc4c3=O)C(=O)N2CCCOC(C)C)ccc1OC,-5.197,3.9928041524722935,8.286467824109378,5.183850402934097
c1ccc2oc(-c3nc(Cc4ccon4)no3)cc2c1,-6.097,4.52963508463982,7.742765268300466,2.9292430762912116
Cc1sc(NC(=O)CN2CCC(C(=O)O)CC2)c(C(=O)OCc2ccccc2)c1C,-6.551,3.554295851501391,7.200826410905902,3.1772861060974664
CC(C(=O)Nc1cccc(C(N)=O)c1)N(C(=O)c1cc(Cl)cc(Cl)c1)C1CC1,-5.504,4.077006377233178,7.312739158482271,3.6564010994419083
CC1CC2CCC(OC2C)C1=O,-3.381,13.112595852843175,12.694693733997681,2.968666030391428
CC(F)(F)C(=O)CC(=O)C1CCCC1,-4.395,13.965741118895195,12.052151758088678,2.979038267629337
Cc1ccc(C(=O)Nc2cnccn2)cc1C1CC1(C)C(=O)O,-5.328,12.47937542507637,13.413722153078913,2.898334176729799
CC1=C(Sc2n[nH]c(C)n2)C(=O)N(c2ccccc2C(F)(F)F)C1=O,-5.576,5.874491722693973,8.261020336495971,3.2319593128627115
Cc1cc(C)n(CC(=O)Nc2ccc(Nc3nccc(C(F)(F)F)n3)cc2C)n1,-6.279,5.425582457211391,8.815637186273037,3.3073876398148445
O=C(c1ccccc1Cl)N1CC1,-4.267,15.493092170383548,12.453785609203333,3.010603095726834
COc1ccc(CN2C(=O)COc3cc(NC(=O)c4ccccc4C)ccc32)cc1,-6.168,4.171993408431993,7.561626346230023,3.54621685744118
CC(OC(=O)c1ccco1)=C1C(=O)C(=O)N(c2cc(Cl)ccc2Cl)C1c1ccc(Cl)c([N+](=O)[O-])c1,-6.217,4.652615393517929,8.272522529434417,5.057646685959785
CCOC(=O)c1csc(COc2ccccc2C(=O)N2CC(C)CC(C)C2)n1,-5.253,4.3690520711019225,8.036527919443818,3.3989689613175353
Cc1ccc(C)c(-n2c(-c3ccccc3C)nc3ccccc32)c1,-5.154,13.321322044001489,7.6398941092138175,8.15193093690078
CCc1nc(C)cc(NCc2ncn[nH]2)n1,-5.554,12.569269310504888,12.654769891230737,2.9707966944912263
C=CCCC(=O)NCC(C)N1CCc2ccccc21,-4.987,12.647585224065502,12.559574037362891,3.0303869389898046
COC(=O)c1c(CS(=O)(=O)c2ccc(OC)cc2)[nH]c(C)c1C(=O)Nc1ccccn1,-5.995,3.727711630477873,7.477587043960103,3.1199350954787515
CC1N=C(c2cc(Cc3ccccc3)ccc2-c2ccccc2)OC1c1ccccc1,-6.347,13.222878733467988,7.773755012862187,8.014758262106225
COC1OC(C)C(C)C(O)C1C=O,-4.219,13.8368089167987,12.444845037203155,2.715914026621609
O=C(Nc1ccccc1C(=O)NCc1ccncc1)c1ccccc1F,-5.913,10.469135733192115,8.584797260273536,12.457638339589089
CC(C)CC(=O)Nc1ccc(C(C)N2CCCC2)cc1,-4.662,12.484682374814346,7.362725989740484,9.135577212196281
Cc1cc(C2CCN(C(=O)c3cc4n(n3)CCC4)C2)n[nH]1,-5.279,4.025662057351561,8.085011440931916,3.576987279820827
CCN(Cc1cc(C(=O)O)n[nH]1)C(=O)NCc1ccco1,-4.775,12.620854725413807,12.174966899338987,3.152453171737846
CC(=O)NC(C(O)COC1OC(CO)C(OC2OC(CO)C(O)C(O)C2O)C(O)C1O)C(O)C(C)OCC1OC(OC2OC(CO)C(O)C(NC(C)=O)C2O)C(O)C(O)C1O,,,,
O=C(OCc1nc2cc(=O)[nH]c(=O)n2[nH]1)c1[nH]c2c(Cl)cccc2c1Cl,-6.271,4.582195652741161,7.6920666923785825,3.004614284729406
CN1CC(C)(C)Cc2c([nH]cc(C#N)c2=O)C1=O,-4.022,12.678421234522855,12.763689474442725,3.1509784194754498
Cc1c(O)cc(N=Nc2cc(Cl)ccc2Cl)cc1Cl,-5.155,5.48185160324502,8.176714560261964,3.7190486686785906
Cc1ccnc(Oc2ccc(NC(=O)c3cc(F)c(F)c(F)c3)cc2)n1,-5.69,11.654788243464573,7.298474566647471,9.070934571476084
O=C(C=CNc1nccnn1)c1ccccc1,-5.378,12.762759145263223,12.2303494635272,3.0029137516751967
NC(=O)c1ccc2nc(-c3cc(F)cc(CF)c3)oc2c1,-5.456,4.837990595278168,8.09228434992246,3.011705496890425
COc1cc(CNc2cccnc2Cl)ccc1OCC(N)=O,-5.119,4.314959675361984,8.299612581319685,3.1701037837900525
Cc1ccnc(NC(=O)CN2CCC(C(=O)NCCC(C)C)C2)c1,-5.323,4.816399692716542,8.134536925971878,3.4248534275206577
CC1(C)C(NC(=O)Nc2cccnc2Cl)CCC1Oc1ccc(C(=O)O)cc1,-5.722,7.403302911538875,8.129763219184184,3.0177948903131235
CCOC(=O)CCCN(C)C(=O)c1c(-c2ccccc2Cl)noc1C,-4.279,5.276144520386075,7.115230495212364,3.641454929008459
CC(C)NC(=O)NCC(C)(C)c1ccc(C(=O)NC2CC2)cc1,-5.052,13.409676021440637,7.2869250030448365,7.776833931620245
Cc1cc(NC(=O)C2CC2c2ccco2)ccc1F,-5.017,12.657572042062412,12.471565018072111,2.877635487687765
NC(=O)c1ccccc1NC(=O)CS(=O)(=O)Cc1ccc(Cl)cc1,-5.622,4.860158330754256,7.042237925546111,3.3852648345439693
CN(CC(=O)O)N=O,-3.884,7.5770300250163976,8.134648056308276,2.968726831488543
CCn1cc(CC(CNC(C)=O)c2ccc(F)cc2)cn1,-5.426,12.529032085520415,12.683803412226162,3.0284760193866487
O=C(NC1CCS(=O)(=O)C1)c1cnc(N2CCOCC2)nc1,-5.055,4.389868904648521,8.26730627229934,2.8097610218664513
Cc1ccc(Cn2ccnc2C2CCCN2c2ccc(C(N)=O)cn2)cc1,-6.298,4.617769591480284,8.273843967588462,3.0760502271581984
O=C(Nc1ccccc1F)c1cccc(N2CCN(c3nccs3)CC2)c1,-5.884,3.847797941680409,8.89640921945478,3.5329862722631677
CC(OC(=O)CNC(=O)Cc1ccccc1F)C(=O)Nc1ccc(Cl)cc1,-5.9,12.214167552477738,12.531000798020882,2.858476167471053
CCn1nccc1-c1cc2c(=O)n(CC(=O)Nc3ccccc3Cl)cnc2s1,-6.303,11.567514555858574,6.62366318588136,8.322604700452857
CC1CCCCC1NC(=O)CSc1nnc(COc2ccc(Cl)cc2)n1C,-5.367,10.665751450319851,8.531203959582728,12.155482836975255
CC1CN(CCC(=O)c2ccccc2)CC1NC(=O)c1ccccc1F,-5.819,4.457399802575488,7.982833081055871,8.26400877298663
CCC(C(=O)NCc1ccccc1Oc1ccccc1)N(c1ccc(C)cc1)S(C)(=O)=O,-5.343,4.54514741235089,8.161731250169904,3.21680757895153
CCOC(=O)C1(NC(=O)C(C)C)CCn2cncc2C1,-4.247,6.178181690432875,7.308712745757626,3.1277637378804686
CC(=O)c1cccc(C)c1OS(=O)(=O)c1ccc(C)cc1,-5.626,4.469303413284894,7.685874511075496,6.016503552728944
Cc1cc(N(C)C(=O)CSc2nnc(-c3ccco3)n2C)no1,-6.005,12.323557035207003,12.207815447491004,2.900975353221741
N#Cc1cccc(Oc2ncccc2C(=O)NC2(C(N)=O)CCCC2)c1,-5.767,4.847891912986508,7.97348204989514,5.076605952799567
O=C1C(c2cccc(Br)c2F)=[N+]([O-])c2cc(N3CCOCC3)ccc21,-5.823,4.568233575464372,7.662208819916094,2.9791189972876224
COc1ccc(C(=O)Nc2nc3ccc(C(F)(F)F)cc3s2)cc1F,-5.746,4.2074476823841795,7.427168370247169,4.036251354908414
S=c1nc(Cc2ccccc2)cn[nH]1,-4.859,13.715190155444438,12.424028372472431,3.0774341585158247
Cc1cc(NC(=O)C2C3CCC2CC3)on1,-4.64,8.28904614536558,8.313699176660169,3.004154123875804
CC1(C)CN(C2(C(O)c3ccco3)CCC2)C1,-4.841,8.091798872933014,8.152554323646056,2.960431894166795
COc1ccc(C(NC(=O)Cc2ccc(F)cc2)c2ccc(Br)cc2)cc1,-5.927,12.958750942895692,7.171371765568984,7.122978660644717
CCc1ccc(Nc2ncnc(-c3ccc(Cl)c(Cl)c3)c2C)cc1,-5.54,12.88876565075182,7.2698086632317915,9.537183703798515
N#CC1=CCC(C#N)=CC=C1,-3.581,15.24510350899593,11.88091785174866,2.962869048743127
CCC(NC(=O)c1cccc(C)n1)c1ccc(OC)cc1,-4.865,12.702987404543862,7.352753837848781,8.275690484787358
COc1ccc(C)cc1NC(=O)COC(=O)c1ccc(C(N)=O)cc1,-5.844,3.573574960736097,7.677390767702266,9.46159199078041
COc1cc(C2CCCC2=O)ccn1,-4.968,12.592021640705672,12.256032351458607,2.813075896594332
Cc1ccc(C(=O)NC(C)C(C)C)cc1S(=O)(=O)Nc1cccc(F)c1,-5.208,4.64960396162942,7.549663105066344,5.302375505374926
CSc1cc(C(N)=Nc2ccc(Cl)cc2)n(-c2ccc(Cl)c(Cl)c2)c1C,-5.25,13.085239737964299,7.430537329157294,6.598289551088221
CN1C(=O)C(=O)N(c2cccc(C(F)(F)F)c2)C1=O,-4.948,3.466803426789584,7.667526459034883,5.919752782000275
CN(C)c1ccc(-c2nnc(C(=O)Nc3ccc(F)cc3Br)s2)cc1,-5.811,4.673883716995962,8.587062070347459,3.2170972941457667
COC(=O)c1ccc(CN(C)Cc2ccc([N+](=O)[O-])c(C)c2)o1,-5.112,3.84108851759498,8.250907041047064,2.967599198005014
CCCCNC(=O)c1ccccc1NC(=O)CN(c1cccc(OC)c1)S(=O)(=O)c1ccc(C)cc1,-5.956,4.681934749652115,7.321338265645155,3.5232765999847366
Cc1nc(N2CCN(Cc3ccc(F)cc3)C(C)C2)ncc1C(F)(F)F,-5.983,4.7435495148675315,8.687183433081172,9.125131615489169
N#Cc1ccc(N2CCC(OCc3ccncc3)C2)c([N+](=O)[O-])c1,-5.503,12.647291449160171,13.003403746711859,3.2642797061526445
NCc1cnc(N2CC3CCC2CC3)c(N)c1,-4.66,12.458555173052773,12.55374673155389,3.0890920996305695
Cc1cc(NC(C)c2scc3ccccc23)ccc1Br,-5.114,12.972615156551898,7.456654544767379,8.744863806829697
CC(NC(=O)C1CC=CC1C(F)(F)F)c1ccc(F)cc1,-5.811,12.587157343896198,12.26541034780329,2.9079446349612654
CCOC(=O)C1(NC(=O)c2ccco2)CCN(c2cnccn2)C1,-5.314,12.649862015057714,12.417000805347481,2.9649961214139893
Nc1cccnc1NCC1CCN(c2ccccc2)C1,-5.186,13.724174583558751,8.475453321209432,8.564181338575217
CC(C)(C)OC(=O)NC(Cc1ccccc1)C(=O)Nc1ccc(S(=O)(=O)Nc2ccc(Cl)cc2)cc1,-6.28,10.911474373337454,7.464480356997399,9.310730315071961
CCC(CC)C(N)CNC(=O)c1cc(-c2ccco2)on1,-4.968,4.622348969950235,7.933264523511113,3.1044659766214213
C#CCOc1cccc(C=C2SC(=O)N(c3ccc(Cl)cc3)C2=O)c1,-5.398,3.847578979046434,8.690901219091147,9.58353155157325
O=C(NC1CCOC1)N(Cc1ccccc1)c1ccccc1,-4.952,13.776672094522683,6.898839395144664,7.275370231129134
CC(OC(=O)c1cccc2c(Br)cccc12)C(=O)Nc1ccc(C#N)cc1,-6.421,3.356070619042453,7.458478799326308,9.500519459482202
Cc1cc(N=C(c2ccccc2)C(F)(F)F)cc[n+]1C,-4.475,12.717402682938053,7.5527210328463745,7.868822847160813
CCCC(Nc1nnc(C(=O)O)s1)C(=O)NCCC(C)C,-5.067,12.44105602430919,12.691661278177888,2.9393552014004705
O=C1NCC(CN2C(=O)c3ccccc3C2=O)O1,-5.46,12.575264410739045,12.623396492228231,2.837284793601094
Cc1cnnc(NC(C(=O)NC(C)c2ccc(C)o2)C(C)C)c1,-5.495,12.555695639828167,12.792121364339849,2.942280238182624
CCC(Nc1ccc(Cl)cc1)c1nnc(-c2ccccc2)o1,-5.698,4.671929258882245,8.03734894103771,3.6630285284174353
CC(=O)N(CC(=O)N(Cc1cccc(C)c1)Cc1ccco1)CC(C)C,-5.155,12.5409730882416,12.161083422129789,2.969537674453718
CC(NCc1cccc(C(F)(F)F)c1)c1ccncc1,-6.065,11.985821790765955,12.164396738021988,3.098262254877724
Cc1cc(NC(=O)Nc2onc(C)c2C)no1,-4.974,4.114117888442187,7.126212598568752,3.759714616829314
CC1CN(C(=O)c2ccc(CN(Cc3ccccc3)Cc3ccco3)o2)CC(C)O1,-6.214,4.454198581114227,8.470232936584447,3.54690428402008
CCC(CC)N(CCO)C(=O)c1cnn(CC(F)(F)F)c1C,-4.256,5.36255965001789,7.680432409701943,2.9068746102988343
Cc1ccnc(C(=O)N(CC(N)=O)c2ccccc2N)c1,-5.745,12.590793064775546,12.208540043756257,2.8879136067410323
NC1CCN(c2cccc(F)c2)C1,-4.183,12.815620039623523,13.679284593866742,3.1812381237499343
CCOc1ccccc1NC(=O)C(C#N)=Cc1cc2c(cc1C)CC(C)(C)N2C,-5.649,4.261040952631175,8.301333989185112,3.4443473982744544
Cc1cccc(C(C)NC(=O)C2CCCC2C(=O)O)c1,-5.85,4.74747659288595,8.12724768910115,3.056797507196052
Cc1ccc(CN(C)CC2(C(=O)O)CCCCC2)s1,-4.633,8.229078988562451,8.230173145201745,2.840752189121748
NC(=O)c1ccc(NC(=O)CNc2cc(C(F)(F)F)ccc2Cl)cc1,-5.987,12.822297064098928,6.797280706282475,8.90147740546478
Cc1nc(C2CCCN2C(=O)c2ccn(C3CCCC3)n2)no1,-5.473,7.127357785322691,8.146843683292321,3.0520586495020043
CC(C)c1noc(C(=O)NCC2(c3cccnc3)CC2)n1,-4.987,5.204635914259517,7.734578656914673,3.016701675671626
Fc1ccc(CN2CCC(c3cc4cn[nH]c4c(-c4ccccc4)n3)CC2)c(C(F)(F)F)c1,-6.869,11.416156139436776,7.445991471926354,7.52839723978484
CCOC(=O)CN(CC(O)c1ccccc1)c1ccccc1,-5.178,11.853094153004946,12.649373937076886,2.9056507016501483
O=C(COC(=O)CCn1cc(Cl)cn1)Nc1ccc(-c2nc3ccccc3s2)cc1,-5.228,5.285872586432632,7.188604106500788,5.115554710879358
CCCCN1CCCCC12CCc1cccc(C(=O)O)c1C2=O,-5.518,4.95193921610514,7.309472826408207,5.499821451647316
CCOc1ccc(NC(=O)C2CCCN(C(=O)OCc3ccccc3)C2)cc1,-5.792,4.399893862356227,8.267142795428176,3.086597641416842
Nc1c(F)ccc(C(=O)O)c1C=NNC(=O)c1ccco1,-5.249,4.216239675350536,7.995784451822097,4.7048749186349275
COc1ccccc1CNC(=O)Cn1cc(C=Nc2ccccn2)c(=O)[nH]c1=O,-5.684,5.203800726392201,7.750303413415502,2.9856265674059115
Cc1ccccc1-c1nc(COc2ccncn2)c(C)o1,-5.96,4.457743823953996,7.643912479875733,3.08909209963057
Cc1ccc(NC(=O)CN(Cc2ccccc2F)C(C)(C)C)cc1Cl,-4.958,3.94576684562076,8.33348318531933,9.838777464705664
Cc1cccc(NC(=O)C2CC(=O)N(c3ccc(OC(F)(F)F)cc3)C2)n1,-5.87,4.33429336801283,7.417507735081911,3.1080632232951757
C=CCN(c1nc(C)c(C(=O)Nc2ccc(OC)cc2)s1)S(=O)(=O)c1ccc(C)cc1,-5.771,5.160600837111896,7.702154698524303,3.418699606575577
CC1(C(=O)NC2CCC(S(C)(=O)=O)CC2)CCCC1,-4.758,5.204561268733417,7.125518717960118,3.1287433579633857
OOS,-2.563,3.042223200227097,2.9225928556677205,5.323438832183573
Cc1noc(CNC(C)c2cc(C)c(O)c(C)c2)n1,-5.807,12.391718121390593,12.173173374268519,2.834050987544155
Cc1cccc(Nc2ccc(C(=O)Nc3ccc(O)cc3)nn2)c1C,-5.953,4.280358629834653,7.759003866476675,2.955538867956231
O=C(O)C#Cc1cccc(-c2cc(C(F)F)ccc2Cl)c1,-6.036,12.249608524357013,8.046793398615376,8.564669287252137
O=c1cc(N2CCC(NS(=O)(=O)c3cccc(C(F)(F)F)c3)C2)cn[nH]1,-6.107,4.122495482107896,7.317986949974698,3.2438793134147255
Cc1cc(-n2c(C)cc(C(=O)COC(=O)c3ccc(=O)[nH]c3)c2C)no1,-6.055,4.038897498080385,7.779359742292421,3.2156313532493117
O=C(O)C1CCCN1Cc1ccc(Cl)cc1,-4.6,9.931356503519547,8.6800626725848,12.687358432707732
Cc1ccc(NC(=O)c2ccc(C(C)Nc3ncccn3)cc2)nc1,-5.509,11.799229212113815,7.3948585517236225,8.203550146125762
Cn1nccc1CN1CCc2c(cnc3[nH]c(=O)n(C)c23)C1,-5.502,4.088507429368326,8.715483807569147,2.886117461227107
Cc1ccc(C)c(N(Cc2ccc(C(=O)NCc3ccc(Br)cc3)cc2)S(C)(=O)=O)c1,-6.129,5.355184497288585,7.221109402301005,8.644526187131369
Cc1ccc(CC2CCCN(C(=O)c3ncccc3Br)C2)cc1,-5.622,3.467474008554353,8.686570612157595,9.221563750254074
CCCC(C)(NC(=O)c1ccc(Cl)cc1N)C(N)=O,-4.82,13.079255330484225,12.167561218255695,3.072704834506562
O=C(Nc1cc(Cl)ccc1Nc1ccccc1)c1cccc(Cl)c1,-6.009,10.678587640694813,7.425458100346402,10.108416592127572
CC(=O)c1ccc(NC(=O)Cc2cnn(C)c2)c(F)c1,-5.26,5.077265701142692,8.283025353094121,3.3028201585917447
CC(c1ccccc1Cl)N(Cc1ccccc1)C1CCS(=O)(=O)C1,-5.511,12.338926695624705,12.50614409000632,3.133284698204107
c1ccc([P+](c2ccccc2)(c2ccoc2)C2CCCCC2)cc1,-4.463,12.90853322418934,7.401495254338815,7.918875804051987
COC(=O)c1ccc(S(=O)(=O)N2CCN(C(=O)C(C)n3cc(C)c(C)n3)CC2)c(C)c1F,-5.851,12.96422099472236,7.395690772334928,8.61959024548151
CNCc1cnc(N(Cc2cccs2)C(C)C)nc1CN,-4.401,4.607821502619214,8.278933868560612,3.384338783278057
CCC(NC(=O)c1ccccc1C)c1nccn1Cc1ccc([N+](=O)[O-])cc1,-6.174,4.691955882145526,7.5066389949164325,2.838307594324477
Cc1noc(CN(C)c2ccc(C(=O)N3CCC(C)CC3)cn2)n1,-5.568,4.586193410662049,7.853211508675925,2.87908422940351
CC(Br)C(=O)NC(C)c1ccc2c(c1)OCO2,-4.883,12.864611342749537,9.023051867300774,8.820706264239844
CN(Cc1ccc(Cl)cc1)C(=O)C1CC(=O)N(c2ccc(C#N)cc2)C1,-5.81,4.976644451837,8.369334322393867,3.1923304966748036
COc1nc(OC)nc(N(C)Cc2ccccn2)n1,-4.686,5.907680170760769,7.436854240873623,3.3378461618235193
O=C1CCCCC(=O)N1Cc1ccc(F)cc1,-3.798,12.186936776729418,12.574412272547772,3.115310738915141
CCN1C(=O)SC(=Cc2ccccc2Cl)C1=O,-5.046,13.226269428678672,12.657327087501532,3.100786674377971
Cc1ccc(Cn2ccnc(C(=O)Nc3c(C)nn(C)c3C)c2=O)cc1,-6.015,4.286056112558489,7.573069456963933,3.886712492582903
COC(=O)c1ccoc1CSc1ncc(C)cn1,-5.247,12.540471243139152,12.909283520009932,3.085375503889275
CCOc1ccc(C(=O)N2CCN(Cc3ccc(-n4cncn4)cc3)CC2)cc1Br,-5.751,12.690882751014604,7.443099085730351,8.117565336971426
CC12CCC(C1)C1C(=O)N(c3ccccc3Cl)C(=O)C12,-5.286,12.627128652231276,12.325168720954695,2.9680197101771415
CC(N)(c1cccc(F)c1)c1cccc(F)c1Cl,-5.44,13.672426631728547,13.19027145285494,2.9836703906430406
CS(=O)(=O)Nc1ccc(C(=O)NCC(=O)Nc2ncc(C(F)(F)F)cc2Cl)cc1,-6.07,4.683329157768008,8.250189694788842,2.991166494864504
Cc1cc(F)ccc1NC(C)c1ccc(CN)cc1,-5.744,13.375031887812456,13.077560399401717,3.152846650251166
CN(C)c1ccc(-c2ccc(C=C3SC(=S)N(C4CCCCC4)C3=O)o2)cc1,-5.612,4.942984118930588,8.779641963087105,3.1553582997815006
Cn1c(CNc2cccc(Cl)c2Cl)n[nH]c1=S,-4.474,12.936755891644552,12.809221287806688,3.165012006296342
O=C(C=Cc1ccccc1Br)NCC1CCN(c2ccccc2)C1,-5.488,13.281809402336716,8.565948050274413,9.10958978220205
CC(NC(=O)C(C#N)=Cc1ccc(-c2ccc([N+](=O)[O-])cc2)o1)c1ccc(Cl)cc1,-6.508,10.603191453520019,7.383681669736311,9.309417704668752
Cc1cc(C)cc(CC2NC(=O)CC2(C)CO)c1,-4.958,3.8618779110686545,8.249773572650343,9.387061361256782
Cc1ccc(Cn2c(C)c(C=C(C#N)c3ccccc3Cl)c3ccccc32)cc1,-5.824,4.229342856756827,8.40996290122614,4.52898796642252
CCCCc1ccc(OCC2(C)CCNCC2)cc1,-4.978,4.540751259428333,7.899396685823544,5.305217337678071
Cc1noc(COC(=O)c2ccc3nc(C)[nH]c(=O)c3c2)n1,-5.862,3.8491964096418867,7.821276174640555,3.1406924395744324
Cc1ccc(S(=O)(=O)N(C)c2cc(Cl)ccc2C(=O)Nc2cccc(C(N)=O)c2)cc1,-6.187,3.717929127888266,7.923187931634589,7.043781512795524
Cc1cc(SC(C)C(=O)Nc2c(Cl)cccc2Cl)ncn1,-5.03,4.776402830582865,7.078469537972174,3.1774559005594396
O=C(Nc1ccnn1C1CCCC1)c1cnc2cnc(C(F)(F)F)cn12,-5.458,13.032401198551248,7.647633032514047,8.984569550067494
Cc1nc(SCc2nc(-c3ccccc3)oc2C)[nH]c1CC(N)=O,-6.069,13.240082703669188,13.073655686149914,3.1001756401855687
CS(=O)(=O)c1ccc(N2CC(C(=O)Nc3ccccc3Cl)CC2=O)cc1,-5.811,4.986147711410082,8.869006934262707,2.9291176145726885
Cc1ccc(S(=O)(=O)N2CCCC2C#N)cc1,-4.761,8.31261433004082,8.975594743525354,2.951241603122319
CC(CC(=O)NCCNC(=O)Cc1ccc(F)c(Cl)c1)c1c(F)cc(F)cc1F,-6.015,12.882975549150128,12.447189682815957,3.108033140106457
O=C(NC1CCN(Cc2ccco2)C1)c1cc(-n2cncn2)ncn1,-5.62,5.176080660113402,8.248694260305687,3.151211354384215
Cc1nc(-c2nnnn2C)sc1C1CC(=O)NC1=O,-6.689,12.240921615630091,11.771989254157514,3.023238826159787
CCNC(=O)COc1ccc(NC(=O)c2nccnc2Cl)cc1,-5.253,4.36717437252052,8.10529493602793,3.251318040426068
CC(=O)n1c(-c2cccc(C)c2)c(C)sc1=Nc1ccccc1,-6.02,12.807774709136636,12.606617032336628,3.1124623692504296
Cc1cc(NC(=O)COc2ccccc2C(=N)N)no1,-6.118,12.32148793774518,12.359239499257226,2.937531446640189
COc1cccc(C=C(C(=O)O)c2csc(C)n2)c1,-5.163,6.628694441592552,7.541685885795032,2.936594115638046
Cc1ncnc(N2CCN(Cc3ccc(Cl)cc3Cl)CC2)c1C,-5.492,4.608591758878193,8.378957691741855,3.0051286162159534
CC1C(N=Nc2ccccn2)C(=O)N1Cc1nc(-c2ccco2)nn1C,-5.888,4.430585288649796,8.265815507256377,3.1461779987788363
CCOC(=O)c1ccc(NC2CCN(Cc3cc(-c4ccc(F)cc4)no3)CC2)nc1,-6.1,3.4946453325051454,8.022196893619602,2.9202960466363685
CCN(CC)S(=O)(=O)c1ccc(NC(=S)NC(=O)c2ccccc2)c(C)c1,-5.497,4.56756543467086,8.579954428783408,3.0832473141154275
CCCCOOP(=O)(OCC)C(OC(=O)OCC)C(F)(F)F,-4.436,4.517533065733996,7.5214561090256975,2.9577148273625036
C=CC(=O)N1CCN(Cc2ccc(C)o2)C(C)C1,-4.432,4.548233283374985,8.21325453154838,2.905369339688158
COc1ccc(C)cc1NC(=O)Nc1nnc(-c2ccc(Cl)cc2)s1,-6.228,4.543026084010524,8.057379350632562,3.3436611670442944
COc1ccc(C=C2NC(=O)NC2=O)cc1OCc1ccc(C)c(C)c1,-6.579,4.496275125034054,7.58945090240394,3.0189804570417484
CCCC1COC(C)C(=O)N1,-4.154,15.334701138268068,12.156383096957747,2.8400808087094984
O=c1[nH]c(-c2ccc(N=C3c4ccccc4-c4ccccc43)cc2)no1,-6.202,12.825927100993518,7.368385169085556,7.394425873588834
N#CNC(=O)CC1CCCC(O)C1,-4.899,12.405659716435883,12.347136874595666,2.932822190314306
COc1cc(C=C(C#N)C(=O)Nc2cccc(Cl)c2)cc(Cl)c1OCc1ccc(Cl)cc1Cl,-6.173,11.560573428684236,7.30970437158713,8.389398607766829
Cc1cc(CN(C)C(C)C(=O)Nc2cccc(C#N)c2)no1,-5.139,4.848807688494151,7.609773781131737,3.0484043366981357
COc1ccc(CNC(=O)N2CCC2C(=O)N(C)Cc2ccccc2C)cn1,-5.122,5.0118485611598445,7.963305155524306,3.551119541778339
CCC1(c2nc(C)c(C(=O)N(C)C)s2)CCNC1,-4.152,5.608321139164553,7.986351858013769,2.9022496446722155
CC(=O)N(C)Oc1cnc(C#N)c(Cl)n1,-4.363,12.874930252238263,12.431214180441104,2.9917956146769114
Cc1ccccc1C(=O)Nc1ccon1,-5.265,12.217475557577352,12.553571324527534,3.0705136378137126
N#CC(=Cc1ccc(Cl)cc1F)C(=O)Nc1cccc([N+](=O)[O-])c1,-6.23,12.429096548019892,8.323389273607237,8.80564642715116
CCOc1ncccc1C(=O)Nc1ccc(C#CCO)cc1,-5.287,13.595930972169578,7.244808762141344,7.716184225379796
O=[N+]([O-])c1ccc(NN=Cc2cnn(Cc3ccccc3Cl)c2)cc1,-5.387,12.46820183506828,8.576563764119054,8.887217899882955
CC(NCc1cc2ccccc2o1)c1cccc(Cl)c1,-5.64,13.395586885239481,8.473148234275145,9.060344860986254
CCCCCCOc1ccccc1-c1n[nH]c(-c2ccccc2OC)n1,-5.376,5.784904666457348,8.095096972859558,3.8087122495667742
CCC1CCC(Oc2c(Br)cccc2CC=O)C1,-4.559,12.772435867914938,12.560182403134121,2.9495577634621775
COc1ccc(-c2nc3ccccc3o2)c(OC(C)=O)c1,-5.062,8.296486063388523,11.836240323683867,5.543316426111718
Cc1cccc(C(=O)Nc2ccc(C3(C)NC(=O)NC3=O)cc2)c1,-6.711,3.9492709453771337,7.755784228561287,4.16422009504781
Cc1c(-n2c(C)cc(C=C(C#N)C(=O)Nc3ccc(Cl)c(Cl)c3)c2C)ccc(Cl)c1Cl,-5.832,3.991256193230397,7.642469365329507,8.523860979626544
CCCCCNc1ncc(NC(=O)C2CC(=O)N(Cc3ccccc3)C2)c(C)n1,-5.198,4.662160657892432,7.550534351951521,9.05874720918958
C=C(Cc1ccccc1F)c1ccc(N)c(C)c1,-5.047,14.157184183304249,8.414163119407657,9.052409900131567
COC(=O)Nc1nc(Cl)cc(NCc2cccc(Cl)c2Cl)n1,-5.377,4.506218924996876,8.335224652041479,4.930707150095207
CC1CC(Nc2cc(Br)c(Cl)cc2Cl)N(C)C1=O,-4.597,13.7890719049543,7.072855363995505,7.789864504598266
CC(=O)c1nc(C(=O)NC2CC2c2ccccc2)no1,-5.496,4.571063443007546,8.430303671873274,10.29400942296052
CCc1ccc(C(C)Cc2ccc[nH]2)cc1,-5.34,13.018443916229007,12.800943012137816,3.1676027213020257
FC(F)(F)CCCCOCC1(CBr)CCCC1,-3.74,15.058556404914784,7.480229475089652,8.842700322865182
Cc1nnc(SCC(=O)NC(C)c2ccc(C(F)(F)F)cc2)n1N,-4.84,6.287367811731711,7.394918931266251,3.08838388157949
O=C1Nc2ccccc2CC1C(=O)N(c1ccccc1)c1ccccc1,-5.377,8.3434850032825,8.300867785960694,3.160152211523995
CC(NC(=O)c1ccc2c(c1)nnn2C)c1ccncc1,-5.359,5.822859177414476,8.528756708923055,3.0001666620372944
Cc1cccc(OC(C)C(=O)Nc2ccc(Cl)cn2)c1C,-5.186,3.6129619427832336,8.006830771285227,3.5378674367477374
O=S(=O)(Nc1cn[nH]n1)c1ccc(Cl)cc1Br,-4.587,5.348889697871886,8.273910925312164,3.1289416741128298
CCc1[nH]nc2c(N3CCNCC3)nc(C)nc12,-4.65,7.548491637406775,9.294874931918129,3.42823263504681
CCOC(=O)C1CN(C(C)=O)C(=O)N1c1ccc(Cl)cc1,-4.852,3.622974468582411,8.373339238320634,6.86931066410597
O=C(CC(F)(F)C(F)(F)F)Nc1ccc(Cl)cn1,-4.682,4.509315358233443,7.419037740839441,5.119315286246785
Cc1cc(C(=O)N2CCN(c3ncccc3C)CC2)no1,-5.106,7.332075558803251,8.396597227448748,3.4223724227500427
O=C(CCl)NC1C(=O)N(c2ccccc2)N=C1C(=O)O,-5.688,12.396503821642618,12.762613642980813,2.8581681196178783
Cc1cc(CN(C)CCc2cn[nH]c2)on1,-5.536,12.334139653822637,12.302758918226433,3.0928545067623214
CN(Cc1nc(-c2ccncc2)n[nH]1)C1CCCCC1,-5.289,13.54878596037298,8.587186035017524,8.862075941899844
CN(C)C(CNc1ccc(NC(=O)c2ccoc2)cc1)c1ccccc1,-5.579,12.828241851477543,7.422217054223084,7.602799615930962
Cc1ncc(Cl)c(N2CCNC(C)C2)n1,-4.244,12.917654779409458,13.067269148525257,3.1572123780322414
CC1CC(NC(=O)C2Cc3nc[nH]c3CN2)CCO1,-5.114,12.566954523670402,12.24459676755425,3.0783711602079435
CSC1CCN(C(=O)c2ccccc2Nc2cc(-c3ccccc3)no2)CC1,-6.306,4.771143049626578,8.212993242417772,3.6166019963496123
CN1CCCCC1CC(=O)c1ccc(C(F)(F)F)cc1,-5.502,13.189284476422518,8.55608397574498,8.884750587382856
O=C(Cc1n[nH]c(=O)[nH]c1=O)NN=Cc1ccc(OC2CCCC2)cc1,-6.22,6.349168843242397,7.331946876512404,2.999337426832799
COC(=O)N1CC(=O)N(C)C(C)(C)C1,-4.023,13.2315257245716,12.796055954863593,3.07304767291365
O=C(COc1ccccc1)Nc1ccccc1C(=O)NCc1ccccc1F,-6.109,4.282759507607215,7.200572824435567,4.4566903639360005
O=C(NCc1ccc(-c2cn3ccccc3n2)o1)c1ccccc1-n1cnnn1,-6.69,4.370350214799725,7.805630659978731,2.9162199848433925
CC1(NCc2cc(C(=O)O)no2)CC1,-5.026,12.731478900740479,12.739173010835515,2.979940939012047
Cc1nc(NCCn2cncn2)ccc1[N+](=O)[O-],-5.207,12.97467544873474,8.484906304727236,8.747172057299434
CC(C1CC(=O)N(Cc2ccccc2)C1=O)N1C(=O)c2ccc(Cl)cc2C1=O,-5.887,5.320636146176508,8.557246928773296,3.5739181579885133
CC(C)c1nc(CN(C)C(C)(C)C(=O)O)cs1,-4.362,10.772208362262587,9.353224791482347,12.672794167033567
Cc1ccc(-n2ncc(C#N)c2NC(=O)COc2ccccc2)nc1,-5.828,3.686577003129054,8.316015091376398,9.476290730027229
CC(=Cc1ccccc1OCC(C)C)C(=O)O,-4.663,13.02749292841873,11.997384256578599,2.953617781636615
Cc1cc(CNCc2cn(C3CCC(N)C3)cn2)no1,-5.599,12.445550731084584,11.843388873122423,2.8897470477534886
Cc1ccc(C(=O)NC2(C(=O)O)CCC2)cn1,-5.219,5.921660409040693,8.141477814254609,2.986498451364072
CCOc1cc(CN(C)S(=O)(=O)c2ccc(N)cc2)cc(C)c1OCc1ccccc1,-6.13,4.740121622912222,7.81609998656619,2.990740710927646
C=CCn1c(SCCC(=O)NC2CCCc3ccccc32)nc2sc3c(c2c1=O)CCC3,-5.85,3.8338789756589864,7.176221707834841,3.5613094501882316
Cc1noc(C)c1C(C)NC(=O)NC(C)C(F)(F)F,-5.023,14.304284253327742,7.988459989259507,8.856602113677683
CC(C)C(NC(=O)C1(Cc2ccncc2)CCCC1)c1ccc(F)cc1,-5.401,13.008935698203755,7.351368171979962,7.656803837111148
CCOc1ccc(NC(=O)C2(C)CCCN2S(=O)(=O)c2ccc(C)c(C)c2)c(F)c1,-5.577,10.972165237545413,7.547368614292004,10.67815990702518
Cc1ccc(=O)n(CC(=O)Nc2n[nH]c(Cl)c2C#N)n1,-5.455,4.194891893720265,7.327280122937842,3.478339977633008
O=S1(=O)COc2ncccc21,-4.285,13.68267477505769,12.824594847401613,3.1266829068519244
Cc1ccc(CN2C(=O)c3snnc3C2C(=O)c2ccccc2Br)o1,-5.562,7.123611233075539,7.977832475052356,3.408983572855699
O=c1[nH]c(=S)ccn1C1OC(CO)C(O)C1O,-4.948,14.203264272694499,12.778676457286178,2.867670831877327
CN(C)c1ccc2c(C(=O)N3CC(O)(c4cnn(C)c4)C3)cccc2n1,-5.316,7.705418742677129,8.184178761488534,3.412136280982927
CCOC(=O)c1conc1SCc1noc(C(C)(C)C)n1,-4.976,6.122048186677396,7.9627313153213946,2.8420744184486084
Cc1ccn2cc(CC3COCCN3)nc2c1,-5.179,12.693794113660424,12.728089998110478,3.2781479527318464
CC(=O)C1(C#N)C=CC=C1,-4.213,12.180240720117153,11.22398650213016,8.815693166166799
Cc1c(NC(=O)Cn2ncc(C(=O)O)c2C)cnn1CC(=O)NC1CC1,-5.489,3.411567088597262,7.639855757800666,3.1019727593903847
CC1C(C=O)C1(N)C(=O)O,-4.497,7.490715186148783,8.138270762268847,2.844056785649681
CCN(Cc1cc(C(=O)Nc2ccc(Cn3ncccc3=O)cc2)oc1C)c1ccccc1C,-6.208,12.5890095718448,7.476353389186468,8.501273198762643
CC1CC(c2n[nH]c(=O)[nH]2)CCN1CC1CC1,-5.092,12.43670406498442,12.601761345145368,3.1128417884627546
COc1ccc(Cl)cc1C1CC(=O)Nc2nc(SCc3cccc(F)c3)[nH]c(=O)c21,-5.888,10.736195834652047,8.308970874903824,11.889484303366569
CNC(Cc1ccc(Br)cc1)c1ccncn1,-5.223,13.833283377419837,12.313287254019537,2.891142334787411
CCc1nnc(CC2CCCN2C(=O)CC2CCc3cccc(=O)n32)o1,-5.279,6.594213296519912,7.25873218957691,2.9811214332864737
Cc1cc(C)n(Cc2cccc(NC(=O)c3[nH]nc(C)c3Cl)c2)n1,-6.158,4.460878164666683,7.689926137486626,3.087226749041929
Cc1cccc(NC(=O)c2nc(C)n(CC(N)=O)c2C)c1,-5.43,4.985838846172226,7.842418887052641,2.825826781669394
CC1=C(C(=O)c2ccco2)C(c2ccccc2)N(C(=O)OC(C)(C)C)C1=O,-4.908,3.855165106710736,7.402384615784294,8.834005093953705
CC(C(N)=O)N(Cc1cccnc1)C(=O)c1ccc(Cl)c(Cl)c1,-4.931,6.506618860821648,7.104401804515282,3.070670610794979
CCOC(=O)CCOCCNC(=O)C1CCC(C)O1,-4.146,5.187004530555183,7.367849686306038,2.975480465403865
CC(C)n1cc(C2(CNC3CC3)CCCCCC2)cn1,-3.308,13.36953795013126,7.149525718535462,7.919484010969401
Cc1c(Cl)cccc1NC(=O)C1(n2cncn2)CCCCC1,-6.697,12.640773829160935,12.31703332787567,2.953298494903622
Cc1cc(C#CCN)cc(C(=O)NC2CCCC2C)n1,-5.2,12.80708249368294,7.0861654651863715,8.01109436968508
Cc1ccnc(NS(=O)(=O)Cl)c1,-4.341,7.94096883257956,8.406105578685054,2.972388265351617
Cc1cccc(C)c1NC(=O)C(C)Sc1nnc(-c2cccnc2)o1,-5.9,4.759876574030045,8.47176303965119,9.412680277158042
Cc1cc(C(=O)Nc2ccccn2)nc(NCc2ccccn2)n1,-5.636,4.237767572673141,7.3548796047250145,3.2929922562921394
O=[N+]([O-])c1ccc(C=NN=Cc2c(Cl)cccc2Cl)cc1,-5.221,4.714527866075245,8.274472853300082,6.06902759921225
CC1CC(C)N(C(=O)NC2CC2C)C1,-4.042,8.022220266235525,8.372301117375079,3.262249837152268
CCC=CC=CC=CC=CC=CCCCC(=O)OC(COC(=O)CCCC=CCC=CCC=CCCCCCCC)COC(=O)CCCCCCCC=CCCCCCC,,,,
O=C(Nc1ccc(Cl)cc1)c1ccc(N2CCC(NC(=O)c3ccco3)C2=O)cc1,-6.146,6.2840412156509595,8.326621463715039,3.1750055118062397
OC1CC2CCC(C1)N2Cc1ncon1,-4.965,12.273197057001896,12.656276545651174,3.05675988589225
COc1c(Cl)cc(C=C2NC(=O)NC2=O)cc1Cl,-4.74,6.71157664040276,7.771969248523824,2.9986285198403606
Cc1cc(Nc2ccc(NC(=O)c3cccn3C)cc2)nc(C)n1,-5.672,5.18107604653705,8.731525067249136,3.283614015075462
Cc1ncc(N)cc1CNC(=O)OC(C)(C)C,-5.423,12.566578134082484,12.762723298732132,2.809724185752047
CCCN1C(=O)CSC1c1ccc([N+](=O)[O-])cc1Cl,-4.569,12.641057590249323,12.226547386731873,2.970999158532362
CCCOc1ccc(Nc2nncc(NCc3ccco3)n2)cc1,-5.148,5.801760508673208,8.543888810137922,2.973628423323936
C=CCN(Cc1ccco1)C(=O)C1=NN(C(C)=O)C(c2ccco2)C1,-5.034,3.94019923354137,7.408456046977669,5.107479417481779
Cc1ccccc1Oc1ccnc(Nc2ccc(F)c(F)c2F)n1,-5.85,12.534375373348288,8.482280707451268,8.91123723172041
CC1CN=C(NCc2nccn2C(C)(C)C)S1,-4.823,13.20680438259006,13.0638211867738,3.267469663210356
NC1=C(C(=O)OC2CCCC2)C(c2ccc(-c3ccccc3)o2)c2nc(=O)[nH]n21,-5.974,4.346131728330379,7.925335261047319,4.458890669213589
C=C(C)C(=O)c1cc(C)cc(OC(=O)C(c2ccccc2)c2ccccc2)c1C,-5.637,4.602988811630982,7.558386137265018,4.664545637036904
COc1cccc(C2(C(=O)Nc3ncccn3)CCCCC2)c1,-5.134,3.811615536750788,7.221452000809808,5.111645625432186
CC1SC(=NN=Cc2cccc(Cl)c2)N(Cc2ccccc2)C1=O,-5.665,4.202359099363118,7.958622619524058,4.327323191073207
Fc1cc(C2CCC(c3ccccc3F)N2)ccc1Cl,-5.777,13.812091659122451,8.062101090906761,8.61736003657733
O=C(CSc1nnc(-c2ccncc2)o1)Nc1ccc2c(c1)OCO2,-5.931,12.83889535746748,12.823529506341067,2.9376095724244915
N#CC(N)=C(C(=O)OCc1nc(-c2ccccc2)no1)c1cc2ccccn2n1,-6.13,4.648406716284624,8.00580789177457,3.2494413365992623
CC(COC(F)(F)F)NC(=O)NCCn1cccn1,-5.023,12.69484001474615,12.74800553027806,3.012775630544034
CC(c1cccc(C#N)c1)N(C)C(=O)c1ccncc1,-4.976,12.850866585565349,13.018736228989356,2.9907452248561732
Cc1nc(NC(=O)c2ccc(NC(=O)c3cccc([N+](=O)[O-])c3C)cc2)n(C)n1,-5.929,11.23464040368004,7.559879165700997,9.653434673731418
Cc1ccc(C)c(NC(=O)C(=O)Nc2cccc(C(F)(F)F)c2)c1,-5.974,3.738539019456664,7.048575529849985,3.8033708733175104
Cc1ccccc1C(NC(=O)c1ccco1)c1ccccc1Cl,-4.954,3.689321346806211,7.300848923241734,8.11042871863134
Cc1ccc(NC(=O)Nc2ccc(-n3nc(C)cc3C)nc2C)cc1,-6.396,4.493077008020228,7.5419012191887,3.334835678110692
Cc1nn(C)c(C)c1C=CC(=O)N1CCCCC1=O,-5.458,11.980683953764911,12.486965083638218,2.946890055634923
Cc1ccc(C)c(NC(=O)CCc2ccc(Br)cc2)c1,-5.439,3.390361190197882,8.476559738478812,10.350223717388914
CCN(C)c1ccc(NC(=O)CCCCCc2ccccc2)cc1,-4.721,10.235442052007329,8.574381552042107,12.283867184238032
O=C(CSc1nnc(-c2ccco2)o1)Nc1cccnc1Cl,-5.49,4.697563836713663,7.081097301972344,3.10811228883385
C=CCCCOP(N(CC=C)CC=C)N(C(C)C)C(C)(C)C,-3.428,10.324451074996674,8.953390251742633,12.845754045598103
CC1CCC2(CC1)NC(=O)N(CC(=O)Nc1ccc(CC#N)cc1)C2=O,-5.993,4.550536781523691,8.275728910494832,3.1330193105054427
CC1CCc2cnc(CSCc3ccccc3)nc2C1,-5.183,13.617124843372775,8.407864770558575,8.913908570318634
CC(C)c1nc(CN2CC(C)(C(=O)O)Cc3ccccc32)no1,-5.92,3.6686997696731742,7.457506419708936,4.8855122556391155
CC(NC(=O)c1cnn(-c2cccc(C(F)(F)F)c2)c1C(C)(F)F)C(O)c1ccccn1,-6.027,8.151673999860396,7.96860972817718,2.8085020918632053
CN(C)c1cc(C(F)(F)F)ccc1NC(=O)CN1C(=O)NC2(CCCC2)C1=O,-6.259,4.551580055321448,8.330094237162026,3.429544284595259
CC1Oc2ccccc2OC1COc1ccc2[nH]ncc2c1,-5.687,12.35289476195762,12.502337901368687,3.180466318010615
Cc1ccccc1S(=O)(=O)N1CCN(C(=O)c2ccc(F)c(F)c2)CC1,-5.775,4.30608929308253,8.366464306981774,3.333576307811177
Cc1onc(C(=O)Nc2ccc(F)cc2)c1Cc1cccs1,-5.107,13.3625661083491,6.870511334682449,7.378645607426881
CCc1noc(CSc2nnc3c(C)nc4ccc(Cl)cc4n23)n1,-5.643,5.178623851951404,8.064302263680348,3.024453834992361
NC(=O)C1CCN(S(=O)(=O)c2ccc(F)cc2N)C1,-4.415,7.567064424200445,8.344747869168966,2.9672096319606407
CCSC(=S)C(O)CC1CC1,-3.465,8.498509869382985,8.232100703951573,3.120568858397456
Cc1cc(CN(C)Cc2ccon2)n(C)n1,-5.439,12.845246825187907,12.160343333968823,2.8452419932230724
CN(Cc1ccc(Cl)s1)C(=O)Nc1ccc(OC(F)(F)F)cc1,-5.22,12.547626548475215,7.914767652938398,8.990911522198402
O=C1c2ccccc2C(O)(O)N1c1ccc(Cl)cc1,-5.346,8.092166767930577,8.350414301099077,2.9377598608463558
CC(C)C(NC(=O)c1cc(N)ccc1Br)c1nccs1,-5.109,12.840331810354435,12.689497901808409,3.1511497901559675
Cc1ccc(C2=CCN(C(=O)c3n[nH]c(=O)[nH]3)CC2)cc1,-6.31,4.998566494506201,8.135933382224808,3.8567424077840613
CCCCCc1nnc(NC(=O)c2ccc(COc3ccc(CC)cc3)o2)s1,-6.121,4.209918526527562,8.27386233871461,3.2846878086052564
O=C(c1nc(Cl)ccc1Cl)N1CCc2ccccc2C1,-5.516,12.977266006366673,12.638650007022111,3.298977568884032
CCN(Cc1ccccc1)c1nc(C)nc(NNS(=O)(=O)c2cccc(Cl)c2)n1,-6.077,4.456711792341972,7.554889542541306,3.5689036131562872
CCC(Oc1cccc(F)c1C)C(=O)O,-4.662,13.41829217896227,12.650252882847836,2.8389705880829412
O=C(C1Cc2ccccc2O1)N1CC(Nc2ccccc2)(c2cccnc2)C1,-5.998,4.153916344848557,8.00281587942644,3.6041016911291504
COc1ccc(OC)c(NC(=O)COc2c(C)cc([N+](=O)[O-])cc2C)c1,-5.354,3.7759764300111835,8.440767382175627,2.9909353052180845
Cc1ccc(C(=O)NC(C)c2cc3cc(Cl)ccc3o2)cc1,-5.789,12.783693793266483,8.45919919377715,9.02374384609847
O=C(Nc1ccccc1NC(=O)c1ccccc1I)c1ccco1,-5.668,3.509661664605294,7.618313789809395,8.382670576850792
Cc1ccc(C#N)c2nc(=O)[nH]n12,-4.913,13.165317238866674,12.419848509543103,2.8363994782117694
Cc1c(N)cccc1C(=O)NC1(C(=O)O)CCCC1,-4.931,3.6373082080021764,7.754105815630839,9.691342631441735
O=C(CNC(=O)c1ccc(F)cc1)NCc1ccc(OC2CCCCC2)nc1,-5.937,3.9860062719468967,7.335789732537322,8.044241853649105
Cc1cc(C)c(NC(=O)C2CC(=O)N(Cc3ccc(F)c(C)c3)C2)c(C)c1,-6.545,4.796592749025082,7.353575592866371,3.446753545004342
Cc1nc(C2CCN(S(=O)(=O)Cc3ccccc3)CC2)ccc1C(=O)Nc1ccccn1,-6.326,4.4645663843199825,7.974219146725276,8.57947952966845
CN(c1ccccn1)S(=O)(=O)c1ccccc1C(F)(F)F,-5.432,12.401393591044515,12.378314061292837,2.822070339307652
CCS(=O)(=O)N1CCC2(CC1)CC(Cc1ccccn1)C(=O)N2C,-5.276,7.042777932037896,8.324971951904702,3.0393658878127847
Cc1ccc(NC(=O)c2cc(C)c(=O)n(-c3ccccn3)c2)cc1Cl,-6.087,10.196058993552361,8.708929497934864,12.666089412285073
CC(C)=Nc1cncnc1,-3.434,14.072349377413852,12.275958211072568,3.143378596351385
Cc1nn(C)c2ncn(CC(=O)Nc3nc4c(s3)CCCC4)c(=O)c12,-5.481,12.60513240707927,8.7138516742024,8.8702462761752
Cc1ccc(NC2=C(c3cccc(N=[N+]=[N-])c3)C(=O)NC2=O)cc1,-1.765,12.508549915957486,12.553872908389666,3.1958307214243993
CC(=O)c1ccc(NC(=O)C(C)Sc2nnc(-c3ccco3)n2C(C)C)cc1,-5.945,5.124499682895882,7.193194144467393,3.0987631403513247
Cc1nn(C2CCCCC2)c(C)c1C=C(C#N)C(=O)Nc1ccccc1Cl,-5.796,11.590326354335325,7.189111210713046,9.421056947073401
CCCNC(=O)CNC(=O)CCC(=O)Nc1nccs1,-4.764,12.381978032608522,12.348209424851847,2.863933134694315
Cc1[nH]nc2c1C(C)N(Cc1cccc(C#N)c1)C2=O,-5.318,8.489360282141407,11.493507515114784,3.4509236444754903
CCn1cc(C(C)NC(=O)CN2CC(C)OC(C)C2)c(C)n1,-4.957,4.1709673937828855,8.184228063782191,3.054702767864657
c1n[nH]nc1-c1nn[nH]n1,-4.423,16.705046363299925,11.982128191602692,3.0761698587691804
COC(=O)Cn1nc(C)cc1CN(C)Cc1ccc(Cl)cc1,-5.056,4.738736223931439,8.084134956815108,4.481403574774314
Cc1ccc(N2CC(c3nnc(Cc4ccc[nH]4)o3)CC2=O)cc1,-5.981,4.859186557439425,8.435821951653555,3.5394975632143058
CC1CN(c2cc(F)c(CCl)c(F)c2)C(Cn2cncn2)O1,-4.776,4.762342490833685,7.983140547428686,3.6283155871561124
Cc1nc(C)n(CC(=O)N2CCCC(CN(C)C)C2)n1,-4.68,6.160838498126696,8.084373135871452,3.110599138429765
CCn1cccc1C(=O)NC(C)c1ccccc1,-4.722,13.768701136999088,7.435051983678393,8.102434880947825
COc1ccc(C(N)C(C)(C)C)cc1C(C)C,-4.584,12.543332412082524,12.909609947632035,2.981169736865044
CCc1noc(C(C)N(C)Cc2ccccc2N)n1,-5.419,12.668259233217483,12.58637580878626,2.9867957747392104
CCOCC1C(C)CCC2C(c3ccc(F)cc3)CCC12,-5.278,11.370022251517366,7.310095895403835,9.580976359432269
COc1cccc(C2CC(C(=O)O)C(=O)C3CCCN32)c1,-5.32,12.026353312621413,10.373372498854941,8.431230633780576
CC1(C)COCCN1C(=O)C1CCC(N)CN1,-4.946,13.16175782333044,11.73912445627867,2.938697160307608
CCOC(=O)CC(NC(=O)c1cc(C)oc1C)c1cccc(Cl)c1,-5.107,10.407709930623547,8.619147231600119,12.328977045967763
CCC(NC(C)C(=O)Nc1ccc(C(=O)NC)cc1)c1ccc(Br)cc1,-5.802,4.2732026631087825,7.294994996571279,3.0173203343364143
CC(O)Cn1ccnc1Nc1ccc(F)cc1,-5.398,12.729601918363356,12.872702163881522,3.1211174281016727
CCc1cc(C(=O)NC(C)CC(F)(F)F)ccc1F,-5.187,12.529980127677778,13.164802695065353,3.119281167192211
CC(C)(C)OC(=O)N(Cc1nccs1)c1ccc(C(F)(F)F)cc1N,-4.498,7.480073930115932,8.050215090294172,3.0241765821459565
Cc1ccc2c(CNCC3(CCC(=O)O)CCOC3)cc(=O)oc2c1,-5.666,12.325967629358761,12.074226890364452,2.8367851522454073
CC1Cc2cn(Cc3ccco3)nc2C(NC(=O)Nc2ccc(Cl)cc2)C1,-5.931,4.80408003680205,8.155498574581445,5.816852155590685
CSc1ccc(N2CCCC(NC(C)c3ccccc3C(=O)O)C2)cn1,-5.23,4.618374281064712,7.778673537306987,3.5061404706600108
COc1ccc(C(=O)Nc2ccccc2-n2c(C)ccc2C)cc1C#N,-5.285,12.08844448223178,7.235727883219489,8.039189262606024
CC1CCC(C)N1c1ccc(N)cc1C(=O)O,-4.913,12.957217100905579,12.092562921068469,2.7560397312085323
CCC(C(=O)Nc1c(Br)cc(Br)cc1Br)C(C)N,-4.689,5.050916946456356,7.727920418844905,3.0988504320150723
COc1ccc(N(C)S(=O)(=O)c2ccc(Br)c(C)c2)cc1,-4.91,3.6429824320191275,8.360910058121663,9.859516063174704
Cc1cc(-c2ccccc2)nc2c(C(=O)N3CCC3CC(=O)Nc3cc(C(F)(F)F)[nH]n3)cnn12,-6.64,4.140364355947433,7.270568203379979,3.2681531481862964
Cc1ccc(Cl)cc1C(=O)NC(=S)Nc1nnc(C(F)(F)F)s1,-5.267,4.249455259206761,7.845694424332367,3.0513380671436585
CC(NS(=O)(=O)c1ccc(Sc2nccn2C)cc1)c1ccccc1,-5.628,4.490340521608577,8.247022553625035,3.04238376934929
COc1ccc(N(CC(=O)NCCCN2CCCC2=O)S(=O)(=O)c2ccc(C)cc2)cc1OC,-4.866,4.883582086952157,8.145219272677686,3.6132918509303944
CCN(C)S(=O)(=O)c1ccc(C(=O)N(C)c2ccccn2)cc1,-5.019,6.265550015760787,8.333418566230788,2.9737042556380757
CCS(=O)(=O)N(C)Cc1cccc(NS(=O)(=O)c2ccc(C#N)cc2)c1,-5.851,4.538881800620059,7.685331352648368,2.9102608130543905
ClCc1nc(Cl)ccc1Oc1ccccc1,-5.247,12.751403922705924,12.533627248326798,3.1507276937241016
Fc1ccccc1CN1CCN(Cc2cc(-c3ccco3)on2)CC1,-6.075,3.535759324388469,7.83076273424243,3.490938126062964
CCCCCCN1C=CN(Cc2ccccc2)C1,-4.41,13.098206671143956,12.73670475437034,3.1942326151988367
Cc1[nH]n(C2CNC(C)(C)C2)c(=O)c1C=C1NC(=O)NC1=O,-5.694,4.1317727430244755,7.206892811746266,2.8838316525067826
CCOC(=O)c1ccc2c(n1)N(C(=O)c1cccc(F)c1)C(C)CN2Cc1ccc(Cl)cc1,-6.219,4.232689097961248,8.171152244328825,4.937228068461088
CC(Nc1ccc2c(c1)CCCO2)C(=O)NC1CC1,-4.804,12.840724940594281,7.1551087343240285,8.981139849707274
Cc1cccc(C(C)C)c1NC(=O)c1nc(Cl)ccc1Cl,-5.829,12.912614297654834,13.213187162830927,3.2299557272507626
O=C(NCC(c1ccccc1F)N1CCCCC1)c1ccc(F)cc1,-5.304,13.347050498143775,6.647061456011972,7.651606759367604
CCc1ccccc1NC(=O)C(C)Nc1ccc(Br)cc1,-5.04,3.866667557471161,8.613395671859037,9.692009956660177
Cc1ccnc(NC(=O)c2cnn(C)c2C)c1,-4.894,12.668723495285546,12.320557901328982,2.887434501421634
CC(C)(C)OC(=O)NC1(C)CCC2CC2NC1=O,-3.712,8.202240913311433,8.10144937650048,3.13068746443972
O=C(NCCNc1ccccn1)c1cn[nH]c1,-5.066,12.78504051616576,12.80070412125833,2.9553593690108144
COc1ccccc1N1CCN(C(=O)C2CCCOC2c2cccc(Cl)c2Cl)CC1,-5.615,12.110862149326943,7.257473182864681,7.8868962843440515
Cc1nc(N)ccc1S(=O)(=O)c1ccc(Cl)c(Cl)c1,-5.517,12.302469264338766,12.516312436177039,2.920222765475264
O=c1ccc(C(c2ccccn2)N2CCC(O)C2)c[nH]1,-5.279,12.46127722185812,12.344760913035133,3.047337362354225
c1ccc(-c2ccc(-c3nc(-c4ccccc4)nc(-c4ccc(-n5c6ccccc6c6ccccc65)cc4)n3)cc2)cc1,-8.393,5.149200326264263,8.921167300303251,3.3541751594095395
CC(=NNC(=O)c1ccc(Cl)cc1)c1cn(C)nc1-c1ccc(C)o1,-5.935,4.5370137756017455,7.964700496566082,3.7575494674055854
Clc1cccc(CC2CCCN(Cc3nc(C4CC4)no3)C2)c1,-5.468,4.291463386771463,7.691885724580157,6.2806221029449
Cc1cccc(NC(=O)Cc2csc(NC(c3ccccc3)c3cccnc3)n2)n1,-5.499,4.742613836272145,7.077618667320245,7.81166448332236
Cc1nn(C)c(C)c1NC(=O)CSc1nc2ccccc2[nH]1,-5.438,4.292068149505551,7.790085493754224,3.359291889669607
COCC1CCN(c2ccc(C(=O)Nc3ccccn3)cn2)CC1,-5.386,5.348347875746303,8.34845189241694,2.9853792053941834
Cc1ccc(C(=O)Nc2cccc(Cl)c2-n2cnnn2)nn1,-5.567,6.486216154276696,7.593917895263288,3.2932732956740773
O=C1C(=O)N(Cc2ccc(F)cc2)C(c2cccs2)C1=C(O)c1ccc(Cl)cc1,-5.732,3.7332167094879454,7.903356502145149,5.6470128386608085
Cc1cc(NC(=O)C2CC3(CCCC(N(C)C)C3)CO2)n(Cc2ccco2)n1,-5.528,4.968111713719811,7.135856921211355,5.50101890562103
CC(CC(C)(Cc1ccco1)C(=O)O)N(C)C(=O)NC1CCCC1,-5.207,13.051550329367007,12.398233301563574,2.843450192987386
C#CCNC(=O)c1ccc(Cn2nc(C)cc2C)cc1,-4.996,11.41091990156797,7.662377176829655,10.985998998725604
COc1ccc(-c2cnc3c(C)cc(Cl)cn23)cc1CO,-4.672,13.705045567235448,7.144333488856746,7.827617070347782
Cc1cccnc1NC(=O)COC(=O)c1c(-c2ccc(Cl)cc2)n[nH]c1C,-5.892,4.42363074860459,8.468853818551835,8.347874819377685
Cc1ccccc1-n1nnc(C(=O)Nc2ccccc2-n2ccnc2)c1C,-5.764,4.748417104678147,7.376859019935245,3.008575078006197
Cc1nnc(N2C(=O)C(=O)C(=C(O)c3ccc(OCc4ccccc4C#N)cc3)C2C)o1,-6.91,4.928015624975228,7.759801157246233,3.0985322331710563
COc1ccc(C=Cc2ccc(=O)n(-c3ccc(C)cc3)n2)cc1,-5.148,4.483779990142245,7.316076134103581,8.111921350703543
Cc1cc(S(=O)(=O)Nc2ccc(F)cc2)c(Cl)cc1NC(=O)C1CC1,-5.471,4.183873564055204,8.41604473609783,3.889079196930811
CCOc1ccc(C2NC(=O)NC(=O)C2N)cc1,-5.303,12.781417018468648,12.804498311140504,3.101492221495969
CC1(c2ccc(Cl)cc2)Cc2ccccc2N1,-5.637,12.565984641085633,12.841934277981647,2.8905165628309417
CCC(C)NC(=O)COC(=O)CSc1nc(C)cc(C)n1,-4.814,12.19464554630433,12.565442610588773,2.932133353038364
CC(C)(C)OC(=O)N1CCN(c2ccc(C(=O)Nc3ccccc3C(F)(F)F)cc2)CC1,-5.986,12.523375303806878,6.7194653061088125,9.464733963508957
O=C1c2ccccc2C(=O)C2c3ccc(Cl)cc3OCC12,-6.25,7.528635666573327,8.29896915285266,3.439274632825938
Cc1ccnc(Nc2cnc(Cl)c(C(=O)Nc3ccc(F)c(F)c3F)c2)c1,-6.018,3.637820226454297,8.873007269240794,4.850460184353645
Cc1cc(C(=O)N(C)Cc2ncn[nH]2)sc1C,-4.795,5.077756295845636,7.8445500189622095,5.696714228395173
O=C(Nc1ccccc1Br)C1C(=O)Nc2ccc(F)cc2C1=O,-6.083,4.264314012827854,8.597066592739642,9.914858496216675
Cc1ccnc(-n2nc(C)c(CC(=O)Nc3cc(Cl)ccc3Br)c2C)c1,-5.67,6.8667426047580955,7.309259196389193,3.435814459484097
CC(C)CCNC(=O)c1cccc(Cc2cccc(C(F)(F)F)c2)c1,-5.38,3.1768213673418906,7.477434854279908,7.18920030323262
O=S(=O)(NCC1CCN(c2ccccc2)C1)c1ccc(Cl)cc1,-5.907,4.388967760191455,7.51928387547644,9.263497503642997
CN(CCc1ccn[nH]1)Cc1nc2o[nH]c(=O)c2[nH]1,-4.513,5.556986593469522,8.22161881869988,3.061053903478343
CCOC(=O)C(C)CN1C(=O)c2ccc(Sc3nc(C)cc(=O)[nH]3)cc2C1=O,-4.987,3.9109532086180723,7.857651112132683,3.065123488540062
CC1CC(=O)CC(NC(=O)c2ccc(Nc3nnc(-c4ccccc4)c(N)c3C#N)cc2)C1,-6.804,4.735437572178519,8.300986206469686,3.3797209944017577
O=C(CN1CCN(c2ccccn2)CC1)Nc1cc(C(F)(F)F)ccc1Oc1ccccc1,-6.535,4.610472969229946,7.07930370869904,3.3620252824748373
CN(CC(=O)Nc1cccc(Cl)c1N(C)C)Cc1ccc(Cl)cc1,-5.531,4.04747143288251,8.139993673216214,9.017822630768471
CCN(Cc1ccccc1)C(=O)Cn1cnc2c(oc3ccccc32)c1=O,-6.256,4.409863603332874,7.376442570778951,3.3103510387872768
Cc1cc([N+](=O)[O-])cc(C(=O)N(CC(C)C)C2CC2)c1O,-5.058,12.820821502540312,11.929008341014772,2.6549291892628704
Cc1cnc(Oc2c(F)cccc2CN)nc1,-5.188,13.022302868540573,12.295096298931538,2.9085712987650827
CCOc1ccc(CO)cc1CN1C(=O)NC(c2cccc(C)c2)C1=O,-5.369,4.549074741087466,8.183301839722155,2.990903040889156
COc1cccc(NC2CCc3c(Sc4ccc(C)o4)nc(C4CC4)nc32)c1,-5.782,12.720841088544422,13.00088804659128,3.0121493986852643
CC(Nc1ccc2sc3ccccc3c2c1)c1ncn[nH]1,-5.676,13.073716610053928,13.07479690090825,2.960192730212004
Cc1c(C(=O)Nc2ccc(C(F)(F)F)cc2)ccc(C(=O)NCCN2CCCCCC2)c1O,-4.546,7.251090952401576,8.19334675209099,4.824420068775107
C=C(C)Nc1cccc(C(=N)N)c1,-5.003,12.910006235474869,13.12173067853475,3.067485452288242
Cc1nnc(SC(C)C(=O)Nc2ncccn2)n1C,-5.065,7.1625919889380825,7.5787419800386395,3.0372752591755656
CC(c1ccc(O)c(F)c1F)N1CCN(C)C(=O)C1,-4.702,4.698522533733343,8.157687785150888,4.0640637298152695
O=C(NCc1ccco1)C(OC(=O)C1C2CCC1C(=O)C2)c1ccccc1,-5.465,4.601904605704034,7.281043125816519,5.17178170459659
CN(C)c1nc2c(c(=O)[nH]1)C(C(=O)NN=Cc1ccc(Cl)cc1)CC(=O)N2,-6.348,4.913091999952779,7.5150314703266545,3.653192028897468
COc1cc(NC(=O)COC(=O)c2cn(-c3ccc([N+](=O)[O-])cc3C)nn2)ccc1C,-5.776,4.249201454391167,7.046613016194375,8.123222205504414
Cc1cc(NC(=O)C(C)OC(=O)c2ccc(CN(C)C3CCCC3)cc2)no1,-5.865,3.8747928976914365,8.184670793623894,9.300628688427466
CC(=O)N(C1CCC1)C1CCN(C(c2cccc(F)c2)c2cccs2)C1,-5.126,12.3592266748369,7.095337694570991,8.188478552209807
Cc1ccc2c(c1)CCC(C(=O)Nc1cn(C)nc1C)C2,-5.553,4.011576248807942,8.468741405899697,8.98536204056353
Cc1ccc(C=CC(=O)N2NC(=O)CC2c2ccccc2)cc1,-5.641,4.985937624960825,8.080305068498342,2.960874532971636
Cc1cc(C(=O)N2CC(F)C2)ccc1OCCN1CCCC1,-4.642,4.722109380351116,8.414292127089478,2.813489648106067
CC(C)c1nnc(NC(=O)c2ccn3c2CCC3)o1,-5.021,7.680122069342388,8.159237035409623,3.026608828375415
CC(=O)c1ccc(NS(=O)(=O)c2ccccc2)cc1,-5.748,12.328916335185344,11.987501366006178,2.8316814792628073
COc1ccc(CN(C)S(=O)(=O)c2ccc(OC)cc2)cc1,-4.86,4.646935549370144,8.321682041510599,3.521300611989837
Cc1ccc(CCNC(=O)CCc2nnc(NC(=O)c3ccn[nH]3)o2)cc1,-6.35,4.000594455827783,8.216023490716173,3.3713151736377296
Cn1nccc1NC(=O)c1ccc(Oc2ccc(N)cc2)cc1,-5.29,12.312644354483728,9.365226799175769,8.73256050651812
Cc1nc(C(C)C)n2ccnc(Oc3ccc(Cl)cc3C(=O)O)c12,-5.496,5.379406472836943,8.278251566605112,3.1059306173834593
O=C(CCCc1ccccc1)N1CCCC1c1nc(Cc2ccc(Cl)cc2)no1,-5.203,4.428784144660924,7.335186023544325,6.503995387452239
Fc1ccc(Nc2nc3n(n2)C(c2ccc(I)cc2)NC(=S)N3)cc1,-5.765,4.381070417146933,8.362969030194957,3.9230593928718456
CCOc1ccc(NC(=O)Cn2c(-c3cccc(Br)c3)nc3ccccc32)cc1,-5.836,4.388813621014226,8.294445671652806,3.5824562802635853
Cn1cc(CNc2ncc(C(=O)Nc3ccccc3)cn2)cn1,-5.55,4.6440803179962336,8.552680866254743,3.034339466836235
CC(C)CC(NC(=O)c1ccccc1)C(=O)Nc1cccc(OCc2cccnc2)c1,-6.173,3.4356666019857043,7.52744080016575,3.0112333021537867
O=C(Cc1c(Cl)cccc1Cl)N1CCCC(c2ncc(Cc3ccc(Cl)cc3)o2)C1,-6.272,4.138130254112357,8.15660137557304,3.616325483138929
CCOC(=O)c1cc(NC(=O)C2COC3CCC32C)cc(S(=O)(=O)N(C)C)c1,-5.21,6.240487480958519,7.084611563099277,3.004413253865053
CC(=O)N1c2n[nH]c(=O)nc2NC1c1c(C)nn(C)c1C,-5.057,6.605520872724572,7.212992305555302,2.9218668689726437
O=CN(NC(=O)c1nn[nH]n1)c1ccc(F)cc1,-4.781,5.250849074197429,8.170729832762799,3.053957923744203
C=C1CC(=O)C(C)=CC1Cc1ccco1,-4.893,13.640878124226461,12.385061243288222,2.984071212286999
CCNc1ncnc(N2CCC(C)(C)C2)c1CC,-4.409,12.710517101990778,12.895291660137044,3.32429887344685
O=C(NC1CC2CCC1N2)c1cccc(C(F)(F)F)c1,-5.413,12.521602852670261,9.49385585523606,8.418570484351843
CC(C(=O)Nc1cc(Cl)ccc1Cl)N1CCCCC1=O,-5.35,12.787377057082503,12.675217276244224,3.1484351668725843
O=C(COC(=O)CC1CCS(=O)(=O)C1)Nc1ccccc1,-5.671,4.762884210223885,7.328366939502961,3.1443838824163954
Cc1cccn1Cc1cccc(NC2CCC(C(=O)O)C2C)n1,-5.962,12.216167115752796,8.346875163796328,8.654953552734987
COc1ncc(NC(=O)C2CCCC2C(=O)O)cc1Cl,-4.796,7.502244597452152,8.024409635605599,4.455597939670948
CCCc1cc(OC2CCN(C(=O)c3nccnc3C)CC2)n(C)n1,-5.536,4.4806017453016285,8.127956323701548,3.0662010697278155
CCC(C)NC(=O)c1cnn2c1CNCCC2C,-3.022,5.659067591043598,7.335503322881124,4.324874217824144
C=CCOC1(Cc2ccc(Cl)cc2)CC(=O)c2ccccc21,-5.229,12.33066316140377,12.512089753514399,3.130325701903877
COc1ccccc1NC(=O)C1CCN(Cc2ccccn2)C1,-5.245,5.716196812566902,8.540559349363482,3.0540766198640137
CCCCC(CC)CN1Cc2c(O)cccc2N(C(C)=O)C1=O,-4.376,11.056418859648906,9.377859883790117,12.842836836151115
O=c1[nH]c2ccccc2c(=O)n1N=Cc1cccn1-c1ccc([N+](=O)[O-])cc1,-6.165,7.54977721525609,8.317470408724038,3.271033628686812
N#Cc1cccc(N2CC=C(NCC(F)(F)F)C2)c1,-5.114,12.302465037544305,8.147858000726325,8.067383590731259
C#CCSc1nnc(-c2ccc(OCc3cc(C)nc4ccccc34)cc2)s1,-5.96,4.573654774903764,8.467184478916234,5.092669044813339
Cc1ccc(C)c(NC(=O)Nc2cnn(CC3CCCO3)c2C)c1,-5.321,4.883355506206772,7.870592417346993,4.875439262261401
CC(C)CN1c2c3cncoc-3c(C(F)(F)F)c2C(=O)OC2CCCC21,-4.323,13.122397532463342,7.037575576858837,7.629436479845677
CC(Nc1ccc(C(N)=O)cc1)C(=O)N1CCN(c2ccccn2)CC1,-5.767,4.77364116791365,8.595544601710818,2.9274306140368216
CCOCCCNCC(C)C1(c2ccccc2Cl)N=NC1C,-4.658,12.380485168199186,12.57255666123641,2.8848864795689972
Cc1ccnc(NC(=O)c2cccc(NC(=O)CC(C)c3ccccc3)c2)c1,-6.804,4.672100170159026,7.414415216320165,3.13892003721025
Cc1ccc(S(=O)(=O)Cc2ccccc2C)cc1F,-5.166,12.831629553568012,12.210808900314507,2.767702838095159
CC1CC1(C(=O)N1CCC(N)C1)c1ccco1,-4.509,12.711146643792604,12.552065208562293,3.075272670837498
COP(=O)(O)c1ccc(-c2ccc3nc(C(F)(F)F)ccc3c2)o1,-5.622,4.652978615897563,7.659899085497146,3.8015855902504683
CCOC(=O)C1CCN(c2ccc(C=Nn3c(-c4ccncc4)n[nH]c3=S)cc2)CC1,-5.714,12.614788226522077,7.442268337005862,8.100603249141388
CCc1ccc(NC(=O)C(C#N)=Cc2cc(Br)ccc2OC)cc1,-5.679,4.365198506368296,7.800773166808531,3.7325172471135364
O=C(O)c1ccccc1N1CCOC1=O,-4.568,12.83860607698515,11.787990244312217,2.956698327526838
O=C(COC(=O)c1cc(C(F)(F)F)nn1-c1nccnc1Cl)c1ccco1,-5.06,12.640574037598135,12.650136600052981,3.2354166655934757
CC(C)CN(CCC(N)=O)c1ccncc1C(F)(F)F,-4.082,7.597393434593209,7.978563467191321,3.12498911998106
CC(=O)C(CC(C)C)NC(=O)C(NC(=O)c1ccc(=O)[nH]n1)C(C)C,-5.095,6.956287299989843,7.415595795349149,2.8963858513671825
CCOc1cc(C=Nc2ccccc2SCc2cccc(Br)c2)cc(Cl)c1OCc1cccc(F)c1,-6.428,10.105766967430032,7.081095607319535,8.101788506249715
CCN(CCOC)C(=O)c1ccccc1S(=O)(=O)N1CCOCC1,-4.242,7.601173330479973,7.820236185691581,2.943278953820042
Cc1ccc(C(C)NC(=O)c2cccc(N)c2Cl)cc1C,-5.396,13.497173222567755,8.413422252567619,9.224363121646936
CCN(C(=O)c1cnn(-c2ccccc2C(F)(F)F)c1C)c1cccc(Cl)c1,-5.235,4.620819624265807,7.475651209092088,3.6208602569002855
Cc1cc(Br)c(N)c(C(=O)Nc2ccc(Cl)nc2)c1,-5.017,6.123203491637363,8.280490927475254,3.4896913903667746
C=C(C)C1CC(=O)C(C)=C(OC(=O)c2ccc(Cl)cc2)O1,-5.802,4.54874642071857,7.449783956599009,4.380888608490292
CCC=CCC=CCC=CCC=CCC=CCC=CCCCCCCCCCCCCCCC(=O)OCC(COC(=O)CCCCCCC)OC(=O)CCCCCCCCCCCCCC=CCC=CCC=CCC=CCC=CCC,,,,
Cc1oc(C(=O)OC(C)C(=O)c2cccc(F)c2)cc1[N+](=O)[O-],-5.452,3.3944809617966625,7.410279549382735,6.7040141706294145
CC(C)(CNc1cc(Br)ncn1)S(C)(=O)=O,-4.869,12.46634272752037,12.883490287961566,3.171784513487636
CC(=O)CCC(O)c1ccccc1C(F)(F)F,-4.886,12.369208745914188,12.25818183908201,2.892439973448023
COc1cccc(Nc2ncnc(NCCC#N)c2Cl)c1[N+](=O)[O-],-4.894,5.664700698183443,7.806887279831827,2.936316570126593
CC(Oc1cccc(C(=O)Nc2ccc(Cl)cn2)c1)C(N)=O,-5.751,4.29139720836932,7.584863215642058,3.1109929283108313
Cc1ccc(CNC(=O)CN(c2ccccc2C(F)(F)F)S(C)(=O)=O)cc1,-5.172,3.6986550258168176,8.701753501450153,10.269295058571451
Cc1ccc(S(=O)(=O)n2c(Nc3c(Cl)cccc3Cl)nc3ccccc32)cc1,-5.896,4.1190350811810275,8.219015269483322,5.507673646831301
Cc1ccccc1C=CC(=O)NCc1ccncc1F,-5.441,5.024274176435837,8.526604599721978,5.558326906543011
C#CCCC(N)C(=O)Nc1ccc(NC(=O)CC)cc1,-5.069,4.050950505745534,7.781733225959368,3.083210015551973
COC(=O)CNNC(C#N)C(C)C,-4.413,12.417964768833901,12.389923567157304,2.926181299919744
CCc1ccc(NC(=O)COC(=O)CC(NC(=O)C(C)C)c2ccccc2Cl)cc1,-5.394,3.806823610308206,7.111256288448616,7.251163837619448
CCN(CC)C(=O)c1cc(OC)ccc1-c1nc2ccccc2o1,-4.895,4.091029332576338,7.121544565612153,5.67989683004894
CCOc1cc(C(=O)Nc2ccc(OC)cc2)ccc1OC(F)F,-4.914,13.002550865118737,6.522521061675462,7.929602638215864
COc1ccc(OCCC(=O)Nc2ncccn2)cc1,-4.544,15.479157632119392,7.430213859640919,9.610539631050901
Cc1ccc2nc(N3CCC(C(=O)Nc4ncc(Cl)cc4Cl)CC3)sc2c1,-6.23,4.300507644453151,7.934536659440172,3.5070603074369857
CC(=O)C1NC(=O)NC1c1ccc(C)o1,-5.205,12.815491679994178,12.088356298521317,3.089404797044246
CCCn1c(N)c(C(=O)Cn2ccnc2C)c(=O)n(C)c1=O,-4.605,7.413945845499547,8.279699149123717,3.467508183119401
Cc1csc(NC(c2cc3ccccc3o2)C2CC2)n1,-4.933,12.846450482526292,13.25421763062611,3.354079009206552
Cc1ccc(NC(=S)NCCNS(=O)(=O)c2ccccc2)cc1,-5.563,4.558833403404866,8.07732437134971,3.663660055190711
O=C(C=Cc1ccco1)NC(CCO)C(=O)O,-4.987,7.760935639470282,7.576301208373383,3.019873010575114
COC(=O)CC(NC(=O)C1CCCN1)c1cc(C)ccc1OC,-4.868,12.833736556435932,12.499283419460493,2.733503795497639
CCOC(=O)c1ccccc1NC(=O)C(=O)Nc1ccc(Oc2ccccc2)cc1,-6.073,4.316440199979608,7.911494738669804,3.0410827019336386
CCOC(=O)C1=C(C)N=c2sc(=Cc3cc([N+](=O)[O-])ccc3N3CCCC3)c(=O)n2C1c1ccc(Cl)cc1,-5.456,12.085364951047197,7.191906075582466,6.076773732828958
CCN(CC(=O)N(Cc1cccc(Cl)c1)C(C)(C)C)C(C)=O,-4.749,12.701001614046037,12.215000859598824,2.844844811233119
COC(=O)C(CC(=O)O)NC(=O)OCC1c2ccccc2-c2ccccc21,-5.597,7.535983811022952,7.787219657875332,3.0256248941334416
Cc1ccccc1N1CCN(Cc2coc(-c3ccccc3)n2)CC1C,-5.854,4.490638484670081,7.855114193950333,3.4464719641975896
Cc1cc(C)nc(NN=Cc2c(C)n[nH]c2C)n1,-5.991,12.54472291443697,12.85447914152884,3.0182617514059316
Cc1ccc2occ(C(=O)NS(=O)(=O)c3ccccc3)c2c1,-5.795,11.053041617582013,8.910460650269435,12.412780953517226
CCn1nc(C)c(C(C)NC(=O)C2CCN(c3ccccc3C#N)CC2)c1C,-5.318,4.531079893358757,7.133646262606522,2.9191474782888243
CCC(=O)NC(=O)CN(c1ccc(C)cc1)S(=O)(=O)c1ccccc1,-5.422,3.3443338649124126,7.434220672000529,9.832096215965343
O=C(Nc1ccc2[nH]c(=O)oc2c1)c1sc2ccccc2c1Cl,-6.418,4.408187042311158,7.814737679538577,3.015401465808492
COc1ccc(Cl)cc1NC(=O)c1c(-c2ccccc2Cl)noc1C,-6.055,4.162680987056298,8.119485205356309,7.743226782162588
CN(Cc1ccco1)C1COCC1OC(=O)c1cccc(S(N)(=O)=O)c1,-5.348,4.786403451444519,7.884978947340315,3.015098837517603
COC(=O)c1cccc(Nc2cnnc(Nc3ccc(SC)cc3)n2)c1,-5.628,4.441150076275288,8.236369710011807,2.9874699998493717
Cc1[nH]n(C(C)C(=O)Nc2ccccc2C#N)c(=O)c1C#N,-5.495,12.885621832104185,8.442206938946711,8.55206723547003
CCOC(=O)CNC(=O)C(C)n1ccnc1C,-4.672,12.558756666167236,12.51587507927432,2.9082272951060757
CCc1cc(NCc2cn[nH]c2)ncn1,-5.18,12.61116350698856,12.858355182526262,3.0337728985538788
O=c1[nH]c(Cn2cc(Cl)cn2)nc2sc3c(c12)CCCC3,-5.157,11.515294351426714,8.484474114522362,12.418090231593585
COC(=O)C1CCc2[nH]c3c(c(=O)c21)C(=O)N(c1ccc(C)cc1)C3=O,-6.93,4.423451480461834,7.9510561562599955,3.0802210959604834
Cc1nnc(-c2[nH]ncc2F)n1CC(O)Cc1ccccc1,-5.347,4.321595191593031,7.366146550266292,4.508799064052423
Cc1c(Cl)cccc1NC(=O)CCNC(=O)c1ccccc1,-5.633,4.11958383820502,7.580531907458737,9.712694888649597
CCCCc1nnn(-c2ccc(S(=O)(=O)Nc3ccccc3C(F)(F)F)cc2)c1C,-5.481,4.153657785614986,7.815448995419264,3.570147475945496
O=C(Nc1ccc(Cl)cc1)c1c[nH]c2ccccc2c1=O,-5.582,4.636042924736568,8.298831905756376,3.637888398508124
CC1(C=Cc2ccc(N)cc2)C(=O)Nc2ccc(Cl)cc21,-4.983,12.703510380993121,7.039989417605682,8.872408748474115
CCOc1ccc(C=C2SC(=O)N(CCCCCC(=O)OCCCOc3ccccc3)C2=O)cc1,-4.241,4.559356423882651,8.319023800903564,9.925076977031463
CNC(c1ccnn1CCOC)C1CCCC(C)C1,-4.66,12.493757321158435,12.916007781044419,2.9780619536873303
CC(N)c1nnc(CSc2n[nH]c(-c3ccco3)n2)o1,-5.699,12.64331115649694,12.39965197092241,2.8235513099641034
CC(C)CC(=O)NC(C)c1nc(C(C)C)no1,-4.729,13.100868177338478,12.178002915092442,3.026485916041903
Cc1ccccc1N1CC2=NC(=O)CN2C1=O,-5.262,12.79135637842993,12.370908859093579,2.8150269980943343
CC(=O)NCc1ccccc1NC(=O)c1cc(-c2cccnc2)nn1-c1ccc(Cl)cc1,-5.948,4.439996509007637,7.043117065618034,5.365717472994641
CCOC(CC(=O)OC)C(=O)Nc1nc2ccccc2[nH]1,-5.114,4.351664164431809,7.614082938870577,3.5918744410126586
NC(=O)c1sc(NC(=O)Nc2ccc(Cl)cc2)cc1-c1ccccc1,-5.726,4.549000219828527,7.33425804018375,2.8048531155837733
Fc1c(Cl)c(Cl)nc(C(F)(F)F)c1Cl,-4.596,13.182450568843413,12.699347187946316,2.6284514452429972
C=CCCC(NC(=O)c1ccon1)c1nccn1C,-4.473,12.471808850363287,12.410263212357746,2.9233455149879224
CC(C)Oc1ccc(C(O)=C2C(=O)C(=O)N(c3ccccn3)C2c2cccnc2)cc1,-5.513,11.43700651394411,7.350899332734738,9.660914552980996
O=C(Nc1ccc(Cl)c(Cl)c1)C1CC1C(=O)NC1CCCCC1,-5.589,4.499247159247867,8.299309489349099,3.4802520023699444
Cc1ccccc1OCC(=O)N1CCNC(=O)C1C(F)(F)F,-5.689,12.66091852907995,12.178775513162233,2.7445265529777627
CC1(NC(=O)NC(=O)CN)CC1,-4.451,13.626832757467891,12.610349440043287,2.8549334493119103
CCc1nc(C(C)Nc2cc(C)nc(N)n2)no1,-5.245,12.444712732723081,12.81634745159478,2.916586189365917
Cc1ccccc1-n1ccnc1N1CCN(S(=O)(=O)c2c(C)n[nH]c2C)CC1,-5.376,12.932403218273084,7.264851409354495,8.086655674628418
Cc1ccc(NC2=C(Cl)C(=O)N(Cc3ccco3)C2=O)c(C)c1,-5.266,12.612703437407859,8.455783937637005,8.838511299987118
Cc1nc(C(C)NS(=O)(=O)C2(C)CC2)no1,-5.373,12.316262460665573,12.648107882209102,3.033767624588278
CC(C)N1C(=O)NC(CC(=O)Nc2cccc(O)c2)C1=O,-5.146,6.452570805500703,7.121495067750871,3.6192079243945074
O=C(CNc1ncnc2[nH]ncc12)NCc1ccco1,-6.002,12.639580451897919,12.673926226706545,2.894234959363182
CC(C)n1ncc(NC(=O)Cn2cnccc2=O)c1C(N)=O,-4.573,6.656922787594881,7.388170883243023,3.1837115133127254
COCCNc1nnc(SCC(=O)Nc2ccccc2C)s1,-4.768,6.728612709912794,7.350249383524344,2.9283968310322965
COc1ccc(CNC(=O)NNC(=O)c2ccc(F)cc2)cc1Cl,-5.718,4.707652493547076,7.6073154266140435,3.6654484036745076
Cc1nnc(CN2CC(N)CC2C)o1,-4.92,12.291224389783144,12.758230167229309,3.0974980225982387
CCCOc1ccc(CNC(=O)c2ccc([N+](=O)[O-])o2)cc1C,-5.379,10.71692185284562,7.384980636399801,10.067802441446693
CC1CC(C)N(C(=O)c2ccc(N)cc2F)C1,-4.328,8.009857302099705,8.199454494050197,3.0944262796195354
CC(Cc1ccccc1)Nc1ccc(S(N)(=O)=O)cc1Cl,-6.056,12.367156544654879,8.538916266131201,8.53508904464388
COC(=O)C(CCCCc1c[nH]c2ccccc12)NC(=O)c1ccco1,-5.721,13.641336114911912,8.11289399659579,5.13402142574415
CC1(NC(=O)Cc2cccc(O)c2)CCCC1,-4.865,12.334224580410396,10.278705122728251,8.802872599328017
CCC(C)C1NCCCC1(CC)CC,-4.196,12.657026191013435,11.690665892069623,9.127161990454645
COc1ccc(C#N)cc1S(=O)(=O)N(Cc1cccnc1)Cc1ccco1,-6.068,12.414765644183543,11.802313120740358,2.804712106438021
CC(C)NC(=O)CC(N)Cn1c(C2CC2)nc2ccccc21,-4.814,7.968587641483275,8.284692209128833,2.8946732112623694
CC1=C(C(=O)OCC(=O)Nc2c(C)cccc2C)C(C#N)(C(F)(F)F)ON1,-5.733,10.900986010448781,8.432910588877366,12.088925221044258
Cc1cccc(S(=O)(=O)c2cccc(CC(=O)N3CC4C(C3)C4(C)C)c2)c1,-6.509,4.89856234011572,7.282875874268351,3.5474241359048126
O=C(Nc1ccccc1C(=O)Nc1ccccn1)c1cccs1,-5.549,3.79412506383224,8.864762376961945,8.412711096905683
CC(C)(C)c1ccc(-c2nnc(SCC(=O)Nc3ccccc3C(N)=O)o2)cc1,-6.595,5.034361727170586,7.505343030135265,3.4908448834057357
O=C(C=Cc1ccc(O)cc1)c1cnc[nH]1,-5.013,12.337470607867724,12.351416517954528,3.105624091869459
CSc1cc2c(s1)CCCC2NCCc1nnc2n1CCCC2,-5.942,12.689336074042645,12.361721805638567,3.033955339157121
C=Cc1cc(N(CC)c2ccc(C)cc2)nc(-n2c(-c3ccccc3)nc3ccccc32)c1,-5.657,4.203528160961932,8.428177798314413,4.2618368105782745
Cc1cc(NCCn2ccnn2)nc(C)n1,-5.598,12.826157686540425,12.291278574664233,3.019014739944142
O=C(Nc1ccncc1)C1CC(=O)N(c2ccccc2)C1,-5.223,13.678428199175517,7.319782851970405,7.3224737623292295
Fc1ccc(NC(c2ccccc2)c2ccc(Cl)cc2Cl)cn1,-5.598,12.905507583973597,12.668080320237948,3.2291878235866065
CC(C)(C)c1nnc(C(=O)Nc2cccnc2N2CCCC2)s1,-5.029,13.077645392042102,8.496223631708384,8.75650329754977
O=C=NCc1ccc[nH]1,-3.797,12.74232353222912,12.497956392946808,3.0335617679552853
Fc1c(Br)ccc2c1CCCNC2,-3.123,13.669763494662226,13.130234004007697,2.9106664185371707
C=C(C)CCn1c(N)nc2oc(C)c(C(=O)OCC)c21,-4.145,8.133045555018121,7.853551171285509,3.1380167303569304
O=C(CN1CCN(Cc2ccco2)CC1)Nc1c(Cl)cccc1Cl,-5.189,4.556392213144079,7.331685345130408,3.159899998417672
CC(N)=C(C#N)C(=O)Nc1ccon1,-4.919,12.270004604726113,12.137472636426416,2.9874927614975064
CC(=O)NC(C)(C)CC(=O)Nc1[nH]ncc1C(=O)O,-4.917,7.443843765152517,8.412541470923038,2.9036449507472497
NC(CO)C1CC1,-3.594,7.987347369433734,7.7163724637941105,2.9671949716862223
Cc1ccc([N+](=O)[O-])cc1C(=O)NCCc1cccnc1,-5.564,12.26077216165442,12.228110974308338,3.1817763906346417
CCC1=Cc2c(N)nc(N)nc2N(Cc2cnc(C(C)(C)C)nc2C)C1,-5.288,8.028078350389963,11.875239829157136,3.6429298648203488
Cc1c(C(=O)N2Cc3cn[nH]c3C2)nnn1Cc1ccc(Cl)cc1Cl,-5.911,4.491640457561135,7.3556975196102234,3.0829977294834325
CCc1ccc(C(=O)N2CC(C)C(O)C2)s1,-4.245,10.844588143401298,9.43304876484798,12.741977436803127
NCc1cc(C(=O)N2CCCC2c2ccccn2)no1,-5.12,12.568078850802934,12.260283275683316,2.984860968286462
O=C(O)C1CNCC1C(F)(F)F,-4.537,15.83199551541119,13.625217943211036,2.893644242127909
COc1ccc(C=NNS(=O)(=O)c2cc(C)cc(Cl)c2Cl)c(OC)c1,-5.389,5.4202901213864925,7.558894694331969,3.0146739458853595
O=C(C1CC1c1ccncc1)N1CCc2ccccc21,-4.972,12.96111198933178,12.809108829266771,2.9671501478691633
COc1ccccc1Nc1nnc(NC(=O)c2ccc(F)c(Cl)c2)s1,-6.273,3.9111567342667306,7.449507567618144,3.3640719373996744
Nc1ncnc(NC2CCS(=O)(=O)C2)c1N,-4.721,16.66559236870985,11.96141505006828,3.025094709261183
CC1(C)CC1n1nnnc1C1CCNCC1,6.827,12.319328593718085,12.584065360605848,3.113286687730508
Cc1ccc(S(=O)(=O)N2CCc3ccccc3C2)c2c(C)nnc(N)c12,-6.362,12.546018731055682,12.969425083634201,2.9514426980715727
Cc1cc(C(C)N2CCC(C(=O)NCc3ccccc3Cl)C2)no1,-6.121,4.658451888771632,8.168496128419234,3.194388830433765
Cc1noc(C)c1C1=CCc2cccc3c2CC1N3,,,,
CC(CC(C)c1ccccc1)NC(=O)c1cccc(C#N)c1,-5.789,4.952702090778326,7.083431795394094,3.1301594208602217
Cc1ccc(Cl)c(C(=O)Nc2ncccc2C)n1,-5.717,12.61387371111666,13.060274652548468,2.994071141439362
c1csc(N2CCN(Cc3nc4ccc(C5CC5)cc4[nH]3)CC2)n1,-5.902,4.1670057595352565,8.21751270154175,3.4636404259102886
Cc1cccc(Nc2cc(=O)n3[nH]c(C)cc3n2)n1,-5.128,7.299126865591526,8.24168884392028,3.1505059911068245
CC(C)(C)OC(=O)N1CCC(C(=O)O)C1c1ccc(C(F)(F)F)cc1,-4.65,7.770308809822168,7.8978937065523995,2.9694177880520622
CCc1cccc(CC)c1NC(=O)Cn1ccnc1COc1cccc(Cl)c1,-4.703,4.639730272332648,8.391666521019527,7.331672796845207
C=C(NC(=O)c1ccco1)c1cccc(C)n1,-5.683,12.2303201511653,12.59281426052175,2.913289206378247
COc1cccc(CNc2cc(C(=O)Nc3ccc(C)cc3C)ccn2)c1,-5.845,4.375548079955242,8.193916645902616,3.66168117126546
Cc1cn(C2CC(O)C(COP(N)(=O)Oc3ccccc3)O2)c(=O)[nH]c1=O,-6.356,3.7759843749676723,8.24141868855114,3.7650138113956495
CCn1nc(C)c(C(NC(=O)c2ccc(Br)cc2)c2nc3ccccc3[nH]c2=O)c1C,-5.796,4.010351605532861,8.168055215288398,6.874228393063472
Cc1ccccc1-c1n[nH]c(=S)n1CCC(=O)Nc1ccn[nH]1,-5.589,12.402490193505496,12.468086741757935,2.9548505884392866
O=C(O)c1cc(Nc2ncccn2)n[nH]1,-5.003,12.222767648941053,12.583017960727863,2.9937227660556673
Cn1cccc1C=NC(=NCC1CCCC1)NC(=O)c1ccc(F)cc1,-6.207,4.426462809060977,7.765698551965559,4.9811945354503075
Cc1noc(C)c1CCC(=O)N1CC(C)C(c2ccc(Cl)cc2)C1,-5.43,13.41203918127292,8.078622531100212,9.059410190514612
CC(C)(C(=O)O)c1csc(CC2CC2)c1,-4.314,7.746204812680851,8.178274879215053,2.9934361526513302
CCCCC(CC)CNC(=O)c1ccc(Cl)c(OC)c1,-4.152,12.612092213427557,7.302336201517978,7.952268795758855
CCn1nccc1C1CCCn2nc(C(=O)O)cc21,-5.412,12.91481931735787,12.553893021688532,2.8580883471299487
Cc1noc(C)c1S(=O)(=O)NC(C)c1nnc(C(F)F)o1,-6.289,12.44930074341527,12.166141253495292,3.0171925692603705
Cc1cc(C)n(CC(=O)NCC(O)c2ccco2)c(=O)n1,-5.496,4.640458921270611,7.338364122881884,5.79538040166476
CCC(CC(=O)Nc1cccc(C)n1)c1ccccc1,-5.341,5.043342641542412,8.282530651920341,5.178805074532155
O=c1ccc(CNc2ncnc(Oc3ccccc3Cl)c2[N+](=O)[O-])c[nH]1,-5.795,4.869006161425553,7.377089195610963,3.0123361366222063
Cc1ccccc1NS(=O)(=O)c1n[nH]c(C)c1C#N,-5.668,12.246480065716842,12.118545209718864,3.053236479541013
CCn1ncc(Br)c1C(=O)CC(=O)N(Cc1ccccc1)C(C)C,-5.289,12.405393141694462,12.650540027998806,3.0901291235157156
CN(C(=O)c1ccc(Cl)c(C(F)(F)F)c1)c1ccccc1,-5.554,12.61438357590255,12.297437659935504,2.8958269975949875
CC(=O)Nc1ccccc1NC(=O)COC(=O)CCn1c(=O)oc2ccccc21,-6.089,4.457426163157388,7.397175474463209,3.0233034912161902
Cc1cnccc1C(=O)NC1CC2CCC1C2,-4.986,12.830812834734985,12.312166868589786,3.095998062014897
CCOC(=O)c1sc(NC(=O)C(C)C)c(C(=O)OCC)c1N,-4.612,6.397892231039844,7.396217276419074,2.8904093135748106
CCc1nc(NCc2ccn(C)n2)c2ncoc2n1,-4.855,6.932338782835124,8.532517682372536,3.2892524986689597
Cc1nnsc1C(=O)N(Cc1ccco1)c1ccc(Cl)c(Cl)c1,-4.8,7.5785562609246355,8.3596565120823,3.228972746865479
CCC(C)Nc1cc(-c2cnn3ccc(C)nc23)nc(C2CC2)n1,-5.077,4.476621605630745,8.273691135158478,3.5154974043511973
CNc1cc(C(F)(F)F)c(OC)c(Cl)n1,-4.646,13.700839317355706,12.768740384235246,3.1319696677969286
CC(N)c1cccc(Br)c1OCc1ncnn1C,-4.749,13.016390014132183,12.707494875072742,3.0991072908177926
CNCC(=NN=C(C)CC(=O)Nc1ccccc1Br)C1CC1,-5.222,12.895549426061692,12.233481720262633,2.9093569736283653
Cc1noc(CSc2nn(C3CC3)c(=O)n2-c2c(C)cccc2C)n1,-4.898,6.716470055021461,7.45998967827704,3.136216988666442
Cc1cc(C(=O)Nc2ccccc2-c2nc3ccccc3o2)on1,-6.082,3.7127737609501597,8.62879800435727,6.231673932419763
Cc1ccc(N2C(=O)NC(Cc3ccccc3)C2=O)c(C)c1,-5.846,4.65285138382906,7.086666423643772,3.6625044709870322
Cc1nc(CN2CCC(Nc3cc(F)ncn3)C2C)no1,-5.286,3.8118822122410863,8.313983642033463,2.906026496782162
Cc1cccc(Oc2ccc(Nc3ncc(C(=O)Nc4ccc(C)cc4C)cn3)cc2)c1,-6.256,3.5292045846054325,7.606924542809663,3.5661280122844725
Cc1cnc2c(C(=O)NCCc3nc(C4CC4)n[nH]3)cnn2c1C,-5.853,4.3645510651154025,7.898635894887167,3.68557010515334
CCCCC#Cc1cccc(CN(C)C(=NCc2nncn2CC)NCC)c1,-5.369,12.755198038446913,7.425201815439093,8.938508712307664
CC1CC2(CCN(C(=O)Nc3cccnc3)C2)C(F)(F)C1=O,-5.329,13.653516067299295,8.133407035185193,8.552686946217547
CCC(O)(C(=O)O)c1csnn1,-4.916,16.13782869533569,12.281497709970067,2.7345107423449635
Cc1nn(C)c(C)c1CC(Nc1ccc(F)cc1)C(=O)O,-4.577,7.3852620806576645,8.21809357454635,2.990136117303023
Cc1cc(C)c2nc(NC(=O)c3ccc(COc4ccccc4)o3)sc2c1,-6.574,4.860003086418772,8.060232564882975,3.531138909757022
Nc1nc(C(=O)NCc2cccs2)cs1,-5.023,13.050988851424249,11.811916863913325,3.0170019887298714
Fc1ccccc1-n1cncc1CNCc1ccsc1,-5.095,12.74193811788458,12.232589832083802,3.0573226849647384
COc1ccccc1CC(O)Cc1ccc(Cl)nc1,-4.541,13.055667581552465,8.446517921605327,8.987143539523556
Cc1ccc(C)c(N2C(=O)c3cc(Cl)c(Cl)cc3C2=O)c1,-5.974,12.573141612182694,12.567693861643829,3.1439287523733737
COc1cc(CCC(=O)SC(C)=O)ccc1Cc1cccc(Cl)c1,-4.934,4.159488670497852,8.209283890815323,9.671781945432807
Cc1ccc(C(=O)C2=C(O)C(=O)N(Cc3ccncc3)C2c2ccccn2)o1,-5.659,7.129168605103963,7.629317728342423,2.7640739859851795
COc1nc(N)nc(N(CC2CC2)C(C)C)n1,-5.518,15.054892693074901,11.568908548346297,3.021860850535643
Cc1ccc(S(=O)(=O)NC(C)c2ccc(Br)cc2)c(C)c1,-5.645,4.490324375810727,7.468760071122917,3.7561683934562895
CC1CCCC(CN)(CN2CC(C)OC(C)(C)C2)C1,-4.737,7.356468310269542,8.074544569200173,3.0313597608993885
O=C(c1ccc(OCc2cccnc2)cc1)C1CCCN1Cc1ccccc1,-5.05,14.223186316715394,7.271887650397248,7.454578257688358
Cc1cc(Nc2ccc(NC(=O)c3ccccc3N(C)C)cc2)ncn1,-5.545,5.353597762252969,8.574536139057319,3.260344306971274
Cc1ccc(C(=O)N2CCC(N3CCCCC3)CC2)cc1F,-5.426,13.244261587570671,6.751680531541758,6.061559287840052
CCC(c1nc(C(C)C)no1)N1C(=O)C2CCCCC2C1=O,-6.201,12.203924737558816,12.63397494852669,2.9385414749497754
CSc1ccc(C(C)(C)C(=O)O)cc1,-4.466,12.281438922211029,11.198651481316848,8.715370674847973
Cc1nc(C2CC(=O)N(c3ccccc3)C2)n[nH]1,-4.993,13.604606462518495,7.416560725835122,7.793864574137788
CC(=NNC(=O)Cc1ccc(Br)o1)c1cnn(C)c1C,-4.719,7.660405015402253,8.95353550280558,3.2482150482996044
COc1ccc(NC(=O)CSc2nccn2C(C)C)cc1C,-4.592,4.499379735030152,7.15962100952278,3.9475868578157964
O=C1N(Cc2ncccc2F)CCC12CCn1nccc1C2,-5.327,11.989267533923831,8.930488116558914,12.613507600980784
COc1cc(N)ccc1C(=O)NCC1CC1(C)C,-5.159,12.698682490715326,12.704876111162989,3.022308058421576
COc1ccccc1S(=O)(=O)CC(=O)c1ccccc1F,-5.548,12.581607727154745,12.419934218827409,2.9799296971573006
COc1ccc(CN2CCN(C(=O)c3ccc(COc4ccccc4Cl)o3)CC2)cc1Cl,-5.675,4.897861880453552,7.8591534531398475,5.164230823656124
O=C(c1cccc(N2C(=O)C3C4C=CC(C4)C3C2=O)c1)N1CCN(c2ccccc2)CC1,-6.315,4.661730687201911,8.452011062463182,3.640068543310689
Cn1ncc(NC(=O)c2nc(-n3ccc(C(F)(F)F)n3)c(Cl)[nH]2)c1C(=O)NC1CC1,-6.621,5.014715644979285,7.816565678096744,3.0711960210966676
CC(C)(C)c1nnc(N2CCN(C(=O)c3ccccc3Cl)CC2)o1,-5.243,4.526771476449855,7.910891858697096,3.2947274545855842
Cc1c(Cl)cccc1NC(=O)Cn1cnc2c(c(C)nn2C)c1=O,-5.649,12.815494137956602,8.469794625609289,8.93220263988676
O=C(NC(CBr)c1ccccc1)c1ccccn1,-5.255,12.77251423956928,12.15401271185776,3.1499133321410606
CCc1nnc(NS(=O)(=O)c2ccc(-c3nc(C)no3)o2)s1,-5.946,4.637588813165738,7.0815341558168035,3.0383918443808406
CCN(c1ccccc1)S(=O)(=O)c1ccc(NC(=O)C2CCC(N)C2)cc1,-5.532,5.452091800401016,8.453233819077761,2.98205164274531
O=C(Nc1nnc(-c2ccc(Cl)nc2)o1)c1cc(=O)c2ccccc2o1,-6.631,5.396056893695617,7.989455425747114,2.95018999388175
CCc1ccc(C2CC(c3ccco3)=NN2C(=O)COc2ccccc2Cl)cc1,-5.276,5.221835213792176,8.159215771138792,3.4216805812349005
COC(=O)C(O)C(=O)Cn1ncc([N+](=O)[O-])c1C,-4.94,12.85447649653614,12.060955020229535,2.8142825018110744
Cc1cc(F)c(F)cc1NC(=O)c1cc(Br)cnc1Cl,-5.449,13.375337528451384,7.2029150349008,7.776332876105549
Cc1cn2c(C(=O)NC(C)c3ccc(C)o3)cncc2n1,-5.238,6.9576649100111165,8.281855166567452,3.1553061658102206
CCOc1ccc(NC(=O)C=Cc2c(C)nn(Cc3ccc(C)cc3)c2C)cc1,-5.65,3.898271796578581,8.547508057907871,9.760484567889034
Cc1ccc(C2(C(N)=O)CCCC2)s1,-4.599,12.870187993964969,11.941807149673789,8.704448345530002
CC(C)C(=O)Nc1n[nH]c(C2CC2)n1,-4.95,12.58892151854161,12.46429320098015,2.9212274817275015
O=C(NC1CC1)c1ccc(CNc2cn3ccccc3n2)cc1,-5.561,11.91273054341447,7.1400065126020715,9.842962562155765
Cc1cccc(C)c1NC(=O)C(NC(=O)c1ccccc1)C(C)C,-5.493,4.065308106404728,8.992786053276259,9.015219021188559
COc1ccc(C)cc1N(CC(=O)NCCCSCc1ccco1)S(=O)(=O)c1ccc(C)cc1,-5.107,5.417064611023206,8.300012530111022,2.9526102011610003
COc1ccc(N2CCN(c3nc(C)ccc3C#N)CC2)cc1,-4.955,13.015876036594694,7.283889482961696,7.434850704620772
O=C1CCC(C(=O)NC2CCCC2n2ccnc2)N1,-4.733,10.766388577420006,9.156552899426726,12.468563710387816
O=C(NCC(O)c1ccc(C(F)(F)F)cc1)Nc1ccc(F)cc1,-5.842,4.502386034093478,7.226992528016062,3.6530145085942376
CCN(Cc1cc(OC)ccc1N)C1CCCCC1,-4.77,12.949537636533591,12.752710182545513,3.2670154575697983
CCc1ccc(C(C)NC(=O)CCC(=O)NC(N)=O)cc1,-6.397,12.879162201012923,12.611965984730533,2.8777096795889614
O=C1NC(C(=O)c2ncn[nH]2)=C(c2csc(Nc3ccn[nH]3)n2)C1=O,-5.41,7.41642838568539,8.156424706941149,3.202244525329072
O=C(NCCc1ccc(Cl)cc1)C1CCCN1S(=O)(=O)c1ccc(Cl)s1,-5.244,7.304421879929993,9.314805150941162,3.0670182588305526
CC1C=NC(=O)C=C1NC(=O)c1nc(C(C)N2CCCCC2C)no1,-5.628,5.2295454869424365,7.8432104396095355,3.6512314361048115
CCn1nc(-c2ccc(C)o2)cc1C(=O)O,-5.327,12.88018602350137,13.056354161863103,2.9008014409814398
Cc1[nH]ncc1S(=O)(=O)NCCC(=O)Nc1ccc(F)cc1,-5.509,4.3270907085477175,7.412418026528186,3.12949532672602
CSc1nc(N)c(C=CC(=O)N(C)C2CCCC2)c(N)n1,-4.543,12.584764042285416,12.893176412350837,2.8159627128213196
COCc1c(C(=O)N(C)Cc2ccco2)nnn1C(C)(C)C,-4.951,12.436271547373032,12.274868756935856,2.8001332111169277
O=C(CNC(=NCc1ccco1)NCC1CC1)N1CCc2ccccc21,-5.353,13.084045781026601,8.517964369495802,8.783171238225975
CCn1c(SCC(=O)N2c3ccccc3CC2C)nnc1-c1ccccc1,-5.542,5.036839981575749,7.989323938857405,9.845322696590499
Cc1nc(Cl)ccc1C(=O)NCC(C(=O)O)C(C)C,-4.815,10.647609450012713,9.150259122013978,12.980369370707445
O=C(NCC1(c2ccc(Cl)cc2)CC1)c1ccc(CNC(=O)c2ccco2)cc1,-6.003,13.530726994511419,7.635645683241202,7.918689664332097
CCN(C(=O)Cc1ccco1)C(C)C(=O)c1ccc(C)cc1OC,-5.115,12.71114841389243,12.453887184329236,2.9916819683916946
O=C(Nc1c[nH]c(O)c1)c1cc(-c2ccco2)n[nH]1,-5.501,12.452092916453845,12.111642993417533,2.816235252957395
O=C(COc1ccccc1Cl)NCc1ccccc1,-5.352,12.75307653078268,12.471368529556008,3.1228486995049884
CCCNC(=O)c1cnc(NC(C)Cc2ccco2)s1,-5.0,12.507450819411604,12.393016743311533,2.8411351604596353
COC(=O)c1ccc(=O)n(C2Cc3[nH]nc(N)c3C2)n1,-5.575,12.313601504027975,12.514386920660558,2.993949398369985
CC(=O)N(CC(=O)O)c1ccn(C)c(=O)c1O,-4.875,6.846218591310096,7.333895758735599,2.967119141524317
O=C(CSc1nc2c(s1)CCCC2)Nc1c(Cl)cccc1Cl,-5.56,12.779240235632164,12.576751130558321,3.1392314346030625
O=C(O)CC1CCN(C(=O)c2nc(Cl)ccc2Cl)C1,-5.483,12.679415365071057,11.603223560717945,2.92631782279369
CC1CN(S(=O)(=O)c2cccc(-n3cccn3)c2)CC1O,-5.106,4.804220956617211,7.86147575204554,4.61313862787582
COC(=O)CCCNC(=O)c1ccc(C)c(S(=O)(=O)C(F)(F)F)c1,-5.49,13.00363752955303,7.809576364950917,8.570175552460988
CCOP(=O)(OCCCN1CCN(Cc2cccnc2)CC1Cc1ccccc1)Oc1ccccc1,-5.732,4.208323656754552,8.125158767679558,3.131353221851537
Cc1nccnc1NC1CCC(CNC(=O)CC2CC2)C1,-4.644,4.706802417777912,7.60935174637104,9.581595587374787
N#Cc1ccccc1OCCSc1nnc(-c2ccco2)o1,-5.704,4.723992802704085,7.646977769027447,3.412254826357493
CC(C)CC(O)CNCc1cccnc1-n1cnnc1,-4.667,5.796933154694816,7.8503134332330955,2.688084820090318
Cn1c(C(F)(F)F)cnc1CNC(=O)c1ccco1,-4.896,13.173638677297934,8.387791604468962,8.973862100567402
CCCNC(C)c1cnnn1CC#CCO,-4.64,12.59446295004277,12.091238274056137,2.9824665966276975
CCc1ccc(NC(=O)c2sc(C)c(C(=O)NC(C)COC)c2C)cc1,-5.404,4.725995027504789,8.051967958207483,3.111826794665798
OC(Cc1cccc(F)c1F)c1cccc(Br)c1,-5.331,12.687361506633284,12.578921098409037,3.0572427119873877
COc1ccc(CNC(=O)C2C3C=CC(CC3)C2C(=O)O)cc1OC,-5.608,5.384868243513485,8.047680535408944,2.8620527598211734
Cc1cc(C)n(-c2ccc(C(=O)Nc3cccnc3Cl)cc2)n1,-5.738,5.4572831152506645,8.394921619646011,3.1483438503441774
COc1cccc(C2N(C(=O)NCC(F)(F)F)C(=O)c3ncnn32)c1,-5.346,12.92592948301978,7.004779082883342,7.30334313859071
CC1CCCN1C(N)=NCCN1CCc2ccccc2C1,-5.245,13.231304773150683,8.430634258464782,8.799977840881192
CCC(C)N1C(=O)C2=COC(c3ccccc3)C2C1=O,-5.031,11.33596471412998,7.288240459809212,10.11341421083899
Cc1nnc(NC2CCCC2O)c(=O)n1C,-4.776,12.431315216017973,12.348244652581192,2.8781622608880126
CCCCN(CCC(=O)Nc1cccc(C#N)c1)C1CC1,-4.296,10.666883237384761,9.008926573127345,13.137266610676667
CC(=O)c1ccc(OCC(=O)Nc2nnc(-c3ccco3)o2)cc1,-6.225,12.508256593146784,12.114878579663934,3.0624424892559206
NC(=O)Cc1nc(NC(=O)c2nc3ccc(-c4ccccc4)cc3s2)n[nH]1,-6.606,4.320102892293191,8.125796514803948,2.8200540774956777
Cc1cccc(N(C)C(=O)C2(C)CC2C(F)F)c1,-4.714,12.011871211430798,12.750831502298192,2.951674270647085
CCOc1ccccc1NC(=O)COC(=O)C(C)NC(=O)Nc1ccccc1,-4.877,5.081245615004257,7.236676585284158,5.812060305950034
CCc1ncnc(NCC(F)(F)F)c1N,-4.983,12.34736121606556,12.105564505631284,3.0639050246376764
CC(C(=O)O)N(C(=O)OCc1ccccc1)C1CCSC1,-5.228,12.93629460085074,12.050698154049,2.7642599371260292
CCOC(=O)CN(CC1CC1)C(=O)c1cccc(Br)c1,-4.604,12.31054324552739,12.724755164638728,3.106590735838888
Cc1nccnc1C(NC(=O)N1CC(O)CC1C(=O)O)C(C)C,-4.626,4.696121271858297,8.032736084299048,3.068139990287275
Cc1ccnc(-c2n[nH]c3ccccc23)c1,-5.99,12.82295422279905,12.764018411143098,2.948405670866884
C=CC(=CCc1ccc(Cl)cc1)c1cccc(C=C)c1,-5.192,12.994642896209193,7.0416978776428625,7.8422464893676995
CCCCOc1ccccc1C(=O)Nc1ccc(-c2nnc(C)o2)cc1,-5.74,4.637003989646764,8.264422605360885,2.9464056068369127
CC1(C)C=C(c2ccc[n+]([O-])c2)N=N1,-4.93,12.48711035428133,12.736557227131671,2.996390328378464
CC(C)Cc1nc(C(=O)N2CC(C(=O)NCc3cc4ccccc4[nH]3)C2)n[nH]1,-5.806,4.320907427844294,7.1230623330138,3.5478637234256896
Cc1ccc(C=C2SC(=O)N(CC(=O)Nc3ccc(Cl)cc3)C2=O)o1,-5.977,4.532809393742472,7.7473312179098155,3.1072400937166087
O=C(OCc1ccccc1)C1CCCC1O,-4.933,12.912767944945037,12.577164783845364,3.0028847796743716
Nc1ncccc1C#Cc1nc(N)c2ccccc2n1,-5.549,13.05374953796801,12.5080021586183,3.101688894779746
O=C(O)CCC(=O)Nc1ncnc2scc(-c3ccc(Cl)cc3)c12,-4.911,6.572773082953647,7.252810627611891,3.2441371734253157
CC[S+]([O-])CCNC(=O)c1ccc(Br)c(F)c1,-4.574,4.498387377716596,8.160416288400977,4.869985934271267
Cc1cccc(C(=O)Nc2ccccc2C(=O)N2CCC(C(=O)O)C2)c1,-6.096,12.263027521782702,12.380260174972092,3.0851387326990665
CCC(C(=O)N(Cc1ncc[nH]1)C1CC1)n1cccn1,-4.525,12.863555068487093,12.193267773652803,2.899249213158469
CCOC(=O)Cc1noc(Cn2cc(C)c(=O)n2C)c1C,-4.822,4.370171735755931,7.4267525204492975,4.255181664747112
Nc1nccn1-c1ncc(Br)cc1Cl,-4.144,6.684111683686919,8.391854681773273,3.001362690512429
CC(C)CC(NC(=O)c1n[nH]c(C(C)C)n1)c1ccco1,-5.144,7.123211775596736,7.62081688534766,2.976611496315903
Cc1ccc(CN(C(=O)c2ccccc2)C2CCN(C3CCCCC3)C2)o1,-5.86,3.4410587033644164,7.513016504707013,5.3804359488799784
O=[N+]([O-])CC1(c2ccc(Cl)c(Cl)c2)N=NN=N1,-5.585,12.481634107760089,12.687889422595076,2.8886292597008705
COCCn1c(N2CCC(C(=O)Nc3ccc(C)cn3)C2)nc2c1c(=O)n(C)c(=O)n2C,-5.618,3.8996289567085727,7.983647787822306,3.8747042467780686
Fc1ccc(F)c(Nc2nc(Cl)nc3ccccc23)c1Cl,-5.076,14.39514532750538,8.536422494230237,8.637157750093488
CCc1noc(CC)c1CNC(=NCC(=O)N(C)C)NCCc1cccc(Cl)c1,-5.513,4.437202497069521,7.98165527945175,3.722276319673219
CCOC(=O)c1ccc(Nc2nncc(Nc3ccc([N+](=O)[O-])cc3)n2)cc1,-5.917,4.528882091642484,8.225435003694333,3.0104755438302435
CCCn1nc(C)cc1CNc1c(C)nn(C)c1C,-4.889,13.03050670542017,12.698157858524203,2.8969856748006197
COc1ccc(C(=O)NCc2ccco2)cc1S(=O)(=O)N1CCCC(C)C1,-5.353,10.465112421756395,8.596104408393373,12.87152520100085
CCOc1cc(C=NNC(=O)COC(=O)c2cccnc2)ccc1O,-5.267,4.942253433404644,7.65583973186482,3.1135447644124206
CCCc1nc(Cl)c(N)n1Cc1ccc(C(=O)OC)cc1,-4.28,4.536819701068139,7.981394677623705,2.8910555165890535
CC(=O)Nc1nn2c(COc3ccccc3Cl)nnc2cc1C,-5.964,11.836197277842237,7.037836457321242,8.306310131460297
Cc1cccc(N2CN=NN2C)c1,-4.411,13.028951876494133,11.860413230575062,9.90062048560594
Cc1nc(C2CC2)c(C(=O)N2CCCCC2)o1,-4.367,7.542784300243512,8.349100310811938,3.504455735203401
CCN1C2CCCC1N(c1ccc(OCCCNS(=O)(=O)c3cncs3)cc1)C2,-5.05,4.115866858876754,7.992382248116014,2.97331885273006
CC(=O)c1ccc(Nc2nc3c(C)cccn3n2)cc1,-5.669,12.602432979389338,8.425913718998077,9.047694789281964
O=C1CC(Nc2cc(C(F)(F)F)ccn2)C(=O)N1Cc1ccco1,-5.223,7.994431624574695,8.248987028720556,3.176260694590419
N#Cc1cccc(COc2ccccc2C(=O)Oc2cccnc2)c1,-5.574,12.736107804191985,7.390057780558958,6.095536973885073
CCOCCCN1C(=O)C(=O)C(=C(O)c2ccccc2Cl)C1c1ccc(OCc2ccccc2)cc1,-5.466,12.158062880245357,7.535262371012704,6.472328329125462
Nc1c(Cl)cc(Cl)cc1CN1C(=O)NC2(CCCC2)C1=O,-5.211,7.757632177410837,8.312811979107911,3.3041237870273563
Cc1cc(NC(=O)c2cc(Cn3ccnc3)n[nH]2)ccc1F,-5.392,6.841012644338554,8.254033317112308,3.271715299349868
CC(C)OC1CCCC(Nc2ccccn2)C1,-4.956,12.529021270634033,12.652628027409959,3.222637894644696
CCCN(C(=O)Nc1ccnn1C)C1CCCCC1,-4.18,7.911999999999999,8.23524462296051,2.792332000318014
CCC(C)NC(c1ccccc1)C(c1ccccc1)n1cncn1,-4.654,13.317249941335486,7.040035866385909,7.625351991875522
CNCc1sc(C)nc1COc1ccc(C)cc1C(C)(C)C,-4.722,4.407257764188521,8.304395522854145,6.517878565913913
COc1ccc(OC)c(C(C)N(C(N)=O)c2cccc(C)c2)c1,-4.56,8.086503694428144,11.002682445658424,5.905262229571181
Cc1noc(C)c1C(C)OCC(=O)Nc1cccc(F)c1,-4.926,11.309184630202125,8.565152479670166,11.709929333689422
COCCn1nc(C(=O)N(C)Cc2ccccn2)c2ccccc2c1=O,-5.304,4.358326398974726,7.3208897000296345,4.8508122000341345
O=c1ccn(C2OC(CO)C(CO)C2O)c(=O)[nH]1,-5.55,12.839965147927778,13.155304633492909,2.8292294003844938
CN(C)C(C)(C)CNc1nc(Cl)nc(Cl)n1,-4.808,13.029094404447303,13.005203996862178,3.2724830022476823
CC(=O)C(NC(=O)C(N)Cc1c[nH]c2ccc(F)cc12)C(C)C,-4.834,7.293533848553798,7.5870986549536825,3.048722519351343
COc1ccc(CNC(=O)c2c(C)cccc2OC)cc1,-5.289,13.988277127652283,8.244326655343055,8.747864082163144
CC(NC(=O)c1ccc(N)cc1Cl)c1ccccc1F,-4.779,12.779344975388996,7.154101271298862,9.13529884568644
CCCc1[nH]nc(C(=O)NC(C)c2ccncn2)c1CCC,-5.04,12.613450519187841,12.739654704896832,3.009406253731789
CC(C)COc1ccc(C2=C(Nc3ccccn3)C(=O)N(Cc3ccco3)C2=O)cc1,-5.166,12.832921140566555,7.562847215169694,8.08998751544154
Cc1c([N+](=O)[O-])c(C(=O)OCC(=O)c2ccc[nH]2)n2c1N(c1ccccc1)CC2,-6.434,4.483145993607614,8.30856527927656,3.6139286102522834
CN1C=C(F)C1,-2.617,12.146171125091232,11.343838944554882,8.684564755933367
CC(C)NC(=O)c1nnc(CN(C)Cc2ccccc2F)o1,-5.556,4.552996156378787,7.823940311633263,3.2462589237459176
CC(C)C(C)(O)CNC(=O)c1cnccn1,-4.844,12.39345456279241,12.396544841204745,2.913686496519487
CCCCSCC(=O)Nc1cccc(OCCC(C)C)n1,-4.067,12.109610315778125,12.545417569774232,2.8656815943157397
N#Cc1ccccc1S(=O)(=O)NCC(O)c1ccccc1,-6.054,12.71709939412286,12.805918748766135,3.029182893124811
O=C(NC(c1ccccc1)c1cccs1)c1cccs1,-4.985,12.772995694041395,12.827394942076118,3.341493827616625
COCOc1ccccc1C(CN)C1CC1,-4.315,12.817477637975422,12.432362044277829,2.9810759802460587
Cc1ccc(C(C)NC(=O)c2ccc(COc3ccc4c(c3)CC(C)O4)o2)cc1C,-6.265,4.616062499576885,7.3430174996386866,7.925597390733395
CC(C)c1nccn1C1CCC2(CCN(C(C)C)C2)C1O,-4.883,3.6949644111953233,8.426763791634366,6.621752034016375
CCCCN(CC)CC(=O)Nc1c(Cl)cccc1C(C)(F)F,-4.338,12.819264448477533,12.010547406342477,3.004813471748288
CCOC(=O)CNC(=O)CSc1nnc(Cc2ccco2)n1-c1ccc(Cl)cc1,-5.205,4.666853115323,8.187939545453421,3.1707893339040987
CNC(Cc1ccc(Cl)cc1)c1ccccc1C(F)(F)F,-5.221,13.650928942749648,7.969245572825573,8.19299786402999
CCOC(=O)c1cc(NC(=O)C(N)CC(C)C)ccn1,-4.781,4.348849388056569,8.167116627060004,3.6441137468525873
CC(C)(C)OC(=O)Nc1ccc(N2CCCCC2)nc1,-4.737,12.793868922261163,12.260585671165957,2.851437181492869
CN1CC(=O)Nc2ccccc2S1(=O)=O,-4.458,14.446044752803449,12.419962842134431,3.0347092117697203
N#CCCn1ncc(C#N)n1,-4.312,12.882189992388717,12.720969263385554,3.1397609781637836
Cc1ccc(NC(=S)Nc2ccc(Oc3ncccn3)cc2)cc1,-5.932,12.31958043116729,7.287626293931379,8.906229168396688
O=C(O)c1ccnc(NC(=O)c2ccon2)c1,-5.19,4.973910735025308,7.843480477441122,2.9802612301608735
N#Cc1ccc(N2CC(Cl)(Cl)C2=O)cc1,-4.44,12.634390962765083,12.150446000044607,2.747111027971021
Cc1cc(NC(=O)c2cnc(Nc3ncc[nH]3)cn2)no1,-5.314,5.264840643362342,8.449348554770362,3.117079883480691
CCOc1ccc(N2C(=O)CC(NS(=O)(=O)c3ccc(C(F)(F)F)cc3)C2=O)cc1,-6.146,6.365270222072272,7.083108004259146,3.1301281123941234
N#CC(=C(O)c1ccc(F)c(Cl)c1)c1nc2ccccc2[nH]1,-5.132,4.484991638788192,7.668956513111805,8.254642451372439
Cc1cn(N=Cc2ccccc2OCC#N)c(C)n1,-5.27,12.64854762413456,11.845420887414681,3.083323207190579
COc1cc(Br)cc(C(=O)NCc2cnn(C)c2)c1,-5.523,13.304852836465345,12.826173474579235,3.016937685799957
NC(CC(F)(F)F)c1ccc(Cl)c(Cl)c1Cl,-4.491,7.21116044752854,8.34882949879802,3.2141757885965117
Cc1cc(-c2nc(Cn3c(C)c(C)ncc3=O)no2)n[nH]1,-5.648,4.252006937905911,7.193244469639551,3.6163531354114187
Cc1cc(-n2nnnc2C(Nc2ncccc2N)C2CC2)c(C)o1,-4.869,11.140488544045095,8.788606032813167,12.83668154158231
CCc1ncnn1CC(CN)CC(C)C,-4.355,12.464632124535406,12.87686083639953,3.1047578005377487
Cc1ccc2c(c1)-c1[nH]ncc1C(N)CN2Cc1ccc(F)c(F)c1,-5.198,12.692776607188831,13.098418606839529,2.7353891862036748
CC1CCC(=O)COCC(C(C)OC2OCC(O)C(O)C2O)C2CCC1C2CCC1(C)C2CCCC21,,,,
O=c1ccc(Cl)n[nH]1,-4.001,16.70318685161607,12.368299883169069,2.8449845342286135
CC1CN(c2nccc(C(F)(F)F)n2)CC(C)S1,-5.318,12.198177281872894,12.129913561109987,3.2261619612164543
CN(Cc1ccncc1)C(=O)c1cc(C2CC2)on1,-4.642,5.447237923939067,8.036038700753002,3.22967877659683
COc1ccc(C(C)NC(C)c2ccc(F)cc2)cc1F,-5.302,12.7923409507408,7.902894975893327,8.385111627163946
CCOC(=O)Cn1ccccc1=NC(=O)c1cccc(-c2cn[nH]c2)c1,-5.733,12.509019705796295,12.942289364714421,2.9426950232737337
CC(C)=CC(=O)CC1CC(=O)N(C)C1,-4.418,12.842950790219513,12.850082684558881,2.9311079816342485
COc1c(Br)cc(NC(=O)c2ccc(Cl)cc2[N+](=O)[O-])cc1OC(F)F,-5.247,10.304866617283311,6.999120158991414,10.56238708815389
N#Cc1ccccc1N1CCN(C(=O)c2ccc(Cn3cccn3)o2)CC1,-5.467,3.8801052820767636,8.245264398428954,3.263694072672866
O=C(COC(=O)C=Cc1cccs1)Nc1ccc(-c2ccc3ccc(F)cc3n2)cc1,-6.417,10.480108300967123,7.237177972110399,9.842299375654045
COC1C(O)C(O)C(OC(C)=O)OC1C(O)C(O)C(=O)O,-4.876,5.3946108293369965,7.784424770013516,3.036809839288591
Cc1ncc(NC(=O)c2cc(Cl)cc(C#CCN)c2)cn1,-5.769,12.587725608703106,7.290040123346373,8.051326226156782
Cc1noc(C)c1CCN(C)S(=O)(=O)c1ccc(F)cc1,-4.977,11.286995260032672,8.912290895162702,12.793725688789799
Cc1cccc2c1C(N)C(C)(C)CO2,-4.82,13.519519407138702,12.925190327418779,3.0407198160961824
COC(=O)CCN1C(=O)CC(NC(=O)Nc2ccccc2)C1=O,-5.204,4.459083874519518,7.682072506817414,3.019662398348531
O=c1nc(Cc2ccc(Cl)cc2)[nH]c2c1CCCC2,-5.506,13.235736700312529,8.444814858834977,8.834384528647142
COc1ccc(N2CCC(Cc3ccccc3)C2)c(C(=O)NC2CCC2)n1,-5.461,10.648986947123186,7.358069176081453,9.153108160619537
CCOc1ccc(N2C(=O)C(NC(=O)c3ccc(C(F)(F)F)cc3)C2=O)cc1,-6.071,4.538351462811139,8.454466393569733,3.0051104804981805
Cc1cnc(COc2ccc(C(C)NS(=O)(=O)c3cccnc3)cc2)n1C,-5.496,11.286947284363475,7.2517875037813955,10.18674953064028
FC(F)(F)c1noc(-c2ccco2)n1,-4.922,12.599652614258856,12.625006059404486,3.096866480815729
Cc1cnn(CCC(=O)Nc2sc(C(=O)OCC3CC3)cc2C)c1,-5.548,3.984165910200025,7.341232662162398,2.8997687838860524
CC(=O)c1nccc(CNc2nc(C)nc3c2CCCC3)n1,-6.193,12.665019581508748,12.456474862496211,3.0420327085684007
O=C(O)C1CC(=O)N(c2ccc(C(F)(F)F)cc2)C1=O,-5.558,5.296552935636535,7.949785154329643,3.056008180617323
COc1cc(NC(=O)c2ccc(C(=O)O)s2)ccc1OCCn1ccnc1C,-5.3,5.39319654750316,8.345303529530845,3.062952333941877
CC(NC(=O)c1nccnc1C(=O)O)c1c(Cl)cccc1Cl,-4.78,7.915382176496599,10.886702393286958,7.0579750637133865
O=C(NCC1(c2ccc(C(F)(F)F)cc2)CC1)c1cc(-c2cn[nH]n2)on1,-6.53,6.658623431310709,8.143995947936123,3.1061751399430135
CC(C)(C)c1ccc(Oc2cc(C(F)(F)F)cc(Cl)n2)cc1,-5.743,13.17395494906522,8.07349825044881,9.015659876015732
CCOC(=O)c1nc(NC(C)c2nc(C)c(C)s2)c2ccccc2n1,-5.25,4.889561739051874,7.9351557640666375,5.618112672419449
O=C(CCn1c(=O)c(=O)[nH]c2ccccc21)NS(=O)(=O)c1c(Cl)cccc1[N+](=O)[O-],-5.746,5.054747669270939,7.0748339203121935,3.2415837178761864
O=C(CSc1nnc(CCN2C(=O)c3ccccc3C2=O)o1)Nc1cccc(Cl)c1,-6.305,4.724761475460957,8.019153633644887,4.4069537097636955
CCOc1ccc(NC(=S)NC(=O)c2ccc(Cl)c(Cl)c2)cc1,-5.672,12.94535009182834,7.5098467361191865,8.669968512053547
CCC(Oc1ccccc1C)C(=O)Nc1c(C)nn(C)c1C,-5.385,3.836299519067821,8.677600878122938,8.71734598372693
CCCc1nc(Nc2cc(C(=O)O)ccn2)nc(=O)[nH]1,-5.26,12.075511252116824,8.4564114138327,8.40034820706856
CC(C(=O)NCCOc1ccc(F)cc1)N(c1cc(Cl)ccc1Cl)S(C)(=O)=O,-5.589,4.651506100178737,7.519091833459675,2.9138821184117933
CS(=O)(=O)N(c1ccc(N2CCOCC2)cc1)c1ccc(Cl)c(F)c1,-5.434,12.66638579074552,6.520711387571144,7.973737580332075
Cc1c(Cl)cnc(C2(C)C(=O)NCN2C)c1Br,-4.215,7.5090618588476135,8.45076884076236,3.2211851856110347
COc1ncnc(NC(=O)C2CC(=O)N(c3cccc(Cl)c3)C2)c1C,-5.611,5.0767084808958645,8.072905858487388,3.0037684664434443
CCC(C)OC(=O)C1=C(C)NC2=C(C(=O)CC(C)C2)C1c1c(Cl)ccc(Cl)c1Cl,-4.654,3.8183755708416105,7.829860152007824,9.569420933368958
Cc1nc(-n2ncc(C(=O)Nc3cccc(NC(=O)c4ccc(F)cc4)c3)c2C)nc(C)c1CC(N)=O,-6.56,3.9486895294515114,8.369717856654429,3.1533260218378953
COc1ccccc1NC(=O)N1C=CC=CC2=C(C2)NC(=O)CC1C,-3.844,11.502471560495161,8.591713100424153,12.369360007696436
CCCCOc1ccc(C=NNC(=O)c2cccc(Cl)c2)c(O)c1,-4.937,3.4434712137609047,7.482495439357113,9.930725904988014
CC(Cc1nc(-c2ccccn2)no1)NC(=O)c1ccco1,-5.532,6.663390878524236,7.344562206149526,3.2203220335860814
O=C(O)C1CCCC1S(=O)(=O)c1ccc(Cl)c(Cl)c1,-5.131,7.899173944153907,7.790199676516642,2.976422013088869
CCOC(=O)C1C2CC(CC1(C#N)CC)c1ccccc12,-4.606,3.7585249766364455,8.030680730797357,10.084895934019348
OC1C(O)C(N2C=CN3CN=CN=C32)C1O,-5.105,13.018103164439895,12.557164568484401,2.857515879220971
CCOC(=O)C(C)(C)CNCC1(C(C)C)CC1,-3.781,13.631808023882966,12.45465860632077,2.9424333467387154
C=Cc1cccc(NC(=O)Cc2ccc(Cl)cc2)c1,-5.048,13.145103651169892,8.383853827447137,9.147529939825285
Cc1cccc(C(=O)NCCn2cnc3c2c(=O)[nH]c(=O)n3C)c1,-6.437,4.5163376755951266,7.952888406107556,3.031692926402673
CCNC(=NCc1cnoc1)NCC1(CC)CC1,-5.057,13.412030718724141,12.133575276891804,2.8447388280824657
N#Cc1cccc(S(=O)(=O)NC2CCCC2C2CC2)c1,-5.274,12.413305160190014,11.229825466141493,8.550137835146284
CCC1CC(C)(C)N(Cc2cc(C)nn2C)C1=O,-4.116,7.495792553159404,8.226169582497068,3.2125840066837164
Cc1csc(C(=O)Nc2ccc(C(N)=NO)cc2C)c1,-5.308,12.673493835560896,12.629169608489706,2.8700641107821965
CNS(=O)(=O)c1ccccc1NCC(=O)Nc1ccc(Cl)cc1Cl,-5.19,4.663809065560038,7.251114328156741,3.099491732526479
COC(=O)C1(N)CCC1OC(=O)c1ccccc1,-4.77,4.019279910630758,7.7281737169916145,8.69886279923991
O=C(Nc1nnc(Cc2ccc(Cl)cc2)o1)c1coc(N2CCOCC2)n1,-6.815,4.3877944345650475,7.882966002717505,2.949519452385423
CCC(C)C(NC(=O)c1ccc(C(F)(F)F)cc1)C(=O)NCc1nc(C)no1,-5.778,5.395014921202721,7.3391543109543615,3.028175358198398
CC(C)CCOC(C)C(=O)NCCOc1ccc(Cl)cc1,-5.392,12.71732719560207,12.200873821165434,2.75601814217541
CC(=O)Nc1ccc(Nc2cc(NCCc3ccccc3C(C)C)ncn2)cc1,-5.568,3.8244117194674523,7.931338222519575,3.6387971913806894
CC1=CC(c2ccccc2)C(C(=O)N(C)CCc2ccccn2)=C(N)O1,-6.096,12.810527467672829,12.770670890755897,2.7972232660265073
O=C(O)c1cc(-c2ccc(F)cc2)cc(F)c1F,-5.686,12.200491342564856,12.190090770785917,2.9864376772335297
COC(=O)c1cc2c(cc1C(C)(C)c1ccccc1)OC(F)(F)O2,-5.48,11.920921147293946,10.008045863204265,8.727341233159157
Cc1cc(Cl)cc(OC(C)C(=O)Nc2ccc3[nH]ncc3n2)c1,-6.15,3.9100245523525805,8.3140753544817,9.25593490685841
CCN(Cc1cscn1)CC1(N)CCC1,-4.207,14.475007633849456,12.17355305570235,2.8321668383059637
O=S(=O)(c1ccccc1)c1c(C(F)F)n[nH]c1-c1ccco1,-6.071,12.680507481958283,12.10482936682711,2.8933767469861236
CCOc1ccc(S(=O)(=O)N(C)C(C)C(=O)N(C)c2ccc(F)cc2)cc1C,-5.642,4.387718883429065,7.474636780473014,2.928739660673172
CCC(C)CC(C)NC(=O)c1ccnc(C(F)(F)F)c1F,-4.783,12.511487761253655,12.214401499868913,2.8406937532933743
O=C(NCC(=O)N1CCCc2ccccc21)c1cccnc1Cl,-5.479,10.971873404300652,9.255405879808837,13.263240667348231
Cn1c(SCc2ccccc2Cl)nnc1-c1ccco1,-5.407,12.641880160798868,12.510995563902979,3.1928277435527272
FC(F)(F)c1ccc(Nc2ccc(Cl)nc2)cc1,-4.969,13.036272856917348,10.311086703155977,8.745021326446265
CCn1nccc1C(=O)Nc1nnc(-c2csc(C)n2)s1,-5.272,12.427074394240988,12.244341305272409,2.924303164858254
CC1Cc2ccccc2N1Cc1ccc(Cl)s1,-5.278,12.625685129924634,12.834990494737422,3.325146613308953
O=CN1CCN(c2cnnc(NCCN3CCOCC3)n2)CC1,-5.028,6.972952100796332,8.76559735557138,3.0315271728948785
CCOC(=O)c1sc(NCc2c(F)cccc2Br)nc1N,-4.602,4.615525972194285,7.606370882359076,3.606675200236362
CN(C(=O)CNc1ccc(S(=O)(=O)N(C)c2ccccc2)cc1)C1CC1,-5.338,4.664220192057832,8.450352418686453,3.0218855041182477
Cc1ccc(Br)c(C(=O)N(CCC(=O)O)C2CC2)c1,-5.111,12.891344266599974,12.677799651359063,2.895189976495498
Cc1cn(C)nc1C(=O)OC(C)C(=O)NCc1ccc(F)cc1,-5.607,4.689391964850027,7.435396828683725,4.329602984108358
O=[N+]([O-])CC(c1ccc(O)cc1)N1CCOCC1,-5.001,12.75668181777691,12.47442635955658,2.995842118670475
CCOC(=O)CSc1nnnn1CC(=O)NCc1c(C)noc1C,-4.855,12.630590682941158,12.221903697869658,2.9845366474546764
Nc1ccccc1N1C(=O)c2ccccc2C1=O,-5.743,12.583491765007041,12.374407379749545,2.895627911179197
O=C(Cc1ccccc1Cl)C1CCCC1,-4.961,12.793281244465785,12.313728151944884,2.9106834249021314
CCOC(=O)c1cnn(CCNC(=O)Cc2c[nH]c3ncccc23)c1,-4.898,6.428186447202663,7.160371149598321,3.3065088840043964
Cc1cc(C(=O)NCc2ccccc2)ccc1Br,-5.443,13.611898618488164,8.515473328007081,9.261404537109907
CCc1cc(C)c(C(=O)CC(C)c2ccco2)s1,-4.547,12.955132149075132,7.157370816158681,8.092515863438265
Cc1ccccc1CN(C)c1cc(N(C)C)ncn1,-4.671,13.587146352343455,8.554683103423528,8.896353129232226
COc1cc2[nH]c(CC(=O)O)c(C(C)=O)c2cc1Cl,-5.45,6.551501659924998,8.176778460983273,3.0184085210587384
CC1NS(=O)(=O)N(CC(=O)NC2CCCC(C)C2C)C1=O,-5.484,10.078573807836108,8.321894315599062,2.9459492527876305
CCCCCCC=CC=CC=CCCCCCCCC(=O)OCC(COC(=O)CCCCCCCCCCCCC)OC(=O)CCCC=CCCCCCC,,,,
CC(C(=O)NCc1noc(-c2cccc(C(F)(F)F)c2)n1)n1cncn1,-5.867,4.586945170808127,7.32365462047467,3.2862507512361256
Cc1ccc(NC(=S)NN=Cc2ccccc2O)cc1Cl,-5.345,3.4283407065226164,7.908015300946248,3.6763135067619035
O=C(c1cccc2[nH]cnc12)N1CCN(c2ccc(C(F)(F)F)cn2)CC1,-5.614,13.294226416004806,7.1537627162214426,5.9395355037241755
Cc1cccc(CC(=O)N2CCN(c3cc(Nc4ncccc4C)nc(C)n3)CC2)c1,-6.79,13.20793477421811,7.242597945488898,8.475400521509293
COC1CCCCC1NCc1nc2ccccc2[nH]1,-5.324,8.71249338593723,8.242117871032905,3.1058813563946703
COc1ccc(Cl)cc1Nc1ncnc(Nc2ccn(C)n2)c1[N+](=O)[O-],-5.875,4.482477997715103,8.351697851335379,3.2569938593740075
FC(F)(F)Oc1ccc(-c2cccc(-n3ccnc3)c2)nn1,-5.645,3.7025356176544744,7.662696392262974,3.755882985397708
CC(C(=O)Nc1ccccc1)C(=O)NC1CCCCC1C,-5.022,13.52192282924289,8.41973099332752,9.04270053689715
CC(c1ccc(F)cc1)N(C)C(=O)Cn1nnc(-c2ccco2)n1,-6.302,12.336131889697029,12.332669581238282,3.0664275631424918
COC(=O)c1ccc(C2CCN(S(=O)(=O)c3cnc(C)[nH]3)C2)o1,-5.633,5.472007127188341,8.183350047504993,2.918453528840232
CC(N)C(=O)Nc1ccccc1Cn1cccnc1=O,-5.151,13.694083284396951,12.044803402297607,3.020921382624844
COc1cccc(N2CC(C(=O)Nc3ccc(S(=O)(=O)c4ccccc4)cc3)CC2=O)c1,-6.172,5.553303431292045,8.770662688759613,2.953326429638281
CCCCCS(=O)(=O)Cc1nc(CC2CC2)no1,-5.145,12.421218982048421,12.162051183908083,2.888323735317771
NC(=O)c1nnn(-c2cccc(C(F)(F)F)c2)c1-c1cccnc1,-5.357,12.4784148833095,7.035146124992714,9.333851562993704
O=C(O)C=Cc1ccccc1-n1cnnn1,-5.445,13.018129243481955,11.955538005460065,2.8412796412884105
Cc1cc(Cn2nc([N+](=O)[O-])cc2C)no1,-5.716,12.825093683868356,11.989569341723664,2.80815971767989
CC(CNC(=O)C(=O)NCc1ccc(Br)cc1)N1CCCC1,-5.15,6.751131016355703,8.116296507644359,2.8581843887335197
COc1ccc(OC)c(NC(=O)C(C)Sc2cc(C)ncn2)c1,-5.269,4.549311266554531,8.228287428134726,3.0002439900781406
Nc1nnc(NC(=O)C(NCc2ccco2)c2ccccc2)c(=O)[nH]1,-5.791,3.63548538712508,8.099414361544913,7.838504768130207
CCOC(=O)Cc1csc(NN=Cc2cc(Cl)cc(Cl)c2OC(C)C)n1,-5.232,4.12146818500398,7.5926779202070716,3.005284013200749
Cc1ccc(-c2noc(N)n2)c(C(=O)O)n1,-5.047,7.314369487522489,7.33889548910461,2.9868409733362102
CN(Cc1ccc(Cl)c(Cl)c1)C(=O)c1ccc(-n2ccnc2)cc1,-5.236,4.751455776917217,8.694606201548174,9.141873385690703
Cc1nn(-c2ccccc2)c(C)c1CNC(=O)C(C)Oc1cccnn1,-5.689,12.696717882980625,8.366293384767236,8.985578055973917
CC(C)(C)OC(=O)NCCN(c1ccc(Cl)cn1)C1CC1,-5.529,12.595953318427313,12.774667745190087,3.135537752922136
O=C1CC(c2ccco2)N=C(NC(=O)Cn2ccccc2=O)N1,-5.852,5.208203817056318,7.838235707096335,3.2628269951071567
COc1ccc(CN)cc1CN1CCC(C)C1,-5.564,12.543758089185236,12.518300323925768,2.9069203635462735
COc1ccccc1CN(CC1CNC1)C1CC1,-4.556,12.459275460475219,12.528303995353879,2.9238185648223793
Cc1ccc(S(=O)(=O)CC(=O)NCC2CCCCO2)cc1,-5.487,4.345617217381208,7.323688551542863,4.428762806924751
Cc1nc(-c2ccc(-c3nccn3C)cc2)sc1CO,-4.799,11.63630448209396,7.369250843878229,9.510671322256911
CSCCC(NS(=O)(=O)c1c(C)c(C)cc(C)c1C)C(=O)O,-4.24,7.747403306915163,7.559096109985638,3.0231882177595226
Cc1noc(-c2ccccc2N2C(=O)c3ccccc3C2=O)n1,-5.51,6.2244881717294644,7.58848693745993,3.5340091963660765
Cc1cc(S(N)(=O)=O)cc(NC(=O)Cc2nn(-c3ccccc3)nc2C)c1C,-6.406,4.603884555459661,8.20723351684354,2.845426857257097
CCc1ncc(C(=O)N2CCC(c3nc(C(N)=O)co3)CC2)cn1,-5.524,12.619252988984728,12.157194988976693,2.701014809289279
CCN1CCC2(CCc3c(-c4cccnc4)nc(N)n3C2)C1,-4.816,14.243042687572062,7.548677102645205,7.914724000241575
O=C(NCC(F)(F)F)c1nnn2c1COC(c1ccco1)C2,-5.355,13.17811610208379,12.611702264167198,3.08051602820047
Cc1ccc(C(C)Nc2ccc(C(=O)Nc3ccccn3)cn2)o1,-5.489,4.5044020690875275,8.248334134842016,3.101970986324663
CC(C)(C)OC(=O)c1nc(-c2nn[nH]n2)no1,-5.391,12.162580688324333,12.82029925547762,2.9523365323079274
CC(O)c1nsc(-c2ccc(F)cc2F)n1,-5.136,12.232390036292989,12.542988240447329,3.008107378402573
CCC(C)NC(=O)C(Cc1ccccc1)NC(=O)c1ccc(Cl)c(Cl)c1,-5.28,13.337352998252689,7.243042316595975,7.408501197948205
CCCCN1CCC(Cc2c(-c3ccco3)n[nH]c2C)C1=O,11.67,12.073013418364116,12.546241708176996,2.8323368443742702
CCOC(=O)CN1C(=O)SC(=Cc2ccc(OC)c(OC)c2)C1=O,-4.53,4.841541283517056,8.26476914378133,2.8869515063471387
Cc1ccc2c(c1)S(=O)(=O)N(Cc1ncccn1)C2C,-5.489,11.492318913082773,8.65368303094122,11.711920167077643
CCc1nn(C)cc1NCc1cnc[nH]1,-5.234,12.643597984751018,12.869159490813688,3.0146485698999808
Cc1nn(-c2ccc(F)cc2)c(C)c1NC(=O)C1CC1c1ccco1,-6.004,12.779748432578788,7.433051055925824,6.599171235844694
COc1ccc(-c2nc(-c3cnoc3C)no2)cc1,-5.136,4.416582502342733,7.85490439152508,4.640954750910636
O=C1CC(n2ccc3ccccc32)C(=O)N1,-5.781,13.666968829992992,12.29033539005344,3.0310217749135355
CC(C)(C)OC(=O)N1C(=O)NC2C1CC=CN2c1ccn(C2CCCC2)c(=O)n1,-5.861,4.380610231463191,8.191179890589632,3.094952019014189
CCCOc1ccccc1N1CCCC(N2CCN(Cc3cc(C)no3)CC2)C1,-5.634,4.434776882775503,8.436667944158996,2.892633056576656
Cc1ccc(NC(=O)CSc2nnnn2C)cc1C(F)(F)F,-5.976,3.720703831266337,7.236586142650413,3.0994910872593255
CC(NC1CCN(c2ccc(F)cc2)C1=O)c1cccc2c1CCC2,-6.068,12.125183627475502,12.378261994318912,2.930617852945006
CC1CCCN(C(=O)C(C)N(C)S(=O)(=O)c2ccc(C(F)(F)F)cc2)C1,-4.612,7.056356921244842,8.127589679603663,3.0193022372727114
Cc1cc(C(=O)NNC(=O)c2ccccc2Cl)nc(C)n1,-5.433,10.407218552524013,8.474320385730056,11.285410227368786
CCN(Cc1nc(-c2cc(Cl)ccc2OC)no1)C(C)=O,-5.925,13.1558453168164,12.021623891970668,3.097586318409868
CCNC(C#N)CN(C(C)C)C(C)C,-3.784,13.145750492079179,12.85674881142196,3.0186965730261797
CC(CN1C(=O)NCC1(C)C)C(=O)O,-4.606,13.874457899319887,12.432247262663335,2.9867241251913446
Cc1nccnc1C(=O)NC1CCCC1CO,-4.392,7.726415339599599,8.255913638114196,3.176696711995024
CCN(CC)C(=O)c1cc(Cl)ccc1NC(=O)c1cc(C)nn1CC,-4.917,3.4575115328802597,7.501361209807191,8.16535492186347
Cc1cc(C(=O)Nc2cccc(C(F)(F)F)c2)n(C(C)C)n1,-5.14,11.245736125305449,7.167415852313858,8.520840686223396
Cc1nc(-c2ccc(CNC(=O)N3CCN(c4ccc(Cl)cc4)CC3)c(C)c2)no1,-6.85,4.994192827674959,8.659105842984019,3.0476057815931505
CCCCc1nnc(C(=O)Nc2nnc(-c3ccc(C)o3)o2)s1,-5.758,5.070784357473704,7.065623044006805,2.9236733743699896
Cc1cc(C(N)=O)cc(C)c1Cn1nnc(-c2ccco2)n1,-5.932,4.75704319929933,8.463788808801883,3.2203808780950123
N#Cc1cccc(OCC(=O)OCc2nc3ccccc3c(=O)[nH]2)c1,-6.097,12.78673222524035,11.775814748882558,2.9316353797837826
CC(=NNc1ncccn1)c1ccc(OCc2c(C)noc2C)cc1,-6.806,12.405993430596359,12.23727526862087,2.9480749651255476
Cc1ccccc1C(=O)C1NCCCS1,-4.685,12.955294284577251,12.448662739427075,2.9230896325634634
CC(C)Cc1noc(Cn2cc(C(=O)N3c4ncccc4NC(=O)C3C)nn2)n1,-6.027,4.273051134727971,7.707490966585689,2.909669568868604
Cc1ccccc1NC(=O)C(C#N)=Cc1c(COc2ccc(C(C)(C)C)cc2)oc2ccccc12,-7.157,4.362718533208393,8.156969106230573,3.5413987349633476
CSCCNC(=O)NC1(C(=O)O)CCC1,-4.539,12.707544452017471,12.55861859441555,2.9616243853669215
COC(=C1C(=O)C(=O)N(c2nc(C)no2)C1c1ccccc1Cl)c1ccc(OCCC(C)C)cc1,-6.14,4.763606616839809,7.934723561662372,3.0528278693696445
CC(C)(C)OC(=O)N1C=C(N)C1=Cc1ccccc1,-5.067,13.599384434598502,12.83605320961237,2.9288982570243025
Cc1ccsc1C1CCCN1C(=O)NCc1cnnn1C,-4.611,5.34002968156545,7.65209324302834,2.96335097482563
COc1ccc(C(=O)CNC(=O)C(C)(C)C)cc1,-4.748,12.745557108263256,12.623315174707475,3.0944985054124685
Cc1ccc(NC(=O)c2n[nH]c(C)n2)nc1,-5.092,12.948918835176935,12.301144580891648,2.898456313281261
N#Cc1cccnc1N1CC(NC(=O)c2cccc(F)c2)C1,-5.596,4.3760735825623405,7.746318674054147,8.041234979777672
Cc1ccc2nc(CC(O)c3cccc(F)c3F)[nH]c2c1,-5.634,12.682802923644285,12.8363675157733,3.0491562767427975
O=C1C2CNCC2CN1c1ccon1,-5.289,13.074796900908252,12.220589265661456,2.9739712507016605
Nc1ccc(NC(=O)C2CCC(O)C2c2ccc(F)cc2)cn1,-5.352,12.401553652667879,6.892223588944282,8.473016818111482
CCC(COc1cccc(C)c1C)NC(=O)c1ccco1,-5.18,12.531947733692478,12.36891369522805,3.0010713087162726
CC(C)(C)OC(=O)C(CCc1ccccc1)Cc1ccccc1,-4.154,4.275459858307641,8.299479200528186,9.475107703873345
CCCn1ccnc1C(c1c(Cl)cccc1Cl)N(C)Cc1cnn(C)c1,-4.134,3.646452796897281,7.644953629682785,8.809951702478283
CC(CCc1ccccc1)NC(=O)COC(C)c1cnc(-c2ccco2)o1,-5.905,4.9697563320549225,7.0924967395128204,2.9095095806681925
O=C1NC(=O)C(=Cc2cc(Br)ccc2OCc2ccccc2)S1,-5.915,4.351051137368993,8.335855924858585,3.304371952429084
CCCCCCCCCCCC=CCCCCCCCCOCC(COC(=O)CCCCCCCCCCCCCC)OC(C)=O,,,,
COC(=O)c1cc(C)nc(NCc2ccno2)c1,-4.822,6.851292505797719,7.4174678293876,3.043668510202779
CCOc1ccccc1S(=O)(=O)N1CCCC1C(=O)Nc1nccnc1C,-5.74,4.32508462344958,7.403850417181589,3.6794817569869807
O=C(Cc1cccc(F)c1)NNC(=O)c1ccon1,-6.63,12.054886187766353,11.735066851109114,2.810885091923894
CC(Cc1ccc(Cl)cc1)C(=O)NCc1ccn[nH]1,-5.111,4.626884697072102,7.260259017418043,2.9650392914765904
COc1ccccc1CN1C(=O)NC(C)(c2ccccc2C)C1=O,-5.526,4.294734799728616,7.474669424128401,8.246190089974885
CCCC(N)Cc1nc(C2CC2)n(-c2ccccc2F)n1,-4.795,4.131141367709413,7.895490485080709,8.47727350036555
CCc1ccc(C(=O)Nc2ccc(NN=C(C#N)C(N)=O)nc2)cc1,-6.377,4.344715065455962,8.201405367374544,3.0898836547676023
CC(N)c1ccc(F)cc1Cl,-4.546,12.581362247388,11.623373219509043,8.97378615746999
Cn1cc(CNC(=O)Cc2cccc(C(F)(F)F)c2)cn1,-5.181,13.668361459955616,8.013641993500833,8.89989095438815
Cc1ccc(NC(=O)C(C)Sc2ccc(NC(=O)c3ccco3)cc2)cc1Cl,-5.726,5.191310913439879,8.089373955999314,3.1813402835911804
CC(C)(CCCNC(=O)NCc1ccnnc1)CC(=O)O,-4.742,12.680458430198808,12.932965321224671,2.8933656872231
CCC(C(=O)Nc1ncc(CC(=O)O)s1)N1CCc2oncc2C1,-5.968,4.347232107904983,7.212778174878249,3.0644981644634735
Cc1cc(Cn2ncnc2-c2ccco2)no1,-5.183,12.709289397916786,12.483052631467995,2.997663423401634
Cc1nonc1NC(=O)c1ccc(N)c(OC(C)C)c1F,-5.293,5.931753282124941,8.248149913768541,2.9777365565140244
CC(C)c1ccc2[nH]c(C(C)(C)C)cc2c1,-4.925,13.134921507188384,7.389978619725499,8.631702265486224
CCN(CC)S(=O)(=O)c1cccc(C(=O)N(C)CCc2ccc(F)cc2)c1,-5.482,4.85428851635335,7.154764915774661,2.975178818155306
Cc1nc(C(F)(F)F)c(-c2nc3cc(-c4ccc(F)cc4)ccc3o2)o1,-6.234,4.596251298612816,7.900993988100484,3.7459572875301186
COC(=O)c1sc(NC(=O)COc2ccc(Cl)cc2F)nc1C,-5.609,3.0987857299271275,7.427077487141224,2.877568070437257
N#Cc1ccc(Cl)cc1C(=O)Nc1ncc(Cc2ccc(Cl)cc2Cl)s1,-5.795,13.441133657545407,7.192206198378909,4.655714123526057
CNc1cnc(C(=O)Nc2c(C)cccc2C)cn1,-5.046,12.675808218807983,12.322847154777177,2.9462359036574104
Cc1cc(NC(=O)C2(c3ccc(Cl)cc3)CC2)cnn1,-5.176,13.357131465999727,8.114028838992379,8.762367260050219
CS(=O)(=O)N1CCN(C(=O)c2cc(S)c(Cl)c(Cl)c2)Cc2ccccc21,-3.883,3.7383270322431668,8.14911553482953,8.924500378172437
CCCN(CCCC(C)=O)Cc1cccc(Br)c1,-4.111,12.191046099494498,12.862795535963402,3.165916612925868
CC(CCNC(=O)c1cc(F)c(F)cc1Cl)CCC(=O)O,-5.177,12.273271813171906,11.94798497655567,3.014579406816148
Cc1c(-c2cn[nH]n2)sc(Cl)c1Cl,-4.493,12.975007244699327,12.72615923992781,3.0636060451696463
CC1=C(C(=O)Nc2ccc(Cl)cn2)Nn2c(n[nH]c2=O)SC1,-4.528,4.323476725969505,7.998589750699806,4.62882987373699
CC(C)CC(NC(=O)c1ccco1)C(=O)OCC(=O)NCC(=O)N(C)C,-4.976,13.70212093071726,12.850117742651234,2.865733239504333
COc1ccccc1C1NC(=O)NC(C)=C1C(=O)OCC(C)C,-4.506,12.293459439881032,11.285203321163515,8.826574137229008
Cc1ncccc1C(=O)Nc1c(C#N)cnn1C,-5.35,13.082992967971817,12.018675342981854,3.1409358478007787
CN(Cc1ccccc1)C(=O)COc1ccc(Cl)cc1[N+](=O)[O-],-5.328,4.861533297222183,7.099719078949532,3.730306957878936
Cc1nnc(NC(=O)CCl)o1,-4.238,12.340889271037156,12.636536392540481,3.142401311099523
COc1cc(Nc2ncc(C(C)=O)c(Nc3ccc4cn[nH]c4c3)n2)cc(Cl)c1OC,-6.08,11.92863537878495,7.034500550856471,7.967980421662693
CCC(C(=O)Nc1cc(C)cc(C)c1)N1CCc2c(C(F)(F)F)n[nH]c2C1,-5.852,4.981205275834353,8.448461043290663,3.021736090395718
Cc1nnc(NC(=O)C(C)OCCNC(=O)c2ccccc2)s1,-5.569,12.325145800354656,12.655675920313383,2.8978657663873943
COc1c(Br)cc(Cl)cc1NC(=O)C(C)Oc1ccc(C#N)cc1,-5.418,4.261038723128435,7.438794593211993,3.983434322290252
COC(=O)C(C)(c1cccc([N+](=O)[O-])c1)C(C)C(C)=O,-5.162,12.192878741298134,12.127165579804707,2.841821247017482
CCCn1nc(C(=O)c2ccnn2C)c([N+](=O)[O-])c1CC,-4.695,7.513852141212254,8.232352154761116,3.273900120651208
NC(=O)C1CCc2cc(C(F)(F)F)ccc21,-5.63,12.537823136414072,12.604998095993508,3.004145968490879
CC1OC(C)C(C(=O)OC2CCCCCC2=O)C1C,-3.922,13.082713518227019,12.760872501518067,2.849416431482067
Cc1nnc(NC(=O)C2CCCN(C(=O)c3ccc(OCCn4cccn4)cc3)C2)s1,-5.753,3.451679880869603,7.778722067280717,4.1980569314862795
CC(NCCN1CCCCC1)C(=O)Nc1ccc(C(F)(F)F)cc1Cl,-5.201,9.534884215343153,8.312085237772768,12.506423829376645
Cc1cc(Nc2nc(-c3ccco3)c3n[nH]nc3n2)on1,-5.967,12.5559894870934,12.463792119575807,2.982896075963761
CCCCOC(=O)N1CCC(NC(=O)c2ccccc2OC(F)(F)F)C1S(C)(=O)=O,-4.981,4.3682186300596255,7.3930674283412285,3.66442546656362
O=C(NC1=NC(c2ccccn2)c2ccccc2N1)C1CCCCC1,-6.417,4.085831371948675,8.164590926678445,4.873232294894221
CCCn1c(SC(C)C(=O)Nc2ccnn2C)nc2ccccc2c1=O,-4.895,13.432664478799431,7.818408022097594,7.645546219858983
NC1CCN(C(=O)C2(C3CC3)CC2)C1,-4.174,15.280713792228426,12.469316180127922,2.8759840055188066
CCOc1cc(Oc2cc(C)c(Cl)c(C)c2)ccc1C(=O)O,-5.511,12.437175161587136,8.639734313044587,8.8584254244194
CCOC(=O)C(O)c1ccc(F)c(OC)c1,-4.734,12.681844857906125,12.466393664568756,2.8897927261310628
CC1CN(C(C)C(O)C2CCN(Cc3ccc(Cl)cc3)C2)CCO1,-5.223,5.71535108282947,7.118862900772847,3.5887749999129226
CC(=O)OC1OC(c2cc(C)oc2C)C(C)C(OC(C)=O)C1OC(C)=O,-4.904,6.034605372350374,7.997004751780505,2.9940135270235504
COCC(C)NC1(c2ncnn2C)CCCC1,-5.074,13.985967038428198,12.183896256945067,2.921310322440942
CCOc1ccc(OCc2ccccc2[N+](=O)[O-])c2cc(C=C(C#N)C(=O)NC3CCCC3)ccc12,-6.339,10.711904312492713,7.245606530857165,7.17132721328486
Cc1nnnn1-c1ccc(C(=O)NC(C)c2ccn(C)n2)cc1,-5.665,4.9470165756746765,8.280861126718644,3.0764342996397627
Cc1nn(C)c2nccc(C(=O)N3CC(C)C(c4ccccc4)C3)c12,-5.33,7.585019314411797,8.395620167682672,3.4265786143031955
CC1CC(OC(=O)Cn2cnc3sc4c(c3c2=O)CCCC4)CC(C)O1,-5.96,4.459380562365136,7.423073622159489,3.2405695487059085
CCOc1cc(N(C(C)C)C2CCC2)ncn1,-4.651,12.504574203066651,12.590836985681293,3.1701408486059415
Cc1cc(Oc2cc(C#CCN)ccn2)ccc1Cl,-5.69,13.265277833502019,12.883516639489391,2.9549532991233542
CC(COCc1nocc1C(=O)O)C(=O)O,-5.18,12.386057080443315,12.196827374362563,2.9098264553062267
CCOC(=O)c1ccc(C(=O)N(Cc2ccco2)c2ccc(OC)c(Cl)c2)cc1,-5.104,12.284370354234685,7.191863458103192,10.022755309793808
COc1ccc2nc(C(=O)N(C)Cc3ncc(C(C)(C)C)[nH]3)[nH]c2c1,-5.754,4.011626104212604,7.184720662628435,3.0458394573581837
Cc1ccc(Nc2cc(N3CCCCC3)ncn2)c(C)c1,-5.758,12.89780159562086,12.31368807465903,3.09364978625571
Cc1nc(NCc2cnn(CC3CCCCO3)c2)n(C)n1,-4.977,4.944074837621291,8.65140607069163,3.2136953807105
Cc1cc(C#N)ccc1Oc1c(F)cccc1Cl,-5.279,12.56257151223427,12.657493195731925,3.0967973779374067
Cc1nn(C)c(C)c1CNC(=O)C(N)C(C)(C)C,-4.357,11.86506957417444,12.656431922149308,2.920912699825176
Cc1noc(C=Cc2cccc(F)c2[N+](=O)[O-])n1,-5.375,13.040713784145407,12.108096506057423,8.629745071553389
O=C1CCSC(=O)N1,-3.864,16.159835797433093,11.723222935694775,3.0806973236590443
O=C(COCCc1ccc(F)cc1)c1ncon1,-5.655,13.022844927280675,12.095429053985644,2.9345611256199797
Cc1nc(NC(=O)C(Oc2ccccc2)c2ccccc2)nc(C)c1Cl,-5.754,3.575701889140088,8.502966835169945,8.42509050396493
Cc1nnc(SCCC(=O)Nc2cc(C(F)(F)F)ccc2Cl)o1,-6.008,12.941739102609047,12.666423054674906,2.98778094913265
CC(=O)Nc1cc(C#N)cc(S(=O)(=O)Nc2c(C)nn(C)c2C)c1,-5.645,6.195645729058432,7.336278484354311,3.003600173125578
Cc1cc(CN2C(=O)c3ccccc3C2=O)n(Cc2ccco2)n1,-6.023,12.358067405545254,12.494100928037998,3.090491384877169
Cc1nc2ccccn2c1C(=O)N1CCN(c2ccc(C(N)=O)cn2)CC1,-5.636,12.029565079419955,7.3920298971256875,7.990439412197555
Cc1nc(N)cc(C(=O)N(C)Cc2ccccc2Cl)n1,-4.946,12.742125921525027,12.471212691635085,3.1288830275355455
CCCS(=O)(=O)c1cc2sc(C(N)=O)c(C)n2n1,-4.467,4.47142717708787,8.252596258148099,10.045557226953616
CCCN1C(=S)NC(c2ccccn2)C1c1cc(C)n(C(C)C)c1,-4.638,12.744456206523681,7.480810718097337,8.440689426818166
Clc1ccc(Cn2c(CN3CCOCC3)nc3ccccc32)cc1,-5.854,12.663570862912247,12.324442299755392,3.078637685730492
CCN(CC(C)NC(=O)c1ccco1)c1ncc(Br)cn1,-4.978,5.23532568232388,7.9607428045377775,3.1298329028879484
Oc1ccc(N=Nc2ccc(Cl)cn2)c(O)c1,-4.802,5.460335337687604,7.772912066915461,3.0905243891611667
Cc1nccnc1NC(=O)C1CC(C)NC(C(F)(F)F)C1,-5.188,3.5852271894539682,7.185094988933689,4.165297228289958
CCc1ccc(NC(=O)CN(Cc2nc3ccccc3s2)C(C)C)cc1,-5.273,4.499226822466278,8.075811600080824,5.057826015196648
CC(CN1CCOCC1)NC(=O)CSC(C)(C)C,-3.821,4.551691553697372,7.3715334903939755,4.859788164107568
CC(=O)Nc1ccnc(C(=O)Nc2ccc(-c3nnco3)cc2)c1,-6.03,3.368204566234063,7.584392526761783,3.1772080511039897
CCCC(=O)Nc1onc(C)c1-c1sc(C)nc1C,-4.533,3.999216173201943,8.089953584539284,8.415435995835272
COc1ccc(C(C)NC(=O)c2ccccc2Cl)cc1C,-5.374,4.830729344519313,7.725346982498586,9.90224626031892
COc1ccc(Nc2nc(Cl)nc(NCCC(C)O)n2)cc1,-5.431,12.580549630282455,12.497148514761276,2.8620134520997627
CC(C(=O)Nc1ccccc1)C(Cc1ccccc1)C(=O)O,-5.509,8.076179666154042,10.911608909780444,5.132514393550203
CCOc1cc(C(=O)C2C(=O)c3cccnc3NC2c2c(F)cccc2Cl)ncn1,-5.44,3.9105550756893837,7.625461363091416,7.520057247122524
CN(Cc1noc(Cc2cccc(F)c2)n1)C1(C(=O)O)CCCC1,-5.978,5.033234149133141,7.196946157920038,3.6447772222729875
Cc1ccccc1NC(C)c1ccc(CSc2ccccc2Cl)o1,-5.334,13.167123110231786,8.434060113610764,8.663604677038306
CCC(CC(=O)Nc1ccc(F)nc1)[N+](C)(C)C,-4.184,4.298756331777831,7.25391246156169,5.178924695339758
CCCOc1ccc(C=NNC(=O)Cc2cccs2)cc1OCC,-4.668,11.518522908776108,7.115984963446732,9.408468738322938
Cc1cccc(C(N)C2OC(C)(C)C2(C)C)n1,-5.073,12.8477275811717,12.321444477008367,3.21624921298086
CC(Nc1cc(Cl)ccc1[N+](=O)[O-])C(=O)OC(C)C(C)C,-4.554,7.542597629464267,7.9349005034719875,3.0062649583827437
CCC(NCc1ccccc1)c1ccc(Cl)cc1,-4.563,12.96518669360376,12.817493124632446,3.333629553504708
c1c[nH]c(COC2Cc3nccn3C2)n1,-5.153,12.828071912801237,12.703920851453695,3.0444245761719895
Cc1cccc(C(=O)Nc2cc(N3CC(C)c4ccccc43)ncn2)c1,-6.656,10.43973127048776,7.5665995665159915,10.077278055109922
CC(=O)c1ccc(Nc2ncnc3[nH]ncc23)cc1,-5.38,12.648428598051224,8.358402299482838,8.768843538346434
Cc1cccnc1C(c1ccco1)N1CCN(C(=O)CCN2CC(=O)NC2=O)CC1,-5.879,4.283387094344849,7.642858169559343,3.091757752476736
CCC(C)Nc1nc(NC(C)CO)nc(N(C)CC)n1,-4.699,4.286368859536006,8.06073402364822,3.090295455130463
C[n+]1[nH]oc(=O)c1-c1c(-c2ccccc2)sc(N)c1C#N,-4.992,13.319791965342404,12.447282514669618,2.8614941901041844
COC(=O)Cc1ccc(-c2nnc(C)o2)cc1,-4.8,13.415322769132318,7.109738743441984,8.057655862594281
O=C(Nc1cnn(Cc2ccccc2)c1)c1ncn[nH]1,-5.564,4.410277315543774,7.754563753042461,2.98765024726791
C=CCn1c(COc2ccc(Cl)cc2C)nnc1SC(C)c1nc(C(C)C)no1,-5.815,4.277725680779449,8.195779767660916,4.113324932460357
CC(Cc1ccco1)NC(=O)C(N)c1cc(F)cc(F)c1,-4.805,13.207383843895808,12.737639498745441,2.9996764825560773
COc1ncccc1CNC(=O)c1cc(Br)c(Cl)c([N+](=O)[O-])c1,-4.994,4.025585299059006,7.413490001342147,2.9022753143008324
CCOc1cccc(N(C(CC)C(=O)NCCCc2ccc(C)cc2)S(C)(=O)=O)c1,-5.131,4.613698299629051,7.828757053325897,4.94709460188503
Cc1ccc2oc(-c3ccc(NC(=O)c4nnn(C)n4)cc3)nc2c1,-6.537,4.332309084079759,7.876279895991507,3.1420066836338862
COc1cc(OC)cc(C(=O)NC(=S)Nc2ccnc(Cl)c2)c1,-5.549,12.573624338272557,8.783075884905013,8.906134122053182
Cc1ccc(-c2c(C(=O)NCCc3nccs3)n[nH]c2C)cc1,-5.393,4.300493692589259,7.318748868488383,8.671900656718803
CC1(NC2CCCSC2)CCc2ccccc21,-4.693,14.135922113537553,7.203644216644794,8.836639010393034
CCOc1cc(Cn2ccnc2CC(=O)Cc2ccc(Cl)cc2)ccc1OC,-5.277,4.15966573176259,7.118671856463114,5.33836960129214
C=CCn1c(SCC(=O)Nc2cc(C)no2)nnc1-c1ccco1,-5.644,4.295799576330348,7.617363192076375,3.099891288416418
CN(Cc1ccc(Cl)c(F)c1)C(=O)c1ccc(Cl)c(Cl)c1,-5.056,4.910745870028299,8.773429717049085,9.421917480003739
Cc1c(C#N)[nH]c2nc(SCC(=O)Nc3ccnn3C)[nH]c(=O)c12,-5.54,12.345252123792369,13.062686553691778,3.128918822852392
Clc1ccc(COc2ccc(CNc3ccccn3)cc2Br)c(Cl)c1,-5.593,12.30332609500374,7.4067552949992885,9.789303601380437
OCCCOc1ccc2c(Nc3cccc(Cl)c3)ncnc2c1,-5.144,12.999878076351333,8.464977377406274,8.877538960770604
O=C(O)c1cc(C(=O)N2CCc3nc(-c4cccnc4)[nH]c3C2)ccc1O,-6.162,10.707878267892292,7.397577170939144,9.435816763799519
CC1(C(=O)Nc2ccnn2Cc2ccco2)CC(=O)NC1=O,-5.436,5.122166143342092,7.313122725621389,4.949591700332463
CCOC(=O)CC(C)CCOc1ccc(F)c(C)c1,-4.579,10.798362144325408,8.340684744072275,12.128529754261232
CC(C)Cc1nc(C(O)C2CCCCC2)no1,-4.943,7.443227458569299,7.556509445504584,2.8171698564339342
CC1(C)CCCC1NC(=O)NCc1ccon1,-5.158,12.349044659405845,12.26583580519485,2.957018938052309
O=C(Nc1nn(Cc2ccccc2F)cc1Br)c1ccnc(-n2cccn2)n1,-6.629,4.370927819124905,7.803824959595134,3.1095681372177713
CC(C)(C(=O)O)c1ccc(Cl)cc1N,-5.118,13.271642287222784,12.395592160118854,3.039384806173776
Cc1ccccc1C(N)C1CCCC1,-3.336,12.549883306230381,12.723585068682489,2.9132492169397386
CN(CCCO)c1n[nH]c(=O)n1Cc1ccco1,-5.354,12.717643059938425,12.301009104947447,2.8007566834696656
CC(=O)OC1CCC2(C)C(NC(=O)c3cccnc3)CCC2C1C,-5.312,13.183098801116527,7.279618465276871,8.159817767573
Cn1cncc1C1CCc2c(nc(-c3ccco3)[nH]c2=O)C1,-5.328,13.0056508487657,7.212271070890224,7.359398752615596
CC(C)C(C)(C)C(=O)c1cn[nH]c1,-4.536,14.8524128006193,12.103499824430948,3.0206724416924127
CCc1ccc(C(=O)OCC(=O)C(N)Cc2ccco2)o1,-5.309,4.775703298991679,7.548977546661534,3.0786381729589483
N#Cc1ccc(-c2cccc3sc(Cc4ncc[nH]4)cc23)c(Cl)c1,-5.361,6.636027501449945,7.609285446084934,3.435032605376551
CC(C)CC1COCCN1CCN(C)CCc1ccccc1,-4.999,12.842241237416467,12.644196336659757,3.031656477901149
CCc1nnc(C2CCN(C(=O)Nc3ccccc3OC)C2)o1,-5.439,4.69370930075564,8.337146334328072,2.900412729250787
O=C(NCC12CC3CC(CC(C3)C1)C2)c1ccccc1NC(=O)C1CC1,-5.4,13.942699415823322,10.341246491598582,9.528414663520895
COCc1[nH]nc(C(=O)NC2CC2C)c1N,-5.01,12.813810284220693,12.916694391368095,2.971776909527362
FC(F)Oc1ccccc1-c1nc(Cc2ccc(Cl)cc2Cl)no1,-5.332,4.177421453480604,7.45065641403494,8.609332204067863
O=C1CC(c2nc(C3CC3)no2)CN1c1ccc(OC(F)F)nc1,-5.508,5.472738619740578,8.344596215515763,2.941393547283328
Cc1ccc(N2CC3C(=O)N=C2N3c2ccc(C)cc2)cc1,-5.881,4.50647367683425,7.444693277765041,3.972063065964588
Cc1nn(Cc2ccco2)c(Nc2ccc(F)cc2F)c1C#N,-5.677,11.860892968069479,12.202261019991335,2.852908165363898
Cc1ccn2c(CNC(=O)CC3CCCC3)nnc2c1,-5.345,12.806391412103567,8.427593428731598,8.98063327388442
COCCC(C)(C)CNC(=O)c1cccn1CC1CC1,-4.177,4.70909280010492,7.966844670256852,5.659215228280331
Cc1ccc(C(O)CCO)c(F)c1F,-4.543,7.858404036444042,7.656814611834349,3.0160497343379467
CCOC(=O)CN1C(=O)SC(=Cc2ccc(C)cc2C)C1=O,-4.891,4.515478047781873,7.959800060303022,3.6745533061856652
CC(C)CN(C)C(=O)CCCCOC1CCCOC1C,-4.241,12.614802178393445,7.3822683505816835,7.894916972330995
CCNc1nncc(NC(C)c2ccco2)n1,-4.74,7.09355383429209,8.082838424711952,2.9109634144042422
CCn1nc(C)c([N+](=O)[O-])c1Cc1nc2ccccc2o1,-5.01,3.9368521689288754,7.754353938272356,5.1159540654700955
Cc1nc(CNC(=O)CSc2ncn[nH]2)co1,-5.08,12.604044231912232,12.255488647948722,2.896852257192278
Cc1cccc(NC(=O)C(C#N)=CNc2ccc(NC(=O)c3ccco3)cc2)c1,-6.559,12.684494037997732,7.341346538612654,7.888840282322871
CCOC(=O)c1cnc(CNC(C)c2cccc(Br)c2)o1,-5.496,4.384078124303899,7.675454188515491,3.0426018471038896
CCOc1cc(CC(=O)Nc2nnc(C34CC5CC(CC(C5)C3)C4)o2)ccn1,-6.166,4.710122503714739,7.373030991390175,2.995817918365533
CCN1CCN(c2ccc(NC(=O)c3scc4ccccc34)cc2)CC1,-5.794,4.81631809580721,8.166048003777592,3.2390674583898376
COc1ccccc1NC(=O)CNc1ccc(C(F)(F)F)nn1,-5.313,4.489316874536704,7.985434052072561,4.515501079614531
CCCC(C)NC(=O)c1ccc(-c2nc(C)no2)cc1C,-5.391,4.498930650721347,8.284314455644473,2.9923855032398485
Cc1cncc(OC(=O)c2ccoc2)n1,-4.865,12.526475841193324,12.601593589701267,3.182693513362542
Cc1ccc(NC(=O)C(C)NS(=O)(=O)c2ccc([N+](=O)[O-])cc2)nc1,-6.297,4.278421321001474,7.327743854693612,3.0584306433202
C[n+]1[nH]oc(=O)c1-c1cnc(NC(=O)c2cc3ccccc3[nH]2)[nH]1,-6.818,4.812542051764327,8.181188055533255,2.9008584936187427
COc1cc2cc(C(=O)Nc3ccccc3C(F)(F)F)oc2cc1O,-6.088,5.175817809776538,7.597174869647269,3.0051968321559244
CCC(Oc1ccc(C)c(C)c1)C(=O)OC,-4.78,12.645621692902253,12.208830410813315,2.9229124174357337
Nc1cc(C(=O)O)ccc1C(O)c1ccncc1,-4.905,12.289433754245962,10.471570560331436,9.08002968056823
CCn1cc(CN2CCN(c3nc(C)cc(C)n3)CC2)cn1,-4.872,4.332838907690891,8.287188847854258,3.5226267187994806
C=CCN(C(=O)c1cnn(C2CCCC2)c1C)c1nc2ccccc2s1,-5.476,4.243789462261293,7.389404373831493,3.578447428704242
CN(C)c1ccnc(Nc2cccc(N3CCCC3)n2)n1,-4.964,7.038798832187207,8.34228224168902,3.2303437897536544
Cc1nnc(-c2ccc(NC(=O)c3ccco3)cc2C)o1,-5.28,4.3613233083549305,8.185280080730285,3.3050691369470626
CCc1nc(-c2ccc(S(=O)(=O)Nc3cnccn3)cc2)cs1,-5.596,4.725476695530303,8.449978934884985,2.9711172982566683
C=CC(c1ccc(OC)nc1)N1CCN(C)C1C,-5.029,12.284646474359773,12.723488515340437,3.090316812237865
CC(C)c1nnc2c(C(N)=O)nccn12,-5.276,12.422394736925728,12.560531955295524,2.9766590332115634
CCOc1ccc2c(c1)CC(C)N2C(=O)NCc1nc(C)no1,-5.161,4.283735869541912,8.090540834826804,3.02110112376266
COc1ccncc1OSC,-3.517,13.895929296020473,12.37288026289756,3.216374511775642
CC(N)CNC(=O)Nc1cc(Br)ccc1Br,-4.807,13.02717229486123,12.676470407806741,3.220252940375958
O=c1cc(C(F)(F)F)c2ccc(OCc3ccc([N+](=O)[O-])cc3)cc2o1,-6.23,4.738766189632064,8.412807260362024,3.1093645653091246
CCCN(CCN)C(=O)c1ccc(=O)n(CCC)n1,-4.851,11.98664089726559,12.143723646394461,2.7682841255911574
Cn1cc([C]2CN(C(=O)C3(c4ccccc4)CCCC3)CCO2)nn1,-5.63,6.311744449833184,7.124286209859904,2.947839887103775
Cc1ccc(N2CCN(C(=O)c3csc(CS(=O)(=O)c4ccccc4)n3)CC2)cc1,-6.247,4.561612434216656,8.034096651148777,2.80240717955118
O=C(Nc1ccc2c(c1)OCCCO2)c1ccc(COc2ccc(Cl)cc2)o1,-5.055,4.238019466684881,8.205364342916162,3.1398487224705613
CC1CN(C(=O)c2ncn[nH]2)CC1CC(=O)O,-4.94,12.158953696761905,12.159379918400443,2.818323792611488
CCOCCC(NC(=O)Cn1ccnc1C)c1ccc(OC)cc1,-4.72,3.660576047564099,8.374980477589187,6.660871714723231
COc1ccccc1OCCC(=O)Nc1cccc(C#N)c1,-5.759,12.67170998721167,12.318441825166039,2.954798470285241
CCCCOC(=O)C(c1ccccc1)C(C)C,-3.81,4.536185291629962,7.947449968386087,8.879820549988608
CCOC(=O)CCNC(=O)C1OCCC1c1cnn(C)c1,-4.637,5.444808995731622,7.383643341873983,3.1572247306772447
CC(C)C1CC(N)(CS(N)(=O)=O)C1,-4.752,8.047509490519412,7.660889308689951,2.89822859691916
Cc1noc(Cn2nc(-c3ccco3)nc2C(=O)NC(C)CC(C)C)n1,-5.135,4.070578582953533,7.285756927046084,5.147423530272208
CC(=O)N1CC(Oc2ccccc2C(F)(F)F)C1,-5.146,12.628030289795792,12.530008818831691,2.979756533678548
Cc1noc(C(C)C)c1CC(=O)N1CCc2ncccc2C1,-6.006,13.03559166282835,12.27010126282583,3.020877687030708
CCCCCN(C)C(C(=O)c1cccnc1)c1cc(C)on1,-5.402,12.316988511807585,12.395390836919988,2.9224621468891603
COC(=O)CN1C(=O)C(=O)C(=C(O)c2cc(Cl)c(Cl)c(Cl)c2O)C1=O,-5.331,6.4544630295633425,7.1527093468139755,3.0680252606521994
COc1cc(OC2CCC(NC(=O)CCc3ccco3)C2)ccc1C#N,-4.931,11.516904097890198,7.492872613357308,9.301095956928947
CC(C)C(NS(=O)(=O)c1ccccc1)C(=O)OCC(F)(F)F,-4.457,6.629702029503287,7.18011706032708,3.158662691709895
CCOC(=O)Cc1sc(NN=Cc2cn[nH]c2)nc1C,-4.671,12.931883273522075,12.99976995950313,3.0241926195267386
Cc1noc(C)c1CSc1nnc(NC(=O)c2cccs2)s1,-5.47,4.4220675028769065,7.455534521414275,3.8309745496413834
Cc1nn(C)cc1CN(C)C(=O)c1cncc(-c2ccccc2)c1,-5.511,5.111615791508592,7.362179908152204,3.754854058415586
O=C1CCCN1CCCNc1nc(-c2c(Cl)cccc2Cl)no1,-5.184,11.041817830411802,8.90901279603975,12.46937283908056
Cc1noc(CNC(=O)c2ccc3c(C(F)(F)F)nn(-c4ccc(F)cc4)c3c2)n1,-6.448,13.371684037547402,7.215052113463908,7.492699046405106
O=C(O)C1CC(=O)N(c2cccc(F)c2)C1,-4.876,7.369773470059984,8.220631180146691,2.927129993696898
O=C(NCc1cccc(OCC2CC2)c1)C1CCCCC1,-5.261,12.330329679290818,12.588038568418831,3.075247307128322
COc1ccc(C2C(C(=O)Nc3ccc(F)cc3)=C(C)Nc3ncnn32)cc1,-5.23,12.026329489915033,7.1983729411583,8.767898550964194
CC1CC(NC(=O)c2cccn3nc(C(F)F)cc23)CN1,-4.943,13.834802817532312,6.855684210930371,9.026602960139545
COC(F)(F)CN(C(=O)C(N)C(C)(C)C)C(C)C,-3.956,7.453574377437981,8.138024391705889,3.008152921644775
O=C(NCc1nncs1)NCC(c1ccco1)N1CCCC1,-4.791,5.344512512849044,8.310149457139744,3.0771665538283757
CCCNc1ncc(C(F)(F)F)c(Nc2cc(C)cc(Cl)c2C)n1,-4.949,7.39364646165882,8.70266821153145,3.266953779899556
Cc1noc(CCC(=O)NC2CCOC(C3CC3)C2)n1,-5.46,12.556072992779232,12.169358282177413,2.9836638550614243
O=C(c1ccc(F)c(F)c1)N1CCN(S(=O)(=O)c2ccc(F)cc2)CC1,-5.46,13.154868642445654,7.143355024076572,9.354231876535883
Cc1cc(NC(=O)C2CC2)c(C)cc1NC(=O)Cc1coc(-c2ccco2)n1,-6.057,14.392222135584205,7.369536213358341,8.08617097271632
Cc1c2cnn1CC(C1CC1)CC(C)C(=O)N2,,,,
CC(C(=O)NCc1ccco1)N(C)Cc1ccccc1Cl,-4.329,10.781344814075839,8.799529305593568,13.188392927115876
COc1cc(Cl)c(Br)cc1NC(=O)c1nc2cccnn2c1C,-5.522,10.42070611810927,8.708173746544105,12.43941686736159
CCOC(=O)CC1CC(C)(C)CC(OCc2ccccc2)=C1C,-4.877,4.559164616462099,8.377868284951726,7.940301883429875
Cc1nn(Cc2ccc(Cl)cc2Cl)c(C)c1C=C1C(=O)NC(=O)N(c2cccc(Cl)c2)C1=O,-6.539,4.342538658434718,7.444302049218583,2.7650296562604897
Cc1ccc(CC(=O)Nc2cc(C(F)(F)F)ccc2C)c(C)c1,-6.133,4.941207241150689,7.286489209489025,3.0514083633627282
CC1C(=O)NC(=O)CC1c1cnn(C)c1,-5.691,13.280008772587465,12.480784670845019,2.9135317056795516
COc1cnccc1C(O)C(=O)Cl,-4.17,12.93158342972739,12.051453148894534,3.00249679433634
CC(C)OCCN1C(=O)C2CCCC2C1=O,-4.772,12.718382758825904,12.280862306857772,2.798316279479501
Clc1ccc(-c2nnc(C34CC5CC(C3)CC(N3CCCCC3)(C5)C4)o2)cc1,-6.263,11.461288801875641,7.228034103405988,9.698440905630141
O=C(COc1cccc(-c2nc(CN3CCC(O)(Cn4cncn4)CC3)no2)c1)N1CCCCC1,-6.133,4.699995957445069,8.143448778005546,2.999962333096867
Cc1[nH]cnc1CN1CCN(Cc2ccc(C#N)cc2)C(=O)C1,-5.665,4.166730492844479,8.194842341375457,9.420420001252598
CCCN1C(=O)CC(Nc2nc3ccccc3o2)C1=O,-5.25,13.034093485931425,12.641339288224172,2.9485433691909635
O=C1SCC2CSCCN2C1=O,-4.12,14.765049068662115,12.727528471781156,3.0866528797388275
Nc1ccc(-c2csnn2)cc1O,-5.106,12.376058702187866,12.740837060413261,3.068621188742592
CCc1c(C(=O)Nc2cc(Cl)ccc2C)nnn1Cc1ccccc1,-5.794,4.842806004786895,8.752793039938737,9.833026441538738
Cc1noc(CNCc2ccc3nnc(Cc4ccccc4)n3c2)n1,-6.13,4.193559228149758,8.089273391349806,2.9504477626285808
CCOc1cc(C=CC(=O)OC)ccc1OC(=O)c1ccccc1Cl,-5.465,3.439809442396482,7.474128511070705,9.265850689494192
CC1CN(Cc2ccc(CO)o2)CC(C)(C)O1,-5.269,13.025476075752472,12.868200418084884,2.9471024753136774
CCC(=O)N1CC(C)C(C)(C)C1,-4.538,15.496239059849328,12.33196857764404,2.999502625436424
COC1=CC(=O)N(c2c(C)nn(Cc3ccco3)c2C)C1=O,-5.108,5.330415931238385,8.449537857184852,2.903928718133419
COc1cc(Cl)ccc1NC(=O)C1CCS(=O)(=O)C1,-5.142,6.696388056258388,8.429006406451474,2.9236723482633957
Cc1cc(C(F)(F)F)n2nc(C(=O)Nc3cc(C#N)ccc3Nc3cccnn3)nc2n1,-7.092,4.355834133664872,8.277153677442506,3.2149433898593003
CCCCC(=O)N1CCN(C(=O)c2ccc[n+]([O-])c2)C1=Nc1cc(C)ccn1,-5.495,3.7408835854648035,7.485058850804047,4.425522003108785
Cc1cc(CC2CCN(C(=O)c3ccn(C)n3)C2)n[nH]1,-5.123,6.741410386558587,7.887303087874841,3.180730890848831
O=C(NCCC1CCCCC1)c1cnn2ccnc(Cl)c12,-5.027,12.679071377668004,12.534799878737594,3.1252886266711437
Clc1ccccc1C1(C2CC2)NCCO1,-4.706,16.341269014369722,12.703345740394536,3.240469101843127
CCc1noc(C(C)n2nc(C)c(=O)[nH]c2=O)n1,-4.937,5.570606519940176,8.48369436035976,3.2793636577848453
Cc1ccc(NC(=O)C(C#N)=Cc2nc(-c3occc3C)c(-c3cnoc3)o2)cc1,-6.581,4.638990191841323,7.882831090414153,2.9015950785731635
CC(C)C(NC(=O)C=CC(=O)Nc1ccc(Cl)cc1)C(=O)O,-5.576,4.5927866268747986,8.022076165183176,3.0359851778294304
Cc1cnc(NC2CC(F)(F)C2)nc1,-4.71,13.052641533421502,12.766294293960168,3.164397889014591
COc1ccccc1CCNc1ncc(-c2ccccn2)c(Nc2cc(C)on2)n1,-5.41,8.349896646066943,12.054873744672731,6.212145684061183
O=C(Cc1noc2c(F)c(F)ccc12)Nc1cccnc1Cl,-5.823,12.166038139016333,12.298388024452635,2.7568558177750244
CCC(Nc1nc(C)nc(C)c1C(C)=O)c1nn[nH]n1,-5.793,12.809190216403222,12.216597316765418,3.005767955115631
Cc1cc(Cl)ccc1NC(=O)COCc1nc(C(C)C)no1,-5.464,4.693382682032224,7.162401622361036,3.0248322267524195
COc1ccccc1N1C(=O)CC(Nc2cc([N+](=O)[O-])c(N(C)C)s2)C1=O,-5.583,4.045932401808018,7.338374751946101,2.862010831565806
Cc1ccc(C(=O)O)cc1OCC1(O)CCCC1,-5.766,12.764435318493334,12.504256595255873,2.8355856537935864
Cn1cc(C(=O)Nc2ccccn2)cn1,-4.628,6.555907488670047,8.389966865250422,2.981222903440802
Cc1nnc(-c2nc(C)c(CC(=O)OC(C)C(=O)NCc3ccco3)s2)o1,-5.662,4.047082652973621,8.24245952371014,3.162178679328541
CC(C)Cc1nnc(NC(=O)C2CC2n2cc[nH]c2=O)s1,-5.069,5.000819332869365,7.674200284068692,3.3238441600050987
CCOC(=O)c1nnc(NCc2ncn[nH]2)o1,-5.307,12.585298923744324,12.429168475807222,2.9349853491968236
CCc1nc(C)ccc1C(=O)NC(c1cccs1)C1CC1,-4.614,6.063004288304603,8.423759611954747,3.395450338320383
CC1CCCCC1NC(=O)c1cn[nH]n1,-4.77,12.36986919898509,12.520942776005327,3.2397081658692666
CC(C)(C)c1noc(CCN=C(N)Nc2cccnc2)n1,-5.473,4.178265070576542,8.142805966004593,3.3617730440944404
O=S(=O)(c1ccccc1)N1CCCC(c2noc(-c3ccncc3)n2)C1,-6.149,4.897806039442558,8.022066192696244,3.638924154197227
CCc1n[nH]c(C(=O)Nc2ccc(Br)cn2)c1N,-5.252,6.6205615320756594,8.277918156154962,3.026882389522263
CCCCCOC(=O)c1nn(Cc2cccnc2F)cc1Cl,-4.721,4.85831997711143,7.523403618044163,3.0687710895405673
Cc1c(C#N)c(NC(=O)COC(=O)CC2C3CC4CC(C3)CC2C4)n(C2CC2)c1C,-6.449,4.058151672867834,7.712363904795987,8.822278503878689
Cc1[nH]nc(C2=C(Cl)Cc3nc[nH]c3C2=O)c1-c1ccc(Cl)cc1,-5.228,4.288810091388985,7.9913788547409,9.013568716107955
OCc1cc(Oc2ncccn2)cc(Br)c1Cl,-5.155,12.740050667089202,11.840706989027302,2.961337704484242
CCOC(=O)c1cc(Cl)ccc1NC(=O)CSc1nc(C)cc(C)n1,-5.238,14.448638344148558,7.014486795197493,7.510050399298262
Cc1nc(CN(C)C2CC(C)N(Cc3noc(C)n3)C2)n[nH]1,-5.188,4.088486639332456,8.124916922652194,2.9220629698895952
Cc1nnc(NC(=O)COC(=O)c2cnn(C(C)C)c2-n2cccc2)s1,-5.749,4.340964639339971,7.481113352970933,3.0405647501738886
NCC(Oc1cccnc1C(F)(F)F)c1cc(O)ccc1N,-4.636,12.051267858611393,10.992764392999606,8.423163004477592
O=C1CC(C2CCC2)N1,-3.747,12.704526831015786,12.868363610032162,2.835399971785286
CCCn1c(-c2ccc3c(c2)c(C)nn3C)nc2c(=O)n(Cc3ccccn3)cnc21,-5.866,4.073106185701522,8.11036873391093,3.1433237186137872
NC(=S)C1(NC(=O)c2ccccc2F)CCC1,-4.483,13.52109381669989,10.904733330072771,9.158182461602301
c1cnc(CC2CCC(Nc3ccn[nH]3)C2)nc1,-5.154,12.758784307291977,12.817315553578293,2.927254515753627
C=CC1(C)CC(C#N)(N(C)C(=O)C2CC2)C1,-4.2,7.643862047420792,8.377176672364024,2.956300898081926
COc1ccc(-c2nnc(C=Cc3ccc(C(C)(C)C)cc3)o2)cc1,-6.105,4.804334917551023,8.321026378999168,3.012257293127532
NC(=NC(=O)c1ccco1)SCc1cc(F)ccc1F,-5.049,5.346396636988318,7.789773424176084,2.8166623865845186
CCc1csc(CC(CNC(=O)OCC2c3ccccc3-c3ccccc32)C(C)C)n1,-5.358,3.9632588863206997,8.419988361037086,9.899897676238881
CCOc1ccc(OCCn2cnc(C)n2)cc1,-4.631,12.760519190064329,12.211835775181386,2.7242360396999374
O=C1NC(=O)C(Cc2ccc(F)cc2)N1,-5.401,12.355898753227141,12.944240031767025,2.9627794382977615
Cc1noc(N)c1-c1cc(C(=O)O)co1,-5.821,13.09022799648654,12.475366327286746,2.893119078088559
CC(C)COC(=O)NCCNC(=O)c1ccc(Cl)cc1,-4.677,4.506693910174064,7.506019850759787,5.264397496390257
Cn1nnc2c1CCCN(Cc1ccc(OC3CC3)cc1)C2=O,-4.008,11.523133297849158,8.027023420920111,11.631549208940312
CCOC(=O)Cc1cccc(NS(=O)(=O)c2ncc(C(F)(F)F)[nH]2)c1,-5.646,4.664201217786386,7.10131037203698,3.0681883905653513
CCCOc1ncc(C(C)NC(=O)NC2CCCCC2)cc1C,-5.46,4.728215519622599,8.095852024339377,3.0208604734413007
O=C(O)c1ccc(C2=NOC(CI)C2)cc1,-5.115,12.734281016217603,9.163957387504594,9.186528560887405
CCCCCCCCCCCCCCCC(=O)OC(C=O)CC(=O)O,-3.783,4.367381137478157,7.608226797355608,2.906291451317297
CC(NC(=S)NC(=O)c1ccco1)c1ccc(F)cc1,-4.974,11.194420127903008,7.090571345103299,9.834446603647812
O=C(c1ccc(S(=O)(=O)C(F)F)cc1)C1CC1,-5.793,12.558156990577878,12.685575193896412,3.0749473166218633
CN(Cc1cccc(C#N)c1)C(=O)c1ccno1,-5.35,12.403250259508594,12.120555927844233,3.0215908061814063
CN(C(=O)c1cccc(Br)c1)N(I)C(F)(F)F,-4.476,3.317490919354565,7.394839281553047,9.05164432575651
CC1(C)CC(C(=O)O)N(C(=O)c2cnon2)C1,-5.282,12.333121097272985,12.518285106195659,2.8457387441576563
Cc1ccc(N2CC(C(=O)NCc3cccc(F)c3F)CC2=O)cc1,-6.251,4.529332621921246,7.40177073408789,3.319413954299765
Cn1nccc1C(=O)NC1CCN(c2nccs2)CC1,-4.475,5.813702176754499,8.793640201873167,2.8985682672657545
Cc1cccc(OC(C)C(=O)NCC(C)C(=O)O)c1,-5.454,4.837628964689209,7.440226139036366,3.762029904187365
CCCNC(=O)c1nccc(C(=O)Nc2ccc(C)cc2Cl)c1C,-5.225,12.709932218544676,6.574485987512636,7.623387436041802
CC(C)OC(=O)C(c1ccccc1)N(C=O)CC1CCCC1,-4.208,7.8931852252433545,8.530707883874584,3.0686819646225967
C=Cc1nc(C(=O)N2CCC(C)(C)C2)n[nH]1,-4.383,8.186465049091701,8.801624849992187,3.161433377441315
O=c1[nH]c(-c2cn[nH]n2)nc2ncn(CC3CCCCC3)c(=O)c12,-6.019,4.5930723922011065,7.724437455245526,3.159741445118572
CCCCCCCCCCC=CCCCCCC(=O)OC(COC(CO)CCCCCCCCCCCCCCCCCCCCCCCCCCC)COP(=O)([O-])OCCN,,,,
CCCc1ccc(OCCc2ccncc2)cc1,-5.094,12.608010271252162,12.693372443917337,3.219595316184939
Cc1nnc(CSCC(=O)Nc2cccnc2)o1,-4.344,6.705057494160657,7.682518987936183,3.401213018909577
N#CCCN(C(=O)c1ccc(CN)cc1)c1ccc(F)cc1,-5.023,3.381547870428571,7.355240988574066,7.514611101048411
CCC(CC1CC1)NC1=NCC(C)(C(C)(C)C)N1,-4.51,13.380437735739442,8.603635220068316,8.565677906622453
CN(CCC(=O)O)Cc1ccc2c(c1)OCCCO2,-3.771,6.044178521519695,8.170515650801972,2.8266853379886485
Cc1nn(-c2ccccn2)c(C)c1NC(=O)c1cccs1,-5.361,3.7038366594654257,7.757739361437713,5.225184111588796
CCC(=O)c1cc(C)c(O)c(N)c1,-4.693,14.091011496695332,12.658729991590784,2.7163153351553277
NNC(=O)OCc1ccccc1F,-5.408,14.960391906631324,11.609825407817294,2.8951400656963044
CN(CC(=O)N1CCNCC1)Cc1cccn1C,-4.365,12.586811550190143,12.794538874066545,2.8557090187902547
CCOC(=O)CC(C#N)(NC1CCCCC1)C1CC1,-3.966,10.458591779011167,9.248774891843784,13.500285848825573
NC(=O)C1CCN(S(=O)(=O)c2cc(Cl)cc(Cl)c2)CC1,-4.695,4.757367023890421,7.976374489703952,5.0293773968554
CCc1nc2ccccn2c1CN1CCCCC1,-4.496,13.237703275115363,12.908041718246809,3.292908289035697
CC(N)c1nc(C(C)N2CCCC2)no1,-5.082,12.585598873315487,12.570060182831266,2.9957847052149793
Fc1cccc(F)c1N1CCCN(c2nc(-c3cnccn3)nc3c2CCCC3)CC1,-4.874,4.645090849488306,7.999499109319282,3.569948038837541
CCc1noc(C)c1CNS(=O)(=O)c1ccc(N)c(C)c1,-5.181,12.303159187785875,11.235034000838628,8.62485002768164
CC(C)(C)OCCOCc1cc(C(=O)O)cc([N+](=O)[O-])c1,-5.441,12.608158152561382,12.673470479706811,2.9592994103334664
O=C(NCCc1ncon1)C(=O)Nc1cccc(F)c1,-4.958,12.763738715595835,12.146112176330334,2.702982426875913
CC(C)COC(=O)c1cnc(NCC2CCN(c3nc(N)nc4c3ncn4C)C2)nc1,-5.762,5.166526686275799,8.312718267811077,3.0763107775385765
O=C(NCc1ccc(C(=O)O)o1)c1cn[nH]n1,-5.259,6.637638209483852,7.390141338296582,2.9927736299292667
Cc1nc(NCc2ccc(Cl)cc2Cl)ncc1C(=O)N1CCCC1,-5.711,4.620998485176121,8.20154625665185,3.148115309196917
CCC(O)C1CCCN1C(=O)c1cc2ncccc2s1,-5.418,12.791372756666894,12.84024037936985,2.901615756781039
COc1ccc(C(=O)O)cc1C(C)NC(=O)CSc1nnc(C(C)(C)C)o1,-5.467,4.387536666513454,8.163913767305482,2.90712366438031
Cc1ccc(NC(=O)COC(=O)C2C(c3ccco3)C2(Cl)Cl)cc1,-5.471,4.823545583904022,7.819861955303303,3.56060514519653
Cc1cc(N(C)S(=O)(=O)c2cccc(C(=O)O)c2)no1,-6.009,12.133387119844153,12.221109687749308,2.785348272658197
CC(C)(C)c1nnc(C=NNC(=O)c2ccc(Br)o2)o1,-5.278,4.656163334763934,7.986137614642011,4.108743603584921
COc1ccc2c(c1)CC(C(=O)Nc1ccc(C)c(Br)c1)CO2,-5.785,4.648986233578241,8.41091748859778,3.5247287838924564
CC(=O)N1c2ccccc2NC(=O)CC1c1ncon1,-4.049,11.319851147431224,9.58057268643164,13.104298569553427
Cc1nn(C)c(C)c1C(C)C(=O)NCC(=O)NCc1ccco1,-5.153,12.879815565449686,8.821445799867503,8.59180452524381
Cc1nnc(C(C)OC(=O)c2ccc(OCC3CCCO3)c(Br)c2)o1,-5.382,4.407554991148721,8.467472704414227,2.995997663550492
O=C(O)C1CCC(Nc2ncc(C(F)(F)F)cc2Cl)C1,-6.187,12.603391329320852,12.873310491089695,3.1316229019471673
NC1C=CC(C(=O)NCc2ccncn2)C1,-4.766,5.318494523829088,8.302828072410026,2.858958901418486
CCc1ccc(N2CCC(NC(=O)C3CCS(=O)C3)C2=O)cc1,-5.266,3.846528824797755,8.694208014534732,8.892811816292976
CC1CCC(S(=O)(=O)Nc2cnn(C3CCCC3)c2)CC1,-6.05,12.632805032929149,12.658663989536969,2.853694622765372
NC(=O)CC(c1ccc(Br)s1)N1CCCCCC1,-3.285,12.66854036580379,11.743441318455167,8.521527151866618
CC(NC(=O)c1ccco1)C(=O)NCC1C=CC=CN=C1,-4.633,12.798515577987942,12.47369921073937,2.7971158359996466
CNC(=O)N(CCC(=O)Nc1ccc(C(F)(F)F)cc1)Cc1ccco1,-5.232,3.966131868710368,8.210551077729193,5.576552160609636
C=CC(=O)OC1CCCC1C,-4.125,15.575510970751491,11.954732870290329,3.0467036285139386
c1ccc(CC2Nc3ncccc3S2)cc1,-5.094,12.73681384805478,12.462144037042743,3.0198759908314114
C[n+]1ccn(CC(=O)NC2CC3CCC2C3)c1,-4.322,13.344581147417104,13.159671804418224,3.3397344205789774
CCCOc1ncc(C(=O)NCC2CCCN2CC)cc1F,-4.742,4.670830440082363,8.538071093637017,2.9566328821820265
O=C(Cn1nc(-c2ccco2)ccc1=O)NCCc1ccc2c(c1)OCO2,-6.045,12.505099479812225,7.506254991671945,7.443974744718039
NC(O)(CO)C(O)C(O)CO,-4.728,7.031394314074555,7.4246088112438615,2.902490999124717
CC(c1ncnn1C)N(C)C(=O)c1ccccn1,-5.238,13.089341732875646,12.333581839838741,3.0642821345300435
N#Cc1ccnc(N2CCC(OCC(=O)O)CC2)n1,-5.128,5.0440351902023846,8.199519071262655,3.0521023901566613
Cc1ccc(NC(=O)CSc2nnc(C(C)O)n2C)c(Cl)c1,-5.723,5.127274909735189,7.954451018140724,2.901051705847381
COCCN(Cc1ccco1)Cc1cn[nH]c1C,-4.828,12.906773183100414,12.159269920517433,2.965967295841274
CCCNC(=O)c1cccc(COc2ccc(C)cc2-c2cccc(F)c2)c1,-5.179,5.006529137036955,8.096085782648304,3.536539692976737
CC1(Sc2ccccc2)CC1=C(C#N)C#N,-4.568,12.921379222049016,12.191139569375785,3.030927415825064
O=C(Nc1ccc(F)cc1F)c1cnccc1C#Cc1ccco1,-5.793,12.82772364841089,6.930954191163003,7.303393252454642
COc1ccc(C)cc1N1C(=S)NC(c2ccccn2)C1c1ccc(Cl)o1,-5.145,4.876065627121932,8.457661792717891,8.871889539438596
CCOc1cc(O)c(Cc2ccccc2)cc1C=Nc1ccccc1,-5.414,4.918198145662697,8.22247462750722,4.8835727700117255
CCC=CCC=CCC=CCCCCCCCC(=O)OC(COCCCCCCCCCCCCCCCC)COC(=O)CCCCCCCCCC=CCC=CCC,,,,
Cc1ccn(CCC(=O)Nc2ccnn2Cc2ccc3[nH]ccc3c2)n1,-5.481,4.225727156360193,7.065433107743643,3.5431320889856774
N#Cc1cccc(NCc2cnn(Cc3cscn3)c2)c1,-5.001,14.344452934845581,8.887161414084927,9.17787197557255
O=C(O)c1ccc(-c2ccc(C(F)(F)F)cn2)cn1,-5.279,6.503327840421394,8.190685258267466,2.745325663741917
COc1ccc(C(Nc2ccc(Cl)cn2)c2ccc(C)nn2)cc1,-5.507,13.088200258247884,7.215055717040583,7.6968293472052505
Cc1cc(NC(=O)C(Sc2ncn[nH]2)C2CC2)no1,-4.994,4.490032850659335,7.464340158379707,3.2424560135798286
COc1ccccc1-c1c2c(N)c(C#N)c(N)c(C#N)c2nn1C,-4.922,13.469996770600948,7.597362897742874,7.992457256688958
O=C(COC(=O)c1ccccc1OC(F)F)NCc1ccsc1,-4.425,4.315199300148256,7.107058815009201,6.555474734906695
FC(F)(F)c1ccc(Nc2nccc(N3CCN(Cc4ccccn4)CC3)n2)nc1,-6.25,4.4375515771650464,8.1986651352522,3.1257426317596915
Cc1cccc(NC(=O)C2CCCCC2)n1,-4.689,5.5064320571491665,8.316595577518482,3.6255640940410907
CC(C)Cc1cccc(C(=O)N2CC3(CCN(C)CC3)C2)c1,-5.037,3.3179531340873396,7.361939214636317,10.465993168352444
C=CCOc1ccc(C=CC(=O)Nc2ccc(OCC(=O)O)cc2)cc1OC,-5.395,4.941345363360063,7.177730142600792,2.9221885633887488
COc1cc(C=C2C(=O)NC(=O)N(C)C2=O)ccc1OCc1ccc(F)cc1,-6.415,4.86804950673265,7.703061469312055,2.8839717404995495
NCC1CCCN1C(=O)C1Cc2ccccc2S1,-5.048,12.860740491900147,13.1064293764549,2.9454556523566944
CCCC1(C(=O)O)CCN(c2ncc(Cl)cn2)C1,-4.968,6.007164805463554,7.963678798143481,2.9676034101611357
CCOc1nccc(OC)n1,-3.901,12.765745219140166,12.697462541783693,2.9940484298020302
O=C(c1ccc2[nH]c(=O)oc2c1)C1CCCC1,-5.788,12.660760087767242,12.330109812974092,3.0284829535594224
Cc1noc(C)c1Cn1nnc(C(=O)NCCC(=O)O)c1C,-5.87,3.835747775858052,7.41311634874295,2.976736803951601
Cc1cc(F)cc(S(=O)(=O)NC(C)c2cccc(N)c2)c1,-5.524,12.489266831964157,12.722052978981026,3.009896343730129
Cc1ccc2nc(NC(=O)c3ccc(S(=O)(=O)N(C)C)cc3)sc2c1,-5.667,4.556067273427819,8.045553181727158,3.139093021877498
Cc1[nH]nc2ncnc(Nc3cc(Cl)ccc3Cl)c12,-6.123,12.746439228270773,12.628577354555818,3.194885600455829
O=C(O)C1CC(O)CN1C(=O)c1ccc([N+](=O)[O-])o1,-5.635,12.266059228619435,11.95913951754055,2.9782577121531975
O=C(Cn1c(=O)[nH]c2nnn(CO)c2c1=O)N1CCCC1,-5.736,13.485716814467075,12.330703224066339,2.756597540447282
Clc1ccccc1CN1Cc2[nH]cnc2CC1CCn1ccnn1,-5.953,12.2505741906247,12.30855190507803,3.094507876868308
CC1(Nc2ccc(C(N)=O)nn2)CCCCC1,-5.214,12.619132220560967,12.46988877255928,3.0212820126562168
Cc1cc(OCC(C)C)ccc1C1CC(C)CN1C(N)=S,-4.611,11.421855672350269,7.310689570758699,9.994896997968514
CCn1cnnc1CCNC(=O)CCc1ccc(F)cc1,-5.471,13.014747365969116,12.265313897328515,2.900509265629055
CC(O)c1ccc(SCC2CCCO2)cc1,-4.711,13.440798860186847,13.256137974538436,2.8928479047471547
c1ccc(CN(Cc2cccnc2)Cc2cnccn2)nc1,-4.85,13.07163088524152,13.154261476799068,3.2616316468908617
CC(CC(N)=S)N1CCC(N2CCCCC2)C1,-5.156,13.037424937463687,13.138620209139162,2.9034615547652773
CCCc1nc(NN)cc(S(N)(=O)=O)n1,-5.108,12.848715188687155,12.693755551451272,2.8650725994292006
O=C(NC1CC1)c1nc(Cc2ccc3c(c2)OCCO3)no1,-5.333,6.829954245820392,7.36507902197933,3.135889825870802
CC(CN1CCCCC1)N=C(N)Nc1ccc(C(F)(F)F)cc1,-5.624,12.034308663151364,7.0783960047457075,7.684202300824725
O=C1NC(=O)c2c(-c3cccc(C(F)(F)F)c3)n[nH]c21,-6.578,12.602894151741497,12.966784373930185,3.0082589649164193
CNC(=O)NC(=O)C(Cc1ccc(Br)cc1)N(Cc1ccc(F)cc1)C(=O)c1ccco1,-5.096,3.584873916890243,8.117768474155936,9.673333396508156
CCC(C)NC(=O)C(CC1CC1)NC(=O)N1CCCCCC1,-3.193,4.300418700545331,7.283219480422101,5.294344718659714
CC1CC(C)N(Cc2nc3ncccc3[nH]2)C1,-5.382,12.801914661487164,12.708222456346915,3.2218102054590365
Cc1nccn1C1CN(C(=O)c2c(Cl)ccnc2Cl)CC1C,-4.525,6.866288225817499,8.21913699849321,2.876593471451953
CC(c1ccco1)N(C)Cc1ccn[nH]1,-4.055,8.330428140257858,11.567074176298862,5.142917946069139
CN(Cc1ccc(Cl)cc1)C(=O)CN(c1ccc(Cl)cc1Cl)S(=O)(=O)c1ccccc1,-5.748,4.381521881721007,8.071113615852523,4.6232151150471035
Cc1cnn(CC2CN(c3ncccc3F)CCO2)c1,-5.688,13.2750136346446,12.914413343237857,3.0763007005167755
Cc1ccn(-c2c(Cl)cccc2Cl)n1,-4.542,12.481674807492784,12.667635691004064,3.276136291426228
Cc1cc(NC2CCCCC2)nc(Nc2ccc(C#N)cc2)n1,-5.803,4.789903234930744,8.41484646324578,2.9379593257906076
CCc1nc(CN2CCC(O)CC2)n(-c2ccc(F)cc2)n1,-5.773,12.499041963286627,12.726063413326212,2.8742305057180095
CN(C(=O)COc1ccc(Cl)cc1F)C1CCS(=O)(=O)C1,-5.083,4.795198536035811,7.184439365740377,3.2282953706251845
Nc1ccccc1NC(=O)CNc1ccc(Cl)nc1,-4.987,10.277823553651812,8.460010933799081,3.171048091719833
CCC(C)N(CC(=O)N1OC(c2ccoc2)CC1c1ccco1)C(=O)c1cnccn1,-5.863,5.4925962895519636,7.049449978544424,3.682627458758217
CC1CN(C(=O)C(C)C(C)(C)N)C(C)CN1C,-4.731,7.344762555726358,7.7843290655007635,3.2793471911342347
O=[N+]([O-])c1n[nH]c([N+](=O)[O-])c1Cl,-4.692,14.923143971697119,11.983613394965644,2.877567549163703
CCC(C)C(NC(=O)OC(C)(C)C)C(=O)NCc1cccc(F)c1,-5.58,12.624303347115832,12.801129403298757,3.0770640227333583
COc1ccc(C(=O)c2n[nH]c(=S)o2)cc1,-4.645,12.727319984977198,12.418424779334938,2.978380936012047
CCn1nc(C(F)(F)F)c2cc(C(=O)N3CCN(Cc4ccco4)CC3)ccc21,-5.402,4.199487944976148,8.128267527585443,3.2476899482555277
NC(=O)C(NS(=O)(=O)c1cc(F)ccc1Cl)C1CC1,-4.783,12.649933003775159,12.343435097249063,3.085849963948345
Cc1nonc1NC(=O)C1CC12CCCCC2,-5.2,13.088085650697737,12.267281932033681,3.0219508599578515
CC(C)(C)NCc1ccnn1COc1ccccc1Cl,-4.738,12.71084725736251,13.030695261573728,3.2160513055609052
FC(F)(F)c1ccnc(N2CCC(COc3ncccn3)CC2)n1,-5.343,3.34394587276768,7.320779056903712,3.311852804700112
COc1cccc2cc(-c3cc(C(=O)N4CCCC4)ccn3)[nH]c12,-5.583,8.57269490883701,8.05144757171032,3.479890946567149
Cn1cnnc1CC(C)(C)CCC(=O)O,-4.861,12.904818712403518,12.232270189952477,2.9938451863782136
CP1(=S)Nc2ccccc2N(c2ccc(F)cc2)N1,-5.349,12.739949214969421,12.807077301242465,3.2156276214760937
CCc1nnc(NC(CCN)c2ccccc2)nc1CC,-5.272,12.94320528308193,12.671263788588728,2.981388602648102
C=CNC(=C)c1c(N=Cc2ccco2)c2cc(C)ccc2n1C,-5.22,13.155383004686714,12.067172369697882,9.041408960997176
CCC(C)(C)C1(C(C)C)NC(=O)c2ccccc2N1,-4.778,12.929195179901958,11.848184417876015,9.046119223180733
Cc1nc(CN2CCN(c3ncccc3Cl)CC2)no1,-5.329,4.505838101840767,7.869182231973027,2.9382630923727704
Cc1ccnc(Nc2cc(Nc3ccc(NC(=O)C4CC4)cc3)ncn2)c1,-5.854,9.286495840735622,8.320686329864863,9.947700689103991
COc1cccc(Cl)c1C(N)c1cccs1,-4.021,12.754036615911058,11.55348869389675,8.56186977242705
O=C(Nc1ccc(NS(=O)(=O)c2ccc(Cl)cc2)cc1)c1ccccn1,-5.908,4.29393339491893,8.486944621004664,3.4787941876460593
CCOc1ccc(-c2noc(CN3CCCC(C(=O)Nc4ccc(Cl)c(C(F)(F)F)c4)C3)n2)cc1,-6.289,12.413677376184705,8.001368757906361,7.1131744671419375
CCOc1ccc(C(O)=C2C(=O)C(=O)N(CCCN3CCCCC3)C2c2ccc(Cl)cc2)cc1,-5.901,11.904384192388953,7.237678495208252,8.022859714590552
Cc1nccn1CCOc1ccc2oc(CN)cc2c1,-4.954,12.168363365711924,8.535346097259325,8.338924271151527
Cc1nonc1CC(=O)NC1(C(=O)O)CCCCC1,-5.169,4.417569127925447,7.44174401602205,4.920790688497124
CN(CC(=O)O)c1ccc2c(=O)nc[nH]c2c1,-5.305,12.804945060405375,13.210173579480324,2.726724775256938
Cc1nnc(NS(=O)(=O)c2ccc(NC(=O)c3nnc(-c4ccco4)o3)cc2)s1,-5.995,4.89601552285121,8.038678622758841,2.8983369369346983
CC(C)C(NC(=O)c1cc(CN(C)S(C)(=O)=O)ccc1Cl)C(F)(F)F,-5.044,4.186506180575875,8.01776976471637,4.753134544697846
Cc1ccc2nc(C)c(C(=O)Oc3ccc(Cl)cc3F)n2n1,-6.336,12.861194540166165,12.182806819448464,2.8209517897333867
CC(=O)NC(CCC(=O)O)C(=O)NC(C)c1cnn(C)c1C,-4.698,6.602038776014573,7.6417054379241796,3.0704691823889054
COC(=O)c1cccnc1NS(=O)(=O)c1ccc(F)cc1C,-5.306,12.379046409154462,12.814829612601175,2.816241999544783
Cc1ccccc1-c1nnc(C(NC(=O)C2CC2)c2ccccc2)o1,-5.697,4.108906180481614,8.536864822638343,5.3829104581072125
COc1ccc2nc(CCNC(=O)c3ccc(Cl)cc3Cl)[nH]c2c1,-5.764,4.677074940601229,7.6071035880944855,3.5810726046814514
C1=CC2CC1C1CC21,-3.66,13.012774684900988,11.914943978047065,9.360831426748375
CCCCOc1ccccc1C(=O)NC(=S)Nc1ccc(NC(C)=O)c(C)c1,-5.432,4.400550533740068,7.6093705390130655,4.9846313805536315
CNC(=O)COC(=O)C=Cc1c(C)nn(C(C)C)c1C,-4.46,5.451119884941075,8.437511125918592,2.8701865793010746
CC(C(=O)OCC(=O)c1cccs1)c1ccc([N+](=O)[O-])cc1,-5.274,12.638279708884435,12.051433358733725,3.120947772712642
CC1(C)OC(=O)c2ccc(NC(=O)C3CCC(=O)N(C4CCCC4)C3)cc21,-6.064,11.616939614201325,6.549349127966839,8.097062368538358
CCc1nnc(NC(=O)C(C)N2CCN(Cc3cc(C)on3)CC2)s1,-5.66,4.307518427122512,7.863210349469229,2.9953383782137206
NC1CCC1NCCc1ccc(F)cc1,-5.099,12.232991907133759,12.61887106677931,2.9914927711762904
CNC1=[N+](Cc2ccccc2)C(C)(C)C1,-4.406,13.611483791269782,13.27757880790018,3.322868339251497
CN1CC(C(=O)O)CC1=O,-4.086,7.68579716099768,8.193053277014618,2.988747898368145
CCOC(=O)CC(NC(=O)c1ccccc1Cl)c1c(Cl)cccc1Cl,-4.566,3.859759966630049,7.64173619015993,7.241379771839066
CC(C(=O)Nc1ccccc1C#N)n1cnc2ccccc21,-6.107,12.381618795617962,12.44486966585026,2.9617903369414926
CCOC(=O)c1sc(Nc2nccnn2)nc1C,-4.712,5.474282418728503,8.227322954643265,3.151239280029369
CCC(N)C(=O)Nc1ccc(Cl)cc1C(C)Cl,-4.337,13.549545896449814,7.311626221299883,7.092857463674285
CCCC(CCN)c1cnc2[nH]cc(N)c2c1,-4.285,12.496340464311944,12.933747214168058,2.87590490107027
CCCOC1CNNC1c1ncnn1CCC,-4.647,7.639104528673501,8.196522799333874,3.142125713589448
Cc1cc(Cl)ccc1NC(=O)CCC(=O)Nc1nnc(NC(C)(C)C)s1,-5.599,4.63520182947841,7.513095899827181,3.1676593882549935
Cc1nnc(NC(=O)Nc2ccc(C(C)(C)C(C)C)cc2)s1,-5.453,6.72716351815533,7.427522130562789,5.93233942049846
O=C(CO)C1(F)CCCCC1=O,-4.505,15.39254364944274,12.762167919283934,2.8121888272304902
COc1cc(C(O)C2CCO2)ccc1F,-5.134,12.551494094329966,12.447358755977108,2.9242973515017243
Cc1nc(-c2n[nH]c(=O)c3ccccc23)c(-c2ccco2)o1,-6.564,12.845181275482258,12.346850205619246,2.967188062796155
O=C(O)Cc1ccc(COC(=O)N2CCCOCC2)o1,-3.597,10.706437969745119,8.960571521951042,12.516539298064782
CC(=O)OC1(C)C2CC1(C)CC(O)C1CCC(O)(C(=O)OC(C)c3ccco3)C12C,-3.886,3.4800258619728672,7.558240139079995,7.278077012508181
C=C(C(=O)O)C1CN(c2ccc(Cl)cc2)C1=O,-5.212,7.043602842295979,8.184200694020156,3.0377888340041017
Brc1ccc(Cn2ccnc2-c2ccoc2)cc1,-5.138,12.687665585126368,12.563696589778028,3.0336575284629603
Cc1noc(C)c1CC(=O)NC(C)c1nnc2ccccn12,-5.391,13.883623482362234,8.385250980143647,7.948656427346699
CC1CN(C(=O)C(C)Sc2nnc(-c3ccco3)o2)CC(C)O1,-5.247,8.33498944210489,8.070738937668594,3.1424402937844347
CCN(c1ccccc1)S(=O)(=O)c1cccc(Cl)c1,28.2,12.690194797559256,12.194134409624981,2.9499405078746928
CC(C)(C)OC(=O)N1N=C(c2ccccc2)CC1=O,-4.847,4.310847132525114,7.906465518801685,5.0382600171090814
COc1ccc(C)c(C)c1S(=O)(=O)N1CCC(C)CC1,-5.462,12.639116780851422,12.66920917026789,2.951970867064917
Cc1c(C#N)c(=O)[nH]c2ccc(C(F)(F)F)cc12,-5.455,12.16384371816738,12.019842053870759,3.0603875571567727
Cc1cc(Br)c(Br)c(NC2CCOC(C)C2)c1,-5.15,13.00891379016711,12.692362585429082,3.2817768053296983
Cc1nn(Cc2nc(C(C)C)oc2C)c(C)c1Br,-5.582,12.465743700237063,12.68569958654232,3.2754646998555788
CC(C)COC(=O)c1cc(Cl)ccc1Cl,-4.984,12.683881858484806,12.704111499825558,3.060174178049348
c1ccc(CCN2CCC(CC3CCOc4nccnc43)C2)nc1,-5.619,4.040452821157549,8.170288428201294,2.823052426009833
CC(c1cccs1)N1CCN(c2nnccc2C#N)CC1,-4.597,4.9231962179056,8.16353869348336,3.495592939688487
O=S(=O)(Nc1cnc(-n2cccn2)c(C(F)(F)F)n1)c1ccc(Br)cc1,-6.286,4.61430243915589,7.811761069054787,3.595081640241289
N#CCCN(CC1CC1)C(=O)c1cnc(C(=O)O)cn1,-5.256,12.236485524855574,11.98845152636486,3.077636268307222
O=C(CSc1ccccc1Cl)c1ccc(Cl)c(O)c1,-4.7,12.734516441545788,12.487790356984698,3.0908600744776527
CCOc1ccc(F)cc1C(N)Cc1ncnn1C,-4.888,12.607060125183825,12.892115187198725,3.2454979587114203
CC(=O)c1ccc(NC(=O)C2(c3ccc4c(c3)OCCO4)CCC2)cc1,-6.274,12.638079205322303,6.470388010003728,8.668900103242626
CCC(C)Oc1ccc(C(=O)OCC(=O)Nc2ccc(F)cc2)cc1,-4.845,4.392810262235326,8.229650296337018,9.492067056231745
O=C(O)CCN1CC(=O)NN1c1ccccc1,-4.834,12.20540953839731,12.82014906309595,2.8667035075152083
Cc1nn(CC(C)C)c(C)c1CN(C)S(=O)(=O)c1ccc(N)cc1,-5.013,4.988992884340485,8.28142536040747,3.7266581544327355
C=Cn1nc(C)c(-c2noc(C3CCC(O)CC3)n2)c1C,-5.345,5.0332574939098835,7.898859727834139,3.051683305980488
Cc1ccc(Cl)c(C(=O)Nc2ccc(Cn3cncn3)cc2)c1,-5.345,11.37462676310744,7.683753965347927,8.966445895671262
CC(O)c1ccc(OC2CCCC2C)cc1Br,-4.523,11.65697435014764,12.478642674586046,2.8159804686822674
CCC(C)(c1ccccc1)C(N)c1ccn(C)n1,-5.036,12.732208056735486,12.558581368928579,2.90312951829573
O=C(C1CC1n1ccnc1)N1CCC(n2c(=O)[nH]c3ncccc32)CC1,-5.411,3.790565656996327,7.914614456813419,3.0356055409094247
CCOC(=O)CC1(O)CCCN(CC)C1,-4.5,13.736109565666693,12.337216582357627,2.897908728721455
O=c1[nH][nH]c(=O)c(=O)o1,-4.338,7.686880901900327,7.652335983214537,3.022349582692246
Cc1ccc(NC(=O)COc2ccc(S(=O)(=O)NCC(C)C)cc2)nc1,-5.425,4.118758793617319,8.004309401815998,2.8235808824965507
Cc1cc(Cl)c(O)c(C(=O)c2ccc(Br)cc2Cl)c1,-5.342,7.854869381472871,8.252013693638661,3.205545507398077
Cc1c(Br)c(C(F)(F)F)nn1CC(=O)N1Cc2nc3ccccc3nc2C(C)C1,-6.328,3.832313400545419,7.13737668895232,3.4677411956488347
CCc1nc(C)cc(NN=Cc2ccc(C3CC3C)o2)n1,-5.078,3.978213418106173,8.457079992526973,9.678422030475836
COc1ccc(Nc2nccn3c(-c4cccc(NC(=O)c5cccc(F)c5)c4)cnc23)c(OC)c1,-6.566,4.254391848431453,7.9483261759945405,3.1013077886594878
O=C(NCc1ccncn1)c1ccon1,-5.203,12.042053520890862,12.353007123773546,2.946639781174482
COc1ccc(C(=O)NC2C(=O)C2(C)C)cc1N,-4.786,12.74896015367528,8.826544680677712,9.083985193735183
CCCCOC(=O)N1CC(c2ccccc2)CC1C(=O)OC,-5.117,12.744479118426142,12.81631105271716,3.0468866076701966
CNc1cncc(C(=O)NCc2ccc(Cl)cc2)n1,-5.026,4.568734288618675,8.358221042781771,9.915154512159658
Cc1noc(NC(=O)NC(=O)c2ccccc2Cl)c1C,-5.725,3.3416404654001894,7.6226418648654874,10.50827397815645
CCOC(=O)c1cc(OCc2ccco2)c2occc2n1,-5.162,12.733362321083932,12.735339924791957,3.2536756138250786
Cc1ccnc(-n2nnnc2C2CCCCC2)c1,-5.61,7.7266205419963505,8.310359859837599,2.9501913497263184
CCc1ccc(=O)[nH]n1,-4.244,16.695170589125468,12.365455753832933,2.850194905616106
Cn1cc(C(=O)NC2CCc3c2cnn3Cc2ccccc2)nn1,-5.417,5.206749753925187,8.397324633477021,2.9517840368157016
Cc1ccc(OCC(C)(C)NC(=O)C(N)C(C)(C)C)cc1F,-5.242,4.145086971343304,7.7999893589671,3.784109934978106
Cc1nn(C)cc1CC1CCCC1NCc1ccco1,-4.487,4.257577362773341,8.112277485392125,7.352147305379565
Fc1ccc(Nc2nc3cccc(C4CCCN4)n3n2)cc1,-5.535,7.537998474396237,8.677420930207315,3.129731937402945
Nc1ncnc2c1[nH]c(=O)n2C1OC(CO)C(O)C1O,-5.691,12.599237675351633,12.613879141643938,2.7146935370313896
CC(=O)C1(C)C=CCC1Br,-4.092,12.932344180387407,11.867340940581425,9.19706605391089
Cc1ccc(C(N)=O)cc1NC1CC(=O)N(Cc2ccc(F)cc2F)C1=O,-6.077,11.379861993890788,7.4509496039095575,7.608080441215117
CC1(C)CCCC(O)C1(C)O,-4.183,13.07345803527131,11.617472874941434,8.796758778095487
Cc1cc(Nc2ccc(Br)cn2)nc(NC2CC2)n1,-5.045,7.369068937118177,8.608997734928264,3.354018932564335
CCCNc1ncc(C(=O)Nc2ccc(OCC)cc2)cn1,-4.782,6.765093495288885,8.543197820488531,3.1515743684704636
Cc1ccc(S(=O)(=O)N2CCC(C(=O)O)CC2)cc1,-4.842,11.880880480839794,10.97805055554036,8.344395783997784
O=C(NCc1ccccc1)Oc1ncc[nH]c1=O,-5.345,4.531996690201791,7.65813482513856,3.9414671126371212
C#CCN1CC(Nc2ncc(C(F)(F)F)[nH]2)C1,-4.995,12.28360745058226,11.964162360984576,3.153619824899634
Cc1ccoc1C(=O)Nc1cc(N)ccc1Cl,-5.443,12.580006756754944,12.626782092045463,3.2208498878401643
Cn1c(C2CCN(Cc3ccccc3)CC2)nc2cccnc21,-5.479,12.594153484851612,13.312163272736704,3.4454139083715325
Cc1cccn2nc(N3CCCC(C)C3)nc12,-5.787,12.635954811568455,12.90577483144658,3.3099542292907924
Cc1c(NC(=S)NCc2ccccn2)ccc2sc(=O)[nH]c12,-5.394,4.645849222693306,7.90542098815743,3.03915021017389
Cc1c(NC(=O)CCN2CCCC2)cnn1C,-5.012,12.441894952136511,12.68142618162484,3.1642861754272484
CCCC(COC)NC1CCc2c(F)cccc21,-4.306,4.649933440383852,8.15518834853003,8.637602560896166
CCOC(=O)CC(C)CC(C)C(=O)NCC(=O)Nc1ccc(C#N)cc1,-4.43,11.469266149148341,9.016052794876481,12.582269628330177
CCCCc1noc(C(C)Nc2nnccc2C)n1,-5.775,12.782565235507308,12.532892164221312,2.929366825783347
Cc1cc(NC(=O)n2c(=O)cc[nH]c2=S)no1,-5.375,12.263916911003596,12.17206017895081,2.909607189982867
N#Cc1ccc(F)c(CN2CCC(CC(F)(F)F)CC2)c1,-5.99,11.89095071892908,12.164693214380705,3.0095507970459647
CC1CC1(O)C(=O)O,-4.149,11.994416742801628,11.078740812926352,8.333258366329463
Cc1snnc1COc1[nH]ncc1CO,-5.458,12.551401037334438,12.535995213783387,2.8689405710122333
CC(Sc1nnc(C2CC2)o1)C(=O)N1CCN(c2ccccc2F)CC1,-5.159,5.184276998772345,8.01627226334036,3.1655841483050167
Cc1nnc(CNC(=O)c2c(F)cccc2Cl)o1,-5.768,12.501945168652759,12.438958356711385,3.032532110299906
CCc1nc(C(=O)O)[nH]c1C(C)C,-4.51,12.282687775890096,12.308927288760788,2.877009732343636
Cc1c(N)c(NC(=O)C2CC2)c(F)c(C)c1Cl,-4.557,11.322829769982414,8.293385677755497,12.11115981233837
Cc1ccc(CCC(=O)Nc2ncc(-c3ccon3)n2C)cc1,-6.35,4.77595372674401,7.0543419962459994,2.959137374303532
CCCn1cc(Br)cc1C(=O)NCc1ccoc1,-4.98,12.67501814594362,12.942776865881601,3.3136670019783216
O=C(NC1CCCCC1NC(=O)c1cccs1)c1ncon1,-4.957,6.356892794439748,7.082304850823634,3.074159072006522
O=C(NC1(c2cccc(O)c2)CCCC1)c1cc2c(o1)CCCC2,-6.333,12.333215071505078,8.555487245037536,8.649192447853153
COC(C)(C)CC(=O)Nc1ccn(Cc2ccco2)n1,-5.027,12.216787179942196,12.967055371208993,2.8767450356262025
CN(c1nc2ccccc2o1)c1ccc(C#N)cc1Cl,-5.468,13.48525138809062,8.506883036694463,8.884989026442295
CCOCc1nc(-c2cc(C(=O)N3CCCC3)ccc2C#N)no1,-4.995,4.316177012125429,8.188052882095961,3.1516448086673723
CN(Cc1ncc[nH]1)S(=O)(=O)Nc1ccccn1,-4.84,12.530384231937981,11.901500283577699,3.050145734223203
CCc1nccn1CCCN1CCC(Nc2cc(C)nc(C3CC3)n2)CC1,-5.328,4.82003578824888,8.304248731823968,3.1151150861565284
CCC1CCN(c2cccnc2S(=O)(=O)NC2CC2)CC1,-4.754,7.950222638391958,8.741471558038727,3.0014771363447035
CC(=O)OC1C2CSCC1C(=O)O2,-4.694,16.380865972225035,11.547077076039633,2.941831572337206
C#CCNC(=O)c1ccc(S(=O)(=O)Nc2cc(C)no2)cc1,-5.443,12.416852862138619,12.09863810517531,2.927117011668649
NC(=O)c1nc(-c2ccco2)n(C2CC3(CCNC3)C2)n1,-5.181,4.813808575338243,8.230570879349743,3.2021444377167003
COc1cccc(OC)c1C(=O)NC1CCN(C)CC1C,-4.512,7.6138882313834895,8.092124442938331,2.918708961167591
Cc1cc(C)c(C(C)Nc2ccc(S(=O)(=O)NC3=NCCCCC3)cc2)c(C)c1,-4.334,3.6456364327782325,7.519005851839723,8.57249286963833
CCOC(C)c1cccc(NC(=O)Nc2ccc(N3CCCC3)nn2)c1,-5.505,11.420165016320912,7.300558540276216,7.74605893341898
Cc1noc(CCCC(=O)NC(CO)C(=O)O)n1,-5.44,13.094055445124708,12.624182191334217,2.8006956278753323
CCOc1cc2c(cc1OCc1ccc(Br)c(Cl)c1)=C(Cl)CCC=2,-5.538,4.678783282008262,8.438316716028144,4.106046638799906
C=Cc1nc(F)c(-c2ncccn2)n1OC,-4.421,15.458817872010783,12.577510484988673,2.9439634848278944
Cc1ccc(NC(=O)CCn2cncn2)nn1,-5.57,12.292712800679922,11.989453782387253,2.958791307273969
CCOc1ccc(CC(N)c2ccc(OCC)cc2)cc1,-4.6,12.720273267504908,7.183479519007483,9.717392139869625
COCCCN1C(=O)C(=O)C(=C(C)c2ccc(C)cc2)C1=O,-4.802,4.328877337139502,7.943043874988983,8.500659739102607
CCn1nc(C)c2c(=O)n(CC(=O)Nc3ccccc3)c(OC(C)C)nc21,-5.404,12.90084853798385,8.480096697561885,8.98504652186064
Cc1noc(C)c1C(=O)NC(c1ccccc1NC(=O)C(F)Cl)C(C)C,-5.046,7.027040628884964,7.440074596400226,3.0794739810558553
CC(CCCNC(=O)NC1(CC(=O)O)CCCC1)C(=O)O,-5.53,11.960793660957453,8.856660205743472,7.329595964307992
Cn1cc(CNC2CCCCCC2=O)nn1,-3.12,8.161260074277745,8.313868233259413,2.928358755344023
Nc1cc(Cl)ccc1CN1Cc2ccccc2C1=O,-4.888,13.483708169491061,10.518957647980145,9.411667811817415
Cc1nn2c(C(C)C)ccnc2c1C(=O)Nc1nc2c([nH]1)CCCC2,-6.281,4.208691720713219,7.860618105467279,3.3364749362163657
CCC(C(=O)C(F)(Cl)C(F)(F)F)C(C)Br,-4.197,14.097780889203804,13.016759735049272,3.0723588657577094
COc1cc(CNCCCc2c(C)n[nH]c2C)cc(C(C)=O)c1,-4.181,12.823776432860955,11.861764497746531,8.894517862144076
C=CCOC(=O)c1cc(O)c(C(=O)c2ccc(C)o2)c(=O)o1,-5.392,4.51079205905127,8.286711108757201,3.1404362754241646
O=C1COc2ccc([N+](=O)[O-])cc2N1C1=C([N+](=O)[O-])COC1,-3.692,12.227614526145318,12.640433101757234,2.9349984667798377
N#Cc1ccccc1S(=O)(=O)Nc1cc(Cl)ccc1OC(F)F,-5.244,4.180900142313853,7.4460267928607395,5.928189099548024
Cc1cc(Cl)cc(Cl)c1OCc1ccc(C(N)=O)o1,-5.303,12.213247561561994,12.902947763980137,3.0239055871504976
CCCc1ccc(OC(C)C(=O)Nc2c(C(C)C)cccc2C(C)C)cc1,-5.223,4.060543067127844,8.239115183076397,9.16338529147389
O=C(O)C1CCN(c2ccnc(OC(F)(F)F)c2)CC1,-5.233,4.764645317334754,8.145864410852909,2.9665415891236058
CCc1nc(CCNCc2c(Br)cnn2CC)n[nH]1,-5.585,12.762026367313304,12.482269585295777,2.9160010288064027
CCCN(CCNCCc1ccnn1C)C(C)C,-4.081,12.649539042984927,12.648035815888568,3.2300075851304126
CN(C(=O)CC1CCCCN1Cc1ccco1)c1ccccc1,-5.012,4.478055046557601,8.387057231234325,8.542383566663347
Cc1cccnc1NC(C)C1CCCCC1,-4.881,12.706519586417045,13.09842963870097,3.24471385487226
Cc1ccc(N2CC(CN(C)C(=O)CS(=O)(=O)C3CC3)CC2=O)cc1,-5.696,4.443691933516544,7.656025992641351,3.0560502286448106
Cc1c(N)ncnc1Oc1ccc(Cl)c(Cl)c1,-5.172,12.674174923836265,12.872217718792673,3.003564216060645
CC(C)n1ccc(C(=O)C=NNC(=O)OC(C)(C)C)n1,-5.153,6.794032749405908,7.419928368926482,3.13138260198271
CCc1ccc(Nc2nccc(C(=O)Nc3ccccc3F)n2)cc1,-5.929,4.635504179698256,8.427304847933295,4.328393004337753
Nc1ccccc1C(O)(c1cnc[nH]1)C1CCCC1,-5.702,14.010768144537971,12.343856812196098,2.9066217504174845
CCc1ccc(NC(=O)CN(c2ccc(Cl)c(C)c2)S(=O)(=O)c2ccc(C)cc2C)cc1,-5.565,4.930482126526776,7.088057844007764,3.6187828064143344
COc1ccc(NC(=O)c2ccc(NS(=O)(=O)c3ccccc3F)cc2)c(OC)c1,-6.284,5.199597965227696,7.937421810638514,2.823269204309075
O=[N+]([O-])c1cc(CNc2c(Cl)cc(F)cc2Cl)ccc1Cl,-4.891,7.586156536745073,7.8373053404853374,3.543867237919617
CCOC(=O)c1cc(CSc2nccc(C)n2)no1,-4.614,4.772494735460689,8.207338545472583,2.9701262599424956
CCc1c(C2CC2)nc(-n2ncc(C(=O)Nc3cc(C)ccc3C)c2C2CC2)[nH]c1=O,-5.779,4.122694992356335,7.991593770957079,3.6290850086488744
CCCOC(=O)C1=NNC(c2nc(CCC)no2)C1c1cccc(F)c1,-5.031,3.850623456013324,7.284049835084875,5.22204500172107
CC(Nc1nccnn1)c1ccn[nH]1,-4.694,12.402574248921068,12.46575757826214,2.9893091175052473
Cc1nc(S#N)cc(S(=O)(=O)Nc2nnc(-c3ccc(-c4ccccc4)cc3)s2)n1,-7.254,4.830373173989769,7.473112203091828,3.4538229543507284
c1coc(Cn2cc(-c3nc(C4CC4)no3)c3ccccc32)c1,-5.765,4.505281567227513,8.071507170287344,5.152034743671669
Cc1ccccc1C(=O)N1CCCC(C(=O)NC2CC2)C1,-5.231,3.4801899373453735,7.662283993692742,10.502276991205289
Cc1nc(C)n(-c2ccc(NS(=O)(=O)c3ccccc3)cc2)n1,-5.577,4.568089972844229,7.252434143099817,3.1565249880208457
COc1ccc(-c2nc(CSc3nc(C)cc(C)n3)c(C)o2)cc1OC,-5.594,4.7074013000805435,8.114579040221372,5.2279017779602555
N#Cc1nc(C(=O)N2CCCC2c2ncc[nH]2)cs1,-5.331,7.246020494036709,7.901785431154151,2.9144651310317644
COCC1(C(=O)NC(C)c2ccc(O)cc2)CC1,-4.454,12.429610130651724,13.09882414570102,2.911365487189817
Cc1ccc(CN(C)C(=O)c2nnn(Cc3ccco3)c2C)o1,-5.289,4.2385499879086,7.460790440697285,3.127079308236363
CCCOc1ccc(-c2n[nH]c(=S)o2)cc1OC,-4.906,12.535109971595782,13.090581728861402,3.113231440159886
Cc1ccoc1C(=O)OCC(=O)NC1CCCCC1C,-5.397,12.923199332982527,12.948722755546202,3.1063116392274615
C=CCC(N)C(=O)NCOCCCC,-4.177,12.938668439990261,13.056891896619193,3.0440034494067185
Cc1cc(CNCCc2noc(C)n2)n(C)n1,-4.414,13.102376921764996,12.716172812603642,2.9973591710037017
CCc1nccn1-c1ncc(C)cc1N,-4.204,12.575727454107774,11.580387558281458,8.84376650528495
COCC(=O)N(CC1CCC(=O)N1)C1CCCC1,-5.024,12.45663080451532,11.970233247518612,3.0783050531095855
CCC(C)NC(=O)c1cc(C(=O)Nc2ccc(F)c(F)c2F)ccn1,-5.448,12.776845698371723,7.341487655782035,7.824425921433469
CC(NC(=O)c1ccc(C(C)(C)C)s1)c1ccn[nH]1,-4.896,13.21970593470218,8.271027687053163,8.340413598857074
N#Cc1cnnc(Cl)c1NC(=O)Cn1cnnn1,-5.932,12.326508102459512,12.230343821822835,3.0041637771599596
CCn1sc(C(=O)N(C)Cc2n[nH]c(C)n2)c1C,-5.145,12.635127581469055,12.154653758951754,2.7832852890065007
Cc1nc(NC(=O)Cc2nnc(-c3ccccc3)o2)sc1C,-5.97,4.163218586622613,8.037813508660175,10.008461370260665
CC(=O)C1C2NC(c3ccccn3)=CCC1C(C)(O)C2CO,-4.203,12.716140530837176,13.023109958838557,3.22294244441318
Cc1nonc1CN1CCC(Cc2ncn[nH]2)CC1,-6.194,12.41395239236884,12.142357061131088,2.9132749612763984
CCC(c1ccccn1)N1CC2CN(C(=O)C(C)n3cncn3)CC21,-5.039,6.411035875738023,7.793439612905202,3.1208242500980417
CCC(C)OCCNCC(O)c1ccccc1,-4.423,12.749443321180733,12.488140974540608,3.0837970101807928
COc1n[nH]c(NC(=O)c2ccc(Oc3cnccn3)cc2)n1,-5.597,6.695511556259163,8.179583730239576,3.056988877964721
CCCN(C(=O)c1cc(Cl)ccn1)C1CCC1,-4.843,12.828378463391234,11.959405043730229,3.071871091045326
CCOc1ccc(C(=O)NCCn2ccnc2C(C)C)cc1,-5.038,12.930412831769912,8.264912582719795,8.923440143801043
CCc1cc(C)c(NC(=S)NNC(=O)c2ccc([N+](=O)[O-])o2)c(CC)c1,-5.481,4.578581658112039,8.26201143790058,2.9687237998843874
Cc1ccc(C(=O)C(C#N)C(=O)Nc2nc3ccccc3s2)o1,-6.059,4.281416237648473,7.361458754893625,4.557350765521566
CCCn1ncnc1CNc1ncnc(NC)c1CC,-4.389,12.725445611058184,11.75791163429969,8.880384563744974
Cc1nn(CC(=O)N(C)Cc2nc(C(C)C)cs2)c(=O)o1,-5.599,13.148691303700152,12.042384398448672,2.989167275346096
CCCN(C)C1Cc2ccccc2C1,-4.725,12.685607789932652,12.90359302675034,3.2619610665978214
Cn1nccc1C1OCCCC1CN,-4.429,15.580978467349219,12.186230631331414,2.899968792935539
Cc1nc(N2CCOCC2)ncc1NC(=O)c1snnc1-c1ccncc1,-5.484,11.646955224435269,7.374578157427039,9.215385504687257
Nc1ncnc2c1c(Nc1ccccn1)nn2Cc1ccco1,-5.173,4.3949449370839675,8.304464160919716,5.272482337571176
Cc1ccc(CNC(C#N)Cc2ccco2)o1,-4.967,12.63152124646909,12.11815476877565,3.0698687268350744
Cc1ccsc1C(=O)OCC(=N)Nc1cccc(Cl)c1,-5.212,3.4598868478607794,7.603991386107693,10.399356422394607
Cc1cnn(C)c1C1OC(=O)CC1O,-4.658,13.88937910779312,12.396562991410159,2.914637884883815
Cn1ccnc1CNN,-3.947,14.279153336245116,12.165897377505699,3.0362987336558303
Cn1ncc(F)c1C(N)c1c[nH]c2cnccc12,-5.257,13.274927871743786,12.474934148122786,2.8375092951389607
S=C1NC(c2cccn2-c2ncccn2)CN1CC1CCCO1,-4.853,13.635502337647852,7.3672701864394785,7.775674761716825
Cc1ccc(S(=O)(=O)NC(CO)CF)c(C)c1,-4.765,12.775926933103523,12.753293456985924,3.1219674886199567
CN(Cc1ccco1)C(=O)C1CCN(C(=O)OC(C)(C)C)CC1,-4.733,4.927961444654371,8.364768496497677,3.0002414902804087
N#CC(Cc1ccc(F)cc1)C(=O)Nc1nccs1,-5.016,4.519005532194002,7.985498043328293,9.238693576474978
O=C(C=Cc1ccccc1)N1CCC(C=Cc2ccccc2)CC1,-6.055,14.080386003231588,8.498222520033233,8.714908720118645
O=C(Nc1nncs1)C1CCC(C(F)(F)F)CC1,-4.808,3.9486419184322097,7.157353840631327,4.7703570097006365
Cc1c(NC(=O)c2cn[nH]n2)c(=O)ncn1C(C)C,-5.121,12.490789006303807,12.416417559022408,2.921482158083461
Cc1ncc(CNC(=O)C2CCCN2)cn1,-5.164,12.881104960367336,12.544401500270947,2.8698094013366116
Cc1nnc(CN2C(=O)CNc3ncc(Cl)cc32)o1,-5.794,12.585756711457599,11.945115570809685,2.8035745040929445
CCC(C)OC(=O)C1CC(=O)N(c2ccc(C(=O)O)cc2)C1=O,-5.307,4.889308949125632,7.186384417772263,3.0476668124977175
COc1ccc(N(CC(=O)NC(C)c2ccccc2Cl)S(C)(=O)=O)cc1,-5.138,4.263804052720998,7.166212179387378,8.625429902329508
CC(=O)c1ccc2c(c1)N(Cc1ccco1)C(=O)C(C)(C1CC1)N2,-4.897,13.920017313207625,6.964935965247634,7.778258738303837
Cc1nc(C)c(N2CCN(C)CC2)nc1C,-4.159,7.734955268131806,8.49191739243853,3.154154561843792
CC1(O)CC(CO)N(C(=O)OC(C)(C)C)C1,-4.423,11.78923275705421,12.596634193307354,2.853823049875377
CCOc1cc(NC(=O)COC(=O)c2cc(C)oc2C)ccc1C,-5.187,3.898075166027459,7.57971213173693,10.136281172106466
c1cnc(NCCc2cnccn2)nc1,-4.469,12.624049667202677,12.68102046366932,3.2144033661007763
Cc1c(C(=O)Nc2ncc[nH]2)nnn1C1CCOC1C,-4.99,7.920392982674533,8.289673214307063,3.229656018835442
CC1(C)CC1N1CCC(O)C1,-3.917,14.24676812473622,12.084920603793805,2.9905185169130784
Cc1c(C(=O)N2CCN(c3nc4ccccc4c(=O)[nH]3)CC2)nnn1Cc1ccco1,-6.482,4.858215001417701,8.356813806708871,3.0628476945483265
Cc1ccc(N2CC(N(C)c3nc(C(C)(C)C)ncc3Cl)C2)nn1,-6.338,12.366232166670656,12.942625120121498,2.9412544942592103
CC(=O)Cc1nc(CC(C)C)nc(Cl)c1C1CCNC1,-4.953,12.444937002652926,12.358684598289576,2.901515810744446
CCN(CC)NC(=O)C1(CC(C)=O)CC=C(c2ccccc2)C1,-4.617,12.28387613906946,6.822435488885182,8.064632973669664
Cc1cc(Cl)ccc1OC(C)C(=O)Nc1cccc(F)c1,-5.522,3.7177590024099194,8.38521281781208,9.4753997804842
Cc1cc(C(=O)N2CCN(c3cccc(NC(=O)c4ccco4)c3)CC2)no1,-6.039,3.780744238903235,7.995356214703632,3.086028839787471
Cc1cc(C(=O)COC(=O)c2cc(Cl)ccc2Cl)c(C)n1C1CC1,-5.272,3.636170788068129,8.239181330690569,9.897593495390685
CC(NC(=O)CCC(=O)Nc1ccc(C#N)cc1)c1ccccc1,-4.715,13.14421089301294,6.80297897982935,7.610311228852601
CCCn1cc(S(=O)(=O)N2CC(=O)NC(=O)C2)c(C)n1,-5.57,13.2108830136369,11.742943796169682,2.8318474535186393
CCc1nn(C)c(CNCC(C)C(N)=O)c1CC,-4.057,12.622864413436437,12.381604984815176,2.9589952686680667
CC1CN(c2ccc(C#N)c(Cl)c2)CCC1N,-4.941,12.808257414652472,13.345257359826375,2.8395763768562383
COC(=O)c1ccc(Cl)c(OCc2ccccc2)c1,-5.021,13.114371544225824,8.527240819866647,9.015308646962676
CCOC(=O)C12CC(c3ccccc3)C1=Nc1n[nH]nc1N2Nc1ccc([N+](=O)[O-])cc1,-5.201,5.5999838392623955,7.663597653843787,3.3946852578700137
CCC(CC)c1nnc(NCCCC(NC(=O)c2ccco2)C(=O)O)o1,-5.261,4.297529639222979,8.147171656470729,2.9399051005091983
O=C(Cc1c(Cl)cccc1Cl)N1CCN2CCCCC2C1,-5.476,12.663838478123449,12.532574117075871,3.035037232061577
COc1ccc(S(=O)(=O)N(Cc2ccco2)c2nc(C)nc(C)c2C#N)cc1,89.71,12.609675570767077,12.366711325166445,2.95911101515303
COC(=O)c1n[nH]c(CCC(F)(F)F)c1I,-5.008,12.24030743077967,12.501664449184357,2.894099168998879
O=C(Nc1ccc(-c2ncc[nH]2)cc1)c1ccccc1Cl,-5.761,12.477284359987955,12.277495917327768,3.0024035371681808
CCOC(=O)NC(=O)C(C)C,-4.016,13.004546320421948,12.81867707682817,2.948631716576351
CCCn1cnc(C(=O)O)c1C(=O)NCC(O)c1ccc(C)o1,-4.563,7.921091717686395,7.992652000431395,3.216555455763198
Cc1nc(Nc2cn(C)nc2C)c(C#N)c(N(C)CCc2cn[nH]c2)n1,-5.226,5.09428552399647,8.453483601450943,3.06177089280044
CC(C)(C)c1ccc(C2C(=C(O)c3ccc4c(c3)OCO4)C(=O)C(=O)N2C2CCCC2)cc1,-5.971,11.959826754598078,7.244401148473213,8.773767434802451
CCCC(C)OCC(=O)N(C)CCNC,-4.205,12.797411027235158,12.1805117298084,2.8161450601842226
CCNC(=O)c1ccc(NC(=O)CC(C)(C)CC(=O)O)c(C)c1,-5.417,3.7788874023976944,7.8272596737300075,3.0534875143022937
CCn1c(C)nnc1CNC(=O)c1ccco1,-5.482,12.653879405146867,12.094818270647973,2.798842260649928
CC1CCC(NCc2ccc3c(c2)CNC3)C1,-5.078,12.971675026765046,13.460097065028915,3.3215743255269783
Cc1cc(C(C)NC2CCN(c3ccc(F)cc3)C2=O)ccc1O,-6.25,4.535078169116823,8.459860400739482,2.9785467933205285
CC1CN(c2ncnc(N)c2C#N)CCN1CC(F)C(F)(F)F,-4.77,3.936883666048567,7.992147708845227,9.203522858123403
CCCC(Oc1cccc(N)c1C(F)(F)F)C(=O)OC,-4.904,12.279488059361432,12.395794891817145,2.8470690191844668
O=C(Nc1cnccn1)c1cc(Cl)ccc1Cl,-5.138,12.24523829902873,12.42101787294423,2.897516350255853
CCCOc1ccc(Cl)cc1C=NNc1nc(-c2ccccc2C)n[nH]1,-5.744,4.879656750223318,8.142360591376434,3.1686375621077274
CCOC(=O)C1C(OC(=O)n2nc(-c3ccccc3)c3ccccc32)=CC(c2ccc(OC)cc2)C1C(=O)OCC,-5.485,5.25199866717424,8.186530705982847,5.491402826236662
CCCCC1C(=O)NC(=O)C(CC)N1C(=O)OC(C)(C)C,-4.71,13.06858048909674,12.959990663576884,2.8315029577946764
CC1CCC(Nc2ncc(Br)cc2C(=O)O)C1,-4.647,12.953409435357164,12.461234930776323,2.9891231155641615
CCc1noc(N(CCOC)C(=O)c2snnc2C)n1,-5.263,12.393628241963691,12.436988823666283,2.9374459995036513
C=CCn1ncc(C(=O)N2c3ccccc3CC2C)c1C,-5.091,4.193223342489642,8.100137653151332,8.351552789751135
CC(=O)C1(C)CCC(C)(C(=O)O)O1,-4.521,13.254550199837038,12.229532166031538,2.937311355644818
COc1c(Cl)ncnc1OS(=O)(=O)c1ccccc1,-5.536,4.545485452622194,7.4295739447158065,5.76722203491421
Clc1ncc(Cl)c(Nc2ncc[nH]2)n1,-4.987,12.477022441271796,12.65261478904657,3.0856331603092415
CC1CC(Cc2ccccc2)OCCN1Cc1cncs1,-3.144,5.124180715002156,8.984885808957173,8.86294087760942
COc1ccc(S(=O)(=O)N2C3CCC2CC(O)(c2ccco2)C3)c(C)c1,-5.192,6.73904785559503,8.33276262712433,2.932327744301447
COc1ccc(CC(CC2CCCN2C(=O)OC(C)(C)C)C(=O)O)cc1,-5.137,5.064032484098023,7.678552597983554,2.950932564461615
CCC(C)(CCCN)C(CC(=O)O)NC(=O)O,-4.738,13.22157176738076,11.717953490264415,2.801439808384253
CCC(C)NC(=O)C(C)N1CCN(Cc2nc(N)nc(=O)[nH]2)CC1,-5.314,4.47136153760798,8.213184583339157,3.0954179039347816
COCCN(C(=O)CCCC(=O)O)C1CCCC1,-4.759,12.87412544602545,12.036214105772629,3.0112977268945027
CCn1nc(C)cc1C(=O)N(Cc1ccco1)C1CC1,-4.476,12.692403279127245,12.574136352052175,3.0820859819284734
CCNc1cc(C(C)C)nc(-c2ccc(Br)cc2)n1,-4.872,13.851275392540574,7.634084751952914,6.321594893695735
CC(Nc1ccccc1C(=O)NCc1ccco1)C(N)=O,-4.642,11.195774828032226,8.676546951408723,12.35733065835822
CC(c1nc2ccccc2[nH]1)N(C)CCc1ccncc1,-5.346,4.181230680074946,8.25203623356078,3.138402619167912
CC(=O)c1cc(C(=O)OCC(=O)Nc2cccc(Cl)c2C)n(C)c1,-5.308,4.54912046444145,7.304291136037774,2.8288759251688638
O=C1CC(CCCC(=O)Nc2nnc(C3CCCCC3)s2)C(=O)N1,-5.753,4.78933909845607,7.628650011633775,3.7159541170471955
CCCCOC(C)C(=O)Nc1nc2nc(C)ccc2s1,-4.611,3.822278508952481,8.345179986075795,9.295623809083498
COC(=O)Nc1cccc(-n2cncn2)c1,-4.554,12.470419118858837,12.520354707435407,2.889256132640372
COc1cccc(NC(=O)Cn2cc(C(=O)O)c(C)nc2=O)c1,-5.532,4.481859993350975,7.075707385131185,3.0398960508543706
CC(C)CC[S+]([O-])Cc1c(Cl)cccc1Cl,-4.24,12.80432684681237,11.9283176097889,3.031478847031593
CCn1c(CSc2ncccn2)nc2cc(F)c(F)cc21,-5.424,12.792009107251292,12.601323620953474,3.105275189093553
COc1cc(OC)nc(NC(=O)C2C3CCCCC32C)n1,-4.975,3.9019290101179442,7.167699840255588,5.207133376436597
CCN1CCN(c2cccc(Cl)c2)S1(=O)=O,-4.444,8.667792394837337,8.284441200225878,2.869822991057114
Cc1ccc(Br)cc1NC(C)C(=O)Nc1ccc(F)cc1,-5.259,4.342693173596311,7.343744685104459,3.7950822125482344
CCCCCNC(=O)C(C#N)=Cc1c(C)[nH]oc1=O,-5.376,12.713474938033269,12.230941909763123,2.8501080681265405
c1cn(C2CCC(Cn3ccnc3C3CC3)C2)cn1,-4.27,13.585604918442167,7.37647246317642,8.241901782962474
CN(C(=O)Cn1ccc2cc(C(=N)N)ccc21)C1CC1,-5.487,4.16570210168706,8.174291284264342,3.2256329611411148
CCC1CCCC(NC(=O)NCc2nc(-c3ccc(Cl)cc3)n[nH]2)C1,-5.95,12.877096994276311,7.561917349455759,8.975006406682951
CC(CN(C)C)Nc1cc(Cl)ncn1,-4.203,12.424945110542742,12.564133595278268,3.0252353627445254
Cc1ccc(CN(Cc2ccco2)C(=O)CCSc2ccc(Cl)cc2)o1,-5.093,12.540846861356693,12.635715492207,3.1958640459193504
CSc1cc(Cl)c(Cl)cc1-n1cc(CC(N)=NO)nn1,-5.298,13.416765407504151,12.425521880387961,2.825783785076275
Nc1cnccc1Nc1ccc(Cl)cc1Cl,-5.192,12.6595801273186,12.375934590971301,2.9249444439168415
CC(C)(O)n1c(=O)ccc2cc(F)ccc21,-5.174,13.6067723579106,13.042555999496416,2.8557993627003984
O=C1NC(=O)N(C2CCN(c3ccc(Br)cc3)C2=O)C1c1ccc(F)cc1,-5.899,4.87552715098583,8.42756868853645,4.129176794471267
CS(=O)(=O)N1CCC(NC(=O)c2ccn3nccc3n2)CC1,-5.417,5.574100824348263,8.27939466386281,3.2067641010838317
CCOc1cccc(OCc2nc3ccc(Cl)cn3c2C(F)(F)F)n1,-5.289,7.493649711589139,7.660624126009576,2.82526759794537
CCCCOc1cc(NCc2nc(C)no2)nc(C)n1,-4.899,12.242962509131521,12.311684896877438,2.8358434371452885
CCOC(=O)C1CC(C)C(C(=O)NO)N1,-5.071,13.283062372811475,11.538900727538996,2.8457452450983736
CC(C(=O)ONC(=O)C(F)(F)F)c1ccc(F)c(Cl)c1,-5.44,13.138446711845354,12.316964967068795,2.8166863510160303
CCNCc1cccnn1,-3.94,7.843703398267938,7.827030663029244,2.9053042869895744
Cc1ccc(CCNC(=O)C2CCC(=O)NC2)cc1Br,-5.482,6.246239588744576,8.2734653561854,2.937746415196519
O=C(COc1ccc(Cl)cc1Cl)Nc1ccc(C(=O)NO)c(Cl)c1,-6.027,4.9102787089940225,8.072764706096667,2.8895869947104895
CC(C)C1N=C(c2ccccc2)CC1=O,-4.895,12.682943625199949,13.22610811992704,3.2549737326129073
Cc1cc(CN(CCc2ccccn2)C(C)C(=O)O)no1,-5.249,6.329999289099486,7.311422091494922,2.9113168841608434
CC1CN(C)CC1Nc1ccnc(C(C)(C)C)n1,-4.327,3.921768096152551,8.020613318194563,5.825253299213691
CCOC(=O)C(Cc1ccc(-c2noc(C(C)(C)C)n2)cc1)NC(=O)c1cccs1,-5.455,12.696994093091483,12.611654372048102,2.9388239144256327
O=C1NC(=O)C(CCCC(F)(F)F)(c2cccc(F)c2)N1,-4.895,13.46141523020518,6.961810755830698,7.061459126837739
CCC1C(=O)NC(C(C)C)C(=O)N1c1cccc(Br)c1,-4.461,7.607416775752462,10.708787279612944,5.924337853296349
CCC1(CC(C)(C)C)NC(=O)N(Cc2cc(C(F)(F)F)on2)C1=O,-4.716,3.788175946283382,8.870799569373665,5.516652880143901
N#Cc1ccc(C(=O)NCc2ncon2)cc1F,-5.428,12.723396126820857,12.008571147309741,2.700339237947706
CC1(C(=O)Nc2nnc(C(C)(C)C)s2)CCCO1,-4.739,4.462951153665028,7.41607160159609,5.194510275281011
CC(C#N)=Cc1cn(C)nc1C1CC1,-4.868,12.592724804425767,12.716515678439594,3.1525959144806364
Cc1cc(S(=O)(=O)N(C)C)ccc1C(=O)Nc1ccc(Cl)cn1,-5.229,4.591665928614581,7.944417473924692,2.9634132347683133
Cc1ccc(S(=O)(=O)N2CC(=O)NC(C)(C)C2)cc1,-4.733,7.019176162485168,10.289315866470425,8.242501137397555
CN1Cc2nn(C)c(C(F)(F)F)c2Cc2c(C3CC3)nnn2CC1=O,-3.924,4.6894643617368486,8.184063782742653,5.838352164780744
Cc1ccc(NC(=O)CN2C(=O)NC(C)(C3CC3)C2=O)nc1,-5.362,5.137907550744757,8.263243007439632,3.6327965811479177
O=C1c2nonc2CCN1Cc1ccc([N+](=O)[O-])cc1,-5.394,3.814182087944937,8.39379925897683,3.0408585958574275
Cc1ccc(-c2noc(C(=O)NCCNC(=O)CCc3ccc(F)c(F)c3)n2)cc1,-5.604,5.896882651028423,7.930173831638245,2.917734052308402
CCCc1nnc(NC(=O)c2cc(-n3cnnn3)c(C)cc2C)s1,-5.532,12.66428387237115,8.51121131214588,8.887106728289021
Cc1nc2ccccn2c1CCC(=O)NCC1(CC(=O)O)CC1,-5.016,4.663305587241737,7.641920308404164,5.121191072397124
CC(=O)c1cc(Cl)cc(Cl)c1OCC(=O)NC1CCCC1,-4.794,4.415529073621868,7.351392453134304,5.323557175423216
CC(=O)Oc1c(C#N)cccc1OCC(C)C,-4.794,12.888171359816722,12.018978533968683,3.0332563360190976
CC(NC(=O)Cn1ncc2c(c1=O)C1(CCC1)C(C)N2)c1ccco1,-5.386,4.67060831155857,8.479440429651003,3.195412962357135
O=C1C=CCc2ccc(O)c(OC3CCCCC3)c2C2OCCC12,-4.453,4.5267000121501315,8.17120652045951,6.208883313446952
Cc1cc2oc(=O)cc(CSc3nc4ccccc4c(=O)n3Cc3ccon3)c2o1,-6.148,4.208818480286362,7.297881747466177,6.850121823734232
CC(=O)OCS(=O)OCCS(C)(=O)=O,-3.87,12.978268374478931,12.036545766954903,2.956662138290407
Cc1nc(-c2ncn(C)n2)sc1CNC(=O)c1sc(C(C)C)nc1C,-5.344,4.359703430280551,7.3775935100817245,3.6511906277267974
CC1CC(c2nc(C(C)C)no2)N(S(=O)(=O)C2CCCC2)C1,-5.247,4.738357732379437,7.302365507149035,5.455651748416498
CN(Cc1nc(COC(=O)CCc2ccnn2C)cs1)C(=O)OC(C)(C)C,-4.8,3.4499933333268924,7.549620255350596,3.4344776895475677
CC(C#N)Sc1nnc(-c2ccncc2)n1C1CC1,-4.484,12.778630638687387,12.960972532954463,3.2278698858535173
O=c1n(C(=Cc2cccnc2)C(F)(F)F)nc2ccccn12,-5.154,4.275456232965085,7.970911491165863,4.6517466612015745
O=C(Nc1c(Cl)cccc1Cl)c1ccnc(Cl)n1,-5.52,12.516621469070637,12.658611851226027,3.084169093937621
O=C(C1CCS(=O)(=O)C1)N1CC2(CCCCC2)C1,-4.979,12.864377909560961,12.32658711890684,2.8679977336113778
O=S(=O)(c1cn[nH]c1)N(Cc1ccco1)CC1CCCO1,-4.649,12.835988236205267,12.605400191981213,2.9662870730932296
CCN1CCCC1CNc1onc(C)c1S(N)(=O)=O,-4.743,12.522788427502878,12.597657361589098,3.0932741553247425
CC(C)OCCN1C(=O)c2ccc(C(N)=O)cc2S1(=O)=O,-5.342,4.647712770815338,7.341794399191521,2.9053698559735905
Cc1nc(CN2CCN(C(=O)CCn3ncc(C)c3C)CC2C)no1,-6.033,12.170356239650506,12.506937075079573,3.088809803144247
CC(C)n1cc(Cl)cc1C(=O)Nc1ccc2c(c1)CCO2,-5.61,12.922163944169723,13.223113135718078,3.3054553392838337
CC(C)CN(CCN(C)C)C(=O)Cc1ccc(F)cc1,-4.148,12.90221256219258,12.56782960578317,2.991067033685471
NCCCCNc1ncc(C(F)(F)F)c(NO)n1,-4.755,8.19812399271931,8.07088409035838,2.826993809685476
FC(F)(F)c1cnc(NN=Cc2cn[nH]n2)c(Cl)c1,-5.768,12.69813663495554,12.649024389256272,3.0219447380784445
Cc1cc(NC(=O)C(C)Sc2nnc(C)n2N)no1,-5.326,4.352712602504328,7.261634939874077,3.140362717903777
CN(CCc1ccncc1)Cc1ccccc1CNC(=O)C1CC1,-5.694,12.600557686070882,12.623681000405547,2.8346761719815547
Cc1cncnc1NC(C)C(C)Oc1ccc(Cl)cc1,-4.933,4.722831883520733,7.855670881598845,3.343356995595894
O=C(NCCc1ncn[nH]1)c1cn(Cc2ccc(Cl)cc2Cl)nn1,-5.707,4.506246886267995,7.389509455978793,3.1766066800911967
Cc1n[nH]c(C)c1NC(=O)CCC1(O)CCCC1O,-4.998,12.829996414652657,12.22922601802747,3.0798009675951468
CCn1c(C(C)N(C)C(=O)C2CC2)nc2ccccc2c1=O,-4.865,10.971276953937496,8.786217274800347,12.5263586488652
Nc1nc2ncc(Sc3cccc(Cl)c3)c(N)c2s1,-5.144,12.445678527103295,12.60896942656298,3.0757272310788544
O=C(C1Cc2ccccc2O1)N1CCC(Oc2cccnn2)C1,-6.173,4.454469889897114,8.04882805133766,3.211738625729062
Cc1c(Cl)cccc1NC(=O)C(C)OC(=O)c1ncccc1C(F)(F)F,-5.609,6.5420264444589336,8.251534160384963,3.1868357347061362
COC(=O)c1cnc(-c2ccccc2)oc1=O,-5.172,12.931775632139617,13.20981385183001,3.272685899991015
CCOC(=O)c1cnc(C(CC)N2CCN(C(=O)OCC)CC2)nc1C,-5.15,4.745050052423051,7.960151066405713,2.899053983629832
Cc1nc(C(C)NC(=O)c2cccc3c2CCC3)[nH]c1C,-5.706,3.297068091501903,7.4012954271532765,8.258192659414044
O=C(c1cc(Br)ccc1F)N1CCN(S(=O)(=O)c2ccc(F)cc2)CC1,-5.505,7.6732025908351975,8.03565660042787,3.558646090860962
Cc1nc(CS(=O)(=O)NCCC(=O)O)no1,-4.788,13.113789459953976,12.140074176050161,2.9666494568789217
O=C(O)C(Sc1cccc(Cl)c1)c1nn[nH]n1,-5.641,12.668227776607113,12.286537795489826,2.8974569884641945
CCCNC(C(OC)C(C)C)C(C)(C)C,-3.625,13.45000702602047,12.635570347237993,2.996849679246525
Cc1n[nH]c(C)c1NS(=O)(=O)c1ccsc1C#N,-4.876,8.24628892290344,8.433425757069305,3.0567201376638984
CCCCC(=O)N(C(=O)c1ccc(=O)[nH]n1)c1ccccc1,-4.834,6.888660392267861,8.22041276335927,3.1009097052316763
O=C(CN1C(=O)C2CC=CCC2C1=O)Nc1cccc(Cl)c1Cl,-5.463,4.117792369704913,7.866216244167203,10.45233390205269
CCOC(=O)CCC(=O)Cn1c(=O)n(C)c2c(C)nc(N)nc21,-4.703,4.336112659975522,7.141386840103259,3.707463958017665
COc1ccc(C)cc1NC(=O)C(C#N)=CNC(=O)c1ccco1,-5.967,5.39989685086669,7.770847765848974,3.21333191562901
O=C(Cc1ccc(Cl)cc1)N1CCN(c2cc(=O)n3ccccc3n2)CC1,-6.335,5.494693258044529,7.7499366449023315,3.1969072554579996
CCCCCCCCCC=CCOc1ccccc1,-3.907,13.727314777479245,8.447358048526178,8.909478379793061
Cc1cc(NC(=O)c2nnc(-c3ncccn3)o2)cc(C)c1C,-6.008,6.331592927534113,8.196442520996532,3.24606792904893
CN(Cc1ccco1)C(=O)c1ccco1,-4.352,13.10974092039961,12.740347051787875,3.142681816538225
CN1Cc2c(c(F)nn2C)C1=O,-4.264,16.662879313011903,12.688455146313125,3.055605995543274
Cc1nc(C)c(CNC(=O)N(C)Cc2cccc(C#N)c2)c(C)n1,-5.955,12.898243717653967,12.025313093637106,3.0747299068373466
CC(=O)N1CC(F)(F)CC1C(=O)O,-4.629,7.809097835217586,8.227540580270631,3.0745965589000446
Cc1c(-c2ccncc2)n[nH]c1C(=O)Nc1ccc(C(N)=O)nc1,-5.595,12.584756572933781,7.031006044656768,9.5288155612332
Cc1[nH]c2ccccc2c1CCC(=O)N(CC(=O)O)C(C)(C)C,-4.966,4.532075021444371,8.155457191353529,2.9153946559599775
COc1ccccc1-n1cnnc1SCC(=O)Nc1ccnn1Cc1ccco1,-5.144,11.224114441683138,8.891558693502507,12.410550753290524
CCc1nc(C)c(S(=O)(=O)Nc2ccc(F)cc2)[nH]1,-5.644,12.429401353243044,12.79835591003782,3.0231404201591427
Cn1nc(C2CCOC2)cc1S(N)(=O)=O,-5.045,12.922107761507021,13.058963703142759,2.8398109091980057
CCOC1CC(C(=O)NCc2ccco2)N(C(=O)OCC(C)C)C1,-5.027,12.287729245063955,12.491752519162393,3.0377802751351193
Fc1cnc(-c2n[nH]c(=S)o2)c(OC(F)F)c1,-4.631,12.004538724998975,11.186161942328566,8.474762179554066
Cc1ccsc1C(=O)NC(C)CCc1ccco1,-4.327,12.828739805608343,12.306001178286959,2.8772587648663097
CC(C)c1ccc(N2CCN(C(=O)c3ccoc3)CC2)nn1,-5.445,4.71014139915141,8.258246666211903,2.8485677102712517
CCc1nccn1C(C)C(N)=NCC(C)C,-4.081,12.704054588988509,11.489410559293283,8.658961311843356
CCOC(=O)C1CCN(c2nn3nnnc3cc2C)C1,-4.952,12.807945112312122,12.864343706540183,2.9799652682539772
CC1(C)CC1Nc1ccc2c(c1)COC2,-4.554,12.493295201827259,12.576251786601603,3.1359939413206783
COc1nccnc1C(=O)Nc1nn(C)c(C)c1C#N,-5.012,5.455782345365328,8.50993519364278,3.3694677621250517
N#Cc1cccc(NS(=O)(=O)Cc2ccc(CN)cc2)c1,-5.838,12.82199695835247,11.979298351739972,3.0771719158994024
C=Cc1cccc(OSC(F)(F)F)c1,-4.293,13.018932175873719,12.938437347686158,2.9466126314804257
Cc1ccc(C)c(NC(=O)C(C)n2cnc(C(C)C)n2)n1,-5.227,11.509678188376945,8.556719289540823,12.101215269550408
CCc1noc(-c2cnn(C)c2-n2cc[nH]2)n1,-5.481,12.729650466528922,12.677408646880481,3.1650576614020793
CCCC1(C)CC(OCC)CC1C(=O)O,-4.372,7.338585899204288,8.187705600471967,2.8726675756167817
O=C(Nc1ccc(F)cc1Cn1cccn1)N1CCCC1Cn1cncn1,-6.449,12.515064562358438,12.149297716329121,2.847919591561532
COC(=O)C1CCN(C(=O)CC2CC2)C1,-4.6,12.771657449211515,13.072422308049873,3.215906404110666
CC(NC1CCC1)c1cccc(F)c1,-4.726,12.981911492534525,12.81177196955987,3.072967458337299
Cc1ccc(SCc2nnc(SCc3noc(C(C)(C)C)n3)o2)cc1,-5.965,4.562781388583065,8.326861773801701,2.817941092358035
CC(Nc1ccc(C(N)=O)nn1)c1ccncc1F,-4.819,4.230963247299602,8.262389242828007,3.035284171210334
COc1ccc(N2CC(c3nc4ccccc4o3)CC2=O)cc1,-5.582,4.335682760534953,8.212806158676825,3.1044461663878136
Cc1cc(-c2nnc(SCc3cccc(Cl)c3)o2)no1,-5.698,4.556666105827811,8.182017049603354,3.066412561936179
CC(C)=C(CC1(C)CCCO1)C(=O)O,-4.493,12.28599454663724,11.246959189043055,8.796659479597922
NC(=O)c1ccoc1CNC(=O)C1CCCO1,-5.504,12.248831209548118,12.145604225397763,2.787656542689575
CC(C)(C)n1cc(CNc2nc3ccccc3o2)cn1,-5.262,13.058543065748186,8.513017913760079,8.908222157086115
CCC1CCC(CN)C(N2CCOC(C)C2)C1,-5.224,12.917572720910071,12.738362767640117,2.994387583463437
CCCOP(=O)(O)CC[N+](CCC)(CCC)CCC,-3.694,6.90270939559243,8.094907102617052,2.9617027197205323
CN(Cc1ccc(C(F)(F)F)cc1)C(=O)c1cccnc1Cl,-5.08,13.05766047192222,8.403170889610658,9.062053685561567
O=C(Nc1ccc(Cl)cn1)c1cccn1-c1nccs1,-5.084,7.625533096118591,8.0838051065077,3.0843373680581703
C#CC(C)(CC)NC(=O)C1CCN(C(=O)c2ccoc2)CC1,-5.334,12.98040442359174,8.448774230620675,8.904960976893722
Cc1ccc(OCC(=O)NC2(CN)CCCC2)nn1,-5.558,12.19819253004313,12.335321844200095,2.8298024666043387
Cc1ccn(C2CCCC2)c(=O)c1C(=O)Nc1ccc2c(c1)OCCO2,-6.341,4.260495980516822,8.223169097130375,2.841325394952152
CCCCn1cc(CNCC(O)C(F)(F)F)nn1,-4.926,12.745845989968654,13.307060757357352,2.9039078842139605
OC(COc1ccc(-c2nccs2)cc1)CN1CCc2ccccc2C1,-5.436,3.8722957015186745,7.91579825412447,10.479520838282635
CCn1ncnc1COC(=O)NCc1c(C)nn(-c2ccc(Cl)cc2)c1C,-5.935,4.378980931678054,8.161666190184452,3.2802269738540955
Cc1nnn(Cc2cccc(C(N)=O)c2)c1C,-5.501,12.276964975106837,12.19539835347743,3.0127882434714857
CCCOc1ccc2c(C(N)=O)c(CO)oc2c1CNC(=O)c1ccccc1,-5.959,4.528803153152055,8.083561467571085,3.214544757815638
CC(=O)c1cc(CN(CCN(C)C)c2cc(C)ncn2)[nH]n1,-4.831,6.514154204499615,8.06577001903724,3.1330659105738587
O=C=C1C=CC1=O,-3.445,16.960687662945748,12.450912336049917,2.9834820260896495
CC1CCCC(SC(C)(C)C)C1CN,-3.764,13.303962191768287,12.979131172771158,3.2537023527052993
N#CC(C(=O)NCc1ccco1)=C(O)c1ccc2ncsc2c1,-5.79,6.90238538477822,8.297883465077103,3.0760672944524474
Cc1nc(COc2ccc(Nc3ncc4cccc(Cl)c4n3)cc2)no1,-6.183,4.172006351864771,8.302545453052334,2.941239874610707
N#Cc1ccc2c(c1)CCC2NC(=O)c1cccc2cn[nH]c12,-6.266,12.834608291646457,8.381539775005544,9.200678779307536
CC(C)(NC(=O)c1ccco1)C(O)c1ccccc1,-4.984,3.219145694124452,7.411240719339778,6.752498944835164
Cc1noc(C)c1C(=O)NC(C(=O)O)C(C)C,-4.933,12.592005916453502,11.97840377512797,2.8739220587900434
Cc1ccc(C=C(C#N)c2nnc(C)o2)o1,-5.823,12.33533355852204,12.713133602696072,2.9930016705641846
CCc1nonc1C(=O)N1CC(=O)Nc2ccccc21,-5.807,12.107087758829538,11.790017175560008,2.802543309210404
CC(C)CN1CCC(NC(=O)c2ncoc2C(=O)O)CC1,-5.589,12.47672032226418,12.201863996947353,3.0210544516774274
CCOc1ccc(N2C(=O)C(O)=C(C(=O)CC(CC)CC)C2=O)cc1,-4.881,14.020965052377814,7.751731354994186,7.179192364047643
COc1ccc(N(C)Cc2nccn2C)c(Cl)c1,-4.13,11.45461513975917,8.615606188771629,12.174970472243455
CC(C)c1nnc(-c2ccoc2C(=O)O)o1,-5.329,13.064593411201132,12.788826607629021,3.060383145947579
Cc1noc(NC(C)C(=O)c2c(F)cccc2F)n1,-5.596,12.702737106623912,12.840302060309952,2.9718460592702307
CCOC(=O)C1=C(C)NC2=C(C(=O)CC(C)(C)C2)C1Nc1nnc(C)s1,-5.093,4.940178235651016,7.710270682667373,3.3604413400623434
CCCOC(=O)c1ccc(-c2ccn[nH]2)c(C)c1,-4.915,4.464063395607191,8.309345341240789,2.9244761924146347
CC(=O)NC1Cc2cnc(-c3ccc(C(=O)O)cc3)n2C1,-5.861,12.312447563340118,8.673794671307363,8.52009941256556
CCC(NC(=O)Cc1ccon1)c1cc(C(F)(F)F)cc(C(F)(F)F)c1,-5.92,12.238413050718627,12.072932286731339,2.804103600083278
O=c1[nH]nc(C2CN(Cc3cc(Br)ccc3F)CCO2)[nH]1,-5.62,12.491021295314487,12.891067682701848,3.150937162178897
COc1cc(F)ccc1S(=O)(=O)Nc1cc(S(C)(=O)=O)cc(C(=O)Cl)c1OC,-5.395,4.674446598261659,7.828548332864784,3.4099099694859976
CCCCn1c(C)c(NC(=O)c2ccccc2Cl)c(C)nc1=O,-5.134,13.882023411592417,7.608537441584946,7.489549585923042
O=C1CC(CCl)C(=O)N1c1ccncc1Cl,-5.03,12.47908894911804,12.764813590491636,3.091221603185381
C=CCNC(=O)CCCN(c1ccc(C)c(Cl)c1)S(C)(=O)=O,-4.111,4.307926763537189,7.19777917138335,8.293313149761078
Cc1nonc1C(=O)N(C)C1CCCNC1=O,-5.792,13.732554824212428,12.037341359286941,2.9241181576673676
Cc1cc(OC(C(=O)NC2(C(=O)O)CCC2)c2ccccc2)ccc1Cl,-5.724,4.848435623992547,7.764605914017786,4.6350943895459125
COc1ccc(C2SCC(=O)N2c2cc([N+](=O)[O-])ccc2C)cc1OC,-5.565,4.0336125247723045,7.782905691321205,4.444261693464957
O=C(C=CNc1ccc(Cl)c(C(F)(F)F)c1)Cc1ccccc1,-4.565,6.506950591482925,7.4727444757598915,3.1789435352015927
Cc1nc(N(Cc2ccccc2)C(=O)c2cc(Br)ccc2Cl)sc1C,-5.306,4.3653041131174355,8.268986274024163,7.433777639935164
Cc1ccc(-n2cc(C(=O)NCc3oc(C)cc3C)nn2)nn1,-6.036,7.324959317293168,8.066689407681444,3.221815171607459
CCCc1c(C)nn(C)c1NC1C=CCN1,-4.637,12.890879178706161,12.91868247926235,3.162044433590394
c1ccc(CC2CCCN(Cc3ccco3)C2)nc1,-4.6,11.431907714812956,9.245555256446202,13.424992364988519
Cc1cc(C=C2CC(C)(O)C=CC2=O)no1,-5.324,12.502567496318507,12.319486596445486,2.800829341462989
O=C(Nc1nc2c(Cl)cccc2o1)c1cccnc1,-5.224,4.67742974292506,7.907782053142335,5.280489465949156
Cc1c(NC(=O)c2cnn3cnc(OCc4ccccc4)cc23)cnn1CC(C)C,-6.058,4.337090614686301,8.080565636142063,3.358211428722141
Cc1ccc(NC(=O)c2ccc(NC3CC3)cn2)c(C)c1,-5.335,4.48441835693326,8.332801809715624,3.573428325851801
O=C1CC(N(C(=O)c2ccco2)c2cc(Cl)ccc2Cl)C(=O)N1c1ccccc1,-5.603,6.0552141993491855,7.373159024461631,3.3679268103686586
CC(C)(C(=O)N1CCN(c2ccc(F)cc2)CC1)S(C)(=O)=O,-5.415,4.396166284389161,8.138163306299523,4.504863815921631
O=C1C(=O)C(c2ncc[nH]2)N(c2ccc(F)cc2)C1=O,-4.871,6.4342356966464935,7.975070469908087,4.0663333606579775
Cc1cc(COC(=O)c2cc(Cl)cc(Cl)c2)no1,-4.813,7.285092518286915,7.627896892328841,3.4626709344088713
O=C(CSc1ncco1)Nc1cc(C(F)(F)F)nc(Cl)n1,-5.243,12.133461748404699,12.096967057903399,3.0810923387655875
O=C(NCC1(O)CCC1)C(=O)Nc1ccc(F)cc1,-5.244,14.208665876851354,8.554841319393365,7.853893365713595
CN1CCCC(N(F)C(C)(C)C)CC1,-3.147,12.875398362769209,13.333679762166181,3.325060149831879
CCCCCCCCCCCCCCOCC(COC(=O)CCCCCCCCCCCCC)OC(=O)CCCCCCC,,,,
COc1nc(OC)nc(N2CCN(C(=O)c3cnc(C)cn3)CC2)n1,-5.309,4.719003814365909,8.627256864148649,3.1135519908940026
CCOC(=O)c1ccc(NC(=S)Nc2ccc(C(C)C)cc2)cc1,-5.379,12.132620945203886,7.460944042143728,7.997198572000073
O=S(=O)(Nc1nccnn1)c1ccc(F)c(Cl)c1,-5.455,12.046665970300664,12.318423153959275,2.960883820753527
CCc1cc(=O)c(=O)[nH]n1CCOC,-4.434,12.616330092384235,12.331447157572384,2.9036559713574888
COCC(C)(C(C)C)n1cncn1,-4.278,14.06177691474303,12.276140354362196,3.1145970846965105
Cc1nc(C2CC(c3nn[nH]n3)=NN2)oc1C,-5.607,6.609954538421575,7.9232045915778295,3.1347473582411713
Cc1ccc(O)c2[nH]cc(C=O)c(=O)c12,-5.405,12.41486967309766,12.638070778406014,2.8736026169253113
CNC(=O)c1sc2nc(C)cc(C(N)=O)c2c1N,-5.36,13.625266676289312,12.789668525806288,3.0576724808258984
CCCOc1ccc(NC(=O)c2ccc(CN)o2)cc1OCC,-4.908,6.806547876860926,7.403987979460798,2.914238322443791
Cc1ccc(C2C(N3CCOCC3)=NC3NNC(C)C32)o1,-5.636,8.406758590562713,8.115910423359784,2.959654371713021
CC1(Cn2cc(I)c(=O)[nH]c2=O)CCC1,-4.871,12.682874989528202,12.425181125440385,2.972051311804694
CC(=O)c1c(C)nn(CCC(N)c2cccnc2)c1C,-5.113,4.082394762881218,7.753827506464145,3.3409128991938717
Cc1noc(CCC(F)(F)F)c1C(=O)Nc1ccc(Cl)cc1C(=O)c1cccs1,-5.367,4.353401773326233,8.147039278167252,8.3485662242088
O=S(=O)(Nc1ccon1)c1ccc(NC(=S)Nc2ccccc2)cc1,-6.058,4.537682778687818,8.33189540260798,2.911968578127175
Cc1cc(N=Cc2c(C)nn(-c3ccccn3)c2C)ccc1F,-5.984,5.003084448617673,8.093990116129374,3.5058906143803177
c1csc(Cn2nnnc2N2CCCCC2)c1,-5.523,12.664697114420068,12.342680786603857,3.022560007675613
CCCn1nc(C)c(Cl)c1CN1CCCCC1CO,-4.963,12.931269736572663,12.747188670448086,3.10742240450184
Cc1nc(NCCCS(C)(=O)=O)nc(N2CCCC2)n1,-5.002,6.303708908253933,7.340389635434892,3.2652229632905634
CNc1nnc(-n2cc(Br)cn2)s1,-4.717,12.684427499891353,12.562099346844857,3.1497471327076396
Cc1cccc(C)c1NC(=O)COC(C)C(=O)NC1CCCCC1C,-5.557,4.046977267047592,7.116864337613863,4.477737151731889
CN(C)C=C(C#N)c1nc2ccccn2c1Cc1cccc(F)c1,-5.575,4.257602729236255,7.84528903227918,5.686077470453599
Cc1cccc(NC2CCOC3(CCOCC3)C2)n1,-4.957,13.01149622449317,12.634269666268803,3.1273047501003166
CCC(C)CN1C(=O)CCC1=O,-3.773,13.846759512607996,12.628563893016498,3.147241808314067
CCOC(=O)C(N)CC(CC)CC,-3.921,7.992892530242102,7.9877912466463465,2.9868069907511594
N#Cc1ccc(OCC(=O)Nc2ccc(Oc3cccc(Cl)c3)cc2)cc1,-5.981,4.117761163545064,7.238972993457014,3.2324817091516556
CC(=O)N1CCN(c2nc(C(C)(C)C)no2)CC1,-4.792,5.1398664379534225,7.496921568217183,2.888016793579982
O=C(OCc1ccco1)c1cnc(-c2ccon2)n1-c1ccccc1Cl,-5.33,4.116045067780478,8.009377004486678,3.0169022191645523
Cc1nn(Cc2ccc(Cl)c(Cl)c2)c(C)c1CC(N)=O,-5.544,13.14627148662312,12.85930865171219,3.057531357157273
CC(C)(C)OC(=O)N1CCC(c2ncccc2Cl)CC1,-4.435,4.355862601138837,7.810673402466652,4.756339558946565
Cn1nnc(Cl)c1C(=N)Nc1ccc(Br)cn1,-5.11,12.844530703766486,12.27850780836173,3.143189622024099
Cc1c(CNCc2cc(NC3CC3)nc3cncnc23)cnn1C,-5.129,4.8537666816607485,8.146536073694143,3.5161730617249196
CCC(C)C(NC(=O)CC1(C(=O)O)CCC1)C(=O)O,-4.819,7.027228401012735,7.379101639088596,2.980638522196209
CCCc1c(Cn2nnnc2C)nnn1Cc1nnnn1C,-6.605,12.177486275910969,12.113290964886462,2.822030120321185
Cc1ccc(Nc2cnccn2)nc1,-4.751,12.557254835353147,12.689264163063198,3.0749559346436173
CC(CC(=O)Nc1ccc(F)c(C(=O)O)c1)OCc1ccccc1,-6.321,4.832088782296948,7.270464771938585,2.8456066137117406
CCOC(=O)c1cc([N+](=O)[O-])ccc1NC(=O)CSc1nnc(C2CC2)o1,-5.491,3.793838952828651,7.315307033884497,2.866249291321325
CC(C)C(Nc1cccnn1)c1c(Cl)cccc1Cl,-4.614,11.264327809505547,9.138479578135524,12.743710174042723
CCC(C)CNc1cccc(C(=O)Nc2nc(C)no2)c1,-5.146,4.249245344764174,8.09240644060838,3.2000839051499885
O=C(CC1CC(=O)N(c2ccn[nH]2)C1=O)Nc1ccccc1F,-5.893,12.697135621863696,12.414218179168595,2.828753082190102
CCC(O)(c1cccc(Cl)c1)c1nocc1C,-5.132,14.133665377388839,12.27103528639699,2.8556494882950885
CCCCOC1OC(COCc2ccccc2)C(OCc2ccccc2)C(OCc2ccccc2)C1OCc1ccccc1,,,,
O=C(C1CC(=O)N(c2ccccc2)C1)N1CCN(c2ccc(Cl)cc2)CC1,-5.69,12.734647462729388,7.234958880325443,8.600434582042933
Cc1coc(CC2C(C)OCCN2c2ncc3cc[nH]c3n2)n1,-6.377,12.648347599587861,12.41896312096948,2.9501766048831723
CCCCNC(=O)c1nnc(NCc2ccc(F)c(Cl)c2)s1,-5.265,12.83224419187852,12.38226990498915,3.1140592479912774
O=C(Nc1cc(Cl)c(F)cc1Cl)C(F)(F)C(F)F,-5.353,11.946655850069508,12.045392065018058,2.8531121604311314
CC1(O)CCCN(C(=O)C2CC3CCC2(C)C3)C1,-5.582,12.394161730427758,12.483542966642121,3.0818715093267595
N#Cc1ccc(NC(=O)c2cnc(Nc3ccccn3)nn2)cc1,-5.761,4.727479032211565,8.099397138059103,3.3104884835927155
CCCCn1nccc1CN(C)Cc1ncn[nH]1,-5.16,13.223471178174059,12.109950536645474,3.042890237915262
Cc1cccnc1NC(=O)c1nc(C(F)(F)C(F)(F)F)n(-c2ccc(Cl)cc2)n1,-6.096,4.2455196383952805,7.883459773475095,3.3313898000684343
CC1COCCN(C(=O)c2cc(-c3nccs3)n[nH]2)C1,-3.719,5.9311245139518025,8.004030859510724,3.1618205198903997
CNC(=O)C1CCN(CC(=O)NCCSc2ccc(C)cc2)CC1,-5.477,4.566033508418438,8.484583018628552,2.960072634243964
COc1cccc(OCc2nc(C3CC3)no2)c1,-5.273,12.411686509092952,12.655162148309282,3.0230491229882457
COC1(C)CCN(c2nc(C)nc3ncccc23)C1,-5.102,12.427353258035277,12.963279870464882,3.0064933061625143
CCC(C)c1cc(OC)c(OC)c([N+](=O)[O-])c1,-4.354,12.549246829989439,12.469538764525335,2.8668939638570516
FC(F)(F)c1nnc2n1CC(Cl)CC2,-4.994,12.196172965319901,12.112422920291381,3.042477608791888
CCOC(=O)C(C)(C)NC(=O)COc1cccc(C(F)(F)F)c1,-5.068,12.758380814194254,8.593728469063937,7.586223170985678
CCOC(=O)c1sc(NC(=O)NC(c2ccccc2)c2ccccc2)c(C(=O)OCC)c1C,-5.403,4.573197677774273,7.192030589478885,3.117596991273888
CCCn1c(C)cnc1C(=O)Nc1ccc(C(=O)NC)cc1,-4.725,14.056451685969686,7.414637212972728,6.809614012556072
CC(C)n1nccc1C(=O)OCC(=O)NCCc1cccc(Cl)c1,-5.228,4.396422295457979,7.292639851247283,3.615067080982039
CCC(C)NC(=O)C(CC)N(Cc1ccc(Cl)cc1Cl)C(=O)CN(c1ccc(OC)c(C)c1)S(C)(=O)=O,-5.102,5.203162980341862,7.120250206277866,3.19931398896701
Cc1cccc(C(=O)NCCCN2CCCC2)c1Br,-4.94,4.594446212548363,7.49021314783498,5.3751243706541345
CCc1nn(C)cc1C(=O)NCc1sccc1NC(=O)C(C)(C)C,-4.745,8.077902512410011,8.042317389906964,3.107978442653681
CCc1ccc(CN(C)CCCCCS)o1,-4.044,13.033291027211817,12.635534970866884,3.207599881531361
NCC1(CC(=O)Nc2ncn[nH]2)CCCCC1,-4.801,7.738375087833362,7.721741448662989,3.2032174450074407
Cc1nn(Cc2ccccc2C(F)(F)F)c(C)c1[N+](=O)[O-],-5.312,11.74159231109648,11.98067986384746,2.9775347185213477
COC(=O)c1cc2c(s1)N(Cc1ccccc1Cl)C(=O)CC2,-5.076,13.073897735564556,8.412444591199398,8.991998887900287
CCc1ccc(C(=O)Nc2c(F)cc(C(=O)O)cc2Cl)o1,-5.403,12.779598467870578,12.144986867016367,2.9399185362863363
CC(C)COCCCCCC(=O)CCCl,-3.925,12.681652494844668,12.726148435406527,3.353058752840457
Cc1ccc(S(=O)(=O)NCc2nc(CC(C)C)no2)c(F)c1,-5.821,4.548754554820473,7.552804115029066,3.5491562377556725
Cc1nn(CC(C)C)c(C)c1NS(=O)(=O)c1c(C)n[nH]c1C,-4.836,5.615067319275879,8.037223649992576,3.070829529622248
Cc1n[nH]c(C)c1C(C(=O)NCc1cccnc1)=C1C(=O)Nc2cccnc21,-5.306,12.712842876398653,7.842204855778763,7.355335818302248
O=C(c1cn2cccnc2n1)N1CCOCC1C(F)(F)F,-5.274,7.743656629784149,8.426915449914043,3.19044652047327
CCc1nn(C23CC4CC(CC(C4)C2)C3)cc1CNC1CC1,-5.792,12.629790536663704,13.310390302316458,3.3325298198215725
O=C(Nc1ccc2c(c1)OCCCO2)c1cnc2n[nH]c(=O)n2c1,-4.404,6.327532457443422,8.238292238079444,3.092889264102421
COc1ccc(CNCc2nc(C(C)(C)C)no2)c(OC)c1OC,-4.811,6.462364427978354,7.400232834174881,3.257928789890902
Cc1ccc(N)cc1C(=O)c1ncco1,-4.611,13.49954506640872,12.366406268597196,8.694507404102891
COCC(O)COc1cc(CNC(C)C)ccc1OC,-4.366,4.935886343910281,8.021981426056781,3.0613688114959294
CC(Nc1ccccn1)c1ccc(-n2cnnn2)cc1,-5.941,12.34292518003735,12.612939427429279,3.1654519424562437
Cc1ccc(F)c(NC(=O)Cc2ccc(Br)cc2)c1,-5.206,12.622987403938895,12.895922340026711,3.3319395252615256
Cc1cc(C)n(CC(N)=O)n1,-4.41,13.54318001800168,11.766338470399363,2.95775793465253
N#Cc1ccc(NCc2cncc(Br)c2)cc1,-4.977,12.804925029065966,13.308367518219505,3.2116364987339403
CCCOC(=O)c1cc(C)c(C(=O)Nc2ccccc2CC)s1,-4.734,4.880510116780826,8.404571732099141,2.892497363870882
Cc1nocc1CCCS(C)(=O)=NC(=O)c1ocnc1C,-4.957,6.425037509618134,7.143754545055422,3.105329290107573
NCC1CCCN(C(=O)c2cnc(NC(=O)c3ccco3)s2)C1,-5.561,12.609043817831708,12.571400916365686,2.862589387250641
Cc1nc(COc2ccc(CNC(=O)N3CCC(C(N)=O)C3)cc2)no1,-5.521,4.459831947506542,8.522098978538093,3.049031649556954
Cc1nn(C)c(C)c1C(C)NC(=O)C(C)NC(=O)c1ccccc1Br,-5.398,4.966727997384193,8.225389474061394,2.9707928234732224
CCCn1c(C)cc(C)c(C(=O)CCN)c1=O,-4.506,13.26936102455578,13.041585869824267,2.8043911995297663
CCc1c(Nc2ccccn2)ncnc1Nc1cn[nH]c(=O)n1,-5.708,4.997940575877228,8.306199431749757,3.231489285143925
CCC(CC)Cn1ccnc1NCCc1ccco1,-4.985,12.520199758789794,12.386860538489968,2.9103214599078226
Cc1cc(=O)nc2n1CC(Cc1ccccc1)N2N(C)C(=O)O,-5.562,4.151308468422938,8.14450158082126,7.245960115816262
CC1CC1C(=O)Cc1ccc(F)cc1Cl,-5.3,12.734256201286355,12.470209140186864,2.8671450957354776
c1coc(-c2noc(-c3csc4c3CCCC4)n2)c1,-5.267,7.354518747001736,7.905704332948456,3.1220699864032513
CCOC(=O)C=Cc1ccc(C=O)o1,-4.295,12.840871504691572,12.578809522367369,2.777189406576368
Cc1c(CC(=O)Nc2c(C(=O)O)cnn2C)c(C(C)C)nn1C,-5.736,12.289869079855977,12.155123775593566,3.057254487281031
CC(OC(=O)Cc1cccc([N+](=O)[O-])c1)C(=O)c1ccccc1,-4.478,5.54803145268662,7.879138341214729,3.051004588656005
CCOCCN(C(C)(C)C(=O)O)S(=O)(=O)N1CCCC1,-4.177,6.919673041408822,7.892442144228869,2.953393641220215
CCc1cc(C(=O)NC(C)c2ncon2)nn1-c1ccccc1,-5.193,4.4618575728052985,8.094813957096234,2.8446379382972453
N#Cc1cnn(Cc2ccc(Cl)cc2Cl)c1NC(=O)c1ccco1,-5.787,5.041268689526477,7.162815996519805,3.3467067394679204
CCNC(=O)C(C)N(Cc1cccc(Cl)c1)C(=O)Cc1ccco1,-5.155,3.8912194746634383,7.60126311871915,6.847335540193718
CCNc1ncnc(Cl)c1S(=O)(=O)Nc1cn[nH]c1C,-5.295,13.277660938584026,12.336035059937208,2.9715950262443234
c1n[nH]c(CNCc2occc2-c2ncn[nH]2)n1,-5.926,12.731646437126662,12.060094775746997,2.961220356542215
O=C(CN1CCCCCC1c1ccco1)Nc1cccnc1Cl,-3.593,5.110514064162234,7.922573950427978,3.2134573281747496
Cc1cc([N+](=O)[O-])c(Cl)nc1NCC(C)C(C)C,-4.267,12.273078749849201,12.884383493206029,2.9333811549132176
Clc1cccc(-c2cnc(CCc3cnccn3)o2)c1,-5.092,12.72811317517251,8.512950957218067,8.57406636316748
Cn1ccnc1C(C#Cc1ccco1)Nc1ccccc1Cl,-5.111,5.393883665782938,7.992417218839365,3.60892296952983
CC(C)NC(=O)c1ccc(OCC(=O)N(C)CCC(N)=O)cc1,-4.818,6.828069346455115,7.250157584494283,2.975563476049537
Cn1ncc(Br)c1C(C)(O)C1CC1,-4.653,14.603045778192987,13.139439143281573,2.9162499892841836
Cc1cnc(NS(C)(=O)=O)c(C)n1,-4.29,12.634542096965761,12.032156955425739,2.9339171767451107
Cc1nnc(CNC(=O)c2cccc(OC3CCCC3)c2)n1C,-5.463,4.838065935888016,8.403402465668297,3.2100699369328387
NC(=O)Cn1cc(NCc2ccc3c(c2)C(=O)c2nccnc2-3)cn1,-6.073,12.786403325407814,8.042787389953808,8.16326754431092
C=CCN(CCOC(C)C)Cc1ccccc1Cl,-4.263,12.678442924902095,12.945492227026364,2.865468024599122
O=C(Nc1ncc(Cl)cc1Cl)c1cc(Cl)ncc1Cl,-5.503,13.135964753302288,13.231476108129433,2.9265645388407204
CC(OC(=O)CCNC(=O)C1CC1)C(=O)NC1CCCC1,-4.995,12.548716149471229,12.473902556938626,2.90072163435239
CC#CC(=O)NC(C(=O)O)c1ccco1,-4.63,12.712356744522237,12.66172318446427,2.879870830436671
CCC1C(=O)N(C(C)(F)F)c2ccc(F)cc21,-5.098,13.173233391996058,13.229665377476485,3.0083636748239067
CC(Oc1ccccc1C#N)C(=O)O,-4.947,13.092555862015638,12.603857346066718,3.009439981126057
CC(C)(C=O)c1ccccc1OC(F)(F)F,-4.813,13.133893596340728,12.682399812338357,2.9241511588835483
CCc1nnc(NC(=O)CC2CCCC(c3ccc(F)cc3)O2)o1,-6.055,12.961389933182321,11.899696214609852,2.6633694824413676
O=C1NC(=O)C(=Cc2cc(C(=O)N3CCCC3)ccc2Cl)N1,-5.218,4.4374891549163245,8.46440866215709,3.237251457641189
CC(C)C1CCc2nnc(C(=O)NC(C)C(C)C)n2C1,-6.011,12.760649630798582,12.254391008940429,2.873660731540868
CC1c2[nH]nc(-c3ccc(C#N)cc3)c2CCN1C(=O)OC(C)(C)C,-5.679,4.546378888742116,8.47719493700599,3.725276499805082
CCn1c(C(=O)Nc2ccc(F)c(F)c2C)nnc1-c1ccc(C)o1,-5.903,4.381891144243545,8.380215391026653,3.4404845588957373
Cc1onc(NC(=O)CN2CCCCCC2=O)c1C,-3.86,4.445433162246396,7.402871942698995,4.187329817437361
Cn1cc(OCC(O)Cn2cccn2)cn1,-4.841,12.682650393352331,12.402409846477418,2.9072409600856965
CCOC(=O)c1cnc(SCc2ccc(Cl)c(N)c2)nc1,-4.868,4.60122472826529,7.806841230613057,3.0228797528184943
Cc1n[nH]c2c1CC(C(=O)NCc1nn[nH]n1)CC2,-6.191,12.656012405177234,12.044356894413252,2.9854210758283335
COC(=O)c1ccc(COc2ccc(C(F)(F)F)cc2Br)o1,-5.407,4.706954641803977,8.094492757424643,4.481197273051031
Cc1c(NS(=O)(=O)c2ccccc2Nc2cc(=S)[nH]c3ccoc23)c(=O)n(C)n1C,-5.692,4.267087765678132,7.469274261934689,5.612821928406423
CCc1cc(CC2CCCCN(C(=O)CCCn3cncn3)C2)n[nH]1,-3.15,4.1519644747998505,7.9201442537367965,5.217084530655029
CCc1nn2c(C)c(CCC(=O)N3CCc4sccc4C3CC(F)(F)F)nc2s1,-5.178,4.541455603658369,8.439004384404596,3.61440022687029
CCn1nc(C)c(CNS(=O)(=O)Cc2cc(C)on2)c1C,-5.287,4.5046804548158565,8.274535999075718,2.8935668300559425
Cn1nnc(C(=O)N2CCCC(Cc3ccn[nH]3)C2)c1C1CC1,-5.325,4.151879213079301,8.084393978524302,3.0746557530884657
CN(C)CCOc1cc(F)c2c(N)nnc(Cl)c2c1,-4.553,5.19639769455726,7.58201140859073,3.0233726201049063
Cc1n[nH]c(C)c1NC(=O)CN(CC(C)C)C1CC1,-4.354,4.619356989885063,7.574878084827503,5.830458472538845
c1ccc2c(c1)nc1n2CCCC1,-4.287,13.723389195093171,12.737910699953899,3.32874916447605
CC1CC(NCc2cnccn2)CC1O,-4.683,5.611874820414297,8.21550150629893,2.9961423530933904
Cc1ccc(C(C)NC(=O)C2(CO)CCCC2)cn1,-4.655,6.741144116542829,7.778593767513508,3.646820533012284
CCCc1nnc(NC2CCN(C(=O)c3ccco3)C2)o1,-4.994,4.644176030255529,7.913164600840803,3.5205303577728166
c1ccc(-n2nnnc2Cc2nccs2)cc1,-5.546,13.449382550883145,12.044760022516016,3.0034102283903876
