SMILES,aff_p0,aff_site,d_key,d_p0,bridge
CN1CCc2c(n3nc(SCC(=O)Nc4cccc5ccccc45)n3c3ccccc23)C1,-7.481,-6.424,7.479982152385125,5.092924209135651,0.08717490441084969
Cc1ccc(C)c(S(=O)(=O)NCCNC(=O)OC(C)(C)C)c1,-6.151,-4.927,5.221350304279536,3.5557449289846423,0.46995729309357964
Cc1cccc(CCCNC(=S)NCc2ccc(F)cc2)c1,-7.705,-4.034,4.3973834265390135,10.549654638896953,0.016625335300139443
CCC(C)Nc1nc(OCC2CCCN2c2ccnc(C)c2N)nc2nc(N3CCN(C(=O)OC(C)(C)C)CC3)ncc12,-7.213,-5.973,4.4956557919840785,2.887399175728912,0.665145426704189
Cc1cc(Oc2c(C)cccc2CNC2CC2)cc(Cl)c1C,-6.998,-5.268,4.667888066352919,5.329964352601245,0.34226273173008426
C=CC(=O)SCCOC(C)Oc1ccc(Cl)cc1,-5.787,-4.646,12.542461321447238,3.0908900012779488,0.006061287385396962
Cc1c(C=NNc2ccc3ncnn3c2)ccc(OC(C)CC(=O)C(C)N)c1O,-7.427,-5.854,4.870916648845471,3.095200316619265,0.5738019597264451
COc1ccc(F)c(NC(=O)CCc2ccccc2Oc2ncccn2)c1,-6.704,-5.989,4.327145132763634,3.447410622481749,0.6608039193464356
COc1ccc(-c2noc(C(=O)N3CCN(c4ncccn4)CC3)n2)cc1OC,-8.226,-5.708,5.225466103612193,3.178208772248922,0.49131727209560117
CC(C)c1cc(N2CCCC2=O)ccc1N,-6.157,-5.282,12.383148791805741,2.9346020173100142,0.006784695736966391
O=CNCCCC(NC(=O)Cc1ccccc1)C(=O)O,-6.409,-4.825,12.62637719221155,2.88000208333258,0.005851860992570445
CCC(C)C(C)NC(=O)N(CC)CCCC(=O)O,-5.581,-4.135,9.389669323250953,13.155691772004998,0.00021030169374008313
CS(=O)(=O)CCCCC(CO)n1c(Cl)nc2c(c1=O)N1CC(CC2)N2CC3CCC3C2C1,-6.075,-4.638,7.097153091204951,3.0539990176815706,0.17937684906696566
CCNc1nc(CC(C)C)c2sc(=O)[nH]c2n1,-6.418,-5.26,12.678799233365911,3.139157530293757,0.005541004969461542
C#CCN1C(=O)C2CCCCC2c2cc(F)ccc21,-6.782,-5.923,12.139110593449587,3.09883381290446,0.007793353722615207
Cc1cc(C)c(SCC(=O)Nc2cc(C(F)(F)F)ccc2Cl)nn1,-8.02,-5.828,3.404947429843815,3.3104943739568564,0.806346681890643
Cc1oc(C(=O)NC(C)c2cc(Cl)cc3c2OCC3)cc1CNC1CCCCC1,-7.732,-6.002,4.473267932954609,3.2942448300027727,0.6451051281205595
CCC(CC)c1nc2ncccc2o1,-6.053,-4.612,12.995400570971254,3.108905595221573,0.0045593390989435495
COCCN1CC(C(N)=O)C2CCCN2C1=O,-6.023,-5.352,12.437877230460188,2.955843872737531,0.006545663799023737
CC(C)(C)N(CCS)CC(=CC(=O)O)C(=O)O,-4.977,-3.844,11.204655371764007,8.821348479682683,0.0010142392806460649
CNC(c1ccc2ccccc2c1)C1CC(C)(C)OC1(C)C,-7.452,-5.407,4.2107981428703045,7.285347898350498,0.1326143298922977
COc1cccc(NC(=O)COC(=O)C(C(C)C)N2C(=O)c3ccccc3C2=O)c1,-7.287,-5.817,8.6623616294865,12.652865999448503,0.00045292743392753724
C=C(C)CC(C)C(=C)C,-4.138,-3.497,11.760055867214238,9.181424998332231,0.0005728319846012839
C=CCN(Cc1ccc(N)cc1)C(=O)COC1CCCC1,-6.203,-4.352,3.9910303181008278,6.409932136926256,0.23455738845601762
COc1ccc(OC=CC=NNC(=S)NC(C)(C)C)c(OC)c1,-5.97,-5.029,4.699311013329507,3.031424252723461,0.6146381618024255
COCCN(CCOC)C(=O)c1c(Cl)cc(Cl)cc1[N+](=O)[O-],-5.329,-4.535,12.003986254573938,2.896167985459407,0.008623944325383421
C=CCNC(C(=O)O)C1CCC(C)CC1,-5.452,-4.732,12.015292505802762,2.898215140392445,0.008561921999853339
O=C(O)CCc1cccc(NS(=O)(=O)c2ccc(Oc3ccccc3)cc2)c1,-7.546,-5.651,7.041355906357809,8.429783449175904,0.01710191446508533
CC(C)(C)OC(=O)NC(=O)CCC(=O)N=Cc1ccccc1O,-5.97,-5.279,6.112856288184763,3.1543313079002977,0.31479450690372157
Cc1ccccc1SCC(=O)OC(=O)Cc1c(F)ccc(F)c1F,-7.499,-4.518,4.400121475595872,8.153274495563116,0.07391780805466219
CCN(CC)C(CC(=O)OC)c1cccs1,-4.656,-4.024,12.36372605649284,2.8981913325382793,0.006886549685235905
O=C(C=Cc1ccc(O)cc1)c1c(Cl)cccc1Cl,-6.864,-5.473,12.48661227074822,2.98770965791524,0.006333015985064025
CSCC(C)Nc1nnc(Cl)c(C(C)=O)c1Cl,-4.963,-4.029,8.125361899632532,3.134100189847158,0.09493822889615894
O=[N+]([O-])c1ccccc1C=Cc1nc2ccccc2o1,-6.982,-5.415,4.279409538709751,4.650550612561914,0.5075262295915475
C=CCN(CC=C)CC(C)(O)CN1CCOCC1,-5.261,-4.035,12.767184066974206,3.170235322495792,0.005227274319243041
C#CC(NC(=O)CC1Cc2ccccc2O1)C1CNC(C=C)C1,-7.728,-6.062,12.990925794569069,3.083932067993716,0.004582645220996341
CC(N)C(Cc1ccccc1)c1ccccc1,-6.824,-4.878,12.151262074369066,3.142961183342868,0.007702169507156589
Cn1cc(C(=O)C(=O)NC2NN(C3=C(CSCC(=O)NC4CCCC(P(=O)(O)C(C)(C)C)C4Cl)C(Cl)C3=O)C2C(=O)O)c2ccccc21,,,,,0.0
N#Cc1ccc(C(F)(F)F)c2[nH]c(Cn3ncc(C(=O)O)n3)nc12,-8.182,-5.565,5.197241864681688,3.0740235848151842,0.5024557338375713
CCCCCC1CCC(CCCCCCCC(O)CO)OC1,-5.619,-4.87,4.355980945780181,2.9896625227607205,0.6879262120586754
c1ccc(-n2c3ccccc3c3cc(-c4c5ccccc5c(-c5ccc6c7ccccc7c7ccccc7c6c5)c5ccccc45)ccc32)cc1,-9.448,-8.284,5.0147329938891065,3.396543242769036,0.5245899455616952
CCCCCN(CCCCC)C(=O)c1cccc(=O)n1C,-5.704,-4.61,12.764728590925856,3.0353979969684373,0.0053012750549043365
CCOc1ccc(CN(C)CC(=O)Nc2cc(C)sc2C(=O)OC)cc1,-6.472,-5.032,3.6189233205471476,8.694967337488968,0.06278822976499793
COCCN(Cc1cc2ccc(C)cc2[nH]c1=O)S(=O)(=O)c1ccccc1C#N,-6.829,-5.305,7.35427991036512,8.637480766982927,0.012443059438294359
O=C1SC(=Cc2cc(Br)ccc2OCCOc2ccc(Cl)cc2)C(=O)N1Cc1ccc(Cl)cc1,-8.265,-6.178,6.713316989387585,7.399411057645061,0.03919906970258659
Cc1[nH]nc2c1C1(C(=O)N2)C2=NC(O)C(Nc3ccc4ccccc4n3)(c3ccccc32)C1(Cl)Cl,,,,,0.0
COc1ccc(C(C)=CC(=O)Nc2cc(-c3cc(C)no3)ccc2OC)cc1,-7.979,-5.948,4.615639717308966,3.045719619400316,0.6317584321248765
COc1ccc(C(C)NC(CCSC)C(=O)OCC(C)C)cc1,-5.915,-4.677,4.712165744113846,3.5516107613306955,0.5766101626795166
CCOC(=O)c1ccc(N(C)CCc2c(OC)cc3oc(-c4ccccc4)cc(=O)c3c2OCC)cc1,-7.402,-5.474,4.418712595315518,3.176493192185372,0.6641142822742829
O=Cc1cccc2c(O)cc(OC3OC(CO)C(O)C(O)(O)C3O)c(O)c12,-7.386,-6.317,4.971697798539247,2.902639660722632,0.5604244354196093
CC1CCc2c(sc(NC(=O)CSc3nnc(Cc4ccc(Cl)cc4)n3C)c2C(N)=O)C1,-7.939,-6.875,4.120939334666309,3.5536634618376572,0.6868422050811472
C=CC1=CC=C(CCc2cccc(C3=CC=CCC3)n2)C1,-7.664,-5.412,8.770693587168576,12.341320715385367,0.0005144394368152156
CCCC1CN(C(CN)c2ccccc2OC)CCO1,-5.747,-4.611,12.55283852361688,3.330458827248882,0.005873648758770399
CC1CC(C(C)C)N(C(=O)c2ccccc2-n2cnc(C(F)(F)F)c2)C1,-7.04,-5.171,4.881833569469569,5.446499793445327,0.29964080523057735
CC(c1ccccc1)N1CCN(C(=O)c2ccc(Cl)c(N)c2)CC1,-6.92,-5.267,3.663442097263173,3.8272635132689783,0.7190071336897619
CC(=O)NCC1CN(c2ccc(OCCCN(C)c3cc(Cl)ccc3C)cc2)C(=O)O1,-5.765,-4.236,6.7917709030855855,2.997011010990783,0.2162838861674433
Cc1ccc(CN2CCC3(c4ccccc4)C(=O)N(C)CN3C2=O)cc1,-7.877,-5.315,4.520922361642588,8.87090361800871,0.04563483485966414
COc1ccc(Cl)cc1CC(=O)NCC(c1ccccc1)N1CCCC1,-6.834,-5.226,4.476351527751143,3.791966640148618,0.5993027614366727
CC(=O)N1CCCC1C(=O)N1CCN(c2cccc(C(F)(F)F)c2)CC1,-7.538,-5.541,4.057750238740674,3.136977844996678,0.7328355339750042
OCc1cc(F)cc(I)c1F,-5.435,-4.443,13.276456831549599,2.876076146418937,0.003899140826657644
Cc1ccc(Cl)cc1N(CCCC(=O)NCCSc1ccc(Cl)cc1)S(C)(=O)=O,-6.651,-4.494,3.676871904214233,10.717125127570359,0.017620396638638704
Cc1ccnc(NS(=O)(=O)c2ccoc2C(=O)O)c1,-6.569,-5.541,12.766559207554714,2.981031029694256,0.0053194091751731076
CCC=CCC=CCC=CCC=CCC=CCCCCCCCCCCCCCC(=O)OCC(COC(=O)CCCCCCCCCCCCC)OC(=O)CCCCCC=CCC=CCC=CCC,,,,,0.0
CCCCOC(=O)CC1(CC)CCCCOC1=O,-4.741,-3.007,8.179027020373512,2.95471842990157,0.09328794884056081
CN(C)c1ncccc1C(=O)NCCC1CC=CCC1,-6.632,-4.559,4.004076547719835,7.992305862515523,0.09033357037746997
CC(CO)CNc1ccc(N(C)C)c([N+](=O)[O-])c1,-5.947,-4.232,6.462249298812293,2.9944645598169966,0.2622232763492342
CNC(=O)NCCC(=O)Nc1ccc(OC)nc1C,-6.036,-5.486,12.344934750738863,2.920474105346597,0.006956224269798856
CC(C)(C)C(=O)c1ccc(NC=CC(=O)c2ccccc2F)cc1,-6.905,-5.794,3.4414598646504646,3.4735012595362624,0.7863380384472667
CCCCCCC=CCCCCCC(O)CC(=O)NC(COC1OC(CO)C(O)C(O)C1OC(=O)CCCCCCCC=CCCCCCCCCC)C(O)CCCCCCCCCCCC,,,,,0.0
CCNC(=O)N1CCc2c(nc(C3CCCO3)n2C)C1,-6.573,-4.386,6.168718748654374,3.0417608387248327,0.3083960155443485
CCOC(=O)Cc1nc(SCCCN2CCC(c3ncccn3)CC2)n[nH]1,-6.479,-5.272,5.034208676644225,2.995799392482749,0.542336198428891
CCC(N)c1ccc(N2CCCCCC2)cn1,-3.888,-2.89,5.7519000339018405,3.717524041616946,0.35452315914432714
CCC(CC)CN(C(NC(C)=O)c1coc2ccccc12)S(=O)(=O)c1ccc2c(c1)c1ccccc1n2CC,-7.25,-5.079,5.481180985882513,5.371593525202741,0.23893182374241234
C[N+]1(C)C(=O)CC(C(=O)O)C1(C1CCC1)C1CC1,-5.991,-4.698,11.411949745770878,8.945482323497153,0.0008247665170163429
CCOCC(C)(N)C(=O)Cc1cc(C)nn1CC,-6.077,-4.55,6.574762048926179,2.8814041715802388,0.2478656685059655
Cc1cccc(C)c1Oc1cccc2c1NCC2=NCCNc1ccccc1,-7.481,-5.948,4.430657964681995,3.090322151491653,0.6672471180375731
Cc1ccccc1COc1ccc(OC(F)F)cc1,-7.033,-5.195,8.473662962379375,8.559429069745248,0.00655668449463349
COC(=O)c1c(C)n(-c2ccc(C)cc2)c2ccc(-c3cc(Cl)ccn3)cc12,-7.164,-5.929,4.379914839354757,5.119652917923245,0.41178060364834984
CCCCCCCOc1ccc(C=c2sc3n2C(c2ccc4ccccc4c2)C(C(=O)OC)=C(C)N=3)cc1OCC,-7.087,-4.918,5.032174579642484,8.057913936001054,0.06268978958519546
Cc1cc(Br)cc(Br)c1NCC1CCC(C)(C)C1,-6.68,-5.122,12.736858717910001,3.2644322630436062,0.005274992922506301
CCC1CCC2(CC2C(=O)OC(F)(F)C(F)F)O1,-6.078,-4.61,3.4673302409779194,10.00635123309191,0.028340291391686447
CC(=O)CN1CCC(Oc2ccc(Nc3cccc(C)c3COc3cc4oc(C)cc4cn3)c(C)c2C)CC1,-8.532,-6.688,4.5314091627219,3.065743139925457,0.6482461237018369
CCNC(Cc1c(Br)cccc1OC)C1=CCCO1,-5.887,-4.485,4.363270676911988,6.593327308726603,0.19219407726198376
O=C(COC1(CCN2CCN(c3ccc4c(c3)OCCO4)CCO2)CCCC1)OCc1ccccc1,-5.624,-4.476,4.849387074672427,6.776859892310008,0.14677623499211126
CNc1ccccc1-c1[nH]nnc1N,-5.494,-5.033,12.12918834877256,2.9520353995167468,0.007940869998419704
COc1ccc(CNC(=O)C(=O)NCC(=O)N2CCN(CCN)CC2)cc1,-6.997,-5.56,4.574020222954856,3.126727682418154,0.6358068704726155
Cc1cc(C)cc(N2C(=O)C(=Cc3ccc(OCc4ccc(F)cc4)c([N+](=O)[O-])c3)SC2=S)c1,-8.264,-6.002,7.163783637157114,8.65831346163905,0.013785257423299979
CCC(NC(=O)CN(c1ccc(C(C)=O)cc1)S(=O)(=O)c1ccc(F)cc1)c1cc(C)c(C)cc1C,-8.483,-5.904,3.5753183075077377,3.1823661008752593,0.7985849473037525
CC(C)C(C)NC(=O)Nc1ccccc1C(=O)O,-6.501,-5.973,12.776049193706166,3.089861647388116,0.00523846978487314
CCOCCN1CCc2cc3c(=O)n(Cc4ccc(OC)cc4)cnc3nc21,-6.94,-5.13,4.646738856445453,3.5829958135616047,0.5871232443972291
CNC(=O)c1ccc2c(c1)C(=O)C(C(C)C)=C(CCCC(=O)N1CCN(CCCN3C(=O)c4ccccc4C3=O)CC1)C2=O,-8.031,-5.28,4.570923429680265,9.858085463212419,0.02426674971797307
C=CSSC(C)=O,-3.291,-2.837,11.663715574378518,8.983904051135008,0.0006880401366040798
NC(Nc1ncccn1)c1cccc(Oc2ncc(C(F)(F)F)cc2Cl)c1,-7.742,-6.162,3.3697956911361846,3.1161575698285864,0.8264849401397186
CCCCOC(=O)C1=C(C)N=C2C(C(=O)OC)C1C=CC=CN2CCCC,-4.927,-3.279,6.040126571521494,3.0892932848792465,0.3296312562821139
O=C(NC1C=Cc2ncccc2C1)c1ccc2ocnc2c1,-7.876,-5.28,7.279318443370919,8.19588896947732,0.01712584611319113
CN(C(=O)OCc1ccccc1)c1ccc(CC(C(=O)O)N(C)C2CCCN(C(=O)OC(C)(C)C)C2)cc1,-6.28,-5.108,3.299270980080297,4.867355853027391,0.5626708809277458
Cc1cn2cc(NC(=O)NS(=O)(=O)c3c(Cl)cccc3Cl)ccc2n1,-7.503,-6.135,3.54097980790628,9.653452750182185,0.03496222307684471
O=C(O)C1CCCN(C(=O)NCc2ccc(Br)s2)C1,-7.078,-5.443,4.645724378393536,2.9531918325770854,0.6301935426352963
CC1CN(Cc2ccccc2CN=C(N)NC(C)(C)C)CCO1,-6.605,-4.613,8.1636030035763,3.224546789860555,0.09187883383459586
CCCCCCCCCCCCC(CC(CCCCCCCCCC)C(NC)C(O)CS)C(C)C,-4.326,,,,0.0
CC1NCCC1Nc1ncc(-c2cccnc2)cn1,-6.499,-5.117,12.668901254647144,3.060811820416276,0.005615961467759223
CCCCCC(O)C=CC1C(O)CC(O)C1CCCCCCC(=O)O,-5.764,-4.953,3.5943596091654486,3.055630540494056,0.805883805130465
CCCN(CCN(C)C)c1nc(C)nc(NN)c1CC,-5.814,-3.843,12.517942562577925,2.9156457260785302,0.00624561271184842
O=C(c1ccc2c(c1)CCCC2)N1CCCN(S(=O)(=O)c2ccc(NCc3ccccc3)c([N+](=O)[O-])c2)CC1,-5.349,-4.394,6.446289863169356,2.900888829307321,0.26659269446883394
OCCCSc1ccc2c(c1)CNCC2,-6.049,-4.997,12.240113316468928,2.806218273762752,0.007488180302364165
CCC(C)(CSC)NCCCO,-4.338,-3.627,11.870799046399531,2.9061939026844024,0.009365465078566627
Cc1ccccc1NC(=O)c1cc(F)ccc1Nc1ncnc2c1ncn2C,-7.565,-5.853,6.650287888505278,7.307884303955557,0.04300257454053434
CCCCOC(=O)C(CCCC)NP(CCC(=O)OCc1ccccc1)Oc1ccccc1,-4.944,-4.463,3.9588029756480676,5.95522585633828,0.30416371180357044
Cc1[nH]cnc1CN1CCC(c2nc3ccccc3n2C2CC2)CC1,-7.64,-5.443,7.847198927005738,6.643754586075557,0.031037022757782567
Cc1ccc(-c2nc3c(-c4cc5ccccc5oc4=O)onc3n2C)cc1C,-9.122,-7.216,4.481865013585304,3.3367867777249427,0.6402355954125518
CC(Cc1ccccc1)N1CCCC(=O)NC1=O,-5.265,-3.864,5.458680243428808,3.7967663873354125,0.40468917886572553
O=C(c1ccccc1)N1CCN2c3ccccc3OCC2C(=Cc2ccccc2)C1,-6.617,-4.611,3.869569226671103,5.537267286306487,0.38420664208652894
CCOC(=O)c1c(CNC(C)COCc2ccccc2)oc2ccccc12,-5.587,-5.076,4.5226807316015565,5.493512264480712,0.3323631369750295
O=C1NC2(CCCCC2c2cccnc2)C(=O)N1c1ccc(F)cc1,-8.02,-5.717,6.82808325959782,8.171754523968522,0.022789163219282184
COCCN1C(=S)NC(=O)C1C(NC(=S)NC(C)C)c1cc(C)n(-c2cccc(Br)c2)c1C,-6.015,-4.741,5.953839853405531,3.7233866304750043,0.31837515970222624
CC1COCCN1S(=O)(=O)NCCCCCBr,-5.633,-3.972,12.784025578822972,3.2635420941057287,0.005122265530053348
CCCCOC(=O)N1CCN(C(=O)C(CCC(=O)O)N(C)C(=O)OCC2c3ccccc3-c3ccccc32)CC1,-6.508,-5.616,4.6048308329405545,3.0572291376342724,0.6334025200648591
OC1(CNCCc2ccc(Br)s2)CCOCC1,-5.771,-4.929,7.073813540092785,2.995421339311049,0.18282374064026088
O=C(Nc1ccc(OC(F)(F)F)c(Cl)c1)C1CCCN1S(=O)(=O)c1ccc(Cl)cc1,-7.714,-5.675,8.708385958373686,12.100649610661403,0.0006215623649618492
COc1cc(CNCCC(C)(C)O)cc(-c2ccc(S(=O)(=O)NC(C(=O)c3nccs3)C(C)C)cc2)c1,-7.331,-5.716,4.518401597910482,5.424148781145296,0.344084477172834
COCCN(Cc1cccs1)Cc1cc(Cl)ccc1F,-5.743,-4.586,12.516896540277067,3.103976320785969,0.00615147526875438
CNCC(Cc1cc2ccc(C)cc2[nH]c1=O)CN(C)C,-6.519,-5.013,5.006796480784894,5.807862085139419,0.23785303652427772
CCCCC(C)=NC,-4.196,-3.28,11.770198171653696,8.850542864706096,0.0006994693011574574
Cc1cc(-c2cc(C(N)=O)n(C3CS(=O)(=O)CC3O)n2)cc(C)c1F,-7.799,-5.654,4.63949878758471,4.5291594142842895,0.4733908655006818
CC(O)c1cnc(N2CCC(C(C)O)CC2)s1,-5.355,-4.55,4.341926415774454,2.877166835621459,0.6967031059630878
CC(C)(C)OC(=O)NCCCCC(N)(C(=O)O)C(=O)O,-5.622,-4.858,4.706157030954237,2.973855073805717,0.6161085931301601
CCOc1ccc(-n2[nH]c(NC(=O)OC)nc2=O)cc1,-6.331,-4.777,6.154306947171224,3.0664807190002032,0.3101981047327252
CCn1c(=O)n(Cc2ccc(Cl)cc2)c2cccc(N)c21,-6.972,-4.688,10.68190774159747,9.168761094062818,0.0011324787500952985
COc1ccc(C(CNC(=O)c2ccc(Cl)c(Br)c2)N2CCCC2)cc1OC,-7.328,-5.388,4.594075097340051,5.519185718926298,0.3207331495768945
CC(C)CC(N)C(=O)NC(CC(N)=O)C(Cc1cnc[nH]1)NC(=O)C(C)N,-6.715,-5.533,12.08150628026158,2.749310640869816,0.008299127433573493
CC1=C(C2c3cccc(c3)-c3ccccc32)C(C)N(c2ccc(F)cc2)C(=O)C2C(=N1)C(=O)NC2CC(=O)NC1CCCCC1,,,,,0.0
ClC1CC2C1C1C(Br)C2C2(Cl)C(Cl)C(Cl)C12Cl,-5.852,-4.686,12.951754977608248,3.2318763899629577,0.004628304172673883
Cc1cn(C)c(C=CC(=O)O)c1C,-4.841,-4.471,12.650638916671362,2.7031265231209587,0.0058316339277244555
NC1CC(COCc2ccccc2)C(=O)N(Cc2ccccc2)C1,-7.23,-4.998,4.383543087503533,10.765393676034334,0.014587744114641974
CCCCCCC=CCCCC(=O)NC(COC1OC(CO)C(O)C(OC2OC(CO)C(O)C(O)C2O)C1O)C(O)CCCCCCCCCCCCCCCCCCCCCCCCCCCC,,,,,0.0
COCc1ccc(C2SC(=NN=Cc3cc([N+](=O)[O-])cc(OC)c3OC)NC2=O)o1,-6.907,-5.304,7.603816081415962,3.074632498364642,0.13161109912516208
CN=C(N)N(CC1CC1)C1CCCc2ccccc21,-6.177,-4.223,11.981651513877376,8.929613205508959,0.0005834515733999854
CN(CC(=O)Nc1ccccc1N1CCCC1)Cc1ccc(C#N)cc1,-6.921,-4.921,7.280635480505805,7.133949537247934,0.032791221368812164
O=C1CC(C(=O)N2CCN(c3ccccc3)CC2)CN1Cc1cccc2ccccc12,-8.627,-6.324,3.9329628780348287,5.090385054197766,0.4655667033213616
O=C(c1n[nH]c(=O)c2ccccc12)N1CCN(c2cccc(Cl)c2)CC1,-7.986,-6.054,4.89764770068244,4.175442731016676,0.47640336031316016
CN(c1ccc(NS(=O)(=O)c2ccc(Br)cc2)cc1)S(C)(=O)=O,-6.456,-5.646,4.55601152325145,3.1683442047858383,0.6369563090964411
CCCN(Cc1ccncc1)CC1CN(C(=O)OC)c2ccccc2O1,-6.547,-4.974,4.461149963854612,5.223026708719764,0.38423424280343343
CCCC(CC(=O)O)Nc1cccc(CC#N)c1,-6.817,-5.076,12.173569115095212,3.0319605868150727,0.007672944617517142
N#CC1Cc2ccccc2CN1Cc1ccccc1,-7.522,18.02,13.168463843592386,3.2115613025442933,0.0040506900555297215
CN(C)c1ccc(C=C2SC(=S)NC2=O)cc1,-5.595,-4.148,7.326621322274,7.982108493374417,0.01899182269042913
Clc1cccnc1N1CCN(c2ccccc2)CC1,-6.319,-4.909,4.971836883889091,5.71696221782163,0.2528783892452073
CC=CC=C(COCCCCN1CCC2SC(Nc3ccc(OC)c(Cl)c3)=NC2C1)NC=CC,-7.416,-4.974,4.166778731826302,3.4176187616526224,0.6920091447705037
Cc1cccc(NC(=O)C(Nc2ccccc2N)C(C)C)c1C,-6.888,-5.176,7.501299954007972,7.5379059426342,0.022433530393904205
CN1CCN(CC2(C)CCN(C)C2)CC1,-4.81,-4.3,12.695131153320158,3.0802714166125034,0.0055150176706908515
Cc1ccc(-c2nc(C(=O)Nc3cccc(NC(N)=O)c3)c(C)o2)cc1,-8.027,-6.37,4.481679372735181,3.114252398249056,0.6555228851369714
CC(C)Cc1ccc2nc(Nc3ccc(N)cc3OC(C)C)ncc2c1,-6.854,-5.459,4.699585513638409,4.4486954267515335,0.4753889317484444
COCc1cc(I)c(O)c(C=Cc2ccccn2)c1,-6.226,-4.92,7.370657026344394,8.166771271438916,0.016496431201156615
O=S(=O)(Nc1ccc(CCNC2CC2)cc1)c1ccc(F)cc1Cl,-7.191,-5.567,12.228062561174605,3.0402488384999025,0.007410723853194009
S=C(Nc1ccccc1Cl)NC1CC2C=CC1C2,-6.948,-4.837,8.635195539187286,9.03904607798854,0.004400872206889666
COc1ccc(S(=O)(=O)N2CCN(Cc3cn4cc(Cl)ccc4n3)CC2)cc1,-7.231,-5.662,4.202425728076583,3.5214880377476785,0.6762675325736968
CC(O)c1ccnc(C2CCC2)n1,-5.979,-4.885,12.697521214788342,3.171950346395732,0.005458951285924936
CCNC(=NCc1cnns1)N(C)CC1CCOCC1,-5.907,-4.068,5.278559367857863,2.8184877150699115,0.4943425636106044
Cc1c(C=CC(=O)Nc2ccccc2N2CCCN(Cc3nc(C(=O)N4CCCCC4)cs3)CC2)cnn1-c1ccccc1,,,,,0.0
O=CCC(CC(=O)ON1C(=O)CCC1=O)(C(=O)O)C(=O)CCc1ccccc1,-6.863,-5.218,4.951531177322828,3.4635774857796955,0.533491357140631
CC(C)C1C(=O)C(C)(c2cccnc2)C(=O)N1CC1CCCO1,-5.973,-4.98,11.901176958603717,2.9684386468310233,0.009145048389263681
O=C(NCCCN1C(=O)C(=Cc2ccccc2Br)SC1=S)OCc1ccccc1,-7.087,-5.271,5.419713830083651,6.309785733287621,0.15061266538170612
COc1cc(C=NNC(=O)C(c2ccccc2)c2ccccc2)cc(O)c1O,-7.292,-6.099,4.836554455394873,2.851808198319095,0.5929204207263039
CNC(CCN(CCC(C)C)C1CC1)c1ccccc1,-6.0,-4.182,7.259326139525623,7.76973365051853,0.022547634832595028
CC(=Cc1ccco1)C(=O)N(C(OC(=O)C(C)(CCl)CON1C(=O)CC(C)C1=O)C(Cl)(Cl)Cl)S(=O)(=O)c1ccc(C)cc1,-6.454,,,,0.0
CCC1(O)C=CC(c2csc(-c3ccc(-c4cccs4)cc3)n2)=CC1,-7.159,-6.316,5.105406056328918,3.1894711160316223,0.5170951232365781
CCCn1c(CNC(C)(C)C)nc2ccc(C(=O)O)cc21,-6.619,-5.24,4.539560441276226,2.807286768393995,0.6596881458960457
COc1ccc(Cn2ccnc2CN(CCO)C(C)C)cn1,-6.026,-4.459,12.389972114577175,2.9139270752714457,0.0067665210187356625
C=CCN(CC=C)Cc1onc(C)c1NC(=O)OC(C)(C)C,-6.175,-4.464,8.202496997865953,3.084385514166477,0.09093569383065113
O=C(c1cccnc1N1CCCCC1)N1CCC2(CCNC2)C1,-6.626,-4.942,7.322281201920616,3.1191776159750817,0.15562546431783225
NN=C(N)c1c(-c2ccc(F)cc2)c(-c2cnc3ccnn3c2)c(N)[nH]c1=O,-6.702,-5.114,7.380140987813173,7.296297691295223,0.02798200746130419
c1cc(CN2CCOCC2)no1,-5.029,-4.148,12.1971885695024,2.9782420989570335,0.007594533502958609
COCCCN(CC=NN(N)c1ccccn1)C(=O)c1cccs1,-6.163,-4.797,5.433024387944526,3.067757813126714,0.45116848818749405
COCCNCc1c(C)nn(-c2ccccc2C)c1C,-5.764,-4.864,12.645344004810624,3.4153443457431933,0.0054862212274602576
CN(c1ccccc1-c1ccc2c(c1)CCc1nnc(-c3ccoc3)n1N2)S(C)(=O)=O,-5.641,-4.991,5.948598742561142,3.0382402801621877,0.347953575298041
CC(C)(C)C(N)C(=O)N1CCCC1c1ccccc1F,-5.846,-5.208,12.31990945583611,3.072429169240521,0.0069774626174314135
C=CCC(NC(=O)N1CCCCC1)C(=O)c1cccc(N)c1,-6.362,-5.317,12.171210868274365,3.132960740258327,0.007614073316991796
CC(=O)Nc1ccc(CCNS(=O)(=O)c2ccccc2Cl)cc1,-7.271,-4.547,11.468432368898549,9.301668721256418,0.0006377074892515264
CN1CCC(CO)C(C(=O)O)C1CC(=O)O,-5.301,-4.439,6.508416935015764,3.1563781459134455,0.2516298171210913
CCC=CC1C(C(=O)O)=C(C)NC1(C(=O)O)C1CC1,-6.254,-4.988,7.115090582698156,2.998116241909243,0.17830056801101446
O=C(CN1C(=O)CCC1=O)OCC1CCCO1,-5.743,-5.13,12.0229305911662,3.085766355380783,0.008390309987201463
Cc1cccc(NC(=O)CSc2nnc(C(C)(C)C)n2CC2CCC2)c1,-6.603,-5.042,3.648284254276248,10.00797931652539,0.02756689426122859
CCOC(=O)c1cnn(-c2nc3ncccc3[nH]2)c1C,-6.335,-4.608,7.837677334516903,2.985925317217429,0.11487896183087964
O=C(NC1(C(Br)(Br)C(=O)O)N=C(c2ccccc2)OC1=O)c1ccccc1,-7.509,-5.889,8.62958428894463,12.405416599211813,0.000539559174411039
O=C(Oc1ccc(N(CCCl)CCCl)cc1)c1cc([N+](=O)[O-])cc([N+](=O)[O-])c1,-6.579,-4.772,8.28946041669782,8.473352170186248,0.007753639068200639
CCN(CCNC(=O)c1ccccc1[N+](=O)[O-])c1nc2ncc(Br)c(N)c2n(C)c1=O,-7.576,-5.407,4.645945651856035,3.013095750221024,0.6270729521825672
Cc1nn(-c2ccc(F)cc2)c2[nH]c(=O)n(C3CCCC(OCc4ccccc4Cl)C3)c(=O)c12,-8.573,-6.637,7.717634222998651,8.88884075681413,0.00852294337952201
CCOc1cc(C2C(=C(O)c3ccc(N)cc3)C(=O)C(=O)N2c2cc(C)on2)ccc1OC,-6.963,-5.939,6.833979514163033,7.11017320464136,0.043490632253122316
CC(C)(C)OC(=O)NCC=Cc1cc(Br)ccc1OCc1ccccc1,-6.33,-5.217,4.338225097894298,4.693080970961399,0.492080181097814
COc1ccc(C2c3c(n[nH]c3-c3cc(OC)c(OC)c(OC)c3)Oc3n[nH]c(-c4cccc5ccccc45)c32)cc1,-8.103,-5.72,3.4904105775682037,7.588720379616051,0.1267547024778798
Cc1cnc(N2CCCC(c3nc(C)c(CC(N)=O)c(C)n3)C2)nc1,-7.467,-5.612,4.525347389980132,2.9267616916995483,0.6570173754484027
Cc1cc(C(=O)OCCOCC(=O)O)ccc1NC(=O)Cn1c[n+](C)cn1,-6.758,-5.366,3.7014625487771724,2.9598420565969397,0.7985570410139465
CC(=O)CC(CCCN=C(N)N)NC(=O)CCNC(=O)C(CCCN)NC(=O)C(Cc1cnc[nH]1)NC(=O)CCCCC(=O)O,,,,,0.0
Cc1cccc(Oc2ccc(NC(=O)CNc3cc4ccccc4c4ccccc34)cc2)c1,-9.154,-7.155,5.406966894664696,3.5632632515715135,0.43110211927403225
Nc1ncnc2cnc(OCCCP(=O)(O)O)nc12,-6.313,-5.39,12.196442514110416,2.7862392216032,0.0077055817350591815
CC(=O)Oc1c(O)cccc1NC(=S)Nc1ccccc1F,-6.902,-4.866,8.919402950870646,12.52771958498433,0.00041740066655587376
O=C1C=CC(=Cc2ccccc2)C2CC(=O)C(Cl)=C12,-6.607,-5.23,12.09347815973552,3.122056213459328,0.008001400980946113
O=C(NC1CC1)c1cccc(NC(=O)C2CCCN(c3ncnc4c3CCCC4)C2)c1,-8.371,-6.576,6.4613005656756135,3.3160621224579026,0.25418646605370265
CCSSn1ccc2cc(-c3cccc4c(C)c(-c5ccccc5)oc34)c(OC)cc21,-7.221,-5.255,4.684346485903877,5.853738121918335,0.2623491219733018
C=CCSc1nnc(CN)n1-c1ccccc1,-5.048,-4.401,11.694193644711037,2.8771433749467543,0.01048074415869137
COCCCN(CCO)C(=O)N1CCCC1,-4.937,-3.69,6.7289323818864455,3.0111476217548683,0.22418855553818948
CCNC(C)C1CCN(Cc2nnc(C)o2)C1,-6.774,-4.904,12.32853178606439,3.046174978559177,0.0069561253372383055
CN(C)Cc1ccc(OCCN2CCOCC2)cc1,-5.883,-4.164,4.225356789668773,6.470265914164579,0.21430113878362383
CC(C)(O)C1CCC2C3CC(O)C4=CC(C)(C5(O)C=CCC5)C(=O)CC4(C)C3CCC21C,-7.492,-5.782,4.4685264909139795,3.114321113822401,0.6581764667887042
Cc1cc(C(=O)NCc2ccc(F)cc2)c(-c2ccccc2)s1,-7.098,-5.402,4.515254810085472,8.589767284391353,0.05445011346213109
COc1ccc(NC(=O)C(Cc2ccccc2)NC(=O)c2cccc(Cl)c2)cc1Cl,-7.436,-6.316,7.828712090759246,7.991826449567084,0.013885753801049375
CC1CCc2c(sc(NC(=O)c3ccc(CSc4nc5cccnc5o4)cc3)c2C#N)C1,-8.512,-6.815,3.826032148322854,3.581299624438035,0.7284763181592073
CC(=O)c1ccc(OCC(=O)NC(C)CC(C)c2ccccc2)cc1,-6.676,-5.338,4.392618012074349,7.685550468248842,0.09883042003063054
CN1C(=O)CCC2(CCO)C3CCC4(O)CCC(c5ccoc5)C4(C)C3CCC12,-7.678,-5.06,4.933712091316232,5.198359452750454,0.32914511461250623
CN1CCN(NC(=O)Cn2nc(-c3ccccc3)c3c(N)c4ccccc4nc32)CC1,-7.205,-6.345,5.289518125500658,5.4636993877774795,0.2502564436823667
CCOC1CC(NCCc2ccc(F)cc2)C1,-5.826,-4.66,12.748418450929512,3.1411318023922528,0.005304071651507829
Cc1[nH]c(=O)sc1Cc1ccnc(C#N)c1,-6.315,-5.398,12.104610774411542,3.0476768201369384,0.007999930633598348
Nc1ccc(Br)c(C(=O)OCC(=O)Nc2ccc3c(c2)CCC3)c1,-7.548,-5.845,8.438937907106556,8.656454123947055,0.006307562705500597
Cc1ccc(NS(=O)(=O)c2cc(F)ccc2F)c(Br)c1,-7.204,-5.77,12.901533978562396,3.2629583202977015,0.004759869957362361
CC(C(=O)Nc1ccc(Cl)cc1Br)n1cncn1,-6.633,-5.368,12.096740759394656,3.1344450864546984,0.0079756760511267
O=C(O)C(c1ccc(Br)cc1)N1CCCCC1=O,-6.783,-4.653,12.146723220687957,3.1889713074908648,0.007688864684545193
CCCCCCCCCCCCCCCCOC(=O)N1CCC(F)(F)C(c2ccc(C)cc2)C1,-5.658,-3.554,4.290168411612766,9.423792973108014,0.03460628854167842
C=CCCc1c(-c2cccc(N(CC)c3nc(C=C)nc4ccc(C=C)cc34)c2)c2ccccc2n1-c1ccccc1,-6.848,-5.809,4.407082595096217,5.419638087547913,0.35673999772657466
C=CC=C1C=CC=CC1,-5.165,-3.848,11.660417917038822,9.00902242199452,0.0006787586593565242
CN(Cc1ccc(C(=O)Nc2[nH]ncc2Cc2c(Cl)cccc2Cl)cc1)C1CC1,-7.387,-5.46,6.404413009792544,3.220861530708825,0.2653953699702499
CCC(=O)NC(C)=CC(=O)c1ccccc1,-6.196,-4.642,3.233955318182365,10.465572225158068,0.02187966850010992
COc1ccc(C=Cc2ccc(CC(C#N)=Cc3ccc4c(c3)OCO4)s2)cc1,-7.373,-5.345,4.278695361906476,9.643592950762699,0.030265855423824116
CCc1c(C#N)c(Br)nn1CCCSc1nnc(-c2cnccn2)o1,-6.534,-4.807,3.731583176079558,4.503828149474623,0.6006228971354628
OC1CCN(Cc2c(C3CCCC3)nc3ccccn23)CC1O,-6.702,-5.723,4.785128838390875,4.192977581623826,0.4949233018067372
CC(CC(=O)O)NC(=O)N(C)Cc1ncn[nH]1,-5.862,-5.267,12.25329869871783,2.9197275557832456,0.007366648749982565
CC(=O)N(Cc1cccnc1)C(C(F)F)C1CCCC1,-5.769,-4.361,12.552280948098636,3.2825895265780645,0.005908070377389376
O=C(CSc1nncn1-c1ccccc1)NCC1CCOC1,-6.565,-5.343,12.16414481169967,2.9183640965445012,0.007789558276025025
c1ccc(-c2nc(-c3ccc(-c4cccc(N(c5ccccc5)c5ccccc5)c4)cc3)nc(-c3cccc(-n4c5ccccc5c5ccccc54)c3)n2)cc1,-10.45,-8.558,7.7823225967573455,6.901552361606771,0.027740430482086974
Cc1sc2ncn(CC(=O)N(C)c3ccccc3Cl)c(=O)c2c1C,-7.038,-5.211,4.337156441725385,5.420753453164975,0.36379376098185784
COc1cc(C=Nn2c(C(C)C)nc3ccc(Br)cc3c2=O)ccc1OCc1ccc(F)cc1,-7.398,-5.758,4.335244514442063,2.960447263505972,0.6936041699660118
COc1ccc(C(O)CC(=O)O)cc1OC,-6.091,-5.119,11.92785533949838,2.8490287818833986,0.009075040847333803
CCC1C(=O)CCC1(C)C(=O)O,-5.139,-4.532,12.971208309174592,2.978029046198173,0.004681900948690983
CCC(CC)NCc1ccc(CO)o1,-5.752,-4.311,12.907897659959968,2.880922768836403,0.004907418577131702
CC1(C)OB(c2ccc(CCN3CCCCC3)cc2)OC1(C)C,,,,,0.0
CCOCCn1c(=NC(=O)c2ccc(Cl)cc2)sc2cccc(S(N)(=O)=O)c21,-7.179,-5.4,4.5146451687812625,4.366831574494258,0.5179588751582286
CC1CCc2c(sc3ncn(N=Cc4ccc(Cl)cc4Cl)c(=O)c23)C1,-7.157,-6.124,7.439372419767678,7.741835312120763,0.02056020629753073
Cc1ccc(S(=O)(=O)N(CCCl)CCCl)cc1,-5.121,-4.359,12.4364051477909,3.3562176627864884,0.006297635594314925
CC(C)(C)OC(=O)C1CCC1(N)c1ccc([N+](=O)[O-])c(F)c1,-6.57,-5.637,8.648937217947648,9.171744163462039,0.004017210451101666
Cc1c(C(=O)COC(C)C(=O)NC2CC2)cnn1-c1ccc(Cl)cc1,-6.482,-5.649,4.480045312270848,3.2210783908498724,0.6489236007261014
COCc1cccc(C(CNC(=O)CC(C)C)N(C)C)c1,-6.651,-4.235,4.531591552644611,3.7138675259088068,0.5971899569070481
c1ccc(-c2ccc(-c3nc(-c4ccc(-c5ccccc5)cc4)nc(-c4ccc5ccc(N(c6ccccc6)c6ccc(-c7ccccc7)cc6)cc5c4)n3)cc2)cc1,-10.21,-8.567,4.934262457551281,3.523657900534615,0.5327139285530769
CCc1noc(CCC(=O)N2CC(CO)CC2c2cn[nH]c2)n1,-7.083,-6.212,12.164389339379106,2.780677795070835,0.007864357924593867
COc1cc(C(=O)N2CCC(OCC(=O)C3CC3)CC2)cc2c1OC(C)(C)C=C2,-7.286,-5.382,7.140460069211226,9.3378895902661,0.00915689079021011
COc1ccc(CN2CC(C(=O)NCCOc3ccc(C)cc3)CC2=O)cc1,-7.776,-5.194,4.115798828903084,9.502836523901694,0.03444046513194301
CCCC(NC(=O)OC)C(=O)NC(CC(C)C)C(=O)OC,-5.857,-4.28,7.048003050510123,2.9624444298585586,0.18617769386713864
COC(=O)C(C)n1nc2c(nc(N)c3[nH]cnc32)c1C,-6.859,-5.125,5.855521667622792,2.8052012405529845,0.37221397121216054
COc1ccc(C#N)nc1Nc1cccc(CC(=O)O)c1,-7.58,-5.322,8.066981963535062,8.467204379250568,0.008931959787874517
CC(NC1CNCc2ccccc21)c1ccc[nH]1,-6.561,-5.882,12.327789501772004,3.186888294245658,0.006867673184784509
Nc1cc2nonc2cc1NCc1ccc(Cl)s1,-6.656,-5.143,12.09311233719426,2.9377836884290858,0.008131001520091092
CC(=O)Nc1cccc(NC(=O)c2cnn(-c3ccc(-c4nc5c(o4)CCCC5)cc3)c2C(F)(F)F)c1,-7.834,-6.896,7.342432975519763,9.42989448509367,0.007651338364839501
CCCN1CCN(c2cnccc2CNC)CC1,-5.408,-4.578,12.353729841630825,2.8854306437687947,0.006936238656570515
C=CCCC(=O)N1CCN(CCOCc2ccccc2)C(C2CCC2)C1,-6.401,-4.511,4.515392120292543,3.651955503562442,0.6064472580459769
COc1ccc(NC(=O)CSc2nncn2N)c(OC)c1,-6.486,-5.012,5.202524098935053,3.1900727264437094,0.49574526093699584
CCn1c(C(C)C)nc2ccc(Br)cc2c1=O,-5.797,-4.733,12.605727825080153,3.305249309810078,0.005699330702392889
c1cc(CNCC2(C3CC3)CC2)c2c(c1)OCCO2,-6.056,-4.382,7.337099290591616,7.976996552587947,0.018930959990615746
CCOc1cc(C(=O)Nc2ccc(CCC(=O)N(C)C)cc2)cc(OCC)c1OCC,-6.587,-5.3,7.277556389338389,9.466735498576055,0.007777816356158513
CCCCCCCCCC(=O)OC(COC(=O)CCCCCCC)COP(=O)(O)OC1C(O)C(O)C(O)C(O)C1O,,,,,0.0
COC(CO)C(O)C(OC1=CC(O)C(O)C(=O)C1CO)=C(Cl)Cl,-5.365,-5.205,11.898870114426833,2.8306389738007924,0.009252778069511419
COCCN(C)c1ccc(NC(=O)OCC2c3ccccc3-c3ccccc32)cn1,-7.353,-5.681,3.7763065288718285,3.7562752827768096,0.7144468391633924
COc1ccc(C=NNC(=O)c2ccc(N)cc2)cc1,-6.049,-5.263,4.491696004851619,3.6538600137388952,0.6107774556467646
Nn1c(SC2CCCCC2)nc2scc(-c3ccccc3)c2c1=O,-6.722,-5.424,4.218734525897547,3.566058187971699,0.6690992586840748
CC(=O)[N+]1(C)c2ccc(I)cc2C(C)(C)c2c(Cl)ccc(C)c21,-6.171,-5.062,9.0378639069196,12.509227873853765,0.00039222622835134
Cc1cc(C)c(NCCCOC(C)(C)C)c(C)c1,-5.932,-4.585,8.501307487675057,9.122193760274993,0.004541100265872342
COc1cc2[nH]cc(CC3CCc4ccccc43)c2cc1OCCF,-7.989,-5.282,8.445051154374376,8.662374847580772,0.0062605992593317925
CC(C)CCC(=O)NCC(=O)N(C)CC(F)(F)F,-5.699,-4.017,12.519524511737655,2.823298956894221,0.006281100416418994
CC1(C#N)CCCC2(C)C3=C(F)C=CC4=C(CC5OC(O4)C(O)C(O)C5O)C3CCC12,-5.888,-4.224,4.175660666289827,3.038611854120233,0.7188984191244915
CC(C)CC1C(=O)N(c2ccc(-c3cn[nH]c3C(F)(F)F)cn2)c2cc(F)c(F)cc2C(=O)N1CC(F)(F)F,-6.174,,,,0.0
CNCc1sc(Br)cc1Cc1ccccc1Cl,-5.996,-4.848,12.068602611735958,3.0527115815287886,0.008178383927263755
Nc1ncnc(Nc2cccc(O)c2)c1Br,-6.045,-5.084,12.475358271408481,2.951507072666437,0.006396308161685516
O=c1[nH]c(NCc2ccccn2)c(S(=O)(=O)c2ccc(Cl)cc2)c(=O)[nH]1,-7.37,-6.136,12.158756063018947,2.9130976639996122,0.007818956413266572
CCCCCCCCC1C(O)CC1COCc1ccccc1,-5.529,-3.92,5.8246258248921015,2.992724845354146,0.37306633950471985
Cc1ccc(CC2CC(c3nn[nH]n3)=C(C(C)C)C(=O)N2)cc1,-8.684,-6.29,12.484078380080765,2.9673242155180817,0.006353548320693681
CC(C)C(NC(=O)c1ccccc1)c1nc2ccccc2[nH]1,-7.309,-6.057,12.083499534489171,3.001951698478842,0.008137882196683564
CCC(NC(=O)Oc1ccc([N+](=O)[O-])cc1)C(=O)Nc1ccc(Oc2ccc(S(=O)(=O)Nc3cc(C)co3)cc2)cc1,-8.962,-6.947,6.723148741475232,3.0020587935615133,0.22512421568285276
CC(C)c1ccccc1C=Cc1nn(C)cc1-c1nc2sc(C(N)=O)nn2c1C#N,-7.168,-6.249,4.760502074361485,2.9962291300900197,0.6031415919947275
CCOC(=O)C(Cc1ccco1)C(C)=O,-5.346,-4.253,12.64076611602319,2.8635638634401013,0.005806361634367486
C=C(Cl)CNC(=O)CNC(=O)CC1=CCc2ccccc21,-6.84,-5.705,12.274852096868623,2.8114005406558498,0.007324804303982361
Cc1ccc(OC(F)(F)F)c(CN2CCN(CC#Cc3ccc(F)cc3)CC2)c1,-7.837,-5.401,4.256873618044115,6.235942029878084,0.24283507074345295
O=C(O)c1cccc(C2(CCO)CC2)c1,-5.863,-4.566,12.213051052050835,3.0568756925985725,0.007469690763529953
COc1cccc2cc(S(=O)(=O)N(c3ccc(SC)cc3)C3CCCCC3)[nH]c12,-7.605,-5.608,6.178393399582126,2.8550182136021482,0.31128080335484526
CN1CCCC(N(C)CCN2CCCNCC2)C1,-4.315,-2.834,6.019351044755573,4.009034547119793,0.29064089341548915
CCOc1ccc2c(NC(=O)c3ccccc3I)coc2c1,-6.564,-5.488,3.57170351513112,9.702044990619246,0.033765167910071656
Nc1nccc(CCCCCOc2ccccc2)n1,-6.273,-4.935,8.341282455354213,8.562531518190166,0.007104113966143441
CCC(C)(C)NCCNCC1CCCCO1,-5.355,-4.161,4.247204256920074,4.132943866059639,0.5952927977022014
Cc1noc(Oc2cccnc2)c1C(N)=S,-5.848,-5.015,12.376055672143691,3.0318332737800744,0.00676096033686316
COCCNC(=O)c1ccc(C)c(NC(=O)c2cnn3c2CCCC3)c1,-6.893,-5.678,4.170364972037818,3.746038040383466,0.6579454910670093
O=S(=O)(O)N1NN(c2cccc(C(F)(F)F)c2)[N+]([O-])=C1c1ccc(Cl)cc1,-8.157,-6.045,7.4515677545064305,7.76779209299528,0.020084982431986628
Cc1ccc(C(N)C(C)(N)CO)cc1,-5.412,-4.683,13.115802720382767,2.7790741263953365,0.004339834034779794
Cc1nc2nnc(-c3nc4cnccc4s3)n2c(=O)[nH]1,-7.307,-5.336,11.931858069890037,3.025861364967007,0.008928788981338956
O=C(NC(C1CC1)C1CCC(O)C1)c1csnn1,-7.327,-5.689,12.426790575204846,2.9424816057199075,0.006598103848353001
CN(c1ncccc1C(N)=NO)C1CCCCC1O,-5.684,-4.601,8.15913904771821,2.772770816349595,0.09568277523878285
O=C1c2ccc(Br)cc2C(=O)N1CCSc1ccc(Cl)cc1,-7.152,-5.757,12.649319112110343,2.939396366603184,0.0057428088458801605
CCOc1cc(C=C(C#N)C(=O)Nc2ccc(Cl)cc2Cl)ccc1OCc1ccccc1[N+](=O)[O-],-6.96,-5.85,3.662804526588882,2.977271401804007,0.8025540839916706
CCC1(C)CCN(CC2CCCC(=O)C2)C1,-5.742,-4.597,12.400185361517787,3.3233170176797757,0.006467028247475087
CCC(=O)c1n[nH]c(CC)c1C,-5.03,-4.255,13.076728681134286,3.0415545367459718,0.004359769710718776
COc1cc(Br)cc(C(C)N2CCCCC2C)c1O,-5.768,-5.198,12.821356987464315,3.0067301175862124,0.005129422646109366
Cn1c(-c2cc(C(=O)O)no2)cc2ccccc21,-7.072,-5.003,6.754457565193523,2.966118844550906,0.22165971758166825
Cc1cccc(CN2CC(C(=O)O)c3cc(CO)ccc32)c1,-7.189,-5.603,5.926614547952313,3.061405886190199,0.35136429888907483
Cc1cc(NC(=O)c2cc3c(s2)CCC(C)C3)sc1C(=O)O,-6.597,-5.578,5.560407539020858,3.070692918544608,0.42401059641715577
COc1ccc(NC(=O)C(C)C)cc1S(=O)(=O)NCc1ccccn1,-7.345,-5.462,4.434754671906891,3.9891803669425627,0.5835628594403259
CNCc1c[nH]c(=O)c(-c2cc3c(nc2N)-c2ccc(Cl)cc2CO3)c1,-7.526,-5.746,8.135153717048007,6.141775231966731,0.034603842497697455
CCCCC1CC(=O)N(CCCNCC(O)COc2ccccc2)C1,-6.271,-4.609,4.852464425423437,5.2122981495689595,0.3375933410296298
Nc1ncnc(Nc2ccccc2)c1CCC(=O)O,-6.083,-5.433,11.826173387871497,2.9535622559885204,0.009595267825157672
Cc1ccoc1CN1C2CCC1CC(N)C2,-6.324,-5.192,12.003655318277012,2.920567753023374,0.00860991707283102
CCCOc1ccc(NC(=O)CN(c2cccc(C(F)(F)F)c2)S(=O)(=O)c2ccc(Cl)cc2)cc1,-7.806,13.2,5.058459548123322,2.9856520225907106,0.5373507056319525
COc1ccc(N2CCCN(Cc3ccccc3OC)C(C=O)C2)cc1,-5.408,-3.923,6.151089415705156,3.16443928682476,0.3079009764582032
Cc1nn(C2CC(N)C2)c(C)c1C=CC(=O)O,-5.661,-4.424,6.024282529895157,2.7973846714386634,0.3401870982814604
COc1cc(CF)c(CC(C)N)c(OC)c1,-5.255,-4.09,12.758110753555952,3.2651399663720393,0.0052049881832701575
Cc1cc(Sc2nc(N)cc(C3CC3)n2)c2ccccc2n1,-7.277,-4.95,4.259691068610493,5.504112099149145,0.3569859493288001
COc1c(F)c(C=NOC(C)c2ccc(-c3ccccc3C#N)cc2)cc(O)c1C=O,-7.69,-6.462,4.136079665577055,3.181919860713025,0.7162667577383405
CCC(c1ccc(F)cc1)N(C)C(=O)CCc1ccc(NS(C)(=O)=O)cc1,-7.119,-5.638,4.472521771886639,2.98934290438551,0.6646349277762306
Cc1ccc(CN(C)c2ccnc(C(N)=NO)c2)cc1,-7.607,-5.372,5.079331255194919,3.0229450871625176,0.5310141709810383
Cc1cc(F)ccc1NC(=O)NC1CCN(C(=O)CCNC(=O)OC(C)(C)C)CC1,-7.22,-5.669,4.497482184511684,2.9000077586103106,0.6641468624485024
COCCCN(C)C(=O)COc1ccc(N)c(C)n1,-5.756,-4.306,11.952211385346228,2.8868449906428983,0.008913679723621525
Cc1cc(C)nc(NCCCN2CCCCCC2)n1,-4.388,-3.062,6.183074720557725,3.297414896551539,0.2982317368797321
CCN1CCCC1CN(C)C(=O)C1(C#N)CCCC(C)C1,-6.551,-4.765,4.408427383999877,6.023477151944714,0.2617514261771
C=CCC(=CC=C(C)C=CC=C(C=C(C)c1c(O)c(CC=C=C(C)CC)cc(C(C)(C)C)c1O)CC)CCCC,-7.242,-5.181,5.265902676654782,5.302456977666108,0.2728330566635191
O=Cc1c(NC(=O)c2ccccc2C(F)(F)F)ncc2ccc(-c3ccc[nH]c3=O)cc12,-8.755,-6.551,3.8763979413883702,5.845017108614824,0.32800156735341623
C=CCCCN(C)C(=O)NC(CCO)CC(=O)O,-5.687,-4.358,11.745156491081758,2.9378973773772294,0.010105977816377617
Cn1cccc(-n2c(SCC(=O)Nc3ccccc3F)nnc2-c2ccco2)c1=O,-7.342,-5.91,3.977779782743132,3.43266834984098,0.7214827948834055
N#CCN1CCN(CCOc2ccc(C#N)cc2Cl)CC1,-6.175,-5.394,4.359384474900097,3.084955429175599,0.6816146572986217
CCCCCCCC1(C)C2CCCC(=C3C1CCC1(C)C(C(=O)OCC)CCC31)C2,-7.436,-4.616,6.93099394026571,7.797438425534376,0.02700577363607296
O=S(=O)(Nc1cc(C2CC2)[nH]n1)c1ccc(Cl)s1,-6.65,-4.806,4.323799949118829,3.7600397604280738,0.6303124028304394
CCOC(=O)N1CC(S(=O)(=O)CC)CC1C(C)=O,-5.756,-4.185,7.608579959493098,3.229414343189799,0.12925493507577157
Cc1cc2c(cc1CN1CCC(c3ccccc3-c3ccn[nH]3)CC1)CCN2S(C)(=O)=O,-8.172,-6.034,7.5469297730931615,8.081907509987973,0.015613169053482511
CSc1cc(F)c(Cl)c(F)c1,-5.33,-3.869,12.489343017148661,2.936046491457518,0.006348315176603194
Cc1nc(C(C)NC(=O)Nc2ccc3ncccc3c2)no1,-7.354,-5.915,7.931781704005728,10.75158048846773,0.0023364770256763955
O=C(c1ccc(Cl)c(Cl)c1)N(Cc1cccs1)C1CCS(=O)(=O)C1,-6.653,-5.015,3.381485768120279,7.435607574368083,0.14117824468528492
O=C(O)c1ccccc1OCc1ccc(I)cc1,-6.843,-4.998,3.642660840649318,9.059749830983193,0.04984899949727564
COC(=O)c1ccc(C(=O)OCC(=O)NC(C)c2ccccc2)cc1,-6.852,-5.913,5.3267735074808655,3.0214185410167858,0.47613350109546293
CC1(C2CC2)NC(=O)N(CCC2CC2)C1=O,-5.627,-4.666,12.493497868891643,2.9830574919032316,0.0063082216405315325
COc1ccc([N+](=O)[O-])cc1N1C(=O)C(C)(C2CCS(=O)(=O)C2)NC1=S,-7.051,-5.725,3.5177724485816304,3.024346045015352,0.81721968149849
CC(=CCl)CN(Cc1ccc(F)cc1)CC(C)(C)O,-5.766,-4.708,12.009758906822402,3.0291269369242353,0.008502136355196484
CCC(C)CC1CCC(CC)N1,-5.047,-4.293,12.688347804186327,3.0836505962900533,0.005536749433467166
CCOC(=O)CN(CC)c1ccc(N=Nc2cccc(F)c2)cc1,-6.135,-5.086,4.894684259479869,3.1038701648103775,0.5681078589917908
O=C1Cc2cnc(NCCCOCC3CCCO3)nc2N1,-5.583,-4.322,7.714692087180148,3.388555444433512,0.11891279799162259
CC(CN1CCCCC1)NCc1cc(Cl)ccc1OCc1ccccc1,-6.544,-4.581,4.442934503230943,5.237274195609774,0.3839146321443994
CC(C)NC(=O)NC1CC(C)OC(C)C1,-6.409,-4.016,7.292165247716208,8.821025507275218,0.0115275670770414
CCC1CCC(NC(=O)c2cc(C)ccc2F)CC1,-6.964,-5.242,8.688122351808818,8.407775092139419,0.006305340892596386
CNC(=O)c1cccn1C1CCN(C(=O)CCc2ccc(Cl)c(Cl)c2)CC1,-7.314,-5.77,7.282580723891772,8.852549067923881,0.011369540180538753
Cc1ccccc1C(=O)NC(=Cc1ccc(N(C)C)cc1)C(=O)Nc1cc([N+](=O)[O-])ccc1N1CCCC1,-7.012,-6.193,4.428172309203878,2.850992984908942,0.6807630542707523
Cc1nc(NCCNC(=O)NC2CCCCC2)ccc1Br,-6.441,-5.095,12.214898525980477,2.8818502736957035,0.007566919368910947
COC(=O)NC1CCN(c2ccncc2NC(=O)c2ccc(-c3ccccn3)cc2)C1,-7.119,-6.239,4.781153626479701,3.05203964587618,0.5957702126168959
CCOC(=O)c1cc2c3c(nc(CC)n3Cc3ccc(-c4ccccc4C(F)(F)F)cc3)c(C(C)C)nn2c1,-8.771,-5.971,7.47422296964708,8.55076990685634,0.012206688919066377
N#Cc1ccc(OCCCCO)c(CN)c1,-5.701,-4.407,12.442533905921254,3.037043792901248,0.006482905125688597
CCOCCCNC(=O)Nc1ccc(-c2nc3ccccc3n2Cc2cccn2C)cc1,-6.917,-5.088,4.564267411096769,2.9439091358260363,0.6479926685408637
Cc1ccc(C=NC2=CC(N)=CCC2=N)cc1N,-6.848,-5.191,12.670109746959573,3.1794258915722504,0.005549117512419255
COc1cc2nc(CS(C)(=O)=O)nc(Nc3ccc(Cl)cc3)c2cc1OC,-7.397,-5.322,12.234528760847311,2.9284936400818764,0.007448574987457595
OCC(CO)(Cc1c[nH]c2ccccc12)c1ccccc1F,-6.675,-4.799,7.619868634038253,2.811499422016657,0.1330377588140487
COc1ccc(-c2cnc3c(COc4ccc(C(C)(C)O)cn4)cccc3c2)cc1F,-8.065,-6.817,4.511034803678641,3.0577019148373505,0.6529079184740425
N#Cc1cc(C(=O)O)c(C#N)cc1Nc1cccnc1,-6.762,-5.29,6.9286596827958,2.935310205072029,0.20038451117596232
NC(=O)c1ccc(NCC2COC(=O)N2c2cc(=O)n(CC=Cc3ccccc3)c(N)n2)cc1,-8.762,-6.578,5.432902447127134,3.0622568474900995,0.4514159921560741
O=C1CC(OC(c2ccccc2)(c2ccccc2)c2ccccc2)CC(OCc2ccccc2)C(CCCO)(COCC2OC(CO)C(O)C(O)C2O)C1,,,,,0.0
CC#CCC(=O)C1CCCCC1CC,-5.664,-4.274,12.159475564348982,2.818363177448924,0.007868756559180016
Cc1nc2cc3c(cc2cc1CC(=O)Nc1nnc(C)n1C)OCO3,-7.535,-6.135,8.27092902883346,8.798597331393227,0.006407833423780316
CCC(CO)NC(=O)c1cccc(C2CC2)c1,-6.828,-5.182,12.226851516232623,3.017726793465571,0.007430671592075144
Cc1ccc([N+](=O)[O-])cc1S(=O)(=O)Nc1ccc(C(=O)Nc2ccccc2C(F)(F)F)cc1,-8.441,-6.556,4.136590987757914,3.1044862699003843,0.7215712538716392
Cc1cc(C)n2nc(N3CCCC3c3noc(C)n3)nc2n1,-8.194,-5.539,8.047450838619644,2.7970495169016933,0.1023590867658006
COc1ccc(C(=O)N2CCc3sccc3C2)cc1S(=O)(=O)Nc1ccc(Cl)cc1,-7.584,-5.842,4.557201443868814,3.462365376444261,0.6153342190351591
CC1(OC2C(CO)OC(OC3C(N4C=CCC(NCCCOCCOCCN)=C4)OC(O)C3(F)F)C2O)CO1,-6.46,-4.341,5.3351720684529,2.968109330870411,0.47638524325243087
CCc1ccc(C)cc1-n1nnc(CNc2ncn[nH]2)c1C,-7.357,-5.545,4.788288733984199,3.1056393866642016,0.5913353560283588
CC1(C)CCCN(CC(F)(F)F)C1C(=O)O,-5.194,-4.786,11.88492970109626,2.9248078569369307,0.009270038865755977
CON=C(C(=O)O)c1nsc(C(=O)NS(=O)(=O)O)n1,-7.167,-5.321,12.127946982074088,3.0125354769695245,0.007907928878661104
O=C(O)C1CCCN1C(=O)C1CCCOC1c1ccccc1,-7.772,-5.147,7.085251865671396,3.058384377412362,0.180595432449326
O=C(CN1C(=O)C2(CC2)c2ccccc21)N1CCC2CNCC2C1,-6.923,-6.103,4.011375948474538,3.2218238623487787,0.7341934510400934
O=C(O)C1CCCN1C(=O)c1ccncc1,-6.271,-4.793,12.168071128983426,2.824533589816202,0.007823302525188315
Cc1cc(Br)ccc1CC1CCN(c2cncc(CO)n2)C1=O,-7.094,-6.221,3.841153602760504,5.080118502554837,0.47618066516698615
Cc1nc2nc3n(c(=O)c2c(=O)n1C)C(NCC(O)COC(C)(C)C)CC3,-6.346,-5.909,6.3240708408429445,2.977607260872393,0.2841561078841321
COc1ccc(C=Cc2nc(SCC(=O)Nc3ccc(F)cc3)[nH]c(=O)c2C#N)c(OC)c1OC,-7.283,-5.744,7.294787591150272,7.1121582518951305,0.03294053663015918
O=C(C1CC1)N1CCc2c(ncnc2Nc2nccs2)C1,-6.523,-4.93,3.742092195550504,3.500015714250437,0.7484057875841289
CCC(C)(C)Nc1cc(N)ccn1,-4.959,-4.057,13.081799035300918,2.9354607815469107,0.0043840013517625455
COC(=O)c1cc(C[S+]([O-])CC(=O)N(Cc2ccccn2)C(C)C23Cc4ccccc4CC2C3)c(C)o1,-7.6,-5.781,4.174370970577483,2.911294900898911,0.726577975383169
O=C(C1CCN(c2ncccn2)CC1)N1CCOCC1,-5.879,-4.848,4.661672017634875,3.456571422667266,0.5947046633287628
COc1ccc(Cc2ncc(Cc3ccc(Cl)cc3)o2)cc1,-6.998,-5.672,4.465647209531895,3.677247612005479,0.613362235686867
COC1OC(C)(C)N(C)C(C)C1(C)O,-4.88,-4.941,12.043917718084925,2.9141911399220195,0.008400044427770644
CC1CCC(N2Cc3ccccc3CC2C(=O)O)C1C,-6.378,-5.211,8.086217409889496,3.017456047732925,0.09829253698140168
COC(=O)CC1C[N+](C)(C)C(c2ccc([N+](=O)[O-])cc2)OC1c1ccc(Cl)cc1,-7.489,-5.707,4.411575795563303,2.9577112773223835,0.6786790666982419
CC(C)(NCC(O)COCc1ccccc1)C1CC1,-6.099,-4.001,12.230589437962506,2.8135893445917084,0.007529140465311691
CN(C(=O)c1nccnc1N)C1CCCc2ccccc21,-6.64,-5.137,7.820850209536045,3.165015797748883,0.11421369367835134
CC(C)n1ccc(C(=O)OCC(=O)Nc2cccc(Cl)c2Cl)n1,-6.816,-5.008,3.702198671060212,5.275717581523864,0.4481702004066102
O=C(Nc1ccccc1C(=O)NC1CCc2nccc(-c3cc(F)c(F)c(F)c3)c2C1)c1ccccc1F,-7.774,-6.574,7.039983593730883,6.175643853073135,0.06631778029845233
Cc1ccc(C)c(N(C(=O)CN2C(=O)c3ccc(Br)cc3C2=O)c2nc(-c3ccco3)cs2)c1,-8.149,-6.225,4.4125318129164794,3.3087878445134558,0.65593101855999
CCOc1cc(C=C2SC(=O)N(Cc3ccc(C)cc3)C2=O)c(Cl)cc1O,-7.742,-5.617,4.120304479040353,3.818625538069948,0.6573471691979574
CCCCn1c2cnc(CC)cc2n2[nH]c(=O)c(-c3cc[nH]c3C)c12,-5.942,-4.895,4.338839130458744,5.200101633622174,0.4023189594479938
COc1cccc(C2Nc3ccc(S(=O)(=O)Nc4cc(C)cc(C)c4)cc3C3C4CCC(C4)C23)c1,-8.285,-6.449,4.784194916597775,3.2223589185564046,0.5854180419773153
O=C(NCC1CCC(c2nc3ccccc3o2)CC1)c1cc2ccccc2[nH]1,-8.52,-6.532,4.273517169732679,3.422878759173337,0.672727109941015
O=C(OCF)N1C2CCC1CN(c1ncccc1C(F)F)C2,-5.979,-5.821,12.342743860260569,3.0006794230640503,0.006921404592049386
CC1CCC(C)(CNc2cc(N)nc(C(C)(C)C)n2)CC1,-6.555,-5.198,12.706262078203801,2.8436029962004192,0.005581365618486052
CCCCC(=O)CN1CCc2ccc(O)cc2C1,-6.708,-4.978,4.572700405668406,3.1782016927816272,0.6328861384141492
Cc1cc([N+](=O)[O-])ccc1Oc1ccc(C2C(C#N)=C(N)Oc3n[nH]c(-c4ccccc4F)c32)cc1,-8.089,-6.471,3.4249472988646117,2.9703477910844054,0.8312663616320995
CN(CCNC(=O)OC(C)(C)C)c1ccc(C(=O)c2ccccc2O)cc1,-6.965,-5.801,3.983971510942315,3.1277279293442386,0.745577390967682
CCOc1ccc(CCNC(=O)CN2C(=O)CNC2=O)cc1OC,-7.244,-5.026,4.564435562038311,3.132674735748989,0.6374345864975759
N=NCC(=O)C1C=CC=C1,-5.264,-4.609,11.712574866356245,2.9823472299516034,0.010277435399661352
Cc1cc(C(=O)NC(C(C)C)C(C)n2cccn2)n[nH]1,-6.138,-5.023,11.97838290421541,2.984177106004266,0.008703180821067453
Cc1nc(N2CCCCC2)sc1CNC(=O)NCc1cccc(C#N)c1,-7.689,-6.26,8.417133359998521,8.986543773887712,0.005206478896435407
Cc1cc(NC(=O)Nc2ccc(N3CCN(C(=O)CCCc4ccco4)CC3)cc2)no1,-7.747,-5.76,4.551134034501731,2.892070884331849,0.6533226828284665
COc1cccc(Nc2nc(-c3ccccc3)c3c(N)ncnn23)c1,-7.352,-5.948,12.320379296109353,3.302895850613518,0.006813817286237827
CC(NC(=O)C1CCCN1C(=O)CNC(=O)C(CCCN=C(N)N)NC(=O)C(C)NC(=O)CNC(=O)C(N)CS)C(=O)O,-7.366,,,,0.0
CSCCC(NC(C)=O)C(=O)N1CCN(C(=O)N2CCCCC2)CC1,-5.539,-4.744,5.009400163692256,3.076410245724714,0.5440895129441914
Cc1ccc(-c2cc(CO)on2)cc1,-6.399,-4.811,12.8127683971888,2.802527787551802,0.0052366382762702715
CN(C)Cc1ccc(CNCc2ccc(Br)s2)o1,-5.433,-4.471,8.560799495374248,9.073867422439012,0.004510167119554438
COCc1c(OC)ccc(CCC=CC(N)=O)c1OC,-5.62,-5.257,12.288258542201984,2.9440450064494597,0.007193932701378328
CCC(C)SN,-3.489,-3.001,8.320209973311972,2.982962621287769,0.0852841925177244
CCC(CCc1ccccc1F)CNC,-5.681,-4.63,12.423728305142543,2.941920461195374,0.006611033023270709
O=C1NC(=O)N(c2cccc(C(F)(F)F)c2)C(=O)C1=Cc1ccc(N2CCN(Cc3ccccc3)CC2)o1,-9.224,-7.341,4.761922825918119,3.0243541459293413,0.6014074249120134
C=CCc1cccc(Oc2cncc(CNC(C)C)n2)c1,-6.484,-5.584,12.418042921491292,3.096556958946501,0.006547997181446308
O=C(CBr)Cc1ccc2[nH]ccc2c1,-5.813,-4.624,12.110206315335837,2.7539709511902988,0.008149200606300155
CC1(C)CCC2(C)CN(c3c(Cl)cccc3Cl)N=C2C1,-6.118,-5.182,7.30907278661254,7.978441451812503,0.019238710766603648
O=C1CNCC12CCN(Cc1ccc(Cl)cc1Cl)c1ccccc12,-7.897,-5.429,7.5967923494064244,5.254567156293656,0.07563478602085381
CC(OCC1CC1)C(C)(C)C(=O)C(F)(F)F,-5.426,-4.212,11.854995360606432,3.158395478720168,0.009254834466027463
C=CCNC(=O)C(CO)NC(=O)C1Cc2cc(C)c(C)cc2N1S(=O)(=O)c1ccc(OC)cc1,-7.287,-5.629,4.224593353211643,3.3238137733633635,0.689812904647866
CCn1cc(CC(=O)NCCn2cnc(-c3ccccc3)cc2=O)c2ccccc21,-7.395,-6.28,5.092913998881191,3.4926547209823067,0.5013866699528499
Cn1cccc1CN1CCCN(c2ccccc2C#N)CC1,-5.274,-3.124,7.419371199771581,8.428519087004549,0.013616931633012426
C#CC(C)ON,-3.789,-3.548,11.040177217780519,8.541835517030282,0.001337322424998907
CCC(Oc1cc(C)ccc1C)C(=O)NCc1ccc2c(c1)OCO2,-7.583,-5.795,4.664280115945011,3.331513019635373,0.6035659186147729
Cc1[nH]c(SC(C)C(=O)c2ccccc2)nc1-c1ccccc1,-7.236,-5.628,7.526149679617061,7.253071142626412,0.026277925272045265
C1CC2CCC1C1C3CCC(C3)C21,-5.352,-4.488,13.258646461837648,3.433190498646994,0.0037308265546074993
Cc1ccc(C)c(C2(C)CCN(C(=O)NCc3ccccc3)CC2C)c1,-8.262,-5.802,3.9414069822843723,10.321592561228137,0.02147800604029071
Cc1ccc(Cn2nc(C)c(C=NNC(=O)CNc3cccc(C)c3)c2C)cc1,-8.248,-5.982,4.529368499029418,3.4511496635179406,0.6217854440103846
C#CCCCC(=O)CC1CCCCC1,-5.738,-4.301,12.491413731039414,3.0506042024490814,0.006280431974195062
CCCCc1ccc(OCC(=O)Nc2ccc(-n3cnnn3)cc2C)cc1,-7.545,-5.952,4.636997088633978,3.120949374789666,0.6229506080175613
Cc1nc2c(C(=O)NCCc3ccncc3)cccc2[nH]1,-7.475,-5.617,12.72374874005299,3.0751720277083683,0.00541975303719325
Cc1c([N+](=O)[O-])ccc([N+](=O)[O-])c1N1CCN(C)CC1,-5.883,-4.914,13.078899991971802,3.1923799899134813,0.0042923735581355624
NC(=O)C(=O)N(c1ccccc1)c1ccc2c(c1)Sc1ccccc1O2,-7.391,-5.865,5.805618916188006,3.069397497881302,0.3743237367377322
CCOC(=O)C(CBr)=C(C)Br,-3.978,-3.467,12.832590424384316,3.2024821623234687,0.005001527739911876
CC1CN(c2ccc(Cl)cc2NC(=O)c2ccccc2F)CC(C)N1,-7.516,-5.181,8.459198366275613,11.73137251134751,0.0009139827384807025
CC(=O)Nc1ncn(C2CCNCC2)c1C,-6.101,-4.793,12.558389825132839,3.081935430861588,0.00600615017799595
CN(Cc1ccc(OC(F)F)cc1)C(=O)Cc1ccc(F)cc1F,-7.521,-4.15,5.515019673582316,3.1799649369136143,0.42908073942848934
Nc1cccc(SC(CC(=O)Nc2ccccn2)c2ccco2)c1,-6.771,-5.272,4.418621504496623,3.6196235992158083,0.627885045491563
CCOC(=O)C=CCCC(CN(Cc1ccccc1)Cc1ccccc1)NC=O,-6.307,-4.316,6.986152088238559,7.147429467997568,0.03884016022258119
C=CC(OC)c1cc(C(F)(F)F)ccc1N,-5.927,-4.846,12.018871577648211,3.1786311519268797,0.00833713506697985
Cn1c(N)c(N=Nc2cc(C(F)(F)F)ccc2Cl)c(N)nc1=O,-7.487,-5.461,4.761599101142388,8.403386281731908,0.05622576182692721
Cc1nc(Sc2cccc(S(N)(=O)=O)c2N)n[nH]1,-6.79,-5.386,4.869148282810865,3.011625972792771,0.5784324750356996
COc1cccc(F)c1CN1CCN(C)CC1(C)C,-5.966,-4.741,12.635340359483791,3.059206106165454,0.005735815495170104
O=C(NNC(=O)c1ccccc1F)c1cc(-c2cccs2)n[nH]1,-6.715,-5.76,7.303945919843602,6.554936536687445,0.04556907652704999
O=C(Nc1ccc(C2C3C(O)C(O)C4C(OCc5ccc(Br)cc5)C3C24)cc1)c1cccc2ccccc12,-9.135,-6.806,5.139281856446482,3.0442033440622875,0.5166752111098397
O=C(CCCSc1ccc(Cl)cc1)Nn1cnc2ccccc21,-6.551,-4.889,3.977321837618876,10.016042581778494,0.02579726154533214
Cc1noc(C)c1CN1CCc2nnc(C(C)C)n2CC1,-4.799,-3.486,4.140790624989386,5.973184828883165,0.2890498725486295
O=S(=O)(c1cc(CO)cc(Cl)c1F)N1CCc2ccccc2C1,-7.462,-5.972,12.024017506640616,3.0654771243641665,0.008399963538420213
O=C1c2c(noc2-c2ccc(Br)cc2)CN1Cc1ccccc1,-7.744,-5.43,6.902921772698861,7.248249788742107,0.038405941444853244
CC1CCCCN1CCCOc1cccc(CN)c1,-6.445,-5.029,8.584462068178762,8.606380133366176,0.005944793598213741
CC1CN(c2ccc(C(C)N)cc2[N+](=O)[O-])CC(C)O1,-6.25,-4.929,5.520639184007591,3.1710272783437228,0.42828862791218475
CCCC(=NNC1CO1)c1cccnc1,-5.202,-4.352,12.610219704668115,3.07500666665944,0.005818358510670331
COCCN1CCNC(CCO)C1OCCOc1cccnc1,-5.931,-4.635,4.485580787367452,5.1180025400540785,0.3992399188659788
CN1CCC(C(O)(c2c(F)cc(F)c(F)c2F)C(c2ccccc2Cl)N2CCN(S(N)(=O)=O)CC2)CC1,-7.02,-5.329,4.934017734058117,2.9590609997091986,0.5664375565176168
OC(c1ccc(F)c2c1OCC2)C1NCC2CCC1C2,-7.128,-5.571,12.637301689838699,2.9323606531257367,0.005789258844511395
COCCNC(=O)c1cccc(CN(C)C2CCCN(Cc3ccccc3)CC2)c1,-5.132,-4.059,7.257119056485155,9.094467494031743,0.009931705684784912
COc1ccc(C)cc1S(=O)(=O)NC(C)c1ncc(C)s1,-6.75,-4.882,4.273809658840692,5.18764050412131,0.411827135665383
CC(C)CN(CC(=O)O)C(=O)CC1CCC1,-5.663,-4.622,11.869476357447283,2.904705492816784,0.00937425545417779
CC(Oc1nnc(Nc2cnc(C(=O)O)cn2)s1)C1CCCN1C,-6.985,-5.876,4.860809397620935,2.8082293353641896,0.5892552350579451
O=C(c1cc(N2CCCCC2)ccn1)N1CCNCC1,-6.55,-4.726,8.490212835965892,8.729664712919964,0.005838133081365811
O=C(NCc1ccc(NC2CC2)cc1)c1cccc(SC(F)(F)F)c1,-6.61,-5.516,7.81265447847273,7.522019476177922,0.018716042260733985
Cc1cc(Br)c(S(=O)(=O)Nc2cccc(Br)c2)cc1N,-6.736,-5.102,12.453016662640422,3.0610653374274777,0.0064270296748406884
Cc1c(Cl)c(C(F)(F)F)nn1CC(=O)Nc1ccn(C)n1,-7.27,-4.882,8.778465754333158,12.851880057018896,0.000372097832918668
COCCN(CCC(N)=S)S(=O)(=O)c1ccccc1F,-5.446,-4.681,11.944699493917794,2.8792674415552297,0.00896058708303622
CCCCCCCCCCCCCc1coc2cc(C)cc(OC)c2c1=O,-5.74,-4.462,3.8099530180830308,3.525765732433171,0.7366396026586961
CCn1c(=S)[nH]c2cc(F)c(O)c(Cl)c21,-5.36,-4.789,13.017437612679387,3.013926508725785,0.004535073328242313
COc1cc(C)ccc1CN1CCN(c2cccc(Cl)c2)C(Cc2ccccc2)C1,-7.614,-6.004,4.515980624404847,3.403166466689515,0.6283243100962671
Cc1nn(C)c(C)c1NC(=O)N1CC(C)C(C(=O)O)C1,-7.675,-5.456,6.891689923378734,3.068320387443267,0.20258875625034323
O=NN1CCCC(CCl)C1,-4.787,-4.013,11.885821553430794,3.074465644628347,0.009150299559167432
CN(C)Cc1ccc(C(=O)Nc2cc(I)c(Br)c3nc(O)oc(=O)c23)cc1,-7.454,-5.975,4.469779077314671,3.9189362076971856,0.5859728580680134
Cc1nc2cc3ccccc3cc2c(=O)[nH]1,-7.486,-5.318,12.010663470433265,2.703095262842211,0.008699457820482651
CCOc1cc(CNC2CC2)cc(CS(C)(=O)=O)c1OC,-6.084,-4.449,4.771546918977115,4.494803555217958,0.4567811051611742
COCc1nc(-c2ccsc2)sc1CNC1CC1,-5.347,-4.561,12.275817325131554,2.806380230831169,0.0073228625304776205
Cc1cccc(C)c1-c1cc(COS(=O)(=O)Cc2ccc(OC(F)(F)F)cc2)ccc1[N+](=O)[O-],-7.694,-5.189,4.5228810508347435,3.2354481915184476,0.6393134697621596
CCCN(C)C(=O)CC(O)c1cnn(CCO)c1,-5.4,-4.471,12.247537099351852,2.9628614547426957,0.00736840188379712
Cc1cccnc1Sc1ccc(S(=O)(=O)NC(C)C(N)=S)cc1,-6.408,-5.298,10.326937687426994,8.64241945290785,0.0019615837963384147
CCCNC(CSc1ccc(Cl)cc1)Cc1ccc(Cl)cc1,-5.463,-4.002,4.19720263985431,8.124642330589083,0.07953096196934102
Cc1ccc(CN2CCCC(CCSCC(=O)O)C2=O)cc1C,-6.634,-5.607,4.415853824573453,3.0826608636046884,0.670661000023261
N#CCSc1ccccc1NC(=O)c1sc2cc(Cl)ccc2c1Cl,-7.086,-5.477,8.659627878840984,12.36966745713077,0.0005415428953142317
CC(CC(=O)N1CCc2ccc(C(F)(F)F)cc2C1)c1ccc(O)cc1,-8.959,-6.416,7.3549562881094,8.669639554214466,0.012191802195009881
NC1=Nc2ccccc2C(c2ccccc2O)C1,-6.774,-5.691,12.153457491594729,3.017627047863934,0.007779506388886439
COc1ccc(-c2nn(Cc3ccc(C(C)(C)C)cc3)c(=O)c(=O)n2CCN(C)C)cc1C,-8.451,-5.163,4.331422399166353,9.776997698680306,0.027447805952808622
CCOC(=O)CCNC(=O)C1CCC1C(C)C,-5.759,-4.059,8.861673431130264,12.217970944473555,0.0005250856794908546
CC1(C)C(O)CC1NC(=O)c1cc(Cl)sc1N,-5.875,-4.894,12.588955238620876,2.9127557398450024,0.005975793619959233
COc1ccc(-n2cn[nH]c2=S)c(NC(C)(C)C)c1,-5.798,-4.184,7.255579508212973,7.344785497208207,0.02930444455173272
COCCN(C)C(CN)C1CC1,-4.012,-3.947,12.626387963309222,2.82798178919172,0.005873419429396528
O=C(OCC(=O)N1CCCC1c1cccs1)c1ccccc1-n1cnnn1,-7.025,-5.642,5.050814686760938,3.1029706734031506,0.5335770580890971
CCC(=O)NC1CCC(O)(C(=O)O)C1c1ccc(OC)cc1,-6.179,-4.849,5.132585021214942,3.0368900210577263,0.518496237568108
OC1CC(I)COC1c1ccccc1,-5.778,-4.545,7.765615687117151,3.099497217291863,0.11890366400992243
CCCCC1(C)CN(C)CC(C)N1,-5.104,-4.176,12.728896299365472,3.0264201625022262,0.005425517231732798
Cc1c(C=CC(=O)OCC(=O)Nc2ccc(Br)cc2)cnn1-c1ccccc1,-7.614,-5.926,7.394665847758099,8.18835209306488,0.016041562402738754
O=C(Oc1ccc2c(c1)C(=O)N(C1CCCCC1O)C2=O)c1ccccc1,-7.747,-6.482,3.9037749678996607,3.4685398945377584,0.7291719010704053
Cc1nc(-c2cn[nH]c2C(F)(F)F)oc1C,-7.001,-4.977,12.140796720149794,3.1632208269420587,0.007737350371584081
Cc1cc(NCC(=O)Nc2ccccc2C(=O)NCC(C)C)ccc1F,-7.117,-5.734,4.697697521126705,3.5301822899108206,0.5813578510671915
CCc1nc2cccnc2n1CCCOCC1CC1,-6.139,-5.161,12.56628413652978,2.956026048599707,0.0060408075644705125
CCC(C)OCC(=O)NC1C=CC=CC1,-6.04,-4.146,12.497891582182973,2.740360012845027,0.006401204473696566
COc1cccc(CC(C)N)c1CN(C)CC1CCCO1,-5.746,-3.734,11.734243435347675,9.024023382061907,0.0006421280900057739
CCNc1cc(NC2CCc3nc(C(C)C)ncc32)nc(C)n1,-7.521,-5.138,4.348067731763156,3.483154030472957,0.653779904257296
Cc1ccc(Cl)c(S(=O)(=O)N2CCN(C(=O)CC3CCCCS3)CC2)c1,-7.436,-5.426,5.5474988958989435,2.862911105850127,0.43389723943997505
Cc1cc(C)cc(N2C(=O)C3C=COC3C2=O)c1,-7.263,-4.931,11.5996145194571,8.893693608394658,0.0007575334548572442
C=CCCNc1cc(CC)c([N+](=O)[O-])cc1F,-6.132,-4.919,9.029905536604467,8.51528190960229,0.004768275302189576
CC#CCNC(=O)C1(C(F)(F)F)CCNC1,-6.191,-4.396,11.512793145019154,9.706185502039409,0.00048194286127851554
O=C(CCCNC(=O)c1ccc(Cl)cc1)NNC(=S)NC1CCCCC1,-7.667,-5.571,8.64842766056351,12.018376387848734,0.0006792069813950523
CCC(C)N(C(=O)CCc1ccc(S(=O)(=O)N(C)C)cc1)C(CC)C(=O)NC1CCCC1,-6.21,-5.255,4.0986958901582335,2.9927134844485197,0.7353083732539049
CCOC(=O)C=CC1(C2=CCN(C(=O)OC(C)(C)C)CC2)C2CCN1CC2,-6.642,-4.59,4.39367306476028,3.0119432265565695,0.6792363370463185
Cn1c(C(=O)NCC(=O)N2CCC(F)C2)cc2c1NC(=O)CSC2,-5.808,-3.827,8.494076700854544,4.83987995718902,0.05162940960431648
CC1=CC=CCC=C1c1cnn(-c2ccc(Oc3cc4ccccn4c3)cc2)c1,-6.638,-5.196,7.099265947969551,9.84486795239022,0.006841499671708065
C=CCN(CC=C)C(C)c1c(NCc2ccccc2OC)nn(-c2ccccc2)c1C,-5.961,-4.932,4.528101036858608,4.876251531658309,0.4346198096499357
CCOc1ccc(C(F)(F)F)cc1NC(=O)c1cc(S(=O)(=O)N2CCOCC2)ccc1Cl,-7.264,-5.699,7.791630702234289,10.844477165820397,0.002403455147150486
CC(C)c1nc(CN(C)Cc2nnc3n2CCCC3)no1,-6.83,-5.401,4.183045421699363,3.5566800530832126,0.6761460834074569
O=C(NNS(=O)(=O)c1ccc2c(c1)OCCO2)c1ccccc1Cl,-7.906,-5.557,7.379402347073914,8.313260852397212,0.014985986962313892
CC(CO)CCCCCOC(=O)c1ccccc1C(=O)O,-6.532,-4.627,3.574478983012769,2.9757716646275125,0.8137818444345212
COC(c1nc(-c2ccc(C)cc2C)c(C(=O)O)s1)C(C)(C)C,-6.818,-4.917,6.874306510477982,2.912099586209235,0.20734316267705633
Cc1cc(O)cc(C2CCC23CCNCC3)c1,-6.8,-5.143,12.857628319406343,2.8409058414526873,0.005078526286598152
CCc1nn(C(C)(C)C)nc1C=O,-5.745,-4.42,12.5362552622384,3.011846111606634,0.006127248136934414
COc1ccc(C2NC(c3cccnc3)=NN2C(C)=O)c(OC)c1,-6.427,-5.249,8.367851635874048,8.919526949339858,0.005596800779115147
c1ccc(Oc2cccc(CN3CCC3)c2)cc1,-6.918,-5.288,12.556910328580038,3.0885480407466543,0.006008086499871884
CC1CC(C2CCCCC2)N(NC(=O)C2CCCCC2)C1C(C)CN(C)C,-6.547,-5.065,6.878016138393396,7.816872072638774,0.027540154983478844
C#CCOc1ccc(NC(=O)C=Cc2ccc3nc(-c4ccccc4)c(C#N)cc3c2)cc1,-7.931,-6.459,7.277927589637039,8.363652431802747,0.01544837166952879
CCCCNc1cc(Nc2ccc(SC(F)F)cc2)ncn1,-6.616,-4.244,7.653824207544879,3.2534672274359853,0.1253964546996218
CC(=O)N1CCc2cc(C(=O)Cn3cccc(C#N)c3=O)ccc21,-7.792,-6.026,8.045275010837106,8.54141171001609,0.008644943572084963
CCc1ccc(-c2ccccc2N(C)C(=O)c2nccnc2C(=O)OC)cc1,-6.078,-5.516,3.8636257582742144,8.652453351506727,0.06177144811070409
CC(CC(C)(C)C)NC(=O)c1ccnc(N)c1,-5.981,-4.13,4.097479835215787,9.134288149604215,0.04352600047356617
Cc1cn(CCBr)c(=O)[nH]c1=O,-5.105,-4.255,12.39909323297474,2.977296424610757,0.006694741745753372
CCCN(CC)C(=O)CCN(C)S(=O)(=O)c1cccs1,-5.546,-4.171,12.826206804819577,3.0935099805883928,0.005075105430978739
CN(CC1CCCO1)C1CCS(=O)(=O)C1,-5.762,-4.955,12.68632925632943,3.116952678498664,0.00552667618011674
CC(C)(C#N)N1CCN(CCNC2CC2)CC1,-6.051,-4.928,12.765914029163756,3.116043324474164,0.005258960761599458
Cc1cc(=O)ccn1-c1cccc(N2CCC(N)C2)n1,-7.323,-4.962,3.682812783729306,3.175443433601046,0.7857284867747278
COCCONS(=O)(=O)Cc1cccc(CN)c1,-5.996,-4.629,3.98256876902333,3.0901677947969097,0.7484237375124492
COc1ccc(Cl)cc1C(C)NC(=O)c1ccccc1OC(F)F,-6.893,-4.875,4.241317012438472,3.7874990429041695,0.6413512852791821
CCCCN(CCO)CCSC(F)(F)F,-4.977,-3.845,12.673391377212337,2.7958129408098813,0.005715803033226119
CCCCN(CC(N)=O)C(=O)NC(C(N)=O)C1CCCC1,-6.497,-5.267,12.242780934085197,2.8457689646209863,0.007455437501558323
CNCC1CN(C(=O)c2ccccn2)c2ccccc2S1,-6.95,-4.769,12.8870910992357,2.797550893192115,0.005000616965197248
Cc1cccc(NC(C)c2cc(Br)ccc2F)c1C,-7.207,-5.136,12.553155141238397,3.250680851760135,0.005925640245999012
Cc1occc1CN(C)Cc1ccccc1C#CCCO,-6.823,-4.476,12.918266911625569,2.8365882676201,0.004891131449227769
COc1cccc(C2C(C(=O)OC(C)C)=C(C)N=C3SCCC(=O)N32)c1,-6.345,-4.619,6.369862635881562,3.806489984224312,0.24902952304226547
CCC1OC(OC2C(C(CC)(CC=C(C)C)OC)CC3OC3(C)C2(O)CC)C(=O)C(OC)C1O,-5.744,-4.544,4.472436696030476,4.799302032587655,0.45528240313175083
Cc1c(C(=O)NC(C)c2ccccc2)sc2nc(CN3CCCC3)nc(N)c12,-7.444,-5.718,4.195998808388771,5.558623570633292,0.3533775170264098
COc1ccc(C=CC(=O)c2cc3ccccc3oc2=O)cc1OC,-7.838,-5.703,8.610630813128617,9.232956081342529,0.003959993076679675
CC(N)C1CCN(CCSCCCO)C1,-5.03,-4.009,12.200628057604247,2.9414683408121194,0.007600429874184221
C#CCC(=O)NC(C)c1ccccc1C,-6.143,-4.817,11.714328235114467,9.232215172969052,0.0005710707865544398
Cc1cccnc1NC1CC=CCC1,-5.533,-4.673,12.541883949391336,2.962489831206177,0.006130481505054793
COc1cccc(C(=O)NCC2Cc3cnnn3CC(N)C2)c1,-5.272,-4.731,4.067579624297477,2.8894044369039102,0.746646184882709
O=C(O)N1CCN(CCCc2cccc3c(F)ccc(F)c23)CC1,-7.405,-5.976,4.271418616806364,2.913018537531129,0.7084555072387994
CCOc1cc(C=C2C(=N)N3C=C(C#N)C(=N)CC3=NC2=O)cc(I)c1OCc1ccc(C)cc1,-7.924,-6.579,4.590484397097979,2.9582511725680094,0.6417254743138161
C#CCNC(=O)COc1cccc(Cl)c1,-5.86,-4.62,12.780145265215102,3.358873918443501,0.005078541918671261
CCC(C)(CC)NC(=O)c1c[nH]c2cc(Cl)c(N)cc12,-6.919,-4.582,3.784863669935814,8.816534353134456,0.0566108606183314
O=C1C(CC2C=CC=C(c3ccc(Cl)cc3Cl)N2)N2CC3(CCN13)C2,-8.056,-5.304,7.133366386216258,7.507549333837241,0.028571520622260576
CCOC(=O)c1sc2ncn(CC(=O)Cc3ccc(Cl)cc3Cl)c(=O)c2c1C,-6.867,-5.665,4.477819223684672,2.992353421639897,0.6633882618507924
CCCCCCCCCCCCCCCCCCOCC1OC(OC2C(OCC3CCC3)OC(COC(=O)c3ccccc3)C2OC(=O)c2ccccc2)C(O)=C1COCc1ccccc1,,,,,0.0
COC(=O)N=C(C)c1ccc(OC)c(N)c1,-5.273,-4.548,12.804061347869277,2.9703402162041974,0.005200680250466735
O=C(O)COCCOC(=O)CSCSCC(=O)O,-5.222,-3.708,11.979861226241312,2.851805568407496,0.008783116303388435
CC(N)CCN(C)C(=O)C1CCCN1C,-5.374,-4.444,12.31494088495759,3.0457964475650696,0.007015693051137504
Cc1cc(C)c(C=CC2CCCCN2)c(C)c1,-6.864,-4.884,4.541341321680192,9.467684458197791,0.03125842208971991
CCn1cc(NC(=O)c2ccco2)c(C)n1,-6.438,-4.547,6.428682679989736,3.1351086105588113,0.2639969698495663
Cc1nc(N2CCOCC2)sc1CC(=O)Nc1nnc(C(C)(C)C)s1,-6.642,-5.393,4.425157511320924,3.615260571521784,0.627092222099237
Oc1ccc(C=NCc2ccccc2)c(Cl)c1O,-6.372,-5.327,8.40614334876583,9.057128463260307,0.0050166387934432845
CCN1CCCC1(CCCCCCCC(C)C)CC(C)C,-5.314,-4.127,8.50064309331947,9.365840058425086,0.003902854330238173
Cc1c(C(=O)N2CCCC2CO)oc2ccccc12,-7.486,-5.433,7.573797066201338,3.108555130603284,0.1336354395054486
COc1ccc(C2CC(=C(O)c3ccc(F)cc3)C(=O)N2CCc2ccccc2)cc1,-6.821,-5.767,4.037794695127526,7.092376823040355,0.1553385896425592
CCCNC(CCC)COCCC1CCCCC1,-5.812,-3.667,4.594588556116858,5.409631595589482,0.3380261931535826
CCCC1=Nc2nn(-c3cc(Cl)c(C#N)cc3C)c3nc(C(=O)O)c(C)c(c23)C(=O)N1c1cccc(Cl)c1F,-7.426,-6.03,4.691686690306589,2.858452903232796,0.6246936376526044
Cc1ccc(C)c(OCCCNC(=O)c2ccc(=O)[nH]c2)c1,-6.935,-5.644,4.776999267322531,3.704068438892564,0.5499611016228959
CCC(C)(C)NC1C(=O)N(C2CCCC2)C1=O,-5.763,-4.659,12.672661993440842,3.044891787896575,0.0056106303629399855
Cc1nnc(N2CCC(Cn3ccc4c(N)cc(Cl)nc43)CC2)o1,-7.385,-5.858,12.524575761278305,3.0066867146412184,0.006174810447476638
CN=C(NCc1cccc(OCCCC(=O)OC)c1)NCc1nccn1C(F)F,-6.815,-4.887,3.4474571788493615,4.266457429765356,0.6718402075776494
Cc1nc(Nc2ccc(NS(=O)(=O)c3ccccc3[N+](=O)[O-])cc2)cc(N2CCCC2)n1,-7.802,-6.588,3.587778421251791,3.2725118792756125,0.7895200791190417
COC(=O)C(CS)NC(C)C(C)SC,-4.297,-3.681,12.390193420604861,2.9465868390393655,0.006748587371503766
CCNC(=O)NCCNC(=O)c1ccc(SC)s1,-6.23,-4.259,12.115282456467947,2.890905394508786,0.008047626506074467
COc1cc(CC(C(=O)O)C(C)C)ccc1O,-6.097,-4.821,6.03765037079823,2.8010844328581026,0.33763604111165524
O=S(=O)(NCC1COCCO1)N1CCc2ccccc2C1,-7.156,-5.283,4.996015212146576,5.262572184778087,0.3119639780195575
COc1ccc(Cl)cc1NC(=O)CNC(=O)c1ccc(OC)c(OC)c1,-7.374,-5.451,7.685557429360606,3.0697723042597143,0.12523392367604388
O=C(NCC1CCCO1)c1ccc2c(c1)nc1n2CCCC1,-6.606,-5.032,4.852427227687191,5.4185412243518085,0.30709822580823215
CSCc1cc(Br)ccc1NCc1ccc(C#N)s1,-5.661,-4.6,4.651132012747005,3.4073476488318595,0.6006961162786286
CCCNC(=O)c1ccc(F)cc1N,-6.058,-4.747,12.610707910343496,3.193090509208907,0.005751028142289114
NCC1CCCN1C(=O)c1cccc(Br)c1,-6.589,-4.807,7.7265889627959385,3.0018012925575204,0.12283830741468285
Cc1cc(C#N)ccc1C1=CCN(C(=O)CCCCN(C)C(=O)c2cc(-c3cccnc3)nn2C)CC1,-8.391,-4.94,3.8469724459631887,7.34636651685716,0.13861312567477002
CC1CCN(c2ncccc2C(N)=S)C(C)C1,-5.622,-4.853,12.819013183548881,3.128597449337323,0.005081253532629106
CCn1ncnc1CNC1CCS(=O)(=O)C1,-6.489,-4.957,12.394337215034938,3.0648676969813886,0.006664847859036312
CC(NC(=O)C1CCCC1)c1ccc(OC(F)F)cc1,-7.443,-4.82,3.643367398437879,9.70855632934166,0.03325846176664865
CCN1CCN(c2ccc(C=O)cc2[N+](=O)[O-])CC1,-5.801,-4.713,12.498338529580643,2.7536748174031,0.0063940646283545816
CCCCCCC=CCC=CCCCCCCCCCC(=O)OC(CO)COC(=O)CCCCCCCCCCCCCCCCCCCCCCCCCCCCC,,,,,0.0
CCOc1cccc(C=NNC(=O)c2ccc(NC(C#N)=C(C)C)cc2C)c1O,-7.236,-5.627,7.278433416608274,10.067933303315035,0.005341605112611322
CN1CC(C)(C)Cc2cccc(O)c21,-5.293,-4.933,12.868646782004703,2.969370977159978,0.004995326088846881
Cn1nccc1CNC1CC1,-4.901,-4.115,12.627397910892014,3.0915877797662477,0.0057475579036779965
O=C(Cc1ccc(N2C(=O)c3ccccc3C2=O)s1)OCC(=O)c1ccccc1,-7.497,-5.763,4.61739645254769,3.0194524338031887,0.6328158048513245
COc1ccc(CC(=O)N(Cc2cccnc2)C(Cc2ccccc2)C(=O)NCc2ccccc2)cc1,-6.267,-5.687,4.0162069169802495,10.368863052427686,0.020521742851820977
CC(Nc1nccc(CCCOc2cc(F)ccc2F)n1)c1c(F)cccc1F,-7.032,-5.462,4.497465174962448,5.381910813084883,0.35333240112091674
CN(Cc1cn[nH]c1)c1nc(N)c2cc(Br)ccc2n1,-6.753,-5.318,12.109141133870725,2.9003327395317937,0.008072928237797122
COc1cc(C=CC2(C)C=C3CC4C(=O)N(Nc5ccc(C)cc5)C(=O)C4(C)C3C(c3ccc(O)cc3)C2=O)ccc1O,-7.938,-6.51,4.663855164989582,9.204813740646792,0.03535560651140477
CCOC(=O)C(=O)C1CC(c2ccccc2OC)=NN(Cc2ccc(Cl)cc2)O1,-6.767,-5.833,4.206461339415828,5.283849543656595,0.40152634624126304
N#Cc1ccc(OCc2ccc(C3CCCCO3)o2)c(F)c1,-7.473,-5.517,4.440297399949691,5.172015274532742,0.3954597958967878
CN(CC1CNC1)C(=O)C1CC23CCCC2CC1C3,-6.827,-4.665,12.630811573291718,3.0029608722059637,0.005779948600475349
CCc1nn(C)c(Cl)c1C(=O)N1CCN(C2CCCCC2)CC1,-6.783,-5.001,8.912837763585737,7.610546958005056,0.008966498287288597
Cc1ccc2oc3c(c(=O)c2c1)C(c1ccccc1OCc1ccccc1)N(CCc1ccccc1)C3=O,-7.339,-5.645,5.068872162522942,3.4595717943121236,0.5087737172858499
COc1ccc(Oc2ncc(C(=O)NCc3ccccc3C)cn2)cc1,-7.247,-5.63,4.4776836645747995,3.5621361568586902,0.6221797108395847
CCN(CC)CCSCc1ccc(C(=N)N)cc1Cl,-5.917,-4.019,4.919562175641242,3.0473542623068948,0.5654919544907061
CCCc1cnc(N)nc1Sc1ncccc1Cl,-5.812,-4.509,12.5227801226405,3.138286475132568,0.006109029366547482
CC(C)C(CNC(=O)CSc1nc2ccccc2c(=O)n1Cc1ccccc1)c1ccccc1,-6.295,-5.737,3.9121141343268597,3.658661640545625,0.7077321326861272
COc1ccc(C)cc1NC1=NCCN1,-5.662,-5.129,12.593502372255305,2.918147700168722,0.005956401199814211
CC(C)(C)[S+]([O-])NC(C(=O)O)C1CCCN1C(=O)OC1c2ccccc2-c2ccccc21,-6.832,-5.635,4.605862785624426,4.409215916690857,0.49670582425760035
CCn1c(CCNC(=O)C2CCN(Cc3ccc(Br)s3)CC2)nc2cc(F)ccc21,-7.577,-5.207,4.477378362390205,7.939609184336469,0.08240971261959931
CC(C)C(Cc1noo1)=NNC(=O)c1cccnc1,-6.992,-5.125,12.52385663443973,2.99077548471964,0.006185748899093891
CCc1ccc(C(=O)CNc2cccc(OCCOC)c2)cc1,-6.455,-5.666,4.718437241290806,3.044670918178186,0.609801750015066
CCC(C)C(CO)NCc1conc1C1CC1,-5.972,-5.218,12.384612589822904,2.8867958015765507,0.006802966721856245
COc1ccc(C=Cc2ccc(C=Nn3c(=S)[nH]c4ccccc4c3=O)o2)cc1O,-7.887,-6.673,5.259111426847696,3.0387867644834836,0.49031503979388824
COc1cc(CN)ccc1OC(C)C(=O)NC1CC1,-6.338,-5.077,8.514515312100858,8.442361636414304,0.006874384231798519
CCCC(C)N(C)C(CN)CN1CC=CC1,-5.203,-3.55,7.821866912700573,2.9196570004026157,0.11661074096085854
O=c1c2ccccc2ncn1CN1CCN(S(=O)(=O)c2ccccc2)CC1,-7.2,-6.543,4.665173630209276,3.0904176093207854,0.6187339818163444
CCCC(NCC)c1ncon1,-5.23,-4.559,12.081809342975083,3.0124899999834027,0.008139295443941708
CCCCOC(=O)c1ccc(NC(=S)N2CCN(C(=O)c3ccccc3)CC2)cc1,-7.169,-5.359,5.230602450961073,4.751191113815567,0.34766894679786686
NOCCc1cccc(-n2cccc2)c1,-6.247,-4.926,11.952650668366411,2.908571126859372,0.008896856632644857
CC(C)(CNC(N)=O)NC(=O)Oc1ccc(F)cc1,-6.871,-5.379,12.40377994806422,2.9244968798068496,0.0067029876118593484
CC(O)(Cc1ccc2c(c1)C(N)CO2)C1CC1,-5.72,-4.799,6.467163365804208,3.064733919934975,0.25991042163822775
CCOC(=O)c1nc(Br)n(-c2cc(Cl)ccc2C)c1N,-5.866,-4.606,7.534386305466424,3.255039477487178,0.1348857197350935
CCC(CC)NC(=O)COC(=O)c1ccc(N(CC)CC)cc1,-6.166,-4.058,3.9982409882347008,9.891885866709138,0.02775089895908787
Nc1c(F)ccc(NCc2ccnnc2)c1S(N)(=O)=O,-6.552,-5.919,12.346694051445512,3.057777297319084,0.006870603999287441
CN1NC=CC1c1ccc(-c2nc3ccccc3nc2-c2ccccc2)cc1,-7.701,-6.226,7.388319565368027,7.849177600233032,0.01985460312411946
COCc1nc(N)cc(N(CCO)C2CCCC2)n1,-6.019,-4.887,12.321947451600336,2.7936107459701685,0.007120821897300367
Cc1cc(-c2cnc(C3CCC4CCCCC43)[nH]2)c(C)n1CC1CC1,-7.162,-5.961,8.719041747806923,8.657657477632156,0.005296276430823797
COc1cccc(OC)c1C(=O)NCc1cn(CCNC(C)=O)c2ccccc12,-7.15,-5.476,4.307418020113674,3.0538334925139585,0.6935383276030154
COc1cc(C=C2C(=O)N(C)C(=S)N2c2ccc(C)cc2)cc([N+](=O)[O-])c1O,-6.401,-5.332,10.192210555124928,7.476382213343563,0.00438202882284204
COc1ccc(CC(C)c2c(Cl)nc3nc(N)sc3c2C)cc1,-7.03,-5.368,4.55022526914877,3.3270193867785025,0.6272905745835005
CC(O)CC(C)(C)NS(=O)(=O)c1cccc(F)c1,-6.278,-4.972,11.91985671054816,2.923061579919246,0.00907110286515926
CCCCC=CCC=CCCCCCCCCCCCC(=O)OC(COC(=O)CCCCCCCC=CCCCC)COP(=O)(O)O,,,,,0.0
[O-][n+]1ccc2[nH]cc(-c3cn[nH]c3)c2c1,-6.602,-4.851,12.406771900861239,3.0577740269679836,0.006617420511393213
COC(=O)c1cn(CCc2ccncc2)c(=O)[nH]1,-6.181,-5.185,12.222635926836732,2.974585181163922,0.00747692317257108
CCCCC(CC(CC=CC(=O)OCC)C(=O)c1ccccn1)C(=O)OCC,-5.8,-4.211,4.566231706779672,3.43816957115265,0.615504770975569
CCn1nccc1CN(C)CC1(CC#N)CC1,-5.891,-4.648,12.755764069627503,3.0848304653578613,0.005307742026039869
CC(C)CC1(C(=O)N2CCNC(=O)C2CC(=O)O)CCCC1,-6.289,-4.855,6.88673630974789,3.36245802947784,0.19701822668008248
CC(=O)CC(N)C(=O)c1cc(Br)ccc1Br,-6.308,-4.85,12.755608883938077,3.1378656759013763,0.005281953643689224
c1cncc(CCNCC2CCOC3(CCN(c4cnccn4)C3)C2)c1,-7.264,-5.544,8.681049533322568,9.060921917774152,0.004219325966527488
CCCCCCCOC(=O)CCCCCOc1ccc(-c2ccc(OC(=O)Oc3ccc(C(=O)OCCCCCC)cc3)cc2)cc1,,,,,0.0
COCC1OB(Cc2ccc(F)cc2)OC1CN,,,,,0.0
Cc1ccc(NC(=O)COC(=O)c2nnn3c2CC(C)CC3)c(Cl)c1,-7.492,-6.492,4.53319589252439,3.0002154922605144,0.651543997657612
Cc1ccccc1-c1noc(C(=O)NCc2ccc(F)cc2)n1,-7.946,-6.016,4.836989766373296,9.19381101611296,0.033442186894506884
CC1CCN(C2CCOCC2)C1C,-4.858,-4.172,12.725515235148634,3.0273752658036956,0.005436549714224
CCC1COc2ccc(C34CC5CC53C4)cc21,-6.912,-5.259,12.352468943494657,3.0317041412380594,0.0068614374470655146
CCC1CNC2(CCCC2)CN1Cc1ccoc1C,-6.356,-5.067,12.029581247907178,3.018865018512752,0.008404814948425269
Cc1ccnc(Nc2ncc3cc(NCc4ccc(C)o4)nnc3n2)c1,-7.952,-6.138,4.098186672175879,3.1379427974391128,0.7259272017387592
CCCCOC1(OP(=O)(OCCC)OCCCCO)CN(C)C(=O)C1(C)C,-5.76,-4.131,3.9876936943551713,5.160082945069778,0.44667387118349217
Cc1cscc1-c1c(N)noc1-c1cc(Cl)cc(F)c1Cl,-6.942,-5.378,11.761923524662112,8.718201305315219,0.0007634268037938439
C1=CC2SC3CCCCC3N2C=C1,-5.153,-4.088,13.06197630529163,3.3502581990049656,0.0042627856164505675
COCCOc1cccc(C2=NNC(c3cc4cc(OC)ccc4nc3Cl)C2)c1,-7.635,-5.898,7.519288995643139,8.269778775759363,0.014136592250993986
Cc1cc(C)cc(NC2=C(c3cccs3)C(=O)N(Cc3ccco3)C2=O)c1,-7.283,-5.446,8.172447246694224,4.32431208401984,0.07464536005452603
O=C(Nc1ccc(Cl)cc1)c1ccccc1NC(=S)Nc1cccc(C(F)(F)F)c1,-7.912,-5.725,8.59835914579055,12.392856692466026,0.0005544653600396259
CCCCCCOCC1(O)CCC(NC)CC1,-5.836,-4.165,4.061325030085624,9.919877116174373,0.026888856548342825
C=CC(C)NCc1cc(F)cc(C(=O)O)c1,-6.419,-5.457,12.691437152663207,2.906493419913418,0.005607694541310785
COc1ccc2c(CNC(=O)COCCNC(=O)OC3CCC3)c[nH]c2c1,-6.557,-4.52,4.569157909287006,5.47767614960943,0.329952830532452
Cc1ccc(-n2nnc(C(=O)O)c2CCBr)cc1,-5.89,-4.855,11.924950020859628,2.907068626640933,0.009053235910223497
COc1cc(C)ccc1C(=O)N(C)C1CCCNC1,-6.06,-4.479,7.477996255682401,3.0990666336818244,0.14181719328834225
Cn1ccnc1C=CC(=O)NCCCCCC(=O)O,-5.841,-4.078,7.773935747097476,2.845424572888904,0.12075297116752305
Cc1sc(-c2ccco2)nc1C(=O)NC1CN(C(=O)C(C)C)C1,-7.031,-5.248,4.816215422922857,3.0290746111642735,0.5892616464788447
Cc1sc(CNBr)cc1Cl,-4.587,-3.757,12.599528800713145,3.154602510618415,0.005813693349933222
CCOc1nc(NC)nc(NN=Cc2cc(Br)ccc2O)n1,-6.804,-5.387,4.647417132128339,3.567389101289625,0.5883596823919638
CCCNC(C#N)C(C)=Cc1c(C)nn(-c2ccccn2)c1C,-6.558,-5.018,4.092439492527653,3.0933978082361144,0.7299618130546788
c1ccc(-c2nc(-c3cccc(-c4cccc5c4oc4ccccc45)c3)nc(-c3cccc4c3oc3c(-c5ccccc5)cccc34)n2)cc1,-10.67,-7.78,4.689024312157062,5.417901715609098,0.3260614430311474
Fc1ccccc1N1CCC(NC2CCSCC2)CC1,-6.237,-4.886,12.894675218864567,3.3716912670053283,0.004720353461767251
COc1ccc(N)c(C=Cc2ccccc2)n1,-6.571,-4.938,7.244253791799401,7.718647226036438,0.023479850406368807
CC=C(C)COc1cc(C(=O)O)ccc1O,-6.48,-5.217,12.702811342376144,2.873896483869939,0.005581366350896375
CCc1nc(C)c(C(=O)N(CC)CC2CCCN2Cc2ccc(F)cc2)s1,-6.7,-5.393,4.50558686521523,3.6680963727797558,0.6067317955451287
C=CCN1C(=O)CC(=O)C1Sc1cccc(C(=O)O)c1,-6.712,-5.38,12.155809351910715,3.1477917656668466,0.007676710913871201
COc1c(CC(OC)C(=O)O)ccc(C)c1C,-5.798,-4.541,6.728777229185106,3.084448248876936,0.22277524684229386
CCS(=O)(=O)N(CCNC=O)CC1CCCNC1,-5.349,-4.44,12.249990571424943,3.0713212140705823,0.007289839438762045
CCC(CC)n1c(COCCC(C)C)nnc1C(C)Br,-5.55,-4.105,9.324559828753312,12.655921538947688,0.000299313212931921
OCC(Cc1c[nH]c2ccccc12)Nc1ncc(Br)c(Nc2ccn[nH]2)n1,-7.971,-6.034,7.288812866304087,3.3411631208308297,0.15511487880128533
CCc1cnc(CNc2nnc(CN3CCN(c4ccc(F)cc4)CC3)o2)n1C,-7.459,-5.862,4.407350224341152,3.219183436836119,0.6634359099262257
CC(C)NCCn1ncc(-c2cccc(F)c2F)cc1=O,-6.758,-5.0,6.88474436707711,3.4799497122803364,0.19428753497320878
CCOc1nc(N)nc(N2CCOC3CCCCC32)n1,-6.616,-5.652,12.619833160545348,2.9196316548496326,0.0058585228998942335
COCC1(O)C2C3CCC(OC(C)=O)C(O3)C2(CCN)CCN1C(=O)OCc1ccccc1,-6.668,-5.402,4.5719993438319735,3.112042898161913,0.6371099549016903
Brc1ccc(CCNCc2ccno2)s1,-5.881,-4.932,12.181153845182319,2.991849762270826,0.00766249083319125
Cc1cnn(CCC(=O)NC2Cc3ccccc3C2C(=O)O)c1,-7.928,-5.644,4.244986454630921,3.917784322802877,0.6248557784785687
COc1cc(-c2ccc(O)c(OC)c2)c2c(=O)cc(-c3cc(OC)c(OC)c(OC)c3O)oc2n1,-7.027,-6.0,7.608056979281897,7.895730111902254,0.01687106324246738
OC(COc1ccc(CNc2ccccn2)cc1Cl)CN1CCCC1,-6.949,-5.207,4.491549064632379,3.152535963315883,0.6511267597136817
CCOCC(=O)Nc1cccc(S(=O)(=O)NC23CC4CC(CC(C)(C4)C2)C3)c1C,-7.536,-5.678,8.264846399056669,8.209017846246894,0.00927448166496598
CCc1nnc(NCC(=O)Nc2ccc(C)cc2OC)s1,-6.875,-5.521,5.008734470901807,3.2779905430003913,0.533317609432694
CCc1cc(C(=O)Nc2cc(Nc3cc(-c4ccccc4)ncn3)ccc2C)n(C)n1,-8.557,-6.788,4.587299423408068,3.4985466982734437,0.6063117721219377
O=C(O)NC1(C(=O)Cl)CCCC1,-5.257,-4.841,11.710159093710041,3.064187494263365,0.010221404811432619
CNC(=O)CNS(=O)(=O)c1cccc(C(=O)NC2CC2)c1,-6.624,-5.067,8.850714886380647,12.900072674213893,0.0003451869123333015
CCOC(=O)c1cc(=O)[nH]c(=O)[nH]1,-5.831,-5.003,11.820300080793212,3.0903142235054353,0.009519041653687709
CC(C)C(CCN)c1nccc2ccccc12,-5.84,-5.031,12.115578195034688,2.907100617453754,0.008036447379109095
O=C1CC(CCc2ccccc2)N1C(c1ccccc1)c1ccccc1,-7.203,-4.28,7.294960589338368,8.431393538437165,0.014660530781951443
O=C(NNc1ccc(Cl)nn1)c1cccnc1Cl,-7.164,-5.645,6.8717207451991245,3.155916665566441,0.20333218817453214
Oc1ccc(C=CC=CCl)c(O)c1,-5.808,-4.243,12.83128380170901,2.698542940180867,0.005210476864263677
Clc1cccc(-c2ccc3c(c2)CCOC3)c1,-7.497,-5.368,7.369070294141589,8.745971701303406,0.011527338402442746
Fc1ccc(CNc2cc(Cl)nc(-c3nnnn3C3CC3)n2)nc1,-7.792,-5.612,4.159933773511304,3.1954195342708918,0.7111194901442986
CC(C)(CCCl)CNC(=O)c1ccc(O)cc1O,-5.791,-4.731,8.607685867874128,8.80921040729531,0.005165362745166512
Cc1cc(N2CCN(C(=O)Nc3c(C)noc3C)CC2)nc(C(C)C)n1,-7.522,-5.848,5.542977629397398,2.829138561470611,0.4358952477305846
CC(C)NC(=O)C(C)N1CCc2ccccc2C1,-6.275,-5.071,8.725078624287576,8.664653830361605,0.005253535947519463
Cc1nc(CN2CCC(C(c3ccccc3)n3cccn3)C2)cs1,-7.103,-5.238,4.052610146559868,7.684152262937012,0.10802296822320384
COc1ccc(S(=O)(=O)Nc2ccc(N)c(Nc3ccccc3)c2)cc1,-7.332,-5.448,7.329441042808107,8.76128129898818,0.011696434528255849
CC(O)CNC(=O)c1cc(N2CCCC2=O)ccc1F,-7.043,-4.956,6.289795306685265,2.853524312144545,0.29246046842121715
CC(C)CCCC(=O)C1CCCCC1C,-6.058,-3.483,11.927745721635752,8.910707379327414,0.0006105857789528456
Brc1cc(Oc2ccccc2)c2ccccc2n1,-6.729,-5.286,12.730097289494687,3.1571597995666925,0.005356778214699446
O=C(O)NCCCCNc1nc2ccccc2[nH]1,-6.125,-5.306,12.858536619693549,2.838478641807967,0.0050765028623043955
Cc1nc(CN2CCCCCC2)n(C)c1C,-4.12,-3.072,4.636867584911175,4.993909390447528,0.40029799677816147
CCC(NCC1COCCO1)c1cccs1,-5.457,-4.022,13.011578651339736,3.0240347220228805,0.004547808926205896
CCC(C)Cn1c(-c2cccnc2)nc2ccccc21,-6.083,-5.091,12.784243035862545,3.2157109633796384,0.0051478872924297855
NC(=O)NNC(=O)C(F)(F)F,-5.702,-4.895,12.006803279807661,2.881578386926165,0.008618023639799128
CN1CCCC1CCN1CCc2n[nH]c(-c3ccco3)c2C1c1ccc(Cl)cc1,-7.206,-4.787,9.006571101146095,12.512305982511775,0.00039917690463937594
CCNCc1cc([N+](=O)[O-])c(N)n1C(C)(C)C,-5.211,-4.559,12.639630295226201,2.981699347687489,0.005758261385140038
CN(C)CC(=O)NCc1cccc(F)c1,-6.133,-4.874,12.45204706062421,2.8708620656520583,0.006529785457513341
CCNC(=S)NCCc1cccc(C)c1,-5.848,-5.003,8.608072722741136,8.889218300840632,0.004913305467372784
Cc1ccc(-n2nnnc2CO)c(C)c1,-5.779,-5.35,12.28280281531866,3.1622229522916316,0.00708096321874295
CN(Cc1nc(-c2ccco2)cs1)C1CCN(Cc2ccc(Cl)cc2Cl)C1,-7.966,-5.411,8.573887158109791,8.337532188843412,0.007070598899674611
Cc1cn[nH]c1NC(=O)c1ccccc1NC(=O)CCOc1ccccc1,-6.488,-5.897,4.5024764296995485,3.2683423933241764,0.6411427546697598
O=C(CCl)N(CCOc1ccccc1Cl)C1CCS(=O)(=O)C1,-6.326,-4.863,6.027536893292316,3.0623894265752685,0.33270652775931203
CC1(C(=O)O)CCN(C(=O)CCCC2CC2)C1,-6.267,-5.333,12.430119910926042,2.71289918721651,0.006689425167815021
Cc1ccc(C(N)=O)c2nc(C#N)ccc12,-6.661,-5.439,12.452753390314932,2.9026074484848965,0.006511707986883212
CC1(C)OB(c2ccc3c(c2)c2cc(C4=CC=C4)ccc2n3C2C=CC=CC2)OC1(C)C,,,,,0.0
Cc1cc(NN)nc(-n2nc(N)cc2-c2cccs2)n1,-6.596,-4.935,7.5415137074727925,5.546920677276718,0.0681602360833805
CC(C)C(OC(=O)C1CCC1)C(=O)NCCc1ccccc1,-6.394,-5.106,4.509954656091345,3.023484909835007,0.655073195247414
Cc1cc(Cn2ccccc2=O)nc2c(C(=O)Nc3c(F)ccc(F)c3F)cnn12,-8.074,-6.392,4.8202976049202615,4.442285447829755,0.4558999030312466
COC(=O)C(C)(C)SC(O)O,-4.484,-3.994,7.4995299186015645,2.9658868825361497,0.1415800236952287
O=C1CCC(=O)N1CCc1ccc(Cl)c(Cl)c1,-6.458,-4.575,3.9872123093710465,10.475685848668812,0.019318984900091558
CCCCCCCCCCCCCCCCCCOCCC1OC(CO)SC(CO)C(O)C1O,,,,,0.0
Cc1ccc(C(N)CCN)cc1,-5.382,-4.622,12.79088210406147,2.798327178869547,0.00531024772566524
COC(=O)c1ccc(OC)c(N=Nc2ccc(C)cc2)c1,-6.819,-5.252,6.971380422843097,6.556483813752612,0.055629975321818945
CC(C)OC(=O)NCCC1CCCN1,-5.935,-4.712,12.616550954995585,3.192278966506531,0.005730539596161013
Cc1n[nH]c(C)c1CC(=O)NNC(=O)Cc1ccc(Cl)cc1,-7.375,-5.49,4.5827185163394,4.649713216962955,0.46364519582059305
Cc1cc(S(=O)(=O)N(CCCO)C(C)C)ccc1CN,-6.113,-4.703,12.379775523005254,2.845553021821945,0.006843792872442081
O=C(NC1CCOc2ccccc21)c1cccc(-n2cccn2)c1,-8.078,-5.719,7.619601367525732,10.624404595082025,0.003064823754839001
OCc1nc2ccccc2n1-c1ccc(F)cc1F,-6.164,-5.356,12.507108258906214,2.985986436673817,0.006253293895459564
CCCN(CCNC(=O)OCC)C1CNC1,-5.865,-4.493,12.572684120743668,2.9937139141875266,0.0059983837683716965
CC1=Nc2sc3c(c2C(=O)C1)CCC(C(C)(C)C)C3,-6.559,-5.513,7.219239918440168,7.61106989850967,0.025463621673971
C=CCCNCCCC(=O)Nc1ccccc1C(=O)O,-6.662,-4.819,4.806295662982043,2.9454461461720864,0.5955123514558662
O=Cc1nccnc1N1CCC(F)(F)C1,-5.317,-4.689,12.094981314578375,2.9560321378496544,0.008109893382063601
CN=C(NCC(=O)N1CCCC1)NCc1ccc(-n2nc(C)cc2C)cc1,-7.622,-5.861,7.87606227755977,3.253151548883021,0.10939111059594595
CC(Cn1ccnc1C1CC1)C(=O)O,-5.625,-4.616,12.292579468931653,2.8903027523081386,0.007203869448552678
Cc1ccc(C)c(B2OC(C)(C)C(C)(C)O2)n1,,,,,0.0
CCN(CC#N)c1cc(C#N)nc(-c2cccc(C)c2)n1,-7.629,-5.345,4.7742413009817595,3.1562374752226736,0.5915216575646557
O=c1c2c3c(sc2ncn1Cc1ccccc1Br)CCC3,-6.826,-5.436,9.032661733951958,9.360278468079889,0.0028131121510057825
CNC(CC1CCCN1CC1CCC1)c1ccccc1,-6.34,-4.1,9.243764655160797,13.028679787300016,0.00024935889191315085
CCOC(=O)C(=O)c1c(C)nn(Cc2ccc([N+](=O)[O-])cc2)c1C,-6.611,-5.171,8.58279453325081,7.382936339966641,0.012650732366096304
Nc1ccnc(NC2CC3CCCNC(=O)C3C2)n1,-5.111,-3.855,5.259749518750868,3.852426378271232,0.43935263159300053
COc1ccc(C(=O)c2ccc(OC(C)C(=O)NC3CC3)cc2)cc1,-7.202,-5.376,7.133070937541558,8.30869622744748,0.017446265374445883
Cc1ccc(OC2=CN(C(=O)c3ccc(C)cc3)C=CC2)cc1,-7.594,-5.833,7.18039518411069,8.26955198302786,0.01737151189284139
N#Cc1ccc(Nc2nc3nccnc3cc2Cl)cc1,-7.189,-5.255,11.747634229920507,2.8192993810519664,0.010177849511969185
CC(SCc1ccccc1)C(=O)Nc1ccccc1C(=O)O,-7.093,-5.597,5.111201913444626,3.9345308487798136,0.46132032241233106
COc1cc(C2Nc3ccccc3C(=O)N2CC(F)(F)F)cc(OC)c1O,-7.248,-6.467,12.511492357029196,2.9369921688693688,0.006260583582355273
Cn1cc(NC(=O)NCC(C)(O)c2ccco2)cn1,-6.325,-5.196,12.01710168884328,2.914353101461798,0.008541899333715202
CCCCC(CC)CNC(=O)NC(C)c1c(C)[nH]c2ccccc12,-6.98,-5.086,8.660973444134324,9.12696713043276,0.0041000893900611625
NC(CNc1ncccc1I)C1CC1,-5.416,-4.777,12.889158661448775,2.9072566106210855,0.004955560893065469
CCCCCCCCCCCCCCCCCCOc1ccc(C=CC2CCC(CO[P+]([O-])(OC)OC)CC2)cc1C,-6.442,-3.985,4.508158271400862,3.231481394035869,0.6425616236891196
COc1cc(C(=O)N(C)Cc2cnn(-c3ccc(F)cc3)c2)ccc1F,-7.314,-5.842,4.37009999885586,3.179432024749074,0.6734066278488352
Cc1ccc2nc(C)c(C(C)O)n2c1,-6.222,-4.858,12.762179829480543,2.694927271745937,0.00544160843458003
COc1c(C(N)CN)ccc(OC2CC2)c1Br,-4.789,-4.36,8.104703017384413,2.916290451926899,0.09796748202094122
Cc1ccc(S(O)(CC(C)O)c2ccccc2)c(C)c1,-6.735,-5.057,7.6627611864131575,2.8193848619867414,0.12951651642401427
O=C(Cc1sccc1Br)C1CCCCS1,-5.375,-4.528,12.67154079029066,3.2035872081153025,0.00553052147504336
CCOc1ccc(OCC)c(Nc2ccnc(Nc3ccc(C)cc3)n2)c1,-7.097,-5.614,4.678057502853081,3.006719142188043,0.6205157605464269
C1=CC=CN(Cc2nnco2)C=C1,-4.283,-3.903,12.301314523253195,3.0938781488610703,0.007045274699859859
CC1CC(C)N(C(=O)COCC(=O)O)C1,-5.644,-4.897,11.72639543934964,2.8968275751242083,0.01025710221139424
CC1=NN(c2ccc(Br)cc2[N+](=O)[O-])C(=O)C1(O)c1ccccc1,-7.001,-5.934,7.70079275139904,2.872173567178696,0.12606168990725103
O=C1CCCCC2C(=O)CC(C1=O)C2=O,-4.155,-3.912,11.962385130064991,2.7398030951146835,0.008945858954053644
CNC(=O)c1ccccc1COC(=O)Nc1c(Cl)cncc1Cl,-6.6,-5.161,3.8318050576719065,8.957638416457767,0.05140216501149072
CC(=O)Cn1nc(NC(=O)C(C)(C)C)cc1C,-6.86,-4.801,12.113320642994637,2.858175641908663,0.008076626386383545
FC(F)(F)c1ccc(OCCNCCN2CCCC2)cc1,-6.596,-4.661,8.510686282550896,8.632214605766007,0.006124403197731146
O=C(NN=Cc1ccccc1O)c1ccc[nH]1,-6.537,-4.869,5.348226061041174,3.502840704342691,0.44699703301576643
CCNC1CCCCCC1[S+]([O-])c1ccc(Cl)cc1,-4.233,-3.077,7.745998838109905,7.324073593294922,0.021997905519878236
CCCOc1ccc(C=CC(=O)Nc2nc3c(s2)CCCC3)cc1OC,-6.355,-5.208,4.503934391174011,2.941147735153744,0.6607336045059194
CC1CCOC1C(=O)Nc1cc(Cl)c(O)c(Cl)c1,-6.916,-4.87,12.367110980338133,2.6825355542844167,0.0069706702677665875
Cc1ccc(NS(=O)(=O)c2cc(NC(=O)C3COc4cc(F)ccc4N(S(C)(=O)=O)C3)ccc2Cl)cc1,-6.794,-5.372,4.523330078603594,3.4821939922985354,0.6203788695835946
COC(=O)c1cccc(C#CCN)c1,-6.359,-5.141,12.631616444461887,2.843445445230134,0.00584798006739684
OCC1NC(CO)C(O)C(O)C1O,-4.649,-4.568,6.870323573165968,2.963496077270897,0.20700660717048544
Cc1cccc(NC2CCN(C(=O)Cc3ccc(Cl)cc3Cl)CC2)c1,-7.746,-5.897,7.284448366211404,9.820574728599135,0.006210906714979633
O=C(NC1(c2ccc(Br)cc2)CCOC1)c1cn[nH]c1,-6.84,-4.853,11.923222509036725,9.205404065004425,0.0005096270942177221
CCOC(=O)c1sc2c(c1N)CCCCC2OCC1CCOCC1,-4.921,-3.36,7.038272089085502,3.593541985284157,0.17437895594406996
Clc1cc2nc(-c3ccccn3)oc2cc1Cl,-6.533,-4.812,12.805756400931575,3.0542943538565495,0.005158560323218547
CCCCCC=CC=CC=CC=CCCC=CC=C1CC(=O)NC1=O,-5.931,-5.324,4.173811447586008,2.866868849459285,0.72906001368089
C=CCCN(C)S(=O)(=O)CCCNC(C)C,-5.169,-4.004,11.980616052607648,2.981409398254456,0.008693005376572232
Nc1ncccc1C(=O)Nc1cccc(I)c1,-6.647,-5.021,13.157247584506418,3.1250891187292567,0.004114431846652182
CCCOc1cccc(C(=O)N(C)CC(=O)N2CCCC(C)C2)c1,-6.745,-5.331,11.995269317526807,2.8766197176547337,0.008683502067920427
Cc1ccc(-c2nnc(Sc3ccc(C(F)(F)F)cc3[N+](=O)[O-])n2N)cc1,-7.457,-6.146,4.545676737296659,3.2017557683246234,0.6369244037908901
CCCc1nonc1CN1CCCCC1=O,-5.81,-4.97,11.938203131124885,2.9999708331915493,0.00891287984530639
CC1(C)CCC1C(=O)OC(c1cccc(Cl)c1)C1CCNCCO1,-5.477,-3.662,6.053510056157502,2.9361421968290293,0.3314851747077026
C=C(C)CN1CCC(CN=C(NCC)N2CCC(C)CC2)CC1,-6.107,-4.678,4.722590602624793,6.404073235059074,0.19104323320294866
NC(N)=NN=Cc1cccc(C(F)(F)F)c1,-6.667,-5.284,12.101745493935988,3.0883387119938766,0.007985179517176793
Cc1ccccc1C1CC(NCC2CC2)C1,-6.375,-4.285,7.339007834850703,8.006827336717084,0.018564090562151123
CC(NC1CC1C)c1ccc(Cl)c(Cl)c1,-6.3,-4.612,8.493936484339873,9.036316340190842,0.0048126306221609755
CCOc1ccccc1OCc1nc(-c2nccn2C)n[nH]1,-6.594,-4.989,4.393217613549322,3.642084842504358,0.6303579265293279
Cc1nc(N)nc(Nc2cccc(C(F)(F)F)c2)c1Cc1ccc(C(N)=O)cc1,-8.132,-6.479,4.708394843256032,3.59798221229622,0.5733881575610241
CN(C)c1cccc(NC(=O)OCCOCC(N)=O)c1,-5.943,-4.562,4.4490668684568,4.617253404351985,0.4889637248116841
O=C(CCC(F)(F)F)NCCOc1ccc(NC(=O)C2CC2)cc1,-7.402,-4.564,4.801494142451909,3.016501450356025,0.5931330928553493
Cc1ccc(OCCN2CCN(C)CC2)c(C2CC2C(=O)O)c1,-6.012,-4.468,4.697761701065731,5.968649847327284,0.24559353839071982
CCCc1nc(C)nc2ccc(C)cc12,-6.786,-5.105,12.954365441811499,3.089029782957749,0.004686383131064592
Cc1cc(F)c(C)c(S(=O)(=O)NCC(C)(O)CN)c1,-6.801,-5.226,4.952405173246632,3.0706054777519043,0.5570439214913407
CCn1ccnc1CC(O)CCC(C)(C)C,-5.749,-4.228,7.904873180513397,3.0583780014903317,0.10954390080749649
NC1=Cc2ccccc2SCC1,-4.171,-3.383,12.304367151544204,8.851698932973264,0.0005005834943529124
COc1cc(C2OCCCN2C)cc(Br)c1OC,-5.511,-4.941,12.344360817798547,2.97767980145616,0.006927487892444057
C=C(C)N=C(NC)Nc1ccc(Br)c(C)c1,-5.937,-4.73,7.306807921384001,8.212946243583968,0.016665786387892664
COCCC(C)NCc1ccc(Cl)c(C(F)(F)F)c1,-6.394,-4.593,8.039458563858638,8.767422597320149,0.007539026833767359
CCc1nnsc1C(=O)N(C)CCCBr,-4.924,-4.373,12.54299218687471,3.2692002080019513,0.0059513248665469054
CC(N)C(=O)NCc1ccccc1I,-5.97,-5.141,12.567068393225208,3.017343367931466,0.006007593382855065
Cc1nn(-c2ccc3ccccc3c2)c(C)c1CCN,-6.585,-5.739,4.835902811264924,5.248158724733847,0.3343274905292245
CSCCC(NC(=O)C(CCCCN)NC(=O)C(CCCCCN)NC(=O)C(N)C(C)C)C(=O)NC(C(=O)NC(CCC(=O)O)C(=O)O)C(C)O,,,,,0.0
CCOc1ccc(C(=O)NCc2ccc(Br)cc2)cc1OCC,-7.106,-5.13,4.503231173279914,9.250395721265116,0.036228883265111006
COC(=O)c1cc(-c2csc(NC(=O)C=Cc3ccc(C)cc3)n2)c[nH]1,-7.435,-6.519,4.503011991989362,2.9685924273972,0.659490839294778
CCCn1c(NC(=O)c2ncoc2Cc2cc(=O)[nH][nH]2)nc2ccccc21,-8.459,-5.97,4.206313112453708,2.9335161496061346,0.7195133562925576
Cc1onc(N2CCOCC2)c1CN,-4.938,-4.352,12.22775257355169,2.929295478438459,0.007479724203249298
Cc1ccc(C(CCN)OCc2ccccc2)cc1,-6.131,-4.476,6.499481902428838,3.0027214323010383,0.25647870274079965
Cc1cccc(C=C2NC(=O)NC2=O)n1,-7.08,-5.288,12.74736686535694,3.0024045363674765,0.0053741300690630725
CCOC1CN(C(=O)OCc2ccccc2)C12C(=O)Nc1ccc(C)cc12,-6.75,-4.722,7.258856728163188,3.1352151441328555,0.16148132404743717
Cc1cccc(C(N)C(=O)NN2CCCC2C(=O)O)c1,-6.949,-5.494,12.03253431326917,2.860158037591629,0.008493665274926614
COc1ccc(C=CC(=O)Nc2cccc([N+](=O)[O-])c2C)cc1OC,-7.158,-5.609,8.477942262129414,6.712756512789661,0.020178325221936456
Nc1ccc(Cl)cc1C(N)CCCC1CCCO1,-6.421,-4.836,6.077506561082431,3.06699250080596,0.32361091108857065
COc1ccc(CN2C(=O)c3nc(Nc4cccc(F)c4)nc(NC4CCN(c5ncccn5)CC4)c3C2=O)cc1,-8.842,-6.617,4.349588141422127,3.4870609401041452,0.6531484387696831
CC(=O)N(c1ccc(C(N)=S)cc1)c1cccc(Br)c1,-7.322,-4.842,11.380529557098827,8.884041985492864,0.0008739132707758933
CN(c1cccc(OC(=O)NCc2ccccc2)n1)C1CCOCC1,-7.065,-5.501,4.338890872100841,5.418940302310037,0.36392960038516253
S=C(NCC1CCCO1)Nc1nn[nH]n1,-6.587,-5.128,11.98267787266269,3.045553480075502,0.008634971149728127
CCS(=O)(=O)Cc1n[nH]c2c1CCNC2,-6.0,-4.753,12.010665260509095,2.7696904159129407,0.00866354276801114
Cn1cc(-c2ccc3cc(-c4ccccc4)[nH]c3c2)c(-c2ccccc2)n1,-8.438,1.363,7.7992100882076505,7.851122085409194,0.015421276271595676
Cc1cc(CC(N)C2(N(C)C)CCCCC2)on1,-6.027,-4.999,12.338990598910431,2.917246647097225,0.006983828179667027
CCC(NC(=O)c1ccco1)c1ccc(OC(F)F)cc1,-7.425,-5.276,12.556597389420432,3.2237912463433482,0.005929925016972205
COc1cc(C=Nc2c(Oc3c(C)cccc3C)nc3ccccn3c2=O)ccc1OC(=O)c1ccccc1,-8.187,-6.81,3.781987572692433,3.335117089398811,0.7590258940759795
CC(C)N(C)CCCN1CCCC(NC2CCCC2)C1,-5.724,-4.41,12.732495827605835,3.0102979918938257,0.005420728966119074
Cc1cccc(N(CC(=O)N(Cc2cccc(Cl)c2)C(Cc2ccccc2)C(=O)NCCCc2ccccc2)S(C)(=O)=O)c1,-6.873,,,,0.0
Cn1cc(-c2ccnc(Nc3cccnc3Cl)n2)cn1,-7.311,-5.531,12.509180029082641,3.01250211618183,0.006231466926394632
CCCCCCCCCCCCCCCCCCCCCCCC(COP(=O)(O)OCC[N+](C)(C)C)NC(=O)CCCCCCCCCCCCCCC,,,,,0.0
CC1=CCC(C=N)=C1,-5.046,-3.92,11.140049057342612,8.333332826666652,0.001429943850605467
Cc1ccc(Nc2ccc(NC(=O)c3ccc(C)cc3)nn2)cc1,-7.2,-6.517,3.6240776757680004,3.742754466966809,0.7347211304115248
Nc1ccc2c(c1)C(=O)N(CC(c1ccccc1)C(F)(F)F)C2,-7.101,-6.071,12.149504598953818,2.7583228600002574,0.007949300166966997
CC(C)(C)OC(=O)NOC1CCCN1C1CCCCC1,-5.609,-4.78,7.073813186676617,2.9609042537711363,0.18333665837116098
O=C1NN(c2cccc(F)c2)C(=O)C1=Cc1ccc(OCc2ccc(Cl)cc2)cc1,-8.311,-6.806,7.499988933325168,8.320045733047385,0.013865581513722887
O=C(NC1CCCC12CCO2)OCc1ccccc1,-6.872,-4.789,4.414108517016771,7.875632482537514,0.08737709837110585
CCC(CC(N)=S)NC(=O)C1CC1,-5.088,-4.701,12.491157512416532,2.922782407227743,0.0063475956519833225
Cc1ccccc1N(C)CC1NCCC1C,-6.138,-4.107,13.078367673375757,2.8254135980418873,0.004428825662447093
Nc1cc(C(F)(F)F)nn1-c1ccc(F)c(Cl)c1,-7.404,-5.496,12.538998404976372,2.9979476312971176,0.006123859256931396
Cc1nc(Oc2cc(C(N)=O)ccc2N)ncc1[N+](=O)[O-],-6.98,-4.838,6.446137603247389,3.1025615223553586,0.2621692608857252
NN=Cc1cc(Cl)c(C(=O)Nc2cccc(O)c2)s1,-6.212,-5.345,12.053430175680282,3.054611431917323,0.008254919301437576
NCC1CCN(Cc2cccc(F)c2)C1,-6.013,-4.791,12.578018405138387,3.0858964661828825,0.005930783585711817
CON=C(c1ccccc1)C1CCC2(CCCCC2)O1,-6.689,-5.473,4.3206381473111115,7.668129237304232,0.10195953827424326
NCc1ccc(S(=O)(=O)NC2(C(F)(F)F)CC2)nc1,-6.43,-5.19,11.729573265895056,2.778885747921278,0.010321125725652823
C[N+](C)(CCc1ccccc1)C1CCCC1,-6.308,-4.845,12.883343859417863,3.263252518577133,0.004814135853221616
COc1ccc(OC)c(C2CCCN2c2ncnc(NN3CCCCC3)c2[N+](=O)[O-])c1,-6.532,-4.801,7.287001166460727,5.924297848690594,0.06554162707905296
CCCCCCCCCCc1c[n+](=O)o[nH]1,-5.581,-3.588,12.391672849135423,3.253545297056735,0.0065528463288323045
COC(=O)c1ccc(C(NC(=O)O)C2(C(F)(F)F)CC2)cc1,-6.305,-5.651,12.142212360192024,2.9999116653661657,0.00784602366912146
COc1ccc(C(=O)N2CCC(Oc3nc4cccc(OC)c4o3)CC2)c(F)c1,-7.646,-5.624,4.913835670838005,3.343755523359924,0.5497745841285323
Cc1ccccc1NC(=O)C1C2C3CCC(C3)C12,-7.68,-4.864,8.498413499000858,12.491459362300308,0.0005547140520289771
CCN(CC)C(=O)CC(C)Nc1cccc(C)n1,-5.812,-4.792,12.684006504255665,3.4140960736335475,0.005356101198864265
OCc1nc2cccnc2n1CCC1CCCCC1,-6.206,-5.027,4.0782117404568385,5.196348044540512,0.43082504888022716
COC(=O)c1ccc2c(c1)C(=O)N(c1ccccn1)C2=O,-6.621,-5.226,5.126249506217971,2.857557698455098,0.5272864382833002
CCCCOCCOc1cc(C)c(C)cc1CNC,-5.527,-4.458,12.519399266738,3.014461477610885,0.006190772060679992
Cc1cc(C)c(O)c(CNC(C)C)c1,-6.042,-4.783,12.735034746713493,2.8717754090457706,0.005470926817584283
N=C(N)c1ccc(N2CCN(CCc3cccc(O)c3)CC2)cc1,-7.211,-5.88,5.059226620739577,2.9847086960036817,0.5372201201818836
CCCN(C(=O)c1ccncc1Cl)c1ccc(S(N)(=O)=O)cc1,-5.883,-5.491,12.563916626593796,2.796816761963501,0.006120153501418078
CCCCCCc1ccnnc1,-5.402,-3.986,12.841219490375515,3.0520502944741916,0.005046481525891101
CNC(=O)c1cccc(NC(=O)CN(c2ccc(OC)cc2)S(C)(=O)=O)c1,-7.601,-5.303,4.875961648741712,3.135982940004616,0.5704978476941767
NCCC1CN(C(=O)Cc2ccccc2Cl)CCO1,-6.628,-4.823,12.585873589068024,3.0722244384159176,0.00590904470947828
c1ccc(N(CC2CC2)C2CCNC2)nc1,-5.567,-4.599,12.729505449937951,3.2967488530368825,0.005280183034826776
CON(C)S(=O)(=O)c1cnc[nH]1,-4.889,-4.116,12.419650558691256,3.0141620726165343,0.006589154740520016
C[S+](N)CC(=O)Nc1ccn(CCN2CCOCC2)n1,-5.535,-4.777,4.304551660742382,2.9398818003450407,0.700669793110386
O=C(Cc1ccc(F)cc1F)c1cc(Br)cnc1-c1ccco1,-7.512,-5.498,6.784741483652859,7.6612744370633274,0.03202508583559337
FC1=CC(NOc2cccs2)=CCC=C1,-4.786,-4.024,12.851080032433073,2.9684677865862046,0.005050837942334339
COc1cncc(C=CCO)c1,-5.513,-4.539,12.580673829330447,2.96824459908546,0.005980894091099007
O=C(c1ccc(OCc2ccccc2)cc1OCc1ccccc1)N1CCCC1CO,-7.385,-6.615,4.333992385780114,2.9307481979863095,0.695463591949796
CCOc1cc(C=C2SC(=Nc3ccc(CC)cc3)N(C)C2=O)cc(Br)c1OCC,-6.866,-5.055,4.460151342723697,3.4926628809548736,0.6317744209104807
COC1CCC(C(=O)NCc2ccc(Cn3cccn3)cc2)C1,-6.59,-4.913,8.913434467140037,9.14099130291677,0.003473713589550361
CC=CC(=CC)C(CCC1=CCN(SC)C1)=C(C)CCC,-5.918,-4.337,11.628980780790723,8.917091958704923,0.0007330042246039313
CC=C(Cl)C=C(C)C,-4.486,-3.174,11.749540501653671,8.999570489751163,0.0006457789028341988
CCCCCCCCCCCCSCCCCC(=O)C(=O)Sc1ccccc1,-4.519,-3.659,7.382405976373827,8.32069023579174,0.01488991001197254
COc1ccc(C=Nc2ccc(-c3nc(-c4ccc(Cl)cc4)c(C)s3)cc2)c(OC)c1,-7.73,-6.255,6.970327969328273,7.601563062949619,0.02974848470113477
CN1CCOC(COc2cnc(Cl)nc2Cl)C1,-6.533,-4.999,12.645053143423322,3.2796704102699095,0.005577080538263341
CCCCCCC(CCCCCC)n1c(=O)nc(O)[nH]c1=O,-6.006,-4.481,4.481256631794256,3.0675346778805936,0.6584214131930635
COc1ccccc1CC1CNCCN1C1CC1,-5.836,-5.254,12.28009808592749,3.1417218209128572,0.0071071740441601035
Cn1cc(CN)nc1CNc1ccc(C(C)(C)C)cc1,-6.337,-5.274,5.214871906384662,3.056804867831769,0.49932083437905206
O=C(Nc1ccc(S(=O)(=O)N2CCOCC2)cc1)c1ccc(F)c(F)c1,-7.535,-5.893,4.281019154360326,3.2090503268101003,0.688239970366861
O=C(C1CC1)N1CCCN(Cc2nc3c(Cl)ccc(Cl)c3o2)CC1,-5.072,-3.713,4.03678002868623,3.664274825937598,0.688521608697179
C=CCOc1c(C=Nc2ccc3c(c2)C2CCCC2C2CCCCN32)cccc1OC,-7.113,-5.79,7.672868759466695,8.598084147064391,0.010496619266597713
C=C1c2cccc(Cl)c2C(=O)N1CC(=O)OCC(=O)NC1(C#N)CCCC1,-7.682,-6.031,8.700605955909047,12.843548185762375,0.00039259734606367046
COCc1nc2oc(C)c(C)c2c(=O)n1CC(=O)Nc1ccccc1C#N,-6.824,-5.717,4.867996096958171,5.434409719555565,0.30298336203072235
CC(N)Cc1ccnc(N)c1,-5.126,-4.389,11.770743137117554,3.020085760371715,0.009879474776633316
C=CCOC(CNC(C)(C)C)c1ccco1,-5.21,-4.359,12.661786959193398,3.015609225347343,0.0056631153989414925
CC(C)(C)OC(=O)NC1(c2cccc(-c3cc(C(C)(F)F)on3)c2)CC1,-6.763,-5.796,3.7097592913826634,3.0972931730787137,0.788091900833193
CCc1oc(CCNC(C)=O)cc1C(=O)Nc1ccc(OCCCc2ccccc2)cc1,-7.983,-5.901,7.448181053116257,9.43810987433395,0.007137700996127716
COC(=O)Nc1nc2c(s1)CN(Cc1nc3ccccc3[nH]1)CC2,-7.32,-6.094,4.19522323601498,3.250957705046316,0.7007521335983944
Cc1ccc(C(CCC(=O)O)NC(=O)C2Cc3ccccc32)s1,-6.987,-5.115,4.8957849217464595,4.1512823320029675,0.47960992091830495
CC1(NS(=O)(=O)CCCCN)CC1,-4.871,-3.591,7.542242968772618,2.962674636202903,0.13796833866213634
O=C(Nc1cccc(OCCNC(=O)c2cc(Cl)ccc2Cl)c1)Nc1ccccc1Cl,-8.227,-5.678,5.397821597644739,5.450731785732995,0.23949014148542971
CN(CCCC(C)(C)CN)c1ccccn1,-5.896,-4.58,12.739333891534518,2.918973278397732,0.005437189894116523
CC(N)Cc1ccc(C(CC(=O)CO)C(=O)Nc2ccccn2)cc1,-6.609,-5.332,4.748313490072027,2.9339533056952356,0.6088335507327916
Cn1nc(C(=O)NC2CCNC2)cc1NC(=O)OC(C)(C)C,-6.268,-5.28,4.455318282681945,3.0092450880578,0.667033389734682
N#CC(C#N)=CNCCN1CCOCC1,-5.701,-4.224,12.648039373752756,3.0716161869608647,0.005684179027706473
COC(N)CNCc1ccc([S+]([O-])c2ccccc2)cc1,-6.301,-4.989,8.546870772393834,9.073451603441768,0.004550532221879423
COc1cccc(Cn2cc(C(=O)N3CCNC(=O)C3Cc3ccc(Cl)cc3)cn2)c1,-7.603,-5.889,4.429465091859286,9.752955346970476,0.027083860025104593
COc1ccc(C(=O)CCc2ccsc2)c(OC)c1,-5.789,-4.432,5.720916447563275,3.09949753992482,0.39004796777089795
O=C(NCCCc1c[nH]c2ccccc12)c1cccnc1N1CCCC1,-6.809,-5.523,4.418015391553089,3.9053729655437524,0.5968288915039115
CC(C)CC(=O)N1CCCC(C(C)c2cccc(CC(=O)c3ccc4scnc4c3)c2)C1,-7.373,-5.572,5.00573251382852,3.60193919993106,0.5116782225290156
CC1CN=C(NCCC(C)(C)C#N)N1,-5.518,-5.192,12.632428349292152,3.0996314297025704,0.005725273641292943
O=C1Nc2ncnc(Cl)c2CN1c1cccc(C(F)(F)F)c1,-8.311,-5.688,5.133689998431928,3.266407200579866,0.5067313681495387
[O-][S+](Cc1ccccc1)C1C2CCC1CC2,-6.139,-4.406,4.318060328434516,10.012733642717158,0.02378001206215587
COc1cc(C=NN2C(=O)SC(CSc3nc4ccccc4o3)C2=O)c([N+](=O)[O-])cc1OC,-7.46,-6.105,5.024702677771093,3.172449526785259,0.5357751925667544
CCCCC1(C)CC(C)N(CC)c2ccccc21,-5.999,-4.436,9.245852854117894,8.998057290326619,0.0030869471408216465
OC(c1ccnc(OC2CCCC2)n1)C1CC1,-6.495,-5.007,6.098066086883612,2.8511562566790336,0.32552339658115
Cc1noc(N2CCC(Cc3ccn[nH]3)C2)c1CO,-6.023,-5.234,11.99988374943691,2.804510117649783,0.008702174024755713
C=CCNc1ccc(C#N)c(C)c1,-5.826,-4.289,12.695006656162098,3.368494173959635,0.0053498256210238295
Cc1c(CC(N)Cc2ccc(O)cc2Cl)c(=O)c(-c2ccc(F)cc2)c(CCC(=O)Cl)n1C1CC1,-6.202,-4.542,5.620794338881293,3.256899292271715,0.4039329155624955
Cc1ccc(-c2ccc(-c3nc(-c4ccccc4)nc(-c4nc(-c5ccc(C)cc5)sc4C)n3)cc2)cc1,-9.338,-8.378,4.991646822442468,3.5741440933459865,0.516790069191321
CCCc1nc2c(CC)nn(CCC)c2c(=O)[nH]1,-6.291,-4.72,12.634863275872835,3.0424079279412872,0.005745993148962625
O=C(Nc1ccc(Cl)cn1)c1cc(-n2cccn2)ncn1,-6.901,-5.472,6.381007757400079,3.3092553543055576,0.26636501819018094
O=C(COC(=O)c1cc(=O)[nH]c2ccccc12)NCC1CCCO1,-7.679,-5.963,12.553603267588155,3.1690427576793603,0.005974448482497715
CC(C)OCCN(C)C(CN)CS(C)(=O)=O,-5.127,-4.018,5.457815955123441,3.0112133766971754,0.44804232327019
COc1nsc(NC(=O)NC2CC(C)(C=Cc3[nH]nc4ncccc34)Oc3cc(O)ccc32)n1,-8.491,-6.547,3.7189763376499183,4.5993832195197655,0.5836562497717114
Cc1c(Cl)cccc1NC(=O)c1ccccc1NC(=O)CSc1ccc(F)cc1,-6.725,-5.587,4.20481117293036,9.008539781784838,0.04584876653597056
NC(=S)c1cccnc1NCCc1ccc(N)cc1,-6.291,-5.365,12.583017960727863,3.186069992953702,0.005855598533714776
CCc1ccc(C(NC(=O)c2ccc(C)o2)c2ccc(C)cc2)cc1,-7.206,-5.628,7.075608101075129,7.606399213819899,0.027846647890842707
CC(=O)ON=C1CN=C(c2ccccn2)C1,-6.206,-5.459,12.259388769428922,2.8745027396055827,0.007363355746499681
COC1CCC(Oc2ccc(F)c(C(C)N)c2)C1,-6.772,-5.015,12.619953605302992,3.155166556617891,0.005739635715576537
COCC1(C(=O)NCn2cccn2)CCNCC1,-5.951,-4.459,12.588341034465186,3.1301132567368875,0.005868378101857002
NC(N)=NN=Cc1ccc(Cl)cc1Oc1cccc(Cl)n1,-7.204,-5.465,4.7334686013535565,4.526689077018655,0.45848842332304623
CCCCCNCCC(=O)Nc1ccc(NC(C)=O)cc1,-6.074,-4.205,7.46866594513371,7.533799970798269,0.02294237016752632
O=C1COC(c2ccc(Cl)c(Cl)c2)N1NCc1ccccc1F,-7.271,-6.76,12.590468299471627,2.97595379668435,0.005940701628953775
NC1CCCN(c2ccco2)C1,-5.333,-4.508,7.052618308117914,2.992570467006583,0.18520958546399283
CC(=O)N1c2ccc(NC(=O)CC34CC5CC(CC(C5)C3)C4)cc2CC1C,-7.145,-5.7,7.3423097864364175,9.733940928524273,0.0063297386581995865
CCCNC1CCC(OCc2nnc(C)o2)CC1,-6.09,-4.769,4.314030482043444,2.9447237561441986,0.6985788924405595
CC(C)(C)c1cccc(-c2ccncc2)c1,-7.161,-5.194,12.982074949714317,3.4202486751696872,0.004442244307593701
C#CCNCc1cc(F)c(F)cc1O,-6.044,-4.84,12.715660698524477,2.7069305495339178,0.005598127069193731
CCOc1ccc(C(=O)CN2CCC(c3nc4ccccc4o3)CC2)cc1,-7.43,-6.051,4.664749832520497,3.7400022727265827,0.5688249840723627
CCCCn1ccc2c3c(ccc21)C(=O)C(=O)C3(C)C,-6.265,-5.144,11.995912178738223,2.974725029309432,0.008614974279083086
CN1Cc2nc(C3CCCC3)ncc2C1=O,-5.976,-4.439,7.196706260505566,3.1017246815280046,0.16819953185893682
COC(=O)c1cc(Cl)c(Oc2ccc(C(=O)Nc3cccc(OC)c3)cc2S(C)(=O)=O)c(Cl)c1,-7.376,-5.682,3.6713430784932095,2.8831545223938324,0.8072698882388322
O=C1NC12CC1CCC(C2)N1CC1CC1,-5.557,-5.229,12.742968374754762,3.105398847169233,0.005340238017695887
CC(C)c1nsc(NC(=O)c2cccc(CN3CCC(C(=O)O)(c4ccccc4)CC3)c2)n1,-8.313,-6.407,4.718267584611962,3.1339759092883916,0.6048749358099553
CCc1ccc(NC(=S)NC2CCCCC2)cc1,-6.493,-4.722,7.516892775608815,8.117099728351254,0.015560251112280167
CCOc1cc(C=C2C(=O)NC(=O)N(c3ccccc3OC)C2=O)ccc1OCc1cccc(C)c1,-7.477,-6.837,4.806566550043804,3.006862816957235,0.5924978539067358
CCN1CCOC(CN2CCC(CC)(C(=O)O)C2)C1,-6.184,-4.755,7.989128112629061,3.0248130520744585,0.10430120188446539
Cn1ncc(C(=O)NC2CCCC2CO)c1C1CC1,-6.42,-5.061,12.518553790274659,2.9009422607146114,0.006250132971127224
Cc1ccc(C(C)(C)NC(=O)c2noc3c2CCCC3)cc1,-7.471,-5.55,8.574158500984222,12.156744712298602,0.0006523621580989045
O=C(O)C=Cc1scnc1-c1cc(Br)ccc1Cl,-5.577,-4.711,11.010955726003079,8.3603815104336,0.0015242891350612383
CCCCSCC(C(=O)O)n1c(C)c(C)c(C(=O)OCC)c1C,-5.617,-3.887,11.382391752175815,8.83101155021326,0.0009021846868275714
CCOC(=O)c1ncn(Cc2cc(Cl)ccc2Cl)n1,-6.344,-5.308,12.587184633586656,2.846770099604111,0.006011245626118219
C=C(C)N1CCCC12CCN(C(=O)c1cscn1)CC2,-5.892,-4.587,6.152595956179798,3.0137221172496975,0.31191768712314616
O=S(=O)(CCO)NCC1CCSCC1,-5.127,-4.09,12.347169554193384,2.769015348458726,0.007020724488516607
CC(C)CCSC(C(=O)Nc1cccc(N)c1)c1ccccc1,-6.445,-4.527,3.9854739994133688,10.171990758941929,0.023362700723557134
CCc1nn(C)cc1C(NN)C1C(C)(C)C1(C)C,-6.123,-5.16,12.68336915019034,3.138276278468803,0.005525671362313707
CN1CC2CC2C1CO,-4.052,-3.919,13.601894904755,2.859612211472038,0.0031852925867000403
CS(=O)(=O)c1ccccc1Nc1ncnc(Cl)n1,-6.231,-5.694,12.148353427522597,3.0514707929128204,0.007781608576633385
OCCC(NCc1ccccn1)C1CC1,-5.72,-4.09,12.852753245900274,2.8317415136272595,0.005097265796705395
Cc1ccc(C)c(NC(=O)C(C)OC(=O)c2ccccc2-n2cnnn2)c1,-7.715,-6.285,4.467010297727105,3.129970447144829,0.6575066157559548
CCC(C1CC1)N1CCC(N)(c2cnn(C)c2)CC1=O,-6.384,-4.289,12.189813575276695,8.960932652352657,0.0005023870119197639
O=C(CCOc1cccc(F)c1)Nc1cnc2ccccn2c1=O,-7.34,-5.448,8.562384831342259,12.534840485622464,0.0005188508352239797
Cc1c(C=Cc2ccccc2)sc(C=Cc2ccc(NC=CS(=O)(=O)O)cc2)c1C,-7.264,-6.265,6.98418348842583,2.904282011100161,0.1943065892731284
CC(C)N1CCC(NC2CCC(C(=O)O)C2)C1,-6.645,-4.995,12.774161498900819,2.780816786485582,0.005372227584924973
CC(C)c1nc(N)c(S)[nH]1,-4.767,-4.255,11.756301671869432,3.0485257092568534,0.009944617566302173
CC(O)C1C(=O)N(C(=O)OC(C)(C)C)C1C(O)c1ccccc1,-7.276,-5.062,12.041364374521685,3.0034275419926484,0.008353990912206451
C=CC(=O)N1CC2(Cc3ccccc3N(C3CC3)C2=O)C1,-6.465,-5.043,3.346126865496884,8.742218825904555,0.063294250053232
COc1ccccc1OC1(C)C=CC(O)=C(C2OC=CO2)C1(O)O,-5.945,-4.749,8.075351942794814,3.0265409298405332,0.09887826550787862
O=c1c2ccccc2nc(Nc2ccc(Cl)cc2)n1-c1ccccc1,-7.648,-5.589,7.464575607494375,9.189934384967067,0.00824926211524606
NC1CCC(=CO)C1,-4.106,-3.709,12.799223179552733,2.8415949746577187,0.00526707467812138
CC(=O)c1ccc2oc(-c3c(Cl)cccc3Cl)nc(=O)c2c1,-7.114,-5.324,4.341857436627786,5.89545494427699,0.28585078036005207
COc1cccc(N2CCSCC2C)c1Cl,-5.146,-3.949,12.546354729561891,3.0605795202869666,0.006063104433806207
CCOC(=O)c1cc2cc(SCC3CCCCC3)ccc2o1,-7.353,-5.356,4.075250421753245,3.0344984758605498,0.7367451772232424
COc1ccccc1NC(=O)c1ccc2c(c1)CCN2C,-6.977,-5.479,8.685034657386232,12.628170968117276,0.0004535345813947075
C=CC1=COC(OS(=O)(=O)O)C1=O,-5.519,-4.977,7.579501962530255,2.808241620658735,0.13639684064972424
CCOC(=O)c1nnc(Cc2ccc(F)cc2Cl)s1,-6.505,-5.305,12.43710392334164,2.9637228277961487,0.006544724861762015
COC(=O)CCC=C(C)C(C)C,-5.24,-4.23,12.46910329574665,3.056497505315521,0.006365312059910783
CCN1CCC(CN2CC(O)(CN)C2)C1,-5.399,-4.565,12.721517755362369,3.1433490102118795,0.005392842271582046
COc1ccc(NC2CCC(OC)C2)cc1OC,-6.031,-4.962,12.551846159031747,2.9366560915435773,0.006104825051955313
O=C1CCC(=O)N1c1cc(O)cc([N+](=O)[O-])c1,-6.32,-5.175,11.938671994824213,2.8299335681248774,0.009025903867130376
O=C(COC(=O)c1cc2cc(Cl)ccc2[nH]1)Nc1ccc(Cl)cc1,-7.933,-6.243,7.312231533533385,8.414152363726249,0.014663713209808327
CC(N(C)CC1CC(O)C1)C(F)(F)F,-4.832,-4.058,11.99780538265228,3.032211734031778,0.008563618247354063
CCCCn1c(N)c(N(C)Cc2cc(CC)nn2C)c(=O)[nH]c1=O,-6.244,-4.986,4.231135663152387,3.6168043906188787,0.6618280480372126
CNC(=O)C1CCCN1Cc1nc(-c2cc(C)oc2C)no1,-7.88,-5.945,4.5756611544125505,5.188577261639264,0.37626158108423347
NC(N)=NN=Cc1ccc(F)c(Cl)c1,-6.144,-5.097,12.490624243807833,2.9780052048309114,0.006322159336379348
COc1cc(OCc2ccc3c(c2-c2ccc(F)c(F)c2F)CN(CC2CC2)CC3)cc(C(=O)O)c1,-7.947,-6.392,4.500029555458497,2.879877427947239,0.6646038269332023
CCCC(C)NC(=O)Cc1ccc(N(CC)CC)nc1,-6.162,-4.092,4.445807125820911,8.784352964219961,0.04929161451368966
O=C(O)C1CC1C(=O)Nc1ccc(N2CCCCC2)cc1,-5.825,-5.714,4.674538159005657,2.9516383586069623,0.6240603708480882
CCCCCC=CCCCCCCCC(=O)OCCCCC=CCCCCCCCC(=O)NC(CO)C(O)CCCCCCCCCCCCCCCCCC,,,,,0.0
COc1cnc2ccc(C(=O)O)c(C)c2c1OC,-5.668,-5.131,11.661968701724422,9.146908439467403,0.0006222855843520775
CCc1nc(Cl)cc(N2CC(=O)CC(C)C2)n1,-7.367,-5.444,12.554073880617398,3.1182730797670684,0.006002154415231786
COc1cccc(CNCC2(N(C)C)CCC2)n1,-6.365,-4.795,12.480426194645757,3.1050798701482707,0.006292649834211675
O=c1c2ccccc2ncn1-c1ccccc1N1CCCC1,-6.75,-4.79,7.563428653725769,7.475801027314732,0.02243259519923443
Cc1cccc(C(=O)CN2C(=O)CCN(C)C2=O)c1,-6.761,-5.801,12.179814571659128,3.175862402560917,0.0075414600709726885
CC(C)CC(NC(=O)C(CC(=O)O)NC(=O)C(N)Cc1ccc(O)cc1)C(=O)NC(Cc1ccccc1)C(=O)O,-7.369,-5.439,4.499248159415081,3.0685092471752466,0.6546952911577512
CCCCCCCC=CCC=CCC=CCCCCCCCCCCCCCCCCCCCCCCCCC(=O)NC(COC1OC(CO)C(O)C(O)C1O)C(O)C=CCCC=CCCC=CCCCCCCCCCCCCCCCCCCC,,,,,0.0
Cc1ccc(C(=O)N2CCCC(Cc3ncc[nH]3)C2)cc1,-7.63,-5.516,4.308527590720523,5.094155670962559,0.42474437359463196
CC1C(=O)OC(c2cccnc2)C1(O)c1ccccc1Cl,-7.051,-5.464,12.206269331781927,2.881230813385141,0.0076081812458945
CC(C)c1ccc(N(C)CCN(C=O)OC(C)(C)C)cc1,-5.716,-4.804,8.502252583874464,7.37434342840093,0.013369307648838459
Cc1ccc(CCCNC(=S)Nc2ccc(C)cc2Cl)cc1,-7.148,-5.421,4.385308312992372,9.888813073367299,0.02520740621421644
CC(CCc1ccccc1)NC(=O)CSc1nnc(C(C)C)o1,-6.404,-5.616,5.171430556432137,2.9017022590196944,0.5154178556965535
CC(C)Sc1cccc(C(=O)NCCc2ncc[nH]2)c1,-6.774,-5.1,12.499853879145947,2.9665606348092735,0.006291600117853781
COC(=O)C1N=C(C)c2ccccc2S1(=O)=O,-5.94,-5.259,8.131095252178515,2.9950854745733055,0.09578213091039713
Cc1nnc([N+](=O)[O-])n1CC(=O)NN(C)c1ccccc1Cl,-6.355,-4.821,8.800413058487653,12.3807656467603,0.0004927187846245415
NCC#Cc1cccc(CNCc2cnc[nH]2)c1,-7.238,-5.454,12.494369691985266,2.851577808863016,0.006368093942883573
C#CCNC(=O)c1ccc(=O)n(CCC)c1,-6.665,-5.203,12.660489879937506,3.1417835698851055,0.00560335298713834
O=C(Nc1ccccc1)OC1CCC1CCO,-5.889,-4.424,4.366731615293067,6.921751512442497,0.158197417121779
CCOc1ccc2c(c1)nc(N)n2Cc1ccc(C)cc1,-7.149,-4.967,7.352377098598792,8.993351433142152,0.009983306896311557
CC1=CC=CNN1C,-4.445,-3.273,12.815890683054379,3.015503274745362,0.005143179872815646
CC1(C)CC(=O)CC2(CC2)C1,-4.574,-4.597,11.923386976861902,9.407152916796878,0.0004493461916679345
CCOc1ccc2c(c1)CC(=Cc1cnn(-c3cccc(C)c3)c1)C2=O,-7.475,-6.08,7.449789594344259,9.985251974787616,0.005068079561213673
COCc1nc2cccnc2n1C1CCCC1CN,-5.688,-5.28,12.23150559007353,3.0083447275869166,0.0074149511808391895
NN=NC(N)=Nc1cc(Br)ccc1C(=O)O,-5.708,-5.31,12.077324082759393,2.8423696100261133,0.008269590937744454
Cc1csc2c(NC(C)c3ccc(F)c(C(C)C)c3)nc(N)nc12,-7.486,-5.686,5.064382884419383,8.334167324934148,0.05213558597006574
O=C(COC(=O)c1ccccc1NC(=O)C1CC1)NCC1(C2CC2)CC1,-6.22,-4.916,8.87184507303864,12.62014041126326,0.0004058111822105382
CC(=O)OCCOCCOC(C)(C)OCCOCC(C)C,-5.089,-3.803,12.094300723894706,2.8542624266174266,0.00817547322412478
CCCNC(CCC1CC1)c1cnc(OCCC)nc1,-5.753,-4.231,4.403122187720889,3.9171919789563545,0.5980247166467465
COP(=O)(O)C(O)C1CO[P+](O)(O)OC1CO,-5.619,-4.737,6.783862985055049,2.9300242319817085,0.21846325984747259
CCC=CCC=CCC=CCC=CCC=CCC=CCC=CCCCCCCCC(=O)OCC(COC1C(O)C(O)C(O)C(O)C1O)OC(=O)CCCCCC=CCC=CCC=CCC,,,,,0.0
CC12CCC(C)(O)C3(CCCCCC3=O)C1CCC=C2CC=CC(=O)O,-5.548,-3.741,6.790368914867587,8.051959637256013,0.025095079726568506
CN1CCCN(Cc2ccc(NN)nc2)CC1,-4.485,-3.353,5.036905895487824,3.096150028664632,0.5370030883913819
CC1(Cl)C(Nc2ccc(Cl)cc2)OC(CO)C1O,-6.507,-5.071,12.62941099180797,2.941820694739909,0.0058136098091108035
CCCCCN(C)c1ccncc1C(=O)OC,-5.596,-3.507,8.069688593743873,3.1072357490219495,0.09851213740339253
C=CC(=O)[N+]1(c2ccc(Cl)c(C)c2)CCCC1CCc1c(-c2ccc(Cl)cc2)nc2nc(-c3ccccc3Cl)oc2c1C,-7.097,-5.766,4.215722595237974,6.308713498012095,0.2355999163656385
C=CC1(O)CCC2C(=CCC3CC(O)CCC32C)C2CC(O)C3=CC(C)OC(C3)C21C,-5.137,-3.686,4.333914627677845,7.517624691350321,0.11138655660783194
CNc1ncccc1C(=O)N(C)c1ccccc1,-6.437,-5.225,12.270783756549537,2.9138326993840944,0.00728984841003896
COc1ccccc1NS(=O)(=O)c1ccc(F)c(C(=O)Nc2cccc(Cl)c2)c1,-7.62,-6.498,4.59766690833514,3.2417689615393623,0.6235743115455272
CCOC(=O)c1ccccc1NC(=O)C=Cc1ccc(-c2ccc(C)cc2[N+](=O)[O-])o1,-7.743,-5.632,7.53016792641439,10.799484478436922,0.002901810910805665
CCC(C)NC(=O)C(Cc1ccccc1)N(Cc1cccc(Cl)c1)C(=O)CN(c1ccc(OC)c(Cl)c1)S(C)(=O)=O,-5.864,-4.8,4.104803649384462,5.5585079832631346,0.36139241836871866
C1=CC2(OCCO2)C2CC1Cc1ccccc12,-6.444,-5.13,12.933347478514602,3.471286360990692,0.004548859583054162
CCCNC(=O)Cn1nc2c(c(C)c1=O)CNC2,-6.211,-5.107,12.463219648228945,2.8053110344487653,0.006513994690054033
Cc1nc(Nc2cccc3ccccc23)nc(N2CCN(Cc3ccccc3)CC2)n1,-8.041,-6.521,4.901361545529976,3.4170001463271857,0.5474756868878462
COc1ccccc1CNC(=O)c1cc(N2CCN(c3ccc(Cl)cc3)CC2)nc(C)n1,-7.938,-6.002,4.502097844338793,9.832287628014145,0.025209204139857576
CCc1ccc(OCC(=O)NC(=S)Nc2ccc(-c3nc4ccc(Cl)cc4s3)cc2)cc1,-7.854,-5.956,5.017062686473032,3.1826444978979342,0.5369092759102233
COCC(CCN)NC(=O)Nc1ccc(-n2nc(C)cc2C)cc1,-6.169,-4.943,6.866991845051223,3.216429231306045,0.20265755935905252
Cc1[nH]ncc1NCc1cc([N+](=O)[O-])ccc1O,-7.167,-5.653,12.608213949644096,3.0567423836496266,0.005835157359981858
CCC(CO)(CO)NC(=O)Cc1cn2cccnc2n1,-6.152,-4.996,5.247286251006324,3.0903703661535453,0.49066852123923443
CC1CC(C#N)N(S(=O)(=O)c2ccc3c(c2)OCC3)C1,-6.659,-5.111,6.882285230938923,3.0468229354526004,0.20411302426172453
NCCC1CN(Cc2ccc(F)cc2)c2ccccc21,-6.574,-5.459,4.515484691591812,3.2201122651236864,0.6418516162707782
Cc1nnc(Cn2c(=O)c3ccccc3n(CC(=O)NCc3ccccc3Cl)c2=O)o1,-7.246,-6.732,12.37715726651318,2.992196684711752,0.006778892444936007
CCN(CC)C(C)CNc1cc([N+](=O)[O-])ccc1C,-6.05,-4.08,11.890785255818894,9.015395110587223,0.0005854222778258857
Cc1cccc(C)c1NC(=O)CNc1ccc(NC(=O)C2CCCCC2)cc1,-8.197,-6.035,3.795860640223769,3.5960451888150686,0.7309334063236393
O=C(CCN1CCN(Cc2cccc(Cl)c2)CC1)N1CCCCCC1,-5.245,-3.995,5.240168127073787,3.6099698059679124,0.46223564168846343
COc1ccc(C(=O)NC=Cc2ccccn2)c(OC)c1,-6.018,-4.906,4.706738679807921,3.18231802307689,0.6044642862389502
CCN(C(=O)COC(=O)c1ccccc1N)c1ccc(C)cc1,-6.469,-5.047,12.151566318791993,2.9675843711679035,0.007820908191094576
CC1(C)OCCC12CN(Cc1cccn1-c1cccnc1)CCO2,-7.236,-4.892,7.722209204625319,8.273200771164689,0.012457739128362021
Cc1oc(Br)cc1CN(CCC(=O)O)C1CC1,-5.713,-4.009,12.104350540198347,9.332106782500938,0.00042052263407103184
Cn1ccnc1CCCNC(=O)c1ccc(I)cc1,-6.367,-4.862,3.503019554612848,9.947883242177705,0.02925035432829905
CC(=O)N(Cc1ccccc1)C(Cc1c[nH]c2ccccc12)C(N)=O,-6.121,-4.523,11.596557290851454,8.637780907154337,0.0008899373037773374
CC(C)CCC(c1ccccc1)N1CCN(C(=O)c2nn[nH]n2)CC1,-6.457,-5.169,5.559061971232197,3.089349607927209,0.42357596589298663
CCn1nccc1CNCc1nc2cc(C)ccc2n1C,-6.747,-4.953,4.564598668010146,4.310853047831716,0.5178244739754345
COc1cc([N+](=O)[O-])ccc1NN=CC(C)=Cc1ccccc1,-6.673,-5.439,8.440856532366842,8.853465027885976,0.005573531235283288
CC1C=CC(C(C)C)C(C2=Cc3ccccc3C2)C1,-7.343,-5.683,7.435550080525314,7.721730958794149,0.02086420595396343
COC(C)CNCC1CC1c1ccccc1C(F)(F)F,-5.832,-4.393,12.680966406390327,3.1993650932646,0.005500429138950382
CCNC1CCCC1(C)n1cc2c(n1)CCSC2,-5.824,-4.143,8.971927329175154,13.254116341725691,0.00025655939978638803
CC(C)n1c2c(c(C#N)c1C(F)(F)F)C(=Cc1sc3ccccc3[n+]1C)CCC2,-6.819,-5.891,7.121393262557545,6.912723703432678,0.04122252516625599
Cc1cccc(CC=N[S+]([O-])C(C)(C)C)c1,-6.262,-4.709,4.499105911178353,5.815682247165848,0.28454364089866774
Cc1ccc2c(CC(=O)OCC(=O)Nc3cc(C)c(Cl)cc3Br)coc2c1,-7.565,-6.089,8.306560900878294,12.028281257104025,0.0008345737060878204
Nc1cc(S(=O)(=O)Nc2ccc(OC(F)F)cc2)ccc1F,-7.162,-5.286,4.4515037908554,4.163810754585275,0.5575964608517501
Oc1ccc(C=NNC2CCCCC2)c(O)c1,-6.561,-5.458,12.619403868646094,2.806635174011756,0.005907679310764947
CCCNC(c1ccc(Cl)cc1Cl)c1ccc(C)cc1Br,-6.194,-4.62,7.346273681261813,7.750197029753501,0.021647338722158165
CS(=O)(=O)CCNCc1ccncc1,-5.587,-4.031,12.888344113965921,3.011667146282936,0.00491707079413607
COC1(OC)CC(NCc2ccc(-n3nc(C)cc3C)cc2)C1,-6.369,-4.708,4.363516471837822,2.9908737853677474,0.6863811050066294
CC=C1C2CCC1C(OCC)C2CC(=O)OCC,-6.112,-4.597,12.525409893492508,3.048852243058034,0.006149346011918481
CCCC1CCN(CC(=O)NC23CC(NC(=O)C4CCCO4)(C2)C3)CC1,-6.711,-5.123,4.991068923587411,3.0783848037566712,0.5480676690485051
Cc1ccc(-c2cn3c(NCCCN4CCCC4)c(-c4ccncc4)nc3s2)c(C)c1,-7.019,-5.822,4.575236933755453,4.51316873161197,0.48609875560016264
O=P(O)(O)C(CC1CC1)P(=O)(O)O,-4.662,-4.762,7.635186245272606,2.9566932542960886,0.1304002535024105
CC(C)c1ccc2ccc(C3(N)CC3)cc2n1,-6.877,-5.257,12.259275549558383,3.1525519821249577,0.007192684960806064
Cc1cccc(C(N)=S)c1NC1CCS(=O)(=O)CC1,-5.539,-4.656,7.667302719992214,7.712534926987365,0.01821001315652226
CC(C)NC(=O)CC#N,-4.509,-3.58,11.927099815126894,3.188139582891565,0.00882078719513872
CNCc1ccc(OCC(O)CN(C)C)cc1,-5.204,-4.307,12.39447756059125,2.8868484546300666,0.006761127378316621
CCCN(CCC)C(=O)CN1CC(CC(=O)O)C(c2ccc(F)cc2)C1,-6.66,-5.337,3.6446049168599877,3.6493685755209757,0.7438856438892554
O=C(O)C=CCCC(=O)NCCCCCC(=O)O,-5.617,-4.425,12.723804226724019,2.907938960844949,0.005494801223037284
Cc1[nH]cnc1C(=O)Nc1ccc(CC(=O)O)cc1,-6.453,-4.964,4.458594173055,2.823698638311108,0.6758297039900004
Cc1noc(C)c1CC(=O)N1CCC(C)(O)C1,-6.563,-5.565,12.2465189339665,2.7074190661957003,0.007505248062591916
CC1=C(CSCCO)N2C(=O)C(NC(=O)C(=NO)c3csc(N)n3)C2SC1,-6.068,-5.46,3.681837720486876,2.89476855724253,0.805188719285761
Cc1cnn(CC2CCCN2C(=O)c2ccc(C#N)cc2)c1,-7.358,-4.586,3.2232123727734727,9.828292120200743,0.03261083443069945
CCCCCCCCOc1ccc(C(C)=O)cc1-c1ccc(S(C)(=O)=O)cc1,-5.964,-4.58,4.1929657761541534,3.2183620057414304,0.703593822893361
Cc1cc(F)c(NCc2ccc(C#N)s2)c(F)c1,-6.529,-5.027,12.41719026189097,3.163240427156937,0.0065098849676328225
C=CCOc1ccccc1C(O)=C1C(=O)C(=O)N(CCCN(C)C)C1c1ccc(OCC)c(OC)c1,-6.547,-5.115,3.445642755713366,5.799507392873984,0.3603386222593265
CCC(C)NC(=O)CN1CCN(C(=O)C2CC(=O)N(c3cc(C)ccc3C)C2)CC1,-7.503,-5.414,4.574759884409236,3.167147770471091,0.6331591686084436
CC1(C)COB(c2cnccc2C(N)=CC(=N)c2ccccc2)OC1(C)C,,,,,0.0
O=C(CN1CCC(Nc2ncccc2C(F)(F)F)C1)OC1COC2CCOC21,-7.249,-5.324,6.682564777089705,2.8887793269822466,0.23261245701491126
C=CCN(CS)N=O,-3.344,-3.254,10.96657394084406,8.523271496321115,0.001416495473265747
O=C(C=Cc1ccncc1)CCCOCc1nn[nH]n1,-6.294,-4.95,12.2618589944592,3.0107723261648327,0.007274134646721053
Cc1cc(C(=O)O)cc(CN)n1,-5.704,-4.471,6.411710068304711,2.9555447890363635,0.27079293326037446
O=S(=O)(Cc1ccc(O)cc1)c1cn[nH]c1,-5.791,-4.77,12.291199005792723,2.8902224827857115,0.00721012984491228
CC1CC1C(=O)c1c(C2CC2)oc2[nH]c(=O)[nH]c(=O)c12,-6.357,-5.724,12.590375927667928,2.893539873580456,0.005979073525370378
CCC(C)C(N)=C(C=N)C(=O)Nc1ccccn1,-5.908,-5.043,12.65989960465722,2.9983643874619377,0.0056779923653343415
COc1ccc(Cl)cc1N=NCCN(C)C,-5.041,-4.017,12.374173467347223,2.9891684462405257,0.0067932375017309725
CC1CC(C)CN(C(=O)C2CCCC2N)C1,-6.725,-4.615,6.084821607902733,3.01859205590951,0.32367477254648047
CC(C)N1CCC(=Cc2c(-c3ccn[nH]3)ncn2C)CC1,-6.55,-5.341,12.873072826640888,2.921169286433089,0.0050003647688722005
O=C(O)c1ccc2cnc3c4ccccc4ccc3c2c1,-8.121,-6.299,7.245515371593659,8.119504726274874,0.01832596843027097
CN(C)P(N)(=O)N(C)Cc1ccc(ON)cc1,-6.414,-4.76,12.142245138358886,3.2035508424246997,0.007698907726131612
CCOCCNc1nc(-c2ncccn2)nc(C)c1C(C)=O,-6.119,-4.638,7.370384928889398,2.912471974114086,0.15381118606348465
O=C(O)c1cn(C2CCC2)nn1,-5.183,-4.654,12.362343709831077,2.587487970986532,0.0070283677940283
COc1ccc(C(C)NC(C)C)cc1,-5.544,-4.293,9.778502748376154,9.045149750004143,0.002150262748693667
CC(C)(C)C(=O)N1CC(=O)COC1(C)C,-5.282,-4.031,11.606280282674549,8.624215384601664,0.0008920348680782832
C1CCC(Nc2nn3c(C4CC4)nnc3s2)C1,-7.1,-4.807,4.563725013626478,9.845416293890269,0.024516824279351045
CC(N)c1nnc(-c2cn[nH]c2)o1,-6.129,-5.084,12.901138903213159,2.9108373365751645,0.004917269887824447
CCC1CCCCN1C(=O)C1=C(Nc2cc(C)[nH]n2)NC(C)=C(C(=O)O)C1,-7.516,-5.667,5.022801210480064,4.10842159472467,0.4606066674819872
Cc1ccc(C(=O)NC2C3CCCC2CC(N)C3)s1,-6.792,-4.695,11.61345555810156,9.122285404436765,0.0006513573560668806
NC(=S)c1ccc(CNC(=O)Cn2c(=O)oc3ccccc32)cc1,-7.295,-4.822,4.930655635916993,3.483620099838672,0.5364652977537696
CN(CCc1ccncc1)S(=O)(=O)c1cc(F)ccc1F,-7.281,-4.75,7.131768714701844,7.374967932133671,0.031006252719471633
Cc1cc(C(=O)Nc2ccc(Oc3cccnc3)nc2)c2ccccc2n1,-8.207,-5.768,5.563391231973534,2.8622524347094194,0.4305301111731068
Cc1nn(Cc2ccccc2)cc1C(=O)NCC1CC1,-6.779,-4.882,3.990016541319095,10.419222907683663,0.02000038233476809
Cc1ccc(N(C)C(=S)SSc2nccn2C)c(C)c1,-5.813,-4.402,4.460377114101452,5.7738252484812875,0.2943204161364394
Cc1oc(Cl)cc1C(=O)OC(C)C(=O)N1CCCC1,-6.767,-4.776,4.693050393933566,3.983287210332693,0.53726392053298
Cc1nn(Cc2cccc(Cl)c2Cl)c(Cl)c1C(=O)O,-6.729,-5.392,12.159059955440634,2.8950658023609757,0.007828028183134206
C=CCC1(C(=O)OC(C)(C)C)CO1,-4.761,-0.9716,12.97996829734187,3.054041584523694,0.004626498872962723
COc1ccc(CN2C(=O)c3ccccc3C2=O)cc1,-7.333,-5.391,4.38198048831804,3.871913480438321,0.6071847805293719
CSCCC(=O)Nc1cnn(Cc2ccc(-c3nc(C(F)(F)F)cs3)cc2)c1,-6.807,-5.318,3.336224962438834,3.0717963799705217,0.8332218673239746
CCCN(C(=O)c1ccc(Br)cc1Cl)C(C)C,-5.478,-4.097,12.020599069929919,3.135395509341684,0.00836360836996268
CCC(O)CC(O)CC,-4.447,-3.642,7.579133261791878,3.0060886547139622,0.13441234413971362
CC(C)=CCCC(C)=CCOc1c(C(N)=O)c2ccccc2n1C,-7.502,-3.772,6.984972440890515,7.204088353150592,0.03756058961667334
CC1CC1NCC(=O)N1CCC1,-5.093,-4.322,12.673864840686917,2.988200796465994,0.005633372339230416
CN(C)C(=O)CN1CCN(CC(C)(C)C)C1=O,-5.169,-4.183,7.178421692823569,3.259672836344162,0.16737961113109304
CN1CC2(CCN(C(=O)c3ccoc3)CC2)Nc2cnccc21,-6.977,-4.994,4.704385507162439,3.1423795124077545,0.6073588505112438
O=CON1C[N+](=O)c2ccccc2C1=O,-5.373,-5.222,11.816478832545675,2.8602922927561094,0.009721433654396773
CNC(C)c1onc(CCOC)c1Cl,-5.068,-4.797,12.345647573132808,2.8748365170910164,0.0069767484680460495
COc1cc(Nc2noc3nc(C)c(C(N)=O)cc23)ccc1C,-8.045,-5.477,7.288512331059061,2.8198058443800704,0.16273146843693423
CC(C)CC1CN(C(=O)c2cccc(Cl)c2Cl)C1,-6.208,-4.422,10.317902645402311,8.96247627611923,0.001616535094483967
CCCCOCCN1C=C(C)SC1N,-5.412,-4.242,12.713606333373706,2.8890790920291542,0.005537696875193122
CC(C)NC(=O)CSc1nnc(-c2ccccc2Cl)o1,-6.867,-5.304,4.600785802447229,3.8049379758413946,0.5745358650885818
COc1cc(F)ccc1N1C(=O)C(=O)C(=C(O)c2ccc(Cl)cc2)C1c1ccccc1Cl,-7.053,-5.892,6.543748161413304,3.17854054559636,0.24599223953852836
Cc1ccc(S(=O)(=O)NC2=CCCCC2)cc1NC(=O)C(C)N(C)Cc1ccccc1Br,-7.347,-6.76,4.935350139554436,2.9587042772132537,0.5661552887318495
CC(C)(C)OC(=O)CCCCNC(=O)OCc1ccccc1,-5.754,-4.334,4.586533876469246,3.616950925849009,0.5959856128097824
COC(=O)c1ccc(Cl)c(NC(=O)Nc2ccc(C)cn2)c1,-7.122,-5.312,4.446690229822626,4.284406376617419,0.5412262916280014
CC1CCC(NC(=O)c2ccccc2-n2ccnc2)C1,-6.433,-5.42,12.289457636527334,3.2567354820433296,0.00698268226909674
Nc1c(N2CCOCC2)nc[nH]c1=O,-5.375,-4.847,12.447676449843962,2.961264257036173,0.006502898524940465
O=C1NC(=O)C2(CN(CC3CC3)c3ccccc32)N1,-6.575,-4.917,7.989634409658555,6.701845566707725,0.027476466973374775
COC(=O)COC(=O)CNC(CC(=O)c1ccccc1)c1ccccc1,-6.174,-5.484,3.442636925381472,4.594731112916184,0.6094168396694976
Cc1cc(N2CCOCC2)cc(C)c1C(=O)NCC(CO)c1ccccc1,-7.416,-5.502,3.6004762185022137,3.098358759085203,0.8020307137132151
COc1ccccc1CC(C)(O)Cc1nccs1,-5.573,-4.883,12.744253528551603,2.969087738683383,0.005399297387030299
NC(=O)C(Cc1ccccc1)NS(=O)(=O)c1ccc(Cl)c(C(F)(F)F)c1,-8.558,-4.866,5.438791777591784,2.8041537047744014,0.45924359886353994
CCCC1(NS(=O)(=O)c2ccccc2Cl)CC1,-5.633,-4.558,12.745184894696507,3.19183348563173,0.005288114872864333
Fc1ccc(Cl)c(NCC2CCCC2)c1Cl,-5.991,-4.887,12.664831384586215,3.1559508868168407,0.005580460079694182
CCN(C)Cc1ccccc1NC(=O)CN1CCCCC1=O,-5.999,-4.857,4.41823822354567,5.520051177298994,0.3387786638666529
CCOc1cccc2c1C(COC)CCC2=O,-5.739,-4.544,12.53504180288203,2.9208938700336233,0.006176759400066742
O=C(CC12CC3CC(CC(C3)C1)C2)NCCc1ccco1,-7.352,-5.207,8.463668885300276,8.909093500463445,0.005308182193380579
N#CC(C#N)C(N)c1ccccc1OF,-5.903,-4.734,12.76216705736138,3.02319582561236,0.005315329188988687
N#CC1CCN(CCCCN2CCOCC2=O)CC1,-5.862,-5.243,12.373343525498676,2.833607065208583,0.006877081457165066
CNC(Cc1ccn(C(C)C)n1)C(C)C1CC1,-5.747,-4.723,12.64449888291347,3.0123484194229593,0.005726210228779626
CCCC1NC(=O)NC(C)=C1c1ccc(C)cc1,-6.533,-4.871,12.736522327542946,3.0003948073545255,0.005411582637643493
Cc1ccccc1OCC(=O)N(Cc1ccc(F)cc1)C(C)C(=O)NC1CCCC1,-6.436,-5.863,4.284077263542291,3.8671150745743263,0.6246459935157327
OCC(Cl)Sc1ccccc1,-4.692,-4.023,13.35943823669244,2.769812448524268,0.003729099750550914
O=S(=O)(Nc1ccc(Cl)c(F)c1)N1CCCC1CO,-6.852,-5.091,4.671974850103541,3.0529536517936195,0.619362312648008
COc1ccccc1NC(=O)CSc1nnc(C2CC2)n1C1CC1,-6.896,-5.317,4.472635129316943,3.5441011554412474,0.6247954773207345
COc1cccc(C=NNc2nc3ccccc3[nH]2)c1O,-6.457,-5.553,4.2637816548223935,3.624418712014383,0.6553776751613903
Cc1ccc(NC(=O)NC2CC3CCC2C3)cc1OCC(N)=O,-6.857,-5.507,7.728036296498612,3.405568968615964,0.11769031454991458
Cc1ccc(NC2(CN(C)C)CCCC2)nn1,-5.544,-4.193,7.106509902898891,3.4903559990350566,0.1698963748537064
CCOCCCNc1ccc(O)c([N+](=O)[O-])c1,-5.69,-4.323,8.855053980637273,8.657028474020402,0.004868500669292738
O=C(CCc1ncc[nH]1)NCC1CCN(c2ccc(Br)cc2)C1,-6.8,-5.103,11.964510395331686,2.7682214506791176,0.008917919228752113
NC(CC1CCCCC1)C(=O)NCc1ccccc1,-6.921,-5.282,12.710670714010336,3.0177180120084124,0.005491736358020834
CCC(CC)C(=O)CC(C)NC(=O)c1cccc(NC(=O)C2CCCCC2)c1,-7.202,-5.116,3.72516321790066,7.304440635668142,0.14536916227198482
CCC=CCC(O)C=CC=CCC(O)CCCCCCCC(=O)OC,-5.849,-4.109,3.682461812429288,4.162661288166502,0.6663812516973383
CN(Cc1ccccc1N)C(=O)c1ccco1,-5.816,-5.031,12.204313868464707,2.7243401035847197,0.007697936806051097
Cc1ncc(C#Cc2ccnc(C#CC3CCN(C4COC4)C3)n2)cn1,-7.696,-5.961,7.497529593139329,9.243253810212073,0.007820736053483698
CCCCC(=O)Nc1cc(C(C)C)nn1-c1ccc(F)cc1,-6.944,-5.233,12.03669526905122,3.074574116849357,0.008326882897739658
CC1CCCN(CCC(N)c2c(Cl)cccc2Cl)C1,-6.032,-4.656,12.68684956953459,3.2723132490640316,0.005437732128503106
Cc1ccc(NC(=O)c2ccc(-n3cccn3)nc2)cc1C,-6.913,-5.896,6.806885190746204,3.078616734834008,0.21284920123011053
Cc1nnc(N)n1CCCCCC(=O)O,-5.919,-3.898,7.7764923969614985,2.9081358290148698,0.12001544339994973
CCOC(=O)NC(=O)C(C)OC(=O)CCSc1ccc(F)cc1,-6.035,-5.329,5.169980754316209,2.941688970642546,0.5141727704123583
COC(=O)c1sc(NC(=O)c2ccc(CN3CCc4ccccc43)o2)nc1C,-7.305,-5.851,4.78524241810172,3.100083385975287,0.5923038412460512
CCNCC(C)C=C(C)CC,-4.987,-3.622,12.660802344243432,3.064785963162844,0.005642465091193688
CCC(C)(CC)Nc1nccc(C)c1S(N)(=O)=O,-5.266,-4.924,12.062321584172759,2.8965902368129313,0.00831494594218405
CCCCC(C)(C)S(=O)(=O)OCC(CO)OCn1cccc1,-5.668,-5.032,11.78646647642965,2.71753528035976,0.009999145727526557
CCOc1ccc(Cc2cc(C3OC(C)C(O)C(O)C3O)ccc2Cl)cc1,-6.874,-5.512,5.806992336829798,3.0238984771317967,0.37554550091795047
CCCCN(CC)CCNCC1CN(c2ccnc3cccnc23)CC1C,-6.118,-5.539,12.362448018090914,3.1437483996019777,0.006749326377780371
CCCCCCCC=CCC=CCCCCCCCCCCCCCCC(=O)OCC(CO)OC(=O)CCCCCCCCCCCC=CCC=CCCCCCCC,,,,,0.0
NCCc1ccc(C(=O)Nc2cnc3ccccc3c2)o1,-7.281,-5.722,4.575420964239246,3.0901470838780476,0.637689943804237
O=C(CCCC(=O)N(O)O)NN=CCc1ccco1,-7.027,-4.818,12.051172100671371,2.697422473399375,0.008484856928008213
COc1ccc(CNC(C)CCCC(=O)O)c(OC)c1,-5.89,-4.793,4.675263415038772,2.9735598194756405,0.6228131851667319
CCC(C)C(NC(C)C(=O)Nc1ccc(C#N)cc1)C(=O)OC,-6.2,-5.369,12.433418677097624,3.0499811474827188,0.006512599028715505
Fc1cc(-c2c(F)cc(CBr)cc2F)ccc1Br,-6.634,-4.713,7.033355173741762,9.27583025933528,0.01015127367519903
CCOc1ccc(C2NC(=O)NC3=C2C(=O)NC(c2ccc(OC)cc2)C3)cc1,-7.527,-5.695,7.230157467164874,8.012768997044654,0.01975801878605603
FC(F)(F)c1nc(-c2ccc(OCc3cscn3)cc2)no1,-6.815,-5.175,5.331031232322693,3.0336334650052894,0.47470253519238237
N#CCSc1nnc(-c2ccc(Cl)cc2)n1-c1ccccc1,-6.607,-5.549,4.206449096328161,5.032611846745187,0.44779136557749405
NCC1(CC=CC(N)=O)CCC1,-5.481,-4.722,11.635837829739636,2.9685349922141735,0.01079435077989052
CCC(C)N(C)c1c(CO)c(C)nn1C,-4.8,-3.667,7.496616903643937,7.60595667881431,0.021580278021328718
CCCC(=O)N(Cc1ccccc1)C(CC)C(=O)NCC,-5.581,-4.452,3.8218096498910032,8.854130166199274,0.054926347527945125
Cc1cc(NC(=O)c2ccc(C(F)(F)F)cc2)ccc1NCc1ccco1,-7.206,-6.061,4.581321425091237,3.4524904054899292,0.6113199418213773
NC(=O)N1CCC(CNC2CC2)CC1,-5.479,-4.306,13.008073685215654,2.9965299931754394,0.004568329005596158
CC(=O)NCCNC(=O)c1ccc([N+](=O)[O-])cc1OCC1CCC1,-6.199,-4.958,3.3846426694704426,3.0305804724507817,0.8313491671182108
CCOc1ccccc1C1Nc2ccccc2NC2C(=O)c3c([nH]c(=O)[nH]c3=O)SC21,-6.234,-4.17,5.124420747752861,4.627676955017496,0.38025422163445044
Cc1c(O)cccc1S,-4.2,-3.52,12.072164387548739,9.327678114086057,0.0004302534467444922
Cc1ccc(N2C(=O)CNC2c2ccc(F)cc2)cc1Cl,-8.166,-4.968,7.275484451223849,7.695596208221947,0.02336815462466639
CCc1ccc(=O)n(CCCCN2CCN(c3ccccc3Cl)CC2)n1,-7.044,-5.457,4.699416346739242,3.4858257271412745,0.5846336491008346
CC1CC1NC1CCC(C)(C)C1,-5.145,-4.365,12.796614005274987,3.1012141170838237,0.005166168797286018
CC(CC(C)(C)C(F)(F)F)NC(=O)C1(N)CC1,-5.489,-5.303,12.560038694207913,2.9058055681686623,0.006087954342771856
C1=NCCN1N=Cc1ccc(-c2ccccc2)o1,-6.47,-5.069,4.651326047483663,3.1205225523940707,0.6199429425549847
COC(=O)c1cccc(Br)c1N,-4.886,-4.318,12.228154235206555,3.0532325492828085,0.007401894637863944
Cc1nonc1CN1CCc2ccnn2CC1=O,-4.259,-3.767,12.619374390198589,2.834726265444337,0.005896474202282866
Nc1ccnc(C(N)C(O)C[N+](=O)[O-])c1,-5.267,-4.725,12.30020963235993,2.919173170608418,0.007154113523989756
CNc1ccc(C(=O)OC)cc1N(C)C,-5.441,-4.542,12.866560729270274,3.03436665549831,0.004974840102184688
O=C(CN1CCN(CC2CC2)CC1)c1cccc(Br)c1,-6.539,-5.132,4.493669102192549,3.614579505281356,0.6142072676730315
CCOCC(=O)N(CC)CCOC,-4.325,-3.372,12.085520510098023,3.1038431017047237,0.008055043751127365
CCCc1[nH]nc(C(=O)OC)c1N,-4.724,-4.373,12.949518755536825,3.0005901086286344,0.0047370118760820465
N#Cc1ccc(=O)n(CC(=O)Nc2ccc3c(c2)OCCCO3)c1,-5.656,-4.108,7.284541577889442,5.997228276462385,0.06311256168746043
CCOc1ncccc1CNC(=O)c1c(CC)oc2ccccc12,-6.734,-5.62,12.59503493444937,3.165487798112638,0.005823790128703823
O=C(OCc1nc2ccccc2o1)C1COc2ccccc2O1,-7.415,-5.935,4.308262294707694,3.4593343290292142,0.6632174777662274
CC1=CCC(C)CN1,-4.887,-3.512,11.76764109751823,8.981100712050836,0.0006459016445421054
CC#CC1(C)CC1CC(CC=C=CC)C(C)=O,-5.823,-4.123,12.347232037991349,2.925583360630834,0.006943532875747499
COc1ccc(CN(C)C2(C(=O)O)CCC2)cc1F,-6.856,-4.782,7.974554846510241,2.8024965655643546,0.1070316973433514
Cc1oc(-c2ccc(F)c(Cl)c2F)cc1C(=O)O,-7.093,-5.064,6.265289219182144,2.937429828949111,0.29469056904336327
Cc1ccc2c(=O)cc[nH]c2c1,-5.491,-4.708,12.57266674178553,3.148498213434462,0.0059156459946201586
CCC(N)c1nnc(-c2cccc([N+](=O)[O-])c2)o1,-7.17,-5.96,12.244023440029833,3.0449259432702136,0.007334184513434046
NCc1ccc(OO)cc1,-4.962,-4.302,11.065111748193058,8.400777166429306,0.0014371168303554545
N#Cc1ccsc1CCCC1C(O)CC(=O)C1CC=CCCCC(=O)O,-6.789,-4.447,5.384921633598766,3.058174782447858,0.4619473317767639
CCCC(C)COc1cc(Cl)nc(C(F)(F)F)c1,-6.596,-4.765,12.764324423956012,3.1799473266077847,0.00523153265775563
COCCCOc1cccc(C=C2SC(=O)N(CCOC)C2=O)c1,-5.856,-4.365,5.0106213187587825,2.870393875411527,0.5529552816887793
CC(C)=CC=CC(=O)OC1(C)CC(O)C(C)CO1,-7.129,-4.482,12.562553402871567,3.0382274437572976,0.00601380402433158
CC(N)Cc1cn(CCOc2cccc(Cl)c2)cn1,-6.307,-4.928,4.95102686318707,3.237927423522646,0.5482752959743645
CCNC(=NCc1c(CC)noc1CC)NC1CCOC12CCCCC(C)C2,-4.584,-3.548,3.870523091262988,10.370596607717417,0.021130316109539804
CC(=O)Cc1c(Br)c(C)nn1CCO,-5.207,-4.794,12.262682169900678,2.8259348895542518,0.007373427134445378
CC(N)(C(=O)NCC1CCCS1)C1CC1,-5.449,-4.331,12.619905744497462,2.842853847808571,0.005891181711366781
CCC1CNCC1(CC)CC,-4.518,-4.092,11.53345368916007,8.946950933139176,0.0007637637236760454
Clc1cc(NC2CCN(Cc3ccccc3)CC2)nc(C2CC2)n1,-7.483,-5.65,4.756390858623794,6.697736184711966,0.15917643417281216
CC1C(CO)CCCC1NCC(=O)NCCCn1cccn1,-6.412,-4.608,8.46771456769771,8.636056391663963,0.006274971378975645
CC1Cc2ccc(N3CC(C(=O)O)CC3=O)cc2O1,-7.115,-5.155,4.726750363621924,3.0028841136480775,0.6101716247644299
C#CC=CCCCC=CC,-4.956,-3.302,12.981696345239323,3.355369577259709,0.004479366989441229
CCC(Cc1ccc2nonc2c1)C(F)(F)F,-6.356,-5.48,12.247945337892393,3.0388428718839675,0.007320100860011638
COc1ccccc1CN(C)Cc1cccc(Cl)c1Cl,-6.449,-4.619,4.248228336612805,8.849849772736258,0.050042288298965176
NC1CC(Nc2ccccc2S(=O)(=O)N2CCOCC2)C1,-6.527,-5.134,12.278430925814586,2.810067792776537,0.0073090970617050695
COc1ccc(CC(N)C(C)=O)cc1,-5.682,-4.922,11.94097441585066,2.9269745472074065,0.008949492774404516
CC(CS(=O)(=O)N(C)CC1CCOCC1)C(=O)O,-6.013,-5.051,4.663871889321145,2.992949381463041,0.6242806315183865
O=C(O)C1CN(CCc2ccccc2)N(C(=O)c2ccccc2)C1,-6.532,-4.735,5.522194219692023,3.0277357876802924,0.43367612066352723
CC1CCN(C)C(c2ccc(C=O)s2)C1,-5.778,-4.01,7.410301140979359,9.30953301728932,0.007914145359195124
CC[N+]1=C2[C-]=CC=C2C(C)=C1C,-5.42,-4.17,12.545038700617866,3.3954359072142717,0.005855917468701104
O=S(=O)(NCC1(C2CC2)CC1)c1cccc(CO)c1,-6.673,-5.084,8.449188955160134,8.742627236706365,0.005940608965041701
CCC(=CC=CN)C(N)=NOCC1CCCN1,-6.117,-5.713,12.551610812959426,2.8474685248479923,0.006146086995457788
CCCCN(CC)C(=O)c1cc(N)cc(Cl)c1,-5.893,-4.216,12.58178341889575,3.2984566087793237,0.005789751327581069
NC1(S(=O)(=O)c2ccccc2S(N)(=O)=O)CN=CN1,-5.935,-5.283,12.310148699345593,3.0267436297116412,0.007048332714568482
c1cnc(C23CC4CC(CC(C4)C2)C3)cn1,-6.03,-5.142,12.71293125128898,3.1490274689179834,0.005418869149796098
CC(C)(C)OC(=O)Nc1ccc(COc2ccc(CN3CCNCC3)cc2F)c(I)c1,-7.146,-5.682,6.932520537293777,9.415270893606833,0.009884477068669338
Cc1nccn1CCOCCCC(C)(C(=O)O)C(C)C,-6.213,-4.554,4.193174215317079,2.9289153282401323,0.7221797937263811
CCOc1cc(-c2ccc(C=C3NC(=O)N(C)C3=O)o2)ccc1OC,-7.58,-5.426,4.8266043964675625,2.9965314949120763,0.5885856771103853
O=c1c2c(NN=Cc3ccc([N+](=O)[O-])s3)nc(-c3ccccc3)nc2nc2ccccn12,-8.345,-7.085,5.04406681161144,3.1713892854709584,0.5315621430637295
c1n[nH]c2c1CCC2,-4.685,-3.792,12.242011640249327,3.0880657376422547,0.007315181671499289
COc1ccc(Br)cc1C(=O)N1CCCC1c1nccn1C,-6.558,-5.727,12.162672485930056,3.054350994892369,0.007710329118494079
Cc1c(Cl)ncnc1NCc1ccc2c(c1)OCO2,-7.31,-5.683,12.994138447777136,3.215119437905846,0.0045152801934850864
CC(C)(C)OC(=O)n1c2ccccc2c2c(Cl)cc(Cl)cc21,-6.969,-5.152,12.77953375518841,2.720441508285006,0.00537465852047445
Cc1onc(C(C)C)c1CNC1C=CC(CO)C1,-7.08,-5.202,12.496175454914196,3.0295948574025537,0.006273196733965096
Cc1cc(C)c(C(=O)CCN2CCCCC2C)c(C)c1,-6.5,-5.197,12.69820089618998,3.147797483956044,0.005469641646528946
CN(C(=O)c1ccc2c(c1)C=CC(C)(C)O2)c1cccnc1,-7.365,-5.846,8.496781155237553,9.11714615436212,0.0045682231436366336
CC(C)(C)C(=O)Nc1ccc(CSc2c(Cl)cccc2Cl)cn1,-5.957,-5.099,5.208344650654371,4.031534447328958,0.433129186834749
NC(CCC(=O)NCC[P+]1(O)CCN([N+](=O)[O-])CC1)C(=O)O,-6.712,-4.52,6.853666099249363,2.966845799835239,0.20900893815111526
O=C(NC=NC(=O)OCc1c(F)cccc1F)NCc1cccc(F)c1,-7.341,-5.955,3.3527786983336676,3.2316057927909463,0.8186775068260681
COCCN(C(C)CNCc1cccnn1)C1CC1,-5.778,-4.074,8.415761759935936,8.74076484067613,0.0060721321884765825
CCN(Cc1ccccc1)S(=O)(=O)c1cccc(NC(=O)Cc2cccc3ccccc23)c1,-8.313,-6.265,6.161092922526002,2.972082939623321,0.3115180401382482
Cc1ccc(OC(C)C(=O)Nc2cccc(Cl)c2)c(Cl)c1,-7.322,-5.285,5.073774236207203,3.442076843999855,0.5089080284380517
CSC(C)(C)CNCc1csc(C)n1,-4.991,-3.369,4.945605726298852,4.198559872146639,0.46479165574136855
COCc1noc(CF)c1CO,-5.002,-4.165,12.67603475066237,2.764789503741651,0.005717927819320319
Cn1nccc1C=C(C=O)CNC(=O)OC(C)(C)C,-6.47,-4.782,12.075973335512133,2.8129033044169858,0.008293363372827675
Cc1nc(C)c(-c2nnc(Nc3ccc(Br)cc3F)s2)s1,-6.989,-5.441,5.015337874959174,3.48591910405276,0.518335177701665
Cc1ccc(CNC(=O)c2c(C)oc3cc(N)ccc23)o1,-6.978,-5.714,12.400656797121677,3.2473957258086057,0.006520500826784339
O=C1CSC(=O)N1c1ccc(S(=O)(=O)Nc2ccc(C(F)(F)F)cc2)cc1,-7.679,-5.727,4.202814057271627,3.2138844098691544,0.7021634035984069
CN1C(=O)C=C(SCC2CO2)C1=O,-4.984,-4.413,12.413407791577622,2.945535944442031,0.006651931871798712
O=C(NCC1CCNCC1)C1CNCC1C(F)(F)F,-6.222,-5.277,8.066795832299215,8.2476815530184,0.010235410046460084
CN(CCCO)c1ccc(CNC(C)(C)C)cc1Br,-5.354,-4.601,4.7188359793491435,3.0123394563030237,0.6114073447094585
C=C(C)COCCNc1ncnc(NC(C)C)c1N,-5.714,-3.911,8.556592370798086,5.721630274668227,0.033363734183538676
CCc1nnsc1C(=O)N1CCC(N(CC)CC(=O)O)CC1,-5.911,-5.155,8.652030166382916,7.949357269616205,0.008562987540783122
CCCCCCCCc1cccnc1C(=O)NCCCCCCNC(O)CC(C)NCCCN,-6.204,-4.551,4.308161788976825,3.0503030996935365,0.6936116390684393
CCOC(=O)CC1=NOC(c2ccc(Cl)cc2)C1,-6.093,-4.591,4.761251201102499,6.843238049344769,0.14581618242305075
Cn1ccc(NC(=O)NC2(C(F)(F)F)CCCC2)n1,-6.504,-5.849,12.363639997994119,3.129122880297289,0.006753793968476842
COC(=O)Oc1ccccc1S(=O)OCc1ccccc1[N+](=O)[O-],-6.152,-5.114,5.160847507919605,3.0314455297761818,0.5124396252528102
COc1ccc(S(=O)(=O)C2CC(C(=O)NC3CCCC3)C2)cc1,-6.749,-4.947,4.8301837439169955,3.519397107460311,0.5548719929726963
Cc1ccn(-c2ccc(Cl)c(Cl)c2)c(=O)n1,-6.639,-4.527,7.10067355959982,3.0750995105849825,0.17866114269368988
COc1ccc(Oc2ccc(C(=O)O)cc2N)c(C)c1,-6.247,-5.239,10.01882338401072,9.016364067627261,0.0018841844711376878
O=NN=C1C=C(N(c2nonc2-c2ccccc2)S(=O)(=O)c2ccc(Br)cc2Cl)N=N1,-7.232,-5.551,4.393377743832188,3.6695597828622457,0.6275396369352761
CN1CCN(C(=O)c2cccc(OCc3ccc(Cl)cc3)c2)CC1,-7.756,-5.739,4.440092116161555,3.66876191650535,0.6189954511219947
CNC1CCN(C(=O)NC(C)C(=O)N2CCOCC2)CC1,-6.181,-4.384,4.500115331855396,2.9994007734879307,0.6584297927319949
COc1ccccc1CC(=O)C1CC(C)CC1=O,-6.46,-5.158,12.149616331390881,2.903741551860289,0.007869279948485502
O=[N+]([O-])c1ccc(NCc2cccc3c2NCCC3)cc1,-6.88,-5.813,8.543816828560873,8.609788499144448,0.006083890063661365
Cc1cc(N2CC(C(=O)Nc3ccc(O)cc3C)CC2=O)ccc1Br,-7.773,-5.655,7.981849973533704,8.2520497453663,0.010757449234537513
CCn1cc(S(=O)(=O)Nc2cc(C)c(Cl)cn2)c(C)n1,-6.689,-5.492,12.258052455427004,2.97978791191588,0.007310163530140701
C#CCNC(=O)c1cccnc1,-5.894,-4.148,12.818824673112585,2.9155639248694243,0.005175009058221252
N#Cc1ccccc1OC(=O)NCCOCCN,-6.044,-4.66,3.8522132599325283,3.122437829645292,0.7662400378872279
Cc1ccc(NC(=O)C2CC(=O)Nc3n[nH]c(-c4ccc(C)c(C)c4)c32)cc1,-8.54,-7.071,4.582255558128551,5.696768733238168,0.2946417629916158
CC(CNCc1ccco1)N1CCCCC1,-5.804,-4.901,12.621015410813824,3.1115070303632613,0.005759886522197061
CC(C)N1CC2C(=O)NC(=O)c3nc4ccccc4c1c32,-7.346,-6.088,12.732118833878358,3.0526522894034294,0.005402296190131981
C=CCC(NCc1cn[nH]c1C)C(C)(C)C,-5.924,-4.471,12.236882936434426,3.052523218584913,0.007362085992418872
CCN1CCC(C(C)c2nc(-n3nc(C)cc3C)n[nH]2)C1,-7.142,-5.148,5.280571275913241,2.9403106978685085,0.4895261183714626
COc1cc(C=NNC(=O)c2ccccc2Cl)ccc1OC(=O)c1cc(C)oc1C,-7.386,-5.792,3.9531827683526095,3.0523205925983614,0.7556683036165318
CCOc1ccc(C(=Cc2c(C)nn(C)c2C)C(=O)O)cc1,-6.743,-4.926,7.996365549423064,5.893048871339859,0.043156391673623194
CCn1c(CN2CCC(C(C)O)CC2)nc2ccccc21,-6.553,-5.416,4.3942927758628,3.0883856624456727,0.6745735724300712
CN1C(=O)CCC(C(=O)O)C1c1cccnc1,-5.535,-4.654,12.354291966761997,2.9025047803578206,0.0069250459807412
CCOc1ncc(-c2ccc(OC)cc2OC)c(C(=O)O)n1,-6.09,-4.832,7.213322396787767,5.581664715835231,0.0818017389644827
Cc1ccc(NC(=O)N2CCC(c3nc(N4CCCC4)ncc3C(N)=O)CC2)cc1,-7.844,-6.004,7.0331259764062235,7.506594833877741,0.030363952633384275
Clc1ccc(N2CCCC2c2nc(-c3cccnc3)no2)c(Br)c1,-7.547,-5.421,7.406572081604282,8.318839402224327,0.014689335944040153
CC(OC(=O)c1cc2ccccc2[nH]1)C(=O)NCc1ccc(Cl)c(Cl)c1,-7.8,-5.467,4.474542322964439,8.860286451351334,0.046607063540920625
O=C1C(=Cc2ccc(Cl)cc2Cl)c2c([nH]n(-c3ccc(Cl)cc3)c2=O)N1Cc1ccco1,-7.228,-6.406,8.204362376199628,10.259299829910422,0.002685162810290263
CCOc1ccc(C=CC(=O)NC2CCCCC2C)cc1OC,-7.262,-5.058,7.526468029560745,7.609309298484324,0.02114688088658803
Cc1nn2c(=O)cc(OC3CCN(Cc4ccc(Cl)cc4)C3)nc2s1,-7.347,-5.672,4.489716472117142,2.9693851215361073,0.6621881950898512
CCC(=O)CC(C)(C)CNC(=O)c1ccc2c(C)cnn2c1C#N,-6.778,-5.327,4.4728499863062705,3.257964548610067,0.6477976360783327
CCCCCCC(O)(c1ccncc1C(C)C)C(C)C,-5.763,-4.485,12.646705618460485,3.293155781313723,0.005562882216262823
CCc1nc(Sc2ccc(C(C)=O)cc2[N+](=O)[O-])sc1C(=O)OC,-6.256,-5.012,8.497079262899694,6.713515398060841,0.019931142473546763
Cc1cc(C=NNC(=O)c2cccnc2)c(C)n1-c1ccc(Cl)cc1,-7.727,-5.796,4.33215489104441,3.5304737642418473,0.6523738582150372
CC(C)C(C)C(C)NC(=O)CCC(=O)O,-5.67,-4.473,7.180351105621508,2.9596307202081813,0.17195736859332045
[O-][n+]1ccc(-c2nc(-c3ccc(F)cc3)c(-c3ccccc3)[nH]2)cc1,-7.267,-5.924,4.857770064546076,5.68563989362675,0.268701335123932
CCC1NC(CC)N(C2CCCSC2C)C1=O,-6.034,-4.288,11.599132855519848,8.9524605556238,0.0007305404837461906
CC(C)C1CCN1CCNC(C)(C)OC(C)(C)C,-5.39,-4.136,12.785070355692222,3.2183469359284427,0.0051438068866985435
COc1ccc2nc(NC(=O)c3c(C)nc4n3CCC4)sc2c1,-6.815,-5.24,4.364288487256542,5.6953488040681055,0.31528086603203526
O=C(O)CN1CC(CN2CCC2)OC1=O,-5.401,-4.539,11.700973848359801,2.8564477940266997,0.010451954407967225
Clc1ccc(-c2ccc(Cn3cccn3)o2)cc1Br,-6.91,-4.913,4.575664869721121,4.898320834735103,0.42436419324994606
CC(C)OC1OC(CO)C(O)C(O)C1O,-5.34,-4.62,11.98344649923385,2.979226913143744,0.008679182855879047
C=CCC(Cc1cccc(O)c1)NC(=O)OC(C)(C)C,-6.459,-5.438,12.465763113423902,2.8485436629969367,0.00648435526401206
CCCCC(CC)CNS(=O)(=O)c1cc(C(N)=O)ccc1Cl,-7.01,-5.058,12.131515198028644,2.9338311130670083,0.007940612141602436
O=C(CN1CC(O)CC1C(=O)O)NCCC1CC1,-6.458,-5.083,4.684195768752625,5.028214494231526,0.3883503060383711
Nc1cc2c(cc1N1CCc3ccccc3C1)OCCO2,-7.115,-5.717,12.463511744287803,3.182115177048122,0.006312212451375121
Cc1ccc(N)c(NC(=O)c2ccccc2OC(F)F)c1,-7.563,-5.435,12.968781284299617,3.121004645943353,0.004630555532749775
CN1Cc2cccc(Nc3cccc(C(F)(F)F)c3Cl)c2C1,-7.185,-5.348,7.2177550526462175,8.01567919767252,0.019871074459076234
CC1=C(SCC(=O)O)C(c2cccc([N+](=O)[O-])c2)n2[nH]c(=O)nc2N1,-7.227,-5.323,6.880817175307014,3.4129008189515257,0.19647430747374153
COc1cccc(C(N)c2ccc(F)c(F)c2F)c1OC,-6.664,-5.241,12.357608911112216,2.9053841398341804,0.00690921662709363
CCOc1ccc(S(=O)(=O)Nc2ccccc2N)c(F)c1,-6.709,-5.263,5.783063980278967,3.043929861215597,0.37960634974115853
Cc1cccc2c1N(CCO)c1ccccc1[P+]2(Nc1ccccc1)c1ccccc1,-6.89,-5.444,7.636856290385461,7.248921368038143,0.024618314848493486
OC(CCCCCl)N1CCOCC1,-4.878,-3.936,12.235456427939253,2.9983598850038007,0.007402827813338202
CCc1ccc(C(C)NC(=O)c2cc(N(C)C)ccn2)cc1,-6.824,-5.361,8.374217217149313,8.866769986866695,0.00576085342751811
CCCCN=NC=c1c(=O)c(=CC=C=CN2c3ccc(C)cc3C(C)(OCCOCCOCCOCCO)C2(C)O)c1=O,-6.498,-4.966,4.613970632763064,3.0701042327582297,0.6307496077640748
CCc1nn(C)c(CC)c1-c1cccc(Cl)c1Cl,-6.038,-4.851,12.660757046875199,3.2548840225114013,0.005537724553266079
CC1CCC(CCl)(CC2CCCCCC2)CC1,-3.86,-3.653,12.988507727987848,3.4921295794973015,0.004382206506479218
CSc1nnc(NC(=O)C2COc3ccccc3O2)s1,-6.592,-5.372,4.356094581158678,3.6889114925679647,0.6322950235625163
CC1=C(CN2CCCCC2)CC(N(C)C)=N1,-6.197,-4.211,7.332346486630319,8.581185291088872,0.013058890756708005
O=C(Nc1ccc(Oc2ccccc2)cc1)C1CNCCO1,-6.882,-5.204,4.378317713460274,3.2000265623897564,0.6704088774103066
CCCCSCC(=O)Nc1cccc(F)c1C(=O)OC(C)C,-5.692,-4.668,8.044314576146311,2.997512635502976,0.10103912795135012
COC(=O)c1cccc(OC(C)C)c1,-5.816,-4.504,12.890360545772177,3.2733572979435044,0.004787728074888077
CC1(C)CC(=O)C2=C(C1)N(c1ccc(F)cc1)C(N)=C(C#N)C2c1ccco1,-6.872,-5.064,3.8507372021471418,8.577183104026638,0.06489063772964208
CN(C(=O)c1cc(C(=O)O)ccn1)C1CC1,-6.315,-4.887,12.705432105993088,2.777456390296704,0.0056092441489339765
CCc1nc2c(c(=O)n(CC)c(=O)n2C)n1CC,-5.343,-5.098,13.04951412888618,3.17863162382809,0.004378026253940085
Cc1cc(N)cc(C(=O)N2CCOCC2)c1,-6.194,-4.686,11.77452224083848,8.996840500975885,0.0006368572182119911
Cc1cc(C2CCCC2)nc(CCN)n1,-6.775,-4.969,11.960474321698115,3.0186528452274866,0.00877591366467927
CCCNc1occc1-c1nnc(C)o1,-6.389,-4.644,12.324500273844778,3.0098408595804536,0.006995412911081765
CCCCCCCNCCC(N)COC,-4.802,-3.96,12.624274949477297,2.8929925682586877,0.005853969941277352
CC(NC(=O)C1CC1)C(=O)NCc1ccc(C(=O)N2CCCC2)cc1,-6.96,-5.437,5.239632239003038,3.0035455714871384,0.49610684201426347
COCCNCc1cnc(N2CCC(N3CCCC3)C2)nc1,-6.116,-4.811,4.5733586126609405,3.0352233855187656,0.6412443646346422
CCOC(=O)Cc1ccc2c(c1)CCN2C1=C(C)C=CC(N2CCOCC2)N1C,-7.252,-4.907,5.1457949823132285,2.950012542346219,0.5192621662934996
O=C(NCCCOc1ccccc1)c1c(O)nc2ccccn12,-7.144,-5.787,12.005114951552942,2.7895526523082514,0.008682397969548518
Cc1ccncc1C(=O)N1CC(CO)C(O)C1CCc1ccncc1,-7.482,-5.528,12.156810683727867,2.824682814051872,0.007878470980364627
CCOCCN(C)CC1CCCN(Cc2nc[nH]c2C)C1,-5.992,-3.983,4.9308681791343805,3.5137521255774433,0.5341780638732198
COc1ccc(C2C=C3CCCCC3C3CCCC(=O)N23)cc1,-7.787,-5.276,4.327774254741113,9.030621573291619,0.043760873526163674
Nc1cc(C(=O)NN=Cc2cccc(Cl)c2)ccc1Cl,-6.568,-5.364,4.567893497007128,3.4845209139851634,0.6113617028578265
COc1ccc2c(c1)C(C)(C1CCC(C(=O)O)CC1)CCC2,-7.726,-5.438,5.380407977096161,3.0611287133996834,0.4628057245129434
COc1ccccc1-c1nc(CN2CCC(C(=O)OCc3ccccc3)CC2)cs1,-7.843,-4.962,4.545460812722951,6.389368748162841,0.20456367442039544
Cc1ccc(C)c(N(CCCC(=O)N2CCc3ccccc32)S(C)(=O)=O)c1,-5.513,-4.039,7.639789787683951,5.231802175159148,0.07442388378856939
Cc1cc(C(F)(F)F)cc(C(F)(F)F)c1B1OC(C)(C)C(C)(C)O1,,,,,0.0
Cc1ccc(Cc2nc3n(n2)C2C(C(=O)Nc4ccc(C#N)cc4)CCCN2C=C3)cc1,-7.113,-5.692,4.2975664043735256,9.826133573283034,0.026869069363138917
NC(CO)c1nc(-c2ccccc2)no1,-6.581,-4.962,7.081617400001216,2.9453641540563362,0.18270279206923845
Nc1ccc(OP(=O)(O)O)cc1CC(=O)O,-6.496,-5.168,11.817686787184707,3.0135600209718736,0.009599154856589557
Cc1nc(N)c2c(n1)CCC(NC(=O)c1ccn(C)c1[N+](=O)[O-])C2,-6.864,-5.459,6.690447668131035,3.319326588330833,0.22239362359118062
Cc1c(O)cc(Br)cc1-c1ccccn1,-6.066,-4.255,8.35836090390933,9.589050317940773,0.003708973076833776
Cc1cccc2nc(N3CC4(CCCC4)CC3=O)oc12,-7.327,-5.63,4.24897646498542,5.49597279833152,0.35941900558617934
COc1ccc(CCNc2ccc(S(=O)(=O)N(C)C)cc2)cc1,-6.389,-5.25,8.474958937953623,9.03825962229455,0.004863768213084729
O=C(Cn1cc(C(=O)O)cn1)NCC(=O)NC1CC1,-6.498,-4.681,12.275026924614055,3.181941074250118,0.007101460804123064
CCC(CC)CC(=O)Nc1ccc(N2CCN(CC)CC2)cc1OC,-6.178,-5.051,4.857941230603763,3.5275654494282613,0.5484319047464641
CCCN1CCc2sc(CN)cc2C1,-5.442,-4.411,12.545307728389925,3.1010830366180135,0.006044834787453075
C(#CC1(c2ccccc2)C=CC2(c3ccccc3)C=CC=C2C1)c1ccccc1,-8.265,-6.763,7.122549964724712,7.615747435413019,0.026916647551677615
Cc1ccccc1C(C)(O)C(C)C,-5.523,-4.34,12.995946329529067,3.1409329824114365,0.004543935474040841
C=CCC(N)C(=O)NCc1ccco1,-6.234,-4.566,12.639726025511786,2.995042069821391,0.005751615858948485
CC(C)Oc1ccc(NC(=O)c2cc(S(=O)(=O)N3CC(C)OC(C)C3)n(C)n2)cc1,-7.927,-5.533,5.45181630284807,2.9779142029279493,0.45057127728786284
CC1CN(C)CCN1C(CN)CC1CCCC1,-5.874,-4.374,7.9447522931807,2.966286567410505,0.10771615400211826
CCOC(=S)NNOC(=O)CCC(C)=O,-5.321,-4.673,12.015369074647687,2.9149042865933006,0.008550796624456724
C#CCS(=O)(=O)CCNCCN(C)C,-4.647,-3.568,8.462362377019788,2.8917007106545456,0.07864243447899313
COC(=O)Cc1ccc(C(=O)Nc2ccccc2Sc2ccccc2)cc1,-7.029,-5.875,4.9014979343053895,4.623248425079492,0.41719892861109426
CCOC(=O)c1nc(-c2ccccc2)ccc1C=C(c1ccc(C)cc1)c1cccc2ccccc12,-7.985,-5.983,7.293683979992553,7.478837543361936,0.026390586091699732
Cc1ccn2ncc(C(=O)C(F)(F)F)c2c1,-6.53,-5.334,12.345642065117552,3.011963645198926,0.006902359084753657
CCC(C)(C)NC(=O)C(Cc1ccccc1)NC(=O)c1ccccc1,-6.689,-5.517,4.179644721743703,6.240145671376592,0.2471393452817035
CCCn1c(=O)n(C(CC)C2CNC2)c2ccccc21,-6.222,-4.31,7.895373962010918,3.458814536803037,0.10544383115490928
OC1C2CCC3CC2CC31,-4.558,-4.139,12.393057734070313,9.49348676725259,0.00031748231844486976
CCc1nc(C(C)c2ccccc2)no1,-6.651,-5.118,12.318425589335675,2.910703351425562,0.007077669334777417
CNc1nccc(N(C)c2ccccc2N(C)C)n1,-6.375,-5.261,12.691208965264106,2.9845192242637677,0.005574318263102453
NCCOC(=O)C(O)CC1CC1,-4.791,-4.018,11.90973253268099,2.808392066645966,0.00920412366783606
CC(C)(C)OC(=O)NCCC1CCN(C(=O)OC(C)(C)C)CC1,-6.109,-4.836,4.318427260010291,2.9333780867798134,0.6983452082583778
CCN(CC(=O)N1CCN(C)CC1)C(=O)Cc1ccc(C)cc1,-6.757,-5.464,4.523138512139552,3.287608401254626,0.6356168250955381
O=C(O)c1ccccc1C1CC2C=CC1C2,-5.958,-4.921,12.164593416962196,2.86904374313115,0.00781584626806557
O=C(O)CC(NC(=O)NCc1ccccc1)C(=O)O,-6.783,-5.47,5.668526969151685,2.9154294709356288,0.40685193543267284
COc1cccc(C(CNCc2ccco2)N(C)C)c1,-6.279,-4.694,4.530055187301805,5.336207923235376,0.3572467024341791
CCC(O)CN1CCC(=Cc2ccc(N(C)C)cc2)C1=O,-6.105,-4.974,12.883387986085028,2.9029104360968496,0.0049750854418848306
Cn1cc(-c2nc3c(c(N4CCOCC4)n2)C(=O)NS(=O)(=O)N3)cn1,-8.813,-5.24,7.3475613641534165,5.580389502534746,0.07545626763775704
CCCCCCCCCCCCN(C)C(O)CN,-5.202,-3.609,12.09075717231969,3.0235452700431,0.008086328837992669
CC1CCCC1CNS(=O)(=O)c1cc(CN)ccc1F,-6.965,-5.664,4.577653219718593,3.077620184493207,0.6379504538980959
COc1ccccc1C(O)CN1CCOC(c2ccnc(C)n2)C1,-6.783,-5.624,7.101946423340575,3.0292858894465535,0.1792449309314336
NCC1CCCCC1CN1CCN(c2ncccn2)CC1,-6.464,-4.949,4.416635257749952,3.0409949029881647,0.672992272938382
NC1CC(C(=O)NCc2ccccc2)C1,-6.811,-4.964,12.798334930763454,3.202950202547645,0.0051095134279442525
CCCOC1C(O)C(O)C(O)C1O,-4.841,-4.25,6.956130102291071,3.055436630008876,0.19517652257105106
CC(C)(C)C(=O)C(N)CC1CC2CCC1C2,-5.407,-4.493,12.793776104028083,2.859323346527986,0.005278431456543684
Cc1cncc(-c2nc3c(-c4ccccc4)cccc3[nH]2)n1,-7.503,-6.562,12.582097957018139,2.9669145589315513,0.005976210853862376
COc1ccc(CN(C)CCc2ccco2)cc1CNC1CC1,-6.248,-4.631,7.357288970809831,8.801871959986695,0.011213446421693533
CC(NC(=O)CC(=O)NC1CC1)C1CC1,-5.523,-4.568,12.718904591198097,2.906077941143354,0.00551242316665124
CCc1cc(NC(=O)c2cn[nH]n2)n[nH]1,-6.543,-5.132,12.297895185762481,2.7819955068259907,0.00723419433017891
CCc1ccccc1NC(=O)C1CCCN(C(C)CC)C1,-6.938,-4.745,4.040669004014062,5.734724143321978,0.3355851909009582
COc1ccc(NS(=O)(=O)Cc2ccccc2Br)cc1Br,-6.912,-4.7,3.791799309035223,9.711196939615633,0.03237209252819364
CCOc1ccc(Nc2ccc(C#N)cc2Br)cc1,-6.291,-4.776,9.379778728733424,9.04180850272776,0.002763323806730398
Cc1cccc(-n2c3ccccc3c3cnccc32)c1,-6.724,-5.328,7.2630963782673295,6.651825764404837,0.04414665867951982
O=C1C2C3C=CC(C4CC34)C2C(=O)N1c1ccc(Cl)cc1Cl,-7.218,-5.595,4.523631837362542,5.186182603804075,0.38302469318131865
COC(=O)C(CC(C)C)n1ccc(=O)[nH]c1=O,-5.649,-5.312,12.616599343721745,2.937445999503651,0.005862341349327177
Nc1c(F)cc2n3ccnnc3c(OC3CCOC3)cc1-2,-6.935,-5.225,7.7054346405637615,3.091235513512356,0.12347511991182664
COc1ccc(NC(=O)NC2COC(c3ccc(C)o3)C2O)cc1,-6.947,-5.12,9.123152196472443,7.746891892881944,0.00723457336222497
CC(C)COc1ccc(C(=O)Nc2ccc(S(=O)(=O)N3CCC(C)CC3)cc2)cc1,-7.254,-5.625,4.2216372416397885,3.464386237127725,0.678271966721832
CCc1cnc(Nc2c(C)n(C)[n+]([O-])c2C)nc1N,-6.392,-5.731,12.537815359942098,3.056726517044009,0.006097628530911732
Nc1cccc(-c2noc(COC(=O)CSc3ccccc3Cl)n2)c1,-6.336,-5.598,7.981458137458343,11.800538801258186,0.0011765098069966035
CC1C(c2ccco2)Cc2nc(Cl)c(C=O)n21,-6.518,-5.207,12.616058061058535,3.077600688848376,0.005795810451913736
CN(CC(F)(F)F)C(=O)NCc1cccc(C#N)c1,-6.439,-4.603,12.515363598393776,3.0715652361621752,0.006175625894320197
CCCCOc1ccccc1Nc1c(N)n(C)c(=O)n(C)c1=O,-5.881,-4.588,7.98467845313761,5.16394151787179,0.062024771100979904
O=C1N=CC(C(F)(F)F)C1=O,-4.611,-4.274,12.470047794615706,2.9972962816511814,0.0063938632960163526
CCOC(=O)c1ccnn1CCNC1CC1,-5.403,-4.381,12.390688318249314,3.167925030678599,0.006615530779139673
CC(C)COCCOCC(C)OCCCCCC(=O)O,-5.308,-4.188,4.28333806744226,2.8243018606374215,0.7107100045035215
Clc1cccc(N2CCCC2)c1I,-5.127,-4.037,13.193780693948192,3.393540628900736,0.0039049251029606292
Cc1ccc(CS(=O)(=O)CC2CC(=O)N(c3ccccc3)C2)cc1,-7.389,-5.859,4.474138352800459,3.165006951019223,0.6538374686390654
Cc1cc(C)n(CCCCC(=O)NC(C)c2nnc3ccccn23)n1,-7.545,-5.068,8.363482169527236,8.79429616285465,0.006066836209206246
O=C1CC(N2CCN(Cc3ccccc3)CC2)C(=O)N1Cc1ccco1,-7.734,-6.072,4.653900299748589,3.2253649405919953,0.6129376291581579
CCC(CNC(=O)O)Oc1ccc(S(=O)(=O)Nc2ccc(F)cn2)cc1,-7.209,-5.805,3.755691148111091,2.7524772478623682,0.8028738775381399
COc1ccccc1C=C(NC(=O)c1ccccc1)C(=O)Nc1cc(SCC(=O)Nc2nc3c(s2)CCCC3)ccc1[N+](=O)[O-],-9.024,-6.864,3.6339102905823077,5.130071539462193,0.48329396863059426
COc1cccc2c1-c1nsc(N=O)c1CC2,-6.054,-5.345,12.691446489663816,3.0761396262198497,0.00552979759522699
COc1ccccc1-n1c(C(C)CN)nc2ccccc21,-5.806,-4.977,12.33474543717867,2.893667050646981,0.007014768008338292
CCN(Cc1nc(-c2ccc(C)cc2)no1)C(=O)c1ccc(C)cc1,-7.343,-6.408,4.490644274488907,3.6069042127564197,0.6155158596879624
O=C(CS(=O)(=O)c1cc(Cl)cc(Cl)c1)NC1CC1,-6.516,-4.693,3.658305755400989,8.036453571072254,0.09385387090699233
Cc1ccc(C(=O)O)cc1-c1cccc(C(F)(F)F)c1,-8.529,-5.278,7.914882058502199,8.091225247142734,0.012383954548857861
OC1(c2noc(CCc3ccccc3)n2)CCOCC1,-7.171,-5.82,4.551480198792476,3.5158785530788754,0.6119457361678332
O=C(O)c1nc(C2CC2)oc1Cn1cc(Br)cn1,-6.443,-4.649,12.600959368238593,2.896257930502738,0.0059384602194457545
CCCNC(=O)C(C)Sc1nc(N)nc2n[nH]c(C)c12,-6.63,-4.578,7.506396006073754,2.9710304609680467,0.14092939132798035
CC(C)CN(C)Cc1ccco1,-4.893,-3.756,12.39405994821713,2.903307252083389,0.006754649259537212
COCCN=c1cc(F)nc(SC)s1,-5.077,-4.008,12.638511700354595,3.118828305630176,0.005693325727403569
Cc1cc(OCC(=O)O)n(-c2ccccc2C)n1,-6.593,-4.506,7.315879578013843,2.9609952718638377,0.15839305490737818
CC=C(C)C(=O)OC1C(CO)OC(C)C(C)C1OC(=O)CC(C)=O,-6.499,-4.789,3.6892457223665653,4.547775170344286,0.5965702741048673
CCOC(=O)c1ccccc1NC(=O)C1CC1N,-5.779,-5.14,12.745836967418029,2.832756607970406,0.00544912311167427
CCOC(=O)CCNCC1CCCN1CC(C)C,-5.346,-3.808,8.910141918061687,12.597697289584316,0.0004018493948506377
NS(=O)(=O)c1ccc(CCC(=O)Nc2cccc(C=Cc3nnn[nH]3)c2)cc1,-8.01,-6.566,4.288208250540078,2.913339835995794,0.7052368630391078
CC(O)c1cc(N2CCNC(=O)C2)ccn1,-6.807,-4.513,7.092856547259362,8.869335318951473,0.012617422174935607
CCCOC(=O)c1ccc(OC(=O)Cn2ccc(C(F)(F)F)n2)cc1,-7.284,-5.221,3.368678375861963,2.9341944380016813,0.8395603563085456
CCCNC(c1ccoc1)c1ncccc1OC,-5.93,-4.754,12.564069961600818,3.174511930990337,0.005932254966224027
CC(=O)C(C)=Cc1ccc(Br)c(Cl)c1,-5.795,-4.272,7.371537831416183,9.139362176869893,0.009009775358420695
Cc1ccc(C(CN)N2CCOCC2(C)C)c(C)c1,-5.933,-4.594,7.894151316006047,3.025840874864374,0.11058252782836629
CN(CC(F)(F)F)c1cnccc1C#N,-5.324,-4.365,12.50158549944766,3.1765600891530448,0.006167232646830281
Nc1cccc2c1OCCC2=NNC(=O)c1cccnc1,-6.976,-5.447,4.735991659621034,7.623498540696391,0.0918220110796305
CC(=O)C12CCC(O)(C=O)C1(C)CCC1(C)C3C(=O)C(C)CCC1(O)CCC32,-4.706,-3.737,6.170256882821007,2.9224238227882005,0.31114580216212245
CS(=O)(=O)N1CCCC(NS(=O)(=O)c2cc(C(N)=O)ccc2Cl)C1,-7.293,-5.744,5.624589762818262,3.0777092130349164,0.4104155908564502
N=C(O)C(=O)OC(F)(C(F)(F)F)C(F)(F)F,-5.309,-4.97,11.589022823344513,2.837668937702212,0.011224160967963566
O=C(NC1CC2CCC(C1)N2CCCNC(=O)c1ccccc1Cl)c1ccc(Cl)cc1,-8.013,-5.74,4.54325995294128,3.0926042423821385,0.6442261190039547
Cc1ccn(C)c1C(=O)NCC1CC2CCCN1CCO2,-3.659,-2.564,8.760148743029424,8.639102615434082,0.0052224783256264885
CCCCCCCCCCOc1ccc(C(C)N)cc1C,-5.981,-3.912,12.476712467633451,3.051620389235857,0.00633783603904888
Cc1c(Cl)cc(CC(C)(C)N)cc1C(=O)NC1(O)CCCCC1,-6.643,-5.404,4.3417403192729065,4.440935149267551,0.53364961391724
CC1(C(=O)NC(CO)Cc2ccccc2)N=C(c2cccc(Cl)c2)NC1c1ccc(C#N)cc1,-7.41,-5.618,4.7337489371533,4.530155847208792,0.4579372326629496
Cc1ccc(NC(=O)C2CCN(S(C)(=O)=O)CC2)c(Br)c1,-6.671,-5.319,8.839904637494682,12.62974405916446,0.0004114810071442955
CC(C)CNCc1ccc(N(C)C2CCCCC2)cc1,-6.829,-4.291,7.177217566717619,8.01805892969115,0.020333930398385783
CCOC(=O)c1ccc(CNc2nc(CC)nc(Cl)c2C)o1,-7.03,-5.015,5.524078022620608,3.2941059485086384,0.4220052303427582
CCCN(CC(=O)O)C(=O)c1sc(C(C)(C)C)nc1C,-5.196,-4.403,6.183175640397092,2.975914817329286,0.3076199136568956
CC(=O)c1ccc(N2CCN(c3ccccc3C)CC2)nc1,-6.473,-5.281,4.422211550796727,3.0068087734340536,0.6738411775952692
OCc1ncc(C(F)(F)F)c(F)c1C(F)F,-5.697,-4.839,12.354472590928356,2.9122913659179086,0.006919176270953707
COc1cccc(-c2c(N)noc2-c2cccnc2)c1F,-6.758,-5.483,12.37868175534051,2.8019768021880553,0.006868939064897032
Cc1cc(Cl)ccc1OCC(=O)NC(C)c1nnc(C(C)Oc2ccc(F)cc2)o1,-8.005,-5.536,4.370227110803282,6.255545459830022,0.23277141114980635
Cc1cccc(NC(C#N)C2CCCCC2)c1C,-6.464,-5.25,12.818475728416386,3.0604788840964092,0.005114918322967525
Cc1ccnc(SCCSc2nc3ccccc3o2)n1,-6.739,-5.042,12.484366263451262,3.3759149870812806,0.006097010258678443
O=C(O)c1cc(NC(=O)C2CCS(=O)(=O)C2)ccc1Br,-6.83,-5.151,7.630227454014723,11.482966733383842,0.0017807491207494314
CCOC1CC(Nc2ccc(Cl)cc2[N+](=O)[O-])C1,-5.976,-4.545,12.147968513294723,3.1238786788222104,0.007732172446745214
O=C1C(=Cc2ccc(N3CCCC3)cc2)NC(=S)N1Cc1ccccc1,-7.0,-5.883,4.301041850528776,3.591287373630799,0.6521368370505302
O=C(O)C1CN(Cc2ccccc2)CC(F)CN1,-4.424,-3.475,5.275459600831002,2.995442538257077,0.4884958776626465
Cc1cccc(CCC(C)NC2CCC2N)c1,-6.626,-4.419,12.923961544356283,3.1105287331899056,0.004766795040329865
COc1ccc(S(=O)(=O)Nc2cccc(-c3csc(NC(=O)Cc4ccccn4)n3)c2)cc1,-8.246,-6.28,7.095165466710413,8.143027078427286,0.01977690816660371
COc1ccc(CCC(=O)Nc2ccccc2CN)cc1,-6.883,-5.167,12.36679804961656,3.211576715571341,0.006685291396999464
N=C1N(Cc2ccccc2)CCN1Cc1ccccc1,-7.056,-5.111,3.5532630074341527,8.07621507885965,0.09307065637335045
COc1ccc(C2CC2NC(=O)NCc2nc3ccccc3o2)cc1,-7.254,-5.888,4.379510817431554,6.560931793579324,0.19493774885773354
COC(=O)C1=CCCC(=O)C1CC(=O)Cc1ccc(O)cc1,-6.768,-5.403,12.496428329726857,2.7920898982661715,0.006385812721814371
CC(N)(C#N)c1cccc(F)c1,-5.816,-4.852,12.534485988663436,2.957833835765627,0.006161174002361975
CCC=CCC=CCC=CCC=CCC=CCC=CCC=CCCCCCC(=O)NC(COC1OC(CO)C(O)C(O)C1O)C(O)C=CCCC=CCCC=CCCCCCCCC,,,,,0.0
CSc1ccc2[nH]c(=O)c(CN(Cc3ccccc3)C(=S)Nc3ccccc3C)cc2c1,-7.362,-6.266,7.350369310449645,7.416555736998139,0.02648458437442416
CN(CCC(=O)O)Cc1nnc(C2CC2)n1C,-5.833,-4.933,12.365424214316306,2.8230106269725592,0.006916244361923464
CCNC(=O)CCC1CN(Cc2cc(OC)ccc2OC)CCO1,-6.544,-4.918,4.919397625726141,2.8677810237185124,0.5736561330718918
CC(CCN)(COCC(F)(F)F)NC1CC1,-5.368,-4.434,12.170684039937935,3.0087499065226404,0.007701964051348555
Cc1c(Cl)cccc1NC(=O)C(C)CCN,-6.02,-4.703,6.440345642898369,2.9024191633876724,0.26747392396028863
O=C(CCCN1CCCC1)Nc1n[nH]c2ccccc12,-6.1,-5.297,4.209538335732315,4.30502044129874,0.575023456261429
O=C(O)c1ccc2c(c1)NC(=O)C2CCl,-6.091,-5.023,11.276171025662924,8.784290068070383,0.0009925344830076517
CS(=O)(=O)N(CC(=O)Nc1ccc(F)c(F)c1F)c1ncnc(Cl)c1C=N,-6.702,-5.523,7.737548836679482,2.9880781448951437,0.12215266830858255
O=S(=O)(c1ccc(F)cc1)N1CC(c2nc(C3CC3)no2)C1,-7.833,-5.703,4.495019799733922,3.810766458338795,0.5937890286108087
COc1ccc(CNC(C)Cc2ccccc2)c(Br)c1,-6.15,-5.295,8.427125369899276,8.957907679810058,0.005267394294833344
CCc1c(C(=O)Nc2ccc(C)cc2)cnn1-c1ccccc1C,-7.058,-5.266,4.4726057282081095,3.570835336444402,0.6223485745501565
Nc1ncc(CNc2nc(Cl)nc3c2ncn3C2CC(CO)C(O)C2O)c(N)n1,-7.291,-5.948,5.081194150984589,3.0988717301624473,0.5270337998636737
Cc1noc(C)c1CN1CC(C)c2[nH]c3c(c2C1=O)CCNC3,-6.366,-6.396,12.246392856674165,2.987854916156405,0.007358776769331919
CC(CNCC(F)(F)F)Nc1cccc(F)c1,-6.375,-4.657,12.60869517436281,2.9290887661523675,0.005895178316617377
NCCCOc1cccc2c1C(=O)CN2,-5.829,-4.439,12.544695851235293,3.076732195040706,0.006060627221953171
Cc1cc(F)c(F)c(NCC2(C)CCC2)c1[N+](=O)[O-],-5.785,-5.4,12.594327691464915,2.956635080627976,0.00593556926023118
CNN(CC=O)C(C)=O,-3.731,-3.631,7.0362283220486805,3.1302761858979795,0.1847653332164451
NC(C=CCO)CS,-4.206,-3.693,12.742114973582682,2.8474400783861977,0.00545622428252176
Cc1ccc(Cc2ccc(OS(=O)CC(F)(F)C(F)(F)C(F)(F)F)cc2)cn1,-7.017,-5.134,3.7026020580127152,8.9351710112342,0.05334354485774298
CC(O)(CNC(=O)c1ccc(Cl)cc1Cl)C(=O)O,-6.757,-5.015,9.328010988415484,12.953567848280256,0.0002479719430148199
O=C(O)C(O)C(=O)Nc1ccc(C#CCO)c(Cl)c1,-7.313,-5.105,5.117193078241234,3.0383892114079134,0.5218611330690154
Cc1nn(C)cc1CNC1(C)CCOC1C,-6.225,-4.835,12.612583954130889,3.017214112389109,0.005839172584065229
COCCNCC1CCCCC2CCCCN2C1=O,-4.047,-2.97,7.819997762148016,3.0350186160878816,0.11565740829452235
CC1CCC[P+](Cc2cccc3c2B(C2=CCCC=C2)O3)(CC(C)(C)C)C1,,,,,0.0
COc1ccccc1CNC(=O)C(=O)NCc1ccc(CN)cc1,-7.14,-5.455,4.840621964169481,3.170939450699114,0.5762619204710311
NC1CCC(NCC2(C3CC3)CC2)CC1,-5.277,-4.109,12.8472616926721,2.9840589806503486,0.005056516659475923
CNC1CCN(S(=O)(=O)N(C)C)CC1,-4.988,-4.212,5.352179929710883,4.0066321268616605,0.40800377066604937
Cc1nn(-c2nccc(-c3ccccc3)n2)c(C)c1C=C(C#N)C(N)=O,-7.453,-5.898,4.744747938510539,3.1531411322679492,0.5980655450306558
CN1c2nc(Nc3cccc(Cl)c3)cnc2OCCC1CC(=O)O,-5.766,-4.101,5.46224148129685,2.8123561296535686,0.4538634023791442
N#CC1=C(c2c(Br)[nH]c3ccccc23)NCN1,-6.453,-5.447,12.407491366106203,3.1474886814728973,0.0065595948995595165
CCC(N)Cc1ccc(F)cc1NCc1ccc(N(C)C)cc1,-6.485,-4.669,7.252873085888101,8.689097191308198,0.012814885376351755
CCn1nc(C)c(S(=O)(=O)Nc2cccc(Cl)c2)c1C,-6.077,-4.739,7.231989214593726,7.563533235201654,0.02601400130549743
COc1ccc(C(=O)Nc2ccc3sc(C(C)C)nc3c2)cn1,-6.716,-5.7,5.524616728787618,3.136598954281532,0.42890078357958655
CCC(C(=O)Nc1ccc(S(=O)(=O)N(C)C)cc1)c1ccccc1,-6.282,-5.415,4.513612300585863,3.0185122163078955,0.6545960227647546
COCc1cnc(C(=O)NCCN2CCC(C)CC2)o1,-6.076,-5.196,12.602021583857091,3.0798995113477323,0.005845661903332471
CN=CCC(O)CO,-4.115,-3.601,7.901962161387512,3.0793564262683195,0.10953472480288134
CCOC(=O)C(C)=Cc1ccc(C=NO)cc1,-5.639,-4.232,5.482508002730136,2.845856812982691,0.44841510397119627
Cc1ccc2c(c1)C(=O)N(c1ccc(C)c(F)c1C)CO2,-7.053,-5.557,4.775376215545744,5.396348209669202,0.3193872712953076
Cc1nnc(CNC(=O)C23C=CC4CCC(C)(C2)C3C4)o1,-8.069,-5.611,8.745778753204315,12.395931751990247,0.0005049421787020677
CCCCN1CC(O)C(O)C(O)C1,-5.212,-4.348,12.698151282765535,2.9708885876114577,0.00555632483465452
CCCCCCn1c(=O)[nH]c2ncnc(N)c21,-5.782,-5.285,12.490300476769965,3.018630484176558,0.006302163664240084
CC1(CNC(=O)c2ccc(NN)c(C(F)(F)F)c2)CC1,-7.872,-5.471,8.75940603009131,8.64459096776707,0.005207099791287719
N#CCN1Cc2c(-c3ccsc3)nc3c(N)c(C(=O)O)ccc3c2C1,-6.862,-5.829,5.43177420370177,3.0650210439734344,0.45154761078100314
CCOc1ccc(NC(=O)c2c(-c3ccccc3Cl)c(C)n(Cc3ccccc3)c2C)cc1,-7.748,-5.702,4.0347392728650995,5.796160884585588,0.3254989424402697
CCc1cccc(NC(N)=NCC(C2CCCC2)N2CCCC2)c1,-7.258,-4.994,4.42255650048702,5.307011682670391,0.37426308433932887
C=CCN(CCOC)c1ccc(C)nc1CO,-4.661,-4.568,12.091462607972618,2.739150415731126,0.0082528995921268
CSC(=O)CC=CCc1ccccc1,-5.662,-4.483,12.792262856899088,3.064227308800703,0.0051976718510372884
CCC(C)Oc1ccc(C)cc1C(=O)O,-5.477,-4.631,12.030089401164066,2.774783234777087,0.008556193765889744
CC(=O)CC(=O)C1C2CCC1(C)C(=O)C2(C)C,-5.967,-4.765,12.671033343812178,3.041053929150221,0.00561822080838479
COc1ccc(CN2C(=O)C(O)C(=C(O)c3ccc([N+](=O)[O-])cc3C)C2c2ccccn2)cc1,-6.919,-6.091,3.6008303209121086,4.3943291865767184,0.6342301135612585
CCc1ccccc1NC(=O)CN1CCN(CC(=O)Nc2c(C)cccc2C(=O)OC)CC1,-7.677,-5.6,4.394189458819453,2.8071202325515023,0.6897071672292174
CCC(C)CC(C)C(C)=O,-4.579,-3.64,11.77147017156311,9.031000553648528,0.0006246416898616541
OC(c1cc(Br)cs1)C1CC2C=CC1C2,-6.055,-4.662,12.701736337997257,2.9980465306595896,0.005531599783967324
O=C(Nc1ccc(Cl)nn1)c1ccc(NC(=O)c2cccs2)cc1,-6.588,-5.741,7.219864610918961,7.934354731167494,0.020866920606073015
COc1ccc(C(C)NS)c(F)c1F,-5.515,-4.436,12.487139744553193,3.0106260146354944,0.00631889398980344
CCCS(=O)(=O)NC(C)CSc1ncnc2c1cnn2C,-5.995,-4.802,12.4518144460958,3.1160689979523877,0.006399599613148565
O=C1Cc2cc(S(=O)(=O)NCCCc3nc4ccccc4o3)ccc2N1,-7.516,-5.679,12.107870332969378,2.838130722852632,0.008115620764949283
C[S+]([O-])CCC(N)C(=O)N1CCN(CCO)CC1,-5.545,-3.945,6.235248591676197,2.9394615153119457,0.29966040398593513
CCCCOCC(=O)OCCC(C)(C)C,-5.296,-4.193,12.428909887838113,2.9045256067041314,0.006608520343050368
Cc1ccc2nc(N(C)C)ccc2c1C1CN(C2CCOC3(CCC3)C2)C1,-7.147,-5.958,7.249337693886249,8.16341699290193,0.017793729357835367
Cc1ccc(NC2=NC(c3ccccc3)C(C(F)(F)F)=C(C3C=NC(C)S3)N2)cc1C(=O)O,-7.136,-6.053,4.138031416023807,4.350730283527123,0.5779630414726165
CCOc1ccc(C(=O)NCCc2ccc(F)cc2)cc1Br,-7.22,-5.228,8.766077629133797,9.191756632983708,0.003688729152902588
CCCC1(C(=O)NC(C)c2ccc(I)cc2)CNC1,-6.281,-4.33,10.742807175035768,9.336320206591033,0.000982076168958932
O=C=C(Cl)N1C(=O)C1(O)c1ccccc1,-6.066,-4.758,7.5884408807079735,3.1542850219978527,0.13186494935317686
CCCC(C)C(NCC)c1cccc(C(F)(F)F)c1,-6.167,-5.24,12.000149540734899,3.129438607801725,0.008476014352298876
CC(C)(C)NC(=O)CN1CC=C(Cc2ccc(Cl)cc2)C1=O,-6.846,-5.079,4.41591553361248,10.114648683963274,0.021696805930715983
CCc1ccccc1S(=O)(=O)c1cccc(C(=O)O)c1O,-7.419,-5.702,11.94572764631774,2.9661094045904646,0.00889560910094736
CNCC#CC(C)(C)c1ccc(OC)cc1,-6.472,-4.648,8.656276797792456,8.932448936321999,0.0046416962707485805
CCN(CC)S(=O)(=O)c1cccc(C(=O)NN=Cc2ccc(I)o2)c1,-6.904,-5.607,4.714594150083333,3.0224167482331086,0.6118053010477839
CC(=O)c1ccc(OCC(O)CN2C(=O)C3CCC2C3)cc1,-6.788,-5.34,4.228418498682456,4.796238734675329,0.4884380836081706
COCc1cccc(C(=O)NCc2cccc(CN3CCCCC3)c2)c1,-7.168,-5.702,7.3215529090487355,8.248884106350385,0.0161538196665904
CC(O)C1COC(=O)N1C(C)C,-4.538,-4.041,12.450080039903359,3.1575009105303518,0.006381051029135143
CN1CCN(CCC(=O)c2ccccc2)CC1=O,-6.25,-5.312,4.543756815675768,4.824151117036032,0.4410940957459527
CC(C)(C1CC1)C1(CBr)CC1,-4.072,-3.804,13.552715189215776,3.3970922860587702,0.0031188429973843983
CC(C)(C)C(=O)OCCC1CC(=O)N(CC(c2ccccc2)c2ccccc2)C1,-7.184,-5.472,4.578528803010853,3.3008614027250522,0.6234287969172909
CC(NC(=O)C1CCC(C(=O)O)C1)c1cccnc1,-6.526,-5.539,8.408823996255363,8.731011911571304,0.006135421031146131
O=[N+]([O-])c1ccc(CNc2c(Cl)cccc2Br)c(Cl)c1,-6.835,-5.06,9.020182315230663,8.889109629203592,0.0038023733101595295
CC(Nc1nnc(S(=O)(=O)CCCl)s1)C1CC1,-5.666,-4.19,4.822170673047565,4.868024342584987,0.39376018379337946
CC(C)(C)ONC(=O)C(Cc1ccc(O)cc1)NC(=O)OCC1c2ccccc2-c2ccccc21,-7.893,-5.213,3.8964672461089673,6.052967288859242,0.2921777665776337
CC1=C(c2cccc(NC(=O)C3(C)CC=CCC3C)c2)COC1=O,-7.502,-6.077,8.4457044111193,8.920062836101549,0.005331162441335548
CCC(=O)C(O)c1cc(OC)c(OC)c(OC)c1F,-5.512,-4.766,12.389780829377088,2.7307658266500994,0.006852731022224954
Cc1ccc(C(=O)CSc2cccc(Br)c2)o1,-6.406,-4.88,8.47697746841408,8.975287014909329,0.005051969681219855
NNC(=O)c1[nH]ncc1N,-4.826,-4.721,11.630401196863332,2.8482552554151463,0.010929551525844376
Nc1cccc(CSC2CCOCC2)n1,-5.832,-4.831,12.5737800998745,3.0864043805049275,0.00594623869061369
CN(C)C#CC(C)(C)S(N)(=O)=O,-4.989,-4.37,6.910088422010241,2.95632694403038,0.20228157212122708
CNC(CC(N)=O)C(=O)NC(C)C(C)C(C)O,-5.882,-4.368,12.082892782773504,2.829950352921407,0.008247969539099752
Cc1cc(C#N)c(Nc2ccc(Cl)cc2F)o1,-6.712,-5.685,12.599945317341659,2.984267581836454,0.00590162777124664
NC(=O)C1CN(S(=O)(=O)c2ccc(F)cc2F)CCO1,-7.431,-5.033,6.501475909360888,2.976925595308019,0.256727212425192
Cc1nn(Cc2cc(C(=O)O)co2)c(N)c1Cc1ccco1,-6.896,-5.291,8.392705761552707,8.496513049480946,0.00716912407845264
CCC(CC)C1(N)CC1C,-4.136,-3.564,13.014223372910118,3.1666629122784764,0.004481017374185843
C=CCN(CC=C)c1nc(N(C)C)ccc1N,-4.907,-4.176,12.258995758217718,3.093187029586152,0.007234550965657773
CC(CC(=O)Nc1cccc(C)c1C)=NNC(=O)c1cccc(Cl)c1,-7.49,-5.748,4.731452419712155,9.809714623779838,0.023674840237846998
CC(NCc1ccco1)c1ccc(Oc2ncccn2)cc1,-6.756,-5.197,12.440521210946107,2.995987483284935,0.006513651912224006
COC(=O)c1c(NC(=O)COC(=O)CCNS(=O)(=O)c2ccccc2Cl)sc(C)c1C,-6.033,-5.519,3.2789278735586724,2.8220846904371952,0.8553608277500513
CCN(c1ccccc1)c1ncc(C(=O)O)cc1F,-6.52,-5.374,12.661058802485675,2.874057932610267,0.005728858624423625
CC1CCCC1Nc1ncc(CCl)cc1Br,-5.721,-4.779,12.731052234595536,3.384991728202596,0.0052200303855205
O=C(Nc1ccc(Cl)cc1Cl)Nc1ccccc1C(=O)O,-7.462,-5.606,4.423596952707151,4.676639926271854,0.4828342182434442
CCCCCC(CC)PCCO,-4.348,-3.221,9.06374210798167,12.41716348446778,0.00040881264815934964
CN(Cc1ccccc1)CC1(C)C2CCCC1CCC2,-6.793,-4.062,11.799235017576352,9.295934702868776,0.0005204692654526738
Cn1cc(-c2cccc3c2C2OCCC2C(c2ccc(Cl)nc2)N3)nn1,-7.177,-6.017,5.31456282303634,2.9458324799621596,0.4817803220619275
C=C(C#N)CN(CC(C)C)C(C)C,-4.527,-3.841,12.379294365996795,3.1286891823893277,0.006688317441045542
COC(=O)CN(Cc1ccc(C#N)cc1F)C(C)C,-5.666,-4.834,12.164774967092486,2.805550748070688,0.007849532605254892
CCOc1ccc(C(=O)Nc2cccc(Nc3cc(O)ccc3O)c2)cn1,-7.426,-5.866,6.495290678637871,3.016928404851531,0.2567935764706053
CC(=O)NCCCC(=O)c1ccccc1,-6.096,-4.716,12.557029664693797,3.082727526071677,0.006010825625909473
CNC(C)C1CCCCC1F,-4.924,-4.279,11.68067566538854,9.263708598612114,0.0005718701574841311
CC1=CC(=O)SC1CCN(c1ccccc1)N1CCC(C)(N)CC1(C)C,-6.591,-5.142,7.513088179969671,7.969413591977768,0.017085983084805346
COP(=O)(OC)N1CC2(CCC(C(O)C(N)=O)C2)C1,-5.632,-4.484,4.175086825444472,3.240304306697135,0.705123516376604
CC(=O)c1cccc(C)c1Sc1ccccc1,-5.993,-4.858,12.211663031708664,2.829733026276507,0.007610328318152219
CC1CC(N)(CN)NCCO1,-3.693,-3.022,7.242419278114184,3.1264319919038694,0.16323370290277472
Cc1oc(-c2ccccc2)nc1-c1ccc(C(F)(F)F)cc1,-7.363,-5.832,12.28498485957553,3.257601878683152,0.00700156650077025
CC(=O)Nc1ccc(C)c(N2CCN(C)CC2)c1,-6.968,-4.603,7.357159642144515,7.822687581643535,0.0205670960078033
NC(N)=NN=Cc1cccc(Cl)c1,-5.934,-4.989,12.634178010460356,2.947314370745001,0.005793824523943583
Cn1cc(CCC(NC(=O)OC(C)(C)C)c2cccnc2)cn1,-6.572,-5.496,12.628513214151539,2.9655520565318017,0.005805974637915567
CCc1cnc(-c2[nH]nc(N)c2C(C)OC)s1,-5.78,-4.956,12.743667682421728,3.1749222037712985,0.005302184784630738
Cc1ccc(Cn2c(=O)cc(N3CCOCC3)[nH]c2=O)cc1,-7.1,-5.152,3.811452479042601,10.08002108132716,0.02562160571259318
CCCOc1cccc(-c2n[nH]c3c2C(=O)N(CC2CCCO2)C3=O)c1,-7.2,-5.391,4.914352246227369,3.0376617652398363,0.5671265173485728
Cc1ccc(C(=O)c2c[nH]c3ccccc23)cc1F,-7.681,-6.198,12.456592351040474,2.79944244448783,0.006543597706360323
COc1cc(C=C(C#N)C(=O)Nc2cccc(Cl)c2)cc(Cl)c1OCc1ccc(C)c(Cl)c1,-8.35,-6.509,4.918358059352736,2.9173098909783306,0.5717935280661856
CCCCCC(C)CNC(=O)N(C)CC(=O)N(C)C,-5.692,-4.793,12.515284295612306,3.190294970688447,0.006106176875828109
OC1(C2CCCC2)CCCC1,-5.09,-4.34,12.809663461621465,3.099849028581876,0.005124854295903921
Cc1ccc2nc(-c3cnc(C)cn3)[nH]c2c1,-6.65,-4.92,4.297405379993839,6.43632146493632,0.21437278139993646
O=S(=O)(c1ccc(Cl)cc1)c1c(-n2cccc2)csc1-c1ccc(Cl)cc1,-7.219,-4.834,6.241349373332662,3.657372417460381,0.2748130859833115
O=C(c1cc2c(s1)CCCC2)N1CCCCCC1,-4.847,-3.595,12.213803748218652,2.8480272119486503,0.007590477987705813
CC(C)NCc1cnn(C)c1C1CCCC(F)(F)C1,-6.557,-4.316,11.503540063823833,8.854681304259346,0.0008241771622655001
CC1CCN(C(CC(=O)O)c2cnnn2C)C(C)C1,-6.192,-4.702,12.293193604592746,3.0987521682122305,0.007077942017402719
COCc1ccc2c(c1)N(C(=O)OC(C)(C)C)CC2,-6.742,-4.308,7.767488332788147,3.246522755195164,0.11703283504971514
Cc1ccc(C)c(C(=O)Cc2nc3ccccc3o2)c1,-7.404,-5.363,12.542989476197452,2.9485738925792586,0.006133001219355461
CCn1cccc1CN1CCCC(n2cccc2C(=O)O)C1,-7.525,-5.185,4.537037469538905,2.9045187208899175,0.6556794537804648
NC(=O)Cc1ccc(NC(=O)c2ccc(Cn3cccn3)cc2)cc1,-7.397,-5.921,3.9549644751881137,5.0074577382140735,0.4796938835457472
O=c1[nH]nc2cc(-c3[nH]ncc3-c3ccc(Cl)cc3)sn12,-7.455,-5.278,4.731388802455364,9.633150367351275,0.026433355389365133
Cc1ccc(Cl)cc1C(O)C1CCc2cccnc21,-6.647,-6.039,12.133861833727957,3.098555469892382,0.007819160868777139
CC(C)(C)OC(=O)N1CCCC1C(=O)N1CCC(Cl)C1,-5.319,-4.956,12.606413090169623,3.100282245215748,0.005818770762055717
CN1C(=O)c2ccccc2NC1c1cc(F)cc(Cl)c1,-7.329,-5.839,12.402010683756084,2.952721456554953,0.006695697618611304
C(=Nc1cccnc1)c1ccc(CSc2ncccn2)o1,-6.267,-4.772,4.819314162824416,3.583525777778081,0.5519365595979628
Fc1ccccc1N1CCN(CCn2cc(Cl)cn2)CC1,-6.624,-5.116,3.992321254608652,3.7988658833920423,0.6792974410821029
CC1C(OC2OC(COS(=O)(=O)O)C(O)C(O)C2O)=CC(C)(C)CC1O,-7.092,-5.498,4.797786468779118,2.9914668642657567,0.5951904512270301
Cc1ccccc1NCC(=O)NN=Cc1ccc(Cl)o1,-7.07,-5.093,4.46861287202192,3.5207296118844464,0.6276702347428663
CCC1CCCC(NC(CO)C2CC2)C1,-5.421,-4.512,12.781426641811155,2.8716779067297917,0.005314617794348375
CCC(=O)NC(=O)CC1(c2ccccc2)CCCC1,-6.749,-4.715,7.309920109002561,7.816760070515149,0.02124312666606154
NOC(N=O)C1CC1,-4.15,-4.084,11.633502911849037,2.8838269712311106,0.010880575686450296
Cc1[nH]cnc1CC(=O)NC(CCC(=O)O)C(=O)NC(CCC(=O)O)C(=O)O,-5.895,-5.095,4.74876247037057,3.087660926980163,0.600910826245269
Nc1ncc(S(=O)(=O)NCCOc2cccc(Cl)c2)s1,-6.928,-5.308,4.961799068886204,2.923307202467781,0.5617761551218592
CC1NNC(CN2CC=C(C3CCCCC3)CC2)C1c1ccccc1,-7.401,-6.151,4.378964489465517,3.392540493494513,0.6557680177220594
CC(C)N1CCCC(NCc2nccn2C)CC1,-4.362,-3.046,7.58723197220172,8.048161715572073,0.015553850953380624
CCNC(=O)NC(=O)CSc1nc2ccccc2n1CC,-6.747,-5.698,12.216707985378058,2.8276812055109755,0.007587443344025251
CSCCNC(=O)c1cccc(C)c1O,-5.468,-4.533,12.68689063561281,2.8609840964255646,0.00564241264673503
Nc1cc(C(=O)O)cc(OC(F)(F)F)c1OC1CC1,-5.912,-5.232,12.321380969680307,3.031687813743361,0.006996060929988557
COC(=O)CCCCC1(C)CCCC(=CC=C2CCCC3(C)C(=O)CCC23)C1,-6.532,-5.024,4.8698260749230045,5.125214336981431,0.34834005379188815
Cc1ccc(CCC2CCCCN(C(C)C)C2)o1,-4.814,-2.948,7.496373723341172,3.114380516250383,0.1400352040822157
CNC1(C#N)CCN(c2ccccc2OC)CC1,-5.658,-5.567,12.526674778248216,3.0827812118280478,0.006125915557857905
CCC(CC(=O)c1cccc(F)c1)OC,-5.843,-4.715,12.33509602719006,2.8857583058877263,0.007017318129272734
CCCC(C)(N)C(=O)N1CC(CC(=O)O)C1,-5.513,-4.571,12.156322881529595,2.932834294671283,0.007819054961459383
CCCc1nc2ccccc2n1CCCNS(=O)(=O)c1ccc(F)cc1,-7.904,-5.31,4.409707700063576,9.174471864908629,0.039079949734646756
CC=CC(=O)CC,-4.434,-3.204,12.558576073743394,3.0446730530551225,0.006025395083870698
CCC(CS(C)(=O)=O)NC(=O)c1ccc(COc2ccc(Cl)cc2)o1,-6.6,-5.64,4.348140522108272,2.9929298354622342,0.6892726029422044
Cc1onc(CC(=O)O)c1Cl,-5.192,-4.406,7.276071811080482,3.001703016622397,0.16172723984955453
O=c1ccn(-c2ccc(F)cc2)[nH]1,-5.865,-4.167,12.850544813353245,3.1425939922299864,0.004975402840664863
CSc1ccccc1C(=O)Nc1ccc(Cn2cccnc2=O)cc1,-7.139,-5.449,4.302299966297096,2.987498786610633,0.698440534941861
O=C(COC(=O)C1CC1c1ccccc1Cl)Nc1ccc2c(c1)OCCO2,-7.643,-5.455,3.6582893543294253,7.899001582478636,0.10215961799194069
COc1ccc(CN(C)C(C)CO)cc1Cl,-6.011,-4.546,11.881853180375527,2.941998980285343,0.009275546839050975
CCc1ccc(NC(=O)c2ccc(O)c(O)c2)cc1,-6.864,-5.508,12.828479021302565,2.7437853414580378,0.005205223696554791
COCCCC(=O)Nc1ccc(O)cc1,-5.436,-4.127,12.5932950811136,2.827778103034253,0.00599624376571717
Oc1cc(C(F)(F)F)ccc1C1(C(F)(F)F)CC1,-6.371,-5.316,12.339042628988686,2.74802711049218,0.007065907859114841
C#CC(CCCCC)c1ccc(OC(C)(C)CCBr)cc1,-5.475,-4.535,7.502937957893562,7.868176472347325,0.018299269432650013
COc1ccc(C(=O)c2cnn(C)c2)c(OC)c1Cl,-6.155,-5.048,12.653157866714537,2.973773864973596,0.00571345588128992
CN(C)CCCOc1cc(N)ccc1F,-5.48,-4.57,12.664306455546628,3.020452615089335,0.0056518849442583645
CC(=O)OCc1ccccc1OCCC(N)c1ccccc1,-7.103,-5.1,4.688847299710238,2.9805633695662292,0.6195249746274233
O=C(Cn1cc(C=C2NC(=S)N(c3ccc4c(c3)OCO4)C2=O)c2ccccc21)c1ccc(Cl)cc1,-8.359,-6.988,3.686725376265501,10.022336404252256,0.027150075377487443
CCN(CC)C(=O)C1Nc2ccccc2NC1=O,-6.224,-4.514,3.986949460427107,9.455884358429941,0.03651733125298213
COc1ccc(C=CC(=O)OCC(=O)Nc2ccc(Br)cc2F)cc1,-7.159,-5.318,6.971009324337473,8.06924841605462,0.02229984148010767
O=C1C2C=C(C=CC2)CN1Cc1cnccn1,-6.221,-5.146,12.622081009088793,2.9205896664886013,0.005849871453811333
CC(C)C(C(N)=O)N(C)C1CCC1,-4.817,-3.914,12.920334090107731,2.978388826194458,0.004833015371647693
O=C1C=CC(CO)(CCc2c(O)cc(O)cc2O)O1,-6.115,-5.666,12.128528393832452,2.7278660157713026,0.008069557091164274
CCc1ccc(C(NC(=O)CCc2[nH]ncc2N)C(C)C)cc1,-6.981,-5.106,4.578892988485317,2.9499020322715803,0.6446029168322227
CN(C(=O)C1CC1)C1CC(C(=O)O)C1,-5.358,-4.496,12.608450301286037,3.019914237192838,0.005852937055791206
O=C(Nc1ccc2oc(-c3ccccc3)nc2c1)c1cccc(Br)c1,-7.545,-6.42,5.149944562808419,3.6371710160507993,0.4789224870638415
Nc1nc(Cl)nc2c1ncn2Cc1ccc(C(F)(F)F)cc1Cl,-7.66,-5.554,12.301268999578866,2.8371113830796273,0.007192187483482813
O=[N+]([O-])c1cc(Cl)c(Oc2cncc(Br)c2)cc1F,-6.443,-5.037,8.929745853046434,8.962275436517224,0.0038435262788839696
N#Cc1cc(F)cc(-n2cccc(C#N)c2=O)c1,-6.691,-4.808,5.11110721859755,3.7995668174148487,0.4736420066235104
CC(O)C(Cl)c1cc(Br)ccc1Cl,-5.52,-4.314,12.688877176488075,3.1179894162745323,0.0055173433214673875
CC1(c2cccc(C3C=CC(=O)C3)c2)CC1,-6.61,-5.555,12.33930022327036,2.976034442004999,0.006950358820160568
Cc1nnc(C2CN(C(=O)C3(C)CCN(C)C3=O)C2)n1C,-6.569,-5.272,4.6211947589341,3.1597385967829683,0.6239415659802264
CCNC(=NCc1cccc(Cl)c1F)NCCCSC,-5.769,-4.951,12.683738644421842,2.9033768270756726,0.0056360560066276485
COC(=O)c1ccc(NC(=O)c2ccc(C)c(C)c2)c(C)c1,-6.857,-5.431,8.73568085497633,12.576421828167184,0.00045392079260041875
COC(=O)C1CCCN1C(=O)OCc1ccccc1,-6.578,-4.681,12.965667125142463,3.309429104845729,0.00454902872258166
CC(C)C(CO)Nc1nc2cc(N)ccc2o1,-5.725,-4.726,12.677864370626466,2.797415414270823,0.005699239981788535
CC(C)Cc1cc(C(=O)Nc2nc3ccccc3[nH]2)n[nH]1,-6.5,-5.588,7.145236035289527,6.42921597086301,0.053935433855191194
CC(NC(=O)NCc1nc2ccccc2[nH]1)c1cccc(Cl)c1,-7.453,-5.805,4.621912158403705,3.6231468366600885,0.5884397536285197
CC(Nc1cccc(C(C)(C)C)n1)C(=O)O,-6.426,-5.069,12.295148758758472,3.212177143309503,0.0069910138369130605
COc1cc(Cl)c(-n2cnnc2-c2ccccc2C(F)(F)F)cc1F,-7.308,-5.139,8.074769284629747,8.38266371745879,0.009367757667240191
Cc1ccc(C)c(S(=O)(=O)n2cc(CN(C(=O)O)C3=CC=CCC=C3)c(C)n2)c1,-6.343,-4.769,4.192476475783733,3.0272340510769893,0.7165652034219149
C=C1OC(=O)C(C)=CC1O,-4.9,-4.369,7.690240373356349,3.0779139039290873,0.12478314271354543
CCCN(C)C1CCN(C(=O)c2cn[nH]n2)C1,-6.429,-4.908,12.17767572240286,2.9969759758796863,0.007675913850973266
CCCNC(=O)C(c1ccc(Br)cc1)N(C)C,-5.843,-4.243,4.489285132401371,8.315945286015294,0.0650613369256876
Cc1ccc(OCCNC(=O)C2CCN(C(=O)C3COc4ccccc4O3)CC2)cc1,-8.519,-7.093,4.288870480674369,3.110229252000566,0.693502879070131
C=CCC(=O)NCN,-4.342,-3.593,12.559633314711062,3.002210185846421,0.00604325012323437
CCN(c1ccccc1)c1nccc(C(=O)Nc2ccc(OC)c(OC)c2)n1,-7.155,-5.817,4.30705572288077,3.029409678468729,0.6950815674093029
CN(CCCn1ccnc1)Cc1ccco1,-5.225,-4.556,12.340268919274004,3.17808338468329,0.006820379163362841
CCC(c1nc2c(Cl)cccc2s1)N(CC(C)C)C(=O)C1CC1,-5.976,-4.431,3.4621178489473756,8.885497566259302,0.057051527398612106
CCOC(=O)C(CC)C(Br)(Br)Br,-4.0,-3.394,12.790144995268818,3.134935406033113,0.005170624534183759
CC(=O)Nc1cccc(CNC(=O)C=Cc2ccccc2C)c1,-8.237,-5.783,4.362210448843568,6.2270555642293735,0.23706760253637166
Cc1ccc(NC(C)(C)C)nn1,-5.057,-4.19,12.397565446489887,2.985974212882623,0.006696401582906554
CCC1(CC)NC(=O)N(c2ccc(Cl)cc2Cl)C(=O)C1=O,-7.051,-4.827,7.804299456069071,3.434478417460213,0.11188403996843234
Cc1nn(C)c(C(=O)Nc2ccc(-n3ccnc3)nc2)c1Br,-6.592,-5.343,12.50695634437092,3.125828850081207,0.0061771063669846795
CN=C(NCc1ncccc1Oc1ccc(F)cc1Cl)NC(C)(C)C,-7.137,-5.441,7.9492005258390614,8.969411017452595,0.007029326358299252
CCCCCCCCCCCCc1ccc(OC(=O)OCC)cc1,-5.045,-4.263,12.485183779184029,3.164248567985771,0.006238427169976807
CCC(C(C)=O)n1cccc1C,-4.625,-3.94,11.747759062902167,8.91690876929892,0.0006806432991723582
CC#CC(=CC)CCC,-5.237,-3.391,12.875820129218953,3.398784488607655,0.004760251035392907
Cc1ccsc1CC(O)c1cc2ccccc2o1,-6.803,-4.808,4.29967196423169,10.262279912378144,0.02045195107396196
CC(NC(=O)C1CCCC1CO)c1ccc(C(N)=O)o1,-7.477,-5.351,12.240775057160391,2.8780064280678737,0.007447618651614555
COCCN(CCC(C)C)C(=O)c1ccc(N)cc1,-5.494,-4.557,12.044854959691296,2.9387231921363415,0.008379343928738342
Cc1cc2c(nn1)CCC(NC(=O)c1cnn(C(C)c3ccccc3)c1C)C2,-8.37,-6.362,7.180716746955,9.868379451561436,0.006418825758387077
CCCS(=O)(=O)CCNCc1ccn[nH]1,-5.233,-3.968,6.788263179930489,3.371436785704278,0.208638001948618
COc1ccc(Cn2nc(N)c3c(C(=O)N=C(N)N)cccc32)cc1,-7.635,-5.465,7.740009431518801,3.1959175521280265,0.11966065595979133
Cc1ccc(N)c2c(=O)c(=O)c(=O)c12,-5.294,-5.026,12.298806324192604,2.9487817823636933,0.00714401311708994
NC(=O)CN1CCC(O)(C(=O)O)C1,-5.133,-4.743,6.391667935680013,2.9276669892595373,0.2745108796967912
COCc1noc(CNCC2CC(O)C2)n1,-6.027,-4.495,12.404574398180698,2.8310473327021572,0.00674534761529675
CCOc1ccc(Nc2nccc(C3CCCN(C)C3)n2)cc1,-6.71,-5.108,7.124595427110229,9.522691951333929,0.008238415326527826
CCCc1cc(C(=O)N2CCCC(C(=O)O)C2)no1,-7.32,-5.868,12.10574892354868,2.9538657721704284,0.008056884072174324
CCCCOCCCN1C(=O)CSC1=Nc1ccc(Nc2ncc(C(F)(F)F)c(Nc3nn[nH]n3)n2)cc1,-7.642,-5.497,7.855854950290261,3.18550058860456,0.11154998044650923
CC(=O)Nc1ccc(OCC(O)CSc2ccccc2Cl)cc1,-7.066,-5.202,12.698463135356183,2.968103940228509,0.005556485785715154
COC(=O)c1cc(Cc2ccc(OC)cc2)nc2onc(C(N)=O)c12,-6.841,-5.535,9.055064108000561,8.727814904086818,0.004113390734889862
COc1cc(C=NN=c2oc3ccccc3n2C)cc(OC)c1OC,-6.81,-4.917,4.563021586624372,4.663890757725785,0.4643746851347753
Cc1cccc(-c2nc(N)nc(Cl)n2)c1C,-6.452,-5.123,12.064815705181742,3.0951985396739894,0.00816647552382836
Cc1cc(CN2CCCC(c3ncc(Cc4ccccc4Cl)o3)C2)ccn1,-8.118,-5.812,7.369941519442334,7.529242524982177,0.024432354969274213
CCCC=CC(CCCCCCCCC)OC(N)=O,-5.473,-3.506,11.254754950686399,8.084771177961688,0.0015524190156339824
CC(C)(C)OC(=O)NCc1ccc(-c2coc3cc(Cl)ccc23)cc1,-6.51,-5.604,7.321464744161513,8.437418799609274,0.01437277976501716
O=C(NC1CN2CCC1CC2)c1ccc(OCCn2cccn2)cc1,-6.75,-5.189,7.423301893362549,9.700845787868191,0.006151126524617884
CNC(=O)C(Cc1ccccc1)N(Cc1ccc(OC)cc1)C(=O)COc1ccc(C)cc1,-7.015,-4.643,4.870936049672589,8.324229333698105,0.05669144723632932
CCOc1cc2occ(-c3ccccc3)c2cc1CN1CCN(c2ccccc2O)CC1,-7.695,-2.907,7.487850826505559,7.681783321599224,0.020710760167043072
CCc1cc(CN2CCn3nc(C(=O)O)cc3C2)n(C)n1,-7.249,-5.353,4.373820412408357,3.038505060058318,0.6816079546397249
CCOC(=O)c1nc(CC)nc2c1CCN2c1ccccn1,-6.171,-4.781,4.500604514951297,5.5288680577492535,0.3289638168064033
COc1ccc2c(C)c(C(=O)Nc3cccc4ncccc34)[nH]c2c1,-8.034,-5.997,8.669230992423723,11.611848646964015,0.0008644104076193858
CC(C)CN(C(=O)c1ccc2c(c1)CCO2)C1CCS(=O)(=O)C1,-7.427,-5.056,3.354955290313122,7.430131963834829,0.1421100487203213
Cc1ccc(C(=O)NC(=O)c2ncccc2N(C)C2CC2)cc1,-7.449,-5.752,4.59349572765666,5.472486089520922,0.32814698943744935
O=C(O)C1(CCCOCC(F)(F)F)CCOC1,-5.916,-4.405,12.200721331134481,2.8117683048217184,0.007671946810597088
CN(Cc1ncc[nH]1)C(CN)C(N)=O,-4.679,-4.334,12.710307824753892,2.98138709328393,0.005509584306102479
Cc1ccc(C)c(S(=O)(=O)NCCC(=O)c2ccc(Br)cc2)c1,-6.856,-5.524,3.439035184466712,10.432730946401332,0.02179696969731225
CCCCCCCCCCOC(=O)NC(C)C=O,-5.15,-4.254,12.172273945323445,2.7126562627800817,0.007859216673620217
CC1(C)CCC(NCC(O)c2ccccc2)(C(=O)O)CC1,-7.186,-5.165,12.724259074696647,2.8201363442216763,0.005527895308519596
COc1cc(C=NNC(=O)c2cccnc2)ccc1C,-6.337,-5.31,4.194659700142552,3.1713143962716788,0.7066842062121996
CC1CC(C)CC(NCc2cccc(C(=O)O)n2)C1,-6.919,-5.71,4.344310762364957,2.8127683871943665,0.699385817913272
O=C(NCC1CC1)c1cccc(N2CCC(Oc3ccccc3Cl)CC2)n1,-7.282,-5.565,4.25859554313391,3.501732713957478,0.6683052970037247
CC1CCC(C)(C(=O)NCC2(C)CCC2)N1,-6.061,-5.437,12.611646046412815,3.210508215220762,0.005737353316602719
CC(NC(=O)c1cc2c(n1Cc1cccc(F)c1)CCC2)c1ccco1,-7.485,-5.303,3.4991548979717946,8.390708313366638,0.07719759600870454
CC1=NN(C2CC2)NC1C(=O)Nc1ccc(C)cc1C,-6.871,-5.403,4.565986530860553,3.673015927000589,0.5946571589680253
Cc1cn(CC(=O)N2CCOCC2)c(=O)s1,-5.794,-4.444,12.291393859119479,2.7827127052572282,0.007263306729681883
C=CC1(Cc2ccc(C)cc2)CC1,-5.134,-4.066,12.59288183856261,3.5335530277611515,0.005578793293093221
CCn1c(SCC(=O)NC(C)(C)C)nc2c(cc(C)n2Cc2ccccc2)c1=O,-6.475,-5.135,4.106926466349258,5.311848924809516,0.4062718339500357
Cc1cc([N+](=O)[O-])ccc1NC(=S)Nc1ccc(C(=O)O)cc1,-6.955,-4.994,6.798469460106442,3.1232940943817638,0.21302835143571858
CNC(=O)C1CCN(C(=O)Cc2ccc(OC(F)(F)F)cc2)C1,-7.206,-5.065,4.353964285567808,3.3686808991057613,0.6624339728166624
c1ccc(CC2CCC(C3CCCO3)N2)cc1,-6.852,-5.461,12.840517668692334,2.952967490508488,0.005090569503222496
CSc1ccc(C=CC(=O)c2ccc(Cl)c(Cl)c2)o1,-6.6,-4.546,5.260372325225657,3.5375412365087704,0.46304457304413854
Nc1nonc1-c1nc2ccccc2n1Cc1cccc(Cl)c1,-7.974,-5.975,4.39973874224368,6.457242522935003,0.20576460885249775
CCCN(CC1CC1)c1ccncc1C(=O)O,-5.459,-3.952,7.141930341301292,2.9544686493513517,0.17606200475831937
CCN1C=CN(C)C=C1,-4.047,-3.203,13.138594293150238,3.4037253120661775,0.00403677676280144
CCCCCCC(CN)N1CCCC1(C)C,-5.601,-4.711,12.83731704835555,3.0791609246676273,0.005046586741643158
CN(C)CCOc1cnccn1,-4.712,-3.979,12.607660925009048,3.045660191157248,0.005842858471748614
CSC(=O)C[n+]1ccc(O)cc1,-4.533,-3.956,12.3061833644717,2.8898671249730494,0.007143111521679007
O=C(c1n[nH]c2ccccc12)N1CCC(C2CC2)CC1,-6.827,-5.13,12.875144154532794,2.7643695483780744,0.005049019274483397
Cc1cc(O)c(CCl)c2ccccc12,-5.706,-4.808,12.827289113448717,2.8259658525891647,0.005181095937541755
COc1ccc(Nc2nc(Nc3cccc(O)c3)ncc2Cl)cc1C(F)(F)F,-8.074,-5.808,3.9095852721228628,5.394579223628105,0.4082461970085117
CCC(C)NC(=O)CCNC(=O)C1(c2cccc(Cl)c2)CCCC1,-6.769,-3.98,5.613163368369034,3.6553047752547263,0.38440670794046283
Cc1nc(CNC(=O)Cn2cc(C(N)=S)nn2)cs1,-6.237,-4.607,4.842393726247381,3.407316539448602,0.560701588956735
CN(CCCCN1CC(O)CC1c1cccc(F)c1)C1CC1,-6.454,-4.898,4.267531136383189,3.0419569359213483,0.7018113222293982
Cc1ccccc1C(N)c1ccc(Br)s1,-5.903,-4.72,12.667430797126938,3.0081213406377083,0.005646733331047946
CCc1cccc(CC)c1NC(=O)C(C)N1CCN(C(=O)c2ccccc2Cl)CC1,-8.002,-6.102,4.8067854123103935,2.798066117874987,0.6017809771059865
COc1ccc(S(=O)(=O)NCCCCC(=O)O)c(C)c1,-6.179,-4.864,11.91289868168113,2.946453121975641,0.009094152770919147
Cc1nn(-c2ccccc2)c(C)c1NC(=O)NCc1ccccc1,-7.194,-5.558,12.736392935207363,3.2999945454500375,0.005255561163089489
Cc1ccc([S+](C)c2ccc(-c3c(C)cc(C)cc3C)c(C)c2)cc1,-7.821,-5.803,7.384334025489367,9.53840364002279,0.006970719209688543
CCC(C)NC(=O)C(C)N(CCc1ccccc1)C(=O)CN(c1cc(Cl)ccc1OC)S(C)(=O)=O,-6.667,-4.69,4.524677889087798,8.175000305810391,0.0702108717445725
CCOc1ccc(OCCC(=O)NCC2(c3ccccc3)CCC2)cc1,-6.75,-5.58,4.973189419276125,3.01332241885929,0.5551857716909175
Cc1cc(CCCN)cc(CN2CCCC2)c1O,-6.811,-4.749,12.417230689650573,2.8577531383938672,0.0066796938921822
Cc1ccc(NC(=O)C(C#N)=Cc2ccc(OCc3ccccc3Cl)c(Br)c2)cc1Cl,-7.984,-5.949,4.905829287694385,3.567939461369827,0.5352361144808395
Fc1ccccc1-c1c(-c2ccco2)n[nH]c1-c1ccccn1,-7.077,-5.477,3.4203195757121883,8.663960353094883,0.06584131251467171
CCn1c(C)ccc1C(=O)OC(C)C(N)=O,-5.575,-4.293,7.781821958898828,3.0438301529487477,0.11831482320551646
CCCNCc1coc(-c2ccc(Cl)cc2)n1,-6.073,-4.489,5.18592576113465,5.11518386766302,0.3071464955262896
O=C(O)CC1(N(I)c2ccccc2)CCCCC1,-5.959,-4.743,12.522894753211016,3.1796872487714887,0.006083731657697971
COc1ncccc1NC(=O)C1CNc2ccccc2O1,-6.833,-5.113,7.163122992103375,7.555996492852547,0.027244658162405136
Cc1ccc2c(c1)CCN(C(=O)Nc1ccc3oc(N)nc3c1)C2,-8.12,-6.228,4.164520980857222,3.357636222106261,0.6975910624878903
O=C(C=Cc1ccc(O)cc1)OC1OC(CO)C(O)C(O)C1O,-7.169,-6.233,4.578605246142104,2.8656201772042293,0.64876061637186
N#Cc1ccccc1-n1ncc2c(Cl)nc(C3CC3)nc21,-7.446,-5.281,8.998841258739926,13.127393953104326,0.00027308976399054424
Cc1ncc2c(n1)CC1(CCN(C(=O)c3cn[nH]c3)CC1)C2,-7.03,-5.546,4.689266360530184,2.9179828649257007,0.622490744613966
CC(C)(C)C(Cc1ccc(CO)s1)C(=O)O,-5.743,-4.668,12.04765396249411,2.8648549701511947,0.00841096207811875
Cc1ccnc(NC(=O)c2ccc(C(F)(F)F)cc2)c1,-7.139,-5.434,12.321985432551038,2.892875731862673,0.007071345095421593
C=C(C(N)=C(F)C=O)n1nc(N)cc1C,-5.125,-4.091,7.9698733992454365,8.168606551915694,0.011411708012484194
CCNS(=O)(=O)Nc1ccccc1CN,-5.446,-4.353,11.84623172152225,2.9005402944968717,0.00951438428347046
CCC(C)C(=O)N1CCC(C(C)C)CC1,-5.603,-4.705,12.904186491212844,3.2759929792354563,0.004745146022751284
Cc1cccc(C(=O)OC(c2ccccc2)C(C)N2CCC(=O)C2)c1,-6.961,-5.413,4.947591029986208,4.700952563045068,0.3988920151022897
CC(=O)Nc1ccc(C(=O)O)cc1NC(=O)c1n[nH]c2c1CCC2,-7.858,-5.951,6.241482115651698,2.9012264647903665,0.2994852813873084
Cc1cc(=O)n2c(n1)C(CC(=O)O)N=C2c1ccccc1Br,-6.865,-5.216,8.10316117327059,3.034374729660132,0.09712797162981866
CC1CN(C(=O)N2CCC2C(=O)O)C(Cc2cccc(F)c2)CO1,-6.904,-5.845,12.31423460877695,2.885000693240818,0.007109801343352672
O=C1CCC(C(=O)NC(Cc2cnc[nH]2)C(=O)O)N1,-6.663,-5.504,12.387556861625297,3.05195887914631,0.0067008014858003975
Cc1ccc(CNc2cc(C)ncn2)c(C)c1,-6.881,-5.447,12.787195235859974,3.260267780413137,0.005113964135768616
O=C(O)CC1(Oc2ccc(Cl)cc2)CCC1,-6.062,-4.732,12.624044439085282,3.0509859062276896,0.005780640956262565
CC(=CC(N)=O)c1ccccc1C,-5.616,-5.287,12.559425783052346,2.8890283833842823,0.006097882441996319
O=C(NCc1ccccn1)c1cccc(F)c1,-6.851,-5.127,8.5587169599187,8.69197543714891,0.005727668300903826
CC1(C)CSC(=NCC2CCCO2)N1,-5.318,-4.639,12.68870103674919,2.8507455165272115,0.005640128167707015
C#CC#CC#CC#CC#CC#COc1noc(C)n1,-5.74,-4.814,7.6386811688929654,7.406126990539658,0.022351831126534914
CCC(NCC(C1CC1)N1CCCC1)C(=O)O,-5.437,-4.717,5.77697792967915,2.9240945607144786,0.38455731198262777
O=C(O)CC1(COc2ccc(F)cn2)CC1,-6.077,-4.84,12.007435946112727,2.995559547062953,0.008538594326963992
Cc1ccc(S(=O)(=O)NCCc2ccc(OC(F)F)cc2)cc1C(=O)O,-7.99,-4.563,11.097922463236081,8.448798612820642,0.0013666258924881387
CCCCCCOOOS(=O)(=O)OCCCC,-4.903,-3.794,4.937249639222225,5.794432155095096,0.24632008112580345
Nc1ccccc1NC(=O)c1ccc(C(=O)c2cccs2)s1,-6.823,-4.921,4.647534938007459,3.611685202229011,0.5843963926370355
C=C1c2ccccc2N(C(C)C(=O)OC2CCCC2)C1C,-7.426,-5.022,4.2513267340913705,5.339345559148612,0.38689411827560666
N#Cc1ccc(-c2nc(C3CCCO3)[nH]c2-c2ccccc2)cc1,-7.841,-5.752,7.434811968032546,7.76106545520652,0.020375254312039626
CC1CC(O)C(CNCc2ccccc2-c2ccc(C3OC(c4ccc(CO)cc4)CCC3C)cc2)O1,-8.854,-6.366,4.440643872232943,3.738410491104475,0.6116652490900044
O=C(CNC(=O)OCC1c2ccccc2-c2ccccc21)NCCOCCO,-6.834,-5.493,3.838308351344378,4.015144704739793,0.6709523119228503
O=C(CN1C(=O)c2ccccc2C1=O)OCC(=O)N1CCOCC1,-7.199,-6.319,4.7601683793748295,3.0562377198117288,0.6001273929639812
NC(=O)CN1CCC(NC(=O)CC2CC3CCC2C3)CC1,-6.699,-5.444,12.281605554649603,2.876345250487153,0.007260854504950823
CCOC(=O)c1c(C)nn(CC(=O)N2CCc3cc(OC)c(F)cc3C2)c1C,-6.54,-5.44,4.851365993202326,3.1910680030359733,0.572756611047063
CCN(CC1CC1)C1CC1C,-4.204,-3.391,12.73821455306826,3.059600300692886,0.0053784538948174355
Cc1cccc2c1CC1(CCCOC1)CN2,-6.406,-5.078,12.736083306888347,3.353530080377989,0.005223705818683126
CCC(CN(C)C)NCc1cc(Br)c2c(c1)CCO2,-6.15,-4.422,13.032206643542759,3.3272192593816228,0.004354722600163502
CC1CCCCC1CCC(=O)NCC1CCC(N)C1,-6.002,-5.13,8.439779025543263,8.856554973577481,0.005566544653710528
CC(C)CNC(=O)N1CCc2cc(CN)ccc21,-6.401,-5.516,12.64130333470406,2.8835583919872345,0.005796020524490175
COc1cc(CN2CCN(c3ccc(F)cc3)CC2)c(OC)c(OC)c1,-6.893,-5.144,5.644201006342704,3.768086782440128,0.3712741911179391
CCC=CCC=CCC=CCC=CCC=CCCCCOCC(COP(=O)(O)OC1C(O)C(O)C(O)C(O)C1O)OC(=O)CCCCCCCCCC=CCC=CCC=CCC,,,,,0.0
CC(C)NCC(c1cccc(Cl)c1)C1CCCC1,-6.326,-4.486,7.253013235890307,8.109440486248111,0.01835682188180683
COc1ccc(S(=O)(=O)N2CCCC(CO)C2)cc1,-6.696,-4.805,12.210877691632163,2.8768317642851478,0.007588730802320667
CC(C)(C)c1ccc(CC2CNCCC2F)cc1,-6.007,-5.07,12.52977673384486,2.6011797323522265,0.006325508513873384
CC(=CCS)c1nc2ccc(C)cc2s1,-5.564,-4.428,12.572894058250869,3.055127002270118,0.0059662456614646515
O=C(CCC1CCCC1)N1CC(F)CC1c1ccc(F)c(Br)c1,-6.894,-4.734,7.287869784786224,8.208308839218953,0.016906814437317907
CC(O)c1n[nH]c(=S)n1-c1ccccc1,-5.244,-4.761,12.573172749946611,2.8743503613860306,0.006052199564498572
Oc1ccccc1OCc1nn[nH]n1,-6.019,-5.049,12.297918075837064,2.813972281313375,0.007218716188768681
Cc1cn(C2CC2)c(N(CCN)C(C)c2ccc(F)cc2)n1,-6.409,-4.233,7.949559799133534,2.93268494727954,0.10768151010058781
CSc1nccs1,-3.188,-2.704,12.89538874947165,3.0878662535802937,0.0048628607147493666
Cc1cc(O)ccc1NC(=O)Cc1cccc(C#N)c1,-7.272,-5.774,4.48633859622744,2.9700609421356994,0.6628463016447587
C=CCOC(=O)NC1C(O)C(OCc2ccccc2)OC(C)C1OC,-6.556,-5.052,4.545474452683679,5.278274433941456,0.3650478429624005
CCNC(CCN(CC1CC1)C1CC1)C(C)(C)C,-4.938,-3.794,7.195946845273387,8.036852244504685,0.019873240142353327
O=C(NC1CC1)C1(c2ccccc2F)CCC1,-6.471,-4.998,12.66586447898445,3.2419682293322984,0.005527790789847483
CCOC(N)N1CCCC=C1CC=O,-5.099,-4.382,12.387171307445456,2.910633951564504,0.006780061457674857
CC1N2N(C(=O)c3ccccc3)c3ccccc3C12C,-7.062,-5.647,12.174768786305552,2.73840062810393,0.007834590930644513
CN(CC(=O)O)C(=O)NCC[S+]([O-])Cc1ccccc1,-6.171,-5.154,3.9111890775057145,5.068125886360756,0.4720445163293114
CCc1nc2ccccc2n1-c1ccc(C=NNC(=O)COc2ccc(C)cc2C)cc1,-7.744,-6.332,7.4324344598523036,7.353102542464643,0.026186065849888092
CC(CNC(=O)C1CCCN(CCO)C1)Cn1ccccc1=O,-6.614,-4.999,3.7881051991728003,2.9698959577736046,0.7859023617029899
COc1cc(CN(C)C)c(O)c(C2=C(C(C)(C)C)CC(C)Cc3ccc(N(C)C)cc32)c1C,-4.834,-4.008,4.697894847695081,4.435034272697338,0.4776321902928337
C1CC(SCc2noc(C3CC3)n2)CCN1,-6.28,-5.171,12.587538003914824,3.0811361540834254,0.005898155243312522
COc1ccc(C2CC2C(C)=O)cc1,-6.077,-4.338,7.2070652140798614,8.96079137130198,0.011125917037614444
CCOc1ccc(Cl)cc1S(=O)(=O)N1CCN(C(=O)c2ccc(Cl)cc2)CC1,-7.508,-5.292,4.931749892279615,2.8334069598276916,0.5722591178910724
CCc1cccc(C)c1NC(=O)CSc1nnc(CCC(=O)O)n1C,-6.626,-5.985,4.30319427867253,2.881397404038535,0.7040281343909649
CC(C)(C)OC(=O)NC1CC(NC(=O)C2CCN2)C1,-5.685,-4.56,6.816180308647944,3.1741964337450814,0.20976372837309776
CN(Cc1cc(C(=O)O)no1)C(=O)Cc1ccc(Cl)cc1,-7.331,-5.669,4.5165409330592805,3.114827443053627,0.6483891124696058
CC(C)N(Cc1ccco1)c1ccccc1,-5.672,-4.121,12.635692422657335,3.166208773912422,0.005677266216214258
Cc1ccc2nc(C=Cc3ccc(F)cc3)c(C)nc2c1,-7.139,-6.004,7.135218006480251,7.406270451448556,0.030357997317529382
Cc1cc(C(=O)N2CCN(Cc3nc(-c4ccccc4Cl)oc3C)CC2)n[nH]1,-7.491,-6.693,4.377320984346475,3.227723810985072,0.6686669026695559
CC(C)Oc1cc2c(cc1-c1ccc(N3CCC(F)C3)cc1)C(C)N=C2N,-7.156,-5.819,7.205258635191384,8.060779800986998,0.019471794400381784
O=C(COc1ccc(Cl)cc1C(=O)O)OS(=O)c1ccccc1,-7.365,-5.947,12.045655689915764,2.886515892906187,0.008408251773552993
CCSC1=NC=CCN1CC,-4.41,-3.735,12.752233412230188,3.2440852331589567,0.005236125990179306
CC1CN(Cc2ccc(C(=O)O)cc2)CCN1,-6.312,-5.108,9.77503938610991,8.801270362851035,0.00250821484151015
CC(=O)OC1C(CO)OC(CO)C(Sc2ccccc2)C1OC(C)=O,-6.12,-4.223,5.972726680503636,2.833602124505133,0.3489640914294519
CCS(=O)(=O)CCN1CCCC(C)C1CN,-5.382,-4.669,12.148916824145271,2.8490996823558143,0.007904013469956924
Cc1ccc(NC(=O)C2Cc3ccccc3N(C)C2=O)cc1F,-7.827,-6.123,4.605001954396979,5.328783163162112,0.3498299469270508
O=C1CC(n2cncn2)C(CO)N1,-4.998,-4.621,13.016226680570679,2.6927320698502473,0.004643320629364105
COc1c(Cl)cc(Cl)cc1C(O)=C1C(=O)C(=O)N(c2cccc(C(F)(F)F)c2)C1=O,-8.049,-5.966,4.562401341399067,3.1682076952119167,0.6356473747924631
CCC(CC1CCC(=O)CC1)OC(C)N1C2CCC1CC(NC(=O)OC(C)(C)C)C2,-6.517,-5.502,4.2009844084452395,3.4574855025003353,0.6825084258427052
Cc1ccc(NC(=O)CN(c2ccc(Cl)cc2Cl)S(C)(=O)=O)cc1,-6.942,-5.461,4.577553276587832,3.4823286748955797,0.6096184221294535
CCOC(=O)CC(O)(c1ccccc1)C1CC=CCC1,-6.153,-4.573,3.8787128019486055,9.214177011540423,0.043415270567214455
COCC(C)Nc1nc(C)cc(C)n1,-5.612,-4.488,12.194564731879527,2.998868119807871,0.007594129730968653
Cc1cc(C(=O)Nc2ccc3nonc3c2Cl)n(Cc2ccc(-c3nn[nH]n3)cc2)n1,-8.626,-6.413,4.810964560251925,3.0431845162592426,0.5896973797625059
C=CCC1(O)C=CC(OC(C)=O)C2(O)CC(C(=O)OC)C(C=O)(OCc3ccccc3)C12,-6.019,-4.875,8.334997060587364,12.06420581720985,0.0008017894052194552
CCCN(CCC)C(=O)c1cc(C)ccc1N,-5.719,-4.526,12.628114784083964,3.2130225645021535,0.005677118091598564
CC1(O)CCC(NC(=O)Nc2ccc(C(F)(F)F)nc2)CC1,-7.004,-5.072,4.882695362194942,4.081604341432422,0.4901407481668769
CC(C)Cn1ncc(NCC2(Cc3ccccc3)CCC2)c(Br)c1=O,-6.533,-5.395,4.832475659535182,3.7713248335299894,0.5324820442509466
CC(C)NC(=O)CN1CCN(C(=O)Cc2noc3ccccc23)CC1,-7.822,-5.59,4.627110653528831,3.1367304633965607,0.6240968139712125
CCCCCCC1(Cl)CC(c2ccccc2)=Cc2ccccc21,-7.095,-4.723,7.307883825020756,8.19658032352517,0.016824480051863128
CCc1ccoc1C(=O)N1CCCCCC1CCC(=O)O,-4.974,-3.579,7.650934975543838,3.197750928387012,0.12636014477061977
Cc1cc(C(C)C)ccc1NC(=O)N1CCOCC1C,-6.527,-5.02,4.655560224076152,5.757018412338108,0.2787125464786919
CCc1ccc(OCc2nc3ccccc3[nH]2)cc1CC,-7.094,-5.907,8.431605541058003,8.819423677315882,0.005725620480662321
COc1ccc(C2(c3nn(CN4CCN(S(=O)(=O)c5ccccc5Cl)CC4)c(=S)o3)CC2)cc1,-8.255,-6.352,3.999728990819253,3.0510414615340777,0.7482712996117072
Cc1nn(C)c(C)c1CN(C)c1ncccc1C(N)=O,-6.345,-4.932,11.84929373422737,8.796926338216092,0.0006883192994677587
O=S(=O)(Cl)c1cc(C(F)(F)F)ccc1Cl,-6.683,-4.687,12.501466833935927,2.86126545430514,0.006335551436626871
CC1CC1n1c(CCl)nc2ccc(Cl)cc21,-5.905,-4.809,12.114732890163117,3.110607336196582,0.007904335081447288
O=C1CCC(=O)N1c1ccc2c(c1)CCCN2,-6.706,-5.559,12.397525922537932,2.9671976678340797,0.0067067617683091345
CC(Br)CCNc1cc(N)cc(N)c1,-5.015,-4.387,12.665761840489502,2.9605507933491033,0.005674640656555244
Cc1cc(C)nc(C[S+]([O-])c2ccc(N)cc2C)c1,-7.226,-4.944,8.4879119340389,8.800755706187964,0.005593590815770278
CCC(CC)N(CCO)c1nc(Cl)ncc1Cl,-4.943,-3.963,12.625271521832708,2.973282024968368,0.005814135392036579
CCC(C(=O)O)N(c1cc(C)c(F)cc1N)C(C)C,-5.554,-4.659,12.671745025843915,3.0321401682639935,0.0056200518167306285
NCCCCc1nc(CCOCC2CC2)cs1,-5.536,-4.459,4.201509014627958,3.139962260919707,0.7076289615442446
CCOC(=O)c1nc(CC#N)n(-c2cccc(C(N)=O)c2)c1N,-6.47,-5.542,12.482231010520515,3.0878246388031814,0.0062955618406234405
CC(=O)N1CCCc2cc(-c3ccccc3Cl)ccc21,-6.924,-5.02,7.600220654691547,7.814454683469602,0.01782211940061904
CN(C)CC1Cc2c(Cl)cc(Br)cc2C1=O,-5.989,-4.474,12.811897946830516,3.2824496949686837,0.005023265425461045
Nc1cc(Br)ccc1Nc1ccc([N+](=O)[O-])c2nonc12,-7.086,-5.192,5.03258641257157,3.257772398434243,0.5292974508203655
O=c1ccc2cc(C3CN(CCc4ccc(F)cc4)C3)cc(Cl)c2o1,-8.105,-5.767,4.88392874640898,3.2045339754791176,0.5648757146922336
O=S1(=O)CCCCN1c1ccc(CO)cc1,-5.946,-4.587,12.452850195838701,3.0638689593388295,0.006426096651339127
CC(C)C(CNC(=O)C1CC1)C(=O)O,-5.45,-4.372,7.711781311733366,2.8896575921724703,0.125054623570925
O=C(CCCn1nc(-c2ccco2)ccc1=O)Nc1ccccc1F,-7.492,-5.479,4.9566094258071205,3.194837241550812,0.5495272115402361
CC(C)CC(NC(=O)C1CC(=O)N(c2ccc(F)cc2)C1)C(=O)O,-7.364,-5.722,4.651410753739128,3.0010388201421185,0.6265361441652716
CCOC(=O)C(=O)c1c(C(C)C(=O)O)cc(O)oc1=O,-5.864,-5.329,11.638153461782501,2.918822536571896,0.010820708685625123
[C-]#[N+]c1ccc(-c2[nH]c(=O)sc2-c2ccc(-c3nc4ccccc4s3)s2)c(C#N)c1,-7.658,-6.036,7.439695289459104,7.664807760146369,0.02155138760468491
CC(=O)OC1C2CCC(C2(C)C)C1(C)C(O)CO,-5.681,-4.51,7.696806220764557,2.903870692713434,0.12607632274850192
CCCCc1ccc(NC(=O)N(CC)CC(F)(F)F)cc1,-6.579,-4.51,4.356772888274072,5.209828692001302,0.3985662796102746
Cc1ccccc1C=Nn1c(C)c(C)c(C#N)c1C,-7.003,-5.221,11.996429343767254,3.0799477268291415,0.008534937206951232
Cc1ncc(C)c(C(O)Cc2ccsc2)n1,-5.776,-4.856,7.988435453829491,3.0218358658272617,0.10437227487533407
O=C(NCC(=O)N1CCc2ccccc2C1)C(=O)NC1CC1,-7.1,-5.538,12.393943561272176,3.1427612063279637,0.006618406711357529
O=C1CCCC2(c3ccccc3F)c3ccccc3CC12,-7.497,-5.338,11.055658008458837,9.320013143767557,0.0008159644073336146
N#Cc1ccc(C2(NC(=O)COc3ccc(Cl)cc3)CC2)cc1,-7.183,-5.181,5.458841177392873,3.0799657465627766,0.44514167033590313
COc1ccc(C=C(C#N)C(=O)Nc2ccccc2Cl)c(OC)c1,-6.997,-5.058,7.285785956230119,5.176466941843633,0.0946432531818778
CC1CN(C(=O)C(Cc2ccccc2)NC(=O)C2CC2)CC1N,-7.053,-5.135,4.256414570974026,5.0318275010178946,0.44214299622624703
CC(C)OC(=O)C1CC(C(F)(F)F)c2c([nH]c(=S)[nH]c2=O)N1,-6.249,-4.821,11.413730108952112,8.724262318385435,0.0009454283665316598
Cc1cc(F)c(C(N)=O)c(NC(=O)CN2CC(c3ccccc3)OC2=O)c1,-7.838,-5.709,4.741155344428192,4.048555421381805,0.5206206261136128
CCN(C)C(=O)CN(C)C(=O)NC(C)c1cccnc1,-5.599,-4.455,8.493591701983325,9.016129990189805,0.004874563017697676
CCN(Cc1ccc(C)o1)C1CC(=O)N(c2ccccc2Cl)C1=O,-7.34,-5.106,3.979103542256723,5.484637544997846,0.38544650990271606
CCCC(C)Nc1cccc(F)c1N,-5.4,-4.412,12.313658270392274,2.8382378335861853,0.007136155497216819
O=[N+]([O-])c1cccc(-c2nc(-c3ccccc3Cl)c(-c3ccccc3)[nH]2)c1,-7.607,-6.099,7.565894130900854,7.731653251407489,0.019150880007570523
CCCSc1ccc(Cl)cc1Cl,-5.015,-4.116,12.728361834894544,3.3298153101936445,0.005263803211891938
CC(O)C1CCCN(C(C)C(=O)O)C1,-6.121,-4.505,12.987946796934455,2.9280939192587385,0.004651484808130701
Cc1ccc(NC(Cc2ccc(Cl)cc2)c2ccccc2)cc1F,-7.238,-6.045,12.698086942527997,3.2943840091889713,0.005386334284581671
COCCCN(C)Cc1ccc(Cl)cc1C(N)=NO,-6.086,-4.623,12.268582517960256,2.8110627883418045,0.00735372872748723
CSc1ccc(NC(=O)C(C)n2nc(Cl)c(Br)c2C)cc1,-6.697,-4.635,8.049950310405649,7.159750693983695,0.020148664795979605
CCC(CC)(CC(=O)O)c1ccccc1,-5.297,-4.452,10.929675749993685,8.335455896350242,0.0016286722648643003
Cc1ccc(NC(=O)c2nccc(Br)c2C)cc1Cl,-6.981,-5.175,8.59448480131299,12.562973095569376,0.0004997428377508229
CC(C)(C)OC(=O)C(N)CCCN=C(N)N,-5.686,-4.37,12.908554915249033,2.993988309930418,0.004862512450274871
CNCc1cnc(OC2CC(C)CC(C)C2)c(C)c1,-6.254,-4.907,4.4120793283892805,7.885747396410817,0.08688645541628817
COCCNCc1ccc(N2CCCC2)o1,-6.03,-4.591,12.485008810569578,3.163553697979537,0.006239538618592967
CNCc1ccc2c(c1)CCC(=O)N2C(C)(C)C,-6.122,-5.325,12.322487614114287,3.103232185963533,0.006946656874325339
CC(C)C(NC(=O)C1CCN(C(=O)c2ccco2)C1)c1ccc(Cl)cc1Cl,-7.854,-5.775,4.240801339369718,3.1282897883668004,0.7012604522230174
COC(=O)c1ccc(N2C(=O)CC(N)C2=O)cc1,-6.166,-4.787,12.498046807401547,3.103563919109771,0.006224610064222532
CCN(CC(=O)N(C)C)C(=O)N1CCN(Cc2cc(C)no2)CC1,-6.731,-5.204,4.2787168637338,3.2824763517807702,0.683235434355309
COc1cccc2c1ccn2Cc1cc(C)c(C(=O)O)s1,-6.933,-5.395,3.6755263568637346,3.544084790182085,0.7521674995117323
Nc1cccc2oc3c(c12)CCNC3=O,-5.803,-4.988,12.80966736492404,3.1493880357936206,0.0051007822502353445
CCn1ccc(S(=O)(=O)NC2CCSc3ccc(Cl)cc32)c1,-6.852,-5.186,7.286282316792288,7.626598324285867,0.02421901003616917
c1ccc(COc2cncc(-c3ccc(-c4cnccn4)cc3)c2)cc1,-7.937,-6.13,7.688389298156019,7.295724090177752,0.02318543418285642
O=C(CCC1CCNC1)NC1CCCN(CCOCC(F)(F)F)C1,-6.594,-4.341,5.669850438944576,3.0828546835684607,0.40095979677894705
COC1CC(OCc2ccccc2)C(COC(C)=O)O1,-6.518,-5.282,12.177786662608277,3.0453100006403298,0.00764390047501288
Cc1cc(-c2ccc(C(=O)O)s2)nc(C(C)(C)C)n1,-6.574,-5.409,5.095977335114432,2.969651494704388,0.5296250929383836
COc1cccc(NC(=O)C2CCC(C)(C)N(C)C2=O)c1,-7.058,-4.893,7.9482577965237144,11.016914722371231,0.0019595358340372786
O=C(O)C=Cc1cccc(C(=O)NCCc2ccncc2)c1,-6.988,-5.699,4.522479297907288,3.067831481682134,0.6499669521280458
CC(C)N(CCC(C)(C)C#N)c1ccccc1F,-5.812,-4.681,12.656197414705572,2.9919131003423214,0.005694181122011702
NC(N)=NCc1ccccc1NC(=O)c1cccn1C1CCC1,-7.083,-5.163,12.412834446652385,2.8828031497138333,0.006685985142247927
COc1cccc2c1OCCC2NC(=O)CN1C(=O)c2ccc(Cl)cc2C1c1cccs1,-8.081,-6.138,3.8573777362348114,3.777112389114204,0.7011042110802266
Cc1cccc(N2CCN(c3ncccc3C(=N)N)CC2)c1,-7.332,-5.547,4.694366410922777,4.214030849436202,0.5085734750018638
c1cnc2[nH]cc(-c3ncn[nH]3)c2c1,-6.561,-4.696,12.856217017458908,3.009375516614701,0.005017764278591597
Cc1ccc(Cn2cc(C=N)c(N)n2)s1,-6.067,-5.119,12.85317396598988,2.8320037076246916,0.00509583337088932
COCc1ccccc1NC(=O)c1cc(COc2ccc(Cl)c(C)c2)cs1,-7.511,-5.478,4.711461450548014,3.4796203815933713,0.5826519122334116
CCc1cccc(C)c1N1CN(CCC2(O)C=CC=C2)Cc2ccc(C(F)(F)F)cc21,-7.645,-5.784,4.8880869468535435,4.063975024529556,0.49111668102657063
Cc1ccc(C(=O)C(C)(C)O)nc1,-5.031,-4.356,12.59448014012488,2.942139697567062,0.005941773876589322
Cc1cnn(C2CN(CC3CC3)CC2O)c1,-6.189,-5.321,12.159656450739059,3.181181227154467,0.0076329853086715286
CC(C)(C)c1nc(CSc2nnc(C3CC3)o2)cs1,-6.621,-5.257,12.724716774844145,3.1479887229785306,0.005379646352796224
CC(=O)N(CN1C(=O)NC2(CCCC2)C1=O)c1ccccc1Cl,-6.574,-5.041,6.75573016038977,3.1717908190799724,0.21744625929361422
COC(=O)c1c(N)c(C#N)c(N)[nH]c1=O,-5.187,-5.013,12.35529331905965,2.8567654786488865,0.006943813934967097
CC1=CC(C)(C)N(C)c2ccc(OCCCC(=O)NN)cc21,-7.063,-5.375,4.883182056815003,3.291048617082403,0.5597794607110556
CC(C)c1ccc(-n2ccnc2CC(=O)O)cc1,-6.992,-5.054,8.591503593667408,12.30455175941001,0.0005884259682504941
CC(C)(C)Cc1ccc(C(=O)CO)cc1,-5.456,-4.786,12.267761531754683,3.0063326495915264,0.007250050094652764
C#CCN(CC)S(=O)(=O)c1cc(C)c(C)cc1Br,-6.192,-4.427,12.61751302753439,3.1364978877722844,0.005758830956577745
CCCCC(C(=O)O)N1C(=O)c2ccccc2C1=O,-6.326,-4.949,10.964780389957658,8.4548278515887,0.0014796320438001773
O=c1nc(C23CC4CC(C2)CC(C(F)F)(C4)C3)c(=O)[nH]c(=O)[nH]1,-8.237,-5.026,6.818156422376946,7.961877228392812,0.026097372282577358
CN=C(C)N1C(=O)C(=Cc2ccc(C)s2)N=C1c1ccccc1C,-6.378,-5.17,4.363504440240666,3.8688679222739046,0.6107844422193925
CC(=O)N1CC2(CCCN(C(=O)c3ccco3)C2)C1,-6.092,-5.427,12.44573541418907,2.9643850964407448,0.0065091704103784976
CCOP(=O)(OCC)c1nc(C)nn1CC1CCCO1,-5.355,-4.058,4.344255632441534,4.804723613278916,0.4718557452975061
CC(NC(=O)c1ccncc1)c1cccc2c1OCCO2,-7.181,-5.609,12.15913890865632,2.8025606148663407,0.00787880760763353
CS(=O)(=O)CCCNCCc1ccccc1CC(=O)O,-6.053,-5.228,11.952711031393672,2.8398135502176904,0.008940934686691096
O=C(NCC(O)c1ccc(F)cc1Cl)c1ccncc1,-7.078,-5.517,11.814422795888085,2.886921716985065,0.00971519269591986
Cc1ccc(C)c(C(C)NC(=O)CCNc2ccccc2S(C)(=O)=O)c1,-6.584,-5.436,4.359256129203696,2.9502250761594437,0.689468627878751
CCC(C)C(NC(=O)COC(=O)CC(O)c1ccc(OC)cc1)c1ccccc1,-6.771,-4.539,3.7695700020028804,9.485457395402713,0.03741834273989755
Oc1c(-c2ccccc2)oc(-c2nn[nH]n2)c1O,-7.039,-5.891,12.600114840746492,2.8072187303450367,0.005979093892472383
CNC1CC(c2cccc(CN=[N+]=[N-])c2)C1,-6.696,-5.247,12.185617136608224,3.02563993231184,0.007619515836725556
OC(c1cc(F)cc(F)c1)C1CC1,-5.819,-4.452,13.027091885758693,2.730395941983507,0.004601420110536891
Cc1c(-c2ccc(Cl)cc2)oc2nc(CCC(C)C)nc(N)c12,-6.945,-5.676,4.638430122358209,3.7339209954148727,0.5745756189386753
O=C(NN=Cc1c[nH]c2ccccc12)c1cc(Cl)cc(Cl)c1,-7.318,-5.758,4.38444078532257,9.539610945945332,0.031353201501475636
[C-]#[N+]CC(Cc1ncc[nH]1)OCCN1CCN(C)CC1,-5.66,-4.835,12.581475430171137,2.9218093709206974,0.005999668074846771
COc1ccc(C=NNc2nc3cc(C#N)c(=O)[nH]c3n2CC(=O)O)cc1,-7.894,-6.009,3.2688069689108286,3.6110088618002587,0.7870397521355601
Cn1c(SCC(=O)Nc2ccc(Cl)cc2Cl)nnc1-c1cccnc1,-7.405,-6.059,4.5297295725020925,3.271515550933544,0.63542814583114
CC(C)(C)NCC(=O)N1CCCN(CCN)CC1,-4.258,-3.356,12.53336910012627,3.1945431598273952,0.006034934449530716
Cc1nccn1C1(c2ccc(Cl)c(Cl)c2)CC1,-6.44,-4.937,12.613184094430716,3.0840038910481287,0.00580286060727568
CC(=O)NC1CCc2c(ccn2Cc2ncco2)C1,-6.394,-4.756,12.760193846489951,3.1485266395569846,0.005261403552906978
Cc1cc(-c2c3n(ccc2=O)C2(CCCCC2)c2c(N)cccc2-3)n(C)n1,-7.536,-5.768,8.134356827678511,11.428989850376105,0.0013502424072316885
CC(NC(=O)CSc1nnc(-c2ccncc2)o1)c1ccco1,-7.321,-5.426,4.531535501350508,3.1611026557199953,0.642442034089506
CCn1ncc2c1CC(C(N)=O)CC2=O,-5.713,-4.947,11.559153731999588,8.613204862302997,0.0009250029627053967
Cc1ncc(-c2cc(COC3CCCCO3)ccn2)cn1,-7.526,-5.379,12.544424817423874,2.94103400184357,0.006131118636962616
CCCCC(CNC(C)(C)C)OCC1CCOC1,-5.022,-4.374,12.84934823249802,3.215950403846428,0.004942502896214338
Cc1ccc(Cl)c2sc(N(CCCN(C)C)C(=O)c3ccc(Cl)o3)nc12,-6.876,-5.38,3.3190063272009587,7.143271309421195,0.16982675857141494
Clc1ccc(C2CC2NCc2cnc[nH]2)cc1,-6.382,-4.774,3.954196125636663,10.737483224666756,0.016519941879376186
CCOc1ccc(S(=O)(=O)NC2Cc3ccccc3C2)cc1,-7.062,-5.519,4.467749545352783,3.6201697474013557,0.6186033224075901
OC1C=CCN(c2nc(-c3ccccc3)cs2)CC1,-5.32,-3.745,4.499845108445401,4.167337159386075,0.5488820246338791
Cc1ccc(Cc2nnc(NC(=O)c3ccccc3[N+](=O)[O-])o2)cc1C,-7.941,-6.691,5.378190587920811,3.0541237695941534,0.463574152914365
CCC(C(=O)NC(C)(C)C)N(Cc1ccc(Cl)cc1)C(=O)Cc1c(Cl)cccc1Cl,-6.125,-4.442,7.290723558056497,7.531054242269139,0.02560820784292051
N=C(N)n1ncsc1=Nc1ccc(Cl)cc1,-6.31,-5.0,11.950596512308497,3.021897086268823,0.008827822466246402
COC(c1ncc(Cl)cn1)C(C)S(=O)(=O)Nc1nnc(C)n1-c1c(C)cccc1C,-6.36,-5.113,4.773732920891156,2.9001153425338098,0.6047926164670544
Cc1nccn1Cc1ccc(NC(=O)c2ccc(CS(C)(=O)=O)cc2)cc1,-7.28,-5.695,4.401170412515288,3.0805905278046937,0.6736954282623661
COc1ccc(C=C2SC(=O)N(CC(N)=O)C2=O)cc1,-6.635,-5.163,4.397014782781608,4.426620155378141,0.5275066653856263
NCC1(C2CC2)CCN(CC(N)=O)C1,-5.34,-4.184,8.037549004516238,2.9662921299157303,0.10172066683609698
CC1CCCN(Cc2ccccc2NC(=O)c2ccc3occc3c2)C1,-7.813,-5.736,8.575649887909371,12.37812461562736,0.0005675446473723151
CCN1C=C(C(=O)O)C(c2cccc(Cl)c2)NC1c1c(OC)cc(Cl)cc1OC,-6.984,-5.17,5.052059184134722,5.047449553982685,0.3346574943656706
CN(Cc1cccc(N)c1)C(C)(C)C,-5.429,-4.417,12.692343755193523,3.512744938079051,0.005258117588390802
CCCCCCCCCCCCCN1CCC2OC(CC2O)C1,-3.624,-2.865,6.303424942045396,5.017272266879684,0.1806943428332771
O=C(NCCNc1c(Cl)cccc1Cl)c1cncc(N2CCCC2=O)c1,-6.761,-5.445,4.9401555643521995,3.254796614229528,0.5496474227879328
Cc1cc(S(=O)(=O)NC(C)C(N)=O)ccc1Cl,-6.784,-5.324,12.036096958732097,2.94879856890904,0.00841869953877586
NC(=O)c1nc[nH]c1C(=O)N(O)c1ccccc1,-6.67,-5.539,12.317309324686136,2.8247665390258363,0.007126518269946387
O=C(CF)NC1CCCC1,-4.807,-3.881,12.164803122122445,3.037724971092676,0.0077112585329517334
CC(OCc1cccc(Cl)c1)C(=O)N1CCN(C(=O)c2ccccc2)CC1,-7.884,-5.883,4.410985944207939,9.449415325828367,0.032911213894774104
NCC1CCN(c2cccc(OCc3ccccc3)c2)C1,-6.95,-5.664,12.916191272972075,3.0174262211361516,0.004829885680852156
CC(C)(CCO)CNC(=O)c1ccc([N+](=O)[O-])cc1,-6.266,-5.197,9.19261643929518,7.113413245411798,0.010189533193040872
CCOc1cc2c(cc1Nc1nc(N)ncc1Cl)OCCO2,-6.538,-4.805,7.101797730152557,7.5836948118974306,0.02779520196007494
CCCCC(N)CCCCc1nccn1C(C)=O,-5.583,-4.322,12.298852670066424,2.768781862119152,0.0072360667695594546
COc1cc(C)cc2c1OC(C)CCC2O,-4.6,-3.934,12.662436455911635,2.9106387615092326,0.0057084794678501395
CCc1nc2ccccc2n1Cc1ccc(OC)cc1,-6.805,-4.599,7.123688440688574,8.88122711115981,0.012294102352950836
O=C(CN1CCCC(O)C1)c1ccc(Br)cc1,-6.228,-5.112,12.723749250908712,2.907072410518871,0.005495347728532457
Cc1ncc(-c2cc(NC3CC(C)C(C)C3)ncn2)cn1,-7.614,-5.67,12.886411137318257,3.140956064640191,0.004865886668904942
COC(=O)c1coc(CNC(=O)OC(C)(C)C)c1,-6.301,-4.814,12.356414892678217,3.0546459696665345,0.006830878675738031
CCC(C)(C)C(C)(CC)C(=O)OC1CCC(O)=C(C)C1,-5.819,-4.25,11.675887375270456,9.076851491569089,0.0006444193918778045
CCCc1c(-c2cnn(C)c2C)ccc(Nc2nnc(C(C)C)s2)c1C(=O)NC,-6.659,-5.308,4.465290360099776,3.2790149435463087,0.6477930554156245
CCCCCCCCC1(O)CCCC(=O)C1,-5.745,-4.411,12.79481461374099,3.058456309970767,0.005192048823810756
Cc1cc(Cl)cc2c1OC(C)(C)CC2,-6.431,-4.646,12.606768221871933,3.36845023712686,0.005653169056430417
CC(C)Oc1ccc(C(=O)Nc2cccnc2)cn1,-5.874,-5.131,6.7767670020445605,3.1123087893073853,0.21600252969956837
C#CC(=C)N(C)C(=O)OC,-4.287,-3.691,12.469626056943328,3.0268790857911716,0.006379638021528033
CC(NC(=O)C(N)C(C)C)c1ccccc1,-6.366,-4.641,3.7655210794789076,9.51453556407248,0.036772327419868606
Cc1cccc(NC(=O)c2ccc(C#CCCCCCC(N)=O)cc2)n1,-7.218,-5.842,7.878729339176464,8.52122321031435,0.009701143010194514
CN(CC1CCCCC1O)C(=O)c1cn(C)nn1,-6.215,-4.67,4.787938596097488,3.914450919349992,0.5267872371572014
COc1ccc(C(C)NC(=O)C(C)CN)cc1F,-6.64,-4.904,8.421562444107389,11.932786640177557,0.0008249262350191705
COc1ccc(NC(=O)CSC2CC(C)OC2=O)cc1OC,-7.38,-5.003,4.323537671860857,3.4912935997993637,0.6575583889161039
COc1nc(C)c(C(=O)C=Cc2c(C)nn(C)c2Cl)cc1Cl,-6.39,-5.533,12.59253798882497,3.1124159426400584,0.005862817423297998
CC(=O)CN1CC(C(=O)Nc2cccc(Cl)c2)C1,-6.009,-4.886,4.824004249583535,5.087662036731607,0.3601557788233425
CCN(CC(C)C)C(=O)c1cc[nH]c(=O)c1,-5.587,-4.341,12.830452603084586,2.8234802992052206,0.0051717434476343995
N#CC(C#N)=C(N)C1CC1,-4.97,-3.723,11.53756802796846,9.155186999728624,0.0006691310738042376
CN(CC1CCOCC1)c1ccc(C(N)=O)c(O)c1,-6.638,-5.116,8.580958105013682,9.00339791412109,0.004653896628546976
CCc1nc(N)cc(NCc2ncccc2C)n1,-7.12,-5.615,12.545065802936229,2.998929642389098,0.006100184796372297
CC(C)C(NC(=O)Cc1ccccc1)C(=O)Nc1ccc2c(c1)OCCO2,-7.835,-6.054,6.605167295383214,7.891976051661587,0.0308808876737409
COc1cccc(-c2cc(Cl)ccc2C)c1C#N,-6.088,-4.532,11.115716126278146,8.763254703590443,0.0011116573439582274
NC(=O)c1cc(C(C(F)(F)F)C(F)(F)F)c[nH]1,-6.035,-4.559,11.6757292705852,8.946841118517753,0.0006988366261513219
CNCc1noc(-c2ccc(C)nc2C)n1,-6.229,-5.096,12.515171912522815,2.8980374393716866,0.006264711962246887
CC=Cc1ccccc1COC(C=CC)CCCCCC,-5.68,-4.149,7.497353466390656,7.7506795831075355,0.01973810836957406
Cc1ccc(C)c(NC(=O)C2CCN(c3ccc(Br)cc3)CC2)c1,-7.892,-5.84,7.355986065783432,7.639743582084414,0.023029192060569626
CCCCn1c(=O)[nH]c(=O)c2c1ncn2CCCCCCC(=O)O,-6.414,-5.196,4.421652632217958,2.8620716273356965,0.6815499003579961
Cc1cc2c(s1)CCCC2NCc1cc(F)ccc1F,-7.142,-6.01,12.468162374624418,3.089415802380768,0.006350235804774349
COc1cc(Cl)c(NC(=O)c2cnn(-c3ccc(F)cc3)c2C(C)C)cc1OC,-7.462,-5.609,7.184874250813301,8.60443298538608,0.014074318829770269
CC1CC(O)(CNS(=O)(=O)c2ccccc2[N+](=O)[O-])CCO1,-6.525,-5.05,13.446420192750189,2.8639175965799017,0.0035092667596120213
Cc1cncc(NC(c2cnn(C)c2C)C2CC2)c1,-6.068,-4.767,12.795504405845046,3.3879617766438868,0.005012086719513763
CCCOc1c(Cl)cc(C=C2NC(=O)N(c3ccc(Br)cc3)C2=O)cc1Br,-6.449,-5.415,8.10822021161241,8.220670714728818,0.010144955811996974
C=Cc1cc(C)ccc1C(C)O,-5.559,-4.791,11.5341342978136,9.043571971295414,0.0007188577121786971
O=C(O)c1ccc([N+](=O)[O-])cc1NC1COCC1C(=O)O,-7.016,-5.479,12.286646613295266,2.9492938137798346,0.007198220167587368
CCC(=O)N1CCCc2ccccc21,-5.771,-4.809,12.47429372750217,3.084708900366452,0.00632866676762195
COCCn1ncc(Br)c1C(N)c1ccc2c(c1)CCCO2,-6.208,-5.083,12.681262792009319,3.0866624370021416,0.005559795066872321
O=C(O)CC(NC(=O)C1CCC(=O)N1)C(=O)O,-5.875,-5.253,12.105366000249642,2.787589639814297,0.008156172865086379
Nc1cc(CN2C(=O)CN(C(c3ccccc3)c3ccccc3)C2=O)ccn1,-7.649,-6.013,4.771926550147225,3.7296446211401966,0.548581800242582
N#Cc1c(N)ncnc1Nc1ccc2c(c1)-c1ccccc1C2,-8.148,-6.044,9.033434396728634,12.468022657983903,0.0004035699325828831
Cc1ccc(CC2CCN(C(=O)c3ccc(CS(N)(=O)=O)cc3)CC2)cc1,-7.162,-6.526,5.3824330000474685,3.042499630238268,0.4631238697576935
N#CC1(NC(=O)C2CC(=O)N(c3ccc4c(c3)OCCO4)C2)CCCCC1,-7.613,-6.466,7.619504511449546,8.44714259380058,0.011911312923833198
CC(C)Oc1ccc(NC(=O)NCc2ccccc2Cl)cc1,-6.368,-5.456,8.950899172708853,9.242972249228059,0.0031846509750886546
CC12C(=O)N(c3cccc(C(F)(F)F)c3)C(=O)C1CCCC2c1cccc(Cl)c1O,-7.807,-5.73,8.699403082970694,11.926504349556915,0.000696907769964968
CC(C)NCC(O)COCCOCCc1ccccc1,-5.637,-4.406,12.610688958181468,2.8574668851974474,0.005919112383491175
c1cncc(-c2ccccc2NCc2cnc[nH]2)c1,-6.766,-5.738,12.423448997762256,2.9334568345213468,0.0066165340635364325
CCOc1nc2cccnc2n1-c1cc(Cl)ccc1C,-6.008,-4.43,12.690371349964508,2.9753480468677944,0.00558139778881753
CCN(c1cccc(Cl)c1)C(C)C(=O)NN,-6.093,-4.713,12.217738702394975,3.105724070164637,0.0074149108269588645
C1=C(COCC2COCCN2)CCCC1,-5.655,-4.512,12.809361342393306,3.086020252687918,0.00513233588956488
CCC(C)C(C)NC1CC(=O)Nc2ccccc21,-6.066,-5.208,12.9009693821821,3.1997992124506807,0.0047936109990900115
CC1(C)CCCN(C(=O)Cc2ccc(F)cc2)C1,-7.02,-4.261,11.665633330428316,8.967352786636646,0.0006943352764848146
Cc1ccnc(NC(=O)CSc2nnc(C(C)C)o2)c1,-6.761,-5.332,12.703513332932744,3.0056842814906557,0.00552194680220229
O=C(OCC1CCN(C(=O)OC2CCCC2)C1)c1cccc(F)c1,-7.164,-5.355,4.170761800918388,3.3095922709602754,0.7004696867408765
COC(=O)c1ccc(Nc2ccc(C(=O)Nc3cc(C)ccc3C)nc2)cc1,-7.383,-6.108,3.598647106900035,2.8685677610961187,0.8174787820788816
CC12CCC(CNS(C)(=O)=O)(CC(=O)N1)C2=O,-6.136,-5.427,11.684211954599249,2.806247316257068,0.01059869308870763
CC(C)C(=O)NC(c1ccc(F)cc1)c1cccc(Cl)c1,-7.102,-5.648,12.702914862345573,3.1466504413423495,0.005454159679802229
O=C1C(F)=C(c2ccccc2Cl)C(=O)N1CCCN1CCCC1,-6.905,-5.389,7.278830331859645,10.301060382310164,0.004616796324783772
O=C(O)c1cc(Br)ccc1NCc1ccc(F)c(Br)c1,-7.618,-5.403,12.203766180978723,3.043875161697667,0.007521736378773484
CCNC(c1ccccc1)c1ncc2cccc(C)n12,-6.619,-5.169,12.725491935481315,3.0501475374151985,0.005425910810985077
CC(C)OCCCNC(=O)c1ccc(C(=O)NC(C)(C)C)cc1,-6.289,-4.938,4.458196720648383,4.9482007841234585,0.4318472731828921
CC(CO)COc1cccc(Br)c1,-5.129,-3.938,12.809049496352179,2.853580733044012,0.0052304177586714904
CN(CC(=O)O)c1ncccc1C(=O)Nc1ccc(O)cc1,-6.66,-5.148,6.715723862697154,3.040686435658896,0.22536808175063794
COc1ncccc1C(O)Cc1cc(Br)c(Br)s1,-6.525,-4.685,7.859375674950268,3.0516910066387783,0.11272397794275199
Cc1ccccc1N1C(=O)CCC1=O,-5.556,-4.706,12.409028849994668,2.9843910601662116,0.006649459083558257
CCc1c([N+](=O)[O-])cc(C(=O)OC)n1C,-5.075,-4.576,11.703288298593693,2.8412595798342677,0.010448015001346185
CN(Cc1ccc(OC(F)(F)F)cc1)C(=O)CNc1ccccn1,-7.172,-5.261,4.51828285967136,3.350144325249287,0.6319835208824836
CCOC(CC(=O)O)Cc1nccn1C1CC1,-5.497,-4.661,12.73217734717829,2.966751253475761,0.005441222209663525
CCCC(C)c1nc(CCC(F)(F)F)c(CC)c(=O)[nH]1,-6.922,-5.333,12.801447027582467,3.0856281370249405,0.005157969147951855
Cc1ccc(S(=O)(=O)n2cc(Cl)c3cccc(F)c32)cc1,-7.19,-5.099,12.377199602494903,3.307961759150187,0.006572280988195334
COc1ccc(CC(=O)Nc2ccc(NCc3ccc(F)cc3)nn2)cc1,-7.548,-6.328,4.140393821848352,3.032856079671438,0.7255412252115717
CCCC(C(C)Br)n1c(CC)c(C)c([N+](=O)[O-])cc1=O,-5.166,-5.133,12.120838791106827,2.840747084835255,0.008048644617610751
COc1cc(Br)c(CNCC(C)Cc2ccco2)cc1OC,-6.264,-4.569,7.394425873588834,8.100867978186042,0.01693593795174704
COc1ccc(Cl)cc1CC(Br)C(C)C,-5.49,-4.404,12.641557182562597,3.3395276612119855,0.005550886343840685
Cc1cc(CC(=O)Nc2cccc(C(=O)O)c2)no1,-7.635,-6.005,12.311953784838538,2.843016883523558,0.007141379781380445
COc1cccc(C(=O)N(Cc2cccn2C)c2ccccc2)c1,-7.037,-5.702,12.56579332951167,3.030171447294691,0.006005809858635181
NC(=NO)c1cc(Cl)ccc1NC(=O)Cc1ccc(Cl)cc1,-7.183,-5.874,12.03959455297395,2.9724187120928973,0.008384534711011124
O=C(COC(=O)CNC(=O)c1cccnc1)NC1CCCC1,-6.171,-5.394,4.210231347562743,3.245938385120703,0.6984533831758982
Cc1cc(CC(=O)NN(C)C)no1,-5.554,-4.152,7.787458956553158,3.081355870392123,0.11751273184622804
C=CCN1c2cnccc2-c2ccccc2S1(=O)=O,-5.99,-5.312,12.055207463996627,2.8612986562049056,0.008373480851479126
Cc1cc(C)c(C(=O)O)c(NC(=O)C2CC2)n1,-5.821,-4.779,12.859324632343645,3.140160664679436,0.004949340675848748
CC(C)(C)c1nc(C2C(C)(C)C2(C)C)cs1,-5.744,-4.133,13.118052523145346,3.3492143854940073,0.0041164912107039976
COC(=O)CC(NC(=O)c1cc(C)on1)c1ccc(Cl)cc1,-7.319,-4.974,8.75312344252039,12.060849845678373,0.0006197330188520992
CCOC(=O)C1(c2cnc(C)n2C)CC1,-5.071,-4.808,12.421742108094177,3.1400308915677884,0.006506134052248596
CCN(CC)CC(=O)N(C)CCCc1ccccc1,-5.698,-4.398,12.249021716039204,3.046020682792551,0.007310611673212294
NC(=O)c1ccccc1-c1ccc(-c2ncc[nH]2)cc1,-7.247,-5.166,4.086790672398086,5.238114737193143,0.4220675378179948
CC1=NN(c2ncc(C#N)s2)C(=O)C1,-5.56,-3.959,8.465634648388743,3.003698054066022,0.07779550273318192
CC(=O)NCCC(=O)Nc1cc(C)nn1C1CC1,-6.114,-5.161,12.253442781520627,3.062977146503056,0.00727955312086217
CCCN(CCO)CC(C)O,-3.921,-3.571,12.973550747578706,2.837459074594734,0.004724735811734161
CCc1nc(C)c(S(=O)(=O)NCC2CCCN2C)[nH]1,-6.912,-4.456,8.895336362386752,13.22755929867638,0.0002735927010360261
O=C(O)c1ccc(NCc2cc3ccccc3[nH]2)cc1,-7.16,-6.323,8.527771572925719,9.02405723607735,0.0047487051544388625
Cn1cc(S(=O)(=O)NCC(C)(C)N2CCOCC2)cn1,-6.275,-5.076,12.818760509503248,3.121867389880614,0.005085307786284939
COCCOCCCCNc1ccc(Oc2ccc3c(c2Cl)OC(C)(C)C=C3)cc1,-6.62,-4.463,4.968955725300839,3.0744414126797093,0.5531770128027338
CC(C)(CBr)CNC(=O)c1ncc[nH]1,-5.66,-4.96,12.429689698459894,2.9974847789438397,0.006557081697593169
CC1(C)Cc2ccc(O)cc2O1,-5.44,-4.393,12.842537327179548,2.936482419494453,0.0050907105660067
CCCCCCCCCC[P+](C)(C)C,-4.736,-2.904,11.244965806973358,9.234453963283373,0.0007646520115044208
CCOCCS(=O)(=O)C(C)(C)CCO,-5.042,-4.27,12.358553515682974,2.8296540424581935,0.006942838281134464
CSC(C)(C)CNCC(=O)Nc1ccccc1OC(F)F,-6.317,-4.522,4.575974103947705,4.239163478800977,0.5259463700592243
CC(CCC1CC1)=NNc1cn[nH]c1,-5.49,-4.431,12.268539684901379,3.0180897932301485,0.0072393541997290475
CCCCCCOc1ccc(C(=O)OC2CCSC2)cn1,-6.094,-4.374,4.463262147801761,3.0070691711365733,0.6655429837654192
CCC(NC(=O)c1ccc(-n2nc(C)c(Cl)c2C)cc1)c1cc(C)ccc1C,-7.819,-5.969,7.455357402566292,7.496502184352379,0.023662424759829465
Cc1occc1-c1noc(CN2CCCCC2)n1,-6.941,-5.362,12.44411338746156,2.9117037967485637,0.006542494216143234
C#Cc1cccc(NC(=O)c2cccc(Cl)c2F)c1,-7.635,-5.394,8.588920828602394,12.461863343818212,0.0005341844141273182
COc1cc(Br)c(C)cc1C(=O)Nc1ccc(Cl)cc1C(F)(F)F,-8.037,-5.846,8.672279746410398,12.497253058172424,0.0004961215029387229
CCCCCCCCOc1ccc(OP(=O)(O)OCCCCCCCC)cc1,-5.436,-4.093,4.487676013261207,2.994420645133211,0.661257174836884
O=C1SC(=Cc2cccc(OCc3ccc(Br)cc3)c2)C(=O)N1Cc1ccco1,-8.154,-6.016,4.937987748060944,3.158294951393871,0.5556451142451881
COCC(C)(Nc1ccc(Cl)cn1)C(=O)O,-5.203,-4.679,7.477855508098561,2.9481344948967303,0.14366783048093168
CCCC=C(NC)NCC,-4.885,-3.397,13.104212986669593,3.11109964482014,0.004258709952613785
CC(CC(=O)O)CN1CCCC1=O,-4.917,-4.401,11.77485082708057,2.800979471542053,0.010018574638788141
c1ccc2oc(NN=c3c4ccccc4sc4ccccc34)nc2c1,-7.52,-6.337,4.240649596465146,3.9547395615893595,0.6208068667268456
C#Cc1cccc(NC(=O)c2cccc(S(=O)(=O)c3ccccc3)c2)c1,-7.791,-6.256,8.512880476078587,12.396115843279297,0.0005835077817902769
CCN(Cc1ccc(C(=O)O)o1)C(=O)c1ccc(C#N)cc1,-7.189,-5.535,4.33910474637338,5.079996161415873,0.42367190619086903
CCC(C)CN1C(=O)CC2(CCCC2)C1=O,-5.895,-4.112,4.680967207746706,10.266913898538354,0.01811511992084325
Cc1ccccc1CSc1nnc(-c2ccco2)n1N,-6.986,-5.35,4.223426689312838,3.624011865322739,0.662408683532665
CCc1cnc(CC)n1C1CCN(C2CC2)C1=O,-5.697,-5.08,12.409839201214494,3.1749387395664814,0.006532249922730215
Cc1cc(N2CC=CC2(C)CC(=O)O)ccc1Cl,-6.468,-5.319,12.377922038856118,2.7813746601276144,0.00688156127157405
CCOC(=O)c1ccc(OC)c(C(=O)OCC(C)(C)Cl)c1,-6.824,-4.468,6.697417711327254,3.038895852114712,0.2278413310272523
CN(CC(=O)N1CCCC(C(=O)O)C1)Cc1ccc(Cl)cc1Cl,-7.451,-5.743,5.075324226096299,2.844158047647845,0.5393220966298227
CC(C)(C)c1cc(CC2C(=O)N(C3CCC(=O)NC3=O)CC(=O)N2CCc2ccc(C#N)cc2)cc(C(C)(F)F)c1,-7.501,-5.855,3.9515204668582946,2.8051786039395075,0.7704726359403217
CN(Cc1ccccc1)CC(O)c1ccccn1,-6.411,-5.087,12.442771114185136,3.0168150423915616,0.006493172550047041
CNc1cc2c(N)nc(-n3c(C)ccc3C)nc2cn1,-6.115,-4.345,5.870527914932354,3.2459899876616993,0.35551835840058016
Cc1cc(S(=O)(=O)N2CCC(c3ccccc3)CC2)ccc1Cl,-7.764,-5.82,7.435872847218408,7.545298204842536,0.023241810537814624
O=C(Nc1ccccc1Cl)c1ccc(-c2ccccc2Cl)o1,-7.463,-5.6,12.395254777534829,3.258527428149102,0.006534644558058874
CN(C)c1ccc(Nc2ccncn2)cc1,-5.9,-4.584,6.445425509615328,3.2535551324666363,0.25832372537369286
Cc1ccccc1-c1cccc(CCC(=O)O)c1,-7.342,-5.404,7.9792567949653055,8.5744524606531,0.008821648491927849
CCc1c(N)ncnc1Nc1cc(F)ccc1N,-5.795,-5.309,12.724766441864462,3.028165286109726,0.005438726540583703
O=C(Nc1cccnc1Cl)C1CCN(S(=O)(=O)c2ccc3c(c2)CCC3)CC1,-8.475,-6.311,4.446163852131408,10.036549108134729,0.022575967894144577
CCCC1CC1Nc1ccccc1CNC1CC1,-6.45,-4.647,12.855380118845183,2.894570952662933,0.00506608033234752
CCCN(C(=O)N1CC(O)CC1CC(=O)O)C1CC1,-5.584,-4.503,12.421051404772465,3.0338782111350486,0.0065723271307758565
O=C(Cc1ccccc1)Oc1ccc(Cl)cc1[N+](=O)[O-],-7.136,-4.85,3.6222306663159918,10.18945714942656,0.024715258763766745
Cc1cc(CN(C)CC2CCC(=O)N2)cc2cc(C(=O)O)oc12,-6.92,-5.994,4.036941044900209,2.8011451229809565,0.7565330425328012
Cc1c(C(=O)NNC(=O)c2ccccc2[N+](=O)[O-])cnn1CC(C)C,-6.602,-5.45,3.7610704593240465,4.606678087298916,0.5779852792622805
CCOC(=O)C(O)C(Cc1cc[nH]c1)OCc1ccccc1,-5.952,-4.838,12.378175309794251,2.7706336820301596,0.006885271279689598
CCCC1CCC(N)C1Cc1ccc(Cl)cn1,-5.832,-4.6,12.346462367820184,2.943208113606648,0.006937407061480311
CCCCCC=CCCCCCCCC(=O)NC(CO)C(O)CCCCCCCCCCCCCCCCCCCCCCCCCCCC,,,,,0.0
CC(=O)CCSCc1ccccc1C(F)(F)F,-5.793,-4.949,12.223445422629416,2.9457776562395206,0.007490294291579533
Nc1cc(C2CC(O)C2)ncn1,-5.602,-4.498,12.58902625305071,2.936635149282253,0.005964614832885751
Cc1cccc(NC(=O)Cc2ccc(CSCC(=O)O)cc2)n1,-7.077,-5.67,3.919760962099602,3.056319518636754,0.760640587636832
COc1ccc(Cc2ccc(C(C)=O)o2)cc1,-6.746,-4.894,8.460957569920796,8.225213249515175,0.00813069311936771
CCOC(=O)c1ccccc1NC(=O)CC(c1ccco1)c1cc2occ(C)c2[nH]c1=O,-6.705,-5.555,8.707062478241442,12.648294983909887,0.00044177439239609855
COc1cccc(C=Nc2ccc(C)cc2)c1OS(=O)(=O)c1ccc(C)cc1,-7.651,-5.367,4.412438101548847,7.171200248215078,0.13440631140881915
CC(=O)C=C1Sc2ccccc2C1=O,-5.286,-4.503,12.999998076922935,3.0443171648170955,0.0045728391795140785
NC1CCCC(N2CCSC2=O)C1,-5.104,-4.276,12.779981142396103,3.1690266644507736,0.005186258083960853
COc1ccccc1C(=O)Nc1ccc(F)c([N+](=O)[O-])c1,-7.039,-5.268,12.680951068433314,2.972325352312563,0.005615725937312264
Cc1ccc(C(NCc2cc(C)on2)c2ccccc2)cc1,-7.259,-5.37,7.391175887502611,7.755585986887129,0.020994576263036854
NC(=S)c1cc(SCC(=O)NC2CC2)ccn1,-6.004,-5.497,12.314713597968895,2.877156234895839,0.007111742662767337
CC(C)CC(CNC(=O)c1cccc(Cl)c1[N+](=O)[O-])C(=O)O,-6.621,-5.185,6.977841715029082,3.133513363622373,0.19128128998341737
Cc1nnc(-c2cn(-c3ccc(NC(=O)CCc4ccccc4Cl)cc3)nn2)s1,-7.532,-6.323,4.79067072548302,3.1464634115145853,0.5885265374123813
Cc1ccc(CN2CC(c3cc(C(N)=O)n[nH]3)CC2=O)cc1,-8.01,-5.628,4.42932015099383,2.906157772730173,0.6778032916342319
COc1ccc(CNCCc2ccc(NC(=O)C3(c4ccccc4)CC3)cc2)cc1,-7.948,-4.92,4.5239985632181625,5.1831177875869265,0.3834953244669462
CCOc1ccc(C(=O)NC2CCOC2)cc1,-6.169,-4.348,9.35041394805599,8.618770271912346,0.0036618081237703146
CCCCC(C)OC(=O)OCOC(=O)c1cnc(CC(C)(C)C)o1,-6.279,-4.45,4.983573617395453,5.112374106029409,0.33491170424321004
COc1ccc(Br)cc1C=CC(=O)NCc1occc1C,-7.046,-5.273,6.938377043660858,7.550967222813248,0.03127503686603443
Cc1ccccc1C[S+]([O-])C(C)(C)C,-5.596,-4.852,12.748743545934243,2.9945343544531258,0.005373015341751429
CCCc1ncc2c(n1)C(c1ccccn1)N(CC1CC1)C(=O)N2,-6.51,-4.623,7.563811869685813,9.013856167035282,0.008664224444457563
COC(=O)c1ccc(CN2C(=O)SC(=Cc3cccc(Sc4ccc(Cl)cc4)c3)C2=O)o1,-7.716,-5.407,4.118032904191028,5.167152891099701,0.43229613912340276
COCCCNC(=O)c1ccc(C2=NCCC2)cc1,-6.296,-4.342,7.323799355525791,8.024303645800051,0.018535294190925936
COc1ccc(Cl)c(NC(=O)c2cccnc2C#N)c1,-7.211,-5.084,7.004596919166728,3.6125522833586783,0.17741542788875692
CC(=O)Oc1ccc(C(=O)N2CCCC2)cc1OC(C)=O,-6.15,-4.553,6.273785539847533,2.9291345138112037,0.29347156478581715
CNC(COC)c1ccc(SC)cc1,-5.411,-4.055,12.40612078774022,3.08536740113718,0.006603736523487891
CC(C)CC(N)C(=O)NC(C)c1ncc(-c2ccccc2)[nH]1,-7.541,-5.652,4.8054768753995685,4.07810752678249,0.5050944875165377
COc1ccc(C=NNC(=O)c2ccc(C(C)O)o2)cc1OC,-6.586,-5.701,4.853417146712201,2.9553850848916454,0.584595870358402
CCC(CC)N(C)C(=O)OC,-4.099,-3.335,12.733743400901401,3.045507182720146,0.0054001938111051286
CCCNC(Cc1cnccn1)Cc1ccc(Cl)cc1Cl,-6.314,-4.636,4.395896040626984,5.818304649981814,0.29315693278055494
COC(=O)NC(CNC(=O)c1ccc(Cl)cc1Cl)CC(C)C,-6.188,-4.555,4.691827895394289,3.0275632115614033,0.6164565806894731
Cc1nc(C(=O)N2CCC(N(C)c3ccc(F)cc3)CC2)cs1,-7.42,-5.644,8.112443343407705,7.064447749116699,0.020530081153527748
COc1cccc(C2c3c(oc4ccccc4c3=O)C(=O)N2C2CCCC2)c1,-7.068,-5.547,4.272783635991881,9.520909252797235,0.0327254874043632
CCN(CC)S(=O)(=O)c1ccc2c(C(=O)Nc3cc(C)ccc3C)cccc2c1,-7.078,-6.121,4.278429735311777,3.1348424202820784,0.6938438348302152
COc1cc(C(C)O)ccc1N(C)CCc1ccccn1,-6.57,-5.016,4.533858070120854,3.0320827825110572,0.6496531450391158
CCN(Cc1ccc(Cl)cc1)C(=O)Cn1c(C(=O)O)cc2ccccc21,-5.879,-4.596,3.6498052002812416,9.116747994762168,0.04805501413511325
Cn1c(SCC(=O)c2ccc(OC(F)F)cc2)n[nH]c1=O,-7.034,-5.06,12.196973149105478,2.8903165916556612,0.007647413610827611
COc1ccc(S(=O)(=O)N2CCCC2)cc1C,-6.821,-5.03,13.103822572058887,3.1979351150390776,0.004223631363558687
CC(C)(CC(=O)N1CCOC1=O)c1ccccc1,-6.82,-5.311,12.658110522506904,3.0702322387728262,0.005649215104572538
Cc1cc(C)c(C(=O)Nc2cc3nccnc3n2C)cc1N,-7.178,-5.394,3.604497191010141,9.85576978221387,0.030524066135379054
CCn1cccc1CNC(C)(C)c1cccnc1,-6.392,-5.088,12.555726104053083,3.231658397788975,0.005928216916337572
c1cc(NCCC2CC2)[nH]n1,-5.263,-4.365,12.21058524395944,3.063336253172348,0.007476926347901324
Cc1occc1C(=O)Oc1cccc(C(=O)c2ccc(Cl)cc2)c1,-8.038,-5.555,4.2863602275123815,8.635250199038822,0.05660695269431408
CCN(CC(=O)Nc1ccc(Cl)c(-c2nc(C)no2)c1)Cc1ccccc1,-7.431,-5.871,4.717012931930546,3.0047236145775535,0.6121938719110872
Cc1ccc(CN(C)C(=O)CC2CCCNC2=O)cc1,-7.428,-5.367,4.8675686949441195,3.758787171415801,0.5266078812430813
C[n+]1ccccc1-c1cccc2oc3ccccc3c12,-6.881,-5.128,7.8701437089801605,8.74017454059128,0.008511926356570587
CSCCC(N)C(=O)N1CCCC1C(=O)NCC(C)C,-5.898,-4.49,6.680578492915115,2.931336555225278,0.23213819785256978
COc1c(F)cc(Br)cc1C=O,-5.388,-4.414,12.252174868161163,2.9950532549522384,0.0073278891688141985
Cc1cc(C2CC(N)=NN=C2N)cc(C)c1O,-7.542,-6.263,12.316742467064902,2.8157517646269885,0.007133428086827833
CCCC(=O)N1CCC(c2c[nH]c3ccc(OC)cc23)CC1,-6.864,-5.395,7.473939857933029,9.288474255764507,0.007713620630186318
CCC(=O)CCCOC(=O)C(=O)C(C)(C)C,-5.769,-4.402,12.331337721431524,2.7609616078460775,0.007094197266893387
CCC=CCC=CCC=CCC=CCC=CCC=CCC=CCC=CCCCCCCC(=O)OCC(COC(=O)CCCCCCCCCCCCC)OC(=O)CCCCCCCCC=CCC=CCC=CCC=CCC,,,,,0.0
COc1ccc(C)cc1NC(=O)Cn1nnc(-c2ccccc2C)n1,-7.665,-5.827,8.962868346684559,12.875782733488478,0.00032683453966682525
Cc1cc(CC(=O)C(C)(C)C)n[nH]1,-5.523,-4.537,12.35143242705072,2.8364241572797253,0.006970540250977536
COc1ccccc1NC(=O)C1C(C)C12CC=C(C)C2,-6.603,-5.022,3.733514162287321,10.092288590800406,0.025784247961183882
CC1CCC(C(C)C)C(OC(C)C(=O)NC(C)CC(=O)O)C1,-6.61,-5.115,5.263474992816058,2.947639564125845,0.4930458742902211
CCCC(C)n1ccc(C(F)(F)F)c1C(=O)OCC,-5.332,-4.13,7.649488479630517,3.1492045027276334,0.12708781085284365
COc1ccc(NC(=O)COC(=O)c2cccc(OCc3cscn3)c2)cc1OC,-7.396,-5.218,4.32174744750315,4.790104174232539,0.47741387947481984
N#CC1=CC(c2nccs2)=NC1=O,-5.955,-4.705,11.796511560626726,2.8371069771864437,0.009859579115271154
c1ccc(-c2nn[nH]n2)c(-c2cc[nH]c2)c1,-5.947,-4.782,7.193420952509314,5.659368250962292,0.07962802159533833
CCc1c(C)nc(-c2nccc(CSC)n2)[nH]c1=O,-6.224,-4.818,5.108159453266901,2.935498083801111,0.5283133601411423
Cc1nc(CNC(=O)C(NC(=O)OCC2c3ccccc3-c3ccccc32)C2CC2)oc1C,-8.364,-6.39,3.9947697055024327,5.38679431573176,0.40249603111072824
COCC1(C(=O)NCc2csc(C)n2)CCC1,-5.88,-4.11,4.177703077050833,5.26767833110565,0.4074343613880251
CCN(Cc1cn(CC)nn1)CC1CCCN1C,-5.813,-4.794,12.335290389771941,3.040619015924224,0.006930157856685118
CCOC(c1ccccc1O)C(C=Cc1ccccc1)C(=O)O,-7.482,-5.238,7.765216867544653,2.9382841931984727,0.12057201572045531
COc1ccc(Cl)c(C=C(C(C)=O)C(=O)NCC(C)C)c1,-5.742,-5.189,12.332791492602151,2.9062682257493027,0.007016749002432763
COC(=O)c1cnc(N(C)CCN(C)C)c(N)c1,-5.347,-4.143,12.439270838758999,2.980571421724364,0.006526995007663725
COc1ccc(Br)c(C(=O)c2ccc(OC)c(C(C)(C)C)c2)c1,-7.12,-4.951,8.4680813057032,8.660464075325294,0.006179092603457757
COc1cccc(CN(C)C(=O)C=Cc2ccco2)c1,-6.948,-5.521,12.21452602436951,2.946464491555939,0.007531758340457731
CCOc1ccc2c(c1)C(=O)c1c-2n(CCC(C)C)c(=O)n(C)c1=O,-6.886,-5.282,7.113172428670627,7.885553880356154,0.022934118369883537
CCN(C)C(=O)CN(C)C(C)c1ccc(C#N)cc1,-5.834,-5.043,12.105347785173295,2.7040961521366063,0.008199127849408513
COC(=O)c1cc(N(C)C(C)C2CC2)c(N)cc1Cl,-5.903,-4.601,12.579693517729279,3.0832862338745,0.005925985654329824
CCOc1cc(C)oc1CNc1ccc(F)c(C)c1,-6.881,-5.028,12.213641594545011,3.0608616433938995,0.007464299453095553
CCn1c2ccccc2c2cc(NC(=O)Nc3cccc(Cn4ccnc4)c3)ccc21,-8.484,-6.773,7.270001581843019,7.69586395409898,0.023442083255671754
CC(=O)C1(C)Cc2ccccc2C1=O,-6.199,-4.962,12.222143019945397,2.9814172804221823,0.00747508169140392
N#Cc1ccc(CN=C2CCCS2)cc1,-5.957,-4.334,10.946908330665787,9.195986080894208,0.0009435354376747362
Cc1cc(C(=NO)c2cccnc2)ccc1F,-7.128,-5.149,12.772763404995803,3.052321084027694,0.005266948674273689
NC(=O)C(=O)N1CCn2nc(C(F)(F)F)cc2C1,-6.548,-4.962,12.258748753441356,3.216034048327225,0.0071489948789141946
CC(C)(C)OC(=O)N1CCCC1C(=O)NCCCN1CCCCCC1,-4.469,-3.338,6.924636957992815,3.435582337828625,0.1908539250898835
Cc1cccc(C(=O)c2snnc2-c2ccccc2)c1,-7.539,-5.318,3.269627807564646,10.465458136173494,0.021796692682429387
CC(c1cccs1)N(C)c1ccc(CO)c(Br)c1,-6.173,-5.01,12.106508827899148,3.00118926427508,0.008022208168724365
CCC1(CN)Cc2[nH]cc(C)c2C1,-5.826,-4.339,11.611465066906932,9.084161326176456,0.0006678439637236792
CSCCC(=O)Nc1ccc(-c2nc3ccccc3o2)cc1,-6.287,-4.878,7.187527391252154,9.040237496880268,0.01071460336236059
CCOC(=O)C(C)(C)NC(=O)COCC(=O)Nc1ccc(Cl)cc1,-6.018,-5.024,12.022173222841202,2.9207678784867515,0.008510721402039388
O=C(O)COCC(=O)NC(=O)Nc1cccc(Cl)c1,-6.251,-5.495,4.514636751722113,2.8458443386805263,0.6631752195591064
CC(N)c1cccc(-n2ccc(C(N)=O)n2)n1,-6.972,-5.017,7.814160799471686,3.027310852885775,0.11615043537080177
COc1ccc(CN2CCOC(c3ccccc3)CC2)cc1,-5.307,-3.821,8.828657089274676,12.877448116765992,0.00035494101968710866
Cc1ccc(O)c(CN2CCC(N3CCCCC3=O)C2)n1,-6.54,-5.15,6.982539580983412,3.155263855844705,0.19034264379794427
O=C(CN1C(=O)C2CC=CCC2C1=O)NCc1ccccc1CO,-7.591,-5.732,4.4923328015631245,3.0005242875204328,0.6599676618058854
CNCC(CC(=O)O)C(C)(C)C,-4.303,-4.105,6.913352153622728,2.9199421227140796,0.2024601356658816
O=C(C1CCOC1)N1Cc2cnn(-c3ccc(Cl)cc3)c2C1,-6.909,-5.485,7.567459943732772,8.426416557469729,0.012456090327988134
CCOC(=O)c1ccc(C)n(C2CCCCC2)c1=O,-6.035,-4.904,11.979563681536987,2.855757167547689,0.008782292505984687
CCn1c(=O)c2c(n(C)c1=O)N=C(n1nc(SC)sc1=S)N1C=CC=CC3=C(C(OC)=CC=C(OC)C(OC)=C3)C21,-5.099,-3.258,4.056984594498727,7.068263365212137,0.15692339211491338
N#Cc1ccc(N(Br)c2ccccc2-c2ccccc2)cc1,-6.884,-4.965,7.2112907305141976,6.825403797578572,0.04112533817258858
CCNC(C)CN(CC)c1cccc(C)c1,-5.762,-4.656,12.605667019241782,3.1485005955216208,0.005794887924751437
COc1ccc(C)cc1-c1nc(C(=O)O)[nH]c1-c1ccc(Cl)cc1,-7.772,-5.951,12.345228268444451,2.778410516824322,0.007024972625900906
O=C(Nc1ccc(S(=O)(=O)Nc2cccc(Cl)c2)cc1)C1CC(=O)N(c2ccccc2F)C1,-8.925,-6.825,5.54284286264729,3.0429148854346884,0.4287467236910398
CCCC(Cc1nc(C(C)c2ccccc2)no1)NC,-6.901,-4.835,12.881452907184034,3.0480741460797844,0.004922885716533706
Cc1ccc(C(=O)N2CCCC2CC(=O)N2CCCC2)cn1,-6.775,-5.375,5.307463518480367,3.457877094403444,0.45828425215122087
Cc1nccc2c1N(Cc1ccccc1)C(=O)CO2,-7.013,-5.619,12.40239255143942,3.1110168755569294,0.006603480304769831
Cc1coc(-c2ccc(C)c(NC(=O)c3cc(C(F)(F)F)[nH]n3)c2)n1,-7.81,-6.037,4.443981210581341,3.128643635826876,0.6622068351848376
CC1CC1C(=O)NC1CC(=O)N(C(C)(C)C)C1,-5.922,-4.337,12.198860397594522,2.8495111861510565,0.007660896965969869
CCCN1CCCC1CNc1cc(Br)ccc1[N+](=O)[O-],-6.409,-4.5,6.801302889888083,3.0219983454661254,0.21461715082547705
COc1ccc(O)c(C=C(C)c2cncc(Cl)c2)c1,-6.703,-4.761,4.694702759493938,7.64707878866172,0.09183837658361713
CCOC(=O)c1cccn(Cc2ccc(F)cc2)c1=O,-7.178,-4.931,4.135135910704749,3.5828326782031006,0.681533670250892
O=C(O)C[P+](O)(O)CCP(=O)(O)O,-4.847,-4.76,11.823836179514666,2.851258143346547,0.009683043119665148
Cc1cc(F)cc(F)c1COc1cccc(C(=O)O)c1N,-6.38,-6.265,12.005648878757034,2.841369564136281,0.008649039770633471
CCN1C(=O)c2ccccc2NC1c1ccc(F)cc1,-6.985,-5.03,12.51788740163451,3.363888226442727,0.0059794028491900915
CC(C)C(O)CC(CBr)C(C)(C)C,-4.547,-3.714,13.18950090033736,2.868765588192943,0.00411908489807316
COc1c(C=NNc2nc(-c3ccc(C)cc3)cs2)cccc1[N+](=O)[O-],-7.811,-6.145,4.9527218779172335,3.001258569333873,0.5603211371688931
COc1cc(C=C2C(=O)NC(=S)N(c3ccc(F)cc3)C2=O)cc(Cl)c1OCc1ccc([N+](=O)[O-])cc1,-8.103,-6.282,7.27674611347682,8.5780110165469,0.013533635741766675
NCC(Cc1ccccn1)c1ccccc1F,-6.748,-4.703,11.921716571031205,8.880465809854796,0.000624536816070717
Cc1ccc(Nc2cnnc(NCc3cccc(Br)c3)n2)cc1C,-7.6,-5.957,4.756416718497234,3.6521562124312266,0.5588576996852775
CCc1cc(CNCc2cc(Cl)ccc2F)n[nH]1,-6.765,-5.026,12.417467938352006,3.0934762000054246,0.006552208229549042
Cn1ccnc1CC1(C(=O)O)CCC1,-5.356,-4.386,12.677574255353427,2.9202489619893717,0.005650610958767415
CC(C)N(C(=O)Oc1ccc(C(N2CCN(Cc3ccccc3)C2=O)C(F)(F)F)cc1)C(C)C,-6.646,-5.549,5.586870411956948,3.290916437711538,0.4092851992799668
CCN(Cc1csc(N2CCCC2=O)n1)c1ccc(C)c(C)c1,-7.094,-5.541,4.636868878887993,3.4592260695132384,0.5995517629430236
CC1(NCc2cccc3cn[nH]c23)CCCOC1,-6.813,-5.926,12.042262785706015,3.015821281176986,0.008340616766449377
CN1CC=CC2(C)CCCCC12,-5.185,-4.253,12.229157370808506,9.270192986124938,0.0004042768708162161
Cc1cccc(Nc2ncccc2C(=O)Nc2ccc[nH]c2=O)c1C,-6.939,-5.996,3.783766113279202,4.552242743966978,0.5860065079168059
CC1C(c2cccc(Cl)c2)OC(=O)N1Cc1ccccc1,-7.753,-5.512,8.53353525802759,8.958311727105727,0.004929484874516618
Cc1ccccc1CN(C)C(=O)c1ccncc1,-6.347,-4.987,12.469283459766242,3.069472430239438,0.00635725479612741
CC(C)CC(O)(CC(=O)NN=Cc1ccccc1Cl)c1ccccc1,-6.638,-5.763,4.378807600249182,3.5938838322906332,0.6377717382909789
Cc1nn(-c2ccccc2)c(C)c1C=CC(=O)NC1CCC(C(=O)O)CC1,-7.054,-6.179,5.2947358763209325,2.9589662046059257,0.485667946817749
CN(Cc1ccc(F)cc1)C(=O)c1cc(C(=O)O)ccn1,-7.474,-5.855,4.472366375868595,3.026940039049337,0.6625747334969481
COc1ccc(C(=O)c2oc3cc(OC)ccc3c2C)cc1,-7.535,-5.453,8.6383795355379,9.051465792897856,0.004358325979143139
C#CCOCC(O)CN(Cc1ccccc1Cl)C(=O)Nc1ccc(C)s1,-6.716,-4.965,3.8505619070468144,5.039576966373269,0.4834394418518429
CCOC(=O)c1ccccc1Nc1cccc(Oc2ccc(Nc3cc(-c4ccc(C)cc4)ncn3)cc2)c1,-9.257,-5.396,4.274180506249121,8.524004047394628,0.06085691933661129
CCCCCc1nc(C)cc(NCC2(C)CCCC2)n1,-6.857,-5.394,12.530989825229291,3.1603249832889024,0.006064720136290844
COc1ccc(CCNC(=O)Nc2ccc(S(=O)(=O)N3CCCC3)cc2)cc1OC,-7.629,-5.754,4.937815306388039,3.0785175003563,0.5598828528829054
CCC1CCC(C(F)(F)CN)C1,-5.234,-4.439,12.92832723131651,2.883762472881566,0.004844153105443987
CC(C)Cc1cc(C(=O)NNC(=O)c2ccco2)n[nH]1,-6.216,-5.201,5.035703227951386,3.444500689504939,0.5168808472693767
COc1cccc(N2CCN(C(C)(C)C)C2=O)n1,-6.817,-5.04,12.638210395463433,3.0528996052933017,0.005728724957622491
O=C(NC1CCCN(C(=O)CC2CCOCC2)C1)C1CC1,-7.149,-4.88,3.672866727775458,2.9598608075380843,0.8023584493723366
CCN(CC)C(=O)c1csc(-c2ccccc2OC)n1,-6.335,-4.907,12.092071493338105,2.936117334167693,0.008137344261322095
CC(C)c1cc(C(=O)NCCc2ccno2)n(C)n1,-6.89,-5.596,12.116200146910748,2.9552612405674057,0.00800354831977866
COc1ccc(CCN2CC(=O)N(C(C)c3ccccc3)CC2=O)cc1OC,-7.521,-5.574,6.798742898507047,9.815956448558643,0.008334764327758346
COc1cccc(C(=O)c2ccc(F)cc2)c1C#N,-7.082,-5.924,12.066798664103086,2.8366804543339033,0.008327467225299928
Cc1nc(NC(=O)C(C)C)cc(N2CCC(CO)C2)n1,-7.245,-4.857,4.495195880047942,3.0169131575171333,0.6584737891933231
Cc1ccn2c(N)c(-c3nnc(Cc4ccc(Cl)cc4Cl)[nH]3)nc2c1,-8.099,-6.201,4.741505457130678,3.511367967046461,0.573915033013254
Cc1ccccc1COC(=O)c1ccc(-n2ccnc2)cc1,-7.27,-5.707,8.395657270279678,8.938172576091826,0.005437631434260049
COc1ccc(OC)c2sc(N3CCN(C4CC4)CC3)nc12,-6.401,-4.539,7.172812070589887,7.7066027534835335,0.02469808169157797
CC(C)N(Cc1ccccc1)C(=O)C1CCC(C(F)(F)F)P(=O)(c2ccccc2)C1,-7.16,-5.468,4.378841170903553,5.066836192339358,0.4212218560890531
Cc1cc(C)c(S(=O)(=O)NC(C)C(=O)O)cc1Cl,-6.855,-5.016,6.886010746433669,2.8065076162376617,0.20746032139954293
CCC(Oc1ccccc1C)C(=O)Nc1ccccc1,-6.628,-5.402,12.818550503079512,3.225249912797456,0.005033637647398089
CCCCNCCSc1nnc(Cl)s1,-5.478,-3.697,8.938149528845443,12.439458308141878,0.0004359539994206511
COc1ccc(S(=O)(=O)N2CCCC2)cc1C(=O)N(C)Cc1ccccc1Br,-6.302,-5.138,6.595007960571389,2.8019089920980664,0.24632634744916887
CNS(=O)(=O)c1ccc2c(c1)c(NC(=O)Cc1ccccc1Cl)nn2C,-6.93,-5.575,7.493000667289441,2.9462058651764313,0.14236738012070155
CC(CCC1CCCCC1)C(=O)Nc1ccccc1Br,-6.729,-4.964,3.853143781381639,10.377811763565575,0.021106374405723882
CCC(c1noc(C(C)(C)C)n1)N1CCC(C(=O)O)C1,-6.696,-5.17,4.421043881257004,3.0785952965597807,0.6698762449907644
Cc1noc(CNC(=O)CC(O)C(C)N)n1,-6.139,-4.778,12.455167080372707,2.8486723223284214,0.006527379374926646
CCC(C(=O)Nc1ccc(N2CCCC2=O)cc1C)c1ccccc1,-7.673,-5.648,4.680795658859719,2.852731673326462,0.6273251701468238
CC(N)c1ccc(NCC2(O)CCCC2)cc1,-6.234,-5.104,8.369261197979187,8.889902642886478,0.005695984076515107
CC(CS(C)(=O)=O)N1CC(C(C)(C)C)CC1C(=O)O,-5.472,-4.679,7.341797055217476,3.081849769213289,0.15432407095047776
N#Cc1cc(F)c(N(c2ccc(C(=O)O)c(C#N)c2)C2CC2)cc1F,-7.826,-6.024,8.486788438508409,8.859067332400178,0.005398040307597788
COc1ccc(-c2cc(CN(C)S(C)(=O)=O)ncn2)cc1,-6.866,-5.256,4.634279771442376,4.503819157115436,0.4780388362633408
Cc1cc(N2CCC3CCCCC32)n(C)n1,-6.272,-5.317,12.856655163766353,3.1892113445176378,0.004933565927202585
CC(Cn1c(=O)sc2ccccc21)C(=O)Nc1ccc(N2CCOCC2)cc1,-6.878,-5.856,4.040197643680319,3.1265757627154995,0.7364898862146211
Cc1cccc(CN(C)c2cc(Cl)ccc2C#N)c1,-6.955,-4.929,4.388231762338902,9.480076212773819,0.032503705419314737
Cc1c(N2CCN(C)CC2)cccc1C(F)(F)F,-6.014,-4.701,12.507687036378869,3.074952682562774,0.0062034355272210075
O=C1CCC2C3CC(CC13)C2c1ccccc1O,-6.48,-5.399,12.514309968991498,3.306586911000526,0.0060335108223202785
O=C(Cl)C1CC1C1CCCCC1,-5.088,-4.148,12.561682888848932,3.012317048386507,0.006030406928750065
CCCN(CC)Cc1cc(Nc2nc(C)nc(Nc3cccc(C(F)(F)F)c3)n2)ccc1C,-7.077,-5.637,3.351441630104872,5.512291810127617,0.4216101013510292
CCCCCCCCCCCCC(=O)OCC(CO)(COC(=O)CCCCCCC)COC(=O)CCC(=O)O,-4.782,,,,0.0
NC(=O)c1ccccc1N=Nc1ccccc1OC(=O)c1ccc(Cl)cc1,-7.915,-6.3,12.115824610813744,3.0732090719637024,0.007926091155317814
Cc1nc2cc(-c3ccco3)nn2c(C)c1C(=O)Nc1ccccc1,-7.171,-5.684,5.133918776139724,3.0374003687363973,0.5181760085199274
CCOC(=O)C1=C(c2ccccc2)N=c2sc(=Cc3ccccc3Cl)c(=O)n2C1c1ccc(OC)c(OC)c1,-7.09,-5.586,7.373030313242988,5.86143344242686,0.06431968971719236
C#CC(=O)N1CCCC(C(=O)OCc2nc(CCc3ccccc3)no2)C1,-6.862,-5.166,4.075695032752082,7.025554782364166,0.16030664569484454
CC(CCC(=O)O)CNC(=O)C1CCC(C)O1,-6.336,-4.615,11.865826309195665,2.931132716203754,0.009376814399079614
CCN(CC)C1=NCC(c2ccccc2)CO1,-5.509,-4.736,4.420665334539586,5.340889532652778,0.3686760101801297
Cc1nc(CNC(=O)c2cccnc2Br)n[nH]1,-7.282,-5.668,12.571334296724434,3.1822559607925953,0.005900788188416776
CCn1nc(C)c(C(N)=O)c1Nc1cccc(C(=O)O)c1,-7.087,-5.516,12.211192980212868,2.8604634239926927,0.007596178788248883
CC(C)(C)Cn1ccccc1=NC(N)=O,-5.474,-4.512,12.809874082128989,2.94057902461403,0.00519404585336875
Cc1ccnc(NC(=O)c2ccc(OCC(=O)NC3CC3)cc2)c1,-7.519,-5.832,4.081802175510225,3.0025144462600006,0.7376236128057071
Clc1cc(Cl)cc(NCc2cnn(-c3ccccc3)c2-n2cccc2)c1,-7.493,-5.441,4.610660364850138,3.59974249079014,0.5928075309916402
CC(C)(I)C#CC(=O)CBr,-5.108,-3.422,12.814028289339772,2.982078805129066,0.00516347423331611
CNC(=O)COc1ccc(C=C(C#N)c2nc3ccccc3[nH]2)cc1C,-7.015,-5.753,7.618549533867978,7.938490095729792,0.01632693690575484
CCCOc1ccc(C2=NC(Cc3ccccc3)Cc3c2nc(C)n3CC(=O)NCc2cc(OC)ccc2OC)cc1,-6.891,-5.872,4.701837725825934,3.4745317670155207,0.5850376827452993
O=CCC12CCC(OC1)C1CCCC12,-5.694,-4.899,12.791532589959656,2.9879928045428756,0.005234050619144368
FC(F)(F)CNC(c1cnc2ccccc2n1)c1c(Cl)cccc1Cl,-6.66,-5.016,8.930378995317053,12.583231778839648,0.0004004223968127063
COc1ccc(CNC(=O)Cc2csc(N3CCCC3=O)n2)cc1,-6.979,-5.651,8.866463838532248,9.030550536927413,0.0038315225096614146
CCCCCC(=O)Nc1n[nH]c(C)c1C,-5.869,-4.249,8.512724475748055,8.777958760440836,0.005586756560726478
COc1cc(C2Oc3c(ccc4c3OCC4)C(=O)C2O)ccc1O,-8.205,-5.896,4.908066319845322,2.991994151063801,0.5707193716172767
O=Cc1ccc(Cl)cc1-c1ccon1,-5.958,-2.184,12.063425218402939,2.8528717111009394,0.008335576997610164
CC1CC2CCC(n3ccc(=O)[nH]c3=O)CC2CO1,-6.759,-4.919,8.282693161043696,11.751619547960189,0.001006874486914048
Cc1cccc(CN(C(=O)CCCN(c2ccc(Cl)cc2Cl)S(C)(=O)=O)C(Cc2ccccc2)C(=O)NC2CCCC2)c1,-6.915,,,,0.0
CC(=NNc1nc(C)cc(C)n1)C(C)N,-5.997,-5.286,12.635682925746435,3.079075672990191,0.00572439515991552
CCOc1ccc(C(=O)NC(C)C(=O)NCc2cccnc2OC)cc1,-6.884,-5.272,4.64697213247508,3.6576547130640966,0.5802718637778452
CC1C(N)CN(Cc2ccccc2[N+](=O)[O-])C1C,-6.124,-4.584,7.486805259922286,3.585697282259058,0.13305855474247766
N#CC1=C(N)OC2C=CC(SCc3ccccc3C(=O)O)=CC12,-7.284,-5.559,11.92117716502863,9.223365004161984,0.0005045983609276734
CCOC(=O)C1CC(=O)C(COC2CC(NC(=O)OCC3c4ccccc4-c4ccccc43)CCC2=O)C1,-8.866,-6.287,4.719061983064007,3.4349096057975097,0.5845639043947637
Cc1ccc([N+](=O)[O-])cc1NC(=O)Cn1c(Cc2ccc(Cl)cc2)nc2ccccc21,-7.178,-6.591,7.304788977102624,7.830039718928634,0.02113595619786118
NC(=O)c1ccc(F)cc1S(=O)(=O)Nc1ccccc1COc1ccccc1,-7.572,-5.131,4.082196590072554,6.504500980090632,0.21764026784167237
CCCc1nnc(NC(=O)c2ccc(OC)c(Br)c2)s1,-6.582,-5.064,4.657537976227354,5.172123065047854,0.368721880844569
Cc1cc2nc(Cn3ncn(C)c3=O)cn2c(C(C)C)n1,-6.545,-5.529,12.031670125132255,3.1014051654048687,0.00833262470852516
CCc1nc(CN2CCN(CCn3c(C)ccc3C)CC2)no1,-7.2,-4.766,4.625022810754558,2.9496742192994807,0.6348060641748808
Cc1cc(S(=O)(=O)NCCC(=O)NC(C)(C)C)ccc1N,-6.567,-5.112,12.499822798743988,3.087727481498327,0.0062267805031747435
COC=CC(=O)N1CCCC(C(=O)c2cccc3[nH]ccc23)C1,-7.055,-5.335,12.054023892460146,3.1445974305147555,0.00818344142253097
Cc1ccc(Oc2cc(Oc3ccc(F)cc3)ncn2)cc1,-7.445,-5.31,12.614279131206825,3.2941759212282515,0.0056761124458791406
COc1ccc(OC)c(C(O)=C2C(=O)C(=O)N(c3cccc(Cl)c3)C2c2ccc(C)cc2)c1,-7.632,-5.926,3.7939843173107604,6.733820386675012,0.2020994458686758
CCCC(=C(C)C(=O)O)c1ccc(F)c(Br)c1,-5.675,-4.732,12.050574633601505,2.9883456962004913,0.008316414425487318
O=S1(=O)N=C(I)Nc2ccc(C(F)(F)F)cc21,-7.203,-5.49,12.372380045892545,2.8498577157465244,0.006873416723379891
COC1CCN(c2ccc(CBr)c(C)n2)C1,-6.079,-4.256,7.416538343459163,8.196284768112928,0.015751818351177792
COc1ccccc1CNC(=O)N1CCN(c2cccc(Cl)c2)CC1,-7.319,-5.511,4.610135030560384,5.222200111064302,0.366510053388778
Cc1ccc2[nH]c(C(=O)NCC(=O)O)cc2c1,-7.102,-5.597,8.933321274867483,12.674637470160636,0.0003774967285478115
O=C1CCCN1CCNCc1ccccc1OC(F)F,-6.619,-4.926,13.055604543643316,2.949764227866357,0.004451389921436918
Cc1cccc(NC(=O)c2cnn(C)c2C(=O)O)c1,-6.82,-5.534,4.589912962137736,4.774172284281328,0.4426313121114845
CC1CCCC1CN(C)CCC(F)(F)F,-5.654,-4.483,13.17723965783426,3.0115911077037003,0.004104828257640672
CCC(NC(=O)Nc1cccc(C(=O)O)c1)C(C)C,-6.657,-5.299,6.277945762747557,2.850336471366144,0.2944889679628819
CCOC(=O)C1=C(C)N(C)C(=O)NC1c1ccc(OCc2cccc(C)c2)cc1,-6.929,-5.666,5.053808464910398,3.075256249485561,0.5342650845541133
CCOc1ccccc1C=CC(=O)NC1CC1,-6.884,-4.559,6.976996846781572,7.905917467315226,0.02457650456711896
N#CCC1CCCCN1C(=O)c1ccccc1-n1ccnc1,-6.936,-5.341,6.922180725753987,3.2686428376315453,0.1950116438789378
COC(=O)N1CCN(c2nc3ccccc3s2)CC1,-5.936,-4.928,4.30235726085131,3.6992358670406524,0.6407488355274394
Cc1cc(C)n(CCC(=O)NC2CC2)n1,-5.883,-4.708,12.690413626040723,3.3745038153778992,0.005361253541777875
COc1cc(C)oc(=O)c1C(=O)c1ccccc1N(C)S(=O)(=O)c1cc(O)ccc1F,-6.662,-5.795,6.5334858995791825,3.369990504437662,0.24224790833205473
C=CC=C(C)C=CC1C=C(C(=C)C)C=CN1C,-6.577,-3.834,7.335735545942207,7.7534505221868795,0.02174287374684895
CC(C)N(CCO)C(C)CC(=O)O,-4.422,-4.25,12.85589814054234,2.891472462258633,0.00506560070591397
O=C(O)C(Cc1ccccc1)N1CCCC1=O,-6.19,-5.224,12.495554329440532,2.957544927807522,0.00631306614094844
CN(Cc1ccccc1Cl)C(=O)CSc1nnc(-c2ccco2)n1C1CC1,-6.443,-5.658,4.595953655118815,3.024401593704118,0.6370863461162223
O=C(Nc1ccn[nH]1)C1Cc2ccccc2O1,-6.824,-6.078,12.538306823490961,2.9357367048153344,0.006157140377350139
CC(=O)NCCCC(=O)Nc1ccc2c(=O)c3ccccc3n(C(C)=O)c(=O)c2c1,-7.874,-6.12,6.331957517229566,2.816042080651495,0.28630523101740024
Cc1ccc(NC(=O)c2cc(C(F)(F)F)cc(C(F)(F)F)c2)cc1C#N,-8.485,-6.048,3.5244816640181296,3.2680976117613127,0.7972867370949167
N#CC1(NC(=O)COCC2CC(Cl)C2)CCC1,-6.422,-5.279,12.436857561297389,3.1413953905868004,0.006444112436189693
CCNC(=O)c1ccc(CN=C(NCC)NC(=O)CCS(C)(=O)=O)cc1,-6.741,-5.458,4.791379342110161,3.050753021796422,0.5936006683558408
COc1cc2c(cc1NC(C)=O)C(Cc1ccccc1)NCC2,-8.223,-5.543,3.700579819433706,6.711184172707526,0.20819399430700927
CC(C)OCCN(C)CC1(CBr)CCCC1,-4.925,-3.839,12.821121557804528,3.051326432881281,0.005110594352492759
O=C(c1cc([N+](=O)[O-])cc(C(F)(F)F)c1)N1CCCCC1,-7.386,-5.624,12.372981007016861,3.056221523384717,0.00675958196743427
O=C1C=CC2(Cl)CCC3=C4c5ccccc5CCC4C(C3)CC2C1,-5.873,-4.608,7.445433298337982,9.550298686428608,0.006666427824117978
Cc1nc(-c2ccco2)nc2c1C(=O)N(C1CCS(=O)(=O)C1)C2=O,-7.001,-5.782,4.546332477943072,3.224792861564908,0.6352625375930739
Cc1ccc(SCC(=O)Nc2ccc(C(F)(F)F)cc2Cl)cc1C,-7.374,-5.816,4.741565986043007,3.1627236679798636,0.5981860941841562
O=C(NSc1cccnc1)Oc1ccccc1,-6.508,-5.644,12.366491256617618,2.9218475319564505,0.006862419131930144
Cc1ccc(NC(=O)NC(CC2CC2)c2ccccc2)cc1,-6.922,-5.856,12.563279985736209,2.9502299910345973,0.0060549307678301745
CC1CCCN(Cc2ccc(Br)cn2)C1C(=O)O,-6.16,-5.06,12.157534824132728,2.963880901790758,0.007794100851867502
NC(=O)C1(CC(=O)O)CNC1,-4.57,-4.796,12.692045776784767,2.8965866118588615,0.0056097078088860955
CN(C(=O)c1ccnc(NC(C)(C)C)n1)C1CCS(=O)(=O)C1,-6.032,-4.812,7.476614608230119,3.028124997420022,0.14283598611093135
C=Cc1ccccc1OC(C(=O)O)C1=CC=CCC=C1,-5.89,-4.527,12.399815038943121,3.1152582557470248,0.006611494439304712
CC(C)(C)OC(=O)C1C2CC3CCC2CC31,-5.29,-4.478,12.701748344224113,3.1087190287962665,0.005477902796305558
CCNC(Cc1csc(C)n1)c1cc(C)sc1C,-5.867,-4.237,12.490359682571196,3.2209864948490554,0.00618238122365227
C=CCSCCCNC(=O)N1CCCC1c1ccc(F)cc1,-6.265,-4.618,12.122000907440983,2.846776598189608,0.008039406842872344
Cc1ccc(OCc2cc(Cl)ccc2F)c(CO)c1,-6.97,-5.547,12.538475425664798,2.926445283957997,0.006160902968256053
COc1cc(C)cc(C)c1C1CC1,-5.697,-4.407,12.86864149784273,2.808433549151555,0.005054929304008497
CC(=O)OC1C(O)OC(CO)C(O)C1O,-4.964,-4.749,12.066704189628583,2.7700344763197444,0.008365198406945823
CSCCC(NN)c1cccnc1F,-4.938,-4.087,8.154447988674647,3.0750235771453847,0.09375935629906477
COc1ccccc1C1=NC(CC(=O)Nc2ccc3c(c2)C(=O)NCC3)C(=O)N1,-8.413,-6.662,12.313964146447724,2.9313631641268874,0.00708625987985364
CC(C)C(=O)Nc1ccc2ccccc2c1S(N)(=O)=O,-6.805,-5.529,12.198627340811752,2.976071571720008,0.007589043008509181
Clc1ccc(-[n+]2ncoc2-c2ccccc2)cc1,-6.494,-5.34,12.589628826935288,3.040333369879033,0.005911818378210526
CC(N)c1cc(C(=O)O)c(COCC(F)(F)F)o1,-6.569,-5.53,12.147048159944044,2.8491739153656455,0.007913208056124284
CCOc1ccc(CNC(C)(C)C)c(OC2CCC2)c1,-5.778,-4.207,4.218476620772005,6.209069656558864,0.24900665403560354
CC(C)CN(C)C(=O)c1ccccc1NC(=O)c1ccco1,-6.389,-4.791,7.727095249833536,3.1564518054296347,0.1210919533730456
O=c1c2cccc(Cl)c2oc2c(SCl)cccc12,-6.553,-5.4,7.045803999544694,7.645922573502821,0.027671293412427453
CCOC(=O)N1CCC(c2ccccc2C(=O)NCC(C)(C)C(N)=O)CC1,-6.91,-5.398,5.319525918726217,3.1858050787830696,0.4704784299559727
CC(C)(C(=O)C(F)(F)F)C1CCCC1,-5.313,-4.632,12.763586643259801,2.9434452602350194,0.005345302064576179
COC(C(=O)NC(C(=O)N1CCC(O)C1)C(C)C)C(C)C,-5.599,-4.62,5.313857544195177,2.816814335379597,0.4864991347751211
O=C1C(=Cc2ccc(F)cc2)Oc2cc(O)ccc21,-7.689,-6.576,12.371943137599688,3.0433882433892663,0.006771584205540608
CC(=O)Nc1ccc(S(=O)(=O)Nc2ccc3c(c2)OC(F)(F)O3)cc1,-8.871,-5.926,7.052604270764099,9.94711159080866,0.006601010220517864
Cc1cc(-c2cnnn2C)ccc1N,-6.148,-4.469,11.841127437875162,8.606996804925629,0.0007785573190458267
CC1(C(=O)O)CCN(C(=O)Nc2cnc3onc(C4CC4)c3c2)CC1,-7.526,-5.435,3.9016971948115087,10.329580727212502,0.021545116660182002
CCCCNC(=O)C(C)Sc1nnc(NC(=O)Nc2ccccc2C)s1,-7.573,-5.318,4.524684961408915,3.0569798821712926,0.6501393014122978
Cc1ccc(NC(=O)c2coc(CN)c2)nn1,-6.724,-5.132,6.139391012144445,3.019263155142327,0.31406142527765596
CC(CC(N)=O)NC(C)C(=O)Nc1c(Cl)cccc1Cl,-6.438,-5.279,12.260738313821072,2.79235044362272,0.007399111997520058
O=S1(=O)CCSCC1c1cccc(Cl)c1,-5.897,-5.064,12.246174668034095,2.96795367214517,0.007371673476084489
COCC1CN(c2ccccn2)C1,-4.997,-4.158,12.467658721668636,3.001645548694915,0.006401104424366955
Cc1ncccc1N(C)S(=O)(=O)c1cccc(F)c1,-6.544,-4.531,7.393333754132839,2.9473759515881244,0.1512714566165215
CC(=O)N1CCC(N(CC(=O)O)CC2CC2)CC1,-5.59,-4.367,5.638898651332545,2.9672724849598833,0.4113250920306046
CN(Cc1cccs1)c1cccc(C(N)=O)c1[N+](=O)[O-],-6.198,-4.942,12.082393388728907,2.9738370836345416,0.008162310295777443
COC(=O)c1cc2n(n1)CCN(C(=O)C1CC1)CC2,-4.573,-3.278,5.349119834140941,2.9601582727955607,0.47361761591867746
O=C(O)C(O)=Cc1ccc(N2CCCC2)cc1,-5.716,-4.861,5.266558173988018,3.110135366828909,0.4855406341702885
CCOc1ccc(C2Nc3ccccc3N=C2C(=O)NCc2cccc(OC)c2)cc1,-6.971,-5.356,6.966408687408455,7.924136987710397,0.02445636192937882
Cc1ccc(F)c(OCCNC(C)(C)C)n1,-6.088,-4.299,5.056416319885063,3.4669936544504942,0.5109205907313841
Cc1nc(CCN(C)Cc2ccc(Cl)cc2F)n[nH]1,-7.112,-5.23,12.321599287430184,3.15050488017397,0.006919299547914424
CC(Nc1ccc(Cl)cc1)(C(=O)O)C1CC1,-5.711,-4.845,12.613091770061772,2.915889915617529,0.00588493075695357
CCc1nsc(NC(=O)CCCC2CCCC2)n1,-6.593,-4.454,12.749383749813164,3.1731463880508253,0.005284215835478172
CCc1nn(C)c(CC(CO)C2CC2)c1Cl,-5.088,-4.454,11.847682389395828,2.921448442125926,0.00949078696321516
CCC(C)C(N)C(=O)N(CC)Cc1ccccc1,-5.745,-4.299,12.546974814671463,3.191136004622805,0.005985916797018965
Cc1ccc(O)c(C(=O)OC(C)C(=O)NC(C)c2ccccc2)c1,-7.233,-5.088,4.09978853113182,7.977435991595295,0.0892049579175959
CCCC1CN(CC(C)(C)C(C)(C)C)C(CC)CN1,-5.906,-4.014,7.44945434243341,6.83871873964707,0.035307580256240145
NC(=S)c1ccnc(C(F)(F)F)c1CC(=O)O,-5.354,-5.032,11.782954595516356,2.733480199306372,0.010011319029963156
CCC(C)N(CC(=O)OC)C(=O)c1ccncc1,-5.736,-4.461,11.947936725644308,2.9627104144684817,0.008885751091207546
Cc1cc(Cl)ccc1NC(=O)CCC(=O)Nc1ccc(Cl)cc1,-7.416,-5.135,8.929337881388518,12.679911395589482,0.0003771887383919472
COc1ncccc1NC(=O)NC(C)(C)C,-6.209,-4.596,12.509148532174363,3.1639508529684846,0.00614586985351858
Cc1ccc(C(=O)Nc2ccc(C(=O)Nc3ccc(Cl)nc3)cc2)cc1,-7.165,-6.148,4.233573549615028,2.9101802349682764,0.7157372278609044
C=C(C)COc1ccccc1C(=O)OCC(=O)Nc1ccc(C(C)=O)cc1,-6.792,-5.118,7.350068979268154,10.746309785223948,0.003347889251597537
CC(=O)Nc1ccc(S(=O)(=O)N2CCc3ccccc3C2)cc1,-8.356,-5.649,8.985214966821886,9.429104782533706,0.002775742627373317
Cc1ccc(S(=O)(=O)Nc2ccc(CC(N)=O)cc2)s1,-7.397,-5.253,12.904416182067285,2.912702868471139,0.004906517561073627
CCCNC(Cn1c(C)cc2ccccc21)C(C)C,-5.895,-4.833,12.580366330119327,3.262515593832464,0.0058182057505606595
Cc1[nH]nc(-c2ccccc2)c1-c1cnc2c(C)nc3cccnc3n12,-7.391,-5.705,4.200381173179405,5.521022912468306,0.3595628976235743
CCN(CC)C(CNC(=O)CCn1cccn1)c1ccccc1,-6.076,-4.517,4.4139103978218674,5.192592897580168,0.39500637702772695
CC(Cc1ccncc1)NC1CC(O)C1,-6.334,-4.661,12.719917649104495,3.3259019829213248,0.005294085586782114
COc1ccc(C(C)(N)c2ncc[nH]2)c(OC)c1,-5.906,-4.923,12.43600655355247,2.9884234974313806,0.006536128963926476
Cc1cc(C(=O)N2CC(O)CC2C(=O)O)n[nH]1,-6.432,-5.065,11.86882159272773,2.938001531653787,0.009354305188208926
Cc1ccccc1CNC(C)c1ccccn1,-6.633,-5.322,12.580715639422106,3.023923940842428,0.005953241419145432
CNC(=O)CCc1ccc(O)cc1O,-5.697,-4.7,12.626419801353034,2.8252980373758803,0.005874385407736922
O=C(CNCCCn1ccnc1)c1ccccc1F,-5.996,-5.182,12.226220429879383,3.039333644073977,0.007419849503063687
OC(CN(CC1CC1)CC1CC1)C(F)c1ccccc1,-5.705,-4.405,12.319062829614921,3.067529298963581,0.006984221398672534
COC(=O)C(C)c1ccc(OC)cc1,-5.559,-4.791,12.528475924868115,2.978329229618512,0.0061741935890542495
CC1(C)N=C(c2ccc(-n3ccccc3=O)cc2)OC1=O,-6.471,-5.676,12.803646668039539,3.127766935051268,0.005130694080762536
CCC(NC(=O)c1cccc(O)c1)c1ccccc1,-6.79,-5.241,12.709730524287288,3.1384411735764624,0.005435293866103377
CCC(c1cccc(Br)c1)C1N=C(c2ccncc2)NC1=O,-7.333,-5.182,6.812740564559903,3.4395297643718696,0.2038698406471568
CC1(C)CC(=O)c2cc(C(=O)O)ccc2O1,-6.21,-5.223,12.280805226042794,3.0118665309073704,0.007187850176348837
COc1ccc(-c2cnn3ccc(I)cc23)cc1,-7.319,-4.906,7.136510772079028,7.951294422922598,0.02171590290516395
CCOC(=O)c1cc(C)oc1CN(C)C(=O)c1ccc(N2CC(C)OC(C)C2)cc1,-7.167,-4.892,8.749075379718704,8.990701085010002,0.004225393402283168
Cc1cc(Cl)cc(C)c1OCc1ccnc(C(C)N)c1,-7.151,-5.281,12.529349783608087,3.0442077787168214,0.006136713042859286
CC(C)C1CCN(C(=O)C2CCC3CC2C3N)CC1,-7.276,-4.794,4.577144196985714,3.233931817463071,0.6283325024701503
CCCCNc1cncc(N)c1,-5.428,-4.211,12.754829438295127,2.8238278984385716,0.0054219148521030295
CCc1ccc(C(=O)Nc2cc(NC(=O)c3cccs3)ccc2C)o1,-7.593,-5.813,6.760467513419468,8.302710521269544,0.021871499236312597
O=C(Nc1ccc(S(=O)(=O)N2CCCC2)cc1)c1cc(C(F)(F)F)n[nH]1,-7.604,-5.887,4.676576311790496,2.9002491272302797,0.6260813660235927
O=C(C=Cc1ccc(-c2cc3ccccc3[nH]c2=O)o1)Nc1ccc(Br)cc1,-8.369,-7.202,3.7455752562189963,3.4148572444540055,0.7565045802810274
COc1ccccc1NC(=O)NCc1c(C)nn(-c2ccccc2)c1C,-7.309,-6.136,8.325712041621424,3.4315113288462262,0.08110703931874999
O=C(Nc1ccccc1-c1cnn(C2CCCCO2)c1)C1(c2cccc(Cl)c2)CC1,-6.727,-5.151,8.739278517131721,12.713650223283635,0.00041568214204299305
Cc1ccc(C(=O)Nc2cccc(C(=O)Nc3c(Cl)cccc3Cl)c2)o1,-7.973,-6.054,4.019662174859971,7.938933744527661,0.09303771302419488
O=[N+]([O-])c1cccc(C2CC=NN2Cc2ccc(F)cc2)c1,-7.727,-6.532,11.908577203007923,3.0106615552067626,0.009071324806704834
Cc1ccc2c(CC(=O)NCc3ccc(Cn4cnc(C)c4)cc3)coc2c1,-7.553,-5.963,4.219257043603767,8.216674022985213,0.07470574672223614
CC(=O)c1cc(F)ccc1Oc1ccc(Cl)cc1[N+](=O)[O-],-6.711,-4.938,12.514495195572213,3.1843789033342125,0.0061128574540418425
COCCCNc1nc2ccccc2n1Cc1cccc(OC)c1,-6.45,-5.586,12.604261065211242,3.0639944516921043,0.005845829416604504
Cc1c(Cl)cnn1Cc1nc(CC2CCCN(C)C2)no1,-6.904,-4.939,7.3795367063251325,3.024993553712139,0.1515803248058839
CCOC(=O)CC(=O)N(c1ccccc1)C1CCCC1,-6.144,-4.95,12.175023819278548,2.9344106733720823,0.007727261706235754
Cc1[nH]c2ccc(Cl)cc2c1C1CCCC1O,-6.881,-5.146,12.768043428810852,3.1659794692954026,0.005226679146120715
CCc1ccc(C(=O)Nc2ccc(N3CCCC3CO)nc2)cc1C#N,-7.225,-6.51,4.5316491479372045,3.006341630620179,0.6515324265458776
CC(=NNC(=O)c1cc(Br)ccc1Cl)c1cccc([N+](=O)[O-])c1,-7.07,-5.768,5.906943710583334,2.9155584370751337,0.35935487053314785
COc1cccc(N2CCN(C(=O)C(C)Oc3cc(C)cc(C)c3)CC2)c1,-7.657,-5.664,3.9321584403479974,3.102591175130878,0.7555386751866665
CC1CC1C(N)c1cccc(C(F)(F)F)c1,-6.907,-5.498,12.393823340680632,3.001288723198753,0.006703602510272641
Cc1c(C(=O)Nc2ccc(Cl)cc2C(=O)O)oc2ccccc12,-8.692,-6.359,8.14522271027625,2.80523243243764,0.09630383672606074
Cc1cc(C(=O)Nc2c(C)[nH]n(-c3cccc(Cl)c3)c2=O)no1,-8.015,-6.418,4.93641874236779,2.848190478180839,0.5706150749198312
COc1cccc(C=C2SC(=O)N(CC(=O)OCC(N)=O)C2=O)c1,-6.739,-5.507,4.589480580632191,2.8210363343991167,0.6484643554137528
CCOC(=O)c1ccc(NC(=O)c2ccc(C)nc2)cc1,-6.39,-4.848,5.2001701895226455,3.241377484959135,0.4936062104639579
COC(=O)c1cc(F)ccc1N1CCC(C(=O)NOC2CCCCO2)CC1,-6.553,-5.524,3.9046901285505355,3.161608609553055,0.7554959127777825
COC(=O)C(C)(C)C(O)N1CCCC1,-4.985,-4.13,12.79065479168287,2.9951480764730145,0.005233838093441178
CCC(C)(C)NC(=O)C1CCN(c2ccc(N)cc2F)C1,-6.936,-4.766,8.633463094262927,9.180295311154211,0.004034473107480429
CCC(C)NC(=O)c1nc(-c2ccco2)cn1-c1ccc(Cl)cc1,-7.593,-5.234,4.4571525663813665,5.432498780487668,0.34929182166507255
Cc1ccc(-c2c(C(N)=O)c(N)nc3onc(C)c23)cc1,-6.409,-5.599,12.692787006800357,2.7905379409712388,0.005648906826309196
CCOC(=O)C(C)(CC)NC(C)COC,-4.82,-3.701,12.710498416663292,3.0061019610119675,0.005497701098558818
CCC=CC=CC=CC=CC=CC=CC=CC=CC=CCCCCCC(=O)OCC(COCCC(O)(C(=O)O)[N+](C)(C)C)COC(=O)CCCCCCCC=CCCCCCCCC,,,,,0.0
O=C(NCC(c1ccco1)N1CCCC1)Nc1ccccc1-n1ccccc1=O,-7.446,-5.223,7.458121479300267,10.085316554278306,0.004736993038752365
Cc1c(Cl)cccc1NC(=O)C1CC(C)C(=O)N1CC(N)=O,-6.507,-1.247,7.7628673182014385,7.096894320757495,0.024976019356833416
Cn1c(=O)c(C(=O)NCC2COc3ccccc3C2)nc2ccccc21,-8.238,-6.193,4.813858120052979,3.354456438828801,0.5704648008138367
O=S(=O)(O)OCC1CC2CCC1C2,-5.346,-4.321,12.558306454295499,2.872167474225693,0.006109657513763437
CC(NC(=S)Nc1ccccc1C(C)(C)C)c1ccc(S(N)(=O)=O)cc1,-6.969,-6.044,8.505018577287176,8.597919399482645,0.006278369393904516
Cc1ccccc1NC(=O)CN1CCc2sc(-c3ccccc3OC(F)(F)F)nc2C1C,-8.569,-6.325,5.177459222437198,3.1018391318699954,0.5055527021242096
CCOc1cc(C=NNC(=O)c2ccccc2)cc(I)c1OC,-5.978,-5.333,3.591485904190632,7.7135734909314255,0.11570826649764929
O=C1CN(c2ccc(Cl)cc2)CCN1Cc1nc2ccccc2[nH]1,-7.587,-5.563,5.329737892241981,3.463831982068414,0.4532533326591839
CC(=O)NCc1cccc(C(=O)Nc2cc(C)cc(C)c2)c1,-7.972,-5.688,8.609438773810984,12.777908944737398,0.00043288519693685044
CN(C)C(C(=O)Nc1ccccc1CC(=O)O)c1ccsc1,-6.3,-4.726,7.6236952982133275,3.2034166135549715,0.1284124439440154
CCC(CC)(CC)NC(=O)Cc1ccc(O)c(C)c1,-6.474,-3.998,4.109363697703087,11.024665527806274,0.01333563509353792
CC1CC(C)CC(Oc2cc(N)nc(C(C)(C)C)n2)C1,-6.888,-4.684,4.576106969903567,5.994108273963693,0.2524432417323359
CCCNC(=O)CC(=O)Nc1cc(Cl)ccc1Br,-6.257,-4.771,3.897764102661935,9.744188678386722,0.03107609691100057
Cc1c(NC(=O)COC(=O)C(C)Cl)c(=O)n(C)n1-c1ccccc1Cl,-6.762,-4.886,5.5186798240158845,4.677044472741306,0.3119171423055949
CCCNc1nccc(Oc2cc(C)ccc2C)n1,-7.018,-5.02,4.657265399351856,10.228197006315433,0.018711034811309243
Cc1cc(N(C)c2ccnn2-c2ccccc2)ccn1,-6.893,-4.384,7.105152918832922,8.17052054645235,0.01932690922384747
O=C(Oc1c(F)c(F)cc(F)c1F)c1cc(Cl)ccn1,-7.257,-5.414,12.41779533572687,3.0748551185381077,0.006561975390098551
COc1ccc(OC2CC(NC(=O)c3nc(C)c(C)nc3C3CCCO3)C2)c(OC)c1,-6.884,-5.722,5.416478930079947,3.0692723893457226,0.454669402863257
[CH]CC(O)N[CH],-3.909,-3.142,7.884952948496268,2.9553304383774077,0.1118580276218677
COc1ccc(NC(=O)c2n[nH]c3c2CCCC3)c(OCC(N)=O)c1,-7.107,-5.4,6.425482394342078,3.512243869665089,0.25303198479354316
Cc1ccc(S(=O)(=O)CCCn2c(=O)n(C)c3nc(N)[nH]c(=O)c32)cc1,-8.124,-6.172,4.567971978898295,3.189549341207939,0.633136343691658
Cc1cc(O)cc(NC(=O)N(C)CC(C)(C)O)c1,-6.0,-4.606,3.8458026470426177,4.7314400556278855,0.5450228551116566
Cc1ccc(-c2nccc(CN)n2)o1,-6.589,-5.088,12.5806513344898,3.224844957513462,0.005840797546565915
CCCCn1c(SCc2cc(=O)oc3cc(OC)ccc23)nnc1-c1ccco1,-6.934,-4.949,5.856556496782046,3.0212267376017965,0.36597296329856044
CCCCCCCCOC(=O)COCCCCCC,-4.954,-3.229,9.321933812251618,12.999269633329405,0.00024190421390380453
CN(Oc1cc(F)ccc1CNC(=O)c1ccc(C(F)(F)F)[nH]1)C(=O)OC(C)(C)C,-6.34,-5.488,5.216918822446829,4.6747190289898715,0.359386414241149
O=C(Cc1ccc(Cl)cc1)Nc1cccc(C(=O)Nc2ccc(F)c(Cl)c2)c1,-8.232,-6.809,4.868617360195809,3.061367014913435,0.5760675993828952
O=C(Cc1cn2ccccc2nc1=O)NCc1ccccc1CN1CCCC1,-7.666,-5.703,7.573917876502225,3.0858237149908616,0.1339060790494121
CC1(C)CC(N2Cc3ccc(CN)cc3C2)CC(C)(C)C1,-7.443,-5.839,4.276297931622632,3.054456580146458,0.6993970792465026
Nc1ccnc(N2CCC(F)(F)CC2)n1,-5.868,-4.945,12.579711999882987,3.035037067318948,0.005951299819457803
CC(Nc1cccc(F)c1C#N)c1ccc(Br)cc1,-6.558,-5.062,7.593166928232251,8.198346357650426,0.014123122220504106
Cc1ccccc1C(N)c1ccc(Cl)cc1Cl,-6.388,-4.847,12.600577050278293,3.305770258200046,0.005717365494949424
N#Cc1cccc(NC(=O)c2ccc(COC(=O)COc3ccccc3C#N)o2)c1,-8.054,-6.411,3.739497426125601,3.8959948665263915,0.7004555232209597
Cc1cccc(NS(=O)(=O)c2cccc(C3=C(C(=O)OC(C)C)C(c4ccccc4Cl)C(=O)C(=O)N3)c2)c1,-7.333,-6.168,4.9542495899984695,2.7803780318510647,0.5691967184512285
O=C(c1onc2ccc(Cl)cc12)n1c(=O)oc2ccccc21,-7.68,-5.932,12.1484928283306,2.8885887557767713,0.007883664781549216
CCCCOc1ccccc1C=NN=C1NC(=O)C(CC(=O)O)S1,-7.011,-5.165,4.215368548537601,2.9620729228025433,0.7162355200538274
CCOC(=O)C=CCCC(NP(=O)(Cc1cccc(C(F)(F)F)c1)OCC)C(=O)NC,-6.729,-4.228,4.402531317321888,3.138862214242607,0.6697672331776547
Nc1c(-c2ccccn2)oc2cccc(Br)c12,-6.379,-5.507,12.869218158070055,3.011287432311967,0.004976358110582863
COC(=O)CN1C(=O)C(=O)N(c2ccc(C(F)(F)F)cc2)C1c1ccc([N+](=O)[O-])cc1,-6.663,-5.522,4.764147247934304,3.7533149348276122,0.5478708369737829
CCOC(=O)c1oc2ncn(C)c(=O)c2c1NC(=O)c1cc(C)ns1,-6.815,-5.793,7.332457978058926,3.086027381602438,0.15514313327940027
COc1ccc(CN(C)Cc2cccnc2)cc1OC,-6.424,-4.402,7.091492226605061,7.996727705755648,0.021695771375471087
CCOc1ccc2cn(C3CCC(=O)O3)nc2c1,-6.515,-5.433,11.78265110236232,3.0981818862035846,0.009738612815255798
Cc1cccc(CNC(=O)c2cc(C)nc(N3CCCCC3)n2)c1,-7.499,-6.143,4.97485567629856,4.343905615917547,0.441825533425182
Cc1ccnc(NCc2c(F)cccc2Cl)c1,-6.766,-5.264,12.536265552388398,3.1556752050868613,0.006047522666324632
Cc1cc(NC(=O)NC2CC2)ccc1NC(=O)c1oc2ccccc2c1C,-7.706,-6.062,4.879833808645535,3.162620590586231,0.5681705710677556
COc1cccc(NS(=O)(=O)c2ccc(NC(=O)Cc3coc4cc(C)c(C)cc34)cc2)c1,-8.213,-6.691,5.626221289640144,3.068044654173078,0.41043597073400206
CCCCC(=O)NC1CCC(c2ccccc2OC)CC1,-6.545,-4.802,7.186929386045197,8.99200678380527,0.011045320048685702
Cc1cccc(=O)n1CC(=O)OC(C)C(=O)O,-6.001,-5.041,11.979087360896907,2.8572212024972794,0.008783993968820219
CCc1[nH]nc(NC(=O)c2ccc(F)cc2[N+](=O)[O-])c1C,-6.836,-5.259,8.525416881302638,12.281199045695823,0.0006220949595481796
N#Cc1cc(-c2cc(C#N)c(C(F)(F)F)[nH]2)c(Cl)s1,-7.715,-6.261,12.645829352003767,2.9767045536969237,0.005738323742094097
CCCCOP(=O)(OCCCC)C(CCC)C(C)C,-5.123,-3.459,4.2785034766843415,5.410147779867017,0.37157586410745763
CN(C(=O)c1ccc(F)c(S(N)(=O)=O)c1)C(F)(F)F,-6.582,-4.92,6.14285715282392,2.814500310890017,0.31837765352475184
O=C(Nc1ccccc1F)C1CC(=O)N(c2ccc(Cl)cc2)C1,-7.749,-5.291,7.015690771406619,7.571021727613784,0.02949803078077538
Cn1ncc(-c2ccncc2)c1C(=O)NC(CO)c1ccccc1,-7.451,-5.226,4.636276523245781,8.213390347475272,0.0660966139022446
Clc1ccc(OCC2CCCNC2)nc1,-5.863,-4.287,12.945475541670922,3.1521676668603784,0.0046844325489305135
Cc1oc(-c2ccccc2)nc1C(=O)Nc1cc2ccccc2o1,-7.771,-6.261,4.442702443333336,3.4522486874499645,0.6386113191984152
O=C1CC(N2C=NCC2)C(O)C1O,-5.244,-4.28,10.953057883531885,8.401934896200993,0.0015402333847378642
COc1ccc(C(C)NC2CCCC2)c(OC)c1,-5.824,-4.43,12.65641011503657,2.9980943947781227,0.005690516158507302
Cn1cc(S(=O)(=O)N2CCN(S(=O)(=O)c3ccccc3)CC2)c(C(F)(F)F)n1,-6.749,-5.491,4.667759312561006,3.2242351030903436,0.6100967666162428
CC(=O)OC(=O)C(CC(CC(=O)O)CC(=O)O)(C(=O)OCCCOC(=O)OC=CC(=O)O)C(C)C,-5.347,-4.411,4.827060596263527,2.9990706893969676,0.5883609998818582
CC1(C(=O)O)CCN(C(=O)c2cc(F)cc(C(F)(F)F)c2)C1,-8.352,-5.29,3.3880290730747866,5.473428450249441,0.42771030449259323
CCCCCOC(Cc1ccc(O)cc1)C(=O)O,-6.072,-4.093,6.971000071725721,2.890548390876721,0.196044361532844
O=C(O)N(Cl)N=NCl,-4.511,-3.801,8.174571670736027,2.9162829080869366,0.09382442713957766
CCc1nc(CCNCC2CCCC2O)n[nH]1,-6.554,-5.225,12.58086833251187,2.9258108277877444,0.006000108468826445
NCCc1nnc(C(=O)O)s1,-5.117,-4.634,11.864597801864166,2.9762182379657576,0.009350641391902371
Cc1ccc(CNC(=O)c2cc(F)c(O)c(Cl)c2)o1,-7.323,-5.415,12.613942682603247,2.990561987319441,0.005847207585441459
Fc1ccc2c(c1)N(CC1OCCCO1)c1ccccc1S2,-7.25,-6.377,12.824146482319984,3.0525677715654407,0.0051003852831539055
COc1ccc(O)cc1-c1ccc(C[N+](C)(C)C)cc1,-6.015,11.48,12.80362077695212,3.122735659642039,0.0051332312296301415
NC(=O)NC1(C(=O)Nc2ccc(-n3cccn3)c(F)c2)CCCC1,-7.234,-6.511,12.040214948247396,3.134636342544379,0.00826230777016079
CC(C)CCOC(=O)OCCC(C)C(F)(F)F,-5.598,-4.532,12.032834163238519,2.943854106439379,0.008439153671295507
COC(=O)c1cccc(Nc2ncnc(NCc3ccc(C)cc3)c2Cl)c1,-7.993,-5.9,7.5016336887374075,8.601033775076111,0.011635122581129422
Clc1ccc(N=C(C=CC=Cc2ccc(-c3ccc(Cl)cc3)o2)c2ccc(-c3ccc(Cl)cc3)o2)cc1,-8.488,-6.553,7.26419444948991,10.634307734873953,0.0037826016579922696
NC(=O)c1cc(Cc2ccccc2)ccc1O,-7.102,-5.577,12.41364938283662,3.040556199118839,0.006598987824062399
Cc1ccc(C(C)N(C)CCC(=O)Nc2ccc(Cl)cc2)s1,-6.478,-4.275,3.7183376662159118,9.947902743794794,0.028290493936224573
O=C(O)C(=O)NC1(C(F)(F)F)CC1,-5.281,-5.015,11.863554062758766,2.8310430939849716,0.009458996594325704
CCOC(=O)C(O)(C1CC1)C1(C)CCCO1,-5.049,-4.26,12.387844727796681,2.9148145738622895,0.00677506829117222
Fc1cccc(CNc2cccc3[nH]nnc23)c1,-7.847,-5.915,12.25421421389393,3.1091164339728414,0.00724550163465213
CC1CCCN(c2ccnc(NC3CCOC(C)(C)C3)n2)C1,-6.958,-5.601,7.575483218910858,3.375067999314979,0.12972159780031653
CCc1ccc(N2C(=O)C(=O)C(=C(O)c3cc(C)c(Cl)cc3OC)C2c2ccc(Br)cc2)cc1,-8.343,-5.625,4.908053891309671,9.347745182663036,0.029564390828526445
CCC(C)Oc1nccnc1N1CCC(C)CC1,-6.079,-4.488,12.677579619154438,3.42664777880657,0.0053689768553803145
CC1CC(CN)(N(C)C)CCN1C,-4.72,-4.47,12.870446340356654,2.8015818745844285,0.0050515509530101735
CCNC(=NCc1c(C)ncn1C)NC1CCC(C(=O)O)C1,-6.317,-5.357,4.002807639644954,2.9671435758992195,0.7530542308630427
O=C(c1ccc[nH]1)N1CCCC(c2c[nH]c3ccccc23)C1,-7.909,-5.535,4.949422794629692,3.2729963336368098,0.5465339611472317
COc1ccc(C=CC(=O)Nc2ccc(OC)cc2OC)cc1,-6.514,-5.182,7.4364341589232135,7.19303684127921,0.02878333344576137
Cc1nc2ccccc2c(=O)n1-c1cc(NC(=O)C2(C(=O)O)CC2)ccc1Cl,-7.967,-6.76,4.437973974687097,2.9942322889181465,0.67137610738807
Cc1c(C(=O)NC2CC2c2ccn[nH]2)cnc2ncnn12,-7.526,-5.986,8.249547260304652,8.671057259642563,0.007029236253120029
CCNc1nc(NCC2(C)CCC2)cnc1C,-6.591,-5.18,12.813175757789324,3.236391354579974,0.0050446035835569345
CC(C)Cc1ccc(C(C)NC(C)Cc2ccncc2)cc1,-6.708,-5.194,12.697610562621614,3.090926560111061,0.00550113473400729
COc1ccccc1C(=O)NCCCC(=O)N1CNC(=O)CC1c1ccc(C)o1,-7.03,-5.95,4.462129648497452,3.0971477200805273,0.6605201138161921
O=C(O)CCCC(CNCc1ccccc1)C1CC1,-5.962,-4.718,12.767304609822702,2.829968904422803,0.005377536469556826
Cc1ccccc1C(=O)NC(CN=C(N)NC(C)c1ccccc1)C(C)C,-7.734,-5.579,4.841943514746945,3.621779811087362,0.5440526492665796
CCCC(C)OC(=O)C(Cl)Cl,-4.6,-3.428,12.555736378245603,3.021430952380014,0.006048193025657372
Cc1cc(C)c(Br)c(CN2CC(O)(C(C)C)C2)c1,-6.395,-4.535,5.885359632172022,3.5710140016527516,0.33840140066641555
c1ccc(N(c2ccc(-c3ccc4sc5ccccc5c4c3)cc2)c2ccc(-c3cccc4c3oc3ccccc34)cc2)cc1,-10.55,-8.262,7.3164233065070805,7.962416027814673,0.01934336954054225
NC(=O)c1cc(NC(=O)C2CC2C(=O)O)cc(C(=O)O)c1,-7.194,-5.918,11.895402515257734,2.7443401757070864,0.009325638832777578
Cc1cccc(C(F)(F)F)c1B(O)O,,,,,0.0
COc1ccc(S(=O)(=O)Nc2ccccc2C(=O)Nc2cc(C)nn2C)cc1,-7.535,-5.391,4.975698041481215,6.448780504870669,0.1691543169163293
COC(=O)CC(C(=O)OC)=C1CCCCN1,-5.258,-4.848,12.049502769824157,2.9660542813643844,0.00833704035213611
CCCCN1C(=O)CC(C(=O)NCc2ccc(C)o2)C1c1cccc(F)c1,-7.069,-5.467,4.475295074070535,5.256998573330605,0.37680062447036505
CC1COCC(C)(C)N1C(=O)NCCCOCC1CC1,-6.336,-4.269,4.538370412383722,4.977400727287286,0.41627724358882046
CCN1C(=O)C(NC(=O)c2ccccc2C)Cc2ccccc21,-7.187,-5.091,3.8624524592543534,10.29418772900514,0.022198048086389983
CC(=NNc1nccs1)c1cccc(OCc2ccccc2)c1,-7.156,-5.636,4.719784846791217,3.1031369612055477,0.6063112943177135
CCC(C)N(CC)c1ccc(C(=O)Nc2ccccc2OC(C)C)cn1,-5.796,-4.891,6.6294647596921426,3.496518840218082,0.22534073828235784
CCCC=C(OCc1ccccc1)C(=O)OCC,-5.821,-4.824,12.519145378179774,3.1246126159893812,0.006130937804691488
CCCOc1ccc(N)c(CN(C)C)c1,-5.87,-4.341,12.841349072430045,3.0632743918885232,0.005041066567953499
O=C(CSc1ccc(F)cc1)N1CCCN(C(=O)c2ccc(C(F)(F)F)cc2)CC1,-5.824,-4.235,6.658459281245174,9.834691149192231,0.008947005985405012
COCc1ccc(C(=O)Nc2ccc(Cl)cc2C(N)=O)o1,-7.422,-5.048,3.4613617262574565,7.417079074676229,0.14131880376839173
CC1(C)OCC(CN2CCCC2c2ccccc2)O1,-6.605,-5.731,12.696035522949673,3.1189616862026375,0.0054922110022126
Cc1occc1-c1nnc(SCC(=O)Nc2c(N)cc[nH]c2=O)n1C,-7.311,-5.302,4.522355691451081,3.113088659193631,0.6473033851407274
Cc1cccc(OCCNC(=O)c2cc(F)c([N+](=O)[O-])cc2F)c1,-7.235,-6.026,4.677420763626039,3.0744679214459207,0.6170119924923314
Cc1cccc(C(=O)Nc2ccc(NC(=O)c3cn[nH]c3)cc2)c1,-7.337,-6.041,3.6777888737664104,3.014768481989953,0.7981092125788597
CCOc1ccc(N2C(=O)Nc3c(OC)cccc3C(C)(C)C2=O)cc1,-5.599,-4.466,7.10108569163899,7.8628675430786705,0.023426630657069694
CC1(C)C=CC(n2cc(F)c(=O)[nH]c2=O)CO1,-6.615,-5.334,12.233213028472937,3.170573607409234,0.007297798500199835
CC1OC(=O)C(C)N(c2ccc(Cl)cc2)C1=O,-6.743,-5.687,12.881561784193716,3.0713589826003735,0.004912402163127794
FC(F)(F)c1nc(Oc2ccccc2)n[nH]1,-6.699,-5.157,12.613463679735238,3.042789673966966,0.005823164126279819
Cc1c(N)ccnc1CN(C)C,-4.613,-4.201,12.371287483524098,3.030313845132217,0.006782023325258124
Cc1ccn(-c2ccc(CNC(=O)Cc3ccccc3Cl)cc2)n1,-7.412,-5.428,7.172039737759405,9.279792346814665,0.009315501575286558
CCN(CCNS(=O)(=O)c1cccc(C)c1)C(C)=O,-6.143,-4.834,8.495590444459996,8.130120663311216,0.008440054987590703
CC1CCC(C)N(C(C)CC(C)NC(=O)c2ccc(F)cc2)C1,-7.143,-4.999,4.6340844834767525,3.2350612049851537,0.6164532888642997
CNC1CC(N(CCC(C)C)C2CC2)CCC1(C)C,-5.271,-4.328,12.531441457390288,2.7868989935051465,0.006249732343962106
CC1=C(C)C(C)C(=O)NC1=O,-5.445,-4.513,11.89280610285058,2.9916812998713618,0.009175653760561132
CC(=O)NC1CCc2[nH]c(=O)n(C)c(=O)c2C1,-6.188,-5.294,12.88298668787638,2.9548653099591533,0.0049564875705105935
CCCCC1=NNC(=O)CC2=C1N=c1sc(=Cc3cc(Br)c(OC)c(OC)c3)c(=O)n1C2c1ccc(N(C)C)cc1,-5.848,-5.249,7.867214373588659,6.4791092752013375,0.03373310931585294
CCCCOc1cccc(-c2nnc(-c3ccccc3)o2)c1,-7.347,-5.269,4.749602509684363,5.37355171185688,0.32586209622691287
CCC=CC(N)=CC=C(N)c1ccccc1,-6.189,-4.645,12.723601534156908,2.8404464437830903,0.005522426043924963
Cc1csc(Cc2ccccc2C(=O)NCC(C)C(=O)O)n1,-6.835,-4.949,9.086218850545038,12.850134007083351,0.00030755654059568
Cc1ccc(NC(=O)C2CCCN2Cc2cc(=O)oc3ccc(C)cc23)cc1,-8.343,-6.731,4.348584137394607,2.9230766325910786,0.6930195988257318
O=C(NNC(=O)c1ccccc1Cl)c1ccccc1Cl,-6.856,-5.602,8.60789800125443,12.761857074893136,0.0004376686004145239
Cc1cc(CC2(C#N)CCCC(C)(C)C2)n(C)n1,-6.91,-4.851,7.326172875383163,8.805756810178215,0.011399874911937958
CCOC(=O)CNC(=O)C(Br)CC1CCOCC1,-5.812,-4.348,4.437014086071848,2.988918533516764,0.671863585136281
CN(C)CCNc1cc(C(=O)O)c([N+](=O)[O-])cc1F,-6.274,-4.679,12.405277667186656,3.0581808318018084,0.0066233646998819585
Fc1ccc(-c2nc3n(n2)C(C(F)(F)F)CC(c2ccco2)N3)cc1,-7.587,-5.941,4.687026136048315,3.636859909317378,0.5742171960548565
C=C(CC)CN1CCC(C(=O)O)(C(F)(F)F)C1,-5.958,-4.966,6.414816988815815,2.9119728707527477,0.27122383714395615
Cc1ccc(CN(C)c2c(F)cccc2CBr)o1,-6.245,-5.195,12.601424879750702,3.1627484882614367,0.0058021525966699
Cc1ccc(CCCNC(=O)c2ccc(NS(=O)(=O)c3cc(Cl)ccc3C)cc2)cc1,-8.69,-6.355,4.6214333274429045,2.9859037157952697,0.6337281708975027
CC(c1ccncc1Br)N1CCCC1C1(C)CCCC1,-5.788,-4.242,11.710590932997361,9.008695410546412,0.0006579408874253484
Cc1cnn(-c2ncccc2CNC(C)C)c1,-6.283,-4.787,12.67349876711242,3.2132990834965858,0.005518195902211475
CC1CCC2C1C(C)CC1C(C)(C)C(O)CCC21C,-6.562,-4.864,12.750219919671974,3.102764412584365,0.005317392143777967
C#CC#CC#CC#CC#CC#CCC#CC#CC#CC#CC#CC#CC#CC(O)OC(=O)CC(=O)CCl,-3.803,-4.366,6.802626331057734,8.836208972178058,0.015316359964283833
COc1ccc(N2CCN(C3CCN(C)c4ccccc43)C2=O)cc1,-7.004,-5.448,6.7682878928130705,7.601988292545577,0.0335342500769697
O=C(Cc1cccc2c1NCCC2)NCc1ccccc1C(=O)O,-7.626,-5.763,11.950931177109172,9.107666440971585,0.0005323324623148451
CC(=O)ON(OC(=O)COc1ccccc1)C1CC1,-6.05,-5.202,12.126634693928896,2.8753027666664943,0.007999856138957066
CCNC(=NCc1cccc(C(C)=O)c1)NCc1ccc(CN(C)C)cc1,-7.018,-5.282,4.457735299454196,3.182474037600307,0.6559787030071695
COC(=O)c1ccc2nc(C)sc2c1,-5.749,-4.733,12.871711968498985,3.0510216321750323,0.0049516675636314565
Cn1ncnc1CNC(=O)CCn1ccccc1=O,-6.445,-5.307,12.483736539994746,3.1806579508020034,0.006233844786843668
CCCn1cc(CNc2ccc([N+](=O)[O-])c(F)c2)cn1,-6.744,-5.038,8.37694031254849,9.122633939822425,0.004904057545120727
CCOC(=O)CN(CCOC)C(=O)c1ccc(C)c(F)c1,-6.077,-4.483,5.57412100693912,3.6505700924650113,0.39225361399510117
CC(C)(C)c1nc(-c2cnc3n(c2=O)CCCC3)no1,-6.922,-5.099,7.017558122310067,7.523261859060868,0.030338177962592493
COc1ccc(OC)c(C2CC3CCC2C3)c1,-6.1,-4.879,12.872633724300556,3.156060519064867,0.004900749848551916
O=C(Nc1cc(=O)cc(Cl)o1)C1C=c2c(cc(O)c3ccccc3c2=O)=CC1,-7.801,-5.359,4.387278655385363,2.8798392316238774,0.6875872623636189
Cc1cccc(C(C)C)c1NC(=O)C(N)Cc1ccccc1,-6.941,-4.951,12.837284253299059,3.017946652941367,0.0050738211005252835
Cc1nc(C#N)ccc1NC(=O)c1sc(N2CC(C)(C)C2)nc1C,-7.189,-5.255,5.193054592434014,3.1467182905369855,0.4999703956430253
CC(C)CC1(C(=O)NC(CO)c2ccccc2)CCCCC1,-6.716,-5.182,7.269492692065932,7.176491761299528,0.03217708260695932
CSC(C)C(=O)N1CCCC(CC(=O)O)C1,-5.721,-4.655,11.891002018333023,2.91528694985588,0.009241626315215237
CCC(C(N)=O)S(=O)(=O)c1ccc([N+](=O)[O-])cc1,-6.137,-4.734,6.265626704488546,2.972049965932605,0.2938286941503337
O=C(c1cc(I)cs1)c1ccccc1Cl,-5.866,-2.574,13.127156051483505,3.0166844382533613,0.004233528187353339
Cc1cccc(N=Cc2cc(I)cc(C)c2O)c1C,-7.032,-5.325,4.354022278307725,6.019588108832697,0.2664674649076618
COC(=O)CC(C(=O)c1ccc(OCC(C)C)cc1)C1CC1,-5.557,-4.537,6.8919423967412845,3.128288190048992,0.20143934073702313
CCC(Oc1ccc(-c2ccccc2)cc1)C(=O)Nc1cccc(Cl)c1C,-7.474,-6.413,3.746968908331106,8.874918591175922,0.054961360562268004
O=C(Nc1cc(Nc2nc3ccccc3s2)ncn1)C1(c2ccc(F)cc2)CCCC1,-8.554,-6.177,5.563809576180694,3.3496580422484934,0.41116968583832186
FC(F)(F)c1cccc(CNc2nc(Cl)ncc2Br)c1,-7.451,-5.699,12.10922660618753,3.1336186749507347,0.00791431088022773
N#Cc1ccccc1CN(C(=O)O)C1CCCC1,-6.127,22.95,11.913506830484465,3.0718808570646092,0.008995436558217489
Cc1onc(-c2ccccc2)c1CCC(=O)NC(C)C,-6.141,-5.003,4.035495756409614,7.715462202616251,0.1063772115047663
CCC(OC(=O)C(COC)NC(=O)c1ccc(C)cc1)C(=O)O,-6.878,-4.976,3.3543061875744136,7.426090357651192,0.14247159136359563
Cc1cc(C)cc(N=C(Nc2ccccc2)c2ccccc2)c1,-7.089,-5.073,7.642063791934742,7.947857258406193,0.0160006832773612
Cc1ccc(C(=O)O)cc1C(=O)c1cccc(NC(=O)c2ccc(Cl)cc2Cl)c1,-8.406,-6.555,3.5554011025480663,2.912875898489326,0.8201106635005957
CCCCNC(=O)C1C=CC=CN1C(=O)CCl,-5.733,-5.037,12.24179280171005,2.8629931889545244,0.007450945890530288
CCc1nc2ccccc2n1CC(C)O,-5.314,-4.69,12.27343093841327,2.9292077427181575,0.007269267008968617
CN1CCN(c2cccc(NC(=O)c3ccco3)c2F)CC1,-7.344,-5.043,7.925902661526951,8.093936743019432,0.012279513940094538
Cc1nc(N(C)Cc2cccc(F)c2)ccc1[N+](=O)[O-],-6.967,-5.649,8.294671241224693,8.39675431342373,0.008104828172581437
O=C1C(c2ccc(Cl)cc2)=C(N2CCN(Cc3ccccc3)CC2)C(=O)N1C1CCCCC1,-7.625,-6.223,7.369957530406807,7.552366913756242,0.024089155030942402
Cc1ccc(NC(=O)c2ccc(CN3CC(C)CC(C)C3)o2)c(C)c1,-7.204,-5.774,8.769779586739908,12.57032346441411,0.0004460925872550259
Cc1nc(N2CCCC2)[nH]c(=O)c1C(=O)Nc1ccccc1N1CCCC1,-7.135,-5.919,12.093115107365843,2.8557741507339123,0.008180656380508184
CCN(CC)c1ncc(F)cc1CCC(=O)O,-5.635,-4.146,7.0001664265930135,2.9939749497950046,0.19110397224153167
CCn1nc(C)c(C=C(C#N)C#N)c1C,-5.976,-4.082,9.51067721037782,13.553432111461657,0.00015209185143989532
O=c1c2ccccc2nc(-c2cccc(C(F)(F)F)c2)n1N=Cc1cc(Br)cc(OCc2ccc(Br)cc2)c1,-7.455,-6.092,8.38920818671226,11.68420831721174,0.000983097020358895
Cc1ccccc1CC1CCN(C(=O)C(C)OCC(F)(F)F)CC1,-7.425,-5.418,3.739378557995967,7.875483096293204,0.10224868300698788
O=[N+]([O-])c1ccccc1C#Cc1ccc(Cl)cc1,-7.26,-5.222,12.29245431148719,3.079563930169335,0.007093652160948755
Cc1oc(CSCc2ccco2)nc1CC#N,-6.351,-4.375,4.8926277193344685,3.2158546297990522,0.562315900846101
Cc1cccc(C(CCC(=O)O)Cc2ccc(O)cc2)c1,-7.155,-5.53,12.354507922212038,2.9276524725451964,0.00691093402150725
Cc1ccc(C)c(N(CC(=O)N(Cc2ccc(F)cc2)C(C)C(=O)NC(C)(C)C)S(=O)(=O)c2ccccc2)c1,-6.848,-5.196,4.335941304953285,4.818254663257226,0.4705825232918361
NC(=O)N1CCN(N)CC1,-4.439,-3.984,12.801664383977577,3.121917840046404,0.0051399097821998845
C#CCOc1ccc(C(=O)N2CC(C)C2)cc1,-6.429,-3.131,7.095945955262061,7.539613318997202,0.028655570010204183
COc1ccc(NCCc2ccc(C)cc2)cn1,-5.998,-4.986,8.222778301766379,8.827052339257992,0.006485934972944679
Cc1cccc(CN(CC(=O)NC2(C(=O)O)CCCC2)C2CC2)c1,-7.478,-5.239,4.514302271669455,4.7909927989927095,0.45077096932164756
CC(O)(CCc1cccs1)c1ccccc1F,-6.214,-4.89,12.600653713200757,3.0754071275198673,0.005853036574631172
CCc1nccn1CC(C(=O)O)c1ccccc1,-6.425,-4.228,11.34591653415448,8.794489695258049,0.0009441967538997185
Cc1cc(I)ccc1NC(=O)c1cccc(Cl)c1Cl,-6.839,-5.298,8.59813450697301,12.571419211847166,0.000495985909852845
CC(C)(C)c1cccc(Nc2ccccc2C(=O)Nc2ccc(F)c(C(F)(F)F)c2)c1,-8.513,-5.786,3.996816358052994,9.626576026812442,0.03275856487324987
CCOC(=O)C=Cc1nncn1CNCc1ccc(O)cc1,-6.758,-4.676,12.444465356133225,3.0814970387783926,0.006449633569871046
CC(=O)N1CCC(C(=O)NC(C)C(F)(F)F)C1,-6.483,-5.765,12.2594594905322,2.8989718867212217,0.007349813827708044
Cc1cc(C)c2oc(N3CCCC(C(=O)Nc4cccc(C(F)(F)F)c4)C3)nc2c1,-8.881,-6.689,6.784533366415113,8.773017724819663,0.016101856980816762
O=C(O)CC1CCC(c2nccs2)CC1,-5.144,-5.051,12.299842844524479,3.0361207156501533,0.007088159286882029
CC(=O)c1ccc(I)c(I)c1OCC(=O)Nc1ccc(C)c(Cl)c1,-7.284,-5.635,4.5973246567976895,5.231446262746087,0.366562775173059
CN1CCN(CCCNC(=O)c2cc(C(F)(F)F)c(F)cc2Cl)CC1,-7.379,-4.962,8.959316156939657,8.846338112462128,0.00405579694191849
Cc1ccc(NN=Cc2cc(C)cc(C)c2)cc1,-7.19,-5.405,7.202833956159201,8.227921547997402,0.017585194269555647
Cc1c(-c2ncn[nH]2)csc1C(=O)NCc1ccc(Cl)s1,-7.179,-5.103,5.526290347059228,2.9882334246172935,0.4342438317343551
COC(=O)C(C(=Nc1ccccc1C)c1ccccc1)c1ccccc1,-6.343,-5.237,12.567547970865279,3.22017468470268,0.005891721462569005
Cc1csc(CC(C)(C)CCl)n1,-4.725,-3.768,12.89011295528476,3.4259030926166023,0.0047016084965721214
CCNC(=O)C(C)OC(=O)C1CCN(Cc2ccccc2)C1,-6.495,-5.26,4.517220052200247,3.6368830060918924,0.6075579986847373
CCCNC(=O)c1ccc(F)c(Nc2ccc(OC)cc2N)c1,-7.3,-5.09,7.7041340201219235,3.429696342243727,0.11906088299684875
CN1CCN(c2ccc(NC(=O)C3CCN(S(=O)(=O)C(F)(F)F)CC3)cc2)CC1,-7.211,-5.991,5.917641844518811,3.168046716827265,0.3495312822488491
NC1Cc2c(F)ccc(-c3ccccc3)c2C1,-7.249,-5.989,11.881345630861851,2.9814256656841205,0.009249372131301201
CCC(SCc1ccc(Cl)c(Cl)c1)C(=O)Nc1c(C)cccc1C,-6.932,-4.931,3.9355266483661366,9.293622598319775,0.0408467131513725
OCC1CC1c1ccc(OC(F)(F)C(F)F)cc1,-6.249,-4.78,7.172001533742168,9.83921023253391,0.0065712556795922685
CCOc1ccccc1C(=O)OC(C)C(=O)NC1CCCC1,-6.779,-4.895,4.359407069774512,4.930647219179242,0.4477082550895009
CCc1ccc(NC(=O)C(C)OC(=O)c2ccc(C)c([N+](=O)[O-])c2)cc1N,-7.929,-5.692,4.523174217294753,3.566175542510492,0.6130284277050665
CCCc1nc(=O)[nH]n1-c1ccc(CC)cc1,-6.129,-4.933,12.755982361229574,2.8444871242457754,0.005410261580330285
CC(C)(C)c1ncc(CN)cn1,-4.958,-4.306,12.605905124186839,3.124288238943392,0.005807533564913804
Cc1noc(C)c1C(C)C(=O)N1CCCC(C(=O)O)C1C,-7.112,-5.016,5.594957998055033,2.860008916070018,0.42390665488824425
CC1(c2ccccc2)NC(=O)N(CC(=O)NCCc2ccc(Br)cc2)C1=O,-7.447,-6.257,4.572579250270026,3.469718432380356,0.6116591162613809
C[N+](CO)(CO)CC(=O)O,-4.178,-4.042,7.5950361421128205,2.9503315067971596,0.1337141222148071
O=C(O)CC1(c2ccccc2)CC(=O)Nc2c1cnn2-c1cccc(Cl)c1,-7.279,-5.755,7.201431663218085,3.0378803465574475,0.16868218149985773
COC(=O)c1ccc(-c2nnc(N)s2)cc1C,-6.581,-4.709,7.107822592046033,8.092896267715284,0.020244721190892212
CC1(O)Cc2cc3ccsc3cc2C(C(=O)Nc2c(F)cccc2F)C1,-8.366,-6.312,3.2444181296497527,7.263616798813111,0.15923662993061283
CC(=O)N(C)N=NC1CC1,-4.72,-3.698,12.187859943402698,2.9993467622133987,0.007625714476755511
BrCC1CCC(Br)O1,-3.83,-3.1,11.863084506147633,9.183299679309176,0.0005364847567098557
CC(OC(=O)c1ccc(F)cc1)C(=O)Nc1ccc(C#N)cc1,-8.029,-5.727,3.7054643433718266,9.658876383927895,0.03395768398421338
Cc1n[nH]c(C)c1C(c1ccccc1-n1cccc1)c1c(C)nn(C)c1C,-5.895,-4.436,11.967870863273886,8.973179648262928,0.0005727495580624888
Cc1ccc(F)c(NC(=O)N(C)C(C)C(=O)O)c1,-7.139,-5.595,12.249580809154246,3.0208464045694208,0.007323926675654541
Cc1nc(C(=O)Nc2ccc3c(ccn3C(C)C)c2)n2nc(-c3ccncc3)ccc12,-8.191,-6.624,7.747509793475578,7.523285585434066,0.019465797598399268
Cc1cc(=O)c(Br)cn1CC(=O)N1CC(c2ccccc2)CC1C,-7.284,-6.026,3.7973414384276802,10.188633372538243,0.024003927617915706
COc1cc(C=C2C(=O)C(=O)N(c3cccc(Cl)c3Cl)C2=O)cc(Br)c1O,-7.343,-5.586,3.491575432380059,9.65874220589824,0.035091319294196094
O=[N+]([O-])c1cc(C(F)(F)F)ccc1NN=CC(c1ccccc1)c1ccccc1,-7.505,-5.715,7.295068539773975,7.608276151665369,0.02436219903649192
COc1ccc(O)c(C2OC(Cn3ccnc3)C=C(c3ccccc3)C2C)c1,-6.631,-5.841,4.480253006248642,4.968368041922821,0.42549464602129217
CC1C(=O)OC(=O)C1Cc1ccc2c(c1)CCC2,-7.301,-5.331,12.74040854917926,3.226540872203543,0.005284847170050459
COc1nccc(C(=O)OCCC(C)(C)C#N)c1F,-6.402,-5.278,12.292768158555665,3.049361572526289,0.007111368986707279
Cc1nn(C)c(C)c1C(=O)NC(C)c1c(C)oc(C)c1C,-6.228,-4.749,11.728311813726647,8.941545783587982,0.000678479171611438
CN(CCn1nc(-c2ccc(Cl)cc2F)nc1C(C)(C)C)Cc1cccc(Br)c1,-7.021,-5.647,4.887237563286647,3.675257405951318,0.5301437428298716
O=C(CNCC1CC1)NCCC(=O)N1CCOCC1,-6.225,-4.682,12.176453054974589,2.899412699151329,0.007740899081493232
Cc1cc(C(=O)c2ccco2)c(C)n1-c1ncnc(N)c1N,-6.818,-5.626,12.760976647576783,2.8013371807049574,0.005409345586262858
CC(Nc1ccc(Cl)cc1C(N)=S)c1cc(F)ccc1Br,-6.859,-4.941,7.330938616575642,7.090881891556227,0.03264083021783037
NC(=O)CCCSc1nnc(Cc2ccccc2F)o1,-6.894,-5.015,3.573406498007188,3.3591917182560453,0.7833191097911657
COCCCS(=O)(=O)c1cc(C)c(OC(F)(F)F)c(OC)c1,-5.575,-4.797,12.198231265228578,2.8164426143630195,0.007681462499221702
O=C(NN=Cc1cccc(OC(=O)C2C3CC2C2CCCC23)c1)c1ccco1,-7.535,-6.211,7.0069018117852915,9.667936749896535,0.008075869917112833
O=C(CCCOCC1CC1)Nc1cccc(Cl)c1C(=O)O,-6.067,-4.987,4.453640084245696,3.7082974530099393,0.6124262086761174
CC1Cc2ccccc2N1C(=O)CNC(=O)c1cccc(O)c1,-7.719,-5.918,12.095182594735807,2.943271818911736,0.008117017755676905
CCN(CC)C(=O)c1cc(C)nc(Nc2ccc(Cl)c(F)c2)c1,-7.365,-5.051,7.228816223974712,9.092009128899948,0.01011882365457174
CC1=C(C(=O)Sc2ccc(Cl)cc2)C2CCC(=C1)C2(C)C,-7.126,-5.403,12.669587956993709,2.958225312581853,0.005662134329194867
CCc1c(Br)ccc2c1CCC2C(=O)O,-5.811,-4.924,12.526581337300293,3.0461730088752352,0.006146285927342205
CC(C)OC(=O)c1c(NC(=O)c2cnc(Nc3cccc(F)c3)s2)sc2c1CCC2,-6.955,-6.179,7.728796413413929,2.999809493951241,0.12269221638482239
COc1ccc(Cl)cc1NC(=O)NC(C(=O)O)C1CC1,-6.769,-5.202,5.896284423261822,2.9577966461540255,0.3602187405893616
O=C(CSc1nc2ccccc2[nH]1)Nc1ccccc1SC1CC(=O)N(c2ccccc2)C1=O,-8.496,-5.925,4.81109384651765,5.082397662521106,0.36270242029930294
CCCCCCC=CCC=CCCCCCCCCCC(=O)OCC(COCCCCCCCCCC)OC(=O)CCCCCCCCCCCCCC,,,,,0.0
O=C(Cc1c(-c2ccccc2F)nc2ccc(Cl)cn12)NC1CC1,-6.923,-5.07,8.567395111701106,12.195029684260716,0.000639620220010743
NC(=Nc1cccc(O)c1)c1ccoc1,-5.91,-5.385,12.406725474515829,2.924890083404845,0.006690458313496833
Cc1ccccc1C(=O)N1CCCN(C(=O)c2cc(Cl)ccc2OC(F)F)CC1,-5.35,-4.033,4.651565112948544,10.009244776705183,0.02149432920950897
CCc1noc(C)c1C(C)(CC(=O)O)C(N)=O,-5.996,-4.889,11.875444118010915,2.990465849997287,0.009276681229077842
CC(CBr)CN(C)Cc1ccc(Cl)c(Cl)c1,-5.507,-3.979,12.936716855524047,3.315920083476078,0.004628614054907238
O=C(O)CC1(CNC(=O)c2cc(F)c(Cl)c(Cl)c2)CC1,-7.42,-5.065,5.44420875793719,3.028539251850634,0.4503096308996446
CCC(C)(C)c1cc(N)c(Oc2ccccc2)c(Br)c1,-6.164,-4.878,9.887209414187605,8.76229941282538,0.0023959898012641525
C=CCOCC1(C)C2CCOC2CN1C(=O)OC(C)(C)C,-5.761,-4.726,12.76311262976238,2.8644645223845933,0.005378587488806574
Cc1c(C(F)(F)F)ncc(C=O)c1C#N,-5.56,-5.303,12.514008230778819,3.03884780796933,0.006198722182947007
Cc1nnc(NC(=O)c2ccc(CN(C)c3ccc(Cl)cc3)cc2)s1,-7.937,-5.841,4.373792061815467,2.9483315620872763,0.6867056121996282
Cc1nc(N2CCCCC2)ncc1C(=O)N1CCOC(C)C1,-6.205,-5.115,7.847266912753764,3.112880820076478,0.11293819177909208
CSC1(CN2Cc3nccc(N)c3CC2=O)CCCC1,-5.793,-4.622,4.371549953963696,4.8916938784024495,0.45300326979199473
CC(C)=CC(=O)OC1OC(COP(=O)(O)OP(=O)(O)OCC2CC(n3ccc(=O)[nH]c3=O)C(O)C2O)C(C)C(C)(O)C1C,-7.397,,,,0.0
CCCN(CCC)c1nccn(CC)c1=O,-5.363,-4.54,12.815476190918542,3.1553194766932866,0.005079350312563207
CCOc1ccc(NC(C(=O)O)c2ccco2)cc1,-6.304,-4.567,7.920587351958186,3.008259463543661,0.10895752691367354
CCC1CCC(c2noc(CC(C)C)n2)CC1,-6.391,-4.976,4.688199441150088,5.416887390374661,0.3263123250977466
COc1ccc(C2=NC(C)C=C2)cc1,-5.782,-4.499,12.440155384881653,2.8580502094959765,0.006584535619100591
OS1(O)CC(c2ncon2)CO1,-5.368,-4.792,12.12251665290669,2.8059942979272066,0.008059357154103903
COC1=C(C)C(=O)C(C=CC(C)=CC=CC(C)=CC=CC(C)=CC(C)=CC=CC=C(C)C=CC=C(C)C(=O)Nc2cc(C)ccc2O)=C(C)C1=O,,,,,0.0
CCOC(=O)Cc1csc(NN=Cc2ccc(OCc3ccccc3)c(OC)c2)n1,-6.784,-4.958,4.337099145742462,5.536101606726524,0.3440925471803021
COc1ccc(C(C)=NN=C(N)N)cc1NC(=O)c1cc(C)on1,-7.793,-5.548,3.3593244856667237,2.8159257802719164,0.8477568359799281
Cc1ccc([N+](=O)[O-])c(C(=O)NCCC(C)C)c1,-6.358,-5.2,12.249207811119868,2.907667965913577,0.0073922461976694215
Cc1ccc(C(C)C)cc1NC1CCCc2sccc21,-6.704,23.83,12.779636536302588,3.295872873761972,0.005117824100484954
Cc1cccc(N2C(=O)CSC2c2ccc(NC(=O)C(Cl)(Cl)Cl)cc2)c1C,-6.385,-5.217,7.336496575341666,7.754192930279721,0.021722912247038147
Cc1ccc(CNc2ccc(C(=O)N3CCCC3)nn2)s1,-6.443,-5.417,4.525509695050935,4.158960206590104,0.5455936505673492
CCC(C)C(CC)C(C)(C)C,-4.085,-3.621,11.693981486217602,9.18142243881633,0.0005969811918188196
CNC(=O)C(C)NC(=O)C(C)Cn1cc(Cl)cn1,-6.247,-3.931,5.4630292878585225,4.783518161353628,0.3084859261005159
CC1(C)Cc2cc(NC3CCN(C(=O)OCc4ccccc4)CC3)ccc2O1,-8.011,-6.04,4.212921670290108,3.5944114956415336,0.6672514473531882
CCCCOc1cc(C(=O)N(C)C)cc(NCCCCNC(=O)c2cccn2C)c1F,-6.353,-5.044,4.605955384065286,3.3990984098728303,0.6105635804407534
COC(=O)C(C)C1(C)CC(=O)NC(C)(O)C1,-5.755,-5.266,12.869785312894695,2.7178274411742924,0.0050806982838060046
CCc1c(C)c(C)[n+]([O-])c(C(C)=CCCC=O)c1C,-5.949,-4.459,7.286437263848499,7.835091958617971,0.02130619964095132
CC1=C(C(=O)Nc2ccc(Cl)c(C(F)(F)F)c2)C(c2ccco2)C(C#N)=C(N)N1,-8.509,-5.904,5.065405215774944,4.203606308873369,0.4420493153598078
Cc1nc2c(Oc3ccccc3C(=O)NCC3CCCC3)nccn2c1C,-7.07,-5.627,4.710943536065786,3.5655285723157517,0.57567823664043
CCOC1CCC2(CCCN(c3sc(C(C)=O)c(C)c3C#N)C2)C1,-6.456,-4.86,3.9006366147079126,3.170392720153135,0.7554528721216538
O=C1CCC(c2ccccc2Cl)=NN1C1CCCC1,-7.156,-4.816,8.719214012742203,8.897093514176413,0.00456291416732638
CC(=O)c1ccc(CCC(=O)NCCNC(=O)c2ccc(C)o2)o1,-7.069,-5.233,11.988697760807886,3.0421313252389353,0.008605111976605542
CC(NC(=O)c1cc(Cl)nc(C2CC2)c1)C(=O)N1CCCC1,-7.751,-4.939,6.861067191042512,7.970592512479859,0.02530509241470291
O=C(c1ccc2nccnc2c1)N1CCN(c2cccs2)CC1,-7.174,-5.361,4.663129099649719,3.2725795635858876,0.6078850704148377
CCOCCN(C)C1CCCC(C(N)=O)CC1,-3.914,-3.419,12.239173746621951,2.9429007798429083,0.007418697691377353
CC=CC1=CC(c2ccc(CCCCCC)s2)C(C)C(C(F)(F)F)C1,-6.751,-4.993,7.3719797205364035,8.336203512390998,0.014841254804510933
O=C(Nc1cccc(Cl)c1F)C12CC3CC(CC(C3)C1)C2,-7.927,-5.11,12.937512975838905,2.933769418342212,0.004798336852671353
O=C(O)c1cc(-c2ccc(OC(=O)c3c(F)cccc3Cl)cc2F)on1,-7.304,-6.481,4.100560083695884,2.8713933899763715,0.7419030535398371
COc1ccc(C(O)Cc2ccc(C)c(C)c2)nn1,-6.804,-5.402,6.877688129015445,3.1409097408235085,0.20290855896827598
CCNC(=O)NCC(C)(O)C(=O)O,-5.25,-4.915,12.727365556154973,2.8355777189137314,0.005511316511967324
Cc1c(C(C)NC(C)CO)cccc1[N+](=O)[O-],-5.347,-4.462,9.146811028987099,13.098955072829284,0.00025350848958487503
Cc1cc(Br)ccc1NC(=O)Cc1c(NS(C)(=O)=O)noc1C,-5.966,-5.988,4.829373768926982,2.8479181870271484,0.5946890701147445
CC1CN(C)CC1CN=C=O,-4.576,-4.36,11.864082138960434,3.0092253155920377,0.009328233502034752
COc1ccc(C=Cc2cc(C)[nH]n2)cc1,-6.215,-4.877,7.457722775754003,9.102713496534976,0.00874649726184829
COc1ccc(C=C2CC(C)(C)CC(C)=C2C)cc1,-5.815,-5.331,12.974329770743458,3.097839408361899,0.004624527664702068
COc1ccccc1C(C)NS(=O)(=O)N1CCCCC1,-5.787,-4.65,4.682674556276572,5.941989818234293,0.2504571725526733
CNC(c1ccc(SC)cc1)C(OC)C(C)C,-4.925,-3.954,4.762691046036893,7.4736922601884,0.09966529701944549
CNC(=O)c1ccc2c(c1)CC(C)CN2C(=O)COC,-6.147,-5.576,12.130341709943707,3.001211255476695,0.007903592675048646
Nc1ccn(CC(O)CC2CCC2)c(=O)n1,-6.343,-5.049,12.714531764874394,2.8312663244562497,0.005557357731612815
O=C(C1CC1)N1C2CCC1CNC2,-4.965,-4.395,12.674697235042737,2.895061484666603,0.0056715031292390765
CSC(C)(C)Cn1c(NC2CCNC2C)nc2ccccc21,-6.228,-4.262,7.250575011680108,8.002882293274093,0.01963480323554155
CC(=O)c1cc(C)c(N)c(C(=O)OC(C)C(=O)NC2CC2)c1,-6.913,-5.163,7.761065970599656,3.1854046838667136,0.11824898729037367
COc1ccc(C(O)=C2C(=O)C(=O)N(c3ccc(C)cc3)C2c2ccccc2)cc1,-7.037,-6.073,3.525714962954322,8.272390525114249,0.08276163940706092
Cc1ccc(C)c(C(=O)Nc2ccc3c(ccn3C)c2)c1,-7.389,-5.787,3.615096125969543,9.189966594063332,0.04616408278917741
CN(Cc1cccc(Br)c1)S(=O)(=O)c1ccccc1,-6.612,-4.692,12.591750037226754,3.2792300925674613,0.005766283310812001
COc1ccc(C=CC(=O)C(F)(F)F)cc1,-6.655,-4.375,7.342043652825826,8.824672855126131,0.011158405375725418
CCCNC(=O)C1C2CCC3(S2)C1C(=O)N(C(C)c1ccccc1)C3C(=O)Nc1ccc(OC)cc1,-7.228,-5.902,4.129756772498835,3.595519851148094,0.6811097874908847
CC(=O)c1ccc(OCC(=O)NC(C)C(=O)NCc2ccco2)cc1,-6.75,-5.975,8.415235884988608,4.499216153953931,0.060987722985000305
ON=Cc1ccc(OCCCCCc2ccccc2)c(Cl)c1,-6.237,-4.726,12.020615000905735,3.012216459685458,0.008456793475137284
COc1cc(-c2n[nH]c(C3CC3)c2C(=O)O)ccc1F,-7.086,-5.189,6.020941952884116,3.11757517952655,0.33221958225168907
CC(CS(C)(=O)=O)NC(=O)NC1CC1(C)C(=O)O,-5.471,-4.739,12.764525294737757,2.958600513756462,0.00533579200549646
Cc1cc(Cl)ccc1OCc1ccc(C(=O)Nc2cccc(F)c2)nc1,-7.901,-6.102,4.254843945434427,3.2736966872329525,0.688282127315281
CC(C)CNC(=O)c1ccc(C2CCN(S(C)(=O)=O)CC2)cc1,-6.523,-5.46,4.660600175943007,2.8799531246185244,0.6304871073195053
Clc1ccc(Cl)c(Nc2c(Cl)cccc2Cl)c1,-6.08,-4.185,7.049442673006144,7.409681234709089,0.03189891953911282
CC(c1ccccc1Cl)N(CCC(N)=O)CCc1cccs1,-6.207,-5.261,12.751336753454519,3.025904988594321,0.005350192094983732
CC(CN(C)C1c2ccoc2CC1C)C(=O)O,-5.827,-4.364,12.164234871129379,2.8834800155367817,0.007809411247140043
CC(=O)N1CCN(c2nccc(-c3ccc4c(c3)NC(=O)CC4)n2)CC1,-8.113,-5.979,5.0252367108425835,2.929452679255973,0.5472362689184438
O=C(c1ccccc1)C1CC2Cc3ccccc3C1N2,-7.773,-5.961,12.77355189444189,3.1019521272901684,0.005240811364634878
COc1cccc(CC(=O)Nc2nc(-c3ccc(CNC(=O)c4ccccc4)o3)cs2)c1OC,-8.146,-6.526,3.219496078581242,2.941840240393757,0.8533790859337412
CC(=O)NCC(NC(C)CC(F)(F)F)c1cccs1,-5.822,-5.356,12.069515690366371,2.890378175948607,0.008281450605847385
CCC(=O)Nc1sc(NC(=O)Cn2c(C)nc3ccc(C)nc32)nc1C,-7.462,-5.484,4.031733250104724,2.977103458061207,0.7476554710357296
CC1CN(C(=O)C=Cc2cn3ccccc3c2N)CCO1,-7.118,-5.142,12.40902353128561,3.3683147121372135,0.0063969269180355086
CC1(NC(=O)c2cc(C(=O)Nc3ccccc3Br)cc(Br)c2O)CC1,-6.93,-5.595,8.721562130719475,12.549505607791886,0.0004656919659751584
Cc1ccc(CCC(=O)Nc2ccccc2NC(=O)c2ccc(C)nc2C)cc1,-8.352,-6.923,4.559675536702146,3.525829689590806,0.6094642533507376
Cc1n[nH]c(C)c1C(=N)N,-4.669,-4.276,13.307667977523336,3.033912655301731,0.0037763065578237894
CC(C)CC(NC(=O)C1CC(=O)Nc2ccc(Cl)cc21)C(=O)O,-7.136,-5.248,7.009566249062777,2.924979487107559,0.19107694849193319
Cc1ccccc1NC(=O)C1=NN(C)C(=O)CC1,-7.159,-5.309,12.209618093945444,3.0916722012529076,0.007462320471567372
Cc1ccc(N(CC(=O)N2CCCCC2)S(C)(=O)=O)cc1,-6.708,-5.515,12.230259195945113,2.9790577369362947,0.007438689453278648
COc1ccc(CN2C=CN(N)C2c2nc(C)no2)cc1,-6.986,-5.318,12.210440983027599,2.883380481310089,0.007587179963483237
Nc1cc(Br)nc(Nc2cc(Cl)cc(Cl)c2[N+](=O)[O-])n1,-6.578,-5.929,12.266198514617313,2.8675081516885004,0.0073357866020137405
O=C(Nc1ccc(Cl)cc1)C1CCN(c2cc(N3CCOCC3)ncn2)C1,-7.831,-5.941,4.429397588837562,3.010183715323701,0.6722093370846124
COC(=O)c1ccc2c(c1)C(=O)N(Cc1ccc(C)c(C)c1)C2,-7.166,-5.976,8.840321996398094,9.211727905230376,0.003478653277343907
Cc1ccc(N2CCN(C(=O)c3cccc(F)c3F)CC2=O)cc1,-7.504,-5.698,4.40564569614943,3.4912489169350276,0.642294446521942
OC1CCCC1CN1CCN(CC2CC2)CC1,-5.343,-4.936,12.650173951373159,3.0828598735589647,0.005670839887623266
CC(=O)Nc1ccc(NC(=O)c2ccc(NC(=O)c3cncc(OC(F)F)c3)cc2)cc1,-7.468,-6.682,7.093347446727814,8.682910168831647,0.014164580371729655
CCC1(CC)CNCC(CN(C)CCS(C)(=O)=O)O1,-5.454,-4.253,12.25753164385065,2.8255252609028294,0.007397407497033396
COC(=O)c1c(C)[nH]c(C2CCC(C(=O)O)S2(=O)=O)c1C,-6.937,-5.405,4.969668399400506,2.9583490328221913,0.5584793031996115
Cc1cc(C)cc(C(=O)N2CCNC(=O)C2c2ccc(F)c(F)c2)c1,-8.244,-5.636,8.029495002800614,5.223603832604458,0.05876884371428238
CCc1ccc(C(=O)N2CCCC(n3cccc3)C2)[nH]1,-7.466,-5.154,12.745897614526802,3.4192918857564645,0.005149447213810776
COc1cc(NC(=O)c2ccccc2Cl)c(C(=O)Nc2ccccc2F)cc1OC,-7.354,-6.078,6.564853235221638,7.107646445905986,0.0510148721308811
CCC(=O)c1ccc(OC(=O)C(C)NC(=O)OC(C)(C)C)cc1,-6.675,-5.023,6.622200691613022,2.969091611924428,0.2394932854093063
C=CCOC(=O)C=CCOC(C)CC,-5.184,-4.048,12.094035637453697,2.785744245260142,0.00821512713797811
COc1cc(-n2nc3ccc(C(=O)O)cc3n2)cc(Br)c1Br,-7.047,-5.503,4.792782594693817,2.812515777733522,0.6043240805876012
O=C(Nc1ccccc1)c1cc(OC(=O)c2ccccc2Br)c[nH]1,-7.782,-5.717,4.39533445826367,3.4568670787289473,0.6472516061876898
[C-]#[N+]c1ccc(N=C2C(=O)C(=Cc3ccc(Cl)cc3Cl)C(O)=C2c2ccon2)c(C)c1,-7.04,-5.603,4.1669106061925545,3.6741177172213746,0.66659532376033
CCNC(=O)C(Cc1ccccc1)N(Cc1ccccc1Cl)C(=O)CCc1ccc(CC)cc1,-6.23,-4.59,4.8373751146670445,8.422972693770292,0.05400973027940375
Cc1cnccc1OC1OC(CO)C(OC2OC(CO)C(O)C(O)C2O)C(O)C1O,-6.449,-5.042,6.6813622862407325,2.8267560913527725,0.23380565830319333
COc1ccc(SCCNS(=O)(=O)c2cncn2C)cc1,-6.225,-4.621,4.716306817839569,3.1948225302823947,0.601657931074133
CC1(C(=O)Cc2ccc(Cl)c(Cl)c2)CCCC1,-6.929,-4.544,8.729286396951355,12.387893969517174,0.0005127168000659918
CC(=O)NC(COCc1ccccc1)C(=O)NC1CCCCCC1,-4.698,-3.026,8.520731247962232,8.737474806830631,0.0057008027231571995
CCC(=O)ON1CCC2CCCCC21,-5.542,-4.741,12.321957068582897,2.8349858906174474,0.007100843666803118
CCOC(=O)C1CCN(c2ccc(C(F)(F)F)cc2NC(=O)c2ccc(OC(C)=O)cc2)CC1,-6.843,-5.305,7.380931919480087,5.76430585586851,0.06735027760489361
CC(C)(C)n1c(NC(=O)c2ccccc2)nc2ccccc21,-7.028,-5.67,3.7744581068015566,6.859431900675157,0.18829435684454268
CCC=CCCC=CP(=O)(c1ccccc1)c1ccccc1,-6.586,-4.937,12.596580686837203,3.296113468920632,0.005737983489081737
CCOC(=O)C=CC(C)N(Cc1ccc(Cl)cc1)C(=O)CC1OC(C)C(O)C(O)C1O,-6.674,-5.554,5.791444034090289,2.8151547026762134,0.38468179243320194
CCC1=CC(=C(C)c2nc3ccccc3[n-]2)C=C1,-7.453,-5.891,12.639771556479966,3.3688515847392266,0.00553748786041543
Cc1cc(C(=O)OC(C)(C)C)n(C2=C3CCN=C2c2ccc(cc2)S3)n1,,,,,0.0
COc1cccc(C(=O)OCC(=O)Nc2c(C)cccc2C)c1,-7.48,-5.46,3.768171970597945,9.948000251306793,0.02804338418142779
NCC#Cc1ccc(Cn2cc([N+](=O)[O-])cn2)cc1,-6.657,-5.067,5.839988869852407,3.00133120464903,0.3698023032188699
CNC1(C(=O)Nc2ccc(OC(F)(F)F)cc2)CCCC1,-7.241,-4.955,4.041477081464151,4.605903494429731,0.5464542855928396
CCNC(=O)C(C)OC(=O)c1ccc(NC(=O)c2ccc(OC(F)F)cc2)cc1,-7.841,-5.506,4.592258159119542,2.9209768913841128,0.6432125803107674
CCN(CCCCN1C(=O)C=CC1=O)C(C)C,-5.089,-4.298,12.749222093916162,3.2574623558837943,0.005238388655479255
COc1ccc(C(=O)C(C)OC(C)C)cc1F,-6.162,-4.809,12.427674802633033,3.2693023720665546,0.00639599878122013
CN(Cc1cc(N)ccc1C(=O)O)CC(C)(C)C,-5.315,-4.432,11.89272618031711,9.053218101868529,0.000571098959658704
CC(C(=O)OC1CCC1)S(=O)(=O)c1cccnc1C(F)(F)F,-5.846,-4.706,8.776067513413967,12.511798831503006,0.0004609048510705717
COc1ccccc1OCC(=O)Nc1nc(CC(=O)NC2CC2)cs1,-6.109,-5.231,11.934798238763822,2.9661095731614506,0.008956576236688716
O=C(C=Cc1cccc(Br)c1)NC1CCC(CO)CC1,-6.657,-5.13,4.792767676405773,2.8345082465923435,0.6034182920302757
CCc1cccc(C2c3ccsc3CCN2Cc2ccco2)c1,-6.68,-5.483,12.752518692399553,3.2753268539185525,0.005217330114861488
O=C(O)c1ccsc1NC(=O)C1CC1(Cl)Cl,-5.728,-5.077,12.191595916860106,2.7070120058839784,0.007767525502800895
CC(=O)c1ccc(NCCC(=O)NCCNC(=O)Nc2ccc(C)cc2)cc1,-5.695,-4.209,4.636419092359965,6.396867123834917,0.1976616852286635
N#Cc1ccc(OC2CC2CN)cc1Cl,-6.219,-4.384,8.550275141771756,12.340964427466762,0.0005901072697765231
COC(=O)c1ccc(Cl)c(NC(=O)c2cc(C)c(-c3ccc(F)cc3)o2)c1,-8.467,-6.363,4.749171085568513,2.969049342803181,0.6069635784145508
Cc1c(F)cc(C(C)CCCN)c(F)c1O,-6.004,-4.843,11.674593183490378,2.7653965357611923,0.010691222171482924
Cc1ccc(C)n1-c1cccc(C(=O)NCC2(CC(=O)O)CCCCC2)c1,-7.08,-5.732,4.6665029733195285,2.952717731175805,0.6257428835568621
Cc1cccc(OC2CCN(c3ccc(C(F)(F)F)nn3)CC2)c1,-7.168,-5.563,5.094886161633055,3.077805874320211,0.525003920067396
CCCCCCCCC1=CSC(C)(S(=O)(=O)c2ccc(OC)cc2)C(=S)N1,-6.483,-4.745,5.2912436156351745,3.357591100774483,0.467617334320374
CCC1CN(C(=O)C(C)(C)F)CC(=O)O1,-5.922,-4.027,7.404297535890896,3.0958735439290805,0.1483771978389937
CC(NC(=O)CSc1nncn1C)c1cccc2ccccc12,-7.101,-5.884,4.8621484962925585,3.297591545355488,0.5639006200013145
CC(OC(=O)c1ccc(OCC(=O)Nc2cc(Cl)ccc2Cl)cc1)C(=O)Nc1ccc(C#N)cc1,-9.052,-6.155,7.42837997143388,7.612887691277206,0.02240215100327564
CCN(CC)C(=O)CNC(=O)C1(CN)CC1,-4.904,-3.838,7.344497396010159,3.0303389249389254,0.15477340713668575
CC(=O)NC(C(=O)Nc1ccc(Cl)cc1)C1CCC(C)CC1,-7.196,-5.389,8.745827519451776,12.505953982003932,0.0004713745611093316
C=CCN1C(=O)C(=Cc2coc(-c3ccc(OC)cc3)n2)SC1=S,-6.266,-5.257,4.487977495487249,3.4774077989214915,0.6277049846725619
CC(=NNc1ccc([N+](=O)[O-])cc1)c1ccc(OCc2ccc(F)cc2)cc1,-7.88,-5.916,4.45257229026099,2.9323045544417803,0.6717385605494832
CCOC(=O)c1cc(C)n(-c2ccc(N=Cc3ccc(Cl)cc3Cl)c(C)c2)c1C,-6.536,-5.874,5.558156169090609,3.1558936927596286,0.4211006074844309
Cc1nnc(COc2cccc(Cl)c2C=O)o1,-6.459,-5.652,12.139633725940827,2.941415645569323,0.007895774630897601
COc1ccccc1OC(=O)NC(C)(C)C(C)O,-5.938,-5.114,12.72960557126575,2.704340769947456,0.005550412027449029
Cc1ccc(C2(C)NC(=O)N(C3CC(=O)N(c4ccccc4C)C3=O)C2=O)cc1,-8.164,-6.402,7.326230886342581,7.916636533275985,0.019779062538169502
Cc1cc(Nc2ccc(N)cc2S(=O)(=O)O)nc(NCC(=O)O)n1,-6.851,-5.641,4.156335164540993,2.7992522215763267,0.7356610769250386
Cc1ccc(C(=O)CCC(=O)NC(C)(C)CC(=O)O)cc1,-6.895,-5.414,4.690357022658295,2.981179967730898,0.6191672256533525
CCC(=O)Cc1nc(-c2ccc(C)cc2)no1,-6.638,-5.332,4.376815851735141,5.088270727860302,0.41768518993985576
O=C(Nc1ccc2nonc2c1)c1ccc2ccccc2c1,-7.624,-6.643,5.203458369200238,4.100849180352772,0.4272065178996694
CN(C(=O)c1ccc(NC(C)(C)C)nn1)C1CC1,-5.275,-4.227,4.30399907063187,5.378956497314325,0.37446985132649524
O=C(c1cc(-c2ccc(F)cc2)no1)N1CCN(C(=O)c2c(-c3ccc(F)cc3)nnc3ccccc23)CC1,-8.906,-7.343,4.341866534107192,6.7840980977577265,0.17288422801783038
CCCCOc1ccc(C(=O)N2CCN(C(=O)Cc3ccc(F)cc3)CC2)cc1,-7.307,-5.305,5.370143014855376,2.943212360669886,0.46962828944323187
C=C(C)C(=O)N(CC)c1ccc(C)cc1C,-5.607,-4.211,11.595439534575652,9.021716632659219,0.0007013210158863697
CCN(Cc1nnc(Cc2ccc(C(C)(C)C)cc2)o1)CC(F)(F)F,-6.818,-4.765,7.0720929716739445,7.100461534294794,0.037947969719532036
Cc1ccc(OC(=O)c2cccs2)n1CCOS(=O)(=O)C(C)(C)C,-6.08,-4.728,5.619600252687018,3.3107718133389987,0.40174011783178726
Cc1noc(C)c1C(CC(C)C)NC(=O)N(C)Cc1ccc(F)cc1,-6.768,-5.25,4.983534288032941,5.1446334174555135,0.3303107127891184
[N-]=[N+]=C=CC=O,-3.574,-3.028,11.971960115202522,3.0451285687143,0.008693324804499095
COC(=O)C=Cc1ccc(C(=O)c2[nH]c(C)c(C#N)c2C#N)cc1,-7.789,-5.431,8.437714086172866,7.973295805374338,0.009638638003201054
O=C(NCC1(C(=O)O)CC1)C1CC(=O)N1Cc1ccc(F)cc1,-7.147,-4.941,3.556341519033289,8.790877714995244,0.059715770194264974
Cn1cc(C2CCCCC2Nc2nc3ccccc3cc2C#N)cn1,-7.467,-5.18,4.724230096005063,5.331089663474063,0.3353939599931914
Cc1ccc(S(=O)(=O)N2CCOCC2CC(=O)O)cc1F,-6.402,-5.841,3.2261229052842975,4.48397413016623,0.6477918574731601
CC(C)CCSc1nnc(-c2ccc(N)cc2)o1,-6.453,-4.855,8.58685844765127,8.95033239606217,0.0047926458816328595
Cc1c(C(=O)NCC(O)c2ccncc2)cnn1-c1cccc(Cl)c1,-7.004,-5.792,4.45487811281072,3.363428905150218,0.6434900670931489
O=C(NCC1COc2ccccc2O1)c1ccc(=O)n(Cc2ccccc2F)c1,-7.507,-5.798,8.502025229320365,12.69290152014109,0.0004879994555942351
O=C(O)c1ccc(C(=O)ON2C(=O)c3ccccc3C2=O)cc1,-7.42,-6.226,5.3214781781005165,3.061477584435333,0.4756373130681656
COc1ccc(Cl)cc1N(C)C(=O)CN1CCN(C(=O)c2ccc(C)cc2)CC1,-7.356,-5.716,7.303668187972398,3.672414600776987,0.14673119615620156
CCCCCCCCCCCC(=O)OC(CCC(=O)O)SSC(C)(C)C,-4.7,-4.119,12.265198082379266,2.837979739180673,0.007355718001540684
Cc1cc(C(C)C)oc1C(=O)N1CCc2c(N)ncnc2C1,-7.406,-5.477,5.545481223482772,3.285821206334879,0.4179890745855825
NC(Cc1cnc[nH]1)C(=O)N1CCc2c(F)cccc21,-6.895,-5.902,12.318915983153714,2.8920978544993954,0.0070853302756498735
Cc1ccc(SCc2ccc(Cl)c(Cl)c2)c(CN)c1,-7.028,-5.677,12.455226493323998,2.9830249747529773,0.006460940828285445
CCN(CC(C)C)S(=O)(=O)N1CC(C)CC(C)C1,-5.527,-3.997,8.070688818186461,2.8119238965519675,0.10079959836832457
C#CC(=C=C=C=C=C=C=C=C=C=C=C=C=O)CCCCF,-6.765,-5.18,7.105467894516166,7.595271884534482,0.027538035725452322
CC1CCN(c2ccc(OC(=O)c3ccccc3)cc2)C1=O,-6.956,-5.593,12.600238132670352,3.2583772034557326,0.005748998233342859
CC(C)c1cc(N2CCC(NC(=O)OC(C)(C)C)C2)nc(C(C)C)n1,-7.077,-5.41,4.371121823971508,2.958274666084946,0.686693732945951
Cc1cccc(-c2nc(N)nc(NN)n2)c1,-7.185,-5.103,9.26811982011454,12.61612067951159,0.00031784139830805545
CCOC(=O)N1CCC2(CCC(c3ccc(OC)c(N)c3)C2)CC1,-6.537,-5.498,7.00223178708046,3.030003465344553,0.1902897084012469
Cc1nnc(-c2ccc(OCC(O)CNCc3ccco3)cc2)o1,-7.291,-4.651,5.415502654417223,3.0502375317342105,0.4556480055118476
O=C(CN1C(=O)c2ccccc2C1=O)N(CCc1cccs1)CC1CCCO1,-6.167,-4.935,7.343220887321856,3.334746467124599,0.15018969621377454
Cc1cc(C)n(-c2cc(=O)n(C)c3nc(-c4ccccc4)nn23)n1,-8.175,-5.4,4.480552309704686,4.637267622210302,0.48102277125931253
COc1cc(OC)cc(C(=O)Nc2nnc(-c3ccc(C)cc3)o2)c1,-8.087,-5.999,4.630312516450698,3.0679168828376033,0.6274154012907949
COc1ccc(-c2nnc(-c3ccc(C)o3)o2)cc1,-7.104,-5.237,12.390541110056494,2.8381483400273493,0.0068014189742476696
CC(NC(=O)COc1ccc(F)cc1Cl)c1cnn(C)c1,-6.53,-4.861,4.283446859714732,3.5835150341529194,0.6560384107141038
CCc1cccc(CC)c1NC(=O)CCn1c(=O)oc2ccccc21,-7.668,-5.883,12.159274197089232,2.9979949966602675,0.007764041924954646
NC(COCCc1ccco1)C(=O)NC1CCOC1,-6.092,-5.164,12.330323961680813,2.8511504695473375,0.007055826655118061
CCC(C)CS(=O)(=O)Nc1cccc2cc[nH]c12,-6.243,-5.621,12.218242344952895,3.039585662553369,0.007456774154419272
Cc1ccc2c(c1)C(c1nc3cc(Cl)ccc3o1)C(N)C2,-7.377,-5.534,8.578297849806802,12.524483622089974,0.0005170835934735491
Cc1ccc2nc(-c3c(NC(=O)c4ccccc4)sc(C)c3C)[nH]c2c1,-7.683,-6.104,7.735671399432631,7.314900614499146,0.022261538673863965
Cc1oncc1CC(C)NC(=O)C(C)CC(C)C,-6.021,-4.249,4.340703629597394,7.377489952551612,0.1210902665650764
CC(C)n1nnnc1-c1ccc(NC(=O)NCC2CCC2)cc1,-7.152,-5.545,5.240082251262855,2.889443198957196,0.5004664710527483
COc1cc(C)c(S(=O)(=O)N2CC3(CCC2=O)CCN(c2ccc(Cl)cn2)CC3)c(C)c1,-7.131,-6.169,7.15100615298295,7.414729866960764,0.02991591009588818
CC(=NNC(=O)c1nnn(-c2ccc(C)c(C)c2)c1-c1ccccc1)c1cccs1,-7.214,-6.02,7.326977139311955,7.459720705227508,0.026166095374044476
O=C1C=C(Nc2cc(Cl)ccc2Cl)C(=O)N1c1cccc(Cl)c1,-7.555,-5.432,4.012914402276729,9.853963517285823,0.028324555098052373
Cc1cc(C)c(C(=O)OCC(=O)N2CCN(S(=O)(=O)c3c(C)noc3C)CC2)c(C)n1,-7.844,-5.874,4.720953717205878,3.0500554093327548,0.608970155366289
CC(=NNc1nnc(C)o1)c1cc(F)ccc1O,-7.348,-5.612,11.796188960846635,3.0043799693114717,0.009736484187297298
CSc1ccc(N2CCC(c3n[nH]c(C)n3)CC2)cc1,-6.414,-5.002,12.654416620295065,2.802340628831549,0.005781474511196167
CCN(Cc1ccc(-c2ncccn2)cc1)C1CCN(c2c(Cl)ccc(OC(C)C)c2Cl)C1,-7.223,-5.803,4.058045342279951,3.965631349482702,0.6477404218803513
O=C1c2ccccc2S(=O)(=O)N1CCOc1ccc(Br)cc1,-7.614,-5.796,4.298737256451015,4.817460741926186,0.4755979526691624
CN(Cc1ccc(C(=O)NC(C)(C)C)cc1)C(c1ccccc1)c1ccccc1,-6.733,-5.209,8.7143870122918,9.05217681002752,0.004155346993136247
Cc1cccc(N2CCN(C(=O)NCCC(=O)O)CC2)c1,-6.339,-5.592,4.668302689415072,2.989171289839376,0.6235214057158033
CCCCCCC(C)OC(=O)c1cc(C)cc(N)c1,-6.409,-4.431,8.458508970261839,8.839912556128596,0.005559499625592088
CC(=O)c1cc(C)n(Cc2c(C)ncn2-c2nonc2C)c1C,-6.878,-6.147,12.229824651236827,3.016616150589929,0.007417574979620065
CCCCCCc1nc(C(=O)OCC)[nH]c(=O)c1CC,-6.081,-4.805,12.40371013044081,3.0658429509679714,0.00662534466359603
Cc1ccc(CN(CC(=O)NCc2cccc(C)c2)S(=O)(=O)c2ccc(C)cc2)cc1,-6.234,-4.582,7.125098244936696,2.841336657279457,0.17935963784877648
CCOc1nccnc1C(C(C)N)N1CCOCC1,-5.675,-4.034,8.303975734550287,2.904815484673682,0.08667458848678593
CCc1ccsc1C(=O)NC1CCC(C(=O)NC2CCS(=O)(=O)C2)CC1,-6.868,-5.21,3.6977265988712578,3.106798995751094,0.7889971477512763
COc1cccc2cc3ccccc3nc12,-6.273,-5.09,12.690939169344404,3.34243563887175,0.005380328031140334
CC(CC(=O)NCC1(C(=O)O)CC1)C(C)(C)C,-5.179,-4.868,6.933126495312198,2.962355312922472,0.19942696608006125
CNC(=O)c1ccc(NCCCN(C)C)c(N)c1,-5.906,-4.068,12.202107277023917,3.2054121419873605,0.007414777039200102
Cc1ccc(C)c(S(=O)(=O)Nc2ccc(C(=O)NC3CC(N)C3)cc2)c1,-7.406,-5.835,7.555265581036844,8.933309912904623,0.009157599672691802
Cc1cccnc1NC(=O)C1CCc2ccccc21,-7.024,-5.599,12.112588162733843,3.173309471198799,0.007867064149591643
CCNC(=O)c1ccccc1NC(=O)c1ccc(COc2cccc(Cl)c2)s1,-7.39,-5.332,3.4189913717352374,6.149683650400239,0.2993807838635735
O=[N+]([O-])C1CCc2ccccc21,-4.981,-4.532,11.662127893313468,2.730720417765246,0.010798362574989168
CCn1cc([N+](=O)[O-])c(C(=O)NC2CCS(=O)(=O)C2)n1,-6.526,-4.771,4.879451301119829,3.193843609195666,0.5664737933093144
O=C(Nc1nc(-c2ccc(F)c(F)c2)cs1)c1cc(-c2cccs2)no1,-7.689,-6.52,4.522562547936734,3.272257477644447,0.6368238713919455
O=C(c1ccc(CN(Cc2ccco2)C(=O)c2cccs2)o1)N1CCCC1,-6.604,-5.277,4.380633515828505,4.35118443644946,0.5417828333488854
O=C(CN1CCCCCC1)N1CCCC1C1CC2CC(C2)C1,-4.342,-3.249,10.091205378942597,13.525158002773942,0.00010775028495521923
Cc1cc(Cl)ccc1OC1CC(C)CC(C)C1,-6.327,-5.047,12.652867698668157,3.243178379306325,0.005572149371734591
Cc1cc(S(=O)(=O)C(=O)c2ccccn2)no1,-6.473,-5.605,12.343078789345872,2.8957149376276665,0.006977271267862194
CC(C)C(N)C(=O)NCC(=O)NCc1ccc(F)cc1,-6.773,-4.923,12.569628037455999,3.0120355243589008,0.006000679352012461
COCC(=O)Nc1cccc(C(=O)N2Cc3ccccc3C2)c1,-7.141,-5.63,12.61716473697637,3.115684355001321,0.005771501053419046
Cc1cc(C)c(C(=O)NC2(C(N)=O)CCCC(C)C2)o1,-7.844,-5.14,12.948688080265121,2.886189875943716,0.0047820501673452595
CCN(CC)C(C(=O)NC1CC1)c1ccc(OC)c(OC)c1,-5.878,-4.115,6.8419661647804135,7.968827454525541,0.025621528044325083
CC(C)=CCc1ccc(C)cc1C(=O)O,-6.224,-5.19,12.672533882377275,2.8237956724947364,0.005708088405238499
CC(C)=C(C(=O)NCC(C)C)C(F)(F)F,-5.202,-4.247,12.304258043457965,3.020297170809521,0.007078217175077522
CC1=C(C(=O)OCC(C)C)C(c2ccccc2O)n2nnnc2N1,-6.962,-4.98,6.6578629454202485,2.938295254054636,0.2351225780928517
CC(=O)c1cccc(NC(=O)c2cccc(N3CCCC3=O)c2)c1,-7.552,-5.696,4.523806030324465,4.972831989922845,0.41898324670030035
CCN(CC)C(=O)CNC(=O)C(N)c1ccccc1,-5.798,-4.28,11.753189992508416,2.5485670483626675,0.010305117237272118
Cc1ccc(NC(=O)c2cccnc2Oc2cccc(Cl)c2)cc1,-7.99,-5.915,6.896826879079974,7.815130453165833,0.027262876390508017
CCOc1ccc(NC(=O)c2ccc(-c3ccco3)nn2)cc1,-6.511,-5.571,6.57108826603326,2.9797625744344143,0.24651962366932964
NC1C2CC12C(=O)Nc1ccc(C(F)(F)F)c(Cl)c1,-7.037,-4.928,6.362401590594544,3.043985216784076,0.27648598480481607
C=C1CC1C1=CCC=CC=C1,-4.337,-3.334,12.732636843953417,3.1810573713782655,0.005335574329039757
CCOC(=O)C(F)(F)S(=O)(=O)Nc1ccnc(C(=O)O)c1,-6.637,-5.654,12.030586934975366,2.748655125693291,0.008567823535300946
CCC(C)C(C)N(CC)CCO,-4.22,-3.764,12.838508441403931,2.7080546523288636,0.0051840528789785225
CCOC(=O)c1cnn(-c2cccc(NC(=O)C3CCOC3)c2)c1C,-6.943,-5.805,12.329083745355938,2.8827523306728944,0.007045285540545402
O=C1NC(c2ccc(Cl)cc2)C(=O)N1c1ccc(Cl)c(Cl)c1,-7.316,-5.366,3.8492135560397265,9.816961546221926,0.029980143174802448
Cc1ccc(NC(=O)CC(C)C)cc1C(=O)NCC1(c2cccc(F)c2)CCCC1,-8.02,-5.761,8.463682590929317,8.81354105907495,0.005633359622401077
CC1(CC(=O)NCC(=O)Nc2ccc(C(N)=O)cc2)CCCC1,-6.959,-5.632,8.566866638392359,8.94026738973729,0.004883039775919272
O=C(O)c1ccnc2c(Cl)ccnc12,-5.468,-5.05,12.667018749492716,2.861732691919356,0.005712620116044334
CC(C)(C1CCS(=O)(=O)C1)C(N)C(=O)O,-5.548,-4.438,12.271438546478567,2.890648543147368,0.007299494511344186
COCCN(C)c1ccc(C(=O)N(CC(=O)O)C2CC2)cc1,-5.63,-4.409,4.7883789532575625,3.1299793929034103,0.5899600387738565
CCn1nnc2cc(C(=O)N3CCCC(CC(N)=O)C3)ccc21,-7.07,-5.607,8.121971435556762,8.465742082062269,0.008641319008733522
CCC(CC(=O)O)NC(=O)N1CCCC1C(N)=O,-5.879,-4.708,11.760541271557189,2.729669943418068,0.010154920916276915
CC(NCc1ccco1)c1ccc2occc2c1,-7.119,-5.664,12.614435778107557,3.166147343381226,0.005753226341918115
CCCN(C(=O)Cc1ccc(Cl)cc1)c1ccccn1,-6.754,-4.386,8.123385870436046,3.148529339231254,0.0949217967641436
NC(=O)c1cccc(NC(=O)COc2ccccc2Cl)c1Br,-6.908,-5.308,8.592688170764722,8.961737666323424,0.004741528894388645
O=C(O)CC1CCN(CC(=O)Nc2ccc(Cl)cc2)C1=O,-6.917,-6.107,4.468774552380104,3.038495844986463,0.6626455741740663
O=C(O)C1CCCC(NCC=Cc2ccccc2F)C1,-6.976,-5.916,8.138442418546685,8.377720513361615,0.009033838381437393
Cc1cc(N2C(=O)CCC2C(=O)NC2CC(C)(C(=O)O)C2)no1,-6.417,-5.311,3.6637763305092736,4.404049954303425,0.6261722028113802
O=C(O)CC1(NC(=O)c2ccc(=O)n(-c3ccc(F)cc3)c2)CCC1,-7.778,-5.54,5.000539570886326,4.277661160026586,0.4453143411918934
CCCCCOc1ccc(C2C(=C(O)c3ccc(OC(C)C)cc3)C(=O)C(=O)N2CCN(C)C)cc1,-6.847,-4.373,6.895208916341838,8.052664900515854,0.023571525499930086
Cc1ccc(NC(=O)c2ccc(Cl)cc2Cl)c2c1CN(C)C2=O,-7.474,-5.679,8.447640203038954,12.487999799807813,0.0005737125813191059
CC(Cc1ccc(C(C)Nc2ncc(Cl)cc2[N+](=O)[O-])cc1)C(N)=O,-6.469,-5.611,4.668288123070383,3.1455686290399067,0.6148625970534886
O=C(CC1CCCCCC1)NC1CCN(S(=O)(=O)c2ccc(Cl)cc2)CC1,-5.658,-3.997,5.1893430220019185,3.0468464024298956,0.505422077109604
S=C(Nc1ccccc1Cl)Nc1cccnc1Cl,-6.759,-4.515,8.653568281350765,12.424010463614396,0.0005254347613665888
NC(=O)c1ccc(S(=O)(=O)Nc2ccc(Oc3ccc(C(F)(F)F)cn3)cc2)cc1,-7.902,-6.192,7.18526401741787,9.322609827725282,0.008997982949519229
COc1ccc(N2C(=O)N(C)C(=O)C23CCCCC3)c(Cl)c1,-6.048,-4.909,6.876717094660794,3.377771602699036,0.19782447171479906
CC(C)CN(CC(C)C)C(=O)CCCC(=O)O,-5.205,-4.17,6.381399611370535,2.963839739257169,0.2753437043260362
Cc1nc(NC(=O)c2nn(Cc3ccccc3)cc2Br)sc1C,-7.039,-5.326,3.6457883921039627,5.4054152476937425,0.4259752383365256
CC1(O)CCC(O)C(O)C1,-4.558,-4.162,8.264307714503374,2.999254240640497,0.08817156318310437
COC1(C)CNC(c2ccc([N+](=O)[O-])cc2)C1,-6.478,-4.952,10.990373151080904,9.385893138108914,0.0008157291447648992
C=Cc1cc(C=C2C(=O)NC(=O)N(c3cc(Cl)ccc3C)C2=O)cc(OC)c1O,-7.016,-5.227,5.379853250786678,3.7709258810005792,0.4220873106995363
CC1CCC(CN)(NCc2ncon2)CC1C,-6.259,-4.736,6.2374138070197,3.1122503112699658,0.2949042814351239
CC(C)CC(=O)Nc1ccc(NC(=O)c2ccccc2NC(=O)c2cccs2)cc1,-7.065,-5.46,8.72302413157272,4.868704447797174,0.04429486685600207
Cc1cc(-c2c(N)n[nH]c2C)ccc1Br,-6.391,-5.009,12.479156542010362,2.985413371712534,0.006363790950954381
Cc1ccc(CO[N+](=O)[O-])c(C2NC3=NC2=CC=CC=C3O)c1,-6.673,-4.578,4.551978141423792,3.171284124767127,0.6376000043970148
NC(=O)C(OC(=O)c1c(-c2ccccc2)nc2ccccn12)c1ccccc1,-6.924,-5.185,8.735890567080153,12.96634489746436,0.0003557037929864466
CCCCC1N=C2c3ccccc3N=C(SCc3nnc(-c4ccc(OC)cc4)o3)N2C1=O,-7.892,-6.611,5.339008241237319,2.957980899194584,0.4759253477523252
CC1CN(C(=O)CCOc2ccc(-n3cnnc3)cc2)CC(C)O1,-6.98,-5.515,4.73558803106858,3.1029729293050563,0.6029125834562862
O=C(c1ccco1)N(Cc1ccccc1Cl)c1ccc(F)cc1,-6.965,-5.142,3.699918647754299,8.726361211868324,0.06077205512760711
CC(C)n1ccc(CC(CN)c2ccc(Cl)cc2)n1,-6.57,-5.357,12.673964888699984,3.1353958282806977,0.005559784541314022
CCc1cc2ccc(OC(=O)c3ccccc3F)cc2oc1=O,-7.897,-6.284,3.8227766086968775,3.2687841776415887,0.7590735247502036
CN(C)C(C(N)=O)c1ccc(C#N)cc1,-5.746,-4.895,12.513948257844126,3.069431869255287,0.0061822733696393125
CCCc1nnc(NC(=O)c2ccc(C(=O)n3nc(C)cc3C)cc2F)s1,-8.06,-5.729,4.5574670596725095,2.9387961821126694,0.6496825823114678
CCN(C)C(=O)c1ccc2c(=O)n(CC(=O)NC(C)c3ccc(C)cc3)c(C)nc2c1,-8.309,-5.707,4.699639347864896,3.1526934516378216,0.6077633471668449
COc1ccc(CNC(=O)c2cc(=O)[nH]cc2[N+](=O)[O-])cn1,-6.918,-5.087,7.140530092367093,3.276025946173198,0.17094119960329865
CCc1ccc(S(=O)(=O)Nc2ccc(N)cc2F)cc1Cl,-7.128,-5.55,12.401096846650299,2.9061226746302364,0.006723590866018293
CCN(CC(=O)Nc1cccc(Cl)c1C)S(=O)(=O)c1ccc(Cl)c(Cl)c1,-6.621,-4.868,6.988239835609535,2.859868528446719,0.1944655352109263
Cc1cccc(C(=O)NCc2ccccc2S(=O)(=O)NC(C)(C)C)c1,-7.472,-5.431,6.829079806240369,2.841357774022835,0.21408216685008555
CC(=O)N1CC(C)N(C(=O)CSc2nnc(C(C)C)n2C)c2cc(Cl)ccc21,-6.945,-5.424,5.196065145857968,3.0723520306110754,0.5027918551276603
Cc1nnc(SC(C)C(=O)Nc2ccc(C#N)cc2Cl)n1C1CCCCC1,-7.314,-5.457,8.913014922011518,13.313010591147293,0.0002565259978427055
CC1CN(C2CCC(C(=O)O)CC2)CC(C(=O)N(C)C)O1,-6.596,-4.962,4.686771383372567,2.9167276184107425,0.6230924873786602
CCc1ccc(CN(C)C(=O)c2cnccc2-c2cnccn2)cc1,-7.482,-5.761,12.503895273073908,2.889922144280015,0.006312809386532695
COc1ccccc1Oc1nc(C2CC2)cc(=O)n1-c1cccc(C)c1,-7.161,-5.105,4.313579603994808,5.653481847498937,0.32668214868601486
Cc1cc(-n2c(C)cc(C=C3C(=O)NC(=O)NC3=O)c2C)ccc1C(=O)O,-7.486,-5.82,4.711739912176816,3.233319037769084,0.6002156153019081
COc1cc2[nH]c(=O)n(C3CC(C(=O)N4CCN(C)CC4)C3)c2cc1OC,-7.742,-5.532,5.4826647718057675,3.3322432384206304,0.42869599724447965
Cc1nn(C(C)C(=O)Nc2nc(-c3ccc(CO)cc3)cs2)c(C)c1C,-6.706,-5.911,3.9559469157206837,2.8048395676045352,0.7697750618244726
O=C1CCC(N(C(=O)OCc2ccccc2)c2ccc(Cl)nc2)CC1,-6.734,-4.751,8.228703725374974,11.778090889443838,0.001024030013465019
CC(C)c1cc(C(=O)NCC#CCO)c2ccccc2n1,-7.811,-5.388,4.88891051257844,5.273566724712981,0.3238928006213341
O=C1C(O)=C(c2cccc(Br)c2)C(=O)N1c1ccc(Cl)c(Cl)c1,-7.578,-5.609,7.677993878611781,3.0642122968227903,0.12587889468772792
COc1ccccc1CNC(=O)CC(=O)Nc1cccc(C(F)(F)F)c1,-7.363,-5.809,4.512361909244426,3.0760863121830626,0.6515644627541212
NC(=O)CCC(=O)NCC(=O)OC(C(=O)Nc1ccccc1C(N)=O)c1ccccc1,-6.433,-6.158,3.809338000230486,2.812351862765398,0.7920054770463101
O=C(Nc1nccs1)C1CCCN1C(=O)OCc1cccs1,-5.902,-5.027,5.038278376588573,3.184301807304075,0.5321477813634164
Cc1ccc(C(C(=O)NC(C)(C)C)N(C(=O)COc2ccc(C)cc2C)C(C)(C)C)cc1,-6.126,-4.491,8.089054703733929,11.831464068322228,0.0010798035777445133
O=S(=O)(CCC(F)(F)F)NCc1ccc(CCl)s1,-6.077,-4.408,8.062659858880318,8.220572729439233,0.010435296146918656
CN(CCC(CN)CO)CC(F)(F)F,-4.841,-4.156,12.537028714970706,2.919285186479732,0.006169849991640941
CCNC(=O)CCN(C(=O)c1sc2ccccc2c1Cl)c1ccc(OCC)cc1,-6.977,-4.919,7.401121739304116,7.637758309870769,0.022432735106907957
Cc1ccc(C(C)(C)C)cc1Oc1cc(Cl)cnc1C(=O)O,-6.104,-5.35,11.759095245808668,2.9221160141240117,0.010030511042367145
Cc1cccc(C(=O)NC2CC(C)N(C)C2=O)c1,-6.895,-5.107,3.4043209308171867,9.802118291471492,0.03246029445080025
CCSc1nc(=O)c2c([nH]1)NC(=O)CC2C(=O)Nc1ccccc1F,-7.474,-5.588,7.690566364059281,8.09383098415083,0.014193142322817247
Nc1ncccc1NC(=O)c1ccc(COc2ccc(Cl)cc2)o1,-7.417,-5.958,4.540181604297343,3.5239809874629016,0.6134665768561781
CCCC(CO)NC(=O)c1ccc(N2CC(N)CC2=O)cc1,-6.33,-4.888,6.950130790136255,3.029281432947424,0.1963232276553869
O=C(NCCNS(=O)(=O)c1cccc(Cl)c1)c1ccn[nH]1,-7.827,-5.756,4.915896662868331,3.373404511765525,0.547363585882355
Cc1ccnc(NS(=O)(=O)c2ccc(NC(=S)Nc3cccc(Cl)c3)cc2)c1,-8.009,-6.062,4.038066864230952,2.921891681770562,0.7498447060015231
CCCOc1ccc(C)c(Oc2ncnc(N)c2C(C)O)c1,-6.913,-5.562,12.507033900969487,2.940902412525788,0.0062761439351658125
COc1ccc(C(=O)Nc2ccc(=O)n(C)c2)cc1,-6.474,-4.956,12.84158222338665,2.87998211800004,0.005115435876315826
O=C(O)CC(C(=O)O)C1=NCCc2ccccc21,-6.078,-5.108,12.005683404121566,2.903214425425721,0.008610282546535154
CCn1cc(NC(=O)CCc2cccc(N)c2)c(C)n1,-6.648,-4.978,8.394243801558302,9.102405671030048,0.0049132461498891875
Cc1ccc(Cl)cc1N1C(=O)C(=O)C(=O)c2c1n(C)c(=O)n(C)c2=O,-6.891,-5.562,3.8391469104476847,5.738840126715502,0.34917353658714256
CCC1CCCC(Cc2ccccc2Cl)C1,-6.857,-4.75,7.235597141908883,9.99906140595206,0.005722892358184384
CCC(C(=O)NC)N(Cc1ccc(Cl)cc1)C(=O)CN(c1ccc2c(c1)OCO2)S(C)(=O)=O,-6.927,-5.714,5.074505788744358,3.1653306304397337,0.5251661930705992
CC(Cc1ccc(Cl)cc1)C(=O)NCc1ccccc1CN1CCCC1,-7.501,-5.481,4.302604560031051,5.364589919089809,0.37713872371277213
CCCNC(=O)N1Cc2[nH]nc(Cc3ccccc3)c2C1,-7.372,-4.864,4.763244797404392,5.247380489348948,0.3435653940737942
CCOC(=O)C1CCCC12CCCC2N,-5.316,-4.795,12.812263383180975,3.0872139543607924,0.0051224779023534344
Cc1ccc(C2c3c(oc4ccc(C)cc4c3=O)C(=O)N2c2ccc(Cl)cc2)cc1,-8.291,-6.361,6.327366829890614,7.662880724636134,0.041714603513475224
CC(c1ccccc1)C1(C(=O)O)C2CC3CC(C2)CC1C3,-6.403,-5.373,12.143555451349494,2.698694869747226,0.008008248882193548
Clc1ccc(Br)c(-c2ccc3ccccc3c2)c1,-7.191,-5.369,4.316214429335039,7.190157995482435,0.13658498570393993
COc1ccc(CN(C)C(=O)Cc2ccc(OCCF)cc2)cc1,-7.093,-3.982,6.5563948935371466,3.2112380789969466,0.2433783757601113
CC(NC(=O)c1ncc(Br)n1C)C(F)(OC(C)(C)C)C(=O)O,-5.885,-4.916,7.398929449589311,2.992726014856689,0.15020807166818212
CSC1(CNc2ccc(C(=O)O)cc2Cl)CCCC1,-6.516,-4.748,9.88869713359652,8.752178528800702,0.002408881432889726
COc1cccc(C(C)NC(C)c2ccc(F)cc2F)c1,-7.566,-5.5,7.971863332998127,8.914345573288037,0.007173505293212759
Cc1cnccc1CNCc1ccc(Br)c([N+](=O)[O-])c1,-6.741,-4.735,6.641004592680237,3.2213236409898336,0.2314260055138209
O=C1NC2(CCCC2)OC(=O)C1=Cc1ccc(-c2cccc(Cl)c2)o1,-8.393,-6.213,4.228221020713085,3.478060522762651,0.6758631123769236
O=C(c1cccc(Cl)c1)C1CCCN1Cc1cccs1,-6.579,-4.36,8.621386315436746,12.504639059165202,0.0005097068700042595
CCC(C)C(C)CNc1ncnc(N)c1C#N,-6.01,-4.294,9.299144745620428,12.852643113383332,0.00026891339429481166
COc1ccccc1N1C(=O)CC(N(Cc2ccc(Br)cc2)C(=O)C(C)C)C1=O,-6.869,-5.208,4.69295482611968,5.99711872485446,0.24225227504389504
C=CC(=O)NC(C(=O)OC)C(C)CC,-4.884,-4.147,11.24364500506842,8.67198189573756,0.001086182654424611
Cc1cn2cc(C(=O)N(C)Cc3c(C)nn(C)c3C)ccc2n1,-7.339,-5.853,12.407921139336759,3.064930341785927,0.00660846912251795
CN(c1ccccc1)C1CCCN(Cc2ccccc2CC(=O)O)C1,-7.254,-5.344,8.491832605509838,12.772396368732064,0.00046729431669981404
Fc1ccc(-c2ncc(-c3ccncc3)n2C2CCCNC2)cc1,-6.762,-4.842,4.301853786450674,5.670613723398906,0.3249062066940674
CCC(C)n1nc(C)c(C(=O)C(C)Sc2ccccc2N=[N+]=[N-])c1N,-6.543,-4.998,5.915635130736175,3.1453594389195016,0.35068699796428865
CCOC(=O)CCNC(=O)N1CCN(c2cccc(C)c2)CC1,-6.685,-4.969,4.504538267125722,3.160786136390755,0.6479668703360617
CC(C)(C)CNCC(=O)NCC1CCCCC1,-5.746,-4.293,12.484833559162892,3.0066709164788885,0.0063301077799907636
COCC(C)N(C)CCCCCC#N,-4.971,-3.967,12.04741889368839,3.095323892583779,0.008255651783080136
CCOc1ccc(NC(=O)C(Cc2ccccc2)NC(=O)c2ccccc2Cl)cc1,-7.006,-6.061,4.628415927723005,6.983381630700131,0.14052542637314214
CC(Nc1nc(C(=O)NC2CC2)ccc1C#N)c1ccccc1,-7.166,-5.324,12.502760855107164,3.208529102252308,0.006142635621422859
Cc1ccc(Oc2cccc(F)c2)c(C(=O)Nc2ccc(C)c(C)c2)c1,-8.47,-6.116,8.549695374690257,12.35041582295916,0.0005868431698437109
C#CCNC(=O)c1ccc2c(C)nc(C(F)(F)F)n2c1,-8.002,-5.442,11.83920829278715,2.8013839436964014,0.009623372302504759
O=C(NCc1cccnc1)c1cccc(S(=O)(=O)Nc2cccc(C(F)(F)F)c2)c1,-8.736,-5.681,3.6591304978095542,6.113398154872624,0.29501312860878937
Cc1nc(Nc2cccc(Cl)c2)c2c3c(sc2n1)CCC3,-7.382,-6.024,12.765802990803204,3.243499036534465,0.005192235225913567
CCCCCC(C)n1c(C)ccc(CC)c1=O,-6.338,-3.876,11.753723580210657,8.959107544839497,0.0006605277587051855
Cc1nc(Cl)nc2sc(C(=O)NCc3cnn(C)c3)cc12,-7.439,-5.39,5.506166179838744,3.331344923600677,0.42388169173346296
CCOc1ccccc1C(=O)NC(CCSC)C(=O)OCC(=O)NC1(C#N)CCCC1,-6.126,-5.38,4.3746119827934455,3.2245365558479864,0.6694147777944388
CCOc1cc(C(=O)Nc2ncccc2C)cc(Cl)c1OCc1ccccc1Br,-7.228,-5.739,4.556848582079505,3.3771036406956787,0.622192691706105
O=S(=O)(Nc1ccccc1Cl)c1cnc2ccccc2c1,-7.353,-5.471,8.40386298079639,9.134666167956002,0.004786828951743871
Cc1ccc(OCc2cccc(C(=O)Nc3c(C)nn(C)c3C)c2)c(C)c1,-8.156,-5.914,3.841716933872145,7.50776311560241,0.12575757055780504
Cc1ccc2nc(NC(=O)c3c(Cn4ccnc4)sc4ccccc34)sc2c1,-7.184,-5.972,4.915745416516198,7.727132521187921,0.08054658457366493
O=C(O)c1cnc2[nH]cc(C(=O)c3ccc(OC(F)(F)F)cc3)c2c1,-7.735,-6.141,7.979978320772557,8.362729040211693,0.010055977092283268
COc1ccc(N2CC(C(=O)Nc3cccc(Cl)c3C)CC2=O)cc1,-7.059,-5.589,4.626477493731057,9.665410751747698,0.026867863145274857
Nc1c(Cl)ccc(Nc2nc(Cl)nc(Nc3ccccc3)n2)c1N=Nc1ccccc1,-7.841,-6.527,4.2866643208910125,4.057473598188903,0.599591466859639
Cn1ccnc1CCSCC(N)C(=O)O,-5.502,-4.204,7.777201939000941,3.252665522306282,0.11625876354352849
O=C(NC1CCCN(c2cccc(Cl)c2)C1)C1COc2ccccc2C1,-8.033,-6.045,7.284447130702508,8.133113241557625,0.0177487682704885
COC(=O)c1cc(C(=O)OC)cc(S(=O)(=O)N2CCN(C)CC2)c1,-6.957,-5.077,6.462500135396517,2.9905599810069012,0.2622698261152112
Cc1cc(C)c(NC(=O)CN2CCCC2c2ccc3c(c2)OCCO3)c(C)c1,-7.502,-6.598,4.700386047975208,3.000024833230551,0.6160390289668053
CCC(C)(CNC(=O)c1ccc(C)c(Br)c1)C(=O)O,-7.631,-4.993,7.161033863905407,2.981509349306153,0.17366792724292746
Cn1cc([N+](=O)[O-])cc1C(=O)Nc1cnn(CC(C)(O)c2ccc(Cl)cc2)c1,-6.958,-6.054,4.1047225241178005,2.9802813625562257,0.7350100228159508
COc1ccc(C2CCCN2C(=O)c2cn(Cc3cc(=O)n4cc(C)ccc4n3)nn2)cc1,-8.666,-6.097,6.373923281621767,3.0951113065607188,0.273421561245245
CCN=Cc1c(O)[nH]c(=O)c(C#N)c1C,-5.644,-5.451,12.469985404963392,2.8129239236068933,0.006483183439728583
CC1CC1C(=O)N1CCC(CC(=O)N2CCCC2)CC1,-6.237,-4.729,4.9210792515463515,3.4113859353641027,0.5436604202252481
ClCCC#Cc1ccc2[nH]ccc2c1,-6.234,-4.861,12.700398025258893,3.397494370856264,0.0053126892977415525
CC(C)(C)OC(=O)NCc1ccc2[nH]ccc2c1,-6.531,-4.752,7.458566618325535,7.990253875816462,0.017438465827625895
NC(=NO)c1ccccc1O,-4.759,-4.893,12.022251536214005,2.9396715802960025,0.008497923578264205
Cc1ccc(N(N)C(=O)C2(c3ccccn3)CC2)cc1,-6.565,-5.777,12.363267124833953,2.8960968561151406,0.006889596756677137
N#Cc1ccccc1Cn1c(CN2CCCC2)nc2ccccc21,-7.195,-5.918,4.292568694849274,5.726525473618361,0.3165598502391688
CCC=CCC=CCC=CCC=CCC=CCC=CCCCCCCCCCCCCCCCCC(=O)NC(CO)C(O)C=CCCCCCCC,,,,,0.0
Cn1nnc(-c2ccc(Br)c(S(N)(=O)=O)c2)c1N,-6.834,-5.369,5.67284575852367,2.954929948408253,0.40472120441366255
CC(C)C(=O)OCC(N)CO,-4.807,-4.208,7.514020894301532,2.9101979314129127,0.14094095959662906
Cc1c(Cl)cccc1N=Cc1cccn1-c1cc(Cl)c(Cl)cc1Cl,-6.998,-4.946,7.46161631283732,8.058179571094206,0.016691125637680954
CN(CC1CCCN1C)C(=O)NC(c1ccccc1)c1ccccc1,-6.981,-5.057,4.564514760628998,8.3509675487335,0.062160347565398386
Cc1cc(NC(=O)CNC(=O)c2c(-c3ccccc3Cl)noc2C)no1,-8.38,-5.91,4.7971627030985715,2.863389599757603,0.6012152779562034
COC(=O)CNS(=O)(=O)c1cccc(C=CC(=O)O)c1,-6.387,-5.113,5.327809399743951,2.8122192304299465,0.48353678985014104
CC(C)CCn1c(-c2cccs2)nn(CC(=O)NCCCN(C)C)c1=O,-5.735,-4.784,4.533063202736093,2.900929850927113,0.6566882322084853
Cc1cccc(NCC(O)CON=Cc2ccc(Cl)s2)c1,-6.69,-5.246,3.657331540891528,8.876473060850238,0.05574357846326919
COC(=O)CC(C(=O)N(C)C)N1C(=O)c2ccccc2C1=O,-6.075,-4.992,12.262483394484171,2.953386700044544,0.007305389110034783
CC(=O)Nc1cc(Cl)ccc1NC(=O)Cc1ccc(C)cc1,-7.238,-5.677,3.7425757173369245,9.792565802689303,0.031040873512610655
S=c1[nH]nc(-c2cccnc2)o1,-5.732,-3.893,7.478255210943258,3.271774747747772,0.13933373211251
COc1ccc(C(Cc2ccccc2)C(C)CCN)cc1,-6.161,-4.922,3.7093698925828353,5.383361217678041,0.4259398350686706
CCc1ccc(C(C)Nc2nc(C3CCCO3)nc3ccccc23)cc1,-7.846,-6.131,5.023506146109508,5.363558333792969,0.29450882927876004
CCCOC(=O)c1ccc(NC(=O)CC(=O)Nc2cccc(Cl)c2C)cc1,-7.395,-5.346,5.004436631629978,3.0862012248069632,0.5447093945855526
Cc1ncccc1OC1CC(O)C1,-5.881,-4.495,12.601449162695534,2.8061263335780158,0.005974548337770426
COc1ccccc1-c1ccc2c(=O)c3c(oc2c1)CN(Cc1ccco1)C3=O,-7.802,-6.385,3.9379172159912152,3.075931566208845,0.7564832843107944
COC(=O)c1ccn(CCn2cc(Cl)cn2)n1,-6.572,-5.096,12.012044830086175,3.1849593403998115,0.008367436759561649
CC(NC(=O)COc1ccc(C(=O)N2CCCC2)cc1)c1ccco1,-6.76,-5.186,4.429978103783359,8.363946795622267,0.06430519745782158
CCOC(=O)Nc1cc2c3c(c1)c(C(=O)Nc1ccc(C(F)(F)F)cc1)cn3CCC2,-8.114,-6.085,8.294549897372368,9.539167783407523,0.0039805774862783725
Cc1ccc(CN2Cn3c(N)c(c(=O)n(C)c3=O)C2=O)cc1,,,,,0.0
COc1ccc(COC(=O)c2cccc(C#N)c2)cn1,-7.227,-5.33,8.255756839926912,9.02314806483857,0.0056245439888215456
CCc1ccn(Cc2ccc(N)cc2C(N)=O)n1,-6.549,-6.072,11.92663858763231,2.7730382254848194,0.009128665996389305
Cc1ccc(C(CN)N2CCN(CC3(C)CC3)CC2)o1,-6.442,-4.564,4.097588681163594,3.560306447484541,0.6899902329979565
COc1cccc(C=C(C#N)C(=O)NC(C)C)c1OCc1ccc(F)cc1,-6.894,-5.241,4.338918183141968,7.760819093368947,0.09582867764806575
Cc1nc2c(c(=O)[nH]1)CN(Cc1ccc(I)o1)CC2,-7.085,-5.412,12.939963523905313,2.9862781183272262,0.004771016245322954
N#CC(=Cc1cccc(F)c1)C(=O)Nc1cccc(C(=O)NC2CC2)c1,-7.811,-5.946,4.47441012872088,3.731618147667309,0.6061284000833985
COC(=O)C12CCC3C1C1CCC4c5c[nH]c6c5C(=O)C(C)(C4C3(C)CCc3ccoc3)C61CC(OC(C)=O)C2,,,,,0.0
CC1CN(c2ccc(N3CCN(c4cccc(Cl)c4)CC3)nn2)C(=O)O1,-7.237,-6.454,5.317302323547158,2.9069279316832057,0.48261236063226126
CC(C)CCn1ncc(Nc2ccc(S(=O)(=O)N(C)C)cc2)cc1=O,-6.572,-5.46,4.22869116867146,2.9573476292110135,0.7140390766301921
COc1ccc(CC(NC(=O)c2c(C)noc2C)(Nc2ccc(C(F)(F)F)cc2)c2ccccc2)cc1,-7.513,-5.599,7.276998694516853,7.792175241869244,0.022001788496931924
Cc1cc(C(=O)COC(=O)C(C)NS(=O)(=O)c2c(Cl)cccc2Cl)c(C)n1C1CC1,-6.912,-5.785,5.188614651330353,3.9369239261128737,0.4458973593757448
CC1=C(C(=O)Nc2ccc(C)c(Br)c2)C(c2ccco2)n2ncnc2N1,-7.518,-5.582,9.2862415432725,13.161585428815178,0.0002234861590871384
CC1(C)c2ccc(Cl)cc2N(C(=O)c2ccccc2-c2cccnc2)c2nccnc21,-7.699,-5.947,4.7384518568832155,5.223776603186626,0.35033052359836914
Cc1ccc(CN(C)C(=O)NCCC(=O)O)s1,-5.856,-4.46,12.801886501605926,2.971392434533008,0.0052073128409399145
CC1(C)CCCC12OCC(CN)O2,-5.245,-4.481,11.94151338817656,3.020978318359799,0.008878769334571223
CCC(C)NC(=O)COC(=O)c1oc2ccc(C)cc2c1C,-7.088,-5.357,4.658513711474939,5.026238752785228,0.3921339412507274
O=C(Nc1ccc(O)c(C(=O)O)c1)c1cccc(C(F)(F)F)c1,-7.582,-6.39,3.3546496091246256,3.0153251897598037,0.8354909127675849
Cc1cc(O)c(C(C)(C)C)cc1C(=O)C(C)CN(C)C,-5.717,-4.05,7.3404169500104,7.289324934450378,0.028787518721649284
Cc1ccc(C(=O)OCC(=O)Nc2c(C#N)c(C)c(C)n2-c2ccccc2)c(C)c1,-7.564,-5.493,7.67680493434606,11.286085060817147,0.0019571827527113156
CC(C)(C)C1CCC(NC(=O)c2n[nH]c(=O)[nH]2)CC1,-6.787,-5.107,4.58532114469641,3.0943721495644314,0.6353749955224406
O=C(c1ccccc1[N+](=O)[O-])N1CCN(Cc2cccc(Cl)c2)CC1,-6.742,-5.641,12.629401450583476,3.013564168887067,0.005779903550912721
Cc1cc(NC(=O)CCc2cccc3ccccc23)ccc1N1CCN(C)CC1,-7.791,-6.51,7.007883132587186,9.795340014517107,0.0074542239156677416
CC(NC(=O)C1CC(O)C(C(=O)O)C1)c1ccccc1,-6.86,-4.816,5.068454399518655,3.9867472957286867,0.4645862763502069
CC1NC2(CCC2)CN(CCc2ccc(F)cc2)C1=O,-7.238,-5.177,12.877540176602054,3.0795684762641673,0.00492112177552422
N#Cc1ccc(Cl)cc1CC(=O)Nc1ccc(Cc2nc3ccccc3s2)cc1,-8.187,-6.484,7.336926059324845,7.817291730516394,0.0208907915518868
Cc1cccc2sc(N(C)C(=O)c3ccccc3NC(=O)C3CCCCC3)nc12,-7.737,-6.122,8.617800241360902,12.548174448898932,0.0004971320768653314
NC(=O)CCC1NC(=O)N(OC(=O)c2ccccc2)C1=O,-6.904,-6.323,11.770393154011467,3.0687849387013095,0.009839763963399004
N#Cc1cc2c(nc1N)CCN(C(=O)Nc1cccc(Cl)c1)C2,-7.462,-5.773,4.535218737833932,3.1029838865195543,0.6452682373805169
CN(CC1CCC(c2cc(C(=O)O)n[nH]2)C1)C(=O)C(F)(F)F,-7.292,-5.869,7.989052134014398,8.23894374298065,0.010797020019465687
Cc1cc(C)n(CC(=O)Nc2cccc(N3CCC(C)C3=O)c2)n1,-7.264,-5.638,4.684058389900792,2.98736137753704,0.6202161044659439
O=C(O)C1CCCC1C(=O)Nc1ccc(OC(F)(F)F)cc1,-6.637,-5.494,3.8091534492587718,2.80732274596278,0.7923011602522011
CCN(Cc1scnc1C)C(=O)NCC(C)(O)c1ccccc1,-6.435,-5.048,12.664532245606232,2.838033297901912,0.005731070602429376
Cc1cc(N(C(C)C(=O)Nc2ccccc2C(=O)N2CCCCC2)S(C)(=O)=O)ccc1C(C)C,-7.023,-5.79,3.4333549190259944,8.063120859816005,0.09539609917059096
O=C(C=CCN1CCOCC1)Nc1cccc(Cl)c1,-6.428,-5.403,12.147087922625735,3.0438114264848926,0.00779298573401371
CC(C)(C)CNC1CCCC1O,-4.825,-3.993,12.270541389849104,2.8212853453700855,0.007339635663932389
Cc1cc(C)n2cc(C(=O)Nc3nnc(C(C)c4ccccc4)o3)nc2n1,-8.577,-7.223,4.424071201958665,3.2512480680501756,0.6579058352954548
CC(=O)c1cccc(OC(=O)C2CCCN2C(=O)c2ccccc2)c1,-7.911,-6.151,12.586723282888205,2.8160308947168886,0.006025757130252465
Cc1ccccc1C=C1C(=O)NC(=O)N(CCCC(=O)O)C1=O,-7.271,-5.297,10.092741401621266,8.412878520458975,0.0026183396631233864
Cc1c(C(=O)Nc2cccc3[nH]cnc23)cnn1Cc1ccccc1,-7.604,-5.758,4.245492433157784,3.5810513819268217,0.6629620874091064
CC1CN(C(=O)C2(C)c3ccccc3-c3ccccc32)CCO1,-7.307,-5.315,6.27828838139823,3.51503029858919,0.27501894631011126
COc1ccccc1CN(C)C(C)C(=O)NC(C)c1ccccc1C,-7.422,-4.254,3.7369343050152755,8.338502563410293,0.07683351324082636
COC(=O)C1(NC(=O)OCc2ccccc2)CCNC1,-6.221,-4.897,4.907272154670046,4.727051723854945,0.4015523569979769
O=C1c2ccccc2CN1c1c(Cl)cccc1Br,-6.374,-5.432,12.498167545684447,3.1744544413174363,0.006181725076633137
O=C1Nc2ccccc2SC1=Cc1cc(Br)ccc1O,-6.971,-5.112,4.81960703792332,4.807777241095931,0.40320556745604214
CC(C)(C)c1coc(CNS(=O)(=O)Cc2ccccc2Cl)n1,-6.206,-5.104,12.23573491867162,2.7672508017886632,0.007527948023011942
Nc1c(F)cccc1C(=O)NCc1c(C(F)(F)F)nc2ccccn12,-7.268,-5.46,7.750131869845829,3.086077769596871,0.12018846868258637
CCCCN=C(N)C1=C(O)CC(c2ccc(C(C)(C)C)cc2)CC1=O,-7.152,-5.6,7.2170261188387,10.088648968023419,0.00547269803455755
CC(C)NC(=O)c1cccc(NC(=O)c2c(Cl)cccc2[N+](=O)[O-])c1,-6.795,-5.564,4.976213821772533,2.9249044428835616,0.5584654792184142
CCN(c1nnns1)C1CCCCC1,-5.448,-4.072,8.78505805330847,12.994744668518885,0.00033892134568864747
Cc1cc(Cl)ccc1Oc1ncnc(Nc2ccc(N(C)N=Cc3ccccc3)c(C)c2)c1N,-8.688,-6.128,4.421662696316851,2.9325843551379713,0.677986548514941
CC(=O)N(Cc1ccccc1)C(C)(O)C(C)C,-5.878,-4.277,11.894694489561303,9.322861202442091,0.0004821652344177907
CC(NC(=O)COC(=O)CSc1cc(F)ccc1F)c1ccccc1,-7.101,-5.622,11.896010886007124,2.789578821255997,0.009295030605348052
CCOC(=O)N1CCC(N(C)C(=O)c2cc(Cc3cccc(Cl)c3)[nH]n2)CC1,-7.856,-5.932,4.476010947260964,2.9622040780472916,0.6653823862542277
O=C1CC(C(F)(F)F)N(C(=O)c2ccc(I)cc2)CN1c1ccc(F)cc1,-7.748,-5.34,3.3005043553978233,9.476718630412112,0.040267682865493024
CCC1(C(F)(F)F)N=C(c2ccccc2)C(=O)N1,-6.775,-5.552,12.275625320121172,3.115281367709826,0.00714506419691553
CC(=O)CC(=O)N(C)c1ccc(N(C)C)cc1,-5.551,-4.145,7.469070959630788,3.9640740406808743,0.12563421286204882
CC(C(=O)NC1CCCC1)N(Cc1ccccc1)C(=O)CC(C)(c1ccccc1)c1ccccc1,-7.01,-5.285,7.455163847964711,10.213638235222549,0.004380110723882976
CN(CC(=O)Nc1cc(Cl)ccc1Cl)S(=O)(=O)c1ccc(C#N)cc1,-7.137,-5.734,3.784229776321729,10.17526608988679,0.024263098904281716
Cc1ccccc1CN(C)S(=O)(=O)c1cccnc1C(=O)C(F)(F)F,-6.968,-5.443,12.146185162428573,3.045438720447351,0.007796277231078026
CCN(C(=O)CC(C#N)c1ccccc1)c1ccc(C(N)=O)cc1,-7.333,-4.519,4.887546214615264,3.1185951965588616,0.5688960375947283
CC(CCc1ccc(Br)cc1)c1ccc(-c2ccccc2)cc1,-7.415,-6.119,7.262325316315705,9.1828652391288,0.009369849263684697
CCc1ccc(C(C)NC(=O)Cc2c(-c3ccccc3)nc3ccccn23)cc1,-8.047,-5.552,4.230993500349534,10.081867832896839,0.023314578415836767
CC(=O)C(NC(=O)C1CC(=O)N(C(C)c2ccccc2)C1)c1cccs1,-6.786,-5.259,8.54638367966241,8.991236789229832,0.004791068840562703
CC(C)(C(=O)N1CCN(c2ccc(F)cc2)CC1)N1CCOCC1,-6.622,-5.248,4.711754768661034,3.53479631662137,0.5781028807931177
COCCCN1C(=O)NC(c2scnc2C)=CC1c1cccc(OC)c1,-6.401,-4.939,7.322461539673664,5.68715834138632,0.07260931005233495
CCCCOc1cc(C(=O)O)ccc1OC1CCCC1C,-6.463,-4.952,12.573553753812007,3.0558306563027995,0.005963416097819275
CCCCN1C(=O)c2ccc(NC(=O)Cc3ccc(F)c(F)c3)cc2C1=O,-7.634,-5.8,7.26136770863451,9.16787336299973,0.009463289019711048
Cc1ccc(NC(=O)c2cccc(C(F)(F)F)c2)c(Oc2ncccc2C(F)(F)F)c1,-8.802,-5.9,8.507410945757822,12.689146898038498,0.0004875131037068437
Cn1cc(NC(=O)NCC(O)c2ccc(C#N)cc2)cn1,-6.842,-5.514,4.696269476935922,2.9856982432925143,0.6176591713817566
CCNC1C(=O)NC(C2CC2)CCc2cc(F)ccc21,-4.63,-3.76,3.889555501596551,9.01821966909212,0.04894796995281743
CNC(c1ccccc1)c1ccnc(Br)c1,-6.478,-5.115,12.693513737338453,3.1120927042747293,0.005504429508629885
CC(=O)c1ccccc1COc1cccc(F)c1C,-6.868,-5.728,12.427106742922907,3.0858039471100556,0.006517431068504081
CC(F)C(F)(F)Oc1cc(CC(F)(F)c2c(F)c(F)cc(OC(F)(F)F)c2F)c(F)c(F)c1F,-9.043,-6.266,7.43402273335238,7.713859086086548,0.02098481834128659
CNS(=O)(=O)C(C)CC1=C(C)C=CC=CC1N(C)C1CC1c1ccccc1,-5.692,-4.113,7.1255552766082735,8.111370784275614,0.019802269996062584
CN(NC(=O)c1cc(-c2ccco2)[nH]n1)c1ccccc1,-7.043,-5.379,12.086187612311832,3.001671867476524,0.008124411978143667
CCOC(=O)c1nc(SCC(=O)Nc2c(Br)cc(C)cc2Br)oc1C,-6.686,-5.576,5.164376148190602,2.9752401583737744,0.5140581256114618
Cc1nc2c(c(N3CCCCC3C)n1)C(C)CC2,-6.318,-4.392,11.596057347219357,8.947901485823367,0.0007340264735778803
CC1OC23C=CC1C(C(=O)N(C)C(C)C)C(=O)N(C2)c1ccccc1C3,-6.71,-4.929,5.000266592892822,5.239785682640084,0.3146297383059399
CCOC(=O)c1ccccc1Cc1c(N)c2ccc(Br)cc2n1C,-6.25,-5.085,4.4767181059343,9.369001974596866,0.03392466895578726
CCOC(=O)C1C(C)C(c2ccco2)Nc2c(-c3nc(-c4ccc(OCC)cc4)no3)cnn21,-7.248,-5.862,4.515220481881257,3.0367444739391574,0.6532435853809054
CC(=O)Nc1nc(C(F)(F)F)c(C(=O)Nc2c(C)ccc3ccccc23)s1,-7.175,-5.933,3.3968061469562847,7.42812419120736,0.14155268622048334
CC(N)=NC(=C(C)c1ccccc1)c1cc(C(C)(C)C)ccc1C,-6.487,-4.928,8.697862496038898,8.831627822774236,0.004816170848640022
COC1=C(Nc2cccc(C(F)(F)F)c2)C(=O)N(c2c(Cl)cccc2C(F)(F)F)C1=O,-8.651,-5.743,4.386883859871378,9.467254565078516,0.032777533817770946
O=C(O)c1scc(C(F)(F)F)c1-c1c[nH]c2cc(Cl)ccc12,-6.035,-4.769,8.189106788899506,3.157044345586548,0.09106428190022503
CC1CCCCC1NC(=O)c1c(Cl)cccc1Br,-5.641,-5.337,12.211055482635398,3.077284679713594,0.007465388982557242
CCOc1ccc(NC(=O)C(C)N2CCC(=O)C(C)C2)cc1,-6.837,-5.257,8.414504917105937,8.954609371714659,0.00531971088707533
COc1ccccc1C1CNCCN1Cc1ccnn1C1CCCC1,-5.518,-4.07,7.2473032915699065,7.563007668910563,0.02578226755017743
Cc1cc(NC(=O)C(C)N(C)CC2CCC2)no1,-6.776,-4.988,12.339439330861026,2.8976856282212546,0.006992136445019476
Cc1cccc(CNC(=O)N2CCN(C(=O)c3cc4ccccc4[nH]3)CC2C)c1,-8.148,-6.413,4.2667357546489795,3.5300008498582574,0.6641979496086348
O=C(O)C1CC(=O)N(CC(O)c2cccc(O)c2)C1,-7.441,-5.72,12.460616678158429,2.733935990472345,0.006554691927627269
O=C(CSc1ccc(F)cc1)NS(=O)(=O)c1ccc2ccccc2c1,-7.7,-5.116,7.573942038331162,7.215801202915723,0.026103231647484352
N#Cc1cc(Cl)ccc1OC(=O)C=Cc1ccccc1[N+](=O)[O-],-7.266,-5.524,8.101025737522379,8.193708806151218,0.010361666444952648
CCCCC(CC)C(=O)CC1(CC(C)C)CCCC1,-5.814,-4.348,12.611634866265357,2.8591825754925133,0.005914892131505188
COc1c(Cl)cc(C)cc1C(O)=C1C(=O)C(=O)N(c2cccc(Cl)c2)C1c1ccc(Cl)cc1,-7.248,-5.628,7.435570859053123,2.874316962340792,0.14824417488762767
CCc1nc(C)cc(Nc2ccc(CC(=O)NC(C)c3cc(C)c(C)cc3C)cc2)c1C#N,-8.307,-6.26,3.8289398010415354,8.557947066908044,0.06594377135464248
COc1cccc(C(=O)OCC(=O)Nc2c(OC)cccc2C(C)=O)c1,-7.192,-5.492,4.436255853757761,4.461745174256369,0.5159155938218658
Fc1ccccc1CN(Cc1cccn1Cc1ccccn1)CC1CC1,-6.874,-4.448,7.039530950283548,7.571492191107378,0.029071033682336704
Cc1c(NC(=O)C(C)N)cccc1C(=O)OC(C)C(=O)Nc1ccc2c(c1)CCC2,-7.997,-6.843,3.692226157753612,2.9391987003263322,0.8010940103796469
CCOC(=O)C1=NN(c2ccc(C(C)(C)C)cc2)C(=O)C1=Cc1cccn1-c1cccc(Cl)c1,-6.98,-5.56,5.265355733471386,3.984111695221408,0.42664421121606644
COc1ccc([N+](=O)[O-])cc1C(=O)Nc1nnc(C(C)(C)C)o1,-6.925,-5.631,4.736363689582969,2.948857575401024,0.6107443821582795
Cc1cc2ccn(C)c2cc1-c1ccc2c(c1)CC(C)(C)C2(C)C,-7.903,-6.086,7.188880580452008,9.415019755688249,0.008475596037591928
Cc1cc(N(C)c2ccccc2C)ccc1CNC(C)C,-7.011,-5.111,8.431593265806884,9.05871563744,0.004933176111999922
CCOc1ccc(C(=O)NNC(=O)C=Cc2ccccc2Cl)cc1,-6.789,-5.807,5.341146412522315,3.595268279280421,0.44245699846703057
CC(=O)c1c[nH]c(C(=O)NCc2cnn(C)c2)c1,-6.857,-4.926,8.167919992262412,8.776040622057307,0.006926282186674381
CCOc1ccc(Cc2cc(C3C(OC)OC(COC(C)=O)C(O)C3O)n[nH]2)cc1,-7.1,-5.278,7.2204684751060295,3.221525880696909,0.1638492835618399
CC(O)C=Cc1c(Cl)cccc1Cl,-5.309,-4.348,12.48581843532894,3.00403412097799,0.0063276071211651784
Cc1ncccc1C(=O)C1(C(C)(C)C)CCC1,-5.815,-4.92,12.86201282848062,2.952397500337649,0.005022865663575515
CCCC(C)NC(=O)C(C)N(C)Cc1cccc(Cl)c1,-6.345,-4.343,12.34269423586277,3.086469180147438,0.0068700727101116636
COC(=O)c1[nH]c(C)c(C(=O)COC(=O)c2cccn2S(=O)(=O)c2cccc(C)c2)c1C,-7.398,-6.488,4.447074206711643,2.961230825180637,0.6713327422252451
CC1NCCOC1C(=O)N1CCc2ccccc2C1,-7.186,-5.352,12.627470174187703,3.2049848673589705,0.005684145751599148
COc1ccc(C)cc1NC(=O)CNc1nc(N2CCOCC2)nc2ccccc12,-7.478,-6.315,6.481266928618201,3.2997469599955687,0.2517516171213097
CN1Cc2c(C(=O)NCc3cccs3)n[nH]c2C1C(=O)O,-6.471,-5.541,4.414126527411737,2.9442516876109623,0.6788872547050169
O=P(O)(O)OC1CC(OP(=O)(O)OC2C(O)C(O)C(O)C(O)C2O)C(O)C1F,-6.716,-5.64,3.7012584346408444,2.7957777093324134,0.8081781624652247
OC1CCC(Nc2cc(Cl)c(C#Cc3ccccc3)cn2)C1,-7.05,-5.911,5.232229830578928,2.99731446464998,0.4980086457771308
CC(I)(C(=O)OCc1ccccc1)S(=O)(=O)Cl,-6.49,-4.992,13.055263153226747,3.1874543133980753,0.004358437896619952
OB(O)c1cc(F)cc(-c2cc(F)cc(F)c2)c1,,,,,0.0
Clc1cccc(Oc2nc3ccccn3c2C2CCCNN2)c1Br,-7.452,-5.345,7.230308015568909,7.438985750759305,0.028098236354066157
Cc1nnc(C(C)OC(=O)c2cnc(C)n2Cc2ccc(Cl)cc2)o1,-7.446,-6.252,12.017823763061264,2.914482801458949,0.00853796177446031
Clc1ccc(SNc2ccccn2)cc1Cl,-6.314,-4.956,12.73979874252337,3.041202722608278,0.005381812645807656
O=C(Nc1ccc(NC(=O)C(Cc2cnc[nH]2)NC(=O)c2cccs2)cc1)c1cccc(Br)c1,-7.516,-6.245,3.6107662621665217,3.4664952040930355,0.7682738540136347
O=C(NCc1ccco1)C(=Cc1ccccc1)NC(=O)c1ccc(Cl)cc1,-6.859,-5.706,4.082346139170465,4.667695898406407,0.5301362557343675
COCC(=O)CS(=O)(=O)c1cc(Cl)cc(Cl)c1,-5.597,-4.878,12.586612292431987,2.8784803282287683,0.0059997788576927075
N#Cc1cc(Cl)ccc1NCc1ccc(Br)cc1F,-7.038,-5.039,7.213979900166066,10.323709314001437,0.004734228266703249
CN(C)Cc1ccc(C(O)c2cc(F)c(F)c(F)c2)cc1,-7.073,-5.018,6.012262885137343,3.038119648730115,0.3361959589906442
CCC1(C)NC(C)(C)C(c2c(C)cc(C(C)c3ccc(O)c(C)c3)cc2C(C)(C)C)N1C=C[N+](=O)[O-],-7.044,-5.44,7.617594764753505,7.619443614857977,0.019876333516617092
CCN(CC)S(=O)(=O)c1ccc(C(=O)CN(C)CCn2ccccc2=O)cc1,-5.266,-4.522,6.274264020584406,2.7804787357575678,0.2965029752896246
COc1ccc(N2CCCC2c2nc(-c3cc4ccccc4o3)no2)nc1,-7.686,-6.649,4.59786526553356,3.6032005217583984,0.5950217761593313
Cc1cc(Cl)cc(N)c1C(=O)NC(C)c1ccc(F)cc1,-6.351,-5.489,12.049396457914396,3.0106202018853194,0.008307157006279696
Cc1ccc(-c2csc(NC(=O)c3ccccc3OCc3cccnc3)n2)cc1F,-7.775,-6.475,4.04399431255782,3.819801565526671,0.6689774858460459
CC(C)CCNC(=NCc1ccc(CO)o1)N(C)Cc1ccc(F)cc1,-6.656,-4.957,3.8491560113874312,5.251759324264584,0.44121259507658056
CCNC(=O)c1cccc(NC(=O)CNC(c2ccccc2)C(F)(F)F)c1,-7.543,-5.386,3.979493686387755,3.647649380080274,0.6991018690534131
Cc1ccc(C(C)N(C)Cc2n[nH]c(=O)[nH]2)o1,-6.841,-4.466,4.525975033072984,5.37759174724151,0.3508854361956811
CC(=O)c1cccc(NC(=O)c2ccnn2Cc2ccccc2)c1,-7.995,-5.975,4.2481064016806345,3.1078791804058272,0.7012632435634529
NC(=O)C1CCN(C(=O)COC(=O)CCCC(=O)OCC(=O)c2ccccc2)CC1,-7.093,-5.588,5.020934375193525,3.0293705616843916,0.5437699942896677
O=C(O)CCc1c(Br)nc(C2CC2)[nH]c1=O,-5.878,-5.385,12.560198644925965,2.929436464578128,0.006076428614164456
Cc1nc(-c2ccco2)ncc1C(=O)NCCc1ccccc1Cl,-6.779,-5.753,5.321409775613977,2.982193991007294,0.4788727951843188
CCC(C)COc1ccc(S(=O)(=O)N2CCCC2)cc1,-6.569,-4.333,4.146570390093481,5.406121992704199,0.38512256076087975
CCc1ccccc1NC(=O)c1cc(COC(=O)c2ccccc2C)on1,-7.895,-5.857,4.524857898321228,9.12592532294671,0.03888511972430667
COC(=O)C(CC(F)(F)F)N1C(=O)c2ccccc2C1=O,-5.988,-5.069,12.371966173571606,3.0839640075720722,0.006747073790032285
CCOC(=O)C(C)=C(Cl)C=C(Cl)c1cccc(Cl)c1F,-6.015,-3.676,12.092237220630432,9.133610731797146,0.00047952412519062956
Cn1ccsc1=NC(=O)c1cc(F)ccc1OCC(=O)O,-6.609,-4.76,7.424466916890396,3.085359298363807,0.14670687436463947
CCC(c1cccc(Cl)c1Cl)N(C)C(=O)C(N)C(C)(C)C,-5.959,-4.234,8.178688770212496,3.086351567790034,0.09226893095426128
Cc1ccc(Oc2cc(Br)nc(C(C)C)n2)cc1,-6.831,-4.944,12.429678797137116,3.3989129144477945,0.006290949185627717
O=C(Nc1ccc(Cl)c(Cl)c1)c1ccc(-c2nnc(N3CCCC3=O)o2)cc1,-7.665,-6.527,7.976104437631192,4.441839821515404,0.08145233458594801
CC(NCC(O)c1ccco1)C(=O)N1CCc2ccccc2C1,-6.903,-5.672,12.394659253081546,2.817928494479588,0.00679338044452545
COc1ccc(C=CC(=O)OC(C)(C)C)c(N(Cl)Cl)c1,-6.162,-4.463,7.194139628892395,7.890741600128597,0.02177138454434605
Cc1noc(C)c1C1CCCN1C(=O)CCCC(F)(F)F,-7.363,-6.068,12.013911186620286,3.04221136675281,0.008470524440637476
CC(C)n1nccc1CCNC(=O)C(C)(C)c1ccc(F)cc1,-6.928,-4.73,4.36777872608034,5.465647171195741,0.3529899418292855
NCC1(COc2cc(Cl)ccc2[N+](=O)[O-])CCOCC1,-6.35,-4.712,7.664519358707368,3.0790527764232944,0.12675457398401793
CC(=O)OCC1OC(n2cnc3c(N)nc(N)nc32)C(OC(C)=O)C1F,-6.775,-5.189,4.054423140225992,5.1108505163035245,0.4495423422365999
CC1Cc2c(NC(=O)CC(C)(C)C)cccc2C1=O,-6.193,-5.837,12.198290781908751,2.9040946954257536,0.0076333032904780706
CN(C)C(=O)c1cc(Br)cc(C=C2C(=N)N3N=C(SCC(N)=O)NC3=NC2=O)c1O,-7.376,-5.881,8.22994489653485,4.621091429521817,0.06575889138767801
N#Cc1cc(F)cc(NC(=O)c2cc(Cl)ccc2C#Cc2cccnc2)c1,-8.808,-6.623,6.359952908630691,8.035122712193012,0.0325636333553961
CC1(C(N)=O)CCN(C(=O)c2ccc(Cl)c(Cl)c2)C1,-7.023,-5.042,6.718997395445245,2.951312589340546,0.22660467760516265
COc1ccc(F)cc1OCc1cc(N)c(C)o1,-6.617,-5.505,12.304925924198,2.858541411279536,0.00716496209844498
Cc1cc(C(=O)N2CCOC(C3CC3)C2)n(C2CC2)n1,-6.332,-4.864,12.006217930722398,3.1209527391487364,0.008450743353620572
CCCc1c(C(=O)O)nnn1Cc1ccccc1C,-5.912,-5.587,11.769593620851996,3.0138893476702155,0.009891761216691625
Cc1ccc(F)c(N2CCCC(C)C2=O)c1,-6.69,-5.234,12.645395921045731,3.130021405677603,0.005662860552107637
O=C(O)Cc1cccc(NC(=O)C=Cc2ccc3c(c2)OCCO3)c1,-7.65,-6.147,8.520416949891596,8.440917544911809,0.006855380164344062
C=C(C)C=CC=C(C)C=Cc1ccccc1,-5.861,-4.868,7.355777661131418,7.5330101553097615,0.024586993808324305
C=Nc1ccc(Cl)cc1C(=NN)c1ccc(Sc2ccccc2C(=O)Nc2ccc(SC)cc2)cc1,-6.891,-5.022,5.210273121439988,3.5839453120827613,0.47029417470614754
NC(=O)c1cc(Cl)ccc1NC(c1cccc(F)c1)C1CC1,-7.712,-5.198,7.252005170985471,5.42038891593583,0.08642237019709743
COCCN1C(=O)C2COCN2C(=O)C1C,-5.14,-5.03,12.599549396704631,3.2220406577198872,0.005773924578961877
COc1ccccc1N1CCN(Cc2cc(Cl)cc3nc(-c4ccccc4Cl)oc23)CC1,-8.427,-6.384,4.4843507891332495,3.1980995919451902,0.6496092611454769
O=C1CCCC1=C(CCl)Nc1ccccc1,-5.807,-4.688,12.725945072960203,3.2685117408386337,0.005308709288014871
CC(C)c1nnc(SCC(=O)Nc2ccc(I)cc2Cl)o1,-6.837,-4.932,12.45198413908402,3.034787307209518,0.006445985685314238
Cc1ccc(NC(=O)COC(=O)CSc2ccc(Cl)cc2)c(C)c1,-7.351,-5.273,3.974069954089887,9.55870357318397,0.03434340024808914
Cc1nn(C2CCCC2)c(=O)c2nn(-c3ccc(Cl)cc3)nc12,-7.158,-5.752,7.398902959223077,7.388069165891721,0.026164007989317072
COc1c(Cl)cc(Cl)cc1NC(=O)Cc1c(C)noc1C,-6.769,-4.748,3.8110136446882468,4.536111440430008,0.5861127292930435
CCOCCn1c(NC(=O)c2[nH]nc(-n3nc(C)cc3C)c2C)nc2c(N)ncnc21,-7.258,-5.463,4.801233799764389,3.5643218148758677,0.5572618479720519
O=C(SOOO)c1ccccc1,-5.633,-4.501,3.2665867507231465,10.205810354890984,0.025642805528051992
COc1ccc(CN(C)c2nccc(C(=O)NCCC(C)C)n2)cc1,-7.063,-5.144,4.569572190041427,3.5628595257180713,0.6042469538226338
COC(=O)C1CCCc2c1nn(C)c2N1CCN(C)C(=O)C1,-6.562,-4.63,7.862718168674242,5.779732692780868,0.04974092235279167
CC(=O)N(CCC1CCCC1=O)c1cccc(C)c1C,-6.983,-4.858,3.8567344995475126,8.87703255598401,0.05379028961520951
Cc1cccc(COc2ccc(C(=O)N(C)Cc3ccc(C)c(C)c3)cc2)c1,-7.574,-5.711,7.082303438853775,8.64481075559205,0.01460067364142738
CCC=C(CCC)C(=O)ONc1cccc(Cl)c1,-6.459,-4.913,12.422431122771421,3.140047451870752,0.006503322634323168
O=C(Cc1c(F)cccc1Cl)Nc1cnc(Cl)cn1,-6.83,-4.796,7.913845967669575,3.0680744775836186,0.10884585638994479
CCOC(=O)c1ccc(-c2ccc(C=C(C#N)C(=O)Nc3ccccc3)o2)o1,-7.976,-5.892,4.131824536448759,2.9315999044890146,0.7330797412773089
Cn1ccnc1SCc1ccc(N)nc1,-5.767,-4.728,12.722771592699447,3.0751760925189315,0.00542306188385333
CCC(C)NC(=O)c1nn(-c2ccc(Cl)cc2)c(-n2cccc2)c1-c1ccccc1,-6.274,-5.192,4.369649528280272,6.497182235400204,0.2028448023298453
CCC(C)(CN)C(=O)NC(CCCN(C)C)CC(=O)NC,-5.799,-4.151,6.224947068048048,3.0752438927668817,0.29798446964047526
Cc1cc(C)c(-n2c(C)ccc2C)cc1C(=O)NO,-6.283,-4.707,5.910208794958094,2.8170653169566378,0.36127600274292593
Cc1cc(Nc2nnc(C(C)Cl)s2)no1,-6.648,-4.943,7.492851593352159,3.0972641153120914,0.14056048588578438
CCOc1ccccc1NC(=O)c1cc(F)c(=O)[nH]c1N,-6.51,-5.395,12.238455131265548,2.752879401644758,0.007522051352050913
Cc1nn(C)c(C)c1NC(=O)CCc1nc(C(=O)O)cs1,-6.549,-5.454,4.5052120926766595,2.9084968626422834,0.6621222791015648
CCOC(=O)c1c(-c2cccc(-c3csc(C)n3)c2)noc1C(C)=O,-6.76,-5.441,4.860973050737887,3.171403790121971,0.571796879312848
Cc1ccc([N+](=O)[O-])c(NC(=O)c2cnn(C)c2-n2cccc2)c1,-7.242,-5.12,7.613304341742816,7.563833155219647,0.02061873680185833
Cc1c(Cc2nnc(SCC(=O)Nc3ccc(C(F)(F)F)cc3)o2)nc(C(F)(F)F)n1Cc1ccccc1,-8.097,-5.205,4.193256014125539,5.903196506978232,0.2962168072186194
O=C(c1cccnc1N1CCCC1=O)N1CCC(c2ccccc2)C1,-7.118,-5.828,4.500242993439354,5.194478895904766,0.3844510326239358
NC(=O)c1csc(COC(=O)C23CC4CC(CC(O)(C4)C2)C3)n1,-7.728,-5.383,8.193257838003147,9.026501980280068,0.005834245024924087
NC1C=C(C(=O)c2ccccc2)C=CN1,-6.418,-5.171,12.783126143475235,3.0451904702333485,0.005236216966565923
Cc1cc(N)nc(SC2CC(=O)NC2=O)n1,-6.198,-4.975,12.042071790186272,2.973118228392541,0.008371091793632813
COC(=O)c1c(C)c(N=Nc2ccccc2)c(N=Nc2ccc(C(=O)c3cccc(C)c3O)cc2)n1C,-7.744,-5.617,4.85940850309994,2.9563893518953153,0.5832165962563478
Cc1c(Cl)cnn1Cc1ccccc1N,-5.496,-4.978,12.789437438761723,2.8557652214424074,0.005294102712732399
CCC(CNC(=O)c1ccc(C)o1)N(C)Cc1cccc(OC)c1,-6.544,-4.986,4.2979788273094135,2.9807198794922,0.6996542666902263
CNc1ncccc1C(=O)Nc1n[nH]c2c1CCC(c1ccccc1)C2,-8.401,-6.462,5.000517873180737,3.626316312733901,0.5108303852844251
O=C(CCn1cncn1)Nc1ccc(Cl)nc1,-6.307,-4.644,6.7912817641443795,2.9837039062212596,0.2165833391948431
CCCCC(=O)ON=c1oc2ccccc2cc1-c1ccccc1,-7.365,-6.147,12.436530947173331,2.889560174144155,0.006584432749608593
Cc1cc(C=NNC(=O)c2c(-c3ccccc3Cl)nnc3ccccc23)ccc1OC(=O)c1ccccc1,-8.53,-7.009,6.607101406819786,7.94183694116166,0.02991248520710417
CSc1ccc(N2CCN(Cc3cccc(C)c3)CC2=O)cc1[N+](=O)[O-],-8.116,-5.745,4.77794736262341,2.8695436919482504,0.6052149841608007
CC(C)(C(=O)Nc1ccc2c(c1)OCCCO2)N1CCN(c2cnccn2)CC1,-5.887,-4.447,5.2852618667384865,3.1822881704836226,0.4780779677624855
CC(=O)N(CC(=O)N(Cc1ccccc1C)C(Cc1ccccc1)C(=O)NCC(C)C)c1cccc(Cl)c1,-6.845,-5.258,5.021608009393008,5.2959499619992645,0.3040783775564281
Cc1cccc(NC(=O)COc2ccc(C=C(C#N)C(=O)Nc3ccc(C(=O)O)cc3)cc2)c1,-9.215,-6.262,7.1752238989455925,7.962974821007537,0.021062390472786113
CCOCC(=O)NC(C(=O)NCc1ccnc(N(CC)CC)c1)C(C)C,-6.129,-4.707,6.961007182872317,2.9555344694318832,0.19624150826304507
O=C(Oc1ccccc1C(=O)c1ccccc1)C1=NN(Cc2ccccc2)C(=O)CC1,-7.651,-5.766,4.6988667782775035,8.403502424584644,0.05749558158512176
CC(CCBr)NC(=O)c1cnc[nH]1,-5.194,-4.114,12.395284466279909,3.0638604733244628,0.006661501045302413
O=C1NC(c2ccccc2Cl)C(C(F)F)=C1O,-5.893,-5.115,12.085959870858417,2.9625674675861813,0.00815150933980471
CCc1nsc(C(=O)Nc2cn[nH]c2C(=O)Nc2ccccc2)c1C,-7.725,-5.889,6.925839371513031,3.0201630750673054,0.19934453943665909
Cc1cccc(C(=O)Nc2c(C)cccc2NC(=O)c2cc(C)no2)c1,-7.941,-6.425,3.6036989330408837,6.655005184070106,0.21855013539970042
O=C(Nc1ccc2[nH][nH]c(=O)c2c1)c1ccc(CSc2ccccc2)o1,-7.848,-6.124,3.7712743204386485,5.266487729027763,0.4446747359694646
CC1=CC(c2cccc(Br)c2)ON1,-6.205,-4.624,12.96523945016057,3.198087397179758,0.004605688076393634
Cc1cccc(C(=O)c2cc(Cl)ccc2-n2c(C)ccc2C)c1,-7.112,9.433,11.90344378740875,3.036502758108413,0.009080446654744407
COCCN(CC(=O)NCc1ccc(N)c(C#N)c1)C1CC1,-6.427,-4.712,4.660630644022331,4.6324190224978565,0.45432105661766187
O=C(CCc1ccc(Cl)cc1Cl)Nc1cccc2c1OCCO2,-7.507,-5.573,3.5413565197534127,9.443074340488906,0.039863489879869596
CC1(CC2C=CC=C(c3ccccc3)N2)CSC1,-6.862,-5.164,13.061827666907874,3.126171300488827,0.004366815574274867
Cc1cc(C)cc(N2C(=O)C(O)=C(C(=O)c3ccc(C)o3)C2c2ccc(O)cc2)c1,-8.212,-5.768,7.100161336195114,7.593540741972745,0.027655405313604317
C=CCC(C)CC(=O)OP(=O)(O)O,-5.833,-4.204,7.8264646552578245,2.9403554206932196,0.11609611104360275
COc1cc(F)ccc1C(C)NCc1cccc(=O)[nH]1,-6.954,-6.062,12.094885075931892,2.957323959257762,0.008109550599555234
C=CCn1c(C)nnc1SCC(=O)Nc1ccc(Cl)c(C(F)(F)F)c1,-7.803,-5.268,3.446264934679282,3.572138435167372,0.7748846007251822
Cc1ccnc(NC(=O)c2cccnc2-c2cccc(F)c2F)c1,-8.205,-5.419,4.931409027854006,4.82441467952331,0.3838477176544813
Cc1ccc(C(=O)c2c(C)[nH]c3ccccc3c2=O)o1,-7.599,-5.422,12.862817653997897,2.9138079895559343,0.005035330891654179
Cc1cccc(NC(=O)CN(Cc2cccc(Cl)c2)C(C)C)c1C,-6.552,-5.174,8.57750324978079,12.810491871899378,0.00043265888361418973
Cc1cc2c(cc1Cl)CCCN2S(=O)(=O)c1cccc([N+](=O)[O-])c1,-7.893,-5.513,6.534028160331113,3.0072016892785896,0.2513098032614935
COC(=O)C1(NC(=O)C2CCN(c3nc(C)c(C(=O)c4ccc(Cl)cc4)s3)C2)CCCCC1,-7.565,-5.84,4.473896959028002,2.9667345685113116,0.6655740759932811
CC(C)CC(=O)CNC(=O)C1CCC2CCCCC2C1,-6.546,-4.52,3.810367305129519,8.534031345149842,0.06716350320010361
CC1CC(C)CN(Cc2cccc(CCN)c2O)C1,-6.701,-5.033,5.04085082104202,3.0310442095093233,0.5392429667202202
Cc1ccc(CN(C)Cc2nc3ccccc3c(=O)n2CCc2ccccc2)cc1,-6.175,-5.251,4.103658489689413,4.255646249396206,0.5981435887068355
CN(CC1Cc2ccccc2N1)c1ccc(C(=O)O)o1,-7.363,-5.924,12.335652799912943,2.9661903175622437,0.006971745342186328
CC(NC(=O)c1ccccc1Cn1cccn1)c1nccn1C,-6.273,-4.667,8.62057318279939,12.30931326272916,0.0005761761666207735
NCc1ccccc1OCCOCCO,-5.387,-4.773,12.569130837094503,3.025209083683308,0.005995842876573379
Cc1ccc(CCC(=O)NCC(C(=O)O)C(C)(C)C)cc1,-7.007,-5.766,4.743185216708283,2.9415249446503084,0.6096004627260919
COc1ccc(C2=C(Nc3cccc(Cl)c3)C(=O)N(C(C)c3ccc(C(C)C)cc3)C2=O)cc1,-8.029,-5.973,7.179940180809307,6.710275106133875,0.044859157709038665
O=C(Nc1cccc(Cl)c1)c1cc(O)cc(Cl)c1,-6.921,-5.143,5.9987406178297125,3.017048060604934,0.33928236986056676
CC(Cc1c(F)ccc(F)c1F)C(=O)O,-5.754,-4.67,7.645461791154279,2.8669190780348157,0.13046288781890905
CC(NC(c1ccccc1)C1CC1)c1ccco1,-6.461,-4.949,12.569933094491793,3.1392236301353242,0.005931091151561202
O=C1CCC(=O)N(c2ccccc2)N1C(=O)c1ccc(Cl)cc1,-6.976,-5.447,7.241786105651008,3.4383558570921653,0.15767264205388418
O=C(O)c1ccc(-c2ccc(-c3cn4ccccc4n3)s2)cc1,-6.927,-5.735,4.374103450994272,3.093956205249195,0.6781872750142383
Cc1c(C(=O)NCc2ccc(C#N)cc2)nnn1-c1ccc2c(c1)OCCCO2,-6.25,-4.968,4.778984829438152,3.01534973095991,0.5981326243582951
CCNC(=NCc1c(C)nn(C)c1C)NCCc1ccco1,-6.576,-3.849,6.858235706069018,7.258743210776918,0.03919034044536429
CCc1noc2c1C(C(=O)Nc1ccc(C)cc1C)CC(=O)N2C,-7.375,-5.949,4.6471273922714875,4.93850635313958,0.4078661183079862
NC(c1ccccc1)c1c(O)c(CO)c(CO)c(O)c1C(=O)c1ccccc1,-6.55,-4.554,8.262484553692067,2.9294601891816177,0.08876518856926191
Cc1ccc(S(=O)(=O)N(C)C(C)C(=O)Nc2cc(C)ccc2C)cc1,-7.388,-6.394,3.9855448811925327,8.843479066521274,0.0534995722321473
CCCOC(=O)c1cc(C)n(-c2cccc(NC(=O)C(NC(=O)c3ccc(C)cc3)C(C)C)c2)c1C,-7.98,-5.879,4.786123065697328,3.0704040450728964,0.5937149703453548
O=C(NCCCN1CCCC1=O)C1CCN(C(=O)c2noc(-c3ccccc3)n2)C1,-8.047,-5.831,4.684420561819786,6.073123084542251,0.23311642745427502
CCOC(=O)C(C)Oc1ccc(C=Nc2ccccn2)cc1OC,-6.336,-4.868,4.161906534270081,3.0491705429509848,0.7206985311154499
Cc1cc(NC(=O)CN2C(=S)NC(=O)C2(C)C)n[nH]1,-7.149,-4.831,4.0594449127928804,4.790349987213878,0.5101169659554882
O=C(Nc1n[nH]c(-c2ccccn2)n1)c1ccc(F)cc1C(F)(F)F,-7.524,-5.927,12.195168633520407,2.7961827551145513,0.007706657107033594
Cc1ccc(F)cc1NC(=O)Cc1nc(-c2ccco2)oc1C,-8.006,-5.845,12.360114967102854,2.9924844193412268,0.006851316927412773
CC(=O)Nc1ccc(F)c(C(=O)NS(=O)(=O)c2ccccc2Cl)c1,-8.968,-5.705,7.411166507372506,8.141771858754089,0.016345527637842684
c1ccc2c(c1)CCCN2,-4.977,-4.084,12.99641046597098,2.982955078441511,0.004606887502379275
O=C(O)C1CCN(Cc2ccccc2Br)C(=O)C1,-6.201,-5.011,6.01082448587546,2.998965821745889,0.3375774943721456
CCN(Cc1cnccc1C(=O)O)c1nc(C)c(C)o1,-7.176,-4.853,12.682892138625165,3.169759770077221,0.005510294188029421
CC=CC=C=CCCc1cc(C)c(C(=O)OC)c(C)c1C,-5.293,-5.458,8.280316237922317,9.015339649730343,0.00556663295577262
CCC1(Cn2c(CS(C)(=O)=O)nc3ccc(C)cc32)CC1,-6.13,-4.708,3.9888591100714503,6.968237510303448,0.16915610859618774
CC(=O)OC(C)(C)P(=O)(Oc1ccccc1)N(C(C)C)C(C)C,-5.569,-4.279,12.776244557772053,3.068290240508547,0.005248064229413158
Cc1cc(NC(=O)Cc2ccc(NC(=O)c3ccccc3Cl)cc2)no1,-8.317,-5.882,7.3885168335735685,9.914787087981264,0.005497416412978187
C=C(C)CN(CC(=O)O)C(=O)NC1CC(N(C(C)=O)c2cccc([N+](=O)[O-])c2)C1,-6.688,-5.201,3.7509610768441735,2.90480532910555,0.7951526506721829
NC(=O)c1ccc(F)c(S(=O)(=O)Nc2ccccc2OCC(F)(F)F)c1,-7.418,-5.268,8.674440673611182,12.810373960193356,0.00040739546982955483
C#Cc1cccc(NC(=O)C2CCN(C(=O)c3ccn(-c4ccccc4)n3)CC2)c1,-8.307,-6.551,7.310159574181675,9.514663315115254,0.007400917261748951
Cc1cc(S(=O)(=O)N2CCCC(C(N)=O)C2)cc(F)c1C,-7.621,-5.487,4.865234012871323,3.36058134851695,0.5590839081920366
O=C(CC12CC3CC(CC(C3)C1)C2)NC(=S)Nc1ccc(OC(F)F)cc1,-7.668,-5.902,8.220204681149978,9.213535314959183,0.0051065905526965945
Cc1cncc(C(=O)NC2CCC(Nc3ncc(Cl)cn3)C2)c1,-6.809,-5.309,7.586290990991579,3.1483519498302592,0.1321151502510721
Cc1ccc([N+](=O)[O-])cc1NC(=O)c1c(F)cccc1Cl,-7.411,-5.523,12.935447460370284,3.262837568742888,0.004660106236706198
CCN(CC(N)=O)c1nc(Cl)c2ccccc2n1,-6.477,-4.952,12.747772903531033,3.1126652566570665,0.005320613641905092
CC1Cc2c3cnn2-c2c(nc(NC(=O)c4ccco4)n2C)N(C(=O)C2CC2)C3C1,,,,,0.0
CC(Oc1ccccc1C(N)=O)C(=O)Nc1ccc(NC(=O)c2ccco2)cc1,-7.002,-5.997,3.5891873732085924,3.3324478990675903,0.783961532624112
Cc1cc(C(C)Nc2cc3nc[nH]c(=O)c3cc2F)ncn1,-7.68,-5.459,7.655525063638678,7.928432001348059,0.016060408581089196
CCCCOc1ccc(C(=O)NNCC2(c3ccc(C)cc3)CCC2)cc1,-6.642,-4.934,4.035575051959757,10.39532515123986,0.02009853521897231
NC(=O)c1ccc(Oc2ccc(NC(=O)c3ccc(F)c(Cl)c3)cc2Cl)cn1,-8.039,-6.246,4.406445506300968,5.380548856761734,0.3634487051846877
COC(=O)c1c(NC(=O)c2c(Cl)c(-c3cccs3)nn2C)sc(C(=O)N(C)C)c1C,-6.111,-5.594,5.0217997769723945,3.598565825436573,0.5085851975829236
O=C(CS)NC1CCN(C(=O)C2CCC(C(=O)O)CC2)CC1,-7.18,-5.105,12.76514574926585,2.9345590810205193,0.005343787367396605
O=C(NCCc1nc(-c2ccccc2)c(-c2ccco2)s1)c1cccnc1,-7.14,-6.108,4.402091889090912,3.0107917563325444,0.6776309444624766
O=C(NCCNC(=O)c1ccncc1F)c1cccc(Cl)n1,-7.054,-5.701,4.5175560870895675,3.1033905651722278,0.6488742532954658
Cc1ccc(C(O)CN2CC(C(C)C)C(C)(O)C2)cc1C,-7.092,-3.766,11.759295131937119,2.801196351561239,0.010116295713827144
CCN(Cc1ccc(F)cc1)CC(C)NS(=O)(=O)c1ccccc1,-6.765,-4.839,8.851436832514821,9.130492922071623,0.0036340694510687424
CCOc1ccc(C(O)=C2C(=O)C(=O)N(c3cccc(OC)c3)C2=O)cc1Cl,-7.404,-5.491,3.225909329165964,9.733587365406446,0.03458673373197535
COC(=O)N1CCC(Cc2ccc(C)cc2)C(=O)c2cc(OC)ccc21,-5.344,-4.07,5.067853490384266,4.76688011177122,0.3709176201381849
O=C(c1ccc(Cl)cc1)N(Cc1cn(-c2ccc(Cl)cc2)nn1)CC1CC1,-6.811,-5.904,4.565473578940085,3.655508309387356,0.5964525272149188
CN1C(=O)c2ccc(F)cc2C1=O,-6.071,-4.713,11.732307275212323,8.583444704779078,0.0008456285623023341
CN(C)C(=O)c1ccc(F)c(Cl)c1Br,-5.158,-4.457,12.33349828718519,2.9554764421324693,0.006987098187481868
N#Cc1ccc(Cl)c(S(=O)(=O)Nc2ccc(Cl)cc2Br)c1,-7.101,-5.033,4.625069188671668,5.8116391835694685,0.27372234896952274
CCN1CCC2(CC(C(F)(F)c3ccc(F)cc3)=NO2)C1,-7.141,-5.462,4.320195134481774,3.6841354481071953,0.6392123138908815
Cc1cc(CNCc2ccoc2)ccc1N(C)C,-6.46,-5.156,8.079777534066146,8.584985614431746,0.008236648533715139
CC1(CONC(C)(C)CO)CC1,-4.366,-3.896,9.974397525665399,13.200388213988253,0.00014198577071887518
CCOC(=O)C(C)Cn1c(N)nc2cc(C(=O)Nc3ccc(Cl)cc3F)ccc21,-7.075,-5.451,6.845375884493122,3.00543823759531,0.20937732408957593
Cc1nc(CC(C)C(=O)O)sc1CNC(C)(C)C,-5.672,-5.006,12.594916276021847,2.989834276343758,0.005917506003485426
CNC(=O)c1c(C(=O)OC)c(=O)[nH]c2cc(Cl)cc(N)c12,-6.306,-5.465,12.556216388705636,3.01541108308635,0.006049465374649859
COc1ccc(Br)cc1CC(C)(C(=O)O)c1ccccc1,-6.384,-4.992,7.46429293369439,3.0067846613949594,0.1441741449238815
CC(OC(=O)COc1ccc(-c2ccccc2)cc1)C(=O)NC(N)=O,-6.917,-6.348,4.677867676623614,3.073568772615964,0.6169662235920923
OCC1(F)CCN(C(c2ccccc2)c2ccccc2)C1,-6.537,-5.131,6.951377992887453,2.904150478194957,0.19815580957442358
N#Cc1ccc(NC(=O)COC(=O)C=Cc2ccc([N+](=O)[O-])cc2)cc1,-7.178,-5.577,5.1654074379471755,8.011868321434147,0.060953649291232
O=S(=O)(Nc1ccc2c(c1)OCO2)c1cc(Cl)ccc1Cl,-7.186,-5.101,6.792103208874259,2.927890196028532,0.21743736125339513
Cc1ccc(N2CCN(C(=O)c3cnc(C(C)(C)C)[nH]3)CC2C)cc1,-7.05,-5.767,4.560265233514384,3.612075442180022,0.6015796118045369
Cc1ccc(S(=O)(=O)NNC(=O)c2ccc(F)cc2)cc1,-7.605,-6.075,4.261223415874835,9.742674940692623,0.02858460014426779
COc1ccc(S(=O)(=O)N(C)C)cc1C(=O)OCc1ccc2ccccc2c1Br,-7.324,-6.095,4.313915738630043,3.256655032391364,0.6786368892606969
CCOC(=O)N1CCN2C(c3ccccc3OC)CCC2c2ccc(Cl)cc21,-5.802,-4.083,7.291859090794335,9.566864951487505,0.007243761512815096
COCCN1C(=O)C(=O)C(=C(O)c2ccc(C#N)cc2)C1c1ccncc1,-6.161,-4.823,4.390409775863752,8.054165319882625,0.07881124373270036
CC1CN(C(=O)Nc2ccccc2F)CCC1C(=O)O,-7.038,-5.559,6.665190169830115,2.908298471615319,0.23465308985935113
CC(C)Cc1cc(=O)[nH]c(SC(C)C(=O)Nc2cccc(Cl)c2F)n1,-7.262,-5.464,4.288151233340542,3.6229366541522654,0.6512461641206145
CC(C)(C)C1CCc2ccccc2C1C(=O)NC1C=CC(C(N)=O)C1,-6.919,-5.321,7.898806618724121,8.573337389838336,0.009276725148785529
O=C(c1cc(Br)ccc1Cl)N1CCCC1C(Cl)(Cl)Cl,-7.145,-4.603,7.469548112168501,3.2358501201384464,0.14062421678016937
Cc1nc(CN2CCN(C(=O)c3cccc(NS(C)(=O)=O)c3C)CC2)cs1,-7.454,-5.291,4.602795780827127,3.219289983831839,0.6240003510803992
Cc1ccc(Nc2ccc(N(C)Cc3ccccc3)nn2)c(C(F)(F)F)c1,-8.104,-6.091,4.950948595976331,4.276010523841119,0.4545002123486338
Cc1[nH]c(C(=O)OC(C)C)c(C)c1C(=O)COC(=O)C(C(C)C)N1C(=O)c2ccccc2C1=O,-7.299,-5.32,4.9533614848908405,5.051262911391565,0.34784131284110126
CCc1sc(CC(=O)N(C)Cc2ccccc2F)nc1C(=O)OC,-6.442,-5.531,4.313182699585075,3.1707443920947016,0.6848855785044725
C=CC=CC=C(O)CCCCC,-5.011,-3.629,11.922456542172842,2.961861070340741,0.00902898890145129
CC(=O)N(C(=O)c1ccccc1C(=O)c1ccccc1)c1ccccc1F,-6.172,-5.099,3.1978420849066325,9.508509609817933,0.03991818500792151
Cc1cc(CS(=O)(=O)CCC(=O)N2CC(NC(N)=O)C(C)(C)C2)on1,-7.18,-5.545,4.431205027980537,2.9088693679847495,0.6772835730222007
Cc1ccccc1C(C)NC(=O)c1cnccn1,-6.759,-4.925,11.683254897501808,9.15844839478828,0.0006096627343474023
Cc1cc(C)c(NC(=O)C(OC(=O)C2CC2C)C(C)(C)C)c(C)c1,-7.17,-5.057,3.9642964066779873,9.566621190368103,0.034245211512872596
NC1(c2ncc(Cc3ccc(Cl)c(Cl)c3)s2)CC1,-6.384,-4.948,4.474740104184822,3.0651621490550873,0.6598848587832893
Cc1ccc(NC(=O)C2CCCN(C(C)C(=O)Nc3cccc(Cl)c3C)C2)cc1,-7.863,-6.432,4.4636981304743255,3.0999170956656252,0.6600350473054901
O=C(OCC(O)COCC1CCC1)C(F)(F)C(F)(F)F,-5.707,-4.477,3.972755844498878,4.242730842275999,0.6181078659221373
CC(c1cccc(Oc2ccccc2)c1)N1CCN(c2cccc(Cl)c2)CC1,-7.97,-6.008,4.031173650439782,3.329274095054358,0.722293013820496
COC(=O)C(C)n1[nH]c(N)c1-c1ccc(C2(C)OC(C)(C)OC2c2ccc(Cl)cc2)cc1,-7.239,-5.571,5.0592586413426215,3.54400197516875,0.504844514496614
CCN(C(=O)C1C=CC(Cl)=CC1C)C1CCCCC1,-6.255,-4.814,12.47895608614759,2.8641316310532936,0.006423996979304829
CCOC(=O)c1ccc(Cl)cc1NC(=O)CNC(=O)CN(C)C1CCCC1,-6.506,-5.257,4.445942419780086,3.469676786099826,0.6364995418732726
CC(C)C1CCN(C(=O)CNCc2cc(F)ccc2Cl)C1,-6.63,-5.392,8.54422816876984,8.676046219332859,0.005836958787433361
NC(=NOCC1CCN(c2ccncc2)C1)c1ccc(Cl)c(Cl)c1,-7.313,-6.001,4.4729764139776105,3.1919407889245064,0.6523023101113391
CCOC(=O)C1=C(C(F)(F)F)C(O)CC1c1ccccc1OC,-6.04,-4.573,7.362106084538582,3.1145187429200036,0.15197162087317725
Cc1ccc(NC(=O)c2c(C(=O)O)[nH]c3ccccc23)nc1,-7.753,-5.797,5.60843632396767,3.0247343685024637,0.41567973773519423
CCOC(=O)C1Cc2ccc(OS(=O)(=O)c3ccccc3)cc2N1,-6.848,-6.126,4.547117218634241,3.1140497748109306,0.6421480789373047
COc1cc(C2C=C(CCC(=O)OC(C)(C)C)CC2)cc(OC)c1OC,-6.288,-4.731,4.202326260537132,3.08920669428253,0.7108644834482911
O=C(c1ccc(Br)cc1)N1CCN(c2nc3ccccc3s2)CC1,-7.079,-5.727,4.419405050456453,3.4610915908135107,0.6423177569246782
CCc1onc(C)c1C(=O)NCc1nc(-c2ccccc2OC)no1,-7.691,-5.629,4.071118887971707,3.5488894037430923,0.6954245574071855
CN(C(=O)c1ccc(O)cc1)c1cccnc1C(=O)O,-6.644,-5.653,11.923193699676276,2.965415822443794,0.009022268046788441
NC(=O)c1cc(F)ccc1NC(=O)c1ccccc1-c1nn[nH]n1,-8.058,-5.425,6.799630578200555,2.9168630410082677,0.2166537998372191
CC1(C)NC(NCCN2C(=O)c3ccccc3C2=O)=NC1=O,-6.888,-6.135,4.363431791606234,2.936354372346771,0.6893938826269904
Cc1cc(OCc2noc(=O)[nH]2)ccc1Cl,-6.596,-5.423,12.314383987841211,2.931058853042702,0.0070845670088483005
CC(=O)N1CCCc2c(C(=O)OCc3ccc(C(=O)N4CCCC4)cc3)cccc21,-7.463,-5.512,4.35566275094847,5.085975422669678,0.4206311424511391
CC(C)CNC(=O)Nc1ccc2nnc(-c3cc(C(F)(F)F)cc(C(F)(F)F)c3)n2n1,-9.021,-6.436,6.7141181103701175,7.948930556999476,0.027972657962598978
Cc1c(C)c(C#N)n(CC(=O)N(Cc2ccccc2)n2cccn2)c1C,-5.768,-4.453,7.697527784944981,3.0832906123166532,0.1241658240934146
NC(=Nc1ccccc1)c1cccc(Cn2ccnc2)c1,-6.841,-5.113,4.347647179797367,3.7126203684190497,0.6312892660856038
CCCc1cc(=O)[nH]c(SC2CC(=O)N(c3ccc(Cl)cc3C)C2=O)n1,-7.542,-5.116,8.21482081362704,5.063083744122746,0.05616657066893577
Cc1ccc(C(=O)OCCc2c(F)cccc2Br)cc1S(=O)(=O)N1CC(C)CC(C)C1,-7.657,-5.056,6.666266421318607,3.094164507585206,0.23090097126243075
CCN1CCN(c2ccc3nc(NC(=O)c4ccoc4C)sc3c2)CC1,-6.825,-5.467,4.793685951332232,3.0648737331250695,0.5923553378063182
CC(C)OC(=O)c1cccc(N2C(=O)C(Cl)=C(Nc3ccc([N+](=O)[O-])c(N4CCC(C(N)=O)CC4)c3)C2=O)c1,-8.461,-6.293,4.314549918589424,3.1064239890909935,0.6888856168024791
CC(CC(N)=O)NC(=O)c1c(C(C)C)ccnc1NN,-6.528,-4.794,8.308699416876266,2.945436809710913,0.08615278210910128
Cc1[nH][nH]c(=O)c1-c1c(C(=O)O)nc2ccccc2[n+]1C,-6.829,-5.678,11.622771657397386,2.70092687794394,0.01108725771024442
NNc1nc(-c2cccc(NC(=O)CCN3CCCCC3)c2)cc(=O)[nH]1,-8.457,-6.571,4.365562850309224,3.0926449844752626,0.6799343277504024
O=C(O)C1CCC(Oc2ccc(C=NOCc3ccccc3)cc2)C1,-7.09,-6.139,12.454334546654831,2.7175224010116272,0.006587106966746425
COc1ccc(NC(=O)N2CCc3cc(C(=O)O)[nH]c3C2)cc1C(C)(C)C,-7.717,-6.484,4.736235319322721,3.0302524647296307,0.6067001832337549
CCC(C)NC(=O)c1nnn(C(C)(C)C(=O)Nc2ccccc2C#N)c1C,-7.296,-6.06,4.085762719493142,3.3398240971643993,0.7124552344198457
CC(O)C(NC(=O)CCC(=O)OCC(=O)OCC1(CO)OC(CO)C(O)C(O)C1O)C(O)CO,-5.383,-4.564,3.7006353508553094,2.9423653750001884,0.7997688100505242
COc1ccc(N)cc1C(N)=NC(=O)Nc1ccc(F)cc1C,-6.968,-5.344,4.503006329109476,4.50895442425403,0.49813028046626173
CC(C)c1cc(C(=O)O)cc(NCCOCC(F)(F)F)n1,-6.524,-6.179,12.166315835124452,2.8504003227617,0.007817817113880693
CC(=NC(C)=C(C)C)c1cnccn1,-5.722,-4.996,12.78241405212646,3.2117241475568847,0.005155918699253595
COc1ccc(Cl)cc1Nc1ccc(C(=O)Nc2ccc(F)c(Cl)c2)nn1,-7.506,-5.997,4.247388374048222,3.40847854621384,0.6786710532898125
O=P1(Cl)C=CN=N1,-3.636,-3.597,12.186303869508588,2.990532561267307,0.007638696540887297
Cc1ccccc1N1CCN(C(=O)C(C)NC(=O)c2ccco2)CC1,-8.269,-5.689,4.732211639392304,3.1167779837518106,0.6028627860442882
NC(CO)c1ccc(Sc2ccccc2Cl)cc1,-6.355,-5.033,11.670405348572947,3.0163829332496896,0.010522089069312545
Cc1cccc(C=Cc2ncc(C(=O)NC3CCCCCC3)n2C)c1C,-4.991,-3.761,8.66914863178617,8.716120352542179,0.005268142456565226
Cc1ccc(C(=O)N2CCN(C(C)C(=O)Nc3ccccc3Cl)CC2)cc1,-7.556,-5.717,7.183617125097912,9.782455622184033,0.006760637357526782
CC(C)Oc1ccc(CNC(=S)Nc2ccc3c(c2)CCC3)cc1,-7.104,-5.655,7.394908653932109,8.819634346161978,0.010839303242643684
CCOc1ccc(NS(=O)(=O)c2cccc(S(=O)(=O)Nc3ccc4[nH]c(=O)[nH]c4c3)c2)cc1,-8.26,-6.444,4.413247670367028,2.9214539188561583,0.6802605089004149
O=C1C(O)CCn2cccc2N1c1ccc(Br)cc1Cl,-4.912,-3.897,7.258687691311701,2.807130029051023,0.16584202140274107
COc1ccc(C2CCCN2C(=O)CN2CCCc3nccnc3C2=O)cc1,-5.881,-4.178,7.945806000652169,4.579201022012465,0.07947957176250815
Cc1nn(C(C)C(=O)Nc2ccc(F)cc2)c(C)c1C=CC(=O)O,-6.92,-5.672,4.968383338672651,2.782095073860704,0.5659229188066087
COC(=O)c1ccc(NC(=O)Cc2ccc(S(=O)(=O)N3c4ccccc4CC3C)cc2)cc1,-8.588,-6.072,5.652777547365542,3.1312218062602977,0.4026217486108612
Cc1ccc(-c2nc(C)c(CC(C)C)c(=O)[nH]2)c(C)c1,-7.188,-5.452,4.460802954625994,4.659709003789828,0.4802521590823996
Cc1cc(C(=O)N2CCCCC2C)ccc1[N+](=O)[O-],-7.398,-4.639,6.180855037937712,3.237420114844535,0.30058286178936144
CCCn1cnc2ncn(CC(=O)Nc3c(C)cccc3C)c(=O)c21,-6.942,-5.216,4.011077785334011,9.780117637329319,0.029672687458232497
CCN(CC(=O)Nc1ccc(C)cc1)c1ncnc(Cl)c1C=O,-6.466,-5.418,4.565467226911174,3.5082829133352407,0.6098314936435179
Cc1cnn(C2CCN(Cc3ccc4[nH]ccc4c3)C2)c1,-7.647,-5.422,7.334341688249873,8.949939943932582,0.010369867138557263
COc1cc(Br)cc(C(=O)NN=Cc2cc(Cl)c(Cl)cc2Cl)c1,-7.35,-5.459,4.143524345288682,3.0458102370305347,0.724173990921048
NC(=O)Nc1ccc(NC(=O)c2ccc(NC(=O)C3CCCS3)cc2)cc1,-7.637,-5.823,6.835980251580602,5.325229196945423,0.11596578839108602
O=C(Nc1cnccn1)c1c(F)cccc1I,-6.22,-4.969,12.015108946655458,2.9503813312858393,0.008528788190096896
COc1ccc(C(C)NS(=O)(=O)c2cc(C(=O)N3CCOC(C)C3)n(C)c2)cc1,-7.263,-5.536,4.518944677687479,3.332761617637841,0.633158868386814
O=C(Nc1ccc(F)cc1Cl)c1onnc1-c1ccccc1,-7.432,-5.847,4.359082586967125,8.702350544536804,0.05320771050768807
Cc1ccc(CN(C)C(=O)COC(=O)Cn2cc(C(F)(F)F)ccc2=O)cc1,-7.452,-5.737,4.175993055549781,3.152802087033056,0.7113139108151799
C(=Cc1ccccc1OCC1CC1)c1ccon1,-7.199,-5.213,12.27419023805644,2.835931064042283,0.007315537878580431
N#CC(=Cc1ccc(-c2c(Cl)cccc2Cl)o1)C(=O)Nc1ccc2c(c1)OCO2,-8.136,-5.856,6.418704542195409,3.0575464019373455,0.26741664477117766
O=[N+]([O-])c1cc(I)ccc1S(=O)(=O)c1ccc(N2CCCCC2)cc1,-6.794,-5.243,6.974112703419697,2.89366013899352,0.19563493783492916
CN(C)CCN(Cc1ccccn1)C(=O)C1(C)CC1(Cl)Cl,-5.299,-4.125,7.3266423414822155,3.4314792728501216,0.14990011008384432
CCC(C)N1Cc2cc(C(=O)O)sc2C1C(C)C,-5.154,-4.677,5.70927394683422,2.958478494091177,0.39716077079612944
CCC(C(=O)NC1CC1)N(Cc1ccccc1)C(=O)COc1ccc(Cl)cc1Cl,-6.412,-5.021,3.91191641014989,5.844529835666852,0.3257689347417514
CCOC(=O)c1cc(NC(=O)NCC(OC)c2cccc(C)c2)ccc1OC,-7.163,-5.591,4.570543621933829,3.0953297078017386,0.6384031490242769
C=CCOc1c(O)cc(O)c2c1CCC(C)C21CCN1C,-6.075,-5.317,12.668904846118311,2.7520383354888063,0.005748127148617682
Cc1ccc(C(=O)NC2=NCCC2c2cccs2)c(C)c1,-8.127,-5.924,4.340773433387189,7.653963221756425,0.10227178073941716
CCOC(=O)c1ccc(C2CCC(NC(=O)CC)CC2)cc1,-6.48,-5.004,7.441305933772647,9.782575376658235,0.005781454908065501
COc1ccc(NC(=O)c2ccc(NC(C)c3cc(C)on3)nc2)cc1,-7.582,-5.873,7.849824265548879,8.951333531938133,0.007557815955754077
CCOC(=O)c1csc(C(F)F)c1C1CCCN1CCC(=O)c1ccc(Br)cc1,-6.328,-4.981,3.833925533966459,6.08826986918287,0.29008919997872734
NC1C=CCC(C(=O)Nc2ccc(Cl)cn2)C1,-6.453,-4.998,6.425877216380654,2.887273107968831,0.27000648729601473
CC(C)(C)OC(=O)CC(CC(=O)OC(C)(C)C)NOC=O,-5.241,-4.337,4.007835575469632,5.1513169190023635,0.4464158135168976
CCOC(=O)c1c(C)c(SCC(=O)NN=C(C)C(=O)NCc2ccco2)n(-c2ccccc2)c1C,-6.984,-5.865,4.356779200280867,3.1927646327281947,0.6750633589170343
CC(=O)c1ccc(-c2cnc3ccccc3n2)cc1,-7.372,-5.364,7.326603646984052,9.586806819791457,0.0070049209926409195
CCCCN(C(=O)Cc1ccc(F)cc1)C(C)c1cc(C)ccc1OC,-6.598,-5.484,4.2888575401847975,3.7917474863181493,0.6327733869675716
O=C(NCc1ccc(Cl)cc1)c1cnn(Cc2ccco2)c1C(F)(F)F,-7.814,-5.56,4.511457635842323,3.102312202213053,0.6501883380940746
Cc1ccccc1OCC(=O)c1ccc(-n2cccc2)cc1C#N,-7.019,-5.835,7.531376169067642,8.017605191077944,0.01640099143812318
O=C(O)C(=O)N1CCCC(n2cccn2)C1,-5.998,-4.706,7.70059445757274,3.018980457041747,0.12463435443162588
COc1ccccc1N1CCN(C(=O)c2cn(C)nc2C(F)(F)F)CC1,-7.451,-5.374,5.686918409824426,3.078344685053965,0.39765780183290844
CCn1nc(C)c(CN(C)C(=O)c2ccc(Br)cc2)c1C,-6.267,-4.689,3.4264210190809883,10.10885967851963,0.026727263647095573
O=C1NC(=O)C(=Cc2ccc(C(=O)Nc3cccc(Cl)c3)cc2)N1,-7.223,-6.143,4.733891105633926,3.0732817963863974,0.6049178098626127
Cc1ccc(C)c(Cc2cnc(C3CCCN3C(=O)C3CCOC3=O)o2)c1,-7.412,-6.122,4.32088185443666,3.032159131707965,0.6922674881033596
Nc1cccn(-c2ccccc2F)c1=O,-5.505,-4.475,12.909947366275356,2.9114280001401376,0.004890056164564314
CC1Cc2ccccc2C=N1,-5.233,-4.142,13.093623944500623,3.370703339067382,0.00416895268185935
CCC(=O)Nc1cc(NC(=O)c2c(C)nn(Cc3ccccc3Cl)c2C)ccc1C,-7.36,-6.246,6.517156204971614,7.831882915365884,0.033725696310748114
CC(C)(C#N)c1ccccc1Oc1ncccc1C(=O)N1CCCC1,-6.763,-5.078,8.93736079611873,12.745437772002969,0.00036025005667039695
CC1CCCC(N2CC(=O)NC2=NC(=O)CCC(=O)O)C1,-7.87,-5.233,5.690939553360236,2.9451842047654684,0.40131968797616774
Cc1cc(NC2COC(C)(C)C2)nc(N)n1,-6.443,-4.624,7.580971507663117,3.4075501463661544,0.1287625801317128
CCCSCCN1CCCC(C(N)=O)C1,-5.477,-4.04,12.25413893343796,2.974333538794868,0.007331305233592178
CCCCN(C)C(=O)c1cc(S(=O)(=O)NCc2ccccc2C)cn1C,-6.919,-4.774,3.8684257780135827,6.9234547012311705,0.17809179420238697
COc1ccc(NC(=O)CC2C(=O)N(c3ccc(Cl)c(Cl)c3)C(=S)N2C(=O)Nc2ccccc2F)cc1,-7.543,-6.11,4.627391705918139,3.530121527653122,0.5956002747447519
Cc1ccc(C(=O)NC2CC2)c(NC(=O)c2cc(N)nc(C)n2)c1,-7.614,-5.43,6.303719616226598,3.2552382401292843,0.28001131197209805
O=C(CCNC(=O)c1ccc(=O)[nH]c1)Nc1cccnc1Cl,-7.088,-5.544,4.408695952319687,3.169331001962402,0.6665609778196244
Cc1ccccc1C1=NC(=S)NC(c2ccco2)C1,-6.686,-5.444,12.580704392044192,2.9901215694349284,0.005970158798166693
Cc1ccccc1C(=O)N(CC(=O)N1CCN(Cc2ccc(Cl)cc2Cl)CC1)c1ccccc1C(F)(F)F,-8.61,-6.409,3.438633013277223,3.3389967055988543,0.8001817010451705
Cc1ccc(CCC(=O)N(c2ccc(C)c(Cl)c2)C(C)C(=O)NC(C)(C)C)cc1C,-6.172,-6.383,11.955372432509161,2.9457632287745055,0.00885641513369824
Nc1cc(Cl)cc(C(=O)OCC(=O)Nc2ccc(N3CCCC3=O)cc2)c1,-7.506,-5.528,4.998184770494184,3.1995932553998174,0.5401317642293355
Cc1nc(SCC(=O)Nc2cccc(Cl)c2)n(C)c1-c1ccccc1C(F)(F)F,-7.377,-5.649,8.021297712963907,8.212178456414595,0.010761087265670512
CC(NCC(O)c1ccccc1)c1cccc(Cl)c1,-7.168,-3.927,7.889202557926879,3.0557056468187507,0.11063289341054766
N#Cc1c(N2CCCC2)nc(N)[nH]c1=O,-5.92,-5.303,12.328249429663565,3.0244611090242177,0.006970408217056554
Cc1ccc(Cn2c(C)cc(C=Nn3c(C(C)C)nc4ccc(Br)cc4c3=O)c2C)cc1,-7.423,-6.123,7.393142092507082,9.957444250408837,0.005337900515975072
Cc1ccc(C2(O)CCNCC2C)c(C)c1,-6.614,-5.172,11.759345432463492,8.769670803399634,0.0007405691104116637
COc1ccccc1Oc1nc(N)ncc1-c1ccccc1,-7.765,-4.911,4.469980536870379,6.1243782541577225,0.24312273430244985
Cc1[nH]nc(-c2ccc(N)cc2)c1C1C=CN=N1,-7.081,-5.522,12.334744991283767,2.848630021606877,0.007037608602363131
CC(C)(CCO)OC(=O)CCc1ccc(Cl)cc1Cl,-6.658,-4.548,4.9852347988835986,3.0532964153517743,0.550595165397984
CCOC(=O)c1ccc(NC(=O)C2CCN(S(=O)(=O)c3ccc(C(C)=O)cc3)CC2)cc1,-8.003,-5.728,6.951774233963586,9.108209977816717,0.011832938731728622
CCCCNC(=O)c1cc(Cl)ccc1NC(=O)c1n[nH]c2ccccc12,-6.976,-5.622,8.304295093504324,12.297739182467646,0.0007062191705231584
Cc1ccccc1-c1ccc(=O)n(Cc2ccccc2)c1,-7.983,-5.474,7.139271251325306,7.415661602311691,0.03011122379444164
O=C1C2CCCCCC2(c2ccccc2[N+](=O)[O-])C(=O)N1c1cccc(C(F)(F)F)c1,-7.237,-4.696,4.620202809401336,4.76495897149178,0.43966394790615276
Cc1ccc(Oc2ccc(C#N)c(Oc3ccccc3)c2)cc1S(C)(=O)=O,-7.65,-6.331,4.790021398699591,3.040401947111598,0.5944347954842549
Cc1ccc(OC(C)C(=O)NCCOc2ccc(-c3ccccc3)cc2)cc1,-7.344,-5.76,4.161033044809907,7.288393375772194,0.13403970083627637
CC(C)(C)C(=O)OCC1CCC(c2ccccc2)=C(c2ccccc2)O1,-6.813,-5.38,8.467220854566154,7.613762276299412,0.011805265663013372
CC(C)(C)OC(=O)N1CCC(N(Cc2ccc(Cl)cc2)C(=O)C2(C)CC2)CC1,-6.28,-5.3,3.4987537781330076,4.775628230924179,0.5678595125669827
CCCN(CCC)S(=O)(=O)c1ccc(NCCC2CCNCC2)c(C(=O)OC)c1,-5.942,-4.901,4.972054504930532,3.0487930398766,0.5537485818175176
O=C(OCc1nc(-c2ccoc2)no1)C1=COc2ccc3c(c2O1)CCC3,-8.278,-6.469,4.491290905741912,3.0383049550695214,0.6580679857775886
Cc1cccc(C)c1N(Cc1ccco1)C(=O)C1CCC(C(=O)O)O1,-6.307,-5.915,12.434957901014382,2.9405706929097963,0.006565489002932457
CCC(C)CN(C)Cc1c(C(=O)O)coc1C,-6.449,-3.638,11.608037344874456,8.948494566126753,0.0007282827654495339
Cc1c(C(=O)N(Cc2ccccn2)c2ccccc2)cnn1-c1ccccc1Cl,-7.543,-5.62,4.506794204309755,3.2980815635760146,0.6381452174420175
CCc1nc(CNC(=O)C(C)(C)c2ccccc2)cs1,-6.648,-4.785,4.456767214024085,8.457234772666537,0.060201441689299195
Cc1ccc(NC(=O)c2oc(=O)oc2COC(=O)CC(N[N+](=O)[O-])C(C)(C)C)cc1,-7.606,-5.63,4.6597555729887805,3.4790814879792626,0.5932924486877243
CC(Sc1cc(N)cc2cc[nH]c12)c1ccco1,-6.336,-5.192,12.540522078446335,3.0666049631473564,0.006081983900622086
CS(=O)(=O)Nc1ccc(NCCC#N)c([N+](=O)[O-])c1,-5.767,-4.431,5.049302625115669,2.966033040948803,0.5402616364580061
O=C(C[S+]([O-])Cc1ccccn1)NCCC1CCCCC1,-5.735,-4.674,4.421320843367963,3.3966751390146226,0.6473434518747536
Cc1c(C(=O)NCC(=O)Nc2ccc(F)c(F)c2F)cnn1-c1cccc(F)c1,-8.206,-6.302,7.4942725464183635,9.120231192245074,0.008460733931342022
C=C(C)COCC(O)CSc1nnc(-c2ccc(C)s2)o1,-6.24,-4.819,4.331498932240431,3.4247925484618778,0.6619554517233502
COc1ccc(C(=O)N2CCN(c3cccc(C(F)(F)F)c3)CC2)c(Cl)c1,-7.416,-5.87,3.843212978745778,2.9186239908559637,0.7809947113143878
CCC(NC(=O)c1ccc([N+](=O)[O-])c(C)c1)c1nc2ccccc2s1,-7.221,-5.736,8.481420989433316,8.68138894417247,0.00604894846335966
Cc1ccc(C(C)C)c(OCCCC(=O)OCC(C)C)c1,-5.965,-4.552,5.039143875699522,5.30298557418366,0.3009182644622334
CCc1nc(-c2nc(CC)c(C)s2)nc(C(C)C)n1,-7.087,-4.787,7.30881796188686,7.903388766851849,0.0201531286709339
CCN(CC(=O)Nc1ccccc1C(F)(F)F)C(=O)CNC(=O)c1ccc(Cl)cc1Cl,-7.272,-5.0,4.270366377724515,6.210757844257012,0.24539973993252373
Cn1ccc(C(=O)NCc2cccnc2N2CCN(c3ccccn3)CC2)n1,-6.899,-6.285,4.459184903096081,3.227326137842285,0.6526567070153203
Cc1cccc(S(=O)(=O)NCc2cnc[nH]2)c1,-6.895,-5.016,8.729594778682456,8.591411816459503,0.005482755788414367
O=C(Cn1ccccc1=O)N1CCN(c2ccccn2)CC1,-6.734,-5.22,4.265234460144014,3.5626264188095833,0.6613164127582744
CCN(C(C)C(=O)NCC(=O)NC)S(=O)(=O)c1cccc(C(F)(F)F)c1,-6.886,-5.082,4.041883842962338,3.023919311092807,0.743055433805117
O=C(Nc1nnc(C23CC4CC(CC(C4)C2)C3)s1)c1oc(-c2ccoc2)nc1C1CCCC1,-8.418,-6.705,4.332873757680922,5.088615725322555,0.4228729802848096
Cc1cccc(N2N=C(c3ccc(C4CC4)oc3=O)CC2=O)c1,-7.828,-5.817,4.558091815661462,3.3986835686777317,0.6202720195983673
Cc1noc(SCc2noc(Cl)n2)n1,-6.216,-5.062,12.395792753995204,2.9237375053174657,0.006736922194935202
CCN(CC1NC(=O)CS1)C(=O)c1ccc(C(C)=O)s1,-5.67,-5.355,12.015952604766715,3.0536758177645504,0.008451241130438915
CC1CCCN(C(C(=O)c2cccc(N)c2)c2ccncc2)C1,-6.824,-5.622,12.036232051601532,3.00816621881172,0.008377508399520978
Cc1oc(-c2ccccc2)nc1COC(=O)C1CCCN1C(=O)c1ccco1,-7.077,-6.37,4.52646639223136,2.997447414050829,0.6530912398563009
O=C(Nc1ccccc1NC(=O)c1cccs1)c1cccc(-n2ccnc2)c1,-7.328,-5.893,3.687224565984556,8.261255413071309,0.08128444620757991
NC(C(=O)O)(c1ccccc1)C(F)(F)c1ccc(F)cc1Cl,-6.666,-5.276,7.7798401011845995,2.8207803884740827,0.12052077766597234
CCOc1ccc(NC(=O)C(C#N)=CN(N)Cc2ccc(Cl)cc2)cc1,-7.228,-5.41,7.472331162361583,8.890819759729697,0.009891703502889263
CC(=NNC(=O)CSc1nnc(C)n1N)c1cccnc1,-6.719,-4.748,5.755296256492796,3.27275938620608,0.37652102816366034
Cc1nsc(NC(=O)CN(c2ccc(Br)cc2)S(C)(=O)=O)c1C(=O)O,-6.59,-5.767,11.89457876513498,2.8774085563228593,0.009246947401053446
CC(NC(=O)C1CCCC1O)c1ccccc1,-6.785,-5.189,12.977406366450888,3.0069469566322584,0.004652695757470342
COc1ccc(C(=O)N2CCC(CN)C2)cc1,-6.268,-4.55,12.59404152764314,2.8035309878793924,0.0060033166176077036
CC(Nc1ccc(N2C(=O)CCC2=O)cc1)C(=O)N(C)Cc1ccc(Cl)cc1,-7.317,-5.564,7.526148815961587,7.887388414424638,0.017829384587142776
Cc1ccc(C(CC(=O)OC(C)C)NC(=O)c2oc(C)nc2C)cc1,-7.418,-5.311,7.059501257171076,3.070034853222354,0.18322132485006043
O=C(c1[nH]c(=O)[nH]c1O)C(Cl)(Cl)Cl,-5.337,-4.448,12.773952716367788,2.8307260552727453,0.005354959855735077
CCn1c(CCNC(=O)c2ccccc2)nnc1C(C)C,-6.853,-5.29,12.092047014463681,2.9704962548368923,0.008115400554419634
N#Cc1cc(F)ccc1NC(=O)COC(=O)CN1C(=O)c2ccccc2C1=O,-7.74,-6.633,4.7387138550454795,3.1376738198863183,0.6002645890049682
CC1CC(C)CN(C(C)(C)CNC(=O)C2CCc3c(nc[nH]c3=O)C2)C1,-7.867,-5.892,4.631448477528385,3.489275856105391,0.5982082458761003
CC(C)(C)NC(=O)c1ccc2nc(-c3c[nH]c4ccccc34)[nH]c2c1,-7.298,-6.003,5.236702015581945,3.5309603509526983,0.46843411739676577
NC(=O)Nc1ccc(NC(=O)C2CC2C(=O)Nc2cccc(C(F)(F)F)c2)cc1,-8.578,-5.921,8.172176515470039,10.337062687243412,0.002609326538654299
CN(c1ccc(Cl)cc1)S(=O)(=O)c1ccc(NS(=O)(=O)c2ccccc2Cl)cc1,-7.441,-5.774,4.486561935379918,2.921825799050997,0.6653104067224404
CCC1CCC2C3CC(CC3O)C12,-5.541,-4.664,12.568208305084699,3.26123304901689,0.00586340793926449
Cc1ccc(NC(=O)CN(CCC(=O)O)Cc2ccc(Cl)c(Cl)c2)cc1F,-6.94,-5.731,3.6182766616166875,5.154576510247956,0.47938424483291214
CC(NC(=O)COC(=O)C1CC(N)CN1)c1ccccc1Cl,-6.632,-5.121,3.6147981963036333,5.153544993497195,0.4798583142474369
O=C1NCCN(c2cc(C(F)(F)F)ccc2Cl)C1C(F)(F)F,-7.224,-5.464,9.935484789379933,9.19131339907415,0.0017798497798628974
CC1Cc2cc(C(O)=C3C(=O)C(=O)N(CCN(C)C(=O)c4ccccc4F)C3C)ccc2O1,-8.046,-5.569,4.932218162247084,4.945135589647668,0.3662454422176269
CC1CCC(C(=O)O)(C(=O)Nc2ccc(C#N)cc2)C1,-7.498,-5.314,5.589707058513889,2.9849055261431636,0.42097932558113416
CCN(CC)CCN1C(=O)c2ccccc2C1=O,-5.988,-4.644,12.638651866397776,3.1559133384806373,0.005672537198404147
Nc1nccc(Cc2cccc(S(=O)(=O)Nc3ccccc3Oc3ccccc3)c2)n1,-8.14,-6.49,4.432852467655562,3.3968011422513387,0.6451105021719209
Cc1cc(N2CCCCC2C(=O)Nc2ccccc2F)nc(C(C)C)n1,-7.461,-5.784,3.9936343097484523,6.4071208822684165,0.2348026484809504
Cc1ccc(C)c(-c2csc(NC(=O)CCNC(=O)c3ccc(Cl)cc3)n2)c1,-8.14,-5.876,4.417227524137736,7.981248711824485,0.08179341118068872
Cc1ccncc1-c1ccc(C=C(C#N)C(=O)NCCN2CCCCC2)o1,-7.746,-5.772,7.194243045658104,3.1383360240739058,0.1678680995791839
O=C1C(N(C2CCCCC2)C2CC2)CN1Cc1ccccc1,-6.508,-4.998,8.49005471124892,8.495998822975437,0.0067510485498584166
COCCn1c(-c2ccc(Cl)cc2Cl)nnc1N(CC(C)(C)C)C(=O)c1ccco1,-6.606,-5.232,4.5453108804569125,3.45769605373289,0.6180846266443023
Fc1ccc(C=Cc2noc(-c3c(Cl)ccc(Cl)c3Cl)n2)cc1,-7.481,-5.826,4.942623898295317,3.4521800358613977,0.5361998572035896
Nc1nc(N)c2c(n1)NC(=O)C(c1cccc(Cl)c1)N(Cc1cccc(F)c1)C2,-6.366,-4.707,6.843924458963585,3.3303280619182245,0.20287123159231926
Cc1cc(C)n(Cc2nnc(C(C)NC(=O)c3ccc(C(F)(F)F)cc3)n2C)n1,-7.232,-5.978,7.141973746801371,7.116762395921336,0.036029780734895996
Cc1ccc(N)cc1-c1nc(C2CCCO2)no1,-7.206,-5.041,7.989245145819473,11.847926654060617,0.0011367038487791988
NS(=O)(=O)CN1C(=O)CSc2ccccc2C1=O,-4.664,-3.345,11.84013395194497,9.075989918460685,0.0005818683148079582
Nc1ccc(Cl)c(NC(=O)c2ccc(O)cc2)c1,-6.384,-5.29,12.544339161550122,3.0275166390954817,0.006088265362780441
Cc1ccccc1C(=O)NC1CC(N(C)CC(F)(F)C(=O)O)C1,-7.085,-5.442,8.327983009108507,8.666127681958072,0.006716361256134044
CCc1ncnc(N(C)Cc2ccco2)c1C(N)=S,-5.146,-5.348,12.347426371515645,2.9470922958061574,0.006931120839000954
Cc1cc(NCc2cccc(NC(=O)C3CC3)c2)nc(C)n1,-7.511,-5.875,12.277976624835219,3.0315980934154183,0.00718848985213112
COc1ccc(Cl)cc1NC(=O)C1CCN(c2cc(C)nc(C3CC3)n2)CC1,-7.394,-5.743,5.141973259362596,2.9094076716747685,0.521748227742333
O=C1CCC(c2nc3ccccc3c(=O)n2Cc2ccc(F)cc2)N1Cc1ccc(F)cc1,-8.262,-5.708,6.880063371801164,6.602252115755653,0.05719939169471973
CCc1nc(-c2ccccc2Cl)sc1C(=O)Nc1ccc(Cn2ccnc2C)cc1,-7.387,-6.058,4.984568185911393,2.9257616102478345,0.5565490357112189
COc1cc(NCC2CCCN2Cc2ccccc2)ccc1[N+](=O)[O-],-7.008,-5.937,4.681543121664053,3.1325812040552115,0.6128119996778333
NC(=O)c1ccc(NCc2ccccc2C(F)(F)F)c(Cl)c1,-7.313,-5.263,7.299095971420022,7.879296224917553,0.02057552628329966
O=C1CC(C=Cc2ccco2)C(=O)N1Cc1ccccc1,-7.305,-5.623,12.385184738226556,2.9075003009458147,0.00679008534521758
CC(C)(C)OC(=O)c1ccc(OC(=O)OCc2ccc(NC(=O)OCC3c4ccccc4-c4ccccc43)cc2)cc1,-8.777,-5.118,6.991888300023107,2.805277348142248,0.19477539132536895
Cc1c(Cl)cccc1S(=O)(=O)C1C(C)OC(=O)C1C,-6.041,-5.159,12.2218350504333,2.9265360069542963,0.007509028706575514
CCC(C)N(CC(=O)N1CCN(c2ccccc2)CC1)C(=O)c1cccc(F)c1,-7.069,-5.156,3.3459003272661896,8.119538964744242,0.09313852199468839
Cc1ccc(Cl)cc1CC(=O)C1(C)CCCC1,-6.621,-4.882,12.364759722695789,2.9500783040455048,0.006854834299520464
COC12CCC(=O)N1c1ccc(C#N)cc1C2N(C)C(=O)O,-6.869,-4.946,3.5730542956971703,7.036161737765839,0.1751400289656794
CCC(NC(=O)c1ccc(S(C)(=O)=O)cc1)c1ccc(C)cc1,-6.614,-5.379,4.857205266405776,2.9894790516074874,0.5821502118037147
CC1(C)CC(=O)N2C(=O)CC(=O)C(=C(O)c3ccccc3)C2C1,-6.923,-5.222,4.495887565320112,6.756177025507843,0.16790732861655155
OOC1(c2ccccc2)C=CC=CN1,-5.834,-5.794,12.638235240728825,2.8016518341863965,0.005840507934589433
Nc1ccnc(C(c2ccccc2)c2ccco2)c1,-6.735,-4.871,4.40586892678391,8.629758107849836,0.05491451252983088
Cc1nnc(SCC(=O)Nc2ccccc2C(=O)c2ccccc2)nc1N,-7.259,-6.208,3.365532647293739,3.512496975087666,0.7896641781265016
CNC1CCN(C2=C(C(=O)c3ccc(C)o3)C(=O)NC2)C1,-6.656,-5.498,12.035137805609041,2.7018736091830795,0.008568035811442089
Cc1ccccc1NC(=O)c1ccc(Nc2ccc(-n3cccc3)nn2)cc1,-7.702,-6.475,4.491456556619467,2.9355990870689412,0.6635973853884958
O=C1CC2(CCCC2)OC1Cc1ccccc1,-6.69,-5.677,12.705709031769931,3.3586381168562958,0.005320534776586159
CCCCOC(=O)c1cccc(N2C3CS(=O)(=O)CC3C(=O)N2C(=O)c2ccccc2Cl)c1,-6.135,-5.634,4.564982913440093,4.295678409750897,0.519919147670608
COC(=O)C1(c2cc(C)nn2C)CCN(C(=O)OC(C)(C)C)CC1,-6.467,-4.235,6.6081302953256005,2.8664992586777336,0.24335801596966802
COC(CNC(=O)c1cc(-c2ccccc2)on1)C(=O)O,-6.969,-5.727,5.0791655810772705,2.9792299340601427,0.5329863763862626
Cc1ccc(-c2ccc(Cl)c(C(=O)Nc3cccc(C)c3C)n2)cc1,-8.403,-6.172,7.321324060578114,10.19363060935602,0.00481152283001171
CCCCCNC(=O)c1ccc(C(=O)Nc2ccc(C(F)(F)F)cc2)cc1,-7.457,-5.348,7.425320801150614,7.71344598736518,0.0211017379477634
Cc1cc(C)cc(N2CCN(C(=O)c3cc(-c4ccc(C)cc4C)[nH]n3)CC2)c1,-8.658,-7.094,5.429874584187005,3.4728550214484923,0.43193919547129234
CCc1cc(C(=O)Nc2c(Cl)ccc(C)c2Cl)c2cnn(C)c2n1,-7.867,-5.713,3.6266277724630083,9.085363779178024,0.049184541198791135
Cc1cc(N(C)CC(C)C(=O)O)nc(-c2ccco2)n1,-7.321,-5.6,4.315595671515115,3.0097408526316674,0.6946049492034181
O=S(=O)(OCC1OC(CO)C(O)C(O)C1O)c1ccc(Cl)cc1,-6.446,-5.771,4.496995441403071,4.866808091552409,0.44049216198629654
CC(NC(=O)c1ccc2c(c1)NC(=O)C(C)(C)O2)c1ccccc1F,-7.747,-6.06,7.267694889027744,8.083109673881705,0.018492820233918298
Cc1cccc(Nc2cncc(C(=O)Nc3ccc(F)c(F)c3F)c2)c1,-8.083,-6.022,4.351676918154656,9.98755876077833,0.02393013667736228
O=C(NN=Cc1ccccc1OCc1ccc(F)cc1)c1ccc(F)cc1,-8.202,-4.776,6.784208575803076,2.9175916438048684,0.2186264195302911
Cc1ccc(N(C(C)C(=O)NC(C)c2cc(C)c(C)cc2C)S(C)(=O)=O)c(C)c1,-7.541,-5.04,4.694054430873166,7.651103776580213,0.09163285593965648
Cc1cccc(CN2CC3CN(C(=O)c4cccc5occc45)CC3C2)n1,-7.924,-5.766,3.398912914447794,9.914149131418187,0.030288495181155266
CC(CNC(=O)C1N(C)c2ccccc2OC1(C)C)NC(=O)c1ccccn1,-7.016,-5.251,6.48126762292686,3.1378135699878666,0.2560667539666688
C=CCc1nc(Nc2cccc(OC)c2)sc1C(=O)Nc1cc(C)ccc1C,-7.301,-5.861,7.178329262439833,6.839285562103691,0.04160869811842777
COc1ccc2c(N3CCC(C#N)(N(C)C)C3)ccnc2c1Cl,-6.817,-4.976,7.515139453130594,8.56885394904126,0.011772548958163914
CCOc1ccc(C(=O)NC(C(=O)Nc2cc(Cl)ccc2C)C(C)C)cc1,-7.238,-5.623,3.5744449918833547,9.26545978351857,0.04431587593652969
Cc1ccnc(NS(=O)(=O)c2cccc(NC(=O)c3nc(Cl)ccc3Cl)c2)c1,-7.783,-6.662,4.193124014383547,3.2369150436797076,0.7021855973830788
Cc1noc(COC(C)C(=O)Nc2ccccc2C#N)n1,-7.409,-5.767,12.782894077633594,2.9882754223799384,0.005262263137058996
COc1ccc(CNC(=O)C(C)Oc2ccc(NC(=O)c3ccccc3Cl)cc2)cc1,-8.169,-6.117,8.300196865135188,8.900547848306866,0.005905864368230185
CCOC(=O)C1C(C)=NN(C(=O)c2ccccc2)C1c1cccnc1,-6.975,-5.139,7.417676523009075,2.811033084116941,0.1505341051349414
COc1ccccc1CCC(=O)Nc1cc(Cl)c(NC(=O)c2cc3ccccc3[nH]2)cc1OC,-7.701,-6.472,4.607537954265814,3.2793502405202166,0.6189785663586873
Cc1nn(CC(=O)Nc2ccccc2Cl)c(C)c1[N+](=O)[O-],-6.513,-5.241,4.325774034782676,3.248084050636621,0.6770374231227996
Cc1cc(C(=O)NCc2ccc(Cl)cc2)c(C)n1-c1ccccc1NC(=O)C1CC1,-7.137,-5.769,4.7812455490175365,6.793975787416378,0.149042223597897
Cc1cccc(NS(=O)(=O)CCC(=O)N2CCN(Cc3csc(C(C)C)n3)CC2)c1,-7.413,-5.937,4.0920784449958925,3.4244640456573636,0.7039802349751152
Cc1ccccc1NC(C)c1ccccc1NC(=O)C(C)CC(C)C,-6.823,-5.465,7.443558356055253,8.716260436678105,0.011221620252435663
CCC(Oc1ccccc1)C(=O)Nc1n[nH]c(C(C)C)n1,-6.559,-5.478,3.875177157240685,9.335723110718313,0.04027512545846946
Cc1c(C(=O)OC(C(=O)c2ccccc2)c2ccccc2F)oc2ccc(Cl)cc12,-7.323,-6.9,3.294714251646112,3.377091796205724,0.8106204979882758
Cc1ccc(CN(C(=O)c2cccc(-c3cccc(CN(C)S(=O)(=O)c4ccccc4)c3)c2)C2CC2)s1,-6.979,-5.76,5.0941271087400235,3.812347701876102,0.4759460791929858
NC(=O)c1ccc(NC(=O)Cn2cnnn2)cc1,-7.067,-5.146,8.031433060170519,11.348538628387356,0.0015131022327688215
COc1ccc(Oc2cc(N(C)Cc3cccnc3)ncn2)cc1,-6.875,-5.487,8.16417674967905,8.99529538147581,0.006056756024720683
CCOc1cc(-c2ccco2)c(N=C(N)N)cc1Cl,-6.67,-5.543,12.494072714691555,2.9992123966134843,0.006297576389138371
O=C(CNC(=O)c1cccc(Cl)c1)OCc1nnc(-c2ccc([N+](=O)[O-])cc2)o1,-6.166,-5.051,5.260691019248325,2.9567972537866045,0.4933088175602092
CC(c1nc2ccccc2s1)S(=O)(=O)N(C)CCN1CCN(C)CC1,-6.067,-5.355,4.2664580157315495,3.0955571388685437,0.6986529062006689
CC(C)(C)c1nc(C(=O)NC2Cc3ccccc3C2)n[nH]1,-7.195,-5.692,4.685252394482074,4.821229822358606,0.421145518176935
O=C(Nc1cccc(Br)c1)c1ccnc(C(=O)NCc2ccccn2)c1,-8.297,-6.007,4.6232223610810665,3.1896971643088645,0.6216484511822895
Cc1nn(-c2ccnc(NCc3c(C)nn(C)c3C)n2)c(C)c1C,-7.512,-5.706,4.099871827264847,3.5508197645050923,0.6905803451085043
CS(=O)(=O)N1CCc2cc(NC(=O)COc3ccccc3C#N)ccc21,-7.814,-6.428,4.710282687907383,2.9249958974330212,0.61758110614457
CCOC(=O)C(Cc1c(OC)cccc1OC)C(=O)O,-5.8,-4.444,7.555773752568296,2.9120058379062366,0.13737079880252062
COC(=O)c1ccc(C(=O)NC(C)c2ccc(SC)nc2)cc1,-6.683,-5.264,9.008295565754935,9.138997209759943,0.0032785537958078086
Nc1noc(-c2ccc(Cl)nc2)c1-c1nc(-c2ccccc2)cs1,-7.126,-5.813,4.485306901428262,3.437893831984926,0.6315486609680968
CC(c1ccccc1)N(C(N)=O)c1cccc(Oc2ccccn2)c1,-7.873,-5.226,5.822640895676119,3.062405263840826,0.3712333084402656
CCOc1ccc(N(CCO)C(=O)CCCCl)cc1,-5.514,-3.92,6.4772097387686935,3.022440900993764,0.2593644479859301
Cc1cc(N=Nc2nc3nonc3nc2N)ccc1O,-6.866,-5.423,5.180981374218594,2.9878870460577986,0.5098188535788375
COc1ccccc1NC1=C(c2cccc([N+](=O)[O-])c2)C(=O)N(c2ccccc2)C1=O,-6.978,-6.043,6.342919674723936,3.0816044522293904,0.2786334804985123
Cc1cc(C)nc(Nc2ccc(NC(=O)c3ccco3)cc2)n1,-7.288,-5.463,5.500426347111648,3.2346545410599874,0.42969811337752606
CCCC1(C(=O)NCC2(C(C)C)CC2)CCN1,-5.291,-4.135,4.536038580082845,7.420502813152218,0.11123632136246246
CC(C(=O)NCC1CCCCC1)N(Cc1ccc(F)cc1)C(=O)CN(c1ccc(F)cc1)S(=O)(=O)c1ccccc1,-6.115,-5.933,3.71187769195053,5.6290536504815805,0.3777996830399691
CC(c1nnnn1C)N(CCCN1CCOCC1)Cc1cccc(Cl)c1,-6.685,-5.507,12.134281272494057,2.9933548069014466,0.007889291619189349
Clc1cc(Cl)nc(NN=Cc2ccc(Cl)c(Cl)c2)n1,-7.033,-4.876,8.097094849388883,3.132500917797152,0.09662671254677169
NC(=O)c1cccc(Cl)c1Nc1ccc(N)c(F)c1,-6.563,-5.291,12.507392813852134,3.031623492454167,0.006228286671014108
CC(Cc1cnc[nH]1)NC(=O)c1cccc2c1CCNC2,-6.864,-4.959,7.343369390136928,9.528673937122626,0.0071900389750617555
CC(Cl)(Cl)C(=N)N,-3.819,-3.792,13.750276251770362,2.870262008946222,0.002900965072016542
CCOC(=O)C(C#N)=NNc1cc(Cl)c(NCc2cccnc2)c([N+](=O)[O-])c1,-6.826,-5.554,5.495640181089005,3.037088243696585,0.43896741942425005
Cc1cccc(N(Cc2cc(C(=O)O)oc2C)CC(C)C)c1,-6.765,-5.167,4.7747114048913994,2.9518550099894822,0.6021828464811974
Cc1cccc(N)c1NC(=O)C(C)(C)C,-5.527,-4.744,12.72796692327569,3.1613936800088656,0.005361678123685348
COc1cc(C(=O)NC(C)c2cc(C)ccc2C)cc(Br)c1OC,-7.418,-4.765,4.752992110239612,9.43876522644779,0.029610465005367636
O=C(CCC1CCCCCC1)Nc1ccc(C(=O)C(=O)O)cc1,-4.93,-4.228,5.372104615511503,3.0703802696083096,0.4642257963705746
CCCCc1ccc(C(=O)NCC(=O)NN=Cc2ccccc2)cc1,-7.117,-5.599,7.490596237950621,8.347141666462838,0.013713061482965869
CCc1ccc(NC(=O)CC(=O)NC(C)c2ccc(Cl)cc2Cl)cc1,-7.066,-5.604,4.578475401266234,3.3859053442174085,0.6171523932993713
COc1cc(NCC(=O)Nc2cccc(-c3nc(C)no3)c2)ccc1[N+](=O)[O-],-7.865,-5.979,5.0894377882041155,3.21247147847261,0.5193773725411476
CC(=O)C(NC(=O)CC(=O)NC1CC1)C(C)=O,-6.211,-4.724,7.090783948196419,3.0053241089772658,0.18081911555967112
CC1Cc2cc(S(C)(=O)=O)ccc2N1CC(=O)N(C)Cc1ccccc1F,-7.317,-6.34,3.937053847739448,2.968811209895301,0.7635536852832675
N#Cc1ccc(N(C(=O)Cn2nnc3ccccc32)C(C(=O)NC2CCCCC2)c2ccc(Cl)cc2)cc1,-7.95,-5.679,7.307478977048103,6.8173177276697325,0.03898393222493649
COC(=O)c1cccc(-n2nc(C)c(C3C(C=Cc4ccccc4)NC(=S)N3CCCN(C)C)c2C)c1,-6.824,-5.572,4.34791214262662,8.347658953263485,0.06652698715043563
Cc1cc(C)cc(C(=O)OCC(=O)N(c2ccccc2)c2ccccc2C)c1,-6.798,-5.333,7.457666256946608,6.955891675407258,0.03276444534148557
O=C(Nc1ccc(F)cc1)c1ccc(C(=O)N2CCCC2)cc1,-7.185,-5.264,6.708131930724082,3.0313277618891714,0.2265594516600176
O=C(c1cccc(F)c1Cl)N1CCN(Cc2ccc(Br)cc2)CC1,-6.767,-5.134,4.792906112162015,3.1007000822394932,0.590600440469021
CC(c1c(F)cccc1F)N1CC(CS(C)(=O)=O)CC1=O,-6.648,-5.023,5.878264199574564,2.9329432316361,0.36439197285678915
NCc1cc(Br)c(Nc2ccoc2)c(Br)c1,-5.642,-4.653,12.473060450426752,2.9792324514881345,0.00639130217446118
COc1ccc(C#Cc2nc3ccccc3nc2Cl)cn1,-6.758,-5.632,7.340356939550012,8.900257243473359,0.010656597293122579
COc1ccc2c(CC(C)(C)C)[nH]nc2n1,-5.92,-4.911,12.63825545714281,2.931666079211614,0.005786119122403911
Cc1c(N)cc(Cl)cc1S(=O)(=O)Nc1cc(Cl)ccc1Cl,-6.771,-4.705,12.728776296250949,3.145425090508436,0.0053673525466020645
Cc1cccc(N2C(=O)C(c3ccc(Cl)cc3)=C(c3ccc([N+](=O)[O-])cc3)C2=O)c1,-7.953,-6.315,4.638960012761481,3.0348805577814764,0.6273984010266264
Cc1occc1C(=O)Nc1cccc(C(C)NC(=O)Cc2cccc3ccccc23)c1,-8.381,-6.926,4.395245271881876,3.7122217067411265,0.6227530179942543
Cc1nn(CC(F)(F)F)c(C)c1CC(=O)NC(C)(C)Cc1ccc(F)c(Cl)c1,-7.323,-5.771,4.190667369286185,3.94075969833229,0.630687660879497
COc1ccc(S(=O)(=O)N(CC(=O)NC(C)c2ccc3c(c2)CCCC3)c2ccc(C)cc2)cc1OC,-7.225,-6.464,4.555718494376052,3.056514518205337,0.643734369585957
CCOCCOc1ccc(NC(=O)c2c(C)nn3c(C)cc(C)nc23)cc1,-7.315,-5.488,7.344299149680654,10.117229858019437,0.004976707574818007
CNC(=O)C(C)N(Cc1cccc(Cl)c1)C(=O)CCCN(C)S(=O)(=O)c1ccccc1,-6.318,-5.416,4.93379306416473,2.849612078862665,0.5711506884039653
CC(=O)c1cc(C(=O)Nc2cccc(C(=O)N(C)c3ccc(C)cc3)c2)n(-c2cccc(C(F)(F)F)c2)c1C,-7.086,-5.634,3.5564877337058247,7.489584834955807,0.1334125212629593
Nc1c(F)cccc1C(=O)N1CC(C(=O)O)C1,-5.663,-5.194,12.31395407657508,3.010037541294128,0.0070415556050649674
COC(=O)C(C)OC(=O)C(Oc1ccccc1O[N+](=O)[O-])(C(=O)O)C(=O)O,-6.492,-5.003,6.856567435678,2.943082907428875,0.209041916427068
COc1ccc(S(=O)(=O)N2CCc3ccccc3C2)cc1CN1C(=O)CCCC1=O,-7.736,-6.299,4.451341483193578,4.842892524101687,0.45080445215619513
CN(Cc1ccco1)c1ccc(C(=O)NCC(O)c2ccco2)cc1,-6.939,-5.375,7.444969173878425,10.547492687838186,0.0035778637753378587
CC(C(=O)N1CCOC(c2ccccc2)C1)N1CCN(C)CC1,-7.191,-5.56,4.899208201332129,3.6086744103617883,0.5333167482570935
Cc1ccc(C(=O)c2ccc(C=Cc3nnc(-c4ccc(Cl)cc4)o3)cc2)cc1,-8.899,-6.888,7.315871034948606,9.122363345098682,0.009418976483928202
CC(C)OC(=O)C(C)n1c(=O)n(CCc2ccco2)c(=O)c2ccccc21,-6.801,-5.08,4.65052566921203,5.1613744293550345,0.3713433923494903
Fc1ccccc1C(C=Cc1ccco1)c1nnc(-c2ccc(Cl)cc2Cl)o1,-7.978,-6.438,7.518856096508298,9.337655540873202,0.007278315683305287
CC(=O)c1c(C)[nH]c(C(=O)OCC(=O)Nc2ccc(C)cc2C)c1C,-7.61,-5.963,4.441178222048738,2.854881083337799,0.6779278130589113
COc1cc(C)c(C(Cl)C(=O)NC2CC2)c(C)c1,-5.758,-5.087,8.716822184718465,8.684141523489815,0.005216993216722533
CN(Cc1cccc(F)c1)C(=O)c1cc(Br)ccc1Cl,-6.887,-4.374,9.222968827877496,12.477986295873224,0.00035639065796404023
CCOc1ccc(-c2nc3ccc(Cl)cc3cc2C(=O)Nc2cc(C)on2)cc1,-7.347,-6.115,6.93687962992007,7.708569127925103,0.028421516276870003
CNc1cc(Cl)nc2c1C(c1ccc(NC(=O)CC(C)(C)C)cc1)N(c1ccccn1)C2=O,-7.125,-5.838,4.722773020165165,6.516394248355452,0.17907646891796006
C=CC=CC[B-]1(C)B(CC)OC(C)(C)C1(C)C,,,,,0.0
CC(Nc1ccc(C(=O)Nc2cc(Cl)cc(Cl)c2)nn1)c1ccc(F)cc1,-7.986,-6.33,4.939790380167968,3.4026251630175204,0.5402620144307427
CCc1nc(CN(C)Cc2ccc3c(c2)nc(C)n3C)oc1C(=O)OC,-6.471,-5.474,4.97724863755067,3.024094905918132,0.5537729035507606
Cc1ccccc1CSc1nnc(CNc2ccc(Cl)cc2)n1C(C)C,-7.257,-5.808,4.331477115257566,3.5383681266934337,0.6517567678659852
CCN(C1C=CC(C(=O)c2ccccc2C(F)(F)F)=CC1C)S(=O)(=O)c1ccccc1,-6.994,-5.357,7.804504020115563,7.542145450732172,0.01858015505480239
COc1ccc([N+](=O)[O-])cc1N(CC(=O)N(Cc1ccccc1F)C(Cc1ccccc1)C(=O)NC1CCCCC1)S(C)(=O)=O,-6.207,-5.817,4.7915936806035635,2.997164159668269,0.5962729871412682
CCCCN(C(=O)C(NC(=O)OC(C)(C)C)C(C)C)C(C(=O)Nc1ccccc1C)c1ccccc1C,-6.186,-4.585,4.02368997314654,5.934237861764558,0.30332140424096016
CN(C)S(=O)(=O)c1ccc(-c2ccc(C=C3NC(=O)N(Cc4ccc(Cl)c(Cl)c4)C3=O)o2)cc1,-8.743,-6.775,7.511993743341376,3.4077542458340506,0.13430579566807171
N#Cc1ccccc1Oc1ccc(NC(=O)c2cccc(OCC(=O)O)c2)cn1,-7.99,-6.355,8.308857502689525,8.298188898789904,0.008540113507355921
CCOC(=O)CN(CC)c1ncc(C=CC(=O)O)cn1,-5.479,-4.605,7.33799345870518,2.9393068910884423,0.15654723637431575
Cc1ccnc(NC(=O)c2ccc(OCC3CCCNC3)c(F)c2)c1,-7.17,-5.88,4.214336128027758,2.9000601717895433,0.719859472511006
CCN(CCC(=O)Nc1cccc(Cl)c1C)c1ccccn1,-6.351,-4.648,4.461618652462354,5.312847259238684,0.3688973654473128
COc1cccc(C(=NOc2cccnn2)C2CCCC(C(F)(F)F)C2)c1,-7.686,-5.622,3.5932886051637993,3.3753130225210226,0.7794389833622561
CCN1C(=O)CC(NC(=O)c2cccc(NC(=O)c3ccc(C(F)(F)F)cc3)c2)C1=O,-8.018,-6.428,4.390386771117096,3.0587188494531494,0.6771468033071599
Fc1ccc(CNC2CCCN(c3ncccn3)C2)c(Br)c1,-7.39,-5.255,12.58282738497195,3.2739269997970335,0.00580195229144351
Cc1onc(-c2cccs2)c1-c1nnc(SC(C)C(=O)NCc2cccc3ccccc23)o1,-6.239,-6.833,7.93589906689847,8.932278208833399,0.007252981883825948
NC(=NNC1NC(=O)C(c2ccc(Br)o2)=C(N)N1)c1ccc(Br)cn1,-7.341,-6.0,4.762358554329985,2.855044833273201,0.6092972215807525
CCC(C)CN(CC)C(=O)C(C)Sc1nnc(-c2ccc(F)cc2)n1C,-6.052,-4.728,4.78332488965573,8.247714168180176,0.06143169785931742
COc1ccc(NC(=O)CC(Cc2c[nH]c3ccccc23)c2ccc(CC(N)=O)cc2)cc1,-7.756,-6.276,5.3759365695662735,3.224744486001953,0.45647871980945975
O=C(CC1C(=O)NC(c2ccc(Cl)cc2)NC1=O)Nc1ccccc1Sc1ccc(Cl)cc1,-6.695,-7.117,5.340036423096756,3.55744922662292,0.44519940673743313
CCCCCCCCCCCCCC(=O)OC(=O)c1ccc(Br)c(NS(=O)(=O)c2ccc(CC)cc2)c1,-6.461,-4.674,4.885435190441072,2.861687264534683,0.581548529849561
CCC(CC(=O)N(C)Cc1ccc(C)o1)N(C)c1ccc(C#N)c(Cl)c1,-7.01,-4.885,4.237735834145399,3.176471470043451,0.6985239660024188
Cc1cccc(NC(=O)c2ccccc2NC(=O)CSc2ccc(F)cc2)c1,-6.679,-5.696,4.755359607853016,5.900713261970963,0.24952241524054172
Cc1oncc1NC(=O)C1CC1C(=O)NCc1ccccc1Cl,-7.486,-5.837,9.478701282348759,4.781188659737241,0.028586931477039335
COC(=O)c1cc(C(=O)O)ccc1NC(=O)c1coc2ccccc12,-7.185,-5.914,12.208135402263526,2.795654306240312,0.007644725217717735
Cc1noc(C)c1CC(=O)N1CC2CC1CS2(=O)=O,-6.89,-5.101,5.240085209230856,2.7996580148296695,0.5036255331723042
N#Cc1ccc2cnn(C3CC3)c2c1,-6.691,-4.731,12.56846354969453,3.2833222504043063,0.005848138934387552
CCCC1(C)NC(=O)N(CCCOc2cccc(C(F)(F)F)c2)C1=O,-7.455,-5.103,3.8476742325721913,9.529582467243777,0.035879360931750995
CC(C)Cc1cc(C(=O)Nc2cnn(C(C)C)c2)n[nH]1,-6.178,-5.024,12.343316491121826,2.835873234120312,0.0070062538673792505
CC(NC(=O)c1ccc2c(c1)OCO2)c1ccc(OCc2ccccc2F)cc1,-7.612,-6.717,4.199707251702195,3.1801160356188256,0.7051561476220066
Cc1c(C(=O)O)cccc1C(=O)NC(=S)Nc1ccc(Cl)c(C(=O)N2CCCC2)c1,-7.307,-6.272,4.575288078361843,3.195493389134141,0.6312429419673481
Cc1cn(CC(=O)Nc2cc(C(F)(F)F)ccc2Cl)cn1,-7.397,-5.208,6.9375769545281445,8.472060316121457,0.017726327574365937
Nc1csc(NN=Cc2ccccc2C=CC(=O)c2sc3ccccc3c2Cl)n1,-6.509,-5.741,5.56570669367332,3.604473193131002,0.39675557098121156
O=C(Cn1ccccc1=O)Nc1ccccc1OCc1ccccc1,-6.768,-5.707,8.84579063735967,12.929204499890934,0.0003399992603513152
CCOC(=O)C1=NN(C(=O)CN2CCCC2=O)CC1c1ccc(Cl)cc1,-7.152,-4.944,4.393351909419503,5.644414850097395,0.32083056141709804
CC(C)(Cl)CCC1CCCCC1[N+](=O)[O-],-5.226,-4.328,11.164747780402386,8.685804741070339,0.0011313095673195473
C=C(C)C(=O)OCCCCCCN,-5.042,-3.744,12.542428831769387,3.03362324621895,0.006092342079402131
O=C(c1ccc(Cl)o1)c1cc2ccccc2o1,-7.258,-4.982,4.58975576692268,7.373056082792264,0.11251563375852558
Cc1nn(C)c(C)c1NC(=O)c1ccoc1C(=O)OCC(=O)NCC(=O)Nc1cccc(Cl)c1C,-8.762,-6.079,3.894806028546223,3.2839240246997212,0.7473026282845365
CCOc1ccc(S(=O)(=O)N2CCN(c3ccc4n[nH]c(=O)n4n3)CC2)cc1,-7.787,-5.629,5.626186097170977,3.6780649803939016,0.38049083702079756
CCNc1nc(-c2cccc(C)c2)ncc1C(=O)N(C)C(C)c1ccccc1,-7.816,-5.492,7.585475067522138,9.726352553758268,0.005483145885973899
O=C(Cc1ccc(O)cc1Cl)N1CCc2ccccc21,-7.101,-6.104,13.001174946903836,3.31292408606053,0.004447396412503957
Cc1ccc(C(=O)N(C)c2ccccc2)cc1NC(=O)c1ccc(OCC(=O)N2CCCC2)cc1,-8.249,-6.551,4.73646978244346,9.21972689400288,0.034146028500008425
CC(C)N(CC1CCCO1)C(=O)C=Cc1ccc(Cl)cc1Cl,-6.877,-4.828,4.556163846922101,3.5558364698056626,0.6075124617098852
O=C1NCc2cc3[nH][nH]c(=O)c3cc21,-6.805,-5.219,12.97020111640525,3.0461679205191565,0.004658043051548652
O=C1CCCC(O)(C(=O)Nc2cccc(Cl)c2Cl)C1,-6.749,-5.273,7.431446830866785,3.076857325259005,0.1461969279159508
O=C(Nc1cccc(C(F)(F)F)c1)C1C(c2ccc(Cl)cc2)=N[N+]1=Cc1cccc(Br)c1,-8.044,-6.348,4.367026219293858,5.024313087378215,0.43018305386700945
N#Cc1ccc(S(=O)(=O)N2CCCC(Nc3ccc(C#N)c(C(F)(F)F)c3)C2)cc1,-8.327,-5.72,3.4130602104270005,4.386500427447831,0.6526421145742822
Cc1ccc2[nH]c(SCc3cc(F)cc(F)c3)nc2c1C,-7.586,-5.92,8.577108020772503,8.744215345015242,0.0054816247650787235
CC1=C(C(=O)C=Cc2cccc([N+](=O)[O-])c2)C(=O)CC1(C)C,-6.977,-6.187,5.136656986795984,3.0541601136810104,0.5168087869862326
Cc1ccc(C)c(C(O)=C2C(=O)C(=O)N(c3ncccn3)C2c2ccco2)c1,-6.812,-5.914,7.492665747249104,3.0721010725560443,0.1408988163463919
CCOC(=O)C=C(C)c1ccccc1C(F)(F)F,-6.024,-4.43,12.753225395953763,3.5223374341479543,0.00505493664065397
CCC1(CNC(=O)c2nc(Cl)cc(C)c2C(=O)O)CC1,-6.338,-5.507,12.288104247604673,3.00357137421437,0.007160112167097922
O=C(NCc1ccccc1N1CCN(C(=O)Cc2ccc[nH]2)CC1)c1ccco1,-7.525,-5.754,3.923693540530402,2.8915929865733174,0.7702232413615939
COc1cc(-n2ccc(=O)[nH]c2=O)cc(C)c1OC(C)C,-6.311,-4.985,5.788754097385723,3.3271955157459563,0.3677479342857613
Cc1ccc(Nc2ncnc(NNC(=O)c3cc(Br)cc([N+](=O)[O-])c3)c2N)cc1C,-8.421,-6.246,5.1219165358291425,3.3777374083844953,0.5027265894567404
CC(C(=O)NC1CC1)n1ccccc1=O,-5.637,-4.749,12.50159201861907,2.8973556909706484,0.006318427265622213
N=C(CCN=C(N)N)N1CC(F)CC1C(=O)NCc1ccsc1,-6.75,-5.022,7.426853640674494,3.173411098486926,0.1452671143034116
Cn1c(COc2ccccc2Cl)nnc1C1CCCN1C(=O)c1cccc([N+](=O)[O-])c1,-8.106,-6.347,5.142630163641948,4.784835524863943,0.35695295087394735
O=C(Nc1ccccc1)Nc1ccc(NC(=O)c2ccc(-c3cc4ccccc4oc3=O)cc2)cc1,-8.236,-7.032,7.275979659124949,9.283720105647305,0.008726443763380456
Cn1ccnc1CC1CCN(Cc2nc3cc(F)ccc3c(=O)[nH]2)CC1,-7.279,-5.657,4.884308548812206,3.1386544887897427,0.568519432316045
Cc1cc(N2CCN(c3ccc(C(=O)O)cc3)CC2)nc(C(C)C)n1,-7.159,-5.526,7.3162578549419655,9.281177996353698,0.008529325768744902
Cc1noc(-c2ccccc2F)c1C(=O)Nc1cccc(S(N)(=O)=O)c1,-8.047,-6.3,6.204120888570757,2.933737207044967,0.30506292534534507
CCn1ncnc1CN1Cc2cnn(-c3cccnc3)c2-c2ccc(Cl)cc21,-8.267,-5.068,5.593604026028299,3.1212835500799994,0.41514722822212274
COc1cccc(Nc2ccc(C(=O)Nc3ccc(C)c(Cl)c3)nn2)c1,-7.895,-6.091,4.6487599421781285,3.305972776657424,0.6085910397839694
CC(NC(=O)C=Cc1cccc([N+](=O)[O-])c1)c1ccc(S(N)(=O)=O)cc1,-7.185,-6.708,4.970593626519873,2.9299457332858574,0.5595131571141542
COc1cc2c3c(c1I)OCCN3CCC2,-5.687,-4.858,12.984064271251896,3.2586541700524156,0.00452271126995687
COC(CNC(=O)CN(c1c(Cl)cccc1Cl)S(=O)(=O)c1ccccc1)c1ccccc1,-7.234,-5.211,5.068136245208883,3.4911582605204243,0.506750886615969
N#CC1=C(O)C(=Cc2ccc(CCCCCC(F)(F)F)cc2)NC1=O,-7.104,-4.9,8.113960007296066,8.123386178189486,0.010736181614300278
CCC(CCCCC=CCCCCSc1ccccc1)C(=O)O,-4.937,-4.19,8.035401296761725,8.472042138705403,0.009080604870250916
Cc1cc(C(=O)NCCOc2ccccc2)ccc1N(Cc1ccc(Cl)cc1)S(C)(=O)=O,-8.271,-5.545,4.448701945511747,9.384688433826666,0.03388293456127498
CC(NC1CCCN(C(=O)OC(C)(C)C)C1)c1nccn1C,-6.263,-4.77,7.576277054068178,2.969421997628494,0.13505298113818048
Cc1cccc(C)c1NC(=O)CNC(=O)C(N(C)Cc1ccc(F)cc1)C(C)(C)C,-6.761,-5.45,8.776938019605698,12.552230120580168,0.000449161129975805
N#CC(=Cc1cnccc1N1C(=O)c2ccccc2C1=O)C(=O)NC(N)=O,-6.933,-5.894,3.945349287452253,7.615284105008821,0.11534404162756574
Cc1cc(C)c(NC(=O)C(C)Sc2n[nH]c(C)n2)c(C)c1,-7.145,-5.604,4.858426288418915,3.7712923514360432,0.5272744871481434
COc1cccc2c1CC(C(=O)O)N(S(=O)(=O)c1ccccc1F)C2,-7.334,-5.438,6.486644972557077,3.560060252299112,0.2426081855313123
Cc1cc(NS(=O)(=O)CCNC(=O)c2ccccc2Br)on1,-7.09,-5.745,4.686825044739776,2.89309280874292,0.6241849169047922
O=C(OC1CCCCC1)C1CCCN1,-5.861,-4.856,12.728259425388847,2.9551023670932284,0.0054596250666496034
Cc1cc(C)nc(SCC(=O)Nc2ccc3oc(Cc4ccc(Cl)cc4)nc3c2)n1,-8.463,-5.712,7.207059178333421,7.343689876349628,0.030197645665979538
CCCNC(CC(OC)C(F)(F)F)c1ccoc1C,-5.821,-3.988,13.305443848290068,3.1098905125422016,0.0037558420458573536
O=C(O)C1(Cc2ccc(Cl)cc2)CCC1,-6.332,-4.453,12.505247898382502,2.9651187160044703,0.006271150180637177
CN(CC(=O)NCc1ccco1)C(=O)Cn1ncc2c1C(=O)N(Cc1ccco1)C2,-7.219,-5.404,7.404579393861612,2.992940193187963,0.149689637430708
CC1(C)CC(=O)NC(Nc2cc(Cl)ccc2Cl)=N1,-6.954,-4.934,11.61724605920009,9.172665643094161,0.0006297331858613391
CC(C)(C)C(=O)NCCCC(=O)N1CCC(c2ccc(C(F)(F)F)cc2)C1,-6.99,-5.31,8.478622588604827,8.219931934024759,0.00806837352360947
O=C(OCCNc1ccccc1S(=O)(=O)c1ccccc1)c1ccsc1,-6.265,-4.988,4.498557435445279,4.244546147705312,0.538367921550612
Cc1ccc(C)c(NS(=O)(=O)c2cc(C(=O)N3CCCCCC3)ccc2Cl)c1,-5.621,-4.559,4.3581788627820215,4.048261108179659,0.5890227109384171
CCc1ccc(CCC(=O)N(CCc2ccccc2)C(CC(=O)NC(C)C)C(=O)NC2CCCC2)cc1,-6.326,-5.329,4.491140723691476,3.83169492522565,0.5921796971792164
CC(=O)NCc1ccc(NC(=O)CN(C)C(C)c2ccc(Cl)c(Cl)c2)cc1,-6.994,-5.095,4.360226943634929,7.993781708303024,0.08251981736426092
CCc1ccc(-c2cccc(C(=O)OC)c2)n1Cc1ccc(COCSC(C)C)cc1,-6.147,-4.685,4.264599981240914,10.271151688101973,0.020532610282864974
CCOC(=O)CN(C)c1nc(C(N)=O)nc(-c2ccco2)c1C,-6.206,-5.338,12.505197759331917,3.1189935876817705,0.0061879058098832694
Nc1cnc(C2CCC(=O)N2c2ccccc2Cl)cn1,-6.943,-5.305,12.159544933919197,3.047236617002362,0.0077302406594087734
COC(=O)c1ccc(C2C(C(=O)c3ccccc3)=C(O)C(=O)N2c2nnc(C)s2)cc1,-6.781,-5.296,7.635542678814651,6.338228459120105,0.0421588917103061
CCn1ncc(S(=O)(=O)Nc2cnc(Cl)cc2C)c1C,-6.051,-4.81,12.457504766204186,2.8487523584895897,0.006517813220401332
O=C(NC1CC(=O)N(Cc2ccc(F)cc2)C1c1cccnc1)c1ccco1,-7.786,-5.642,3.5161838689124325,4.417534380171817,0.6378183076725424
O=C(Nc1ccnc(Cl)c1)c1ccc(Cl)c(S(=O)(=O)N2CCCCC2=O)c1,-7.528,-6.028,6.511531002767321,3.0020096602109723,0.2547141384007032
CC(Cc1ccc(OC(C)c2ccccc2)cc1)C(=O)NC(C)c1ccc(F)cc1,-7.716,-5.941,7.333503664688522,7.969857025066385,0.019056108693617846
O=C(Nc1cccc([N+](=O)[O-])c1)C1CCN(c2ccncc2)C(=O)C1,-7.118,-5.632,5.269480904225765,2.971071860457097,0.4907948082386779
CCc1ccc(COC(=O)C23CCCC2CCC(C(F)(F)F)C3)cc1,-7.813,-4.885,4.274569685945006,9.380474401649419,0.03570412409658277
O=C(c1c(F)cccc1Cl)N1CCCC(c2noc(-c3ccc(F)cc3)n2)C1,-7.919,-6.817,4.710991721495591,3.5688454715776077,0.5753849793800603
CC1C[N+]2(Cc3cccc4cccc2c34)CN1c1ccccc1,-7.775,-6.012,4.837857480331557,5.398169411939571,0.31178824696667495
Cc1ccccc1C(C)NC(=O)CN(c1c(C)cccc1Cl)S(C)(=O)=O,-6.757,-4.295,6.642754097511062,3.140698966790673,0.2330763307593237
CC(C)(C)NC(=O)Cc1ccc(CNc2ccc(Br)cc2)cc1,-6.615,-5.433,7.198256038791619,7.632312493602447,0.025455266149988175
Nc1ccc(CN2CCCC2CC(=O)O)cc1[N+](=O)[O-],-7.153,-4.82,8.116065426054671,7.9563864285239445,0.011887117952025667
CCCC(C(=O)c1ccccc1)N1CCN(c2ccccc2)CC1,-6.695,-5.148,4.655863937015342,3.506090415263134,0.591872221730401
CCOC(=O)CCCNC(=O)Nc1nc(-c2ccccc2)cs1,-6.101,-4.824,4.226044367963971,3.1735697565990253,0.7008593151857564
COc1ncc(NC(=O)Oc2ccc(N(C)C)c(C)c2)nn1,-6.7,-4.99,4.310112411527105,3.0069181897750394,0.6958220596503782
Cc1cccc(SC(C)C(=O)NC(C)c2ccccc2)c1,-7.231,-5.501,8.505160609888563,9.02791476477265,0.004804286763942146
COC(=O)c1ccc(NC(=O)CC2SC(=Nc3cccc(Cl)c3Cl)NC2=O)cc1,-7.612,-5.972,7.475501588522338,8.386062425238677,0.013509974696245894
O=C(O)c1ccc(-c2ccccc2-c2nnnn2-c2cc(C(F)(F)F)ccc2Cl)o1,-8.929,-6.16,5.422359449538549,3.0493012314299164,0.4542051018424505
CC(C)N(CC(=O)N(CCc1c[nH]c2ccccc12)Cc1ccccc1)C(=O)Nc1ccccc1Cl,-6.66,-5.004,4.625044216004859,6.705891961551424,0.16585836436895623
CCNC(=O)C(=O)Nc1c(C)cccc1C,-6.235,-4.961,12.635903845788,3.1034962542268354,0.005710805245885981
COCc1nccc(C(=O)N(Cc2nccs2)C(C)C)n1,-6.389,-4.473,6.308376732567578,2.80355381614122,0.2904016015049487
CC(Nc1ccncc1)c1ccc(-c2ccccn2)s1,-6.711,-4.861,13.007069039564602,3.2192157430032546,0.004477017194280196
CC(F)c1nc2ccccc2n1-c1ccc(NS(=O)(=O)c2ccc(C#N)c(F)c2)cc1,-8.378,-6.248,7.227975165978366,8.854243333001413,0.011739458465668085
Nc1nnc(NC(=O)Nc2cc(Cl)c(Cl)cc2Cl)n1N,-6.762,-5.19,5.057130213866358,4.3389607050536885,0.42776880906478143
CC1CCC(C(=O)Nc2ccccc2Cl)C(C(=O)Nc2cccc(Cl)c2)C1,-7.343,-5.814,3.743922809033327,7.432211312926994,0.13406468365532953
Cc1cc(CNCc2nc(C(C)C)no2)on1,-6.851,-5.155,12.23305579158372,2.872613096119977,0.007486561342986817
Cc1cc(C)cc(C(=O)Nc2cc(NC(=S)c3ccc(Br)cc3)ccc2C)c1,-8.087,-6.715,7.593666966624227,9.091288302545465,0.008106776055511654
Cc1cccc(N(C)Cc2ccc(C(=O)Nc3ccc(F)cc3F)cc2)c1,-8.462,-5.91,7.376280770144261,10.158944334919845,0.004755375683543268
O=C(O)c1ccccc1NC(=O)C1(C(=O)NCc2ccccc2)CC1,-7.299,-6.125,4.662827146699736,3.6188210787492676,0.5806973934719539
O=C(c1ccccc1)I(O)c1ccc(O)o1,,,,,0.0
Nc1cc2nc(-c3ccc(Cl)o3)n(C3CC3)c2cc1F,-6.288,-4.814,7.163519456244954,7.42251500503704,0.02955047619777929
COc1cccc(NC(=O)C(C#N)=Cc2ccc(OC(=O)c3ccc(NC(=O)c4cccc(Cl)c4)cc3)cc2)c1,-8.652,-5.907,4.354924568807133,8.213507594201152,0.072148485189114
CC(C)NC(=O)C(C)N(Cc1cccc(Br)c1)C(=O)Cc1cccc(Cl)c1,-5.992,-4.337,3.8107790542092577,7.5787432995187265,0.12112005750397072
O=C(Nc1ccccc1C(=O)O)OCC(Cl)(Cl)Cl,-6.377,-4.539,6.563721657718279,3.06113100013704,0.24587115713982113
CCc1nc(Cl)c(C)c(C(=O)N2CC(C)(C)C2)n1,-6.902,-5.055,12.692137290464519,3.369543886047487,0.005358740133190045
CC1CC(C)CN(Cc2ccc(B(O)O)o2)C1,,,,,0.0
O=C(CN1CCOCC1)NC1C(=O)N(c2cccc(Cl)c2)C(=O)C12CCCCC2,-7.327,-6.011,12.241554027165016,2.9243135946748255,0.007418321443920732
O=C(Nc1ccc(C(F)(F)F)cc1)N1CCC(NS(=O)(=O)c2cc(Cl)ccc2Cl)C1,-7.823,-6.568,4.8685383843613685,2.9210100992636083,0.5827847158194555
C=CC(=O)OCCOCCOCCOC(=O)C(=O)c1ccccc1,-6.036,-4.735,12.102454833627764,3.0039717042608776,0.008040694008424028
CN(CC(=O)NC1CC(=O)N(c2ccc(Cl)cc2)C1=O)C1CC1,-5.857,-4.915,4.658126340064211,3.5845821234838513,0.5846999857196447
CCC(C(=O)N1CCc2ccccc21)N1CC(=O)NC(=O)C1c1ccc(Cl)cc1,-7.17,-5.802,3.977619765638742,8.509075742993478,0.0659729689747978
Cc1ccc(CS(=O)(=O)N2CCc3ccccc32)cc1,-7.216,-5.741,13.150009619768344,3.097724487426214,0.004143692985393234
C=CCNC(=O)c1ccccc1NC(=O)c1cccc(NC(=O)CC(C)C)c1,-7.571,-5.83,8.22730046856197,8.859434914259486,0.006338775002256392
COC(=O)c1ccc(CS(=O)(=O)N(C)Cc2ccc(Cl)cc2)cc1,-6.449,-4.442,7.638530356030537,3.081325201922057,0.1287638259108352
CCOC(=O)c1c(C(=O)OCC(=O)NCc2ccccc2C(F)(F)F)cnn1C,-6.886,-5.173,3.6162291133167987,4.932735346640848,0.5257382007021245
CCOC(=O)C(NC(C)c1ccc(F)cc1)c1ccc([N+](=O)[O-])cc1,-6.651,-5.376,4.543324883826822,3.0568547561177972,0.6462904088541442
CCC(Sc1cccc(Cl)c1)C(=O)Nc1ccc(Oc2ccccc2)cc1C(N)=O,-7.507,-5.764,4.922353298982103,3.4936698470233276,0.5374784112729052
CC1(C2(C(=O)N3CCN(C(=O)c4cc(F)cc(F)c4)CC3)CC2)CC1,-6.983,-5.025,3.6163834144072724,9.502782960796274,0.03797586634363942
COC(=O)c1c(NC(=O)c2nn(-c3ccccc3)c(=O)[nH]2)sc(C)c1C,-7.567,-5.874,5.899498114246668,3.0261863789264534,0.3575823251807814
CC(C(=O)Nc1ccccc1Cl)N(c1ccc2c(c1)OCO2)S(C)(=O)=O,-7.28,-5.248,6.365964263173333,3.116668253119025,0.2741139351541691
Cc1cc(NC2CC3C(=O)CCCC23)n(C)n1,-6.854,-5.626,12.455002448815495,2.9886941964677485,0.0064588482524991515
O=C(Nc1ccccc1Cl)C1NC(Cc2cccc(Cl)c2)(c2ccc(Cl)cc2Cl)C(C(=O)O)C1CO,-7.1,-5.508,7.35583054454084,2.9401023791698138,0.15484992129654607
Cc1nc(C(=O)N(C)CC2CC(C)CO2)cc(N2CC(C)OC(C)C2)n1,-6.949,-4.967,6.5644654009294605,3.1424161086654347,0.24391946694352118
CCOC(=O)C=c1sc(=Cc2nnc(SCc3ccccc3)o2)c(=O)n1CC(N)=O,-6.441,-5.67,4.476579162708953,3.171076473376194,0.6529524179385492
Cc1cc(C)c(OCC(=O)NC(C)Cc2ccc(Cl)cc2)c(C)c1,-6.526,-4.684,4.791013358361674,10.295716633629736,0.01710438845181785
O=C(c1ccccc1)c1c(N2CCc3ccccc3C2)c2ccccc2n(Cc2ccco2)c1=O,-8.115,-6.116,7.346273477076661,8.363465430071436,0.01482237065788894
COCc1ccc(Cc2c(C)n[nH]c2C)cc1,-5.97,-5.253,12.40078352363269,2.954557327248873,0.006699862793595948
Cc1cc(Nc2cc(Nc3ccc(Cl)c(Cl)c3)ncn2)c(C)cc1O,-7.819,-5.678,7.232349341673147,9.282752016508898,0.008965512957947246
CCN(C(=O)c1ccc(OCC2CC2)cc1)C1CCC1,-6.091,-4.598,8.676552368308508,8.91467784050551,0.0046345525209673015
CCOC(=O)c1cc(C(N)=O)cc2c1C(=O)Nc1c(-c3ccc(Cl)cc3)nc(C)n1C2,-7.933,-6.116,4.62550872877784,5.178145324341526,0.37178016434465105
Cn1nncc1NC(=O)c1ccc(S(=O)(=O)N2CCN(c3cccc(C(F)(F)F)c3)CC2)cc1,-8.539,-6.606,4.351820193895883,3.0892929611806,0.6828120811859293
NC(C(=O)O)=C(N=Nc1ccc(O)cc1)C(=O)Nc1ccc(Cl)cc1,-6.965,-5.513,7.090527413387524,2.8058620778648407,0.18357611786628078
O=C(Nc1nn(Cc2ccccc2Cl)cc1Cl)c1cnc(Cl)nc1,-6.983,-5.69,4.004247869450641,9.361254349711901,0.03859207867116516
CC(=O)C1(N=C=O)CCCC(N2CCCCC2C)C1,-5.75,-4.672,11.53474182632624,8.866914006575229,0.000802133185149802
CC(C(=O)Nc1ccc(Cl)c(S(=O)(=O)N2CCOCC2)c1)N(C)Cc1ccccc1F,-7.084,-5.522,3.703773346197091,4.266115914974651,0.6465698392021907
CCc1cccc(CC)c1NC(=O)NC(=O)CNC(=O)c1ccc(-c2noc(C(F)(F)F)n2)cc1,-7.891,-6.54,5.092183028917951,3.020647943736575,0.5282449098216532
Cc1ccc(-c2ncc(C(=O)Nc3ccc(CN(C)C)cc3)s2)s1,-6.535,-5.173,6.524538067940135,3.436363484848483,0.24146975546718186
COc1cccc(C(=O)c2ccccc2-c2nc(C3CCC(=O)N3C)no2)c1,-7.117,-6.46,4.650259885210718,4.50981895423752,0.47455256576775084
CN1C(=O)C(NC(=O)Nc2ccc(C(C)(C)C)cc2)CCc2cc(C(F)(F)F)ccc21,-5.737,-4.792,4.965475505930927,3.2382706804712904,0.5450985820440761
COc1ccc(C(=O)OCC(=O)Nc2ccccc2)cc1F,-6.975,-5.252,8.553934182585229,8.621748604546529,0.006001017571212511
NC(=O)c1cc(Oc2ccc(NC(=O)CCNC(=O)C3CC3)cc2)ccn1,-7.866,-5.451,3.9738395790469454,3.2382052127683325,0.7389017622586574
CN(C)C(=O)c1ccc(C(=O)NCc2ncc[nH]2)s1,-6.286,-4.647,7.795026234721728,3.0410442285504504,0.11738650143306824
Cc1ccc(-c2noc(C)c2C(=O)NCCCc2cn[nH]c2C)c(C)c1,-7.315,-5.172,4.364719464066391,7.954134396651844,0.08445479018251341
Cc1nc(Nc2cc(F)cc(F)c2)cc(C(=O)Nc2ccccc2C(F)(F)F)n1,-7.584,-6.114,4.078139158979251,8.682065076927262,0.05793748706351066
COc1cc(CN2CCC(NC(=O)c3cc4ccccc4[nH]c3=O)CC2)ccc1O,-8.298,-6.468,4.209629674923912,3.092413458772937,0.7093296824511257
CC(=O)Nc1ccc(Nc2cc(C(=O)Nc3ccc(Cl)cc3)[nH]c(=O)n2)cc1,-7.657,-6.262,4.730228324298944,3.43881534834309,0.5819467067351858
CS(=O)(=O)c1ncn[nH]1,-4.298,-3.857,12.355349205910773,3.064487395960375,0.0068294710424014115
O=C(Nc1nnc(Cc2ccc(Cl)cc2)s1)C1CCN(S(=O)(=O)c2ccc(F)cc2)CC1,-8.167,-6.49,4.8223916265687095,2.930596355692814,0.5926298229384397
O=C(NCCc1ccco1)C1CCN(Cc2cc([N+](=O)[O-])ccc2F)C1,-7.785,-5.035,3.981584734750724,5.28804122525534,0.42250865142457467
CCC(C)Oc1ccc(C(=O)N2CCN(Cc3c[nH]c(C)c3C(=O)OC)CC2)cc1,-6.626,-5.136,6.8205654457676745,5.123255703163761,0.12803271293340346
O=C(CO)Nc1ccc(N=Nc2ccccc2)cc1,-6.201,-5.008,12.317836295388895,2.8832453936493168,0.007094727352374335
CN1C=CN(c2ccccc2NS(=O)(=O)c2ccc(NC(=O)c3ccco3)cc2)C1,-7.727,-6.164,7.294087879920285,7.33857676937429,0.028736589149707076
Cc1ccc(CNC(=O)C(C)Oc2nccnc2C(=O)O)cc1,-7.435,-5.608,4.515674589693106,5.785601178788597,0.28754938759493126
Cc1ccc(C=CC(=O)Nc2ccc(S(=O)(=O)N(C)c3ccc(Cl)cc3)cc2)o1,-8.187,-5.795,7.516390689686108,8.342480985893825,0.013537794915397347
Cc1ccccc1OCCNC(=O)CCNS(=O)(=O)c1ccc(Cl)s1,-5.914,-5.607,4.303854319095849,3.1482495136186395,0.6881704375521163
Cc1cccc(Sc2ccccc2NC(=O)c2cnn(Cc3ccc(Br)cc3)c2)c1,-7.392,-6.524,4.505634028635704,3.530995610305965,0.6195997974205502
CCC(NC(=O)c1ccc(Cl)cc1)(C(=O)NC1CC1)c1ccccc1,-7.304,-5.427,12.238336283988932,2.8909323755494527,0.007451920662446664
O=C(Nc1ccc(NC(=O)C(C(=O)O)C(F)(F)F)cc1)Nc1cccc(C(F)(F)F)c1,-7.408,-6.062,4.73984018717931,2.8668397234585683,0.6137556599432484
OC12C=Cc3ccccc3C=C1CCCC2,-5.397,-4.356,8.09845324738002,3.4298469353602377,0.09337839555146189
Cc1nnc(NC(=O)c2cccc(Nc3cc(C)n(C)n3)c2)o1,-7.909,-5.898,4.281887784610894,3.0077159107867892,0.7011549124620886
Cc1ccoc1C(=O)N1CCC2(CCN(Cc3ccccc3)C2=O)C1,-7.493,-5.953,4.295735909014892,3.0766281868305114,0.6943487971653666
Cc1ccc(NC(=O)c2ccc(N3CCN(C(=O)OCc4ccccc4)CC3)cc2N(C)S(C)(=O)=O)cc1,-7.978,-6.375,4.24883913557574,3.054824872230812,0.7045103324661289
Cc1cc(Cl)ccc1NS(=O)(=O)c1n[nH]c(C)c1C=O,-6.215,-5.256,6.771679998346053,3.6799066564248615,0.20159660026865392
CCCCCNC(=O)c1cccnc1Sc1ccccc1C#N,-6.921,-5.103,12.288830619713172,2.9112943856642186,0.00720947315339883
CC(CC(=O)Nc1ccc2c(c1)N(Cc1ccccc1)C(=O)C2)NC(C)(C)C#N,-7.184,-5.914,5.125408373973727,6.947874063337647,0.11858664486320232
CN(C)C=C(C#CC(C)(C)c1ccccc1)C(C)(C)C,-6.904,-4.553,7.54948110799676,7.913036648468146,0.017301279025856497
O=C(Nc1ccc(F)c([N+](=O)[O-])c1)C1CCN(C(=O)c2ccc(F)cc2)C1,-7.863,-6.16,3.841186535434071,2.8538467022599514,0.7850200625643009
COc1ccc(C=CC(=O)NC(C)c2ccc(OC)c(Cl)c2)c(OC)c1,-7.134,-4.784,4.637128206120681,8.448449916996609,0.057118809065896496
CC1CC(C)n2nc(NCc3ccccc3)nc2N1,-7.011,-5.511,4.543284934934193,3.794174086675518,0.5865855102331855
Cc1ccccc1CN(C)C(C)C(=O)Nc1ccccc1C(N)=O,-6.908,-5.461,4.753649545349342,5.269608524359281,0.3413278168392342
Cc1nn(-c2ccc(Cl)cc2)c2c1N(c1cccnc1)C(=O)C(Sc1n[nH]c(=O)n1-c1ccccc1)C(=O)N2,-7.322,-4.982,7.831092963309782,8.778196682690586,0.00851527496584318
Cc1cc(S(=O)(=O)Nc2cccnc2C)ccc1OC(F)(F)F,-7.542,-5.138,7.173135228057533,7.86115646708549,0.022454791463663117
O=C(C1CCCC1)N1CCCC(c2ncc[nH]2)C1,-7.027,-5.834,12.809062963386511,3.0178432696215354,0.005164151103192673
NCCOc1ccc(NC(=O)NCC(O)c2ccccc2)cc1,-6.722,-5.52,4.011614263610099,3.1206930320042696,0.7416030704948389
O=C(O)C1CC(Oc2ccccc2)CN1S(=O)(=O)c1cccc(F)c1,-7.476,-5.48,4.374959428383307,4.28006425185417,0.5534541321939382
Cc1cccc(NC(=O)C(N)CCC(=O)O)c1,-6.901,-5.855,11.713378931802728,3.00780218764466,0.010250680663387569
COC(=O)c1c(N)cc(C)nc1OC1CCCC(C)C1,-6.167,-4.869,12.60176610638366,3.2217307460431885,0.005766118969343078
Fc1ccc(-c2nc3nccc(NC4CCCCCC4)n3n2)cc1,-5.901,-4.424,7.38549375465175,8.441287401812593,0.013791012138076666
COc1ccc(C(=O)Nc2cnnc(C)n2)c(OC)c1,-6.428,-5.088,5.348152110776207,3.04512955389422,0.47048583735388855
N=C(N=C(N)N1CCc2ccccc21)c1ccccc1,-7.008,-4.762,8.427089236503905,2.9178271024856834,0.08022557468363016
O=C(O)c1c(Cl)cccc1Oc1ccnc(Cl)c1Cl,-6.243,-5.145,12.574218464779431,3.0168102359943028,0.005981077615532714
CC(Cc1cccc(F)c1)NC(=O)Cc1ccccc1C(F)(F)F,-7.698,-6.018,7.703192130539131,8.240508843512032,0.01286184018128235
Cc1nn(CC(C)C)c(Cl)c1C(=O)OCC(=O)NC(C)c1ccccc1Cl,-7.509,-5.111,4.5015279628144045,3.423535891443233,0.6295428543399155
Cc1cc(C(=O)Nc2cccc(C(=O)Nc3cc(C)on3)c2)c2ccccc2n1,-8.689,-6.727,6.939194261583977,8.270207131626147,0.02007049526841277
Cc1nonc1Cc1nc(-c2cnn(C)c2)n[nH]1,-7.392,-6.481,12.254530998777556,3.0374841563372805,0.007290892663549861
CC(C)(C)c1ncc(C2(O)CCCC2)cn1,-5.546,-5.131,12.6248558011567,3.199131913504037,0.005696875603148899
COc1ccc(N2CC(=O)N(CC(=O)NC(C)c3ccco3)C2=O)cc1,-7.461,-5.289,12.378025084802502,3.0219205813521968,0.006758373071884515
O=C(Nc1ccccn1)c1ccnc(C(=O)Nc2cccc3cn[nH]c23)c1,-8.011,-6.607,4.343687834087528,3.453552663562552,0.6572095937132536
Cc1cc(CN2C(=O)NC3(CCCC3)C2=O)ccc1C#N,-7.677,-6.5,12.25907977786261,3.05810300676743,0.0072570901813897686
NC(=O)c1ccccc1NC(=O)c1cncc(C(=O)Nc2cc(Nc3ccccc3)cc(C(F)(F)F)c2)c1,-8.795,-7.33,7.19491000638646,7.345969507151523,0.030378072354003298
Cc1ccnc(-n2ncc(C(=O)Nc3nc(C)cs3)c2NC(=O)c2ccco2)n1,-7.044,-6.424,6.154965718832234,3.0115102523484785,0.31156591784176485
CN(c1ccc2oc(-c3ccco3)c(-c3cc4ccccc4oc3=O)c(=O)c2c1)S(C)(=O)=O,-7.27,-7.202,4.752307755185894,3.090437671269233,0.5999897798116232
CC1CN(C(=O)c2ccc(F)cn2)CC(C)O1,-6.295,-4.606,12.22076912473188,3.139592489480124,0.007377159799005148
Cc1ccc2oc(C(=O)NC(C)c3ccccc3OCC(F)(F)F)c(C)c2c1,-7.512,-5.61,8.706397073416765,9.181381649838983,0.0038530385221056526
Cc1ccccc1C(C)NC(=O)CC(C)(C)C(=O)O,-7.592,-5.217,7.245041407749164,2.967723369857777,0.16525443665792913
Cc1cccc(OCC(=O)NNC(=O)c2cccc(C(F)(F)F)c2)c1C,-7.756,-6.137,7.482235895773401,5.7899831605972745,0.06247897264652182
CCOC(=O)c1c(F)cnn1CC(=O)Nc1cc(C)c(C)cc1C,-7.315,-5.542,4.965373500553608,3.646697821317253,0.51646480374465
COC(=O)N(C(=O)O)c1ccc(Cl)c(N)c1,-5.592,-5.061,12.18229801802599,2.8028963591256812,0.007765420945103373
CC1CCC(N(C)C(=O)C(N)Cc2ccccc2F)CC1,-6.932,-4.456,7.953033383558753,3.0259129200953554,0.10663987299182345
CC(=O)OC1CC(O)C(C)N(Cc2ccccc2)C1,-6.857,-5.635,12.36582087853451,3.0750221137416234,0.006778521343574129
CCCCCN1C(=O)N(c2ccc(C)cc2)C(=O)C1CC(=O)Nc1ccc(OC)cc1,-6.702,-5.542,4.4268903306949,3.3287400018625664,0.6516285691560422
Cc1ccc2c(c1)CN(C(=O)C(Cl)(Cl)Cl)CC(C)(C)O2,-5.53,-3.398,7.202569680329375,9.339257946967736,0.008812441963912857
CC(NC(C)c1cccc(F)c1)C(=O)Nc1ccc(N=Nc2ccccc2)cc1,-7.697,-6.775,8.068010535441807,8.867282672837264,0.00696101235335757
CCN(CC)CCCOC(=O)c1cc(S(C)(=O)=O)ccc1Cl,-5.59,-4.381,4.918347486707297,2.9940597856422313,0.5683302200470848
CCc1c(C(N)=O)oc(NC(=O)c2ccc(Cl)c(Cl)c2)c1C#N,-6.853,-5.9,4.428558794912854,4.524407696041549,0.5071210021009459
C=CCCC(NCC)c1ccc(OC(F)(F)F)c(F)c1,-6.401,-4.355,7.409920175008635,8.228927026046591,0.015499071411042077
Cc1cc(Cn2c(N=Nc3cccc(C(N)=O)c3)nc3ccccc3c2=O)ccc1N,-7.965,-7.038,4.525913498952449,3.0976878474113563,0.6475006192458942
Cc1ccc(OCc2nnc(NC(=O)c3cccc(F)c3)o2)cc1,-7.764,-6.361,4.557155582158678,3.469653296800704,0.61473982300332
CN1CCC(CNC(=O)C2CC(O)C2)C1,-6.532,-5.133,12.581253554395921,3.0381191550036353,0.005943984892114506
Cc1c(O)c(N)cc2oc(C(=O)Nc3ccc(Cl)cc3)c(N=Nc3ccccc3)c12,-7.513,-5.534,4.503077503219326,4.884083844489159,0.4367448837043889
CC(C)(C)C(=O)NC(=O)CN1CCCC(C(=O)Nc2ccc(C(=O)NCc3ccco3)cc2)C1,-6.826,-6.151,5.331989684911251,2.8678781354862353,0.4807354467138107
CCOC(=O)C(c1ccc(C)o1)([N+](=O)[O-])C(F)(F)F,-5.718,-4.606,12.051477959155052,2.873209007364414,0.008385840041376363
Cc1c(C(=O)Nc2nccs2)cnn1CCNc1ccccc1,-6.952,-5.414,4.60378246662459,3.1313993676948964,0.6293151101603556
Cc1ccc(C(=O)NCCOc2ccc(C(=O)Nc3ccc(CC(N)=O)cc3)cc2)cc1,-7.975,-6.596,7.447351341248779,8.513940157177522,0.012695461821423868
Cc1ccccc1Cc1ccc(OC(C)C(=O)Nc2ccccc2C(F)(F)F)cc1,-7.087,-5.841,6.956547850766212,7.697172792655755,0.028286942477538206
Cc1c(NN)cccc1C(=O)Nc1cccc(Cl)c1,-6.786,-5.555,11.66517098031572,2.8297581168714756,0.010708418622597669
CNC(=O)C(N)c1ccc(OC)cc1C(F)(F)F,-5.983,-5.315,12.60096571695995,2.8753985810666323,0.005947529442687237
CN(c1ccc(Cl)cc1)c1ncccc1C(=O)Nc1ccc(C(N)=O)cc1,-7.512,-5.459,5.35099486077122,3.5765058367071068,0.4416910138184747
Cc1ccc(C(=O)NCc2cnc(N(C)C)nc2C(C)(C)C)cc1S(N)(=O)=O,-7.06,-5.865,4.601274388688421,3.0356439185121826,0.6353493627955499
CC(COc1ccccc1C)=NNC(=O)c1ccc(C(F)(F)F)cc1,-7.206,-5.934,4.500769823041388,5.551456925888916,0.32531735903893527
COc1ccc(C=CC(=O)OC=C(C)c2c(Cl)cccc2Cl)cc1,-7.358,-5.343,7.292885848551314,8.970400269776148,0.010499499510152978
CC(C)C(=O)Nc1ccc(NC(=O)C2CCC(Nc3nccc(C(F)(F)F)n3)CC2)cc1,-8.708,-6.595,7.338202095881525,9.291953131608016,0.008360068325148478
CN(C)CCCn1cc(C(=O)Nc2cccc(Cl)c2)c2ccccc21,-6.357,-5.328,3.6147193528682147,5.433774838912632,0.4223427520665078
CCOC(=O)c1c(C)noc1-c1sc(CN)nc1C,-5.644,-4.627,5.755104343102738,2.904662114601284,0.3895158783925273
Cc1nnc2cc(C(F)(F)F)nc(CNc3ccc(C(=O)NCC4CC4)cc3Cl)n12,-7.902,-5.971,4.649991612895661,4.827791420515182,0.42525406408902666
NC(=O)CN(CC(=O)Nc1ccccc1)CC(F)(F)F,-5.854,-5.437,12.156330696390256,2.909381721259691,0.007833012171000603
CCC(C)C(C)C(C)N(C)C(=O)c1cnccn1,-5.848,-3.978,8.036268848165797,3.0345380208525974,0.10122502708848655
CC(=O)Cc1cccc(C(N)Cc2ccc(N)c(C)c2)c1,-7.731,-5.187,7.292237036739824,8.991142919562563,0.010368834931459433
Cc1c(F)cccc1NC(=O)c1ccccc1N1CCCC1,-7.127,-5.616,12.474784166469574,3.1057551416684475,0.006314480692164522
CC1C(=O)OC(=O)C1C(=O)OCC(=O)Nc1cccc(S(=O)(=O)N(C)C)c1,-7.06,-5.869,3.1750228345635567,2.8827797349086524,0.86111215778685
CC(C)(NC(=O)c1cc(-c2ccco2)n[nH]1)c1ccco1,-7.309,-5.333,5.775163720622991,3.0623750586758627,0.38055050877490965
CCOC(=O)c1cccc(Nc2ccc3c(C(=O)OCC)c(C)nc(C)c3c2)c1C,-6.951,-5.489,4.941371874287544,3.1509306561712838,0.5553012518440068
Cc1oc(-c2cccnc2)nc1CC(=O)NCc1ccc(Br)cc1,-7.662,-6.187,4.296606684349872,3.6602221244072055,0.6459019918294873
NCCc1nc(C(=O)N2CCC(O)C2)cs1,-6.124,-4.776,12.314762117069092,3.026023958926962,0.007028472585898597
CCN(CC)C1CCN(c2ccncc2C(=O)Nc2c(C)nn(C)c2C)C1,-6.407,-4.93,4.5014946406721394,3.6388955742092963,0.6103735433013858
Cc1cnn(CC(=O)c2cccc([N+](=O)[O-])c2)c(=O)c1Cl,-7.219,-5.822,4.620890931411387,3.0144885138278434,0.6323394547602036
Cn1c(=O)oc2cc(S(=O)(=O)N(CCC(N)=O)c3ccccc3)ccc21,-7.242,-4.992,6.887798269403655,3.024739823522016,0.20383322315166602
CC(NC(=O)C(CO)NC(=O)OC(C)(C)C)c1ccc(Cl)cc1,-6.689,-5.025,8.233419338282243,12.032368927189692,0.0008710268951468325
N#Cc1cccc(Cl)c1Nc1cc(Cl)nc(C(F)(F)F)n1,-7.149,-5.253,12.651027823856843,3.076099640778888,0.0056712840760813465
Cc1ccc(N2C(=O)NC(=O)C(=Cc3ccc(NC(=O)C(F)(F)F)cc3)C2=O)cc1Cl,-7.844,-6.662,3.717446569891757,3.0414973286195726,0.7910046206833677
Cc1cc(C(N)c2cc(C)sc2C)cs1,-5.76,-4.352,7.949109950176812,2.9125947194898227,0.1078767986470586
CN(C=Cc1ccccc1)C(=O)C(=O)c1ccc(Br)cc1,-7.594,-5.388,12.434664008327688,2.9976137176093927,0.006536658904419503
N#Cc1ncccc1NCc1cccc(C(=O)NCC(F)(F)F)c1,-7.686,-5.591,8.484063236445142,12.701384058440246,0.0004908621567898149
O=C1CC(C(=O)C=Cc2cccnc2)C(=O)O1,-7.117,-5.572,12.440580131167518,3.0406165493202195,0.006488816500004462
Cc1cccc(C(=O)N2CCC(c3noc(C)n3)C2)n1,-7.854,-5.478,5.492912160229762,3.0747819434880257,0.4380884950733284
Cc1[nH]nc(C(F)(F)F)c1C(=O)C1(CO)CCC1,-5.402,-5.287,12.16157666587684,2.736772917141647,0.007900249769449377
CCC(C)OC(=O)c1ccccc1NC(=O)C1COc2c(cccc2OC)C1,-6.789,-5.715,3.3042773793978006,3.625927329663406,0.7820858088453165
CCOC(=O)c1[nH]c(=O)[nH]c1Nc1cccc(C(=O)Nc2nnc(C)s2)c1,-7.717,-5.661,4.7484129980447145,2.829702987947675,0.6134663792441925
Cc1noc(C)c1CN1CCN(C(=O)C2CCC2)CC1,-6.118,-4.767,5.214329870654521,2.9518804176321236,0.5038375174203781
COc1cccc(NS(=O)(=O)c2cc(C(=O)Nc3cc(C)ccc3C)ccc2OC)c1,-7.664,-6.064,6.421600267846013,2.947504028835245,0.2694338880093152
O=C1CC(N(CCO)Cc2ccccc2)C(=O)N1c1ccc(F)cc1,-6.892,-5.431,4.7575043878067,3.769614569156906,0.5476051545523503
CC(=O)c1c(C)[nH]c(C(=O)C(C)S(=O)(=O)Nc2ccc(Cl)c(-n3cccc3)c2)c1C,-6.824,-5.569,7.334088832295392,8.870494349245707,0.010897263194160099
O=C(C(=O)C12CC3CC(CC(C3)C1)C2)C1CC1,-5.783,-5.086,12.674106437930842,3.0242117981384835,0.005615576795027748
CC(Oc1cnc2cc(F)ccc2c1)C(=O)Nc1ccccc1C#N,-7.707,-6.421,3.7832437140633695,8.752680617959276,0.058922061463545554
Cc1nc(C(C)NC(=O)c2n[nH]c(-c3ccccc3C(C)O)n2)n[nH]1,-8.062,-6.134,6.684370651003728,3.2045751668512956,0.2260155011710134
Cc1nc(=O)[nH]c(C)c1CCC(=O)NCC1(CC(C)C)CCCCC1,-7.121,-5.626,12.60633971460392,3.059038411004347,0.005840809998066216
COc1ccc(CN(C)CC(=O)Nc2ccccc2C#N)cc1OC,-7.358,-5.044,7.293726482395677,7.796154629046297,0.02172651833625932
CC(C)C(NC(=O)C(NC(=O)OCC1c2ccccc2-c2ccccc21)C(C)C)C(=O)O,-7.205,-6.445,4.550885298488635,2.9997323213913605,0.6478841669424903
Cc1cn(-c2c(C(F)(F)F)ccc(C)c2C#N)cn1,-6.047,-5.222,12.445802665959315,2.8616236649846183,0.0065596664343903445
CCOC(=O)c1ccccc1NC(=O)c1cc(C)nc(NCCCn2ccnc2)c1,-6.879,-5.512,4.513999224634404,4.213452028918805,0.5401162615789331
CCC(C)N1CC(=O)N(C(C(=O)NCc2nc(C)no2)C(C)C)C1C#N,-7.138,-5.012,4.8663972299844165,3.087366677283409,0.57520963278293
Cc1ccc(C(=O)Oc2ccccc2OCc2ccc(Cl)cc2)cc1,-6.226,-5.828,12.495164064549131,3.0851363016891167,0.00624641262678609
CN(c1c(N)cc(Cl)cc1F)C1CC1,-4.942,-4.106,12.938592234087912,2.9252695602285947,0.004798239018107416
Cc1ccc(N2C(=O)CC(N(Cc3ccccc3Cl)C(=O)CC(C)C)C2=O)cc1,-7.683,-5.447,4.543185116193263,4.235717294626732,0.532045466993089
COc1cc(OC)c(-c2nnc(-c3ccc(C)cc3)o2)c(OC)c1,-7.006,-5.409,4.450892045421907,3.5817950806823107,0.6254567120219335
CCc1cc(NC(=O)C2CCCC2C(=O)c2ccccc2)n[nH]1,-7.745,-5.594,12.751440114747824,3.2985217901356965,0.005207242281295866
Nc1ncnn2c(C(F)(F)F)cc(C(F)(F)F)c12,-6.18,-5.273,12.263214953673446,2.990412346148939,0.0072802887013016385
CCNC(=O)CNc1cc(C(=O)Nc2ccccn2)ccc1Br,-6.747,-5.074,4.78202854445684,3.609499411275752,0.5574001415323276
NC(=O)Cc1ccc(NC(=O)C2CC(=O)N(Cc3cccc(Cl)c3)C2)cc1,-7.576,-5.906,7.734734966370858,7.686275365871301,0.017755592955372258
Cc1ccc(CNC(CC(N)=O)C(=O)Nc2ccc(Cl)c(C(F)(F)F)c2)cc1,-7.77,-6.199,4.044162459644766,7.354083831450387,0.13240815441139242
CC(OC(=O)c1cc([N+](=O)[O-])c(O)c([N+](=O)[O-])c1)C(=O)NC1CC1,-6.884,-5.313,12.305436562755505,2.952191220093983,0.007112562238879275
COC(=O)c1ccc(NC2=C(c3ccc(F)cc3)C(=O)N(CCCc3ccc(Cl)cc3)C2=O)cc1,-8.117,-6.083,4.365907122237028,2.993968770712214,0.6857367890849811
CCOC(=O)c1ccc(NC(=O)c2cc(C=O)n(C)n2)cc1,-6.389,-4.991,5.2396674512797095,3.2702967755235903,0.4834932237118822
Cc1ccc(CN(C(C)C)C2CCOC(C)C2)o1,-6.632,-5.291,12.498585960019637,3.156287376016323,0.006191251863988702
C[C](C(=O)N(C)c1ccc(C)cc1)N1C(=O)c2ccccc2C1=O,-7.751,-5.975,4.62666672670509,3.637894308525195,0.5861342540710118
Cc1cc(Cl)ccc1S(=O)(=O)Nc1cncc(-c2ccccc2)c1,-7.343,-6.083,7.49794605208653,9.591423356311616,0.006292678925925132
Cc1cc(Cl)ccc1NC(=O)c1ccc(NC(=O)c2ccco2)cc1,-7.005,-6.345,7.271258831866735,8.10539696745323,0.01820047025189357
Cc1cn(C2OC(CO)C(OC(=O)c3cccnc3)C2O)c(=O)[nH]c1=O,-7.709,-5.516,4.33252512975978,6.547664087290978,0.19908806176925203
O=C1CN(S(=O)(=O)c2ccccc2Cl)CCN1c1ccc(OC2CC2)cc1,-6.855,-5.423,6.5631752985883285,3.0904617777930854,0.24529957357341098
C#Cc1c[nH]c(CC=CC(=O)OC)n1,-6.003,-4.96,12.289845157690149,2.890308115063168,0.00721618740794646
Cc1cnnc(Nc2ncccc2C(=O)Nc2ccc(Br)cc2)c1,-7.911,-5.901,12.535519494620077,3.0130982393543033,0.006129419804296311
CCN(CC)C(=O)c1ccc(NS(=O)(=O)c2cccc(Cl)c2C)cc1,-6.362,-4.915,5.358758624905585,3.642432840835917,0.4356367017110219
Cc1c(Cl)cccc1-n1c(C)c(C(C)Br)cnc1=O,-6.102,-5.265,12.732752530383994,3.029763357095732,0.005410907252971819
CCN(CC(=O)Nc1c(Cl)cccc1Cl)Cc1ccccc1,-6.642,-5.541,3.994037681344531,9.053369869833,0.04685982798578759
CC(C)N1CCc2cccc(C(=O)N3CCN(Cc4ccccc4OC(F)(F)F)CC3C)c2C1,-7.643,-6.11,5.010706537006533,2.9022518843132823,0.5516447140454174
O=C(Cn1ccccc1=O)Nc1c(Cl)cccc1Cl,-6.191,-5.404,12.566099355010687,3.094201835692042,0.005970585851748496
Cc1nc(NC(=O)c2n[nH]c(C)c2NC(=O)C2CCC(=O)N2)sc1C,-7.611,-5.869,5.345188958306338,2.7858522932847682,0.4805092363620828
CC(=O)NC(C)(C)C(=O)c1sccc1Br,-5.314,-4.614,12.502997440613992,3.0586415285220996,0.006230713227240375
Cc1ccc(CN2CCC(NC(=O)c3ccccc3Oc3cccs3)CC2)cc1,-7.852,-5.669,7.339222370251496,7.661805074523888,0.022952459281021288
COC(=O)c1cccc([N+](=O)[O-])c1N(C)CC1CCC1,-5.536,-2.769,6.624826714714883,7.735474969256897,0.03361414504589197
CCc1nc2ccccc2c(=O)n1NC(=O)c1cc(C(C)(C)C)[nH]n1,-7.837,-5.695,8.352733564528442,12.101587251265842,0.0007747102710248127
Cc1cccc(NC(=O)N2CCN(C(=O)CN(Cc3ccco3)C3CC3)CC2)c1,-7.299,-5.274,4.068137780360935,3.0816698395512785,0.7348818540046385
[C-]#[N+]C(C(=O)OCC)c1cnn(Cc2ccccc2)c1C(F)(F)F,-6.34,-4.609,5.436532810532831,3.4969561049575675,0.42914979452783414
Cc1cccc2c(=O)c3cccnc3n(Cc3ccccc3)c12,-6.765,-4.857,3.7720424175769818,9.830281074313186,0.030160913826043145
Cc1cccc(NC(=O)c2ccc(NC(=O)c3ccccc3Br)cc2)n1,-7.012,-5.901,7.738195461475499,9.80328546967801,0.004758887653235657
Nc1nccnc1C(=O)Nc1nc2ccc(Cl)cc2s1,-6.67,-5.333,4.248023775828002,5.057741492010045,0.4383856725497595
CCOc1ccc(NC(=O)NC(C)CSc2ccc(C)cc2)cc1,-6.564,-4.989,7.199521442429351,7.433021525597784,0.028730468131421032
O=C1NC(=O)C12C(=O)NN(c1ccccc1Cl)C2c1ccc(Cl)c(Cl)c1,-7.412,-5.551,7.216348730486907,8.776456403355514,0.012408541003012044
NN=Cc1ccc(F)cc1C=CC(=O)O,-6.296,-4.883,12.144662613675195,2.9708051097303576,0.0078526916214008
COc1ccc(N)cc1NC(=O)N(C)CCN(C)C,-5.478,-3.99,7.4736220134550555,7.974248616640943,0.017450535657322037
Cc1ccc(S(=O)(=O)NCC(=O)Nc2nc(-c3ccc(F)c(F)c3)cs2)cc1,-7.91,-5.799,4.426330421466521,2.914762082915174,0.6779685031497246
Cc1ccc(S(=O)(=O)N2CCCCC2)cc1NC(=O)CCn1nccc1[N+](=O)[O-],-7.194,-5.833,4.811537903830749,2.8780201528133893,0.5973846017446119
O=C(Nc1ccc(NS(=O)(=O)c2ccc(Cl)cc2)nn1)c1ccc2c(c1)CCO2,-7.903,-6.879,4.520636238407156,3.675574784982615,0.603122559876133
Cc1cc(C)n(CCCn2nc(C(=O)O)cc2C(F)(F)F)n1,-7.086,-5.1,4.879100429382448,2.7922875926379787,0.5857588821964357
Cc1ccc(NC(=O)COC(=O)c2cccc(F)c2)cc1C,-8.268,-5.68,3.828513157872125,9.966004716033401,0.02742436534787109
CCOc1ccccc1NC(=O)CC1(c2ccc(C(F)(F)F)cc2)CC(=O)NC1=O,-7.755,-5.574,3.726792857136011,6.350428804419431,0.25540873636903055
CC(CNC(=O)NC(C)C(C)c1ccccc1)Oc1cccc(F)c1,-7.23,-5.203,4.23397520068316,5.220466837362346,0.41020236144021816
Cc1nc2cc(S(=O)(=O)N3CCCC(C(=O)NC(C)C(=O)NC(C)C)C3)ccc2o1,-8.091,-6.209,4.990612988401325,3.157098034588093,0.5441145941156095
CCn1ncc(Br)c1C(=O)N1CCN(c2ccc(F)cc2)CC1,-6.475,-4.857,4.480099217651323,4.801808201084254,0.45378806877770683
CCOC(=O)NC(=O)C(C)C1OCCc2[nH]c3ccccc3c21,-7.591,-5.426,8.640695226658558,12.522172535147405,0.0004981386392823836
O=C(NC(=O)c1ccccc1Oc1ccc(F)cc1[N+](=O)[O-])Nc1ccc(Br)cc1,-7.949,-6.319,6.744912230711383,3.1341521979635902,0.219645306416456
CC(CN(C)CCN)Oc1cc(Cl)ccc1Cl,-5.639,-4.898,12.708750410642269,2.9085401836660263,0.005546491257651444
Cc1cc(C(=O)NC(C)c2nc3ccccc3n2CC(F)(F)F)n(C)n1,-7.331,-5.168,4.507030729870831,8.307832629512946,0.0650280626672057
Cc1cc(-c2ccc(Cl)cc2Cl)c(C(=O)Nc2ccc(C)c(Br)c2)o1,-7.416,-5.914,3.535435475298622,9.004239334891093,0.052448557524699305
COCCCOc1ccc(C(=O)Nc2ccccc2CN2CCCC2=O)cc1OC,-6.5,-5.133,4.237864910541627,3.020655723514352,0.7086380377148812
CC(=O)c1ccc(OC(=O)c2ccccc2)c(Br)c1,-6.746,-5.052,4.551079212670331,4.3011555424095045,0.5214840264004826
CCOc1ccc(CNC(=O)OCc2ccccc2)cc1OS(=O)(=O)c1ccc(C)cc1,-7.635,-5.282,4.4065980075337015,5.15991715049767,0.4015556061304212
Cc1ccc(C=CC(=O)N(C)Cc2c(-c3ccccc3)oc3cc(C)cnc23)cc1,-7.477,-5.502,4.799226395993421,9.54452565610256,0.02725506759749733
CN(C)CCc1c[nH]c2ccc(C(=O)NCCc3ncno3)cc12,-7.342,-5.277,8.810281720807797,13.00966563751736,0.00033054763299196065
COc1ccc(C(=O)NCc2ccc(C(=O)c3cccs3)s2)c([N+](=O)[O-])c1,-6.972,-5.449,3.697648712357624,3.080133763329118,0.7909431077866332
N#CCc1cccc(Cl)c1NC(=O)CCC(=O)Nc1ccc(F)cc1,-7.529,-5.691,4.40654342994597,3.6500598625228076,0.627101387834373
NC(N)=NC(c1ccc(F)cc1)S(=O)(=O)c1ccccc1,-6.341,-4.788,7.946307192652446,3.145272961127539,0.10592419466757111
CCOC(=O)CC(OCc1ccccc1)C(=O)Nc1ccc(-c2nc3cc(C)ccc3o2)cc1,-7.377,-5.841,7.32520143067752,6.058642257139796,0.05954999181985653
O=C(Cc1ccn[nH]1)NCC1CC2CCC1C2,-7.039,-4.869,12.822579966605783,3.0440374504923553,0.00510919552121179
O=C(O)CC1(C(=O)N2CCN(c3ncccn3)CC2)CCC1,-6.308,-5.263,5.210229265588991,2.986868761763731,0.5033361336688521
N#Cc1ccccc1COc1cccc(C(=O)Nc2ccc(N3CCCCC3)cc2)c1,-8.24,-6.452,4.687144439848211,3.585164291911879,0.5788064761634746
CCC=CCC=CCC=CCCCCCCCCCCCC(=O)OC(COC(=O)CCC=CC=CC=CCCCCCCC)COC(=O)CCCCCC=CCCCCCCCCC,,,,,0.0
C=CCOc1ccc(C2C(C(=O)OCC)=C(C)OC(N)=C2C(=O)OCCOC)cc1,-5.881,-4.226,4.7989479055309605,3.1702774326547516,0.5853559101376902
CCCOc1cc(N(CCC)Cc2ccccc2)ccc1N,-6.524,-4.656,4.470253907777499,6.975421277600371,0.1485760513366133
O=C1CC(O)C2CCCN12,-4.301,-4.197,11.956310927706758,3.016168927629883,0.008800628334182605
CCOC(=O)c1[nH]c(C)c(C(=O)OCC)c1NC(=O)CCS(=O)(=O)CCC#N,-5.731,-4.755,4.4910882868186865,3.010252315006169,0.6596864007650735
CCCOC(=O)CC(NC(=O)Nc1nc2ccccc2s1)c1ccc(Br)cc1,-6.804,-6.129,3.8284521676520913,6.080400726925817,0.2916471271930521
COc1cccc(C(=O)Nc2ccccc2NC(=O)c2ccccc2C(F)(F)F)c1,-7.621,-6.446,12.154052246061804,2.9491948053663735,0.007820181150104796
CC(C)CCC(=O)NC1(C#N)CC(C(C)(C)C)C1,-6.379,-4.658,8.41826882440802,9.076004462317107,0.004920842759913865
Cc1cc(C(=O)N2CCC(N3CCCCC3)C2)cc(C)c1O,-7.449,-5.051,5.0120252393618285,4.469089392706303,0.41946889210059257
CCn1c(Nc2ccc(C)nn2)cc(=O)n(C)c1=O,-7.148,-5.557,11.652802452629151,2.8191700906472454,0.010799340804036274
CC1CCN(Cc2ccc(CCl)cc2)CC1C,-5.903,-4.591,7.249309898190309,10.01036492841295,0.005635668537648731
CC(=O)NC(c1nc(Cc2ccccc2)no1)C1CC1,-6.881,-4.982,3.803556493599115,5.214105580058771,0.4525586626097012
Cc1ccc(C(=O)CCC(=O)NCCc2cccc(CO)c2)s1,-6.922,-4.801,12.57930033825411,3.153183312146631,0.00588847686578855
CC(=NO)C(=O)Oc1cc(Br)ccc1Cl,-6.143,-4.961,12.741497949613303,2.7543111661538897,0.005492377274891408
NC(=Nc1cc(Cl)c(Cl)cc1Cl)n1cncn1,-6.434,-4.861,12.448452032280962,3.1413251980653,0.006397629355949594
Nc1nc(Cl)nc(Cc2cccc(Cl)c2)n1,-6.812,-5.106,12.428018466352551,3.1230334612360466,0.006491211822675727
O=C(Nc1ccccn1)C1CCCC1c1ccc(-c2cccc(C(=O)N3CCCC3)c2)cc1,-9.01,-7.402,7.672330871384522,9.607947595610625,0.005597651941456583
N#Cc1ccccc1NC(=O)c1ccc(COc2ccccc2C(F)(F)F)cc1,-7.242,-6.111,3.620974730649193,3.375789537278649,0.7760726693204607
COc1ccc(Cl)c(C(=O)NCCNc2ccnc(C)n2)c1,-6.674,-4.831,4.392545275805363,2.9971241215538607,0.6803011985871416
O=C(C=CSc1nc2ccccc2o1)Nc1nc(-c2ccccc2)cs1,-7.557,-5.74,5.299493277663441,5.581988624137458,0.23512431843160198
CC(NC(=O)COc1cccc2c(=O)[nH]c(-c3cnco3)nc12)C1CC1,-7.483,-6.206,12.360109586892829,2.9650284990198665,0.006866633497182406
CCC(N)CN1CCCCC1(C)C(=O)NC(C)(C)C(C)O,-5.678,-4.482,7.78066687373261,2.965226129656893,0.1191788427036743
CC(NP(N)(=O)OCC1CC(Nc2ccccc2F)CO1)C(=O)O,-6.534,-5.823,3.4583799675570637,2.878236265493158,0.833476798774864
O=C(c1ccc([N+](=O)[O-])cc1)N1CCCC(n2ccnc2)C1,-7.161,-5.072,8.424700232055738,9.121385530718456,0.004764615366982388
Cc1ccccc1NC(=O)NS(=O)(=O)c1ccc(Cl)s1,-6.749,-5.254,7.239490797010518,8.272406663118057,0.01673222026709222
Cc1ccc(NC(=O)CN2CCN(C(=O)C3(C)CC3)CC2)cc1Cl,-6.702,-6.327,4.509724936179589,2.936360672669487,0.6597794522471113
CSCCCCCNC(=O)C1(C)CC1(Cl)Cl,-4.812,-3.478,4.0725537442739785,4.245890954793823,0.6040639967641447
Cc1cccc(NC(=O)c2cn(C3CC3)c(C(C)(C)C)n2)c1,-6.484,-5.192,4.709520782415129,4.6870218689483405,0.43834475759709035
Nc1ccccc1N(Cc1ccccn1)C(=O)c1ccoc1,-6.233,-5.683,12.150918319205342,2.862130849559467,0.007886838953071419
Cc1nc2c([nH]1)CN(C(=O)c1cc(C)c(-c3c(F)cccc3F)s1)CC2,-8.143,-5.94,7.476082463429627,8.197882470491999,0.015175239224609827
Cc1nnc(SCC2CCCN(Cc3cnc(C4CCCC4)[nH]3)C2)o1,-7.473,-5.238,4.05086632709597,5.571092890986472,0.36367170459385995
COc1cc(N(c2ccccc2)C2CC2)nc(C)n1,-6.926,-4.71,12.140423962942974,2.998708555361791,0.007855582615350654
Cc1noc(C2CCN(C(=O)C(C)(C)c3ccccc3F)C2)n1,-7.984,-5.517,4.827609864104596,8.563349461513292,0.04968477328040229
Cc1ccnc(N2C(=O)C(C(C)C)CC2C)c1,-5.951,-4.548,12.454728620086428,2.908637137904967,0.006500735435173331
CC(C)(C)OC(=O)Nc1nc(C(=O)C=Cc2cccc(Cl)c2)cs1,-6.273,-5.014,8.240196235527407,5.592956731461457,0.0433279017199606
CCC1(C(N)Cc2cccnc2)CCCCC1,-6.384,-5.085,12.496972193295463,3.157245318311518,0.006196915901556361
NC(=O)c1cc(NC(=O)c2ccccc2C(=O)O)ccc1Cl,-7.539,-5.769,4.937748677281986,3.018477430758759,0.5628495379214092
Cc1cccc(C2(CC#N)CCC(=O)N2)c1C,-6.599,-5.454,12.368950036280362,2.8995513446048857,0.006863408460564468
Cc1ccc(C(=O)NC2(C(=O)Nc3ccc(=O)n(C)c3)CC=CC2)o1,-7.843,-5.814,4.476745916399544,6.091809993753909,0.2470121692496038
CC(CCCC(=O)O)NC(=O)c1ccc2c(c1)CC(C)NC2C,-7.42,-5.709,5.073997733543048,2.94810057494652,0.5354757940542263
Cc1cc(N(c2ccccc2)c2ccc(Br)cc2)c2cccc[n+]2c1,-6.485,-6.007,12.414155670040552,3.1669603723444344,0.006519838154101857
CC(C)CCCOC(=O)CCCCC(=O)OC1(C(C)C)CCCC1,-5.128,-4.359,12.714216098525304,2.961266283197106,0.005505058678096908
CCCN1C(=O)C(F)CN(c2ccc(NC(=O)C=Cc3ccco3)cc2)C1=O,-7.011,-5.489,7.229823372669626,9.36029817901118,0.008555412352720098
CCc1c(C)nn(CC(=O)N2CCN(c3ccc(C#N)cc3)CC2)c1C,-7.354,-5.382,4.540824814942766,5.076860644138265,0.3992557971680398
O=S(=O)(c1ccc(F)cc1)N(Cc1c(Cl)cccc1Cl)Cc1c(Cl)cccc1Cl,-6.546,-4.507,7.883920408020365,3.3950544914625453,0.10707146195717557
COC(=O)C1=C(CSc2nnc(COc3ccc(Cl)cc3)s2)NC(=O)NC1C,-6.87,-6.02,4.4095760567201925,2.9280864058288993,0.6806525522623326
CNC(=O)c1ccc(Cl)c(NCc2cc(=O)oc3ccc(C(C)=O)cc23)c1,-8.083,-6.271,7.243503434112529,6.939067444549015,0.03769546362191135
CC1CN(C2CC2)CC1Nc1ncc(Cl)cc1S(N)(=O)=O,-6.153,-5.342,8.18758364842766,2.9772460429060947,0.09262803530781619
O=C1Nc2ccccc2NC12Nc1ccccc1N(Cc1ccccc1)C2=O,-7.984,-6.18,3.6328403488179886,10.101785683729387,0.026062578974233575
Cn1c(=O)nc(C(F)(F)F)c2c(=O)n(CC(=O)Nc3ccc(S(N)(=O)=O)cc3)cnc21,-7.759,-6.403,4.652394437276358,2.8729192470377587,0.6325869064302634
CC1(C)C(C(=O)O)C1C(=O)Nc1c(Br)cccc1C1CC(=O)N(Cc2ccccc2F)C1,-7.487,-5.921,4.617163956369754,3.965578646301193,0.5535068489332365
Cc1cccc(CCN(C(=O)CCCN(c2ccccc2)S(C)(=O)=O)C(C)C(=O)NC(C)C)c1,-6.125,-4.422,4.563699047921543,3.705173815086143,0.5919232812577722
C=CCOC(=O)C1=C(C)Nc2ncc(Cc3ccc(Cl)cc3)n2C1c1ccc(C(=O)OC)cc1,-7.179,-4.507,4.170508482187754,5.8979427769350234,0.29874877286261736
COC(=O)c1cccc(NC(=O)N(C)Cc2cccs2)c1,-7.355,-5.875,11.998874322202063,3.0735629162260523,0.008526818604700384
CN1C(=O)Cc2ccc(NS(=O)(=O)c3ccccc3Cl)cc21,-6.99,-5.55,12.389053757248776,3.0602779285548563,0.006689620562074318
COc1ccc(N2CC(C(=O)N3CCc4sccc4C3)CC2=O)cc1,-7.727,-5.694,4.6317333688371995,3.4721725187553685,0.5995497164515677
CC1OC(=O)C(C(C)C(=O)NNC(=O)c2cccc(Cl)c2)N=C1c1ccccc1,-7.519,-6.792,5.279606614133292,7.963488808305064,0.05969121640433483
COC(=O)c1ccc(C)c(NC(=O)CSc2nnc(NCc3ccco3)s2)c1,-8.083,-5.693,3.935399979671697,3.227921312547751,0.7457041479541598
CC(C)(C)C(=O)N1N=C(c2ccco2)CC1c1ccc(Cl)cc1Cl,-7.192,-5.153,3.7296040004268547,7.172722425969096,0.15731227237242507
Cc1cccc(-c2nc3n(n2)C(c2ccccc2Cl)C(C(=O)Nc2cccc(Cl)c2)Nc2ccccc2-3)c1,-6.87,-5.43,3.8813098304567237,3.594685799899624,0.719297230693653
FC(F)(F)C1C=CN=CC1,-4.135,-3.987,12.186529202361106,2.9882558458070494,0.007639049558777946
CC(Cc1cnn(C)c1C(=O)CCC(F)(F)F)=C(Cl)Cl,-6.564,-4.14,6.672028252338265,8.132897515645945,0.0255930922670823
CC(c1nnc(N)o1)N1N=C(c2cccs2)CC1=O,-7.349,-6.207,11.692883562235622,3.0239143506389197,0.010368682679126264
CNCC(C(C)C)N(CC(C)C(N)=O)c1ccccc1,-5.933,-4.151,7.3776301072905515,7.393966188724424,0.026409960983261253
CCc1ccc(-c2noc(C3CC(=O)N(c4ccccc4C(C)C)C3)n2)cc1,-7.676,-6.133,4.48548648420659,3.6392791868720376,0.613384742238665
CC(C)CN1C(=O)CC(n2cccn2)C1=O,-5.557,-4.822,12.450380355635726,2.960351668298886,0.006492390636389095
CSc1ccc(-c2nc(CSc3ccccn3)no2)cc1,-6.517,-5.549,4.830465505518076,4.3822234082711935,0.4622933269055445
CCNC(=NCCC(C)(C)NC(=O)c1ccccc1)N(C)CC1CCC1,-6.643,-4.217,8.814797104868608,12.424534840387386,0.00047515224711019896
CCc1ccc(N2C(=O)NC(=O)C(=Cc3cc(Br)c(OCC(=O)Nc4ccc(C)cc4)c(OC)c3)C2=O)cc1,-7.985,-6.559,5.188362458425587,2.7971800085085694,0.5153942228854387
COc1cc(NC(=O)CNS(=O)(=O)c2cccc(F)c2)cc(OC)c1,-7.157,-5.595,3.933697878587016,9.273295315043084,0.04138325746868153
COc1ccc(Cl)c(-c2nc(NC(=O)c3oc4ccccc4c3C)no2)c1,-8.31,-6.767,4.081624186521831,2.967072125850668,0.7397944564484649
COc1ccccc1Nc1nc(N)nc2c1N=CC(c1ccccc1)N2,-8.006,-5.642,4.8508080770115,5.447800014684827,0.30303231043677176
CC(c1ccc(F)cc1)N1CCN(C)C(CC(=O)O)C1,-6.762,-5.227,8.962443026318214,8.854008075442442,0.004028633813610837
COc1ccc(F)cc1-c1ccc(N)nc1,-6.106,-5.148,12.196408979695622,3.047907314863757,0.007553740397230991
CC(C)Cc1nnc(NC(=O)c2ccc(NC(=O)c3ccccc3)cc2)s1,-6.689,-6.022,3.6063108573721143,3.0346566527368464,0.8058828546334914
Cc1cccc(-c2ccc(N3CC(C(=O)O)C(C(=O)NC4CCC(C)C(C)C4)C3)nn2)c1,-7.537,-6.165,5.252279505129177,2.7891980926424,0.5012258564715033
CN1Cc2ccc(C(=O)Nc3cccc4ccccc34)cc2C1,-7.326,-6.228,8.649780401836802,12.437320048949452,0.0005223105106095746
Cc1cc(C(=O)NCC2(c3ccccc3)CC2)c2ccccc2n1,-8.057,-5.461,8.547596504281188,8.969153639000726,0.004853749148981583
FC1C=CC2CC(Cn3cncn3)NC2C1,-6.028,-4.986,12.367515029301561,3.137645614150839,0.0067319550210455685
CCc1cccnc1CN=C(NC(=O)c1ccc(C)cc1)NC(C(N)=O)C(C)(C)C,-7.703,-6.365,4.430499520370135,5.026605713600382,0.42186485178083355
CCN(CC)C(=O)C1CN(Cc2cccc(C)c2)CC1c1cccnc1,-7.133,-5.067,4.965148336152707,4.552702384298802,0.41641003861878423
Cc1ccc(-c2nc(CNC(=O)C3CC(=O)N(c4ccc(Cl)cc4)C3)co2)cc1,-8.49,-5.551,4.399639644334521,6.860010058301664,0.16256003321603968
NC(=O)c1c(N)c2cc3cc(Cl)ccc3sc-2c1Br,-7.061,-5.34,7.029334321256885,7.82979220669361,0.024961473622291824
Cc1nn(C)c2sc(C(=O)NCCc3ccccn3)cc12,-7.509,-5.152,8.520467475438188,8.964009649704757,0.0049520479974917465
CC(C)N(C)CCNC(=O)C1COCC1N,-5.34,-4.617,5.871603188227215,3.0513692008670485,0.3621275321743355
CCCCOC(=O)c1[nH]nc(N)c1-c1ccc(Cl)cc1,-6.316,-4.234,6.829327931795337,2.9830947018155496,0.21177001585051022
O=C(COS(=O)(=O)c1ccccc1)Nc1ncc(Cl)cc1Cl,-6.973,-5.883,3.9550289505893628,9.240297722476264,0.04205617417815278
CN1Cc2cc(N)ccc2S1(=O)=O,-5.428,-4.422,12.509217921197154,2.9971956893069223,0.006239292545486787
CCCNC(=O)c1cccc(NCC(=O)Nc2ccc(C)cc2C)c1,-7.33,-5.702,4.582004474026624,2.9709761022263375,0.6428656113361687
Cc1cccc(Nc2nc(N3CCC(N(C)C)CC3)c3ccccc3n2)c1,-7.723,-6.274,4.362405414447401,3.4802076087498004,0.6513827188548542
CCc1ccc(N(C(C)C(=O)Nc2ccccc2C(N)=O)S(C)(=O)=O)cc1,-7.249,-5.389,4.010766260953135,8.202490963116022,0.0792120888949217
CCc1ccc2[nH]cc(C(=O)c3ccc(Cl)c(Cl)c3Cl)c(=O)c2c1,-7.625,-5.795,4.941002327463527,3.678534626722984,0.518818279303715
CCC(CC)CNC(=O)c1cc(Cl)c(Br)cc1N,-6.339,-4.386,7.229974342969689,9.104909554740233,0.01003079207031585
O=C(c1ccnn1-c1ccccc1)N1CCN(Cc2ccccc2)CC1,-7.598,-5.616,7.311808189497314,7.559543438594688,0.024846131907900526
Cc1[nH]cnc1CNC(=O)c1ccc(NC(=O)C(C)(C)C)cc1,-7.184,-5.027,4.050899406304727,3.5385289316324666,0.699701606712976
O=C(NC1(c2ccc(OC(F)(F)F)cc2)CCCC1)c1cccc(Cl)c1,-7.877,-5.924,7.654283310669916,7.569280282827423,0.020040509502450576
CN(c1ccncc1)c1ccccc1C(N)=O,-6.596,-5.509,12.476961529154444,3.1533735902997604,0.006277285796641629
O=C(c1ccco1)N1CCN(C(O)c2ccc(Cl)c(Cl)c2)CC1,-7.0,-5.421,5.6525282838743935,2.9086845824186565,0.4103698631906029
Nc1ccc(NC(=O)c2cnc(Cl)c(C(F)(F)F)c2)cc1N1CCCC1,-7.452,-5.825,7.941141542624712,9.063264367765072,0.00666326139753473
CCOc1ccc(Nc2nc3ccccc3nc2C(=O)NC(C)c2nnc(C)o2)cc1C,-7.681,-5.789,8.51653943805816,10.303695938836704,0.0021521463531512437
CCOc1ccc(NC(=O)C(NC(=O)Cc2ccc(C)cc2)C(C)C)cc1,-7.566,-5.669,6.600488088012885,7.890144802220044,0.031000190227451485
CCN1C(=S)NC(c2ccccn2)C1c1c(C)nn(-c2ccc(OC(F)(F)F)cc2)c1C,-7.437,-4.734,6.250083119447292,3.6610404258898863,0.2733060045845836
CCNC(=O)C(CC)N(Cc1ccc(F)cc1)C(C)=O,-6.204,-4.369,12.806143759930231,3.3024725585536667,0.00502995501463158
CC(C)OC(=O)c1ccc(N2CCC(Nc3ccc(C(=O)c4ccccc4)cc3)C2=O)cc1,-7.818,-6.063,3.1794795171537107,3.064207238422362,0.8481926624021401
CC(C)(C)c1noc(CNc2nc(N3CCCC3)ccc2[N+](=O)[O-])n1,-7.033,-5.668,5.007885881287632,3.351809958813298,0.5289620948310716
Cc1ccc(NC(=O)c2cc(NC(=O)NC(=O)c3cc(Cl)ccc3Cl)ccc2Cl)nc1,-9.4,-6.871,6.761453763799616,7.956689261244277,0.02707357112454812
CCOC(=O)c1ccccc1NC(=O)C(C)n1nc(C(=O)N(CC)CC)cc1C,-6.562,-5.218,4.705869845203965,3.002077447368738,0.6147461768376041
CCN(Cc1nnc(-c2ccc(C)cc2)o1)C(=O)Cc1ccc(C)nc1,-7.499,-5.949,4.522663042942729,6.726933551032,0.1693940552058333
COC1CCCC(CNC(=O)N2CC(OC)CC2C(=O)O)C1,-6.073,-4.743,8.667602321288166,12.382593024080215,0.0005345297683168246
FC(F)(F)C(F)(F)c1nnc2n1CCCO2,-5.965,-5.688,12.297698077282593,2.9960440584210373,0.007121762712388615
Cc1nc(NC(=O)c2cc3ccccc3c(=O)n2-c2ccccc2)oc1C,-8.221,-6.009,7.824861085028922,7.5806262274300265,0.017922051915204042
Cc1n[nH]c(C)c1S(=O)(=O)N1CCc2cc(C(=O)N(C(C)C)C(C)C)ccc21,-7.07,-5.432,4.181384818454288,2.983429067365268,0.7212078591344001
COc1ccc(C(=O)NC(=O)c2cccc(I)c2)cc1,-7.113,-5.39,6.941031119365479,7.44229057481633,0.03336779204821428
CCNC(=O)c1ccc(C)c(N2CC(C(=O)N(C)C3CCCCC3)CC2=O)c1,-8.002,-5.519,3.6929308144074398,10.027124213851149,0.027041075930129225
CC(Cc1ccc(OC(F)(F)F)cc1)NC(=O)Cc1ccc2c(c1)CCCO2,-8.069,-5.266,3.817839834251824,6.458718293903211,0.23617622689483572
Cc1cc(CC(=O)c2cc(C)c(F)cc2F)n(C)n1,-7.295,-4.928,3.7637519843900455,9.650388489589423,0.033794583597363724
CCOC(=O)C1=C(C)N=c2sc(=Cc3cc([N+](=O)[O-])ccc3Cl)c(=O)n2C1c1cccc(SC)c1,-6.97,-5.419,5.037630097575644,8.964631671184266,0.035629886539867206
CNS(=O)(=O)c1ccc(NC(=O)C2CCCCC2N)cc1,-6.331,-5.261,4.9072719508908405,3.4329046010630715,0.5450935882086724
CN(C)C(=O)C(N)=Cc1ccc(O)cc1,-5.827,-4.616,12.84037600695556,3.1252785475857987,0.00501544743807474
COCC(C)CN(C)Cc1cc(N)ccc1Cl,-5.786,-4.793,12.272808073134689,2.9819605966544898,0.007241780477839497
Cc1cccc(C)c1NC(=O)CCC(=O)Nc1ccccc1C#N,-7.308,-5.577,4.3205227692954,4.976283151107864,0.4444705757899271
COc1ccccc1S(=O)(=O)NCc1c(C)nn(Cc2ccco2)c1C,-6.783,-5.442,4.5986668720402,3.0774330212045227,0.6335565774861197
COc1ccc(Br)cc1C(CBr)Cc1cncs1,-5.615,-4.028,4.330552620624762,6.725154347671138,0.1795692327569931
N#Cc1c(N)[nH]c(=O)n(CCC2CCN2c2ccccc2)c1=O,-7.23,-5.166,7.363271080165391,3.190096706998081,0.15074536468595814
Cc1c(NC(=O)COc2ccc(NC(=O)c3ccc([N+](=O)[O-])cc3)cc2)ccc(Cl)c1Cl,-7.83,-6.194,7.563884848409578,8.849827455945116,0.009595305593470362
CC(=O)SC(C(=O)NC(C)c1ccc(F)cc1)c1ccc(F)cc1,-7.146,-5.515,12.37617937814413,3.087255415413503,0.006727313428981879
O=C(Nc1ccc(OCc2ccccc2)cc1)C1CC(=O)N(c2ccc(F)cc2)C1c1ccco1,-8.082,-6.14,6.800544463497022,5.233139115292083,0.1234780025712898
Cc1cncc(C(=O)Nc2ccccc2C(=O)Nc2ccccc2C(=O)N2CCCC2)n1,-7.225,-6.209,3.42178681393216,6.321322409116624,0.2718081706384451
CCCOC(=O)CSc1nnnn1Cc1ccco1,-5.899,-4.801,11.929479997049327,2.818537209262989,0.009084992389225425
CCCN(c1cccc(C(=O)NCCc2n[nH]c3c2CCCC3)n1)C(C)C,-6.691,-5.245,8.741982498266626,12.663630482606477,0.000428161517718912
COc1cccc(-c2coc3cc4oc(C5CCN(C(=O)c6ccccc6C)C5)nc4cc23)c1,-9.203,-6.832,7.324371918465092,7.852335321418718,0.020601518084579058
Cc1sc(NC(=O)c2ccc(C(=O)Nc3ccccc3C(=O)Nc3cccc(C(F)(F)F)c3)cc2)nc1-c1ccc(Cl)cc1,-9.812,-7.445,4.19146883562314,8.166630027128694,0.07760487414796188
CN(Cc1ccc(C(=O)O)o1)CC1CCCN(Cc2ccc3c(c2)OCO3)C1,-7.595,-5.709,4.694133146812093,2.9578769413212584,0.6195093329358642
O=C(c1ncn[nH]1)N1CCCC1c1ncn[nH]1,-6.151,-5.287,12.692094704972856,2.9427392001331008,0.005589859438171457
Fc1cccc(Cl)c1C=NNc1nc(-c2ccco2)n[nH]1,-7.124,-5.43,6.401046945617568,3.020494164867729,0.27100226376438913
CCCCOc1ccc(S(=O)(=O)Nc2cc(Nc3ccccc3C(=O)OCC)ncn2)cc1,-7.004,-5.292,6.447954326761318,3.028030052691023,0.2636422993530161
CCOC1(c2noc(CCC(=O)Nc3cc(C(C)C)[nH]n3)n2)CCCC1,-6.761,-5.72,4.709138137706304,3.5441588564848505,0.577854818700785
CCCc1ccc(C(N)CC(=O)NC(C)Cc2ccc(C)s2)cc1,-6.532,-5.215,4.523415302622566,3.5656286963171038,0.6130312862884577
C=CCn1cccc1C(=O)OCC(=O)Nc1ccc(C)c(F)c1,-6.849,-4.886,8.676169892296947,12.49009967934604,0.0004971407989168101
O=C1c2ccccc2C(=O)N1COc1cccc2c1Cc1ccccc1-2,-7.961,-6.342,3.8479521826550807,9.814859194099526,0.03002677677354173
Cc1nncn1-c1cccc(NC2=C(O)C(=O)N(c3cccc(Cl)c3)C2=O)c1,-7.9,-5.811,4.306062122171485,3.267286335783872,0.6793147894667735
Cc1ccc(S(=O)(=O)Nc2nnc(CC(C)C)s2)s1,-5.962,-5.027,4.46889617243453,3.5890962650784393,0.6213495067099735
Cc1cnn(Cc2ccc(C(=O)Nc3cnn(C)c3C)o2)c1,-6.892,-5.428,3.9769119929915466,3.09477527455549,0.7490148176052991
Cc1ccc(CN(C)CC(=O)Nc2c(C)cccc2C)cc1F,-7.475,-5.127,12.6098236704563,3.358967400854019,0.005648895748670221
Cc1cccc(C(=O)N2CCNC(=O)C2C)c1F,-6.455,-4.473,7.841709571260593,7.872215825293409,0.014829357033153339
NC1CCCCC1CNC(=O)c1cncnc1,-6.478,-4.585,12.665655490340798,3.0606548318946385,0.0056274435496523134
Cc1ccc(NC(=O)Cc2c(C)nn(C)c2C)cc1C,-7.322,-5.623,4.446371217071287,3.698368424048637,0.6148037264390223
O=C(NC1CC1)C1CN(C(=O)Cc2ccccc2)CC1c1ccccc1,-7.638,-5.781,4.306947991327501,5.1525904164798515,0.41442280111780117
COc1ccccc1S(=O)(=O)Nc1cnc(C(=O)O)cc1F,-6.755,-5.871,4.598610659753661,2.785587729725991,0.6480442883034307
CCCO[N+](O)=Cc1ccccc1C,-5.524,-4.064,11.229663663707832,8.615816792388287,0.0011346366661132603
COc1ccc(C(C)(C)C)cc1C(O)=C1C(=O)C(=O)N(c2ccc(-c3cc(C)no3)cc2)C1c1ccccn1,-7.834,-6.315,3.8173139771310396,9.344503732141156,0.04050150192305498
O=C1NCCN1C1CCCN(C2C=CC=CC=C2c2ccccc2)C1,-6.639,-4.066,4.615848134416902,9.285649896480052,0.034171031817065683
COc1c(CN2CCCC2=O)ccnc1CO,-5.444,-5.361,12.729195811205043,3.1012652256780617,0.005388470763151093
Cc1ccc(NC(=O)C2CCC3CCCN32)cc1C#N,-7.707,-5.651,4.55678164936614,5.023192311667949,0.40617463475859394
CC(C)(N)c1nccc(C(F)(F)C(C)(C)C)n1,-5.602,-4.668,11.894589400227316,2.991066365027697,0.009165897651326901
CCC1CC(=O)Nc2cc[nH]c(=O)c21,-5.885,-5.05,12.478122695341636,3.0885734571157606,0.006311315108244884
CNC(=O)NC(=O)C(C)N(Cc1ccco1)Cc1ccc(Br)s1,-6.127,-4.968,7.128079965881415,2.810442847666538,0.17941780506404975
Cc1cccc(C(=O)NC(C(=O)N2CCN(Cc3cc(C(C)C)on3)CC2)C(C)C)c1,-7.514,-5.785,4.8639830386217415,3.157171835678255,0.5719452630264147
CC1CCN(C(=O)C(C)CC(=O)Nc2ccccc2F)CC1,-6.588,-4.973,4.013089707444876,9.684432353008617,0.031484687032662655
N#Cc1ccc(OCN2C(=O)c3ccccc3C2=O)cc1,-7.353,-5.656,4.638063712369635,3.0528259039781496,0.6266087775915441
CCC=CCC=CCC=CCC=CCC=CCCCC(=O)OC(COC(=O)CCCCCCCCCCCCCC)COP(=O)(O)OCC(O)CO,,,,,0.0
C#CCNC(=O)c1c(C)[nH]c(C)cc1=O,-6.129,-5.108,12.753714047288343,2.848747970600418,0.005416315783638629
Cc1cc(C)c(C(C)NC(=O)c2ccc(N)c(C)c2)cc1C,-7.53,-5.74,4.978883509382399,9.813814243198207,0.021491902259520346
Cn1ccccc1=Nc1c(-c2nn[nH]n2)cc(O)n1-c1ccc(Cl)cc1,-6.905,-5.532,4.82738552427709,4.198988687767568,0.48646976783839696
Cc1ccc(-c2nnc(C(C)NC(=O)c3ccco3)o2)o1,-7.552,-5.987,4.364347488456895,2.974858147878651,0.687115083089977
Nc1cccc2c1ccn2C1CCC(=O)NC1=O,-6.586,-5.246,12.245269780613247,2.841052445837634,0.00744630755736065
CC(CC(=O)Nc1ccccc1N)NS(=O)(=O)c1ccc(C(F)(F)F)cc1,-6.998,-5.189,6.218546051932075,3.0288131338859454,0.30027752085613413
CCNC(=O)C(Cc1ccccc1)N(Cc1cccc(OC)c1)C(=O)CN(c1ccc(Cl)cc1Cl)S(=O)(=O)c1ccc(Cl)cc1,-6.747,-5.63,4.582933012820503,5.10294375826346,0.38951716272165743
O=C(C1CCCCC1)N1N=C(c2cccnc2)CC1c1ccccc1,-7.592,-6.154,12.170211707279377,2.977537573230605,0.007724099712773451
CCOC(=O)CN(C)C(=O)C1CCCN(c2cc(C)ccc2OC)C1=O,-6.441,-5.701,4.431370104155148,2.8805905644502836,0.6786702589390836
O=C(O)c1ccc(CNC(=O)c2ccc(CO)o2)o1,-7.304,-6.014,11.829447577972523,2.7859829504144495,0.009692130989326126
COc1ccc(C(C)N2CCN(c3cccc4cccnc34)CC2)cc1,-7.169,-5.799,4.438436887013265,3.1922213269132818,0.6591653407255157
Nc1ccc(C(=O)Nc2nc(Cl)cc(Cl)n2)cc1[N+](=O)[O-],-7.182,-5.595,6.683551750379434,3.031285700820692,0.22985438059900815
CC(C)(C)C1NC(=S)N(Cc2ccco2)C1=O,-5.76,-4.567,12.762403143608966,3.334156714973068,0.0051503636625448435
Cc1ccc(N(C(=O)c2ccccc2)C(CO)C(=O)NCCN2CCCCC2)cc1,-7.268,-5.556,4.5874480923493826,3.4998174238094193,0.6061749294826779
Cc1ccc(Br)cc1C(=O)OC(C)C(=O)N1CCOCC1,-6.483,-4.626,8.208404838944045,11.813545022557793,0.0010142565258231748
CCCCCCC(N)c1sc(C2CCCC2C)nc1C,-6.615,-4.075,4.145269110685095,10.664977637107357,0.01655205070497572
CCc1ccc(N2C(=O)C(=O)C(=C(O)c3ccc(F)cc3)C2=O)cc1,-7.258,-5.26,7.27263672955002,7.960081029738327,0.019892624699193548
CC=CC=Cc1ccc(O)c2ccccc12,-7.213,-5.12,12.756978247218264,2.762430451613217,0.005436685351601254
COc1ccc(NC(=O)Nc2ccc(NC(=O)c3n[nH][n+]([O-])c3C)cc2)cc1,-7.603,-6.025,5.348155756894147,3.130186096704156,0.466843740037876
Cc1ccccc1NC(=O)C(C#N)=Cc1ccc(OC(=O)C=Cc2ccccc2)cc1,-8.916,-6.998,4.305596590485457,3.232318827096114,0.6819791519686124
CCc1[nH]nc(NC(=O)c2ccc(-c3nn[nH]n3)s2)c1C,-6.738,-5.517,4.39653568164754,2.9999301658538644,0.6793509746412005
Cc1nsc(NC(=O)c2cccc(Cl)c2)c1Cn1cncn1,-6.807,-4.803,8.156654767734135,11.955715495109441,0.0009582284112179901
CCOC(=O)Cc1ccc(NC(=O)C(C#N)=Cc2cnn(C)c2C)cc1,-6.775,-5.414,5.231596123555411,3.047019199151854,0.4960461461682017
O=C(CC(F)(F)F)NC1c2ccccc2CC1O,-6.526,-5.076,6.655103530374265,3.457866538777922,0.22315834026238113
CCCCCCCCNC(=O)CCn1ccnc1-c1cc(C)on1,-6.281,-4.233,4.863985505734983,3.8651034914992897,0.5170124063295354
O=C(Nc1cc(Cl)ccc1F)c1[nH]nc(Cc2ccccc2)c1Cl,-7.21,-5.763,12.287896728081662,3.004689834242463,0.007160372285398742
CCOC1CCC(C(=O)O)C(C(=O)Nc2ccc(Cl)cc2Br)C1,-6.747,-5.054,6.953981377599453,6.521548589100598,0.05736126306807359
CC(NC(=O)COC(=O)c1cc(O)c2[nH]c(=O)[nH]c2c1)c1ccc(Br)cc1,-8.006,-6.31,4.581662034676936,3.022759831677005,0.6401861060301614
Cc1[nH]ncc1S(=O)(=O)Nc1ccc(C(=O)N2C(C)CC3CCCCC32)cc1,-7.407,-6.146,4.159784008815842,3.336689077513816,0.7001614667140706
CNC(=O)c1ccc(Nc2nccc(-c3c(C)noc3C)n2)s1,-7.566,-5.237,3.991559720209633,3.0903938260357684,0.746958805335555
C=C1N=CN(C(N)NC(=O)OC(CCC)C(F)(F)F)N1,-7.028,-4.671,3.3755608422897665,9.913838610750126,0.030382597345538127
CCOC(CNC(=O)C(=O)Nc1cnn(CC)c1)c1ccccc1,-6.942,-5.357,4.433872912026234,3.030748752371269,0.6701380144854813
Cc1ncnc(NCC2CCCO2)c1Cl,-6.263,-4.807,12.486257645908161,3.062183044822763,0.006294262999444728
CC(C(=O)Nc1ccc(Cl)c(C(=O)N2CCCC2C)c1)N(C)CCC#N,-6.887,-5.288,3.3931734408957057,3.015739544456715,0.8315158374518479
CC(Nc1ccnc(C(N)=O)c1)c1ccc(S(=O)(=O)N(C)C)cc1,-7.217,-5.446,4.025700684352974,2.771013713426911,0.7599378281846038
CN(C(=O)C1CCCN(CCc2ccccc2)C1=O)c1ccccc1,-7.545,-5.143,3.8447858197824236,10.481564482461575,0.019813686395959255
COc1ccc(N(CC2CC2)S(=O)(=O)c2ccc(C(C)N)cc2)cc1Cl,-6.552,-4.517,6.692025179271219,9.860781054257316,0.008630929595966298
CCOc1ccc(-c2ccc(C(C)NC(=O)Cc3ccccc3F)c(C)n2)cc1,-7.229,-5.748,7.400262495344338,9.668556458954978,0.006365013478824899
O=C(O)COc1cccc(C=C2N=C(c3cccc(C(F)(F)F)c3)N=C2n2cccc2)c1,-7.943,-6.785,4.410497931073088,2.92349756285173,0.6807068711371974
Cc1ccc2c(c1C)CCC1(C2)NC(=O)NC1=O,-6.619,-5.631,12.071926234035727,9.479049108428546,0.00039155357415269733
CC(C(=O)NC1CC1)n1c(C=Cc2ccco2)nc2ccccc21,-7.177,-5.248,3.749149503554106,6.162095747389843,0.28283764653118515
Nc1nn[nH][n+]1N=Cc1cccc(Br)c1,-6.633,-5.273,12.493401218243173,3.0232613185101944,0.006287487097279089
CCN(C(=O)c1cc(OC)ccc1Br)C(C)Cc1ccco1,-6.232,-4.444,7.580729450389321,3.0578904493130548,0.13368397712965888
CSCCC(NC(=O)c1ccc(C)cc1)C(=O)C(=N)O,-6.567,-5.188,3.632584479403059,5.6612115311124,0.3765823726977469
Cn1ncc(Br)c1C(=O)OCCNC(=O)c1cccc(F)c1,-6.653,-5.288,4.594568750165787,4.099291402181602,0.5412518854544304
CN(C(=O)c1cccc(-c2ccccc2)n1)c1ccccc1Cl,-7.722,-5.737,3.7684888217958137,10.132730777041301,0.024986935010949642
CC1CCC(OCCC(=O)Cc2ccc(F)cc2)CC1,-6.614,-4.979,12.681136620981576,3.1418774641923894,0.005531463036699042
CC(C)(C)c1cccc(-c2nc(-c3cccc4c3oc3ccccc34)c3c(n2)oc2ccccc23)c1,-9.113,-7.294,4.344256438103073,4.439442532570954,0.5335106886811614
O=C1SC(=Cc2ccc(-c3ccc(Cl)cc3Cl)o2)C(=O)N1Cc1ccc(Cl)cc1Cl,-7.941,-6.034,4.4907657476203315,9.364549375170169,0.03387149170973351
CCOC1CC(NC(=O)c2ccc(C(F)(F)F)nc2C)C1(C)C,-6.681,-5.107,9.152689003784626,8.653433827100084,0.004053851673958801
Cc1cc(Nc2nccc(C(=O)Nc3ccc(CCl)cc3)n2)cc(C)c1C,-8.369,-6.18,4.343235429953113,9.784496410137827,0.02722915735276301
Cc1ccncc1NC(=O)c1cc(C(F)(F)F)nc2c1c(=O)n(C)c(=O)n2C,-8.768,-6.052,8.543979927410877,11.962194656500118,0.000750641628493824
COCCOc1nc2ncnc(NCCC#N)c2[nH]1,-5.93,-4.616,5.3932470738878635,3.0594264168304495,0.460091379003475
CC1(OC(=O)C(=O)c2ccc(C(F)(F)F)c(Cl)c2Cl)CCCCC1,-6.36,-5.133,4.320161686789048,5.433734995378408,0.36327341960845266
COc1ccc(C2CC(c3ccc(F)cc3)N(CC(=O)Nc3ccccn3)C2)cc1,-7.712,-6.098,7.478152579347389,7.921010857207557,0.017983200386776945
CC(=O)Nc1cccc(C(C)N2CCN(C(=O)C3CCC3)CC2)c1,-7.398,-5.447,4.17570077950995,2.9876701625179445,0.7219851299859061
NC(=O)C1CCN(C(=O)c2nc(-c3ccccc3)n(-c3cccc(Cl)c3)n2)C1,-7.263,-6.13,4.672069562838292,2.9358448528490064,0.6253655106168248
Cc1cc(Br)ccc1NC(=O)c1ccc(NC(=O)c2ccccc2Br)cc1,-7.14,-6.014,5.872052281783601,3.4669296214373895,0.3458657864514223
CCOC(=O)c1cccc(C(C#N)=Cc2ccco2)c1O,-6.505,-5.169,4.805264300743508,2.984678542154917,0.5938734521144287
O=C(CSc1nnnn1-c1ccc(Cl)cc1)Nc1ccccc1OC(F)(F)F,-8.323,-6.065,12.327629901972237,3.1455377918569023,0.006896604773100017
CCNC(=NCC(C)(C)c1ccc(OC)cc1)NC1CCN(C(=O)CC)C1,-6.99,-5.352,4.532947275228336,2.9220930854440623,0.6556646961464809
Cc1nc2ccccn2c(=O)c1-c1ncn[nH]1,-6.23,-5.069,8.17475314612007,3.233202901149261,0.09116352944445316
NC(=NO)c1nc(Nc2cccc(Br)c2)ccc1-c1ccccc1,-8.099,-5.902,4.541172315603098,4.539768826713536,0.48735559613929447
CN(Cc1ccn(C)n1)C(=O)C1(c2cccc(Cl)c2)CC1,-6.503,-5.282,12.175485247003506,3.14173009661874,0.007587352773470743
Cc1sc(C(=O)Nc2cccc(OC(F)F)c2)cc1NC(=O)Cl,-7.383,-5.293,7.59932490422669,7.614899474057421,0.020156003419618117
Nc1ccc(F)cc1C(=O)Nc1ccc(C(=O)NS(=O)(=O)c2ccccc2)cc1,-8.14,-6.289,4.27670071433576,3.5192868595782305,0.6634375665225886
CCN1CCCC1(C)C(C)C,-4.059,-3.95,13.0585424531224,3.2277064612507753,0.004331406184660864
CC(C)CCNC(=O)c1ccc2c(c1)OCCO2,-6.089,-4.656,8.378519081556119,9.111767666045925,0.004932540744074737
Cc1ccc(C(C)(C)C(=O)N2CCC(n3cncn3)C2)cc1,-6.885,-5.684,4.527135297293422,2.921679311628845,0.6568997651163905
O=C(O)CCc1cc(F)ccc1F,-6.178,-4.904,11.607070172959238,3.0272413184283806,0.01093678707126165
CCC(Cc1cc(Cl)c(Cl)cc1Cl)(C(=O)O)c1ccccc1,-6.88,-4.794,5.03384157478163,3.3529085880769256,0.5232830640125343
CCN(CC)C(=O)c1cc(NCCc2ccc(C)cc2)ncn1,-6.907,-5.362,4.275829977910721,3.606750615165956,0.6550626881052857
CCCC(=O)Nc1cccc(NC(=O)c2ccc(NC(=CC(=O)OC)C(=O)OC)cc2C)c1,-7.9,-5.528,7.387844746609122,10.068771225924243,0.0049955507534292015
Cn1ncc(C(N)=O)c1NC(=O)c1cnc(-c2ccccc2)nc1,-7.02,-5.989,4.405924534079085,3.231227785223443,0.6628710190880361
Cc1ccc(-c2cccc(=O)n2CC(=O)Nc2ccccn2)cc1,-7.32,-5.524,4.453638287961876,8.418127760969181,0.06173875434054647
CC(C)(C)c1ccc(C2OC(=O)C(c3ccccc3)=[N+]2[O-])cc1,-7.091,-5.291,9.291305236617728,13.14089757208388,0.00022568094676467273
Cc1nc(CN(C)C2CCN(CC(C)O)C2)no1,-6.717,-5.403,12.456524154032696,2.9768135648710015,0.00645896444201834
O=C1CC2c3ccccc3CC2C2=C1C(c1ccc(F)cc1F)Nc1ccccc1N2,-6.739,-4.644,4.8927179563101735,8.572324655541227,0.048195885962984686
CC(=O)N1C2CCC1CC(NC(=O)C1CCCN1)C2,-6.773,-5.185,4.9561115806648255,2.847562817568737,0.5661911409173308
Cc1nn(Cc2ccccc2Cl)c2c1NC(=O)CC1(CCC(C)C1)C2,-5.445,-4.113,8.870432965757647,12.659837676684486,0.00039621499524491907
O=C(c1cn[nH]c1-c1ccccc1Cl)N1CCN(c2ccccn2)CC1,-7.349,-5.885,4.602085396860862,8.902034093396855,0.04359566035142367
CC(=O)N(CC1Cc2[nH]cnc(=O)c2CO1)c1ccc(Cl)cc1F,-7.285,-5.362,6.934204063913896,3.236171967000517,0.1943022519822289
N#Cc1ccc(C(=O)COC(=O)C=Cc2ccc(NC(=O)c3ccco3)cc2)cc1,-7.691,-6.537,4.467952775041384,2.8979491023825803,0.6703398184568886
CC(NCc1ccc(C2NC(=O)c3ccccc3N2)o1)c1ccccc1,-7.961,-6.374,4.396697283188826,2.9772920582300966,0.6805823833987094
Cc1cc(C(=O)CSc2nnc(Nc3cccc(C)c3C)s2)c(C)o1,-7.589,-6.368,4.3860402414934585,3.0065079411170688,0.6810574557351251
Cc1cccc(C(C)NC(=O)c2ccc(S(=O)(=O)Nc3cccc(Cl)c3Cl)cc2)c1,-8.246,-6.236,7.408569700016327,8.294215152743506,0.014897070595757587
COC(=O)CCc1cccc2c1CCCN2,-6.25,-5.234,12.35671165804236,3.0769663631570627,0.006816025923868208
CN(CC(=O)NC(CC(=O)O)c1ccc(C(F)(F)F)cc1)Cc1ccc(F)cc1,-6.286,-4.618,6.2003659569415746,2.9885605230612278,0.304370912215602
COc1ccccc1C(=O)N(Cc1cccnc1)c1nc2c(Cl)cccc2s1,-7.427,-5.695,3.746669587780593,8.512723066093482,0.06884476997895404
Cc1cc(CC(C)C)nc(SCc2nc3ccccc3c(=O)[nH]2)n1,-6.05,-5.803,3.678127920559587,3.5747601318130418,0.7484539100921979
CCCCCCCCC(=O)OC1C(=O)OC(=O)C1C,-6.238,-3.954,12.183231344762358,2.926930986545463,0.007692159377543107
CCOC(=O)C(C(=O)OCC)C(Cc1ccc(Oc2ccc(C=NN)cc2)cc1)Nc1ccccc1,-6.672,-5.063,4.517916665898121,5.688173081051596,0.30213681243849116
CC1CN(CC2CCN(C(=O)CCc3noc(C(C)C)n3)C2)CC(C)O1,-6.858,-5.433,4.556014266878452,3.111235606636051,0.6404768303252248
CCCCS(=O)(=O)NC(c1ccccc1)C(C)O,-6.175,-4.442,4.686757941263875,8.285314779777531,0.06212900851886991
Cc1ccnc(NC(=O)c2cc(Nc3ccc4c(c3)OCO4)ncn2)c1,-8.5,-6.158,8.28663224717979,8.852323875683718,0.006137171859753172
CC(=O)C(NC(=S)Nc1cc(C)ccn1)c1ccco1,-6.428,-5.855,12.601357069776256,3.076903150897018,0.0058496748058028125
CC1(C)C(C(=O)O)C1(C)C,-4.663,-4.575,11.796206212168386,8.691686027463255,0.0007596661292925545
O=C1NC(=O)C(N2CCC2=O)=C1I,-4.904,-4.411,7.805497037344899,3.050189174461152,0.11653986412651511
O=C(Nc1ccc(F)c(Cl)c1)c1ccc2c(c1)CCC2,-7.38,-5.774,12.442348090292283,2.9122178833322208,0.006549462077469323
COc1cc(NC(=O)Nc2ccc3[nH]c(=S)[nH]c3c2)ccc1F,-7.001,-5.513,7.070958987294439,9.062084197357692,0.011338763716426191
Cc1cc(Cl)ccc1NC(=O)COCc1nc(-c2ccc(Cl)cc2)n[nH]1,-7.298,-5.267,8.638528636289863,12.936307085099674,0.00038506022772137046
CCCC1CN=C(Nc2ccc(F)c(C)n2)S1,-5.909,-4.835,4.394663809667356,4.751424418003511,0.4742453093291202
CCCc1c(Nc2ncccc2C)ncnc1-n1ccnc1C,-6.496,-5.249,12.546228556821369,3.0274182069875977,0.006081131694541026
Cc1ccc(Cn2nccc2NC(=O)c2cccc(NS(C)(=O)=O)c2)cc1,-7.712,-6.197,5.5424421512542645,2.943208283489296,0.4323737937046181
Cn1c(CCC2CCCC2)nnc1SCc1nnc(-c2ccco2)o1,-6.899,-6.267,4.92869810396214,2.928582250851083,0.568982418967134
Cc1ccc(C(=O)Nc2cc3cc(Cl)ccc3cn2)o1,-7.21,-5.801,4.156652619596687,5.267902239032156,0.40952910354343036
Cc1ccsc1C(=O)N1CCC(c2ccn[nH]2)CC1,-6.337,-4.932,11.956099949398215,3.1010635272435167,0.008735869429645477
CC1CN(c2c(Br)cccc2Br)C=NN1C,-4.951,-3.898,4.587975806387823,9.586464103098702,0.02858917460181776
Cc1ccc2c(c1)N(C(=O)c1ccc(F)cc1)CC(C(=O)N(C)Cc1ccccc1)O2,-7.603,-5.943,4.909857228066821,9.948991355911412,0.020301668829196744
CN1CCN(c2ccc(-c3noc(-c4ccc(Cl)cc4)n3)cc2)C1=O,-7.349,-6.095,4.430893815021976,3.1862036971920036,0.6610617267413242
O=C1CN(Cc2ccncc2)CC(=O)N1CCSc1ccc(Cl)cc1,-7.085,-4.702,3.924797701793049,10.456735676108487,0.0198071573091223
Cc1ccnc(-c2nc(C(=O)Nc3ccnn3Cc3ccccc3Cl)cs2)c1,-7.796,-5.93,4.614935102468939,6.988731859214517,0.14071269170843373
O=c1cccc2n1CC1CNCC2C1,-6.293,-5.024,12.551515486187316,3.186682914881868,0.005971656215099587
CS(=O)(=O)N1CCN(c2ccc(Cl)cc2Nc2ccc(C(=O)Nc3ccccn3)cc2)CC1,-8.123,-5.94,5.063505208844956,3.000812889868344,0.5355489218508565
C=C1CC(C)(C)CC(CCCC(C)=CCc2c(C(C)C)cc(C(C)C)c(OC)c2O)C1CCC=C(C)C,-6.402,-4.381,6.946319960957744,7.816560944558674,0.026446997952976916
Cc1cc(C(Nc2ccccc2C)c2cccnc2)nc(N)n1,-7.735,-5.066,4.557560092856703,8.764185872059082,0.048199029237043646
CC(=Cc1ccc(C(F)(F)F)o1)N(N)S(C)(=O)=O,-6.985,-4.641,6.971881883681048,7.9854023693236655,0.023472549208166393
CNc1ncc(C(=O)N2CCN(Cc3ccco3)CC2)cn1,-6.282,-5.566,12.859110428019505,2.8228474985376026,0.005080158914949555
O=C(Nc1cccc(F)c1)c1cnc(Nc2ccc(O)cc2)c(Cl)c1,-7.221,-5.594,3.5908390384421303,2.9977521578676254,0.8103177557113338
Cc1cccc(-n2c(=S)[nH]c3ccccc32)c1F,-6.471,-4.932,12.781614686728746,2.8075606850075387,0.005337795309337076
COC(=O)C(C)OCC(=O)Nc1ccc(F)c(F)c1F,-6.493,-4.843,3.46064517106276,10.033657857431654,0.02788624029383072
COC(=O)CN1C(=O)NC(C)(c2ccco2)C1=O,-6.03,-5.264,11.85705351257217,2.7060075757469715,0.009574311439257657
O=C(NCc1n[nH]c(=O)[nH]1)N1CCS(=O)(=O)CC1,-7.134,-4.762,7.430302685624589,3.0160908474381207,0.14707787587800147
CCc1ccc(C(=O)C(C)Oc2cccc(F)c2)cc1,-6.908,-5.507,8.520574276420575,8.956590980948052,0.00497464531114843
CCOc1ccc(Cl)cc1C(C)NC(=O)C(C)=Cc1ccc(OC)c(C)c1OC(C)C,-6.685,-5.285,6.0410838431526495,2.8815365692630035,0.3351161264921844
CCCCC(NS(=O)(=O)c1ccccc1[N+](=O)[O-])c1ccccc1,-6.506,-4.845,11.989308236925098,3.096573751745629,0.008559990061037134
CN1C=NC=CC1=C1NC(=O)NC1=O,-5.899,-4.908,12.24932998167655,2.9903407832553133,0.007343782058317643
CCc1nnc(-c2ccccc2Nc2ccc(N(C(C)=O)c3ccc(C)cc3)cc2)o1,-8.376,-6.512,4.269821893240982,6.180304280535061,0.24964174837867886
Cc1ccc(NS(=O)(=O)c2ccc(C(=O)N3CCC(Cc4ccccc4)CC3)cc2)c(C)c1,-8.822,-6.453,4.469968903694969,3.5532838333012458,0.6244698235068287
Cc1nc(C(N)C(C)(C)C)n(C)n1,-4.945,-4.395,12.803341009283475,3.150856074148739,0.005120256379048431
O=C(Nc1ccccc1)c1ccccc1C(=O)c1cccc(F)c1,-7.788,-5.778,8.386296500839926,12.585558946665817,0.0005607145808492737
CC1CC(C)CN(c2ccc(CNCCCC(=O)O)cn2)C1,-6.58,-4.634,8.64960513549607,8.279185286004898,0.006994012384395357
CCN(CC(=O)Nc1c(C)cccc1C)Cc1nc(CC(C)C)cc(=O)[nH]1,-6.469,-5.046,4.499384180085092,3.041069877526658,0.656253162371169
O=C(O)CCC1CCN(C(=O)c2cccc(Br)c2)C1,-7.114,-5.467,8.417137161767057,8.752559454239655,0.006022613155022345
O=C1c2cnn(Cc3ccc(F)cc3)c(=O)c2CN1c1ccccc1,-7.772,-5.692,6.709825854670149,5.069073583999347,0.13985522394638847
Cc1ccc([N+](=O)[O-])cc1NC(=O)CCOC(=O)C1CC2C=CC1C2,-7.625,-5.325,4.869102381342993,3.0595622235868976,0.576052726492506
O=C(NC1CN(C(=O)c2cc(F)ccc2F)C1)c1ccccc1,-7.045,-5.882,3.365225846804341,9.604961322150132,0.03688898671817098
Cc1oc(-c2cccs2)nc1CCC(=O)Nc1cccnc1Cl,-6.62,-5.407,7.324797130296511,8.395788587142961,0.014718989627604132
CCCCC(NC(=O)C1(c2ccccc2)CC1(C)C)C(=O)O,-6.662,-4.296,8.805629392610161,13.112761532186878,0.0003108193030125871
CCOP(=O)(c1ccccc1)C(C)N,-5.429,-4.332,12.392637088206852,2.930583730248976,0.0067466754237271945
CC(=O)C1CCC2(O)CCC3CCC(C)C31C2,-6.018,-4.987,11.898427921368436,2.8889129443442907,0.00921697282567655
CC(=O)c1cc(F)c(Nc2ccc(Cl)cc2C)cc1N,-6.748,-5.059,6.954344685159056,10.257812924790548,0.005766404203316291
CCC(Nc1cc2ccccc2[nH]c1=O)C(=O)O,-6.819,-4.782,7.867157618860829,3.140101590713268,0.11127477783308168
CCOc1ccc(N=C(C)Nc2ccccc2O)cc1,-6.759,-4.818,4.533325931366506,3.7003410653614073,0.5982272523486052
CC(NC(=O)NC1(c2ccc(F)cc2)CC1)Nc1ccc2ccccc2n1,-7.887,-6.925,12.423942610942794,2.8372444378304804,0.006661330554418179
COc1ccc(NC(=O)c2nnc(CN3C(=O)CN(C)c4ccccc43)s2)cc1,-7.564,-5.948,7.227971638018511,10.307673549351474,0.004741584484427432
O=C(COc1cc(Cl)ccc1Cl)Nc1cccc(Cl)c1,-6.807,-5.434,3.7745497744764203,9.916793635041518,0.028562412538753967
O=C(CSc1nnc2n1CCCCC2)NC(=O)c1ccccc1,-5.705,-4.561,4.761611806941008,8.880927316446183,0.0417878660212619
COC(C)(C)CCN=C(N(C)C)N(C)C,-5.166,-3.66,11.588679087799438,9.053674502653605,0.000690409724881863
CCC(=O)N(CCNC(=O)CCc1ccc(C)cc1)c1ccc(OC)cc1C,-6.571,-5.622,4.549937252314584,3.53607734643913,0.6104876138618491
O=C(NCCCc1ccccc1)c1nnn(-c2ccc(C(F)(F)F)cc2)n1,-7.874,-5.96,4.231535300573539,3.1123634106575664,0.7040206345001737
COc1cc(O)cc(C(=O)Nc2c(C(C)NC(=O)c3ccco3)n[nH]c2C)c1,-8.131,-5.498,6.4041905811741735,2.824595546268527,0.2745998286803191
Cc1cc(NCC(C)(C)CN(C)C)nc(C(F)(F)F)n1,-6.428,-4.203,9.46048397282084,8.759255390728141,0.003132948509598287
CC(NS(=O)(=O)c1ccc(CO)o1)c1ccc(I)cc1,-6.552,-5.522,4.956388402859486,3.0373799564756463,0.5577896392489998
CNC(=O)Nc1nnc(-c2c[nH]c3ccccc23)s1,-7.01,-5.699,12.416811023769348,2.9582327494637743,0.006631155551147505
COC(=O)Nc1ccc(C)c(NC(=O)c2ncn(C)n2)c1,-6.752,-5.001,6.338640469375116,3.027597892719574,0.2806446249734151
CCc1nc(C(=O)Nc2ncccc2Br)n[nH]1,-6.719,-5.457,12.676489301064393,3.0324600574451104,0.005603258435923162
COc1ccc(CNC(=O)C(C[N+](=O)[O-])c2cccc(C(F)(F)F)c2)cc1,-7.181,-5.503,7.5565676070554675,6.094626321604959,0.05070658176910144
CC1(CNC(=O)c2nnc(C(C)(C)C)o2)CC1,-5.996,-5.543,12.478914455993358,3.018139327466511,0.0063474336616326545
COC1CC(O)CC2(C)C1=CCC1C2CCC1(C)C(=O)Nc1nnc(C)s1,-7.603,-5.725,4.046475503447414,3.6930392632627127,0.6837692644619129
CCCCCCCCOP(=O)(OCCCCCCCC)c1c(C)c(NC(C)=O)c(C)c(C)c1-n1nc(C)cc1C,-5.496,-4.352,4.264619326505005,6.102881286736618,0.2609415697761405
CCOC1CN(c2nccc(C)c2C#N)CC1OCC,-5.997,-4.483,7.3385390916721285,3.4491988924966335,0.14847503112829508
Cc1nc(CC(=O)N(CC(C)C)C(C)c2ccccc2F)cs1,-6.325,-4.827,4.08780478985971,6.843666415014689,0.17817542179900528
Cc1cccc(NC(=O)c2cnc(-c3cccc(Cl)c3)nc2C)n1,-7.838,-6.093,7.309881941591123,10.347579137170202,0.004400914588962839
CC1CC(c2ccco2)CN1C(=O)c1ccccc1,-6.821,-5.134,4.633769631736131,10.20723238689117,0.01911005031137095
Cc1ccccc1OCC(=O)NNC(C)c1cccc(Br)c1,-6.932,-5.507,3.9625188958539987,9.50531030529777,0.03559379435083001
O=C(Nc1cc(Oc2cc(Cl)ccc2Cl)ccn1)c1ccco1,-7.873,-5.47,6.882882317750318,7.807054117911569,0.027626941430535627
Cc1[nH]c(CC(=O)Nc2ccccc2O)c(C)c1CC(=O)O,-6.748,-6.144,4.338556672443038,3.007118388091828,0.69032351907181
CCn1cc(NC(=O)C(Nc2cccc(C(F)(F)F)c2)C2CCCC2)c(C(N)=O)n1,-7.911,-5.82,7.0711473609308975,7.042828480092355,0.03930742374230399
CC(C)C1CC(Cc2ccc3c(c2)CC(=O)N3)CN1,-7.183,-5.67,8.39008545844439,8.938793319011241,0.005454346806383192
CCOC(=O)c1ccccc1N1C(=O)CC(C(C)NC(=O)Cc2ccc(Cl)cc2)C1=O,-6.442,-5.573,5.39595867293292,3.6087280307609775,0.4303798920425931
CC12CCCC1CC(=O)c1cccc(OC(=O)c3ccccc3)c12,-7.421,-5.756,7.3236267654762415,7.628850306566514,0.02364372772508631
CCc1ccc(Nc2cnnc(C(=O)OC)n2)cc1,-6.716,-5.648,12.410416793967881,2.8547465736909117,0.006709631686571486
COC1=CC=C2N=NN2C(=O)CC(C)(C(=O)N2CC(C)CC(C)C2)C=C1,-4.781,-3.443,9.048840257182132,12.809341669266223,0.0003229307233989186
CCC1COCN1c1ccc(Cl)c(S(=O)(=O)Nc2ccccc2)c1,-6.879,-5.5,4.401466687366837,4.04852998012859,0.5816625495307473
CSC(N)=C(C#Cc1ccccc1)C(=O)NC(=Nc1ccccc1)c1ccccc1,-6.903,-5.782,5.0249340294176985,4.825444642724648,0.3695003616286782
CCCSc1nc(SCC(=O)c2cccn2C)c(Br)cc1C(=O)O,-6.074,-4.622,5.410076801672967,2.887455973690335,0.46284052298193695
CCCNC(=O)C1CC(=O)N(c2ccc(C)cc2)C1C,-6.526,-4.984,12.999217130273653,3.0829365870870586,0.004559372163708706
C=CNn1cc(-c2cccs2)nc1NN=Cc1cccc(Br)c1,-5.859,-5.252,12.749140637705743,3.2067648806858298,0.005266970775192931
CC(N)C(O)CNC(=O)c1ccc(CC(C)(C)C)cc1,-6.216,-5.156,4.555605887255832,2.9741207103949225,0.6482562990894374
Nc1cc(C(=O)NCc2c[nH]cn2)ccn1,-6.677,-5.107,12.398997943382362,2.9365990533268245,0.006716784414549563
CCC(C)c1nnc(NC(=O)c2ccc(Cl)cc2)o1,-7.024,-5.308,4.5045444830748425,3.7392151582919113,0.5996931270021436
COC(=O)C(Cc1ccccc1)P(=O)(OC)OC,-5.577,-4.602,12.091541589061338,2.965308921512226,0.008121344600606052
COc1ccc(NC(=S)Nc2c(Cl)cccc2Cl)cc1C1CC(=O)N(C)C1,-6.239,-5.161,4.967164583542607,9.159816319119068,0.03246999187087593
O=C(Nc1ccc(Cl)c(C(=O)c2ccccc2)c1)c1cc(Br)cc(NC(=O)C2CC2)c1,-8.512,-6.615,5.443729787562935,2.937379444334694,0.4537760484622781
CC(C)(NCC(=O)Nc1ccc(OC(F)(F)F)cc1)c1ccc(Cl)c(F)c1,-7.769,-5.424,6.792140825984102,10.241605879938946,0.0064146031232014305
CCN(CC)CCCC(C)NC(=O)c1ccc(Oc2ccc(C#N)cn2)cn1,-6.674,-5.015,7.076249995583819,3.6523332268564985,0.16888614332965568
CCC(C)(C)c1ccc(C=C(C#N)C(=O)Nc2ccc(C(C)=O)cc2)o1,-7.055,-5.491,7.265281412306065,9.689332123526368,0.006819838205482446
O=C(Cn1c(=O)oc2ccccc21)NC(Cn1ncccc1=O)c1ccco1,-6.792,-5.67,7.644140893520998,3.0104047900573105,0.12911909800701998
CC(=O)NC(C)C(O)c1ccccc1Cl,-5.735,-4.519,12.71202415038612,2.877957782873126,0.005547687434673252
Cc1cccc(NC(=O)C(C#N)=Cc2ccccc2OCc2ccccc2C#N)c1,-7.994,-6.327,4.68014326703788,3.279276292110806,0.6038681018273894
Cc1cc(C)n2nc(C(=O)OC(C)C(=O)N3CC(=O)Nc4ccccc43)nc2n1,-8.049,-5.834,7.4886108858719584,3.289105653517381,0.13818793942593335
CC1CN(C(=O)C2CCN(S(=O)(=O)Cc3ccccc3)CC2)C(C)CO1,-7.01,-6.047,4.516899157608016,2.811167017450226,0.6642857343937204
O=C(NC(CC(=O)N1CCc2ccccc2C1)c1ccc(Cl)cc1)c1cccs1,-7.573,-6.304,4.5444751072043506,7.876226380697801,0.08390244905269989
C#CCN=C(C)N(c1ccccc1)c1ccccc1,-6.088,-4.475,7.217165232970629,7.804409330628423,0.022642444341313295
FC(F)c1ccc(CNCc2cccc(COc3nccs3)c2)cc1,-7.252,-5.608,8.341470493863776,8.780722749295753,0.006202346201555829
CCC(C)C1NC(=O)NC1=O,-4.96,-4.314,11.729443209291736,3.0508677454127704,0.010110865917315064
O=C(COc1cccc(Cl)c1Cl)NNC(=O)c1ccc(Cl)c(Cl)c1,-6.686,-5.602,7.445877785728153,10.644442211783575,0.0033657413541916524
Clc1cccc(CN2CCCC2c2nnc(Cc3ccccc3)o2)c1Cl,-7.892,-5.738,5.172669813548899,9.846195458145242,0.01941468917506536
CCNC1CC(Oc2ccncn2)CS(=O)(=O)C1,-6.073,-4.678,12.507262890017143,2.8515662362989223,0.006316991931921151
Cc1noc(C(C)NC(C)c2c(C)n[nH]c2C)n1,-6.439,-5.819,12.301441338314792,2.9169033237322073,0.00714984181814353
Cc1nnc(SCC(N)=NC(=O)c2ccco2)o1,-6.806,-5.467,12.392956870739122,2.796305598463802,0.006810503054044868
Cn1nccc1C(NN)c1ncc[nH]1,-5.365,-5.082,13.449666687319802,2.8041463941813016,0.003516683664878256
CC1CCC(C(=O)O)N1Cc1cnc(N(C)C)nc1,-5.801,-4.909,7.864490638305827,3.1308807067660687,0.11155647793996976
COc1ccc(OC)c(C(=O)NC(C)(C#N)C(C)C)c1,-6.753,-4.503,8.061635069885016,11.501002651943002,0.0013501745941984292
Cc1[nH]c2ccc(C(=O)N3CCOCC3)cc2c1C,-7.294,-4.908,11.647084012747568,9.005809125225785,0.0006858091550395745
Cc1ccc(NC(=O)C(Cc2ccccc2)NC(=O)c2ccco2)cc1,-7.324,-5.787,3.6355811089838164,7.59782534676864,0.12337127574141325
CCc1nc(SCC(=O)Nc2c(Cl)cnn2Cc2ccco2)n[nH]1,-6.833,-4.471,7.588201433804983,3.171173915129853,0.13166420974955179
COc1ccc(C(=O)COc2ccc(Cl)cc2)c(Br)c1,-6.765,-4.975,8.722700613915395,8.95886929249445,0.0043812557804202065
COc1ccc(C)cc1S(=O)(=O)N1Cc2ccccc2C1,-6.889,-5.602,4.5040311943857585,5.6031271625762695,0.3167628464498812
Cc1cccc(C(=O)Nc2ccccc2C(N)=NO)c1,-7.335,-5.714,12.080123385131461,2.8872918106765724,0.008228600718822183
CCC(C)N(CC(=O)OC)S(=O)(=O)c1ccc(C(N)=O)c(F)c1,-6.113,-4.528,6.171645323574581,3.0193916605833038,0.30848672232832486
CCOCCOC(=O)C1CCC12CCN(C(=O)c1ccon1)CC2,-5.881,-4.829,6.009987853565097,2.895859803236339,0.3404759953055916
N#CC(=Cc1ccc(Br)c(Br)c1)C(=O)Nc1cccc([N+](=O)[O-])c1,-7.374,-5.738,8.926807380021147,8.851644988362333,0.004125075773479466
O=C(OC1CCN(c2ccc(C(F)(F)F)nn2)C1)c1ccco1,-7.274,-5.604,3.8841332366436654,3.1956542366157197,0.7560090969619586
COc1ccc(NC(=O)c2ccccc2C(=O)c2ccc(C)cc2)cc1,-7.62,-5.898,12.575078011686449,3.2721474600023757,0.005831270999632243
CC=CCCCCC1OC(=O)C2CC1C1CCCC21,-6.82,-5.216,12.776389239530863,3.453534566208944,0.005029670040053376
Clc1cc(Oc2ccccc2)ccc1CNC1CC1,-6.487,-4.807,8.47778184432697,8.993128321112737,0.004993659365446256
COc1ccccc1C1NCCc2c1[nH]c1cccc(C(=O)O)c21,-7.434,-5.009,7.276266418981646,7.090728735468591,0.03374488288443089
N#Cc1cc([N+](=O)[O-])cnc1NNC(=O)c1cccs1,-6.437,-5.119,5.40753899662314,2.9824664289812213,0.45999923819559163
Cc1c(Br)coc1C(=O)Nc1ccc(Cl)cc1Cl,-6.738,-4.724,8.641118098949926,12.476221944162424,0.0005125167708829036
CCCN(C1CCNC1)C(C)c1cc(F)cc(F)c1,-6.365,-4.692,12.687164773896491,3.032798048007813,0.005565836382261664
COc1cccc(C2=CC(=Cc3cc(C)c(O)c(C)c3)C(=O)O2)c1,-7.547,-6.105,7.188237266534821,8.201931540801837,0.018028713829501452
COc1cc(Br)c(-c2nnc(C(F)(F)F)o2)cc1OC,-7.405,-4.725,3.582594590516766,9.072323682497224,0.049922785560134596
Cc1ccc(C(=O)NC(=S)Nc2cccc(NC(=O)c3ccco3)c2C)cc1,-8.565,-6.404,6.865695157811771,3.4328357082738474,0.19773897588064474
O=C1CN(c2cccc(O)c2)C(=O)C(=O)N1,-6.224,-5.438,12.080227067402335,2.780659454158312,0.008289085773619281
NC(=O)C1CCN(Cc2cc(F)ccc2F)CC1,-6.64,-4.927,12.541603206926935,3.00521696388131,0.00611019950912194
O=C(NCc1ccco1)c1ccc2nccnc2c1,-7.154,-5.036,8.46499367985588,9.01488874030068,0.004965701246001681
CCOc1ccc(NC(=O)C(Cc2ccccc2)NS(=O)(=O)c2ccc(C(C)C)cc2C)cc1,-6.941,-5.652,4.468712006831498,3.078352481441981,0.6603246512809297
COc1cccc(Nc2cnnc(C(=O)Nc3cc(C)on3)n2)c1F,-7.975,-5.903,5.504337471485556,2.9375523825116714,0.44069896102169476
Cc1ccc(N2C(=O)CC(c3cc(=O)[nH]c(=O)[nH]3)C2=O)cc1,-7.813,-5.675,7.38026049675755,3.1106285538456695,0.15035770248475133
CC1(C)CC1NC(=O)C=Cc1ncc(N)nc1N,-7.059,-4.991,3.8375593806480706,3.6465991005318914,0.719559865633867
CCOC(=O)c1ccc(S(=O)(=O)Nc2cnc(OCCNC(C)=O)nc2C)cc1,-7.262,-5.559,7.257099833955711,9.468407574666397,0.007866616910770403
CC1c2ccccc2CN1C(=O)c1cccc(F)c1,-7.828,-5.696,12.556862745128658,3.042649174650275,0.006032914006263267
CNCCCN(C)S(=O)(=O)c1cccc(Cl)c1C,-5.569,-4.686,12.394010488941827,3.021034259984484,0.006691695123882517
CC(Nc1cccc(Br)n1)c1cc(F)cc(Br)c1,-7.155,-4.602,7.155324241430293,7.941574340141885,0.021600059955360334
COC(=O)CCN(C)C(=O)c1coc(CNC(C)C)c1,-5.963,-4.406,12.303410462144226,2.8975341240440984,0.007151443147846608
COCCOc1ccccc1C=CC(=O)OCC(=O)Nc1cccc(Cl)c1,-6.73,-5.216,4.267551288502576,3.5178067030466575,0.6652076353792846
Cc1cc(C)c(C(=O)N2CCN(Cc3ccccc3)CC2)o1,-6.904,-5.299,12.565868414081057,3.0655511739326755,0.005986962520922769
CCN(N=Cc1ccc(OC)c(OC)c1)S(=O)(=O)c1ccc(C)cc1,-7.211,-5.321,4.214538290251969,3.7720208111833116,0.647638025570897
O=C1NC(=O)N(CN2CCCC2C(=O)O)C(=O)C1=Cc1cccc(Cl)c1,-6.816,-5.745,3.8005528545199834,3.84167502529821,0.7002264256467309
CC1(C)NC(C(=O)c2ccccc2)N(Cc2ccco2)C1=O,-6.447,-5.147,7.819440005524692,3.3218979514729248,0.11239817082821435
Cc1cc(NCc2ccco2)cc(Br)c1F,-6.443,-5.268,12.679263464413065,3.246655355900901,0.005478928307688365
Cc1cc(-c2cc(C(=O)Nc3ccn[nH]3)c(C)n2-c2ccccc2)nc(N)n1,-7.897,-5.905,4.659676061702144,3.10922144595717,0.6188281583186096
COc1ccc(-c2noc(CS(=O)(=O)C(O)c3ccccn3)n2)cc1OC,-7.274,-5.914,5.13710083607476,3.0586127574441324,0.5165068513769775
CCc1ccc(Nc2ncc(C(F)(F)F)c(N(C)Cc3ccncc3)n2)cc1,-7.421,-5.815,4.6080487193605055,3.0616683360547086,0.6324748087682197
O=C(NCc1ccc(F)nc1)c1cc(Cl)co1,-7.025,-4.462,8.206012551781772,8.955259683560271,0.006050949169268144
COc1ccc(Nc2nc(Nc3ccccc3)nc(Nc3ccc(C(=O)c4ccc(Cl)cc4)cc3)n2)cc1,-8.714,-7.125,4.673630922526939,3.449573451892277,0.592806444276098
CCOc1cc(C2c3c(oc4ccc(C)cc4c3=O)C(=O)N2CCCOC(C)C)ccc1OC,-6.595,-5.197,3.9928041524722935,5.183850402934097,0.4415753548283488
c1ccc2oc(-c3nc(Cc4ccon4)no3)cc2c1,-7.337,-6.097,4.52963508463982,2.9292430762912116,0.6559974465683277
Cc1sc(NC(=O)CN2CCC(C(=O)O)CC2)c(C(=O)OCc2ccccc2)c1C,-7.173,-6.551,3.554295851501391,3.1772861060974664,0.8014857972538657
CC(C(=O)Nc1cccc(C(N)=O)c1)N(C(=O)c1cc(Cl)cc(Cl)c1)C1CC1,-7.255,-5.504,4.077006377233178,3.6564010994419083,0.6831038363233611
CC1CC2CCC(OC2C)C1=O,-4.088,-3.381,12.694693733997681,2.968666030391428,0.005569339771410196
CC(F)(F)C(=O)CC(=O)C1CCCC1,-5.205,-4.395,12.052151758088678,2.979038267629337,0.008314537469202897
Cc1ccc(C(=O)Nc2cnccn2)cc1C1CC1(C)C(=O)O,-6.577,-5.328,12.47937542507637,2.898334176729799,0.006406302898690503
CC1=C(Sc2n[nH]c(C)n2)C(=O)N(c2ccccc2C(F)(F)F)C1=O,-7.499,-5.576,5.874491722693973,3.2319593128627115,0.3553060444503721
Cc1cc(C)n(CC(=O)Nc2ccc(Nc3nccc(C(F)(F)F)n3)cc2C)n1,-8.269,-6.279,5.425582457211391,3.3073876398148445,0.44186776898402774
O=C(c1ccccc1Cl)N1CC1,-5.049,-4.267,12.453785609203333,3.010603095726834,0.0064520084531429185
COc1ccc(CN2C(=O)COc3cc(NC(=O)c4ccccc4C)ccc32)cc1,-8.391,-6.168,4.171993408431993,3.54621685744118,0.6790579886513222
CC(OC(=O)c1ccco1)=C1C(=O)C(=O)N(c2cc(Cl)ccc2Cl)C1c1ccc(Cl)c([N+](=O)[O-])c1,-7.18,-6.217,4.652615393517929,5.057646685959785,0.38784568561719746
CCOC(=O)c1csc(COc2ccccc2C(=O)N2CC(C)CC(C)C2)n1,-6.922,-5.253,4.3690520711019225,3.3989689613175353,0.6571116159015358
Cc1ccc(C)c(-n2c(-c3ccccc3C)nc3ccccc32)c1,-7.115,-5.154,7.6398941092138175,8.15193093690078,0.01412448717446127
CCc1nc(C)cc(NCc2ncn[nH]2)n1,-6.95,-5.554,12.569269310504888,2.9707966944912263,0.006022439576457388
C=CCCC(=O)NCC(C)N1CCc2ccccc21,-6.688,-4.987,12.559574037362891,3.0303869389898046,0.006029087671935041
COC(=O)c1c(CS(=O)(=O)c2ccc(OC)cc2)[nH]c(C)c1C(=O)Nc1ccccn1,-7.124,-5.995,3.727711630477873,3.1199350954787515,0.7840170640090555
CC1N=C(c2cc(Cc3ccccc3)ccc2-c2ccccc2)OC1c1ccccc1,-7.742,-6.347,7.773755012862187,8.014758262106225,0.01416127360454496
COC1OC(C)C(C)C(O)C1C=O,-4.643,-4.219,12.444845037203155,2.715914026621609,0.0066269361696182595
O=C(Nc1ccccc1C(=O)NCc1ccncc1)c1ccccc1F,-7.717,-5.913,8.584797260273536,12.457638339589089,0.0005369706142487759
CC(C)CC(=O)Nc1ccc(C(C)N2CCCC2)cc1,-6.084,-4.662,7.362725989740484,9.135577212196281,0.00907957320665568
Cc1cc(C2CCN(C(=O)c3cc4n(n3)CCC4)C2)n[nH]1,-7.836,-5.279,4.025662057351561,3.576987279820827,0.6997102917413389
CCN(Cc1cc(C(=O)O)n[nH]1)C(=O)NCc1ccco1,-6.777,-4.775,12.174966899338987,3.152453171737846,0.007581898999316026
CC(=O)NC(C(O)COC1OC(CO)C(OC2OC(CO)C(O)C(O)C2O)C(O)C1O)C(O)C(C)OCC1OC(OC2OC(CO)C(O)C(NC(C)=O)C2O)C(O)C(O)C1O,,,,,0.0
O=C(OCc1nc2cc(=O)[nH]c(=O)n2[nH]1)c1[nH]c2c(Cl)cccc2c1Cl,-8.085,-6.271,4.582195652741161,3.004614284729406,0.6410542656146645
CN1CC(C)(C)Cc2c([nH]cc(C#N)c2=O)C1=O,-4.808,-4.022,12.678421234522855,3.1509784194754498,0.005535958916999721
Cc1c(O)cc(N=Nc2cc(Cl)ccc2Cl)cc1Cl,-6.704,-5.155,5.48185160324502,3.7190486686785906,0.40574481063239776
Cc1ccnc(Oc2ccc(NC(=O)c3cc(F)c(F)c(F)c3)cc2)n1,-7.868,-5.69,7.298474566647471,9.070934571476084,0.009828868613780194
O=C(C=CNc1nccnn1)c1ccccc1,-6.674,-5.378,12.2303494635272,3.0029137516751967,0.00742368091673125
NC(=O)c1ccc2nc(-c3cc(F)cc(CF)c3)oc2c1,-7.584,-5.456,4.837990595278168,3.011705496890425,0.5853260988287399
COc1cc(CNc2cccnc2Cl)ccc1OCC(N)=O,-6.489,-5.119,4.314959675361984,3.1701037837900525,0.6845930547153415
Cc1ccnc(NC(=O)CN2CCC(C(=O)NCCC(C)C)C2)c1,-7.001,-5.323,4.816399692716542,3.4248534275206577,0.5649364916845857
CC1(C)C(NC(=O)Nc2cccnc2Cl)CCC1Oc1ccc(C(=O)O)cc1,-7.819,-5.722,7.403302911538875,3.0177948903131235,0.14949510788485315
CCOC(=O)CCCN(C)C(=O)c1c(-c2ccccc2Cl)noc1C,-6.608,-4.279,5.276144520386075,3.641454929008459,0.4525643782097604
CC(C)NC(=O)NCC(C)(C)c1ccc(C(=O)NC2CC2)cc1,-7.075,-5.052,7.2869250030448365,7.776833931620245,0.022077048605022943
Cc1cc(NC(=O)C2CC2c2ccco2)ccc1F,-7.087,-5.017,12.471565018072111,2.877635487687765,0.006447454778282463
NC(=O)c1ccccc1NC(=O)CS(=O)(=O)Cc1ccc(Cl)cc1,-6.589,-5.622,4.860158330754256,3.3852648345439693,0.5584745411905329
CN(CC(=O)O)N=O,-3.815,-3.884,7.5770300250163976,2.968726831488543,0.13499830929830742
CCn1cc(CC(CNC(C)=O)c2ccc(F)cc2)cn1,-6.803,-5.426,12.529032085520415,3.0284760193866487,0.006146283177526454
O=C(NC1CCS(=O)(=O)C1)c1cnc(N2CCOCC2)nc1,-6.112,-5.055,4.389868904648521,2.8097610218664513,0.6904534479226417
Cc1ccc(Cn2ccnc2C2CCCN2c2ccc(C(N)=O)cn2)cc1,-7.243,-6.298,4.617769591480284,3.0760502271581984,0.6296105004053459
O=C(Nc1ccccc1F)c1cccc(N2CCN(c3nccs3)CC2)c1,-7.96,-5.884,3.847797941680409,3.5329862722631677,0.730644422948995
CC(OC(=O)CNC(=O)Cc1ccccc1F)C(=O)Nc1ccc(Cl)cc1,-7.084,-5.9,12.214167552477738,2.858476167471053,0.007583144209328956
CCn1nccc1-c1cc2c(=O)n(CC(=O)Nc3ccccc3Cl)cnc2s1,-8.112,-6.303,6.62366318588136,8.322604700452857,0.023410094783165254
CC1CCCCC1NC(=O)CSc1nnc(COc2ccc(Cl)cc2)n1C,-6.967,-5.367,8.531203959582728,12.155482836975255,0.0006705288635219001
CC1CN(CCC(=O)c2ccccc2)CC1NC(=O)c1ccccc1F,-7.467,-5.819,4.457399802575488,8.26400877298663,0.0678505171709498
CCC(C(=O)NCc1ccccc1Oc1ccccc1)N(c1ccc(C)cc1)S(C)(=O)=O,-7.16,-5.343,4.54514741235089,3.21680757895153,0.6360380179919665
CCOC(=O)C1(NC(=O)C(C)C)CCn2cncc2C1,-5.792,-4.247,6.178181690432875,3.1277637378804686,0.30438353204403973
CC(=O)c1cccc(C)c1OS(=O)(=O)c1ccc(C)cc1,-6.908,-5.626,4.469303413284894,6.016503552728944,0.25798189139519834
Cc1cc(N(C)C(=O)CSc2nnc(-c3ccco3)n2C)no1,-6.643,-6.005,12.207815447491004,2.900975353221741,0.007589769393910848
N#Cc1cccc(Oc2ncccc2C(=O)NC2(C(N)=O)CCCC2)c1,-7.361,-5.767,4.847891912986508,5.076605952799567,0.3585924243847638
O=C1C(c2cccc(Br)c2F)=[N+]([O-])c2cc(N3CCOCC3)ccc21,-6.991,-5.823,4.568233575464372,2.9791189972876224,0.6453432797396054
COc1ccc(C(=O)Nc2nc3ccc(C(F)(F)F)cc3s2)cc1F,-7.404,-5.746,4.2074476823841795,4.036251354908414,0.61518659572422
S=c1nc(Cc2ccccc2)cn[nH]1,-5.953,-4.859,12.424028372472431,3.0774341585158247,0.006534942793420502
Cc1cc(NC(=O)C2C3CCC2CC3)on1,-6.427,-4.64,8.28904614536558,3.004154123875804,0.08679521968770065
CC1(C)CN(C2(C(O)c3ccco3)CCC2)C1,-5.746,-4.841,8.091798872933014,2.960431894166795,0.0984138491720354
COc1ccc(C(NC(=O)Cc2ccc(F)cc2)c2ccc(Br)cc2)cc1,-7.839,-5.927,7.171371765568984,7.122978660644717,0.035264228881863056
CCc1ccc(Nc2ncnc(-c3ccc(Cl)c(Cl)c3)c2C)cc1,-7.54,-5.54,7.2698086632317915,9.537183703798515,0.007478452880306358
N#CC1=CCC(C#N)=CC=C1,-3.926,-3.581,11.88091785174866,2.962869048743127,0.0092656978131298
CCC(NC(=O)c1cccc(C)n1)c1ccc(OC)cc1,-6.573,-4.865,7.352753837848781,8.275690484787358,0.015589521339791104
COc1ccc(C)cc1NC(=O)COC(=O)c1ccc(C(N)=O)cc1,-7.449,-5.844,3.573574960736097,9.46159199078041,0.03921938335253369
COc1cc(C2CCCC2=O)ccn1,-5.927,-4.968,12.256032351458607,2.813075896594332,0.0074106252279133936
Cc1ccc(C(=O)NC(C)C(C)C)cc1S(=O)(=O)Nc1cccc(F)c1,-6.983,-5.208,4.64960396162942,5.302375505374926,0.34881136577986815
CSc1cc(C(N)=Nc2ccc(Cl)cc2)n(-c2ccc(Cl)c(Cl)c2)c1C,-7.368,-5.25,7.430537329157294,6.598289551088221,0.04114219831505124
CN1C(=O)C(=O)N(c2cccc(C(F)(F)F)c2)C1=O,-7.478,-4.948,3.466803426789584,5.919752782000275,0.33720409927416
CN(C)c1ccc(-c2nnc(C(=O)Nc3ccc(F)cc3Br)s2)cc1,-7.005,-5.811,4.673883716995962,3.2170972941457667,0.6092630132255833
COC(=O)c1ccc(CN(C)Cc2ccc([N+](=O)[O-])c(C)c2)o1,-6.539,-5.112,3.84108851759498,2.967599198005014,0.7783278270344881
CCCCNC(=O)c1ccccc1NC(=O)CN(c1cccc(OC)c1)S(=O)(=O)c1ccc(C)cc1,-7.207,-5.956,4.681934749652115,3.5232765999847366,0.5851454140151426
Cc1nc(N2CCN(Cc3ccc(F)cc3)C(C)C2)ncc1C(F)(F)F,-7.38,-5.983,4.7435495148675315,9.125131615489169,0.036127524370900596
N#Cc1ccc(N2CCC(OCc3ccncc3)C2)c([N+](=O)[O-])c1,-7.12,-5.503,12.647291449160171,3.2642797061526445,0.005578788565706882
NCc1cnc(N2CC3CCC2CC3)c(N)c1,-5.931,-4.66,12.458555173052773,3.0890920996305695,0.006388667855525724
Cc1cc(NC(C)c2scc3ccccc23)ccc1Br,-6.732,-5.114,7.456654544767379,8.744863806829697,0.010936106086834162
CC(NC(=O)C1CC=CC1C(F)(F)F)c1ccc(F)cc1,-7.628,-5.811,12.26541034780329,2.9079446349612654,0.0073176181582766935
CCOC(=O)C1(NC(=O)c2ccco2)CCN(c2cnccn2)C1,-6.818,-5.314,12.417000805347481,2.9649961214139893,0.00662679574647347
Nc1cccnc1NCC1CCN(c2ccccc2)C1,-6.654,-5.186,8.475453321209432,8.564181338575217,0.006530098713457255
CC(C)(C)OC(=O)NC(Cc1ccccc1)C(=O)Nc1ccc(S(=O)(=O)Nc2ccc(Cl)cc2)cc1,-7.638,-6.28,7.464480356997399,9.310730315071961,0.007651358335139651
CCC(CC)C(N)CNC(=O)c1cc(-c2ccco2)on1,-7.025,-4.968,4.622348969950235,3.1044659766214213,0.6270090168415458
C#CCOc1cccc(C=C2SC(=O)N(c3ccc(Cl)cc3)C2=O)c1,-7.23,-5.398,3.847578979046434,9.58353155157325,0.03469247690842655
O=C(NC1CCOC1)N(Cc1ccccc1)c1ccccc1,-6.442,-4.952,6.898839395144664,7.275370231129134,0.03787203297078551
CC(OC(=O)c1cccc2c(Br)cccc12)C(=O)Nc1ccc(C#N)cc1,-7.966,-6.421,3.356070619042453,9.500519459482202,0.03941638018782252
Cc1cc(N=C(c2ccccc2)C(F)(F)F)cc[n+]1C,-5.996,-4.475,7.5527210328463745,7.868822847160813,0.017743864065000337
CCCC(Nc1nnc(C(=O)O)s1)C(=O)NCCC(C)C,-5.895,-5.067,12.44105602430919,2.9393552014004705,0.006541133499274732
O=C1NCC(CN2C(=O)c3ccccc3C2=O)O1,-6.19,-5.46,12.575264410739045,2.837284793601094,0.0060602110107351925
Cc1cnnc(NC(C(=O)NC(C)c2ccc(C)o2)C(C)C)c1,-7.102,-5.495,12.555695639828167,2.942280238182624,0.006087491334642294
CCC(Nc1ccc(Cl)cc1)c1nnc(-c2ccccc2)o1,-7.083,-5.698,4.671929258882245,3.6630285284174353,0.5748171841836313
CC(=O)N(CC(=O)N(Cc1cccc(C)c1)Cc1ccco1)CC(C)C,-6.704,-5.155,12.161083422129789,2.969537674453718,0.007773309735332646
CC(NCc1cccc(C(F)(F)F)c1)c1ccncc1,-7.304,-6.065,11.985821790765955,3.098262254877724,0.008577324739473783
Cc1cc(NC(=O)Nc2onc(C)c2C)no1,-7.043,-4.974,4.114117888442187,3.759714616829314,0.6654223833084668
CC1CN(C(=O)c2ccc(CN(Cc3ccccc3)Cc3ccco3)o2)CC(C)O1,-7.617,-6.214,4.454198581114227,3.54690428402008,0.6280667130290386
CCC(CC)N(CCO)C(=O)c1cnn(CC(F)(F)F)c1C,-5.1,-4.256,5.36255965001789,2.9068746102988343,0.4726074617971539
Cc1ccnc(C(=O)N(CC(N)=O)c2ccccc2N)c1,-6.564,-5.745,12.208540043756257,2.8879136067410323,0.007593674208396211
NC1CCN(c2cccc(F)c2)C1,-5.818,-4.183,12.815620039623523,3.1812381237499343,0.005065817287452028
CCOc1ccccc1NC(=O)C(C#N)=Cc1cc2c(cc1C)CC(C)(C)N2C,-7.767,-5.649,4.261040952631175,3.4443473982744544,0.6730876531276977
Cc1cccc(C(C)NC(=O)C2CCCC2C(=O)O)c1,-7.706,-5.85,4.74747659288595,3.056797507196052,0.6028585888015608
Cc1ccc(CN(C)CC2(C(=O)O)CCCCC2)s1,-6.752,-4.633,8.229078988562451,2.840752189121748,0.0912118699122631
NC(=O)c1ccc(NC(=O)CNc2cc(C(F)(F)F)ccc2Cl)cc1,-7.527,-5.987,6.797280706282475,8.90147740546478,0.014753258807672136
Cc1nc(C2CCCN2C(=O)c2ccn(C3CCCC3)n2)no1,-7.488,-5.473,7.127357785322691,3.0520586495020043,0.1761746933293316
CC(C)c1noc(C(=O)NCC2(c3cccnc3)CC2)n1,-6.764,-4.987,5.204635914259517,3.016701675671626,0.5033310797733078
Fc1ccc(CN2CCC(c3cc4cn[nH]c4c(-c4ccccc4)n3)CC2)c(C(F)(F)F)c1,-8.315,-6.869,7.445991471926354,7.52839723978484,0.023338770328743635
CCOC(=O)CN(CC(O)c1ccccc1)c1ccccc1,-6.197,-5.178,11.853094153004946,2.9056507016501483,0.009470049869449026
O=C(COC(=O)CCn1cc(Cl)cn1)Nc1ccc(-c2nc3ccccc3s2)cc1,-7.744,-5.228,5.285872586432632,5.115554710879358,0.2936842551904713
CCCCN1CCCCC12CCc1cccc(C(=O)O)c1C2=O,-7.022,-5.518,4.95193921610514,5.499821451647316,0.2841170806576175
CCOc1ccc(NC(=O)C2CCCN(C(=O)OCc3ccccc3)C2)cc1,-7.762,-5.792,4.399893862356227,3.086597641416842,0.6735795350967373
Nc1c(F)ccc(C(=O)O)c1C=NNC(=O)c1ccco1,-7.282,-5.249,4.216239675350536,4.7048749186349275,0.5064114836407131
COc1ccccc1CNC(=O)Cn1cc(C=Nc2ccccn2)c(=O)[nH]c1=O,-7.683,-5.684,5.203800726392201,2.9856265674059115,0.5048205079854011
Cc1ccccc1-c1nc(COc2ccncn2)c(C)o1,-7.236,-5.96,4.457743823953996,3.08909209963057,0.6618929092899323
Cc1ccc(NC(=O)CN(Cc2ccccc2F)C(C)(C)C)cc1Cl,-7.094,-4.958,3.94576684562076,9.838777464705664,0.02900870364326827
Cc1cccc(NC(=O)C2CC(=O)N(c3ccc(OC(F)(F)F)cc3)C2)n1,-8.044,-5.87,4.33429336801283,3.1080632232951757,0.685005526859385
C=CCN(c1nc(C)c(C(=O)Nc2ccc(OC)cc2)s1)S(=O)(=O)c1ccc(C)cc1,-6.695,-5.771,5.160600837111896,3.418699606575577,0.4918622731478171
CC1(C(=O)NC2CCC(S(C)(=O)=O)CC2)CCCC1,-5.885,-4.758,5.204561268733417,3.1287433579633857,0.4983021011928607
OOS,-2.5,-2.563,2.9225928556677205,5.323438832183573,0.48068138948228506
Cc1noc(CNC(C)c2cc(C)c(O)c(C)c2)n1,-7.205,-5.807,12.173173374268519,2.834050987544155,0.007793284498339211
Cc1cccc(Nc2ccc(C(=O)Nc3ccc(O)cc3)nn2)c1C,-7.443,-5.953,4.280358629834653,2.955538867956231,0.7044326069549731
O=C(O)C#Cc1cccc(-c2cc(C(F)F)ccc2Cl)c1,-7.589,-6.036,8.046793398615376,8.564669287252137,0.008512978214027803
O=c1cc(N2CCC(NS(=O)(=O)c3cccc(C(F)(F)F)c3)C2)cn[nH]1,-8.37,-6.107,4.122495482107896,3.2438793134147255,0.713993148444169
Cc1cc(-n2c(C)cc(C(=O)COC(=O)c3ccc(=O)[nH]c3)c2C)no1,-7.47,-6.055,4.038897498080385,3.2156313532493117,0.7301875594330048
O=C(O)C1CCCN1Cc1ccc(Cl)cc1,-6.546,-4.6,8.6800626725848,12.687358432707732,0.0004384174979302856
Cc1ccc(NC(=O)c2ccc(C(C)Nc3ncccn3)cc2)nc1,-7.764,-5.509,7.3948585517236225,8.203550146125762,0.015889517433968235
Cn1nccc1CN1CCc2c(cnc3[nH]c(=O)n(C)c23)C1,-7.306,-5.502,4.088507429368326,2.886117461227107,0.7432101886141391
Cc1ccc(C)c(N(Cc2ccc(C(=O)NCc3ccc(Br)cc3)cc2)S(C)(=O)=O)c1,-7.394,-6.129,5.355184497288585,8.644526187131369,0.0378089358009742
Cc1ccc(CC2CCCN(C(=O)c3ncccc3Br)C2)cc1,-7.82,-5.622,3.467474008554353,9.221563750254074,0.04624273763581033
CCCC(C)(NC(=O)c1ccc(Cl)cc1N)C(N)=O,-6.672,-4.82,12.167561218255695,3.072704834506562,0.00767426284509583
O=C(Nc1cc(Cl)ccc1Nc1ccccc1)c1cccc(Cl)c1,-7.272,-6.009,7.425458100346402,10.108416592127572,0.004763054724427405
CC(=O)c1ccc(NC(=O)Cc2cnn(C)c2)c(F)c1,-6.833,-5.26,5.077265701142692,3.3028201585917447,0.5169247937437128
CC(c1ccccc1Cl)N(Cc1ccccc1)C1CCS(=O)(=O)C1,-6.655,-5.511,12.338926695624705,3.133284698204107,0.006856186076436196
c1ccc([P+](c2ccccc2)(c2ccoc2)C2CCCCC2)cc1,-6.682,-4.463,7.401495254338815,7.918875804051987,0.01886823416720713
COC(=O)c1ccc(S(=O)(=O)N2CCN(C(=O)C(C)n3cc(C)c(C)n3)CC2)c(C)c1F,-7.524,-5.851,7.395690772334928,8.61959024548151,0.012269194982386007
CNCc1cnc(N(Cc2cccs2)C(C)C)nc1CN,-6.092,-4.401,4.607821502619214,3.384338783278057,0.6113115481758132
CCC(NC(=O)c1ccccc1C)c1nccn1Cc1ccc([N+](=O)[O-])cc1,-6.967,-6.174,4.691955882145526,2.838307594324477,0.6255209691659138
Cc1noc(CN(C)c2ccc(C(=O)N3CCC(C)CC3)cn2)n1,-7.283,-5.568,4.586193410662049,2.87908422940351,0.6465157208963143
CC(Br)C(=O)NC(C)c1ccc2c(c1)OCO2,-6.832,-4.883,9.023051867300774,8.820706264239844,0.003960642364987043
CN(Cc1ccc(Cl)cc1)C(=O)C1CC(=O)N(c2ccc(C#N)cc2)C1,-7.932,-5.81,4.976644451837,3.1923304966748036,0.5452680504375393
COc1nc(OC)nc(N(C)Cc2ccccn2)n1,-6.902,-4.686,5.907680170760769,3.3378461618235193,0.34496565077653946
O=C1CCCCC(=O)N1Cc1ccc(F)cc1,-4.926,-3.798,12.186936776729418,3.115310738915141,0.007552252407264065
CCN1C(=O)SC(=Cc2ccccc2Cl)C1=O,-6.652,-5.046,12.657327087501532,3.100786674377971,0.005636268910929119
Cc1ccc(Cn2ccnc(C(=O)Nc3c(C)nn(C)c3C)c2=O)cc1,-8.104,-6.015,4.286056112558489,3.886712492582903,0.621910574261882
COC(=O)c1ccoc1CSc1ncc(C)cn1,-6.121,-5.247,12.540471243139152,3.085375503889275,0.0060718892594853495
CCOc1ccc(C(=O)N2CCN(Cc3ccc(-n4cncn4)cc3)CC2)cc1Br,-7.301,-5.751,7.443099085730351,8.117565336971426,0.016272336799359726
CC12CCC(C1)C1C(=O)N(c3ccccc3Cl)C(=O)C12,-6.676,-5.286,12.325168720954695,2.9680197101771415,0.007016546139944668
CC(N)(c1cccc(F)c1)c1cccc(F)c1Cl,-6.796,-5.44,13.19027145285494,2.9836703906430406,0.004080965485458974
CS(=O)(=O)Nc1ccc(C(=O)NCC(=O)Nc2ncc(C(F)(F)F)cc2Cl)cc1,-7.586,-6.07,4.683329157768008,2.991166494864504,0.6201797482325491
Cc1cc(F)ccc1NC(C)c1ccc(CN)cc1,-7.053,-5.744,13.077560399401717,3.152846650251166,0.004312972365083645
CN(C)c1ccc(-c2ccc(C=C3SC(=S)N(C4CCCCC4)C3=O)o2)cc1,-6.893,-5.612,4.942984118930588,3.1553582997815006,0.5547057079199534
Cn1c(CNc2cccc(Cl)c2Cl)n[nH]c1=S,-5.852,-4.474,12.809221287806688,3.165012006296342,0.00509437357890788
O=C(C=Cc1ccccc1Br)NCC1CCN(c2ccccc2)C1,-7.153,-5.488,8.565948050274413,9.10958978220205,0.004396819187369386
CC(NC(=O)C(C#N)=Cc1ccc(-c2ccc([N+](=O)[O-])cc2)o1)c1ccc(Cl)cc1,-8.54,-6.508,7.383681669736311,9.309417704668752,0.008044006771891996
Cc1cc(C)cc(CC2NC(=O)CC2(C)CO)c1,-6.863,-4.958,3.8618779110686545,9.387061361256782,0.03910761011558657
Cc1ccc(Cn2c(C)c(C=C(C#N)c3ccccc3Cl)c3ccccc32)cc1,-7.798,-5.824,4.229342856756827,4.52898796642252,0.5353537178119844
CCCCc1ccc(OCC2(C)CCNCC2)cc1,-6.859,-4.978,4.540751259428333,5.305217337678071,0.3611408212815843
Cc1noc(COC(=O)c2ccc3nc(C)[nH]c(=O)c3c2)n1,-8.282,-5.862,3.8491964096418867,3.1406924395744324,0.7653465135087603
Cc1ccc(S(=O)(=O)N(C)c2cc(Cl)ccc2C(=O)Nc2cccc(C(N)=O)c2)cc1,-7.144,-6.187,3.717929127888266,7.043781512795524,0.17034826777576562
Cc1cc(SC(C)C(=O)Nc2c(Cl)cccc2Cl)ncn1,-6.807,-5.03,4.776402830582865,3.1774559005594396,0.5898099934754606
O=C(Nc1ccnn1C1CCCC1)c1cnc2cnc(C(F)(F)F)cn12,-8.187,-5.458,7.647633032514047,8.984569550067494,0.00838220217850914
Cc1nc(SCc2nc(-c3ccccc3)oc2C)[nH]c1CC(N)=O,-7.495,-6.069,13.073655686149914,3.1001756401855687,0.004345240312176577
CS(=O)(=O)c1ccc(N2CC(C(=O)Nc3ccccc3Cl)CC2=O)cc1,-7.875,-5.811,4.986147711410082,2.9291176145726885,0.5560502648981933
Cc1ccc(S(=O)(=O)N2CCCC2C#N)cc1,-5.937,-4.761,8.31261433004082,2.951241603122319,0.08590483623266819
CC(CC(=O)NCCNC(=O)Cc1ccc(F)c(Cl)c1)c1c(F)cc(F)cc1F,-7.76,-6.015,12.447189682815957,3.108033140106457,0.006422958995438361
O=C(NC1CCN(Cc2ccco2)C1)c1cc(-n2cncn2)ncn1,-7.068,-5.62,5.176080660113402,3.151211354384215,0.5034859386539741
Cc1nc(-c2nnnn2C)sc1C1CC(=O)NC1=O,-6.306,-6.689,11.771989254157514,3.023238826159787,0.009869136610476819
CCNC(=O)COc1ccc(NC(=O)c2nccnc2Cl)cc1,-6.825,-5.253,4.36717437252052,3.251318040426068,0.6689279390224513
CC(=O)n1c(-c2cccc(C)c2)c(C)sc1=Nc1ccccc1,-5.885,-6.02,12.606617032336628,3.1124623692504296,0.005811431200306932
Cc1cc(NC(=O)COc2ccccc2C(=N)N)no1,-7.831,-6.118,12.32148793774518,2.937531446640189,0.00704965242069147
COc1cccc(C=C(C(=O)O)c2csc(C)n2)c1,-6.056,-5.163,6.628694441592552,2.936594115638046,0.23919965762192438
Cc1ncnc(N2CCN(Cc3ccc(Cl)cc3Cl)CC2)c1C,-6.936,-5.492,4.608591758878193,3.0051286162159534,0.6354485650699084
CC1C(N=Nc2ccccn2)C(=O)N1Cc1nc(-c2ccco2)nn1C,-7.43,-5.888,4.430585288649796,3.1461779987788363,0.6637542610325947
CCOC(=O)c1ccc(NC2CCN(Cc3cc(-c4ccc(F)cc4)no3)CC2)nc1,-7.652,-6.1,3.4946453325051454,2.9202960466363685,0.8267819558013335
CCN(CC)S(=O)(=O)c1ccc(NC(=S)NC(=O)c2ccccc2)c(C)c1,-6.926,-5.497,4.56756543467086,3.0832473141154275,0.6397299256544426
CCCCOOP(=O)(OCC)C(OC(=O)OCC)C(F)(F)F,-5.442,-4.436,4.517533065733996,2.9577148273625036,0.6570562174953541
C=CC(=O)N1CCN(Cc2ccc(C)o2)C(C)C1,-6.145,-4.432,4.548233283374985,2.905369339688158,0.653286916038788
COc1ccc(C)cc1NC(=O)Nc1nnc(-c2ccc(Cl)cc2)s1,-7.191,-6.228,4.543026084010524,3.3436611670442944,0.6275091280569348
COc1ccc(C=C2NC(=O)NC2=O)cc1OCc1ccc(C)c(C)c1,-8.093,-6.579,4.496275125034054,3.0189804570417484,0.658137044629958
CCCC1COC(C)C(=O)N1,-4.645,-4.154,12.156383096957747,2.8400808087094984,0.007872192188597665
O=c1[nH]c(-c2ccc(N=C3c4ccccc4-c4ccccc43)cc2)no1,-8.089,-6.202,7.368385169085556,7.394425873588834,0.026551455024240063
N#CNC(=O)CC1CCCC(O)C1,-5.62,-4.899,12.347136874595666,2.932822190314306,0.006940079912122008
COc1cc(C=C(C#N)C(=O)Nc2cccc(Cl)c2)cc(Cl)c1OCc1ccc(Cl)cc1Cl,-8.066,-6.173,7.30970437158713,8.389398607766829,0.014913455601058487
Cc1cc(CN(C)C(C)C(=O)Nc2cccc(C#N)c2)no1,-7.121,-5.139,4.848807688494151,3.0484043366981357,0.5811004068089528
COc1ccc(CNC(=O)N2CCC2C(=O)N(C)Cc2ccccc2C)cn1,-6.978,-5.122,5.0118485611598445,3.551119541778339,0.5143019067532917
CCC1(c2nc(C)c(C(=O)N(C)C)s2)CCNC1,-5.842,-4.152,5.608321139164553,2.9022496446722155,0.41979296525015214
CC(=O)N(C)Oc1cnc(C#N)c(Cl)n1,-5.402,-4.363,12.431214180441104,2.9917956146769114,0.006553917302857164
Cc1ccccc1C(=O)Nc1ccon1,-6.298,-5.265,12.217475557577352,3.0705136378137126,0.007440027591691788
N#CC(=Cc1ccc(Cl)cc1F)C(=O)Nc1cccc([N+](=O)[O-])c1,-7.529,-6.23,8.323389273607237,8.80564642715116,0.006175750466284631
CCOc1ncccc1C(=O)Nc1ccc(C#CCO)cc1,-6.42,-5.287,7.244808762141344,7.716184225379796,0.023507485801944516
O=[N+]([O-])c1ccc(NN=Cc2cnn(Cc3ccccc3Cl)c2)cc1,-7.21,-5.387,8.576563764119054,8.887217899882955,0.005016676091677157
CC(NCc1cc2ccccc2o1)c1cccc(Cl)c1,-7.161,-5.64,8.473148234275145,9.060344860986254,0.004802711881562377
CCCCCCOc1ccccc1-c1n[nH]c(-c2ccccc2OC)n1,-7.103,-5.376,5.784904666457348,3.8087122495667742,0.3428944284910311
CCC1CCC(Oc2c(Br)cccc2CC=O)C1,-5.865,-4.559,12.560182403134121,2.9495577634621775,0.006066984839779756
COc1ccc(-c2nc3ccccc3o2)c(OC(C)=O)c1,-6.405,-5.062,8.296486063388523,5.543316426111718,0.04288368998191617
Cc1cccc(C(=O)Nc2ccc(C3(C)NC(=O)NC3=O)cc2)c1,-7.99,-6.711,3.9492709453771337,4.16422009504781,0.6337528942925698
Cc1c(-n2c(C)cc(C=C(C#N)C(=O)Nc3ccc(Cl)c(Cl)c3)c2C)ccc(Cl)c1Cl,-8.284,-5.832,3.991256193230397,8.523860979626544,0.06517858926037601
CCCCCNc1ncc(NC(=O)C2CC(=O)N(Cc3ccccc3)C2)c(C)n1,-6.671,-5.198,4.662160657892432,9.05874720918958,0.038746990256280894
C=C(Cc1ccccc1F)c1ccc(N)c(C)c1,-6.937,-5.047,8.414163119407657,9.052409900131567,0.005006437064297686
COC(=O)Nc1nc(Cl)cc(NCc2cccc(Cl)c2Cl)n1,-7.283,-5.377,4.506218924996876,4.930707150095207,0.42844548277921046
CC1CC(Nc2cc(Br)c(Cl)cc2Cl)N(C)C1=O,-6.288,-4.597,7.072855363995505,7.789864504598266,0.024922535577785267
CC(=O)c1nc(C(=O)NC2CC2c2ccccc2)no1,-6.725,-5.496,4.571063443007546,10.29400942296052,0.01848330407047994
CCc1ccc(C(C)Cc2ccc[nH]2)cc1,-6.182,-5.34,12.800943012137816,3.1676027213020257,0.005119482345435061
FC(F)(F)CCCCOCC1(CBr)CCCC1,-5.678,-3.74,7.480229475089652,8.842700322865182,0.010143404992887661
Cc1nnc(SCC(=O)NC(C)c2ccc(C(F)(F)F)cc2)n1N,-6.938,-4.84,6.287367811731711,3.08838388157949,0.2873626638631878
O=C1Nc2ccccc2CC1C(=O)N(c1ccccc1)c1ccccc1,-7.513,-5.377,8.300867785960694,3.160152211523995,0.08494898976837738
CC(NC(=O)c1ccc2c(c1)nnn2C)c1ccncc1,-7.184,-5.359,5.822859177414476,3.0001666620372944,0.3731823456272006
Cc1cccc(OC(C)C(=O)Nc2ccc(Cl)cn2)c1C,-6.883,-5.186,3.6129619427832336,3.5378674367477374,0.7604037340392028
O=S(=O)(Nc1cn[nH]n1)c1ccc(Cl)cc1Br,-6.132,-4.587,5.348889697871886,3.1289416741128298,0.46674014920717943
CCc1[nH]nc2c(N3CCNCC3)nc(C)nc12,-6.447,-4.65,7.548491637406775,3.42823263504681,0.13099819164944468
CCOC(=O)C1CN(C(C)=O)C(=O)N1c1ccc(Cl)cc1,-6.148,-4.852,3.622974468582411,6.86931066410597,0.19201689597761132
O=C(CC(F)(F)C(F)(F)F)Nc1ccc(Cl)cn1,-7.199,-4.682,4.509315358233443,5.119315286246785,0.3960719621741579
Cc1cc(C(=O)N2CCN(c3ncccc3C)CC2)no1,-6.591,-5.106,7.332075558803251,3.4223724227500427,0.14958267940923117
O=C(CCl)NC1C(=O)N(c2ccccc2)N=C1C(=O)O,-6.33,-5.688,12.396503821642618,2.8581681196178783,0.006766583316217994
Cc1cc(CN(C)CCc2cn[nH]c2)on1,-6.279,-5.536,12.302758918226433,3.0928545067623214,0.007039579880422581
CN(Cc1nc(-c2ccncc2)n[nH]1)C1CCCCC1,-7.094,-5.289,8.587186035017524,8.862075941899844,0.0050622776602979895
CN(C)C(CNc1ccc(NC(=O)c2ccoc2)cc1)c1ccccc1,-7.518,-5.579,7.422217054223084,7.602799615930962,0.022625779238575162
Cc1ncc(Cl)c(N2CCNC(C)C2)n1,-6.432,-4.244,12.917654779409458,3.1572123780322414,0.004764238309132728
CC1CC(NC(=O)C2Cc3nc[nH]c3CN2)CCO1,-6.99,-5.114,12.24459676755425,3.0783711602079435,0.007309810797059977
CSC1CCN(C(=O)c2ccccc2Nc2cc(-c3ccccc3)no2)CC1,-7.433,-6.306,4.771143049626578,3.6166019963496123,0.5590091944828827
CN1CCCCC1CC(=O)c1ccc(C(F)(F)F)cc1,-6.674,-5.502,8.55608397574498,8.884750587382856,0.005088709369830993
O=C(Cc1n[nH]c(=O)[nH]c1=O)NN=Cc1ccc(OC2CCCC2)cc1,-7.389,-6.22,6.349168843242397,2.999337426832799,0.2796360689593082
COC(=O)N1CC(=O)N(C)C(C)(C)C1,-5.286,-4.023,12.796055954863593,3.07304767291365,0.005181273785268813
O=C(COc1ccccc1)Nc1ccccc1C(=O)NCc1ccccc1F,-6.221,-6.109,4.282759507607215,4.4566903639360005,0.5398288890488336
O=C(NCc1ccc(-c2cn3ccccc3n2)o1)c1ccccc1-n1cnnn1,-7.116,-6.69,4.370350214799725,2.9162199848433925,0.6890916352533083
CC1(NCc2cc(C(=O)O)no2)CC1,-5.83,-5.026,12.731478900740479,2.979940939012047,0.005437804490488182
Cc1nc(NCCn2cncn2)ccc1[N+](=O)[O-],-6.266,-5.207,8.484906304727236,8.747172057299434,0.005793968554067978
CC(C1CC(=O)N(Cc2ccccc2)C1=O)N1C(=O)c2ccc(Cl)cc2C1=O,-7.662,-5.887,5.320636146176508,3.5739181579885133,0.4481079543208396
CC(C)c1nc(CN(C)C(C)(C)C(=O)O)cs1,-6.082,-4.362,9.353224791482347,12.672794167033567,0.00029092693676082234
Cc1ccc(-n2ncc(C#N)c2NC(=O)COc2ccccc2)nc1,-7.471,-5.828,3.686577003129054,9.476290730027229,0.038175421903165946
CC(=Cc1ccccc1OCC(C)C)C(=O)O,-6.155,-4.663,11.997384256578599,2.953617781636615,0.008621585622228381
Cc1cc(CNCc2cn(C3CCC(N)C3)cn2)no1,-7.145,-5.599,11.843388873122423,2.8897470477534886,0.009538929019152943
Cc1ccc(C(=O)NC2(C(=O)O)CCC2)cn1,-6.856,-5.219,5.921660409040693,2.986498451364072,0.354554834746181
CCOc1cc(CN(C)S(=O)(=O)c2ccc(N)cc2)cc(C)c1OCc1ccccc1,-6.892,-6.13,4.740121622912222,2.990740710927646,0.6078706314883153
C=CCn1c(SCCC(=O)NC2CCCc3ccccc32)nc2sc3c(c2c1=O)CCC3,-6.333,-5.85,3.8338789756589864,3.5613094501882316,0.7295688299558811
Cc1noc(C)c1C(C)NC(=O)NC(C)C(F)(F)F,-6.442,-5.023,7.988459989259507,8.856602113677683,0.007360248673575269
CC(C)C(NC(=O)C1(Cc2ccncc2)CCCC1)c1ccc(F)cc1,-7.366,-5.401,7.351368171979962,7.656803837111148,0.02285365916412042
CCOc1ccc(NC(=O)C2(C)CCCN2S(=O)(=O)c2ccc(C)c(C)c2)c(F)c1,-7.619,-5.577,7.547368614292004,10.67815990702518,0.003097566741020983
Cc1ccc(=O)n(CC(=O)Nc2n[nH]c(Cl)c2C#N)n1,-7.203,-5.455,4.194891893720265,3.478339977633008,0.6816459081321703
O=S1(=O)COc2ncccc21,-4.598,-4.285,12.824594847401613,3.1266829068519244,0.005064482624940925
Cc1ccc(CN2C(=O)c3snnc3C2C(=O)c2ccccc2Br)o1,-6.89,-5.562,7.123611233075539,3.408983572855699,0.16997920549104192
O=c1[nH]c(=S)ccn1C1OC(CO)C(O)C1O,-5.967,-4.948,12.778676457286178,2.867670831877327,0.005325297714198641
CN(C)c1ccc2c(C(=O)N3CC(O)(c4cnn(C)c4)C3)cccc2n1,-7.369,-5.316,7.705418742677129,3.412136280982927,0.11923637916171138
CCOC(=O)c1conc1SCc1noc(C(C)(C)C)n1,-6.618,-4.976,6.122048186677396,2.8420744184486084,0.32145270884844046
Cc1ccn2cc(CC3COCCN3)nc2c1,-6.7,-5.179,12.693794113660424,3.2781479527318464,0.005410672140441116
CC(=O)C1(C#N)C=CC=C1,-4.403,-4.213,11.22398650213016,8.815693166166799,0.0010055938702880588
Cc1c(NC(=O)Cn2ncc(C(=O)O)c2C)cnn1CC(=O)NC1CC1,-7.004,-5.489,3.411567088597262,3.1019727593903847,0.823272053957053
CC1C(C=O)C1(N)C(=O)O,-4.477,-4.497,7.490715186148783,2.844056785649681,0.1436499198736239
CCN(Cc1cc(C(=O)Nc2ccc(Cn3ncccc3=O)cc2)oc1C)c1ccccc1C,-8.019,-6.208,7.476353389186468,8.501273198762643,0.012571332725235843
CC1CC(c2n[nH]c(=O)[nH]2)CCN1CC1CC1,-7.002,-5.092,12.43670406498442,3.1128417884627546,0.006462279988012676
COc1ccc(Cl)cc1C1CC(=O)Nc2nc(SCc3cccc(F)c3)[nH]c(=O)c21,-8.313,-5.888,8.308970874903824,11.889484303366569,0.0009088390049548614
CNC(Cc1ccc(Br)cc1)c1ccncn1,-6.167,-5.223,12.313287254019537,2.891142334787411,0.007110800154192136
CCc1nnc(CC2CCCN2C(=O)CC2CCc3cccc(=O)n32)o1,-8.032,-5.279,6.594213296519912,2.9811214332864737,0.24319756083702052
Cc1cc(C)n(Cc2cccc(NC(=O)c3[nH]nc(C)c3Cl)c2)n1,-7.559,-6.158,4.460878164666683,3.087226749041929,0.6613740939549744
Cc1cccc(NC(=O)c2nc(C)n(CC(N)=O)c2C)c1,-6.836,-5.43,4.985838846172226,2.825826781669394,0.5603119734542303
CC1=C(C(=O)c2ccco2)C(c2ccccc2)N(C(=O)OC(C)(C)C)C1=O,-6.255,-4.908,3.855165106710736,8.834005093953705,0.055266805054153316
CC(C(N)=O)N(Cc1cccnc1)C(=O)c1ccc(Cl)c(Cl)c1,-7.196,-4.931,6.506618860821648,3.070670610794979,0.25392678463207974
CCOC(=O)CCOCCNC(=O)C1CCC(C)O1,-5.723,-4.146,5.187004530555183,2.975480465403865,0.5089882856101712
CC(C)n1cc(C2(CNC3CC3)CCCCCC2)cn1,-4.955,-3.308,7.149525718535462,7.919484010969401,0.02197296038910041
Cc1c(Cl)cccc1NC(=O)C1(n2cncn2)CCCCC1,-7.254,-6.697,12.31703332787567,2.953298494903622,0.007060582691626444
Cc1cc(C#CCN)cc(C(=O)NC2CCCC2C)n1,-7.218,-5.2,7.0861654651863715,8.01109436968508,0.021573216607791105
Cc1ccnc(NS(=O)(=O)Cl)c1,-5.09,-4.341,7.94096883257956,2.972388265351617,0.10791482185852751
Cc1cccc(C)c1NC(=O)C(C)Sc1nnc(-c2cccnc2)o1,-6.943,-5.9,4.759876574030045,9.412680277158042,0.03002118194580975
Cc1cc(C(=O)Nc2ccccn2)nc(NCc2ccccn2)n1,-7.068,-5.636,4.237767572673141,3.2929922562921394,0.689890754554316
O=[N+]([O-])c1ccc(C=NN=Cc2c(Cl)cccc2Cl)cc1,-6.97,-5.221,4.714527866075245,6.06902759921225,0.23118246467887082
CC1CC(C)N(C(=O)NC2CC2C)C1,-5.606,-4.042,8.022220266235525,3.262249837152268,0.09986291661279607
CCC=CC=CC=CC=CC=CCCCC(=O)OC(COC(=O)CCCC=CCC=CCC=CCCCCCCC)COC(=O)CCCCCCCC=CCCCCCC,,,,,0.0
O=C(Nc1ccc(Cl)cc1)c1ccc(N2CCC(NC(=O)c3ccco3)C2=O)cc1,-7.647,-6.146,6.2840412156509595,3.1750055118062397,0.2855253881087227
OC1CC2CCC(C1)N2Cc1ncon1,-6.275,-4.965,12.273197057001896,3.05675988589225,0.007194198471629464
COc1c(Cl)cc(C=C2NC(=O)NC2=O)cc1Cl,-5.901,-4.74,6.71157664040276,2.9986285198403606,0.2267264560205744
Cc1cc(Nc2ccc(NC(=O)c3cccn3C)cc2)nc(C)n1,-7.49,-5.672,5.18107604653705,3.283614015075462,0.4954654122759801
Cc1ncc(N)cc1CNC(=O)OC(C)(C)C,-5.946,-5.423,12.566578134082484,2.809724185752047,0.006104706083380885
CCCN1C(=O)CSC1c1ccc([N+](=O)[O-])cc1Cl,-5.702,-4.569,12.226547386731873,2.970999158532362,0.007460826438254506
CCCOc1ccc(Nc2nncc(NCc3ccco3)n2)cc1,-6.898,-5.148,5.801760508673208,2.973628423323936,0.37814830107796843
C=CCN(Cc1ccco1)C(=O)C1=NN(C(C)=O)C(c2ccco2)C1,-6.423,-5.034,3.94019923354137,5.107479417481779,0.46151094100902995
Cc1ccccc1Oc1ccnc(Nc2ccc(F)c(F)c2F)n1,-7.763,-5.85,8.482280707451268,8.91123723172041,0.005240218081535157
CC1CN=C(NCc2nccn2C(C)(C)C)S1,-5.802,-4.823,13.0638211867738,3.267469663210356,0.004298632867621052
NC1=C(C(=O)OC2CCCC2)C(c2ccc(-c3ccccc3)o2)c2nc(=O)[nH]n21,-7.674,-5.974,4.346131728330379,4.458890669213589,0.5300996884693283
C=C(C)C(=O)c1cc(C)cc(OC(=O)C(c2ccccc2)c2ccccc2)c1C,-7.012,-5.637,4.602988811630982,4.664545637036904,0.45821067444493085
COc1cccc(C2(C(=O)Nc3ncccn3)CCCCC2)c1,-7.403,-5.134,3.811615536750788,5.111645625432186,0.47248011810440127
CC1SC(=NN=Cc2cccc(Cl)c2)N(Cc2ccccc2)C1=O,-7.934,-5.665,4.202359099363118,4.327323191073207,0.5725352114787441
Fc1cc(C2CCC(c3ccccc3F)N2)ccc1Cl,-7.219,-5.777,8.062101090906761,8.61736003657733,0.008161279094564863
O=C(CSc1nnc(-c2ccncc2)o1)Nc1ccc2c(c1)OCO2,-7.191,-5.931,12.823529506341067,2.9376095724244915,0.005151095922973801
N#CC(N)=C(C(=O)OCc1nc(-c2ccccc2)no1)c1cc2ccccn2n1,-7.621,-6.13,4.648406716284624,3.2494413365992623,0.6125115197700437
CC(COC(F)(F)F)NC(=O)NCCn1cccn1,-6.372,-5.023,12.69484001474615,3.012775630544034,0.005548656800014285
CC(c1cccc(C#N)c1)N(C)C(=O)c1ccncc1,-6.986,-4.976,12.850866585565349,2.9907452248561732,0.0050423726954203375
Cc1nc(NC(=O)c2ccc(NC(=O)c3cccc([N+](=O)[O-])c3C)cc2)n(C)n1,-7.396,-5.929,7.559879165700997,9.653434673731418,0.005828994221130555
Cc1ccc(C)c(NC(=O)C(=O)Nc2cccc(C(F)(F)F)c2)c1,-8.036,-5.974,3.738539019456664,3.8033708733175104,0.7131476613507397
Cc1ccccc1C(NC(=O)c1ccco1)c1ccccc1Cl,-7.764,-4.954,3.689321346806211,8.11042871863134,0.08920525799525085
Cc1ccc(NC(=O)Nc2ccc(-n3nc(C)cc3C)nc2C)cc1,-7.448,-6.396,4.493077008020228,3.334835678110692,0.6381610162007647
Cc1nn(C)c(C)c1C=CC(=O)N1CCCCC1=O,-7.74,-5.458,11.980683953764911,2.946890055634923,0.008716653907219638
Cc1ccc(C)c(NC(=O)CCc2ccc(Br)cc2)c1,-7.172,-5.439,3.390361190197882,10.350223717388914,0.023093142297256567
CCN(C)c1ccc(NC(=O)CCCCCc2ccccc2)cc1,-6.077,-4.721,8.574381552042107,12.283867184238032,0.0006024561518309041
O=C(CSc1nnc(-c2ccco2)o1)Nc1cccnc1Cl,-7.074,-5.49,4.697563836713663,3.10811228883385,0.610803325677347
C=CCCCOP(N(CC=C)CC=C)N(C(C)C)C(C)(C)C,-4.943,-3.428,8.953390251742633,12.845754045598103,0.00033499741552838516
CC1CCC2(CC1)NC(=O)N(CC(=O)Nc1ccc(CC#N)cc1)C2=O,-7.848,-5.993,4.550536781523691,3.1330193105054427,0.6402879523068749
CC1CCc2cnc(CSCc3ccccc3)nc2C1,-6.726,-5.183,8.407864770558575,8.913908570318634,0.005478749126641859
CC(C)c1nc(CN2CC(C)(C(=O)O)Cc3ccccc32)no1,-7.093,-5.92,3.6686997696731742,4.8855122556391155,0.5310676075305453
CC(NC(=O)c1cnn(-c2cccc(C(F)(F)F)c2)c1C(C)(F)F)C(O)c1ccccn1,-7.716,-6.027,7.96860972817718,2.8085020918632053,0.10738171976176109
CN(C)c1cc(C(F)(F)F)ccc1NC(=O)CN1C(=O)NC2(CCCC2)C1=O,-8.17,-6.259,4.551580055321448,3.429544284595259,0.6191298234460704
CC1Oc2ccccc2OC1COc1ccc2[nH]ncc2c1,-7.875,-5.687,12.35289476195762,3.180466318010615,0.006765151024918088
Cc1ccccc1S(=O)(=O)N1CCN(C(=O)c2ccc(F)c(F)c2)CC1,-7.767,-5.775,4.30608929308253,3.333576307811177,0.6741917671640107
Cc1onc(C(=O)Nc2ccc(F)cc2)c1Cc1cccs1,-7.175,-5.107,6.870511334682449,7.378645607426881,0.0361742608236173
CCc1noc(CSc2nnc3c(C)nc4ccc(Cl)cc4n23)n1,-7.585,-5.643,5.178623851951404,3.024453834992361,0.5087864108342973
NC(=O)C1CCN(S(=O)(=O)c2ccc(F)cc2N)C1,-6.757,-4.415,7.567064424200445,2.9672096319606407,0.13584050987827118
CCSC(=S)C(O)CC1CC1,-4.178,-3.465,8.232100703951573,3.120568858397456,0.08898511177433827
Cc1cc(CN(C)Cc2ccon2)n(C)n1,-6.141,-5.439,12.160343333968823,2.8452419932230724,0.007849899265738008
CN(Cc1ccc(Cl)s1)C(=O)Nc1ccc(OC(F)(F)F)cc1,-7.251,-5.22,7.914767652938398,8.990911522198402,0.007084661746875235
O=C1c2ccccc2C(O)(O)N1c1ccc(Cl)cc1,-6.449,-5.346,8.092166767930577,2.9377598608463558,0.09856702367457483
CC(C)C(NC(=O)c1cc(N)ccc1Br)c1nccs1,-6.393,-5.109,12.689497901808409,3.1511497901559675,0.0054976756358348965
Cc1ccc(C2=CCN(C(=O)c3n[nH]c(=O)[nH]3)CC2)cc1,-7.619,-6.31,4.998566494506201,3.8567424077840613,0.49106098423420363
CCCCCc1nnc(NC(=O)c2ccc(COc3ccc(CC)cc3)o2)s1,-7.34,-6.121,4.209918526527562,3.2846878086052564,0.6955374536006378
O=C(c1nc(Cl)ccc1Cl)N1CCc2ccccc2C1,-7.389,-5.516,12.638650007022111,3.298977568884032,0.0055872644961343695
CCN(Cc1ccccc1)c1nc(C)nc(NNS(=O)(=O)c2cccc(Cl)c2)n1,-7.532,-6.077,4.456711792341972,3.5689036131562872,0.6255586403807882
CCC(Oc1cccc(F)c1C)C(=O)O,-5.512,-4.662,12.650252882847836,2.8389705880829412,0.005782067891649113
O=C(C1Cc2ccccc2O1)N1CC(Nc2ccccc2)(c2cccnc2)C1,-7.488,-5.998,4.153916344848557,3.6041016911291504,0.6762221679819832
COc1ccc(OC)c(NC(=O)COc2c(C)cc([N+](=O)[O-])cc2C)c1,-6.997,-5.354,3.7759764300111835,2.9909353052180845,0.7862823946168946
Cc1ccc(C(=O)NC(C)c2cc3cc(Cl)ccc3o2)cc1,-7.745,-5.789,8.45919919377715,9.02374384609847,0.0049561818082712655
O=C(Nc1ccccc1NC(=O)c1ccccc1I)c1ccco1,-7.64,-5.668,3.509661664605294,8.382670576850792,0.07746951575730605
Cc1ccc(C#N)c2nc(=O)[nH]n12,-6.378,-4.913,12.419848509543103,2.8363994782117694,0.0066787886752213655
Cc1c(N)cccc1C(=O)NC1(C(=O)O)CCCC1,-7.156,-4.931,3.6373082080021764,9.691342631441735,0.03365008395132178
O=C(CNC(=O)c1ccc(F)cc1)NCc1ccc(OC2CCCCC2)nc1,-7.532,-5.937,3.9860062719468967,8.044241853649105,0.08782669197792264
Cc1cc(C)c(NC(=O)C2CC(=O)N(Cc3ccc(F)c(C)c3)C2)c(C)c1,-7.434,-6.545,4.796592749025082,3.446753545004342,0.5674836893398838
Cc1nc(C2CCN(S(=O)(=O)Cc3ccccc3)CC2)ccc1C(=O)Nc1ccccn1,-8.793,-6.326,4.4645663843199825,8.57947952966845,0.05566860235496496
CN(c1ccccn1)S(=O)(=O)c1ccccc1C(F)(F)F,-6.426,-5.432,12.378314061292837,2.822070339307652,0.006861193941555426
CCS(=O)(=O)N1CCC2(CC1)CC(Cc1ccccn1)C(=O)N2C,-6.853,-5.276,7.042777932037896,3.0393658878127847,0.1855708731616121
Cc1ccc(NC(=O)c2cc(C)c(=O)n(-c3ccccn3)c2)cc1Cl,-7.909,-6.087,8.708929497934864,12.666089412285073,0.0004363817214163504
CC(C)=Nc1cncnc1,-4.123,-3.434,12.275958211072568,3.143378596351385,0.00712444331167214
Cc1nn(C)c2ncn(CC(=O)Nc3nc4c(s3)CCCC4)c(=O)c12,-7.295,-5.481,8.7138516742024,8.8702462761752,0.004655296653847054
Cc1ccc(NC2=C(c3cccc(N=[N+]=[N-])c3)C(=O)NC2=O)cc1,-8.322,-1.765,12.508549915957486,3.1958307214243993,0.006128466590519163
CC(=O)c1ccc(NC(=O)C(C)Sc2nnc(-c3ccco3)n2C(C)C)cc1,-7.0,-5.945,5.124499682895882,3.0987631403513247,0.5174285154228818
Cc1nn(C2CCCCC2)c(C)c1C=C(C#N)C(=O)Nc1ccccc1Cl,-7.641,-5.796,7.189111210713046,9.421056947073401,0.008442567570633443
CCCNC(=O)CNC(=O)CCC(=O)Nc1nccs1,-5.819,-4.764,12.348209424851847,2.863933134694315,0.0069710596607328364
Cc1[nH]nc2c1C(C)N(Cc1cccc(C#N)c1)C2=O,-7.436,-5.318,8.489360282141407,3.4509236444754903,0.07309119400770162
CCn1cc(C(C)NC(=O)CN2CC(C)OC(C)C2)c(C)n1,-7.05,-4.957,4.1709673937828855,3.054702767864657,0.7187294930827264
c1n[nH]nc1-c1nn[nH]n1,-5.565,-4.423,11.982128191602692,3.0761698587691804,0.00861450082686381
COC(=O)Cn1nc(C)cc1CN(C)Cc1ccc(Cl)cc1,-6.162,-5.056,4.738736223931439,4.481403574774314,0.46416275444212823
Cc1ccc(N2CC(c3nnc(Cc4ccc[nH]4)o3)CC2=O)cc1,-8.049,-5.981,4.859186557439425,3.5394975632143058,0.5472318838163179
CC1CN(c2cc(F)c(CCl)c(F)c2)C(Cn2cncn2)O1,-7.146,-4.776,4.762342490833685,3.6283155871561124,0.5597766232635462
Cc1nc(C)n(CC(=O)N2CCCC(CN(C)C)C2)n1,-6.125,-4.68,6.160838498126696,3.110599138429765,0.30783149267838994
CCn1cccc1C(=O)NC(C)c1ccccc1,-6.715,-4.722,7.435051983678393,8.102434880947825,0.016506024009235155
COc1ccc(C(N)C(C)(C)C)cc1C(C)C,-6.316,-4.584,12.543332412082524,2.981169736865044,0.006115719713990075
CCc1noc(C(C)N(C)Cc2ccccc2N)n1,-6.481,-5.419,12.58637580878626,2.9867957747392104,0.005950659058432726
CCOCC1C(C)CCC2C(c3ccc(F)cc3)CCC12,-6.163,-5.278,7.310095895403835,9.580976359432269,0.007101259709406619
COc1cccc(C2CC(C(=O)O)C(=O)C3CCCN32)c1,-6.847,-5.32,10.373372498854941,8.431230633780576,0.0021725388973986067
CC1(C)COCCN1C(=O)C1CCC(N)CN1,-5.75,-4.946,11.73912445627867,2.938697160307608,0.010143514627608112
CCOC(=O)CC(NC(=O)c1cc(C)oc1C)c1cccc(Cl)c1,-7.441,-5.107,8.619147231600119,12.328977045967763,0.0005696432989212054
CCC(NC(C)C(=O)Nc1ccc(C(=O)NC)cc1)c1ccc(Br)cc1,-6.76,-5.802,4.2732026631087825,3.0173203343364143,0.7022285808008281
CC(O)Cn1ccnc1Nc1ccc(F)cc1,-6.285,-5.398,12.729601918363356,3.1211174281016727,0.005377098280993241
CCc1cc(C(=O)NC(C)CC(F)(F)F)ccc1F,-7.055,-5.187,12.529980127677778,3.119281167192211,0.006092638641749509
CC(C)(C)OC(=O)N(Cc1nccs1)c1ccc(C(F)(F)F)cc1N,-5.668,-4.498,7.480073930115932,3.0241765821459565,0.14258288663369167
Cc1ccc2c(CNCC3(CCC(=O)O)CCOC3)cc(=O)oc2c1,-6.783,-5.666,12.074226890364452,2.8367851522454073,0.008288838091451744
CC1Cc2cn(Cc3ccco3)nc2C(NC(=O)Nc2ccc(Cl)cc2)C1,-7.345,-5.931,4.80408003680205,5.816852155590685,0.2562089848166973
CSc1ccc(N2CCCC(NC(C)c3ccccc3C(=O)O)C2)cn1,-6.984,-5.23,4.618374281064712,3.5061404706600108,0.5994429431679829
COc1ccc(C(=O)Nc2ccccc2-n2c(C)ccc2C)cc1C#N,-8.232,-5.285,7.235727883219489,8.039189262606024,0.019372891544050974
CC1CCC(C)N1c1ccc(N)cc1C(=O)O,-5.64,-4.913,12.092562921068469,2.7560397312085323,0.00823847261425652
CCC(C(=O)Nc1c(Br)cc(Br)cc1Br)C(C)N,-5.456,-4.689,5.050916946456356,3.0988504320150723,0.5337580090767567
COc1ccc(N(C)S(=O)(=O)c2ccc(Br)c(C)c2)cc1,-6.6,-4.91,3.6429824320191275,9.859516063174704,0.03026973942413843
Cc1cc(-c2ccccc2)nc2c(C(=O)N3CCC3CC(=O)Nc3cc(C(F)(F)F)[nH]n3)cnn12,-9.409,-6.64,4.140364355947433,3.2681531481862964,0.7090371662743581
Cc1ccc(Cl)cc1C(=O)NC(=S)Nc1nnc(C(F)(F)F)s1,-6.773,-5.267,4.249455259206761,3.0513380671436585,0.7046119623636761
CC(NS(=O)(=O)c1ccc(Sc2nccn2C)cc1)c1ccccc1,-7.018,-5.628,4.490340521608577,3.04238376934929,0.6580293138727845
COc1ccc(N(CC(=O)NCCCN2CCCC2=O)S(=O)(=O)c2ccc(C)cc2)cc1OC,-6.784,-4.866,4.883582086952157,3.6132918509303944,0.5361721500677922
CCN(C)S(=O)(=O)c1ccc(C(=O)N(C)c2ccccn2)cc1,-6.527,-5.019,6.265550015760787,2.9737042556380757,0.2938021610368322
CCS(=O)(=O)N(C)Cc1cccc(NS(=O)(=O)c2ccc(C#N)cc2)c1,-7.05,-5.851,4.538881800620059,2.9102608130543905,0.6550101406420465
ClCc1nc(Cl)ccc1Oc1ccccc1,-6.529,-5.247,12.533627248326798,3.1507276937241016,0.006060437059372838
Fc1ccccc1CN1CCN(Cc2cc(-c3ccco3)on2)CC1,-7.555,-6.075,3.535759324388469,3.490938126062964,0.7743450091375313
CCCCCCN1C=CN(Cc2ccccc2)C1,-6.173,-4.41,12.73670475437034,3.1942326151988367,0.005314914045865911
Cc1[nH]n(C2CNC(C)(C)C2)c(=O)c1C=C1NC(=O)NC1=O,-6.796,-5.694,4.1317727430244755,2.8838316525067826,0.7357250904411077
CCOC(=O)c1ccc2c(n1)N(C(=O)c1cccc(F)c1)C(C)CN2Cc1ccc(Cl)cc1,-7.322,-6.219,4.232689097961248,4.937228068461088,0.462257550603979
CC(Nc1ccc2c(c1)CCCO2)C(=O)NC1CC1,-6.739,-4.804,7.1551087343240285,8.981139849707274,0.011335963036727114
Cc1cccc(C(C)C)c1NC(=O)c1nc(Cl)ccc1Cl,-7.371,-5.829,12.912614297654834,3.2299557272507626,0.00474388659599666
O=C(NCC(c1ccccc1F)N1CCCCC1)c1ccc(F)cc1,-7.819,-5.304,6.647061456011972,7.651606759367604,0.03493248852624007
CCc1ccccc1NC(=O)C(C)Nc1ccc(Br)cc1,-7.121,-5.04,3.866667557471161,9.692009956660177,0.03230249170172197
Cc1ccnc(NC(=O)c2cnn(C)c2C)c1,-6.307,-4.894,12.320557901328982,2.887434501421634,0.007080495426866685
CC(C)(C)OC(=O)NC1(C)CCC2CC2NC1=O,-4.418,-3.712,8.10144937650048,3.13068746443972,0.09638370019793335
O=C(NCCNc1ccccn1)c1cn[nH]c1,-6.233,-5.066,12.78504051616576,2.9553593690108144,0.005269169517769442
COc1ccccc1N1CCN(C(=O)C2CCCOC2c2cccc(Cl)c2Cl)CC1,-8.068,-5.615,7.257473182864681,7.8868962843440515,0.021002716222153297
Cc1nc(N)ccc1S(=O)(=O)c1ccc(Cl)c(Cl)c1,-7.238,-5.517,12.302469264338766,2.920222765475264,0.007143446856875934
O=c1ccc(C(c2ccccn2)N2CCC(O)C2)c[nH]1,-6.2,-5.279,12.344760913035133,3.047337362354225,0.006885228896764415
c1ccc(-c2ccc(-c3nc(-c4ccccc4)nc(-c4ccc(-n5c6ccccc6c6ccccc65)cc4)n3)cc2)cc1,-9.801,-8.393,5.149200326264263,3.3541751594095395,0.49828563113461294
CC(=NNC(=O)c1ccc(Cl)cc1)c1cn(C)nc1-c1ccc(C)o1,-7.46,-5.935,4.5370137756017455,3.7575494674055854,0.5916526387000666
Clc1cccc(CC2CCCN(Cc3nc(C4CC4)no3)C2)c1,-6.981,-5.468,4.291463386771463,6.2806221029449,0.23461711736055854
Cc1cccc(NC(=O)Cc2csc(NC(c3ccccc3)c3cccnc3)n2)n1,-7.418,-5.499,4.742613836272145,7.81166448332236,0.08160954857666344
Cc1nn(C)c(C)c1NC(=O)CSc1nc2ccccc2[nH]1,-6.899,-5.438,4.292068149505551,3.359291889669607,0.6747046857837643
COCC1CCN(c2ccc(C(=O)Nc3ccccn3)cn2)CC1,-6.293,-5.386,5.348347875746303,2.9853792053941834,0.4728242710464613
Cc1ccc(C(=O)Nc2cccc(Cl)c2-n2cnnn2)nn1,-8.249,-5.567,6.486216154276696,3.2932732956740773,0.25121879617480236
O=C1C(=O)N(Cc2ccc(F)cc2)C(c2cccs2)C1=C(O)c1ccc(Cl)cc1,-7.252,-5.732,3.7332167094879454,5.6470128386608085,0.37303001848174405
Cc1cc(NC(=O)C2CC3(CCCC(N(C)C)C3)CO2)n(Cc2ccco2)n1,-7.715,-5.528,4.968111713719811,5.50101890562103,0.2821210936869583
CC(CC(C)(Cc1ccco1)C(=O)O)N(C)C(=O)NC1CCCC1,-6.745,-5.207,12.398233301563574,2.843450192987386,0.006766296716252279
C#CCNC(=O)c1ccc(Cn2nc(C)cc2C)cc1,-6.851,-4.996,7.662377176829655,10.985998998725604,0.002381812480926446
COc1ccc(-c2cnc3c(C)cc(Cl)cn23)cc1CO,-7.695,-4.672,7.144333488856746,7.827617070347782,0.0233249932127408
Cc1cccnc1NC(=O)COC(=O)c1c(-c2ccc(Cl)cc2)n[nH]c1C,-7.356,-5.892,4.42363074860459,8.347874819377685,0.06507223249034699
Cc1ccccc1-n1nnc(C(=O)Nc2ccccc2-n2ccnc2)c1C,-7.817,-5.764,4.748417104678147,3.008575078006197,0.6051615638913446
Cc1nnc(N2C(=O)C(=O)C(=C(O)c3ccc(OCc4ccccc4C#N)cc3)C2C)o1,-8.096,-6.91,4.928015624975228,3.0985322331710563,0.5610272392000004
COc1ccc(C=Cc2ccc(=O)n(-c3ccc(C)cc3)n2)cc1,-7.469,-5.148,4.483779990142245,8.111921350703543,0.07394571885319097
Cc1cc(S(=O)(=O)Nc2ccc(F)cc2)c(Cl)cc1NC(=O)C1CC1,-7.432,-5.471,4.183873564055204,3.889079196930811,0.6384343204191454
CCOc1ccc(C2NC(=O)NC(=O)C2N)cc1,-6.703,-5.303,12.781417018468648,3.101492221495969,0.00521533547438602
CC1(c2ccc(Cl)cc2)Cc2ccccc2N1,-6.984,-5.637,12.565984641085633,2.8905165628309417,0.006072271948327316
CCC(C)NC(=O)COC(=O)CSc1nc(C)cc(C)n1,-6.064,-4.814,12.19464554630433,2.932133353038364,0.007634426203993263
CC(C)(C)OC(=O)N1CCN(c2ccc(C(=O)Nc3ccccc3C(F)(F)F)cc2)CC1,-7.165,-5.986,6.7194653061088125,9.464733963508957,0.010873862048262576
O=C1c2ccccc2C(=O)C2c3ccc(Cl)cc3OCC12,-7.29,-6.25,7.528635666573327,3.439274632825938,0.1324070920545815
Cc1ccnc(Nc2cnc(Cl)c(C(=O)Nc3ccc(F)c(F)c3F)c2)c1,-8.103,-6.018,3.637820226454297,4.850460184353645,0.5409304473236723
Cc1cc(C(=O)N(C)Cc2ncn[nH]2)sc1C,-6.392,-4.795,5.077756295845636,5.696714228395173,0.24461642904896785
O=C(Nc1ccccc1Br)C1C(=O)Nc2ccc(F)cc2C1=O,-8.24,-6.083,4.264314012827854,9.914858496216675,0.025650615552221655
Cc1ccnc(-n2nc(C)c(CC(=O)Nc3cc(Cl)ccc3Br)c2C)c1,-7.579,-5.67,6.8667426047580955,3.435814459484097,0.19753914588422883
CC(C)CCNC(=O)c1cccc(Cc2cccc(C(F)(F)F)c2)c1,-7.421,-5.38,3.1768213673418906,7.18920030323262,0.16774412727282315
O=S(=O)(NCC1CCN(c2ccccc2)C1)c1ccc(Cl)cc1,-7.132,-5.907,4.388967760191455,9.263497503642997,0.03719576127772822
CN(CCc1ccn[nH]1)Cc1nc2o[nH]c(=O)c2[nH]1,-6.992,-4.513,5.556986593469522,3.061053903478343,0.42509256849237864
CCOC(=O)C(C)CN1C(=O)c2ccc(Sc3nc(C)cc(=O)[nH]3)cc2C1=O,-7.074,-4.987,3.9109532086180723,3.065123488540062,0.761407729463149
CC1CC(=O)CC(NC(=O)c2ccc(Nc3nnc(-c4ccccc4)c(N)c3C#N)cc2)C1,-7.915,-6.804,4.735437572178519,3.3797209944017577,0.5852502223991319
O=C(CN1CCN(c2ccccn2)CC1)Nc1cc(C(F)(F)F)ccc1Oc1ccccc1,-8.105,-6.535,4.610472969229946,3.3620252824748373,0.6124465489454033
CN(CC(=O)Nc1cccc(Cl)c1N(C)C)Cc1ccc(Cl)cc1,-6.77,-5.531,4.04747143288251,9.017822630768471,0.0473449465135156
CCN(Cc1ccccc1)C(=O)Cn1cnc2c(oc3ccccc32)c1=O,-6.682,-6.256,4.409863603332874,3.3103510387872768,0.6563296874616923
Cc1cc([N+](=O)[O-])cc(C(=O)N(CC(C)C)C2CC2)c1O,-6.594,-5.058,11.929008341014772,2.6549291892628704,0.009180612768790793
Cc1cnc(Oc2c(F)cccc2CN)nc1,-6.034,-5.188,12.295096298931538,2.9085712987650827,0.007182770428652432
CCOc1ccc(CO)cc1CN1C(=O)NC(c2cccc(C)c2)C1=O,-7.462,-5.369,4.549074741087466,2.990903040889156,0.6487357161523377
COc1cccc(NC2CCc3c(Sc4ccc(C)o4)nc(C4CC4)nc32)c1,-7.212,-5.782,12.720841088544422,3.0121493986852643,0.005459507186404307
CC(Nc1ccc2sc3ccccc3c2c1)c1ncn[nH]1,-7.872,-5.676,13.073716610053928,2.960192730212004,0.004397654724940088
Cc1c(C(=O)Nc2ccc(C(F)(F)F)cc2)ccc(C(=O)NCCN2CCCCCC2)c1O,-5.868,-4.546,7.251090952401576,4.824420068775107,0.11153759851308474
C=C(C)Nc1cccc(C(=N)N)c1,-5.964,-5.003,12.910006235474869,3.067485452288242,0.004827519005445114
Cc1nnc(SC(C)C(=O)Nc2ncccn2)n1C,-6.125,-5.065,7.1625919889380825,3.0372752591755656,0.17269424340151623
CC(c1ccc(O)c(F)c1F)N1CCN(C)C(=O)C1,-6.201,-4.702,4.698522533733343,4.0640637298152695,0.5266980953617549
O=C(NCc1ccco1)C(OC(=O)C1C2CCC1C(=O)C2)c1ccccc1,-7.78,-5.465,4.601904605704034,5.17178170459659,0.37577231295183167
CN(C)c1nc2c(c(=O)[nH]1)C(C(=O)NN=Cc1ccc(Cl)cc1)CC(=O)N2,-8.033,-6.348,4.913091999952779,3.653192028897468,0.5267247345530811
COc1cc(NC(=O)COC(=O)c2cn(-c3ccc([N+](=O)[O-])cc3C)nn2)ccc1C,-7.9,-5.776,4.249201454391167,8.123222205504414,0.07853607710218237
Cc1cc(NC(=O)C(C)OC(=O)c2ccc(CN(C)C3CCCC3)cc2)no1,-7.451,-5.865,3.8747928976914365,9.300628688427466,0.04116920217244731
CC(=O)N(C1CCC1)C1CCN(C(c2cccc(F)c2)c2cccs2)C1,-6.983,-5.126,7.095337694570991,8.188478552209807,0.019226547353802918
Cc1ccc2c(c1)CCC(C(=O)Nc1cn(C)nc1C)C2,-7.548,-5.553,4.011576248807942,8.98536204056353,0.04870034147237988
Cc1ccc(C=CC(=O)N2NC(=O)CC2c2ccccc2)cc1,-7.855,-5.641,4.985937624960825,2.960874532971636,0.5547169034698309
Cc1cc(C(=O)N2CC(F)C2)ccc1OCCN1CCCC1,-6.637,-4.642,4.722109380351116,2.813489648106067,0.6199586679381822
CC(C)c1nnc(NC(=O)c2ccn3c2CCC3)o1,-6.614,-5.021,7.680122069342388,3.026608828375415,0.12612795153263787
CC(=O)c1ccc(NS(=O)(=O)c2ccccc2)cc1,-6.543,-5.748,11.987501366006178,2.8316814792628073,0.00875357668084636
COc1ccc(CN(C)S(=O)(=O)c2ccc(OC)cc2)cc1,-6.392,-4.86,4.646935549370144,3.521300611989837,0.5924098623242212
Cc1ccc(CCNC(=O)CCc2nnc(NC(=O)c3ccn[nH]3)o2)cc1,-8.085,-6.35,4.000594455827783,3.3713151736377296,0.7235254731289196
Cn1nccc1NC(=O)c1ccc(Oc2ccc(N)cc2)cc1,-7.3,-5.29,9.365226799175769,8.73256050651812,0.003380367362852807
Cc1nc(C(C)C)n2ccnc(Oc3ccc(Cl)cc3C(=O)O)c12,-7.245,-5.496,5.379406472836943,3.1059306173834593,0.461140761000121
O=C(CCCc1ccccc1)N1CCCC1c1nc(Cc2ccc(Cl)cc2)no1,-7.218,-5.203,4.428784144660924,6.503995387452239,0.19857930264093565
Fc1ccc(Nc2nc3n(n2)C(c2ccc(I)cc2)NC(=S)N3)cc1,-7.655,-5.765,4.381070417146933,3.9230593928718456,0.6011608568849712
CCOc1ccc(NC(=O)Cn2c(-c3cccc(Br)c3)nc3ccccc32)cc1,-7.305,-5.836,4.388813621014226,3.5824562802635853,0.6370264775361312
Cn1cc(CNc2ncc(C(=O)Nc3ccccc3)cn2)cn1,-7.05,-5.55,4.6440803179962336,3.034339466836235,0.626336126921815
CC(C)CC(NC(=O)c1ccccc1)C(=O)Nc1cccc(OCc2cccnc2)c1,-7.827,-6.173,3.4356666019857043,3.0112333021537867,0.8273209462570374
O=C(Cc1c(Cl)cccc1Cl)N1CCCC(c2ncc(Cc3ccc(Cl)cc3)o2)C1,-7.563,-6.272,4.138130254112357,3.616325483138929,0.6775547632037201
CCOC(=O)c1cc(NC(=O)C2COC3CCC32C)cc(S(=O)(=O)N(C)C)c1,-7.261,-5.21,6.240487480958519,3.004413253865053,0.29722037020229697
CC(=O)N1c2n[nH]c(=O)nc2NC1c1c(C)nn(C)c1C,-6.558,-5.057,6.605520872724572,2.9218668689726437,0.2427315459946743
O=CN(NC(=O)c1nn[nH]n1)c1ccc(F)cc1,-6.487,-4.781,5.250849074197429,3.053957923744203,0.4914891748220398
C=C1CC(=O)C(C)=CC1Cc1ccco1,-6.672,-4.893,12.385061243288222,2.984071212286999,0.006749987280302647
CCNc1ncnc(N2CCC(C)(C)C2)c1CC,-5.839,-4.409,12.710517101990778,3.32429887344685,0.005326279285037438
O=C(NC1CC2CCC1N2)c1cccc(C(F)(F)F)c1,-7.979,-5.413,9.49385585523606,8.418570484351843,0.003791648883095471
CC(C(=O)Nc1cc(Cl)ccc1Cl)N1CCCCC1=O,-6.993,-5.35,12.675217276244224,3.1484351668725843,0.005548431390449584
O=C(COC(=O)CC1CCS(=O)(=O)C1)Nc1ccccc1,-6.632,-5.671,4.762884210223885,3.1443838824163954,0.5946627643063476
Cc1cccn1Cc1cccc(NC2CCC(C(=O)O)C2C)n1,-7.486,-5.962,8.346875163796328,8.654953552734987,0.006684431477981257
COc1ncc(NC(=O)C2CCCC2C(=O)O)cc1Cl,-7.145,-4.796,7.502244597452152,4.455597939670948,0.10851315483775774
CCCc1cc(OC2CCN(C(=O)c3nccnc3C)CC2)n(C)n1,-7.648,-5.536,4.4806017453016285,3.0662010697278155,0.6586330112569209
CCC(C)NC(=O)c1cnn2c1CNCCC2C,-4.599,-3.022,5.659067591043598,4.324874217824144,0.32474164567601654
C=CCOC1(Cc2ccc(Cl)cc2)CC(=O)c2ccccc21,-6.786,-5.229,12.33066316140377,3.130325701903877,0.006893637885811985
COc1ccccc1NC(=O)C1CCN(Cc2ccccn2)C1,-7.092,-5.245,5.716196812566902,3.0540766198640137,0.3926001982058642
CCCCC(CC)CN1Cc2c(O)cccc2N(C(C)=O)C1=O,-6.486,-4.376,9.377859883790117,12.842836836151115,0.0002576075092947383
O=c1[nH]c2ccccc2c(=O)n1N=Cc1cccn1-c1ccc([N+](=O)[O-])cc1,-8.008,-6.165,7.54977721525609,3.271033628686812,0.13338808431436053
N#Cc1cccc(N2CC=C(NCC(F)(F)F)C2)c1,-7.187,-5.114,8.147858000726325,8.067383590731259,0.010883763482750608
C#CCSc1nnc(-c2ccc(OCc3cc(C)nc4ccccc34)cc2)s1,-7.873,-5.96,4.573654774903764,5.092669044813339,0.39240983118223843
Cc1ccc(C)c(NC(=O)Nc2cnn(CC3CCCO3)c2C)c1,-7.216,-5.321,4.883355506206772,4.875439262261401,0.38361048308433066
CC(C)CN1c2c3cncoc-3c(C(F)(F)F)c2C(=O)OC2CCCC21,-5.079,-4.323,7.037575576858837,7.629436479845677,0.0280906325536434
CC(Nc1ccc(C(N)=O)cc1)C(=O)N1CCN(c2ccccn2)CC1,-7.361,-5.767,4.77364116791365,2.9274306140368216,0.6035645414434714
CCOCCCNCC(C)C1(c2ccccc2Cl)N=NC1C,-5.974,-4.658,12.380485168199186,2.8848864795689972,0.006821492898465379
Cc1ccnc(NC(=O)c2cccc(NC(=O)CC(C)c3ccccc3)c2)c1,-8.348,-6.804,4.672100170159026,3.13892003721025,0.6144482456191178
Cc1ccc(S(=O)(=O)Cc2ccccc2C)cc1F,-7.032,-5.166,12.210808900314507,2.767702838095159,0.007645912524178473
CC1CC1(C(=O)N1CCC(N)C1)c1ccco1,-6.001,-4.509,12.552065208562293,3.075272670837498,0.006033572436916262
COP(=O)(O)c1ccc(-c2ccc3nc(C(F)(F)F)ccc3c2)o1,-7.034,-5.622,4.652978615897563,3.8015855902504683,0.5648611161906102
CCOC(=O)C1CCN(c2ccc(C=Nn3c(-c4ccncc4)n[nH]c3=S)cc2)CC1,-7.307,-5.714,7.442268337005862,8.100603249141388,0.01645219804978168
CCc1ccc(NC(=O)C(C#N)=Cc2cc(Br)ccc2OC)cc1,-7.198,-5.679,4.365198506368296,3.7325172471135364,0.6260037530420594
O=C(O)c1ccccc1N1CCOC1=O,-5.678,-4.568,11.787990244312217,2.956698327526838,0.009824543853218102
O=C(COC(=O)c1cc(C(F)(F)F)nn1-c1nccnc1Cl)c1ccco1,-6.922,-5.06,12.640574037598135,3.2354166655934757,0.005619796703122196
CC(C)CN(CCC(N)=O)c1ccncc1C(F)(F)F,-5.244,-4.082,7.597393434593209,3.12498911998106,0.1315155317688628
CC(=O)C(CC(C)C)NC(=O)C(NC(=O)c1ccc(=O)[nH]n1)C(C)C,-6.73,-5.095,6.956287299989843,2.8963858513671825,0.19769005822503594
CCOc1cc(C=Nc2ccccc2SCc2cccc(Br)c2)cc(Cl)c1OCc1cccc(F)c1,-7.815,-6.428,7.081095607319535,8.101788506249715,0.020460052738071423
CCN(CCOC)C(=O)c1ccccc1S(=O)(=O)N1CCOCC1,-5.4,-4.242,7.601173330479973,2.943278953820042,0.13328632686044442
Cc1ccc(C(C)NC(=O)c2cccc(N)c2Cl)cc1C,-7.469,-5.396,8.413422252567619,9.224363121646936,0.004499827179077971
CCN(C(=O)c1cnn(-c2ccccc2C(F)(F)F)c1C)c1cccc(Cl)c1,-7.81,-5.235,4.620819624265807,3.6208602569002855,0.5888664344156956
Cc1cc(Br)c(N)c(C(=O)Nc2ccc(Cl)nc2)c1,-6.454,-5.017,6.123203491637363,3.4896913903667746,0.30095447137022335
C=C(C)C1CC(=O)C(C)=C(OC(=O)c2ccc(Cl)cc2)O1,-7.333,-5.802,4.54874642071857,4.380888608490292,0.5102908784761441
CCC=CCC=CCC=CCC=CCC=CCC=CCCCCCCCCCCCCCCC(=O)OCC(COC(=O)CCCCCCC)OC(=O)CCCCCCCCCCCCCC=CCC=CCC=CCC=CCC=CCC,,,,,0.0
Cc1oc(C(=O)OC(C)C(=O)c2cccc(F)c2)cc1[N+](=O)[O-],-7.378,-5.452,3.3944809617966625,6.7040141706294145,0.2186343973206199
CC(C)(CNc1cc(Br)ncn1)S(C)(=O)=O,-6.2,-4.869,12.46634272752037,3.171784513487636,0.006307591250986645
CC(=O)CCC(O)c1ccccc1C(F)(F)F,-5.785,-4.886,12.25818183908201,2.892439973448023,0.007359248421254596
COc1cccc(Nc2ncnc(NCCC#N)c2Cl)c1[N+](=O)[O-],-6.447,-4.894,5.664700698183443,2.936316570126593,0.40698990063577806
CC(Oc1cccc(C(=O)Nc2ccc(Cl)cn2)c1)C(N)=O,-7.222,-5.751,4.29139720836932,3.1109929283108313,0.692977342168819
Cc1ccc(CNC(=O)CN(c2ccccc2C(F)(F)F)S(C)(=O)=O)cc1,-7.378,-5.172,3.6986550258168176,10.269295058571451,0.023223672261562526
Cc1ccc(S(=O)(=O)n2c(Nc3c(Cl)cccc3Cl)nc3ccccc32)cc1,-7.728,-5.896,4.1190350811810275,5.507673646831301,0.3692579383318594
Cc1ccccc1C=CC(=O)NCc1ccncc1F,-7.337,-5.441,5.024274176435837,5.558326906543011,0.26812236927933386
C#CCCC(N)C(=O)Nc1ccc(NC(=O)CC)cc1,-6.221,-5.069,4.050950505745534,3.083210015551973,0.7376714985610665
COC(=O)CNNC(C#N)C(C)C,-4.889,-4.413,12.389923567157304,2.926181299919744,0.006760413752535894
CCc1ccc(NC(=O)COC(=O)CC(NC(=O)C(C)C)c2ccccc2Cl)cc1,-7.048,-5.394,3.806823610308206,7.251163837619448,0.14796860702111164
CCN(CC)C(=O)c1cc(OC)ccc1-c1nc2ccccc2o1,-6.448,-4.895,4.091029332576338,5.67989683004894,0.34116568561798977
CCOc1cc(C(=O)Nc2ccc(OC)cc2)ccc1OC(F)F,-6.966,-4.914,6.522521061675462,7.929602638215864,0.03165704948081747
COc1ccc(OCCC(=O)Nc2ncccn2)cc1,-6.577,-4.544,7.430213859640919,9.610539631050901,0.006480356699490753
Cc1ccc2nc(N3CCC(C(=O)Nc4ncc(Cl)cc4Cl)CC3)sc2c1,-7.836,-6.23,4.300507644453151,3.5070603074369857,0.6603011432439228
CC(=O)C1NC(=O)NC1c1ccc(C)o1,-5.31,-5.205,12.088356298521317,3.089404797044246,0.008051491865091055
CCCn1c(N)c(C(=O)Cn2ccnc2C)c(=O)n(C)c1=O,-5.452,-4.605,7.413945845499547,3.467508183119401,0.14147180404679743
Cc1csc(NC(c2cc3ccccc3o2)C2CC2)n1,-6.703,-4.933,12.846450482526292,3.354079009206552,0.004875212376995461
Cc1ccc(NC(=S)NCCNS(=O)(=O)c2ccccc2)cc1,-6.653,-5.563,4.558833403404866,3.663660055190711,0.5969510222129485
O=C(C=Cc1ccco1)NC(CCO)C(=O)O,-6.146,-4.987,7.576301208373383,3.019873010575114,0.13448915741304332
COC(=O)CC(NC(=O)C1CCCN1)c1cc(C)ccc1OC,-6.274,-4.868,12.499283419460493,2.733503795497639,0.006398363693322803
CCOC(=O)c1ccccc1NC(=O)C(=O)Nc1ccc(Oc2ccccc2)cc1,-7.334,-6.073,4.316440199979608,3.0410827019336386,0.6925859134035858
CCOC(=O)C1=C(C)N=c2sc(=Cc3cc([N+](=O)[O-])ccc3N3CCCC3)c(=O)n2C1c1ccc(Cl)cc1,-6.555,-5.456,7.191906075582466,6.076773732828958,0.06391938384527278
CCN(CC(=O)N(Cc1cccc(Cl)c1)C(C)(C)C)C(C)=O,-5.843,-4.749,12.215000859598824,2.844844811233119,0.007586496452193902
COC(=O)C(CC(=O)O)NC(=O)OCC1c2ccccc2-c2ccccc21,-7.389,-5.597,7.535983811022952,3.0256248941334416,0.1377790618294199
Cc1ccccc1N1CCN(Cc2coc(-c3ccccc3)n2)CC1C,-7.254,-5.854,4.490638484670081,3.4464719641975896,0.6297942347623239
Cc1cc(C)nc(NN=Cc2c(C)n[nH]c2C)n1,-6.429,-5.991,12.54472291443697,3.0182617514059316,0.006091606019502155
Cc1ccc2occ(C(=O)NS(=O)(=O)c3ccccc3)c2c1,-8.391,-5.795,8.910460650269435,12.412780953517226,0.0004509905823212778
CCn1nc(C)c(C(C)NC(=O)C2CCN(c3ccccc3C#N)CC2)c1C,-7.393,-5.318,4.531079893358757,2.9191474782888243,0.6562023752517172
CCC(=O)NC(=O)CN(c1ccc(C)cc1)S(=O)(=O)c1ccccc1,-7.031,-5.422,3.3443338649124126,9.832096215965343,0.03209438153330972
O=C(Nc1ccc2[nH]c(=O)oc2c1)c1sc2ccccc2c1Cl,-7.506,-6.418,4.408187042311158,3.015401465808492,0.6761549869682586
COc1ccc(Cl)cc1NC(=O)c1c(-c2ccccc2Cl)noc1C,-7.311,-6.055,4.162680987056298,7.743226782162588,0.10148845580327202
CN(Cc1ccco1)C1COCC1OC(=O)c1cccc(S(N)(=O)=O)c1,-7.314,-5.348,4.786403451444519,3.015098837517603,0.5965183399835132
COC(=O)c1cccc(Nc2cnnc(Nc3ccc(SC)cc3)n2)c1,-7.232,-5.628,4.441150076275288,2.9874699998493717,0.6711085223206027
Cc1[nH]n(C(C)C(=O)Nc2ccccc2C#N)c(=O)c1C#N,-7.385,-5.495,8.442206938946711,8.55206723547003,0.006716578310316318
CCOC(=O)CNC(=O)C(C)n1ccnc1C,-5.699,-4.672,12.51587507927432,2.9082272951060757,0.006257191007624923
CCc1cc(NCc2cn[nH]c2)ncn1,-6.197,-5.18,12.61116350698856,3.0337728985538788,0.005836097214221946
O=c1[nH]c(Cn2cc(Cl)cn2)nc2sc3c(c12)CCCC3,-7.218,-5.157,8.484474114522362,12.418090231593585,0.0005857888763828357
COC(=O)C1CCc2[nH]c3c(c(=O)c21)C(=O)N(c1ccc(C)cc1)C3=O,-7.001,-6.93,4.423451480461834,3.0802210959604834,0.6692983864588913
Cc1nnc(-c2[nH]ncc2F)n1CC(O)Cc1ccccc1,-6.924,-5.347,4.321595191593031,4.508799064052423,0.5255790052851739
Cc1c(Cl)cccc1NC(=O)CCNC(=O)c1ccccc1,-7.612,-5.633,4.11958383820502,9.712694888649597,0.03018625858297154
CCCCc1nnn(-c2ccc(S(=O)(=O)Nc3ccccc3C(F)(F)F)cc2)c1C,-6.828,-5.481,4.153657785614986,3.570147475945496,0.6797489363505539
O=C(Nc1ccc(Cl)cc1)c1c[nH]c2ccccc2c1=O,-7.177,-5.582,4.636042924736568,3.637888398508124,0.5842796570691632
CC1(C=Cc2ccc(N)cc2)C(=O)Nc2ccc(Cl)cc21,-7.259,-4.983,7.039989417605682,8.872408748474115,0.012999662139043263
CCOc1ccc(C=C2SC(=O)N(CCCCCC(=O)OCCCOc3ccccc3)C2=O)cc1,-7.311,-4.241,4.559356423882651,9.925076977031463,0.023360549060526675
CNC(c1ccnn1CCOC)C1CCCC(C)C1,-6.001,-4.66,12.493757321158435,2.9780619536873303,0.006309763076507672
CC(N)c1nnc(CSc2n[nH]c(-c3ccco3)n2)o1,-6.689,-5.699,12.39965197092241,2.8235513099641034,0.006769618104279722
CC(C)CC(=O)NC(C)c1nc(C(C)C)no1,-6.365,-4.729,12.178002915092442,3.026485916041903,0.007655306617730013
Cc1ccccc1N1CC2=NC(=O)CN2C1=O,-6.306,-5.262,12.370908859093579,2.8150269980943343,0.006896327030266753
CC(=O)NCc1ccccc1NC(=O)c1cc(-c2cccnc2)nn1-c1ccc(Cl)cc1,-7.471,-5.948,4.439996509007637,5.365717472994641,0.36234466701412316
CCOC(CC(=O)OC)C(=O)Nc1nc2ccccc2[nH]1,-6.382,-5.114,4.351664164431809,3.5918744410126586,0.6429427943457169
NC(=O)c1sc(NC(=O)Nc2ccc(Cl)cc2)cc1-c1ccccc1,-7.088,-5.726,4.549000219828527,2.8048531155837733,0.6577987612840986
Fc1c(Cl)c(Cl)nc(C(F)(F)F)c1Cl,-6.065,-4.596,12.699347187946316,2.6284514452429972,0.005681059541036848
C=CCCC(NC(=O)c1ccon1)c1nccn1C,-6.452,-4.473,12.410263212357746,2.9233455149879224,0.0066764710996871585
CC(C)Oc1ccc(C(O)=C2C(=O)C(=O)N(c3ccccn3)C2c2cccnc2)cc1,-7.0,-5.513,7.350899332734738,9.660914552980996,0.006590385936991255
O=C(Nc1ccc(Cl)c(Cl)c1)C1CC1C(=O)NC1CCCCC1,-7.333,-5.589,4.499247159247867,3.4802520023699444,0.6252645133889606
Cc1ccccc1OCC(=O)N1CCNC(=O)C1C(F)(F)F,-7.191,-5.689,12.178775513162233,2.7445265529777627,0.007812008372647753
CC1(NC(=O)NC(=O)CN)CC1,-4.999,-4.451,12.610349440043287,2.8549334493119103,0.005921433261843585
CCc1nc(C(C)Nc2cc(C)nc(N)n2)no1,-6.879,-5.245,12.444712732723081,2.916586189365917,0.00653762825904121
Cc1ccccc1-n1ccnc1N1CCN(S(=O)(=O)c2c(C)n[nH]c2C)CC1,-7.314,-5.376,7.264851409354495,8.086655674628418,0.018484157745922547
Cc1ccc(NC2=C(Cl)C(=O)N(Cc3ccco3)C2=O)c(C)c1,-7.278,-5.266,8.455783937637005,8.838511299987118,0.005573767255596085
Cc1nc(C(C)NS(=O)(=O)C2(C)CC2)no1,-6.179,-5.373,12.316262460665573,3.033767624588278,0.007017219741660307
CC(C)N1C(=O)NC(CC(=O)Nc2cccc(O)c2)C1=O,-6.753,-5.146,6.452570805500703,3.6192079243945074,0.24520589745732463
O=C(CNc1ncnc2[nH]ncc12)NCc1ccco1,-7.226,-6.002,12.639580451897919,2.894234959363182,0.005797707444333561
CC(C)n1ncc(NC(=O)Cn2cnccc2=O)c1C(N)=O,-5.95,-4.573,6.656922787594881,3.1837115133127254,0.23017128585372604
COCCNc1nnc(SCC(=O)Nc2ccccc2C)s1,-6.55,-4.768,6.728612709912794,2.9283968310322965,0.22572833107424525
COc1ccc(CNC(=O)NNC(=O)c2ccc(F)cc2)cc1Cl,-7.128,-5.718,4.707652493547076,3.6654484036745076,0.567463802156145
Cc1nnc(CN2CC(N)CC2C)o1,-5.854,-4.92,12.291224389783144,3.0974980225982387,0.007087478891049116
CCCOc1ccc(CNC(=O)c2ccc([N+](=O)[O-])o2)cc1C,-6.897,-5.379,7.384980636399801,10.067802441446693,0.005007292810363606
CC1CC(C)N(C(=O)c2ccc(N)cc2F)C1,-6.339,-4.328,8.009857302099705,3.0944262796195354,0.1023417737554552
CC(Cc1ccccc1)Nc1ccc(S(N)(=O)=O)cc1Cl,-7.102,-6.056,8.538916266131201,8.53508904464388,0.006392268129799436
COC(=O)C(CCCCc1c[nH]c2ccccc12)NC(=O)c1ccco1,-7.261,-5.721,8.11289399659579,5.13402142574415,0.058048875691696054
CC1(NC(=O)Cc2cccc(O)c2)CCCC1,-7.152,-4.865,10.278705122728251,8.802872599328017,0.0018296099758752374
CCC(C)C1NCCCC1(CC)CC,-5.047,-4.196,11.690665892069623,9.127161990454645,0.0006187923784354351
COc1ccc(C#N)cc1S(=O)(=O)N(Cc1cccnc1)Cc1ccco1,-6.737,-6.068,11.802313120740358,2.804712106438021,0.009845643825077239
CC(C)NC(=O)CC(N)Cn1c(C2CC2)nc2ccccc21,-6.345,-4.814,7.968587641483275,2.8946732112623694,0.10673146914011492
CC1=C(C(=O)OCC(=O)Nc2c(C)cccc2C)C(C#N)(C(F)(F)F)ON1,-6.835,-5.733,8.432910588877366,12.088925221044258,0.0007429842907829121
Cc1cccc(S(=O)(=O)c2cccc(CC(=O)N3CC4C(C3)C4(C)C)c2)c1,-8.41,-6.509,4.89856234011572,3.5474241359048126,0.5383757655314282
O=C(Nc1ccccc1C(=O)Nc1ccccn1)c1cccs1,-7.125,-5.549,3.79412506383224,8.412711096905683,0.07263324539121982
CC(C)(C)c1ccc(-c2nnc(SCC(=O)Nc3ccccc3C(N)=O)o2)cc1,-7.672,-6.595,5.034361727170586,3.4908448834057357,0.5139449678870521
O=C(C=Cc1ccc(O)cc1)c1cnc[nH]1,-6.347,-5.013,12.337470607867724,3.105624091869459,0.006880382908070502
CSc1cc2c(s1)CCCC2NCCc1nnc2n1CCCC2,-6.812,-5.942,12.361721805638567,3.033955339157121,0.006820551934413123
C=Cc1cc(N(CC)c2ccc(C)cc2)nc(-n2c(-c3ccccc3)nc3ccccc32)c1,-7.187,-5.657,4.203528160961932,4.2618368105782745,0.5826739540114516
Cc1cc(NCCn2ccnn2)nc(C)n1,-6.663,-5.598,12.291278574664233,3.019014739944142,0.0071366438916320475
O=C(Nc1ccncc1)C1CC(=O)N(c2ccccc2)C1,-7.185,-5.223,7.319782851970405,7.3224737623292295,0.02857004363200704
Fc1ccc(NC(c2ccccc2)c2ccc(Cl)cc2Cl)cn1,-7.298,-5.598,12.668080320237948,3.2291878235866065,0.005527673788708751
CC(C)(C)c1nnc(C(=O)Nc2cccnc2N2CCCC2)s1,-6.186,-5.029,8.496223631708384,8.75650329754977,0.005720112995955494
O=C=NCc1ccc[nH]1,-5.044,-3.797,12.497956392946808,3.0335617679552853,0.006264081235873396
Fc1c(Br)ccc2c1CCCNC2,-4.209,-3.123,13.130234004007697,2.9106664185371707,0.004261347165787478
C=C(C)CCn1c(N)nc2oc(C)c(C(=O)OCC)c21,-5.888,-4.145,7.853551171285509,3.1380167303569304,0.11223356893223406
O=C(CN1CCN(Cc2ccco2)CC1)Nc1c(Cl)cccc1Cl,-6.779,-5.189,4.556392213144079,3.159899998417672,0.6374106661381058
CC(N)=C(C#N)C(=O)Nc1ccon1,-6.007,-4.919,12.137472636426416,2.9874927614975064,0.007877369335064091
CC(=O)NC(C)(C)CC(=O)Nc1[nH]ncc1C(=O)O,-6.892,-4.917,7.443843765152517,2.9036449507472497,0.14718044543828784
NC(CO)C1CC1,-3.734,-3.594,7.7163724637941105,2.9671949716862223,0.12396142317588706
Cc1ccc([N+](=O)[O-])cc1C(=O)NCCc1cccnc1,-7.34,-5.564,12.228110974308338,3.1817763906346417,0.007312884391713492
CCC1=Cc2c(N)nc(N)nc2N(Cc2cnc(C(C)(C)C)nc2C)C1,-7.409,-5.288,8.028078350389963,3.6429298648203488,0.09457380707294055
Cc1c(C(=O)N2Cc3cn[nH]c3C2)nnn1Cc1ccc(Cl)cc1Cl,-7.994,-5.911,4.491640457561135,3.0829977294834325,0.6553924299786794
CCc1ccc(C(=O)N2CC(C)C(O)C2)s1,-5.937,-4.245,9.43304876484798,12.741977436803127,0.0002650859265610149
NCc1cc(C(=O)N2CCCC2c2ccccn2)no1,-6.944,-5.12,12.260283275683316,2.984860968286462,0.007296960511184714
O=C(O)C1CNCC1C(F)(F)F,-4.654,-4.537,13.625217943211036,2.893644242127909,0.003131450637947204
COc1ccc(C=NNS(=O)(=O)c2cc(C)cc(Cl)c2Cl)c(OC)c1,-7.137,-5.389,5.4202901213864925,3.0146739458853595,0.4560080894919287
O=C(C1CC1c1ccncc1)N1CCc2ccccc21,-7.571,-4.972,12.809108829266771,2.9671501478691633,0.005185628801035102
COc1ccccc1Nc1nnc(NC(=O)c2ccc(F)c(Cl)c2)s1,-7.267,-6.273,3.9111567342667306,3.3640719373996744,0.7379064013786075
Nc1ncnc(NC2CCS(=O)(=O)C2)c1N,-5.531,-4.721,11.96141505006828,3.025094709261183,0.008765949373020523
CC1(C)CC1n1nnnc1C1CCNCC1,-5.507,6.827,12.319328593718085,3.113286687730508,0.006953855400502441
Cc1ccc(S(=O)(=O)N2CCc3ccccc3C2)c2c(C)nnc(N)c12,-6.946,-6.362,12.546018731055682,2.9514426980715727,0.006120019240559361
Cc1cc(C(C)N2CCC(C(=O)NCc3ccccc3Cl)C2)no1,-7.5,-6.121,4.658451888771632,3.194388830433765,0.6139543431781156
Cc1noc(C)c1C1=CCc2cccc3c2CC1N3,,,,,0.0
CC(CC(C)c1ccccc1)NC(=O)c1cccc(C#N)c1,-6.83,-5.789,4.952702090778326,3.1301594208602217,0.5539155471694972
Cc1ccc(Cl)c(C(=O)Nc2ncccc2C)n1,-7.195,-5.717,12.61387371111666,2.994071141439362,0.005845768794962662
c1csc(N2CCN(Cc3nc4ccc(C5CC5)cc4[nH]3)CC2)n1,-6.936,-5.902,4.1670057595352565,3.4636404259102886,0.6878003863824201
Cc1cccc(Nc2cc(=O)n3[nH]c(C)cc3n2)n1,-7.669,-5.128,7.299126865591526,3.1505059911068245,0.15735381284779817
CC(C)(C)OC(=O)N1CCC(C(=O)O)C1c1ccc(C(F)(F)F)cc1,-6.219,-4.65,7.770308809822168,2.9694177880520622,0.11989983941153225
CCc1cccc(CC)c1NC(=O)Cn1ccnc1COc1cccc(Cl)c1,-7.247,-4.703,4.639730272332648,7.331672796845207,0.1134667944042001
C=C(NC(=O)c1ccco1)c1cccc(C)n1,-7.06,-5.683,12.2303201511653,2.913289206378247,0.007476853409494494
COc1cccc(CNc2cc(C(=O)Nc3ccc(C)cc3C)ccn2)c1,-7.732,-5.845,4.375548079955242,3.66168117126546,0.6316023992317163
Cc1cn(C2CC(O)C(COP(N)(=O)Oc3ccccc3)O2)c(=O)[nH]c1=O,-7.198,-6.356,3.7759843749676723,3.7650138113956495,0.7133804954980432
CCn1nc(C)c(C(NC(=O)c2ccc(Br)cc2)c2nc3ccccc3[nH]c2=O)c1C,-8.033,-5.796,4.010351605532861,6.874228393063472,0.1780701575824038
Cc1ccccc1-c1n[nH]c(=S)n1CCC(=O)Nc1ccn[nH]1,-7.616,-5.589,12.402490193505496,2.9548505884392866,0.006692565173564998
O=C(O)c1cc(Nc2ncccn2)n[nH]1,-6.103,-5.003,12.222767648941053,2.9937227660556673,0.007464629161503624
Cn1cccc1C=NC(=NCC1CCCC1)NC(=O)c1ccc(F)cc1,-7.091,-6.207,4.426462809060977,4.9811945354503075,0.4302678876955606
Cc1noc(C)c1CCC(=O)N1CC(C)C(c2ccc(Cl)cc2)C1,-7.535,-5.43,8.078622531100212,9.059410190514612,0.006135801928274905
CC(C)(C(=O)O)c1csc(CC2CC2)c1,-6.267,-4.314,7.746204812680851,2.9934361526513302,0.12145128806607002
CCCCC(CC)CNC(=O)c1ccc(Cl)c(OC)c1,-6.437,-4.152,7.302336201517978,7.952268795758855,0.019631941308759494
CCn1nccc1C1CCCn2nc(C(=O)O)cc21,-6.504,-5.412,12.553893021688532,2.8580883471299487,0.006132719674358286
Cc1noc(C)c1S(=O)(=O)NC(C)c1nnc(C(F)F)o1,-7.195,-6.289,12.166141253495292,3.0171925692603705,0.007718367535144476
Cc1cc(C)n(CC(=O)NCC(O)c2ccco2)c(=O)n1,-6.847,-5.496,4.640458921270611,5.79538040166476,0.27462400226698813
CCC(CC(=O)Nc1cccc(C)n1)c1ccccc1,-7.043,-5.341,5.043342641542412,5.178805074532155,0.3175658258741578
O=c1ccc(CNc2ncnc(Oc3ccccc3Cl)c2[N+](=O)[O-])c[nH]1,-7.533,-5.795,4.869006161425553,3.0123361366222063,0.5784294052081337
Cc1ccccc1NS(=O)(=O)c1n[nH]c(C)c1C#N,-6.761,-5.668,12.118545209718864,3.053236479541013,0.007926698453647324
CCn1ncc(Br)c1C(=O)CC(=O)N(Cc1ccccc1)C(C)C,-6.678,-5.289,12.405393141694462,3.0901291235157156,0.006603867761639173
CN(C(=O)c1ccc(Cl)c(C(F)(F)F)c1)c1ccccc1,-8.132,-5.554,12.297437659935504,2.8958269975949875,0.007179097502023193
CC(=O)Nc1ccccc1NC(=O)COC(=O)CCn1c(=O)oc2ccccc21,-7.33,-6.089,4.457426163157388,3.0233034912161902,0.6658139570123297
Cc1cnccc1C(=O)NC1CC2CCC1C2,-6.659,-4.986,12.312166868589786,3.095998062014897,0.006996287935652397
CCOC(=O)c1sc(NC(=O)C(C)C)c(C(=O)OCC)c1N,-5.764,-4.612,6.397892231039844,2.8904093135748106,0.27430412005585453
CCc1nc(NCc2ccn(C)n2)c2ncoc2n1,-6.721,-4.855,6.932338782835124,3.2892524986689597,0.19338871454864434
Cc1nnsc1C(=O)N(Cc1ccco1)c1ccc(Cl)c(Cl)c1,-7.228,-4.8,7.5785562609246355,3.228972746865479,0.13165880209150982
CCC(C)Nc1cc(-c2cnn3ccc(C)nc23)nc(C2CC2)n1,-6.97,-5.077,4.476621605630745,3.5154974043511973,0.6265923562815728
CNc1cc(C(F)(F)F)c(OC)c(Cl)n1,-5.736,-4.646,12.768740384235246,3.1319696677969286,0.005241749274043454
CC(N)c1cccc(Br)c1OCc1ncnn1C,-6.387,-4.749,12.707494875072742,3.0991072908177926,0.00546314131060621
CNCC(=NN=C(C)CC(=O)Nc1ccccc1Br)C1CC1,-6.305,-5.222,12.233481720262633,2.9093569736283653,0.007464308629022034
Cc1noc(CSc2nn(C3CC3)c(=O)n2-c2c(C)cccc2C)n1,-6.891,-4.898,6.716470055021461,3.136216988666442,0.223310178872635
Cc1cc(C(=O)Nc2ccccc2-c2nc3ccccc3o2)on1,-8.217,-6.082,3.7127737609501597,6.231673932419763,0.273782093140277
Cc1ccc(N2C(=O)NC(Cc3ccccc3)C2=O)c(C)c1,-7.282,-5.846,4.65285138382906,3.6625044709870322,0.5786524411087051
Cc1nc(CN2CCC(Nc3cc(F)ncn3)C2C)no1,-6.309,-5.286,3.8118822122410863,2.906026496782162,0.7863657987845847
Cc1cccc(Oc2ccc(Nc3ncc(C(=O)Nc4ccc(C)cc4C)cn3)cc2)c1,-8.876,-6.256,3.5292045846054325,3.5661280122844725,0.7667791494380924
Cc1cnc2c(C(=O)NCCc3nc(C4CC4)n[nH]3)cnn2c1C,-7.686,-5.853,4.3645510651154025,3.68557010515334,0.6311216805137903
CCCCC#Cc1cccc(CN(C)C(=NCc2nncn2CC)NCC)c1,-6.813,-5.369,7.425201815439093,8.938508712307664,0.00988229898645354
CC1CC2(CCN(C(=O)Nc3cccnc3)C2)C(F)(F)C1=O,-7.459,-5.329,8.133407035185193,8.552686946217547,0.008129529562330666
CCC(O)(C(=O)O)c1csnn1,-4.92,-4.916,12.281497709970067,2.7345107423449635,0.007330831075573166
Cc1nn(C)c(C)c1CC(Nc1ccc(F)cc1)C(=O)O,-6.654,-4.577,7.3852620806576645,2.990136117303023,0.15149504868469799
Cc1cc(C)c2nc(NC(=O)c3ccc(COc4ccccc4)o3)sc2c1,-8.185,-6.574,4.860003086418772,3.531138909757022,0.547720379679586
Nc1nc(C(=O)NCc2cccs2)cs1,-5.497,-5.023,11.811916863913325,3.0170019887298714,0.009631028946146987
Fc1ccccc1-n1cncc1CNCc1ccsc1,-6.033,-5.095,12.232589832083802,3.0573226849647384,0.00737874184067214
COc1ccccc1CC(O)Cc1ccc(Cl)nc1,-6.766,-4.541,8.446517921605327,8.987143539523556,0.005110507604026915
Cc1ccc(C)c(N2C(=O)c3cc(Cl)c(Cl)cc3C2=O)c1,-7.018,-5.974,12.567693861643829,3.1439287523733737,0.00593669552587627
COc1cc(CCC(=O)SC(C)=O)ccc1Cc1cccc(Cl)c1,-6.597,-4.934,4.159488670497852,9.671781945432807,0.03066773342954866
Cc1ccc(C(=O)C2=C(O)C(=O)N(Cc3ccncc3)C2c2ccccn2)o1,-7.51,-5.659,7.129168605103963,2.7640739859851795,0.17984760717422585
COc1nc(N)nc(N(CC2CC2)C(C)C)n1,-6.052,-5.518,11.568908548346297,3.021860850535643,0.011205882469485853
Cc1ccc(S(=O)(=O)NC(C)c2ccc(Br)cc2)c(C)c1,-6.456,-5.645,4.490324375810727,3.7561683934562895,0.6005699845001816
CC1CCCC(CN)(CN2CC(C)OC(C)(C)C2)C1,-6.236,-4.737,7.356468310269542,3.0313597608993885,0.15363795520322868
O=C(c1ccc(OCc2cccnc2)cc1)C1CCCN1Cc1ccccc1,-7.167,-5.05,7.271887650397248,7.454578257688358,0.027140349258960094
Cc1cc(Nc2ccc(NC(=O)c3ccccc3N(C)C)cc2)ncn1,-7.55,-5.545,5.353597762252969,3.260344306971274,0.4595008264701278
Cc1ccc(C(=O)N2CCC(N3CCCCC3)CC2)cc1F,-7.171,-5.426,6.751680531541758,6.061559287840052,0.08384671745776383
CCC(c1nc(C(C)C)no1)N1C(=O)C2CCCCC2C1=O,-7.297,-6.201,12.203924737558816,2.9385414749497754,0.00758651526787918
CSc1ccc(C(C)(C)C(=O)O)cc1,-5.439,-4.466,11.198651481316848,8.715370674847973,0.0010874208970961484
Cc1nc(C2CC(=O)N(c3ccccc3)C2)n[nH]1,-7.219,-4.993,7.416560725835122,7.793864574137788,0.020191808335233666
CC(=NNC(=O)Cc1ccc(Br)o1)c1cnn(C)c1C,-6.876,-4.719,7.660405015402253,3.2482150482996044,0.12496262071599051
COc1ccc(NC(=O)CSc2nccn2C(C)C)cc1C,-7.065,-4.592,4.499379735030152,3.9475868578157964,0.5772088078914553
O=C1N(Cc2ncccc2F)CCC12CCn1nccc1C2,-7.273,-5.327,8.930488116558914,12.613507600980784,0.00039289029264205405
COc1cc(N)ccc1C(=O)NCC1CC1(C)C,-6.479,-5.159,12.698682490715326,3.022308058421576,0.005530880709012341
COc1ccccc1S(=O)(=O)CC(=O)c1ccccc1F,-6.871,-5.548,12.419934218827409,2.9799296971573006,0.00660669574081444
COc1ccc(CN2CCN(C(=O)c3ccc(COc4ccccc4Cl)o3)CC2)cc1Cl,-8.205,-5.675,4.897861880453552,5.164230823656124,0.3388304433140999
O=C(c1cccc(N2C(=O)C3C4C=CC(C4)C3C2=O)c1)N1CCN(c2ccccc2)CC1,-8.349,-6.315,4.661730687201911,3.640068543310689,0.5789760427795262
Cn1ncc(NC(=O)c2nc(-n3ccc(C(F)(F)F)n3)c(Cl)[nH]2)c1C(=O)NC1CC1,-7.926,-6.621,5.014715644979285,3.0711960210966676,0.5431620357398744
CC(C)(C)c1nnc(N2CCN(C(=O)c3ccccc3Cl)CC2)o1,-6.826,-5.243,4.526771476449855,3.2947274545855842,0.634373889767691
Cc1c(Cl)cccc1NC(=O)Cn1cnc2c(c(C)nn2C)c1=O,-7.233,-5.649,8.469794625609289,8.93220263988676,0.005212510705635207
O=C(NC(CBr)c1ccccc1)c1ccccn1,-6.928,-5.255,12.15401271185776,3.1499133321410606,0.007683746618317443
CCc1nnc(NS(=O)(=O)c2ccc(-c3nc(C)no3)o2)s1,-7.923,-5.946,4.637588813165738,3.0383918443808406,0.6274999599941045
CCN(c1ccccc1)S(=O)(=O)c1ccc(NC(=O)C2CCC(N)C2)cc1,-6.822,-5.532,5.452091800401016,2.98205164274531,0.4503602513032177
O=C(Nc1nnc(-c2ccc(Cl)nc2)o1)c1cc(=O)c2ccccc2o1,-8.202,-6.631,5.396056893695617,2.95018999388175,0.46369699312665047
CCc1ccc(C2CC(c3ccco3)=NN2C(=O)COc2ccccc2Cl)cc1,-7.413,-5.276,5.221835213792176,3.4216805812349005,0.47861279116534416
COC(=O)C(O)C(=O)Cn1ncc([N+](=O)[O-])c1C,-4.976,-4.94,12.060955020229535,2.8142825018110744,0.00837078732496124
Cc1cc(F)c(F)cc1NC(=O)c1cc(Br)cnc1Cl,-7.272,-5.449,7.2029150349008,7.776332876105549,0.023236092598094327
Cc1cn2c(C(=O)NC(C)c3ccc(C)o3)cncc2n1,-7.26,-5.238,6.9576649100111165,3.1553061658102206,0.19319309433369833
CCOc1ccc(NC(=O)C=Cc2c(C)nn(Cc3ccc(C)cc3)c2C)cc1,-7.694,-5.65,3.898271796578581,9.760484567889034,0.030758509857778168
Cc1ccc(C2(C(N)=O)CCCC2)s1,-5.48,-4.599,11.941807149673789,8.704448345530002,0.0006881128430230123
CC(C)C(=O)Nc1n[nH]c(C2CC2)n1,-5.589,-4.95,12.46429320098015,2.9212274817275015,0.006455833854056786
O=C(NC1CC1)c1ccc(CNc2cn3ccccc3n2)cc1,-7.06,-5.561,7.1400065126020715,9.842962562155765,0.006683633747259463
Cc1cccc(C)c1NC(=O)C(NC(=O)c1ccccc1)C(C)C,-6.986,-5.493,4.065308106404728,9.015219021188559,0.04722930827521203
COc1ccc(C)cc1N(CC(=O)NCCCSCc1ccco1)S(=O)(=O)c1ccc(C)cc1,-5.991,-5.107,5.417064611023206,2.9526102011610003,0.45902689148286285
COc1ccc(N2CCN(c3nc(C)ccc3C#N)CC2)cc1,-6.993,-4.955,7.283889482961696,7.434850704620772,0.027269609255907344
O=C1CCC(C(=O)NC2CCCC2n2ccnc2)N1,-6.738,-4.733,9.156552899426726,12.468563710387816,0.0003736458727381562
O=C(NCC(O)c1ccc(C(F)(F)F)cc1)Nc1ccc(F)cc1,-7.511,-5.842,4.502386034093478,3.6530145085942376,0.6088271255326747
CCN(Cc1cc(OC)ccc1N)C1CCCCC1,-6.585,-4.77,12.752710182545513,3.2670154575697983,0.005221507508645218
CCc1ccc(C(C)NC(=O)CCC(=O)NC(N)=O)cc1,-7.194,-6.397,12.611965984730533,2.8777096795889614,0.005905790047489156
O=C1NC(C(=O)c2ncn[nH]2)=C(c2csc(Nc3ccn[nH]3)n2)C1=O,-7.735,-5.41,7.41642838568539,3.202244525329072,0.1457653210944933
O=C(NCCc1ccc(Cl)cc1)C1CCCN1S(=O)(=O)c1ccc(Cl)s1,-7.37,-5.244,7.304421879929993,3.0670182588305526,0.15807724689053199
CC1C=NC(=O)C=C1NC(=O)c1nc(C(C)N2CCCCC2C)no1,-7.031,-5.628,5.2295454869424365,3.6512314361048115,0.4614230093453771
CCn1nc(-c2ccc(C)o2)cc1C(=O)O,-6.233,-5.327,12.88018602350137,2.9008014409814398,0.004985836338317334
Cc1[nH]ncc1S(=O)(=O)NCCC(=O)Nc1ccc(F)cc1,-6.678,-5.509,4.3270907085477175,3.12949532672602,0.6849989599938577
CSc1nc(N)c(C=CC(=O)N(C)C2CCCC2)c(N)n1,-6.192,-4.543,12.584764042285416,2.8159627128213196,0.006033167964455769
COCc1c(C(=O)N(C)Cc2ccco2)nnn1C(C)(C)C,-5.686,-4.951,12.274868756935856,2.8001332111169277,0.007330268947194351
O=C(CNC(=NCc1ccco1)NCC1CC1)N1CCc2ccccc21,-7.204,-5.353,8.517964369495802,8.783171238225975,0.005550583484134689
CCn1c(SCC(=O)N2c3ccccc3CC2C)nnc1-c1ccccc1,-6.726,-5.542,5.036839981575749,9.845322696590499,0.020580304607904252
Cc1nc(Cl)ccc1C(=O)NCC(C(=O)O)C(C)C,-6.967,-4.815,9.150259122013978,12.980369370707445,0.0002724249159095913
O=C(NCC1(c2ccc(Cl)cc2)CC1)c1ccc(CNC(=O)c2ccco2)cc1,-8.538,-6.003,7.635645683241202,7.918689664332097,0.016355244922967815
CCN(C(=O)Cc1ccco1)C(C)C(=O)c1ccc(C)cc1OC,-6.817,-5.115,12.453887184329236,2.9916819683916946,0.006461764069284128
O=C(Nc1c[nH]c(O)c1)c1cc(-c2ccco2)n[nH]1,-6.576,-5.501,12.111642993417533,2.816235252957395,0.008108702976718644
O=C(COc1ccccc1Cl)NCc1ccccc1,-6.891,-5.352,12.471368529556008,3.1228486995049884,0.006317820386361792
CCCNC(=O)c1cnc(NC(C)Cc2ccco2)s1,-6.425,-5.0,12.393016743311533,2.8411351604596353,0.006789490602853998
COC(=O)c1ccc(=O)n(C2Cc3[nH]nc(N)c3C2)n1,-6.821,-5.575,12.313601504027975,2.993949398369985,0.00705255054230639
CC(=O)N(CC(=O)O)c1ccn(C)c(=O)c1O,-5.625,-4.875,6.846218591310096,2.967119141524317,0.20993028609059858
O=C(CSc1nc2c(s1)CCCC2)Nc1c(Cl)cccc1Cl,-6.387,-5.56,12.576751130558321,3.1392314346030625,0.005905867525266515
O=C(O)CC1CCN(C(=O)c2nc(Cl)ccc2Cl)C1,-7.311,-5.483,11.603223560717945,2.92631782279369,0.011053173069480766
CC1CN(S(=O)(=O)c2cccc(-n3cccn3)c2)CC1O,-7.11,-5.106,4.804220956617211,4.61313862787582,0.4343931717034764
COC(=O)CCCNC(=O)c1ccc(C)c(S(=O)(=O)C(F)(F)F)c1,-6.634,-5.49,7.809576364950917,8.570175552460988,0.009819903467902102
CCOP(=O)(OCCCN1CCN(Cc2cccnc2)CC1Cc1ccccc1)Oc1ccccc1,-5.911,-5.732,4.208323656754552,3.131353221851537,0.7069825555720514
Cc1nccnc1NC1CCC(CNC(=O)CC2CC2)C1,-6.831,-4.644,4.706802417777912,9.581595587374787,0.027536789356497407
N#Cc1ccccc1OCCSc1nnc(-c2ccco2)o1,-7.156,-5.704,4.723992802704085,3.412254826357493,0.5852497202872314
CC(C)CC(O)CNCc1cccnc1-n1cnnc1,-5.91,-4.667,5.796933154694816,2.688084820090318,0.38667552896638885
Cn1c(C(F)(F)F)cnc1CNC(=O)c1ccco1,-7.092,-4.896,8.387791604468962,8.973862100567402,0.0053441403585815055
CCCNC(C)c1cnnn1CC#CCO,-5.874,-4.64,12.091238274056137,2.9824665966276975,0.008111633732686677
CCc1ccc(NC(=O)c2sc(C)c(C(=O)NC(C)COC)c2C)cc1,-6.692,-5.404,4.725995027504789,3.111826794665798,0.6044831227844907
OC(Cc1cccc(F)c1F)c1cccc(Br)c1,-6.872,-5.331,12.578921098409037,3.0572427119873877,0.005942704373969034
COc1ccc(CNC(=O)C2C3C=CC(CC3)C2C(=O)O)cc1OC,-8.193,-5.608,5.384868243513485,2.8620527598211734,0.4692369593318571
Cc1cc(C)n(-c2ccc(C(=O)Nc3cccnc3Cl)cc2)n1,-6.84,-5.738,5.4572831152506645,3.1483438503441774,0.4426221319861142
COc1cccc(C2N(C(=O)NCC(F)(F)F)C(=O)c3ncnn32)c1,-7.208,-5.346,7.004779082883342,7.30334313859071,0.034952521725726764
CC1CCCN1C(N)=NCCN1CCc2ccccc2C1,-6.488,-5.245,8.430634258464782,8.799977840881192,0.005798804908114335
CCC(C)N1C(=O)C2=COC(c3ccccc3)C2C1=O,-6.559,-5.031,7.288240459809212,10.11341421083899,0.005161260132574294
Cc1nnc(NC2CCCC2O)c(=O)n1C,-5.774,-4.776,12.348244652581192,2.8781622608880126,0.006963752300697561
CCCCN(CCC(=O)Nc1cccc(C#N)c1)C1CC1,-6.121,-4.296,9.008926573127345,13.137266610676667,0.00026971058698394544
CC(=O)c1ccc(OCC(=O)Nc2nnc(-c3ccco3)o2)cc1,-7.179,-6.225,12.114878579663934,3.0624424892559206,0.0079384163167892
NC(=O)Cc1nc(NC(=O)c2nc3ccc(-c4ccccc4)cc3s2)n[nH]1,-7.723,-6.606,4.320102892293191,2.8200540774956777,0.70379159057496
Cc1cccc(N(C)C(=O)C2(C)CC2C(F)F)c1,-6.919,-4.714,12.011871211430798,2.951674270647085,0.008545192394939302
CCOc1ccccc1NC(=O)COC(=O)C(C)NC(=O)Nc1ccccc1,-6.912,-4.877,5.081245615004257,5.812060305950034,0.23011358253302458
CCc1ncnc(NCC(F)(F)F)c1N,-5.553,-4.983,12.105564505631284,3.0639050246376764,0.007983720726009827
CC(C(=O)O)N(C(=O)OCc1ccccc1)C1CCSC1,-7.054,-5.228,12.050698154049,2.7642599371260292,0.008452431857114622
CCOC(=O)CN(CC1CC1)C(=O)c1cccc(Br)c1,-5.803,-4.604,12.31054324552739,3.106590735838888,0.0069965203223023315
Cc1nccnc1C(NC(=O)N1CC(O)CC1C(=O)O)C(C)C,-6.862,-4.626,4.696121271858297,3.068139990287275,0.613348520545037
Cc1ccnc(-c2n[nH]c3ccccc23)c1,-7.112,-5.99,12.764018411143098,2.948405670866884,0.005341783316391829
C=CC(=CCc1ccc(Cl)cc1)c1cccc(C=C)c1,-7.007,-5.192,7.0416978776428625,7.8422464893676995,0.02458785323698242
CCCCOc1ccccc1C(=O)Nc1ccc(-c2nnc(C)o2)cc1,-6.836,-5.74,4.637003989646764,2.9464056068369127,0.6324026033737742
CC1(C)C=C(c2ccc[n+]([O-])c2)N=N1,-6.239,-4.93,12.48711035428133,2.996390328378464,0.006326518581744221
CC(C)Cc1nc(C(=O)N2CC(C(=O)NCc3cc4ccccc4[nH]3)C2)n[nH]1,-8.021,-5.806,4.320907427844294,3.5478637234256896,0.6527793669587274
Cc1ccc(C=C2SC(=O)N(CC(=O)Nc3ccc(Cl)cc3)C2=O)o1,-7.485,-5.977,4.532809393742472,3.1072400937166087,0.6455089350459267
O=C(OCc1ccccc1)C1CCCC1O,-6.7,-4.933,12.577164783845364,3.0028847796743716,0.0059770613854704365
Nc1ncccc1C#Cc1nc(N)c2ccccc2n1,-6.883,-5.549,12.5080021586183,3.101688894779746,0.006187078274435542
O=C(O)CCC(=O)Nc1ncnc2scc(-c3ccc(Cl)cc3)c12,-7.201,-4.911,6.572773082953647,3.2441371734253157,0.24023548679099582
CC[S+]([O-])CCNC(=O)c1ccc(Br)c(F)c1,-5.864,-4.574,4.498387377716596,4.869985934271267,0.4397650145451878
Cc1cccc(C(=O)Nc2ccccc2C(=O)N2CCC(C(=O)O)C2)c1,-7.83,-6.096,12.263027521782702,3.0851387326990665,0.0072216593189931705
CCC(C(=O)N(Cc1ncc[nH]1)C1CC1)n1cccn1,-5.918,-4.525,12.193267773652803,2.899249213158469,0.007660073052187479
CCOC(=O)Cc1noc(Cn2cc(C)c(=O)n2C)c1C,-6.282,-4.822,4.370171735755931,4.255181664747112,0.5579171652425206
Nc1nccn1-c1ncc(Br)cc1Cl,-5.486,-4.144,6.684111683686919,3.001362690512429,0.23036120938262514
CC(C)CC(NC(=O)c1n[nH]c(C(C)C)n1)c1ccco1,-6.604,-5.144,7.123211775596736,2.976611496315903,0.17774375099959405
Cc1ccc(CN(C(=O)c2ccccc2)C2CCN(C3CCCCC3)C2)o1,-7.149,-5.86,3.4410587033644164,5.3804359488799784,0.4440294219043536
O=[N+]([O-])CC1(c2ccc(Cl)c(Cl)c2)N=NN=N1,-6.581,-5.585,12.481634107760089,2.8886292597008705,0.006401860087469326
COCCn1c(N2CCC(C(=O)Nc3ccc(C)cn3)C2)nc2c1c(=O)n(C)c(=O)n2C,-7.41,-5.618,3.8996289567085727,3.8747042467780686,0.682646079136099
Fc1ccc(F)c(Nc2nc(Cl)nc3ccccc23)c1Cl,-7.35,-5.076,8.536422494230237,8.637157750093488,0.006008822255962127
CCc1noc(CC)c1CNC(=NCC(=O)N(C)C)NCCc1cccc(Cl)c1,-6.409,-5.513,4.437202497069521,3.722276319673219,0.6140076505113371
CCOC(=O)c1ccc(Nc2nncc(Nc3ccc([N+](=O)[O-])cc3)n2)cc1,-7.366,-5.917,4.528882091642484,3.0104755438302435,0.6518806839823194
CCCn1nc(C)cc1CNc1c(C)nn(C)c1C,-6.727,-4.889,12.698157858524203,2.8969856748006197,0.005588154520023082
COc1ccc(C(=O)NCc2ccco2)cc1S(=O)(=O)N1CCCC(C)C1,-7.155,-5.353,8.596104408393373,12.87152520100085,0.0004116811138559657
CCOc1cc(C=NNC(=O)COC(=O)c2cccnc2)ccc1O,-6.927,-5.267,4.942253433404644,3.1135447644124206,0.5570979202247854
CCCc1nc(Cl)c(N)n1Cc1ccc(C(=O)OC)cc1,-5.752,-4.28,4.536819701068139,2.8910555165890535,0.6563815527082685
CC(=O)Nc1nn2c(COc3ccccc3Cl)nnc2cc1C,-8.232,-5.964,7.037836457321242,8.306310131460297,0.018501718766001075
Cc1cccc(N2CN=NN2C)c1,-6.557,-4.411,11.860413230575062,9.90062048560594,0.0003435145092835559
Cc1nc(C2CC2)c(C(=O)N2CCCCC2)o1,-6.139,-4.367,7.542784300243512,3.504455735203401,0.1301132113885203
CCN1C2CCCC1N(c1ccc(OCCCNS(=O)(=O)c3cncs3)cc1)C2,-6.566,-5.05,4.115866858876754,2.97331885273006,0.7334779943047339
CC(=O)c1ccc(Nc2nc3c(C)cccn3n2)cc1,-6.865,-5.669,8.425913718998077,9.047694789281964,0.004984692164064381
O=C1CC(Nc2cc(C(F)(F)F)ccn2)C(=O)N1Cc1ccco1,-7.349,-5.223,7.994431624574695,3.176260694590419,0.10251159155213385
N#Cc1cccc(COc2ccccc2C(=O)Oc2cccnc2)c1,-7.098,-5.574,7.390057780558958,6.095536973885073,0.05610073176983297
CCOCCCN1C(=O)C(=O)C(=C(O)c2ccccc2Cl)C1c1ccc(OCc2ccccc2)cc1,-6.794,-5.466,7.535262371012704,6.472328329125462,0.04151712573988941
Nc1c(Cl)cc(Cl)cc1CN1C(=O)NC2(CCCC2)C1=O,-7.146,-5.211,7.757632177410837,3.3041237870273563,0.11699227025175976
Cc1cc(NC(=O)c2cc(Cn3ccnc3)n[nH]2)ccc1F,-6.651,-5.392,6.841012644338554,3.271715299349868,0.204586212397624
CC(C)OC1CCCC(Nc2ccccn2)C1,-6.351,-4.956,12.529021270634033,3.222637894644696,0.006033742076661165
CCCN(C(=O)Nc1ccnn1C)C1CCCCC1,-6.205,-4.18,7.911999999999999,2.792332000318014,0.11131636063141195
CCC(C)NC(c1ccccc1)C(c1ccccc1)n1cncn1,-6.305,-4.654,7.040035866385909,7.625351991875522,0.028119488259685733
CNCc1sc(C)nc1COc1ccc(C)cc1C(C)(C)C,-6.079,-4.722,4.407257764188521,6.517878565913913,0.19825302763628597
COc1ccc(OC)c(C(C)N(C(N)=O)c2cccc(C)c2)c1,-6.592,-4.56,8.086503694428144,5.905262229571181,0.0405549450959124
Cc1noc(C)c1C(C)OCC(=O)Nc1cccc(F)c1,-6.618,-4.926,8.565152479670166,11.709929333689422,0.0008673370115792566
COCCn1nc(C(=O)N(C)Cc2ccccn2)c2ccccc2c1=O,-7.333,-5.304,4.358326398974726,4.8508122000341345,0.46191059093149917
O=c1ccn(C2OC(CO)C(CO)C2O)c(=O)[nH]1,-5.936,-5.55,12.839965147927778,2.8292294003844938,0.005139058563031382
CN(C)C(C)(C)CNc1nc(Cl)nc(Cl)n1,-6.339,-4.808,13.005203996862178,3.2724830022476823,0.004456562166365988
CC(=O)C(NC(=O)C(N)Cc1c[nH]c2ccc(F)cc12)C(C)C,-6.687,-4.834,7.293533848553798,3.048722519351343,0.15938258101721892
COc1ccc(CNC(=O)c2c(C)cccc2OC)cc1,-6.991,-5.289,8.244326655343055,8.747864082163144,0.006723134807471798
CC(NC(=O)c1ccc(N)cc1Cl)c1ccccc1F,-7.072,-4.779,7.154101271298862,9.13529884568644,0.010304297490810854
CCCc1[nH]nc(C(=O)NC(C)c2ccncn2)c1CCC,-6.621,-5.04,12.613450519187841,3.009406253731789,0.005839854002237318
CC(C)COc1ccc(C2=C(Nc3ccccn3)C(=O)N(Cc3ccco3)C2=O)cc1,-7.021,-5.166,7.562847215169694,8.08998751544154,0.015384900471132421
Cc1c([N+](=O)[O-])c(C(=O)OCC(=O)c2ccc[nH]2)n2c1N(c1ccccc1)CC2,-7.723,-6.434,4.483145993607614,3.6139286102522834,0.6162779854142661
CN1C=C(F)C1,-3.527,-2.617,11.343838944554882,8.684564755933367,0.0010123141241220352
CC(C)NC(=O)c1nnc(CN(C)Cc2ccccc2F)o1,-6.527,-5.556,4.552996156378787,3.2462589237459176,0.6324498876791491
CC(C)C(C)(O)CNC(=O)c1cnccn1,-5.688,-4.844,12.39345456279241,2.913686496519487,0.006751933130807619
CCCCSCC(=O)Nc1cccc(OCCC(C)C)n1,-5.444,-4.067,12.109610315778125,2.8656815943157397,0.00809103656726689
N#Cc1ccccc1S(=O)(=O)NCC(O)c1ccccc1,-7.35,-6.054,12.71709939412286,3.029182893124811,0.0054643733709041345
O=C(NC(c1ccccc1)c1cccs1)c1cccs1,-6.792,-4.985,12.772995694041395,3.341493827616625,0.005111934087806211
COCOc1ccccc1C(CN)C1CC1,-5.399,-4.315,12.432362044277829,2.9810759802460587,0.00655496889895846
Cc1ccc(C(C)NC(=O)c2ccc(COc3ccc4c(c3)CC(C)O4)o2)cc1C,-8.345,-6.265,4.616062499576885,7.925597390733395,0.07949858444192028
CC(C)c1nccn1C1CCC2(CCN(C(C)C)C2)C1O,-6.456,-4.883,3.6949644111953233,6.621752034016375,0.2196010609834405
CCCCN(CC)CC(=O)Nc1c(Cl)cccc1C(C)(F)F,-6.264,-4.338,12.010547406342477,3.004813471748288,0.008515454696169012
CCOC(=O)CNC(=O)CSc1nnc(Cc2ccco2)n1-c1ccc(Cl)cc1,-6.582,-5.205,4.666853115323,3.1707893339040987,0.613642199844328
CNC(Cc1ccc(Cl)cc1)c1ccccc1C(F)(F)F,-7.135,-5.221,7.969245572825573,8.19299786402999,0.01124511902129826
CCOC(=O)c1cc(NC(=O)C(N)CC(C)C)ccn1,-6.859,-4.781,4.348849388056569,3.6441137468525873,0.6382398630212576
CC(C)(C)OC(=O)Nc1ccc(N2CCCCC2)nc1,-6.142,-4.737,12.260585671165957,2.851437181492869,0.007369997636981098
CN1CC(=O)Nc2ccccc2S1(=O)=O,-4.526,-4.458,12.419962842134431,3.0347092117697203,0.006576328607400673
N#CCCn1ncc(C#N)n1,-5.257,-4.312,12.720969263385554,3.1397609781637836,0.005396563305342452
Cc1ccc(NC(=S)Nc2ccc(Oc3ncccn3)cc2)cc1,-6.983,-5.932,7.287626293931379,8.906229168396688,0.010962370787642301
O=C(O)c1ccnc(NC(=O)c2ccon2)c1,-6.609,-5.19,4.973910735025308,2.9802612301608735,0.5565464278082705
N#Cc1ccc(N2CC(Cl)(Cl)C2=O)cc1,-6.456,-4.44,12.150446000044607,2.747111027971021,0.00795025992561715
Cc1cc(NC(=O)c2cnc(Nc3ncc[nH]3)cn2)no1,-6.71,-5.314,5.264840643362342,3.117079883480691,0.4856006895419291
CCOc1ccc(N2C(=O)CC(NS(=O)(=O)c3ccc(C(F)(F)F)cc3)C2=O)cc1,-7.363,-6.146,6.365270222072272,3.1301281123941234,0.27387243412481543
N#CC(=C(O)c1ccc(F)c(Cl)c1)c1nc2ccccc2[nH]1,-7.985,-5.132,4.484991638788192,8.254642451372439,0.06766986189909453
Cc1cn(N=Cc2ccccc2OCC#N)c(C)n1,-7.071,-5.27,11.845420887414681,3.083323207190579,0.00937674945159154
COc1cc(Br)cc(C(=O)NCc2cnn(C)c2)c1,-6.85,-5.523,12.826173474579235,3.016937685799957,0.0051096130462112
NC(CC(F)(F)F)c1ccc(Cl)c(Cl)c1Cl,-5.293,-4.491,7.21116044752854,3.2141757885965117,0.164901056971793
Cc1cc(-c2nc(Cn3c(C)c(C)ncc3=O)no2)n[nH]1,-8.219,-5.648,4.252006937905911,3.6163531354114187,0.6582587529247063
Cc1cc(-n2nnnc2C(Nc2ncccc2N)C2CC2)c(C)o1,-7.235,-4.869,8.788606032813167,12.83668154158231,0.0003732870698280023
CCc1ncnn1CC(CN)CC(C)C,-5.689,-4.355,12.464632124535406,3.1047578005377487,0.006355261463180993
Cc1ccc2c(c1)-c1[nH]ncc1C(N)CN2Cc1ccc(F)c(F)c1,-6.439,-5.198,12.692776607188831,2.7353891862036748,0.005668911437930794
CC1CCC(=O)COCC(C(C)OC2OCC(O)C(O)C2O)C2CCC1C2CCC1(C)C2CCCC21,-5.068,-4.614,4.83251239005137,4.067346801048565,0.5012575278088459
O=c1ccc(Cl)n[nH]1,-4.877,-4.001,12.368299883169069,2.8449845342286135,0.006893327068692931
CC1CN(c2nccc(C(F)(F)F)n2)CC(C)S1,-6.835,-5.318,12.129913561109987,3.2261619612164543,0.007740171695137846
CN(Cc1ccncc1)C(=O)c1cc(C2CC2)on1,-6.444,-4.642,5.447237923939067,3.22967877659683,0.4410953294234408
COc1ccc(C(C)NC(C)c2ccc(F)cc2)cc1F,-7.109,-5.302,7.902894975893327,8.385111627163946,0.010400154003977834
CCOC(=O)Cn1ccccc1=NC(=O)c1cccc(-c2cn[nH]c2)c1,-7.637,-5.733,12.509019705796295,2.9426950232737337,0.006267483223857074
CC(C)=CC(=O)CC1CC(=O)N(C)C1,-5.873,-4.418,12.842950790219513,2.9311079816342485,0.005091510577670224
COc1c(Br)cc(NC(=O)c2ccc(Cl)cc2[N+](=O)[O-])cc1OC(F)F,-7.272,-5.247,6.999120158991414,10.56238708815389,0.004641487158739561
N#Cc1ccccc1N1CCN(C(=O)c2ccc(Cn3cccn3)o2)CC1,-7.915,-5.467,3.8801052820767636,3.263694072672866,0.7511700833135682
O=C(COC(=O)C=Cc1cccs1)Nc1ccc(-c2ccc3ccc(F)cc3n2)cc1,-8.046,-6.417,7.237177972110399,9.842299375654045,0.006305246250935513
COC1C(O)C(O)C(OC(C)=O)OC1C(O)C(O)C(=O)O,-6.302,-4.876,5.3946108293369965,3.036809839288591,0.460707156347221
Cc1ncc(NC(=O)c2cc(Cl)cc(C#CCN)c2)cn1,-7.227,-5.769,7.290040123346373,8.051326226156782,0.018605814925886983
Cc1noc(C)c1CCN(C)S(=O)(=O)c1ccc(F)cc1,-7.384,-4.977,8.912290895162702,12.793725688789799,0.00035503851457558864
Cc1cccc2c1C(N)C(C)(C)CO2,-5.505,-4.82,12.925190327418779,3.0407198160961824,0.004793212837942161
COC(=O)CCN1C(=O)CC(NC(=O)Nc2ccccc2)C1=O,-6.364,-5.204,4.459083874519518,3.019662398348531,0.6656842540511618
O=c1nc(Cc2ccc(Cl)cc2)[nH]c2c1CCCC2,-7.792,-5.506,8.444814858834977,8.834384528647142,0.005626265568521317
COc1ccc(N2CCC(Cc3ccccc3)C2)c(C(=O)NC2CCC2)n1,-7.232,-5.461,7.358069176081453,9.153108160619537,0.00900639129567094
CCOc1ccc(N2C(=O)C(NC(=O)c3ccc(C(F)(F)F)cc3)C2=O)cc1,-7.473,-6.071,4.538351462811139,3.0051104804981805,0.650206388252553
Cc1cnc(COc2ccc(C(C)NS(=O)(=O)c3cccnc3)cc2)n1C,-7.324,-5.496,7.2517875037813955,10.18674953064028,0.005040351966238682
FC(F)(F)c1noc(-c2ccco2)n1,-6.039,-4.922,12.599652614258856,3.096866480815729,0.0058452521798506565
Cc1cnn(CCC(=O)Nc2sc(C(=O)OCC3CC3)cc2C)c1,-6.273,-5.548,3.984165910200025,2.8997687838860524,0.7600515509432126
CC(=O)c1nccc(CNc2nc(C)nc3c2CCCC3)n1,-7.909,-6.193,12.456474862496211,3.0420327085684007,0.006423886911211791
O=C(O)C1CC(=O)N(c2ccc(C(F)(F)F)cc2)C1=O,-6.607,-5.558,5.296552935636535,3.056008180617323,0.4813346980716959
COc1cc(NC(=O)c2ccc(C(=O)O)s2)ccc1OCCn1ccnc1C,-6.784,-5.3,5.39319654750316,3.062952333941877,0.4599583369263406
CC(NC(=O)c1nccnc1C(=O)O)c1c(Cl)cccc1Cl,-6.503,-4.78,7.915382176496599,7.0579750637133865,0.023276235699866223
O=C(NCC1(c2ccc(C(F)(F)F)cc2)CC1)c1cc(-c2cn[nH]n2)on1,-8.18,-6.53,6.658623431310709,3.1061751399430135,0.23167934693646225
CC(C)(C)c1ccc(Oc2cc(C(F)(F)F)cc(Cl)n2)cc1,-7.8,-5.743,8.07349825044881,9.015659876015732,0.006325299431268486
CCOC(=O)c1nc(NC(C)c2nc(C)c(C)s2)c2ccccc2n1,-6.768,-5.25,4.889561739051874,5.618112672419449,0.27465203214073647
O=C(CCn1c(=O)c(=O)[nH]c2ccccc21)NS(=O)(=O)c1c(Cl)cccc1[N+](=O)[O-],-8.004,-5.746,5.054747669270939,3.2415837178761864,0.525374493655061
O=C(CSc1nnc(CCN2C(=O)c3ccccc3C2=O)o1)Nc1cccc(Cl)c1,-7.92,-6.305,4.724761475460957,4.4069537097636955,0.47708032770382436
CCOc1ccc(NC(=S)NC(=O)c2ccc(Cl)c(Cl)c2)cc1,-7.13,-5.672,7.5098467361191865,8.669968512053547,0.011091420104066614
CCC(Oc1ccccc1C)C(=O)Nc1c(C)nn(C)c1C,-6.853,-5.385,3.836299519067821,8.71734598372693,0.059641305607907126
CCCc1nc(Nc2cc(C(=O)O)ccn2)nc(=O)[nH]1,-7.787,-5.26,8.4564114138327,8.40034820706856,0.007315051590113971
CC(C(=O)NCCOc1ccc(F)cc1)N(c1cc(Cl)ccc1Cl)S(C)(=O)=O,-6.944,-5.589,4.651506100178737,2.9138821184117933,0.630864799528075
CS(=O)(=O)N(c1ccc(N2CCOCC2)cc1)c1ccc(Cl)c(F)c1,-7.363,-5.434,6.520711387571144,7.973737580332075,0.030839240433900548
Cc1c(Cl)cnc(C2(C)C(=O)NCN2C)c1Br,-5.488,-4.215,7.5090618588476135,3.2211851856110347,0.13748618310057598
COc1ncnc(NC(=O)C2CC(=O)N(c3cccc(Cl)c3)C2)c1C,-7.68,-5.611,5.0767084808958645,3.0037684664434443,0.5324606738529871
CCC(C)OC(=O)C1=C(C)NC2=C(C(=O)CC(C)C2)C1c1c(Cl)ccc(Cl)c1Cl,-6.358,-4.654,3.8183755708416105,9.569420933368958,0.03519324752718324
Cc1nc(-n2ncc(C(=O)Nc3cccc(NC(=O)c4ccc(F)cc4)c3)c2C)nc(C)c1CC(N)=O,-8.771,-6.56,3.9486895294515114,3.1533260218378953,0.7493191808845824
COc1ccccc1NC(=O)N1C=CC=CC2=C(C2)NC(=O)CC1C,-5.518,-3.844,8.591713100424153,12.369360007696436,0.0005649956668177204
CCCCOc1ccc(C=NNC(=O)c2cccc(Cl)c2)c(O)c1,-7.298,-4.937,3.4434712137609047,9.930725904988014,0.029805079667481797
CC(Cc1nc(-c2ccccn2)no1)NC(=O)c1ccco1,-6.957,-5.532,6.663390878524236,3.2203220335860814,0.22843762742543364
O=C(O)C1CCCC1S(=O)(=O)c1ccc(Cl)c(Cl)c1,-6.905,-5.131,7.790199676516642,2.976422013088869,0.11837556721158965
CCOC(=O)C1C2CC(CC1(C#N)CC)c1ccccc12,-6.602,-4.606,3.7585249766364455,10.084895934019348,0.025790254589576764
OC1C(O)C(N2C=CN3CN=CN=C32)C1O,-6.081,-5.105,12.557164568484401,2.857515879220971,0.006120442486109296
CCOC(=O)C(C)(C)CNCC1(C(C)C)CC1,-5.463,-3.781,12.45465860632077,2.9424333467387154,0.006484206241016058
C=Cc1cccc(NC(=O)Cc2ccc(Cl)cc2)c1,-7.385,-5.048,8.383853827447137,9.147529939825285,0.004807911499302184
Cc1cccc(C(=O)NCCn2cnc3c2c(=O)[nH]c(=O)n3C)c1,-8.045,-6.437,4.5163376755951266,3.031692926402673,0.6532978368787092
CCNC(=NCc1cnoc1)NCC1(CC)CC1,-6.095,-5.057,12.133575276891804,2.8447388280824657,0.007982605239108069
N#Cc1cccc(S(=O)(=O)NC2CCCC2C2CC2)c1,-7.376,-5.274,11.229825466141493,8.550137835146284,0.001181769421577623
CCC1CC(C)(C)N(Cc2cc(C)nn2C)C1=O,-6.304,-4.116,7.495792553159404,3.2125840066837164,0.1387296187933785
Cc1csc(C(=O)Nc2ccc(C(N)=NO)cc2C)c1,-6.824,-5.308,12.629169608489706,2.8700641107821965,0.005845866468511655
CNS(=O)(=O)c1ccccc1NCC(=O)Nc1ccc(Cl)cc1Cl,-7.086,-5.19,4.663809065560038,3.099491732526479,0.6185081769731735
COC(=O)C1(N)CCC1OC(=O)c1ccccc1,-6.037,-4.77,4.019279910630758,8.69886279923991,0.05810553176488511
O=C(Nc1nnc(Cc2ccc(Cl)cc2)o1)c1coc(N2CCOCC2)n1,-8.257,-6.815,4.3877944345650475,2.949519452385423,0.6838659882076178
CCC(C)C(NC(=O)c1ccc(C(F)(F)F)cc1)C(=O)NCc1nc(C)no1,-7.507,-5.778,5.395014921202721,3.028175358198398,0.46096192508056494
CC(C)CCOC(C)C(=O)NCCOc1ccc(Cl)cc1,-5.832,-5.392,12.200873821165434,2.75601814217541,0.0076992799013235755
CC(=O)Nc1ccc(Nc2cc(NCCc3ccccc3C(C)C)ncn2)cc1,-7.415,-5.568,3.8244117194674523,3.6387971913806894,0.7222475050541242
CC1=CC(c2ccccc2)C(C(=O)N(C)CCc2ccccn2)=C(N)O1,-7.241,-6.096,12.770670890755897,2.7972232660265073,0.005378145001423398
O=C(O)c1cc(-c2ccc(F)cc2)cc(F)c1F,-7.431,-5.686,12.190090770785917,2.9864376772335297,0.0076232012702332035
COC(=O)c1cc2c(cc1C(C)(C)c1ccccc1)OC(F)(F)O2,-7.681,-5.48,10.008045863204265,8.727341233159157,0.0022707222004310448
Cc1cc(Cl)cc(OC(C)C(=O)Nc2ccc3[nH]ncc3n2)c1,-7.608,-6.15,3.9100245523525805,9.25593490685841,0.04203631934961832
CCN(Cc1cscn1)CC1(N)CCC1,-5.09,-4.207,12.17355305570235,2.8321668383059637,0.007792451242436286
O=S(=O)(c1ccccc1)c1c(C(F)F)n[nH]c1-c1ccco1,-6.721,-6.071,12.10482936682711,2.8933767469861236,0.008098892864911023
CCOc1ccc(S(=O)(=O)N(C)C(C)C(=O)N(C)c2ccc(F)cc2)cc1C,-7.328,-5.642,4.387718883429065,2.928739660673172,0.684987124077767
CCC(C)CC(C)NC(=O)c1ccnc(C(F)(F)F)c1F,-6.698,-4.783,12.214401499868913,2.8406937532933743,0.007591542201196622
O=C(NCC(=O)N1CCCc2ccccc21)c1cccnc1Cl,-7.662,-5.479,9.255405879808837,13.263240667348231,0.000213799575431317
Cn1c(SCc2ccccc2Cl)nnc1-c1ccco1,-6.89,-5.407,12.510995563902979,3.1928277435527272,0.006120985171041363
FC(F)(F)c1ccc(Nc2ccc(Cl)nc2)cc1,-6.491,-4.969,10.311086703155977,8.745021326446265,0.0018586745629530364
CCn1nccc1C(=O)Nc1nnc(-c2csc(C)n2)s1,-6.972,-5.272,12.244341305272409,2.924303164858254,0.007405416333283729
CC1Cc2ccccc2N1Cc1ccc(Cl)s1,-6.292,-5.278,12.625685129924634,3.325146613308953,0.0056157313715576845
O=CN1CCN(c2cnnc(NCCN3CCOCC3)n2)CC1,-7.086,-5.028,6.972952100796332,3.0315271728948785,0.1936272326948081
CCOC(=O)c1sc(NCc2c(F)cccc2Br)nc1N,-6.379,-4.602,4.615525972194285,3.606675200236362,0.5912132732711929
CN(C(=O)CNc1ccc(S(=O)(=O)N(C)c2ccccc2)cc1)C1CC1,-6.133,-5.338,4.664220192057832,3.0218855041182477,0.6226944086941534
Cc1ccc(Br)c(C(=O)N(CCC(=O)O)C2CC2)c1,-6.577,-5.111,12.677799651359063,2.895189976495498,0.005660463184405963
Cc1cn(C)nc1C(=O)OC(C)C(=O)NCc1ccc(F)cc1,-7.27,-5.607,4.689391964850027,4.329602984108358,0.493907051242836
O=[N+]([O-])CC(c1ccc(O)cc1)N1CCOCC1,-5.958,-5.001,12.47442635955658,2.995842118670475,0.00637715830939198
CCOC(=O)CSc1nnnn1CC(=O)NCc1c(C)noc1C,-6.238,-4.855,12.221903697869658,2.9845366474546764,0.0074742974790320505
Nc1ccccc1N1C(=O)c2ccccc2C1=O,-6.306,-5.743,12.374407379749545,2.895627911179197,0.006842033952613554
O=C(Cc1ccccc1Cl)C1CCCC1,-5.806,-4.961,12.313728151944884,2.9106834249021314,0.007098488657687351
CCOC(=O)c1cnn(CCNC(=O)Cc2c[nH]c3ncccc23)c1,-6.862,-4.898,6.428186447202663,3.3065088840043964,0.25935376305917135
Cc1cc(C(=O)NCc2ccccc2)ccc1Br,-7.064,-5.443,8.515473328007081,9.261404537109907,0.0041272614530149685
CCc1cc(C)c(C(=O)CC(C)c2ccco2)s1,-5.915,-4.547,7.157370816158681,8.092515863438265,0.019653847935900814
Cc1ccccc1CN(C)c1cc(N(C)C)ncn1,-6.921,-4.671,8.554683103423528,8.896353129232226,0.005056490102964516
COc1cc2[nH]c(CC(=O)O)c(C(C)=O)c2cc1Cl,-6.621,-5.45,6.551501659924998,3.0184085210587384,0.24854145163409141
CC1NS(=O)(=O)N(CC(=O)NC2CCCC(C)C2C)C1=O,-6.585,-5.484,8.321894315599062,2.9459492527876305,0.08544771881008881
CCCCCCC=CC=CC=CCCCCCCCC(=O)OCC(COC(=O)CCCCCCCCCCCCC)OC(=O)CCCC=CCCCCCC,,,,,0.0
CC(C(=O)NCc1noc(-c2cccc(C(F)(F)F)c2)n1)n1cncn1,-7.796,-5.867,4.586945170808127,3.2862507512361256,0.6227365014435492
Cc1ccc(NC(=S)NN=Cc2ccccc2O)cc1Cl,-6.847,-5.345,3.4283407065226164,3.6763135067619035,0.7641247334728564
O=C(c1cccc2[nH]cnc12)N1CCN(c2ccc(C(F)(F)F)cn2)CC1,-7.763,-5.614,7.1537627162214426,5.9395355037241755,0.070464406752516
Cc1cccc(CC(=O)N2CCN(c3cc(Nc4ncccc4C)nc(C)n3)CC2)c1,-8.863,-6.79,7.242597945488898,8.475400521509293,0.014725486854095188
COC1CCCCC1NCc1nc2ccccc2[nH]1,-6.413,-5.324,8.242117871032905,3.1058813563946703,0.088556847162632
COc1ccc(Cl)cc1Nc1ncnc(Nc2ccn(C)n2)c1[N+](=O)[O-],-7.099,-5.875,4.482477997715103,3.2569938593740075,0.6459470593983982
FC(F)(F)Oc1ccc(-c2cccc(-n3ccnc3)c2)nn1,-7.647,-5.645,3.7025356176544744,3.755882985397708,0.7237392691747083
CC(C(=O)Nc1ccccc1)C(=O)NC1CCCCC1C,-6.803,-5.022,8.41973099332752,9.04270053689715,0.005019439101341578
CC(c1ccc(F)cc1)N(C)C(=O)Cn1nnc(-c2ccco2)n1,-6.768,-6.302,12.332669581238282,3.0664275631424918,0.006925762740445377
COC(=O)c1ccc(C2CCN(S(=O)(=O)c3cnc(C)[nH]3)C2)o1,-8.039,-5.633,5.472007127188341,2.918453528840232,0.44830948967966083
CC(N)C(=O)Nc1ccccc1Cn1cccnc1=O,-6.762,-5.151,12.044803402297607,3.020921382624844,0.008323784889889352
COc1cccc(N2CC(C(=O)Nc3ccc(S(=O)(=O)c4ccccc4)cc3)CC2=O)c1,-8.983,-6.172,5.553303431292045,2.953326429638281,0.4297269360875512
CCCCCS(=O)(=O)Cc1nc(CC2CC2)no1,-5.772,-5.145,12.162051183908083,2.888323735317771,0.00781729810647823
NC(=O)c1nnn(-c2cccc(C(F)(F)F)c2)c1-c1cccnc1,-7.515,-5.357,7.035146124992714,9.333851562993704,0.009780111500648721
O=C(O)C=Cc1ccccc1-n1cnnn1,-6.581,-5.445,11.955538005460065,2.8412796412884105,0.008924239893996969
Cc1cc(Cn2nc([N+](=O)[O-])cc2C)no1,-6.583,-5.716,11.989569341723664,2.80815971767989,0.00875630269050689
CC(CNC(=O)C(=O)NCc1ccc(Br)cc1)N1CCCC1,-7.09,-5.15,6.751131016355703,2.8581843887335197,0.22391325889663996
COc1ccc(OC)c(NC(=O)C(C)Sc2cc(C)ncn2)c1,-7.069,-5.269,4.549311266554531,3.0002439900781406,0.6481853482765894
Nc1nnc(NC(=O)C(NCc2ccco2)c2ccccc2)c(=O)[nH]1,-7.937,-5.791,3.63548538712508,7.838504768130207,0.10642539197876635
CCOC(=O)Cc1csc(NN=Cc2cc(Cl)cc(Cl)c2OC(C)C)n1,-6.321,-5.232,4.12146818500398,3.005284013200749,0.7305741907903416
Cc1ccc(-c2noc(N)n2)c(C(=O)O)n1,-6.037,-5.047,7.314369487522489,2.9868409733362102,0.1582076425775042
CN(Cc1ccc(Cl)c(Cl)c1)C(=O)c1ccc(-n2ccnc2)cc1,-6.643,-5.236,4.751455776917217,9.141873385690703,0.03565086389083388
Cc1nn(-c2ccccc2)c(C)c1CNC(=O)C(C)Oc1cccnn1,-7.293,-5.689,8.366293384767236,8.985578055973917,0.005376495933342993
CC(C)(C)OC(=O)NCCN(c1ccc(Cl)cn1)C1CC1,-5.941,-5.529,12.595953318427313,3.135537752922136,0.0058374909971841285
O=C1CC(c2ccco2)N=C(NC(=O)Cn2ccccc2=O)N1,-7.52,-5.852,5.208203817056318,3.2628269951071567,0.4907136037662039
COc1ccc(CN)cc1CN1CCC(C)C1,-6.252,-5.564,12.518300323925768,2.9069203635462735,0.006248327554713175
COc1ccccc1CN(CC1CNC1)C1CC1,-5.652,-4.556,12.459275460475219,2.9238185648223793,0.006474829369179965
Cc1ccc(S(=O)(=O)CC(=O)NCC2CCCCO2)cc1,-6.427,-5.487,4.345617217381208,4.428762806924751,0.5350151070647899
Cc1nc(-c2ccc(-c3nccn3C)cc2)sc1CO,-6.207,-4.799,7.369250843878229,9.510671322256911,0.007157737857581382
CSCCC(NS(=O)(=O)c1c(C)c(C)cc(C)c1C)C(=O)O,-6.051,-4.24,7.559096109985638,3.0231882177595226,0.13587390865756802
Cc1noc(-c2ccccc2N2C(=O)c3ccccc3C2=O)n1,-8.031,-5.51,6.2244881717294644,3.5340091963660765,0.2826961860694792
Cc1cc(S(N)(=O)=O)cc(NC(=O)Cc2nn(-c3ccccc3)nc2C)c1C,-7.302,-6.406,4.603884555459661,2.845426857257097,0.6442883297721824
CCc1ncc(C(=O)N2CCC(c3nc(C(N)=O)co3)CC2)cn1,-7.066,-5.524,12.157194988976693,2.701014809289279,0.007939178277130513
CCN1CCC2(CCc3c(-c4cccnc4)nc(N)n3C2)C1,-7.278,-4.816,7.548677102645205,7.914724000241575,0.017291793853123898
O=C(NCC(F)(F)F)c1nnn2c1COC(c1ccco1)C2,-7.135,-5.355,12.611702264167198,3.08051602820047,0.005810076816844082
Cc1ccc(C(C)Nc2ccc(C(=O)Nc3ccccn3)cn2)o1,-7.581,-5.489,4.5044020690875275,3.101970986324663,0.6516512385451215
CC(C)(C)OC(=O)c1nc(-c2nn[nH]n2)no1,-7.342,-5.391,12.162580688324333,2.9523365323079274,0.007776686497394203
CC(O)c1nsc(-c2ccc(F)cc2F)n1,-6.713,-5.136,12.232390036292989,3.008107378402573,0.007411001228869173
CCC(C)NC(=O)C(Cc1ccccc1)NC(=O)c1ccc(Cl)c(Cl)c1,-7.048,-5.28,7.243042316595975,7.408501197948205,0.028405197346651437
CCCCN1CCC(Cc2c(-c3ccco3)n[nH]c2C)C1=O,-6.073,11.67,12.073013418364116,2.8323368443742702,0.008297683891860346
CCOC(=O)CN1C(=O)SC(=Cc2ccc(OC)c(OC)c2)C1=O,-6.264,-4.53,4.841541283517056,2.8869515063471387,0.5903083605290564
Cc1ccc2c(c1)S(=O)(=O)N(Cc1ncccn1)C2C,-6.601,-5.489,8.65368303094122,11.711920167077643,0.0008198942125764484
CCc1nn(C)cc1NCc1cnc[nH]1,-6.231,-5.234,12.643597984751018,3.0146485698999808,0.005728324034608706
Cc1nn(-c2ccc(F)cc2)c(C)c1NC(=O)C1CC1c1ccco1,-6.768,-6.004,7.433051055925824,6.599171235844694,0.04105812289053727
COc1ccc(-c2nc(-c3cnoc3C)no2)cc1,-7.053,-5.136,4.416582502342733,4.640954750910636,0.4898066503022399
O=C1CC(n2ccc3ccccc32)C(=O)N1,-6.416,-5.781,12.29033539005344,3.0310217749135355,0.007133534889297961
CC(C)(C)OC(=O)N1C(=O)NC2C1CC=CN2c1ccn(C2CCCC2)c(=O)n1,-7.41,-5.861,4.380610231463191,3.094952019014189,0.6768529597425268
CCCOc1ccccc1N1CCCC(N2CCN(Cc3cc(C)no3)CC2)C1,-7.226,-5.634,4.434776882775503,2.892633056576656,0.6773791885285195
Cc1ccc(NC(=O)CSc2nnnn2C)cc1C(F)(F)F,-8.526,-5.976,3.720703831266337,3.0994910872593255,0.7864634984236819
CC(NC1CCN(c2ccc(F)cc2)C1=O)c1cccc2c1CCC2,-7.939,-6.068,12.125183627475502,2.930617852945006,0.007974072431453068
CC1CCCN(C(=O)C(C)N(C)S(=O)(=O)c2ccc(C(F)(F)F)cc2)C1,-7.443,-4.612,7.056356921244842,3.0193022372727114,0.18438163085723472
Cc1cc(C(=O)NNC(=O)c2ccccc2Cl)nc(C)n1,-7.657,-5.433,8.474320385730056,11.285410227368786,0.0011964432848444904
CCN(Cc1nc(-c2cc(Cl)ccc2OC)no1)C(C)=O,-6.646,-5.925,12.021623891970668,3.097586318409868,0.00838806653138235
CCNC(C#N)CN(C(C)C)C(C)C,-4.987,-3.784,12.85674881142196,3.0186965730261797,0.005012153401000777
CC(CN1C(=O)NCC1(C)C)C(=O)O,-5.198,-4.606,12.432247262663335,2.9867241251913446,0.006552416159508451
Cc1nccnc1C(=O)NC1CCCC1CO,-6.143,-4.392,7.726415339599599,3.176696711995024,0.12089927164382419
CCN(CC)C(=O)c1cc(Cl)ccc1NC(=O)c1cc(C)nn1CC,-6.683,-4.917,3.4575115328802597,8.16535492186347,0.08926809642200342
Cc1cc(C(=O)Nc2cccc(C(F)(F)F)c2)n(C(C)C)n1,-7.582,-5.14,7.167415852313858,8.520840686223396,0.014981457060440222
Cc1nc(-c2ccc(CNC(=O)N3CCN(c4ccc(Cl)cc4)CC3)c(C)c2)no1,-8.347,-6.85,4.994192827674959,3.0476057815931505,0.54887392904675
CCCCc1nnc(C(=O)Nc2nnc(-c3ccc(C)o3)o2)s1,-6.679,-5.758,5.070784357473704,2.9236733743699896,0.5372145714149421
Cc1cc(C(N)=O)cc(C)c1Cn1nnc(-c2ccco2)n1,-7.945,-5.932,4.75704319929933,3.2203808780950123,0.5913692562981002
N#Cc1cccc(OCC(=O)OCc2nc3ccccc3c(=O)[nH]2)c1,-7.452,-6.097,11.775814748882558,2.9316353797837826,0.00991900465817762
CC(=NNc1ncccn1)c1ccc(OCc2c(C)noc2C)cc1,-7.337,-6.806,12.23727526862087,2.9480749651255476,0.007424495884598528
Cc1ccccc1C(=O)C1NCCCS1,-5.742,-4.685,12.448662739427075,2.9230896325634634,0.006518280483028385
CC(C)Cc1noc(Cn2cc(C(=O)N3c4ncccc4NC(=O)C3C)nn2)n1,-7.5,-6.027,4.273051134727971,2.909669568868604,0.7083241804212371
Cc1ccccc1NC(=O)C(C#N)=Cc1c(COc2ccc(C(C)(C)C)cc2)oc2ccccc12,-8.707,-7.157,4.362718533208393,3.5413987349633476,0.6457421167650156
CSCCNC(=O)NC1(C(=O)O)CCC1,-5.372,-4.539,12.55861859441555,2.9616243853669215,0.006067117422277754
COC(=C1C(=O)C(=O)N(c2nc(C)no2)C1c1ccccc1Cl)c1ccc(OCCC(C)C)cc1,-7.044,-6.14,4.763606616839809,3.0528278693696445,0.599558608454556
CC(C)(C)OC(=O)N1C=C(N)C1=Cc1ccccc1,-6.481,-5.067,12.83605320961237,2.9288982570243025,0.005114376854516053
Cc1ccsc1C1CCCN1C(=O)NCc1cnnn1C,-6.618,-4.611,5.34002968156545,2.96335097482563,0.4754970071225843
COc1ccc(C(=O)CNC(=O)C(C)(C)C)cc1,-6.416,-4.748,12.623315174707475,3.0944985054124685,0.005760701897238316
Cc1ccc(NC(=O)c2n[nH]c(C)n2)nc1,-6.933,-5.092,12.301144580891648,2.898456313281261,0.007161086500822626
N#Cc1cccnc1N1CC(NC(=O)c2cccc(F)c2)C1,-7.289,-5.596,4.3760735825623405,8.041234979777672,0.07977387981874087
Cc1ccc2nc(CC(O)c3cccc(F)c3F)[nH]c2c1,-7.382,-5.634,12.682802923644285,3.0491562767427975,0.00557310518091922
O=C1C2CNCC2CN1c1ccon1,-6.266,-5.289,12.220589265661456,2.9739712507016605,0.007486864323542151
Nc1ccc(NC(=O)C2CCC(O)C2c2ccc(F)cc2)cn1,-7.547,-5.352,6.892223588944282,8.473016818111482,0.01820110522475762
CCC(COc1cccc(C)c1C)NC(=O)c1ccco1,-6.914,-5.18,12.36891369522805,3.0010713087162726,0.006808901971248662
CC(C)(C)OC(=O)C(CCc1ccccc1)Cc1ccccc1,-6.269,-4.154,4.275459858307641,9.475107703873345,0.03364975728643751
CCCn1ccnc1C(c1c(Cl)cccc1Cl)N(C)Cc1cnn(C)c1,-6.247,-4.134,3.646452796897281,8.809951702478283,0.058201186140397224
CC(CCc1ccccc1)NC(=O)COC(C)c1cnc(-c2ccco2)o1,-7.441,-5.905,4.9697563320549225,2.9095095806681925,0.5605729513795888
O=C1NC(=O)C(=Cc2cc(Br)ccc2OCc2ccccc2)S1,-7.13,-5.915,4.351051137368993,3.304371952429084,0.6680469969421509
CCCCCCCCCCCC=CCCCCCCCCOCC(COC(=O)CCCCCCCCCCCCCC)OC(C)=O,,,,,0.0
COC(=O)c1cc(C)nc(NCc2ccno2)c1,-6.733,-4.822,6.851292505797719,3.043668510202779,0.20796376719049353
CCOc1ccccc1S(=O)(=O)N1CCCC1C(=O)Nc1nccnc1C,-6.956,-5.74,4.32508462344958,3.6794817569869807,0.6388353000945481
O=C(Cc1cccc(F)c1)NNC(=O)c1ccon1,-6.757,-6.63,11.735066851109114,2.810885091923894,0.010263952916581906
CC(Cc1ccc(Cl)cc1)C(=O)NCc1ccn[nH]1,-7.051,-5.111,4.626884697072102,2.9650392914765904,0.6336349309982057
COc1ccccc1CN1C(=O)NC(C)(c2ccccc2C)C1=O,-7.393,-5.526,4.294734799728616,8.246190089974885,0.07189806263518529
CCCC(N)Cc1nc(C2CC2)n(-c2ccccc2F)n1,-6.726,-4.795,4.131141367709413,8.47727350036555,0.06497673251248304
CCc1ccc(C(=O)Nc2ccc(NN=C(C#N)C(N)=O)nc2)cc1,-7.255,-6.377,4.344715065455962,3.0898836547676023,0.6841492194024387
CC(N)c1ccc(F)cc1Cl,-5.264,-4.546,11.623373219509043,8.97378615746999,0.0007100661671871782
Cn1cc(CNC(=O)Cc2cccc(C(F)(F)F)c2)cn1,-7.083,-5.181,8.013641993500833,8.89989095438815,0.007054092960226741
Cc1ccc(NC(=O)C(C)Sc2ccc(NC(=O)c3ccco3)cc2)cc1Cl,-8.085,-5.726,5.191310913439879,3.1813402835911804,0.4986415377290587
CC(C)(CCCNC(=O)NCc1ccnnc1)CC(=O)O,-6.471,-4.742,12.680458430198808,2.8933656872231,0.005651828414920517
CCC(C(=O)Nc1ncc(CC(=O)O)s1)N1CCc2oncc2C1,-6.612,-5.968,4.347232107904983,3.0644981644634735,0.6852319835383991
Cc1cc(Cn2ncnc2-c2ccco2)no1,-6.153,-5.183,12.483052631467995,2.997663423401634,0.006341913901457565
Cc1nonc1NC(=O)c1ccc(N)c(OC(C)C)c1F,-6.996,-5.293,5.931753282124941,2.9777365565140244,0.3528971853131891
CC(C)c1ccc2[nH]c(C(C)(C)C)cc2c1,-6.323,-4.925,7.389978619725499,8.631702265486224,0.012219604547414789
CCN(CC)S(=O)(=O)c1cccc(C(=O)N(C)CCc2ccc(F)cc2)c1,-5.639,-5.482,4.85428851635335,2.975178818155306,0.5834770984456299
Cc1nc(C(F)(F)F)c(-c2nc3cc(-c4ccc(F)cc4)ccc3o2)o1,-8.374,-6.234,4.596251298612816,3.7459572875301186,0.5815399186975795
COC(=O)c1sc(NC(=O)COc2ccc(Cl)cc2F)nc1C,-7.044,-5.609,3.0987857299271275,2.877568070437257,0.8677834570515474
N#Cc1ccc(Cl)cc1C(=O)Nc1ncc(Cc2ccc(Cl)cc2Cl)s1,-7.894,-5.795,7.192206198378909,4.655714123526057,0.12279830860032909
CNc1cnc(C(=O)Nc2c(C)cccc2C)cn1,-6.499,-5.046,12.322847154777177,2.9462359036574104,0.007038885479431026
Cc1cc(NC(=O)C2(c3ccc(Cl)cc3)CC2)cnn1,-7.432,-5.176,8.114028838992379,8.762367260050219,0.007222190034779014
CS(=O)(=O)N1CCN(C(=O)c2cc(S)c(Cl)c(Cl)c2)Cc2ccccc21,-5.69,-3.883,3.7383270322431668,8.924500378172437,0.05337155280965013
CCCN(CCCC(C)=O)Cc1cccc(Br)c1,-5.956,-4.111,12.191046099494498,3.165916612925868,0.007496142233515643
CC(CCNC(=O)c1cc(F)c(F)cc1Cl)CCC(=O)O,-6.637,-5.177,11.94798497655567,3.014579406816148,0.008847727810249716
Cc1c(-c2cn[nH]n2)sc(Cl)c1Cl,-5.059,-4.493,12.72615923992781,3.0636060451696463,0.005417202396584052
CC1=C(C(=O)Nc2ccc(Cl)cn2)Nn2c(n[nH]c2=O)SC1,-6.269,-4.528,4.323476725969505,4.62882987373699,0.5051504770743837
CC(C)CC(NC(=O)c1ccco1)C(=O)OCC(=O)NCC(=O)N(C)C,-6.648,-4.976,12.850117742651234,2.865733239504333,0.005093464918863766
COc1ccccc1C1NC(=O)NC(C)=C1C(=O)OCC(C)C,-6.141,-4.506,11.285203321163515,8.826574137229008,0.00096132372706834
Cc1ncccc1C(=O)Nc1c(C#N)cnn1C,-6.825,-5.35,12.018675342981854,3.1409358478007787,0.00836920044691897
CN(Cc1ccccc1)C(=O)COc1ccc(Cl)cc1[N+](=O)[O-],-6.939,-5.328,4.861533297222183,3.730306957878936,0.5304625494987953
Cc1nnc(NC(=O)CCl)o1,-5.13,-4.238,12.340889271037156,3.142401311099523,0.006841771277442419
COc1cc(Nc2ncc(C(C)=O)c(Nc3ccc4cn[nH]c4c3)n2)cc(Cl)c1OC,-7.82,-6.08,7.034500550856471,7.967980421662693,0.022853073368860406
CCC(C(=O)Nc1cc(C)cc(C)c1)N1CCc2c(C(F)(F)F)n[nH]c2C1,-8.029,-5.852,4.981205275834353,3.021736090395718,0.5530008447591654
Cc1nnc(NC(=O)C(C)OCCNC(=O)c2ccccc2)s1,-6.784,-5.569,12.325145800354656,2.8978657663873943,0.007054782257366923
COc1c(Br)cc(Cl)cc1NC(=O)C(C)Oc1ccc(C#N)cc1,-7.029,-5.418,4.261038723128435,3.983434322290252,0.6137185061761046
COC(=O)C(C)(c1cccc([N+](=O)[O-])c1)C(C)C(C)=O,-6.289,-5.162,12.127165579804707,2.841821247017482,0.008016282250134923
CCCn1nc(C(=O)c2ccnn2C)c([N+](=O)[O-])c1CC,-6.415,-4.695,7.513852141212254,3.273900120651208,0.13630594624513476
NC(=O)C1CCc2cc(C(F)(F)F)ccc21,-6.659,-5.63,12.537823136414072,3.004145968490879,0.006125199471348447
CC1OC(C)C(C(=O)OC2CCCCCC2=O)C1C,-4.529,-3.922,12.760872501518067,2.849416431482067,0.005391884087935494
Cc1nnc(NC(=O)C2CCCN(C(=O)c3ccc(OCCn4cccn4)cc3)C2)s1,-7.877,-5.753,3.451679880869603,4.1980569314862795,0.6835452580309072
CC(NCCN1CCCCC1)C(=O)Nc1ccc(C(F)(F)F)cc1Cl,-6.548,-5.201,8.312085237772768,12.506423829376645,0.0006168814934684112
Cc1cc(Nc2nc(-c3ccco3)c3n[nH]nc3n2)on1,-8.728,-5.967,12.463792119575807,2.982896075963761,0.00642651371724382
CCCCOC(=O)N1CCC(NC(=O)c2ccccc2OC(F)(F)F)C1S(C)(=O)=O,-6.833,-4.981,4.3682186300596255,3.66442546656362,0.6326527193661383
O=C(NC1=NC(c2ccccn2)c2ccccc2N1)C1CCCCC1,-7.678,-6.417,4.085831371948675,4.873232294894221,0.4914453987045248
CCCn1c(SC(C)C(=O)Nc2ccnn2C)nc2ccccc2c1=O,-6.676,-4.895,7.818408022097594,7.645546219858983,0.017291925934009324
NC1CCN(C(=O)C2(C3CC3)CC2)C1,-5.364,-4.174,12.469316180127922,2.8759840055188066,0.00645729715974392
CCOc1cc(Oc2cc(C)c(Cl)c(C)c2)ccc1C(=O)O,-6.992,-5.511,8.639734313044587,8.8584254244194,0.004910798734497901
CCOC(=O)C(O)c1ccc(F)c(OC)c1,-5.748,-4.734,12.466393664568756,2.8897927261310628,0.006462574456484199
CC1CN(C(C)C(O)C2CCN(Cc3ccc(Cl)cc3)C2)CCO1,-7.347,-5.223,5.71535108282947,3.5887749999129226,0.36882640258701893
CC(=O)OC1OC(c2cc(C)oc2C)C(C)C(OC(C)=O)C1OC(C)=O,-6.165,-4.904,6.034605372350374,2.9940135270235504,0.33337573334478826
COCC(C)NC1(c2ncnn2C)CCCC1,-5.524,-5.074,12.183896256945067,2.921310322440942,0.007692270585168356
CCOc1ccc(OCc2ccccc2[N+](=O)[O-])c2cc(C=C(C#N)C(=O)NC3CCCC3)ccc12,-7.872,-6.339,7.245606530857165,7.17132721328486,0.03274794562947274
Cc1nnnn1-c1ccc(C(=O)NC(C)c2ccn(C)n2)cc1,-7.054,-5.665,4.9470165756746765,3.0764342996397627,0.5579475389675894
Cc1nn(C)c2nccc(C(=O)N3CC(C)C(c4ccccc4)C3)c12,-7.698,-5.33,7.585019314411797,3.4265786143031955,0.12813079938673358
CC1CC(OC(=O)Cn2cnc3sc4c(c3c2=O)CCCC4)CC(C)O1,-8.042,-5.96,4.459380562365136,3.2405695487059085,0.6516978182078711
CCOc1cc(N(C(C)C)C2CCC2)ncn1,-6.11,-4.651,12.504574203066651,3.1701408486059415,0.006159676403817142
Cc1cc(Oc2cc(C#CCN)ccn2)ccc1Cl,-7.358,-5.69,12.883516639489391,2.9549532991233542,0.004954811705733432
CC(COCc1nocc1C(=O)O)C(=O)O,-6.013,-5.18,12.196827374362563,2.9098264553062267,0.007637000677800226
CCOC(=O)c1ccc(C(=O)N(Cc2ccco2)c2ccc(OC)c(Cl)c2)cc1,-6.902,-5.104,7.191863458103192,10.022755309793808,0.005789956088198998
COc1ccc2nc(C(=O)N(C)Cc3ncc(C(C)(C)C)[nH]3)[nH]c2c1,-6.841,-5.754,4.011626104212604,3.0458394573581837,0.7466650542914438
Cc1ccc(Nc2cc(N3CCCCC3)ncn2)c(C)c1,-7.946,-5.758,12.31368807465903,3.09364978625571,0.006991150283871637
Cc1nc(NCc2cnn(CC3CCCCO3)c2)n(C)n1,-6.826,-4.977,4.944074837621291,3.2136953807105,0.5512023098376734
Cc1cc(C#N)ccc1Oc1c(F)cccc1Cl,-6.311,-5.279,12.56257151223427,3.0967973779374067,0.005982334336355221
Cc1nn(C)c(C)c1CNC(=O)C(N)C(C)(C)C,-6.125,-4.357,11.86506957417444,2.920912699825176,0.009388602945859062
Cc1noc(C=Cc2cccc(F)c2[N+](=O)[O-])n1,-7.253,-5.375,12.108096506057423,8.629745071553389,0.0006496710153954269
O=C1CCSC(=O)N1,-4.22,-3.864,11.723222935694775,3.0806973236590443,0.0101232701235247
O=C(COCCc1ccc(F)cc1)c1ncon1,-6.497,-5.655,12.095429053985644,2.9345611256199797,0.008121266214080802
Cc1nc(NC(=O)C(Oc2ccccc2)c2ccccc2)nc(C)c1Cl,-7.477,-5.754,3.575701889140088,8.42509050396493,0.07473825539708279
Cc1nnc(SCCC(=O)Nc2cc(C(F)(F)F)ccc2Cl)o1,-7.14,-6.008,12.666423054674906,2.98778094913265,0.005659828784832233
CC(=O)Nc1cc(C#N)cc(S(=O)(=O)Nc2c(C)nn(C)c2C)c1,-7.63,-5.645,6.195645729058432,3.003600173125578,0.3047943250881017
Cc1cc(CN2C(=O)c3ccccc3C2=O)n(Cc2ccco2)n1,-7.119,-6.023,12.358067405545254,3.090491384877169,0.006801882108631419
Cc1nc2ccccn2c1C(=O)N1CCN(c2ccc(C(N)=O)cn2)CC1,-7.703,-5.636,7.3920298971256875,7.990439412197555,0.01815783999464773
Cc1nc(N)cc(C(=O)N(C)Cc2ccccc2Cl)n1,-6.729,-4.946,12.471212691635085,3.1288830275355455,0.006314810561769941
CCCS(=O)(=O)c1cc2sc(C(N)=O)c(C)n2n1,-5.903,-4.467,4.47142717708787,10.045557226953616,0.022277337243698986
CCCN1C(=S)NC(c2ccccn2)C1c1cc(C)n(C(C)C)c1,-6.863,-4.638,7.480810718097337,8.440689426818166,0.013017583149409437
Clc1ccc(Cn2c(CN3CCOCC3)nc3ccccc32)cc1,-7.04,-5.854,12.324442299755392,3.078637685730492,0.0069538314663218385
CCN(CC(C)NC(=O)c1ccco1)c1ncc(Br)cn1,-6.811,-4.978,5.23532568232388,3.1298329028879484,0.4914857461198108
Oc1ccc(N=Nc2ccc(Cl)cn2)c(O)c1,-5.802,-4.802,5.460335337687604,3.0905243891611667,0.4443947536643285
Cc1nccnc1NC(=O)C1CC(C)NC(C(F)(F)F)C1,-7.516,-5.188,3.5852271894539682,4.165297228289958,0.6762664953417232
CCc1ccc(NC(=O)CN(Cc2nc3ccccc3s2)C(C)C)cc1,-6.779,-5.273,4.499226822466278,5.057826015196648,0.40778403496804777
CC(CN1CCOCC1)NC(=O)CSC(C)(C)C,-5.042,-3.821,4.551691553697372,4.859788164107568,0.43407770172982935
CC(=O)Nc1ccnc(C(=O)Nc2ccc(-c3nnco3)cc2)c1,-7.438,-6.03,3.368204566234063,3.1772080511039897,0.8217529518382701
CCCC(=O)Nc1onc(C)c1-c1sc(C)nc1C,-6.823,-4.533,3.999216173201943,8.415435995835272,0.06959533540495266
COc1ccc(C(C)NC(=O)c2ccccc2Cl)cc1C,-7.295,-5.374,4.830729344519313,9.90224626031892,0.0215469609622279
COc1ccc(Nc2nc(Cl)nc(NCCC(C)O)n2)cc1,-6.828,-5.431,12.497148514761276,2.8620134520997627,0.0063523337600668636
CC(C(=O)Nc1ccccc1)C(Cc1ccccc1)C(=O)O,-7.022,-5.509,8.076179666154042,5.132514393550203,0.05941971897582773
CCOc1cc(C(=O)C2C(=O)c3cccnc3NC2c2c(F)cccc2Cl)ncn1,-7.837,-5.44,3.9105550756893837,7.520057247122524,0.12313974798565061
CN(Cc1noc(Cc2cccc(F)c2)n1)C1(C(=O)O)CCCC1,-7.009,-5.978,5.033234149133141,3.6447772222729875,0.5025512483222847
Cc1ccccc1NC(C)c1ccc(CSc2ccccc2Cl)o1,-7.146,-5.334,8.434060113610764,8.663604677038306,0.006298624704785815
CCC(CC(=O)Nc1ccc(F)nc1)[N+](C)(C)C,-5.905,-4.184,4.298756331777831,5.178924695339758,0.4106182436504198
CCCOc1ccc(C=NNC(=O)Cc2cccs2)cc1OCC,-5.848,-4.668,7.115984963446732,9.408468738322938,0.008892776555591817
Cc1cccc(C(N)C2OC(C)(C)C2(C)C)n1,-6.399,-5.073,12.321444477008367,3.21624921298086,0.006874141459117241
CC(Nc1cc(Cl)ccc1[N+](=O)[O-])C(=O)OC(C)C(C)C,-6.254,-4.554,7.542597629464267,3.0062649583827437,0.1374479343683838
CCC(NCc1ccccc1)c1ccc(Cl)cc1,-6.667,-4.563,12.817493124632446,3.333629553504708,0.0049763634383889485
c1c[nH]c(COC2Cc3nccn3C2)n1,-5.958,-5.153,12.703920851453695,3.0444245761719895,0.00550230852860508
Cc1cccc(C(=O)Nc2cc(N3CC(C)c4ccccc43)ncn2)c1,-8.252,-6.656,7.5665995665159915,10.077278055109922,0.004455586570127921
CC(=O)c1ccc(Nc2ncnc3[nH]ncc23)cc1,-6.809,-5.38,8.358402299482838,8.768843538346434,0.006183100080688807
Cc1cccnc1C(c1ccco1)N1CCN(C(=O)CCN2CC(=O)NC2=O)CC1,-7.553,-5.879,4.283387094344849,3.091757752476736,0.6957234533341977
CCC(C)Nc1nc(NC(C)CO)nc(N(C)CC)n1,-6.479,-4.699,4.286368859536006,3.090295455130463,0.6952552141181935
C[n+]1[nH]oc(=O)c1-c1c(-c2ccccc2)sc(N)c1C#N,-6.098,-4.992,12.447282514669618,2.8614941901041844,0.006553663052358009
COC(=O)Cc1ccc(-c2nnc(C)o2)cc1,-6.629,-4.8,7.109738743441984,8.057655862594281,0.02066654996832127
O=C(Nc1cnn(Cc2ccccc2)c1)c1ncn[nH]1,-7.366,-5.564,4.410277315543774,2.98765024726791,0.6773012940457662
C=CCn1c(COc2ccc(Cl)cc2C)nnc1SC(C)c1nc(C(C)C)no1,-7.364,-5.815,4.277725680779449,4.113324932460357,0.5932607749110937
CC(Cc1ccco1)NC(=O)C(N)c1cc(F)cc(F)c1,-7.171,-4.805,12.737639498745441,2.9996764825560773,0.0054081283831775295
COc1ncccc1CNC(=O)c1cc(Br)c(Cl)c([N+](=O)[O-])c1,-7.575,-4.994,4.025585299059006,2.9022753143008324,0.7530546742139254
CCOc1cccc(N(C(CC)C(=O)NCCCc2ccc(C)cc2)S(C)(=O)=O)c1,-6.987,-5.131,4.613698299629051,4.94709460188503,0.4110960819557789
Cc1ccc2oc(-c3ccc(NC(=O)c4nnn(C)n4)cc3)nc2c1,-7.738,-6.537,4.332309084079759,3.1420066836338862,0.6831790982489879
COc1cc(OC)cc(C(=O)NC(=S)Nc2ccnc(Cl)c2)c1,-7.548,-5.549,8.783075884905013,8.906134122053182,0.004360627452839688
Cc1ccc(-c2c(C(=O)NCCc3nccs3)n[nH]c2C)cc1,-6.742,-5.393,4.300493692589259,8.671900656718803,0.05511943330522832
CC1(NC2CCCSC2)CCc2ccccc21,-5.915,-4.693,7.203644216644794,8.836639010393034,0.01204468731457812
CCOc1cc(Cn2ccnc2CC(=O)Cc2ccc(Cl)cc2)ccc1OC,-7.14,-5.277,4.15966573176259,5.33836960129214,0.3962457373808445
C=CCn1c(SCC(=O)Nc2cc(C)no2)nnc1-c1ccco1,-6.583,-5.644,4.295799576330348,3.099891288416418,0.6928622866634278
CN(Cc1ccc(Cl)c(F)c1)C(=O)c1ccc(Cl)c(Cl)c1,-7.507,-5.056,4.910745870028299,9.421917480003739,0.02819837000765837
Cc1c(C#N)[nH]c2nc(SCC(=O)Nc3ccnn3C)[nH]c(=O)c12,-7.599,-5.54,12.345252123792369,3.128918822852392,0.0068319878921964975
Clc1ccc(COc2ccc(CNc3ccccn3)cc2Br)c(Cl)c1,-7.395,-5.593,7.4067552949992885,9.789303601380437,0.005879699452765078
OCCCOc1ccc2c(Nc3cccc(Cl)c3)ncnc2c1,-6.909,-5.144,8.464977377406274,8.877538960770604,0.005409074444240936
O=C(O)c1cc(C(=O)N2CCc3nc(-c4cccnc4)[nH]c3C2)ccc1O,-8.44,-6.162,7.397577170939144,9.435816763799519,0.007371711043259093
CC1(C(=O)Nc2ccnn2Cc2ccco2)CC(=O)NC1=O,-7.054,-5.436,5.122166143342092,4.949591700332463,0.33809021507341885
CCOC(=O)CC(C)CCOc1ccc(F)c(C)c1,-6.364,-4.579,8.340684744072275,12.128529754261232,0.0007674864627617195
CC(C)Cc1nc(C(O)C2CCCCC2)no1,-6.471,-4.943,7.443227458569299,2.8171698564339342,0.14814686006285013
CC1(C)CCCC1NC(=O)NCc1ccon1,-6.94,-5.158,12.26583580519485,2.957018938052309,0.007288003852320717
O=C(Nc1nn(Cc2ccccc2F)cc1Br)c1ccnc(-n2cccn2)n1,-7.618,-6.629,4.370927819124905,3.1095681372177713,0.6778253484263583
CC(C)(C(=O)O)c1ccc(Cl)cc1N,-5.21,-5.118,12.395592160118854,3.039384806173776,0.006674558801724264
Cc1ccccc1C(N)C1CCCC1,-5.681,-3.336,12.549883306230381,2.9132492169397386,0.006123284031541997
CN(CCCO)c1n[nH]c(=O)n1Cc1ccco1,-5.769,-5.354,12.301009104947447,2.8007566834696656,0.007211189097437309
CC(=O)OC1CCC2(C)C(NC(=O)c3cccnc3)CCC2C1C,-6.864,-5.312,7.279618465276871,8.159817767573,0.017509199697959107
Cn1cncc1C1CCc2c(nc(-c3ccco3)[nH]c2=O)C1,-6.991,-5.328,7.212271070890224,7.359398752615596,0.02981660150959063
CC(C)C(C)(C)C(=O)c1cn[nH]c1,-5.138,-4.536,12.103499824430948,3.0206724416924127,0.008024150423354637
CCc1ccc(C(=O)OCC(=O)C(N)Cc2ccco2)o1,-6.757,-5.309,4.775703298991679,3.0786381729589483,0.5955467902226939
N#Cc1ccc(-c2cccc3sc(Cc4ncc[nH]4)cc23)c(Cl)c1,-7.412,-5.361,6.636027501449945,3.435032605376551,0.2263441047423011
CC(C)CC1COCCN1CCN(C)CCc1ccccc1,-6.346,-4.999,12.644196336659757,3.031656477901149,0.005717889558793903
CCc1nnc(C2CCN(C(=O)Nc3ccccc3OC)C2)o1,-7.409,-5.439,4.69370930075564,2.900412729250787,0.6223466816686953
O=C(NCC12CC3CC(CC(C3)C1)C2)c1ccccc1NC(=O)C1CC1,-6.763,-5.4,10.341246491598582,9.528414663520895,0.0011195751112661003
COCc1[nH]nc(C(=O)NC2CC2C)c1N,-5.733,-5.01,12.813810284220693,2.971776909527362,0.005168491361551044
FC(F)Oc1ccccc1-c1nc(Cc2ccc(Cl)cc2Cl)no1,-7.725,-5.332,4.177421453480604,8.609332204067863,0.05918280991605699
O=C1CC(c2nc(C3CC3)no2)CN1c1ccc(OC(F)F)nc1,-7.838,-5.508,5.472738619740578,2.941393547283328,0.4473606011546907
Cc1ccc(N2CC3C(=O)N=C2N3c2ccc(C)cc2)cc1,-7.336,-5.881,4.50647367683425,3.972063065964588,0.5729639459106457
Cc1nn(Cc2ccco2)c(Nc2ccc(F)cc2F)c1C#N,-6.759,-5.677,11.860892968069479,2.852908165363898,0.009460275755995493
Cc1ccn2c(CNC(=O)CC3CCCC3)nnc2c1,-7.179,-5.345,8.427593428731598,8.98063327388442,0.005191875206670043
COCCC(C)(C)CNC(=O)c1cccn1CC1CC1,-5.668,-4.177,4.70909280010492,5.659215228280331,0.2876137818839708
Cc1ccc(C(O)CCO)c(F)c1F,-5.927,-4.543,7.656814611834349,3.0160497343379467,0.12805881674552488
CCOC(=O)CN1C(=O)SC(=Cc2ccc(C)cc2C)C1=O,-6.024,-4.891,4.515478047781873,3.6745533061856652,0.604207913534948
CC(C)CN(C)C(=O)CCCCOC1CCCOC1C,-5.315,-4.241,7.3822683505816835,7.894916972330995,0.019374291627475542
CCNc1nncc(NC(C)c2ccco2)n1,-6.702,-4.74,7.09355383429209,2.9109634144042422,0.18187629000314048
CCn1nc(C)c([N+](=O)[O-])c1Cc1nc2ccccc2o1,-7.085,-5.01,3.9368521689288754,5.1159540654700955,0.46016485148689734
Cc1nc(CNC(=O)CSc2ncn[nH]2)co1,-6.449,-5.08,12.255488647948722,2.896852257192278,0.007369236911638197
Cc1cccc(NC(=O)C(C#N)=CNc2ccc(NC(=O)c3ccco3)cc2)c1,-8.467,-6.559,7.341346538612654,7.888840282322871,0.019936886083331794
CCOC(=O)c1cnc(CNC(C)c2cccc(Br)c2)o1,-6.722,-5.496,4.384078124303899,3.0426018471038896,0.6793493288839227
CCOc1cc(CC(=O)Nc2nnc(C34CC5CC(CC(C5)C3)C4)o2)ccn1,-7.636,-6.166,4.710122503714739,2.995817918365533,0.6141433090215307
CCN1CCN(c2ccc(NC(=O)c3scc4ccccc34)cc2)CC1,-6.853,-5.794,4.81631809580721,3.2390674583898376,0.577467339496292
COc1ccccc1NC(=O)CNc1ccc(C(F)(F)F)nn1,-6.948,-5.313,4.489316874536704,4.515501079614531,0.49923048234986017
CCCC(C)NC(=O)c1ccc(-c2nc(C)no2)cc1C,-6.781,-5.391,4.498930650721347,2.9923855032398485,0.6590559285835633
Cc1cncc(OC(=O)c2ccoc2)n1,-6.005,-4.865,12.526475841193324,3.182693513362542,0.006068291489506379
Cc1ccc(NC(=O)C(C)NS(=O)(=O)c2ccc([N+](=O)[O-])cc2)nc1,-7.066,-6.297,4.278421321001474,3.0584306433202,0.698751971501666
C[n+]1[nH]oc(=O)c1-c1cnc(NC(=O)c2cc3ccccc3[nH]2)[nH]1,-7.722,-6.818,4.812542051764327,2.9008584936187427,0.5961575917795774
COc1cc2cc(C(=O)Nc3ccccc3C(F)(F)F)oc2cc1O,-7.625,-6.088,5.175817809776538,3.0051968321559244,0.510240347193108
CCC(Oc1ccc(C)c(C)c1)C(=O)OC,-5.868,-4.78,12.208830410813315,2.9229124174357337,0.0075724063522473175
Nc1cc(C(=O)O)ccc1C(O)c1ccncc1,-6.45,-4.905,10.471570560331436,9.08002968056823,0.001364911654377248
CCn1cc(CN2CCN(c3nc(C)cc(C)n3)CC2)cn1,-6.743,-4.872,4.332838907690891,3.5226267187994806,0.6529803186896077
C=CCN(C(=O)c1cnn(C2CCCC2)c1C)c1nc2ccccc2s1,-6.838,-5.476,4.243789462261293,3.578447428704242,0.6635187137730821
CN(C)c1ccnc(Nc2cccc(N3CCCC3)n2)n1,-6.553,-4.964,7.038798832187207,3.2303437897536544,0.18262986312085472
Cc1nnc(-c2ccc(NC(=O)c3ccco3)cc2C)o1,-7.121,-5.28,4.3613233083549305,3.3050691369470626,0.6660444111198907
CCc1nc(-c2ccc(S(=O)(=O)Nc3cnccn3)cc2)cs1,-7.116,-5.596,4.725476695530303,2.9711172982566683,0.6120397388616696
C=CC(c1ccc(OC)nc1)N1CCN(C)C1C,-6.035,-5.029,12.284646474359773,3.090316812237865,0.007121374965942413
CC(C)c1nnc2c(C(N)=O)nccn12,-5.594,-5.276,12.422394736925728,2.9766590332115634,0.006598295542941925
CCOc1ccc2c(c1)CC(C)N2C(=O)NCc1nc(C)no1,-6.716,-5.161,4.283735869541912,3.02110112376266,0.7000133459449545
COc1ccncc1OSC,-4.31,-3.517,12.37288026289756,3.216374511775642,0.0066565947386436775
CC(N)CNC(=O)Nc1cc(Br)ccc1Br,-5.991,-4.807,12.676470407806741,3.220252940375958,0.005503950671133835
O=c1cc(C(F)(F)F)c2ccc(OCc3ccc([N+](=O)[O-])cc3)cc2o1,-7.758,-6.23,4.738766189632064,3.1093645653091246,0.6018676530924479
CCCN(CCN)C(=O)c1ccc(=O)n(CCC)n1,-6.173,-4.851,11.98664089726559,2.7682841255911574,0.008795394756857276
Cn1cc([C]2CN(C(=O)C3(c4ccccc4)CCCC3)CCO2)nn1,-8.169,-5.63,6.311744449833184,2.947839887103775,0.28682822472873354
Cc1ccc(N2CCN(C(=O)c3csc(CS(=O)(=O)c4ccccc4)n3)CC2)cc1,-7.442,-6.247,4.561612434216656,2.80240717955118,0.6552293405260847
O=C(Nc1ccc2c(c1)OCCCO2)c1ccc(COc2ccc(Cl)cc2)o1,-6.68,-5.055,4.238019466684881,3.1398487224705613,0.7009940584851151
CC1CN(C(=O)c2ncn[nH]2)CC1CC(=O)O,-7.01,-4.94,12.158953696761905,2.818323792611488,0.007871344429269716
CCOCCC(NC(=O)Cn1ccnc1C)c1ccc(OC)cc1,-5.996,-4.72,3.660576047564099,6.660871714723231,0.21585359451233896
COc1ccccc1OCCC(=O)Nc1cccc(C#N)c1,-6.976,-5.759,12.318441825166039,2.954798470285241,0.007053533859272611
CCCCOC(=O)C(c1ccccc1)C(C)C,-5.898,-3.81,4.536185291629962,8.879820549988608,0.045162490155432465
CCOC(=O)CCNC(=O)C1OCCC1c1cnn(C)c1,-6.303,-4.637,5.444808995731622,3.1572247306772447,0.44488841763201464
CC(C)C1CC(N)(CS(N)(=O)=O)C1,-5.135,-4.752,7.660889308689951,2.89822859691916,0.12893932643990505
Cc1noc(Cn2nc(-c3ccco3)nc2C(=O)NC(C)CC(C)C)n1,-6.77,-5.135,4.070578582953533,5.147423530272208,0.4409024806575703
CC(=O)N1CC(Oc2ccccc2C(F)(F)F)C1,-6.619,-5.146,12.530008818831691,2.979756533678548,0.0061675663035310364
Cc1noc(C(C)C)c1CC(=O)N1CCc2ncccc2C1,-7.423,-6.006,12.27010126282583,3.020877687030708,0.007230581479064932
CCCCCN(C)C(C(=O)c1cccnc1)c1cc(C)on1,-6.117,-5.402,12.316988511807585,2.9224621468891603,0.007077711404127547
COC(=O)CN1C(=O)C(=O)C(=C(O)c2cc(Cl)c(Cl)c(Cl)c2O)C1=O,-6.605,-5.331,6.4544630295633425,3.0680252606521994,0.26173982376464366
COc1cc(OC2CCC(NC(=O)CCc3ccco3)C2)ccc1C#N,-7.282,-4.931,7.492872613357308,9.301095956928947,0.007565233693757771
CC(C)C(NS(=O)(=O)c1ccccc1)C(=O)OCC(F)(F)F,-6.389,-4.457,6.629702029503287,3.158662691709895,0.2344502159815131
CCOC(=O)Cc1sc(NN=Cc2cn[nH]c2)nc1C,-5.783,-4.671,12.931883273522075,3.0241926195267386,0.004779999541386728
Cc1noc(C)c1CSc1nnc(NC(=O)c2cccs2)s1,-6.782,-5.47,4.4220675028769065,3.8309745496413834,0.6048294129744025
Cc1nn(C)cc1CN(C)C(=O)c1cncc(-c2ccccc2)c1,-7.663,-5.511,5.111615791508592,3.754854058415586,0.477370477390546
O=C1CCCN1CCCNc1nc(-c2c(Cl)cccc2Cl)no1,-6.736,-5.184,8.90901279603975,12.46937283908056,0.0004357111518335945
Cc1noc(CNC(=O)c2ccc3c(C(F)(F)F)nn(-c4ccc(F)cc4)c3c2)n1,-7.776,-6.448,7.215052113463908,7.492699046405106,0.027444570407840884
O=C(O)C1CC(=O)N(c2cccc(F)c2)C1,-6.252,-4.876,7.369773470059984,2.927129993696898,0.15369675952567624
O=C(NCc1cccc(OCC2CC2)c1)C1CCCCC1,-7.141,-5.261,12.330329679290818,3.075247307128322,0.006930413487930942
COc1ccc(C2C(C(=O)Nc3ccc(F)cc3)=C(C)Nc3ncnn32)cc1,-7.556,-5.23,7.1983729411583,8.767898550964194,0.012611064932758072
CC1CC(NC(=O)c2cccn3nc(C(F)F)cc23)CN1,-7.924,-4.943,6.855684210930371,9.026602960139545,0.013183183502626941
COC(F)(F)CN(C(=O)C(N)C(C)(C)C)C(C)C,-5.079,-3.956,7.453574377437981,3.008152921644775,0.14510310169526805
O=C(NCc1nncs1)NCC(c1ccco1)N1CCCC1,-6.395,-4.791,5.344512512849044,3.0771665538283757,0.469942556428011
CCCNc1ncc(C(F)(F)F)c(Nc2cc(C)cc(Cl)c2C)n1,-6.909,-4.949,7.39364646165882,3.266953779899556,0.14678526798890934
Cc1noc(CCC(=O)NC2CCOC(C3CC3)C2)n1,-6.943,-5.46,12.169358282177413,2.9836638550614243,0.007724368918421585
O=C(c1ccc(F)c(F)c1)N1CCN(S(=O)(=O)c2ccc(F)cc2)CC1,-7.454,-5.46,7.143355024076572,9.354231876535883,0.00904825092127272
Cc1cc(NC(=O)C2CC2)c(C)cc1NC(=O)Cc1coc(-c2ccco2)n1,-7.606,-6.057,7.369536213358341,8.08617097271632,0.017351258469683693
Cc1c2cnn1CC(C1CC1)CC(C)C(=O)N2,,,,,0.0
CC(C(=O)NCc1ccco1)N(C)Cc1ccccc1Cl,-6.71,-4.329,8.799529305593568,13.188392927115876,0.0002975963656231219
COc1cc(Cl)c(Br)cc1NC(=O)c1nc2cccnn2c1C,-7.004,-5.522,8.708173746544105,12.43941686736159,0.000503030886328703
CCOC(=O)CC1CC(C)(C)CC(OCc2ccccc2)=C1C,-6.443,-4.877,4.559164616462099,7.940301883429875,0.08027242529618855
Cc1nn(Cc2ccc(Cl)cc2Cl)c(C)c1C=C1C(=O)NC(=O)N(c2cccc(Cl)c2)C1=O,-8.043,-6.539,4.342538658434718,2.7650296562604897,0.7019391291239582
Cc1ccc(CC(=O)Nc2cc(C(F)(F)F)ccc2C)c(C)c1,-8.274,-6.133,4.941207241150689,3.0514083633627282,0.5604835180624562
CC1C(=O)NC(=O)CC1c1cnn(C)c1,-6.057,-5.691,12.480784670845019,2.9135317056795516,0.006393372609270598
COc1cnccc1C(O)C(=O)Cl,-4.79,-4.17,12.051453148894534,3.00249679433634,0.008302129059877325
CC(C)OCCN1C(=O)C2CCCC2C1=O,-5.724,-4.772,12.280862306857772,2.798316279479501,0.007303747067835404
Clc1ccc(-c2nnc(C34CC5CC(C3)CC(N3CCCCC3)(C5)C4)o2)cc1,-8.521,-6.263,7.228034103405988,9.698440905630141,0.006935845221425782
O=C(COc1cccc(-c2nc(CN3CCC(O)(Cn4cncn4)CC3)no2)c1)N1CCCCC1,-8.057,-6.133,4.699995957445069,2.999962333096867,0.6161266794122456
Cc1[nH]cnc1CN1CCN(Cc2ccc(C#N)cc2)C(=O)C1,-7.52,-5.665,4.166730492844479,9.420420001252598,0.03581016743050627
CCCN1C(=O)CC(Nc2nc3ccccc3o2)C1=O,-6.645,-5.25,12.641339288224172,2.9485433691909635,0.005767394852556348
O=C1SCC2CSCCN2C1=O,-4.335,-4.12,12.727528471781156,3.0866528797388275,0.005401340092119869
Nc1ccc(-c2csnn2)cc1O,-5.897,-5.106,12.376058702187866,3.068621188742592,0.006739160824428874
CCc1c(C(=O)Nc2cc(Cl)ccc2C)nnn1Cc1ccccc1,-7.697,-5.794,4.842806004786895,9.833026441538738,0.022396119426580555
Cc1noc(CNCc2ccc3nnc(Cc4ccccc4)n3c2)n1,-7.914,-6.13,4.193559228149758,2.9504477626285808,0.7209003617927024
CCOc1cc(C=CC(=O)OC)ccc1OC(=O)c1ccccc1Cl,-6.81,-5.465,3.439809442396482,9.265850689494192,0.04514946873599739
CC1CN(Cc2ccc(CO)o2)CC(C)(C)O1,-6.665,-5.269,12.868200418084884,2.9471024753136774,0.005005564042274964
CCC(=O)N1CC(C)C(C)(C)C1,-5.123,-4.538,12.33196857764404,2.999502625436424,0.006968853401217303
COC1=CC(=O)N(c2c(C)nn(Cc3ccco3)c2C)C1=O,-6.899,-5.108,5.330415931238385,2.903928718133419,0.47981426127480437
COc1cc(Cl)ccc1NC(=O)C1CCS(=O)(=O)C1,-6.925,-5.142,6.696388056258388,2.9236723482633957,0.23012950662196507
Cc1cc(C(F)(F)F)n2nc(C(=O)Nc3cc(C#N)ccc3Nc3cccnn3)nc2n1,-8.674,-7.092,4.355834133664872,3.2149433898593003,0.6737005445052098
CCCCC(=O)N1CCN(C(=O)c2ccc[n+]([O-])c2)C1=Nc1cc(C)ccn1,-6.999,-5.495,3.7408835854648035,4.425522003108785,0.6141764626923711
Cc1cc(CC2CCN(C(=O)c3ccn(C)n3)C2)n[nH]1,-7.626,-5.123,6.741410386558587,3.180730890848831,0.21909315846245872
O=C(NCCC1CCCCC1)c1cnn2ccnc(Cl)c12,-6.633,-5.027,12.534799878737594,3.1252886266711437,0.006070857475927673
Clc1ccccc1C1(C2CC2)NCCO1,-5.393,-4.706,12.703345740394536,3.240469101843127,0.005400676326418508
CCc1noc(C(C)n2nc(C)c(=O)[nH]c2=O)n1,-7.027,-4.937,5.570606519940176,3.2793636577848453,0.4131369676132533
Cc1ccc(NC(=O)C(C#N)=Cc2nc(-c3occc3C)c(-c3cnoc3)o2)cc1,-8.289,-6.581,4.638990191841323,2.9015950785731635,0.6341465793151254
CC(C)C(NC(=O)C=CC(=O)Nc1ccc(Cl)cc1)C(=O)O,-6.305,-5.576,4.5927866268747986,3.0359851778294304,0.6371203873518942
Cc1cnc(NC2CC(F)(F)C2)nc1,-5.712,-4.71,12.766294293960168,3.164397889014591,0.00523321642324059
COc1ccccc1CCNc1ncc(-c2ccccn2)c(Nc2cc(C)on2)n1,-7.61,-5.41,8.349896646066943,6.212145684061183,0.029131622080321926
O=C(Cc1noc2c(F)c(F)ccc12)Nc1cccnc1Cl,-8.006,-5.823,12.166038139016333,2.7568558177750244,0.007868318972646263
CCC(Nc1nc(C)nc(C)c1C(C)=O)c1nn[nH]n1,-6.855,-5.793,12.216597316765418,3.005767955115631,0.007485974813067888
Cc1cc(Cl)ccc1NC(=O)COCc1nc(C(C)C)no1,-6.767,-5.464,4.693382682032224,3.0248322267524195,0.6162651362659143
COc1ccccc1N1C(=O)CC(Nc2cc([N+](=O)[O-])c(N(C)C)s2)C1=O,-6.557,-5.583,4.045932401808018,2.862010831565806,0.7518340937904066
Cc1ccc(C(=O)O)cc1OCC1(O)CCCC1,-6.542,-5.766,12.504256595255873,2.8355856537935864,0.006335955182565589
Cn1cc(C(=O)Nc2ccccn2)cn1,-6.133,-4.628,6.555907488670047,2.981222903440802,0.2486738181020914
Cc1nnc(-c2nc(C)c(CC(=O)OC(C)C(=O)NCc3ccco3)s2)o1,-7.423,-5.662,4.047082652973621,3.162178679328541,0.7328113258089053
CC(C)Cc1nnc(NC(=O)C2CC2n2cc[nH]c2=O)s1,-6.511,-5.069,5.000819332869365,3.3238441600050987,0.5322497031711885
CCOC(=O)c1nnc(NCc2ncn[nH]2)o1,-6.023,-5.307,12.429168475807222,2.9349853491968236,0.006592146020640292
CCc1nc(C)ccc1C(=O)NC(c1cccs1)C1CC1,-6.456,-4.614,6.063004288304603,3.395450338320383,0.31496665794035555
CC1CCCCC1NC(=O)c1cn[nH]n1,-6.463,-4.77,12.36986919898509,3.2397081658692666,0.006652678117247144
CC(C)(C)c1noc(CCN=C(N)Nc2cccnc2)n1,-6.42,-5.473,4.178265070576542,3.3617730440944404,0.6948575169559529
O=S(=O)(c1ccccc1)N1CCCC(c2noc(-c3ccncc3)n2)C1,-7.54,-6.149,4.897806039442558,3.638924154197227,0.5310849963381585
CCc1n[nH]c(C(=O)Nc2ccc(Br)cn2)c1N,-5.937,-5.252,6.6205615320756594,3.026882389522263,0.23857640071379574
CCCCCOC(=O)c1nn(Cc2cccnc2F)cc1Cl,-6.257,-4.721,4.85831997711143,3.0687710895405673,0.5779582492812828
Cc1c(C#N)c(NC(=O)COC(=O)CC2C3CC4CC(C3)CC2C4)n(C2CC2)c1C,-6.879,-6.449,4.058151672867834,8.822278503878689,0.05334394630507824
Cc1[nH]nc(C2=C(Cl)Cc3nc[nH]c3C2=O)c1-c1ccc(Cl)cc1,-6.851,-5.228,4.288810091388985,9.013568716107955,0.04470499652843601
OCc1cc(Oc2ncccn2)cc(Br)c1Cl,-5.903,-5.155,11.840706989027302,2.961337704484242,0.009502648495413154
CCOC(=O)c1cc(Cl)ccc1NC(=O)CSc1nc(C)cc(C)n1,-6.659,-5.238,7.014486795197493,7.510050399298262,0.030640372327354243
Cc1nc(CN(C)C2CC(C)N(Cc3noc(C)n3)C2)n[nH]1,-7.558,-5.188,4.088486639332456,2.9220629698895952,0.7412170648666119
Cc1nnc(NC(=O)COC(=O)c2cnn(C(C)C)c2-n2cccc2)s1,-6.964,-5.749,4.340964639339971,3.0405647501738886,0.6878912483623638
NCC(Oc1cccnc1C(F)(F)F)c1cc(O)ccc1N,-6.815,-4.636,10.992764392999606,8.423163004477592,0.0014828358913224768
O=C1CC(C2CCC2)N1,-4.946,-3.747,12.704526831015786,2.835399971785286,0.005590616486565102
CCCn1c(-c2ccc3c(c2)c(C)nn3C)nc2c(=O)n(Cc3ccccn3)cnc21,-7.429,-5.866,4.073106185701522,3.1433237186137872,0.7298084231521472
NC(=S)C1(NC(=O)c2ccccc2F)CCC1,-6.194,-4.483,10.904733330072771,9.158182461602301,0.0009918222416546978
c1cnc(CC2CCC(Nc3ccn[nH]3)C2)nc1,-7.163,-5.154,12.758784307291977,2.927254515753627,0.0053680967056638626
C=CC1(C)CC(C#N)(N(C)C(=O)C2CC2)C1,-5.095,-4.2,7.643862047420792,2.956300898081926,0.12971274539013472
COc1ccc(-c2nnc(C=Cc3ccc(C(C)(C)C)cc3)o2)cc1,-7.339,-6.105,4.804334917551023,3.012257293127532,0.5927206544901865
NC(=NC(=O)c1ccco1)SCc1cc(F)ccc1F,-7.333,-5.049,5.346396636988318,2.8166623865845186,0.4792530874441196
CCc1csc(CC(CNC(=O)OCC2c3ccccc3-c3ccccc32)C(C)C)n1,-7.567,-5.358,3.9632588863206997,9.899897676238881,0.027820427186443803
CCOc1ccc(OCCn2cnc(C)n2)cc1,-6.342,-4.631,12.211835775181386,2.7242360396999374,0.007661883454767093
O=C1NC(=O)C(Cc2ccc(F)cc2)N1,-6.394,-5.401,12.355898753227141,2.9627794382977615,0.006885965098687956
Cc1noc(N)c1-c1cc(C(=O)O)co1,-6.569,-5.821,12.475366327286746,2.893119078088559,0.00642485853904783
CC(C)COC(=O)NCCNC(=O)c1ccc(Cl)cc1,-6.34,-4.677,4.506693910174064,5.264397496390257,0.37189955569782235
Cn1nnc2c1CCCN(Cc1ccc(OC3CC3)cc1)C2=O,-5.437,-4.008,8.027023420920111,11.631549208940312,0.0012712896907451446
CCOC(=O)Cc1cccc(NS(=O)(=O)c2ncc(C(F)(F)F)[nH]2)c1,-7.16,-5.646,4.664201217786386,3.0681883905653513,0.6201878689430479
CCCOc1ncc(C(C)NC(=O)NC2CCCCC2)cc1C,-6.873,-5.46,4.728215519622599,3.0208604734413007,0.6089307292095236
O=C(O)c1ccc(C2=NOC(CI)C2)cc1,-6.268,-5.115,9.163957387504594,9.186528560887405,0.00288870524086214
CCCCCCCCCCCCCCCC(=O)OC(C=O)CC(=O)O,-4.916,-3.783,4.367381137478157,2.906291451317297,0.6901956682622254
CC(NC(=S)NC(=O)c1ccco1)c1ccc(F)cc1,-6.484,-4.974,7.090571345103299,9.834446603647812,0.006922258783869423
O=C(c1ccc(S(=O)(=O)C(F)F)cc1)C1CC1,-6.608,-5.793,12.558156990577878,3.0749473166218633,0.0060108212858179565
CN(Cc1cccc(C#N)c1)C(=O)c1ccno1,-6.898,-5.35,12.120555927844233,3.0215908061814063,0.00793845311982948
CN(C(=O)c1cccc(Br)c1)N(I)C(F)(F)F,-6.244,-4.476,3.317490919354565,9.05164432575651,0.052382422672733665
CC1(C)CC(C(=O)O)N(C(=O)c2cnon2)C1,-6.155,-5.282,12.333121097272985,2.8457387441576563,0.007046186113228133
Cc1ccc(N2CC(C(=O)NCc3cccc(F)c3F)CC2=O)cc1,-8.03,-6.251,4.529332621921246,3.319413954299765,0.6320629632201209
Cn1nccc1C(=O)NC1CCN(c2nccs2)CC1,-6.794,-4.475,5.813702176754499,2.8985682672657545,0.3779872753552391
Cc1cccc(OC(C)C(=O)NCC(C)C(=O)O)c1,-6.996,-5.454,4.837628964689209,3.762029904187365,0.5323311532504617
CCCNC(=O)c1nccc(C(=O)Nc2ccc(C)cc2Cl)c1C,-6.865,-5.225,6.574485987512636,7.623387436041802,0.03707878758003914
CC(C)OC(=O)C(c1ccccc1)N(C=O)CC1CCCC1,-6.058,-4.208,7.8931852252433545,3.0686819646225967,0.11023456640416739
C=Cc1nc(C(=O)N2CCC(C)(C)C2)n[nH]1,-6.938,-4.383,8.186465049091701,3.161433377441315,0.09117384390965484
O=c1[nH]c(-c2cn[nH]n2)nc2ncn(CC3CCCCC3)c(=O)c12,-7.737,-6.019,4.5930723922011065,3.159741445118572,0.6298188465389019
CCCCCCCCCCC=CCCCCCC(=O)OC(COC(CO)CCCCCCCCCCCCCCCCCCCCCCCCCCC)COP(=O)([O-])OCCN,,,,,0.0
CCCc1ccc(OCCc2ccncc2)cc1,-6.414,-5.094,12.608010271252162,3.219595316184939,0.005744949577749942
Cc1nnc(CSCC(=O)Nc2cccnc2)o1,-6.687,-4.344,6.705057494160657,3.401213018909577,0.21831533247071053
N#CCCN(C(=O)c1ccc(CN)cc1)c1ccc(F)cc1,-7.119,-5.023,3.381547870428571,7.514611101048411,0.13453284240496158
CCC(CC1CC1)NC1=NCC(C)(C(C)(C)C)N1,-6.358,-4.51,8.603635220068316,8.565677906622453,0.006024833375239793
CN(CCC(=O)O)Cc1ccc2c(c1)OCCCO2,-5.191,-3.771,6.044178521519695,2.8266853379886485,0.33585298138157205
Cc1nn(-c2ccccn2)c(C)c1NC(=O)c1cccs1,-6.083,-5.361,3.7038366594654257,5.225184111588796,0.4583329051635056
CCC(=O)c1cc(C)c(O)c(N)c1,-6.019,-4.693,12.658729991590784,2.7163153351553277,0.00579761041502693
NNC(=O)OCc1ccccc1F,-5.714,-5.408,11.609825407817294,2.8951400656963044,0.01103356993578294
CN(CC(=O)N1CCNCC1)Cc1cccn1C,-6.202,-4.365,12.586811550190143,2.8557090187902547,0.006008854410175808
CCOC(=O)CC(C#N)(NC1CCCCC1)C1CC1,-5.918,-3.966,9.248774891843784,13.500285848825573,0.00018512319191586762
NC(=O)C1CCN(S(=O)(=O)c2cc(Cl)cc(Cl)c2)CC1,-7.45,-4.695,4.757367023890421,5.0293773968554,0.3782016843515717
CCc1nc2ccccn2c1CN1CCCCC1,-6.225,-4.496,12.908041718246809,3.292908289035697,0.004724749668739785
CC(N)c1nc(C(C)N2CCCC2)no1,-6.318,-5.082,12.570060182831266,2.9957847052149793,0.006007200558583573
Fc1cccc(F)c1N1CCCN(c2nc(-c3cnccn3)nc3c2CCCC3)CC1,-6.483,-4.874,4.645090849488306,3.569948038837541,0.5886025657762822
CCc1noc(C)c1CNS(=O)(=O)c1ccc(N)c(C)c1,-7.379,-5.181,11.235034000838628,8.62485002768164,0.0011245056670284859
CC(C)(C)OCCOCc1cc(C(=O)O)cc([N+](=O)[O-])c1,-6.491,-5.441,12.608158152561382,2.9592994103334664,0.005883240569113049
O=C(NCCc1ncon1)C(=O)Nc1cccc(F)c1,-6.868,-4.958,12.146112176330334,2.702982426875913,0.007993418598265717
CC(C)COC(=O)c1cnc(NCC2CCN(c3nc(N)nc4c3ncn4C)C2)nc1,-7.46,-5.762,5.166526686275799,3.0763107775385765,0.5091586238811633
O=C(NCc1ccc(C(=O)O)o1)c1cn[nH]n1,-7.025,-5.259,6.637638209483852,2.9927736299292667,0.23688588536952268
Cc1nc(NCc2ccc(Cl)cc2Cl)ncc1C(=O)N1CCCC1,-7.614,-5.711,4.620998485176121,3.148115309196917,0.6246936893610381
CCC(O)C1CCCN1C(=O)c1cc2ncccc2s1,-6.463,-5.418,12.791372756666894,2.901615756781039,0.005270087923737098
COc1ccc(C(=O)O)cc1C(C)NC(=O)CSc1nnc(C(C)(C)C)o1,-7.134,-5.467,4.387536666513454,2.90712366438031,0.6861494919329097
Cc1ccc(NC(=O)COC(=O)C2C(c3ccco3)C2(Cl)Cl)cc1,-6.652,-5.471,4.823545583904022,3.56060514519653,0.5529501908025611
Cc1cc(N(C)S(=O)(=O)c2cccc(C(=O)O)c2)no1,-7.425,-6.009,12.133387119844153,2.785348272658197,0.00801576591648821
CC(C)(C)c1nnc(C=NNC(=O)c2ccc(Br)o2)o1,-6.525,-5.278,4.656163334763934,4.108743603584921,0.5289501504602532
COc1ccc2c(c1)CC(C(=O)Nc1ccc(C)c(Br)c1)CO2,-7.327,-5.785,4.648986233578241,3.5247287838924564,0.5917065880396147
CC(=O)N1c2ccccc2NC(=O)CC1c1ncon1,-5.054,-4.049,9.58057268643164,13.104298569553427,0.00019278650213811358
Cc1nn(C)c(C)c1C(C)C(=O)NCC(=O)NCc1ccco1,-6.82,-5.153,8.821445799867503,8.59180452524381,0.005177021768661558
Cc1nnc(C(C)OC(=O)c2ccc(OCC3CCCO3)c(Br)c2)o1,-7.351,-5.382,4.407554991148721,2.995997663550492,0.6773790381139057
O=C(O)C1CCC(Nc2ncc(C(F)(F)F)cc2Cl)C1,-6.162,-6.187,12.603391329320852,3.1316229019471673,0.005812599540619414
NC1C=CC(C(=O)NCc2ccncn2)C1,-6.822,-4.766,5.318494523829088,2.858958901418486,0.4840428038483779
CCc1ccc(N2CCC(NC(=O)C3CCS(=O)C3)C2=O)cc1,-6.781,-5.266,3.846528824797755,8.892811816292976,0.05336926911053358
CC1CCC(S(=O)(=O)Nc2cnn(C3CCCC3)c2)CC1,-6.521,-6.05,12.632805032929149,2.853694622765372,0.005839423515357266
NC(=O)CC(c1ccc(Br)s1)N1CCCCCC1,-4.362,-3.285,11.743441318455167,8.521527151866618,0.0008726879143528222
CC(NC(=O)c1ccco1)C(=O)NCC1C=CC=CN=C1,-5.653,-4.633,12.47369921073937,2.7971158359996466,0.006475013458500904
CNC(=O)N(CCC(=O)Nc1ccc(C(F)(F)F)cc1)Cc1ccco1,-6.146,-5.232,3.966131868710368,5.576552160609636,0.36949596730487133
C=CC(=O)OC1CCCC1C,-4.703,-4.125,11.954732870290329,3.0467036285139386,0.008786214822396337
c1ccc(CC2Nc3ncccc3S2)cc1,-6.443,-5.094,12.462144037042743,3.0198759908314114,0.006413366199034936
C[n+]1ccn(CC(=O)NC2CC3CCC2C3)c1,-6.225,-4.322,13.159671804418224,3.3397344205789774,0.004015333873824828
CCCOc1ncc(C(=O)NCC2CCCN2CC)cc1F,-6.038,-4.742,4.670830440082363,2.9566328821820265,0.6246150154980324
O=C(Cn1nc(-c2ccco2)ccc1=O)NCCc1ccc2c(c1)OCO2,-7.978,-6.045,7.506254991671945,7.443974744718039,0.02368573564248432
NC(O)(CO)C(O)C(O)CO,-4.332,-4.728,7.031394314074555,2.902490999124717,0.18891457590978838
CC(c1ncnn1C)N(C)C(=O)c1ccccn1,-6.174,-5.238,12.333581839838741,3.0642821345300435,0.006923139568408786
N#Cc1ccnc(N2CCC(OCC(=O)O)CC2)n1,-6.129,-5.128,5.0440351902023846,3.0521023901566613,0.5375467466990252
Cc1ccc(NC(=O)CSc2nnc(C(C)O)n2C)c(Cl)c1,-7.016,-5.723,5.127274909735189,2.901051705847381,0.5253877049662825
COCCN(Cc1ccco1)Cc1cn[nH]c1C,-5.706,-4.828,12.159269920517433,2.965967295841274,0.007784354512928684
CCCNC(=O)c1cccc(COc2ccc(C)cc2-c2cccc(F)c2)c1,-7.11,-5.179,5.006529137036955,3.536539692976737,0.5165136495151501
CC1(Sc2ccccc2)CC1=C(C#N)C#N,-6.022,-4.568,12.191139569375785,3.030927415825064,0.007589824667088987
O=C(Nc1ccc(F)cc1F)c1cnccc1C#Cc1ccco1,-8.167,-5.793,6.930954191163003,7.303393252454642,0.03652810938697413
COc1ccc(C)cc1N1C(=S)NC(c2ccccn2)C1c1ccc(Cl)o1,-6.682,-5.145,4.876065627121932,8.871889539438596,0.04026298149675721
CCOc1cc(O)c(Cc2ccccc2)cc1C=Nc1ccccc1,-7.123,-5.414,4.918198145662697,4.8835727700117255,0.3772598417869062
CCC=CCC=CCC=CCCCCCCCC(=O)OC(COCCCCCCCCCCCCCCCC)COC(=O)CCCCCCCCCC=CCC=CCC,,,,,0.0
Cc1ccn(CCC(=O)Nc2ccnn2Cc2ccc3[nH]ccc3c2)n1,-7.936,-5.481,4.225727156360193,3.5431320889856774,0.6701398087632109
N#Cc1cccc(NCc2cnn(Cc3cscn3)c2)c1,-6.531,-5.001,8.887161414084927,9.17787197557255,0.003450763678694025
O=C(O)c1ccc(-c2ccc(C(F)(F)F)cn2)cn1,-7.0,-5.279,6.503327840421394,2.745325663741917,0.26073727888754794
COc1ccc(C(Nc2ccc(Cl)cn2)c2ccc(C)nn2)cc1,-7.31,-5.507,7.215055717040583,7.6968293472052505,0.02422056595188926
Cc1cc(NC(=O)C(Sc2ncn[nH]2)C2CC2)no1,-6.231,-4.994,4.490032850659335,3.2424560135798286,0.6454521153755409
COc1ccccc1-c1c2c(N)c(C#N)c(N)c(C#N)c2nn1C,-6.076,-4.922,7.597362897742874,7.992457256688958,0.015998572539764867
O=C(COC(=O)c1ccccc1OC(F)F)NCc1ccsc1,-6.821,-4.425,4.315199300148256,6.555474734906695,0.1991453826735286
FC(F)(F)c1ccc(Nc2nccc(N3CCN(Cc4ccccn4)CC3)n2)nc1,-7.747,-6.25,4.4375515771650464,3.1257426317596915,0.6636727303549128
Cc1cccc(NC(=O)C2CCCCC2)n1,-6.662,-4.689,5.5064320571491665,3.6255640940410907,0.40712682876260065
CC(C)Cc1cccc(C(=O)N2CC3(CCN(C)CC3)C2)c1,-7.869,-5.037,3.3179531340873396,10.465993168352444,0.021670429401148772
C=CCOc1ccc(C=CC(=O)Nc2ccc(OCC(=O)O)cc2)cc1OC,-6.637,-5.395,4.941345363360063,2.9221885633887488,0.5664213473735127
COc1cc(C=C2C(=O)NC(=O)N(C)C2=O)ccc1OCc1ccc(F)cc1,-7.854,-6.415,4.86804950673265,2.8839717404995495,0.5845090992536975
NCC1CCCN1C(=O)C1Cc2ccccc2S1,-6.63,-5.048,12.860740491900147,2.9454556523566944,0.005029605258782932
CCCC1(C(=O)O)CCN(c2ncc(Cl)cn2)C1,-6.039,-4.968,6.007164805463554,2.9676034101611357,0.33911550443433297
CCOc1nccc(OC)n1,-4.917,-3.901,12.697462541783693,2.9940484298020302,0.005548229822584004
O=C(c1ccc2[nH]c(=O)oc2c1)C1CCCC1,-7.049,-5.788,12.330109812974092,3.0284829535594224,0.0069599144623458155
Cc1noc(C)c1Cn1nnc(C(=O)NCCC(=O)O)c1C,-7.186,-5.87,3.835747775858052,2.976736803951601,0.7785449671165818
Cc1cc(F)cc(S(=O)(=O)NC(C)c2cccc(N)c2)c1,-7.326,-5.524,12.489266831964157,3.009896343730129,0.006310886373775469
Cc1ccc2nc(NC(=O)c3ccc(S(=O)(=O)N(C)C)cc3)sc2c1,-7.047,-5.667,4.556067273427819,3.139093021877498,0.6387724234150371
Cc1[nH]nc2ncnc(Nc3cc(Cl)ccc3Cl)c12,-6.99,-6.123,12.628577354555818,3.194885600455829,0.005686115123180176
O=C(O)C1CC(O)CN1C(=O)c1ccc([N+](=O)[O-])o1,-7.413,-5.635,11.95913951754055,2.9782577121531975,0.008812724269053484
O=C(Cn1c(=O)[nH]c2nnn(CO)c2c1=O)N1CCCC1,-6.833,-5.736,12.330703224066339,2.756597540447282,0.007098983324220761
Clc1ccccc1CN1Cc2[nH]cnc2CC1CCn1ccnn1,-7.507,-5.953,12.2505741906247,3.094507876868308,0.007271844915066609
CC1(Nc2ccc(C(N)=O)nn2)CCCCC1,-5.819,-5.214,12.46988877255928,3.0212820126562168,0.006381636542745957
Cc1cc(OCC(C)C)ccc1C1CC(C)CN1C(N)=S,-6.582,-4.611,7.310689570758699,9.994896997968514,0.005482511776925113
CCn1cnnc1CCNC(=O)CCc1ccc(F)cc1,-7.106,-5.471,12.265313897328515,2.900509265629055,0.00732213313796156
CC(O)c1ccc(SCC2CCCO2)cc1,-5.92,-4.711,13.256137974538436,2.8928479047471547,0.0039441243650067325
c1ccc(CN(Cc2cccnc2)Cc2cnccn2)nc1,-6.699,-4.85,13.07163088524152,3.2616316468908617,0.004280449098509029
CC(CC(N)=S)N1CCC(N2CCCCC2)C1,-5.597,-5.156,13.037424937463687,2.9034615547652773,0.004518276918572751
CCCc1nc(NN)cc(S(N)(=O)=O)n1,-6.161,-5.108,12.693755551451272,2.8650725994292006,0.005616613547652038
O=C(NC1CC1)c1nc(Cc2ccc3c(c2)OCCO3)no1,-7.11,-5.333,6.829954245820392,3.135889825870802,0.20884199750081053
CC(CN1CCCCC1)N=C(N)Nc1ccc(C(F)(F)F)cc1,-7.042,-5.624,7.0783960047457075,7.684202300824725,0.026505327618274708
O=C1NC(=O)c2c(-c3cccc(C(F)(F)F)c3)n[nH]c21,-8.043,-6.578,12.602894151741497,3.0082589649164193,0.005879075514129195
CNC(=O)NC(=O)C(Cc1ccc(Br)cc1)N(Cc1ccc(F)cc1)C(=O)c1ccco1,-6.577,-5.096,3.584873916890243,9.673333396508156,0.0343077317684378
CCC(C)NC(=O)C(CC1CC1)NC(=O)N1CCCCCC1,-4.622,-3.193,4.300418700545331,5.294344718659714,0.3897952651376081
CC1CC(C)N(Cc2nc3ncccc3[nH]2)C1,-6.144,-5.382,12.708222456346915,3.2218102054590365,0.005394922027585173
Cc1nccn1C1CN(C(=O)c2c(Cl)ccnc2Cl)CC1C,-6.151,-4.525,6.866288225817499,2.876593471451953,0.20888198198723015
CC(c1ccco1)N(C)Cc1ccn[nH]1,-6.039,-4.055,8.330428140257858,5.142917946069139,0.05054081224186028
CN(Cc1ccc(Cl)cc1)C(=O)CN(c1ccc(Cl)cc1Cl)S(=O)(=O)c1ccccc1,-6.518,-5.748,4.381521881721007,4.6232151150471035,0.49783917353162893
Cc1cnn(CC2CN(c3ncccc3F)CCO2)c1,-6.77,-5.688,12.914413343237857,3.0763007005167755,0.004810431291978271
Cc1ccn(-c2c(Cl)cccc2Cl)n1,-4.986,-4.542,12.481674807492784,3.276136291426228,0.006179062338126502
Cc1cc(NC2CCCCC2)nc(Nc2ccc(C#N)cc2)n1,-7.14,-5.803,4.789903234930744,2.9379593257906076,0.5994857346398932
CCc1nc(CN2CCC(O)CC2)n(-c2ccc(F)cc2)n1,-7.306,-5.773,12.499041963286627,2.8742305057180095,0.0063392481971932925
CN(C(=O)COc1ccc(Cl)cc1F)C1CCS(=O)(=O)C1,-7.068,-5.083,4.795198536035811,3.2282953706251845,0.5826839674955243
Nc1ccccc1NC(=O)CNc1ccc(Cl)nc1,-6.672,-4.987,8.460010933799081,3.171048091719833,0.07688257287992013
CCC(C)N(CC(=O)N1OC(c2ccoc2)CC1c1ccco1)C(=O)c1cnccn1,-6.773,-5.863,5.4925962895519636,3.682627458758217,0.4061205420634626
CC1CN(C(=O)C(C)C(C)(C)N)C(C)CN1C,-5.239,-4.731,7.344762555726358,3.2793471911342347,0.1510068260473931
O=[N+]([O-])c1n[nH]c([N+](=O)[O-])c1Cl,-4.677,-4.692,11.983613394965644,2.877567549163703,0.008746384222798623
CCC(C)C(NC(=O)OC(C)(C)C)C(=O)NCc1cccc(F)c1,-5.808,-5.58,12.624303347115832,3.0770640227333583,0.005766300356614473
COc1ccc(C(=O)c2n[nH]c(=S)o2)cc1,-6.173,-4.645,12.418424779334938,2.978380936012047,0.006613763255588046
CCn1nc(C(F)(F)F)c2cc(C(=O)N3CCN(Cc4ccco4)CC3)ccc21,-9.025,-5.402,4.199487944976148,3.2476899482555277,0.7002408201799736
NC(=O)C(NS(=O)(=O)c1cc(F)ccc1Cl)C1CC1,-6.492,-4.783,12.343435097249063,3.085849963948345,0.006867280205854936
Cc1nonc1NC(=O)C1CC12CCCCC2,-6.853,-5.2,12.267281932033681,3.0219508599578515,0.007242671716781418
CC(C)(C)NCc1ccnn1COc1ccccc1Cl,-6.338,-4.738,12.71084725736251,3.2160513055609052,0.005389333107574446
FC(F)(F)c1ccnc(N2CCC(COc3ncccn3)CC2)n1,-7.284,-5.343,3.34394587276768,3.311852804700112,0.8122904920235309
COc1cccc2cc(-c3cc(C(=O)N4CCCC4)ccn3)[nH]c12,-7.803,-5.583,8.05144757171032,3.479890946567149,0.09549178657198372
Cn1cnnc1CC(C)(C)CCC(=O)O,-5.458,-4.861,12.232270189952477,2.9938451863782136,0.00742035528852288
CP1(=S)Nc2ccccc2N(c2ccc(F)cc2)N1,-6.585,-5.349,12.739949214969421,3.2156276214760937,0.005292431805801316
CCc1nnc(NC(CCN)c2ccccc2)nc1CC,-6.776,-5.272,12.671263788588728,2.981388602648102,0.005645680297334452
C=CNC(=C)c1c(N=Cc2ccco2)c2cc(C)ccc2n1C,-6.873,-5.22,12.067172369697882,9.041408960997176,0.0005158927233780156
CCC(C)(C)C1(C(C)C)NC(=O)c2ccccc2N1,-6.346,-4.778,11.848184417876015,9.046119223180733,0.000589821613267993
Cc1nc(CN2CCN(c3ncccc3Cl)CC2)no1,-6.764,-5.329,4.505838101840767,2.9382630923727704,0.6604876980015579
Cc1ccnc(Nc2cc(Nc3ccc(NC(=O)C4CC4)cc3)ncn2)c1,-7.451,-5.854,8.320686329864863,9.947700689103991,0.003035160754114093
COc1cccc(Cl)c1C(N)c1cccs1,-5.044,-4.021,11.55348869389675,8.56186977242705,0.0009583651385834236
O=C(Nc1ccc(NS(=O)(=O)c2ccc(Cl)cc2)cc1)c1ccccn1,-7.494,-5.908,4.29393339491893,3.4787941876460593,0.6640775151937752
CCOc1ccc(-c2noc(CN3CCCC(C(=O)Nc4ccc(Cl)c(C(F)(F)F)c4)C3)n2)cc1,-8.506,-6.289,8.001368757906361,7.1131744671419375,0.021353290413471046
CCOc1ccc(C(O)=C2C(=O)C(=O)N(CCCN3CCCCC3)C2c2ccc(Cl)cc2)cc1,-6.581,-5.901,7.237678495208252,8.022859714590552,0.01954614450270945
Cc1nccn1CCOc1ccc2oc(CN)cc2c1,-6.309,-4.954,8.535346097259325,8.338924271151527,0.0072356468030859685
Cc1nonc1CC(=O)NC1(C(=O)O)CCCCC1,-6.593,-5.169,4.417569127925447,4.920790688497124,0.44191238315187487
CN(CC(=O)O)c1ccc2c(=O)nc[nH]c2c1,-6.405,-5.305,12.804945060405375,2.726724775256938,0.00528794090954468
Cc1nnc(NS(=O)(=O)c2ccc(NC(=O)c3nnc(-c4ccco4)o3)cc2)s1,-8.376,-5.995,4.89601552285121,2.8983369369346983,0.5776252029882717
CC(C)C(NC(=O)c1cc(CN(C)S(C)(=O)=O)ccc1Cl)C(F)(F)F,-6.447,-5.044,4.186506180575875,4.753134544697846,0.5015493780311722
Cc1ccc2nc(C)c(C(=O)Oc3ccc(Cl)cc3F)n2n1,-7.921,-6.336,12.182806819448464,2.8209517897333867,0.007753486226810036
CC(=O)NC(CCC(=O)O)C(=O)NC(C)c1cnn(C)c1C,-6.62,-4.698,6.602038776014573,3.0704691823889054,0.24024919895121283
COC(=O)c1cccnc1NS(=O)(=O)c1ccc(F)cc1C,-6.547,-5.306,12.379046409154462,2.816241999544783,0.006860777770770881
Cc1ccccc1-c1nnc(C(NC(=O)C2CC2)c2ccccc2)o1,-7.612,-5.697,4.108906180481614,5.3829104581072125,0.39290778398037496
COc1ccc2nc(CCNC(=O)c3ccc(Cl)cc3Cl)[nH]c2c1,-7.435,-5.764,4.677074940601229,3.5810726046814514,0.5811961712735615
C1=CC2CC1C1CC21,-3.836,-3.66,11.914943978047065,9.360831426748375,0.0004649623591860396
CCCCOc1ccccc1C(=O)NC(=S)Nc1ccc(NC(C)=O)c(C)c1,-7.058,-5.432,4.400550533740068,4.9846313805536315,0.4329748367378343
CNC(=O)COC(=O)C=Cc1c(C)nn(C(C)C)c1C,-6.315,-4.46,5.451119884941075,2.8701865793010746,0.4544532102105529
CC(C(=O)OCC(=O)c1cccs1)c1ccc([N+](=O)[O-])cc1,-6.978,-5.274,12.051433358733725,3.120947772712642,0.008215294073166988
CC1(C)OC(=O)c2ccc(NC(=O)C3CCC(=O)N(C4CCCC4)C3)cc21,-7.74,-6.064,6.549349127966839,8.097062368538358,0.028107412053493146
CCc1nnc(NC(=O)C(C)N2CCN(Cc3cc(C)on3)CC2)s1,-6.685,-5.66,4.307518427122512,2.9953383782137206,0.6969904291590103
NC1CCC1NCCc1ccc(F)cc1,-6.404,-5.099,12.232991907133759,2.9914927711762904,0.007418447755346325
CNC1=[N+](Cc2ccccc2)C(C)(C)C1,-5.444,-4.406,13.27757880790018,3.322868339251497,0.0037374938340377552
CN1CC(C(=O)O)CC1=O,-5.224,-4.086,7.68579716099768,2.988747898368145,0.12608898637506755
CCOC(=O)CC(NC(=O)c1ccccc1Cl)c1c(Cl)cccc1Cl,-6.548,-4.566,3.859759966630049,7.241379771839066,0.14736328556513206
CC(C(=O)Nc1ccccc1C#N)n1cnc2ccccc21,-7.961,-6.107,12.381618795617962,2.9617903369414926,0.006776698420537352
CCOC(=O)c1sc(Nc2nccnn2)nc1C,-6.029,-4.712,5.474282418728503,3.151239280029369,0.43889277759765644
CCC(N)C(=O)Nc1ccc(Cl)cc1C(C)Cl,-6.234,-4.337,7.311626221299883,7.092857463674285,0.03298659381761215
CCCC(CCN)c1cnc2[nH]cc(N)c2c1,-6.614,-4.285,12.496340464311944,2.87590490107027,0.006349189575603466
CCCOC1CNNC1c1ncnn1CCC,-5.857,-4.647,7.639104528673501,3.142125713589448,0.12798726283129683
Cc1cc(Cl)ccc1NC(=O)CCC(=O)Nc1nnc(NC(C)(C)C)s1,-6.88,-5.599,4.63520182947841,3.1676593882549935,0.6205123514978227
Cc1nnc(NC(=O)Nc2ccc(C(C)(C)C(C)C)cc2)s1,-6.296,-5.453,6.72716351815533,5.93233942049846,0.09123288092273583
O=C(CO)C1(F)CCCCC1=O,-4.831,-4.505,12.762167919283934,2.8121888272304902,0.005401380177525034
COc1cc(C(O)C2CCO2)ccc1F,-5.922,-5.134,12.447358755977108,2.9242973515017243,0.006522992288908853
Cc1nc(-c2n[nH]c(=O)c3ccccc23)c(-c2ccco2)o1,-7.204,-6.564,12.346850205619246,2.967188062796155,0.00692257384045462
O=C(O)Cc1ccc(COC(=O)N2CCCOCC2)o1,-5.225,-3.597,8.960571521951042,12.516539298064782,0.0004096910160378333
CC(=O)OC1(C)C2CC1(C)CC(O)C1CCC(O)(C(=O)OC(C)c3ccco3)C12C,-5.84,-3.886,3.4800258619728672,7.278077012508181,0.1533869287348255
C=C(C(=O)O)C1CN(c2ccc(Cl)cc2)C1=O,-6.936,-5.212,7.043602842295979,3.0377888340041017,0.18550438943574551
Brc1ccc(Cn2ccnc2-c2ccoc2)cc1,-6.447,-5.138,12.563696589778028,3.0336575284629603,0.006011882017764514
Cc1noc(C)c1CC(=O)NC(C)c1nnc2ccccn12,-6.987,-5.391,8.385250980143647,7.948656427346699,0.0101099793198537
CC1CN(C(=O)C(C)Sc2nnc(-c3ccco3)o2)CC(C)O1,-6.486,-5.247,8.070738937668594,3.1424402937844347,0.09811949326076781
CCN(c1ccccc1)S(=O)(=O)c1cccc(Cl)c1,-6.471,28.2,12.194134409624981,2.9499405078746928,0.007626274194508286
CC(C)(C)OC(=O)N1N=C(c2ccccc2)CC1=O,-7.206,-4.847,4.310847132525114,5.0382600171090814,0.43452390372636546
COc1ccc(C)c(C)c1S(=O)(=O)N1CCC(C)CC1,-5.988,-5.462,12.639116780851422,2.951970867064917,0.005773853266562372
Cc1c(C#N)c(=O)[nH]c2ccc(C(F)(F)F)cc12,-7.393,-5.455,12.019842053870759,3.0603875571567727,0.008425724400492027
Cc1cc(Br)c(Br)c(NC2CCOC(C)C2)c1,-6.396,-5.15,12.692362585429082,3.2817768053296983,0.005413320399579682
Cc1nn(Cc2nc(C(C)C)oc2C)c(C)c1Br,-6.467,-5.582,12.465743700237063,3.2754646998555788,0.0062413574964969
CC(C)COC(=O)c1cc(Cl)ccc1Cl,-5.878,-4.984,12.683881858484806,3.060174178049348,0.005563941891837342
c1ccc(CCN2CCC(CC3CCOc4nccnc43)C2)nc1,-6.983,-5.619,4.040452821157549,2.823052426009833,0.7548175014232572
CC(c1cccs1)N1CCN(c2nnccc2C#N)CC1,-6.354,-4.597,4.9231962179056,3.495592939688487,0.5371572479249431
O=S(=O)(Nc1cnc(-n2cccn2)c(C(F)(F)F)n1)c1ccc(Br)cc1,-7.332,-6.286,4.61430243915589,3.595081640241289,0.5925077465447494
N#CCCN(CC1CC1)C(=O)c1cnc(C(=O)O)cn1,-5.801,-5.256,11.98845152636486,3.077636268307222,0.008579389873487598
O=C(CSc1ccccc1Cl)c1ccc(Cl)c(O)c1,-6.313,-4.7,12.487790356984698,3.0908600744776527,0.00627198436358348
CCOc1ccc(F)cc1C(N)Cc1ncnn1C,-6.39,-4.888,12.607060125183825,3.2454979587114203,0.005732545859495626
CC(=O)c1ccc(NC(=O)C2(c3ccc4c(c3)OCCO4)CCC2)cc1,-7.446,-6.274,6.470388010003728,8.668900103242626,0.020637437455936047
CCC(C)Oc1ccc(C(=O)OCC(=O)Nc2ccc(F)cc2)cc1,-7.099,-4.845,4.392810262235326,9.492067056231745,0.032218521138064095
O=C(O)CCN1CC(=O)NN1c1ccccc1,-6.69,-4.834,12.20540953839731,2.8667035075152083,0.007620280388383856
Cc1nn(CC(C)C)c(C)c1CN(C)S(=O)(=O)c1ccc(N)cc1,-6.299,-5.013,4.988992884340485,3.7266581544327355,0.5048233217559489
C=Cn1nc(C)c(-c2noc(C3CCC(O)CC3)n2)c1C,-6.65,-5.345,5.0332574939098835,3.051683305980488,0.5399699380435917
Cc1ccc(Cl)c(C(=O)Nc2ccc(Cn3cncn3)cc2)c1,-6.977,-5.345,7.683753965347927,8.966445895671262,0.008291608208301245
CC(O)c1ccc(OC2CCCC2C)cc1Br,-5.955,-4.523,11.65697435014764,2.8159804686822674,0.01077355908678335
CCC(C)(c1ccccc1)C(N)c1ccn(C)n1,-6.19,-5.036,12.558581368928579,2.90312951829573,0.006094722692123507
O=C(C1CC1n1ccnc1)N1CCC(n2c(=O)[nH]c3ncccc32)CC1,-7.235,-5.411,3.790565656996327,3.0356055409094247,0.7812587878209635
CCOC(=O)CC1(O)CCCN(CC)C1,-5.687,-4.5,12.337216582357627,2.897908728721455,0.007001740157635683
O=c1[nH][nH]c(=O)c(=O)o1,-5.192,-4.338,7.652335983214537,3.022349582692246,0.12834231759282777
Cc1ccc(NC(=O)COc2ccc(S(=O)(=O)NCC(C)C)cc2)nc1,-7.173,-5.425,4.118758793617319,2.8235808824965507,0.7411874998709821
Cc1cc(Cl)c(O)c(C(=O)c2ccc(Br)cc2Cl)c1,-7.012,-5.342,7.854869381472871,3.205545507398077,0.11138894519536717
Cc1c(Br)c(C(F)(F)F)nn1CC(=O)N1Cc2nc3ccccc3nc2C(C)C1,-8.769,-6.328,3.832313400545419,3.4677411956488347,0.7394905772948657
CCc1nc(C)cc(NN=Cc2ccc(C3CC3C)o2)n1,-7.748,-5.078,3.978213418106173,9.678422030475836,0.03184323229214841
COc1ccc(Nc2nccn3c(-c4cccc(NC(=O)c5cccc(F)c5)c4)cnc23)c(OC)c1,-7.789,-6.566,4.254391848431453,3.1013077886594878,0.7005271374950636
O=C(NCc1ccncn1)c1ccon1,-6.668,-5.203,12.042053520890862,2.946639781174482,0.008388840360025056
COc1ccc(C(=O)NC2C(=O)C2(C)C)cc1N,-6.398,-4.786,8.826544680677712,9.083985193735183,0.003799305474549672
CCCCOC(=O)N1CC(c2ccccc2)CC1C(=O)OC,-6.268,-5.117,12.744479118426142,3.0468866076701966,0.005363435656093777
CNc1cncc(C(=O)NCc2ccc(Cl)cc2)n1,-7.062,-5.026,4.568734288618675,9.915154512159658,0.02343417210456031
Cc1noc(NC(=O)NC(=O)c2ccccc2Cl)c1C,-7.397,-5.725,3.3416404654001894,10.50827397815645,0.021046914496861944
CCOC(=O)c1cc(OCc2ccco2)c2occc2n1,-6.851,-5.162,12.733362321083932,3.2536756138250786,0.005292752633445294
Cc1ccnc(-n2nnnc2C2CCCCC2)c1,-7.12,-5.61,7.7266205419963505,2.9501913497263184,0.12335033521950564
CCc1ccc(=O)[nH]n1,-5.24,-4.244,12.365455753832933,2.850194905616106,0.00690306145083787
Cn1cc(C(=O)NC2CCc3c2cnn3Cc2ccccc2)nn1,-7.773,-5.417,5.206749753925187,2.9517840368157016,0.5055353985362967
Cc1ccc(OCC(C)(C)NC(=O)C(N)C(C)(C)C)cc1F,-7.452,-5.242,4.145086971343304,3.784109934978106,0.6575821528825458
Cc1nn(C)cc1CC1CCCC1NCc1ccco1,-6.984,-4.487,4.257577362773341,7.352147305379565,0.12579830998829733
Fc1ccc(Nc2nc3cccc(C4CCCN4)n3n2)cc1,-7.412,-5.535,7.537998474396237,3.129731937402945,0.13632062220789892
Nc1ncnc2c1[nH]c(=O)n2C1OC(CO)C(O)C1O,-6.17,-5.691,12.599237675351633,2.7146935370313896,0.006017822315330741
CC(=O)C1(C)C=CCC1Br,-4.039,-4.092,11.867340940581425,9.19706605391089,0.0005304886467075899
Cc1ccc(C(N)=O)cc1NC1CC(=O)N(Cc2ccc(F)cc2F)C1=O,-7.949,-6.077,7.4509496039095575,7.608080441215117,0.02216122354459772
CC1(C)CCCC(O)C1(C)O,-4.524,-4.183,11.617472874941434,8.796758778095487,0.0007957045097385817
Cc1cc(Nc2ccc(Br)cn2)nc(NC2CC2)n1,-6.962,-5.045,7.369068937118177,3.354018932564335,0.1475087686858857
CCCNc1ncc(C(=O)Nc2ccc(OCC)cc2)cn1,-6.026,-4.782,6.765093495288885,3.1515743684704636,0.21668052440036528
Cc1ccc(S(=O)(=O)N2CCC(C(=O)O)CC2)cc1,-7.01,-4.842,10.97805055554036,8.344395783997784,0.0015714496400449282
O=C(NCc1ccccc1)Oc1ncc[nH]c1=O,-7.295,-5.345,4.531996690201791,3.9414671126371212,0.5720264810054887
C#CCN1CC(Nc2ncc(C(F)(F)F)[nH]2)C1,-6.279,-4.995,11.964162360984576,3.153619824899634,0.008648553390795729
Cc1ccoc1C(=O)Nc1cc(N)ccc1Cl,-6.523,-5.443,12.580006756754944,3.2208498878401643,0.005845609569182912
Cn1c(C2CCN(Cc3ccccc3)CC2)nc2cccnc21,-7.316,-5.479,12.594153484851612,3.4454139083715325,0.005642478395254606
Cc1cccn2nc(N3CCCC(C)C3)nc12,-7.182,-5.787,12.635954811568455,3.3099542292907924,0.005589651836271056
Cc1c(NC(=S)NCc2ccccn2)ccc2sc(=O)[nH]c12,-6.759,-5.394,4.645849222693306,3.03915021017389,0.6256983988702358
Cc1c(NC(=O)CCN2CCCC2)cnn1C,-6.03,-5.012,12.441894952136511,3.1642861754272484,0.0064094829264437474
CCCC(COC)NC1CCc2c(F)cccc21,-6.113,-4.306,4.649933440383852,8.637602560896166,0.050567303772244256
CCOC(=O)CC(C)CC(C)C(=O)NCC(=O)Nc1ccc(C#N)cc1,-6.407,-4.43,9.016052794876481,12.582269628330177,0.00037984915800653025
CCCCc1noc(C(C)Nc2nnccc2C)n1,-6.737,-5.775,12.532892164221312,2.929366825783347,0.006181050880153198
Cc1cc(NC(=O)n2c(=O)cc[nH]c2=S)no1,-6.221,-5.375,12.17206017895081,2.909607189982867,0.0077562572946650275
N#Cc1ccc(F)c(CN2CCC(CC(F)(F)F)CC2)c1,-6.834,-5.99,11.89095071892908,3.0095507970459647,0.009172658291980945
CC1CC1(O)C(=O)O,-4.375,-4.149,11.078740812926352,8.333258366329463,0.0014858531095093325
Cc1snnc1COc1[nH]ncc1CO,-5.934,-5.458,12.535995213783387,2.8689405710122333,0.006196888873420303
CC(Sc1nnc(C2CC2)o1)C(=O)N1CCN(c2ccccc2F)CC1,-6.828,-5.159,5.184276998772345,3.1655841483050167,0.5009728835581327
Cc1nnc(CNC(=O)c2c(F)cccc2Cl)o1,-7.021,-5.768,12.438958356711385,3.032532110299906,0.006499937990546726
CCc1nc(C(=O)O)[nH]c1C(C)C,-5.578,-4.51,12.282687775890096,2.877009732343636,0.007255595225029175
Cc1c(N)c(NC(=O)C2CC2)c(F)c(C)c1Cl,-6.31,-4.557,8.293385677755497,12.11115981233837,0.0007989432157161597
Cc1ccc(CCC(=O)Nc2ncc(-c3ccon3)n2C)cc1,-7.45,-6.35,4.77595372674401,2.959137374303532,0.6015623355339449
CCCn1cc(Br)cc1C(=O)NCc1ccoc1,-5.936,-4.98,12.67501814594362,3.3136670019783216,0.005452503612777516
O=C(NC1CCCCC1NC(=O)c1cccs1)c1ncon1,-7.402,-4.957,6.356892794439748,3.074159072006522,0.2766142036730441
O=C(NC1(c2cccc(O)c2)CCCC1)c1cc2c(o1)CCCC2,-8.093,-6.333,8.555487245037536,8.649192447853153,0.0058938478823874355
COC(C)(C)CC(=O)Nc1ccn(Cc2ccco2)n1,-6.378,-5.027,12.216787179942196,2.8767450356262025,0.007560803483419831
CN(c1nc2ccccc2o1)c1ccc(C#N)cc1Cl,-7.238,-5.468,8.506883036694463,8.884989026442295,0.005245803735088615
CCOCc1nc(-c2cc(C(=O)N3CCCC3)ccc2C#N)no1,-6.91,-4.995,4.316177012125429,3.1516448086673723,0.6856104160296376
CN(Cc1ncc[nH]1)S(=O)(=O)Nc1ccccn1,-5.817,-4.84,11.901500283577699,3.050145734223203,0.009080687248418411
CCc1nccn1CCCN1CCC(Nc2cc(C)nc(C3CC3)n2)CC1,-7.613,-5.328,4.82003578824888,3.1151150861565284,0.5838898129319999
CCC1CCN(c2cccnc2S(=O)(=O)NC2CC2)CC1,-5.859,-4.754,7.950222638391958,3.0014771363447035,0.10704529662374176
CC(=O)OC1C2CSCC1C(=O)O2,-5.294,-4.694,11.547077076039633,2.941831572337206,0.01143414607745414
C#CCNC(=O)c1ccc(S(=O)(=O)Nc2cc(C)no2)cc1,-6.901,-5.443,12.09863810517531,2.927117011668649,0.008109646538052042
NC(=O)c1nc(-c2ccco2)n(C2CC3(CCNC3)C2)n1,-7.219,-5.181,4.813808575338243,3.2021444377167003,0.5802550204955959
COc1cccc(OC)c1C(=O)NC1CCN(C)CC1C,-5.911,-4.512,7.6138882313834895,2.918708961167591,0.13250321122580802
Cc1cc(C)c(C(C)Nc2ccc(S(=O)(=O)NC3=NCCCCC3)cc2)c(C)c1,-5.998,-4.334,3.6456364327782325,8.57249286963833,0.06746857974787403
CCOC(C)c1cccc(NC(=O)Nc2ccc(N3CCCC3)nn2)c1,-7.278,-5.505,7.300558540276216,7.74605893341898,0.022313297704863694
Cc1noc(CCCC(=O)NC(CO)C(=O)O)n1,-6.676,-5.44,12.624182191334217,2.8006956278753323,0.005892406161391773
CCOc1cc2c(cc1OCc1ccc(Br)c(Cl)c1)=C(Cl)CCC=2,-6.865,-5.538,4.678783282008262,4.106046638799906,0.5251733099217484
C=Cc1nc(F)c(-c2ncccn2)n1OC,-5.359,-4.421,12.577510484988673,2.9439634848278944,0.0060042699483223196
Cc1ccc(NC(=O)CCn2cncn2)nn1,-6.502,-5.57,11.989453782387253,2.958791307273969,0.008660870204973815
CCOc1ccc(CC(N)c2ccc(OCC)cc2)cc1,-6.047,-4.6,7.183479519007483,9.717392139869625,0.0070414039423015795
COCCCN1C(=O)C(=O)C(=C(C)c2ccc(C)cc2)C1=O,-6.341,-4.802,4.328877337139502,8.500659739102607,0.06082713804634417
CCn1nc(C)c2c(=O)n(CC(=O)Nc3ccccc3)c(OC(C)C)nc21,-6.938,-5.404,8.480096697561885,8.98504652186064,0.005011648292381501
Cc1noc(C)c1C(=O)NC(c1ccccc1NC(=O)C(F)Cl)C(C)C,-7.181,-5.046,7.027040628884964,3.0794739810558553,0.18666616394216762
CC(CCCNC(=O)NC1(CC(=O)O)CCCC1)C(=O)O,-6.807,-5.53,8.856660205743472,7.329595964307992,0.011021523506959246
Cn1cc(CNC2CCCCCC2=O)nn1,-4.674,-3.12,8.161260074277745,2.928358755344023,0.09451314433157784
Nc1cc(Cl)ccc1CN1Cc2ccccc2C1=O,-7.122,-4.888,10.518957647980145,9.411667811817415,0.0010776337060645054
Cc1nn2c(C(C)C)ccnc2c1C(=O)Nc1nc2c([nH]1)CCCC2,-7.089,-6.281,4.208691720713219,3.3364749362163657,0.691615473146274
CCC(C(=O)C(F)(Cl)C(F)(F)F)C(C)Br,-4.56,-4.197,13.016759735049272,3.0723588657577094,0.0045139687354906755
COc1cc(CNCCCc2c(C)n[nH]c2C)cc(C(C)=O)c1,-6.553,-4.181,11.861764497746531,8.894517862144076,0.0006427336846666497
C=CCOC(=O)c1cc(O)c(C(=O)c2ccc(C)o2)c(=O)o1,-6.645,-5.392,4.51079205905127,3.1404362754241646,0.6479818285998244
O=C1COc2ccc([N+](=O)[O-])cc2N1C1=C([N+](=O)[O-])COC1,-7.331,-3.692,12.227614526145318,2.9349984667798377,0.007477077751810128
N#Cc1ccccc1S(=O)(=O)Nc1cc(Cl)ccc1OC(F)F,-7.563,-5.244,4.180900142313853,5.928189099548024,0.29320177848663004
Cc1cc(Cl)cc(Cl)c1OCc1ccc(C(N)=O)o1,-6.878,-5.303,12.213247561561994,3.0239055871504976,0.0074901812610007334
CCCc1ccc(OC(C)C(=O)Nc2c(C(C)C)cccc2C(C)C)cc1,-7.1,-5.223,4.060543067127844,9.16338529147389,0.04311198416014936
O=C(O)C1CCN(c2ccnc(OC(F)(F)F)c2)CC1,-6.779,-5.233,4.764645317334754,2.9665415891236058,0.6036922072578043
CCc1nc(CCNCc2c(Br)cnn2CC)n[nH]1,-6.472,-5.585,12.482269585295777,2.9160010288064027,0.006386247910550533
CCCN(CCNCCc1ccnn1C)C(C)C,-5.57,-4.081,12.648035815888568,3.2300075851304126,0.005596869896205409
CN(C(=O)CC1CCCCN1Cc1ccco1)c1ccccc1,-7.164,-5.012,4.478055046557601,8.542383566663347,0.056730827756784855
Cc1cccnc1NC(C)C1CCCCC1,-6.262,-4.881,12.706519586417045,3.24471385487226,0.005387515796419859
Cc1ccc(N2CC(CN(C)C(=O)CS(=O)(=O)C3CC3)CC2=O)cc1,-6.637,-5.696,4.443691933516544,3.0560502286448106,0.6666925685609477
Cc1c(N)ncnc1Oc1ccc(Cl)c(Cl)c1,-6.385,-5.172,12.674174923836265,3.003564216060645,0.005625126270070525
CC(C)n1ccc(C(=O)C=NNC(=O)OC(C)(C)C)n1,-5.831,-5.153,6.794032749405908,3.13138260198271,0.2134236128638147
CCc1ccc(Nc2nccc(C(=O)Nc3ccccc3F)n2)cc1,-7.486,-5.929,4.635504179698256,4.328393004337753,0.5033213766419993
Nc1ccccc1C(O)(c1cnc[nH]1)C1CCCC1,-5.937,-5.702,12.343856812196098,2.9066217504174845,0.006968207649400403
CCc1ccc(NC(=O)CN(c2ccc(Cl)c(C)c2)S(=O)(=O)c2ccc(C)cc2C)cc1,-7.598,-5.565,4.930482126526776,3.6187828064143344,0.5259968905289398
COc1ccc(NC(=O)c2ccc(NS(=O)(=O)c3ccccc3F)cc2)c(OC)c1,-7.138,-6.284,5.199597965227696,2.823269204309075,0.511950140787151
O=[N+]([O-])c1cc(CNc2c(Cl)cc(F)cc2Cl)ccc1Cl,-6.911,-4.891,7.586156536745073,3.543867237919617,0.12599690206599679
CCOC(=O)c1cc(CSc2nccc(C)n2)no1,-6.6,-4.614,4.772494735460689,2.9701262599424956,0.6017943629997172
CCc1c(C2CC2)nc(-n2ncc(C(=O)Nc3cc(C)ccc3C)c2C2CC2)[nH]c1=O,-7.588,-5.779,4.122694992356335,3.6290850086488744,0.6787293515368304
CCCOC(=O)C1=NNC(c2nc(CCC)no2)C1c1cccc(F)c1,-6.982,-5.031,3.850623456013324,5.22204500172107,0.4469865521155537
CC(Nc1nccnn1)c1ccn[nH]1,-5.756,-4.694,12.402574248921068,2.9893091175052473,0.006673647192024046
Cc1nc(S#N)cc(S(=O)(=O)Nc2nnc(-c3ccc(-c4ccccc4)cc3)s2)n1,-8.281,-7.254,4.830373173989769,3.4538229543507284,0.5598541010689811
c1coc(Cn2cc(-c3nc(C4CC4)no3)c3ccccc32)c1,-7.162,-5.765,4.505281567227513,5.152034743671669,0.39102686713347073
Cc1ccccc1C(=O)N1CCCC(C(=O)NC2CC2)C1,-7.287,-5.231,3.4801899373453735,10.502276991205289,0.020755740076904387
Cc1nc(C)n(-c2ccc(NS(=O)(=O)c3ccccc3)cc2)n1,-7.464,-5.577,4.568089972844229,3.1565249880208457,0.6352055214303529
COc1ccc(-c2nc(CSc3nc(C)cc(C)n3)c(C)o2)cc1OC,-7.47,-5.594,4.7074013000805435,5.2279017779602555,0.35357185621313875
N#Cc1nc(C(=O)N2CCCC2c2ncc[nH]2)cs1,-6.856,-5.331,7.246020494036709,2.9144651310317644,0.16584356463464797
COCC1(C(=O)NC(C)c2ccc(O)cc2)CC1,-5.648,-4.454,12.429610130651724,2.911365487189817,0.006602234075916719
Cc1ccc(CN(C)C(=O)c2nnn(Cc3ccco3)c2C)o1,-6.836,-5.289,4.2385499879086,3.127079308236363,0.7017553137347662
CCCOc1ccc(-c2n[nH]c(=S)o2)cc1OC,-6.338,-4.906,12.535109971595782,3.113231440159886,0.006076596718794538
Cc1ccoc1C(=O)OCC(=O)NC1CCCCC1C,-7.046,-5.397,12.923199332982527,3.1063116392274615,0.004770944372491009
C=CCC(N)C(=O)NCOCCCC,-5.284,-4.177,12.938668439990261,3.0440034494067185,0.004751648808867014
Cc1cc(CNCCc2noc(C)n2)n(C)n1,-6.435,-4.414,12.716172812603642,2.9973591710037017,0.00548222786877254
CCc1nccn1-c1ncc(C)cc1N,-5.506,-4.204,11.580387558281458,8.84376650528495,0.0007908870955797812
COCC(=O)N(CC1CCC(=O)N1)C1CCCC1,-5.993,-5.024,11.970233247518612,3.0783050531095855,0.008677103626175395
CCC(C)NC(=O)c1cc(C(=O)Nc2ccc(F)c(F)c2F)ccn1,-7.304,-5.448,7.341487655782035,7.824425921433469,0.020741725807901196
CC(NC(=O)c1ccc(C(C)(C)C)s1)c1ccn[nH]1,-7.145,-4.896,8.271027687053163,8.340413598857074,0.00851682116916827
N#Cc1cnnc(Cl)c1NC(=O)Cn1cnnn1,-5.977,-5.932,12.230343821822835,3.0041637771599596,0.007422932991420324
CCn1sc(C(=O)N(C)Cc2n[nH]c(C)n2)c1C,-6.158,-5.145,12.154653758951754,2.7832852890065007,0.007911004830145698
Cc1nc(NC(=O)Cc2nnc(-c3ccccc3)o2)sc1C,-7.564,-5.97,4.163218586622613,10.008461370260665,0.02483194846775763
CC(=O)C1C2NC(c3ccccn3)=CCC1C(C)(O)C2CO,-6.332,-4.203,12.716140530837176,3.22294244441318,0.005367650854248737
Cc1nonc1CN1CCC(Cc2ncn[nH]2)CC1,-6.268,-6.194,12.142357061131088,2.9132749612763984,0.007899396378209134
CCC(c1ccccn1)N1CC2CN(C(=O)C(C)n3cncn3)CC21,-7.669,-5.039,6.411035875738023,3.1208242500980417,0.26704334046177625
CCC(C)OCCNCC(O)c1ccccc1,-5.775,-4.423,12.488140974540608,3.0837970101807928,0.006274654584038244
COc1n[nH]c(NC(=O)c2ccc(Oc3cnccn3)cc2)n1,-7.049,-5.597,6.695511556259163,3.056988877964721,0.22773563889458182
CCCN(C(=O)c1cc(Cl)ccn1)C1CCC1,-5.677,-4.843,11.959405043730229,3.071871091045326,0.008741086781842274
CCOc1ccc(C(=O)NCCn2ccnc2C(C)C)cc1,-6.577,-5.038,8.264912582719795,8.923440143801043,0.005950973844525179
CCc1cc(C)c(NC(=S)NNC(=O)c2ccc([N+](=O)[O-])o2)c(CC)c1,-7.516,-5.481,4.578581658112039,2.9687237998843874,0.6437047141290512
Cc1ccc(C(=O)C(C#N)C(=O)Nc2nc3ccccc3s2)o1,-7.454,-6.059,4.281416237648473,4.557350765521566,0.523229830525447
CCCn1ncnc1CNc1ncnc(NC)c1CC,-6.433,-4.389,11.75791163429969,8.880384563744974,0.0006918909159068959
Cc1nn(CC(=O)N(C)Cc2nc(C(C)C)cs2)c(=O)o1,-6.834,-5.599,12.042384398448672,2.989167275346096,0.00835852723146844
CCCN(C)C1Cc2ccccc2C1,-5.736,-4.725,12.685607789932652,3.2619610665978214,0.005448167772657124
Cn1nccc1C1OCCCC1CN,-5.209,-4.429,12.186230631331414,2.899968792935539,0.00769342334841371
Cc1nc(N2CCOCC2)ncc1NC(=O)c1snnc1-c1ccncc1,-7.442,-5.484,7.374578157427039,9.215385504687257,0.008576991974034722
Nc1ncnc2c1c(Nc1ccccn1)nn2Cc1ccco1,-7.173,-5.173,4.3949449370839675,5.272482337571176,0.3833000920645653
Cc1ccc(CNC(C#N)Cc2ccco2)o1,-6.348,-4.967,12.11815476877565,3.0698687268350744,0.007916930620942748
Cc1ccsc1C(=O)OCC(=N)Nc1cccc(Cl)c1,-6.688,-5.212,3.4598868478607794,10.399356422394607,0.022194730942318528
Cc1cnn(C)c1C1OC(=O)CC1O,-5.728,-4.658,12.396562991410159,2.914637884883815,0.006738343973449645
Cn1ccnc1CNN,-4.691,-3.947,12.165897377505699,3.0362987336558303,0.007706937562928543
Cn1ncc(F)c1C(N)c1c[nH]c2cnccc12,-6.734,-5.257,12.474934148122786,2.8375092951389607,0.006452274255345731
S=C1NC(c2cccn2-c2ncccn2)CN1CC1CCCO1,-6.202,-4.853,7.3672701864394785,7.775674761716825,0.021040733984024902
Cc1ccc(S(=O)(=O)NC(CO)CF)c(C)c1,-5.87,-4.765,12.753293456985924,3.1219674886199567,0.00529764130053482
CN(Cc1ccco1)C(=O)C1CCN(C(=O)OC(C)(C)C)CC1,-6.218,-4.733,4.927961444654371,3.0002414902804087,0.5658955859654231
N#CC(Cc1ccc(F)cc1)C(=O)Nc1nccs1,-6.682,-5.016,4.519005532194002,9.238693576474978,0.03631342113152972
O=C(C=Cc1ccccc1)N1CCC(C=Cc2ccccc2)CC1,-7.214,-6.055,8.498222520033233,8.714908720118645,0.005862724515130397
O=C(Nc1nncs1)C1CCC(C(F)(F)F)CC1,-6.269,-4.808,3.9486419184322097,4.7703570097006365,0.5264725376638537
Cc1c(NC(=O)c2cn[nH]n2)c(=O)ncn1C(C)C,-6.355,-5.121,12.416417559022408,2.921482158083461,0.006651787286584001
Cc1ncc(CNC(=O)C2CCCN2)cn1,-6.868,-5.164,12.544401500270947,2.8698094013366116,0.006164031888311745
Cc1nnc(CN2C(=O)CNc3ncc(Cl)cc32)o1,-6.961,-5.794,11.945115570809685,2.8035745040929445,0.009005744569228528
CCC(C)OC(=O)C1CC(=O)N(c2ccc(C(=O)O)cc2)C1=O,-6.97,-5.307,4.889308949125632,3.0476668124977175,0.5721853110158108
COc1ccc(N(CC(=O)NC(C)c2ccccc2Cl)S(C)(=O)=O)cc1,-6.307,-5.138,4.263804052720998,8.625429902329508,0.05729990605823562
CC(=O)c1ccc2c(c1)N(Cc1ccco1)C(=O)C(C)(C1CC1)N2,-7.316,-4.897,6.964935965247634,7.778258738303837,0.026778006232441844
Cc1nc(C)c(N2CCN(C)CC2)nc1C,-6.019,-4.159,7.734955268131806,3.154154561843792,0.12053596032049196
CC1(O)CC(CO)N(C(=O)OC(C)(C)C)C1,-5.11,-4.423,11.78923275705421,2.853823049875377,0.009892923444340519
CCOc1cc(NC(=O)COC(=O)c2cc(C)oc2C)ccc1C,-8.05,-5.187,3.898075166027459,10.136281172106466,0.024327177655582996
c1cnc(NCCc2cnccn2)nc1,-5.912,-4.469,12.624049667202677,3.2144033661007763,0.005690740056728806
Cc1c(C(=O)Nc2ncc[nH]2)nnn1C1CCOC1C,-6.321,-4.99,7.920392982674533,3.229656018835442,0.10671222298344665
CC1(C)CC1N1CCC(O)C1,-4.595,-3.917,12.084920603793805,2.9905185169130784,0.008138355526999375
Cc1c(C(=O)N2CCN(c3nc4ccccc4c(=O)[nH]3)CC2)nnn1Cc1ccco1,-7.756,-6.482,4.858215001417701,3.0628476945483265,0.5782868899115147
Cc1ccc(N2CC(N(C)c3nc(C(C)(C)C)ncc3Cl)C2)nn1,-7.424,-6.338,12.366232166670656,2.9412544942592103,0.006853264323629429
CC(=O)Cc1nc(CC(C)C)nc(Cl)c1C1CCNC1,-6.082,-4.953,12.358684598289576,2.901515810744446,0.006906571084893619
CCN(CC)NC(=O)C1(CC(C)=O)CC=C(c2ccccc2)C1,-6.396,-4.617,6.822435488885182,8.064632973669664,0.024431255013223276
Cc1cc(Cl)ccc1OC(C)C(=O)Nc1cccc(F)c1,-7.486,-5.522,3.7177590024099194,9.4753997804842,0.03799656671978683
Cc1cc(C(=O)N2CCN(c3cccc(NC(=O)c4ccco4)c3)CC2)no1,-8.262,-6.039,3.780744238903235,3.086028839787471,0.7791588474317739
Cc1cc(C(=O)COC(=O)c2cc(Cl)ccc2Cl)c(C)n1C1CC1,-6.426,-5.272,3.636170788068129,9.897593495390685,0.029590742599441538
CC(NC(=O)CCC(=O)Nc1ccc(C#N)cc1)c1ccccc1,-7.257,-4.715,6.80297897982935,7.610311228852601,0.0326866363964156
CCCn1cc(S(=O)(=O)N2CC(=O)NC(=O)C2)c(C)n1,-7.069,-5.57,11.742943796169682,2.8318474535186393,0.01019894204552283
CCc1nn(C)c(CNCC(C)C(N)=O)c1CC,-5.982,-4.057,12.381604984815176,2.9589952686680667,0.006778264819224949
CC1CN(c2ccc(C#N)c(Cl)c2)CCC1N,-6.72,-4.941,12.808257414652472,2.8395763768562383,0.005238157025101024
COC(=O)c1ccc(Cl)c(OCc2ccccc2)c1,-6.839,-5.021,8.527240819866647,9.015308646962676,0.004776223882233165
CCOC(=O)C12CC(c3ccccc3)C1=Nc1n[nH]nc1N2Nc1ccc([N+](=O)[O-])cc1,-7.641,-5.201,5.5999838392623955,3.3946852578700137,0.4016251858432758
CCC(CC)c1nnc(NCCCC(NC(=O)c2ccco2)C(=O)O)o1,-7.271,-5.261,4.297529639222979,2.9399051005091983,0.702017140735489
O=C(Cc1c(Cl)cccc1Cl)N1CCN2CCCCC2C1,-6.901,-5.476,12.532574117075871,3.035037232061577,0.006129232684355348
COc1ccc(S(=O)(=O)N(Cc2ccco2)c2nc(C)nc(C)c2C#N)cc1,-6.947,89.71,12.366711325166445,2.95911101515303,0.0068415888015886705
COC(=O)c1n[nH]c(CCC(F)(F)F)c1I,-5.232,-5.008,12.24030743077967,2.894099168998879,0.007441005013057995
O=C(Nc1ccc(-c2ncc[nH]2)cc1)c1ccccc1Cl,-6.601,-5.761,12.277495917327768,3.0024035371681808,0.007208441884820337
CCOC(=O)NC(=O)C(C)C,-5.295,-4.016,12.81867707682817,2.948631716576351,0.0051622947614380875
CCCn1cnc(C(=O)O)c1C(=O)NCC(O)c1ccc(C)o1,-6.699,-4.563,7.921091717686395,3.216555455763198,0.10681355619654738
Cc1nc(Nc2cn(C)nc2C)c(C#N)c(N(C)CCc2cn[nH]c2)n1,-7.226,-5.226,5.09428552399647,3.06177089280044,0.5258924671324678
CC(C)(C)c1ccc(C2C(=C(O)c3ccc4c(c3)OCO4)C(=O)C(=O)N2C2CCCC2)cc1,-7.831,-5.971,7.244401148473213,8.773767434802451,0.012220123635496941
CCCC(C)OCC(=O)N(C)CCNC,-5.076,-4.205,12.1805117298084,2.8161450601842226,0.007767156450766218
CCNC(=O)c1ccc(NC(=O)CC(C)(C)CC(=O)O)c(C)c1,-6.202,-5.417,3.7788874023976944,3.0534875143022937,0.7816959069595787
CCn1c(C)nnc1CNC(=O)c1ccco1,-6.601,-5.482,12.094818270647973,2.798842260649928,0.008204002974683962
CC1CCC(NCc2ccc3c(c2)CNC3)C1,-6.568,-5.078,12.971675026765046,3.3215743255269783,0.004525608623191615
Cc1cc(C(C)NC2CCN(c3ccc(F)cc3)C2=O)ccc1O,-7.998,-6.25,4.535078169116823,2.9785467933205285,0.6523128679929099
CC1CN(c2ncnc(N)c2C#N)CCN1CC(F)C(F)(F)F,-6.462,-4.77,3.936883666048567,9.203522858123403,0.043194346824224274
CCCC(Oc1cccc(N)c1C(F)(F)F)C(=O)OC,-5.758,-4.904,12.279488059361432,2.8470690191844668,0.007285687419073444
O=C(Nc1cnccn1)c1cc(Cl)ccc1Cl,-6.298,-5.138,12.24523829902873,2.897516350255853,0.007416230496775132
CCCOc1ccc(Cl)cc1C=NNc1nc(-c2ccccc2C)n[nH]1,-7.775,-5.744,4.879656750223318,3.1686375621077274,0.5678703314996641
CCOC(=O)C1C(OC(=O)n2nc(-c3ccccc3)c3ccccc32)=CC(c2ccc(OC)cc2)C1C(=O)OCC,-7.106,-5.485,5.25199866717424,5.491402826236662,0.2511587679205562
CCCCC1C(=O)NC(=O)C(CC)N1C(=O)OC(C)(C)C,-5.752,-4.71,12.959990663576884,2.8315029577946764,0.004766914316085831
CC1CCC(Nc2ncc(Br)cc2C(=O)O)C1,-6.234,-4.647,12.461234930776323,2.9891231155641615,0.006433512649995791
CCc1noc(N(CCOC)C(=O)c2snnc2C)n1,-6.185,-5.263,12.393628241963691,2.9374459995036513,0.006738920194070791
C=CCn1ncc(C(=O)N2c3ccccc3CC2C)c1C,-7.104,-5.091,4.193223342489642,8.351552789751135,0.06917603816245953
CC(=O)C1(C)CCC(C)(C(=O)O)O1,-5.333,-4.521,12.229532166031538,2.937311355644818,0.007466783367223047
COc1c(Cl)ncnc1OS(=O)(=O)c1ccccc1,-6.285,-5.536,4.545485452622194,5.76722203491421,0.28756555192483124
Clc1ncc(Cl)c(Nc2ncc[nH]2)n1,-5.668,-4.987,12.477022441271796,3.0856331603092415,0.006317351455965379
CC1CC(Cc2ccccc2)OCCN1Cc1cncs1,-4.824,-3.144,5.124180715002156,8.86294087760942,0.03659940732198588
COc1ccc(S(=O)(=O)N2C3CCC2CC(O)(c2ccco2)C3)c(C)c1,-7.283,-5.192,6.73904785559503,2.932327744301447,0.22427748071135953
COc1ccc(CC(CC2CCCN2C(=O)OC(C)(C)C)C(=O)O)cc1,-6.502,-5.137,5.064032484098023,2.950932564461615,0.5375974850565207
CCC(C)(CCCN)C(CC(=O)O)NC(=O)O,-5.439,-4.738,11.717953490264415,2.801439808384253,0.010380891810671275
CCC(C)NC(=O)C(C)N1CCN(Cc2nc(N)nc(=O)[nH]2)CC1,-6.926,-5.314,4.47136153760798,3.0954179039347816,0.658761784817907
COCCN(C(=O)CCCC(=O)O)C1CCCC1,-5.623,-4.759,12.036214105772629,3.0112977268945027,0.008375399387657042
CCn1nc(C)cc1C(=O)N(Cc1ccco1)C1CC1,-6.159,-4.476,12.574136352052175,3.0820859819284734,0.005947251263031255
CCNc1cc(C(C)C)nc(-c2ccc(Br)cc2)n1,-6.421,-4.872,7.634084751952914,6.321594893695735,0.04259670090910807
CC(Nc1ccccc1C(=O)NCc1ccco1)C(N)=O,-6.854,-4.642,8.676546951408723,12.35733065835822,0.0005400249692625176
CC(c1nc2ccccc2[nH]1)N(C)CCc1ccncc1,-6.704,-5.346,4.181230680074946,3.138402619167912,0.7113751293691893
CC(=O)c1cc(C(=O)OCC(=O)Nc2cccc(Cl)c2C)n(C)c1,-7.626,-5.308,4.54912046444145,2.8288759251688638,0.6567004528332443
O=C1CC(CCCC(=O)Nc2nnc(C3CCCCC3)s2)C(=O)N1,-7.452,-5.753,4.78933909845607,3.7159541170471955,0.5463718245717025
CCCCOC(C)C(=O)Nc1nc2nc(C)ccc2s1,-5.956,-4.611,3.822278508952481,9.295623809083498,0.04171606897735752
COC(=O)Nc1cccc(-n2cncn2)c1,-6.622,-4.554,12.470419118858837,2.889256132640372,0.006446591163881256
COc1cccc(NC(=O)Cn2cc(C(=O)O)c(C)nc2=O)c1,-7.406,-5.532,4.481859993350975,3.0398960508543706,0.6599029324639724
CC(C)CC[S+]([O-])Cc1c(Cl)cccc1Cl,-5.703,-4.24,11.9283176097889,3.031478847031593,0.008944258611649478
CCn1c(CSc2ncccn2)nc2cc(F)c(F)cc21,-6.79,-5.424,12.601323620953474,3.105275189093553,0.0058346043538887084
COc1cc(OC)nc(NC(=O)C2C3CCCCC32C)n1,-7.393,-4.975,3.9019290101179442,5.207133376436597,0.44543868698603933
CCN1CCN(c2cccc(Cl)c2)S1(=O)=O,-6.11,-4.444,8.284441200225878,2.869822991057114,0.08795587885978268
Cc1ccc(Br)cc1NC(C)C(=O)Nc1ccc(F)cc1,-6.813,-5.259,4.342693173596311,3.7950822125482344,0.6230379688135343
CCCCCNC(=O)C(C#N)=Cc1c(C)[nH]oc1=O,-6.826,-5.376,12.230941909763123,2.8501080681265405,0.007508512370348942
c1cn(C2CCC(Cn3ccnc3C3CC3)C2)cn1,-6.52,-4.27,7.37647246317642,8.241901782962474,0.01569126012833384
CN(C(=O)Cn1ccc2cc(C(=N)N)ccc21)C1CC1,-6.443,-5.487,4.16570210168706,3.2256329611411148,0.7078775945378156
CCC1CCCC(NC(=O)NCc2nc(-c3ccc(Cl)cc3)n[nH]2)C1,-7.332,-5.95,7.561917349455759,8.975006406682951,0.008886688856719973
CC(CN(C)C)Nc1cc(Cl)ncn1,-5.651,-4.203,12.424945110542742,3.0252353627445254,0.006561216961808853
Cc1ccc(CN(Cc2ccco2)C(=O)CCSc2ccc(Cl)cc2)o1,-6.457,-5.093,12.540846861356693,3.1958640459193504,0.006005984905478492
CSc1cc(Cl)c(Cl)cc1-n1cc(CC(N)=NO)nn1,-7.527,-5.298,12.425521880387961,2.825783785076275,0.006660028642227621
Nc1cnccc1Nc1ccc(Cl)cc1Cl,-6.031,-5.192,12.375934590971301,2.9249444439168415,0.006820423168193602
CC(C)(O)n1c(=O)ccc2cc(F)ccc21,-5.389,-5.174,13.042555999496416,2.8557993627003984,0.004519476959664589
O=C1NC(=O)N(C2CCN(c3ccc(Br)cc3)C2=O)C1c1ccc(F)cc1,-7.338,-5.899,4.87552715098583,4.129176794471267,0.4859865788179489
CS(=O)(=O)N1CCC(NC(=O)c2ccn3nccc3n2)CC1,-6.673,-5.417,5.574100824348263,3.2067641010838317,0.41565534898961976
CCOc1cccc(OCc2nc3ccc(Cl)cn3c2C(F)(F)F)n1,-6.897,-5.289,7.493649711589139,2.82526759794537,0.1435796503898247
CCCCOc1cc(NCc2nc(C)no2)nc(C)n1,-6.367,-4.899,12.242962509131521,2.8358434371452885,0.007459756526236436
CCOC(=O)C1CC(C)C(C(=O)NO)N1,-5.497,-5.071,11.538900727538996,2.8457452450983736,0.011574753091044963
CC(C(=O)ONC(=O)C(F)(F)F)c1ccc(F)c(Cl)c1,-7.718,-5.44,12.316964967068795,2.8166863510160303,0.0071319836283306945
CCNCc1cccnn1,-4.805,-3.94,7.827030663029244,2.9053042869895744,0.11636687921134158
Cc1ccc(CCNC(=O)C2CCC(=O)NC2)cc1Br,-6.998,-5.482,6.246239588744576,2.937746415196519,0.2978571479324679
O=C(COc1ccc(Cl)cc1Cl)Nc1ccc(C(=O)NO)c(Cl)c1,-7.261,-6.027,4.9102787089940225,2.8895869947104895,0.5747962610980923
CC(C)C1N=C(c2ccccc2)CC1=O,-6.527,-4.895,12.682943625199949,3.2549737326129073,0.005461414470127006
Cc1cc(CN(CCc2ccccn2)C(C)C(=O)O)no1,-6.249,-5.249,6.329999289099486,2.9113168841608434,0.28467488643702843
CC1CN(C)CC1Nc1ccnc(C(C)(C)C)n1,-6.404,-4.327,3.921768096152551,5.825253299213691,0.32842927111160375
CCOC(=O)C(Cc1ccc(-c2noc(C(C)(C)C)n2)cc1)NC(=O)c1cccs1,-7.211,-5.455,12.611654372048102,2.9388239144256327,0.0058798574055704085
O=C1NC(=O)C(CCCC(F)(F)F)(c2cccc(F)c2)N1,-7.623,-4.895,6.961810755830698,7.061459126837739,0.041502066225752046
CCC1C(=O)NC(C(C)C)C(=O)N1c1cccc(Br)c1,-6.536,-4.461,7.607416775752462,5.924337853296349,0.05391142527513705
CCC1(CC(C)(C)C)NC(=O)N(Cc2cc(C(F)(F)F)on2)C1=O,-7.571,-4.716,3.788175946283382,5.516652880143901,0.39410703435986777
N#Cc1ccc(C(=O)NCc2ncon2)cc1F,-7.277,-5.428,12.008571147309741,2.700339237947706,0.00871227418127152
CC1(C(=O)Nc2nnc(C(C)(C)C)s2)CCCO1,-5.89,-4.739,4.462951153665028,5.194510275281011,0.38890001768106264
CC(C#N)=Cc1cn(C)nc1C1CC1,-6.701,-4.868,12.592724804425767,3.1525959144806364,0.005839615192610731
Cc1cc(S(=O)(=O)N(C)C)ccc1C(=O)Nc1ccc(Cl)cn1,-6.434,-5.229,4.591665928614581,2.9634132347683133,0.6412114531844078
Cc1ccc(S(=O)(=O)N2CC(=O)NC(C)(C)C2)cc1,-6.583,-4.733,7.019176162485168,8.242501137397555,0.019464248429512773
CN1Cc2nn(C)c(C(F)(F)F)c2Cc2c(C3CC3)nnn2CC1=O,-4.967,-3.924,4.6894643617368486,5.838352164780744,0.26401333722598935
Cc1ccc(NC(=O)CN2C(=O)NC(C)(C3CC3)C2=O)nc1,-7.253,-5.362,5.137907550744757,3.6327965811479177,0.48175218850832174
O=C1c2nonc2CCN1Cc1ccc([N+](=O)[O-])cc1,-7.292,-5.394,3.814182087944937,3.0408585958574275,0.7775124523663873
Cc1ccc(-c2noc(C(=O)NCCNC(=O)CCc3ccc(F)c(F)c3)n2)cc1,-8.687,-5.604,5.896882651028423,2.917734052308402,0.3612262252587256
CCCc1nnc(NC(=O)c2cc(-n3cnnn3)c(C)cc2C)s1,-7.521,-5.532,8.51121131214588,8.887106728289021,0.005224834471174858
Cc1nc2ccccn2c1CCC(=O)NCC1(CC(=O)O)CC1,-7.233,-5.016,4.663305587241737,5.121191072397124,0.3761845711900198
CC(=O)c1cc(Cl)cc(Cl)c1OCC(=O)NC1CCCC1,-7.019,-4.794,4.415529073621868,5.323557175423216,0.3722052871318041
CC(=O)Oc1c(C#N)cccc1OCC(C)C,-5.288,-4.794,12.018978533968683,3.0332563360190976,0.008450289903821821
CC(NC(=O)Cn1ncc2c(c1=O)C1(CCC1)C(C)N2)c1ccco1,-8.044,-5.386,4.67060831155857,3.195412962357135,0.6113243491731263
O=C1C=CCc2ccc(O)c(OC3CCCCC3)c2C2OCCC12,-5.561,-4.453,4.5267000121501315,6.208883313446952,0.2278971735432356
Cc1cc2oc(=O)cc(CSc3nc4ccccc4c(=O)n3Cc3ccon3)c2o1,-7.939,-6.148,4.208818480286362,6.850121823734232,0.17231053197243865
CC(=O)OCS(=O)OCCS(C)(=O)=O,-5.359,-3.87,12.036545766954903,2.956662138290407,0.008411115947764001
Cc1nc(-c2ncn(C)n2)sc1CNC(=O)c1sc(C(C)C)nc1C,-7.2,-5.344,4.359703430280551,3.6511906277267974,0.6355538670264993
CC1CC(c2nc(C(C)C)no2)N(S(=O)(=O)C2CCCC2)C1,-6.661,-5.247,4.738357732379437,5.455651748416498,0.3146978760807796
CN(Cc1nc(COC(=O)CCc2ccnn2C)cs1)C(=O)OC(C)(C)C,-5.935,-4.8,3.4499933333268924,3.4344776895475677,0.7895422601411931
CC(C#N)Sc1nnc(-c2ccncc2)n1C1CC1,-6.646,-4.484,12.778630638687387,3.2278698858535173,0.005159373201322889
O=c1n(C(=Cc2cccnc2)C(F)(F)F)nc2ccccn12,-6.72,-5.154,4.275456232965085,4.6517466612015745,0.5078591175505713
O=C(Nc1c(Cl)cccc1Cl)c1ccnc(Cl)n1,-6.81,-5.52,12.516621469070637,3.084169093937621,0.006163748333544241
O=C(C1CCS(=O)(=O)C1)N1CC2(CCCCC2)C1,-6.014,-4.979,12.32658711890684,2.8679977336113778,0.007063839758144452
O=S(=O)(c1cn[nH]c1)N(Cc1ccco1)CC1CCCO1,-5.636,-4.649,12.605400191981213,2.9662870730932296,0.005890104319562348
CCN1CCCC1CNc1onc(C)c1S(N)(=O)=O,-6.006,-4.743,12.522788427502878,3.0932741553247425,0.006134928902321299
CC(C)OCCN1C(=O)c2ccc(C(N)=O)cc2S1(=O)=O,-6.392,-5.342,4.647712770815338,2.9053698559735905,0.632087886667077
Cc1nc(CN2CCN(C(=O)CCn3ncc(C)c3C)CC2C)no1,-6.988,-6.033,12.170356239650506,3.088809803144247,0.007649693289088869
CC(C)n1cc(Cl)cc1C(=O)Nc1ccc2c(c1)CCO2,-7.224,-5.61,12.922163944169723,3.3054553392838337,0.00467654248189904
CC(C)CN(CCN(C)C)C(=O)Cc1ccc(F)cc1,-5.424,-4.148,12.56782960578317,2.991067033685471,0.006017922871329135
NCCCCNc1ncc(C(F)(F)F)c(NO)n1,-6.26,-4.755,8.07088409035838,2.826993809685476,0.10068398748566515
FC(F)(F)c1cnc(NN=Cc2cn[nH]n2)c(Cl)c1,-6.881,-5.768,12.649024389256272,3.0219447380784445,0.005705400410959693
Cc1cc(NC(=O)C(C)Sc2nnc(C)n2N)no1,-6.551,-5.326,4.352712602504328,3.140362717903777,0.6793696845657166
CN(CCc1ccncc1)Cc1ccccc1CNC(=O)C1CC1,-6.746,-5.694,12.600557686070882,2.8346761719815547,0.005966246639912568
Cc1cncnc1NC(C)C(C)Oc1ccc(Cl)cc1,-6.776,-4.933,4.722831883520733,3.343356995595894,0.590489872517617
O=C(NCCc1ncn[nH]1)c1cn(Cc2ccc(Cl)cc2Cl)nn1,-7.825,-5.707,4.506246886267995,3.1766066800911967,0.6466011111277036
Cc1n[nH]c(C)c1NC(=O)CCC1(O)CCCC1O,-6.85,-4.998,12.22922601802747,3.0798009675951468,0.007379413200827249
CCn1c(C(C)N(C)C(=O)C2CC2)nc2ccccc2c1=O,-6.179,-4.865,8.786217274800347,12.5263586488652,0.00045385532379869106
Nc1nc2ncc(Sc3cccc(Cl)c3)c(N)c2s1,-6.739,-5.144,12.445678527103295,3.0757272310788544,0.0064481092962463266
O=C(C1Cc2ccccc2O1)N1CCC(Oc2cccnn2)C1,-7.728,-6.173,4.454469889897114,3.211738625729062,0.654663063361294
Cc1c(Cl)cccc1NC(=O)C(C)OC(=O)c1ncccc1C(F)(F)F,-7.321,-5.609,6.5420264444589336,3.1868357347061362,0.246031790856621
COC(=O)c1cnc(-c2ccccc2)oc1=O,-6.462,-5.172,12.931775632139617,3.272685899991015,0.0046657413034069456
CCOC(=O)c1cnc(C(CC)N2CCN(C(=O)OCC)CC2)nc1C,-6.046,-5.15,4.745050052423051,2.899053983629832,0.611165968754657
Cc1nc(C(C)NC(=O)c2cccc3c2CCC3)[nH]c1C,-7.436,-5.706,3.297068091501903,8.258192659414044,0.08596796586938958
O=C(c1cc(Br)ccc1F)N1CCN(S(=O)(=O)c2ccc(F)cc2)CC1,-7.683,-5.505,7.6732025908351975,3.558646090860962,0.11919483053183688
Cc1nc(CS(=O)(=O)NCCC(=O)O)no1,-5.972,-4.788,12.140074176050161,2.9666494568789217,0.007877871339693355
O=C(O)C(Sc1cccc(Cl)c1)c1nn[nH]n1,-6.203,-5.641,12.286537795489826,2.8974569884641945,0.007227294086204772
CCCNC(C(OC)C(C)C)C(C)(C)C,-4.598,-3.625,12.635570347237993,2.996849679246525,0.005765710994325899
Cc1n[nH]c(C)c1NS(=O)(=O)c1ccsc1C#N,-6.664,-4.876,8.24628892290344,3.0567201376638984,0.08872318021122022
CCCCC(=O)N(C(=O)c1ccc(=O)[nH]n1)c1ccccc1,-6.486,-4.834,6.888660392267861,3.1009097052316763,0.20235309556703962
O=C(CN1C(=O)C2CC=CCC2C1=O)Nc1cccc(Cl)c1Cl,-7.138,-5.463,4.117792369704913,10.45233390205269,0.01902943920674071
CCOC(=O)CCC(=O)Cn1c(=O)n(C)c2c(C)nc(N)nc21,-6.654,-4.703,4.336112659975522,3.707463958017665,0.6338981963239948
COc1ccc(C)cc1NC(=O)C(C#N)=CNC(=O)c1ccco1,-6.81,-5.967,5.39989685086669,3.21333191562901,0.4519068872216103
O=C(Cc1ccc(Cl)cc1)N1CCN(c2cc(=O)n3ccccc3n2)CC1,-8.409,-6.335,5.494693258044529,3.1969072554579996,0.4325993827335257
CCCCCCCCCC=CCOc1ccccc1,-5.356,-3.907,8.447358048526178,8.909478379793061,0.0053609008365066565
Cc1cc(NC(=O)c2nnc(-c3ncccn3)o2)cc(C)c1C,-7.407,-6.008,6.331592927534113,3.24606792904893,0.27589801994547336
CN(Cc1ccco1)C(=O)c1ccco1,-5.819,-4.352,12.740347051787875,3.142681816538225,0.0053300961427266294
CN1Cc2c(c(F)nn2C)C1=O,-5.568,-4.264,12.688455146313125,3.055605995543274,0.00555030407133842
Cc1nc(C)c(CNC(=O)N(C)Cc2cccc(C#N)c2)c(C)n1,-7.093,-5.955,12.025313093637106,3.0747299068373466,0.008386207843775988
CC(=O)N1CC(F)(F)CC1C(=O)O,-5.094,-4.629,7.809097835217586,3.0745965589000446,0.11603001171210266
Cc1c(-c2ccncc2)n[nH]c1C(=O)Nc1ccc(C(N)=O)nc1,-7.043,-5.595,7.031006044656768,9.5288155612332,0.008681876299619687
Cc1[nH]c2ccccc2c1CCC(=O)N(CC(=O)O)C(C)(C)C,-7.156,-4.966,4.532075021444371,2.9153946559599775,0.6561812711690659
COc1ccccc1-n1cnnc1SCC(=O)Nc1ccnn1Cc1ccco1,-6.648,-5.144,8.891558693502507,12.410550753290524,0.00045696461581070546
CCc1nc(C)c(S(=O)(=O)Nc2ccc(F)cc2)[nH]1,-7.165,-5.644,12.429401353243044,3.0231404201591427,0.006544138706473908
Cn1nc(C2CCOC2)cc1S(N)(=O)=O,-5.857,-5.045,12.922107761507021,2.8398109091980057,0.004878310541063448
CCOC1CC(C(=O)NCc2ccco2)N(C(=O)OCC(C)C)C1,-6.107,-5.027,12.287729245063955,3.0377802751351193,0.007140999193758143
Fc1cnc(-c2n[nH]c(=S)o2)c(OC(F)F)c1,-6.298,-4.631,11.186161942328566,8.474762179554066,0.001272642578306103
Cc1ccsc1C(=O)NC(C)CCc1ccco1,-7.009,-4.327,12.306001178286959,2.8772587648663097,0.007150518088071245
CC(C)c1ccc(N2CCN(C(=O)c3ccoc3)CC2)nn1,-6.333,-5.445,4.71014139915141,2.8485677102712517,0.6210884232287477
CCc1nccn1C(C)C(N)=NCC(C)C,-5.664,-4.081,11.489410559293283,8.658961311843356,0.0009391203062777105
CCOC(=O)C1CCN(c2nn3nnnc3cc2C)C1,-6.173,-4.952,12.807945112312122,2.9799652682539772,0.005184034332836437
CC1(C)CC1Nc1ccc2c(c1)COC2,-6.167,-4.554,12.493295201827259,3.1359939413206783,0.006224018771849137
COc1nccnc1C(=O)Nc1nn(C)c(C)c1C#N,-6.598,-5.012,5.455782345365328,3.3694677621250517,0.4323455949812458
N#Cc1cccc(NS(=O)(=O)Cc2ccc(CN)cc2)c1,-7.055,-5.838,11.979298351739972,3.0771719158994024,0.008628968580457868
C=Cc1cccc(OSC(F)(F)F)c1,-5.817,-4.293,12.938437347686158,2.9466126314804257,0.0047907723697067734
Cc1ccc(C)c(NC(=O)C(C)n2cnc(C(C)C)n2)n1,-7.183,-5.227,8.556719289540823,12.101215269550408,0.0006827546098620839
CCc1noc(-c2cnn(C)c2-n2cc[nH]2)n1,-6.53,-5.481,12.677408646880481,3.1650576614020793,0.005531794821135277
CCCC1(C)CC(OCC)CC1C(=O)O,-5.399,-4.372,7.338585899204288,2.8726675756167817,0.15727508677843044
O=C(Nc1ccc(F)cc1Cn1cccn1)N1CCCC1Cn1cncn1,-6.595,-6.449,12.149297716329121,2.847919591561532,0.007902788559425321
COC(=O)C1CCN(C(=O)CC2CC2)C1,-5.926,-4.6,12.771657449211515,3.215906404110666,0.005188432900586213
CC(NC1CCC1)c1cccc(F)c1,-5.933,-4.726,12.81177196955987,3.072967458337299,0.005130668372448004
Cc1ccc(SCc2nnc(SCc3noc(C(C)(C)C)n3)o2)cc1,-6.89,-5.965,4.562781388583065,2.817941092358035,0.6542948928780083
CC(Nc1ccc(C(N)=O)nn1)c1ccncc1F,-6.674,-4.819,4.230963247299602,3.035284171210334,0.7090271992850053
COc1ccc(N2CC(c3nc4ccccc4o3)CC2=O)cc1,-7.455,-5.582,4.335682760534953,3.1044461663878136,0.6849694659654494
Cc1cc(-c2nnc(SCc3cccc(Cl)c3)o2)no1,-7.593,-5.698,4.556666105827811,3.066412561936179,0.6429717155476589
CC(C)=C(CC1(C)CCCO1)C(=O)O,-5.389,-4.493,11.246959189043055,8.796659479597922,0.0010030698588823093
NC(=O)c1ccoc1CNC(=O)C1CCCO1,-6.598,-5.504,12.145604225397763,2.787656542689575,0.00795359144046513
CC(C)(C)n1cc(CNc2nc3ccccc3o2)cn1,-6.29,-5.262,8.513017913760079,8.908222157086115,0.005150831534068
CCC1CCC(CN)C(N2CCOC(C)C2)C1,-5.872,-5.224,12.738362767640117,2.994387583463437,0.00540805311526995
CCCOP(=O)(O)CC[N+](CCC)(CCC)CCC,-4.84,-3.694,6.90270939559243,2.9617027197205323,0.2030857306585794
CN(Cc1ccc(C(F)(F)F)cc1)C(=O)c1cccnc1Cl,-7.242,-5.08,8.403170889610658,9.062053685561567,0.005010501171226435
O=C(Nc1ccc(Cl)cn1)c1cccn1-c1nccs1,-6.601,-5.084,7.625533096118591,3.0843373680581703,0.12975794310910047
C#CC(C)(CC)NC(=O)C1CCN(C(=O)c2ccoc2)CC1,-7.005,-5.334,8.448774230620675,8.904960976893722,0.005371274514805704
Cc1ccc(OCC(=O)NC2(CN)CCCC2)nn1,-7.176,-5.558,12.19819253004313,2.8298024666043387,0.007674629649791263
Cc1ccn(C2CCCC2)c(=O)c1C(=O)Nc1ccc2c(c1)OCCO2,-7.127,-6.341,4.260495980516822,2.841325394952152,0.7142367460329173
CCCCn1cc(CNCC(O)C(F)(F)F)nn1,-6.14,-4.926,12.745845989968654,2.9039078842139605,0.005421264356088005
OC(COc1ccc(-c2nccs2)cc1)CN1CCc2ccccc2C1,-7.346,-5.436,3.8722957015186745,10.479520838282635,0.019733656785740888
CCn1ncnc1COC(=O)NCc1c(C)nn(-c2ccc(Cl)cc2)c1C,-7.582,-5.935,4.378980931678054,3.2802269738540955,0.6645408929292418
Cc1nnn(Cc2cccc(C(N)=O)c2)c1C,-6.93,-5.501,12.19539835347743,3.0127882434714857,0.007581343533587533
CCCOc1ccc2c(C(N)=O)c(CO)oc2c1CNC(=O)c1ccccc1,-7.235,-5.959,4.528803153152055,3.214544757815638,0.6395216244040927
CC(=O)c1cc(CN(CCN(C)C)c2cc(C)ncn2)[nH]n1,-6.422,-4.831,6.514154204499615,3.1330659105738587,0.2513643813567017
O=C=C1C=CC1=O,-4.481,-3.445,12.450912336049917,2.9834820260896495,0.006478142814888152
CC1CCCC(SC(C)(C)C)C1CN,-4.917,-3.764,12.979131172771158,3.2537023527052993,0.00453912609205426
N#CC(C(=O)NCc1ccco1)=C(O)c1ccc2ncsc2c1,-7.504,-5.79,6.90238538477822,3.0760672944524474,0.20116304058179862
Cc1nc(COc2ccc(Nc3ncc4cccc(Cl)c4n3)cc2)no1,-7.877,-6.183,4.172006351864771,2.941239874610707,0.7253392715497304
N#Cc1ccc2c(c1)CCC2NC(=O)c1cccc2cn[nH]c12,-7.997,-6.266,8.381539775005544,9.200678779307536,0.004657952446930516
CC(C)(NC(=O)c1ccco1)C(O)c1ccccc1,-7.585,-4.984,3.219145694124452,6.752498944835164,0.21680771010497243
Cc1noc(C)c1C(=O)NC(C(=O)O)C(C)C,-6.118,-4.933,11.97840377512797,2.8739220587900434,0.008777227112504008
Cc1ccc(C=C(C#N)c2nnc(C)o2)o1,-6.772,-5.823,12.33533355852204,2.9930016705641846,0.006957956102275812
CCc1nonc1C(=O)N1CC(=O)Nc2ccccc21,-6.923,-5.807,11.790017175560008,2.802543309210404,0.009923031176402688
CC(C)CN1CCC(NC(=O)c2ncoc2C(=O)O)CC1,-6.512,-5.589,12.201863996947353,3.0210544516774274,0.007545489967100055
CCOc1ccc(N2C(=O)C(O)=C(C(=O)CC(CC)CC)C2=O)cc1,-6.761,-4.881,7.751731354994186,7.179192364047643,0.0239305971670904
COc1ccc(N(C)Cc2nccn2C)c(Cl)c1,-6.341,-4.13,8.615606188771629,12.174970472243455,0.00062857720726169
CC(C)c1nnc(-c2ccoc2C(=O)O)o1,-6.721,-5.329,12.788826607629021,3.060383145947579,0.005210626238184055
Cc1noc(NC(C)C(=O)c2c(F)cccc2F)n1,-6.865,-5.596,12.702737106623912,2.9718460592702307,0.0055399956666592615
CCOC(=O)C1=C(C)NC2=C(C(=O)CC(C)(C)C2)C1Nc1nnc(C)s1,-6.558,-5.093,4.940178235651016,3.3604413400623434,0.5430080963004044
CCCOC(=O)c1ccc(-c2ccn[nH]2)c(C)c1,-6.152,-4.915,4.464063395607191,2.9244761924146347,0.6697961970669439
CC(=O)NC1Cc2cnc(-c3ccc(C(=O)O)cc3)n2C1,-6.735,-5.861,8.673794671307363,8.52009941256556,0.005933374068742374
CCC(NC(=O)Cc1ccon1)c1cc(C(F)(F)F)cc(C(F)(F)F)c1,-7.898,-5.92,12.072932286731339,2.804103600083278,0.008314063558323285
O=c1[nH]nc(C2CN(Cc3cc(Br)ccc3F)CCO2)[nH]1,-7.378,-5.62,12.491021295314487,3.150937162178897,0.006223851919347701
COc1cc(F)ccc1S(=O)(=O)Nc1cc(S(C)(=O)=O)cc(C(=O)Cl)c1OC,-6.78,-5.395,4.674446598261659,3.4099099694859976,0.5957008795705249
CCCCn1c(C)c(NC(=O)c2ccccc2Cl)c(C)nc1=O,-6.423,-5.134,7.608537441584946,7.489549585923042,0.021639364611557205
O=C1CC(CCl)C(=O)N1c1ccncc1Cl,-5.564,-5.03,12.47908894911804,3.091221603185381,0.006305976179575409
C=CCNC(=O)CCCN(c1ccc(C)c(Cl)c1)S(C)(=O)=O,-6.474,-4.111,4.307926763537189,8.293313149761078,0.06957786541686291
Cc1nonc1C(=O)N(C)C1CCCNC1=O,-6.24,-5.792,12.037341359286941,2.9241181576673676,0.008428270271174779
Cc1cc(OC(C(=O)NC2(C(=O)O)CCC2)c2ccccc2)ccc1Cl,-7.538,-5.724,4.848435623992547,4.6350943895459125,0.4240965589427799
COc1ccc(C2SCC(=O)N2c2cc([N+](=O)[O-])ccc2C)cc1OC,-7.957,-5.565,4.0336125247723045,4.444261693464957,0.5762383162714774
O=C(C=CNc1ccc(Cl)c(C(F)(F)F)c1)Cc1ccccc1,-7.648,-4.565,6.506950591482925,3.1789435352015927,0.2512789334008882
Cc1nc(N(Cc2ccccc2)C(=O)c2cc(Br)ccc2Cl)sc1C,-7.28,-5.306,4.3653041131174355,7.433777639935164,0.11619620807745919
Cc1ccc(-n2cc(C(=O)NCc3oc(C)cc3C)nn2)nn1,-7.456,-6.036,7.324959317293168,3.221815171607459,0.15379026762136766
CCCc1c(C)nn(C)c1NC1C=CCN1,-5.829,-4.637,12.890879178706161,3.162044433590394,0.004842328569558743
c1ccc(CC2CCCN(Cc3ccco3)C2)nc1,-6.651,-4.6,9.245555256446202,13.424992364988519,0.00019443273139777345
Cc1cc(C=C2CC(C)(O)C=CC2=O)no1,-6.837,-5.324,12.319486596445486,2.800829341462989,0.007128360358593847
O=C(Nc1nc2c(Cl)cccc2o1)c1cccnc1,-6.584,-5.224,4.67742974292506,5.280489465949156,0.34894741181669364
Cc1c(NC(=O)c2cnn3cnc(OCc4ccccc4)cc23)cnn1CC(C)C,-7.86,-6.058,4.337090614686301,3.358211428722141,0.6664462244818417
Cc1ccc(NC(=O)c2ccc(NC3CC3)cn2)c(C)c1,-7.22,-5.335,4.48441835693326,3.573428325851801,0.6198463558445626
O=C1CC(N(C(=O)c2ccco2)c2cc(Cl)ccc2Cl)C(=O)N1c1ccccc1,-7.219,-5.603,6.0552141993491855,3.3679268103686586,0.3173919013016206
CC(C)(C(=O)N1CCN(c2ccc(F)cc2)CC1)S(C)(=O)=O,-6.431,-5.415,4.396166284389161,4.504863815921631,0.5151621703644292
O=C1C(=O)C(c2ncc[nH]2)N(c2ccc(F)cc2)C1=O,-6.759,-4.871,6.4342356966464935,4.0663333606579775,0.22746031895499344
Cc1cc(COC(=O)c2cc(Cl)cc(Cl)c2)no1,-7.13,-4.813,7.285092518286915,3.4626709344088713,0.15309512267632888
O=C(CSc1ncco1)Nc1cc(C(F)(F)F)nc(Cl)n1,-7.348,-5.243,12.096967057903399,3.0810923387655875,0.008014346323351058
O=C(NCC1(O)CCC1)C(=O)Nc1ccc(F)cc1,-6.568,-5.244,8.554841319393365,7.853893365713595,0.00964713968018993
CN1CCCC(N(F)C(C)(C)C)CC1,-3.345,-3.147,12.875398362769209,3.325060149831879,0.004804324151684032
CCCCCCCCCCCCCCOCC(COC(=O)CCCCCCCCCCCCC)OC(=O)CCCCCCC,,,,,0.0
COc1nc(OC)nc(N2CCN(C(=O)c3cnc(C)cn3)CC2)n1,-6.643,-5.309,4.719003814365909,3.1135519908940026,0.6058900757003398
CCOC(=O)c1ccc(NC(=S)Nc2ccc(C(C)C)cc2)cc1,-6.535,-5.379,7.460944042143728,7.997198572000073,0.017338723630595434
O=S(=O)(Nc1nccnn1)c1ccc(F)c(Cl)c1,-6.409,-5.455,12.046665970300664,2.960883820753527,0.008355283460342746
CCc1cc(=O)c(=O)[nH]n1CCOC,-5.126,-4.434,12.331447157572384,2.9036559713574888,0.0070240210387148404
COCC(C)(C(C)C)n1cncn1,-4.564,-4.278,12.276140354362196,3.1145970846965105,0.007143224245888759
Cc1nc(C2CC(c3nn[nH]n3)=NN2)oc1C,-6.493,-5.607,6.609954538421575,3.1347473582411713,0.23772061200757386
Cc1ccc(O)c2[nH]cc(C=O)c(=O)c12,-5.691,-5.405,12.41486967309766,2.8736026169253113,0.006681956223561971
CNC(=O)c1sc2nc(C)cc(C(N)=O)c2c1N,-6.054,-5.36,12.789668525806288,3.0576724808258984,0.005209135621193179
CCCOc1ccc(NC(=O)c2ccc(CN)o2)cc1OCC,-6.219,-4.908,6.806547876860926,2.914238322443791,0.2158117137712357
Cc1ccc(C2C(N3CCOCC3)=NC3NNC(C)C32)o1,-7.252,-5.636,8.115910423359784,2.959654371713021,0.09696387386707227
CC1(Cn2cc(I)c(=O)[nH]c2=O)CCC1,-5.407,-4.871,12.425181125440385,2.972051311804694,0.006589268593271487
CC(=O)c1c(C)nn(CCC(N)c2cccnc2)c1C,-6.434,-5.113,4.082394762881218,3.3409128991938717,0.7129224360163748
Cc1noc(CCC(F)(F)F)c1C(=O)Nc1ccc(Cl)cc1C(=O)c1cccs1,-7.84,-5.367,4.353401773326233,8.3485662242088,0.06638621148206306
O=S(=O)(Nc1ccon1)c1ccc(NC(=S)Nc2ccccc2)cc1,-7.566,-6.058,4.537682778687818,2.911968578127175,0.6551770983834876
Cc1cc(N=Cc2c(C)nn(-c3ccccn3)c2C)ccc1F,-7.237,-5.984,5.003084448617673,3.5058906143803177,0.519497312087282
c1csc(Cn2nnnc2N2CCCCC2)c1,-6.01,-5.523,12.342680786603857,3.022560007675613,0.006908943636208105
CCCn1nc(C)c(Cl)c1CN1CCCCC1CO,-6.358,-4.963,12.747188670448086,3.10742240450184,0.005325167184593536
Cc1nc(NCCCS(C)(=O)=O)nc(N2CCCC2)n1,-5.718,-5.002,6.303708908253933,3.2652229632905634,0.2797071542577852
CNc1nnc(-n2cc(Br)cn2)s1,-5.208,-4.717,12.562099346844857,3.1497471327076396,0.005954119374471598
Cc1cccc(C)c1NC(=O)COC(C)C(=O)NC1CCCCC1C,-6.937,-5.557,4.046977267047592,4.477737151731889,0.5686736316004586
CN(C)C=C(C#N)c1nc2ccccn2c1Cc1cccc(F)c1,-7.476,-5.575,4.257602729236255,5.686077470453599,0.3262327015758652
Cc1cccc(NC2CCOC3(CCOCC3)C2)n1,-7.214,-4.957,12.634269666268803,3.1273047501003166,0.005703853206390752
CCC(C)CN1C(=O)CCC1=O,-4.657,-3.773,12.628563893016498,3.147241808314067,0.00571325372411575
CCOC(=O)C(N)CC(CC)CC,-5.011,-3.921,7.9877912466463465,2.9868069907511594,0.10471961294522279
N#Cc1ccc(OCC(=O)Nc2ccc(Oc3cccc(Cl)c3)cc2)cc1,-8.408,-5.981,4.117761163545064,3.2324817091516556,0.7156759343695054
CC(=O)N1CCN(c2nc(C(C)(C)C)no2)CC1,-6.154,-4.792,5.1398664379534225,2.888016793579982,0.5230543818463533
O=C(OCc1ccco1)c1cnc(-c2ccon2)n1-c1ccccc1Cl,-6.74,-5.33,4.116045067780478,3.0169022191645523,0.7308088939701711
Cc1nn(Cc2ccc(Cl)c(Cl)c2)c(C)c1CC(N)=O,-6.866,-5.544,12.85930865171219,3.057531357157273,0.0049873397563623325
CC(C)(C)OC(=O)N1CCC(c2ncccc2Cl)CC1,-6.009,-4.435,4.355862601138837,4.756339558946565,0.4787263173811007
Cn1nnc(Cl)c1C(=N)Nc1ccc(Br)cn1,-6.288,-5.11,12.27850780836173,3.143189622024099,0.007113230465387791
Cc1c(CNCc2cc(NC3CC3)nc3cncnc23)cnn1C,-6.81,-5.129,4.8537666816607485,3.5161730617249196,0.5501949968641451
CCC(C)C(NC(=O)CC1(C(=O)O)CCC1)C(=O)O,-6.06,-4.819,7.027228401012735,2.980638522196209,0.18823616127553403
CCCc1c(Cn2nnnc2C)nnn1Cc1nnnn1C,-6.677,-6.605,12.113290964886462,2.822030120321185,0.008097159126606874
Cc1ccc(Nc2cnccn2)nc1,-6.006,-4.751,12.557254835353147,3.0749559346436173,0.00601420661256241
CC(CC(=O)Nc1ccc(F)c(C(=O)O)c1)OCc1ccccc1,-7.034,-6.321,4.832088782296948,2.8456066137117406,0.5941784577861082
CCOC(=O)c1cc([N+](=O)[O-])ccc1NC(=O)CSc1nnc(C2CC2)o1,-6.902,-5.491,3.793838952828651,2.866249291321325,0.7912920344797298
CC(C)C(Nc1cccnn1)c1c(Cl)cccc1Cl,-6.066,-4.614,9.138479578135524,12.743710174042723,0.0003181779644634194
CCC(C)CNc1cccc(C(=O)Nc2nc(C)no2)c1,-6.656,-5.146,4.249245344764174,3.2000839051499885,0.6947458717028866
O=C(CC1CC(=O)N(c2ccn[nH]2)C1=O)Nc1ccccc1F,-7.3,-5.893,12.414218179168595,2.828753082190102,0.0067058758604498616
CCC(O)(c1cccc(Cl)c1)c1nocc1C,-6.373,-5.132,12.27103528639699,2.8556494882950885,0.007319841309407099
CCCCOC1OC(COCc2ccccc2)C(OCc2ccccc2)C(OCc2ccccc2)C1OCc1ccccc1,-6.48,,,,0.0
O=C(C1CC(=O)N(c2ccccc2)C1)N1CCN(c2ccc(Cl)cc2)CC1,-7.748,-5.69,7.234958880325443,8.600434582042933,0.013688508083392711
Cc1coc(CC2C(C)OCCN2c2ncc3cc[nH]c3n2)n1,-7.818,-6.377,12.41896312096948,2.9501766048831723,0.00662646208726283
CCCCNC(=O)c1nnc(NCc2ccc(F)c(Cl)c2)s1,-6.79,-5.265,12.38226990498915,3.1140592479912774,0.006685142594894481
O=C(Nc1cc(Cl)c(F)cc1Cl)C(F)(F)C(F)F,-6.664,-5.353,11.946655850069508,2.8531121604311314,0.008966455355848972
CC1(O)CCCN(C(=O)C2CC3CCC2(C)C3)C1,-6.048,-5.582,12.394161730427758,3.0818715093267595,0.006655393151523551
N#Cc1ccc(NC(=O)c2cnc(Nc3ccccn3)nn2)cc1,-7.156,-5.761,4.727479032211565,3.3104884835927155,0.5917883857114388
CCCCn1nccc1CN(C)Cc1ncn[nH]1,-5.838,-5.16,12.109950536645474,3.042890237915262,0.007976609734890396
Cc1cccnc1NC(=O)c1nc(C(F)(F)C(F)(F)F)n(-c2ccc(Cl)cc2)n1,-7.921,-6.096,4.2455196383952805,3.3313898000684343,0.6854431641481338
CC1COCCN(C(=O)c2cc(-c3nccs3)n[nH]2)C1,-4.291,-3.719,5.9311245139518025,3.1618205198903997,0.34723403126865504
CNC(=O)C1CCN(CC(=O)NCCSc2ccc(C)cc2)CC1,-7.042,-5.477,4.566033508418438,2.960072634243964,0.646795478525311
COc1cccc(OCc2nc(C3CC3)no2)c1,-6.472,-5.273,12.411686509092952,3.0230491229882457,0.006617044343633191
COC1(C)CCN(c2nc(C)nc3ncccc23)C1,-6.774,-5.102,12.427353258035277,3.0064933061625143,0.006561738566758111
CCC(C)c1cc(OC)c(OC)c([N+](=O)[O-])c1,-5.997,-4.354,12.469538764525335,2.8668939638570516,0.0064606371596125645
FC(F)(F)c1nnc2n1CC(Cl)CC2,-6.488,-4.994,12.112422920291381,3.042477608791888,0.00796458037516527
CCOC(=O)C(C)(C)NC(=O)COc1cccc(C(F)(F)F)c1,-6.767,-5.068,8.593728469063937,7.586223170985678,0.01109894914335955
CCOC(=O)c1sc(NC(=O)NC(c2ccccc2)c2ccccc2)c(C(=O)OCC)c1C,-6.496,-5.403,4.573197677774273,3.117596991273888,0.6365281944426344
CCCn1c(C)cnc1C(=O)Nc1ccc(C(=O)NC)cc1,-6.343,-4.725,7.414637212972728,6.809614012556072,0.03669210119748644
CC(C)n1nccc1C(=O)OCC(=O)NCCc1cccc(Cl)c1,-6.732,-5.228,4.396422295457979,3.615067080982039,0.6324513418214559
CCC(C)NC(=O)C(CC)N(Cc1ccc(Cl)cc1Cl)C(=O)CN(c1ccc(OC)c(C)c1)S(C)(=O)=O,-6.763,-5.102,5.203162980341862,3.19931398896701,0.4951373168734774
Cc1cccc(C(=O)NCCCN2CCCC2)c1Br,-6.285,-4.94,4.594446212548363,5.3751243706541345,0.34357776979292065
CCc1nn(C)cc1C(=O)NCc1sccc1NC(=O)C(C)(C)C,-7.338,-4.745,8.042317389906964,3.107978442653681,0.10018505438624618
CCc1ccc(CN(C)CCCCCS)o1,-5.423,-4.044,12.635534970866884,3.207599881531361,0.00565403751186224
NCC1(CC(=O)Nc2ncn[nH]2)CCCCC1,-6.73,-4.801,7.721741448662989,3.2032174450074407,0.12092002538230409
Cc1nn(Cc2ccccc2C(F)(F)F)c(C)c1[N+](=O)[O-],-6.585,-5.312,11.74159231109648,2.9775347185213477,0.01009669692058481
COC(=O)c1cc2c(s1)N(Cc1ccccc1Cl)C(=O)CC2,-7.291,-5.076,8.412444591199398,8.991998887900287,0.005203936933083711
CCc1ccc(C(=O)Nc2c(F)cc(C(=O)O)cc2Cl)o1,-7.144,-5.403,12.144986867016367,2.9399185362863363,0.007870321498504992
CC(C)COCCCCCC(=O)CCCl,-5.015,-3.925,12.681652494844668,3.353058752840457,0.005404769868243555
Cc1ccc(S(=O)(=O)NCc2nc(CC(C)C)no2)c(F)c1,-6.854,-5.821,4.548754554820473,3.5491562377556725,0.609562857943138
Cc1nn(CC(C)C)c(C)c1NS(=O)(=O)c1c(C)n[nH]c1C,-6.11,-4.836,5.615067319275879,3.070829529622248,0.41263508229575613
Cc1n[nH]c(C)c1C(C(=O)NCc1cccnc1)=C1C(=O)Nc2cccnc21,-7.053,-5.306,7.842204855778763,7.355335818302248,0.020344067500065614
O=C(c1cn2cccnc2n1)N1CCOCC1C(F)(F)F,-6.962,-5.274,7.743656629784149,3.19044652047327,0.11945955600131872
CCc1nn(C23CC4CC(CC(C4)C2)C3)cc1CNC1CC1,-7.428,-5.792,12.629790536663704,3.3325298198215725,0.005596487417813206
O=C(Nc1ccc2c(c1)OCCCO2)c1cnc2n[nH]c(=O)n2c1,-5.767,-4.404,6.327532457443422,3.092889264102421,0.2807888750728012
COc1ccc(CNCc2nc(C(C)(C)C)no2)c(OC)c1OC,-6.022,-4.811,6.462364427978354,3.257928789890902,0.2556980249054632
Cc1ccc(N)cc1C(=O)c1ncco1,-5.977,-4.611,12.366406268597196,8.694507404102891,0.0005310083824310534
COCC(O)COc1cc(CNC(C)C)ccc1OC,-5.933,-4.366,4.935886343910281,3.0613688114959294,0.5611721043020887
CC(Nc1ccccn1)c1ccc(-n2cnnn2)cc1,-6.785,-5.941,12.34292518003735,3.1654519424562437,0.00681765765161298
Cc1ccc(F)c(NC(=O)Cc2ccc(Br)cc2)c1,-7.494,-5.206,12.622987403938895,3.3319395252615256,0.0056207240820504946
Cc1cc(C)n(CC(N)=O)n1,-5.24,-4.41,11.766338470399363,2.95775793465253,0.00995754463028898
N#Cc1ccc(NCc2cncc(Br)c2)cc1,-6.189,-4.977,12.804925029065966,3.2116364987339403,0.005083934763142625
CCCOC(=O)c1cc(C)c(C(=O)Nc2ccccc2CC)s1,-6.669,-4.734,4.880510116780826,2.892497363870882,0.5813522101685488
Cc1nocc1CCCS(C)(=O)=NC(=O)c1ocnc1C,-7.121,-4.957,6.425037509618134,3.105329290107573,0.26529522861011395
NCC1CCCN(C(=O)c2cnc(NC(=O)c3ccco3)s2)C1,-7.038,-5.561,12.571400916365686,2.862589387250641,0.0060640347317327675
Cc1nc(COc2ccc(CNC(=O)N3CCC(C(N)=O)C3)cc2)no1,-7.673,-5.521,4.459831947506542,3.049031649556954,0.6638489037531439
Cc1nn(C)c(C)c1C(C)NC(=O)C(C)NC(=O)c1ccccc1Br,-7.506,-5.398,4.966727997384193,2.9707928234732224,0.5585827920761077
CCCn1c(C)cc(C)c(C(=O)CCN)c1=O,-5.3,-4.506,13.041585869824267,2.8043911995297663,0.0045382791798379745
CCc1c(Nc2ccccn2)ncnc1Nc1cn[nH]c(=O)n1,-7.304,-5.708,4.997940575877228,3.231489285143925,0.5383877930339811
CCC(CC)Cn1ccnc1NCCc1ccco1,-5.958,-4.985,12.386860538489968,2.9103214599078226,0.0067815381229733565
Cc1cc(=O)nc2n1CC(Cc1ccccc1)N2N(C)C(=O)O,-6.835,-5.562,4.151308468422938,7.245960115816262,0.13786067028990653
CC1CC1C(=O)Cc1ccc(F)cc1Cl,-5.977,-5.3,12.470209140186864,2.8671450957354776,0.006457814438989946
c1coc(-c2noc(-c3csc4c3CCCC4)n2)c1,-8.039,-5.267,7.354518747001736,3.1220699864032513,0.15256549065881247
CCOC(=O)C=Cc1ccc(C=O)o1,-5.343,-4.295,12.578809522367369,2.777189406576368,0.006071279893094701
Cc1c(CC(=O)Nc2c(C(=O)O)cnn2C)c(C(C)C)nn1C,-7.086,-5.736,12.155123775593566,3.057254487281031,0.007744804502758938
CC(OC(=O)Cc1cccc([N+](=O)[O-])c1)C(=O)c1ccccc1,-7.414,-4.478,5.54803145268662,3.051004588656005,0.42735158545811397
CCOCCN(C(C)(C)C(=O)O)S(=O)(=O)N1CCCC1,-5.048,-4.177,6.919673041408822,2.953393641220215,0.20117626315992548
CCc1cc(C(=O)NC(C)c2ncon2)nn1-c1ccccc1,-7.162,-5.193,4.4618575728052985,2.8446379382972453,0.6741793620740747
N#Cc1cnn(Cc2ccc(Cl)cc2Cl)c1NC(=O)c1ccco1,-7.745,-5.787,5.041268689526477,3.3467067394679204,0.5220658271810839
CCNC(=O)C(C)N(Cc1cccc(Cl)c1)C(=O)Cc1ccco1,-6.381,-5.155,3.8912194746634383,6.847335540193718,0.1855054904421165
CCNc1ncnc(Cl)c1S(=O)(=O)Nc1cn[nH]c1C,-6.231,-5.295,12.336035059937208,2.9715950262443234,0.006967054115371891
c1n[nH]c(CNCc2occc2-c2ncn[nH]2)n1,-6.62,-5.926,12.060094775746997,2.961220356542215,0.008285234408083531
O=C(CN1CCCCCC1c1ccco1)Nc1cccnc1Cl,-5.059,-3.593,5.110514064162234,3.2134573281747496,0.5146986086743505
Cc1cc([N+](=O)[O-])c(Cl)nc1NCC(C)C(C)C,-6.248,-4.267,12.273078749849201,2.9333811549132176,0.007268527790599965
Clc1cccc(-c2cnc(CCc3cnccn3)o2)c1,-7.031,-5.092,8.512950957218067,8.57406636316748,0.006340793042846203
Cn1ccnc1C(C#Cc1ccco1)Nc1ccccc1Cl,-7.068,-5.111,5.393883665782938,3.60892296952983,0.4307878263864826
CC(C)NC(=O)c1ccc(OCC(=O)N(C)CCC(N)=O)cc1,-6.241,-4.818,6.828069346455115,2.975563476049537,0.21205779261501534
Cn1ncc(Br)c1C(C)(O)C1CC1,-4.657,-4.653,13.139439143281573,2.9162499892841836,0.00423511322055444
Cc1cnc(NS(C)(=O)=O)c(C)n1,-5.043,-4.29,12.032156955425739,2.9339171767451107,0.008449251497466085
Cc1nnc(CNC(=O)c2cccc(OC3CCCC3)c2)n1C,-7.411,-5.463,4.838065935888016,3.2100699369328387,0.5745252014360214
NC(=O)Cn1cc(NCc2ccc3c(c2)C(=O)c2nccnc2-3)cn1,-7.368,-6.073,8.042787389953808,8.16326754431092,0.010945561095713553
C=CCN(CCOC(C)C)Cc1ccccc1Cl,-5.29,-4.263,12.678442924902095,2.865468024599122,0.005670462057581612
O=C(Nc1ncc(Cl)cc1Cl)c1cc(Cl)ncc1Cl,-6.953,-5.503,13.135964753302288,2.9265645388407204,0.004240981625469651
CC(OC(=O)CCNC(=O)C1CC1)C(=O)NC1CCCC1,-6.347,-4.995,12.473902556938626,2.90072163435239,0.006427109725286464
CC#CC(=O)NC(C(=O)O)c1ccco1,-5.93,-4.63,12.66172318446427,2.879870830436671,0.005724063104749234
CCC1C(=O)N(C(C)(F)F)c2ccc(F)cc21,-5.783,-5.098,13.173233391996058,3.0083636748239067,0.004116234930968448
CC(Oc1ccccc1C#N)C(=O)O,-5.78,-4.947,12.603857346066718,3.009439981126057,0.005874955355272388
CC(C)(C=O)c1ccccc1OC(F)(F)F,-6.033,-4.813,12.682399812338357,2.9241511588835483,0.005631917146587536
CCc1nnc(NC(=O)CC2CCCC(c3ccc(F)cc3)O2)o1,-8.233,-6.055,11.899696214609852,2.6633694824413676,0.009345847012143868
O=C1NC(=O)C(=Cc2cc(C(=O)N3CCCC3)ccc2Cl)N1,-7.414,-5.218,4.4374891549163245,3.237251457641189,0.6562599144644022
CC(C)C1CCc2nnc(C(=O)NC(C)C(C)C)n2C1,-6.855,-6.011,12.254391008940429,2.873660731540868,0.007386840776891115
CC1c2[nH]nc(-c3ccc(C#N)cc3)c2CCN1C(=O)OC(C)(C)C,-7.04,-5.679,4.546378888742116,3.725276499805082,0.5932105648918989
CCn1c(C(=O)Nc2ccc(F)c(F)c2C)nnc1-c1ccc(C)o1,-7.629,-5.903,4.381891144243545,3.4404845588957373,0.6511973339327535
Cc1onc(NC(=O)CN2CCCCCC2=O)c1C,-4.962,-3.86,4.445433162246396,4.187329817437361,0.5553463474588292
Cn1cc(OCC(O)Cn2cccn2)cn1,-5.79,-4.841,12.402409846477418,2.9072409600856965,0.0067175120473318885
CCOC(=O)c1cnc(SCc2ccc(Cl)c(N)c2)nc1,-6.511,-4.868,4.60122472826529,3.0228797528184943,0.6360558424170076
Cc1n[nH]c2c1CC(C(=O)NCc1nn[nH]n1)CC2,-7.533,-6.191,12.044356894413252,2.9854210758283335,0.00835079370932819
COC(=O)c1ccc(COc2ccc(C(F)(F)F)cc2Br)o1,-6.807,-5.407,4.706954641803977,4.481197273051031,0.46947031619354346
Cc1c(NS(=O)(=O)c2ccccc2Nc2cc(=S)[nH]c3ccoc23)c(=O)n(C)n1C,-8.278,-5.692,4.267087765678132,5.612821928406423,0.3376718712976446
CCc1cc(CC2CCCCN(C(=O)CCCn3cncn3)C2)n[nH]1,-5.078,-3.15,4.1519644747998505,5.217084530655029,0.4194413830019849
CCc1nn2c(C)c(CCC(=O)N3CCc4sccc4C3CC(F)(F)F)nc2s1,-7.251,-5.178,4.541455603658369,3.61440022687029,0.6050209598221317
CCn1nc(C)c(CNS(=O)(=O)Cc2cc(C)on2)c1C,-6.489,-5.287,4.5046804548158565,2.8935668300559425,0.6629704975286544
Cn1nnc(C(=O)N2CCCC(Cc3ccn[nH]3)C2)c1C1CC1,-7.562,-5.325,4.151879213079301,3.0746557530884657,0.7208481293334433
CN(C)CCOc1cc(F)c2c(N)nnc(Cl)c2c1,-6.531,-4.553,5.19639769455726,3.0233726201049063,0.5048777576878473
Cc1n[nH]c(C)c1NC(=O)CN(CC(C)C)C1CC1,-6.222,-4.354,4.619356989885063,5.830458472538845,0.2715554277473027
c1ccc2c(c1)nc1n2CCCC1,-5.496,-4.287,12.737910699953899,3.32874916447605,0.00523313858017824
CC1CC(NCc2cnccn2)CC1O,-5.769,-4.683,5.611874820414297,2.9961423530933904,0.4159639242766795
Cc1ccc(C(C)NC(=O)C2(CO)CCCC2)cn1,-7.057,-4.655,6.741144116542829,3.646820533012284,0.20636734362193174
CCCc1nnc(NC2CCN(C(=O)c3ccco3)C2)o1,-6.882,-4.994,4.644176030255529,3.5205303577728166,0.5930322124387299
c1ccc(-n2nnnc2Cc2nccs2)cc1,-6.364,-5.546,12.044760022516016,3.0034102283903876,0.00833629366525242
