SMILES,aff_p0,aff_site,d_key,d_p0,bridge,composite
COC(=O)c1sc(NC(=O)COc2ccc(Cl)cc2F)nc1C,-7.044,-5.609,3.0987857299271275,2.877568070437257,0.8677834570515474,0.9174226893214811
CC1C(=O)OC(=O)C1C(=O)OCC(=O)Nc1cccc(S(=O)(=O)N(C)C)c1,-7.06,-5.869,3.1750228345635567,2.8827797349086524,0.86111215778685,0.9151349804315806
COc1cccc(CC(=O)Nc2nc(-c3ccc(CNC(=O)c4ccccc4)o3)cs2)c1OC,-8.146,-6.526,3.219496078581242,2.941840240393757,0.8533790859337412,0.9141423600307291
COC(=O)c1c(NC(=O)COC(=O)CCNS(=O)(=O)c2ccccc2Cl)sc(C)c1C,-6.033,-5.519,3.2789278735586724,2.8220846904371952,0.8553608277500513,0.9104022978575219
CC(C)OC(=O)c1ccc(N2CCC(Nc3ccc(C(=O)c4ccccc4)cc3)C2=O)cc1,-7.818,-6.063,3.1794795171537107,3.064207238422362,0.8481926624021401,0.9091653088525131
COc1ccc(C(C)=NN=C(N)N)cc1NC(=O)c1cc(C)on1,-7.793,-5.548,3.359324485666724,2.8159257802719164,0.8477568359799281,0.9064846082431827
O=C(Nc1ccc(O)c(C(=O)O)c1)c1cccc(C(F)(F)F)c1,-7.582,-6.39,3.3546496091246256,3.015325189759804,0.8354909127675849,0.9038713354214299
Cc1cc([N+](=O)[O-])ccc1Oc1ccc(C2C(C#N)=C(N)Oc3n[nH]c(-c4ccccc4F)c32)cc1,-8.089,-6.471,3.424947298864612,2.9703477910844054,0.8312663616320995,0.9019631651514923
CCCOC(=O)c1ccc(OC(=O)Cn2ccc(C(F)(F)F)n2)cc1,-7.284,-5.221,3.368678375861963,2.9341944380016813,0.8395603563085456,0.9005421484323048
CC(NP(N)(=O)OCC1CC(Nc2ccccc2F)CO1)C(=O)O,-6.534,-5.823,3.458379967557064,2.878236265493158,0.833476798774864,0.9001140073465057
CC(C)CC(NC(=O)c1ccccc1)C(=O)Nc1cccc(OCc2cccnc2)c1,-7.827,-6.173,3.4356666019857043,3.0112333021537867,0.8273209462570374,0.8984250894539137
NC(Nc1ncccn1)c1cccc(Oc2ncc(C(F)(F)F)cc2Cl)c1,-7.742,-6.162,3.3697956911361846,3.1161575698285864,0.8264849401397186,0.8979195358566112
CCOC(=O)c1ccc(NC2CCN(Cc3cc(-c4ccc(F)cc4)no3)CC2)nc1,-7.652,-6.1,3.4946453325051454,2.9202960466363685,0.8267819558013335,0.8977904255628372
CSCCC(=O)Nc1cnn(Cc2ccc(-c3nc(C(F)(F)F)cs3)cc2)c1,-6.807,-5.318,3.336224962438834,3.0717963799705217,0.8332218673239746,0.8975944915962228
CC(C(=O)Nc1ccc(Cl)c(C(=O)N2CCCC2C)c1)N(C)CCC#N,-6.887,-5.288,3.3931734408957057,3.015739544456715,0.8315158374518479,0.8965335542828
Cc1ccc(C(=O)O)cc1C(=O)c1cccc(NC(=O)c2ccc(Cl)cc2Cl)c1,-8.406,-6.555,3.5554011025480663,2.912875898489326,0.8201106635005957,0.8962816224179863
CC(=O)NCCNC(=O)c1ccc([N+](=O)[O-])cc1OCC1CCC1,-6.199,-4.958,3.3846426694704426,3.0305804724507817,0.8313491671182108,0.8948853300210814
CC(=O)Nc1ccnc(C(=O)Nc2ccc(-c3nnco3)cc2)c1,-7.438,-6.03,3.368204566234063,3.1772080511039897,0.8217529518382701,0.8947287705956318
Cc1c(NC(=O)Cn2ncc(C(=O)O)c2C)cnn1CC(=O)NC1CC1,-7.004,-5.489,3.411567088597262,3.1019727593903847,0.823272053957053,0.8930215404935303
COC(=O)c1ccc(Nc2ccc(C(=O)Nc3cc(C)ccc3C)nc2)cc1,-7.383,-6.108,3.598647106900035,2.8685677610961187,0.8174787820788816,0.8927623157655541
O=C(NC=NC(=O)OCc1c(F)cccc1F)NCc1cccc(F)c1,-7.341,-5.955,3.352778698333668,3.2316057927909463,0.8186775068260681,0.8927030564048131
Cc1c(C(=O)OC(C(=O)c2ccccc2)c2ccccc2F)oc2ccc(Cl)cc12,-7.323,-6.9,3.294714251646112,3.377091796205724,0.8106204979882758,0.8926760568956079
COc1ccc([N+](=O)[O-])cc1N1C(=O)C(C)(C2CCS(=O)(=O)C2)NC1=S,-7.051,-5.725,3.5177724485816304,3.024346045015352,0.81721968149849,0.8908350626939081
Cc1c(NC(=O)C(C)N)cccc1C(=O)OC(C)C(=O)Nc1ccc2c(c1)CCC2,-7.997,-6.843,3.692226157753612,2.939198700326332,0.8010940103796469,0.8871533218993998
O=C(Nc1cccc(F)c1)c1cnc(Nc2ccc(O)cc2)c(Cl)c1,-7.221,-5.594,3.5908390384421303,2.9977521578676254,0.8103177557113338,0.8864562301591444
FC(F)(F)c1ccnc(N2CCC(COc3ncccn3)CC2)n1,-7.284,-5.343,3.34394587276768,3.311852804700112,0.8122904920235309,0.8863651122457629
Cc1sc(NC(=O)CN2CCC(C(=O)O)CC2)c(C(=O)OCc2ccccc2)c1C,-7.173,-6.551,3.554295851501391,3.1772861060974664,0.8014857972538657,0.8860274042499963
CC(C)Cc1nnc(NC(=O)c2ccc(NC(=O)c3ccccc3)cc2)s1,-6.689,-6.022,3.6063108573721134,3.0346566527368464,0.8058828546334914,0.8860099085236635
O=P(O)(O)OC1CC(OP(=O)(O)OC2C(O)C(O)C(O)C(O)C2O)C(O)C1F,-6.716,-5.64,3.701258434640845,2.795777709332413,0.8081781624652247,0.8854987632857607
Cc1cc(C)c(SCC(=O)Nc2cc(C(F)(F)F)ccc2Cl)nn1,-8.02,-5.828,3.404947429843815,3.3104943739568564,0.806346681890643,0.8853663849997805
COC(=O)c1cc(Cl)c(Oc2ccc(C(=O)Nc3cccc(OC)c3)cc2S(C)(=O)=O)c(Cl)c1,-7.376,-5.682,3.6713430784932095,2.8831545223938324,0.8072698882388322,0.8851959300048623
Cc1ccccc1C(=O)N(CC(=O)N1CCN(Cc2ccc(Cl)cc2Cl)CC1)c1ccccc1C(F)(F)F,-8.61,-6.409,3.438633013277223,3.3389967055988543,0.8001817010451705,0.8846530604717562
CC(CO)CCCCCOC(=O)c1ccccc1C(=O)O,-6.532,-4.627,3.574478983012769,2.9757716646275125,0.8137818444345212,0.8838307013646101
CCOc1cc(C=C(C#N)C(=O)Nc2ccc(Cl)cc2Cl)ccc1OCc1ccccc1[N+](=O)[O-],-6.96,-5.85,3.662804526588882,2.977271401804007,0.8025540839916706,0.8833834929744026
CCC(CNC(=O)O)Oc1ccc(S(=O)(=O)Nc2ccc(F)cn2)cc1,-7.209,-5.805,3.755691148111091,2.752477247862368,0.8028738775381399,0.8833514140005558
CC1=C(CSCCO)N2C(=O)C(NC(=O)C(=NO)c3csc(N)n3)C2SC1,-6.068,-5.46,3.681837720486876,2.89476855724253,0.805188719285761,0.8830248592460578
Cc1cccc(C(=O)Nc2ccc(NC(=O)c3cn[nH]c3)cc2)c1,-7.337,-6.041,3.6777888737664095,3.014768481989953,0.7981092125788597,0.8818137688863977
Cc1cc(N2CCOCC2)cc(C)c1C(=O)NCC(CO)c1ccccc1,-7.416,-5.502,3.6004762185022137,3.098358759085203,0.8020307137132151,0.8814859582387593
CCC(NC(=O)CN(c1ccc(C(C)=O)cc1)S(=O)(=O)c1ccc(F)cc1)c1cc(C)c(C)cc1C,-8.483,-5.904,3.5753183075077377,3.1823661008752597,0.7985849473037525,0.881445283289026
Cc1ccc(NC(=O)c2cc(C(F)(F)F)cc(C(F)(F)F)c2)cc1C#N,-8.485,-6.048,3.5244816640181296,3.2680976117613127,0.7972867370949167,0.8813914998593124
CCCCCC(O)C=CC1C(O)CC(O)C1CCCCCCC(=O)O,-5.764,-4.953,3.5943596091654486,3.055630540494056,0.805883805130465,0.8810496858571849
Cc1ccc(N2C(=O)NC(=O)C(=Cc3ccc(NC(=O)C(F)(F)F)cc3)C2=O)cc1Cl,-7.844,-6.662,3.717446569891757,3.041497328619573,0.7910046206833677,0.880722316128471
Cc1nc(Nc2ccc(NS(=O)(=O)c3ccccc3[N+](=O)[O-])cc2)cc(N2CCCC2)n1,-7.802,-6.588,3.587778421251791,3.2725118792756125,0.7895200791190417,0.8795575848178373
NC(=O)CCC(=O)NCC(=O)OC(C(=O)Nc1ccccc1C(N)=O)c1ccccc1,-6.433,-6.158,3.809338000230486,2.812351862765398,0.7920054770463101,0.8789718786011588
Cc1cc(C(=O)OCCOCC(=O)O)ccc1NC(=O)Cn1c[n+](C)cn1,-6.758,-5.366,3.701462548777173,2.95984205659694,0.7985570410139465,0.8789465731639047
O=C(NC1CCCN(C(=O)CC2CCOCC2)C1)C1CC1,-7.149,-4.88,3.672866727775458,2.9598608075380843,0.8023584493723366,0.878781453297878
Cc1nnc(SCC(=O)Nc2ccccc2C(=O)c2ccccc2)nc1N,-7.259,-6.208,3.365532647293739,3.512496975087666,0.7896641781265016,0.8779005692566109
C=C(C)CN(CC(=O)O)C(=O)NC1CC(N(C(C)=O)c2cccc([N+](=O)[O-])c2)C1,-6.688,-5.201,3.7509610768441735,2.90480532910555,0.7951526506721829,0.8763096309109362
O=C(O)C1CCCC1C(=O)Nc1ccc(OC(F)(F)F)cc1,-6.637,-5.494,3.809153449258772,2.80732274596278,0.7923011602522011,0.876086117246566
CC(O)C(NC(=O)CCC(=O)OCC(=O)OCC1(CO)OC(CO)C(O)C(O)C1O)C(O)CO,-5.383,-4.564,3.700635350855309,2.9423653750001884,0.7997688100505242,0.8758954158911786
COc1ccc(C=NNc2nc3cc(C#N)c(=O)[nH]c3n2CC(=O)O)cc1,-7.894,-6.009,3.268806968910829,3.6110088618002583,0.7870397521355601,0.8755308738858735
CCOC(=O)c1cc([N+](=O)[O-])ccc1NC(=O)CSc1nnc(C2CC2)o1,-6.902,-5.491,3.793838952828651,2.866249291321325,0.7912920344797298,0.8755142250250415
CC(C)(C)OC(=O)NC1(c2cccc(-c3cc(C(C)(F)F)on3)c2)CC1,-6.763,-5.796,3.709759291382664,3.0972931730787137,0.788091900833193,0.8751405648708419
COc1ccc(C(=O)NCc2ccc(C(=O)c3cccs3)s2)c([N+](=O)[O-])c1,-6.972,-5.449,3.697648712357624,3.080133763329118,0.7909431077866332,0.8751280663374424
O=C(Nc1ccc(F)c([N+](=O)[O-])c1)C1CCN(C(=O)c2ccc(F)cc2)C1,-7.863,-6.16,3.841186535434071,2.8538467022599514,0.7850200625643009,0.8750961966895525
Cc1ccc(NC(=O)CSc2nnnn2C)cc1C(F)(F)F,-8.526,-5.976,3.720703831266337,3.099491087259325,0.7864634984236819,0.8750594113040826
CC(C)(C)C(=O)c1ccc(NC=CC(=O)c2ccccc2F)cc1,-6.905,-5.794,3.4414598646504646,3.4735012595362624,0.7863380384472667,0.8741570768405192
COC(=O)c1c(CS(=O)(=O)c2ccc(OC)cc2)[nH]c(C)c1C(=O)Nc1ccccn1,-7.124,-5.995,3.727711630477873,3.1199350954787515,0.7840170640090555,0.8737840764159295
CC(Oc1ccccc1C(N)=O)C(=O)Nc1ccc(NC(=O)c2ccco2)cc1,-7.002,-5.997,3.5891873732085924,3.3324478990675903,0.783961532624112,0.873762260709943
CCc1ccsc1C(=O)NC1CCC(C(=O)NC2CCS(=O)(=O)C2)CC1,-6.868,-5.21,3.6977265988712578,3.106798995751094,0.7889971477512763,0.8729525461166926
COc1ccc(OC)c(NC(=O)COc2c(C)cc([N+](=O)[O-])cc2C)c1,-6.997,-5.354,3.775976430011184,2.9909353052180845,0.7862823946168946,0.872110213194061
Cc1nc(CN2CCC(Nc3cc(F)ncn3)C2C)no1,-6.309,-5.286,3.8118822122410863,2.906026496782162,0.7863657987845847,0.8718444802360606
COc1ccc(C(=O)N2CCN(c3cccc(C(F)(F)F)c3)CC2)c(Cl)c1,-7.416,-5.87,3.843212978745778,2.918623990855964,0.7809947113143878,0.8715285413026292
CCC(C)OC(=O)c1ccccc1NC(=O)C1COc2c(cccc2OC)C1,-6.789,-5.715,3.3042773793978006,3.625927329663406,0.7820858088453165,0.8714296684494873
CN(Cc1nc(COC(=O)CCc2ccnn2C)cs1)C(=O)OC(C)(C)C,-5.935,-4.8,3.4499933333268924,3.434477689547568,0.7895422601411931,0.871366032817719
Cc1cc(C(=O)N2CCN(c3cccc(NC(=O)c4ccco4)c3)CC2)no1,-8.262,-6.039,3.780744238903235,3.086028839787471,0.7791588474317739,0.8712728505214719
CC(CNC(=O)C1CCCN(CCO)C1)Cn1ccccc1=O,-6.614,-4.999,3.7881051991728,2.9698959577736046,0.7859023617029899,0.8702699285349051
Cc1noc(C)c1Cn1nnc(C(=O)NCCC(=O)O)c1C,-7.186,-5.87,3.835747775858052,2.976736803951601,0.7785449671165818,0.870160607040836
Cc1cc(=O)ccn1-c1cccc(N2CCC(N)C2)n1,-7.323,-4.962,3.682812783729306,3.175443433601046,0.7857284867747278,0.8700036607682555
N#Cc1ccccc1NC(=O)c1ccc(COc2ccccc2C(F)(F)F)cc1,-7.242,-6.111,3.620974730649193,3.375789537278649,0.7760726693204607,0.8698724947466031
CCNC(=O)c1ccc(NC(=O)CC(C)(C)CC(=O)O)c(C)c1,-6.202,-5.417,3.7788874023976944,3.0534875143022937,0.7816959069595787,0.8698510137712995
O=C(C1CC1n1ccnc1)N1CCC(n2c(=O)[nH]c3ncccc32)CC1,-7.235,-5.411,3.790565656996327,3.0356055409094247,0.7812587878209635,0.8695803472504218
COc1cccc(C(=NOc2cccnn2)C2CCCC(C(F)(F)F)C2)c1,-7.686,-5.622,3.5932886051637998,3.3753130225210226,0.7794389833622561,0.8695297956995811
NC(=O)CCCSc1nnc(Cc2ccccc2F)o1,-6.894,-5.015,3.573406498007188,3.3591917182560453,0.7833191097911657,0.868911854758038
Fc1ccccc1CN1CCN(Cc2cc(-c3ccco3)on2)CC1,-7.555,-6.075,3.535759324388469,3.490938126062964,0.7743450091375313,0.8687404794634169
O=C1c2nonc2CCN1Cc1ccc([N+](=O)[O-])cc1,-7.292,-5.394,3.814182087944937,3.0408585958574275,0.7775124523663873,0.86741538933426
COC(=O)c1ccc(CN(C)Cc2ccc([N+](=O)[O-])c(C)c2)o1,-6.539,-5.112,3.84108851759498,2.967599198005014,0.7783278270344881,0.8665824493603397
O=C(Nc1ccc(NC(=O)C(Cc2cnc[nH]2)NC(=O)c2cccs2)cc1)c1cccc(Br)c1,-7.516,-6.245,3.6107662621665217,3.4664952040930355,0.7682738540136347,0.8660957076435389
CC(C)(C)c1cc(CC2C(=O)N(C3CCC(=O)NC3=O)CC(=O)N2CCc2ccc(C#N)cc2)cc(C(C)(F)F)c1,-7.501,-5.855,3.951520466858295,2.8051786039395075,0.7704726359403217,0.86556980161631
Cc1nn(C(C)C(=O)Nc2nc(-c3ccc(CO)cc3)cs2)c(C)c1C,-6.706,-5.911,3.955946915720684,2.8048395676045352,0.7697750618244726,0.8654313311279467
C=CCn1c(C)nnc1SCC(=O)Nc1ccc(Cl)c(C(F)(F)F)c1,-7.803,-5.268,3.446264934679282,3.572138435167372,0.7748846007251822,0.8653744723983496
Cc1cccc(Oc2ccc(Nc3ncc(C(=O)Nc4ccc(C)cc4C)cn3)cc2)c1,-8.876,-6.256,3.5292045846054325,3.5661280122844725,0.7667791494380924,0.8653023807962784
O=C(NCc1ccccc1N1CCN(C(=O)Cc2ccc[nH]2)CC1)c1ccco1,-7.525,-5.754,3.923693540530402,2.891592986573317,0.7702232413615939,0.8649722567391093
CC1Cc2cc(S(C)(=O)=O)ccc2N1CC(=O)N(C)Cc1ccccc1F,-7.317,-6.34,3.937053847739448,2.968811209895301,0.7635536852832675,0.863858335198485
O=C(C=Cc1ccc(-c2cc3ccccc3[nH]c2=O)o1)Nc1ccc(Br)cc1,-8.369,-7.202,3.745575256218996,3.414857244454005,0.7565045802810274,0.8637113241616301
COc1cc(C=Nc2c(Oc3c(C)cccc3C)nc3ccccn3c2=O)ccc1OC(=O)c1ccccc1,-8.187,-6.81,3.781987572692433,3.335117089398811,0.7590258940759795,0.8633979382876519
Cc1noc(COC(=O)c2ccc3nc(C)[nH]c(=O)c3c2)n1,-8.282,-5.862,3.849196409641887,3.1406924395744324,0.7653465135087603,0.862717178639678
CCc1cc2ccc(OC(=O)c3ccccc3F)cc2oc1=O,-7.897,-6.284,3.8227766086968775,3.2687841776415887,0.7590735247502036,0.8610691327848969
COc1ccccc1-c1ccc2c(=O)c3c(oc2c1)CN(Cc1ccco1)C3=O,-7.802,-6.385,3.9379172159912152,3.075931566208845,0.7564832843107944,0.8600508278093794
Cc1ccc(NC(=S)NN=Cc2ccccc2O)cc1Cl,-6.847,-5.345,3.4283407065226164,3.676313506761904,0.7641247334728564,0.8596935460228117
Cc1cccc(NC(=O)Cc2ccc(CSCC(=O)O)cc2)n1,-7.077,-5.67,3.919760962099602,3.056319518636754,0.760640587636832,0.8591964252687943
Cc1cc(CN(C)CC2CCC(=O)N2)cc2cc(C(=O)O)oc12,-6.92,-5.994,4.036941044900209,2.8011451229809565,0.7565330425328012,0.8583275453002819
Cc1cnn(CCC(=O)Nc2sc(C(=O)OCC3CC3)cc2C)c1,-6.273,-5.548,3.984165910200025,2.8997687838860524,0.7600515509432126,0.8583142223749474
CC(Nc1ccnc(C(N)=O)c1)c1ccc(S(=O)(=O)N(C)C)cc1,-7.217,-5.446,4.025700684352974,2.771013713426911,0.7599378281846038,0.857790387399925
N#Cc1ccccc1OC(=O)NCCOCCN,-6.044,-4.66,3.852213259932528,3.122437829645292,0.7662400378872279,0.8577751347684643
COc1cc(C=NNC(=O)c2ccccc2Cl)ccc1OC(=O)c1cc(C)oc1C,-7.386,-5.792,3.9531827683526095,3.0523205925983614,0.7556683036165318,0.8569310731374191
Cc1cccc(OC(C)C(=O)Nc2ccc(Cl)cn2)c1C,-6.883,-5.186,3.6129619427832336,3.5378674367477374,0.7604037340392028,0.8568802408845796
Cc1nc(-n2ncc(C(=O)Nc3cccc(NC(=O)c4ccc(F)cc4)c3)c2C)nc(C)c1CC(N)=O,-8.771,-6.56,3.948689529451512,3.153326021837896,0.7493191808845824,0.8567477358497502
CCOC(=O)C(C)CN1C(=O)c2ccc(Sc3nc(C)cc(=O)[nH]3)cc2C1=O,-7.074,-4.987,3.910953208618072,3.065123488540062,0.761407729463149,0.8565462255005397
COc1cccc(N2CCN(C(=O)C(C)Oc3cc(C)cc(C)c3)CC2)c1,-7.657,-5.664,3.932158440347997,3.102591175130878,0.7555386751866665,0.8562831607249667
O=C(OC1CCN(c2ccc(C(F)(F)F)nn2)C1)c1ccco1,-7.274,-5.604,3.8841332366436654,3.19565423661572,0.7560090969619586,0.8562802223827743
c1ccc(CCN2CCC(CC3CCOc4nccnc43)C2)nc1,-6.983,-5.619,4.040452821157549,2.823052426009833,0.7548175014232572,0.8556724591446911
COC(=O)c1cc(F)ccc1N1CCC(C(=O)NOC2CCCCO2)CC1,-6.553,-5.524,3.904690128550536,3.161608609553055,0.7554959127777825,0.8556302438746708
COc1ccc(C2(c3nn(CN4CCN(S(=O)(=O)c5ccccc5Cl)CC4)c(=S)o3)CC2)cc1,-8.255,-6.352,3.999728990819253,3.0510414615340777,0.7482712996117072,0.8552230761621809
Cc1ccnc(NS(=O)(=O)c2ccc(NC(=S)Nc3cccc(Cl)c3)cc2)c1,-8.009,-6.062,4.038066864230952,2.921891681770562,0.7498447060015231,0.8548285093562406
COc1ccccc1N1C(=O)CC(Nc2cc([N+](=O)[O-])c(N(C)C)s2)C1=O,-6.557,-5.583,4.045932401808018,2.862010831565806,0.7518340937904066,0.8538185035553127
CCNC(=NCc1c(C)ncn1C)NC1CCC(C(=O)O)C1,-6.317,-5.357,4.002807639644954,2.9671435758992195,0.7530542308630427,0.8534971507993632
Cc1nn(C)c(C)c1NC(=O)c1ccoc1C(=O)OCC(=O)NCC(=O)Nc1cccc(Cl)c1C,-8.762,-6.079,3.894806028546223,3.283924024699721,0.7473026282845365,0.8534540215567312
COc1cccc2c1ccn2Cc1cc(C)c(C(=O)O)s1,-6.933,-5.395,3.675526356863735,3.544084790182085,0.7521674995117323,0.8531649623105413
N#Cc1ccccc1N1CCN(C(=O)c2ccc(Cn3cccn3)o2)CC1,-7.915,-5.467,3.880105282076764,3.263694072672866,0.7511700833135682,0.8529217748367156
Cc1cc(CC(C)C)nc(SCc2nc3ccccc3c(=O)[nH]2)n1,-6.05,-5.803,3.678127920559587,3.5747601318130418,0.7484539100921979,0.8528798000076264
CCOC1CCC2(CCCN(c3sc(C(C)=O)c(C)c3C#N)C2)C1,-6.456,-4.86,3.900636614707913,3.170392720153135,0.7554528721216538,0.8526178831477186
COc1ccc(Cl)c(-c2nc(NC(=O)c3oc4ccccc4c3C)no2)c1,-8.31,-6.767,4.081624186521831,2.967072125850668,0.7397944564484649,0.8521999142351192
O=C(O)c1cc(-c2ccc(OC(=O)c3c(F)cccc3Cl)cc2F)on1,-7.304,-6.481,4.100560083695884,2.8713933899763715,0.7419030535398371,0.852147656040725
COc1ncccc1CNC(=O)c1cc(Br)c(Cl)c([N+](=O)[O-])c1,-7.575,-4.994,4.025585299059006,2.9022753143008324,0.7530546742139254,0.8518663635451501
COc1ccc2nc(C(=O)N(C)Cc3ncc(C(C)(C)C)[nH]3)[nH]c2c1,-6.841,-5.754,4.011626104212604,3.045839457358184,0.7466650542914438,0.8516414316040811
Cc1cnn(Cc2ccc(C(=O)Nc3cnn(C)c3C)o2)c1,-6.892,-5.428,3.976911992991546,3.09477527455549,0.7490148176052991,0.8515227746330475
CN(CCNC(=O)OC(C)(C)C)c1ccc(C(=O)c2ccccc2O)cc1,-6.965,-5.801,3.983971510942315,3.1277279293442386,0.745577390967682,0.8512303813126045
CCC(=O)Nc1sc(NC(=O)Cn2c(C)nc3ccc(C)nc32)nc1C,-7.462,-5.484,4.031733250104724,2.977103458061207,0.7476554710357296,0.8510000791114727
COC(=O)c1ccc(C)c(NC(=O)CSc2nnc(NCc3ccco3)s2)c1,-8.083,-5.693,3.935399979671697,3.227921312547751,0.7457041479541598,0.8508212922619822
Cc1c(Br)c(C(F)(F)F)nn1CC(=O)N1Cc2nc3ccccc3nc2C(C)C1,-8.769,-6.328,3.832313400545419,3.4677411956488347,0.7394905772948657,0.8500841730423542
CNC(=O)c1ccc(Nc2nccc(-c3c(C)noc3C)n2)s1,-7.566,-5.237,3.991559720209633,3.0903938260357684,0.746958805335555,0.849499257787852
O=C(C1CC1)N1CCc2c(ncnc2Nc2nccs2)C1,-6.523,-4.93,3.742092195550504,3.500015714250437,0.7484057875841289,0.848945848907059
COc1ccccc1Nc1nnc(NC(=O)c2ccc(F)c(Cl)c2)s1,-7.267,-6.273,3.9111567342667306,3.3640719373996744,0.7379064013786075,0.8489299458780839
Cn1nccc1CN1CCc2c(cnc3[nH]c(=O)n(C)c23)C1,-7.306,-5.502,4.088507429368326,2.886117461227107,0.7432101886141391,0.8485466553217416
CCCN(CCC)C(=O)CN1CC(CC(=O)O)C(c2ccc(F)cc2)C1,-6.66,-5.337,3.644604916859988,3.649368575520976,0.7438856438892554,0.848196254108868
Cc1ccc(Nc2ccc(NC(=O)c3ccc(C)cc3)nn2)cc1,-7.2,-6.517,3.624077675768,3.742754466966809,0.7347211304115248,0.8481717295956109
NCCOc1ccc(NC(=O)NCC(O)c2ccccc2)cc1,-6.722,-5.52,4.011614263610099,3.1206930320042696,0.7416030704948389,0.8477088290157225
COCCONS(=O)(=O)Cc1cccc(CN)c1,-5.996,-4.629,3.98256876902333,3.0901677947969097,0.7484237375124492,0.847604913321552
COc1cccc(C(=O)NCC2Cc3cnnn3CC(N)C2)c1,-5.272,-4.731,4.067579624297477,2.8894044369039102,0.746646184882709,0.8470553080514723
Cc1ccc(NC(=O)COc2ccc(S(=O)(=O)NCC(C)C)cc2)nc1,-7.173,-5.425,4.118758793617319,2.8235808824965507,0.7411874998709821,0.8470484635776248
Cc1ccnc(NC(=O)c2ccc(OCC(=O)NC3CC3)cc2)c1,-7.519,-5.832,4.081802175510225,3.0025144462600006,0.7376236128057071,0.8468151597356479
CCN(C(C)C(=O)NCC(=O)NC)S(=O)(=O)c1cccc(C(F)(F)F)c1,-6.886,-5.082,4.041883842962338,3.023919311092807,0.743055433805117,0.8465848748571229
Cn1cc([N+](=O)[O-])cc1C(=O)Nc1cnn(CC(C)(O)c2ccc(Cl)cc2)c1,-6.958,-6.054,4.1047225241178005,2.9802813625562257,0.7350100228159508,0.8462950959381627
CC(Cn1c(=O)sc2ccccc21)C(=O)Nc1ccc(N2CCOCC2)cc1,-6.878,-5.856,4.040197643680319,3.1265757627154995,0.7364898862146211,0.8462704034255347
O=C(CN1C(=O)C2(CC2)c2ccccc21)N1CCC2CNCC2C1,-6.923,-6.103,4.011375948474538,3.2218238623487787,0.7341934510400934,0.8460412282435847
Cc1nc(CN(C)C2CC(C)N(Cc3noc(C)n3)C2)n[nH]1,-7.558,-5.188,4.088486639332456,2.9220629698895952,0.7412170648666119,0.8460095960771825
CC1CCc2c(sc(NC(=O)c3ccc(CSc4nc5cccnc5o4)cc3)c2C#N)C1,-8.512,-6.815,3.826032148322854,3.581299624438035,0.7284763181592073,0.8458662144933355
NC(=O)c1cc(Oc2ccc(NC(=O)CCNC(=O)C3CC3)cc2)ccn1,-7.866,-5.451,3.9738395790469454,3.2382052127683325,0.7389017622586574,0.8458569155909543
Cc1[nH]n(C2CNC(C)(C)C2)c(=O)c1C=C1NC(=O)NC1=O,-6.796,-5.694,4.131772743024476,2.883831652506782,0.7357250904411077,0.845113676597309
Cc1cc(Nc2ccc(N)cc2S(=O)(=O)O)nc(NCC(=O)O)n1,-6.851,-5.641,4.156335164540993,2.7992522215763267,0.7356610769250386,0.8448421438784247
O=C(Oc1ccc2c(c1)C(=O)N(C1CCCCC1O)C2=O)c1ccccc1,-7.747,-6.482,3.9037749678996607,3.4685398945377584,0.7291719010704053,0.844808926711194
CCOC(=O)c1ccc(-c2ccc(C=C(C#N)C(=O)Nc3ccccc3)o2)o1,-7.976,-5.892,4.131824536448759,2.931599904489014,0.7330797412773089,0.8444679130697232
CCOC(=O)c1cc2cc(SCC3CCCCC3)ccc2o1,-7.353,-5.356,4.075250421753245,3.0344984758605498,0.7367451772232424,0.8441999379236993
Cc1cccc(C)c1NC(=O)CNc1ccc(NC(=O)C2CCCCC2)cc1,-8.197,-6.035,3.795860640223769,3.5960451888150686,0.7309334063236393,0.8438611865785217
Cc1cc(-n2c(C)cc(C(=O)COC(=O)c3ccc(=O)[nH]c3)c2C)no1,-7.47,-6.055,4.038897498080385,3.215631353249312,0.7301875594330048,0.8435186240444122
C#CCCC(N)C(=O)Nc1ccc(NC(=O)CC)cc1,-6.221,-5.069,4.050950505745534,3.083210015551973,0.7376714985610665,0.8434544185720225
Cc1nnc(-c2nc(C)c(CC(=O)OC(C)C(=O)NCc3ccco3)s2)o1,-7.423,-5.662,4.047082652973621,3.162178679328541,0.7328113258089053,0.8432970597369149
O=C(Nc1ccccc1F)c1cccc(N2CCN(c3nccs3)CC2)c1,-7.96,-5.884,3.847797941680409,3.532986272263168,0.730644422948995,0.8430287945458146
CCC(C)N(C(=O)CCc1ccc(S(=O)(=O)N(C)C)cc1)C(CC)C(=O)NC1CCCC1,-6.21,-5.255,4.0986958901582335,2.99271348444852,0.7353083732539049,0.8429282258870808
CC(=O)N1CCCC1C(=O)N1CCN(c2cccc(C(F)(F)F)c2)CC1,-7.538,-5.541,4.057750238740674,3.136977844996678,0.7328355339750042,0.842775857697397
Cc1cccc(NC(=O)N2CCN(C(=O)CN(Cc3ccco3)C3CC3)CC2)c1,-7.299,-5.274,4.068137780360935,3.0816698395512785,0.7348818540046385,0.8427680133004951
CCCn1c(-c2ccc3c(c2)c(C)nn3C)nc2c(=O)n(Cc3ccccn3)cnc21,-7.429,-5.866,4.073106185701522,3.1433237186137872,0.7298084231521472,0.8424670338516341
C=CCn1c(SCCC(=O)NC2CCCc3ccccc32)nc2sc3c(c2c1=O)CCC3,-6.333,-5.85,3.8338789756589855,3.561309450188232,0.7295688299558811,0.8422582248040434
COc1ccc(CC(=O)Nc2ccc(NCc3ccc(F)cc3)nn2)cc1,-7.548,-6.328,4.140393821848352,3.032856079671438,0.7255412252115717,0.8420282363974104
Cc1ccnc(Nc2ncc3cc(NCc4ccc(C)o4)nnc3n2)c1,-7.952,-6.138,4.098186672175879,3.1379427974391128,0.7259272017387592,0.8414186180995201
Cc1nc(COc2ccc(Nc3ncc4cccc(Cl)c4n3)cc2)no1,-7.877,-6.183,4.172006351864771,2.941239874610707,0.7253392715497304,0.841275232656648
CCN1C2CCCC1N(c1ccc(OCCCNS(=O)(=O)c3cncs3)cc1)C2,-6.566,-5.05,4.115866858876754,2.97331885273006,0.7334779943047339,0.8409692672069938
Cc1ccc(CCNC(=O)CCc2nnc(NC(=O)c3ccn[nH]3)o2)cc1,-8.085,-6.35,4.000594455827783,3.3713151736377296,0.7235254731289196,0.8409540350399486
Cc1ccc([N+](=O)[O-])cc1S(=O)(=O)Nc1ccc(C(=O)Nc2ccccc2C(F)(F)F)cc1,-8.441,-6.556,4.136590987757914,3.1044862699003843,0.7215712538716392,0.8407175813076336
O=C(OCc1ccco1)c1cnc(-c2ccon2)n1-c1ccccc1Cl,-6.74,-5.33,4.116045067780478,3.0169022191645523,0.7308088939701711,0.8406770285103529
COC(=O)c1cc(C[S+]([O-])CC(=O)N(Cc2ccccn2)C(C)C23Cc4ccccc4CC2C3)c(C)o1,-7.6,-5.781,4.174370970577483,2.911294900898911,0.726577975383169,0.8402265293154492
CCCCCCCCCCCCCc1coc2cc(C)cc(OC)c2c1=O,-5.74,-4.462,3.809953018083031,3.525765732433171,0.7366396026586961,0.8401609330929866
CCOC(=O)Cc1csc(NN=Cc2cc(Cl)cc(Cl)c2OC(C)C)n1,-6.321,-5.232,4.12146818500398,3.005284013200749,0.7305741907903416,0.8401085516785939
CCCCCC=CC=CC=CC=CCCC=CC=C1CC(=O)NC1=O,-5.931,-5.324,4.173811447586008,2.866868849459285,0.72906001368089,0.8396440193478251
CCCNC(C#N)C(C)=Cc1c(C)nn(-c2ccccn2)c1C,-6.558,-5.018,4.092439492527653,3.0933978082361144,0.7299618130546788,0.8388094397778335
CC(c1cccc(Oc2ccccc2)c1)N1CCN(c2cccc(Cl)c2)CC1,-7.97,-6.008,4.031173650439782,3.329274095054358,0.722293013820496,0.8387404138471385
Cc1noc(CNCc2ccc3nnc(Cc4ccccc4)n3c2)n1,-7.914,-6.13,4.193559228149758,2.9504477626285808,0.7209003617927024,0.8384652708622119
FC(F)(F)Oc1ccc(-c2cccc(-n3ccnc3)c2)nn1,-7.647,-5.645,3.7025356176544735,3.755882985397708,0.7237392691747083,0.837986184424193
Cn1cccc(-n2c(SCC(=O)Nc3ccccc3F)nnc2-c2ccco2)c1=O,-7.342,-5.91,3.977779782743132,3.43266834984098,0.7214827948834055,0.8378406236497498
COc1cc(Br)cc(C(=O)NN=Cc2cc(Cl)c(Cl)cc2Cl)c1,-7.35,-5.459,4.143524345288682,3.0458102370305347,0.724173990921048,0.8374198845658517
COc1c(F)c(C=NOC(C)c2ccc(-c3ccccc3C#N)cc2)cc(O)c1C=O,-7.69,-6.462,4.136079665577055,3.181919860713025,0.7162667577383405,0.8372126396993074
CCCn1c(NC(=O)c2ncoc2Cc2cc(=O)[nH][nH]2)nc2ccccc21,-8.459,-5.97,4.206313112453708,2.9335161496061346,0.7195133562925576,0.8369587768825887
CC(=O)Nc1ccc(Nc2cc(NCCc3ccccc3C(C)C)ncn2)cc1,-7.415,-5.568,3.824411719467452,3.63879719138069,0.7222475050541242,0.8367840545930919
Cc1ccnc(NC(=O)c2ccc(OCC3CCCNC3)c(F)c2)c1,-7.17,-5.88,4.214336128027758,2.900060171789544,0.719859472511006,0.8367662350365885
CC(=O)Nc1cccc(C(C)N2CCN(C(=O)C3CCC3)CC2)c1,-7.398,-5.447,4.17570077950995,2.9876701625179445,0.7219851299859061,0.8361006323817622
Cc1n[nH]c(C)c1S(=O)(=O)N1CCc2cc(C(=O)N(C(C)C)C(C)C)ccc21,-7.07,-5.432,4.181384818454288,2.983429067365268,0.7212078591344001,0.8355845826822899
Cc1ccc(C(=O)Nc2ccc(C(=O)Nc3ccc(Cl)nc3)cc2)cc1,-7.165,-6.148,4.233573549615028,2.9101802349682764,0.7157372278609044,0.8355357559517367
Cc1ccn(C2CCCC2)c(=O)c1C(=O)Nc1ccc2c(c1)OCCO2,-7.127,-6.341,4.260495980516822,2.841325394952152,0.7142367460329173,0.8354993088814395
Cc1cn(C2CC(O)C(COP(N)(=O)Oc3ccccc3)O2)c(=O)[nH]c1=O,-7.198,-6.356,3.775984374967672,3.7650138113956495,0.7133804954980432,0.8350635437126103
Cn1nnc(C(=O)N2CCCC(Cc3ccn[nH]3)C2)c1C1CC1,-7.562,-5.325,4.151879213079301,3.0746557530884657,0.7208481293334433,0.8349062882394531
N#Cc1ccc(OCC(=O)Nc2ccc(Oc3cccc(Cl)c3)cc2)cc1,-8.408,-5.981,4.117761163545064,3.232481709151656,0.7156759343695054,0.8347718741599177
Cc1cccc(-c2nc3n(n2)C(c2ccccc2Cl)C(C(=O)Nc2cccc(Cl)c2)Nc2ccccc2-3)c1,-6.87,-5.43,3.881309830456724,3.594685799899624,0.719297230693653,0.8344682597660734
O=c1cc(N2CCC(NS(=O)(=O)c3cccc(C(F)(F)F)c3)C2)cn[nH]1,-8.37,-6.107,4.122495482107896,3.243879313414725,0.713993148444169,0.8343386479852842
Cc1cc(-c2ccccc2)nc2c(C(=O)N3CCC3CC(=O)Nc3cc(C(F)(F)F)[nH]n3)cnn12,-9.409,-6.64,4.140364355947433,3.2681531481862964,0.7090371662743581,0.8337472499142452
CC(c1ccccc1)N1CCN(C(=O)c2ccc(Cl)c(N)c2)CC1,-6.92,-5.267,3.663442097263173,3.8272635132689774,0.7190071336897619,0.8335849749984606
Cc1ccc(C)c(NC(=O)C(=O)Nc2cccc(C(F)(F)F)c2)c1,-8.036,-5.974,3.738539019456664,3.8033708733175104,0.7131476613507397,0.8332655883532472
CCC(C)NC(=O)c1nnn(C(C)(C)C(=O)Nc2ccccc2C#N)c1C,-7.296,-6.06,4.085762719493142,3.3398240971643998,0.7124552344198457,0.8332351629776165
COc1cc(CN2CCC(NC(=O)c3cc4ccccc4[nH]c3=O)CC2)ccc1O,-8.298,-6.468,4.209629674923912,3.092413458772937,0.7093296824511257,0.83317454371306
CCOC(=O)C(C)Oc1ccc(C=Nc2ccccn2)cc1OC,-6.336,-4.868,4.161906534270081,3.0491705429509848,0.7206985311154499,0.8328100090206979
COCCN(C)c1ccc(NC(=O)OCC2c3ccccc3-c3ccccc32)cn1,-7.353,-5.681,3.776306528871829,3.7562752827768096,0.7144468391633924,0.8327463062668048
CC1(C)CC1NC(=O)C=Cc1ncc(N)nc1N,-7.059,-4.991,3.837559380648071,3.6465991005318914,0.719559865633867,0.8326927878088284
Cc1nccn1CCOCCCC(C)(C(=O)O)C(C)C,-6.213,-4.554,4.193174215317079,2.9289153282401323,0.7221797937263811,0.8322803735180261
CCn1cc(C(C)NC(=O)CN2CC(C)OC(C)C2)c(C)n1,-7.05,-4.957,4.1709673937828855,3.054702767864657,0.7187294930827264,0.8320627793219045
CC(NC(=O)c1ccc2c(c1)OCO2)c1ccc(OCc2ccccc2F)cc1,-7.612,-6.717,4.199707251702195,3.1801160356188256,0.7051561476220066,0.8317944734861835
CC(C)CCn1ncc(Nc2ccc(S(=O)(=O)N(C)C)cc2)cc1=O,-6.572,-5.46,4.22869116867146,2.957347629211013,0.7140390766301921,0.831543702984021
CCCCOc1ccccc1C=NN=C1NC(=O)C(CC(=O)O)S1,-7.011,-5.165,4.215368548537601,2.9620729228025438,0.7162355200538274,0.8315299124077631
NS(=O)(=O)c1ccc(CCC(=O)Nc2cccc(C=Cc3nnn[nH]3)c2)cc1,-8.01,-6.566,4.288208250540078,2.913339835995794,0.7052368630391078,0.831190510302809
Cc1ccc(CN(C)C(=O)COC(=O)Cn2cc(C(F)(F)F)ccc2=O)cc1,-7.452,-5.737,4.175993055549781,3.152802087033056,0.7113139108151799,0.8311623206057956
CC(C)Cc1noc(Cn2cc(C(=O)N3c4ncccc4NC(=O)C3C)nn2)n1,-7.5,-6.027,4.273051134727971,2.909669568868604,0.7083241804212371,0.8306728110492931
O=C(O)N1CCN(CCCc2cccc3c(F)ccc(F)c23)CC1,-7.405,-5.976,4.271418616806364,2.913018537531129,0.7084555072387994,0.8305285093162049
NC(=O)Cc1nc(NC(=O)c2nc3ccc(-c4ccccc4)cc3s2)n[nH]1,-7.723,-6.606,4.320102892293191,2.8200540774956777,0.70379159057496,0.8305108494710004
Fc1ccc(CNc2cc(Cl)nc(-c3nnnn3C3CC3)n2)nc1,-7.792,-5.612,4.159933773511304,3.195419534270892,0.7111194901442986,0.8305043633099557
Cc1ccc(C)c(S(=O)(=O)n2cc(CN(C(=O)O)C3=CC=CCC=C3)c(C)n2)c1,-6.343,-4.769,4.192476475783733,3.0272340510769893,0.7165652034219149,0.8299836859446261
Cc1ccc(NC(=O)c2ccc(N3CCN(C(=O)OCc4ccccc4)CC3)cc2N(C)S(C)(=O)=O)cc1,-7.978,-6.375,4.24883913557574,3.054824872230812,0.7045103324661289,0.8299377810675439
Cc1ccnc(NS(=O)(=O)c2cccc(NC(=O)c3nc(Cl)ccc3Cl)c2)c1,-7.783,-6.662,4.193124014383547,3.236915043679708,0.7021855973830788,0.8298038572685209
CC(c1nc2ccccc2[nH]1)N(C)CCc1ccncc1,-6.704,-5.346,4.181230680074946,3.138402619167912,0.7113751293691893,0.8294938318440019
CC(=O)c1c(C)nn(CCC(N)c2cccnc2)c1C,-6.434,-5.113,4.082394762881218,3.340912899193872,0.7129224360163748,0.8293771031429121
Cc1nn(Cc2ccc(Cl)cc2Cl)c(C)c1C=C1C(=O)NC(=O)N(c2cccc(Cl)c2)C1=O,-8.043,-6.539,4.342538658434718,2.7650296562604897,0.7019391291239582,0.8291285960283327
CC(C)C(CNC(=O)CSc1nc2ccccc2c(=O)n1Cc1ccccc1)c1ccccc1,-6.295,-5.737,3.91211413432686,3.658661640545625,0.7077321326861272,0.829067045849709
CC1(C#N)CCCC2(C)C3=C(F)C=CC4=C(CC5OC(O4)C(O)C(O)C5O)C3CCC12,-5.888,-4.224,4.175660666289827,3.038611854120233,0.7188984191244915,0.8289326139613288
CCOP(=O)(OCCCN1CCN(Cc2cccnc2)CC1Cc1ccccc1)Oc1ccccc1,-5.911,-5.732,4.208323656754552,3.131353221851537,0.7069825555720514,0.8286061823745424
COc1ccc(Nc2nccn3c(-c4cccc(NC(=O)c5cccc(F)c5)c4)cnc23)c(OC)c1,-7.789,-6.566,4.254391848431453,3.101307788659488,0.7005271374950636,0.828410425292157
Cc1cccc(Nc2ccc(C(=O)Nc3ccc(O)cc3)nn2)c1C,-7.443,-5.953,4.280358629834653,2.955538867956231,0.7044326069549731,0.8280675728698698
CN(C(=O)Cn1ccc2cc(C(=N)N)ccc21)C1CC1,-6.443,-5.487,4.16570210168706,3.2256329611411148,0.7078775945378156,0.8280656491030169
CCc1cccc(C)c1NC(=O)CSc1nnc(CCC(=O)O)n1C,-6.626,-5.985,4.30319427867253,2.881397404038535,0.7040281343909649,0.8279682540652459
O=C(NCCCc1ccccc1)c1nnn(-c2ccc(C(F)(F)F)cc2)n1,-7.874,-5.96,4.231535300573539,3.1123634106575664,0.7040206345001737,0.827855685489045
Cc1cccc(NS(=O)(=O)CCC(=O)N2CCN(Cc3csc(C(C)C)n3)CC2)c1,-7.413,-5.937,4.0920784449958925,3.424464045657364,0.7039802349751152,0.8277324168979907
N#Cc1cccc(NC(=O)c2ccc(COC(=O)COc3ccccc3C#N)o2)c1,-8.054,-6.411,3.739497426125601,3.895994866526392,0.7004555232209597,0.827700994224205
COCCCOc1ccc(C(=O)Nc2ccccc2CN2CCCC2=O)cc1OC,-6.5,-5.133,4.237864910541627,3.020655723514352,0.7086380377148812,0.8269684219316057
COc1cccc2c1OCCC2NC(=O)CN1C(=O)c2ccc(Cl)cc2C1c1cccs1,-8.081,-6.138,3.8573777362348114,3.777112389114204,0.7011042110802266,0.8269073839572882
COc1cc(C=NNC(=O)c2cccnc2)ccc1C,-6.337,-5.31,4.194659700142552,3.1713143962716788,0.7066842062121996,0.8265978290332707
COC(=O)Nc1nc2c(s1)CN(Cc1nc3ccccc3[nH]1)CC2,-7.32,-6.094,4.19522323601498,3.250957705046316,0.7007521335983944,0.8265099572516905
COc1cc(C2C=C(CCC(=O)OC(C)(C)C)CC2)cc(OC)c1OC,-6.288,-4.731,4.202326260537132,3.08920669428253,0.7108644834482911,0.8265093126011083
Cc1ccc(OCCNC(=O)C2CCN(C(=O)C3COc4ccccc4O3)CC2)cc1,-8.519,-7.093,4.288870480674369,3.110229252000566,0.693502879070131,0.8264995037259784
Cc1[nH]ncc1S(=O)(=O)Nc1ccc(C(=O)N2C(C)CC3CCCCC32)cc1,-7.407,-6.146,4.159784008815842,3.336689077513816,0.7001614667140706,0.8263857289119634
CC(=O)c1cccc(NC(=O)c2ccnn2Cc2ccccc2)c1,-7.995,-5.975,4.2481064016806345,3.1078791804058272,0.7012632435634529,0.8262976607826703
Cc1ccc(NC(=O)C(C)NS(=O)(=O)c2ccc([N+](=O)[O-])cc2)nc1,-7.066,-6.297,4.278421321001474,3.0584306433202,0.698751971501666,0.8262034941356973
CCC(NC(C)C(=O)Nc1ccc(C(=O)NC)cc1)c1ccc(Br)cc1,-6.76,-5.802,4.273202663108783,3.0173203343364143,0.7022285808008281,0.8261183612816355
Cc1nnc(NC(=O)c2cccc(Nc3cc(C)n(C)n3)c2)o1,-7.909,-5.898,4.281887784610894,3.007715910786789,0.7011549124620886,0.8259013231744509
CC(Nc1ccc(C(N)=O)nn1)c1ccncc1F,-6.674,-4.819,4.230963247299602,3.035284171210334,0.7090271992850053,0.8258250156492825
O=C1CSC(=O)N1c1ccc(S(=O)(=O)Nc2ccc(C(F)(F)F)cc2)cc1,-7.679,-5.727,4.202814057271627,3.2138844098691544,0.7021634035984069,0.8257556224750139
O=C(c1ccc(OCc2ccccc2)cc1OCc1ccccc1)N1CCCC1CO,-7.385,-6.615,4.333992385780114,2.930748197986309,0.695463591949796,0.8256210612640356
CC(C)C(NC(=O)C1CCN(C(=O)c2ccco2)C1)c1ccc(Cl)cc1Cl,-7.854,-5.775,4.240801339369718,3.1282897883668004,0.7012604522230174,0.8254320059729798
Cc1ccc2c(c1)CCN(C(=O)Nc1ccc3oc(N)nc3c1)C2,-8.12,-6.228,4.164520980857222,3.357636222106261,0.6975910624878903,0.8252201783002543
Cc1ccc(Cl)cc1C(=O)NC(=S)Nc1nnc(C(F)(F)F)s1,-6.773,-5.267,4.249455259206761,3.0513380671436585,0.7046119623636761,0.8251982236532693
O=C1NC(=O)N(CN2CCCC2C(=O)O)C(=O)C1=Cc1cccc(Cl)c1,-6.816,-5.745,3.800552854519984,3.84167502529821,0.7002264256467309,0.824693637193137
Cc1ccc(NC(=O)C2CCCN2Cc2cc(=O)oc3ccc(C)cc23)cc1,-8.343,-6.731,4.348584137394607,2.923076632591078,0.6930195988257318,0.8246651948777077
CC1(C)CC(N2Cc3ccc(CN)cc3C2)CC(C)(C)C1,-7.443,-5.839,4.276297931622632,3.054456580146458,0.6993970792465026,0.8246108310778449
CC1CC(C)CC(NCc2cccc(C(=O)O)n2)C1,-6.919,-5.71,4.344310762364957,2.8127683871943665,0.699385817913272,0.8240473582945064
CC(C)COCCOCC(C)OCCCCCC(=O)O,-5.308,-4.188,4.28333806744226,2.824301860637421,0.7107100045035215,0.8240402782875703
CCC(CC)c1nnc(NCCCC(NC(=O)c2ccco2)C(=O)O)o1,-7.271,-5.261,4.297529639222979,2.9399051005091983,0.702017140735489,0.8236513568038006
Cc1ccc(CN(C)C(=O)c2nnn(Cc3ccco3)c2C)o1,-6.836,-5.289,4.2385499879086,3.127079308236363,0.7017553137347662,0.8236191320715034
CCCCCc1nnc(NC(=O)c2ccc(COc3ccc(CC)cc3)o2)s1,-7.34,-6.121,4.209918526527562,3.2846878086052564,0.6955374536006378,0.8235449817378525
NCCCCc1nc(CCOCC2CC2)cs1,-5.536,-4.459,4.201509014627958,3.139962260919707,0.7076289615442446,0.8234378646043485
CCn1nc(C(F)(F)F)c2cc(C(=O)N3CCN(Cc4ccco4)CC3)ccc21,-9.025,-5.402,4.199487944976148,3.247689948255528,0.7002408201799736,0.8232190725506119
O=C(OCC1CCN(C(=O)OC2CCCC2)C1)c1cccc(F)c1,-7.164,-5.355,4.170761800918388,3.3095922709602754,0.7004696867408765,0.8231501349528705
Cc1cccnc1C(c1ccco1)N1CCN(C(=O)CCN2CC(=O)NC2=O)CC1,-7.553,-5.879,4.283387094344849,3.091757752476736,0.6957234533341977,0.8226144532583856
CCN(CC)S(=O)(=O)c1ccc2c(C(=O)Nc3cc(C)ccc3C)cccc2c1,-7.078,-6.121,4.278429735311777,3.1348424202820784,0.6938438348302152,0.8225417134544998
CCNC(=O)c1cccc(NC(=O)CNC(c2ccccc2)C(F)(F)F)c1,-7.543,-5.386,3.979493686387755,3.647649380080274,0.6991018690534131,0.8224801229866872
CCc1nnc(NC(=O)C(C)N2CCN(Cc3cc(C)on3)CC2)s1,-6.685,-5.66,4.307518427122512,2.9953383782137206,0.6969904291590103,0.822419413064048
Cc1cc(C2CCN(C(=O)c3cc4n(n3)CCC4)C2)n[nH]1,-7.836,-5.279,4.025662057351561,3.576987279820827,0.6997102917413389,0.8223748938606169
CSc1ccccc1C(=O)Nc1ccc(Cn2cccnc2=O)cc1,-7.139,-5.449,4.302299966297096,2.987498786610633,0.698440534941861,0.8223632752113751
O=C(Nc1ccc2c(c1)OCCCO2)c1ccc(COc2ccc(Cl)cc2)o1,-6.68,-5.055,4.238019466684881,3.1398487224705613,0.7009940584851151,0.8221578476696257
O=C(NCc1ccc(-c2cn3ccccc3n2)o1)c1ccccc1-n1cnnn1,-7.116,-6.69,4.370350214799725,2.9162199848433925,0.6890916352533083,0.8221499990778685
O=C(COC(=O)CNC(=O)c1cccnc1)NC1CCCC1,-6.171,-5.394,4.210231347562743,3.245938385120703,0.6984533831758982,0.8221331478062438
Cc1ccoc1C(=O)N1CCC2(CCN(Cc3ccccc3)C2=O)C1,-7.493,-5.953,4.295735909014892,3.0766281868305114,0.6943487971653666,0.8221193998021608
COP(=O)(OC)N1CC2(CCC(C(O)C(N)=O)C2)C1,-5.632,-4.484,4.175086825444472,3.240304306697135,0.705123516376604,0.8220879340431075
CC(c1nc2ccccc2s1)S(=O)(=O)N(C)CCN1CCN(C)CC1,-6.067,-5.355,4.2664580157315495,3.095557138868544,0.6986529062006689,0.8220819558948538
CCOc1ccc2c(c1)CC(C)N2C(=O)NCc1nc(C)no1,-6.716,-5.161,4.283735869541912,3.02110112376266,0.7000133459449545,0.8220418989419845
CCN(c1ccccc1)c1nccc(C(=O)Nc2ccc(OC)c(OC)c2)n1,-7.155,-5.817,4.30705572288077,3.029409678468729,0.6950815674093029,0.8219681886449501
CN(CCCCN1CC(O)CC1c1cccc(F)c1)C1CC1,-6.454,-4.898,4.267531136383189,3.0419569359213483,0.7018113222293982,0.8219552441153614
Cc1nn2c(C(C)C)ccnc2c1C(=O)Nc1nc2c([nH]1)CCCC2,-7.089,-6.281,4.208691720713219,3.3364749362163657,0.691615473146274,0.8219050769408377
CCCCCCCCOc1ccc(C(C)=O)cc1-c1ccc(S(C)(=O)=O)cc1,-5.964,-4.58,4.1929657761541534,3.2183620057414304,0.703593822893361,0.8216140957418842
Cc1ccc(C)c(Cc2cnc(C3CCCN3C(=O)C3CCOC3=O)o2)c1,-7.412,-6.122,4.32088185443666,3.032159131707965,0.6922674881033596,0.8216111009002698
CC1CCc2c(sc(NC(=O)CSc3nnc(Cc4ccc(Cl)cc4)n3C)c2C(N)=O)C1,-7.939,-6.875,4.120939334666309,3.553663461837657,0.6868422050811472,0.821594235743801
CCOC(=O)c1ccccc1NC(=O)C(=O)Nc1ccc(Oc2ccccc2)cc1,-7.334,-6.073,4.316440199979608,3.0410827019336386,0.6925859134035858,0.8215899144465759
CCc1onc(C)c1C(=O)NCc1nc(-c2ccccc2OC)no1,-7.691,-5.629,4.071118887971707,3.5488894037430923,0.6954245574071855,0.8213615379213419
Cc1[nH]cnc1CNC(=O)c1ccc(NC(=O)C(C)(C)C)cc1,-7.184,-5.027,4.050899406304727,3.538528931632466,0.699701606712976,0.8212782172585875
CCOC(=O)CCCNC(=O)Nc1nc(-c2ccccc2)cs1,-6.101,-4.824,4.226044367963971,3.1735697565990253,0.7008593151857564,0.8210762626856818
CCC(CNC(=O)c1ccc(C)o1)N(C)Cc1cccc(OC)c1,-6.544,-4.986,4.2979788273094135,2.9807198794922,0.6996542666902263,0.8210727055918625
COc1cc(C=Nn2c(C(C)C)nc3ccc(Br)cc3c2=O)ccc1OCc1ccc(F)cc1,-7.398,-5.758,4.335244514442063,2.960447263505972,0.6936041699660118,0.8208405724506239
C[S+](N)CC(=O)Nc1ccn(CCN2CCOCC2)n1,-5.535,-4.777,4.304551660742382,2.9398818003450407,0.700669793110386,0.8207611326540607
Cc1cc(N(C)CC(C)C(=O)O)nc(-c2ccco2)n1,-7.321,-5.6,4.315595671515115,3.009740852631668,0.6946049492034181,0.8207525223956315
Cc1[nH]c(CC(=O)Nc2ccccc2O)c(C)c1CC(=O)O,-6.748,-6.144,4.338556672443038,3.007118388091828,0.69032351907181,0.8205508693710895
CC(Oc1cccc(C(=O)Nc2ccc(Cl)cn2)c1)C(N)=O,-7.222,-5.751,4.29139720836932,3.1109929283108317,0.692977342168819,0.8204395011255551
CC(C)(C)c1noc(CCN=C(N)Nc2cccnc2)n1,-6.42,-5.473,4.178265070576542,3.3617730440944404,0.6948575169559529,0.820354621577652
CC(C)OC(=O)c1cccc(N2C(=O)C(Cl)=C(Nc3ccc([N+](=O)[O-])c(N4CCC(C(N)=O)CC4)c3)C2=O)c1,-8.461,-6.293,4.314549918589424,3.106423989090993,0.6888856168024791,0.8203326845492185
CCC(CC(=O)N(C)Cc1ccc(C)o1)N(C)c1ccc(C#N)c(Cl)c1,-7.01,-4.885,4.237735834145399,3.176471470043451,0.6985239660024188,0.8199715815986879
CC1(C)NC(NCCN2C(=O)c3ccccc3C2=O)=NC1=O,-6.888,-6.135,4.363431791606234,2.936354372346771,0.6893938826269904,0.8199596816602991
C=CCn1c(SCC(=O)Nc2cc(C)no2)nnc1-c1ccco1,-6.583,-5.644,4.295799576330348,3.099891288416418,0.6928622866634278,0.819911492780665
CC(C)(C)OC(=O)NCCC1CCN(C(=O)OC(C)(C)C)CC1,-6.109,-4.836,4.318427260010291,2.9333780867798134,0.6983452082583778,0.8196542842567124
COc1cccc(OC)c1C(=O)NCc1cn(CCNC(C)=O)c2ccccc12,-7.15,-5.476,4.307418020113674,3.0538334925139585,0.6935383276030154,0.8195884442930292
O=C(Nc1nnc(Cc2ccc(Cl)cc2)o1)c1coc(N2CCOCC2)n1,-8.257,-6.815,4.387794434565048,2.949519452385423,0.6838659882076178,0.8195575626206336
CCCNC1CCC(OCc2nnc(C)o2)CC1,-6.09,-4.769,4.314030482043444,2.9447237561441986,0.6985788924405595,0.8195008874665473
Cc1ccccc1NC(=O)C(C#N)=Cc1ccc(OC(=O)C=Cc2ccccc2)cc1,-8.916,-6.998,4.305596590485457,3.232318827096114,0.6819791519686124,0.8192016243935825
Cc1cc(Cl)ccc1OCc1ccc(C(=O)Nc2cccc(F)c2)nc1,-7.901,-6.102,4.254843945434427,3.2736966872329525,0.688282127315281,0.8191572016036347
CCC(C)CNc1cccc(C(=O)Nc2nc(C)no2)c1,-6.656,-5.146,4.249245344764174,3.2000839051499885,0.6947458717028866,0.8188784562120941
COc1ncc(NC(=O)Oc2ccc(N(C)C)c(C)c2)nn1,-6.7,-4.99,4.310112411527105,3.0069181897750394,0.6958220596503782,0.8188382862099481
Cc1nn(-c2ccnc(NCc3c(C)nn(C)c3C)n2)c(C)c1C,-7.512,-5.706,4.099871827264847,3.5508197645050923,0.6905803451085043,0.8188262644452803
O=C(Nc1ccc(S(=O)(=O)N2CCOCC2)cc1)c1ccc(F)c(F)c1,-7.535,-5.893,4.281019154360326,3.2090503268101003,0.688239970366861,0.8182382179548988
Cc1cc(C(=O)Nc2ccccn2)nc(NCc2ccccn2)n1,-7.068,-5.636,4.237767572673141,3.2929922562921394,0.689890754554316,0.8181170733395006
C=CCNC(=O)C(CO)NC(=O)C1Cc2cc(C)c(C)cc2N1S(=O)(=O)c1ccc(OC)cc1,-7.287,-5.629,4.224593353211643,3.3238137733633635,0.689812904647866,0.8180408816771868
Cn1nncc1NC(=O)c1ccc(S(=O)(=O)N2CCN(c3cccc(C(F)(F)F)c3)CC2)cc1,-8.539,-6.606,4.351820193895883,3.0892929611806,0.6828120811859293,0.818038741576029
c1csc(N2CCN(Cc3nc4ccc(C5CC5)cc4[nH]3)CC2)n1,-6.936,-5.902,4.1670057595352565,3.4636404259102886,0.6878003863824201,0.8180153697821034
Cc1ccc(-c2nnc(C(C)NC(=O)c3ccco3)o2)o1,-7.552,-5.987,4.364347488456895,2.974858147878651,0.687115083089977,0.8179710953491071
Cc1ccc2oc(-c3ccc(NC(=O)c4nnn(C)n4)cc3)nc2c1,-7.738,-6.537,4.332309084079759,3.1420066836338862,0.6831790982489879,0.8179654138832341
CCc1ccc(C(=O)Nc2ccc(NN=C(C#N)C(N)=O)nc2)cc1,-7.255,-6.377,4.344715065455962,3.0898836547676023,0.6841492194024387,0.8178653132963069
CCc1ccccc1NC(=O)CN1CCN(CC(=O)Nc2c(C)cccc2C(=O)OC)CC1,-7.677,-5.6,4.394189458819453,2.8071202325515023,0.6897071672292174,0.8178537680710728
CCC(CS(C)(=O)=O)NC(=O)c1ccc(COc2ccc(Cl)cc2)o1,-6.6,-5.64,4.348140522108272,2.9929298354622342,0.6892726029422044,0.8177676222663626
COC(=O)c1ccc(NC2=C(c3ccc(F)cc3)C(=O)N(CCCc3ccc(Cl)cc3)C2=O)cc1,-8.117,-6.083,4.365907122237028,2.993968770712214,0.6857367890849811,0.8175600596041485
O=C(O)COc1cccc(C=C2N=C(c3cccc(C(F)(F)F)c3)N=C2n2cccc2)c1,-7.943,-6.785,4.410497931073088,2.92349756285173,0.6807068711371974,0.8175353247089578
CC(O)c1cnc(N2CCC(C(C)O)CC2)s1,-5.355,-4.55,4.341926415774454,2.877166835621459,0.6967031059630878,0.8174508423055631
Cc1cccnc1NC(=O)c1nc(C(F)(F)C(F)(F)F)n(-c2ccc(Cl)cc2)n1,-7.921,-6.096,4.2455196383952805,3.3313898000684343,0.6854431641481338,0.8174404672464844
Cc1nnc(NC(=O)COC(=O)c2cnn(C(C)C)c2-n2cccc2)s1,-6.964,-5.749,4.340964639339971,3.0405647501738886,0.6878912483623638,0.8174145934563425
CCC(C)Nc1nc(NC(C)CO)nc(N(C)CC)n1,-6.479,-4.699,4.286368859536006,3.090295455130463,0.6952552141181935,0.8172461450096047
Cc1nnc(NC(=O)c2ccc(CN(C)c3ccc(Cl)cc3)cc2)s1,-7.937,-5.841,4.373792061815467,2.9483315620872763,0.6867056121996282,0.8171033128174416
Cc1ccc(C)c(C(C)NC(=O)CCNc2ccccc2S(C)(=O)=O)c1,-6.584,-5.436,4.359256129203696,2.950225076159444,0.689468627878751,0.817008503977912
Cc1ccccc1OCCNC(=O)CCNS(=O)(=O)c1ccc(Cl)s1,-5.914,-5.607,4.303854319095849,3.1482495136186395,0.6881704375521163,0.8169721334881452
CCC(C(=O)Nc1ncc(CC(=O)O)s1)N1CCc2oncc2C1,-6.612,-5.968,4.347232107904983,3.064498164463473,0.6852319835383991,0.816768371309661
CC=CC=C(COCCCCN1CCC2SC(Nc3ccc(OC)c(Cl)c3)=NC2C1)NC=CC,-7.416,-4.974,4.166778731826302,3.4176187616526224,0.6920091447705037,0.8165227128332494
Cc1cccc(NC(=O)C2CC(=O)N(c3ccc(OC(F)(F)F)cc3)C2)n1,-8.044,-5.87,4.33429336801283,3.108063223295176,0.685005526859385,0.8162150633833125
NNc1nc(-c2cccc(NC(=O)CCN3CCCCC3)c2)cc(=O)[nH]1,-8.457,-6.571,4.365562850309224,3.0926449844752626,0.6799343277504024,0.8161647518520263
Cc1cc(C(=O)CSc2nnc(Nc3cccc(C)c3C)s2)c(C)o1,-7.589,-6.368,4.3860402414934585,3.0065079411170688,0.6810574557351251,0.815976981254952
O=C(NC1CCS(=O)(=O)C1)c1cnc(N2CCOCC2)nc1,-6.112,-5.055,4.389868904648521,2.8097610218664517,0.6904534479226417,0.8159531802126926
CCOc1ccc(NS(=O)(=O)c2cccc(S(=O)(=O)Nc3ccc4[nH]c(=O)[nH]c4c3)c2)cc1,-8.26,-6.444,4.413247670367028,2.9214539188561583,0.6802605089004149,0.8158219053488271
CC(NCc1ccc(C2NC(=O)c3ccccc3N2)o1)c1ccccc1,-7.961,-6.374,4.396697283188826,2.977292058230097,0.6805823833987094,0.8157178081061037
CCCCCCCCc1cccnc1C(=O)NCCCCCCNC(O)CC(C)NCCCN,-6.204,-4.551,4.308161788976825,3.0503030996935365,0.6936116390684393,0.815639523223949
O=C(Nc1cc(=O)cc(Cl)o1)C1C=c2c(cc(O)c3ccccc3c2=O)=CC1,-7.801,-5.359,4.387278655385363,2.879839231623877,0.6875872623636189,0.8155628387404981
CC(C)c1cc(N2CCC(NC(=O)OC(C)(C)C)C2)nc(C(C)C)n1,-7.077,-5.41,4.371121823971508,2.958274666084946,0.686693732945951,0.8152513325759341
CCOc1ccc(S(=O)(=O)N(C)C(C)C(=O)N(C)c2ccc(F)cc2)cc1C,-7.328,-5.642,4.387718883429065,2.928739660673172,0.684987124077767,0.8152300167496561
COc1ccc(C(=O)O)cc1C(C)NC(=O)CSc1nnc(C(C)(C)C)o1,-7.134,-5.467,4.387536666513454,2.90712366438031,0.6861494919329097,0.8151723371598292
O=C(Nc1nn(Cc2ccccc2F)cc1Br)c1ccnc(-n2cccn2)n1,-7.618,-6.629,4.370927819124905,3.1095681372177717,0.6778253484263583,0.8151434151890685
Cc1ccccc1C(=O)NC(=Cc1ccc(N(C)C)cc1)C(=O)Nc1cc([N+](=O)[O-])ccc1N1CCCC1,-7.012,-6.193,4.428172309203878,2.850992984908942,0.6807630542707523,0.8150572973317133
COc1ccc(N2CC(c3nc4ccccc4o3)CC2=O)cc1,-7.455,-5.582,4.335682760534953,3.1044461663878136,0.6849694659654494,0.8149629811286573
COC1CC(O)CC2(C)C1=CCC1C2CCC1(C)C(=O)Nc1nnc(C)s1,-7.603,-5.725,4.046475503447414,3.6930392632627127,0.6837692644619129,0.8148594025751971
Cc1nnc(NC(=O)C2CCCN(C(=O)c3ccc(OCCn4cccn4)cc3)C2)s1,-7.877,-5.753,3.451679880869603,4.19805693148628,0.6835452580309072,0.8148454243561988
CCc1sc(CC(=O)N(C)Cc2ccccc2F)nc1C(=O)OC,-6.442,-5.531,4.313182699585075,3.1707443920947016,0.6848855785044725,0.8146949770543453
Cc1[nH]ncc1S(=O)(=O)NCCC(=O)Nc1ccc(F)cc1,-6.678,-5.509,4.3270907085477175,3.12949532672602,0.6849989599938577,0.8146683022332746
Cc1cc(C(F)(F)F)n2nc(C(=O)Nc3cc(C#N)ccc3Nc3cccnn3)nc2n1,-8.674,-7.092,4.355834133664872,3.2149433898593003,0.6737005445052098,0.8146098721240442
COC(=O)C1=C(CSc2nnc(COc3ccc(Cl)cc3)s2)NC(=O)NC1C,-6.87,-6.02,4.4095760567201925,2.9280864058289,0.6806525522623326,0.8142557287433076
CCCNC(=O)C1C2CCC3(S2)C1C(=O)N(C(C)c1ccccc1)C3C(=O)Nc1ccc(OC)cc1,-7.228,-5.902,4.129756772498835,3.595519851148094,0.6811097874908847,0.8140270123382455
COc1ccc(CN2C(=O)COc3cc(NC(=O)c4ccccc4C)ccc32)cc1,-8.391,-6.168,4.171993408431993,3.54621685744118,0.6790579886513222,0.8139298369137817
CCN1C(=O)CC(NC(=O)c2cccc(NC(=O)c3ccc(C(F)(F)F)cc3)c2)C1=O,-8.018,-6.428,4.390386771117096,3.058718849453149,0.6771468033071599,0.8138849400181981
COCCn1c(N2CCC(C(=O)Nc3ccc(C)cn3)C2)nc2c1c(=O)n(C)c(=O)n2C,-7.41,-5.618,3.8996289567085727,3.874704246778069,0.682646079136099,0.8137333125314838
CCCCCC1CCC(CCCCCCCC(O)CO)OC1,-5.619,-4.87,4.355980945780181,2.9896625227607205,0.6879262120586754,0.8136631324556312
Cc1ccc(C(CN)N2CCN(CC3(C)CC3)CC2)o1,-6.442,-4.564,4.097588681163594,3.560306447484541,0.6899902329979565,0.8135635700835707
CC(C(=O)Nc1cccc(C(N)=O)c1)N(C(=O)c1cc(Cl)cc(Cl)c1)C1CC1,-7.255,-5.504,4.077006377233178,3.656401099441908,0.6831038363233611,0.8135192277421154
O=C(Cc1c(Cl)cccc1Cl)N1CCCC(c2ncc(Cc3ccc(Cl)cc3)o2)C1,-7.563,-6.272,4.138130254112357,3.616325483138929,0.6775547632037201,0.8134692739446271
COc1ccc(S(=O)(=O)N(C)C)cc1C(=O)OCc1ccc2ccccc2c1Br,-7.324,-6.095,4.313915738630043,3.256655032391364,0.6786368892606969,0.8133676099449046
O=C(Nc1ccc2[nH]c(=O)oc2c1)c1sc2ccccc2c1Cl,-7.506,-6.418,4.408187042311158,3.015401465808492,0.6761549869682586,0.8132463742337362
CCC(CC1CCC(=O)CC1)OC(C)N1C2CCC1CC(NC(=O)OC(C)(C)C)C2,-6.517,-5.502,4.20098440844524,3.4574855025003357,0.6825084258427052,0.8131560681099783
Cc1cc(Cl)ccc1Oc1ncnc(Nc2ccc(N(C)N=Cc3ccccc3)c(C)c2)c1N,-8.688,-6.128,4.421662696316851,2.9325843551379718,0.677986548514941,0.8131177925419643
COc1ccc(Cl)cc1Nc1ccc(C(=O)Nc2ccc(F)c(Cl)c2)nn1,-7.506,-5.997,4.247388374048222,3.40847854621384,0.6786710532898125,0.8129719647194259
CCOCc1nc(-c2cc(C(=O)N3CCCC3)ccc2C#N)no1,-6.91,-4.995,4.316177012125429,3.1516448086673723,0.6856104160296376,0.8128290418747514
O=C(NCCc1nc(-c2ccccc2)c(-c2ccco2)s1)c1cccnc1,-7.14,-6.108,4.402091889090912,3.0107917563325444,0.6776309444624766,0.8128196992525717
COc1cc(CNc2cccnc2Cl)ccc1OCC(N)=O,-6.489,-5.119,4.314959675361984,3.1701037837900525,0.6845930547153415,0.8127573103657004
Cc1nncn1-c1cccc(NC2=C(O)C(=O)N(c3cccc(Cl)c3)C2=O)c1,-7.9,-5.811,4.306062122171485,3.267286335783872,0.6793147894667735,0.812566698671648
Cc1ccc(=O)n(CC(=O)Nc2n[nH]c(Cl)c2C#N)n1,-7.203,-5.455,4.194891893720265,3.478339977633008,0.6816459081321703,0.812441494909669
CC(=O)c1c(C)[nH]c(C(=O)OCC(=O)Nc2ccc(C)cc2C)c1C,-7.61,-5.963,4.441178222048738,2.854881083337799,0.6779278130589113,0.8123823452212163
CCN(CC(=O)N(C)C)C(=O)N1CCN(Cc2cc(C)no2)CC1,-6.731,-5.204,4.2787168637338,3.2824763517807702,0.683235434355309,0.8123148333669592
O=C1NC2(CCCC2)OC(=O)C1=Cc1ccc(-c2cccc(Cl)c2)o1,-8.393,-6.213,4.228221020713085,3.478060522762651,0.6758631123769236,0.8122033997417697
N#CCN1CCN(CCOc2ccc(C#N)cc2Cl)CC1,-6.175,-5.394,4.359384474900097,3.084955429175599,0.6816146572986217,0.8121624510398191
CCc1c(C2CC2)nc(-n2ncc(C(=O)Nc3cc(C)ccc3C)c2C2CC2)[nH]c1=O,-7.588,-5.779,4.122694992356335,3.6290850086488735,0.6787293515368304,0.812080425918455
COC1(OC)CC(NCc2ccc(-n3nc(C)cc3C)cc2)C1,-6.369,-4.708,4.363516471837822,2.9908737853677474,0.6863811050066294,0.8120525095019069
CCc1cc(CN2CCn3nc(C(=O)O)cc3C2)n(C)n1,-7.249,-5.353,4.373820412408357,3.038505060058318,0.6816079546397249,0.8119833753601305
Cc1nc2ccccc2c(=O)n1-c1cc(NC(=O)C2(C(=O)O)CC2)ccc1Cl,-7.967,-6.76,4.437973974687097,2.9942322889181465,0.67137610738807,0.8118076410448878
COC(=O)CC1C[N+](C)(C)C(c2ccc([N+](=O)[O-])cc2)OC1c1ccc(Cl)cc1,-7.489,-5.707,4.411575795563303,2.9577112773223835,0.6786790666982419,0.8117441369560718
CCOC(=O)CN(C)C(=O)C1CCCN(c2cc(C)ccc2OC)C1=O,-6.441,-5.701,4.431370104155148,2.880590564450284,0.6786702589390836,0.811713347380808
Cc1ccc(S(=O)(=O)NCC(=O)Nc2nc(-c3ccc(F)c(F)c3)cs2)cc1,-7.91,-5.799,4.426330421466521,2.914762082915174,0.6779685031497246,0.8117101237905842
O=C(NCC1CCC(c2nc3ccccc3o2)CC1)c1cc2ccccc2[nH]1,-8.52,-6.532,4.273517169732679,3.422878759173337,0.672727109941015,0.8116631685422827
O=C(O)c1ccc(-c2ccc(-c3cn4ccccc4n3)s2)cc1,-6.927,-5.735,4.374103450994272,3.093956205249195,0.6781872750142383,0.811569027057834
O=C(C1Cc2ccccc2O1)N1CC(Nc2ccccc2)(c2cccnc2)C1,-7.488,-5.998,4.153916344848557,3.6041016911291504,0.6762221679819832,0.8115081334446634
CCCCc1nnn(-c2ccc(S(=O)(=O)Nc3ccccc3C(F)(F)F)cc2)c1C,-6.828,-5.481,4.153657785614986,3.570147475945496,0.6797489363505539,0.8114210453680255
CCc1[nH]nc(NC(=O)c2ccc(-c3nn[nH]n3)s2)c1C,-6.738,-5.517,4.39653568164754,2.9999301658538644,0.6793509746412005,0.811336860789305
CC(C)(C)OC(=O)N1C(=O)NC2C1CC=CN2c1ccn(C2CCCC2)c(=O)n1,-7.41,-5.861,4.380610231463191,3.094952019014189,0.6768529597425268,0.811305249218314
CCCCn1c(=O)[nH]c(=O)c2c1ncn2CCCCCCC(=O)O,-6.414,-5.196,4.421652632217958,2.8620716273356965,0.6815499003579961,0.8112780367453062
COC(=O)C1CCc2[nH]c3c(c(=O)c21)C(=O)N(c1ccc(C)cc1)C3=O,-7.001,-6.93,4.423451480461834,3.0802210959604834,0.6692983864588913,0.8112643731612599
CCOC(=O)c1cnc(CNC(C)c2cccc(Br)c2)o1,-6.722,-5.496,4.384078124303899,3.0426018471038896,0.6793493288839227,0.8112464129040169
CN1Cc2c(C(=O)NCc3cccs3)n[nH]c2C1C(=O)O,-6.471,-5.541,4.414126527411737,2.9442516876109623,0.6788872547050169,0.8111621062744685
CC(C)COc1ccc(C(=O)Nc2ccc(S(=O)(=O)N3CCC(C)CC3)cc2)cc1,-7.254,-5.625,4.2216372416397885,3.464386237127725,0.678271966721832,0.8111518705125377
Cc1ccc(CN2CC(c3cc(C(N)=O)n[nH]3)CC2=O)cc1,-8.01,-5.628,4.42932015099383,2.906157772730173,0.6778032916342319,0.8108843337411838
CCCOc1ccccc1N1CCCC(N2CCN(Cc3cc(C)no3)CC2)C1,-7.226,-5.634,4.434776882775503,2.892633056576656,0.6773791885285195,0.8106561156380013
COC(=O)c1[nH]c(C)c(C(=O)COC(=O)c2cccn2S(=O)(=O)c2cccc(C)c2)c1C,-7.398,-6.488,4.447074206711643,2.961230825180637,0.6713327422252451,0.8106361940912541
Cc1cc(NC(=O)C(C)Sc2nnc(C)n2N)no1,-6.551,-5.326,4.352712602504328,3.140362717903777,0.6793696845657166,0.8105339507321152
O=C(Nc1cnn(Cc2ccccc2)c1)c1ncn[nH]1,-7.366,-5.564,4.410277315543774,2.98765024726791,0.6773012940457662,0.8103118813044916
CCCCCCCCCCCCCCCC(=O)OC(C=O)CC(=O)O,-4.916,-3.783,4.367381137478157,2.906291451317297,0.6901956682622254,0.8103072358721813
CCOC(=O)c1c(C)c(SCC(=O)NN=C(C)C(=O)NCc2ccco2)n(-c2ccccc2)c1C,-6.984,-5.865,4.356779200280867,3.1927646327281947,0.6750633589170343,0.8102489482534413
N#Cc1ccc(C(=O)COC(=O)C=Cc2ccc(NC(=O)c3ccco3)cc2)cc1,-7.691,-6.537,4.467952775041384,2.8979491023825803,0.6703398184568886,0.8102427694287955
Cc1cc(CS(=O)(=O)CCC(=O)N2CC(NC(N)=O)C(C)(C)C2)on1,-7.18,-5.545,4.431205027980537,2.908869367984749,0.6772835730222007,0.8102204795469383
CCOC(=O)c1cccn(Cc2ccc(F)cc2)c1=O,-7.178,-4.931,4.135135910704749,3.5828326782031006,0.681533670250892,0.8101349586474552
COc1ccc(S(=O)(=O)N2CCN(Cc3cn4cc(Cl)ccc4n3)CC2)cc1,-7.231,-5.662,4.202425728076583,3.5214880377476785,0.6762675325736968,0.8101095808968217
Cc1cc(C(=O)N2CCN(Cc3nc(-c4ccccc4Cl)oc3C)CC2)n[nH]1,-7.491,-6.693,4.377320984346475,3.227723810985072,0.6686669026695559,0.8098866548122651
Fc1ccccc1N1CCN(CCn2cc(Cl)cn2)CC1,-6.624,-5.116,3.992321254608652,3.7988658833920415,0.6792974410821029,0.8095948923381661
Cc1nnc(C(C)OC(=O)c2ccc(OCC3CCCO3)c(Br)c2)o1,-7.351,-5.382,4.407554991148721,2.995997663550492,0.6773790381139057,0.8095840101852185
Cc1ccccc1S(=O)(=O)N1CCN(C(=O)c2ccc(F)c(F)c2)CC1,-7.767,-5.775,4.30608929308253,3.333576307811177,0.6741917671640107,0.8093443760939503
Cc1ccc(-c2csc(NC(=O)c3ccccc3OCc3cccnc3)n2)cc1F,-7.775,-6.475,4.04399431255782,3.819801565526671,0.6689774858460459,0.8091582757760656
COc1cc(C(=O)N(C)Cc2cnn(-c3ccc(F)cc3)c2)ccc1F,-7.314,-5.842,4.37009999885586,3.179432024749074,0.6734066278488352,0.8091567078248327
CCOc1ccc(NC(=O)C2CCCN(C(=O)OCc3ccccc3)C2)cc1,-7.762,-5.792,4.399893862356227,3.086597641416842,0.6735795350967373,0.809048821978694
O=C(C1CC1)N1CCCN(Cc2nc3c(Cl)ccc(Cl)c3o2)CC1,-5.072,-3.713,4.03678002868623,3.664274825937598,0.688521608697179,0.8090209101543101
COc1ccc(Cl)c(C(=O)NCCNc2ccnc(C)n2)c1,-6.674,-4.831,4.392545275805363,2.9971241215538607,0.6803011985871416,0.8089743812975818
CC(C)c1nc(CN(C)Cc2nnc3n2CCCC3)no1,-6.83,-5.401,4.183045421699363,3.556680053083213,0.6761460834074569,0.8089276809387008
O=C(Nc1ccc(Cl)cc1)C1CCN(c2cc(N3CCOCC3)ncn2)C1,-7.831,-5.941,4.429397588837562,3.010183715323701,0.6722093370846124,0.8088557596069944
Cc1nn(CC(=O)Nc2ccccc2Cl)c(C)c1[N+](=O)[O-],-6.513,-5.241,4.325774034782676,3.248084050636621,0.6770374231227996,0.8087795536878362
Cc1nccn1Cc1ccc(NC(=O)c2ccc(CS(C)(=O)=O)cc2)cc1,-7.28,-5.695,4.401170412515288,3.0805905278046937,0.6736954282623661,0.8087074103679421
CC(=NNc1ccc([N+](=O)[O-])cc1)c1ccc(OCc2ccc(F)cc2)cc1,-7.88,-5.916,4.45257229026099,2.9323045544417803,0.6717385605494832,0.8084667981832742
Cc1nn(C)c(C)c1NC(=O)CSc1nc2ccccc2[nH]1,-6.899,-5.438,4.292068149505551,3.359291889669607,0.6747046857837643,0.8082221523434177
CCOc1ccccc1NC(=O)C(C#N)=Cc1cc2c(cc1C)CC(C)(C)N2C,-7.767,-5.649,4.261040952631175,3.4443473982744544,0.6730876531276977,0.8081476431760334
Cc1nccnc1NC(=O)C1CC(C)NC(C(F)(F)F)C1,-7.516,-5.188,3.585227189453968,4.165297228289958,0.6762664953417232,0.808093326398526
CCn1c(CN2CCC(C(C)O)CC2)nc2ccccc21,-6.553,-5.416,4.3942927758628,3.0883856624456727,0.6745735724300712,0.8080501844520845
CCOC(=O)C=CC1(C2=CCN(C(=O)OC(C)(C)C)CC2)C2CCN1CC2,-6.642,-4.59,4.39367306476028,3.011943226556569,0.6792363370463185,0.8073100457012068
CC(=O)c1ccc(N2CCN(c3ccccc3C)CC2)nc1,-6.473,-5.281,4.422211550796727,3.0068087734340536,0.6738411775952692,0.8070381365539048
Cc1[nH]cnc1C(=O)Nc1ccc(CC(=O)O)cc1,-6.453,-4.964,4.458594173055,2.823698638311108,0.6758297039900004,0.8068783372569506
COC(=O)c1cccc(Nc2cnnc(Nc3ccc(SC)cc3)n2)c1,-7.232,-5.628,4.441150076275288,2.987469999849372,0.6711085223206027,0.8068697802385425
CCc1cc(C(=O)NC(C)c2ncon2)nn1-c1ccccc1,-7.162,-5.193,4.4618575728052985,2.8446379382972453,0.6741793620740747,0.806866625612924
Cc1ccc(CN2CCCC(CCSCC(=O)O)C2=O)cc1C,-6.634,-5.607,4.415853824573453,3.0826608636046884,0.670661000023261,0.8065118692443524
CC1(C)Cc2cc(NC3CCN(C(=O)OCc4ccccc4)CC3)ccc2O1,-8.011,-6.04,4.212921670290108,3.5944114956415336,0.6672514473531882,0.8062843091186532
O=C1NC(=O)C(=Cc2cc(Br)ccc2OCc2ccccc2)S1,-7.13,-5.915,4.351051137368993,3.304371952429084,0.6680469969421509,0.8062380428037383
O=C(CNC(=O)OCC1c2ccccc2-c2ccccc21)NCCOCCO,-6.834,-5.493,3.838308351344378,4.015144704739793,0.6709523119228503,0.806204463801355
COc1cc(OCc2ccc3c(c2-c2ccc(F)c(F)c2F)CN(CC2CC2)CC3)cc(C(=O)O)c1,-7.947,-6.392,4.500029555458497,2.879877427947239,0.6646038269332023,0.8061608184341195
Cc1cccc(CNC(=O)N2CCN(C(=O)c3cc4ccccc4[nH]3)CC2C)c1,-8.148,-6.413,4.26673575464898,3.5300008498582574,0.6641979496086348,0.8060026658932182
Cc1ccccc1NC(=O)c1ccc(Nc2ccc(-n3cccc3)nn2)cc1,-7.702,-6.475,4.491456556619467,2.935599087068941,0.6635973853884958,0.8058979710646346
Cc1cccc(C)c1Oc1cccc2c1NCC2=NCCNc1ccccc1,-7.481,-5.948,4.430657964681995,3.090322151491653,0.6672471180375731,0.8058942482835626
Cc1c(NC(=O)c2cnn3cnc(OCc4ccccc4)cc23)cnn1CC(C)C,-7.86,-6.058,4.337090614686301,3.358211428722141,0.6664462244818417,0.8058733972889426
Cc1ccn(CCC(=O)Nc2ccnn2Cc2ccc3[nH]ccc3c2)n1,-7.936,-5.481,4.225727156360193,3.543132088985677,0.6701398087632109,0.805665390765758
CC(=O)Nc1ccccc1NC(=O)COC(=O)CCn1c(=O)oc2ccccc21,-7.33,-6.089,4.457426163157388,3.0233034912161902,0.6658139570123297,0.805621392273895
Cc1cc(C)n2cc(C(=O)Nc3nnc(C(C)c4ccccc4)o3)nc2n1,-8.577,-7.223,4.424071201958665,3.251248068050176,0.6579058352954548,0.8055486067131198
CCOC(CNC(=O)C(=O)Nc1cnn(CC)c1)c1ccccc1,-6.942,-5.357,4.433872912026234,3.030748752371269,0.6701380144854813,0.8051393942378428
NCC1CCCCC1CN1CCN(c2ncccn2)CC1,-6.464,-4.949,4.416635257749952,3.0409949029881647,0.672992272938382,0.8051189517024491
Nc1ccc(F)cc1C(=O)Nc1ccc(C(=O)NS(=O)(=O)c2ccccc2)cc1,-8.14,-6.289,4.27670071433576,3.5192868595782305,0.6634375665225886,0.8050214249183631
FC(F)(F)c1ccc(Nc2nccc(N3CCN(Cc4ccccn4)CC3)n2)nc1,-7.747,-6.25,4.4375515771650464,3.1257426317596915,0.6636727303549128,0.8050005200147035
O=C(NCC1CC1)c1cccc(N2CCC(Oc3ccccc3Cl)CC2)n1,-7.282,-5.565,4.25859554313391,3.501732713957478,0.6683052970037247,0.8049167871527207
CCOc1ccccc1C(=O)NC(CCSC)C(=O)OCC(=O)NC1(C#N)CCCC1,-6.126,-5.38,4.3746119827934455,3.2245365558479864,0.6694147777944388,0.8048021465649636
Nn1c(SC2CCCCC2)nc2scc(-c3ccccc3)c2c1=O,-6.722,-5.424,4.218734525897547,3.566058187971699,0.6690992586840748,0.804798591621915
CCC(C)Nc1nc(OCC2CCCN2c2ccnc(C)c2N)nc2nc(N3CCN(C(=O)OC(C)(C)C)CC3)ncc12,-7.213,-5.973,4.495655791984079,2.887399175728912,0.665145426704189,0.8047291830824267
CCOC(=O)N1CCC(N(C)C(=O)c2cc(Cc3cccc(Cl)c3)[nH]n2)CC1,-7.856,-5.932,4.476010947260964,2.962204078047292,0.6653823862542277,0.8047000518894358
O=C(Nc1ccc(Oc2ccccc2)cc1)C1CNCCO1,-6.882,-5.204,4.378317713460274,3.2000265623897564,0.6704088774103066,0.8046538083296557
CC1CN(C(=O)C2CCN(S(=O)(=O)Cc3ccccc3)CC2)C(C)CO1,-7.01,-6.047,4.516899157608016,2.811167017450226,0.6642857343937204,0.8045198859552434
Cc1ccc(N2CC(CN(C)C(=O)CS(=O)(=O)C3CC3)CC2=O)cc1,-6.637,-5.696,4.443691933516544,3.0560502286448106,0.6666925685609477,0.8044975126827897
COC(=O)C1(NC(=O)C2CCN(c3nc(C)c(C(=O)c4ccc(Cl)cc4)s3)C2)CCCCC1,-7.565,-5.84,4.473896959028002,2.966734568511312,0.6655740759932811,0.8044287787838763
CCn1ncnc1COC(=O)NCc1c(C)nn(-c2ccc(Cl)cc2)c1C,-7.582,-5.935,4.378980931678054,3.2802269738540955,0.6645408929292418,0.8042036607913027
CCC(c1noc(C(C)(C)C)n1)N1CCC(C(=O)O)C1,-6.696,-5.17,4.421043881257004,3.0785952965597807,0.6698762449907644,0.8041900237613774
CN=C(NCc1cccc(OCCCC(=O)OC)c1)NCc1nccn1C(F)F,-6.815,-4.887,3.447457178849361,4.266457429765356,0.6718402075776494,0.8041660461403984
[C-]#[N+]c1ccc(N=C2C(=O)C(=Cc3ccc(Cl)cc3Cl)C(O)=C2c2ccon2)c(C)c1,-7.04,-5.603,4.1669106061925545,3.674117717221375,0.66659532376033,0.804046666296269
CN(c1ccc(Cl)cc1)S(=O)(=O)c1ccc(NS(=O)(=O)c2ccccc2Cl)cc1,-7.441,-5.774,4.486561935379918,2.921825799050997,0.6653104067224404,0.8039916068573106
CCNC(=O)COc1ccc(NC(=O)c2nccnc2Cl)cc1,-6.825,-5.253,4.36717437252052,3.251318040426068,0.6689279390224513,0.8039720214397161
O=C(Nc1ccc(NS(=O)(=O)c2ccc(Cl)cc2)cc1)c1ccccn1,-7.494,-5.908,4.29393339491893,3.4787941876460597,0.6640775151937752,0.8038097509813802
O=C(O)CC1CCN(CC(=O)Nc2ccc(Cl)cc2)C1=O,-6.917,-6.107,4.468774552380104,3.038495844986463,0.6626455741740663,0.8037777685582831
O=C(CCNC(=O)c1ccc(=O)[nH]c1)Nc1cccnc1Cl,-7.088,-5.544,4.408695952319687,3.169331001962402,0.6665609778196244,0.8037770621688443
COC(=O)c1cc(-c2csc(NC(=O)C=Cc3ccc(C)cc3)n2)c[nH]1,-7.435,-6.519,4.503011991989362,2.9685924273972,0.659490839294778,0.8035842657343866
Cc1ccc(NC(=O)C2CCCN(C(C)C(=O)Nc3cccc(Cl)c3C)C2)cc1,-7.863,-6.432,4.4636981304743255,3.099917095665625,0.6600350473054901,0.8035522642741497
CC1C(N=Nc2ccccn2)C(=O)N1Cc1nc(-c2ccco2)nn1C,-7.43,-5.888,4.430585288649796,3.1461779987788363,0.6637542610325947,0.8035300426139727
Cn1ncc(C(N)=O)c1NC(=O)c1cnc(-c2ccccc2)nc1,-7.02,-5.989,4.405924534079085,3.231227785223443,0.6628710190880361,0.8034193187780772
O=C(OCc1nc2ccccc2o1)C1COc2ccccc2O1,-7.415,-5.935,4.308262294707694,3.4593343290292142,0.6632174777662274,0.8034024868249864
CCc1cnc(CNc2nnc(CN3CCN(c4ccc(F)cc4)CC3)o2)n1C,-7.459,-5.862,4.407350224341152,3.219183436836119,0.6634359099262257,0.8032280740389738
Cc1cc(C)n(Cc2cccc(NC(=O)c3[nH]nc(C)c3Cl)c2)n1,-7.559,-6.158,4.460878164666683,3.087226749041929,0.6613740939549744,0.8032199338723753
Cc1coc(-c2ccc(C)c(NC(=O)c3cc(C(F)(F)F)[nH]n3)c2)n1,-7.81,-6.037,4.443981210581341,3.128643635826876,0.6622068351848376,0.80321807297519
CCCOC(=O)c1ccc(-c2ccn[nH]2)c(C)c1,-6.152,-4.915,4.464063395607191,2.9244761924146347,0.6697961970669439,0.8030606381521262
CCC(c1ccc(F)cc1)N(C)C(=O)CCc1ccc(NS(C)(=O)=O)cc1,-7.119,-5.638,4.472521771886639,2.98934290438551,0.6646349277762306,0.8030108785265372
COc1ccc(C=C2NC(=O)NC2=O)cc1OCc1ccc(C)c(C)c1,-8.093,-6.579,4.496275125034054,3.0189804570417484,0.658137044629958,0.8030092742975222
Cc1ccc(NC(=O)CN2CCN(C(=O)C3(C)CC3)CC2)cc1Cl,-6.702,-6.327,4.509724936179589,2.936360672669487,0.6597794522471113,0.8029578350656212
Cn1nc(C(=O)NC2CCNC2)cc1NC(=O)OC(C)(C)C,-6.268,-5.28,4.455318282681945,3.0092450880578,0.667033389734682,0.8029468255224109
Cc1ccc2nc(N3CCC(C(=O)Nc4ncc(Cl)cc4Cl)CC3)sc2c1,-7.836,-6.23,4.300507644453151,3.5070603074369857,0.6603011432439228,0.8028694563051078
Cc1cc(F)ccc1NC(=O)NC1CCN(C(=O)CCNC(=O)OC(C)(C)C)CC1,-7.22,-5.669,4.497482184511684,2.9000077586103106,0.6641468624485024,0.8028464653311701
CN1CCN(c2ccc(-c3noc(-c4ccc(Cl)cc4)n3)cc2)C1=O,-7.349,-6.095,4.430893815021976,3.186203697192004,0.6610617267413242,0.8027663304831065
Cc1ccccc1-c1nc(COc2ccncn2)c(C)o1,-7.236,-5.96,4.457743823953996,3.08909209963057,0.6618929092899323,0.802704700082121
CN(Cc1ccc(F)cc1)C(=O)c1cc(C(=O)O)ccn1,-7.474,-5.855,4.472366375868595,3.026940039049337,0.6625747334969481,0.8026771906258241
O=C(Nc1ccccn1)c1ccnc(C(=O)Nc2cccc3cn[nH]c23)c1,-8.011,-6.607,4.343687834087528,3.453552663562552,0.6572095937132536,0.8025599351968122
O=C(OCc1nc(-c2ccoc2)no1)C1=COc2ccc3c(c2O1)CCC3,-8.278,-6.469,4.491290905741912,3.0383049550695214,0.6580679857775886,0.8025083593968003
Cc1c(C(=O)Nc2cccc3[nH]cnc23)cnn1Cc1ccccc1,-7.604,-5.758,4.245492433157784,3.5810513819268217,0.6629620874091064,0.8025041990016951
Cc1cc(O)ccc1NC(=O)Cc1cccc(C#N)c1,-7.272,-5.774,4.48633859622744,2.9700609421357,0.6628463016447587,0.8025013569301697
CCOC(=O)c1sc2ncn(CC(=O)Cc3ccc(Cl)cc3Cl)c(=O)c2c1C,-6.867,-5.665,4.477819223684672,2.992353421639897,0.6633882618507924,0.8023709959977408
Cc1nnc(-c2ccc(NC(=O)c3ccco3)cc2C)o1,-7.121,-5.28,4.3613233083549305,3.3050691369470626,0.6660444111198907,0.802351359229104
COc1ccc(F)c(NC(=O)CCc2ccccc2Oc2ncccn2)c1,-6.704,-5.989,4.327145132763634,3.447410622481749,0.6608039193464356,0.8021656475797446
Cc1nc(COc2ccc(CNC(=O)N3CCC(C(N)=O)C3)cc2)no1,-7.673,-5.521,4.459831947506542,3.049031649556954,0.6638489037531439,0.8020433609529726
CCOC(=O)c1ccc(N(C)CCc2c(OC)cc3oc(-c4ccccc4)cc(=O)c3c2OCC)cc1,-7.402,-5.474,4.418712595315518,3.176493192185372,0.6641142822742829,0.8020056733936706
CCOC(=O)CNC(=O)C(Br)CC1CCOCC1,-5.812,-4.348,4.437014086071848,2.988918533516764,0.671863585136281,0.8018857135065156
COc1ccccc1C(=O)NCCCC(=O)N1CNC(=O)CC1c1ccc(C)o1,-7.03,-5.95,4.462129648497452,3.0971477200805277,0.6605201138161921,0.8018299359898253
COC(=O)CCN1C(=O)CC(NC(=O)Nc2ccccc2)C1=O,-6.364,-5.204,4.459083874519518,3.019662398348531,0.6656842540511618,0.8018134462826125
Cc1nn2c(=O)cc(OC3CCN(Cc4ccc(Cl)cc4)C3)nc2s1,-7.347,-5.672,4.489716472117142,2.969385121536108,0.6621881950898512,0.8016743421159284
C=CCN(C(=O)c1cnn(C2CCCC2)c1C)c1nc2ccccc2s1,-6.838,-5.476,4.243789462261293,3.578447428704242,0.6635187137730821,0.8016544009589958
COCCOc1ccccc1C=CC(=O)OCC(=O)Nc1cccc(Cl)c1,-6.73,-5.216,4.267551288502576,3.517806703046657,0.6652076353792846,0.8015770194327584
O=C(O)COCC(=O)NC(=O)Nc1cccc(Cl)c1,-6.251,-5.495,4.514636751722113,2.8458443386805263,0.6631752195591064,0.8015268556358616
Cc1ccc(C)c(NC(=O)C(C)OC(=O)c2ccccc2-n2cnnn2)c1,-7.715,-6.285,4.467010297727105,3.129970447144829,0.6575066157559548,0.8013983143318654
COc1ccc(-c2cnc3c(COc4ccc(C(C)(C)O)cn4)cccc3c2)cc1F,-8.065,-6.817,4.511034803678641,3.0577019148373505,0.6529079184740425,0.8008006682904943
Cc1nn(C)c(C)c1NC(=O)CCc1nc(C(=O)O)cs1,-6.549,-5.454,4.50521209267666,2.908496862642284,0.6621222791015648,0.8007178302668736
Cc1cc(NC(=O)Nc2onc(C)c2C)no1,-7.043,-4.974,4.114117888442187,3.759714616829314,0.6654223833084668,0.8006838259784065
O=C(CN1C(=O)C2CC=CCC2C1=O)NCc1ccccc1CO,-7.591,-5.732,4.4923328015631245,3.0005242875204328,0.6599676618058854,0.8005807591749019
CCN(Cc1ccccc1)C(=O)Cn1cnc2c(oc3ccccc32)c1=O,-6.682,-6.256,4.409863603332874,3.3103510387872768,0.6563296874616923,0.800559795207799
Cc1ccc(-c2nc(C(=O)Nc3cccc(NC(N)=O)c3)c(C)o2)cc1,-8.027,-6.37,4.481679372735181,3.114252398249056,0.6555228851369714,0.8005426617060676
CCn1nc(C)c(CNS(=O)(=O)Cc2cc(C)on2)c1C,-6.489,-5.287,4.5046804548158565,2.8935668300559425,0.6629704975286544,0.8005272154028906
CCOc1ccc(NC(=O)C(Cc2ccccc2)NS(=O)(=O)c2ccc(C(C)C)cc2C)cc1,-6.941,-5.652,4.468712006831498,3.078352481441981,0.6603246512809297,0.8004615681823455
Cc1ccccc1CSc1nnc(-c2ccco2)n1N,-6.986,-5.35,4.223426689312838,3.624011865322739,0.662408683532665,0.8004532422878154
COc1ccc(C(C)N2CCN(c3cccc4cccnc34)CC2)cc1,-7.169,-5.799,4.438436887013265,3.1922213269132818,0.6591653407255157,0.8003747616730715
Cc1ccc(C)c(N(C(=O)CN2C(=O)c3ccc(Br)cc3C2=O)c2nc(-c3ccco3)cs2)c1,-8.149,-6.225,4.41253181291648,3.308787844513456,0.65593101855999,0.8001873455652838
CCOC(=O)C=CCCC(NP(=O)(Cc1cccc(C(F)(F)F)c1)OCC)C(=O)NC,-6.729,-4.228,4.402531317321888,3.138862214242607,0.6697672331776547,0.800122821640101
COc1ccc(CN2C(=O)c3nc(Nc4cccc(F)c4)nc(NC4CCN(c5ncccn5)CC4)c3C2=O)cc1,-8.842,-6.617,4.349588141422127,3.487060940104145,0.6531484387696831,0.8001179592752037
Cc1ccc(N2CCN(C(=O)c3csc(CS(=O)(=O)c4ccccc4)n3)CC2)cc1,-7.442,-6.247,4.561612434216656,2.80240717955118,0.6552293405260847,0.7998509292926026
CC1NNC(CN2CC=C(C3CCCCC3)CC2)C1c1ccccc1,-7.401,-6.151,4.378964489465517,3.392540493494513,0.6557680177220594,0.7997792792249764
CC(C)(O)C1CCC2C3CC(O)C4=CC(C)(C5(O)C=CCC5)C(=O)CC4(C)C3CCC21C,-7.492,-5.782,4.46852649091398,3.114321113822401,0.6581764667887042,0.799702998270005
COc1cccc(NC(=O)Cn2cc(C(=O)O)c(C)nc2=O)c1,-7.406,-5.532,4.481859993350975,3.03989605085437,0.6599029324639724,0.7997022852692138
c1ccc2oc(-c3nc(Cc4ccon4)no3)cc2c1,-7.337,-6.097,4.52963508463982,2.929243076291212,0.6559974465683277,0.7996938382796667
Cc1cccc(C(=O)NCCn2cnc3c2c(=O)[nH]c(=O)n3C)c1,-8.045,-6.437,4.516337675595127,3.031692926402673,0.6532978368787092,0.799461462370447
CNC(=O)C1CCN(C(=O)Cc2ccc(OC(F)(F)F)cc2)C1,-7.206,-5.065,4.353964285567808,3.3686808991057613,0.6624339728166624,0.7992676762361188
O=C(Cn1ccccc1=O)N1CCN(c2ccccn2)CC1,-6.734,-5.22,4.265234460144014,3.5626264188095838,0.6613164127582744,0.7992459526649209
NC(=O)c1sc(NC(=O)Nc2ccc(Cl)cc2)cc1-c1ccccc1,-7.088,-5.726,4.549000219828527,2.8048531155837733,0.6577987612840986,0.7992390492880257
Cc1nc(CN2CCN(c3ncccc3Cl)CC2)no1,-6.764,-5.329,4.505838101840767,2.9382630923727704,0.6604876980015579,0.7992034502888175
O=C(C1Cc2ccccc2O1)N1CCC(Oc2cccnn2)C1,-7.728,-6.173,4.454469889897114,3.211738625729062,0.654663063361294,0.7991968817456722
Cc1cc(-c2nc(Cn3c(C)c(C)ncc3=O)no2)n[nH]1,-8.219,-5.648,4.252006937905911,3.6163531354114182,0.6582587529247063,0.79919165945353
COCCNC(=O)c1ccc(C)c(NC(=O)c2cnn3c2CCCC3)c1,-6.893,-5.678,4.170364972037818,3.746038040383466,0.6579454910670093,0.7991271458936233
Cc1oc(-c2ccccc2)nc1COC(=O)C1CCCN1C(=O)c1ccco1,-7.077,-6.37,4.52646639223136,2.997447414050829,0.6530912398563009,0.7990564859871266
O=S(=O)(Nc1ccon1)c1ccc(NC(=S)Nc2ccccc2)cc1,-7.566,-6.058,4.537682778687818,2.911968578127175,0.6551770983834876,0.79903097924595
CC(NS(=O)(=O)c1ccc(Sc2nccn2C)cc1)c1ccccc1,-7.018,-5.628,4.490340521608577,3.04238376934929,0.6580293138727845,0.7989685669944364
CCCc1cc(OC2CCN(C(=O)c3nccnc3C)CC2)n(C)n1,-7.648,-5.536,4.4806017453016285,3.0662010697278155,0.6586330112569209,0.7989492154688459
CCCOc1ccc(C=CC(=O)Nc2nc3c(s2)CCCC3)cc1OC,-6.355,-5.208,4.503934391174011,2.941147735153744,0.6607336045059194,0.798843198046845
CCc1ccc(C(=O)Nc2ccc(N3CCCC3CO)nc2)cc1C#N,-7.225,-6.51,4.5316491479372045,3.006341630620179,0.6515324265458776,0.7986835664019627
Cc1ccc(NC(=O)COC(=O)c2nnn3c2CC(C)CC3)c(Cl)c1,-7.492,-6.492,4.53319589252439,3.0002154922605144,0.651543997657612,0.7986159490746485
CCCC(C)NC(=O)c1ccc(-c2nc(C)no2)cc1C,-6.781,-5.391,4.498930650721347,2.9923855032398485,0.6590559285835633,0.7985971059104591
CCCCn1c(N)c(N(C)Cc2cc(CC)nn2C)c(=O)[nH]c1=O,-6.244,-4.986,4.231135663152387,3.616804390618879,0.6618280480372126,0.7985690166175584
Cc1c(C(=O)N2Cc3cn[nH]c3C2)nnn1Cc1ccc(Cl)cc1Cl,-7.994,-5.911,4.491640457561135,3.0829977294834325,0.6553924299786794,0.7985486974839656
Cc1ccc(C(C)(C)C(=O)N2CCC(n3cncn3)C2)cc1,-6.885,-5.684,4.527135297293422,2.921679311628845,0.6568997651163905,0.7985169472422929
CCOc1cc(C=C2SC(=O)N(Cc3ccc(C)cc3)C2=O)c(Cl)cc1O,-7.742,-5.617,4.120304479040353,3.818625538069948,0.6573471691979574,0.7985082655727976
Cn1ccc(C(=O)NCc2cccnc2N2CCN(c3ccccn3)CC2)n1,-6.899,-6.285,4.459184903096081,3.227326137842285,0.6526567070153203,0.7984372015080674
Cc1cc(Cn2c(N=Nc3cccc(C(N)=O)c3)nc3ccccc3c2=O)ccc1N,-7.965,-7.038,4.525913498952449,3.0976878474113563,0.6475006192458942,0.7983901065400842
CCCn1c(CNC(C)(C)C)nc2ccc(C(=O)O)cc21,-6.619,-5.24,4.539560441276226,2.807286768393995,0.6596881458960457,0.7983454955817273
Cc1cnc(N2CCCC(c3nc(C)c(CC(N)=O)c(C)n3)C2)nc1,-7.467,-5.612,4.525347389980132,2.9267616916995483,0.6570173754484027,0.7982869967057479
CCCCCCOc1ccc(C(=O)OC2CCSC2)cn1,-6.094,-4.374,4.463262147801761,3.0070691711365733,0.6655429837654192,0.7982152043690915
Cc1ccc(SCc2nnc(SCc3noc(C(C)(C)C)n3)o2)cc1,-6.89,-5.965,4.562781388583065,2.817941092358035,0.6542948928780083,0.7981050435067736
CCC(C)NC(=O)C(C)N1CCN(Cc2nc(N)nc(=O)[nH]2)CC1,-6.926,-5.314,4.47136153760798,3.0954179039347816,0.658761784817907,0.7980955832060556
Cc1cc(C(C)NC2CCN(c3ccc(F)cc3)C2=O)ccc1O,-7.998,-6.25,4.535078169116823,2.9785467933205285,0.6523128679929099,0.7980813225832102
CCS(=O)(=O)N(C)Cc1cccc(NS(=O)(=O)c2ccc(C#N)cc2)c1,-7.05,-5.851,4.538881800620059,2.9102608130543905,0.6550101406420465,0.7980652656504237
C=C(C)COCC(O)CSc1nnc(-c2ccc(C)s2)o1,-6.24,-4.819,4.331498932240431,3.4247925484618778,0.6619554517233502,0.7979413443113286
Cc1ccccc1NC(=O)C(C#N)=Cc1c(COc2ccc(C(C)(C)C)cc2)oc2ccccc12,-8.707,-7.157,4.362718533208393,3.541398734963348,0.6457421167650156,0.797795414868392
Cc1cccc(Nc2nc(N3CCC(N(C)C)CC3)c3ccccc3n2)c1,-7.723,-6.274,4.362405414447401,3.4802076087498004,0.6513827188548542,0.7976118419330894
CCC=CCC(O)C=CC=CCC(O)CCCCCCCC(=O)OC,-5.849,-4.109,3.682461812429288,4.162661288166502,0.6663812516973383,0.7975920920007311
CC(=O)CN1CCC(Oc2ccc(Nc3cccc(C)c3COc3cc4oc(C)cc4cn3)c(C)c2C)CC1,-8.532,-6.688,4.5314091627219,3.065743139925457,0.6482461237018369,0.7974033037190219
Cc1ccc(CS(=O)(=O)CC2CC(=O)N(c3ccccc3)C2)cc1,-7.389,-5.859,4.474138352800459,3.165006951019223,0.6538374686390654,0.7973839278834299
NC1(c2ncc(Cc3ccc(Cl)c(Cl)c3)s2)CC1,-6.384,-4.948,4.474740104184822,3.0651621490550878,0.6598848587832893,0.7972358108556927
Cc1ccc(OCC(C)(C)NC(=O)C(N)C(C)(C)C)cc1F,-7.452,-5.242,4.145086971343304,3.784109934978106,0.6575821528825458,0.7970785496535016
COc1cccc(C=NNc2nc3ccccc3[nH]2)c1O,-6.457,-5.553,4.2637816548223935,3.624418712014383,0.6553776751613903,0.7970434614522675
NC(=NOCC1CCN(c2ccncc2)C1)c1ccc(Cl)c(Cl)c1,-7.313,-6.001,4.4729764139776105,3.1919407889245064,0.6523023101113391,0.7970387566251256
CCOC(=O)C1C(C)C(c2ccco2)Nc2c(-c3nc(-c4ccc(OCC)cc4)no3)cnn21,-7.248,-5.862,4.515220481881257,3.0367444739391574,0.6532435853809054,0.7970342215949823
COc1ccccc1N1CCN(Cc2cc(Cl)cc3nc(-c4ccccc4Cl)oc23)CC1,-8.427,-6.384,4.4843507891332495,3.1980995919451902,0.6496092611454769,0.796981598974401
CCOC(=O)c1csc(COc2ccccc2C(=O)N2CC(C)CC(C)C2)n1,-6.922,-5.253,4.3690520711019225,3.398968961317536,0.6571116159015358,0.7968394734971215
CC(=O)c1cc(C(=O)OCC(=O)Nc2cccc(Cl)c2C)n(C)c1,-7.626,-5.308,4.54912046444145,2.828875925168864,0.6567004528332443,0.7968207865429843
Cc1cc(NC(=O)Nc2ccc(N3CCN(C(=O)CCCc4ccco4)CC3)cc2)no1,-7.747,-5.76,4.551134034501731,2.892070884331849,0.6533226828284665,0.7966570142923071
CCn1nc(C)c(C(C)NC(=O)C2CCN(c3ccccc3C#N)CC2)c1C,-7.393,-5.318,4.531079893358757,2.9191474782888243,0.6562023752517172,0.7965604659517419
CC(C)Cc1nc(C(=O)N2CC(C(=O)NCc3cc4ccccc4[nH]3)C2)n[nH]1,-8.021,-5.806,4.320907427844294,3.5478637234256896,0.6527793669587274,0.7965175100538326
CC1CC(OC(=O)Cn2cnc3sc4c(c3c2=O)CCCC4)CC(C)O1,-8.042,-5.96,4.459380562365136,3.2405695487059085,0.6516978182078711,0.7964987070030992
O=C1C(=Cc2ccc(N3CCCC3)cc2)NC(=S)N1Cc1ccccc1,-7.0,-5.883,4.301041850528776,3.591287373630799,0.6521368370505302,0.796446240624222
CCOC(=O)c1ccc(Nc2nncc(Nc3ccc([N+](=O)[O-])cc3)n2)cc1,-7.366,-5.917,4.528882091642484,3.0104755438302435,0.6518806839823194,0.7964314044866247
CCNC(=NCC(C)(C)c1ccc(OC)cc1)NC1CCN(C(=O)CC)C1,-6.99,-5.352,4.532947275228336,2.9220930854440623,0.6556646961464809,0.7963764854828417
CCOC(=O)c1[nH]c(C)c(C(=O)OCC)c1NC(=O)CCS(=O)(=O)CCC#N,-5.731,-4.755,4.491088286818687,3.010252315006169,0.6596864007650735,0.7963028768654487
CCNC(=NCc1cccc(C(C)=O)c1)NCc1ccc(CN(C)C)cc1,-7.018,-5.282,4.457735299454196,3.182474037600307,0.6559787030071695,0.7962738257768853
Cc1cc(C=NNC(=O)c2cccnc2)c(C)n1-c1ccc(Cl)cc1,-7.727,-5.796,4.33215489104441,3.530473764241848,0.6523738582150372,0.7962283882989692
O=C1NC(=O)C(=Cc2cc(C(=O)N3CCCC3)ccc2Cl)N1,-7.414,-5.218,4.4374891549163245,3.237251457641189,0.6562599144644022,0.7961761409332235
CC(C)C(NC(=O)C(NC(=O)OCC1c2ccccc2-c2ccccc21)C(C)C)C(=O)O,-7.205,-6.445,4.550885298488635,2.9997323213913605,0.6478841669424903,0.7961752521443388
CC(C)CC(NC(=O)C(CC(=O)O)NC(=O)C(N)Cc1ccc(O)cc1)C(=O)NC(Cc1ccccc1)C(=O)O,-7.369,-5.439,4.499248159415081,3.068509247175246,0.6546952911577512,0.7961516095147808
N#Cc1ccc(S(=O)(=O)N2CCCC(Nc3ccc(C#N)c(C(F)(F)F)c3)C2)cc1,-8.327,-5.72,3.4130602104270005,4.386500427447831,0.6526421145742822,0.796075144020995
COc1ccc(NC(=O)CSC2CC(C)OC2=O)cc1OC,-7.38,-5.003,4.323537671860857,3.491293599799364,0.6575583889161039,0.7960603852817171
CCOC(=O)C=c1sc(=Cc2nnc(SCc3ccccc3)o2)c(=O)n1CC(N)=O,-6.441,-5.67,4.476579162708953,3.171076473376194,0.6529524179385492,0.7960557449425408
CCN(CC)C(=O)c1cc(NCCc2ccc(C)cc2)ncn1,-6.907,-5.362,4.275829977910721,3.606750615165956,0.6550626881052857,0.796052666098645
CCOc1ccc(N2C(=O)C(NC(=O)c3ccc(C(F)(F)F)cc3)C2=O)cc1,-7.473,-6.071,4.538351462811139,3.0051104804981805,0.650206388252553,0.7960481807387976
Cc1nc(NC(=O)C(C)C)cc(N2CCC(CO)C2)n1,-7.245,-4.857,4.495195880047942,3.0169131575171333,0.6584737891933231,0.7960000715253752
CCC(C(=O)Nc1ccc(S(=O)(=O)N(C)C)cc1)c1ccccc1,-6.282,-5.415,4.513612300585863,3.0185122163078955,0.6545960227647546,0.7959908410944012
CCn1c(C(=O)Nc2ccc(F)c(F)c2C)nnc1-c1ccc(C)o1,-7.629,-5.903,4.381891144243545,3.4404845588957373,0.6511973339327535,0.7959555843632812
Cc1ccccc1CSc1nnc(CNc2ccc(Cl)cc2)n1C(C)C,-7.257,-5.808,4.331477115257566,3.5383681266934337,0.6517567678659852,0.7959017133785592
O=C(C=Cc1ccc(O)cc1)OC1OC(CO)C(O)C(O)C1O,-7.169,-6.233,4.578605246142104,2.8656201772042293,0.64876061637186,0.7958348268259781
COc1ccccc1CNC(=O)CC(=O)Nc1cccc(C(F)(F)F)c1,-7.363,-5.809,4.512361909244426,3.0760863121830626,0.6515644627541212,0.7957884523178406
CCn1cccc1CN1CCCC(n2cccc2C(=O)O)C1,-7.525,-5.185,4.537037469538905,2.904518720889917,0.6556794537804648,0.7956856159585779
CCN(CC(=O)Nc1c(C)cccc1C)Cc1nc(CC(C)C)cc(=O)[nH]1,-6.469,-5.046,4.499384180085092,3.041069877526658,0.656253162371169,0.7954504261881022
Cc1[nH]c2ccccc2c1CCC(=O)N(CC(=O)O)C(C)(C)C,-7.156,-4.966,4.532075021444371,2.915394655959977,0.6561812711690659,0.7950710135547365
CC(C)C(OC(=O)C1CCC1)C(=O)NCCc1ccccc1,-6.394,-5.106,4.509954656091345,3.023484909835007,0.655073195247414,0.7949865553794679
CCCCCN1C(=O)N(c2ccc(C)cc2)C(=O)C1CC(=O)Nc1ccc(OC)cc1,-6.702,-5.542,4.4268903306949,3.3287400018625664,0.6516285691560422,0.794714550487935
Nc1nccc(Cc2cccc(S(=O)(=O)Nc3ccccc3Oc3ccccc3)c2)n1,-8.14,-6.49,4.432852467655562,3.3968011422513387,0.6451105021719209,0.7946550482408752
Cc1ccc(-c2nc3c(-c4cc5ccccc5oc4=O)onc3n2C)cc1C,-9.122,-7.216,4.481865013585304,3.3367867777249427,0.6402355954125518,0.7946284461049506
CC(C)CCn1c(-c2cccs2)nn(CC(=O)NCCCN(C)C)c1=O,-5.735,-4.784,4.533063202736093,2.900929850927113,0.6566882322084853,0.7946132238179602
CC(NC(=O)COc1ccc(F)cc1Cl)c1cnn(C)c1,-6.53,-4.861,4.283446859714732,3.5835150341529194,0.6560384107141038,0.794543500133017
Cc1ccc(C(C)Nc2ccc(C(=O)Nc3ccccn3)cn2)o1,-7.581,-5.489,4.504402069087528,3.101970986324663,0.6516512385451215,0.7945072423044289
CCCCCCCCOc1ccc(OP(=O)(O)OCCCCCCCC)cc1,-5.436,-4.093,4.487676013261207,2.994420645133211,0.661257174836884,0.7944519170612412
CCCCCCC(CCCCCC)n1c(=O)nc(O)[nH]c1=O,-6.006,-4.481,4.481256631794256,3.0675346778805936,0.6584214131930635,0.7943844453594165
O=C(O)C=Cc1cccc(C(=O)NCCc2ccncc2)c1,-6.988,-5.699,4.522479297907288,3.067831481682134,0.6499669521280458,0.7943545074874844
CCNc1cc(NC2CCc3nc(C(C)C)ncc32)nc(C)n1,-7.521,-5.138,4.348067731763156,3.483154030472957,0.653779904257296,0.7943354173413103
CCCc1nnc(NC(=O)c2ccc(C(=O)n3nc(C)cc3C)cc2F)s1,-8.06,-5.729,4.5574670596725095,2.9387961821126694,0.6496825823114678,0.7943055673496319
CC(C)Cc1cc(=O)[nH]c(SC(C)C(=O)Nc2cccc(Cl)c2F)n1,-7.262,-5.464,4.288151233340542,3.6229366541522654,0.6512461641206145,0.7941559698624319
CNC1CCN(C(=O)NC(C)C(=O)N2CCOCC2)CC1,-6.181,-4.384,4.500115331855396,2.9994007734879307,0.6584297927319949,0.7939803548862021
O=C(NCc1ccc(Cl)cc1)c1cnn(Cc2ccco2)c1C(F)(F)F,-7.814,-5.56,4.511457635842323,3.102312202213053,0.6501883380940746,0.7939108276456777
COc1ccccc1S(=O)(=O)Nc1cnc(C(=O)O)cc1F,-6.755,-5.871,4.598610659753661,2.785587729725991,0.6480442883034307,0.7938933848806677
Cc1oc(-c2cccnc2)nc1CC(=O)NCc1ccc(Br)cc1,-7.662,-6.187,4.296606684349872,3.6602221244072055,0.6459019918294873,0.7938891692994496
Cc1cc(S(N)(=O)=O)cc(NC(=O)Cc2nn(-c3ccccc3)nc2C)c1C,-7.302,-6.406,4.603884555459661,2.845426857257097,0.6442883297721824,0.7938017123983943
COc1ccc(S(=O)(=O)N(CC(=O)NC(C)c2ccc3c(c2)CCCC3)c2ccc(C)cc2)cc1OC,-7.225,-6.464,4.555718494376052,3.056514518205337,0.643734369585957,0.7936997487670329
O=C(NCCNC(=O)c1ccncc1F)c1cccc(Cl)n1,-7.054,-5.701,4.517556087089568,3.103390565172228,0.6488742532954658,0.7936948266013701
Cc1ccc(S(=O)(=O)N2CCOCC2CC(=O)O)cc1F,-6.402,-5.841,3.226122905284297,4.48397413016623,0.6477918574731601,0.7936141731842836
Cc1c(C(=O)COC(C)C(=O)NC2CC2)cnn1-c1ccc(Cl)cc1,-6.482,-5.649,4.480045312270848,3.2210783908498724,0.6489236007261014,0.7935086828825694
CCN(Cc1ccc(-c2ncccn2)cc1)C1CCN(c2c(Cl)ccc(OC(C)C)c2Cl)C1,-7.223,-5.803,4.058045342279951,3.965631349482702,0.6477404218803513,0.7934248485351233
CCCCOOP(=O)(OCC)C(OC(=O)OCC)C(F)(F)F,-5.442,-4.436,4.517533065733996,2.957714827362504,0.6570562174953541,0.7933708792865142
CN(Cc1cc(C(=O)O)no1)C(=O)Cc1ccc(Cl)cc1,-7.331,-5.669,4.5165409330592805,3.114827443053627,0.6483891124696058,0.7932650015611027
OC(COc1ccc(CNc2ccccn2)cc1Cl)CN1CCCC1,-6.949,-5.207,4.491549064632379,3.152535963315883,0.6511267597136817,0.7930103002239102
CCOc1cc(C=C2C(=N)N3C=C(C#N)C(=N)CC3=NC2=O)cc(I)c1OCc1ccc(C)cc1,-7.924,-6.579,4.590484397097979,2.9582511725680094,0.6417254743138161,0.7929339861303865
CCCCNC(=O)C(C)Sc1nnc(NC(=O)Nc2ccccc2C)s1,-7.573,-5.318,4.524684961408915,3.056979882171293,0.6501393014122978,0.7928719600150141
Cc1ccc(C=C2SC(=O)N(CC(=O)Nc3ccc(Cl)cc3)C2=O)o1,-7.485,-5.977,4.532809393742472,3.1072400937166087,0.6455089350459267,0.7927781154942419
O=C(Nc1ccccc1)c1cc(OC(=O)c2ccccc2Br)c[nH]1,-7.782,-5.717,4.39533445826367,3.4568670787289477,0.6472516061876898,0.7927682681250596
CCn1cc(CN2CCN(c3nc(C)cc(C)n3)CC2)cn1,-6.743,-4.872,4.332838907690891,3.5226267187994806,0.6529803186896077,0.7927355729099327
COc1cccc(C=C2SC(=O)N(CC(=O)OCC(N)=O)C2=O)c1,-6.739,-5.507,4.589480580632191,2.8210363343991167,0.6484643554137528,0.7926370272436774
Cc1oc(C(=O)NC(C)c2cc(Cl)cc3c2OCC3)cc1CNC1CCCCC1,-7.732,-6.002,4.473267932954609,3.2942448300027727,0.6451051281205595,0.7926336349360377
COc1ccc(Cl)cc1Nc1ncnc(Nc2ccn(C)n2)c1[N+](=O)[O-],-7.099,-5.875,4.482477997715103,3.2569938593740075,0.6459470593983982,0.7926243127131419
O=C(NCCc1ncn[nH]1)c1cn(Cc2ccc(Cl)cc2Cl)nn1,-7.825,-5.707,4.506246886267995,3.1766066800911967,0.6466011111277036,0.7923282793685507
CCCc1nc(Cl)c(N)n1Cc1ccc(C(=O)OC)cc1,-5.752,-4.28,4.536819701068139,2.891055516589053,0.6563815527082685,0.7923062154599345
CCOc1ccc(CO)cc1CN1C(=O)NC(c2cccc(C)c2)C1=O,-7.462,-5.369,4.549074741087466,2.990903040889156,0.6487357161523377,0.7922281347592223
O=C1C(c2cccc(Br)c2F)=[N+]([O-])c2cc(N3CCOCC3)ccc21,-6.991,-5.823,4.568233575464372,2.9791189972876224,0.6453432797396054,0.7920382555544183
C=CCOC(=O)c1cc(O)c(C(=O)c2ccc(C)o2)c(=O)o1,-6.645,-5.392,4.51079205905127,3.1404362754241646,0.6479818285998244,0.7918634419457671
N#Cc1cc2c(nc1N)CCN(C(=O)Nc1cccc(Cl)c1)C2,-7.462,-5.773,4.535218737833932,3.1029838865195543,0.6452682373805169,0.7917849206705048
Cc1noc(CN(C)c2ccc(C(=O)N3CCC(C)CC3)cn2)n1,-7.283,-5.568,4.586193410662049,2.87908422940351,0.6465157208963143,0.7916986704919403
CC(C(=O)Nc1ccc(Cl)c(S(=O)(=O)N2CCOCC2)c1)N(C)Cc1ccccc1F,-7.084,-5.522,3.703773346197091,4.266115914974651,0.6465698392021907,0.7915406591881625
CNC(=O)C1CCN(CC(=O)NCCSc2ccc(C)cc2)CC1,-7.042,-5.477,4.566033508418438,2.960072634243964,0.646795478525311,0.7914916945108215
CCC(=O)CC(C)(C)CNC(=O)c1ccc2c(C)cnn2c1C#N,-6.778,-5.327,4.472849986306271,3.257964548610067,0.6477976360783327,0.7914802702167364
COc1ccc(OC)c(NC(=O)C(C)Sc2cc(C)ncn2)c1,-7.069,-5.269,4.549311266554531,3.000243990078141,0.6481853482765894,0.7914754636669431
CCCc1c(-c2cnn(C)c2C)ccc(Nc2nnc(C(C)C)s2)c1C(=O)NC,-6.659,-5.308,4.465290360099776,3.2790149435463087,0.6477930554156245,0.7913983509930601
CCN(N=Cc1ccc(OC)c(OC)c1)S(=O)(=O)c1ccc(C)cc1,-7.211,-5.321,4.214538290251969,3.772020811183312,0.647638025570897,0.7913577763138879
CCOC(=O)C1Cc2ccc(OS(=O)(=O)c3ccccc3)cc2N1,-6.848,-6.126,4.547117218634241,3.1140497748109306,0.6421480789373047,0.7913270069397371
COc1cc(C(C)O)ccc1N(C)CCc1ccccn1,-6.57,-5.016,4.533858070120854,3.032082782511057,0.6496531450391158,0.7913150517630841
O=C(OCc1nc2cc(=O)[nH]c(=O)n2[nH]1)c1[nH]c2c(Cl)cccc2c1Cl,-8.085,-6.271,4.582195652741161,3.004614284729406,0.6410542656146645,0.7912506631486766
C=CC(=O)N1CCN(Cc2ccc(C)o2)C(C)C1,-6.145,-4.432,4.548233283374985,2.905369339688158,0.653286916038788,0.791075154955463
Cc1occc1-c1nnc(SCC(=O)Nc2c(N)cc[nH]c2=O)n1C,-7.311,-5.302,4.522355691451081,3.113088659193631,0.6473033851407274,0.7910742055581766
CC(N)C(O)CNC(=O)c1ccc(CC(C)(C)C)cc1,-6.216,-5.156,4.555605887255832,2.9741207103949225,0.6482562990894374,0.7910477906127864
O=C(NC1CC2CCC(C1)N2CCCNC(=O)c1ccccc1Cl)c1ccc(Cl)cc1,-8.013,-5.74,4.54325995294128,3.0926042423821385,0.6442261190039547,0.7910085635726085
CC(NC(=O)COC(=O)c1cc(O)c2[nH]c(=O)[nH]c2c1)c1ccc(Br)cc1,-8.006,-6.31,4.581662034676936,3.022759831677005,0.6401861060301614,0.7908753281138241
Cc1c(C(=O)NCC(O)c2ccncc2)cnn1-c1cccc(Cl)c1,-7.004,-5.792,4.45487811281072,3.363428905150218,0.6434900670931489,0.7907718697961174
CCOC(=O)C(NC(C)c1ccc(F)cc1)c1ccc([N+](=O)[O-])cc1,-6.651,-5.376,4.543324883826822,3.056854756117797,0.6462904088541442,0.7907627429536566
CCOCCCNC(=O)Nc1ccc(-c2nc3ccccc3n2Cc2cccn2C)cc1,-6.917,-5.088,4.564267411096769,2.9439091358260363,0.6479926685408637,0.7906034191154311
CCOC(=O)CCNC(=O)N1CCN(c2cccc(C)c2)CC1,-6.685,-4.969,4.504538267125722,3.160786136390755,0.6479668703360617,0.7900913125372728
Cc1cc(-c2nnc(SCc3cccc(Cl)c3)o2)no1,-7.593,-5.698,4.556666105827811,3.066412561936179,0.6429717155476589,0.7900642032592936
CCCNC(=O)c1cccc(NCC(=O)Nc2ccc(C)cc2C)c1,-7.33,-5.702,4.582004474026624,2.970976102226337,0.6428656113361687,0.7900155720080764
Cc1ccc(NC(=O)Nc2ccc(-n3nc(C)cc3C)nc2C)cc1,-7.448,-6.396,4.493077008020228,3.334835678110692,0.6381610162007647,0.789976988775793
O=C(c1ccc(Br)cc1)N1CCN(c2nc3ccccc3s2)CC1,-7.079,-5.727,4.419405050456453,3.4610915908135107,0.6423177569246782,0.7897823216222818
Cc1cn[nH]c1NC(=O)c1ccccc1NC(=O)CCOc1ccccc1,-6.488,-5.897,4.5024764296995485,3.2683423933241764,0.6411427546697598,0.7897620654637074
Cc1oc(-c2ccccc2)nc1C(=O)Nc1cc2ccccc2o1,-7.771,-6.261,4.442702443333336,3.4522486874499645,0.6386113191984152,0.7897004230665902
O=C(Nc1nc(-c2ccc(F)c(F)c2)cs1)c1cc(-c2cccs2)no1,-7.689,-6.52,4.522562547936734,3.272257477644447,0.6368238713919455,0.7896578641128386
Cc1ccc(N2CCN(C(=O)c3cccc(F)c3F)CC2=O)cc1,-7.504,-5.698,4.40564569614943,3.491248916935028,0.642294446521942,0.7896479897761511
CC1CCC2(CC1)NC(=O)N(CC(=O)Nc1ccc(CC#N)cc1)C2=O,-7.848,-5.993,4.550536781523691,3.1330193105054427,0.6402879523068749,0.7896315558749186
CCc1cc(C)c(NC(=S)NNC(=O)c2ccc([N+](=O)[O-])o2)c(CC)c1,-7.516,-5.481,4.578581658112039,2.9687237998843874,0.6437047141290512,0.7896149167191685
CCNC(=O)C(C)OC(=O)c1ccc(NC(=O)c2ccc(OC(F)F)cc2)cc1,-7.841,-5.506,4.592258159119542,2.9209768913841128,0.6432125803107674,0.7894166572597262
CCCOc1ccc2c(C(N)=O)c(CO)oc2c1CNC(=O)c1ccccc1,-7.235,-5.959,4.528803153152055,3.214544757815638,0.6395216244040927,0.7890186865690654
Cc1cc(NC(=O)C(Sc2ncn[nH]2)C2CC2)no1,-6.231,-4.994,4.490032850659335,3.2424560135798286,0.6454521153755409,0.7886607549800561
CC(NC(=O)CSc1nnc(-c2ccncc2)o1)c1ccco1,-7.321,-5.426,4.531535501350508,3.1611026557199957,0.642442034089506,0.7886121658803128
CCc1ccc(C(NC(=O)CCc2[nH]ncc2N)C(C)C)cc1,-6.981,-5.106,4.578892988485317,2.9499020322715803,0.6446029168322227,0.788607680893959
Cc1cccc(C(=O)Nc2ccc(C3(C)NC(=O)NC3=O)cc2)c1,-7.99,-6.711,3.9492709453771337,4.16422009504781,0.6337528942925698,0.7885329544933342
O=C(C[S+]([O-])Cc1ccccn1)NCCC1CCCCC1,-5.735,-4.674,4.421320843367963,3.3966751390146226,0.6473434518747536,0.788479894474439
NCCC1CN(Cc2ccc(F)cc2)c2ccccc21,-6.574,-5.459,4.515484691591812,3.2201122651236864,0.6418516162707782,0.7883864059159421
Cc1ccc(NC(=O)C(C#N)=Cc2nc(-c3occc3C)c(-c3cnoc3)o2)cc1,-8.289,-6.581,4.638990191841323,2.9015950785731635,0.6341465793151254,0.7882459176011648
Cc1ccc(-c2nnc(Sc3ccc(C(F)(F)F)cc3[N+](=O)[O-])n2N)cc1,-7.457,-6.146,4.545676737296659,3.2017557683246234,0.6369244037908901,0.7881840650458194
CCOc1ccccc1S(=O)(=O)N1CCCC1C(=O)Nc1nccnc1C,-6.956,-5.74,4.32508462344958,3.6794817569869807,0.6388353000945481,0.7876920712104702
CCOC(CC(=O)OC)C(=O)Nc1nc2ccccc2[nH]1,-6.382,-5.114,4.351664164431809,3.591874441012658,0.6429427943457169,0.7876247540858912
CC1CN(CC2CCN(C(=O)CCc3noc(C(C)C)n3)C2)CC(C)O1,-6.858,-5.433,4.556014266878452,3.111235606636051,0.6404768303252248,0.7874340436279252
Cc1ccc2nc(NC(=O)c3ccc(S(=O)(=O)N(C)C)cc3)sc2c1,-7.047,-5.667,4.556067273427819,3.139093021877498,0.6387724234150371,0.7873520508076335
CCN(CC)S(=O)(=O)c1ccc(NC(=S)NC(=O)c2ccccc2)c(C)c1,-6.926,-5.497,4.56756543467086,3.0832473141154275,0.6397299256544426,0.7872394121470505
CC(C)CC(O)(CC(=O)NN=Cc1ccccc1Cl)c1ccccc1,-6.638,-5.763,4.378807600249182,3.593883832290633,0.6377717382909789,0.7871309233590046
Cc1ccc(CCCNC(=O)c2ccc(NS(=O)(=O)c3cc(Cl)ccc3C)cc2)cc1,-8.69,-6.355,4.6214333274429045,2.9859037157952697,0.6337281708975027,0.7870605681362527
Cc1cc(S(=O)(=O)N(C)C)ccc1C(=O)Nc1ccc(Cl)cn1,-6.434,-5.229,4.591665928614581,2.9634132347683133,0.6412114531844078,0.7870403830981437
CCOc1ccc(NC(=O)Cn2c(-c3cccc(Br)c3)nc3ccccc32)cc1,-7.305,-5.836,4.388813621014226,3.5824562802635853,0.6370264775361312,0.7869715849339312
NCCc1ccc(C(=O)Nc2cnc3ccccc3c2)o1,-7.281,-5.722,4.575420964239246,3.090147083878048,0.637689943804237,0.786911426438629
Cn1c(SCC(=O)Nc2ccc(Cl)cc2Cl)nnc1-c1cccnc1,-7.405,-6.059,4.5297295725020925,3.271515550933544,0.63542814583114,0.7869003795354454
CC1CCCC1CNS(=O)(=O)c1cc(CN)ccc1F,-6.965,-5.664,4.577653219718593,3.077620184493207,0.6379504538980959,0.7868329323132588
CCOC(=O)c1cc(NC(=O)NCC(OC)c2cccc(C)c2)ccc1OC,-7.163,-5.591,4.570543621933829,3.0953297078017386,0.6384031490242769,0.7868107660098625
CCN1CCC2(CC(C(F)(F)c3ccc(F)cc3)=NO2)C1,-7.141,-5.462,4.320195134481774,3.6841354481071953,0.6392123138908815,0.7867762088993444
Cc1c(C(=O)N(Cc2ccccn2)c2ccccc2)cnn1-c1ccccc1Cl,-7.543,-5.62,4.506794204309755,3.2980815635760146,0.6381452174420175,0.7867714834588609
O=C(NC1CC(=O)N(Cc2ccc(F)cc2)C1c1cccnc1)c1ccco1,-7.786,-5.642,3.5161838689124325,4.417534380171817,0.6378183076725424,0.7866606895475218
COc1c(Cl)cc(Cl)cc1C(O)=C1C(=O)C(=O)N(c2cccc(C(F)(F)F)c2)C1=O,-8.049,-5.966,4.562401341399067,3.1682076952119167,0.6356473747924631,0.7866538790558774
Cn1c(=O)nc(C(F)(F)F)c2c(=O)n(CC(=O)Nc3ccc(S(N)(=O)=O)cc3)cnc21,-7.759,-6.403,4.652394437276358,2.8729192470377587,0.6325869064302634,0.786547980733683
Cc1cc(S(=O)(=O)Nc2ccc(F)cc2)c(Cl)cc1NC(=O)C1CC1,-7.432,-5.471,4.183873564055204,3.889079196930811,0.6384343204191454,0.7863344429050071
COc1ccc(CN2C(=O)C(O)C(=C(O)c3ccc([N+](=O)[O-])cc3C)C2c2ccccn2)cc1,-6.919,-6.091,3.6008303209121086,4.3943291865767184,0.6342301135612585,0.7862895524601142
CN(Cc1ccccc1Cl)C(=O)CSc1nnc(-c2ccco2)n1C1CC1,-6.443,-5.658,4.595953655118815,3.024401593704118,0.6370863461162223,0.7862751331977477
CN(c1ccc(NS(=O)(=O)c2ccc(Br)cc2)cc1)S(C)(=O)=O,-6.456,-5.646,4.55601152325145,3.1683442047858383,0.6369563090964411,0.7861454206093215
Cc1ccc(C(=O)NCc2cnc(N(C)C)nc2C(C)(C)C)cc1S(N)(=O)=O,-7.06,-5.865,4.601274388688421,3.035643918512182,0.6353493627955499,0.7860542267453804
CC(C)C(NC(=O)C=CC(=O)Nc1ccc(Cl)cc1)C(=O)O,-6.305,-5.576,4.592786626874799,3.0359851778294304,0.6371203873518942,0.7859580272165531
Cc1ccc(S(=O)(=O)CCCn2c(=O)n(C)c3nc(N)[nH]c(=O)c32)cc1,-8.124,-6.172,4.567971978898295,3.189549341207939,0.633136343691658,0.7859433049376433
Cc1cccc(C)c1-c1cc(COS(=O)(=O)Cc2ccc(OC(F)(F)F)cc2)ccc1[N+](=O)[O-],-7.694,-5.189,4.522881050834744,3.235448191518448,0.6393134697621596,0.7857091305602047
Cc1nc(-c2ccco2)nc2c1C(=O)N(C1CCS(=O)(=O)C1)C2=O,-7.001,-5.782,4.546332477943072,3.224792861564908,0.6352625375930739,0.7856591483087452
COc1ccc(Cl)cc1C(C)NC(=O)c1ccccc1OC(F)F,-6.893,-4.875,4.241317012438472,3.7874990429041695,0.6413512852791821,0.7856573421049337
Cc1ccc(N2CC(C(=O)NCc3cccc(F)c3F)CC2=O)cc1,-8.03,-6.251,4.529332621921246,3.319413954299765,0.6320629632201209,0.7856002420449266
COC(=O)N1CCN(c2nc3ccccc3s2)CC1,-5.936,-4.928,4.30235726085131,3.699235867040653,0.6407488355274394,0.7855082383874259
COCCNCc1cnc(N2CCC(N3CCCC3)C2)nc1,-6.116,-4.811,4.5733586126609405,3.0352233855187656,0.6412443646346422,0.7853260238794323
COCC1(O)C2C3CCC(OC(C)=O)C(O3)C2(CCN)CCN1C(=O)OCc1ccccc1,-6.668,-5.402,4.5719993438319735,3.112042898161913,0.6371099549016903,0.7852336586781412
Cc1c(C(=O)O)cccc1C(=O)NC(=S)Nc1ccc(Cl)c(C(=O)N2CCCC2)c1,-7.307,-6.272,4.575288078361843,3.195493389134141,0.6312429419673481,0.7851763679532068
COc1ccc(CNC(=O)C(=O)NCC(=O)N2CCN(CCN)CC2)cc1,-6.997,-5.56,4.574020222954856,3.126727682418154,0.6358068704726155,0.7850815034904252
CCOC(=O)c1sc(NC(=O)NC(c2ccccc2)c2ccccc2)c(C(=O)OCC)c1C,-6.496,-5.403,4.573197677774273,3.117596991273888,0.6365281944426344,0.7848791949544253
Cc1nc(C)n(-c2ccc(NS(=O)(=O)c3ccccc3)cc2)n1,-7.464,-5.577,4.568089972844229,3.1565249880208457,0.6352055214303529,0.7847801576302432
Cc1ncnc(N2CCN(Cc3ccc(Cl)cc3Cl)CC2)c1C,-6.936,-5.492,4.608591758878193,3.0051286162159534,0.6354485650699084,0.7845801068949592
CCN(CC(=O)N1CCN(C)CC1)C(=O)Cc1ccc(C)cc1,-6.757,-5.464,4.523138512139552,3.287608401254626,0.6356168250955381,0.7845685734923533
O=C(CN1CCN(Cc2ccco2)CC1)Nc1c(Cl)cccc1Cl,-6.779,-5.189,4.556392213144079,3.159899998417672,0.6374106661381058,0.7845389970117808
CCC(C(=O)NCc1ccccc1Oc1ccccc1)N(c1ccc(C)cc1)S(C)(=O)=O,-7.16,-5.343,4.54514741235089,3.21680757895153,0.6360380179919665,0.7843294217745321
Cc1ccc(Cn2ccnc2C2CCCN2c2ccc(C(N)=O)cn2)cc1,-7.243,-6.298,4.617769591480284,3.0760502271581984,0.6296105004053459,0.784266649363668
CCOC(=O)c1ccc(Cl)cc1NC(=O)CNC(=O)CN(C)C1CCCC1,-6.506,-5.257,4.445942419780086,3.469676786099826,0.6364995418732726,0.7842589106030959
COc1ccc(C(C)=CC(=O)Nc2cc(-c3cc(C)no3)ccc2OC)cc1,-7.979,-5.948,4.615639717308966,3.045719619400316,0.6317584321248765,0.7841700053906877
CCc1ccc(Nc2ncc(C(F)(F)F)c(N(C)Cc3ccncc3)n2)cc1,-7.421,-5.815,4.6080487193605055,3.061668336054709,0.6324748087682197,0.7840688387048667
O=C(Cc1ccc(N2C(=O)c3ccccc3C2=O)s1)OCC(=O)c1ccccc1,-7.497,-5.763,4.61739645254769,3.0194524338031887,0.6328158048513245,0.7840666794196708
Cc1nc(-c2ncn(C)n2)sc1CNC(=O)c1sc(C(C)C)nc1C,-7.2,-5.344,4.359703430280551,3.651190627726797,0.6355538670264993,0.7840349740579025
Cc1cnn(CC(=O)c2cccc([N+](=O)[O-])c2)c(=O)c1Cl,-7.219,-5.822,4.620890931411387,3.0144885138278434,0.6323394547602036,0.7840136605096913
CCOc1ccc(CCNC(=O)CN2C(=O)CNC2=O)cc1OC,-7.244,-5.026,4.564435562038311,3.132674735748989,0.6374345864975759,0.7838796473111471
CCCCOC(=O)N1CCN(C(=O)C(CCC(=O)O)N(C)C(=O)OCC2c3ccccc3-c3ccccc32)CC1,-6.508,-5.616,4.6048308329405545,3.0572291376342724,0.6334025200648591,0.7838259419120616
CCCCOc1ccccc1C(=O)Nc1ccc(-c2nnc(C)o2)cc1,-6.836,-5.74,4.637003989646764,2.9464056068369127,0.6324026033737742,0.7837162387705466
COc1cccc(CNc2cc(C(=O)Nc3ccc(C)cc3C)ccn2)c1,-7.732,-5.845,4.375548079955242,3.66168117126546,0.6316023992317163,0.7836509214152608
Nc1noc(-c2ccc(Cl)nc2)c1-c1nc(-c2ccccc2)cs1,-7.126,-5.813,4.485306901428262,3.437893831984926,0.6315486609680968,0.7834863611099272
Cc1cnc2c(C(=O)NCCc3nc(C4CC4)n[nH]3)cnn2c1C,-7.686,-5.853,4.3645510651154025,3.68557010515334,0.6311216805137903,0.7833854334968546
CCOC(=O)c1cc(NC(=O)C(N)CC(C)C)ccn1,-6.859,-4.781,4.348849388056569,3.6441137468525873,0.6382398630212576,0.7833597263506564
COc1ccc(C(C)NS(=O)(=O)c2cc(C(=O)N3CCOC(C)C3)n(C)c2)cc1,-7.263,-5.536,4.518944677687479,3.332761617637841,0.633158868386814,0.7833462607229805
O=c1[nH]c(-c2cn[nH]n2)nc2ncn(CC3CCCCC3)c(=O)c12,-7.737,-6.019,4.5930723922011065,3.159741445118572,0.6298188465389019,0.7832558402778951
COc1ccccc1S(=O)(=O)NCc1c(C)nn(Cc2ccco2)c1C,-6.783,-5.442,4.5986668720402,3.0774330212045227,0.6335565774861197,0.7832054794825292
CC(C)NC(=O)c1nnc(CN(C)Cc2ccccc2F)o1,-6.527,-5.556,4.552996156378787,3.2462589237459176,0.6324498876791491,0.7829897553904052
CC1CN(C(=O)c2ccc(CN(Cc3ccccc3)Cc3ccco3)o2)CC(C)O1,-7.617,-6.214,4.454198581114227,3.54690428402008,0.6280667130290386,0.7829618171043411
Cc1cccc(N2C(=O)C(c3ccc(Cl)cc3)=C(c3ccc([N+](=O)[O-])cc3)C2=O)c1,-7.953,-6.315,4.638960012761481,3.0348805577814764,0.6273984010266264,0.7829570091004179
CC(C)(C)C1CCC(NC(=O)c2n[nH]c(=O)[nH]2)CC1,-6.787,-5.107,4.58532114469641,3.0943721495644314,0.6353749955224406,0.7829467388796335
CCCCN(C(=O)Cc1ccc(F)cc1)C(C)c1cc(C)ccc1OC,-6.598,-5.484,4.2888575401847975,3.791747486318149,0.6327733869675716,0.7828939651070677
CC(C)(C)c1nnc(N2CCN(C(=O)c3ccccc3Cl)CC2)o1,-6.826,-5.243,4.526771476449855,3.294727454585584,0.634373889767691,0.7828905478870687
CCC(C)NC(=O)CN1CCN(C(=O)C2CC(=O)N(c3cc(C)ccc3C)C2)CC1,-7.503,-5.414,4.574759884409236,3.167147770471091,0.6331591686084436,0.7828445939256055
Cc1nn(CC(F)(F)F)c(C)c1CC(=O)NC(C)(C)Cc1ccc(F)c(Cl)c1,-7.323,-5.771,4.190667369286185,3.94075969833229,0.630687660879497,0.7827799644535061
CCCCCCCCCCCCCCCCCCOc1ccc(C=CC2CCC(CO[P+]([O-])(OC)OC)CC2)cc1C,-6.442,-3.985,4.508158271400862,3.231481394035869,0.6425616236891196,0.7826897646044402
COc1ccc(C)cc1NC(=O)Nc1nnc(-c2ccc(Cl)cc2)s1,-7.191,-6.228,4.543026084010524,3.3436611670442944,0.6275091280569348,0.7826712998183787
Cc1ccccc1N1CCN(Cc2coc(-c3ccccc3)n2)CC1C,-7.254,-5.854,4.490638484670081,3.4464719641975896,0.6297942347623239,0.7825652423444734
Cc1occc1C(=O)Nc1cccc(C(C)NC(=O)Cc2cccc3ccccc23)c1,-8.381,-6.926,4.395245271881876,3.7122217067411274,0.6227530179942543,0.7825308134871933
CCOC(=O)c1cnc(SCc2ccc(Cl)c(N)c2)nc1,-6.511,-4.868,4.60122472826529,3.0228797528184943,0.6360558424170076,0.7823781996216134
COc1cc(C)ccc1CN1CCN(c2cccc(Cl)c2)C(Cc2ccccc2)C1,-7.614,-6.004,4.515980624404847,3.403166466689515,0.6283243100962671,0.782264675343065
CC(C(=O)NCCOc1ccc(F)cc1)N(c1cc(Cl)ccc1Cl)S(C)(=O)=O,-6.944,-5.589,4.651506100178737,2.9138821184117933,0.630864799528075,0.7821433806912881
CSc1nnc(NC(=O)C2COc3ccccc3O2)s1,-6.592,-5.372,4.356094581158678,3.6889114925679647,0.6322950235625163,0.7821374671862714
Cc1ccc(CO[N+](=O)[O-])c(C2NC3=NC2=CC=CC=C3O)c1,-6.673,-4.578,4.551978141423792,3.171284124767127,0.6376000043970148,0.7821254577999078
CC(Cc1ccc(Cl)cc1)C(=O)NCc1ccn[nH]1,-7.051,-5.111,4.626884697072102,2.9650392914765904,0.6336349309982057,0.7818903906083109
CC(C)OCCN1C(=O)c2ccc(C(N)=O)cc2S1(=O)=O,-6.392,-5.342,4.647712770815338,2.9053698559735905,0.632087886667077,0.7818859659966093
Cc1ccc(NS(=O)(=O)c2ccc(C(=O)N3CCC(Cc4ccccc4)CC3)cc2)c(C)c1,-8.822,-6.453,4.469968903694969,3.5532838333012458,0.6244698235068287,0.7816886115069209
COc1cc(OC)cc(C(=O)Nc2nnc(-c3ccc(C)cc3)o2)c1,-8.087,-5.999,4.630312516450698,3.0679168828376038,0.6274154012907949,0.7816782563609804
CC(C)n1nccc1C(=O)OCC(=O)NCCc1cccc(Cl)c1,-6.732,-5.228,4.396422295457979,3.615067080982039,0.6324513418214559,0.7816415783370986
CCc1nnc(NS(=O)(=O)c2ccc(-c3nc(C)no3)o2)s1,-7.923,-5.946,4.637588813165738,3.0383918443808406,0.6274999599941045,0.7815144527926842
CN(Cc1ccc(OC(F)(F)F)cc1)C(=O)CNc1ccccn1,-7.172,-5.261,4.51828285967136,3.350144325249287,0.6319835208824836,0.7814882221791359
CC(C)CNC(=O)c1ccc(C2CCN(S(C)(=O)=O)CC2)cc1,-6.523,-5.46,4.660600175943007,2.8799531246185244,0.6304871073195053,0.7813798262785522
COc1ccccc1NS(=O)(=O)c1ccc(F)c(C(=O)Nc2cccc(Cl)c2)c1,-7.62,-6.498,4.59766690833514,3.2417689615393623,0.6235743115455272,0.7813106709320353
CCC(NC(=O)c1ccccc1C)c1nccn1Cc1ccc([N+](=O)[O-])cc1,-6.967,-6.174,4.691955882145526,2.838307594324477,0.6255209691659138,0.7812104835880809
CCc1nc(CN2CCN(CCn3c(C)ccc3C)CC2)no1,-7.2,-4.766,4.625022810754558,2.9496742192994807,0.6348060641748808,0.7811875924192297
O=C(O)C1CCCN(C(=O)NCc2ccc(Br)s2)C1,-7.078,-5.443,4.645724378393536,2.9531918325770854,0.6301935426352963,0.7811281188333037
NC(=O)C1CCN(C(=O)c2nc(-c3ccccc3)n(-c3cccc(Cl)c3)n2)C1,-7.263,-6.13,4.672069562838292,2.9358448528490064,0.6253655106168248,0.7809341595152381
CCCCC(=O)CN1CCc2ccc(O)cc2C1,-6.708,-4.978,4.572700405668406,3.1782016927816272,0.6328861384141492,0.7808800332465528
CCN(Cc1ccccc1)c1nc(C)nc(NNS(=O)(=O)c2cccc(Cl)c2)n1,-7.532,-6.077,4.456711792341972,3.5689036131562872,0.6255586403807882,0.7808387435331117
CCCCOC(=O)N1CCC(NC(=O)c2ccccc2OC(F)(F)F)C1S(C)(=O)=O,-6.833,-4.981,4.3682186300596255,3.66442546656362,0.6326527193661383,0.7807483870564421
CCOc1cc(C=C2SC(=Nc3ccc(CC)cc3)N(C)C2=O)cc(Br)c1OCC,-6.866,-5.055,4.460151342723697,3.4926628809548736,0.6317744209104807,0.7805110524212161
Cc1c(C(=O)Nc2nccs2)cnn1CCNc1ccccc1,-6.952,-5.414,4.60378246662459,3.1313993676948964,0.6293151101603556,0.7804645590266063
NC(=Nc1ccccc1)c1cccc(Cn2ccnc2)c1,-6.841,-5.113,4.347647179797367,3.7126203684190497,0.6312892660856038,0.7804500320920752
O=C(Nc1ccc(S(=O)(=O)N2CCCC2)cc1)c1cc(C(F)(F)F)n[nH]1,-7.604,-5.887,4.676576311790496,2.90024912723028,0.6260813660235927,0.7803897840325756
CCOC(=O)CCC(=O)Cn1c(=O)n(C)c2c(C)nc(N)nc21,-6.654,-4.703,4.336112659975522,3.707463958017665,0.6338981963239948,0.7803684657596691
N#CCc1cccc(Cl)c1NC(=O)CCC(=O)Nc1ccc(F)cc1,-7.529,-5.691,4.40654342994597,3.650059862522808,0.627101387834373,0.7802241685928983
CCC(C(=O)Nc1ccc(N2CCCC2=O)cc1C)c1ccccc1,-7.673,-5.648,4.680795658859719,2.852731673326462,0.6273251701468238,0.7801874823755587
CCCC1=Nc2nn(-c3cc(Cl)c(C#N)cc3C)c3nc(C(=O)O)c(C)c(c23)C(=O)N1c1cccc(Cl)c1F,-7.426,-6.03,4.691686690306589,2.858452903232796,0.6246936376526044,0.7801072383492487
CC(C)CC(NC(=O)C1CC(=O)N(c2ccc(F)cc2)C1)C(=O)O,-7.364,-5.722,4.651410753739128,3.0010388201421185,0.6265361441652716,0.7799991553825626
O=NN=C1C=C(N(c2nonc2-c2ccccc2)S(=O)(=O)c2ccc(Br)cc2Cl)N=N1,-7.232,-5.551,4.393377743832188,3.6695597828622457,0.6275396369352761,0.7799238545802447
N#Cc1ccc(OCN2C(=O)c3ccccc3C2=O)cc1,-7.353,-5.656,4.638063712369635,3.0528259039781496,0.6266087775915441,0.7797745833145954
Cc1ccc(C)n1-c1cccc(C(=O)NCC2(CC(=O)O)CCCCC2)c1,-7.08,-5.732,4.6665029733195285,2.952717731175805,0.6257428835568621,0.7795460583362701
CCCCN=NC=c1c(=O)c(=CC=C=CN2c3ccc(C)cc3C(C)(OCCOCCOCCOCCO)C2(C)O)c1=O,-6.498,-4.966,4.613970632763064,3.0701042327582297,0.6307496077640748,0.7795114515927494
CCc1ccc(NC(=O)C(C#N)=Cc2cc(Br)ccc2OC)cc1,-7.198,-5.679,4.365198506368296,3.732517247113536,0.6260037530420594,0.77949201562625
Cc1ccccc1OCC(=O)N(Cc1ccc(F)cc1)C(C)C(=O)NC1CCCC1,-6.436,-5.863,4.284077263542291,3.8671150745743263,0.6246459935157327,0.779396844720894
CCOc1ccccc1OCc1nc(-c2nccn2C)n[nH]1,-6.594,-4.989,4.393217613549322,3.642084842504358,0.6303579265293279,0.7793640342069725
Cc1nn(CC(C)C)c(Cl)c1C(=O)OCC(=O)NC(C)c1ccccc1Cl,-7.509,-5.111,4.5015279628144045,3.423535891443233,0.6295428543399155,0.7793615386077877
Cn1cc(CNc2ncc(C(=O)Nc3ccccc3)cn2)cn1,-7.05,-5.55,4.6440803179962336,3.034339466836235,0.626336126921815,0.7791715279691519
CCN(CCNC(=O)c1ccccc1[N+](=O)[O-])c1nc2ncc(Br)c(N)c2n(C)c1=O,-7.576,-5.407,4.645945651856035,3.013095750221024,0.6270729521825672,0.7790443119073728
COc1ccc(CC(C)c2c(Cl)nc3nc(N)sc3c2C)cc1,-7.03,-5.368,4.55022526914877,3.3270193867785025,0.6272905745835005,0.7790197253296349
Cc1nc(N2CCOCC2)sc1CC(=O)Nc1nnc(C(C)(C)C)s1,-6.642,-5.393,4.425157511320924,3.615260571521784,0.627092222099237,0.7789989461632829
Nc1cccc(SC(CC(=O)Nc2ccccn2)c2ccco2)c1,-6.771,-5.272,4.418621504496623,3.619623599215808,0.627885045491563,0.7789951959921015
c1ccc2oc(NN=c3c4ccccc4sc4ccccc34)nc2c1,-7.52,-6.337,4.240649596465146,3.95473956158936,0.6208068667268456,0.7789224349289574
Cc1cccc(Sc2ccccc2NC(=O)c2cnn(Cc3ccc(Br)cc3)c2)c1,-7.392,-6.524,4.505634028635704,3.530995610305965,0.6195997974205502,0.7789219762521586
C=CCN1C(=O)C(=Cc2coc(-c3ccc(OC)cc3)n2)SC1=S,-6.266,-5.257,4.487977495487249,3.4774077989214915,0.6277049846725619,0.7788219854935139
Cc1nc(NCc2ccc(Cl)cc2Cl)ncc1C(=O)N1CCCC1,-7.614,-5.711,4.620998485176121,3.148115309196917,0.6246936893610381,0.7788065506790789
CCCCc1ccc(OCC(=O)Nc2ccc(-n3cnnn3)cc2C)cc1,-7.545,-5.952,4.636997088633978,3.120949374789666,0.6229506080175613,0.7787007443781688
O=C(Nc1ccc(Cl)c(Cl)c1)C1CC1C(=O)NC1CCCCC1,-7.333,-5.589,4.499247159247867,3.4802520023699444,0.6252645133889606,0.7786640368478783
Cc1cnn(CCC(=O)NC2Cc3ccccc3C2C(=O)O)c1,-7.928,-5.644,4.244986454630921,3.917784322802877,0.6248557784785687,0.7786340789082645
Cc1cc(NS(=O)(=O)CCNC(=O)c2ccccc2Br)on1,-7.09,-5.745,4.686825044739776,2.89309280874292,0.6241849169047922,0.7786280240242793
O=S(=O)(Nc1cc(C2CC2)[nH]n1)c1ccc(Cl)s1,-6.65,-4.806,4.323799949118829,3.7600397604280738,0.6303124028304394,0.7785825178224466
O=c1c2ccccc2ncn1CN1CCN(S(=O)(=O)c2ccccc2)CC1,-7.2,-6.543,4.665173630209276,3.0904176093207854,0.6187339818163444,0.7784543973370321
O=C(O)C1CC1C(=O)Nc1ccc(N2CCCCC2)cc1,-5.825,-5.714,4.674538159005657,2.9516383586069623,0.6240603708480882,0.7784239073927509
COc1ccccc1CCC(=O)Nc1cc(Cl)c(NC(=O)c2cc3ccccc3[nH]2)cc1OC,-7.701,-6.472,4.607537954265814,3.2793502405202166,0.6189785663586873,0.7783210240034534
Cc1ccc(Cn2ccnc(C(=O)Nc3c(C)nn(C)c3C)c2=O)cc1,-8.104,-6.015,4.286056112558489,3.886712492582903,0.621910574261882,0.7783065989917038
CC(C(=O)NCc1noc(-c2cccc(C(F)(F)F)c2)n1)n1cncn1,-7.796,-5.867,4.586945170808127,3.2862507512361256,0.6227365014435492,0.7782209413507749
Cc1c(NC(=S)NCc2ccccn2)ccc2sc(=O)[nH]c12,-6.759,-5.394,4.645849222693306,3.03915021017389,0.6256983988702358,0.7781368241793594
Cc1ccccc1NCC(=O)NN=Cc1ccc(Cl)o1,-7.07,-5.093,4.46861287202192,3.5207296118844464,0.6276702347428663,0.7781276753888137
O=C(Nc1cccc(Br)c1)c1ccnc(C(=O)NCc2ccccn2)c1,-8.297,-6.007,4.6232223610810665,3.1896971643088645,0.6216484511822895,0.7781100448104808
Cc1ccc(Cn2nc(C)c(C=NNC(=O)CNc3cccc(C)c3)c2C)cc1,-8.248,-5.982,4.529368499029418,3.4511496635179406,0.6217854440103846,0.7780941424420947
Cc1cc(N2C(=O)CCC2C(=O)NC2CC(C)(C(=O)O)C2)no1,-6.417,-5.311,3.6637763305092736,4.404049954303425,0.6261722028113802,0.7780916327536257
COc1cc(OC)c(-c2nnc(-c3ccc(C)cc3)o2)c(OC)c1,-7.006,-5.409,4.450892045421907,3.5817950806823107,0.6254567120219335,0.7780478756530008
CC(C)NC(=O)CN1CCN(C(=O)Cc2noc3ccccc23)CC1,-7.822,-5.59,4.627110653528831,3.1367304633965607,0.6240968139712125,0.7779406898976611
Cc1cccc(N2CCN(C(=O)NCCC(=O)O)CC2)c1,-6.339,-5.592,4.668302689415072,2.989171289839376,0.6235214057158033,0.7775901414178524
CN(C)c1cc(C(F)(F)F)ccc1NC(=O)CN1C(=O)NC2(CCCC2)C1=O,-8.17,-6.259,4.551580055321448,3.429544284595259,0.6191298234460704,0.7775537166076987
CS(=O)(=O)Nc1ccc(C(=O)NCC(=O)Nc2ncc(C(F)(F)F)cc2Cl)cc1,-7.586,-6.07,4.683329157768008,2.991166494864504,0.6201797482325491,0.7774460496536324
CCC(C)Nc1cc(-c2cnn3ccc(C)nc23)nc(C2CC2)n1,-6.97,-5.077,4.476621605630745,3.5154974043511973,0.6265923562815728,0.777393652076142
CCOc1cc(C(=O)Nc2ncccc2C)cc(Cl)c1OCc1ccccc1Br,-7.228,-5.739,4.556848582079505,3.3771036406956787,0.622192691706105,0.7773600162054104
CC(C)C1CCN(C(=O)C2CCC3CC2C3N)CC1,-7.276,-4.794,4.577144196985714,3.233931817463071,0.6283325024701503,0.7773093878523208
CS(=O)(=O)N1CCc2cc(NC(=O)COc3ccccc3C#N)ccc21,-7.814,-6.428,4.710282687907383,2.924995897433021,0.61758110614457,0.7772640777034916
COc1ccccc1NC(=O)CSc1nnc(C2CC2)n1C1CC1,-6.896,-5.317,4.472635129316943,3.544101155441248,0.6247954773207345,0.7772603299506856
CCC(CC)C(N)CNC(=O)c1cc(-c2ccco2)on1,-7.025,-4.968,4.622348969950235,3.1044659766214213,0.6270090168415458,0.777204820175665
CC(C)(C)C(=O)OCCC1CC(=O)N(CC(c2ccccc2)c2ccccc2)C1,-7.184,-5.472,4.578528803010853,3.300861402725052,0.6234287969172909,0.7770427221765114
Cc1cc(C)c(NC(=O)CN2CCCC2c2ccc3c(c2)OCCO3)c(C)c1,-7.502,-6.598,4.700386047975208,3.000024833230551,0.6160390289668053,0.7769791243924771
COc1ccc(Oc2ncc(C(=O)NCc3ccccc3C)cn2)cc1,-7.247,-5.63,4.4776836645748,3.5621361568586902,0.6221797108395847,0.7769079235959343
Cc1ccnc(NC(=O)c2cccc(NC(=O)CC(C)c3ccccc3)c2)c1,-8.348,-6.804,4.672100170159026,3.13892003721025,0.6144482456191178,0.7768047392460102
Cc1ncc2c(n1)CC1(CCN(C(=O)c3cn[nH]c3)CC1)C2,-7.03,-5.546,4.689266360530184,2.9179828649257007,0.622490744613966,0.7767596801388169
Cc1nc(CN2CCN(C(=O)c3cccc(NS(C)(=O)=O)c3C)CC2)cs1,-7.454,-5.291,4.602795780827127,3.219289983831839,0.6240003510803992,0.7766593232797412
CC(OC(=O)COc1ccc(-c2ccccc2)cc1)C(=O)NC(N)=O,-6.917,-6.348,4.677867676623614,3.073568772615964,0.6169662235920923,0.7765537460618538
Cc1nnc(C2CN(C(=O)C3(C)CCN(C)C3=O)C2)n1C,-6.569,-5.272,4.6211947589341,3.1597385967829683,0.6239415659802264,0.7765450737686181
Cc1cccc(N2N=C(c3ccc(C4CC4)oc3=O)CC2=O)c1,-7.828,-5.817,4.558091815661462,3.398683568677732,0.6202720195983673,0.7764763267384643
Cc1c([N+](=O)[O-])c(C(=O)OCC(=O)c2ccc[nH]2)n2c1N(c1ccccc1)CC2,-7.723,-6.434,4.483145993607614,3.6139286102522834,0.6162779854142661,0.7764678442487534
CCc1nnc(C2CCN(C(=O)Nc3ccccc3OC)C2)o1,-7.409,-5.439,4.69370930075564,2.900412729250787,0.6223466816686953,0.776233457431369
CN(C(=O)CNc1ccc(S(=O)(=O)N(C)c2ccccc2)cc1)C1CC1,-6.133,-5.338,4.664220192057832,3.021885504118248,0.6226944086941534,0.7760380739464233
Cc1ccc(Br)cc1NC(C)C(=O)Nc1ccc(F)cc1,-6.813,-5.259,4.342693173596311,3.7950822125482335,0.6230379688135343,0.7759294652225713
Cc1cc(-c2cc(C(=O)Nc3ccn[nH]3)c(C)n2-c2ccccc2)nc(N)n1,-7.897,-5.905,4.659676061702144,3.10922144595717,0.6188281583186096,0.775929212766274
CCN(Cc1nc(-c2ccc(C)cc2)no1)C(=O)c1ccc(C)cc1,-7.343,-6.408,4.490644274488907,3.60690421275642,0.6155158596879624,0.7758826513832345
CC(CS(=O)(=O)N(C)CC1CCOCC1)C(=O)O,-6.013,-5.051,4.663871889321145,2.992949381463041,0.6242806315183865,0.7758518547670927
CCOc1ccc(OCC)c(Nc2ccnc(Nc3ccc(C)cc3)n2)c1,-7.097,-5.614,4.678057502853081,3.006719142188043,0.6205157605464269,0.7758032452362021
Cc1cc(Cl)ccc1NC(=O)CCC(=O)Nc1nnc(NC(C)(C)C)s1,-6.88,-5.599,4.63520182947841,3.167659388254993,0.6205123514978227,0.7757400724606314
CCOC(=O)Cc1cccc(NS(=O)(=O)c2ncc(C(F)(F)F)[nH]2)c1,-7.16,-5.646,4.664201217786386,3.0681883905653518,0.6201878689430479,0.7757284161662144
Cc1cc(C)n(CC(=O)Nc2cccc(N3CCC(C)C3=O)c2)n1,-7.264,-5.638,4.684058389900792,2.98736137753704,0.6202161044659439,0.7757135326708913
CN(Cc1ccc(C(=O)O)o1)CC1CCCN(Cc2ccc3c(c2)OCO3)C1,-7.595,-5.709,4.694133146812093,2.9578769413212584,0.6195093329358642,0.7755600174412891
CCc1c(C(=O)Nc2ccc(C)cc2)cnn1-c1ccccc1C,-7.058,-5.266,4.4726057282081095,3.570835336444402,0.6223485745501565,0.7755286415703706
CC(C)c1ccc(N2CCN(C(=O)c3ccoc3)CC2)nn1,-6.333,-5.445,4.71014139915141,2.848567710271252,0.6210884232287477,0.7754728164137854
CN1CCN(C(=O)c2cccc(OCc3ccc(Cl)cc3)c2)CC1,-7.756,-5.739,4.440092116161555,3.66876191650535,0.6189954511219947,0.7753601468925583
Cc1cccc(OCCNC(=O)c2cc(F)c([N+](=O)[O-])cc2F)c1,-7.235,-6.026,4.677420763626039,3.0744679214459207,0.6170119924923314,0.7752798494945977
Cc1ccc(OCc2nnc(NC(=O)c3cccc(F)c3)o2)cc1,-7.764,-6.361,4.557155582158678,3.469653296800704,0.61473982300332,0.7752037842969908
O=C(COc1cccc(-c2nc(CN3CCC(O)(Cn4cncn4)CC3)no2)c1)N1CCCCC1,-8.057,-6.133,4.699995957445069,2.999962333096867,0.6161266794122456,0.775156265421558
CCCOc1ncc(C(=O)NCC2CCCN2CC)cc1F,-6.038,-4.742,4.670830440082363,2.9566328821820265,0.6246150154980324,0.7747932776516026
CC1CN(C2CCC(C(=O)O)CC2)CC(C(=O)N(C)C)O1,-6.596,-4.962,4.686771383372567,2.9167276184107425,0.6230924873786602,0.7747491137077113
Cc1ccc(NS(=O)(=O)c2cc(NC(=O)C3COc4cc(F)ccc4N(S(C)(=O)=O)C3)ccc2Cl)cc1,-6.794,-5.372,4.523330078603594,3.4821939922985354,0.6203788695835946,0.774732379308824
O=C(CN1CCN(c2ccccn2)CC1)Nc1cc(C(F)(F)F)ccc1Oc1ccccc1,-8.105,-6.535,4.610472969229946,3.3620252824748373,0.6124465489454033,0.7744568741213609
Cc1ccc(NC(=O)c2ccc(NC3CC3)cn2)c(C)c1,-7.22,-5.335,4.48441835693326,3.573428325851801,0.6198463558445626,0.7742491161753643
CCOc1ccc(S(=O)(=O)NC2Cc3ccccc3C2)cc1,-7.062,-5.519,4.467749545352783,3.620169747401356,0.6186033224075901,0.7742207213078748
Cc1ccc(C(=O)CCC(=O)NC(C)(C)CC(=O)O)cc1,-6.895,-5.414,4.690357022658295,2.981179967730898,0.6191672256533525,0.7741463787945674
Cc1ccc(CCC(=O)Nc2ccccc2NC(=O)c2ccc(C)nc2C)cc1,-8.352,-6.923,4.559675536702146,3.525829689590806,0.6094642533507376,0.7741246648663885
CCOc1cc(CC(=O)Nc2nnc(C34CC5CC(CC(C5)C3)C4)o2)ccn1,-7.636,-6.166,4.710122503714739,2.995817918365533,0.6141433090215307,0.7740408306431614
Cc1ccc(S(=O)(=O)Nc2nnc(CC(C)C)s2)s1,-5.962,-5.027,4.46889617243453,3.5890962650784397,0.6213495067099735,0.7739302956851272
COc1ccc(CNC(C)CCCC(=O)O)c(OC)c1,-5.89,-4.793,4.675263415038772,2.9735598194756405,0.6228131851667319,0.7738837927008564
Cc1cc(C(C)N2CCC(C(=O)NCc3ccccc3Cl)C2)no1,-7.5,-6.121,4.658451888771632,3.194388830433765,0.6139543431781156,0.7737400952944152
CCc1ccc(NC(=O)CC(=O)NC(C)c2ccc(Cl)cc2Cl)cc1,-7.066,-5.604,4.578475401266234,3.3859053442174085,0.6171523932993713,0.7736572706057543
Cn1cc(NC(=O)NCC(O)c2ccc(C#N)cc2)cn1,-6.842,-5.514,4.696269476935922,2.9856982432925143,0.6176591713817566,0.7736093537000452
COc1ccc(C(=O)N2CCc3sccc3C2)cc1S(=O)(=O)Nc1ccc(Cl)cc1,-7.584,-5.842,4.557201443868814,3.462365376444261,0.6153342190351591,0.7734806954193931
CCc1ccc(-c2noc(C3CC(=O)N(c4ccccc4C(C)C)C3)n2)cc1,-7.676,-6.133,4.48548648420659,3.6392791868720376,0.613384742238665,0.7734295103424007
O=C(Nc1ccc(NC(=O)C(C(=O)O)C(F)(F)F)cc1)Nc1cccc(C(F)(F)F)c1,-7.408,-6.062,4.73984018717931,2.8668397234585683,0.6137556599432484,0.7733767079134979
CC1CC(O)C(CNCc2ccccc2-c2ccc(C3OC(c4ccc(CO)cc4)CCC3C)cc2)O1,-8.854,-6.366,4.440643872232943,3.738410491104475,0.6116652490900044,0.7732829152005803
C1=NCCN1N=Cc1ccc(-c2ccccc2)o1,-6.47,-5.069,4.651326047483663,3.1205225523940707,0.6199429425549847,0.7732251578472146
CC(=O)OCc1ccccc1OCCC(N)c1ccccc1,-7.103,-5.1,4.688847299710238,2.980563369566229,0.6195249746274233,0.7730908571909163
COc1ccc(C(=O)Nc2nc3ccc(C(F)(F)F)cc3s2)cc1F,-7.404,-5.746,4.20744768238418,4.036251354908414,0.61518659572422,0.7729993033156858
O=S(=O)(Nc1ccc(Cl)c(F)c1)N1CCCC1CO,-6.852,-5.091,4.671974850103541,3.0529536517936195,0.619362312648008,0.7729526699376313
O=C1CC(N2CCN(Cc3ccccc3)CC2)C(=O)N1Cc1ccco1,-7.734,-6.072,4.653900299748589,3.2253649405919957,0.6129376291581579,0.7729014949271974
N#CC(N)=C(C(=O)OCc1nc(-c2ccccc2)no1)c1cc2ccccn2n1,-7.621,-6.13,4.648406716284624,3.2494413365992623,0.6125115197700437,0.7728666860216374
CC1(c2ccccc2)NC(=O)N(CC(=O)NCCc2ccc(Br)cc2)C1=O,-7.447,-6.257,4.572579250270026,3.469718432380356,0.6116591162613809,0.7728402643766334
CNS(=O)(=O)c1ccccc1NCC(=O)Nc1ccc(Cl)cc1Cl,-7.086,-5.19,4.663809065560038,3.099491732526479,0.6185081769731735,0.7728227241478676
Nc1ncccc1NC(=O)c1ccc(COc2ccc(Cl)cc2)o1,-7.417,-5.958,4.540181604297343,3.5239809874629016,0.6134665768561781,0.7727746288207846
COCCn1c(-c2ccc(Cl)cc2Cl)nnc1N(CC(C)(C)C)C(=O)c1ccco1,-6.606,-5.232,4.5453108804569125,3.45769605373289,0.6180846266443023,0.7727290039101433
Cc1cc(Cl)ccc1NC(=O)COCc1nc(C(C)C)no1,-6.767,-5.464,4.693382682032224,3.0248322267524195,0.6162651362659143,0.7725329561251882
COc1cc(NCC2CCCN2Cc2ccccc2)ccc1[N+](=O)[O-],-7.008,-5.937,4.681543121664053,3.1325812040552115,0.6128119996778333,0.7722774633307696
Cc1ccc(NC(=O)Cc2c(C)nn(C)c2C)cc1C,-7.322,-5.623,4.446371217071287,3.698368424048637,0.6148037264390223,0.77226069254635
CC(Cc1ccc(C(C)Nc2ncc(Cl)cc2[N+](=O)[O-])cc1)C(N)=O,-6.469,-5.611,4.668288123070383,3.1455686290399067,0.6148625970534886,0.7722490577787083
Cc1cc(NC(=O)c2ccc(C(F)(F)F)cc2)ccc1NCc1ccco1,-7.206,-6.061,4.581321425091237,3.452490405489929,0.6113199418213773,0.771836561908569
CCN(CC(=O)Nc1ccc(Cl)c(-c2nc(C)no2)c1)Cc1ccccc1,-7.431,-5.871,4.717012931930546,3.004723614577553,0.6121938719110872,0.7716215151363403
CCc1cc(C(=O)Nc2cc(Nc3cc(-c4ccccc4)ncn3)ccc2C)n(C)n1,-8.557,-6.788,4.587299423408068,3.498546698273444,0.6063117721219377,0.7715804427823362
CCOC(=O)c1[nH]c(=O)[nH]c1Nc1cccc(C(=O)Nc2nnc(C)s2)c1,-7.717,-5.661,4.7484129980447145,2.829702987947675,0.6134663792441925,0.7715740379745646
COc1ccc(Cc2ncc(Cc3ccc(Cl)cc3)o2)cc1,-6.998,-5.672,4.465647209531895,3.677247612005479,0.613362235686867,0.7715530342903321
Cc1cc(C(=O)N2CC(F)C2)ccc1OCCN1CCCC1,-6.637,-4.642,4.722109380351116,2.813489648106067,0.6199586679381822,0.7714912025116091
CCc1ccc(NC(=O)C(C)OC(=O)c2ccc(C)c([N+](=O)[O-])c2)cc1N,-7.929,-5.692,4.523174217294753,3.566175542510492,0.6130284277050665,0.7714239205036985
CCCCC(=O)N1CCN(C(=O)c2ccc[n+]([O-])c2)C1=Nc1cc(C)ccn1,-6.999,-5.495,3.740883585464804,4.425522003108785,0.6141764626923711,0.7713482840235706
CCc1noc(CC)c1CNC(=NCC(=O)N(C)C)NCCc1cccc(Cl)c1,-6.409,-5.513,4.437202497069521,3.722276319673219,0.6140076505113371,0.771315174854947
OC1(c2noc(CCc3ccccc3)n2)CCOCC1,-7.171,-5.82,4.551480198792476,3.5158785530788754,0.6119457361678332,0.7712592754387957
CC1CCC(C)N(C(C)CC(C)NC(=O)c2ccc(F)cc2)C1,-7.143,-4.999,4.6340844834767525,3.2350612049851537,0.6164532888642997,0.7707610631923225
COc1c(Br)cc(Cl)cc1NC(=O)C(C)Oc1ccc(C#N)cc1,-7.029,-5.418,4.261038723128435,3.983434322290252,0.6137185061761046,0.7707487823910967
O=C1NC(=O)N(c2cccc(C(F)(F)F)c2)C(=O)C1=Cc1ccc(N2CCN(Cc3ccccc3)CC2)o1,-9.224,-7.341,4.761922825918119,3.0243541459293413,0.6014074249120134,0.7706522571189444
COc1ccc(NC(=O)N2CCc3cc(C(=O)O)[nH]c3C2)cc1C(C)(C)C,-7.717,-6.484,4.736235319322721,3.0302524647296307,0.6067001832337549,0.770610832812974
CCOC(=O)c1ccccc1NC(=O)C(C)n1nc(C(=O)N(CC)CC)cc1C,-6.562,-5.218,4.705869845203965,3.002077447368738,0.6147461768376041,0.7705824937012843
CCc1nc(-c2ccc(S(=O)(=O)Nc3cnccn3)cc2)cs1,-7.116,-5.596,4.725476695530303,2.9711172982566683,0.6120397388616696,0.7704136811918584
NC(=NNC1NC(=O)C(c2ccc(Br)o2)=C(N)N1)c1ccc(Br)cn1,-7.341,-6.0,4.762358554329985,2.855044833273201,0.6092972215807525,0.7703131497268112
CCN(CC)S(=O)(=O)c1cccc(C(=O)NN=Cc2ccc(I)o2)c1,-6.904,-5.607,4.714594150083333,3.022416748233109,0.6118053010477839,0.7703105659938496
COC(=O)c1ccc(Cl)c(NC(=O)c2cc(C)c(-c3ccc(F)cc3)o2)c1,-8.467,-6.363,4.749171085568513,2.969049342803181,0.6069635784145508,0.7702931689788076
COc1cccc(Nc2ccc(C(=O)Nc3ccc(C)c(Cl)c3)nn2)c1,-7.895,-6.091,4.6487599421781285,3.305972776657424,0.6085910397839694,0.7702325231848542
CC(C)(C)OC(=O)NCCCCC(N)(C(=O)O)C(=O)O,-5.622,-4.858,4.706157030954237,2.973855073805717,0.6161085931301601,0.7699717473410171
CCOc1cc(CN(C)S(=O)(=O)c2ccc(N)cc2)cc(C)c1OCc1ccccc1,-6.892,-6.13,4.740121622912222,2.990740710927646,0.6078706314883153,0.7699331837104656
O=C(Nc1ccc(NS(=O)(=O)c2ccc(Cl)cc2)nn1)c1ccc2c(c1)CCO2,-7.903,-6.879,4.520636238407156,3.675574784982615,0.603122559876133,0.7699112689703446
O=C(CN1CCN(CC2CC2)CC1)c1cccc(Br)c1,-6.539,-5.132,4.493669102192549,3.614579505281356,0.6142072676730315,0.7698956785881867
CCOC(=O)CNC(=O)CSc1nnc(Cc2ccco2)n1-c1ccc(Cl)cc1,-6.582,-5.205,4.666853115323,3.1707893339040987,0.613642199844328,0.7698375483915313
Cc1ccc(S(=O)(=O)NCc2nc(CC(C)C)no2)c(F)c1,-6.854,-5.821,4.548754554820473,3.5491562377556725,0.609562857943138,0.7697602220802218
COc1ccc(OC=CC=NNC(=S)NC(C)(C)C)c(OC)c1,-5.97,-5.029,4.699311013329507,3.031424252723461,0.6146381618024255,0.7697473695061292
COc1ccc([N+](=O)[O-])cc1C(=O)Nc1nnc(C(C)(C)C)o1,-6.925,-5.631,4.736363689582969,2.948857575401024,0.6107443821582795,0.7697392749722116
O=C(OCC(O)COCC1CCC1)C(F)(F)C(F)(F)F,-5.707,-4.477,3.972755844498878,4.242730842275999,0.6181078659221373,0.7696648832817055
Cc1cc(C)c(C(=O)OCC(=O)N2CCN(S(=O)(=O)c3c(C)noc3C)CC2)c(C)n1,-7.844,-5.874,4.720953717205878,3.0500554093327548,0.608970155366289,0.769599292237173
Cc1ccc(CCC(=O)NCC(C(=O)O)C(C)(C)C)cc1,-7.007,-5.766,4.743185216708283,2.9415249446503084,0.6096004627260919,0.7695623399923697
CCC(=O)N(CCNC(=O)CCc1ccc(C)cc1)c1ccc(OC)cc1C,-6.571,-5.622,4.549937252314584,3.53607734643913,0.6104876138618491,0.769541127464388
CN(C)c1ccc(-c2nnc(C(=O)Nc3ccc(F)cc3Br)s2)cc1,-7.005,-5.811,4.673883716995962,3.2170972941457667,0.6092630132255833,0.7695305961454091
CCCc1ccc(C(N)CC(=O)NC(C)Cc2ccc(C)s2)cc1,-6.532,-5.215,4.523415302622566,3.565628696317104,0.6130312862884577,0.7694947785794496
O=C(NCC(O)c1ccc(C(F)(F)F)cc1)Nc1ccc(F)cc1,-7.511,-5.842,4.502386034093478,3.6530145085942376,0.6088271255326747,0.769380087953999
CCc1ccc(C(=O)CNc2cccc(OCCOC)c2)cc1,-6.455,-5.666,4.718437241290806,3.044670918178186,0.609801750015066,0.7692861968591478
O=C(CSc1nnc(-c2ccco2)o1)Nc1cccnc1Cl,-7.074,-5.49,4.697563836713663,3.10811228883385,0.610803325677347,0.7692069956414668
CN(c1ccc2oc(-c3ccco3)c(-c3cc4ccccc4oc3=O)c(=O)c2c1)S(C)(=O)=O,-7.27,-7.202,4.752307755185894,3.090437671269233,0.5999897798116232,0.7691920007687705
CC(C)c1nsc(NC(=O)c2cccc(CN3CCC(C(=O)O)(c4ccccc4)CC3)c2)n1,-8.313,-6.407,4.718267584611962,3.133975909288392,0.6048749358099553,0.7691427535678999
CC(NC(=O)Cn1ncc2c(c1=O)C1(CCC1)C(C)N2)c1ccco1,-8.044,-5.386,4.67060831155857,3.195412962357135,0.6113243491731263,0.7691145485905361
Nc1cc(C(=O)NN=Cc2cccc(Cl)c2)ccc1Cl,-6.568,-5.364,4.567893497007128,3.4845209139851634,0.6113617028578265,0.7690490724615788
COC(=O)NC(CNC(=O)c1ccc(Cl)cc1Cl)CC(C)C,-6.188,-4.555,4.691827895394289,3.0275632115614037,0.6164565806894731,0.7689543127869359
Cn1cc(S(=O)(=O)N2CCN(S(=O)(=O)c3ccccc3)CC2)c(C(F)(F)F)n1,-6.749,-5.491,4.667759312561006,3.224235103090344,0.6100967666162428,0.768766006660719
Cc1ccc(NC(=O)CN(c2ccc(Cl)cc2Cl)S(C)(=O)=O)cc1,-6.942,-5.461,4.577553276587832,3.48232867489558,0.6096184221294535,0.7683434833859242
COC(=O)COC(=O)CNC(CC(=O)c1ccccc1)c1ccccc1,-6.174,-5.484,3.442636925381472,4.594731112916184,0.6094168396694976,0.7683092607771677
CCN(CC(=O)Nc1ccc(C)cc1)c1ncnc(Cl)c1C=O,-6.466,-5.418,4.565467226911174,3.5082829133352407,0.6098314936435179,0.7683041201316242
COc1ccc(C=NNC(=O)c2ccc(N)cc2)cc1,-6.049,-5.263,4.491696004851619,3.6538600137388952,0.6107774556467646,0.7682731087683499
O=C(CCCOCC1CC1)Nc1cccc(Cl)c1C(=O)O,-6.067,-4.987,4.453640084245696,3.7082974530099393,0.6124262086761174,0.7681907068474456
Cc1cccc(NC(=O)C(C#N)=Cc2ccccc2OCc2ccccc2C#N)c1,-7.994,-6.327,4.68014326703788,3.279276292110806,0.6038681018273894,0.7681824693045791
CCN(C)C(=O)c1ccc2c(=O)n(CC(=O)NC(C)c3ccc(C)cc3)c(C)nc2c1,-8.309,-5.707,4.699639347864896,3.1526934516378216,0.6077633471668449,0.7681644174960454
O=C1NC(=O)C(=Cc2ccc(C(=O)Nc3cccc(Cl)c3)cc2)N1,-7.223,-6.143,4.733891105633926,3.073281796386397,0.6049178098626127,0.7681129641235328
N#CC(=Cc1cccc(F)c1)C(=O)Nc1cccc(C(=O)NC2CC2)c1,-7.811,-5.946,4.47441012872088,3.731618147667309,0.6061284000833985,0.7680906516596344
CCOC(=O)c1cnc(C(CC)N2CCN(C(=O)OCC)CC2)nc1C,-6.046,-5.15,4.745050052423051,2.899053983629832,0.611165968754657,0.7680600860194483
CCCOc1ncc(C(C)NC(=O)NC2CCCCC2)cc1C,-6.873,-5.46,4.728215519622599,3.0208604734413007,0.6089307292095236,0.7679059536811369
CN=C(C)N1C(=O)C(=Cc2ccc(C)s2)N=C1c1ccccc1C,-6.378,-5.17,4.363504440240666,3.8688679222739046,0.6107844422193925,0.7679012521650624
CC1Cc2ccc(N3CC(C(=O)O)CC3=O)cc2O1,-7.115,-5.155,4.726750363621924,3.002884113648077,0.6101716247644299,0.7674552544760634
CC(C)c1ccccc1C=Cc1nn(C)cc1-c1nc2sc(C(N)=O)nn2c1C#N,-7.168,-6.249,4.760502074361485,2.99622913009002,0.6031415919947275,0.767408403024685
CC(N)Cc1ccc(C(CC(=O)CO)C(=O)Nc2ccccn2)cc1,-6.609,-5.332,4.748313490072027,2.933953305695236,0.6088335507327916,0.7673281421125183
Cc1nccnc1C(NC(=O)N1CC(O)CC1C(=O)O)C(C)C,-6.862,-4.626,4.696121271858297,3.068139990287275,0.613348520545037,0.7673022017596618
CCCCOc1cc(C(=O)N(C)C)cc(NCCCCNC(=O)c2cccn2C)c1F,-6.353,-5.044,4.605955384065286,3.3990984098728303,0.6105635804407534,0.7672524407221682
N#Cc1cc(F)ccc1NC(=O)COC(=O)CN1C(=O)c2ccccc2C1=O,-7.74,-6.633,4.73871385504548,3.1376738198863183,0.6002645890049682,0.7671062116224198
CC(=NNc1nccs1)c1cccc(OCc2ccccc2)c1,-7.156,-5.636,4.719784846791217,3.103136961205548,0.6063112943177135,0.7669607212943509
CCCCC(CC(CC=CC(=O)OCC)C(=O)c1ccccn1)C(=O)OCC,-5.8,-4.211,4.566231706779672,3.43816957115265,0.615504770975569,0.7669571851266125
O=C(c1ccc2nccnc2c1)N1CCN(c2cccs2)CC1,-7.174,-5.361,4.663129099649719,3.272579563585888,0.6078850704148377,0.7668471790277873
Cc1ccc(CCC(=O)Nc2ncc(-c3ccon3)n2C)cc1,-7.45,-6.35,4.77595372674401,2.959137374303532,0.6015623355339449,0.7668062855763542
Cc1ccccc1-n1nnc(C(=O)Nc2ccccc2-n2ccnc2)c1C,-7.817,-5.764,4.748417104678147,3.008575078006197,0.6051615638913446,0.766747347080932
CSc1ccc(N2CCN(Cc3cccc(C)c3)CC2=O)cc1[N+](=O)[O-],-8.116,-5.745,4.77794736262341,2.8695436919482504,0.6052149841608007,0.7667048871811669
CCN(CC)C1CCN(c2ccncc2C(=O)Nc2c(C)nn(C)c2C)C1,-6.407,-4.93,4.5014946406721394,3.638895574209296,0.6103735433013858,0.7666714145763753
Cc1ccc(N(C(=O)c2ccccc2)C(CO)C(=O)NCCN2CCCCC2)cc1,-7.268,-5.556,4.587448092349383,3.4998174238094197,0.6061749294826779,0.7665526780015949
COc1ccc(CN2C(=O)c3ccccc3C2=O)cc1,-7.333,-5.391,4.38198048831804,3.871913480438321,0.6071847805293719,0.7665262552622365
O=c1cc(C(F)(F)F)c2ccc(OCc3ccc([N+](=O)[O-])cc3)cc2o1,-7.758,-6.23,4.738766189632064,3.1093645653091246,0.6018676530924479,0.766521627889693
Nc1c(Cl)ccc(Nc2nc(Cl)nc(Nc3ccccc3)n2)c1N=Nc1ccccc1,-7.841,-6.527,4.2866643208910125,4.057473598188903,0.599591466859639,0.7662541056453394
CCc1nc(C)c(C(=O)N(CC)CC2CCCN2Cc2ccc(F)cc2)s1,-6.7,-5.393,4.50558686521523,3.668096372779756,0.6067317955451287,0.7662483288314853
CCNC(=O)C(C)OC(=O)C1CCN(Cc2ccccc2)C1,-6.495,-5.26,4.517220052200247,3.636883006091893,0.6075579986847373,0.7662335167311262
CN(CCCO)c1ccc(CNC(C)(C)C)cc1Br,-5.354,-4.601,4.718835979349144,3.012339456303024,0.6114073447094585,0.7659855118194632
CCc1cccc(CC)c1NC(=O)C(C)N1CCN(C(=O)c2ccccc2Cl)CC1,-8.002,-6.102,4.8067854123103935,2.798066117874987,0.6017809771059865,0.7659549640245924
CCC(Oc1cc(C)ccc1C)C(=O)NCc1ccc2c(c1)OCO2,-7.583,-5.795,4.664280115945011,3.331513019635373,0.6035659186147729,0.765860133990909
O=C(CN1C(=O)c2ccccc2C1=O)OCC(=O)N1CCOCC1,-7.199,-6.319,4.7601683793748295,3.0562377198117288,0.6001273929639812,0.7657675928752107
CC(Nc1ccc(C(N)=O)cc1)C(=O)N1CCN(c2ccccn2)CC1,-7.361,-5.767,4.77364116791365,2.9274306140368216,0.6035645414434714,0.7657469853357726
Cc1cccc(C(C)NC(=O)C2CCCC2C(=O)O)c1,-7.706,-5.85,4.74747659288595,3.056797507196052,0.6028585888015608,0.7656316028836981
COc1nc(OC)nc(N2CCN(C(=O)c3cnc(C)cn3)CC2)n1,-6.643,-5.309,4.719003814365909,3.1135519908940026,0.6058900757003398,0.765378400268024
Cc1noc(C)c1CSc1nnc(NC(=O)c2cccs2)s1,-6.782,-5.47,4.4220675028769065,3.830974549641384,0.6048294129744025,0.765355762222986
C[n+]1[nH]oc(=O)c1-c1cnc(NC(=O)c2cc3ccccc3[nH]2)[nH]1,-7.722,-6.818,4.812542051764327,2.9008584936187427,0.5961575917795774,0.7652110768257466
COc1cc(-n2nc3ccc(C(=O)O)cc3n2)cc(Br)c1Br,-7.047,-5.503,4.792782594693817,2.812515777733522,0.6043240805876012,0.7651685815687962
CNCc1cnc(N(Cc2cccs2)C(C)C)nc1CN,-6.092,-4.401,4.607821502619214,3.384338783278057,0.6113115481758132,0.7651129429464565
CN1CC2(CCN(C(=O)c3ccoc3)CC2)Nc2cnccc21,-6.977,-4.994,4.704385507162439,3.1423795124077545,0.6073588505112438,0.7650342844351965
Cc1ccccc1N1CCN(C(=O)C(C)NC(=O)c2ccco2)CC1,-8.269,-5.689,4.732211639392304,3.1167779837518106,0.6028627860442882,0.764989023881472
CCc1ccc(NC(=O)c2sc(C)c(C(=O)NC(C)COC)c2C)cc1,-6.692,-5.404,4.725995027504789,3.111826794665798,0.6044831227844907,0.7648713040577845
Cc1cc(NC(=O)CNC(=O)c2c(-c3ccccc3Cl)noc2C)no1,-8.38,-5.91,4.797162703098572,2.863389599757603,0.6012152779562034,0.7648273828313021
COC(=C1C(=O)C(=O)N(c2nc(C)no2)C1c1ccccc1Cl)c1ccc(OCCC(C)C)cc1,-7.044,-6.14,4.763606616839809,3.0528278693696445,0.599558608454556,0.7646909223507061
Cc1ccc(N2CCN(C(=O)c3cnc(C(C)(C)C)[nH]3)CC2C)cc1,-7.05,-5.767,4.560265233514384,3.612075442180022,0.6015796118045369,0.7644868006317166
CC(C)N(CC1CCCO1)C(=O)C=Cc1ccc(Cl)cc1Cl,-6.877,-4.828,4.556163846922101,3.5558364698056626,0.6075124617098852,0.7644601569301146
CC1CN(C(=O)CCOc2ccc(-n3cnnc3)cc2)CC(C)O1,-6.98,-5.515,4.73558803106858,3.1029729293050563,0.6029125834562862,0.7643226318382209
CCc1nn2c(C)c(CCC(=O)N3CCc4sccc4C3CC(F)(F)F)nc2s1,-7.251,-5.178,4.541455603658369,3.61440022687029,0.6050209598221317,0.7643018506857974
COc1ccc(Nc2nc(Nc3ccccc3)nc(Nc3ccc(C(=O)c4ccc(Cl)cc4)cc3)n2)cc1,-8.714,-7.125,4.673630922526939,3.449573451892277,0.592806444276098,0.7642697864201019
Fc1ccc(Nc2nc3n(n2)C(c2ccc(I)cc2)NC(=S)N3)cc1,-7.655,-5.765,4.381070417146933,3.9230593928718456,0.6011608568849712,0.764212673354225
COC(c1ncc(Cl)cn1)C(C)S(=O)(=O)Nc1nnc(C)n1-c1c(C)cccc1C,-6.36,-5.113,4.773732920891156,2.9001153425338098,0.6047926164670544,0.7638958322369516
Cc1cc(-n2c(C)cc(C=C3C(=O)NC(=O)NC3=O)c2C)ccc1C(=O)O,-7.486,-5.82,4.711739912176816,3.233319037769084,0.6002156153019081,0.763831542163109
COc1ccc(N2CCCC2c2nc(-c3cc4ccccc4o3)no2)nc1,-7.686,-6.649,4.59786526553356,3.6032005217583984,0.5950217761593313,0.7638122631551052
O=C(O)C1CCN(c2ccnc(OC(F)(F)F)c2)CC1,-6.779,-5.233,4.764645317334754,2.9665415891236058,0.6036922072578043,0.7636833370046201
COc1ccc(CN(C)c2nccc(C(=O)NCCC(C)C)n2)cc1,-7.063,-5.144,4.569572190041427,3.5628595257180717,0.6042469538226338,0.7636759509679194
Cc1ccc(S(=O)(=O)NC(C)c2ccc(Br)cc2)c(C)c1,-6.456,-5.645,4.490324375810727,3.7561683934562895,0.6005699845001816,0.7633568399975501
Cc1cc(NC2CCCCC2)nc(Nc2ccc(C#N)cc2)n1,-7.14,-5.803,4.789903234930744,2.937959325790608,0.5994857346398932,0.7632990542140132
O=C(C=Cc1cccc(Br)c1)NC1CCC(CO)CC1,-6.657,-5.13,4.792767676405773,2.8345082465923435,0.6034182920302757,0.7630957993862827
CCOc1cc(C=C2C(=O)NC(=O)N(c3ccccc3OC)C2=O)ccc1OCc1cccc(C)c1,-7.477,-6.837,4.806566550043804,3.006862816957235,0.5924978539067358,0.7629337674435694
COc1ccc(N2CC(C(=O)N3CCc4sccc4C3)CC2=O)cc1,-7.727,-5.694,4.6317333688372,3.4721725187553685,0.5995497164515677,0.7629040974780723
COc1ccc(C(=O)NC=Cc2ccccn2)c(OC)c1,-6.018,-4.906,4.706738679807921,3.18231802307689,0.6044642862389502,0.7628544249735502
CC1CC(C)CN(C(C)(C)CNC(=O)C2CCc3c(nc[nH]c3=O)C2)C1,-7.867,-5.892,4.631448477528385,3.489275856105391,0.5982082458761003,0.7628404982394514
Cc1nn(-c2nccc(-c3ccccc3)n2)c(C)c1C=C(C#N)C(N)=O,-7.453,-5.898,4.744747938510539,3.153141132267949,0.5980655450306558,0.7627734408939955
COC(=O)NC1CCN(c2ccncc2NC(=O)c2ccc(-c3ccccn3)cc2)C1,-7.119,-6.239,4.781153626479701,3.05203964587618,0.5957702126168959,0.7626647496639213
CCOC(=O)CN1C(=O)SC(=Cc2ccc(C)cc2C)C1=O,-6.024,-4.891,4.515478047781873,3.674553306185665,0.604207913534948,0.7626321729477659
Cc1ccc(SCC(=O)Nc2ccc(C(F)(F)F)cc2Cl)cc1C,-7.374,-5.816,4.741565986043007,3.162723667979864,0.5981860941841562,0.7625231046459883
C=CCCC(=O)N1CCN(CCOCc2ccccc2)C(C2CCC2)C1,-6.401,-4.511,4.515392120292543,3.651955503562442,0.6064472580459769,0.7625080405901637
Cc1cccc(N(Cc2cc(C(=O)O)oc2C)CC(C)C)c1,-6.765,-5.167,4.7747114048914,2.9518550099894822,0.6021828464811974,0.762462900173787
CCN(Cc1csc(N2CCCC2=O)n1)c1ccc(C)c(C)c1,-7.094,-5.541,4.636868878887993,3.4592260695132384,0.5995517629430236,0.7622934159447355
Cc1ccc(Oc2ccc(C#N)c(Oc3ccccc3)c2)cc1S(C)(=O)=O,-7.65,-6.331,4.790021398699591,3.040401947111598,0.5944347954842549,0.7621746550227392
Cc1ccc(S(=O)(=O)N2CCCCC2)cc1NC(=O)CCn1nccc1[N+](=O)[O-],-7.194,-5.833,4.811537903830749,2.8780201528133893,0.5973846017446119,0.7620798935553639
COc1ccc(NC(=O)CC2C(=O)N(c3ccc(Cl)c(Cl)c3)C(=S)N2C(=O)Nc2ccccc2F)cc1,-7.543,-6.11,4.627391705918139,3.530121527653122,0.5956002747447519,0.7620431833855247
CC(CC(=O)Nc1ccc(F)c(C(=O)O)c1)OCc1ccccc1,-7.034,-6.321,4.832088782296948,2.8456066137117406,0.5941784577861082,0.7619706291561041
O=C(c1ccc(Cl)cc1)N(Cc1cn(-c2ccc(Cl)cc2)nn1)CC1CC1,-6.811,-5.904,4.565473578940085,3.655508309387356,0.5964525272149188,0.7617680257920216
O=C(Nc1nnc(Cc2ccc(Cl)cc2)s1)C1CCN(S(=O)(=O)c2ccc(F)cc2)CC1,-8.167,-6.49,4.8223916265687095,2.930596355692814,0.5926298229384397,0.7616463093518162
CCC(C)c1nnc(NC(=O)c2ccc(Cl)cc2)o1,-7.024,-5.308,4.5045444830748425,3.7392151582919113,0.5996931270021436,0.7614502485940717
Cc1[nH]cnc1CC(=O)NC(CCC(=O)O)C(=O)NC(CCC(=O)O)C(=O)O,-5.895,-5.095,4.74876247037057,3.087660926980163,0.600910826245269,0.7613681236320344
COc1ccc([N+](=O)[O-])cc1N(CC(=O)N(Cc1ccccc1F)C(Cc1ccccc1)C(=O)NC1CCCCC1)S(C)(=O)=O,-6.207,-5.817,4.791593680603564,2.997164159668269,0.5962729871412682,0.7613067697226441
CSc1ccc(N2CCCC(NC(C)c3ccccc3C(=O)O)C2)cn1,-6.984,-5.23,4.618374281064712,3.5061404706600108,0.5994429431679829,0.7609788635687186
Cc1cc(Br)ccc1NC(=O)Cc1c(NS(C)(=O)=O)noc1C,-5.966,-5.988,4.829373768926982,2.8479181870271484,0.5946890701147445,0.7609751303263805
COc1ccc(Cl)cc1CC(=O)NCC(c1ccccc1)N1CCCC1,-6.834,-5.226,4.476351527751143,3.791966640148618,0.5993027614366727,0.7608738506169883
O=S(=O)(Nc1cnc(-n2cccn2)c(C(F)(F)F)n1)c1ccc(Br)cc1,-7.332,-6.286,4.61430243915589,3.595081640241289,0.5925077465447494,0.7607599470483286
Cc1ccc(NC(=S)NCCNS(=O)(=O)c2ccccc2)cc1,-6.653,-5.563,4.558833403404866,3.663660055190711,0.5969510222129485,0.7607261143952466
O=C(NCCCc1c[nH]c2ccccc12)c1cccnc1N1CCCC1,-6.809,-5.523,4.418015391553089,3.905372965543752,0.5968288915039115,0.7604885972355876
COc1cc(C=NNC(=O)C(c2ccccc2)c2ccccc2)cc(O)c1O,-7.292,-6.099,4.836554455394873,2.851808198319095,0.5929204207263039,0.7602832320992279
Cc1ccc(CN(C)Cc2nc3ccccc3c(=O)n2CCc2ccccc2)cc1,-6.175,-5.251,4.103658489689413,4.255646249396206,0.5981435887068355,0.7602377314613858
COc1ccc(-c2nnc(C=Cc3ccc(C(C)(C)C)cc3)o2)cc1,-7.339,-6.105,4.804334917551023,3.012257293127532,0.5927206544901865,0.7601789461566071
CCc1c(C#N)c(Br)nn1CCCSc1nnc(-c2cnccn2)o1,-6.534,-4.807,3.731583176079558,4.503828149474623,0.6006228971354628,0.7600286454553413
CCOC(=O)c1cc(CSc2nccc(C)n2)no1,-6.6,-4.614,4.772494735460689,2.970126259942496,0.6017943629997172,0.759992343672426
COc1ccc(SCCNS(=O)(=O)c2cncn2C)cc1,-6.225,-4.621,4.716306817839569,3.1948225302823947,0.601657931074133,0.7599343870752678
CCCOC(=O)c1cc(C)n(-c2cccc(NC(=O)C(NC(=O)c3ccc(C)cc3)C(C)C)c2)c1C,-7.98,-5.879,4.786123065697328,3.0704040450728964,0.5937149703453548,0.759918493320536
O=C(COC(=O)CC1CCS(=O)(=O)C1)Nc1ccccc1,-6.632,-5.671,4.762884210223885,3.1443838824163954,0.5946627643063476,0.7596969153149988
CN(Cc1ccco1)C1COCC1OC(=O)c1cccc(S(N)(=O)=O)c1,-7.314,-5.348,4.786403451444519,3.015098837517603,0.5965183399835132,0.7595918410383273
Cc1cc(C(=O)Nc2ccc3nonc3c2Cl)n(Cc2ccc(-c3nn[nH]n3)cc2)n1,-8.626,-6.413,4.810964560251925,3.0431845162592426,0.5896973797625059,0.7594554656604785
C=CCn1c(COc2ccc(Cl)cc2C)nnc1SC(C)c1nc(C(C)C)no1,-7.364,-5.815,4.277725680779449,4.113324932460357,0.5932607749110937,0.7593734261077504
CC1C(OC2OC(COS(=O)(=O)O)C(O)C(O)C2O)=CC(C)(C)CC1O,-7.092,-5.498,4.797786468779118,2.9914668642657567,0.5951904512270301,0.7593443279720772
O=S(=O)(c1ccc(F)cc1)N1CC(c2nc(C3CC3)no2)C1,-7.833,-5.703,4.495019799733922,3.810766458338795,0.5937890286108087,0.7592659338157696
COc1cc(F)ccc1S(=O)(=O)Nc1cc(S(C)(=O)=O)cc(C(=O)Cl)c1OC,-6.78,-5.395,4.674446598261659,3.4099099694859976,0.5957008795705249,0.759258828057936
CSCc1cc(Br)ccc1NCc1ccc(C#N)s1,-5.661,-4.6,4.651132012747005,3.4073476488318595,0.6006961162786286,0.7592422002795437
Cc1c(C(=O)NCc2ccc(C#N)cc2)nnn1-c1ccc2c(c1)OCCCO2,-6.25,-4.968,4.778984829438152,3.01534973095991,0.5981326243582951,0.75909710959634
COC(=O)c1sc(NC(=O)c2ccc(CN3CCc4ccccc43)o2)nc1C,-7.305,-5.851,4.78524241810172,3.100083385975287,0.5923038412460512,0.7589037032911435
CC(=NNC(=O)c1ccc(Cl)cc1)c1cn(C)nc1-c1ccc(C)o1,-7.46,-5.935,4.5370137756017455,3.757549467405586,0.5916526387000666,0.7588196930237309
CCc1ccc(C(=O)OCC(=O)C(N)Cc2ccco2)o1,-6.757,-5.309,4.775703298991679,3.0786381729589483,0.5955467902226939,0.7588173050174524
CC1c2[nH]nc(-c3ccc(C#N)cc3)c2CCN1C(=O)OC(C)(C)C,-7.04,-5.679,4.546378888742116,3.725276499805082,0.5932105648918989,0.7588005571991365
Cc1ccc(NC(=O)c2oc(=O)oc2COC(=O)CC(N[N+](=O)[O-])C(C)(C)C)cc1,-7.606,-5.63,4.6597555729887805,3.479081487979262,0.5932924486877243,0.7586579947707505
Cc1cc(C(N)=O)cc(C)c1Cn1nnc(-c2ccco2)n1,-7.945,-5.932,4.75704319929933,3.2203808780950123,0.5913692562981002,0.7586260484540661
CC1=NN(C2CC2)NC1C(=O)Nc1ccc(C)cc1C,-6.871,-5.403,4.565986530860553,3.673015927000589,0.5946571589680253,0.7586252970004216
CCOc1ccc(N=C(C)Nc2ccccc2O)cc1,-6.759,-4.818,4.533325931366506,3.7003410653614073,0.5982272523486052,0.7585555426530146
Cc1nnc(-c2cn(-c3ccc(NC(=O)CCc4ccccc4Cl)cc3)nn2)s1,-7.532,-6.323,4.79067072548302,3.1464634115145853,0.5885265374123813,0.758345873534193
COc1ccc2c(c1)CC(C(=O)Nc1ccc(C)c(Br)c1)CO2,-7.327,-5.785,4.648986233578241,3.5247287838924564,0.5917065880396147,0.7582589995298915
N#Cc1ccc(NC(=O)c2cnc(Nc3ccccn3)nn2)cc1,-7.156,-5.761,4.727479032211565,3.3104884835927155,0.5917883857114388,0.7582161124987465
CCNC(=O)c1ccc(CN=C(NCC)NC(=O)CCS(C)(=O)=O)cc1,-6.741,-5.458,4.791379342110161,3.050753021796422,0.5936006683558408,0.7581702106371992
CC1CC(=O)CC(NC(=O)c2ccc(Nc3nnc(-c4ccccc4)c(N)c3C#N)cc2)C1,-7.915,-6.804,4.735437572178519,3.3797209944017577,0.5852502223991319,0.7581235820609404
Clc1cc(Cl)cc(NCc2cnn(-c3ccccc3)c2-n2cccc2)c1,-7.493,-5.441,4.610660364850138,3.59974249079014,0.5928075309916402,0.7575958538534481
CCN1CCN(c2ccc3nc(NC(=O)c4ccoc4C)sc3c2)CC1,-6.825,-5.467,4.793685951332232,3.064873733125069,0.5923553378063182,0.7574103118655594
CC=C(C)C(=O)OC1C(CO)OC(C)C(C)C1OC(=O)CC(C)=O,-6.499,-4.789,3.689245722366565,4.547775170344286,0.5965702741048673,0.7573880800036762
CCOC(=O)c1cccc(C(C#N)=Cc2ccco2)c1O,-6.505,-5.169,4.805264300743508,2.984678542154917,0.5938734521144287,0.7571920747347379
CCc1ccc(C)cc1-n1nnc(CNc2ncn[nH]2)c1C,-7.357,-5.545,4.788288733984199,3.1056393866642016,0.5913353560283588,0.7570679630209661
CC(Oc1nnc(Nc2cnc(C(=O)O)cn2)s1)C1CCCN1C,-6.985,-5.876,4.860809397620935,2.8082293353641896,0.5892552350579451,0.7570471405463731
COc1cccc(C2Nc3ccc(S(=O)(=O)Nc4cc(C)cc(C)c4)cc3C3C4CCC(C4)C23)c1,-8.285,-6.449,4.784194916597775,3.222358918556405,0.5854180419773153,0.7568365113514582
C=CCCNCCCC(=O)Nc1ccccc1C(=O)O,-6.662,-4.819,4.806295662982043,2.9454461461720864,0.5955123514558662,0.7568363336970985
CSCCCCCNC(=O)C1(C)CC1(Cl)Cl,-4.812,-3.478,4.0725537442739785,4.245890954793823,0.6040639967641447,0.7568250984079734
CCc1ccc(CCC(=O)N(CCc2ccccc2)C(CC(=O)NC(C)C)C(=O)NC2CCCC2)cc1,-6.326,-5.329,4.491140723691476,3.83169492522565,0.5921796971792164,0.7567487990584296
O=C(C1CCN(c2ncccn2)CC1)N1CCOCC1,-5.879,-4.848,4.661672017634875,3.456571422667266,0.5947046633287628,0.7564389193930076
CCN(CC#N)c1cc(C#N)nc(-c2cccc(C)c2)n1,-7.629,-5.345,4.77424130098176,3.1562374752226736,0.5915216575646557,0.7563918884467018
CC(NC(=O)NCc1nc2ccccc2[nH]1)c1cccc(Cl)c1,-7.453,-5.805,4.621912158403705,3.623146836660089,0.5884397536285197,0.7562420934654305
COc1cc(C=C2C(=O)NC(=O)N(C)C2=O)ccc1OCc1ccc(F)cc1,-7.854,-6.415,4.86804950673265,2.883971740499549,0.5845090992536975,0.7561150268426682
COc1nsc(NC(=O)NC2CC(C)(C=Cc3[nH]nc4ncccc34)Oc3cc(O)ccc32)n1,-8.491,-6.547,3.7189763376499183,4.5993832195197655,0.5836562497717114,0.7560818030151047
CCCNC(CCC1CC1)c1cnc(OCCC)nc1,-5.753,-4.231,4.403122187720889,3.9171919789563545,0.5980247166467465,0.7560686159284363
CCCc1nnc(NC2CCN(C(=O)c3ccco3)C2)o1,-6.882,-4.994,4.644176030255529,3.5205303577728166,0.5930322124387299,0.7559574614857566
CCCC(C(=O)c1ccccc1)N1CCN(c2ccccc2)CC1,-6.695,-5.148,4.655863937015342,3.506090415263134,0.591872221730401,0.7558315482926674
CCOC(=O)C1CC(=O)C(COC2CC(NC(=O)OCC3c4ccccc4-c4ccccc43)CCC2=O)C1,-8.866,-6.287,4.719061983064007,3.4349096057975097,0.5845639043947637,0.7556468612012569
O=C(Nc1ccc(C(F)(F)F)cc1)N1CCC(NS(=O)(=O)c2cc(Cl)ccc2Cl)C1,-7.823,-6.568,4.8685383843613685,2.9210100992636083,0.5827847158194555,0.7555994990642239
COCc1cccc(C(CNC(=O)CC(C)C)N(C)C)c1,-6.651,-4.235,4.531591552644611,3.713867525908807,0.5971899569070481,0.755556833341351
Cc1cccc(Nc2ncccc2C(=O)Nc2ccc[nH]c2=O)c1C,-6.939,-5.996,3.783766113279202,4.552242743966978,0.5860065079168059,0.7554310943628737
C[C](C(=O)N(C)c1ccc(C)cc1)N1C(=O)c2ccccc2C1=O,-7.751,-5.975,4.62666672670509,3.637894308525195,0.5861342540710118,0.7554305370874299
CN(C)Cc1ccc(C(=O)Nc2cc(I)c(Br)c3nc(O)oc(=O)c23)cc1,-7.454,-5.975,4.469779077314671,3.9189362076971856,0.5859728580680134,0.7553265234910147
CC(C)(C)OC(=O)CCCCNC(=O)OCc1ccccc1,-5.754,-4.334,4.586533876469246,3.616950925849009,0.5959856128097824,0.7551921883327143
COc1ccc(CN(C)S(=O)(=O)c2ccc(OC)cc2)cc1,-6.392,-4.86,4.646935549370144,3.521300611989837,0.5924098623242212,0.7550259685556101
O=C(c1cccc(F)c1Cl)N1CCN(Cc2ccc(Br)cc2)CC1,-6.767,-5.134,4.792906112162015,3.100700082239493,0.590600440469021,0.7549633494300968
CCOc1cc(-c2ccc(C=C3NC(=O)N(C)C3=O)o2)ccc1OC,-7.58,-5.426,4.8266043964675625,2.9965314949120763,0.5885856771103853,0.754833807618997
CCCCNC(=O)c1ccccc1NC(=O)CN(c1cccc(OC)c1)S(=O)(=O)c1ccc(C)cc1,-7.207,-5.956,4.681934749652115,3.5232765999847366,0.5851454140151426,0.7547180994246258
Cc1sc(-c2ccco2)nc1C(=O)NC1CN(C(=O)C(C)C)C1,-7.031,-5.248,4.816215422922857,3.029074611164273,0.5892616464788447,0.7545602475440816
CCOc1nc(NC)nc(NN=Cc2cc(Br)ccc2O)n1,-6.804,-5.387,4.647417132128339,3.567389101289625,0.5883596823919638,0.7545341756077748
CCCOc1ccc(C2=NC(Cc3ccccc3)Cc3c2nc(C)n3CC(=O)NCc2cc(OC)ccc2OC)cc1,-6.891,-5.872,4.701837725825934,3.4745317670155207,0.5850376827452993,0.7543172363380233
O=C(CCC(F)(F)F)NCCOc1ccc(NC(=O)C2CC2)cc1,-7.402,-4.564,4.801494142451909,3.016501450356025,0.5931330928553493,0.7543034594670106
CCN(C(=O)c1cnn(-c2ccccc2C(F)(F)F)c1C)c1cccc(Cl)c1,-7.81,-5.235,4.620819624265807,3.6208602569002855,0.5888664344156956,0.754255531902538
Cc1cncnc1NC(C)C(C)Oc1ccc(Cl)cc1,-6.776,-4.933,4.722831883520733,3.343356995595894,0.590489872517617,0.7540923419447683
CCC(C)(C)NCCNCC1CCCCO1,-5.355,-4.161,4.247204256920074,4.132943866059639,0.5952927977022014,0.7540585886856693
Cc1cc(SC(C)C(=O)Nc2c(Cl)cccc2Cl)ncn1,-6.807,-5.03,4.776402830582865,3.17745590055944,0.5898099934754606,0.7540442077053974
CC1CC(C)n2nc(NCc3ccccc3)nc2N1,-7.011,-5.511,4.543284934934193,3.794174086675518,0.5865855102331855,0.753886713029917
CC(=O)Nc1ccc(Nc2cc(C(=O)Nc3ccc(Cl)cc3)[nH]c(=O)n2)cc1,-7.657,-6.262,4.730228324298944,3.43881534834309,0.5819467067351858,0.7538551996941976
N#Cc1ccccc1OCCSc1nnc(-c2ccco2)o1,-7.156,-5.704,4.723992802704085,3.412254826357493,0.5852497202872314,0.7537905933148943
Cc1nc(C(F)(F)F)c(-c2nc3cc(-c4ccc(F)cc4)ccc3o2)o1,-8.374,-6.234,4.596251298612816,3.745957287530119,0.5815399186975795,0.7534817376522491
COc1ccc(C=NNC(=O)c2ccc(C(C)O)o2)cc1OC,-6.586,-5.701,4.853417146712201,2.9553850848916454,0.584595870358402,0.7533575586723626
CCOC(=O)c1sc(NCc2c(F)cccc2Br)nc1N,-6.379,-4.602,4.615525972194285,3.606675200236362,0.5912132732711929,0.7532334876538712
Cc1cccc(CCN(C(=O)CCCN(c2ccccc2)S(C)(=O)=O)C(C)C(=O)NC(C)C)c1,-6.125,-4.422,4.563699047921543,3.705173815086143,0.5919232812577722,0.7529660735159978
NC(=O)c1ccc2nc(-c3cc(F)cc(CF)c3)oc2c1,-7.584,-5.456,4.837990595278168,3.011705496890425,0.5853260988287399,0.7528594514344162
CCOCCN1CCc2cc3c(=O)n(Cc4ccc(OC)cc4)cnc3nc21,-6.94,-5.13,4.646738856445453,3.5829958135616047,0.5871232443972291,0.7527217488716048
O=C(Nc1ccc(Cl)cc1)c1c[nH]c2ccccc2c1=O,-7.177,-5.582,4.636042924736568,3.637888398508124,0.5842796570691632,0.7526839554293252
Fc1cccc(F)c1N1CCCN(c2nc(-c3cnccn3)nc3c2CCCC3)CC1,-6.483,-4.874,4.645090849488306,3.569948038837541,0.5886025657762822,0.7526515638880013
N#Cc1ccccc1COc1cccc(C(=O)Nc2ccc(N3CCCCC3)cc2)c1,-8.24,-6.452,4.687144439848211,3.585164291911879,0.5788064761634746,0.7525623534021847
O=C(O)c1ccccc1NC(=O)C1(C(=O)NCc2ccccc2)CC1,-7.299,-6.125,4.662827146699736,3.618821078749268,0.5806973934719539,0.7525079050815879
CCc1ccc(=O)n(CCCCN2CCN(c3ccccc3Cl)CC2)n1,-7.044,-5.457,4.699416346739242,3.4858257271412745,0.5846336491008346,0.7524179506830901
CCOC(=O)CN1C(=O)SC(=Cc2ccc(OC)c(OC)c2)C1=O,-6.264,-4.53,4.841541283517056,2.8869515063471387,0.5903083605290564,0.7523694634153634
Cc1c(C(=O)N2CCN(c3nc4ccccc4c(=O)[nH]3)CC2)nnn1Cc1ccco1,-7.756,-6.482,4.858215001417701,3.0628476945483265,0.5782868899115147,0.7523418232811828
O=C(Cc1ccc(Cl)cc1)Nc1cccc(C(=O)Nc2ccc(F)c(Cl)c2)c1,-8.232,-6.809,4.868617360195809,3.061367014913435,0.5760675993828952,0.7521720407787895
COC(=O)c1c(C)c(N=Nc2ccccc2)c(N=Nc2ccc(C(=O)c3cccc(C)c3O)cc2)n1C,-7.744,-5.617,4.85940850309994,2.9563893518953157,0.5832165962563478,0.7521370016198532
O=C(c1cccc(N2C(=O)C3C4C=CC(C4)C3C2=O)c1)N1CCN(c2ccccc2)CC1,-8.349,-6.315,4.661730687201911,3.640068543310689,0.5789760427795262,0.7521362307396833
C=Cc1cc(N(CC)c2ccc(C)cc2)nc(-n2c(-c3ccccc3)nc3ccccc32)c1,-7.187,-5.657,4.203528160961932,4.2618368105782745,0.5826739540114516,0.7519447262500129
CCN(CC)S(=O)(=O)c1cccc(C(=O)N(C)CCc2ccc(F)cc2)c1,-5.639,-5.482,4.85428851635335,2.975178818155306,0.5834770984456299,0.7517720717430709
O=C(c1c(F)cccc1Cl)N1CCCC(c2noc(-c3ccc(F)cc3)n2)C1,-7.919,-6.817,4.710991721495591,3.568845471577608,0.5753849793800603,0.7517574127290123
COc1ccc(NC(=O)C(C)C)cc1S(=O)(=O)NCc1ccccn1,-7.345,-5.462,4.434754671906891,3.9891803669425623,0.5835628594403259,0.7517483341850689
Cc1cc(C)n(CCCn2nc(C(=O)O)cc2C(F)(F)F)n1,-7.086,-5.1,4.879100429382448,2.7922875926379787,0.5857588821964357,0.7517277271397032
Cc1ccc(C)c(NS(=O)(=O)c2cc(C(=O)N3CCCCCC3)ccc2Cl)c1,-5.621,-4.559,4.3581788627820215,4.048261108179659,0.5890227109384171,0.7516653396713663
COCCN(C)c1ccc(C(=O)N(CC(=O)O)C2CC2)cc1,-5.63,-4.409,4.7883789532575625,3.1299793929034103,0.5899600387738565,0.751664439132386
CCc1nccn1CCCN1CCC(Nc2cc(C)nc(C3CC3)n2)CC1,-7.613,-5.328,4.82003578824888,3.1151150861565284,0.5838898129319999,0.7514293392517691
COc1ccc2nc(CCNC(=O)c3ccc(Cl)cc3Cl)[nH]c2c1,-7.435,-5.764,4.677074940601229,3.5810726046814514,0.5811961712735615,0.7514117571380867
Cc1cc(NCC(=O)Nc2ccccc2C(=O)NCC(C)C)ccc1F,-7.117,-5.734,4.697697521126705,3.5301822899108206,0.5813578510671915,0.7513981848144055
COCc1ccccc1NC(=O)c1cc(COc2ccc(Cl)c(C)c2)cs1,-7.511,-5.478,4.711461450548014,3.4796203815933717,0.5826519122334116,0.7512245005781377
CCC1COCN1c1ccc(Cl)c(S(=O)(=O)Nc2ccccc2)c1,-6.879,-5.5,4.401466687366837,4.04852998012859,0.5816625495307473,0.7506731606043577
CC(=O)OC(=O)C(CC(CC(=O)O)CC(=O)O)(C(=O)OCCCOC(=O)OC=CC(=O)O)C(C)C,-5.347,-4.411,4.827060596263527,2.999070689396968,0.5883609998818582,0.75065306060695
COc1c(Cl)cc(Cl)cc1NC(=O)Cc1c(C)noc1C,-6.769,-4.748,3.811013644688247,4.536111440430008,0.5861127292930435,0.750557560987638
CCC(NC(=O)c1ccc(S(C)(=O)=O)cc1)c1ccc(C)cc1,-6.614,-5.379,4.857205266405776,2.9894790516074874,0.5821502118037147,0.7505104170628678
Cc1ccc(NC2=NC(c3ccccc3)C(C(F)(F)F)=C(C3C=NC(C)S3)N2)cc1C(=O)O,-7.136,-6.053,4.138031416023807,4.350730283527123,0.5779630414726165,0.7504520702091702
CN(CC(=O)NC1CC(=O)N(c2ccc(Cl)cc2)C1=O)C1CC1,-5.857,-4.915,4.658126340064211,3.5845821234838517,0.5846999857196447,0.7503148509241825
Nc1ccccc1NC(=O)c1ccc(C(=O)c2cccs2)s1,-6.823,-4.921,4.647534938007459,3.611685202229011,0.5843963926370355,0.7501438145853591
Cc1ccc(N2C(=O)NC(Cc3ccccc3)C2=O)c(C)c1,-7.282,-5.846,4.65285138382906,3.662504470987032,0.5786524411087051,0.7500875037569694
Cc1nnc(NS(=O)(=O)c2ccc(NC(=O)c3nnc(-c4ccco4)o3)cc2)s1,-8.376,-5.995,4.89601552285121,2.8983369369346983,0.5776252029882717,0.7500054780470395
O=c1ccc(CNc2ncnc(Oc3ccccc3Cl)c2[N+](=O)[O-])c[nH]1,-7.533,-5.795,4.869006161425553,3.0123361366222063,0.5784294052081337,0.7497427769945181
CN(C(=O)COc1ccc(Cl)cc1F)C1CCS(=O)(=O)C1,-7.068,-5.083,4.795198536035811,3.2282953706251845,0.5826839674955243,0.7496848300805858
Cc1nc(N)nc(Nc2cccc(C(F)(F)F)c2)c1Cc1ccc(C(N)=O)cc1,-8.132,-6.479,4.708394843256032,3.59798221229622,0.5733881575610241,0.7491367784010539
CCN1CCN(c2ccc(NC(=O)c3scc4ccccc34)cc2)CC1,-6.853,-5.794,4.81631809580721,3.2390674583898376,0.577467339496292,0.7491150953246531
CCOC1(c2noc(CCC(=O)Nc3cc(C(C)C)[nH]n3)n2)CCCC1,-6.761,-5.72,4.709138137706304,3.5441588564848505,0.577854818700785,0.7490760058687032
Cc1cc(CN(C)C(C)C(=O)Nc2cccc(C#N)c2)no1,-7.121,-5.139,4.848807688494151,3.048404336698136,0.5811004068089528,0.7488865359571011
CCOc1ccc(C(=O)NC(C)C(=O)NCc2cccnc2OC)cc1,-6.884,-5.272,4.64697213247508,3.6576547130640966,0.5802718637778452,0.7488769546986104
NC(=O)c1nc(-c2ccco2)n(C2CC3(CCNC3)C2)n1,-7.219,-5.181,4.813808575338243,3.2021444377167003,0.5802550204955959,0.7485072645904777
Cc1ccn2c(N)c(-c3nnc(Cc4ccc(Cl)cc4Cl)[nH]3)nc2c1,-8.099,-6.201,4.741505457130678,3.511367967046461,0.573915033013254,0.7483970458487482
O=C(COc1ccc(Cl)cc1Cl)Nc1ccc(C(=O)NO)c(Cl)c1,-7.261,-6.027,4.910278708994023,2.889586994710489,0.5747962610980923,0.7482917016774632
COc1cc(C=C(C#N)C(=O)Nc2cccc(Cl)c2)cc(Cl)c1OCc1ccc(C)c(Cl)c1,-8.35,-6.509,4.918358059352736,2.9173098909783306,0.5717935280661856,0.7482110052283272
Cc1nc(Sc2cccc(S(N)(=O)=O)c2N)n[nH]1,-6.79,-5.386,4.869148282810865,3.011625972792771,0.5784324750356996,0.7481376536969225
Cc1c(C(=O)NNC(=O)c2ccccc2[N+](=O)[O-])cnn1CC(C)C,-6.602,-5.45,3.7610704593240474,4.606678087298916,0.5779852792622805,0.7481000091445178
C=CCOc1ccc(C2C(C(=O)OCC)=C(C)OC(N)=C2C(=O)OCCOC)cc1,-5.881,-4.226,4.7989479055309605,3.170277432654752,0.5853559101376902,0.7479974028856176
Fc1ccc(-c2nc3n(n2)C(C(F)(F)F)CC(c2ccco2)N3)cc1,-7.587,-5.941,4.687026136048315,3.636859909317378,0.5742171960548565,0.747578683000124
CCCOC(=O)c1cc(C)c(C(=O)Nc2ccccc2CC)s1,-6.669,-4.734,4.880510116780826,2.892497363870882,0.5813522101685488,0.7474478634856524
COc1ccc(C2SCC(=O)N2c2cc([N+](=O)[O-])ccc2C)cc1OC,-7.957,-5.565,4.0336125247723045,4.444261693464957,0.5762383162714774,0.7474198019292055
CC(C)(C(=O)N1CCN(c2ccc(F)cc2)CC1)N1CCOCC1,-6.622,-5.248,4.711754768661034,3.53479631662137,0.5781028807931177,0.7473815987108097
CCCCCCCCCCCCCC(=O)OC(=O)c1ccc(Br)c(NS(=O)(=O)c2ccc(CC)cc2)c1,-6.461,-4.674,4.885435190441072,2.861687264534683,0.581548529849561,0.747336553956029
Cc1nc2c(Oc3ccccc3C(=O)NCC3CCCC3)nccn2c1C,-7.07,-5.627,4.710943536065786,3.565528572315752,0.57567823664043,0.7472995163368689
Cc1cc(C(=O)Nc2c(C)[nH]n(-c3cccc(Cl)c3)c2=O)no1,-8.015,-6.418,4.93641874236779,2.848190478180839,0.5706150749198312,0.7470860523006346
CCC(Nc1ccc(Cl)cc1)c1nnc(-c2ccccc2)o1,-7.083,-5.698,4.671929258882245,3.6630285284174353,0.5748171841836313,0.7470184394123911
COc1ccccc1CNC(=O)C(=O)NCc1ccc(CN)cc1,-7.14,-5.455,4.840621964169481,3.170939450699114,0.5762619204710311,0.7470035086972622
Cc1c(C=NNc2ccc3ncnn3c2)ccc(OC(C)CC(=O)C(C)N)c1O,-7.427,-5.854,4.870916648845471,3.095200316619265,0.5738019597264451,0.7469683971709731
Cc1c(-c2ccc(Cl)cc2)oc2nc(CCC(C)C)nc(N)c12,-6.945,-5.676,4.638430122358209,3.7339209954148727,0.5745756189386753,0.74677534291318
Cc1ccc(N2CC3C(=O)N=C2N3c2ccc(C)cc2)cc1,-7.336,-5.881,4.50647367683425,3.972063065964588,0.5729639459106457,0.7465281769303626
Cc1ccc([N+](=O)[O-])cc1NC(=O)CCOC(=O)C1CC2C=CC1C2,-7.625,-5.325,4.869102381342993,3.0595622235868976,0.576052726492506,0.7463576049817071
Cn1c(=O)c(C(=O)NCC2COc3ccccc3C2)nc2ccccc21,-8.238,-6.193,4.813858120052979,3.354456438828801,0.5704648008138367,0.7461129488341942
Cc1nnc(CNC(=O)c2cccc(OC3CCCC3)c2)n1C,-7.411,-5.463,4.838065935888016,3.2100699369328387,0.5745252014360214,0.7459083623636439
O=C(CCCN1CCCC1)Nc1n[nH]c2ccccc12,-6.1,-5.297,4.209538335732315,4.30502044129874,0.575023456261429,0.7455806655911216
Cc1cc(C)c(NC(=O)C2CC(=O)N(Cc3ccc(F)c(C)c3)C2)c(C)c1,-7.434,-6.545,4.796592749025082,3.446753545004342,0.5674836893398838,0.7455253161105638
Cc1cccc(C(=O)NC(C(=O)N2CCN(Cc3cc(C(C)C)on3)CC2)C(C)C)c1,-7.514,-5.785,4.8639830386217415,3.157171835678255,0.5719452630264147,0.7454896269250562
Cc1ccc(S(=O)(=O)NC2=CCCCC2)cc1NC(=O)C(C)N(C)Cc1ccccc1Br,-7.347,-6.76,4.935350139554436,2.9587042772132537,0.5661552887318495,0.7454834015856827
Cn1c(CCC2CCCC2)nnc1SCc1nnc(-c2ccco2)o1,-6.899,-6.267,4.92869810396214,2.928582250851083,0.568982418967134,0.7454303375362337
CC1SC(=NN=Cc2cccc(Cl)c2)N(Cc2ccccc2)C1=O,-7.934,-5.665,4.202359099363118,4.327323191073207,0.5725352114787441,0.7454052217850504
CC(C)NC(=O)CSc1nnc(-c2ccccc2Cl)o1,-6.867,-5.304,4.600785802447229,3.8049379758413946,0.5745358650885818,0.7452919455517977
CCCCCOC(=O)c1nn(Cc2cccnc2F)cc1Cl,-6.257,-4.721,4.85831997711143,3.0687710895405678,0.5779582492812828,0.7452115586746896
Cc1cccc(NS(=O)(=O)c2cccc(C3=C(C(=O)OC(C)C)C(c4ccccc4Cl)C(=O)C(=O)N3)c2)c1,-7.333,-6.168,4.9542495899984695,2.7803780318510647,0.5691967184512285,0.7451860761859043
COc1cc(C2Oc3c(ccc4c3OCC4)C(=O)C2O)ccc1O,-8.205,-5.896,4.908066319845322,2.991994151063801,0.5707193716172767,0.7451229426808751
CCOC(=O)c1c(C)nn(CC(=O)N2CCc3cc(OC)c(F)cc3C2)c1C,-6.54,-5.44,4.851365993202326,3.1910680030359733,0.572756611047063,0.744669396825446
CCC(C)N1CC(=O)N(C(C(=O)NCc2nc(C)no2)C(C)C)C1C#N,-7.138,-5.012,4.8663972299844165,3.087366677283409,0.57520963278293,0.7445820452424199
CCOc1ccc(C(=O)CN2CCC(c3nc4ccccc4o3)CC2)cc1,-7.43,-6.051,4.664749832520497,3.740002272726583,0.5688249840723627,0.7444880353291432
COc1ccc(NC(=O)CSc2nccn2C(C)C)cc1C,-7.065,-4.592,4.499379735030152,3.947586857815797,0.5772088078914553,0.7442193903066843
COc1ccc(C(C)NC(CCSC)C(=O)OCC(C)C)cc1,-5.915,-4.677,4.712165744113846,3.5516107613306955,0.5766101626795166,0.7441685161815941
Cc1cc(NC(=O)NC2CC2)ccc1NC(=O)c1oc2ccccc2c1C,-7.706,-6.062,4.879833808645535,3.162620590586231,0.5681705710677556,0.7441023921054318
CCOC(=O)c1c(-c2cccc(-c3csc(C)n3)c2)noc1C(C)=O,-6.76,-5.441,4.860973050737887,3.171403790121971,0.571796879312848,0.7440491475796674
O=C(NCc1ccccc1)Oc1ncc[nH]c1=O,-7.295,-5.345,4.531996690201791,3.941467112637121,0.5720264810054887,0.7438230027647385
CCC(C)OC(=O)C1CC(=O)N(c2ccc(C(=O)O)cc2)C1=O,-6.97,-5.307,4.889308949125632,3.047666812497717,0.5721853110158108,0.7437775472570485
CCOc1ccc(Cl)cc1S(=O)(=O)N1CCN(C(=O)c2ccc(Cl)cc2)CC1,-7.508,-5.292,4.931749892279615,2.833406959827692,0.5722591178910724,0.7437668012149056
CNC(=O)C(C)N(Cc1cccc(Cl)c1)C(=O)CCCN(C)S(=O)(=O)c1ccccc1,-6.318,-5.416,4.93379306416473,2.849612078862665,0.5711506884039653,0.7435309046320805
Cc1nc(S#N)cc(S(=O)(=O)Nc2nnc(-c3ccc(-c4ccccc4)cc3)s2)n1,-8.281,-7.254,4.830373173989769,3.4538229543507284,0.5598541010689811,0.7432189047961703
CCNC(=O)CCC1CN(Cc2cc(OC)ccc2OC)CCO1,-6.544,-4.918,4.919397625726141,2.8677810237185124,0.5736561330718918,0.7432068533306748
Cn1ccnc1CC1CCN(Cc2nc3cc(F)ccc3c(=O)[nH]2)CC1,-7.279,-5.657,4.884308548812206,3.1386544887897427,0.568519432316045,0.7427553215050056
Cc1nnc(N2C(=O)C(=O)C(=C(O)c3ccc(OCc4ccccc4C#N)cc3)C2C)o1,-8.096,-6.91,4.928015624975228,3.0985322331710563,0.5610272392000004,0.7426762657924254
CCCOc1ccc(Cl)cc1C=NNc1nc(-c2ccccc2C)n[nH]1,-7.775,-5.744,4.879656750223318,3.1686375621077274,0.5678703314996641,0.7426697083252958
CNC(=O)c1cccc(NC(=O)CN(c2ccc(OC)cc2)S(C)(=O)=O)c1,-7.601,-5.303,4.875961648741712,3.135982940004616,0.5704978476941767,0.7426643469659842
Cc1cccc(C)c1NC(=O)COC(C)C(=O)NC1CCCCC1C,-6.937,-5.557,4.046977267047592,4.477737151731889,0.5686736316004586,0.7424664688572958
COc1ccc(CNC(=O)NNC(=O)c2ccc(F)cc2)cc1Cl,-7.128,-5.718,4.707652493547076,3.665448403674508,0.567463802156145,0.7423027122178648
Cc1nn(C(C)C(=O)Nc2ccc(F)cc2)c(C)c1C=CC(=O)O,-6.92,-5.672,4.968383338672651,2.782095073860704,0.5659229188066087,0.7411155200536891
CC(C)(C)OC(=O)N1CCC(N(Cc2ccc(Cl)cc2)C(=O)C2(C)CC2)CC1,-6.28,-5.3,3.498753778133008,4.775628230924179,0.5678595125669827,0.7409333895210036
CC(NC(=O)C=Cc1cccc([N+](=O)[O-])c1)c1ccc(S(N)(=O)=O)cc1,-7.185,-6.708,4.970593626519873,2.9299457332858574,0.5595131571141542,0.7408977326555974
CCCOc1cccc(-c2n[nH]c3c2C(=O)N(CC2CCCO2)C3=O)c1,-7.2,-5.391,4.914352246227369,3.0376617652398363,0.5671265173485728,0.7408095520832009
O=c1ccc2cc(C3CN(CCc4ccc(F)cc4)C3)cc(Cl)c2o1,-8.105,-5.767,4.88392874640898,3.2045339754791176,0.5648757146922336,0.740798149446317
CC(NC(=O)CSc1nncn1C)c1cccc2ccccc12,-7.101,-5.884,4.862148496292559,3.297591545355488,0.5639006200013145,0.7406118521938582
C=CCOc1ccc(C=CC(=O)Nc2ccc(OCC(=O)O)cc2)cc1OC,-6.637,-5.395,4.941345363360063,2.9221885633887488,0.5664213473735127,0.7403644139263913
CCOC(=O)CN(CC)c1ccc(N=Nc2cccc(F)c2)cc1,-6.135,-5.086,4.894684259479869,3.103870164810377,0.5681078589917908,0.7402603008077776
COP(=O)(O)c1ccc(-c2ccc3nc(C(F)(F)F)ccc3c2)o1,-7.034,-5.622,4.652978615897563,3.801585590250468,0.5648611161906102,0.7402258489159865
CN1CCC(C(O)(c2c(F)cc(F)c(F)c2F)C(c2ccccc2Cl)N2CCN(S(N)(=O)=O)CC2)CC1,-7.02,-5.329,4.934017734058117,2.9590609997091986,0.5664375565176168,0.7401180637243934
O=Cc1cccc2c(O)cc(OC3OC(CO)C(O)C(O)(O)C3O)c(O)c12,-7.386,-6.317,4.971697798539247,2.902639660722632,0.5604244354196093,0.7399958202691971
NC(=O)c1cc(NC(=O)c2ccccc2C(=O)O)ccc1Cl,-7.539,-5.769,4.937748677281986,3.018477430758759,0.5628495379214092,0.7394761006263296
CC(=O)N1C2CCC1CC(NC(=O)C1CCCN1)C2,-6.773,-5.185,4.9561115806648255,2.847562817568737,0.5661911409173308,0.7393962686288276
Cc1ccc(CC(=O)Nc2cc(C(F)(F)F)ccc2C)c(C)c1,-8.274,-6.133,4.941207241150689,3.051408363362728,0.5604835180624562,0.7393254856076013
COc1c(C=NNc2nc(-c3ccc(C)cc3)cs2)cccc1[N+](=O)[O-],-7.811,-6.145,4.9527218779172335,3.001258569333873,0.5603211371688931,0.7392646561191272
Cc1ccnc(NC(=O)CN2CCC(C(=O)NCCC(C)C)C2)c1,-7.001,-5.323,4.816399692716542,3.4248534275206577,0.5649364916845857,0.7391134213196144
CSC1CCN(C(=O)c2ccccc2Nc2cc(-c3ccccc3)no2)CC1,-7.433,-6.306,4.771143049626578,3.616601996349612,0.5590091944828827,0.7390185418487248
CCN(C(=O)CC(C#N)c1ccccc1)c1ccc(C(N)=O)cc1,-7.333,-4.519,4.887546214615264,3.1185951965588616,0.5688960375947283,0.7385549277645995
CC(CCc1ccccc1)NC(=O)COC(C)c1cnc(-c2ccco2)o1,-7.441,-5.905,4.9697563320549225,2.9095095806681925,0.5605729513795888,0.7385044873435404
CCn1cc([N+](=O)[O-])c(C(=O)NC2CCS(=O)(=O)C2)n1,-6.526,-4.771,4.879451301119829,3.193843609195666,0.5664737933093144,0.7379657510999872
CCN(CC)CCCOC(=O)c1cc(S(C)(=O)=O)ccc1Cl,-5.59,-4.381,4.918347486707297,2.9940597856422317,0.5683302200470848,0.7376468149426562
Cc1ccc(Nc2cnnc(NCc3cccc(Br)c3)n2)cc1C,-7.6,-5.957,4.756416718497234,3.6521562124312266,0.5588576996852775,0.7375742590260871
COc1ccc(CCNC(=O)Nc2ccc(S(=O)(=O)N3CCCC3)cc2)cc1OC,-7.629,-5.754,4.937815306388039,3.0785175003563,0.5598828528829054,0.7374667631100678
CN(Cc1ccco1)C(=O)C1CCN(C(=O)OC(C)(C)C)CC1,-6.218,-4.733,4.927961444654371,3.0002414902804087,0.5658955859654231,0.7374406861465828
Nc1ncc(S(=O)(=O)NCCOc2cccc(Cl)c2)s1,-6.928,-5.308,4.961799068886204,2.923307202467781,0.5617761551218592,0.7369849984586664
CN(C(=O)OCc1ccccc1)c1ccc(CC(C(=O)O)N(C)C2CCCN(C(=O)OC(C)(C)C)C2)cc1,-6.28,-5.108,3.299270980080297,4.867355853027391,0.5626708809277458,0.7367950000400917
Cc1cccc(NC(=O)c2nc(C)n(CC(N)=O)c2C)c1,-6.836,-5.43,4.985838846172226,2.825826781669394,0.5603119734542303,0.7364963175414136
CCc1nc(-c2ccccc2Cl)sc1C(=O)Nc1ccc(Cn2ccnc2C)cc1,-7.387,-6.058,4.984568185911393,2.9257616102478345,0.5565490357112189,0.7364376455004924
NC(=O)c1ccccc1NC(=O)CS(=O)(=O)Cc1ccc(Cl)cc1,-6.589,-5.622,4.860158330754256,3.3852648345439693,0.5584745411905329,0.736029289194038
CC1=CC(C)(C)N(C)c2ccc(OCCCC(=O)NN)cc21,-7.063,-5.375,4.883182056815003,3.291048617082403,0.5597794607110556,0.7359334442386345
Cc1cc(S(=O)(=O)N2CCCC(C(N)=O)C2)cc(F)c1C,-7.621,-5.487,4.865234012871323,3.36058134851695,0.5590839081920366,0.7359091147839866
Cc1nnnn1-c1ccc(C(=O)NC(C)c2ccn(C)n2)cc1,-7.054,-5.665,4.9470165756746765,3.0764342996397627,0.5579475389675894,0.7358478296078699
CC(C)NC(=O)c1cccc(NC(=O)c2c(Cl)cccc2[N+](=O)[O-])c1,-6.795,-5.564,4.976213821772533,2.9249044428835616,0.5584654792184142,0.7357993852542065
O=C1SC(=Cc2cccc(OCc3ccc(Br)cc3)c2)C(=O)N1Cc1ccco1,-8.154,-6.016,4.937987748060944,3.158294951393871,0.5556451142451881,0.7356779858233529
Cc1nn(C)c(C)c1C(C)NC(=O)C(C)NC(=O)c1ccccc1Br,-7.506,-5.398,4.966727997384193,2.9707928234732224,0.5585827920761077,0.735235308945564
COC(=O)c1c(C)[nH]c(C2CCC(C(=O)O)S2(=O)=O)c1C,-6.937,-5.405,4.969668399400506,2.9583490328221917,0.5584793031996115,0.735194250961081
CC(NS(=O)(=O)c1ccc(CO)o1)c1ccc(I)cc1,-6.552,-5.522,4.956388402859486,3.0373799564756463,0.5577896392489998,0.7351919257921288
CS(=O)(=O)c1ccc(N2CC(C(=O)Nc3ccccc3Cl)CC2=O)cc1,-7.875,-5.811,4.986147711410082,2.9291176145726885,0.5560502648981933,0.7351577007501693
CCOCCn1c(NC(=O)c2[nH]nc(-n3nc(C)cc3C)c2C)nc2c(N)ncnc21,-7.258,-5.463,4.801233799764389,3.564321814875868,0.5572618479720519,0.7346163493376292
CCN(CC)CCSCc1ccc(C(=N)N)cc1Cl,-5.917,-4.019,4.919562175641242,3.0473542623068948,0.5654919544907061,0.7343857844220691
Cc1nc(-c2ccc(CNC(=O)N3CCN(c4ccc(Cl)cc4)CC3)c(C)c2)no1,-8.347,-6.85,4.994192827674959,3.0476057815931505,0.54887392904675,0.7343599515807283
Nc1cc(S(=O)(=O)Nc2ccc(OC(F)F)cc2)ccc1F,-7.162,-5.286,4.4515037908554,4.163810754585275,0.5575964608517501,0.7341532375261585
CC1(C)C(C(=O)O)C1C(=O)Nc1c(Br)cccc1C1CC(=O)N(Cc2ccccc2F)C1,-7.487,-5.921,4.617163956369754,3.965578646301193,0.5535068489332365,0.7338966456939191
CCOc1cc(C=NNC(=O)COC(=O)c2cccnc2)ccc1O,-6.927,-5.267,4.942253433404644,3.113544764412421,0.5570979202247854,0.7337515758651577
Cc1oc(CSCc2ccco2)nc1CC#N,-6.351,-4.375,4.8926277193344685,3.215854629799052,0.562315900846101,0.7337099884785492
CCOc1ccc(OCCC(=O)NCC2(c3ccccc3)CCC2)cc1,-6.75,-5.58,4.973189419276125,3.01332241885929,0.5551857716909175,0.7336972340487085
CC(CC(C)c1ccccc1)NC(=O)c1cccc(C#N)c1,-6.83,-5.789,4.952702090778326,3.1301594208602217,0.5539155471694972,0.7336606801659038
Cc1ccc(C=CC(=O)N2NC(=O)CC2c2ccccc2)cc1,-7.855,-5.641,4.985937624960825,2.960874532971636,0.5547169034698309,0.7336220576224662
CC1CN(c2cc(F)c(CCl)c(F)c2)C(Cn2cncn2)O1,-7.146,-4.776,4.762342490833685,3.628315587156112,0.5597766232635462,0.7336098697156848
Cc1nc(CNC(=O)Cn2cc(C(N)=S)nn2)cs1,-6.237,-4.607,4.842393726247381,3.407316539448602,0.560701588956735,0.7335588099032291
Cc1cc(F)c(C)c(S(=O)(=O)NCC(C)(O)CN)c1,-6.801,-5.226,4.952405173246632,3.0706054777519043,0.5570439214913407,0.7335576306103571
CN(C)c1ccc(-c2ccc(C=C3SC(=S)N(C4CCCCC4)C3=O)o2)cc1,-6.893,-5.612,4.942984118930588,3.1553582997815006,0.5547057079199534,0.7335030853775533
CCOC(=O)c1cccc(Nc2ccc3c(C(=O)OCC)c(C)nc(C)c3c2)c1C,-6.951,-5.489,4.941371874287544,3.150930656171284,0.5553012518440068,0.7334230825487982
CC(C)N1CCc2cccc(C(=O)N3CCN(Cc4ccccc4OC(F)(F)F)CC3C)c2C1,-7.643,-6.11,5.010706537006533,2.9022518843132823,0.5516447140454174,0.733384738869809
CCC(C(=O)Nc1cc(C)cc(C)c1)N1CCc2c(C(F)(F)F)n[nH]c2C1,-8.029,-5.852,4.981205275834353,3.021736090395718,0.5530008447591654,0.7332964241586666
CCNC(=O)CNc1cc(C(=O)Nc2ccccn2)ccc1Br,-6.747,-5.074,4.78202854445684,3.609499411275752,0.5574001415323276,0.7332044771172039
O=C(O)c1ccnc(NC(=O)c2ccon2)c1,-6.609,-5.19,4.973910735025308,2.980261230160873,0.5565464278082705,0.7330909541314533
COCC(O)COc1cc(CNC(C)C)ccc1OC,-5.933,-4.366,4.935886343910281,3.061368811495929,0.5611721043020887,0.732928337746576
CCOC(=O)Cc1noc(Cn2cc(C)c(=O)n2C)c1C,-6.282,-4.822,4.370171735755931,4.255181664747112,0.5579171652425206,0.7325686672323961
Cc1cc(C)c2nc(NC(=O)c3ccc(COc4ccccc4)o3)sc2c1,-8.185,-6.574,4.860003086418772,3.531138909757022,0.547720379679586,0.7325386891999869
CCc1nc(CN(C)Cc2ccc3c(c2)nc(C)n3C)oc1C(=O)OC,-6.471,-5.474,4.97724863755067,3.024094905918132,0.5537729035507606,0.7323553883071099
Cc1nc(Nc2cccc3ccccc23)nc(N2CCN(Cc3ccccc3)CC2)n1,-8.041,-6.521,4.901361545529976,3.4170001463271857,0.5474756868878462,0.7321734434891899
O=C(O)C1CC(Oc2ccccc2)CN1S(=O)(=O)c1cccc(F)c1,-7.476,-5.48,4.374959428383307,4.28006425185417,0.5534541321939382,0.7321676483722317
Cc1ccc(NC(=O)COC(=O)C2C(c3ccco3)C2(Cl)Cl)cc1,-6.652,-5.471,4.823545583904022,3.56060514519653,0.5529501908025611,0.7317996415228508
COc1ccc(S(=O)(=O)C2CC(C(=O)NC3CCCC3)C2)cc1,-6.749,-4.947,4.830183743916996,3.519397107460311,0.5548719929726963,0.7310495681519376
Nc1cc(CN2C(=O)CN(C(c3ccccc3)c3ccccc3)C2=O)ccn1,-7.649,-6.013,4.771926550147225,3.729644621140197,0.548581800242582,0.7309756377576577
Cc1ccc(C)c(OCCCNC(=O)c2ccc(=O)[nH]c2)c1,-6.935,-5.644,4.776999267322531,3.704068438892564,0.5499611016228959,0.7304819669980221
COc1ccc(C(=O)N2CCC(Oc3nc4cccc(OC)c4o3)CC2)c(F)c1,-7.646,-5.624,4.913835670838005,3.343755523359924,0.5497745841285323,0.7302814878179311
CCCN(CCC)S(=O)(=O)c1ccc(NCCC2CCNCC2)c(C(=O)OC)c1,-5.942,-4.901,4.972054504930532,3.0487930398766,0.5537485818175176,0.730131666355164
Cc1ccc(N2CC(c3nnc(Cc4ccc[nH]4)o3)CC2=O)cc1,-8.049,-5.981,4.859186557439425,3.5394975632143058,0.5472318838163179,0.729953672205936
CC(=O)N1CCN(c2nccc(-c3ccc4c(c3)NC(=O)CC4)n2)CC1,-8.113,-5.979,5.025236710842584,2.929452679255973,0.5472362689184438,0.7299489685402989
c1ccc(-c2ccc(-c3nc(-c4ccc(-c5ccccc5)cc4)nc(-c4ccc5ccc(N(c6ccccc6)c6ccc(-c7ccccc7)cc6)cc5c4)n3)cc2)cc1,-10.21,-8.567,4.934262457551281,3.523657900534615,0.5327139285530769,0.729872542676512
Cn1ncc(NC(=O)c2nc(-n3ccc(C(F)(F)F)n3)c(Cl)[nH]2)c1C(=O)NC1CC1,-7.926,-6.621,5.014715644979285,3.071196021096668,0.5431620357398744,0.7296621064807819
O=C(CCCn1nc(-c2ccco2)ccc1=O)Nc1ccccc1F,-7.492,-5.479,4.9566094258071205,3.194837241550812,0.5495272115402361,0.7295617193928468
O=C(NCCNc1c(Cl)cccc1Cl)c1cncc(N2CCCC2=O)c1,-6.761,-5.445,4.9401555643522,3.254796614229528,0.5496474227879328,0.7295111924610768
O=C(NCCNS(=O)(=O)c1cccc(Cl)c1)c1ccn[nH]1,-7.827,-5.756,4.915896662868331,3.373404511765525,0.547363585882355,0.7291827206477268
Cc1nc(NCc2cnn(CC3CCCCO3)c2)n(C)n1,-6.826,-4.977,4.944074837621291,3.2136953807105,0.5512023098376734,0.7287435895461561
Cc1nc2cc(S(=O)(=O)N3CCCC(C(=O)NC(C)C(=O)NC(C)C)C3)ccc2o1,-8.091,-6.209,4.990612988401325,3.157098034588093,0.5441145941156095,0.7287382462414754
Cc1c(CNCc2cc(NC3CC3)nc3cncnc23)cnn1C,-6.81,-5.129,4.8537666816607485,3.51617306172492,0.5501949968641451,0.7286615546876603
COC(=O)CN1C(=O)C(=O)N(c2ccc(C(F)(F)F)cc2)C1c1ccc([N+](=O)[O-])cc1,-6.663,-5.522,4.764147247934304,3.753314934827612,0.5478708369737829,0.7286258904088662
O=C1CC(CCCC(=O)Nc2nnc(C3CCCCC3)s2)C(=O)N1,-7.452,-5.753,4.78933909845607,3.715954117047196,0.5463718245717025,0.7285103756513926
C(=Nc1cccnc1)c1ccc(CSc2ncccn2)o1,-6.267,-4.772,4.819314162824416,3.583525777778081,0.5519365595979628,0.7284389750654079
O=C1CC(N(CCO)Cc2ccccc2)C(=O)N1c1ccc(F)cc1,-6.892,-5.431,4.7575043878067,3.769614569156906,0.5476051545523503,0.7281010783742411
COCCOCCCCNc1ccc(Oc2ccc3c(c2Cl)OC(C)(C)C=C3)cc1,-6.62,-4.463,4.968955725300839,3.0744414126797093,0.5531770128027338,0.7280636017728537
CN(Cc1ccc(Cl)cc1)C(=O)C1CC(=O)N(c2ccc(C#N)cc2)C1,-7.932,-5.81,4.976644451837,3.192330496674804,0.5452680504375393,0.7279913803466415
O=C(c1ccc[nH]1)N1CCCC(c2c[nH]c3ccccc23)C1,-7.909,-5.535,4.949422794629692,3.2729963336368098,0.5465339611472317,0.7277860461487384
COCCCOc1cccc(C=C2SC(=O)N(CCOC)C2=O)c1,-5.856,-4.365,5.010621318758783,2.870393875411527,0.5529552816887793,0.7275388235377495
CCCC1CCN(CC(=O)NC23CC(NC(=O)C4CCCO4)(C2)C3)CC1,-6.711,-5.123,4.991068923587411,3.0783848037566712,0.5480676690485051,0.7272285009962987
CCC(CC)CC(=O)Nc1ccc(N2CCN(CC)CC2)cc1OC,-6.178,-5.051,4.857941230603763,3.5275654494282613,0.5484319047464641,0.7271939014283803
Cc1onc(NC(=O)CN2CCCCCC2=O)c1C,-4.962,-3.86,4.445433162246396,4.187329817437361,0.5553463474588292,0.7271505371640332
Cc1ccc(CNc2ccc(C(=O)N3CCCC3)nn2)s1,-6.443,-5.417,4.525509695050935,4.158960206590104,0.5455936505673492,0.7267091170343581
CC(C)(CCO)OC(=O)CCc1ccc(Cl)cc1Cl,-6.658,-4.548,4.985234798883599,3.0532964153517743,0.550595165397984,0.7266902975320055
CC(N)Cc1cn(CCOc2cccc(Cl)c2)cn1,-6.307,-4.928,4.95102686318707,3.237927423522646,0.5482752959743645,0.7266180306960851
CC(Nc1ccc(C(=O)Nc2cc(Cl)cc(Cl)c2)nn1)c1ccc(F)cc1,-7.986,-6.33,4.939790380167968,3.4026251630175204,0.5402620144307427,0.7266116338289847
Cc1ccccc1C(=O)NC(CN=C(N)NC(C)c1ccccc1)C(C)C,-7.734,-5.579,4.841943514746945,3.621779811087362,0.5440526492665796,0.7262997656007594
NC(=O)C1CCN(C(=O)COC(=O)CCCC(=O)OCC(=O)c2ccccc2)CC1,-7.093,-5.588,5.020934375193525,3.029370561684392,0.5437699942896677,0.7261453612354831
Cc1cccc(S(=O)(=O)c2cccc(CC(=O)N3CC4C(C3)C4(C)C)c2)c1,-8.41,-6.509,4.89856234011572,3.5474241359048126,0.5383757655314282,0.7260177276287451
Cc1ccnc(Nc2cnc(Cl)c(C(=O)Nc3ccc(F)c(F)c3F)c2)c1,-8.103,-6.018,3.637820226454297,4.850460184353645,0.5409304473236723,0.725879048033913
CCCOC(=O)c1ccc(NC(=O)CC(=O)Nc2cccc(Cl)c2C)cc1,-7.395,-5.346,5.004436631629978,3.0862012248069632,0.5447093945855526,0.7258489533724357
CNS(=O)(=O)c1ccc(NC(=O)C2CCCCC2N)cc1,-6.331,-5.261,4.9072719508908405,3.4329046010630715,0.5450935882086724,0.7257801679719786
CC(C)(C)c1cccc(-c2nc(-c3cccc4c3oc3ccccc34)c3c(n2)oc2ccccc23)c1,-9.113,-7.294,4.344256438103073,4.439442532570954,0.5335106886811614,0.7256721208038566
CNC1(C(=O)Nc2ccc(OC(F)(F)F)cc2)CCCC1,-7.241,-4.955,4.041477081464151,4.605903494429731,0.5464542855928396,0.725513824744897
O=C(COc1ccccc1)Nc1ccccc1C(=O)NCc1ccccc1F,-6.221,-6.109,4.282759507607215,4.4566903639360005,0.5398288890488336,0.7254841569052999
CN1C(=O)C(NC(=O)Nc2ccc(C(C)(C)C)cc2)CCc2cc(C(F)(F)F)ccc21,-5.737,-4.792,4.965475505930927,3.2382706804712904,0.5450985820440761,0.7239891882778489
CCOC(=O)Cc1nc(SCCCN2CCC(c3ncccn3)CC2)n[nH]1,-6.479,-5.272,5.034208676644225,2.995799392482749,0.542336198428891,0.7239840625680081
CN(CC(=O)N1CCCC(C(=O)O)C1)Cc1ccc(Cl)cc1Cl,-7.451,-5.743,5.075324226096299,2.844158047647845,0.5393220966298227,0.7237572929393267
CCOC(=O)C1=C(C)NC2=C(C(=O)CC(C)(C)C2)C1Nc1nnc(C)s1,-6.558,-5.093,4.940178235651016,3.3604413400623434,0.5430080963004044,0.7237494512231598
O=C(c1ccc(CN(Cc2ccco2)C(=O)c2cccs2)o1)N1CCCC1,-6.604,-5.277,4.380633515828505,4.35118443644946,0.5417828333488854,0.7236336606954421
O=c1c2c(NN=Cc3ccc([N+](=O)[O-])s3)nc(-c3ccccc3)nc2nc2ccccn12,-8.345,-7.085,5.04406681161144,3.1713892854709584,0.5315621430637295,0.7235649789490916
Nc1cc(Cl)cc(C(=O)OCC(=O)Nc2ccc(N3CCCC3=O)cc2)c1,-7.506,-5.528,4.998184770494184,3.199593255399817,0.5401317642293355,0.7234841931902607
CCOC(=O)c1ccccc1NC(=O)c1cc(C)nc(NCCCn2ccnc2)c1,-6.879,-5.512,4.513999224634404,4.213452028918805,0.5401162615789331,0.723413036122256
COC(=O)c1ccc(Cl)c(NC(=O)Nc2ccc(C)cn2)c1,-7.122,-5.312,4.446690229822626,4.284406376617419,0.5412262916280014,0.7233951304087025
Cn1ncc(Br)c1C(=O)OCCNC(=O)c1cccc(F)c1,-6.653,-5.288,4.594568750165787,4.099291402181602,0.5412518854544304,0.7233208713727679
c1ccc(-n2c3ccccc3c3cc(-c4c5ccccc5c(-c5ccc6c7ccccc7c7ccccc7c6c5)c5ccccc45)ccc32)cc1,-9.448,-8.284,5.0147329938891065,3.396543242769036,0.5245899455616952,0.7232422333329861
Cc1cc(O)cc(NC(=O)N(C)CC(C)(C)O)c1,-6.0,-4.606,3.8458026470426177,4.7314400556278855,0.5450228551116566,0.7232261133963115
CSCCC(NC(C)=O)C(=O)N1CCN(C(=O)N2CCCCC2)CC1,-5.539,-4.744,5.009400163692256,3.076410245724714,0.5440895129441914,0.7231350455789118
CCc1c(Nc2ccccn2)ncnc1Nc1cn[nH]c(=O)n1,-7.304,-5.708,4.997940575877228,3.231489285143925,0.5383877930339811,0.7229975265534366
CCc1ccc(OCC(=O)NC(=S)Nc2ccc(-c3nc4ccc(Cl)cc4s3)cc2)cc1,-7.854,-5.956,5.017062686473032,3.1826444978979342,0.5369092759102233,0.7229417665051857
N=C(N)c1ccc(N2CCN(CCc3cccc(O)c3)CC2)cc1,-7.211,-5.88,5.059226620739577,2.9847086960036817,0.5372201201818836,0.7228637065011952
CC1CC1C(=O)N1CCC(CC(=O)N2CCCC2)CC1,-6.237,-4.729,4.921079251546352,3.4113859353641027,0.5436604202252481,0.7227924421661722
COc1cc(C=NN2C(=O)SC(CSc3nc4ccccc4o3)C2=O)c([N+](=O)[O-])cc1OC,-7.46,-6.105,5.024702677771093,3.172449526785259,0.5357751925667544,0.722740026187846
C=Cn1nc(C)c(-c2noc(C3CCC(O)CC3)n2)c1C,-6.65,-5.345,5.033257493909884,3.051683305980488,0.5399699380435917,0.7226804871503496
CCC(Sc1cccc(Cl)c1)C(=O)Nc1ccc(Oc2ccccc2)cc1C(N)=O,-7.507,-5.764,4.922353298982103,3.493669847023328,0.5374784112729052,0.72259861717279
OC1C=CCN(c2nc(-c3ccccc3)cs2)CC1,-5.32,-3.745,4.499845108445401,4.167337159386075,0.5488820246338791,0.7224617016189626
CCCCc1nnc(C(=O)Nc2nnc(-c3ccc(C)o3)o2)s1,-6.679,-5.758,5.070784357473704,2.9236733743699896,0.5372145714149421,0.7223985387492262
Fc1ccc(C=Cc2noc(-c3c(Cl)ccc(Cl)c3Cl)n2)cc1,-7.481,-5.826,4.942623898295317,3.4521800358613977,0.5361998572035896,0.7219729537853612
CS(=O)(=O)N1CCN(c2ccc(Cl)cc2Nc2ccc(C(=O)Nc3ccccn3)cc2)CC1,-8.123,-5.94,5.063505208844956,3.000812889868344,0.5355489218508565,0.7219649542386094
Cc1ccc(NC(=O)C(C#N)=Cc2ccc(OCc3ccccc3Cl)c(Br)c2)cc1Cl,-7.984,-5.949,4.905829287694385,3.567939461369827,0.5352361144808395,0.7217880333517052
Cc1ccc(Cn2c(C)c(C=C(C#N)c3ccccc3Cl)c3ccccc32)cc1,-7.798,-5.824,4.229342856756827,4.52898796642252,0.5353537178119844,0.7213955302820657
CC(CCCC(=O)O)NC(=O)c1ccc2c(c1)CC(C)NC2C,-7.42,-5.709,5.073997733543048,2.94810057494652,0.5354757940542263,0.7210434014176431
CC1CC(C)CN(Cc2cccc(CCN)c2O)C1,-6.701,-5.033,5.04085082104202,3.0310442095093237,0.5392429667202202,0.7210076380758946
COc1ccc(CC(CC2CCCN2C(=O)OC(C)(C)C)C(=O)O)cc1,-6.502,-5.137,5.064032484098023,2.950932564461615,0.5375974850565207,0.7203017471372286
O=C(OCCNc1ccccc1S(=O)(=O)c1ccccc1)c1ccsc1,-6.265,-4.988,4.498557435445279,4.244546147705312,0.538367921550612,0.7202512910580051
N#Cc1ccnc(N2CCC(OCC(=O)O)CC2)n1,-6.129,-5.128,5.0440351902023846,3.0521023901566613,0.5375467466990252,0.7202335815646287
CCOC(=O)C1=C(C)N(C)C(=O)NC1c1ccc(OCc2cccc(C)c2)cc1,-6.929,-5.666,5.053808464910398,3.075256249485561,0.5342650845541133,0.7200654999728697
Cc1ccc(S(=O)(=O)CC(=O)NCC2CCCCO2)cc1,-6.427,-5.487,4.345617217381208,4.428762806924751,0.5350151070647899,0.71989425614686
O=S(=O)(c1ccccc1)N1CCCC(c2noc(-c3ccncc3)n2)C1,-7.54,-6.149,4.897806039442558,3.638924154197227,0.5310849963381585,0.7197348265718393
O=C(OCC(=O)N1CCCC1c1cccs1)c1ccccc1-n1cnnn1,-7.025,-5.642,5.050814686760938,3.1029706734031506,0.5335770580890971,0.7195111560932193
COC(CNC(=O)c1cc(-c2ccccc2)on1)C(=O)O,-6.969,-5.727,5.079165581077271,2.9792299340601427,0.5329863763862626,0.7194332377043047
CS(=O)(=O)Nc1ccc(NCCC#N)c([N+](=O)[O-])c1,-5.767,-4.431,5.049302625115669,2.966033040948803,0.5402616364580061,0.7193918661052249
CCc1cccc(CC)c1NC(=O)NC(=O)CNC(=O)c1ccc(-c2noc(C(F)(F)F)n2)cc1,-7.891,-6.54,5.092183028917951,3.020647943736575,0.5282449098216532,0.7192702276274142
CC(C(=O)N1CCOC(c2ccccc2)C1)N1CCN(C)CC1,-7.191,-5.56,4.899208201332129,3.608674410361788,0.5333167482570935,0.7190262544625206
CCc1nnc(NCC(=O)Nc2ccc(C)cc2OC)s1,-6.875,-5.521,5.008734470901807,3.2779905430003917,0.533317609432694,0.7188796484809685
CC(C)c1nc(CN2CC(C)(C(=O)O)Cc3ccccc32)no1,-7.093,-5.92,3.6686997696731742,4.885512255639116,0.5310676075305453,0.7188628473074457
Cc1oc(Cl)cc1C(=O)OC(C)C(=O)N1CCCC1,-6.767,-4.776,4.693050393933566,3.983287210332693,0.53726392053298,0.7187065866130246
Cc1c(Cl)cc(CC(C)(C)N)cc1C(=O)NC1(O)CCCCC1,-6.643,-5.404,4.3417403192729065,4.440935149267551,0.53364961391724,0.7186614966562475
COc1ncnc(NC(=O)C2CC(=O)N(c3cccc(Cl)c3)C2)c1C,-7.68,-5.611,5.0767084808958645,3.0037684664434443,0.5324606738529871,0.7186412105767145
NC1=C(C(=O)OC2CCCC2)C(c2ccc(-c3ccccc3)o2)c2nc(=O)[nH]n21,-7.674,-5.974,4.346131728330379,4.458890669213589,0.5300996884693283,0.7184102008168168
NC(=S)c1ccc(CNC(=O)Cn2c(=O)oc3ccccc32)cc1,-7.295,-4.822,4.930655635916993,3.483620099838672,0.5364652977537696,0.7183470205599425
COc1ccc(N(CC(=O)NCCCN2CCCC2=O)S(=O)(=O)c2ccc(C)cc2)cc1OC,-6.784,-4.866,4.883582086952157,3.6132918509303935,0.5361721500677922,0.718317838394157
Cc1ccc(-c2ccc(-c3nc(-c4ccccc4)nc(-c4nc(-c5ccc(C)cc5)sc4C)n3)cc2)cc1,-9.338,-8.378,4.991646822442468,3.5741440933459865,0.516790069191321,0.7181895375161466
Cc1cccc(OC(C)C(=O)NCC(C)C(=O)O)c1,-6.996,-5.454,4.837628964689209,3.762029904187365,0.5323311532504617,0.717961804117168
CC(c1cccs1)N1CCN(c2nnccc2C#N)CC1,-6.354,-4.597,4.9231962179056,3.495592939688487,0.5371572479249431,0.7179541984854064
O=CCC(CC(=O)ON1C(=O)CCC1=O)(C(=O)O)C(=O)CCc1ccccc1,-6.863,-5.218,4.951531177322828,3.4635774857796955,0.533491357140631,0.71785199903784
CC(C)Cn1ncc(NCC2(Cc3ccccc3)CCC2)c(Br)c1=O,-6.533,-5.395,4.832475659535182,3.771324833529989,0.5324820442509466,0.7178409233399912
Cc1ccc(N2C(=O)CC(N(Cc3ccccc3Cl)C(=O)CC(C)C)C2=O)cc1,-7.683,-5.447,4.543185116193263,4.235717294626732,0.532045466993089,0.7177427248770599
CN(C)c1nc2c(c(=O)[nH]1)C(C(=O)NN=Cc1ccc(Cl)cc1)CC(=O)N2,-8.033,-6.348,4.913091999952779,3.653192028897468,0.5267247345530811,0.7175178028355524
O=C(NCc1ccco1)C(=Cc1ccccc1)NC(=O)c1ccc(Cl)cc1,-6.859,-5.706,4.082346139170465,4.667695898406407,0.5301362557343675,0.7174281461994297
CN(CCn1nc(-c2ccc(Cl)cc2F)nc1C(C)(C)C)Cc1cccc(Br)c1,-7.021,-5.647,4.887237563286647,3.675257405951318,0.5301437428298716,0.7172113673928684
Cc1ccc(CN(C)c2ccnc(C(N)=NO)c2)cc1,-7.607,-5.372,5.079331255194919,3.0229450871625176,0.5310141709810383,0.7167641318402634
CC(C)(C)c1noc(CNc2nc(N3CCCC3)ccc2[N+](=O)[O-])n1,-7.033,-5.668,5.007885881287632,3.351809958813298,0.5289620948310716,0.7164904996635493
CC(C)Cc1nnc(NC(=O)C2CC2n2cc[nH]c2=O)s1,-6.511,-5.069,5.000819332869365,3.3238441600050987,0.5322497031711885,0.7164532048032402
Nc1ncc(CNc2nc(Cl)nc3c2ncn3C2CC(CO)C(O)C2O)c(N)n1,-7.291,-5.948,5.081194150984589,3.0988717301624478,0.5270337998636737,0.7162323569275251
CN(Cc1ccccc1)C(=O)COc1ccc(Cl)cc1[N+](=O)[O-],-6.939,-5.328,4.861533297222183,3.730306957878936,0.5304625494987953,0.7162259677902577
O=C(Nc1nccs1)C1CCCN1C(=O)OCc1cccs1,-5.902,-5.027,5.038278376588573,3.184301807304075,0.5321477813634164,0.7162258582820775
CCC(C(=O)Nc1c(Br)cc(Br)cc1Br)C(C)N,-5.456,-4.689,5.050916946456356,3.0988504320150723,0.5337580090767567,0.7160279147011409
Cc1cc(-c2ccc(C(=O)O)s2)nc(C(C)(C)C)n1,-6.574,-5.409,5.095977335114432,2.969651494704388,0.5296250929383836,0.7159652915318507
Cc1cc(C)c(NC(=O)C(C)Sc2n[nH]c(C)n2)c(C)c1,-7.145,-5.604,4.858426288418915,3.7712923514360432,0.5272744871481434,0.7151065920099038
CC(C)(C)c1nnc(C=NNC(=O)c2ccc(Br)o2)o1,-6.525,-5.278,4.656163334763934,4.108743603584921,0.5289501504602532,0.7150160637828856
Nc1cc(Br)ccc1Nc1ccc([N+](=O)[O-])c2nonc12,-7.086,-5.192,5.03258641257157,3.257772398434243,0.5292974508203655,0.7149269001226954
O=C(CCn1c(=O)c(=O)[nH]c2ccccc21)NS(=O)(=O)c1c(Cl)cccc1[N+](=O)[O-],-8.004,-5.746,5.054747669270939,3.2415837178761864,0.525374493655061,0.7143485420425206
Cc1ccc(NC(=O)CSc2nnc(C(C)O)n2C)c(Cl)c1,-7.016,-5.723,5.127274909735189,2.901051705847381,0.5253877049662825,0.7142714567098846
CCc1ccc(NC(=O)CN(c2ccc(Cl)c(C)c2)S(=O)(=O)c2ccc(C)cc2C)cc1,-7.598,-5.565,4.930482126526776,3.6187828064143344,0.5259968905289398,0.7140935687207052
CCC(C(=O)NC)N(Cc1ccc(Cl)cc1)C(=O)CN(c1ccc2c(c1)OCO2)S(C)(=O)=O,-6.927,-5.714,5.074505788744358,3.1653306304397337,0.5251661930705992,0.7140871925832043
Cc1ccc(C(=O)C(C#N)C(=O)Nc2nc3ccccc3s2)o1,-7.454,-6.059,4.281416237648473,4.557350765521566,0.523229830525447,0.7140568323742225
Cc1ccc(CN(C)C(=O)CC2CCCNC2=O)cc1,-7.428,-5.367,4.86756869494412,3.758787171415801,0.5266078812430813,0.7137653592561071
COC(=O)c1ccc2c(c1)C(=O)N(c1ccccn1)C2=O,-6.621,-5.226,5.126249506217971,2.857557698455098,0.5272864382833002,0.7136952725643375
CCOCCN(C)CC1CCCN(Cc2nc[nH]c2C)C1,-5.992,-3.983,4.9308681791343805,3.5137521255774438,0.5341780638732198,0.713625979280972
COc1ccc(C=C2SC(=O)N(CC(N)=O)C2=O)cc1,-6.635,-5.163,4.397014782781608,4.426620155378141,0.5275066653856263,0.7136074038136689
CCOc1cc2c(cc1OCc1ccc(Br)c(Cl)c1)=C(Cl)CCC=2,-6.865,-5.538,4.678783282008262,4.106046638799906,0.5251733099217484,0.7134331915785691
Cc1cccc(OC2CCN(c3ccc(C(F)(F)F)nn3)CC2)c1,-7.168,-5.563,5.094886161633055,3.077805874320211,0.525003920067396,0.713411733746108
CN1CCCN(Cc2ccc(NN)nc2)CC1,-4.485,-3.353,5.036905895487824,3.096150028664632,0.5370030883913819,0.7131008769733955
Cc1nnc(-c2[nH]ncc2F)n1CC(O)Cc1ccccc1,-6.924,-5.347,4.321595191593031,4.508799064052423,0.5255790052851739,0.7129927451762466
CCc1c(C)nc(-c2nccc(CSC)n2)[nH]c1=O,-6.224,-4.818,5.108159453266901,2.935498083801111,0.5283133601411423,0.7128531712321876
Cc1nc(Nc2cn(C)nc2C)c(C#N)c(N(C)CCc2cn[nH]c2)n1,-7.226,-5.226,5.09428552399647,3.06177089280044,0.5258924671324678,0.7127512609739984
CCOC(=O)c1c(C(=O)OCC(=O)NCc2ccccc2C(F)(F)F)cnn1C,-6.886,-5.173,3.616229113316799,4.932735346640848,0.5257382007021245,0.7124477606013093
O=C(Nc1ccc(C2C3C(O)C(O)C4C(OCc5ccc(Br)cc5)C3C24)cc1)c1cccc2ccccc12,-9.135,-6.806,5.139281856446482,3.0442033440622875,0.5166752111098397,0.7123321152350517
N#Cc1cnn(Cc2ccc(Cl)cc2Cl)c1NC(=O)c1ccco1,-7.745,-5.787,5.041268689526477,3.3467067394679204,0.5220658271810839,0.7122485146373356
COc1ccc(Cl)cc1NC(=O)C1CCN(c2cc(C)nc(C3CC3)n2)CC1,-7.394,-5.743,5.141973259362596,2.9094076716747685,0.521748227742333,0.7118677806857635
O=C(Nc1nncs1)C1CCC(C(F)(F)F)CC1,-6.269,-4.808,3.9486419184322097,4.7703570097006365,0.5264725376638537,0.7115725355541966
CC(c1ccc(O)c(F)c1F)N1CCN(C)C(=O)C1,-6.201,-4.702,4.698522533733343,4.0640637298152695,0.5266980953617549,0.7113257450351873
CN(CC1CCCCC1O)C(=O)c1cn(C)nn1,-6.215,-4.67,4.787938596097488,3.914450919349992,0.5267872371572014,0.7112653683958604
Cc1cc(N=Cc2c(C)nn(-c3ccccn3)c2C)ccc1F,-7.237,-5.984,5.003084448617673,3.5058906143803177,0.519497312087282,0.711226715123429
COc1cc(NCC(=O)Nc2cccc(-c3nc(C)no3)c2)ccc1[N+](=O)[O-],-7.865,-5.979,5.089437788204116,3.21247147847261,0.5193773725411476,0.7111260288836341
Cc1cc(F)c(C(N)=O)c(NC(=O)CN2CC(c3ccccc3)OC2=O)c1,-7.838,-5.709,4.741155344428192,4.048555421381805,0.5206206261136128,0.7109714642081139
CCC1(O)C=CC(c2csc(-c3ccc(-c4cccs4)cc3)n2)=CC1,-7.159,-6.316,5.105406056328918,3.1894711160316223,0.5170951232365781,0.7108102714070358
CCc1ccc(N2C(=O)NC(=O)C(=Cc3cc(Br)c(OCC(=O)Nc4ccc(C)cc4)c(OC)c3)C2=O)cc1,-7.985,-6.559,5.188362458425587,2.7971800085085694,0.5153942228854387,0.7105375890015615
CCCCOC(=O)c1cccc(N2C3CS(=O)(=O)CC3C(=O)N2C(=O)c2ccccc2Cl)c1,-6.135,-5.634,4.564982913440093,4.295678409750897,0.519919147670608,0.7102130443808725
CSC(C)(C)CNCC(=O)Nc1ccccc1OC(F)F,-6.317,-4.522,4.575974103947705,4.239163478800977,0.5259463700592243,0.710140023281069
CC1=C(C(=O)C=Cc2cccc([N+](=O)[O-])c2)C(=O)CC1(C)C,-6.977,-6.187,5.136656986795984,3.0541601136810104,0.5168087869862326,0.7101359675716403
CCc1ccc2[nH]cc(C(=O)c3ccc(Cl)c(Cl)c3Cl)c(=O)c2c1,-7.625,-5.795,4.941002327463527,3.678534626722984,0.518818279303715,0.7100595021011434
CC(C)(C)c1ccc(-c2nnc(SCC(=O)Nc3ccccc3C(N)=O)o2)cc1,-7.672,-6.595,5.034361727170586,3.490844883405736,0.5139449678870521,0.7096705472292004
CC(=O)c1ccc(NC(=O)C(C)Sc2nnc(-c3ccco3)n2C(C)C)cc1,-7.0,-5.945,5.124499682895882,3.0987631403513247,0.5174285154228818,0.7096644858500625
O=C(O)C(O)C(=O)Nc1ccc(C#CCO)c(Cl)c1,-7.313,-5.105,5.117193078241234,3.0383892114079134,0.5218611330690154,0.7095615206113479
CCC(Cc1cc(Cl)c(Cl)cc1Cl)(C(=O)O)c1ccccc1,-6.88,-4.794,5.03384157478163,3.3529085880769256,0.5232830640125343,0.7093612971942911
Cc1nc2cc(-c3ccco3)nn2c(C)c1C(=O)Nc1ccccc1,-7.171,-5.684,5.133918776139724,3.0374003687363973,0.5181760085199274,0.7092073619431755
CC(=O)N1CCN(c2nc(C(C)(C)C)no2)CC1,-6.154,-4.792,5.139866437953423,2.888016793579982,0.5230543818463533,0.7091987752011193
CC(=O)c1ccc(OC(=O)c2ccccc2)c(Br)c1,-6.746,-5.052,4.551079212670331,4.3011555424095045,0.5214840264004826,0.7091068304714759
COc1ccc(-c2noc(CS(=O)(=O)C(O)c3ccccn3)n2)cc1OC,-7.274,-5.914,5.13710083607476,3.0586127574441324,0.5165068513769775,0.7089172616273117
Cc1nc(C)c(-c2nnc(Nc3ccc(Br)cc3F)s2)s1,-6.989,-5.441,5.015337874959174,3.48591910405276,0.518335177701665,0.7084122705231322
CCOCCn1c(=NC(=O)c2ccc(Cl)cc2)sc2cccc(S(N)(=O)=O)c21,-7.179,-5.4,4.514645168781263,4.366831574494258,0.5179588751582286,0.7080024898470266
CCOC(=O)c1c(F)cnn1CC(=O)Nc1cc(C)c(C)cc1C,-7.315,-5.542,4.965373500553608,3.646697821317253,0.51646480374465,0.7075081898636013
COc1ccc(NC(=O)c2ccc(NS(=O)(=O)c3ccccc3F)cc2)c(OC)c1,-7.138,-6.284,5.199597965227696,2.823269204309075,0.511950140787151,0.7071473730945752
CC(CCc1ccccc1)NC(=O)CSc1nnc(C(C)C)o1,-6.404,-5.616,5.171430556432137,2.9017022590196944,0.5154178556965535,0.7070652107179607
CCOC(=O)Cc1ccc2c(c1)CCN2C1=C(C)C=CC(N2CCOCC2)N1C,-7.252,-4.907,5.1457949823132285,2.950012542346219,0.5192621662934996,0.7070530206095813
CNc1ncccc1C(=O)Nc1n[nH]c2c1CCC(c1ccccc1)C2,-8.401,-6.462,5.000517873180737,3.626316312733901,0.5108303852844251,0.7070282056609681
COc1cccc(C(=O)OCC(=O)Nc2c(OC)cccc2C(C)=O)c1,-7.192,-5.492,4.436255853757761,4.461745174256369,0.5159155938218658,0.7069462874499939
CC(=O)c1ccc(NC(=O)Cc2cnn(C)c2)c(F)c1,-6.833,-5.26,5.077265701142692,3.3028201585917447,0.5169247937437128,0.7067746353361998
CC(C)Cc1cc(C(=O)NNC(=O)c2ccco2)n[nH]1,-6.216,-5.201,5.035703227951386,3.444500689504939,0.5168808472693767,0.7065250251708627
CCC(=O)NC1CCC(O)(C(=O)O)C1c1ccc(OC)cc1,-6.179,-4.849,5.132585021214942,3.0368900210577263,0.518496237568108,0.706314780741856
CCn1nccc1CNCc1nc2cc(C)ccc2n1C,-6.747,-4.953,4.564598668010146,4.310853047831716,0.5178244739754345,0.7062451409317312
CCCNC(=O)c1cccc(COc2ccc(C)cc2-c2cccc(F)c2)c1,-7.11,-5.179,5.006529137036955,3.536539692976737,0.5165136495151501,0.7061921585401902
CC(C)(C(=O)N1CCN(c2ccc(F)cc2)CC1)S(C)(=O)=O,-6.431,-5.415,4.396166284389161,4.504863815921631,0.5151621703644292,0.7061441598048748
CCOC(=O)c1nc(SCC(=O)Nc2c(Br)cc(C)cc2Br)oc1C,-6.686,-5.576,5.164376148190602,2.9752401583737744,0.5140581256114618,0.7059837696364245
c1ccc(-c2ccc(-c3nc(-c4ccccc4)nc(-c4ccc(-n5c6ccccc6c6ccccc65)cc4)n3)cc2)cc1,-9.801,-8.393,5.149200326264263,3.3541751594095395,0.4982856311346129,0.7052683273244734
COc1cc2cc(C(=O)Nc3ccccc3C(F)(F)F)oc2cc1O,-7.625,-6.088,5.175817809776538,3.0051968321559244,0.510240347193108,0.7052444457216992
CCOC(=O)NC(=O)C(C)OC(=O)CCSc1ccc(F)cc1,-6.035,-5.329,5.169980754316209,2.941688970642546,0.5141727704123583,0.7051467691531986
COc1ccc(CNC(=O)N2CCC2C(=O)N(C)Cc2ccccc2C)cn1,-6.978,-5.122,5.0118485611598445,3.551119541778339,0.5143019067532917,0.7044668749916789
CC(C)CC(=O)N1CCCC(C(C)c2cccc(CC(=O)c3ccc4scnc4c3)c2)C1,-7.373,-5.572,5.00573251382852,3.60193919993106,0.5116782225290156,0.7043328650806842
C=C(C)C1CC(=O)C(C)=C(OC(=O)c2ccc(Cl)cc2)O1,-7.333,-5.802,4.54874642071857,4.380888608490292,0.5102908784761441,0.7042257919771137
CC(C)COC(=O)c1cnc(NCC2CCN(c3nc(N)nc4c3ncn4C)C2)nc1,-7.46,-5.762,5.166526686275799,3.0763107775385765,0.5091586238811633,0.7032967603446874
COC(=O)Oc1ccccc1S(=O)OCc1ccccc1[N+](=O)[O-],-6.152,-5.114,5.160847507919605,3.0314455297761818,0.5124396252528102,0.7031606238535753
CCCCCCCCNC(=O)CCn1ccnc1-c1cc(C)on1,-6.281,-4.233,4.863985505734983,3.8651034914992897,0.5170124063295354,0.7030023056892816
Cc1ccccc1NC(=O)CN1CCc2sc(-c3ccccc3OC(F)(F)F)nc2C1C,-8.569,-6.325,5.177459222437198,3.1018391318699954,0.5055527021242096,0.702865202834441
CCc1noc(CSc2nnc3c(C)nc4ccc(Cl)cc4n23)n1,-7.585,-5.643,5.178623851951404,3.024453834992361,0.5087864108342973,0.702601361340762
Cc1ccc2oc3c(c(=O)c2c1)C(c1ccccc1OCc1ccccc1)N(CCc1ccccc1)C3=O,-7.339,-5.645,5.068872162522942,3.459571794312124,0.5087737172858499,0.7025999650921912
Cc1cc(N=Nc2nc3nonc3nc2N)ccc1O,-6.866,-5.423,5.180981374218594,2.987887046057798,0.5098188535788375,0.7025020514739564
CCc1c(C(N)=O)oc(NC(=O)c2ccc(Cl)c(Cl)c2)c1C#N,-6.853,-5.9,4.428558794912854,4.524407696041549,0.5071210021009459,0.7023951630506797
COC(=O)c1c(NC(=O)c2c(Cl)c(-c3cccs3)nn2C)sc(C(=O)N(C)C)c1C,-6.111,-5.594,5.0217997769723945,3.598565825436573,0.5085851975829236,0.7022819024242856
Cc1cccc(N2CCN(c3ncccc3C(=N)N)CC2)c1,-7.332,-5.547,4.694366410922777,4.214030849436202,0.5085734750018638,0.7021006212050336
Cc1ccc(OC(C)C(=O)Nc2cccc(Cl)c2)c(Cl)c1,-7.322,-5.285,5.073774236207203,3.442076843999855,0.5089080284380517,0.7013649833326876
O=C1Nc2ncnc(Cl)c2CN1c1cccc(C(F)(F)F)c1,-8.311,-5.688,5.133689998431928,3.266407200579866,0.5067313681495387,0.7013464195060451
O=[N+]([O-])c1ccccc1C=Cc1nc2ccccc2o1,-6.982,-5.415,4.279409538709751,4.650550612561914,0.5075262295915475,0.7008912456382649
Cc1ccc(Nc2ncnc(NNC(=O)c3cc(Br)cc([N+](=O)[O-])c3)c2N)cc1C,-8.421,-6.246,5.121916535829143,3.3777374083844958,0.5027265894567404,0.700609546074897
Cc1cc(NC(=O)CN2C(=S)NC(=O)C2(C)C)n[nH]1,-7.149,-4.831,4.05944491279288,4.790349987213878,0.5101169659554882,0.7005175731551878
O=c1n(C(=Cc2cccnc2)C(F)(F)F)nc2ccccn12,-6.72,-5.154,4.275456232965085,4.651746661201575,0.5078591175505713,0.7001585522608084
CC(C)CC(N)C(=O)NC(C)c1ncc(-c2ccccc2)[nH]1,-7.541,-5.652,4.8054768753995685,4.07810752678249,0.5050944875165377,0.7000806022050965
COc1ccccc1CNC(=O)Cn1cc(C=Nc2ccccn2)c(=O)[nH]c1=O,-7.683,-5.684,5.203800726392201,2.9856265674059115,0.5048205079854011,0.7000081223209894
CCc1ccc(Nc2nccc(C(=O)Nc3ccccc3F)n2)cc1,-7.486,-5.929,4.635504179698256,4.328393004337753,0.5033213766419993,0.6998649687598523
CCn1cc(CC(=O)NCCn2cnc(-c3ccccc3)cc2=O)c2ccccc21,-7.395,-6.28,5.092913998881191,3.4926547209823067,0.5013866699528499,0.6997992008464118
COC(=O)C(C)n1[nH]c(N)c1-c1ccc(C2(C)OC(C)(C)OC2c2ccc(Cl)cc2)cc1,-7.239,-5.571,5.0592586413426215,3.54400197516875,0.504844514496614,0.6996100325778694
COC(CNC(=O)CN(c1c(Cl)cccc1Cl)S(=O)(=O)c1ccccc1)c1ccccc1,-7.234,-5.211,5.068136245208883,3.4911582605204243,0.506750886615969,0.699604292821397
Cn1cc(C(=O)NC2CCc3c2cnn3Cc2ccccc2)nn1,-7.773,-5.417,5.206749753925187,2.9517840368157016,0.5055353985362967,0.6995225845367505
Nc1c(F)ccc(C(=O)O)c1C=NNC(=O)c1ccco1,-7.282,-5.249,4.216239675350536,4.704874918634928,0.5064114836407131,0.6995099454564817
CN(Cc1noc(Cc2cccc(F)c2)n1)C1(C(=O)O)CCCC1,-7.009,-5.978,5.033234149133141,3.644777222272988,0.5025512483222847,0.6995084600859282
Cc1cccc(-c2ccc(N3CC(C(=O)O)C(C(=O)NC4CCC(C)C(C)C4)C3)nn2)c1,-7.537,-6.165,5.252279505129177,2.7891980926424,0.5012258564715033,0.6992677133348842
Cc1ccc(F)c(OCCNC(C)(C)C)n1,-6.088,-4.299,5.056416319885063,3.4669936544504942,0.5109205907313841,0.6990938376502395
O=C(CN1CCCCCC1c1ccco1)Nc1cccnc1Cl,-5.059,-3.593,5.110514064162234,3.2134573281747496,0.5146986086743505,0.6990340901918247
O=C(NC1CCN(Cc2ccco2)C1)c1cc(-n2cncn2)ncn1,-7.068,-5.62,5.176080660113402,3.151211354384215,0.5034859386539741,0.6988476742437342
N#Cc1ccc(C(F)(F)F)c2[nH]c(Cn3ncc(C(=O)O)n3)nc12,-8.182,-5.565,5.197241864681688,3.074023584815184,0.5024557338375713,0.6979309161635795
CC(=O)N1CC(C)N(C(=O)CSc2nnc(C(C)C)n2C)c2cc(Cl)ccc21,-6.945,-5.424,5.196065145857968,3.0723520306110754,0.5027918551276603,0.6976475127993301
Cc1nn(CC(C)C)c(C)c1CN(C)S(=O)(=O)c1ccc(N)cc1,-6.299,-5.013,4.988992884340485,3.726658154432736,0.5048233217559489,0.6975437982781318
O=C(O)CC1(C(=O)N2CCN(c3ncccn3)CC2)CCC1,-6.308,-5.263,5.210229265588991,2.986868761763731,0.5033361336688521,0.697434115455052
CCOC(=O)CCOCCNC(=O)C1CCC(C)O1,-5.723,-4.146,5.187004530555183,2.975480465403865,0.5089882856101712,0.6972025531846269
Cc1noc(C)c1CC(=O)N1CC2CC1CS2(=O)=O,-6.89,-5.101,5.240085209230856,2.799658014829669,0.5036255331723042,0.6970393376187402
CC(C)n1nnnc1-c1ccc(NC(=O)NCC2CCC2)cc1,-7.152,-5.545,5.240082251262855,2.889443198957196,0.5004664710527483,0.6964748505567868
CC(C)c1noc(C(=O)NCC2(c3cccnc3)CC2)n1,-6.764,-4.987,5.204635914259517,3.016701675671626,0.5033310797733078,0.6964164789691489
OC1CCC(Nc2cc(Cl)c(C#Cc3ccccc3)cn2)C1,-7.05,-5.911,5.232229830578928,2.99731446464998,0.4980086457771308,0.6960959972816213
CC1=C(C(=O)Nc2ccc(Cl)cn2)Nn2c(n[nH]c2=O)SC1,-6.269,-4.528,4.323476725969505,4.62882987373699,0.5051504770743837,0.6959811361216717
Cc1noc(C)c1CN1CCN(C(=O)C2CCC2)CC1,-6.118,-4.767,5.214329870654521,2.951880417632124,0.5038375174203781,0.6959569136486046
CN(C)CCOc1cc(F)c2c(N)nnc(Cl)c2c1,-6.531,-4.553,5.19639769455726,3.0233726201049063,0.5048777576878473,0.6958855243740599
Cc1ccc(NC(=O)C(C)Sc2ccc(NC(=O)c3ccco3)cc2)cc1Cl,-8.085,-5.726,5.191310913439879,3.1813402835911804,0.4986415377290587,0.6958640421159502
CC(Sc1nnc(C2CC2)o1)C(=O)N1CCN(c2ccccc2F)CC1,-6.828,-5.159,5.184276998772345,3.1655841483050167,0.5009728835581327,0.6954138334769929
CC(C)C(NC(=O)c1cc(CN(C)S(C)(=O)=O)ccc1Cl)C(F)(F)F,-6.447,-5.044,4.186506180575875,4.753134544697846,0.5015493780311722,0.6953919822037293
CN(Cc1ccc(Cl)cc1)C(=O)CN(c1ccc(Cl)cc1Cl)S(=O)(=O)c1ccccc1,-6.518,-5.748,4.381521881721007,4.623215115047104,0.4978391735316289,0.6953840956897829
Cc1nc(C#N)ccc1NC(=O)c1sc(N2CC(C)(C)C2)nc1C,-7.189,-5.255,5.193054592434014,3.146718290536985,0.4999703956430253,0.6950691060051327
COc1ccccc1NC(=O)CNc1ccc(C(F)(F)F)nn1,-6.948,-5.313,4.489316874536704,4.515501079614531,0.4992304823498601,0.694766661948522
Cn1cc(CN)nc1CNc1ccc(C(C)(C)C)cc1,-6.337,-5.274,5.214871906384662,3.056804867831769,0.499320834379052,0.6946869264260149
O=C(CC1CCCCCC1)NC1CCN(S(=O)(=O)c2ccc(Cl)cc2)CC1,-5.658,-3.997,5.189343022001919,3.046846402429896,0.505422077109604,0.6942041025200094
CC(C)(C)[S+]([O-])NC(C(=O)O)C1CCCN1C(=O)OC1c2ccccc2-c2ccccc21,-6.832,-5.635,4.605862785624426,4.409215916690857,0.4967058242576003,0.6941808716545778
COc1ccc(N)cc1C(N)=NC(=O)Nc1ccc(F)cc1C,-6.968,-5.344,4.503006329109476,4.50895442425403,0.4981302804662617,0.6941138729317509
CC1CCC(=O)COCC(C(C)OC2OCC(O)C(O)C2O)C2CCC1C2CCC1(C)C2CCCC21,-5.068,-4.614,4.83251239005137,4.067346801048565,0.5012575278088459,0.693610427183705
Cc1cc(Nc2ccc(NC(=O)c3cccn3C)cc2)nc(C)n1,-7.49,-5.672,5.18107604653705,3.283614015075462,0.4954654122759801,0.6934480610056163
COc1ccc(C=Cc2ccc(C=Nn3c(=S)[nH]c4ccccc4c3=O)o2)cc1O,-7.887,-6.673,5.259111426847696,3.038786764483484,0.4903150397938882,0.6934447779950169
O=C(NC1=NC(c2ccccn2)c2ccccc2N1)C1CCCCC1,-7.678,-6.417,4.085831371948675,4.873232294894221,0.4914453987045248,0.6933210492735019
OC1CCN(Cc2c(C3CCCC3)nc3ccccn23)CC1O,-6.702,-5.723,4.785128838390875,4.192977581623826,0.4949233018067372,0.6932538555699406
CC(NC(=O)C1CC1)C(=O)NCc1ccc(C(=O)N2CCCC2)cc1,-6.96,-5.437,5.239632239003038,3.0035455714871384,0.4961068420142634,0.6930414541925853
CCOC(=O)Cc1ccc(NC(=O)C(C#N)=Cc2cnn(C)c2C)cc1,-6.775,-5.414,5.231596123555411,3.047019199151854,0.4960461461682017,0.6929152932438872
Cc1ccc(C2=CCN(C(=O)c3n[nH]c(=O)[nH]3)CC2)cc1,-7.619,-6.31,4.998566494506201,3.856742407784061,0.4910609842342036,0.6926640061983517
Cc1cn(C)nc1C(=O)OC(C)C(=O)NCc1ccc(F)cc1,-7.27,-5.607,4.689391964850027,4.329602984108358,0.493907051242836,0.6921207190287089
CC1(C(=O)NC2CCC(S(C)(=O)=O)CC2)CCCC1,-5.885,-4.758,5.204561268733417,3.1287433579633857,0.4983021011928607,0.6920903189541877
C=CCN(c1nc(C)c(C(=O)Nc2ccc(OC)cc2)s1)S(=O)(=O)c1ccc(C)cc1,-6.695,-5.771,5.160600837111896,3.418699606575577,0.4918622731478171,0.6912804746503334
COc1ccc(NC(=O)CSc2nncn2N)c(OC)c1,-6.486,-5.012,5.202524098935053,3.190072726443709,0.4957452609369958,0.691239854219267
CCC(C)NC(=O)C(CC)N(Cc1ccc(Cl)cc1Cl)C(=O)CN(c1ccc(OC)c(C)c1)S(C)(=O)=O,-6.763,-5.102,5.203162980341862,3.19931398896701,0.4951373168734774,0.6911439933993466
CCc1cccc(C)c1N1CN(CCC2(O)C=CC=C2)Cc2ccc(C(F)(F)F)cc21,-7.645,-5.784,4.888086946853544,4.063975024529556,0.4911166810265706,0.6908033578820991
O=C1CC(c2ccco2)N=C(NC(=O)Cn2ccccc2=O)N1,-7.52,-5.852,5.208203817056318,3.2628269951071567,0.4907136037662039,0.6907656272251916
COc1ccc(-c2noc(C(=O)N3CCN(c4ncccn4)CC3)n2)cc1OC,-8.226,-5.708,5.225466103612193,3.178208772248922,0.4913172720956011,0.6906694161351471
O=C(Nc1cccc([N+](=O)[O-])c1)C1CCN(c2ccncc2)C(=O)C1,-7.118,-5.632,5.269480904225765,2.971071860457097,0.4907948082386779,0.6900271255970812
CC1CCC(C(C)C)C(OC(C)C(=O)NC(C)CC(=O)O)C1,-6.61,-5.115,5.263474992816058,2.947639564125845,0.4930458742902211,0.6897300455514759
O=C(CNC(=O)c1cccc(Cl)c1)OCc1nnc(-c2ccc([N+](=O)[O-])cc2)o1,-6.166,-5.051,5.260691019248325,2.9567972537866045,0.4933088175602092,0.6896810786443733
CC(C)(C)OC(=O)NCC=Cc1cc(Br)ccc1OCc1ccccc1,-6.33,-5.217,4.338225097894298,4.693080970961399,0.492080181097814,0.6894247487826899
CCOC(=O)c1ccc(NC(=O)c2ccc(C)nc2)cc1,-6.39,-4.848,5.2001701895226455,3.241377484959135,0.4936062104639579,0.6891495885347872
COc1ccccc1C=C(NC(=O)c1ccccc1)C(=O)Nc1cc(SCC(=O)Nc2nc3c(s2)CCCC3)ccc1[N+](=O)[O-],-9.024,-6.864,3.633910290582308,5.130071539462193,0.4832939686305942,0.6891437982340359
NC(=NO)c1nc(Nc2cccc(Br)c2)ccc1-c1ccccc1,-8.099,-5.902,4.541172315603098,4.539768826713536,0.4873555961392944,0.6885781454635538
Cc1nn(-c2ccccc2)c(C)c1C=CC(=O)NC1CCC(C(=O)O)CC1,-7.054,-6.179,5.2947358763209325,2.9589662046059257,0.485667946817749,0.6883798831921347
CCN(CC(C)NC(=O)c1ccco1)c1ncc(Br)cn1,-6.811,-4.978,5.23532568232388,3.1298329028879484,0.4914857461198108,0.688140295978564
CCC(CO)(CO)NC(=O)Cc1cn2cccnc2n1,-6.152,-4.996,5.247286251006324,3.0903703661535453,0.4906685212392344,0.6876332999949853
O=C1NC(=O)N(C2CCN(c3ccc(Br)cc3)C2=O)C1c1ccc(F)cc1,-7.338,-5.899,4.87552715098583,4.129176794471267,0.4859865788179489,0.6875995446755931
CC1(O)CCC(NC(=O)Nc2ccc(C(F)(F)F)nc2)CC1,-7.004,-5.072,4.882695362194942,4.081604341432422,0.4901407481668769,0.687539087746233
COc1ccc(-c2nc(-c3cnoc3C)no2)cc1,-7.053,-5.136,4.416582502342733,4.640954750910636,0.4898066503022399,0.687536728399361
O=CN(NC(=O)c1nn[nH]n1)c1ccc(F)cc1,-6.487,-4.781,5.250849074197429,3.053957923744203,0.4914891748220398,0.6874264772437361
Cc1ccc(-c2cn3c(NCCCN4CCCC4)c(-c4ccncc4)nc3s2)c(C)c1,-7.019,-5.822,4.575236933755453,4.51316873161197,0.4860987556001626,0.6874019253997645
CCN1CCC(C(C)c2nc(-n3nc(C)cc3C)n[nH]2)C1,-7.142,-5.148,5.280571275913241,2.9403106978685085,0.4895261183714626,0.6873832903034494
CC(=O)c1ccc(OCC(O)CN2C(=O)C3CCC2C3)cc1,-6.788,-5.34,4.228418498682456,4.796238734675329,0.4884380836081706,0.6873135004115567
CC1CN(c2ccc(N3CCN(c4cccc(Cl)c4)CC3)nn2)C(=O)O1,-7.237,-6.454,5.317302323547158,2.9069279316832057,0.4826123606322612,0.6871942784620185
CCNC(=NCc1cnns1)N(C)CC1CCOCC1,-5.907,-4.068,5.278559367857863,2.8184877150699115,0.4943425636106044,0.6868130531605451
Cn1ccccc1=Nc1c(-c2nn[nH]n2)cc(O)n1-c1ccc(Cl)cc1,-6.905,-5.532,4.82738552427709,4.198988687767568,0.4864697678383969,0.6866196622020431
Cc1cc(NC(=O)c2cnc(Nc3ncc[nH]3)cn2)no1,-6.71,-5.314,5.264840643362342,3.117079883480691,0.4856006895419291,0.6852205134555752
Cn1cc(-c2cccc3c2C2OCCC2C(c2ccc(Cl)nc2)N3)nn1,-7.177,-6.017,5.31456282303634,2.94583247996216,0.4817803220619275,0.6850398056268886
CN(C)c1cccc(NC(=O)OCCOCC(N)=O)c1,-5.943,-4.562,4.4490668684568,4.617253404351985,0.4889637248116841,0.6848630498171622
CC(C)(C)C(=O)NC(=O)CN1CCCC(C(=O)Nc2ccc(C(=O)NCc3ccco3)cc2)C1,-6.826,-6.151,5.331989684911251,2.8678781354862357,0.4807354467138107,0.6847753287069478
O=C(Nc1ccc2oc(-c3ccccc3)nc2c1)c1cccc(Br)c1,-7.545,-6.42,5.149944562808419,3.6371710160507993,0.4789224870638415,0.6844411941703162
O=C(Nc1ccc(Cl)cc1Cl)Nc1ccccc1C(=O)O,-7.462,-5.606,4.423596952707151,4.676639926271854,0.4828342182434442,0.6843148732961324
Cc1nc(NC(=O)c2n[nH]c(C)c2NC(=O)C2CCC(=O)N2)sc1C,-7.611,-5.869,5.345188958306338,2.785852293284768,0.4805092363620828,0.6836064722260415
O=C(O)C(O)=Cc1ccc(N2CCCC2)cc1,-5.716,-4.861,5.266558173988018,3.110135366828909,0.4855406341702885,0.6835429932924305
COC(C(=O)NC(C(=O)N1CCC(O)C1)C(C)C)C(C)C,-5.599,-4.62,5.313857544195177,2.816814335379597,0.4864991347751211,0.6833449793851065
NC(=O)Cc1ccc(NC(=O)c2ccc(Cn3cccn3)cc2)cc1,-7.397,-5.921,3.9549644751881137,5.0074577382140735,0.4796938835457472,0.6832120124688521
O=C(O)C1CC(=O)N(c2ccc(C(F)(F)F)cc2)C1=O,-6.607,-5.558,5.296552935636535,3.056008180617323,0.4813346980716959,0.6830793611251832
COC(=O)CNS(=O)(=O)c1cccc(C=CC(=O)O)c1,-6.387,-5.113,5.327809399743951,2.8122192304299465,0.483536789850141,0.6830392518551729
CCCCC1N=C2c3ccccc3N=C(SCc3nnc(-c4ccc(OC)cc4)o3)N2C1=O,-7.892,-6.611,5.339008241237319,2.957980899194584,0.4759253477523252,0.682973674521394
O=C(CSc1nnc(CCN2C(=O)c3ccccc3C2=O)o1)Nc1cccc(Cl)c1,-7.92,-6.305,4.724761475460957,4.406953709763696,0.4770803277038243,0.6827148542950617
Cc1ccc(NC(=O)CN2C(=O)NC(C)(C3CC3)C2=O)nc1,-7.253,-5.362,5.137907550744757,3.6327965811479177,0.4817521885083217,0.682672200124756
CCOC(=O)c1ccc(NC(=O)c2cc(C=O)n(C)n2)cc1,-6.389,-4.991,5.2396674512797095,3.2702967755235903,0.4834932237118822,0.6825689572183833
C#CCOCC(O)CN(Cc1ccccc1Cl)C(=O)Nc1ccc(C)s1,-6.716,-4.965,3.8505619070468144,5.039576966373269,0.4834394418518429,0.6824372927379656
Cc1ccc(NC(=O)CN(CCC(=O)O)Cc2ccc(Cl)c(Cl)c2)cc1F,-6.94,-5.731,3.618276661616688,5.154576510247956,0.4793842448329121,0.6823126505800765
Cc1cc(C)n(-c2cc(=O)n(C)c3nc(-c4ccccc4)nn23)n1,-8.175,-5.4,4.480552309704686,4.637267622210302,0.4810227712593125,0.6822915041071151
NC1C=CC(C(=O)NCc2ccncn2)C1,-6.822,-4.766,5.318494523829088,2.858958901418486,0.4840428038483779,0.682144979840481
Cc1nc(-c2ccco2)ncc1C(=O)NCCc1ccccc1Cl,-6.779,-5.753,5.321409775613977,2.982193991007294,0.4788727951843188,0.6820271706885591
Cc1ccc(-c2nc(C)c(CC(C)C)c(=O)[nH]2)c(C)c1,-7.188,-5.452,4.460802954625994,4.659709003789828,0.4802521590823996,0.6819311013519246
Cc1cc(Br)ccc1CC1CCN(c2cncc(CO)n2)C1=O,-7.094,-6.221,3.841153602760504,5.080118502554837,0.4761806651669861,0.6817724051644707
COc1cccc(C(=O)c2ccccc2-c2nc(C3CCC(=O)N3C)no2)c1,-7.117,-6.46,4.650259885210718,4.50981895423752,0.4745525657677508,0.6814531847992155
O=C(O)c1ccc(C(=O)ON2C(=O)c3ccccc3C2=O)cc1,-7.42,-6.226,5.3214781781005165,3.061477584435333,0.4756373130681656,0.6814010784247665
O=C(c1n[nH]c(=O)c2ccccc12)N1CCN(c2cccc(Cl)c2)CC1,-7.986,-6.054,4.89764770068244,4.175442731016676,0.4764033603131601,0.6813379848107485
COC(=O)c1ccc(C(=O)OCC(=O)NC(C)c2ccccc2)cc1,-6.852,-5.913,5.3267735074808655,3.0214185410167858,0.4761335010954629,0.6806433518512459
O=C(O)C1CN(Cc2ccccc2)CC(F)CN1,-4.424,-3.475,5.275459600831002,2.995442538257077,0.4884958776626465,0.6805773806027213
CC(NC(=O)COC(=O)C1CC(N)CN1)c1ccccc1Cl,-6.632,-5.121,3.614798196303633,5.153544993497195,0.4798583142474369,0.6804649055960806
COC1=CC(=O)N(c2c(C)nn(Cc3ccco3)c2C)C1=O,-6.899,-5.108,5.330415931238385,2.903928718133419,0.4798142612748043,0.6803870295818729
Cc1ccc(C(CCC(=O)O)NC(=O)C2Cc3ccccc32)s1,-6.987,-5.115,4.89578492174646,4.151282332002968,0.4796099209183049,0.6802672438184013
CCc1ccc(C2CC(c3ccco3)=NN2C(=O)COc2ccccc2Cl)cc1,-7.413,-5.276,5.221835213792176,3.4216805812349005,0.4786127911653441,0.6801363788798491
Cc1nn(C)cc1CN(C)C(=O)c1cncc(-c2ccccc2)c1,-7.663,-5.511,5.111615791508592,3.754854058415586,0.477370477390546,0.6800928391819322
Cc1ccc(CN(C(=O)c2cccc(-c3cccc(CN(C)S(=O)(=O)c4ccccc4)c3)c2)C2CC2)s1,-6.979,-5.76,5.094127108740024,3.812347701876102,0.4759460791929858,0.6799647399574781
O=C1c2ccccc2S(=O)(=O)N1CCOc1ccc(Br)cc1,-7.614,-5.796,4.298737256451015,4.817460741926186,0.4755979526691624,0.6798441595816702
NC(=NC(=O)c1ccco1)SCc1cc(F)ccc1F,-7.333,-5.049,5.346396636988318,2.8166623865845186,0.4792530874441196,0.6797774421313084
COc1ccc(-c2cc(CN(C)S(C)(=O)=O)ncn2)cc1,-6.866,-5.256,4.634279771442376,4.503819157115436,0.4780388362633408,0.6796568803598229
COc1ccc(NC(=O)COC(=O)c2cccc(OCc3cscn3)c2)cc1OC,-7.396,-5.218,4.32174744750315,4.790104174232539,0.4774138794748198,0.6790765608048882
CC(C)Cc1ccc2nc(Nc3ccc(N)cc3OC(C)C)ncc2c1,-6.854,-5.459,4.699585513638409,4.4486954267515335,0.4753889317484444,0.6784945141700874
Cc1cc(-c2cc(C(N)=O)n(C3CS(=O)(=O)CC3O)n2)cc(C)c1F,-7.799,-5.654,4.63949878758471,4.5291594142842895,0.4733908655006818,0.677760447660308
CC(C)(C)OC(=O)N1CCC(c2ncccc2Cl)CC1,-6.009,-4.435,4.355862601138837,4.756339558946565,0.4787263173811007,0.6771990434272429
FC(F)(F)c1nc(-c2ccc(OCc3cscn3)cc2)no1,-6.815,-5.175,5.331031232322693,3.0336334650052894,0.4747025351923823,0.6769921160999945
CC(C)(C(=O)Nc1ccc2c(c1)OCCCO2)N1CCN(c2cnccn2)CC1,-5.887,-4.447,5.285261866738487,3.1822881704836226,0.4780779677624855,0.6767834435382591
COCC1CCN(c2ccc(C(=O)Nc3ccccn3)cn2)CC1,-6.293,-5.386,5.348347875746303,2.9853792053941834,0.4728242710464613,0.6764022760661553
Cc1ccsc1C1CCCN1C(=O)NCc1cnnn1C,-6.618,-4.611,5.34002968156545,2.96335097482563,0.4754970071225843,0.6755416756500282
CCCC1CN=C(Nc2ccc(F)c(C)n2)S1,-5.909,-4.835,4.394663809667356,4.751424418003511,0.4742453093291202,0.675452572010455
CC(C)(C)NC(=O)c1ccc2nc(-c3c[nH]c4ccccc34)[nH]c2c1,-7.298,-6.003,5.236702015581945,3.5309603509526983,0.4684341173967657,0.6754353373670936
COc1cccc(C2(C(=O)Nc3ncccn3)CCCCC2)c1,-7.403,-5.134,3.811615536750788,5.111645625432186,0.4724801181044012,0.6752595805309777
CC1(OC2C(CO)OC(OC3C(N4C=CCC(NCCCOCCOCCN)=C4)OC(O)C3(F)F)C2O)CO1,-6.46,-4.341,5.3351720684529,2.968109330870411,0.4763852432524308,0.6752038554217602
CN(CC(=O)O)C(=O)NCC[S+]([O-])Cc1ccccc1,-6.171,-5.154,3.9111890775057145,5.068125886360756,0.4720445163293114,0.6750193921648231
N#Cc1cc(F)cc(-n2cccc(C#N)c2=O)c1,-6.691,-4.808,5.11110721859755,3.7995668174148487,0.4736420066235104,0.6749264100060571
COc1cc(CN(C)C)c(O)c(C2=C(C(C)(C)C)CC(C)Cc3ccc(N(C)C)cc32)c1C,-4.834,-4.008,4.697894847695081,4.435034272697338,0.4776321902928337,0.6748890081600111
CCOC(=O)N1CCC(c2ccccc2C(=O)NCC(C)(C)C(N)=O)CC1,-6.91,-5.398,5.319525918726217,3.1858050787830696,0.4704784299559727,0.6747648291621032
COc1ccc(CNC(=O)C2C3C=CC(CC3)C2C(=O)O)cc1OC,-8.193,-5.608,5.384868243513485,2.8620527598211734,0.4692369593318571,0.6746175284461885
O=C1CC(C(=O)N2CCN(c3ccccc3)CC2)CN1Cc1cccc2ccccc12,-8.627,-6.324,3.9329628780348287,5.090385054197766,0.4655667033213616,0.67449311384113
COc1ccc(NC(=O)Nc2ccc(NC(=O)c3n[nH][n+]([O-])c3C)cc2)cc1,-7.603,-6.025,5.348155756894147,3.130186096704156,0.466843740037876,0.6743652690174082
Cc1ccc(Cc2nnc(NC(=O)c3ccccc3[N+](=O)[O-])o2)cc1C,-7.941,-6.691,5.378190587920811,3.054123769594153,0.463574152914365,0.6743330271036229
O=C(Nc1nnc(-c2ccc(Cl)nc2)o1)c1cc(=O)c2ccccc2o1,-8.202,-6.631,5.396056893695617,2.95018999388175,0.4636969931266504,0.6742124522962853
Cc1ccc(C)c(N(CC(=O)N(Cc2ccc(F)cc2)C(C)C(=O)NC(C)(C)C)S(=O)(=O)c2ccccc2)c1,-6.848,-5.196,4.335941304953285,4.818254663257226,0.4705825232918361,0.6741224437572706
COC(=O)c1ccc(COc2ccc(C(F)(F)F)cc2Br)o1,-6.807,-5.407,4.706954641803977,4.481197273051031,0.4694703161935434,0.6740734093820252
CCCCOc1ccc(C(=O)N2CCN(C(=O)Cc3ccc(F)cc3)CC2)cc1,-7.307,-5.305,5.370143014855376,2.943212360669886,0.4696282894432318,0.6738252265428201
COc1ccc(C(=O)Nc2cnnc(C)n2)c(OC)c1,-6.428,-5.088,5.348152110776207,3.04512955389422,0.4704858373538885,0.6736695528804593
Cc1ccc(CC2CCN(C(=O)c3ccc(CS(N)(=O)=O)cc3)CC2)cc1,-7.162,-6.526,5.3824330000474685,3.042499630238268,0.4631238697576935,0.6734283867627352
C=Nc1ccc(Cl)cc1C(=NN)c1ccc(Sc2ccccc2C(=O)Nc2ccc(SC)cc2)cc1,-6.891,-5.022,5.210273121439988,3.5839453120827613,0.4702941747061475,0.673297818700671
Cc1ccc(C)c(S(=O)(=O)NCCNC(=O)OC(C)(C)C)c1,-6.151,-4.927,5.221350304279536,3.5557449289846423,0.4699572930935796,0.6727190617886997
O=C(NCc1nncs1)NCC(c1ccco1)N1CCCC1,-6.395,-4.791,5.344512512849044,3.077166553828376,0.469942556428011,0.6722249759092898
CCC(CC)N(CCO)C(=O)c1cnn(CC(F)(F)F)c1C,-5.1,-4.256,5.36255965001789,2.9068746102988343,0.4726074617971539,0.6722173411034738
OOS,-2.5,-2.563,2.9225928556677205,5.323438832183573,0.480681389482285,0.6718000455164507
CCOC(=O)c1ccc2c(n1)N(C(=O)c1cccc(F)c1)C(C)CN2Cc1ccc(Cl)cc1,-7.322,-6.219,4.232689097961248,4.937228068461088,0.462257550603979,0.6717242391957386
CCOP(=O)(OCC)c1nc(C)nn1CC1CCCO1,-5.355,-4.058,4.344255632441534,4.804723613278916,0.4718557452975061,0.6709744836321919
CCCCCCCCC1=CSC(C)(S(=O)(=O)c2ccc(OC)cc2)C(=S)N1,-6.483,-4.745,5.291243615635175,3.357591100774483,0.467617334320374,0.6703966442675758
Cc1n[nH]c(C)c1CC(=O)NNC(=O)Cc1ccc(Cl)cc1,-7.375,-5.49,4.5827185163394,4.649713216962955,0.463645195820593,0.6701706604785752
COC(=O)c1cc2n(n1)CCN(C(=O)C1CC1)CC2,-4.573,-3.278,5.349119834140941,2.9601582727955607,0.4736176159186774,0.66942423623082
CSc1ccc(-c2nc(CSc3ccccn3)no2)cc1,-6.517,-5.549,4.830465505518076,4.3822234082711935,0.4622933269055445,0.6694002588365744
COc1ccc2c(c1)C(C)(C1CCC(C(=O)O)CC1)CCC2,-7.726,-5.438,5.380407977096161,3.0611287133996834,0.4628057245129434,0.6693807944847588
CCC(C)C(NC(=O)c1ccc(C(F)(F)F)cc1)C(=O)NCc1nc(C)no1,-7.507,-5.778,5.395014921202721,3.028175358198398,0.4609619250805649,0.6692385976617551
O=S(=O)(Nc1cn[nH]n1)c1ccc(Cl)cc1Br,-6.132,-4.587,5.348889697871886,3.1289416741128298,0.4667401492071794,0.6692071509414741
CC1C=NC(=O)C=C1NC(=O)c1nc(C(C)N2CCCCC2C)no1,-7.031,-5.628,5.2295454869424365,3.651231436104812,0.4614230093453771,0.6690471064870045
COC(=O)Cn1nc(C)cc1CN(C)Cc1ccc(Cl)cc1,-6.162,-5.056,4.738736223931439,4.481403574774314,0.4641627544421282,0.6690144125285282
CC(SCc1ccccc1)C(=O)Nc1ccccc1C(=O)O,-7.093,-5.597,5.111201913444626,3.9345308487798136,0.461320322412331,0.6688638860752681
COc1cc(C=NN=c2oc3ccccc3n2C)cc(OC)c1OC,-6.81,-4.917,4.563021586624372,4.663890757725785,0.4643746851347753,0.6686761892654959
CCC1CCCCN1C(=O)C1=C(Nc2cc(C)[nH]n2)NC(C)=C(C(=O)O)C1,-7.516,-5.667,5.022801210480064,4.10842159472467,0.4606066674819872,0.6685917197815172
CC(NC(=O)C1CC(O)C(C(=O)O)C1)c1ccccc1,-6.86,-4.816,5.068454399518655,3.986747295728687,0.4645862763502069,0.6684714803726713
Cc1nc(C(C)C)n2ccnc(Oc3ccc(Cl)cc3C(=O)O)c12,-7.245,-5.496,5.379406472836943,3.1059306173834598,0.461140761000121,0.6683792676196181
COCCn1nc(C(=O)N(C)Cc2ccccn2)c2ccccc2c1=O,-7.333,-5.304,4.358326398974726,4.850812200034135,0.4619105909314991,0.6682620761157769
COc1ccc(NC(=O)CC(Cc2c[nH]c3ccccc23)c2ccc(CC(N)=O)cc2)cc1,-7.756,-6.276,5.3759365695662735,3.224744486001953,0.4564787198094597,0.667710598344551
Cc1cc(Cn2ccccc2=O)nc2c(C(=O)Nc3c(F)ccc(F)c3F)cnn12,-8.074,-6.392,4.8202976049202615,4.442285447829755,0.4558999030312466,0.6676902239534036
Cc1cc(Nc2ccc(NC(=O)c3ccccc3N(C)C)cc2)ncn1,-7.55,-5.545,5.353597762252969,3.260344306971274,0.4595008264701278,0.6673614156118923
C=CCN(Cc1ccco1)C(=O)C1=NN(C(C)=O)C(c2ccco2)C1,-6.423,-5.034,3.94019923354137,5.107479417481779,0.4615109410090299,0.6670231598328703
O=C(Nc1ccc(Cl)c(C(=O)c2ccccc2)c1)c1cc(Br)cc(NC(=O)C2CC2)c1,-8.512,-6.615,5.443729787562935,2.937379444334694,0.4537760484622781,0.6669055749978673
COc1cc(NC(=O)c2ccc(C(=O)O)s2)ccc1OCCn1ccnc1C,-6.784,-5.3,5.39319654750316,3.062952333941877,0.4599583369263406,0.6668343470100857
C=C(C)C(=O)c1cc(C)cc(OC(=O)C(c2ccccc2)c2ccccc2)c1C,-7.012,-5.637,4.602988811630982,4.664545637036904,0.4582106744449308,0.6667456212821304
CCCSc1nc(SCC(=O)c2cccn2C)c(Br)cc1C(=O)O,-6.074,-4.622,5.410076801672967,2.887455973690335,0.4628405229819369,0.6665293280236539
CC1(C(=O)NC(CO)Cc2ccccc2)N=C(c2cccc(Cl)c2)NC1c1ccc(C#N)cc1,-7.41,-5.618,4.7337489371533,4.530155847208792,0.4579372326629496,0.6664802326542603
CSc1ccc(C=CC(=O)c2ccc(Cl)c(Cl)c2)o1,-6.6,-4.546,5.260372325225657,3.5375412365087704,0.4630445730441385,0.6664076234683313
NC(N)=NN=Cc1ccc(Cl)cc1Oc1cccc(Cl)n1,-7.204,-5.465,4.7334686013535565,4.526689077018655,0.4584884233230462,0.6663458304604
N#Cc1cc([N+](=O)[O-])cnc1NNC(=O)c1cccs1,-6.437,-5.119,5.40753899662314,2.9824664289812213,0.4599992381955916,0.6662284834387965
O=C(CCC1CCCCCC1)Nc1ccc(C(=O)C(=O)O)cc1,-4.93,-4.228,5.372104615511503,3.0703802696083096,0.4642257963705746,0.666130538768435
CCn1nc(C)c([N+](=O)[O-])c1Cc1nc2ccccc2o1,-7.085,-5.01,3.9368521689288754,5.115954065470096,0.4601648514868973,0.665965330594439
COC1C(O)C(O)C(OC(C)=O)OC1C(O)C(O)C(=O)O,-6.302,-4.876,5.3946108293369965,3.036809839288591,0.460707156347221,0.6658861219944451
Cc1ccc(C(=O)N2CCCC2CC(=O)N2CCCC2)cn1,-6.775,-5.375,5.307463518480367,3.457877094403444,0.4582842521512208,0.6658823860058356
Cc1nn(-c2ccccn2)c(C)c1NC(=O)c1cccs1,-6.083,-5.361,3.7038366594654257,5.225184111588796,0.4583329051635056,0.665868705671704
O=C(O)c1ccc(-c2ccccc2-c2nnnn2-c2cc(C(F)(F)F)ccc2Cl)o1,-8.929,-6.16,5.422359449538549,3.0493012314299164,0.4542051018424505,0.6656430813887297
Cc1ccc(Nc2ccc(N(C)Cc3ccccc3)nn2)c(C(F)(F)F)c1,-8.104,-6.091,4.950948595976331,4.276010523841119,0.4545002123486338,0.6656196294918635
COc1ccc(C)cc1N(CC(=O)NCCCSCc1ccco1)S(=O)(=O)c1ccc(C)cc1,-5.991,-5.107,5.417064611023206,2.9526102011610003,0.4590268914828628,0.6654818636042243
N#Cc1ccsc1CCCC1C(O)CC(=O)C1CC=CCCCC(=O)O,-6.789,-4.447,5.384921633598766,3.058174782447858,0.4619473317767639,0.6652679363769214
NC(=O)c1ccc(NCC2COC(=O)N2c2cc(=O)n(CC=Cc3ccccc3)c(N)n2)cc1,-8.762,-6.578,5.432902447127134,3.0622568474900995,0.4514159921560741,0.6650412870158803
NC(=O)C(Cc1ccccc1)NS(=O)(=O)c1ccc(Cl)c(C(F)(F)F)c1,-8.558,-4.866,5.438791777591784,2.8041537047744014,0.4592435988635399,0.664792454424471
COCCOc1nc2ncnc(NCCC#N)c2[nH]1,-5.93,-4.616,5.393247073887864,3.059426416830449,0.460091379003475,0.6645257457933167
COc1ccc(OC2CC(NC(=O)c3nc(C)c(C)nc3C3CCCO3)C2)c(OC)c1,-6.884,-5.722,5.416478930079947,3.0692723893457226,0.454669402863257,0.6644601379215779
COc1ccc(C=NNS(=O)(=O)c2cc(C)cc(Cl)c2Cl)c(OC)c1,-7.137,-5.389,5.4202901213864925,3.0146739458853595,0.4560080894919287,0.664275604430053
O=C(CCN1CCN(Cc2cccc(Cl)c2)CC1)N1CCCCCC1,-5.245,-3.995,5.240168127073787,3.609969805967912,0.4622356416884634,0.6638762802678515
COc1ccc(S(=O)(=O)N2CCc3ccccc3C2)cc1CN1C(=O)CCCC1=O,-7.736,-6.299,4.451341483193578,4.842892524101687,0.4508044521561951,0.663627120395167
CSC(C)(C)CNCc1csc(C)n1,-4.991,-3.369,4.945605726298852,4.198559872146639,0.4647916557413685,0.6634818857762786
COc1ccc(C)cc1NC(=O)C(C#N)=CNC(=O)c1ccco1,-6.81,-5.967,5.39989685086669,3.21333191562901,0.4519068872216103,0.6632882583166273
O=C1CN(c2ccc(Cl)cc2)CCN1Cc1nc2ccccc2[nH]1,-7.587,-5.563,5.329737892241981,3.463831982068414,0.4532533326591839,0.662871699884551
N#CCN1Cc2c(-c3ccsc3)nc3c(N)c(C(=O)O)ccc3c2C1,-6.862,-5.829,5.43177420370177,3.0650210439734344,0.4515476107810031,0.6625462108951649
O=C(CC1C(=O)NC(c2ccc(Cl)cc2)NC1=O)Nc1ccccc1Sc1ccc(Cl)cc1,-6.695,-7.117,5.340036423096756,3.55744922662292,0.4451994067374331,0.6622921099606881
CCOc1cc(CNC2CC2)cc(CS(C)(=O)=O)c1OC,-6.084,-4.449,4.771546918977115,4.494803555217958,0.4567811051611742,0.6615444630240669
Cc1nnc(-c2ccc(OCC(O)CNCc3ccco3)cc2)o1,-7.291,-4.651,5.415502654417223,3.0502375317342105,0.4556480055118476,0.6614317815691996
CC(C)Oc1ccc(NC(=O)c2cc(S(=O)(=O)N3CC(C)OC(C)C3)n(C)n2)cc1,-7.927,-5.533,5.45181630284807,2.9779142029279493,0.4505712772878628,0.66080350740781
CCn1ncc(Br)c1C(=O)N1CCN(c2ccc(F)cc2)CC1,-6.475,-4.857,4.480099217651323,4.801808201084254,0.4537880687777068,0.660800551964891
CCC1OC(OC2C(C(CC)(CC=C(C)C)OC)CC3OC3(C)C2(O)CC)C(=O)C(OC)C1O,-5.744,-4.544,4.472436696030476,4.799302032587655,0.4552824031317508,0.6607914000079071
COCCN(CC(=O)NCc1ccc(N)c(C#N)c1)C1CC1,-6.427,-4.712,4.660630644022331,4.6324190224978565,0.4543210566176618,0.6606814071327821
CCN(c1ccccc1)S(=O)(=O)c1ccc(NC(=O)C2CCC(N)C2)cc1,-6.822,-5.532,5.452091800401016,2.98205164274531,0.4503602513032177,0.6606452767073987
CC(=O)NC(c1nc(Cc2ccccc2)no1)C1CC1,-6.881,-4.982,3.803556493599115,5.214105580058771,0.4525586626097012,0.6603408136169449
CC(C1CC(=O)N(Cc2ccccc2)C1=O)N1C(=O)c2ccc(Cl)cc2C1=O,-7.662,-5.887,5.320636146176508,3.5739181579885133,0.4481079543208396,0.66021823155982
Cc1cccc(CN(CC(=O)NC2(C(=O)O)CCCC2)C2CC2)c1,-7.478,-5.239,4.514302271669455,4.7909927989927095,0.4507709693216475,0.6599290122667958
CNC(=O)COC(=O)C=Cc1c(C)nn(C(C)C)c1C,-6.315,-4.46,5.451119884941075,2.8701865793010746,0.4544532102105529,0.6598951365731603
COC(=O)c1ccc(C2CCN(S(=O)(=O)c3cnc(C)[nH]3)C2)o1,-8.039,-5.633,5.472007127188341,2.918453528840232,0.4483094896796608,0.6594888041613497
CSC1(CN2Cc3nccc(N)c3CC2=O)CCCC1,-5.793,-4.622,4.371549953963696,4.8916938784024495,0.4530032697919947,0.6594080492429838
O=C(O)CC1(CNC(=O)c2cc(F)c(Cl)c(Cl)c2)CC1,-7.42,-5.065,5.44420875793719,3.028539251850634,0.4503096308996446,0.6589865776386954
CC(=O)OCC1OC(n2cnc3c(N)nc(N)nc32)C(OC(C)=O)C1F,-6.775,-5.189,4.054423140225992,5.1108505163035245,0.4495423422365999,0.6588554984539833
N#CCSc1nnc(-c2ccc(Cl)cc2)n1-c1ccccc1,-6.607,-5.549,4.206449096328161,5.032611846745187,0.447791365577494,0.6588171883349726
COCCCN(CC=NN(N)c1ccccn1)C(=O)c1cccs1,-6.163,-4.797,5.433024387944526,3.067757813126714,0.451168488187494,0.6586814345049491
O=C(Nc1ccc2[nH][nH]c(=O)c2c1)c1ccc(CSc2ccccc2)o1,-7.848,-6.124,3.771274320438649,5.266487729027763,0.4446747359694646,0.6584989552992783
O=C1CC(c2nc(C3CC3)no2)CN1c1ccc(OC(F)F)nc1,-7.838,-5.508,5.472738619740578,2.941393547283328,0.4473606011546907,0.6583585026988878
Cc1cc(C(=O)COC(=O)C(C)NS(=O)(=O)c2c(Cl)cccc2Cl)c(C)n1C1CC1,-6.912,-5.785,5.188614651330353,3.9369239261128737,0.4458973593757448,0.6582362887208452
CN1c2nc(Nc3cccc(Cl)c3)cnc2OCCC1CC(=O)O,-5.766,-4.101,5.46224148129685,2.8123561296535686,0.4538634023791442,0.6582085502988994
CCOC(=O)CCCN(C)C(=O)c1c(-c2ccccc2Cl)noc1C,-6.608,-4.279,5.276144520386075,3.641454929008459,0.4525643782097604,0.6578891934544611
CC(C)n1ccc(C(=O)OCC(=O)Nc2cccc(Cl)c2Cl)n1,-6.816,-5.008,3.702198671060212,5.275717581523864,0.4481702004066102,0.6572215606001286
Cc1ccc(CN(C(=O)c2ccccc2)C2CCN(C3CCCCC3)C2)o1,-7.149,-5.86,3.4410587033644164,5.380435948879978,0.4440294219043536,0.6571140023204005
O=C(O)CC1(NC(=O)c2ccc(=O)n(-c3ccc(F)cc3)c2)CCC1,-7.778,-5.54,5.000539570886326,4.277661160026586,0.4453143411918934,0.6569614521020167
Cc1cc(C)n(CC(=O)Nc2ccc(Nc3nccc(C(F)(F)F)n3)cc2C)n1,-8.269,-6.279,5.425582457211391,3.3073876398148445,0.4418677689840277,0.6569479326944693
CCOc1ccccc1C(=O)OC(C)C(=O)NC1CCCC1,-6.779,-4.895,4.359407069774512,4.930647219179242,0.4477082550895009,0.6564908097494057
Cc1cccc(C)c1NC(=O)CCC(=O)Nc1ccccc1C#N,-7.308,-5.577,4.3205227692954,4.976283151107864,0.4444705757899271,0.6564662291717591
Cc1cccc(CNC(=O)c2cc(C)nc(N3CCCCC3)n2)c1,-7.499,-6.143,4.97485567629856,4.343905615917547,0.441825533425182,0.6564510008799628
CCCOC(=O)C1=NNC(c2nc(CCC)no2)C1c1cccc(F)c1,-6.982,-5.031,3.850623456013324,5.22204500172107,0.4469865521155537,0.6564327881451474
O=C(NN=Cc1ccccc1O)c1ccc[nH]1,-6.537,-4.869,5.348226061041174,3.502840704342691,0.4469970330157664,0.6558790119848034
CC1=C(C(=O)Nc2ccc(Cl)c(C(F)(F)F)c2)C(c2ccco2)C(C#N)=C(N)N1,-8.509,-5.904,5.065405215774944,4.203606308873369,0.4420493153598078,0.6557981079937552
CCOc1ccc(C(=O)NNC(=O)C=Cc2ccccc2Cl)cc1,-6.789,-5.807,5.341146412522315,3.595268279280421,0.4424569984670305,0.6557675555044007
Cc1cc(C)n(-c2ccc(C(=O)Nc3cccnc3Cl)cc2)n1,-6.84,-5.738,5.4572831152506645,3.1483438503441774,0.4426221319861142,0.6556529715103439
N#Cc1ccc(C2(NC(=O)COc3ccc(Cl)cc3)CC2)cc1,-7.183,-5.181,5.458841177392873,3.079965746562777,0.4451416703359031,0.6555950893581762
COc1cc(OC)nc(NC(=O)C2C3CCCCC32C)n1,-7.393,-4.975,3.901929010117944,5.207133376436597,0.4454386869860393,0.6551015290339541
Cc1cccc(NC(=O)c2cnn(C)c2C(=O)O)c1,-6.82,-5.534,4.589912962137736,4.774172284281328,0.4426313121114845,0.6549587285754002
COc1cccc(Nc2cnnc(C(=O)Nc3cc(C)on3)n2)c1F,-7.975,-5.903,5.504337471485556,2.9375523825116714,0.4406989610216947,0.6547922649552281
CCOC(=O)C(C)=Cc1ccc(C=NO)cc1,-5.639,-4.232,5.482508002730136,2.845856812982691,0.4484151039711962,0.6547026093991015
O=S(=O)(OCC1OC(CO)C(O)C(O)C1O)c1ccc(Cl)cc1,-6.446,-5.771,4.496995441403071,4.866808091552409,0.4404921619862965,0.6541865737296986
CN(c1ccc(Cl)cc1)c1ncccc1C(=O)Nc1ccc(C(N)=O)cc1,-7.512,-5.459,5.35099486077122,3.5765058367071068,0.4416910138184747,0.6540050313351851
Oc1ccc(N=Nc2ccc(Cl)cn2)c(O)c1,-5.802,-4.802,5.460335337687604,3.0905243891611667,0.4443947536643285,0.6537353852199934
CC(C)OCCN(C)C(CN)CS(C)(=O)=O,-5.127,-4.018,5.457815955123441,3.011213376697176,0.44804232327019,0.6536845943589843
CC(C)(C)OC(=O)CC(CC(=O)OC(C)(C)C)NOC=O,-5.241,-4.337,4.007835575469632,5.151316919002364,0.4464158135168976,0.6536064255830997
CCOC(=O)CCNC(=O)C1OCCC1c1cnn(C)c1,-6.303,-4.637,5.444808995731622,3.1572247306772447,0.4448884176320146,0.6535271761447126
CC1CN(C(=O)C(Cc2ccccc2)NC(=O)C2CC2)CC1N,-7.053,-5.135,4.256414570974026,5.031827501017895,0.442142996226247,0.6532247781231793
Cc1nonc1CC(=O)NC1(C(=O)O)CCCCC1,-6.593,-5.169,4.417569127925447,4.920790688497124,0.4419123831518748,0.6531714441776717
CCCCOC1(OP(=O)(OCCC)OCCCCO)CN(C)C(=O)C1(C)C,-5.76,-4.131,3.9876936943551713,5.160082945069778,0.4466738711834921,0.6530788847677904
CN1CCN(CCC(=O)c2ccccc2)CC1=O,-6.25,-5.312,4.543756815675768,4.824151117036032,0.4410940957459527,0.6530580097862317
CCOc1cc(C2c3c(oc4ccc(C)cc4c3=O)C(=O)N2CCCOC(C)C)ccc1OC,-6.595,-5.197,3.9928041524722935,5.183850402934097,0.4415753548283488,0.6530186589631408
CCOC(=O)C(C#N)=NNc1cc(Cl)c(NCc2cccnc2)c([N+](=O)[O-])c1,-6.826,-5.554,5.495640181089005,3.037088243696585,0.43896741942425,0.6523108540170421
Cc1noc(Cn2nc(-c3ccco3)nc2C(=O)NC(C)CC(C)C)n1,-6.77,-5.135,4.070578582953533,5.147423530272208,0.4409024806575703,0.6523077617958102
Cc1cc(C)cc(N2CCN(C(=O)c3cc(-c4ccc(C)cc4C)[nH]n3)CC2)c1,-8.658,-7.094,5.429874584187005,3.4728550214484923,0.4319391954712923,0.652276922712028
CC(C)CCNC(=NCc1ccc(CO)o1)N(C)Cc1ccc(F)cc1,-6.656,-4.957,3.8491560113874312,5.251759324264584,0.4412125950765805,0.6519245151173703
Cc1cccc(Oc2ccc(NC(=O)CNc3cc4ccccc4c4ccccc34)cc2)c1,-9.154,-7.155,5.406966894664696,3.563263251571513,0.4311021192740322,0.6518498575240037
Cc1cccc(C(=O)N2CCC(c3noc(C)n3)C2)n1,-7.854,-5.478,5.492912160229762,3.0747819434880257,0.4380884950733284,0.6513974882351873
Nc1nccnc1C(=O)Nc1nc2ccc(Cl)cc2s1,-6.67,-5.333,4.248023775828002,5.057741492010045,0.4383856725497595,0.6511218939261606
Cc1cc(N2CCN(C(=O)Nc3c(C)noc3C)CC2)nc(C(C)C)n1,-7.522,-5.848,5.542977629397398,2.829138561470611,0.4358952477305846,0.6510264709702029
CN(Cc1ccncc1)C(=O)c1cc(C2CC2)on1,-6.444,-4.642,5.447237923939067,3.22967877659683,0.4410953294234408,0.6507524913730577
Cc1cccc(NC(=O)c2cn(C3CC3)c(C(C)(C)C)n2)c1,-6.484,-5.192,4.709520782415129,4.6870218689483405,0.4383447575970903,0.6506083692160044
Cc1c(O)c(N)cc2oc(C(=O)Nc3ccc(Cl)cc3)c(N=Nc3ccccc3)c12,-7.513,-5.534,4.503077503219326,4.884083844489159,0.4367448837043889,0.6505890970494649
O=C(Cc1ccc(Cl)cc1)N1CCN(c2cc(=O)n3ccccc3n2)CC1,-8.409,-6.335,5.494693258044529,3.196907255458,0.4325993827335257,0.6502111053050426
O=C1C2CCCCCC2(c2ccccc2[N+](=O)[O-])C(=O)N1c1cccc(C(F)(F)F)c1,-7.237,-4.696,4.620202809401336,4.76495897149178,0.4396639479061527,0.6498816593733695
Cc1ccc(Cn2nccc2NC(=O)c2cccc(NS(C)(=O)=O)c2)cc1,-7.712,-6.197,5.5424421512542645,2.943208283489296,0.4323737937046181,0.6495743830035136
CC[S+]([O-])CCNC(=O)c1ccc(Br)c(F)c1,-5.864,-4.574,4.498387377716596,4.869985934271267,0.4397650145451878,0.6495362479783856
CCOC(=O)c1sc(Nc2nccnn2)nc1C,-6.029,-4.712,5.474282418728503,3.151239280029369,0.4388927775976564,0.649366483773562
O=C(Nc1ccc(S(=O)(=O)Nc2cccc(Cl)c2)cc1)C1CC(=O)N(c2ccccc2F)C1,-8.925,-6.825,5.54284286264729,3.0429148854346884,0.4287467236910398,0.6489584060205531
O=C(Nc1cccc(C(F)(F)F)c1)C1C(c2ccc(Cl)cc2)=N[N+]1=Cc1cccc(Br)c1,-8.044,-6.348,4.367026219293858,5.024313087378215,0.4301830538670094,0.6484365310970928
Cc1ccc(Cl)c(S(=O)(=O)N2CCN(C(=O)CC3CCCCS3)CC2)c1,-7.436,-5.426,5.547498895898944,2.862911105850127,0.433897239439975,0.6480968966955089
Cn1cccc1C=NC(=NCC1CCCC1)NC(=O)c1ccc(F)cc1,-7.091,-6.207,4.426462809060977,4.981194535450308,0.4302678876955606,0.6480243353308888
CCN(CC)C(=O)c1ccc(NS(=O)(=O)c2cccc(Cl)c2C)cc1,-6.362,-4.915,5.358758624905585,3.642432840835917,0.4356367017110219,0.6476483024063695
COc1cccc(N2CC(C(=O)Nc3ccc(S(=O)(=O)c4ccccc4)cc3)CC2=O)c1,-8.983,-6.172,5.553303431292045,2.953326429638281,0.4297269360875512,0.6474986768509805
CCCCOc1ccccc1C(=O)NC(=S)Nc1ccc(NC(C)=O)c(C)c1,-7.058,-5.432,4.400550533740068,4.984631380553632,0.4329748367378343,0.6474280650167071
CC1CN(S(=O)(=O)c2cccc(-n3cccn3)c2)CC1O,-7.11,-5.106,4.804220956617211,4.61313862787582,0.4343931717034764,0.6473756565389774
Cc1c(-c2ncn[nH]2)csc1C(=O)NCc1ccc(Cl)s1,-7.179,-5.103,5.526290347059228,2.988233424617293,0.4342438317343551,0.6472541265012657
O=C(Nc1ccc2nonc2c1)c1ccc2ccccc2c1,-7.624,-6.643,5.203458369200238,4.100849180352772,0.4272065178996694,0.6471807787624357
C=CCN(CC=C)C(C)c1c(NCc2ccccc2OC)nn(-c2ccccc2)c1C,-5.961,-4.932,4.528101036858608,4.876251531658309,0.4346198096499357,0.6469500755587452
COC(=O)c1ccc(CN2C(=O)SC(=Cc3cccc(Sc4ccc(Cl)cc4)c3)C2=O)o1,-7.716,-5.407,4.118032904191028,5.167152891099701,0.4322961391234027,0.6468354374668288
CCCOc1ccc(NC(=O)CN(c2cccc(C(F)(F)F)c2)S(=O)(=O)c2ccc(Cl)cc2)cc1,-7.806,13.2,5.058459548123322,2.9856520225907106,0.5373507056319525,0.646788169204757
Nc1ccnc(NC2CC3CCCNC(=O)C3C2)n1,-5.111,-3.855,5.259749518750868,3.852426378271232,0.4393526315930005,0.646751406129366
Cc1cc(C(=O)Nc2ccc(Oc3cccnc3)nc2)c2ccccc2n1,-8.207,-5.768,5.563391231973534,2.86225243470942,0.4305301111731068,0.6467366561407699
CC(C)(C)OC(=O)N1N=C(c2ccccc2)CC1=O,-7.206,-4.847,4.310847132525114,5.0382600171090814,0.4345239037263654,0.6465881385652066
CC(C)(C)C(=O)Nc1ccc(CSc2c(Cl)cccc2Cl)cn1,-5.957,-5.099,5.208344650654371,4.031534447328958,0.433129186834749,0.6464092501622148
CCOC(=O)c1ccccc1N1C(=O)CC(C(C)NC(=O)Cc2ccc(Cl)cc2)C1=O,-6.442,-5.573,5.39595867293292,3.6087280307609775,0.4303798920425931,0.6459631624100883
O=C(O)C1CN(CCc2ccccc2)N(C(=O)c2ccccc2)C1,-6.532,-4.735,5.522194219692023,3.0277357876802924,0.4336761206635272,0.6455743918642866
COc1nccnc1C(=O)Nc1nn(C)c(C)c1C#N,-6.598,-5.012,5.455782345365328,3.369467762125052,0.4323455949812458,0.6455278793714607
COc1ccc(C(=O)Nc2ccc3sc(C(C)C)nc3c2)cn1,-6.716,-5.7,5.524616728787618,3.136598954281532,0.4289007835795865,0.6452818093070299
Cc1cc(C)nc(Nc2ccc(NC(=O)c3ccco3)cc2)n1,-7.288,-5.463,5.500426347111648,3.2346545410599874,0.429698113377526,0.6450786340255165
CC(C)OCCCNC(=O)c1ccc(C(=O)NC(C)(C)C)cc1,-6.289,-4.938,4.458196720648383,4.9482007841234585,0.4318472731828921,0.6449036963134825
Cn1ccnc1C(C#Cc1ccco1)Nc1ccccc1Cl,-7.068,-5.111,5.393883665782938,3.60892296952983,0.4307878263864826,0.6447005359510051
COc1cc2[nH]c(=O)n(C3CC(C(=O)N4CCN(C)CC4)C3)c2cc1OC,-7.742,-5.532,5.482664771805768,3.3322432384206304,0.4286959972444796,0.6445595125402217
OCc1nc2cccnc2n1CCC1CCCCC1,-6.206,-5.027,4.078211740456839,5.196348044540512,0.4308250488802271,0.6444427490541504
O=C(Nc1nnc(C23CC4CC(CC(C4)C2)C3)s1)c1oc(-c2ccoc2)nc1C1CCCC1,-8.418,-6.705,4.332873757680922,5.088615725322555,0.4228729802848096,0.6440970731612218
COC(=O)Nc1nc(Cl)cc(NCc2cccc(Cl)c2Cl)n1,-7.283,-5.377,4.506218924996876,4.930707150095207,0.4284454827792104,0.6438466073287197
Cc1nnc2cc(C(F)(F)F)nc(CNc3ccc(C(=O)NCC4CC4)cc3Cl)n12,-7.902,-5.971,4.649991612895661,4.827791420515182,0.4252540640890266,0.6434445753436274
COc1ccc(O)c(C2OC(Cn3ccnc3)C=C(c3ccccc3)C2C)c1,-6.631,-5.841,4.480253006248642,4.968368041922821,0.4254946460212921,0.6431891694370724
CCOC(=O)C1=NN(c2ccc(C(C)(C)C)cc2)C(=O)C1=Cc1cccn1-c1cccc(Cl)c1,-6.98,-5.56,5.265355733471386,3.984111695221408,0.4266442112160664,0.6431097086841515
CC1(C(=O)O)CCN(C(=O)c2cc(F)cc(C(F)(F)F)c2)C1,-8.352,-5.29,3.388029073074786,5.473428450249441,0.4277103044925932,0.6429996166751093
CC(CN1CCOCC1)NC(=O)CSC(C)(C)C,-5.042,-3.821,4.551691553697372,4.859788164107568,0.4340777017298293,0.6427403752117766
Nc1nnc(NC(=O)Nc2cc(Cl)c(Cl)cc2Cl)n1N,-6.762,-5.19,5.057130213866358,4.3389607050536885,0.4277688090647814,0.6427050585799243
CC1CN(c2ccc(C(C)N)cc2[N+](=O)[O-])CC(C)O1,-6.25,-4.929,5.520639184007591,3.1710272783437228,0.4282886279121847,0.6422104934261468
CCc1cccnc1CN=C(NC(=O)c1ccc(C)cc1)NC(C(N)=O)C(C)(C)C,-7.703,-6.365,4.430499520370135,5.026605713600382,0.4218648517808335,0.6421935254573632
Cc1nc(NC(=O)c2nn(Cc3ccccc3)cc2Br)sc1C,-7.039,-5.326,3.645788392103962,5.405415247693743,0.4259752383365256,0.6418156553840817
[C-]#[N+]C(C(=O)OCC)c1cnn(Cc2ccccc2)c1C(F)(F)F,-6.34,-4.609,5.436532810532831,3.4969561049575675,0.4291497945278341,0.6417680657305312
Cc1cc(OC(C(=O)NC2(C(=O)O)CCC2)c2ccccc2)ccc1Cl,-7.538,-5.724,4.848435623992547,4.6350943895459125,0.4240965589427799,0.6417383488374716
Cc1ccc(C(=O)N2CCCC(Cc3ncc[nH]3)C2)cc1,-7.63,-5.516,4.308527590720523,5.094155670962559,0.4247443735946319,0.6415280394676971
Cc1cc(NC(=O)c2cc3c(s2)CCC(C)C3)sc1C(=O)O,-6.597,-5.578,5.560407539020858,3.070692918544608,0.4240105964171557,0.6411822859414802
CCN(Cc1ccc(C(=O)O)o1)C(=O)c1ccc(C#N)cc1,-7.189,-5.535,4.33910474637338,5.079996161415873,0.423671906190869,0.6407815240939843
Cc1nc(Cl)nc2sc(C(=O)NCc3cnn(C)c3)cc12,-7.439,-5.39,5.506166179838744,3.331344923600677,0.4238816917334629,0.6404520831273007
COc1ccc(C(Cc2ccccc2)C(C)CCN)cc1,-6.161,-4.922,3.7093698925828353,5.383361217678041,0.4259398350686706,0.6404234018878348
CN(Cc1ccc(OC(F)F)cc1)C(=O)Cc1ccc(F)cc1F,-7.521,-4.15,5.515019673582316,3.1799649369136143,0.4290807394284893,0.6401530805447301
CC(OC(=O)Cc1cccc([N+](=O)[O-])c1)C(=O)c1ccccc1,-7.414,-4.478,5.54803145268662,3.051004588656005,0.4273515854581139,0.6399771999682687
CCOC(=O)c1cc(C)n(-c2ccc(N=Cc3ccc(Cl)cc3Cl)c(C)c2)c1C,-6.536,-5.874,5.558156169090609,3.1558936927596286,0.4211006074844309,0.6399699603632197
CCCN(CC)Cc1cc(Nc2nc(C)nc(Nc3cccc(C(F)(F)F)c3)n2)ccc1C,-7.077,-5.637,3.351441630104872,5.512291810127617,0.4216101013510292,0.639562622845112
CC(C)CCC(c1ccccc1)N1CCN(C(=O)c2nn[nH]n2)CC1,-6.457,-5.169,5.559061971232197,3.089349607927209,0.4235759658929866,0.6394767497149022
CC(C)(C)c1nc(C(=O)NC2Cc3ccccc3C2)n[nH]1,-7.195,-5.692,4.685252394482074,4.821229822358606,0.421145518176935,0.6393944848807092
Cc1noc(C)c1C(C)C(=O)N1CCCC(C(=O)O)C1C,-7.112,-5.016,5.594957998055033,2.860008916070018,0.4239066548882442,0.6392103100834226
Clc1ccc(-c2ccc(Cn3cccn3)o2)cc1Br,-6.91,-4.913,4.575664869721121,4.898320834735103,0.424364193249946,0.6392073752232822
CN(C)CCCn1cc(C(=O)Nc2cccc(Cl)c2)c2ccccc21,-6.357,-5.328,3.614719352868215,5.433774838912632,0.4223427520665078,0.6390799927113379
CC(C)N(Cc1ccccc1)C(=O)C1CCC(C(F)(F)F)P(=O)(c2ccccc2)C1,-7.16,-5.468,4.378841170903553,5.066836192339358,0.4212218560890531,0.6387012861222421
C=Cc1cc(C=C2C(=O)NC(=O)N(c3cc(Cl)ccc3C)C2=O)cc(OC)c1O,-7.016,-5.227,5.379853250786678,3.7709258810005792,0.4220873106995363,0.6385471261126898
CN(CCc1ccn[nH]1)Cc1nc2o[nH]c(=O)c2[nH]1,-6.992,-4.513,5.556986593469522,3.061053903478343,0.4250925684923786,0.6384020528161632
CC(=O)N1CCCc2c(C(=O)OCc3ccc(C(=O)N4CCCC4)cc3)cccc21,-7.463,-5.512,4.35566275094847,5.085975422669678,0.4206311424511391,0.638400790191607
NC(=O)c1ccccc1-c1ccc(-c2ncc[nH]2)cc1,-7.247,-5.166,4.086790672398086,5.238114737193143,0.4220675378179948,0.6383269979799642
O=C(NCCc1ccco1)C1CCN(Cc2cc([N+](=O)[O-])ccc2F)C1,-7.785,-5.035,3.981584734750724,5.28804122525534,0.4225086514245746,0.6382194094221328
CC1CCC(C(=O)O)(C(=O)Nc2ccc(C#N)cc2)C1,-7.498,-5.314,5.589707058513889,2.984905526143164,0.4209793255811341,0.6380006080151717
CCOC(=O)c1ccc(CNc2nc(CC)nc(Cl)c2C)o1,-7.03,-5.015,5.524078022620608,3.2941059485086384,0.4220052303427582,0.6377717501403635
CC(=O)c1cccc(NC(=O)c2cccc(N3CCCC3=O)c2)c1,-7.552,-5.696,4.523806030324465,4.972831989922845,0.4189832467003003,0.6377643327804432
COC(=O)Cc1ccc(C(=O)Nc2ccccc2Sc2ccccc2)cc1,-7.029,-5.875,4.9014979343053895,4.623248425079492,0.4171989286110942,0.6370015940114557
Cc1cc(C(C)C)oc1C(=O)N1CCc2c(N)ncnc2C1,-7.406,-5.477,5.545481223482772,3.285821206334879,0.4179890745855825,0.6362757030389127
Cc1cc(C(=O)N2CCC(N3CCCCC3)C2)cc(C)c1O,-7.449,-5.051,5.0120252393618285,4.469089392706303,0.4194688921005925,0.635973107565284
Cc1ccc(NC(=O)c2c(C(=O)O)[nH]c3ccccc23)nc1,-7.753,-5.797,5.60843632396767,3.024734368502464,0.4156797377351942,0.6355812606535011
CCC(=O)Cc1nc(-c2ccc(C)cc2)no1,-6.638,-5.332,4.376815851735141,5.088270727860302,0.4176851899398557,0.6355597364367598
O=C(NC1CC1)C1CN(C(=O)Cc2ccccc2)CC1c1ccccc1,-7.638,-5.781,4.306947991327501,5.152590416479852,0.4144228011178011,0.6345664344090877
COc1cccc(NS(=O)(=O)c2ccc(NC(=O)Cc3coc4cc(C)c(C)cc34)cc2)c1,-8.213,-6.691,5.626221289640144,3.068044654173078,0.410435970734002,0.6345086278394133
CS(=O)(=O)N1CCC(NC(=O)c2ccn3nccc3n2)CC1,-6.673,-5.417,5.574100824348263,3.206764101083832,0.4156553489896197,0.6342969773595043
CCN(CC)C(=O)C1CN(Cc2cccc(C)c2)CC1c1cccnc1,-7.133,-5.067,4.965148336152707,4.552702384298802,0.4164100386187842,0.6337035336865502
O=C(Nc1cc(Nc2nc3ccccc3s2)ncn1)C1(c2ccc(F)cc2)CCCC1,-8.554,-6.177,5.563809576180694,3.3496580422484934,0.4111696858383218,0.6333801728816322
CCC1(c2nc(C)c(C(=O)N(C)C)s2)CCNC1,-5.842,-4.152,5.608321139164553,2.9022496446722155,0.4197929652501521,0.6331936266032867
COC(=O)c1c(C)n(-c2ccc(C)cc2)c2ccc(-c3cc(Cl)ccn3)cc12,-7.164,-5.929,4.379914839354757,5.119652917923245,0.4117806036483498,0.6330303186701991
CCn1ncnc1CN1Cc2cnn(-c3cccnc3)c2-c2ccc(Cl)cc21,-8.267,-5.068,5.593604026028299,3.12128355008,0.4151472282221227,0.6327452534151551
CC1CC(NCc2cnccn2)CC1O,-5.769,-4.683,5.611874820414297,2.9961423530933904,0.4159639242766795,0.6320796124934708
CS(=O)(=O)N1CCCC(NS(=O)(=O)c2cc(C(N)=O)ccc2Cl)C1,-7.293,-5.744,5.624589762818262,3.0777092130349164,0.4104155908564502,0.6313686969679851
CC1COCC(C)(C)N1C(=O)NCCCOCC1CC1,-6.336,-4.269,4.538370412383722,4.977400727287286,0.4162772435888204,0.6309294499461753
Cc1ccc(C(=O)Nc2cc3cc(Cl)ccc3cn2)o1,-7.21,-5.801,4.156652619596687,5.267902239032156,0.4095291035434303,0.6308747360723128
CCc1noc(C(C)n2nc(C)c(=O)[nH]c2=O)n1,-7.027,-4.937,5.570606519940176,3.2793636577848453,0.4131369676132533,0.630775054488584
O=C(c1ccco1)N1CCN(C(O)c2ccc(Cl)c(Cl)c2)CC1,-7.0,-5.421,5.6525282838743935,2.9086845824186565,0.4103698631906029,0.6302644556341324
CCc1noc2c1C(C(=O)Nc1ccc(C)cc1C)CC(=O)N2C,-7.375,-5.949,4.647127392271488,4.93850635313958,0.4078661183079862,0.6300801353359736
Cc1nn(CC(C)C)c(C)c1NS(=O)(=O)c1c(C)n[nH]c1C,-6.11,-4.836,5.615067319275879,3.070829529622248,0.4126350822957561,0.6300553576986005
COc1ccc(Nc2nc(Nc3cccc(O)c3)ncc2Cl)cc1C(F)(F)F,-8.074,-5.808,3.909585272122863,5.394579223628105,0.4082461970085117,0.6299088915513203
CCOc1cccc(N(C(CC)C(=O)NCCCc2ccc(C)cc2)S(C)(=O)=O)c1,-6.987,-5.131,4.613698299629051,4.94709460188503,0.4110960819557789,0.6298596473817156
CC(C)N(C(=O)Oc1ccc(C(N2CCN(Cc3ccccc3)C2=O)C(F)(F)F)cc1)C(C)C,-6.646,-5.549,5.586870411956948,3.290916437711538,0.4092851992799668,0.6298542781919252
COc1ccc(C)cc1S(=O)(=O)NC(C)c1ncc(C)s1,-6.75,-4.882,4.273809658840692,5.18764050412131,0.411827135665383,0.6295913292655007
CCc1cc(CC2CCCCN(C(=O)CCCn3cncn3)C2)n[nH]1,-5.078,-3.15,4.1519644747998505,5.217084530655029,0.4194413830019849,0.6295410189160362
CC(CNC(=O)NC(C)C(C)c1ccccc1)Oc1cccc(F)c1,-7.23,-5.203,4.23397520068316,5.220466837362346,0.4102023614402181,0.6294133977159766
CCC(C)N(CC(=O)N1OC(c2ccoc2)CC1c1ccco1)C(=O)c1cnccn1,-6.773,-5.863,5.492596289551964,3.682627458758217,0.4061205420634626,0.6284477019643964
Cc1ccc(NC(=O)C2CCC3CCCN32)cc1C#N,-7.707,-5.651,4.55678164936614,5.023192311667949,0.4061746347585939,0.6277921085542353
CCc1ccc(NC(=O)CN(Cc2nc3ccccc3s2)C(C)C)cc1,-6.779,-5.273,4.499226822466278,5.057826015196648,0.4077840349680477,0.6277866921722427
O=C(O)CC(NC(=O)NCc1ccccc1)C(=O)O,-6.783,-5.47,5.668526969151685,2.9154294709356288,0.4068519354326728,0.6277187453223415
CC(=O)N1CCC(N(CC(=O)O)CC2CC2)CC1,-5.59,-4.367,5.638898651332545,2.9672724849598837,0.4113250920306046,0.6274922788843352
Cc1nc(CNC(=O)C(NC(=O)OCC2c3ccccc3-c3ccccc32)C2CC2)oc1C,-8.364,-6.39,3.9947697055024327,5.38679431573176,0.4024960311107282,0.6273596022317164
COC(=O)c1ccc(NC(=O)Cc2ccc(S(=O)(=O)N3c4ccccc4CC3C)cc2)cc1,-8.588,-6.072,5.652777547365542,3.1312218062602977,0.4026217486108612,0.6264185653605047
CCC(CC(=O)Nc1ccc(F)nc1)[N+](C)(C)C,-5.905,-4.184,4.298756331777831,5.178924695339758,0.4106182436504198,0.626342808897641
CCn1c(SCC(=O)NC(C)(C)C)nc2c(cc(C)n2Cc2ccccc2)c1=O,-6.475,-5.135,4.106926466349258,5.311848924809516,0.4062718339500357,0.6261662163340084
COc1cccc(Nc2ncnc(NCCC#N)c2Cl)c1[N+](=O)[O-],-6.447,-4.894,5.664700698183443,2.936316570126593,0.406989900635778,0.6259225823781219
Cc1c(O)cc(N=Nc2cc(Cl)ccc2Cl)cc1Cl,-6.704,-5.155,5.48185160324502,3.719048668678591,0.4057448106323977,0.6258259209901066
Cn1nnc(-c2ccc(Br)c(S(N)(=O)=O)c2)c1N,-6.834,-5.369,5.67284575852367,2.954929948408253,0.4047212044136625,0.6257406035197957
Cc1cccc(NC(=O)C2CCCCC2)n1,-6.662,-4.689,5.506432057149167,3.6255640940410903,0.4071268287626006,0.6253492202489747
CCOC(=O)C(=O)C1CC(c2ccccc2OC)=NN(Cc2ccc(Cl)cc2)O1,-6.767,-5.833,4.206461339415828,5.283849543656595,0.401526346241263,0.6247848857921757
CNC1CCN(S(=O)(=O)N(C)C)CC1,-4.988,-4.212,5.352179929710883,4.0066321268616605,0.4080037706660493,0.6244386972355045
O=C1Nc2ccccc2SC1=Cc1cc(Br)ccc1O,-6.971,-5.112,4.81960703792332,4.807777241095931,0.4032055674560421,0.6237231597974661
COCC1(C(=O)NCc2csc(C)n2)CCC1,-5.88,-4.11,4.177703077050833,5.26767833110565,0.4074343613880251,0.6236638844560385
CCOc1ccc(CNC(=O)OCc2ccccc2)cc1OS(=O)(=O)c1ccc(C)cc1,-7.635,-5.282,4.4065980075337015,5.15991715049767,0.4015556061304212,0.6230034005122101
CCOC(=O)C12CC(c3ccccc3)C1=Nc1n[nH]nc1N2Nc1ccc([N+](=O)[O-])cc1,-7.641,-5.201,5.599983839262396,3.3946852578700137,0.4016251858432758,0.6227916755409979
CC1CCCC(N2CC(=O)NC2=NC(=O)CCC(=O)O)C1,-7.87,-5.233,5.690939553360236,2.9451842047654684,0.4013196879761677,0.6226597067480236
Cc1c(CC(N)Cc2ccc(O)cc2Cl)c(=O)c(-c2ccc(F)cc2)c(CCC(=O)Cl)n1C1CC1,-6.202,-4.542,5.620794338881293,3.256899292271715,0.4039329155624955,0.6224062772296411
CCCCn1c2cnc(CC)cc2n2[nH]c(=O)c(-c3cc[nH]c3C)c12,-5.942,-4.895,4.338839130458744,5.200101633622174,0.4023189594479938,0.6223237125523955
COC(=O)C1(NC(=O)OCc2ccccc2)CCNC1,-6.221,-4.897,4.907272154670046,4.727051723854945,0.4015523569979769,0.621737095376122
CCc1c(C)nn(CC(=O)N2CCN(c3ccc(C#N)cc3)CC2)c1C,-7.354,-5.382,4.540824814942766,5.076860644138265,0.3992557971680398,0.6215436886645559
Cc1cccc(C(=O)OC(c2ccccc2)C(C)N2CCC(=O)C2)c1,-6.961,-5.413,4.947591029986208,4.700952563045068,0.3988920151022897,0.6213617214851287
Cc1ccc(OC(=O)c2cccs2)n1CCOS(=O)(=O)C(C)(C)C,-6.08,-4.728,5.619600252687018,3.3107718133389987,0.4017401178317872,0.6213267424837998
Nc1csc(NN=Cc2ccccc2C=CC(=O)c2sc3ccccc3c2Cl)n1,-6.509,-5.741,5.56570669367332,3.604473193131002,0.3967555709812115,0.6207629848923606
CC(Cc1ccccc1)N1CCCC(=O)NC1=O,-5.265,-3.864,5.458680243428808,3.796766387335413,0.4046891788657255,0.6207438819290964
COc1ccccc1N1CCN(C(=O)c2cn(C)nc2C(F)(F)F)CC1,-7.451,-5.374,5.686918409824426,3.078344685053965,0.3976578018329084,0.6202725043759164
O=C(CCC1CCNC1)NC1CCCN(CCOCC(F)(F)F)C1,-6.594,-4.341,5.669850438944576,3.0828546835684607,0.400959796778947,0.6194498869213209
COCCN1CCNC(CCO)C1OCCOc1cccnc1,-5.931,-4.635,4.485580787367452,5.118002540054079,0.3992399188659788,0.6190852806428511
N#Cc1ccc(OCc2ccc(C3CCCCO3)o2)c(F)c1,-7.473,-5.517,4.440297399949691,5.172015274532742,0.3954597958967878,0.6190208466198451
CCOc1cc(Cn2ccnc2CC(=O)Cc2ccc(Cl)cc2)ccc1OC,-7.14,-5.277,4.15966573176259,5.33836960129214,0.3962457373808445,0.6188543414708236
CCCCc1ccc(NC(=O)N(CC)CC(F)(F)F)cc1,-6.579,-4.51,4.356772888274072,5.209828692001302,0.3985662796102746,0.6181528571971958
C#CCSc1nnc(-c2ccc(OCc3cc(C)nc4ccccc34)cc2)s1,-7.873,-5.96,4.573654774903764,5.092669044813339,0.3924098311822384,0.6180617700110894
CCC(C)N1Cc2cc(C(=O)O)sc2C1C(C)C,-5.154,-4.677,5.70927394683422,2.958478494091177,0.3971607707961294,0.6176085767144932
Cc1ccccc1-c1nnc(C(NC(=O)C2CC2)c2ccccc2)o1,-7.612,-5.697,4.108906180481614,5.3829104581072125,0.3929077839803749,0.6176031338351182
O=C(CC(F)(F)C(F)(F)F)Nc1ccc(Cl)cn1,-7.199,-4.682,4.509315358233443,5.119315286246785,0.3960719621741579,0.6167777504305453
c1coc(Cn2cc(-c3nc(C4CC4)no3)c3ccccc32)c1,-7.162,-5.765,4.505281567227513,5.152034743671669,0.3910268671334707,0.6163426018298993
COc1ccccc1NC(=O)C1CCN(Cc2ccccn2)C1,-7.092,-5.245,5.716196812566902,3.0540766198640137,0.3926001982058642,0.6158972017578606
CCC(C)NC(=O)COC(=O)c1oc2ccc(C)cc2c1C,-7.088,-5.357,4.658513711474939,5.026238752785228,0.3921339412507274,0.6158942739765195
CCN(CC)C(CNC(=O)CCn1cccn1)c1ccccc1,-6.076,-4.517,4.4139103978218674,5.192592897580168,0.3950063770277269,0.6154089248760657
CCC1(CC(C)(C)C)NC(=O)N(Cc2cc(C(F)(F)F)on2)C1=O,-7.571,-4.716,3.788175946283382,5.516652880143901,0.3941070343598677,0.6153567152784788
CC(OC(=O)c1ccco1)=C1C(=O)C(=O)N(c2cc(Cl)ccc2Cl)C1c1ccc(Cl)c([N+](=O)[O-])c1,-7.18,-6.217,4.652615393517929,5.057646685959785,0.3878456856171974,0.6152816575348661
Cc1nc(CN2CCCCCC2)n(C)c1C,-4.12,-3.072,4.636867584911175,4.993909390447528,0.4002979967781614,0.6147487126468516
CCNC(=O)C(Cc1ccccc1)N(Cc1cccc(OC)c1)C(=O)CN(c1ccc(Cl)cc1Cl)S(=O)(=O)c1ccc(Cl)cc1,-6.747,-5.63,4.582933012820503,5.10294375826346,0.3895171627216574,0.6147165807070111
CC(Nc1nnc(S(=O)(=O)CCCl)s1)C1CC1,-5.666,-4.19,4.822170673047565,4.868024342584987,0.3937601837933794,0.6133703100383726
CCOC(=O)CN(CCOC)C(=O)c1ccc(C)c(F)c1,-6.077,-4.483,5.57412100693912,3.6505700924650113,0.3922536139951011,0.6131501601308689
O=C(CN1CC(O)CC1C(=O)O)NCCC1CC1,-6.458,-5.083,4.684195768752625,5.028214494231526,0.3883503060383711,0.6120318375535212
CCOC(=O)c1c(C)noc1-c1sc(CN)nc1C,-5.644,-4.627,5.755104343102738,2.904662114601284,0.3895158783925273,0.6114735393225562
CC1(C(=O)Nc2nnc(C(C)(C)C)s2)CCCO1,-5.89,-4.739,4.462951153665028,5.194510275281011,0.3889000176810626,0.6113525360532276
O=C(c1cccnc1N1CCCC1=O)N1CCC(c2ccccc2)C1,-7.118,-5.828,4.500242993439354,5.194478895904766,0.3844510326239358,0.6113397615625341
COc1ccc(C(=O)CCc2ccsc2)c(OC)c1,-5.789,-4.432,5.720916447563275,3.09949753992482,0.3900479677708979,0.6112583074922248
C=C1c2ccccc2N(C(C)C(=O)OC2CCCC2)C1C,-7.426,-5.022,4.2513267340913705,5.339345559148612,0.3868941182756066,0.6106867137786398
CCOC(=O)C=CC(C)N(Cc1ccc(Cl)cc1)C(=O)CC1OC(C)C(O)C(O)C1O,-6.674,-5.554,5.791444034090289,2.8151547026762134,0.3846817924332019,0.6106456625079089
CCN(Cc1ccc(C)o1)C1CC(=O)N(c2ccccc2Cl)C1=O,-7.34,-5.106,3.979103542256723,5.484637544997846,0.385446509902716,0.6098133509147321
Cc1ccnc(NC(=O)c2cccnc2-c2cccc(F)c2F)c1,-8.205,-5.419,4.931409027854006,4.82441467952331,0.3838477176544813,0.6095509348556121
O=C1C2C3C=CC(C4CC34)C2C(=O)N1c1ccc(Cl)cc1Cl,-7.218,-5.595,4.523631837362542,5.186182603804075,0.3830246931813186,0.6094601078009608
CC(C)CC(O)CNCc1cccnc1-n1cnnc1,-5.91,-4.667,5.796933154694816,2.688084820090318,0.3866755289663888,0.6093691767273727
Cc1ccc(C)c(NC(=O)Nc2cnn(CC3CCCO3)c2C)c1,-7.216,-5.321,4.883355506206772,4.875439262261401,0.3836104830843306,0.6090485838068352
CCCN(Cc1ccncc1)CC1CN(C(=O)OC)c2ccccc2O1,-6.547,-4.974,4.461149963854612,5.223026708719764,0.3842342428034334,0.6084296727836763
Nc1ncnc2c1c(Nc1ccccn1)nn2Cc1ccco1,-7.173,-5.173,4.394944937083968,5.272482337571176,0.3833000920645653,0.6083278791448319
CCC(NCC(C1CC1)N1CCCC1)C(=O)O,-5.437,-4.717,5.77697792967915,2.9240945607144786,0.3845573119826277,0.6078587706510242
COc1ccc(CNCCc2ccc(NC(=O)C3(c4ccccc4)CC3)cc2)cc1,-7.948,-4.92,4.5239985632181625,5.183117787586927,0.3834953244669462,0.6076710006566833
CCOc1ccc(S(=O)(=O)N2CCN(c3ccc4n[nH]c(=O)n4n3)CC2)cc1,-7.787,-5.629,5.626186097170977,3.6780649803939016,0.3804908370207975,0.6075491982337122
O=C(c1ccccc1)N1CCN2c3ccccc3OCC2C(=Cc2ccccc2)C1,-6.617,-4.611,3.869569226671103,5.537267286306487,0.3842066420865289,0.6072404412680672
CCC(C)COc1ccc(S(=O)(=O)N2CCCC2)cc1,-6.569,-4.333,4.146570390093481,5.406121992704199,0.3851225607608797,0.6070672054353212
CCC(C)NC(=O)C(CC1CC1)NC(=O)N1CCCCCC1,-4.622,-3.193,4.300418700545331,5.294344718659714,0.3897952651376081,0.607025874803777
CC(CN1CCCCC1)NCc1cc(Cl)ccc1OCc1ccccc1,-6.544,-4.581,4.442934503230943,5.237274195609774,0.3839146321443994,0.6069130945824686
CC(C)(NC(=O)c1cc(-c2ccco2)n[nH]1)c1ccco1,-7.309,-5.333,5.775163720622991,3.0623750586758627,0.3805505087749096,0.6066528974465865
CC(C(=O)NCC1CCCCC1)N(Cc1ccc(F)cc1)C(=O)CN(c1ccc(F)cc1)S(=O)(=O)c1ccccc1,-6.115,-5.933,3.71187769195053,5.6290536504815805,0.3777996830399691,0.6063612565227128
CCOc1ccc(S(=O)(=O)Nc2ccccc2N)c(F)c1,-6.709,-5.263,5.783063980278967,3.043929861215597,0.3796063497411585,0.6056767002531764
CCC(C)NC(=O)CCNC(=O)C1(c2cccc(Cl)c2)CCCC1,-6.769,-3.98,5.613163368369034,3.6553047752547263,0.3844067079404628,0.605363389837062
CNC(=O)C1CCCN1Cc1nc(-c2cc(C)oc2C)no1,-7.88,-5.945,4.575661154412551,5.188577261639264,0.3762615810842334,0.6051636459146107
CC(Cc1ccc(Cl)cc1)C(=O)NCc1ccccc1CN1CCCC1,-7.501,-5.481,4.302604560031051,5.364589919089809,0.3771387237127721,0.604397365641947
CCOc1cc(O)c(Cc2ccccc2)cc1C=Nc1ccccc1,-7.123,-5.414,4.918198145662697,4.8835727700117255,0.3772598417869062,0.6042816353835736
CCCOc1ccc(Nc2nncc(NCc3ccco3)n2)cc1,-6.898,-5.148,5.801760508673208,2.973628423323936,0.3781483010779684,0.604146290523097
CCCCN1C(=O)CC(C(=O)NCc2ccc(C)o2)C1c1cccc(F)c1,-7.069,-5.467,4.475295074070535,5.256998573330605,0.376800624470365,0.6040819613919985
NC(=O)C(=O)N(c1ccccc1)c1ccc2c(c1)Sc1ccccc1O2,-7.391,-5.865,5.805618916188006,3.069397497881302,0.3743237367377322,0.6033507984174908
O=C(NCc1ccco1)C(OC(=O)C1C2CCC1C(=O)C2)c1ccccc1,-7.78,-5.465,4.601904605704034,5.17178170459659,0.3757723129518316,0.6032507719776735
CCOc1ccc(Cc2cc(C3OC(C)C(O)C(O)C3O)ccc2Cl)cc1,-6.874,-5.512,5.806992336829798,3.0238984771317967,0.3755455009179504,0.6032175742025144
CSCCC(NC(=O)c1ccc(C)cc1)C(=O)C(=N)O,-6.567,-5.188,3.632584479403059,5.6612115311124,0.3765823726977469,0.6030211966200458
NC(=O)C1CCN(S(=O)(=O)c2cc(Cl)cc(Cl)c2)CC1,-7.45,-4.695,4.757367023890421,5.0293773968554,0.3782016843515717,0.6027445362069482
CCOc1ccccc1C1Nc2ccccc2NC2C(=O)c3c([nH]c(=O)[nH]c3=O)SC21,-6.234,-4.17,5.124420747752861,4.627676955017496,0.3802542216344504,0.6026950398501597
Cc1nc2ccccn2c1CCC(=O)NCC1(CC(=O)O)CC1,-7.233,-5.016,4.663305587241737,5.121191072397124,0.3761845711900198,0.602156174149144
CCOC(=O)c1cc(C(N)=O)cc2c1C(=O)Nc1c(-c3ccc(Cl)cc3)nc(C)n1C2,-7.933,-6.116,4.62550872877784,5.178145324341526,0.371780164344651,0.6020864343322616
O=C1C(=O)N(Cc2ccc(F)cc2)C(c2cccs2)C1=C(O)c1ccc(Cl)cc1,-7.252,-5.732,3.733216709487946,5.6470128386608085,0.373030018481744,0.6018880366856773
Cn1nccc1C(=O)NC1CCN(c2nccs2)CC1,-6.794,-4.475,5.813702176754499,2.8985682672657545,0.3779872753552391,0.6018711350500021
CC(=NNC(=O)CSc1nnc(C)n1N)c1cccnc1,-6.719,-4.748,5.755296256492796,3.27275938620608,0.3765210281636603,0.6015725978016851
CC(NC(=O)c1ccc2c(c1)nnn2C)c1ccncc1,-7.184,-5.359,5.822859177414476,3.0001666620372944,0.3731823456272006,0.6008333940339792
CCc1cccc(NC(N)=NCC(C2CCCC2)N2CCCC2)c1,-7.258,-4.994,4.42255650048702,5.307011682670391,0.3742630843393288,0.6005465993820662
Cc1ccc(S(=O)(=O)n2c(Nc3c(Cl)cccc3Cl)nc3ccccc32)cc1,-7.728,-5.896,4.119035081181028,5.507673646831301,0.3692579383318594,0.5993514344929127
COC(=O)C(C)n1nc2c(nc(N)c3[nH]cnc32)c1C,-6.859,-5.125,5.855521667622792,2.8052012405529845,0.3722139712121605,0.5993144018548829
CSC(N)=C(C#Cc1ccccc1)C(=O)NC(=Nc1ccccc1)c1ccccc1,-6.903,-5.782,5.0249340294176985,4.825444642724648,0.3695003616286782,0.5991905883942795
CC(c1ccccc1)N(C(N)=O)c1cccc(Oc2ccccn2)c1,-7.873,-5.226,5.822640895676119,3.062405263840826,0.3712333084402656,0.5988430135803698
COc1cc(CN2CCN(c3ccc(F)cc3)CC2)c(OC)c(OC)c1,-6.893,-5.144,5.644201006342704,3.768086782440128,0.3712741911179391,0.5986172945775025
CC(C)OC(=O)C(C)n1c(=O)n(CCc2ccco2)c(=O)c2ccccc21,-6.801,-5.08,4.65052566921203,5.1613744293550345,0.3713433923494903,0.5984710768873922
CN(C(=O)c1ccc(NC(C)(C)C)nn1)C1CC1,-5.275,-4.227,4.30399907063187,5.378956497314325,0.3744698513264952,0.5982749606998056
CC(=O)c1cc(Cl)cc(Cl)c1OCC(=O)NC1CCCC1,-7.019,-4.794,4.415529073621868,5.323557175423216,0.3722052871318041,0.5982606232449512
CC(C)COC(=O)NCCNC(=O)c1ccc(Cl)cc1,-6.34,-4.677,4.506693910174064,5.264397496390257,0.3718995556978223,0.5976445668572662
CNC(=O)N(CCC(=O)Nc1ccc(C(F)(F)F)cc1)Cc1ccco1,-6.146,-5.232,3.966131868710368,5.576552160609636,0.3694959673048713,0.5974589813767817
NCC#Cc1ccc(Cn2cc([N+](=O)[O-])cn2)cc1,-6.657,-5.067,5.839988869852407,3.00133120464903,0.3698023032188699,0.5971869920814142
CC1CN(C(C)C(O)C2CCN(Cc3ccc(Cl)cc3)C2)CCO1,-7.347,-5.223,5.71535108282947,3.5887749999129226,0.3688264025870189,0.5968891143601602
CC(=O)c1ccc(I)c(I)c1OCC(=O)Nc1ccc(C)c(Cl)c1,-7.284,-5.635,4.5973246567976895,5.231446262746087,0.366562775173059,0.5963444696533278
CCCc1nnc(NC(=O)c2ccc(OC)c(Br)c2)s1,-6.582,-5.064,4.657537976227354,5.172123065047854,0.368721880844569,0.5963045390582877
CCCCCCCCC1C(O)CC1COCc1ccccc1,-5.529,-3.92,5.8246258248921015,2.992724845354146,0.3730663395047198,0.5961761515881076
COc1ccccc1CNC(=O)N1CCN(c2cccc(Cl)c2)CC1,-7.319,-5.511,4.610135030560384,5.222200111064302,0.366510053388778,0.5959136995344919
CC1Cc2cc(C(O)=C3C(=O)C(=O)N(CCN(C)C(=O)c4ccccc4F)C3C)ccc2O1,-8.046,-5.569,4.932218162247084,4.945135589647668,0.3662454422176269,0.5958799383888673
NC(=O)c1ccc(Oc2ccc(NC(=O)c3ccc(F)c(Cl)c3)cc2Cl)cn1,-8.039,-6.246,4.406445506300968,5.380548856761734,0.3634487051846877,0.5957056037704038
COc1cc(-n2ccc(=O)[nH]c2=O)cc(C)c1OC(C)C,-6.311,-4.985,5.788754097385723,3.3271955157459563,0.3677479342857613,0.595268223522927
CCN(CC)C1=NCC(c2ccccc2)CO1,-5.509,-4.736,4.420665334539586,5.340889532652778,0.3686760101801297,0.5952347516327438
CCN(CCC(=O)Nc1cccc(Cl)c1C)c1ccccn1,-6.351,-4.648,4.461618652462354,5.312847259238684,0.3688973654473128,0.5951359633812
COC(=O)N1CCC(Cc2ccc(C)cc2)C(=O)c2cc(OC)ccc21,-5.344,-4.07,5.067853490384266,4.76688011177122,0.3709176201381849,0.5949327834345175
O=C(CSc1nc2ccccc2[nH]1)Nc1ccccc1SC1CC(=O)N(c2ccccc2)C1=O,-8.496,-5.925,4.81109384651765,5.082397662521106,0.3627024202993029,0.5940974831652461
CC(=O)NCc1ccccc1NC(=O)c1cc(-c2cccnc2)nn1-c1ccc(Cl)cc1,-7.471,-5.948,4.439996509007637,5.365717472994641,0.3623446670141231,0.5938758154314329
CN(c1cccc(OC(=O)NCc2ccccc2)n1)C1CCOCC1,-7.065,-5.501,4.338890872100841,5.418940302310037,0.3639296003851625,0.5937810155980808
CCCCn1c(SCc2cc(=O)oc3cc(OC)ccc23)nnc1-c1ccco1,-6.934,-4.949,5.856556496782046,3.0212267376017965,0.3659729632985604,0.5937170377941385
CCCCOP(=O)(OCCCC)C(CCC)C(C)C,-5.123,-3.459,4.2785034766843415,5.410147779867017,0.3715758641074576,0.5935174879193947
C=CCOC(=O)NC1C(O)C(OCc2ccccc2)OC(C)C1OC,-6.556,-5.052,4.545474452683679,5.278274433941456,0.3650478429624005,0.5932886730968914
Cc1sc2ncn(CC(=O)N(C)c3ccccc3Cl)c(=O)c2c1C,-7.038,-5.211,4.337156441725385,5.420753453164975,0.3637937609818578,0.5927653790948562
Cc1nnc(SCC2CCCN(Cc3cnc(C4CCCC4)[nH]3)C2)o1,-7.473,-5.238,4.05086632709597,5.571092890986472,0.3636717045938599,0.5927502164923797
CC(c1c(F)cccc1F)N1CC(CS(C)(=O)=O)CC1=O,-6.648,-5.023,5.878264199574564,2.9329432316361,0.3643919728567891,0.5926647544642119
CC1(OC(=O)C(=O)c2ccc(C(F)(F)F)c(Cl)c2Cl)CCCCC1,-6.36,-5.133,4.320161686789048,5.433734995378408,0.3632734196084526,0.5920978813122136
Cc1ccc(-c2noc(C(=O)NCCNC(=O)CCc3ccc(F)c(F)c3)n2)cc1,-8.687,-5.604,5.896882651028423,2.917734052308402,0.3612262252587256,0.5918914123755974
CC(=NNC(=O)c1cc(Br)ccc1Cl)c1cccc([N+](=O)[O-])c1,-7.07,-5.768,5.906943710583334,2.9155584370751337,0.3593548705331478,0.590863930240267
Cc1[nH]nc(-c2ccccc2)c1-c1cnc2c(C)nc3cccnc3n12,-7.391,-5.705,4.200381173179405,5.521022912468306,0.3595628976235743,0.5908399024394467
Cn1c(COc2ccccc2Cl)nnc1C1CCCN1C(=O)c1cccc([N+](=O)[O-])c1,-8.106,-6.347,5.142630163641948,4.784835524863943,0.3569529508739473,0.5906688284885553
Cc1cccc2nc(N3CC4(CCCC4)CC3=O)oc12,-7.327,-5.63,4.24897646498542,5.49597279833152,0.3594190055861793,0.5904894566308193
N#Cc1cccc(Oc2ncccc2C(=O)NC2(C(N)=O)CCCC2)c1,-7.361,-5.767,4.847891912986508,5.076605952799567,0.3585924243847638,0.5902336860389185
CN(Oc1cc(F)ccc1CNC(=O)c1ccc(C(F)(F)F)[nH]1)C(=O)OC(C)(C)C,-6.34,-5.488,5.216918822446829,4.674719028989872,0.359386414241149,0.5900228005814591
CCCCc1ccc(OCC2(C)CCNCC2)cc1,-6.859,-4.978,4.540751259428333,5.305217337678071,0.3611408212815843,0.58987476460209
COc1ccc(Cl)cc1NC(=O)NC(C(=O)O)C1CC1,-6.769,-5.202,5.896284423261822,2.957796646154025,0.3602187405893616,0.589817656002523
COC(=O)c1c(NC(=O)c2nn(-c3ccccc3)c(=O)[nH]2)sc(C)c1C,-7.567,-5.874,5.899498114246668,3.0261863789264534,0.3575823251807814,0.5897319769649632
C=CCOc1ccccc1C(O)=C1C(=O)C(=O)N(CCCN(C)C)C1c1ccc(OCC)c(OC)c1,-6.547,-5.115,3.445642755713366,5.799507392873984,0.3603386222593265,0.5896453624393954
CC(C)N(C)CCNC(=O)C1COCC1N,-5.34,-4.617,5.871603188227215,3.0513692008670485,0.3621275321743355,0.5895529790919789
CCC(C)NC(=O)C(Cc1ccccc1)N(Cc1cccc(Cl)c1)C(=O)CN(c1ccc(OC)c(Cl)c1)S(C)(=O)=O,-5.864,-4.8,4.104803649384462,5.558507983263135,0.3613924183687186,0.5895253093439918
Cc1cc(C)c(-n2c(C)ccc2C)cc1C(=O)NO,-6.283,-4.707,5.910208794958094,2.8170653169566378,0.3612760027429259,0.5891402717227441
C=CCCc1c(-c2cccc(N(CC)c3nc(C=C)nc4ccc(C=C)cc34)c2)c2ccccc2n1-c1ccccc1,-6.848,-5.809,4.407082595096217,5.419638087547913,0.3567399977265746,0.5888366602211952
CC(=O)CN1CC(C(=O)Nc2cccc(Cl)c2)C1,-6.009,-4.886,4.824004249583535,5.087662036731607,0.3601557788233425,0.5887835051963145
CC1=C(Sc2n[nH]c(C)n2)C(=O)N(c2ccccc2C(F)(F)F)C1=O,-7.499,-5.576,5.874491722693973,3.2319593128627115,0.3553060444503721,0.5869348547311731
Cc1cc(Sc2nc(N)cc(C3CC3)n2)c2ccccc2n1,-7.277,-4.95,4.259691068610493,5.504112099149145,0.3569859493288001,0.5863850187097411
COc1cccc(C(CNCc2ccco2)N(C)C)c1,-6.279,-4.694,4.530055187301805,5.336207923235376,0.3572467024341791,0.5858053951038991
Cc1c(C(=O)NC(C)c2ccccc2)sc2nc(CN3CCCC3)nc(N)c12,-7.444,-5.718,4.195998808388771,5.558623570633292,0.3533775170264098,0.5857757962064595
COc1ccc(-c2nc(CSc3nc(C)cc(C)n3)c(C)o2)cc1OC,-7.47,-5.594,4.707401300080544,5.227901777960256,0.3535718562131387,0.5855560375741713
Cc1ccc(C(=O)NC2(C(=O)O)CCC2)cn1,-6.856,-5.219,5.921660409040693,2.986498451364072,0.354554834746181,0.5852146823371835
CC(Nc1nccc(CCCOc2cc(F)ccc2F)n1)c1c(F)cccc1F,-7.032,-5.462,4.497465174962448,5.381910813084883,0.3533324011209167,0.584952208431722
Cc1nonc1NC(=O)c1ccc(N)c(OC(C)C)c1F,-6.996,-5.293,5.931753282124941,2.9777365565140244,0.3528971853131891,0.5840725711781602
Cc1ccc(NC(=O)C2Cc3ccccc3N(C)C2=O)cc1F,-7.827,-6.123,4.605001954396979,5.328783163162112,0.3498299469270508,0.5840635295038854
CC1(C)c2ccc(Cl)cc2N(C(=O)c2ccccc2-c2cccnc2)c2nccnc21,-7.699,-5.947,4.738451856883216,5.223776603186626,0.3503305235983691,0.5839442977756873
Cc1cccc(CN2CC(C(=O)O)c3cc(CO)ccc32)c1,-7.189,-5.603,5.926614547952313,3.061405886190199,0.3513642988890748,0.5837527510316074
CN1CCN(c2ccc(NC(=O)C3CCN(S(=O)(=O)C(F)(F)F)CC3)cc2)CC1,-7.211,-5.991,5.917641844518811,3.168046716827265,0.3495312822488491,0.5834119461331424
CNc1cc2c(N)nc(-n3c(C)ccc3C)nc2cn1,-6.115,-4.345,5.870527914932354,3.2459899876616998,0.3555183584005801,0.5833054234995791
CC(C)n1nccc1CCNC(=O)C(C)(C)c1ccc(F)cc1,-6.928,-4.73,4.36777872608034,5.465647171195741,0.3529899418292855,0.5824158817997381
Cc1ccc(Cl)cc1N1C(=O)C(=O)C(=O)c2c1n(C)c(=O)n(C)c2=O,-6.891,-5.562,3.8391469104476847,5.738840126715502,0.3491735365871425,0.5818048758807427
CCC(C)n1nc(C)c(C(=O)C(C)Sc2ccccc2N=[N+]=[N-])c1N,-6.543,-4.998,5.915635130736175,3.1453594389195016,0.3506869979642886,0.5813360019731308
CCC(C)NC(=O)c1nc(-c2ccco2)cn1-c1ccc(Cl)cc1,-7.593,-5.234,4.457152566381367,5.432498780487668,0.3492918216650725,0.5809008681491601
O=C(Nc1nc2c(Cl)cccc2o1)c1cccnc1,-6.584,-5.224,4.67742974292506,5.280489465949156,0.3489474118166936,0.5805838291613883
Cc1ccc(C(=O)NC(C)C(C)C)cc1S(=O)(=O)Nc1cccc(F)c1,-6.983,-5.208,4.64960396162942,5.302375505374926,0.3488113657798681,0.5804217226478595
Cc1cc(Br)ccc1NC(=O)c1ccc(NC(=O)c2ccccc2Br)cc1,-7.14,-6.014,5.872052281783601,3.466929621437389,0.3458657864514223,0.580414529015243
Cc1[nH]c(C(=O)OC(C)C)c(C)c1C(=O)COC(=O)C(C(C)C)N1C(=O)c2ccccc2C1=O,-7.299,-5.32,4.9533614848908405,5.051262911391565,0.3478413128411012,0.579955938830324
CCCCOC(=O)c1ccc(NC(=S)N2CCN(C(=O)c3ccccc3)CC2)cc1,-7.169,-5.359,5.230602450961073,4.751191113815567,0.3476689467978668,0.579931192356674
Cc1ccc(C(C)N(C)Cc2n[nH]c(=O)[nH]2)o1,-6.841,-4.466,4.525975033072984,5.37759174724151,0.3508854361956811,0.5798649335490365
COC(=O)CCCCC1(C)CCCC(=CC=C2CCCC3(C)C(=O)CCC23)C1,-6.532,-5.024,4.8698260749230045,5.125214336981431,0.3483400537918881,0.5794669880599206
CN(c1ccccc1-c1ccc2c(c1)CCc1nnc(-c3ccoc3)n1N2)S(C)(=O)=O,-5.641,-4.991,5.948598742561142,3.038240280162188,0.347953575298041,0.5790445638816883
COc1cc(CNCCC(C)(C)O)cc(-c2ccc(S(=O)(=O)NC(C(=O)c3nccs3)C(C)C)cc2)c1,-7.331,-5.716,4.518401597910482,5.424148781145296,0.344084477172834,0.5780161258161401
CCC(N)c1ccc(N2CCCCCC2)cn1,-3.888,-2.89,5.7519000339018405,3.717524041616946,0.3545231591443271,0.577965417563572
CC(=O)OC1C(CO)OC(CO)C(Sc2ccccc2)C1OC(C)=O,-6.12,-4.223,5.972726680503636,2.833602124505133,0.3489640914294519,0.5775286335149213
CCCCCCOc1ccccc1-c1n[nH]c(-c2ccccc2OC)n1,-7.103,-5.376,5.784904666457348,3.8087122495667742,0.3428944284910311,0.5759868361951792
CCOC(=O)Cc1csc(NN=Cc2ccc(OCc3ccccc3)c(OC)c2)n1,-6.784,-4.958,4.337099145742462,5.536101606726524,0.3440925471803021,0.5757226142436931
COc1nc(OC)nc(N(C)Cc2ccccn2)n1,-6.902,-4.686,5.907680170760769,3.33784616182352,0.3449656507765394,0.5756238462434081
Cc1cccc(C(=O)NCCCN2CCCC2)c1Br,-6.285,-4.94,4.594446212548363,5.375124370654135,0.3435777697929206,0.5752371049786764
Cc1cc(Oc2c(C)cccc2CNC2CC2)cc(Cl)c1C,-6.998,-5.268,4.667888066352919,5.329964352601245,0.3422627317300842,0.5751291378303452
CCCNC(=O)N1Cc2[nH]nc(Cc3ccccc3)c2C1,-7.372,-4.864,4.763244797404392,5.247380489348948,0.3435653940737942,0.5749957569121675
Cc1ccccc1CN(C)C(C)C(=O)Nc1ccccc1C(N)=O,-6.908,-5.461,4.753649545349342,5.269608524359281,0.3413278168392342,0.5749263483587151
CC1COCCN(C(=O)c2cc(-c3nccs3)n[nH]2)C1,-4.291,-3.719,5.9311245139518025,3.1618205198904,0.347234031268655,0.5745476412689048
COc1ccc(CN2CCN(C(=O)c3ccc(COc4ccccc4Cl)o3)CC2)cc1Cl,-8.205,-5.675,4.897861880453552,5.164230823656124,0.3388304433140999,0.5734628762853627
CCN(CC)C(=O)c1cc(OC)ccc1-c1nc2ccccc2o1,-6.448,-4.895,4.091029332576338,5.67989683004894,0.3411656856179897,0.5730780459202853
Cc1c(NS(=O)(=O)c2ccccc2Nc2cc(=S)[nH]c3ccoc23)c(=O)n(C)n1C,-8.278,-5.692,4.267087765678132,5.612821928406423,0.3376718712976446,0.5725326212759972
CCOCCOC(=O)C1CCC12CCN(C(=O)c1ccon1)CC2,-5.881,-4.829,6.009987853565097,2.895859803236339,0.3404759953055916,0.5722987611170423
O=C(Nc1cccc(Cl)c1)c1cc(O)cc(Cl)c1,-6.921,-5.143,5.9987406178297125,3.017048060604934,0.3392823698605667,0.5722426678193308
CC1(C(=O)Nc2ccnn2Cc2ccco2)CC(=O)NC1=O,-7.054,-5.436,5.122166143342092,4.949591700332463,0.3380902150734188,0.5721180147456811
CCCC1(C(=O)O)CCN(c2ncc(Cl)cn2)C1,-6.039,-4.968,6.007164805463554,2.967603410161136,0.3391155044343329,0.5715739344182182
CCN(C)Cc1ccccc1NC(=O)CN1CCCCC1=O,-5.999,-4.857,4.41823822354567,5.520051177298994,0.3387786638666529,0.5709550071722671
Cc1nn(C2CC(N)C2)c(C)c1C=CC(=O)O,-5.661,-4.424,6.024282529895157,2.7973846714386634,0.3401870982814604,0.5708292656716176
O=C(O)C1CCN(Cc2ccccc2Br)C(=O)C1,-6.201,-5.011,6.01082448587546,2.998965821745889,0.3375774943721456,0.5704058021519647
CN1C(=O)C(=O)N(c2cccc(C(F)(F)F)c2)C1=O,-7.478,-4.948,3.466803426789584,5.919752782000275,0.33720409927416,0.5699006331613801
COc1cc(CC(C(=O)O)C(C)C)ccc1O,-6.097,-4.821,6.03765037079823,2.8010844328581026,0.3376360411116552,0.5698828405831016
Cc1nn(-c2ccc3ccccc3c2)c(C)c1CCN,-6.585,-5.739,4.835902811264924,5.248158724733847,0.3343274905292245,0.5698306302177557
Cc1cc(C)c(Br)c(CN2CC(O)(C(C)C)C2)c1,-6.395,-4.535,5.885359632172022,3.571014001652752,0.3384014006664155,0.5696646754750234
CN(C)Cc1ccc(C(O)c2cc(F)c(F)c(F)c2)cc1,-7.073,-5.018,6.012262885137343,3.038119648730115,0.3361959589906442,0.5692584463692563
CCCCC1CC(=O)N(CCCNCC(O)COc2ccccc2)C1,-6.271,-4.609,4.852464425423437,5.21229814956896,0.3375933410296298,0.5692074612508031
CCOc1ccc(Cl)cc1C(C)NC(=O)C(C)=Cc1ccc(OC)c(C)c1OC(C)C,-6.685,-5.285,6.0410838431526495,2.8815365692630035,0.3351161264921844,0.5691439083979806
Cn1cc(C2CCCCC2Nc2nc3ccccc3cc2C#N)cn1,-7.467,-5.18,4.724230096005063,5.331089663474063,0.3353939599931914,0.5690650277316764
c1ccc(-c2nc(-c3cccc(-c4cccc5c4oc4ccccc45)c3)nc(-c3cccc4c3oc3c(-c5ccccc5)cccc34)n2)cc1,-10.67,-7.78,4.689024312157062,5.417901715609098,0.3260614430311474,0.5687269558826573
CCN1C=C(C(=O)O)C(c2cccc(Cl)c2)NC1c1c(OC)cc(Cl)cc1OC,-6.984,-5.17,5.052059184134722,5.047449553982685,0.3346574943656706,0.5684099480997137
CCc1ccccc1NC(=O)C1CCCN(C(C)CC)C1,-6.938,-4.745,4.040669004014062,5.734724143321978,0.3355851909009582,0.5679209956667461
O=Cc1c(NC(=O)c2ccccc2C(F)(F)F)ncc2ccc(-c3ccc[nH]c3=O)cc12,-8.755,-6.551,3.87639794138837,5.845017108614824,0.3280015673534162,0.5668096017962769
CCCNC(CCC)COCCC1CCCCC1,-5.812,-3.667,4.594588556116858,5.409631595589482,0.3380261931535826,0.566720849198625
CC(=O)OC1OC(c2cc(C)oc2C)C(C)C(OC(C)=O)C1OC(C)=O,-6.165,-4.904,6.034605372350374,2.9940135270235504,0.3333757333447882,0.5665245681648584
CCCCC(C)OC(=O)OCOC(=O)c1cnc(CC(C)(C)C)o1,-6.279,-4.45,4.983573617395453,5.112374106029409,0.33491170424321,0.5664641661852865
COc1cc(-c2n[nH]c(C3CC3)c2C(=O)O)ccc1F,-7.086,-5.189,6.020941952884116,3.11757517952655,0.332219582251689,0.5663924903890717
CCOC(=O)c1c(CNC(C)COCc2ccccc2)oc2ccccc12,-5.587,-5.076,4.5226807316015565,5.493512264480712,0.3323631369750295,0.5661774622172313
O=C(CCl)N(CCOc1ccccc1Cl)C1CCS(=O)(=O)C1,-6.326,-4.863,6.027536893292316,3.0623894265752685,0.332706527759312,0.5658330339348381
CN(CCC(=O)O)Cc1ccc2c(c1)OCCCO2,-5.191,-3.771,6.044178521519695,2.8266853379886485,0.335852981381572,0.5652106459501779
Cc1noc(C)c1C(CC(C)C)NC(=O)N(C)Cc1ccc(F)cc1,-6.768,-5.25,4.983534288032941,5.1446334174555135,0.3303107127891184,0.5649444378685351
Cc1ccc(C(=O)NC(=O)c2ncccc2N(C)C2CC2)cc1,-7.449,-5.752,4.59349572765666,5.472486089520922,0.3281469894374493,0.5645774543511065
CN1C(=O)CCC2(CCO)C3CCC4(O)CCC(c5ccoc5)C4(C)C3CCC12,-7.678,-5.06,4.933712091316232,5.198359452750454,0.3291451146125062,0.563382304106972
CC(COc1ccccc1C)=NNC(=O)c1ccc(C(F)(F)F)cc1,-7.206,-5.934,4.500769823041388,5.551456925888916,0.3253173590389352,0.5626735999710649
COc1ccc2c(CNC(=O)COCCNC(=O)OC3CCC3)c[nH]c2c1,-6.557,-4.52,4.569157909287006,5.47767614960943,0.329952830532452,0.5624638035445125
CN(C)C=C(C#N)c1nc2ccccn2c1Cc1cccc(F)c1,-7.476,-5.575,4.257602729236255,5.686077470453599,0.3262327015758652,0.5624061615910019
CCOC(=O)c1nc(CC)nc2c1CCN2c1ccccn1,-6.171,-4.781,4.500604514951297,5.5288680577492535,0.3289638168064033,0.5623974503954832
CCOc1ccc(NC(=O)c2c(-c3ccccc3Cl)c(C)n(Cc3ccccc3)c2C)cc1,-7.748,-5.702,4.0347392728651,5.796160884585588,0.3254989424402697,0.5621475798801204
COc1ccccc1Oc1nc(C2CC2)cc(=O)n1-c1cccc(C)c1,-7.161,-5.105,4.313579603994808,5.653481847498937,0.3266821486860148,0.5614037134971763
CC1(C)CCC1C(=O)OC(c1cccc(Cl)c1)C1CCNCCO1,-5.477,-3.662,6.053510056157502,2.9361421968290293,0.3314851747077026,0.5611958363521498
CCCCOc1cccc(-c2nnc(-c3ccccc3)o2)c1,-7.347,-5.269,4.749602509684363,5.37355171185688,0.3258620962269128,0.5611833463741301
CCC1CCC(c2noc(CC(C)C)n2)CC1,-6.391,-4.976,4.688199441150088,5.416887390374661,0.3263123250977466,0.5607040313731512
CC1CN(C)CC1Nc1ccnc(C(C)(C)C)n1,-6.404,-4.327,3.921768096152551,5.825253299213691,0.3284292711116037,0.5605887341023592
CCC(C(=O)NC1CC1)N(Cc1ccccc1)C(=O)COc1ccc(Cl)cc1Cl,-6.412,-5.021,3.91191641014989,5.844529835666852,0.3257689347417514,0.5603700936428276
OC(c1ccnc(OC2CCCC2)n1)C1CC1,-6.495,-5.007,6.098066086883612,2.8511562566790336,0.32552339658115,0.5601174795077506
CC(C)c1cc(C(=O)NCC#CCO)c2ccccc2n1,-7.811,-5.388,4.88891051257844,5.273566724712981,0.3238928006213341,0.5598354477322589
Fc1ccc(-c2ncc(-c3ccncc3)n2C2CCCNC2)cc1,-6.762,-4.842,4.301853786450674,5.670613723398906,0.3249062066940674,0.5590986174483508
CCCCOC(=O)C1=C(C)N=C2C(C(=O)OC)C1C=CC=CN2CCCC,-4.927,-3.279,6.040126571521494,3.0892932848792465,0.3296312562821139,0.558475384902653
Nc1ccc(Cl)cc1C(N)CCCC1CCCO1,-6.421,-4.836,6.077506561082431,3.06699250080596,0.3236109110885706,0.5579653278099508
CC1CC(C)CN(C(=O)C2CCCC2N)C1,-6.725,-4.615,6.084821607902733,3.01859205590951,0.3236747725464804,0.5573678154834495
COc1ccc(C(CNC(=O)c2ccc(Cl)c(Br)c2)N2CCCC2)cc1OC,-7.328,-5.388,4.594075097340051,5.519185718926298,0.3207331495768945,0.5570980917349867
CCOC(=O)c1conc1SCc1noc(C(C)(C)C)n1,-6.618,-4.976,6.122048186677396,2.8420744184486084,0.3214527088484404,0.5565132189539552
Cc1ccc2c(c1)C(=O)N(c1ccc(C)c(F)c1C)CO2,-7.053,-5.557,4.775376215545744,5.396348209669202,0.3193872712953076,0.5564217544303808
CCOC(=O)C1=NN(C(=O)CN2CCCC2=O)CC1c1ccc(Cl)cc1,-7.152,-4.944,4.393351909419503,5.644414850097395,0.320830561417098,0.5558804572198848
N#Cc1ccccc1Cn1c(CN2CCCC2)nc2ccccc21,-7.195,-5.918,4.292568694849274,5.726525473618361,0.3165598502391688,0.5550019473666274
O=C1CC(N(C(=O)c2ccco2)c2cc(Cl)ccc2Cl)C(=O)N1c1ccccc1,-7.219,-5.603,6.0552141993491855,3.3679268103686586,0.3173919013016206,0.5548148091003107
COc1ccc(C)cc1S(=O)(=O)N1Cc2ccccc2C1,-6.889,-5.602,4.504031194385759,5.6031271625762695,0.3167628464498812,0.5542618212148062
CCC(CC(=O)Nc1cccc(C)n1)c1ccccc1,-7.043,-5.341,5.043342641542412,5.178805074532155,0.3175658258741578,0.5542035203054096
CN(C(=O)c1ccc(F)c(S(N)(=O)=O)c1)C(F)(F)F,-6.582,-4.92,6.14285715282392,2.814500310890017,0.3183776535247518,0.5536811821446962
CCC(C)NC(=O)c1cnn2c1CNCCC2C,-4.599,-3.022,5.659067591043598,4.324874217824144,0.3247416456760165,0.5535512827445773
COCCN1C(=S)NC(=O)C1C(NC(=S)NC(C)C)c1cc(C)n(-c2cccc(Br)c2)c1C,-6.015,-4.741,5.953839853405531,3.723386630475004,0.3183751597022262,0.5531551023576605
Cc1ccnc(-n2ncc(C(=O)Nc3nc(C)cs3)c2NC(=O)c2ccco2)n1,-7.044,-6.424,6.154965718832234,3.0115102523484785,0.3115659178417648,0.5520615917049926
COc1ccc2nc(NC(=O)c3c(C)nc4n3CCC4)sc2c1,-6.815,-5.24,4.364288487256542,5.6953488040681055,0.3152808660320352,0.5519126477453564
CC(C)(C)OC(=O)NC(=O)CCC(=O)N=Cc1ccccc1O,-5.97,-5.279,6.112856288184763,3.1543313079002977,0.3147945069037215,0.5516000351151638
CCN(Cc1ccccc1)S(=O)(=O)c1cccc(NC(=O)Cc2cccc3ccccc23)c1,-8.313,-6.265,6.161092922526002,2.972082939623321,0.3115180401382482,0.5515624803936159
CC1CC(c2nc(C(C)C)no2)N(S(=O)(=O)C2CCCC2)C1,-6.661,-5.247,4.738357732379437,5.455651748416498,0.3146978760807796,0.551422462348132
CC1C[N+]2(Cc3cccc4cccc2c34)CN1c1ccccc1,-7.775,-6.012,4.837857480331557,5.398169411939571,0.3117882469666749,0.5510738547597025
Cc1ccc(NC(=O)c2coc(CN)c2)nn1,-6.724,-5.132,6.139391012144445,3.019263155142327,0.3140614252776559,0.5505309065716155
CC1OC23C=CC1C(C(=O)N(C)C(C)C)C(=O)N(C2)c1ccccc1C3,-6.71,-4.929,5.000266592892822,5.239785682640084,0.3146297383059399,0.5504387633831428
CCc1nc(C)ccc1C(=O)NC(c1cccs1)C1CC1,-6.456,-4.614,6.063004288304603,3.395450338320383,0.3149666579403555,0.5498160969856689
COc1cccc2cc(S(=O)(=O)N(c3ccc(SC)cc3)C3CCCCC3)[nH]c12,-7.605,-5.608,6.178393399582126,2.855018213602148,0.3112808033548452,0.5494620277510935
O=S(=O)(NCC1COCCO1)N1CCc2ccccc2C1,-7.156,-5.283,4.996015212146576,5.262572184778087,0.3119639780195575,0.5491260935800688
Cc1c(NC(=O)COC(=O)C(C)Cl)c(=O)n(C)n1-c1ccccc1Cl,-6.762,-4.886,5.5186798240158845,4.677044472741306,0.3119171423055949,0.5479362871416983
C=C(C)N1CCCC12CCN(C(=O)c1cscn1)CC2,-5.892,-4.587,6.152595956179798,3.013722117249697,0.3119176871231461,0.5470701182514175
CCOc1ccc(-n2[nH]c(NC(=O)OC)nc2=O)cc1,-6.331,-4.777,6.154306947171224,3.0664807190002032,0.3101981047327252,0.5461094034611229
Cc1noc(-c2ccccc2F)c1C(=O)Nc1cccc(S(N)(=O)=O)c1,-8.047,-6.3,6.204120888570757,2.933737207044967,0.305062925345345,0.5459174854284415
O=C(NCC1CCCO1)c1ccc2c(c1)nc1n2CCCC1,-6.606,-5.032,4.852427227687191,5.4185412243518085,0.3070982258082321,0.544106585746732
CC(=O)C12CCC(O)(C=O)C1(C)CCC1(C)C3C(=O)C(C)CCC1(O)CCC32,-4.706,-3.737,6.170256882821007,2.9224238227882005,0.3111458021621224,0.5439246104505469
CCC(C)N(CC(=O)OC)S(=O)(=O)c1ccc(C(N)=O)c(F)c1,-6.113,-4.528,6.171645323574581,3.019391660583304,0.3084867223283248,0.5438827978571725
CC(=O)Nc1cc(C#N)cc(S(=O)(=O)Nc2c(C)nn(C)c2C)c1,-7.63,-5.645,6.195645729058432,3.003600173125578,0.3047943250881017,0.5438125528562354
Cc1nc(C)n(CC(=O)N2CCCC(CN(C)C)C2)n1,-6.125,-4.68,6.160838498126696,3.110599138429765,0.3078314926783899,0.5437428657537057
CCNC(=O)N1CCc2c(nc(C3CCCO3)n2C)C1,-6.573,-4.386,6.168718748654374,3.0417608387248327,0.3083960155443485,0.5433929691012924
CCCN(CC(=O)O)C(=O)c1sc(C(C)(C)C)nc1C,-5.196,-4.403,6.183175640397092,2.975914817329286,0.3076199136568956,0.5427578160915715
CCCNCc1coc(-c2ccc(Cl)cc2)n1,-6.073,-4.489,5.18592576113465,5.11518386766302,0.3071464955262896,0.5425877482537675
COCc1nc2oc(C)c(C)c2c(=O)n1CC(=O)Nc1ccccc1C#N,-6.824,-5.717,4.867996096958171,5.434409719555565,0.3029833620307223,0.542399249878977
COc1ccccc1Nc1nc(N)nc2c1N=CC(c1ccccc1)N2,-8.006,-5.642,4.8508080770115,5.447800014684827,0.3030323104367717,0.5422298556568522
CNC(=O)C(C)NC(=O)C(C)Cn1cc(Cl)cn1,-6.247,-3.931,5.4630292878585225,4.783518161353628,0.3084859261005159,0.5421566057684883
CC(=O)N(CC(=O)N(Cc1ccccc1C)C(Cc1ccccc1)C(=O)NCC(C)C)c1cccc(Cl)c1,-6.845,-5.258,5.021608009393008,5.2959499619992645,0.3040783775564281,0.5420701219328444
COc1ccc(N2CCCN(Cc3ccccc3OC)C(C=O)C2)cc1,-5.408,-3.923,6.151089415705156,3.16443928682476,0.3079009764582032,0.5416192069262549
CN(CC(=O)NC(CC(=O)O)c1ccc(C(F)(F)F)cc1)Cc1ccc(F)cc1,-6.286,-4.618,6.200365956941575,2.988560523061228,0.304370912215602,0.5405003017600505
CC(=O)Nc1ccc(C(=O)O)cc1NC(=O)c1n[nH]c2c1CCC2,-7.858,-5.951,6.241482115651698,2.9012264647903665,0.2994852813873084,0.5399198002949558
CCCCOC(=O)C(CCCC)NP(CCC(=O)OCc1ccccc1)Oc1ccccc1,-4.944,-4.463,3.958802975648068,5.95522585633828,0.3041637118035704,0.539872190681564
CCOC(=O)C(C(=O)OCC)C(Cc1ccc(Oc2ccc(C=NN)cc2)cc1)Nc1ccccc1,-6.672,-5.063,4.517916665898121,5.688173081051596,0.3021368124384911,0.5397817416648207
CCCCN(C(=O)C(NC(=O)OC(C)(C)C)C(C)C)C(C(=O)Nc1ccccc1C)c1ccccc1C,-6.186,-4.585,4.02368997314654,5.934237861764558,0.3033214042409601,0.5394732513858385
CCOC(=O)C1(NC(=O)C(C)C)CCn2cncc2C1,-5.792,-4.247,6.178181690432875,3.127763737880469,0.3043835320440397,0.5394475208099743
Cc1ccc(NC(=O)C2CC(=O)Nc3n[nH]c(-c4ccc(C)c(C)c4)c32)cc1,-8.54,-7.071,4.582255558128551,5.696768733238168,0.2946417629916158,0.5386619010198527
Cc1cc(Br)c(N)c(C(=O)Nc2ccc(Cl)nc2)c1,-6.454,-5.017,6.123203491637363,3.4896913903667746,0.3009544713702233,0.5385937958766679
CC(CC(=O)Nc1ccccc1N)NS(=O)(=O)c1ccc(C(F)(F)F)cc1,-6.998,-5.189,6.218546051932075,3.0288131338859454,0.3002775208561341,0.5384759156815125
CCNC(=O)c1ccccc1NC(=O)c1ccc(COc2cccc(Cl)c2)s1,-7.39,-5.332,3.4189913717352374,6.149683650400239,0.2993807838635735,0.5380762194037427
CC1CC(C(C)C)N(C(=O)c2ccccc2-n2cnc(C(F)(F)F)c2)C1,-7.04,-5.171,4.881833569469569,5.446499793445327,0.2996408052305773,0.5378536980797803
Cc1ccc(C(C)C)c(OCCCC(=O)OCC(C)C)c1,-5.965,-4.552,5.039143875699522,5.30298557418366,0.3009182644622334,0.5372379136751005
Cc1cc(C(=O)N2CCCCC2C)ccc1[N+](=O)[O-],-7.398,-4.639,6.180855037937712,3.237420114844535,0.3005828617893614,0.5371861572872726
Cc1ccc(CCNC(=O)C2CCC(=O)NC2)cc1Br,-6.998,-5.482,6.246239588744576,2.937746415196519,0.2978571479324679,0.5371286201018052
CCc1ccc(C(C)Nc2nc(C3CCCO3)nc3ccccc23)cc1,-7.846,-6.131,5.023506146109508,5.363558333792969,0.29450882927876,0.5359186644917829
CCOC(=O)c1cc(NC(=O)C2COC3CCC32C)cc(S(=O)(=O)N(C)C)c1,-7.261,-5.21,6.240487480958519,3.004413253865053,0.2972203702022969,0.5357870405080333
C=CCOC(=O)C1=C(C)Nc2ncc(Cc3ccc(Cl)cc3)n2C1c1ccc(C(=O)OC)cc1,-7.179,-4.507,4.170508482187754,5.897942776935024,0.2987487728626173,0.5351699941181743
O=C(NCc1cccnc1)c1cccc(S(=O)(=O)Nc2cccc(C(F)(F)F)c2)c1,-8.736,-5.681,3.659130497809554,6.113398154872624,0.2950131286087893,0.535116604325149
Cc1c(Cc2nnc(SCC(=O)Nc3ccc(C(F)(F)F)cc3)o2)nc(C(F)(F)F)n1Cc1ccccc1,-8.097,-5.205,4.193256014125539,5.903196506978232,0.2962168072186194,0.5348676467554618
C[S+]([O-])CCC(N)C(=O)N1CCN(CCO)CC1,-5.545,-3.945,6.235248591676197,2.9394615153119457,0.2996604039859351,0.5343849506770059
CCC(NC(=O)Nc1cccc(C(=O)O)c1)C(C)C,-6.657,-5.299,6.277945762747557,2.850336471366144,0.2944889679628819,0.5335694345973435
CCC(C)(CN)C(=O)NC(CCCN(C)C)CC(=O)NC,-5.799,-4.151,6.224947068048048,3.0752438927668817,0.2979844696404752,0.5334742458195733
CCCOC(=O)CC(NC(=O)Nc1nc2ccccc2s1)c1ccc(Br)cc1,-6.804,-6.129,3.8284521676520913,6.080400726925817,0.2916471271930521,0.5333030197752306
CCN(CC)S(=O)(=O)c1ccc(C(=O)CN(C)CCn2ccccc2=O)cc1,-5.266,-4.522,6.274264020584406,2.780478735757568,0.2965029752896246,0.5331971100542383
Cc1oc(-c2ccc(F)c(Cl)c2F)cc1C(=O)O,-7.093,-5.064,6.265289219182144,2.937429828949111,0.2946905690433632,0.5330915255237708
O=C(COC(=O)CCn1cc(Cl)cn1)Nc1ccc(-c2nc3ccccc3s2)cc1,-7.744,-5.228,5.285872586432632,5.115554710879358,0.2936842551904713,0.5326407948135133
CC1CCC(CN)(NCc2ncon2)CC1C,-6.259,-4.736,6.2374138070197,3.1122503112699658,0.2949042814351239,0.532361178903555
N#Cc1ccccc1S(=O)(=O)Nc1cc(Cl)ccc1OC(F)F,-7.563,-5.244,4.180900142313853,5.928189099548024,0.29320177848663,0.5322479372315269
CCN(C)S(=O)(=O)c1ccc(C(=O)N(C)c2ccccn2)cc1,-6.527,-5.019,6.265550015760787,2.973704255638076,0.2938021610368322,0.5321609758525108
CCC(C(N)=O)S(=O)(=O)c1ccc([N+](=O)[O-])cc1,-6.137,-4.734,6.265626704488546,2.972049965932605,0.2938286941503337,0.5313838406346499
CC(C)(C)ONC(=O)C(Cc1ccc(O)cc1)NC(=O)OCC1c2ccccc2-c2ccccc21,-7.893,-5.213,3.8964672461089673,6.052967288859242,0.2921777665776337,0.5312309443138209
Cc1ccc(N(C)C(=S)SSc2nccn2C)c(C)c1,-5.813,-4.402,4.460377114101452,5.773825248481288,0.2943204161364394,0.5308926961150707
CC(O)CNC(=O)c1cc(N2CCCC2=O)ccc1F,-7.043,-4.956,6.289795306685265,2.853524312144545,0.2924604684212171,0.5307679050776738
Cc1cc(C)nc(NCCCN2CCCCCC2)n1,-4.388,-3.062,6.183074720557725,3.297414896551539,0.2982317368797321,0.5305904674269293
CC(=O)Oc1ccc(C(=O)N2CCCC2)cc1OC(C)=O,-6.15,-4.553,6.273785539847533,2.929134513811204,0.2934715647858171,0.5305516838169376
CCCNC(Cc1cnccn1)Cc1ccc(Cl)cc1Cl,-6.314,-4.636,4.395896040626984,5.818304649981814,0.2931569327805549,0.5305006070746753
CCOC(=O)c1csc(C(F)F)c1C1CCCN1CCC(=O)c1ccc(Br)cc1,-6.328,-4.981,3.833925533966459,6.08826986918287,0.2900891999787273,0.5286815885754069
CC(=O)NCCCC(=O)Nc1ccc2c(=O)c3ccccc3n(C(C)=O)c(=O)c2c1,-7.874,-6.12,6.331957517229566,2.816042080651495,0.2863052310174002,0.5283715683343069
Cc1ccc(CNC(=O)C(C)Oc2nccnc2C(=O)O)cc1,-7.435,-5.608,4.515674589693106,5.785601178788597,0.2875493875949312,0.5281019106370429
COc1c(Cl)ncnc1OS(=O)(=O)c1ccccc1,-6.285,-5.536,4.545485452622194,5.76722203491421,0.2875655519248312,0.5279172553490734
O=C(Nc1ccc(Cl)cc1)c1ccc(N2CCC(NC(=O)c3ccco3)C2=O)cc1,-7.647,-6.146,6.28404121565096,3.17500551180624,0.2855253881087227,0.5277230587670743
COCc1nccc(C(=O)N(Cc2nccs2)C(C)C)n1,-6.389,-4.473,6.308376732567578,2.80355381614122,0.2904016015049487,0.5275453727773983
Cn1cc([C]2CN(C(=O)C3(c4ccccc4)CCCC3)CCO2)nn1,-8.169,-5.63,6.311744449833184,2.947839887103775,0.2868282247287335,0.5275001298620327
Cc1nc2nc3n(c(=O)c2c(=O)n1C)C(NCC(O)COC(C)(C)C)CC3,-6.346,-5.909,6.3240708408429445,2.977607260872393,0.2841561078841321,0.5258049267973076
Cc1nnc(SCC(=O)NC(C)c2ccc(C(F)(F)F)cc2)n1N,-6.938,-4.84,6.287367811731711,3.08838388157949,0.2873626638631878,0.5257992855788292
CC(=O)c1ccc2oc(-c3c(Cl)cccc3Cl)nc(=O)c2c1,-7.114,-5.324,4.341857436627786,5.89545494427699,0.285850780360052,0.5257548047560455
CCCCN1CCCCC12CCc1cccc(C(=O)O)c1C2=O,-7.022,-5.518,4.95193921610514,5.499821451647316,0.2841170806576175,0.5246927436287053
Cc1cc(CN(CCc2ccccn2)C(C)C(=O)O)no1,-6.249,-5.249,6.329999289099486,2.9113168841608434,0.2846748864370284,0.5244652269139739
COCCC(C)(C)CNC(=O)c1cccn1CC1CC1,-5.668,-4.177,4.70909280010492,5.659215228280331,0.2876137818839708,0.5241814309477663
Cc1noc(C)c1CN1CCc2nnc(C(C)C)n2CC1,-4.799,-3.486,4.140790624989386,5.973184828883165,0.2890498725486295,0.5235511068567319
Cc1noc(-c2ccccc2N2C(=O)c3ccccc3C2=O)n1,-8.031,-5.51,6.224488171729464,3.5340091963660765,0.2826961860694792,0.5233570970694879
CN1CCCC(N(C)CCN2CCCNCC2)C1,-4.315,-2.834,6.019351044755573,4.009034547119793,0.2906408934154891,0.5231503835044273
Cc1cc(NC(=O)C2CC3(CCCC(N(C)C)C3)CO2)n(Cc2ccco2)n1,-7.715,-5.528,4.968111713719811,5.50101890562103,0.2821210936869583,0.522873904087666
Cc1cccc(CC=N[S+]([O-])C(C)(C)C)c1,-6.262,-4.709,4.499105911178353,5.815682247165848,0.2845436408986677,0.5228513033879651
CC(C(=O)NC1CC1)n1c(C=Cc2ccco2)nc2ccccc21,-7.177,-5.248,3.749149503554106,6.162095747389843,0.2828376465311851,0.5227673332766435
O=C(Cc1n[nH]c(=O)[nH]c1=O)NN=Cc1ccc(OC2CCCC2)cc1,-7.389,-6.22,6.349168843242397,2.999337426832799,0.2796360689593082,0.5224537743844859
COc1ccccc1NC1=C(c2cccc([N+](=O)[O-])c2)C(=O)N(c2ccccc2)C1=O,-6.978,-6.043,6.342919674723936,3.0816044522293904,0.2786334804985123,0.5210350021344741
Cc1ccc(C(=O)NC2CC2)c(NC(=O)c2cc(N)nc(C)n2)c1,-7.614,-5.43,6.303719616226598,3.2552382401292843,0.280011311972098,0.5206470552461482
COC(=O)Nc1ccc(C)c(NC(=O)c2ncn(C)n2)c1,-6.752,-5.001,6.338640469375116,3.027597892719574,0.2806446249734151,0.5200590162105273
Cc1nc(NCCCS(C)(=O)=O)nc(N2CCCC2)n1,-5.718,-5.002,6.303708908253933,3.2652229632905634,0.2797071542577852,0.5191924229444544
O=C(Nc1ccc2c(c1)OCCCO2)c1cnc2n[nH]c(=O)n2c1,-5.767,-4.404,6.327532457443422,3.092889264102421,0.2807888750728012,0.5185505737383392
Cc1cc(NC(=O)c2nnc(-c3ncccn3)o2)cc(C)c1C,-7.407,-6.008,6.331592927534113,3.24606792904893,0.2758980199454733,0.5183763199726092
Cc1cc(C(C)C)ccc1NC(=O)N1CCOCC1C,-6.527,-5.02,4.655560224076152,5.757018412338108,0.2787125464786919,0.5183177514726525
CCOc1ccc(N2C(=O)CC(NS(=O)(=O)c3ccc(C(F)(F)F)cc3)C2=O)cc1,-7.363,-6.146,6.365270222072272,3.130128112394124,0.2738724341248154,0.5168420812022719
Cc1cc(C(=O)Nc2ccccc2-c2nc3ccccc3o2)on1,-8.217,-6.082,3.71277376095016,6.231673932419763,0.273782093140277,0.5165842902158795
COc1ccc(C2CCCN2C(=O)c2cn(Cc3cc(=O)n4cc(C)ccc4n3)nn2)cc1,-8.666,-6.097,6.373923281621767,3.0951113065607188,0.273421561245245,0.5162844618768782
O=C(NC1CCCCC1NC(=O)c1cccs1)c1ncon1,-7.402,-4.957,6.356892794439748,3.074159072006522,0.2766142036730441,0.5161912044743369
NC1C2CC12C(=O)Nc1ccc(C(F)(F)F)c(Cl)c1,-7.037,-4.928,6.362401590594544,3.043985216784076,0.276485984804816,0.5159925037113848
Cc1cc(C)n(CC(=O)NCC(O)c2ccco2)c(=O)n1,-6.847,-5.496,4.640458921270611,5.79538040166476,0.2746240022669881,0.5157930193586986
COc1cc(O)cc(C(=O)Nc2c(C(C)NC(=O)c3ccco3)n[nH]c2C)c1,-8.131,-5.498,6.4041905811741735,2.824595546268527,0.2745998286803191,0.515775735083891
CC1CN(C(=O)C2(C)c3ccccc3-c3ccccc32)CCO1,-7.307,-5.315,6.27828838139823,3.51503029858919,0.2750189463101112,0.5156728905063144
CCOC(=O)c1nc(NC(C)c2nc(C)c(C)s2)c2ccccc2n1,-6.768,-5.25,4.889561739051874,5.618112672419449,0.2746520321407364,0.5151525049553448
Cc1cncc(C(=O)Nc2ccccc2C(=O)Nc2ccccc2C(=O)N2CCCC2)n1,-7.225,-6.209,3.42178681393216,6.321322409116624,0.2718081706384451,0.5150597700651971
CC(C(=O)Nc1ccccc1Cl)N(c1ccc2c(c1)OCO2)S(C)(=O)=O,-7.28,-5.248,6.365964263173333,3.116668253119025,0.2741139351541691,0.5146421956876419
O=S(=O)(c1ccc(Cl)cc1)c1c(-n2cccc2)csc1-c1ccc(Cl)cc1,-7.219,-4.834,6.241349373332662,3.657372417460381,0.2748130859833115,0.5141735659162138
N#Cc1ccc(Cl)c(S(=O)(=O)Nc2ccc(Cl)cc2Br)c1,-7.101,-5.033,4.625069188671668,5.8116391835694685,0.2737223489695227,0.5136919381024804
NC(=O)CN1CCC(O)(C(=O)O)C1,-5.133,-4.743,6.391667935680013,2.9276669892595373,0.2745108796967912,0.5136434018337944
C=CCC(=CC=C(C)C=CC=C(C=C(C)c1c(O)c(CC=C=C(C)CC)cc(C(C)(C)C)c1O)CC)CCCC,-7.242,-5.181,5.265902676654782,5.302456977666108,0.2728330566635191,0.5132572121259494
CCOC(=O)c1sc(NC(=O)C(C)C)c(C(=O)OCC)c1N,-5.764,-4.612,6.397892231039844,2.8904093135748106,0.2743041200558545,0.5130937452028866
CC(C)CN(CC(C)C)C(=O)CCCC(=O)O,-5.205,-4.17,6.381399611370535,2.963839739257169,0.2753437043260362,0.5128592235590975
CCN1C(=S)NC(c2ccccn2)C1c1c(C)nn(-c2ccc(OC(F)(F)F)cc2)c1C,-7.437,-4.734,6.250083119447292,3.6610404258898863,0.2733060045845836,0.5124905097203852
COc1cccc(NS(=O)(=O)c2cc(C(=O)Nc3cc(C)ccc3C)ccc2OC)c1,-7.664,-6.064,6.421600267846013,2.947504028835245,0.2694338880093152,0.5124175276899542
Fc1cccc(Cl)c1C=NNc1nc(-c2ccco2)n[nH]1,-7.124,-5.43,6.401046945617568,3.020494164867729,0.2710022637643891,0.5122029642425882
[O-][n+]1ccc(-c2nc(-c3ccc(F)cc3)c(-c3ccccc3)[nH]2)cc1,-7.267,-5.924,4.857770064546076,5.68563989362675,0.268701335123932,0.5113463111658654
C=C(CC)CN1CCC(C(=O)O)(C(F)(F)F)C1,-5.958,-4.966,6.414816988815815,2.911972870752748,0.2712238371439561,0.5111612612388698
NC1C=CCC(C(=O)Nc2ccc(Cl)cn2)C1,-6.453,-4.998,6.425877216380654,2.887273107968831,0.2700064872960147,0.5100990171965258
N#CC(=Cc1ccc(-c2c(Cl)cccc2Cl)o1)C(=O)Nc1ccc2c(c1)OCO2,-8.136,-5.856,6.418704542195409,3.057546401937345,0.2674166447711776,0.5099410532965137
Cc1n[nH]c(C)c1NC(=O)CN(CC(C)C)C1CC1,-6.222,-4.354,4.619356989885063,5.830458472538845,0.2715554277473027,0.5098178297776848
Cc1ccccc1C=CC(=O)NCc1ccncc1F,-7.337,-5.441,5.024274176435837,5.558326906543011,0.2681223692793338,0.5095036003937035
Cc1cc(C(=O)O)cc(CN)n1,-5.704,-4.471,6.411710068304711,2.9555447890363635,0.2707929332603744,0.5094180940484402
O=C(Nc1ccc(Cl)cn1)c1cc(-n2cccn2)ncn1,-6.901,-5.472,6.381007757400079,3.3092553543055576,0.2663650181901809,0.5079138573377923
Cc1cccc(N=Cc2cc(I)cc(C)c2O)c1C,-7.032,-5.325,4.354022278307725,6.019588108832697,0.2664674649076618,0.5076190818555815
CCC(c1ccccn1)N1CC2CN(C(=O)C(C)n3cncn3)CC21,-7.669,-5.039,6.411035875738023,3.1208242500980417,0.2670433404617762,0.5074020857649401
CN(Cc1ccc(C(=O)Nc2[nH]ncc2Cc2c(Cl)cccc2Cl)cc1)C1CC1,-7.387,-5.46,6.404413009792544,3.220861530708825,0.2653953699702499,0.5069565752807172
Cc1c(Cl)cccc1NC(=O)C(C)CCN,-6.02,-4.703,6.440345642898369,2.9024191633876724,0.2674739239602886,0.5069097889584419
Cc1nocc1CCCS(C)(=O)=NC(=O)c1ocnc1C,-7.121,-4.957,6.425037509618134,3.105329290107573,0.2652952286101139,0.5055196963357936
O=C(c1ccc2c(c1)CCCC2)N1CCCN(S(=O)(=O)c2ccc(NCc3ccccc3)c([N+](=O)[O-])c2)CC1,-5.349,-4.394,6.446289863169356,2.900888829307321,0.2665926944688339,0.5052452260903451
CCCCOc1ccc(S(=O)(=O)Nc2cc(Nc3ccccc3C(=O)OCC)ncn2)cc1,-7.004,-5.292,6.447954326761318,3.028030052691023,0.2636422993530161,0.5048332765264045
CCSSn1ccc2cc(-c3cccc4c(C)c(-c5ccccc5)oc34)c(OC)cc21,-7.221,-5.255,4.684346485903877,5.853738121918335,0.2623491219733018,0.5034955638128624
CCn1cc(NC(=O)c2ccco2)c(C)n1,-6.438,-4.547,6.428682679989736,3.1351086105588117,0.2639969698495663,0.503188065600756
COC(=O)CN1C(=O)C(=O)C(=C(O)c2cc(Cl)c(Cl)c(Cl)c2O)C1=O,-6.605,-5.331,6.454463029563343,3.0680252606521994,0.2617398237646436,0.5031117451526042
COC(=O)c1cc(C(=O)OC)cc(S(=O)(=O)N2CCN(C)CC2)c1,-6.957,-5.077,6.462500135396517,2.990559981006901,0.2622698261152112,0.5029474468305364
Cc1nc(Oc2cc(C(N)=O)ccc2N)ncc1[N+](=O)[O-],-6.98,-4.838,6.446137603247389,3.102561522355358,0.2621692608857252,0.502216656873239
O=C(O)c1ccc(-c2ccc(C(F)(F)F)cn2)cn1,-7.0,-5.279,6.503327840421394,2.745325663741917,0.2607372788875479,0.5020098942491108
CCN1CCCC1CN(C)C(=O)C1(C#N)CCCC(C)C1,-6.551,-4.765,4.408427383999877,6.023477151944714,0.2617514261771,0.5016225288121966
CN1Cc2nn(C)c(C(F)(F)F)c2Cc2c(C3CC3)nnn2CC1=O,-4.967,-3.924,4.6894643617368486,5.838352164780744,0.2640133372259893,0.5015379221243984
CC(CO)CNc1ccc(N(C)C)c([N+](=O)[O-])c1,-5.947,-4.232,6.462249298812293,2.994464559816997,0.2622232763492342,0.5006561729841292
CC(=O)c1cccc(C)c1OS(=O)(=O)c1ccc(C)cc1,-6.908,-5.626,4.469303413284894,6.016503552728944,0.2579818913951983,0.500261555346675
CC(O)(Cc1ccc2c(c1)C(N)CO2)C1CC1,-5.72,-4.799,6.467163365804208,3.064733919934975,0.2599104216382277,0.4999452948756936
CCCCCCCCOP(=O)(OCCCCCCCC)c1c(C)c(NC(C)=O)c(C)c(C)c1-n1nc(C)cc1C,-5.496,-4.352,4.264619326505005,6.102881286736618,0.2609415697761405,0.49974999026723005
CCOc1ccc(C(=O)Nc2cccc(Nc3cc(O)ccc3O)c2)cn1,-7.426,-5.866,6.495290678637871,3.016928404851531,0.2567935764706053,0.4997359098320171
CCOC(=O)c1cnn(CCNC(=O)Cc2c[nH]c3ncccc23)c1,-6.862,-4.898,6.428186447202663,3.3065088840043964,0.2593537630591713,0.4996711355318524
CC1Cc2cn(Cc3ccco3)nc2C(NC(=O)Nc2ccc(Cl)cc2)C1,-7.345,-5.931,4.80408003680205,5.816852155590685,0.2562089848166973,0.49933646985782915
O=C(NC1CC1)c1cccc(NC(=O)C2CCCN(c3ncnc4c3CCCC4)C2)c1,-8.371,-6.576,6.4613005656756135,3.3160621224579026,0.2541864660537026,0.4990359568754896
O=C(Nc1ccnc(Cl)c1)c1ccc(Cl)c(S(=O)(=O)N2CCCCC2=O)c1,-7.528,-6.028,6.511531002767321,3.0020096602109723,0.2547141384007032,0.49813006646309615
CN(C)c1ccc(Nc2ccncn2)cc1,-5.9,-4.584,6.445425509615328,3.2535551324666363,0.2583237253736928,0.49784967937003594
CCOc1ccccc1NC(=O)CC1(c2ccc(C(F)(F)F)cc2)CC(=O)NC1=O,-7.755,-5.574,3.726792857136011,6.350428804419431,0.2554087363690305,0.4976246888613781
NC(=O)C1CN(S(=O)(=O)c2ccc(F)cc2F)CCO1,-7.431,-5.033,6.501475909360888,2.976925595308019,0.256727212425192,0.4974891041630468
CC(CNC(=O)C1N(C)c2ccccc2OC1(C)C)NC(=O)c1ccccn1,-7.016,-5.251,6.48126762292686,3.137813569987866,0.2560667539666688,0.49742005638142467
CCOc1ccc(N(CCO)C(=O)CCCCl)cc1,-5.514,-3.92,6.4772097387686935,3.022440900993764,0.2593644479859301,0.4970920174505167
COc1ccc(C)cc1NC(=O)CNc1nc(N2CCOCC2)nc2ccccc12,-7.478,-6.315,6.481266928618201,3.2997469599955687,0.2517516171213097,0.49596650444222146
COc1ccc(CNCc2nc(C(C)(C)C)no2)c(OC)c1OC,-6.022,-4.811,6.462364427978354,3.257928789890902,0.2556980249054632,0.4959088915349808
Cc1ccc(C(CCN)OCc2ccccc2)cc1,-6.131,-4.476,6.499481902428838,3.0027214323010383,0.2564787027407996,0.49578443190539667
COc1ccc(NC(=O)c2n[nH]c3c2CCCC3)c(OCC(N)=O)c1,-7.107,-5.4,6.425482394342078,3.512243869665089,0.2530319847935431,0.4948514606707593
CN1CCN(NC(=O)Cn2nc(-c3ccccc3)c3c(N)c4ccccc4nc32)CC1,-7.205,-6.345,5.289518125500658,5.46369938777748,0.2502564436823667,0.4945687565053191
CC(C(N)=O)N(Cc1cccnc1)C(=O)c1ccc(Cl)c(Cl)c1,-7.196,-4.931,6.506618860821648,3.070670610794979,0.2539267846320797,0.49450190794730825
CCc1nnc(-c2ccccc2Nc2ccc(N(C(C)=O)c3ccc(C)cc3)cc2)o1,-8.376,-6.512,4.269821893240982,6.180304280535061,0.2496417483786788,0.4943901986009808
Cc1ccc(C(=O)Nc2cccc(Cl)c2-n2cnnn2)nn1,-8.249,-5.567,6.486216154276696,3.2932732956740773,0.2512187961748023,0.4935079540047359
Cc1cc2c(cc1Cl)CCCN2S(=O)(=O)c1cccc([N+](=O)[O-])c1,-7.893,-5.513,6.534028160331113,3.0072016892785896,0.2513098032614935,0.49345743803204734
Clc1cccnc1N1CCN(c2ccccc2)CC1,-6.319,-4.909,4.971836883889091,5.71696221782163,0.2528783892452073,0.4934226595300209
CCOC(=O)C1C(OC(=O)n2nc(-c3ccccc3)c3ccccc32)=CC(c2ccc(OC)cc2)C1C(=O)OCC,-7.106,-5.485,5.25199866717424,5.491402826236662,0.2511587679205562,0.4932366003324365
CC1CC(C)CC(Oc2cc(N)nc(C(C)(C)C)n2)C1,-6.888,-4.684,4.576106969903567,5.994108273963693,0.2524432417323359,0.49241142830414153
Cc1cccc(NC(=O)c2ccccc2NC(=O)CSc2ccc(F)cc2)c1,-6.679,-5.696,4.755359607853016,5.900713261970963,0.2495224152405417,0.49217174908933753
CC(=O)c1cc(CN(CCN(C)C)c2cc(C)ncn2)[nH]n1,-6.422,-4.831,6.514154204499615,3.1330659105738587,0.2513643813567017,0.4917405462191136
CN1CCC(CO)C(C(=O)O)C1CC(=O)O,-5.301,-4.439,6.508416935015764,3.156378145913445,0.2516298171210913,0.4909790501543244
O=C(C=CNc1ccc(Cl)c(C(F)(F)F)c1)Cc1ccccc1,-7.648,-4.565,6.506950591482925,3.1789435352015927,0.2512789334008882,0.4909648100485118
COc1cc2[nH]c(CC(=O)O)c(C(C)=O)c2cc1Cl,-6.621,-5.45,6.551501659924998,3.0184085210587384,0.2485414516340914,0.4905696616498069
COc1ccccc1C(C)NS(=O)(=O)N1CCCCC1,-5.787,-4.65,4.682674556276572,5.941989818234293,0.2504571725526733,0.4903822674996873
Cc1ccc(C(=O)NC2(C(=O)Nc3ccc(=O)n(C)c3)CC=CC2)o1,-7.843,-5.814,4.476745916399544,6.091809993753909,0.2470121692496038,0.4899925528067859
CCC(C)(C)NC(=O)C(Cc1ccccc1)NC(=O)c1ccccc1,-6.689,-5.517,4.179644721743703,6.240145671376592,0.2471393452817035,0.48935615131659754
COc1cc(F)ccc1N1C(=O)C(=O)C(=C(O)c2ccc(Cl)cc2)C1c1ccccc1Cl,-7.053,-5.892,6.543748161413304,3.17854054559636,0.2459922395385283,0.48917949766226015
COc1cccc(C2C(C(=O)OC(C)C)=C(C)N=C3SCCC(=O)N32)c1,-6.345,-4.619,6.369862635881562,3.806489984224312,0.2490295230422654,0.48890230884834135
CCOc1ccc(NC(=O)c2ccc(-c3ccco3)nn2)cc1,-6.511,-5.571,6.57108826603326,2.9797625744344143,0.2465196236693296,0.4888807713424115
Cn1cc(C(=O)Nc2ccccn2)cn1,-6.133,-4.628,6.555907488670047,2.981222903440802,0.2486738181020914,0.4885763247619895
Cc1c(Cl)cccc1NC(=O)C(C)OC(=O)c1ncccc1C(F)(F)F,-7.321,-5.609,6.5420264444589336,3.186835734706136,0.246031790856621,0.48849419513156067
CCOc1ccc(CNC(C)(C)C)c(OC2CCC2)c1,-5.778,-4.207,4.218476620772005,6.209069656558864,0.2490066540356035,0.4878110531599167
CCOCC(C)(N)C(=O)Cc1cc(C)nn1CC,-6.077,-4.55,6.574762048926179,2.8814041715802388,0.2478656685059655,0.48758008762016714
COc1ccc(S(=O)(=O)N2CCCC2)cc1C(=O)N(C)Cc1ccccc1Br,-6.302,-5.138,6.595007960571389,2.8019089920980664,0.2463263474491688,0.4875774110507293
O=C1CN(S(=O)(=O)c2ccccc2Cl)CCN1c1ccc(OC2CC2)cc1,-6.855,-5.423,6.5631752985883285,3.0904617777930854,0.2452995735734109,0.48729061530534123
CC(C)N1C(=O)NC(CC(=O)Nc2cccc(O)c2)C1=O,-6.753,-5.146,6.452570805500703,3.619207924394507,0.2452058974573246,0.48648775522213683
CCN(CC(=O)Nc1ccccc1C(F)(F)F)C(=O)CNC(=O)c1ccc(Cl)cc1Cl,-7.272,-5.0,4.270366377724515,6.210757844257012,0.2453997399325237,0.48630532154939776
O=C(Nc1ccccc1C(=O)O)OCC(Cl)(Cl)Cl,-6.377,-4.539,6.563721657718279,3.06113100013704,0.2458711571398211,0.4855860733834633
COc1cc(C)oc(=O)c1C(=O)c1ccccc1N(C)S(=O)(=O)c1cc(O)ccc1F,-6.662,-5.795,6.533485899579183,3.369990504437662,0.2422479083320547,0.4851959052253202
Cc1ccc(OCCN2CCN(C)CC2)c(C2CC2C(=O)O)c1,-6.012,-4.468,4.697761701065731,5.968649847327284,0.2455935383907198,0.48512901989557555
Cc1cc(C(=O)N(C)Cc2ncn[nH]2)sc1C,-6.392,-4.795,5.077756295845636,5.696714228395173,0.2446164290489678,0.48500281448842125
CCc1nnc(CC2CCCN2C(=O)CC2CCc3cccc(=O)n32)o1,-8.032,-5.279,6.594213296519912,2.9811214332864737,0.2431975608370205,0.48483093203316013
Cc1ccc(OC(F)(F)F)c(CN2CCN(CC#Cc3ccc(F)cc3)CC2)c1,-7.837,-5.401,4.256873618044115,6.235942029878084,0.2428350707434529,0.4847804895149377
Cc1nc(C(=O)N(C)CC2CC(C)CO2)cc(N2CC(C)OC(C)C2)n1,-6.949,-4.967,6.5644654009294605,3.1424161086654347,0.2439194669435211,0.48475191097289494
COc1cccc2c1CC(C(=O)O)N(S(=O)(=O)c1ccccc1F)C2,-7.334,-5.438,6.486644972557077,3.560060252299112,0.2426081855313123,0.48464820820910265
CCCCCCOOOS(=O)(=O)OCCCC,-4.903,-3.794,4.937249639222225,5.794432155095096,0.2463200811258034,0.4841044324471469
COc1ccccc1Oc1nc(N)ncc1-c1ccccc1,-7.765,-4.911,4.469980536870379,6.1243782541577225,0.2431227343024498,0.4838164239524798
CC(=O)N1c2n[nH]c(=O)nc2NC1c1c(C)nn(C)c1C,-6.558,-5.057,6.605520872724572,2.921866868972644,0.2427315459946743,0.4837998528111369
COc1ccccc1N1C(=O)CC(N(Cc2ccc(Br)cc2)C(=O)C(C)C)C1=O,-6.869,-5.208,4.69295482611968,5.99711872485446,0.242252275043895,0.483706892815487
Cc1ccc(-c2ncc(C(=O)Nc3ccc(CN(C)C)cc3)s2)s1,-6.535,-5.173,6.524538067940135,3.436363484848483,0.2414697554671818,0.4828359846916084
COC(=O)C1(c2cc(C)nn2C)CCN(C(=O)OC(C)(C)C)CC1,-6.467,-4.235,6.6081302953256005,2.8664992586777336,0.243358015969668,0.4823182754511985
O=C(Nc1cccc(OCCNC(=O)c2cc(Cl)ccc2Cl)c1)Nc1ccccc1Cl,-8.227,-5.678,5.397821597644739,5.450731785732995,0.2394901414854297,0.4821306556610983
COc1ccc(CN(C)C(=O)Cc2ccc(OCCF)cc2)cc1,-7.093,-3.982,6.5563948935371466,3.2112380789969466,0.2433783757601113,0.4816885285695252
O=C(O)CCC(=O)Nc1ncnc2scc(-c3ccc(Cl)cc3)c12,-7.201,-4.911,6.572773082953647,3.244137173425316,0.2402354867909958,0.4809350195096408
COc1cccc(C=C(C(=O)O)c2csc(C)n2)c1,-6.056,-5.163,6.628694441592552,2.936594115638046,0.2391996576219243,0.48053568946788405
CCC(=O)c1ccc(OC(=O)C(C)NC(=O)OC(C)(C)C)cc1,-6.675,-5.023,6.622200691613022,2.969091611924428,0.2394932854093063,0.48047563660893916
CC(=O)NC(CCC(=O)O)C(=O)NC(C)c1cnn(C)c1C,-6.62,-4.698,6.602038776014573,3.070469182388905,0.2402491989512128,0.4804071112582053
Cc1nc(C2CC(c3nn[nH]n3)=NN2)oc1C,-6.493,-5.607,6.609954538421575,3.134747358241172,0.2377206120075738,0.48016738425202976
CCc1n[nH]c(C(=O)Nc2ccc(Br)cn2)c1N,-5.937,-5.252,6.6205615320756594,3.026882389522263,0.2385764007137957,0.48013428871443764
CCC(CC)CN(C(NC(C)=O)c1coc2ccccc12)S(=O)(=O)c1ccc2c(c1)c1ccccc1n2CC,-7.25,-5.079,5.481180985882513,5.371593525202741,0.2389318237424123,0.4800539244828474
CC(=O)Nc1cccc(CNC(=O)C=Cc2ccccc2C)c1,-8.237,-5.783,4.362210448843568,6.2270555642293735,0.2370676025363716,0.4799499238818658
CNCC(Cc1cc2ccc(C)cc2[nH]c1=O)CN(C)C,-6.519,-5.013,5.006796480784894,5.807862085139419,0.2378530365242777,0.478802188537006
O=C(NCc1ccc(C(=O)O)o1)c1cn[nH]n1,-7.025,-5.259,6.637638209483852,2.9927736299292667,0.2368858853695226,0.4784478191774666
C=CC(=O)[N+]1(c2ccc(Cl)c(C)c2)CCCC1CCc1c(-c2ccc(Cl)cc2)nc2nc(-c3ccccc3Cl)oc2c1C,-7.097,-5.766,4.215722595237974,6.308713498012095,0.2355999163656385,0.47841934099027544
O=C(C=CSc1nc2ccccc2o1)Nc1nc(-c2ccccc2)cs1,-7.557,-5.74,5.299493277663441,5.581988624137458,0.2351243184316019,0.47787113205526466
CC(Cc1ccc(OC(F)(F)F)cc1)NC(=O)Cc1ccc2c(c1)CCCO2,-8.069,-5.266,3.817839834251824,6.458718293903211,0.2361762268948357,0.4777482249676502
Cc1cc(N2CCCCC2C(=O)Nc2ccccc2F)nc(C(C)C)n1,-7.461,-5.784,3.993634309748452,6.4071208822684165,0.2348026484809504,0.47765419123072245
CC1CN(C(=O)Nc2ccccc2F)CCC1C(=O)O,-7.038,-5.559,6.665190169830115,2.908298471615319,0.2346530898593511,0.4769391754865347
Clc1cccc(CC2CCCN(Cc3nc(C4CC4)no3)C2)c1,-6.981,-5.468,4.291463386771463,6.2806221029449,0.2346171173605585,0.47667479578361227
O=C(NCC1(c2ccc(C(F)(F)F)cc2)CC1)c1cc(-c2cn[nH]n2)on1,-8.18,-6.53,6.658623431310709,3.106175139943013,0.2316793469364622,0.47631638577695123
O=C(NCCCN1CCCC1=O)C1CCN(C(=O)c2noc(-c3ccccc3)n2)C1,-8.047,-5.831,4.684420561819786,6.073123084542251,0.233116427454275,0.47605308659854173
CC1=C(C(=O)OCC(C)C)C(c2ccccc2O)n2nnnc2N1,-6.962,-4.98,6.6578629454202485,2.938295254054636,0.2351225780928517,0.4759630955840257
Cc1cc(Cl)ccc1OCC(=O)NC(C)c1nnc(C(C)Oc2ccc(F)cc2)o1,-8.005,-5.536,4.370227110803282,6.255545459830022,0.2327714111498063,0.4749656993765564
Cc1cnccc1OC1OC(CO)C(OC2OC(CO)C(O)C(O)C2O)C(O)C1O,-6.449,-5.042,6.6813622862407325,2.8267560913527725,0.2338056583031933,0.4747836513712236
O=C(CN1CCC(Nc2ncccc2C(F)(F)F)C1)OC1COC2CCOC21,-7.249,-5.324,6.682564777089705,2.8887793269822466,0.2326124570149112,0.4742747934132878
CC(C)C(NS(=O)(=O)c1ccccc1)C(=O)OCC(F)(F)F,-6.389,-4.457,6.629702029503287,3.158662691709895,0.2344502159815131,0.47396769371889313
C=CCN(Cc1ccc(N)cc1)C(=O)COC1CCCC1,-6.203,-4.352,3.991030318100828,6.409932136926256,0.2345573884560176,0.4738116313470524
O=[N+]([O-])c1ccc(C=NN=Cc2c(Cl)cccc2Cl)cc1,-6.97,-5.221,4.714527866075245,6.06902759921225,0.2311824646788708,0.47255844335468844
Cc1ccccc1C(C)NC(=O)CN(c1c(C)cccc1Cl)S(C)(=O)=O,-6.757,-4.295,6.642754097511062,3.140698966790673,0.2330763307593237,0.47217024752317305
Nc1ccc(C(=O)Nc2nc(Cl)cc(Cl)n2)cc1[N+](=O)[O-],-7.182,-5.595,6.683551750379434,3.031285700820692,0.2298543805990081,0.4721264046976875
Cc1ccc(C(=O)OCCc2c(F)cccc2Br)cc1S(=O)(=O)N1CC(C)CC(C)C1,-7.657,-5.056,6.666266421318607,3.094164507585206,0.2309009712624307,0.4718600499940433
CSCCC(N)C(=O)N1CCCC1C(=O)NCC(C)C,-5.898,-4.49,6.680578492915115,2.931336555225278,0.2321381978525697,0.47170753135101295
Cc1cnccc1CNCc1ccc(Br)c([N+](=O)[O-])c1,-6.741,-4.735,6.641004592680237,3.2213236409898336,0.2314260055138209,0.4715954645990112
COc1cc(Cl)ccc1NC(=O)C1CCS(=O)(=O)C1,-6.925,-5.142,6.696388056258388,2.923672348263396,0.230129506621965,0.4712848229179202
CCOc1ccccc1NC(=O)COC(=O)C(C)NC(=O)Nc1ccccc1,-6.912,-4.877,5.081245615004257,5.812060305950034,0.2301135825330245,0.47060973546428253
CCC(NC(=O)Oc1ccc([N+](=O)[O-])cc1)C(=O)Nc1ccc(Oc2ccc(S(=O)(=O)Nc3cc(C)co3)cc2)cc1,-8.962,-6.947,6.723148741475232,3.0020587935615133,0.2251242156828527,0.4705457083917382
CC(Cc1nc(-c2ccccn2)no1)NC(=O)c1ccco1,-6.957,-5.532,6.663390878524236,3.2203220335860814,0.2284376274254336,0.47051354295162406
COc1n[nH]c(NC(=O)c2ccc(Oc3cnccn3)cc2)n1,-7.049,-5.597,6.695511556259163,3.056988877964721,0.2277356388945818,0.46995032488084443
CC(C)n1ncc(NC(=O)Cn2cnccc2=O)c1C(N)=O,-5.95,-4.573,6.656922787594881,3.1837115133127254,0.230171285853726,0.46991177000036494
Cc1nc(C(C)NC(=O)c2n[nH]c(-c3ccccc3C(C)O)n2)n[nH]1,-8.062,-6.134,6.684370651003728,3.204575166851296,0.2260155011710134,0.4694892287194892
Nc1nccn1-c1ncc(Br)cc1Cl,-5.486,-4.144,6.684111683686919,3.001362690512429,0.2303612093826251,0.4690348610933254
N#Cc1ccc(-c2cccc3sc(Cc4ncc[nH]4)cc23)c(Cl)c1,-7.412,-5.361,6.636027501449945,3.435032605376551,0.2263441047423011,0.46793192839292896
O=C(Nc1ccc(F)cc1)c1ccc(C(=O)N2CCCC2)cc1,-7.185,-5.264,6.708131930724082,3.0313277618891714,0.2265594516600176,0.46791558629620744
O=C1C(=O)C(c2ncc[nH]2)N(c2ccc(F)cc2)C1=O,-6.759,-4.871,6.4342356966464935,4.0663333606579775,0.2274603189549934,0.46787390882270846
CC1(C(N)=O)CCN(C(=O)c2ccc(Cl)c(Cl)c2)C1,-7.023,-5.042,6.718997395445245,2.951312589340546,0.2266046776051626,0.4674150401178415
O=C1C=CCc2ccc(O)c(OC3CCCCC3)c2C2OCCC12,-5.561,-4.453,4.526700012150132,6.208883313446952,0.2278971735432356,0.46728696590320606
CCOC(=O)c1ccc(OC)c(C(=O)OCC(C)(C)Cl)c1,-6.824,-4.468,6.697417711327254,3.038895852114712,0.2278413310272523,0.46726692479256826
COc1c(Cl)cc(C=C2NC(=O)NC2=O)cc1Cl,-5.901,-4.74,6.71157664040276,2.9986285198403606,0.2267264560205744,0.46679493553427004
CN(CC(=O)O)c1ncccc1C(=O)Nc1ccc(O)cc1,-6.66,-5.148,6.715723862697154,3.040686435658896,0.2253680817506379,0.4663986026015348
COCCNc1nnc(SCC(=O)Nc2ccccc2C)s1,-6.55,-4.768,6.728612709912794,2.9283968310322965,0.2257283310742452,0.465835343076619
CCC(C)N(CC)c1ccc(C(=O)Nc2ccccc2OC(C)C)cn1,-5.796,-4.891,6.629464759692143,3.496518840218082,0.2253407382823578,0.4657381080926538
COc1ccc(S(=O)(=O)N2C3CCC2CC(O)(c2ccco2)C3)c(C)c1,-7.283,-5.192,6.73904785559503,2.932327744301447,0.2242774807113595,0.465376631388488
CC(CNC(=O)C(=O)NCc1ccc(Br)cc1)N1CCCC1,-7.09,-5.15,6.751131016355703,2.85818438873352,0.2239132588966399,0.4648956903209117
Cc1nc(N)c2c(n1)CCC(NC(=O)c1ccn(C)c1[N+](=O)[O-])C2,-6.864,-5.459,6.690447668131035,3.319326588330833,0.2223936235911806,0.46406944324878785
O=C(CC(F)(F)F)NC1c2ccccc2CC1O,-6.526,-5.076,6.655103530374265,3.457866538777922,0.2231583402623811,0.4639302746047543
Cc1noc(CSc2nn(C3CC3)c(=O)n2-c2c(C)cccc2C)n1,-6.891,-4.898,6.716470055021461,3.136216988666442,0.223310178872635,0.4636521149591342
O=C(NC(=O)c1ccccc1Oc1ccc(F)cc1[N+](=O)[O-])Nc1ccc(Br)cc1,-7.949,-6.319,6.744912230711383,3.1341521979635902,0.219645306416456,0.4632721803399971
Cc1cccc(C(=O)Nc2c(C)cccc2NC(=O)c2cc(C)no2)c1,-7.941,-6.425,3.603698933040884,6.655005184070106,0.2185501353997004,0.4623707579577723
COc1c(CC(OC)C(=O)O)ccc(C)c1C,-5.798,-4.541,6.728777229185106,3.084448248876936,0.2227752468422938,0.4622218854636586
Cn1c(-c2cc(C(=O)O)no2)cc2ccccc21,-7.072,-5.003,6.754457565193523,2.966118844550906,0.2216597175816682,0.4621918029010367
COCCCN(CCO)C(=O)N1CCCC1,-4.937,-3.69,6.7289323818864455,3.0111476217548683,0.2241885555381894,0.4615876835770141
Cc1oc(C(=O)OC(C)C(=O)c2cccc(F)c2)cc1[N+](=O)[O-],-7.378,-5.452,3.3944809617966625,6.704014170629415,0.2186343973206199,0.46011361021416397
Cc1cc(CC2CCN(C(=O)c3ccn(C)n3)C2)n[nH]1,-7.626,-5.123,6.741410386558587,3.180730890848831,0.2190931584624587,0.4597991959474668
CC(C)c1nccn1C1CCC2(CCN(C(C)C)C2)C1O,-6.456,-4.883,3.6949644111953233,6.621752034016375,0.2196010609834405,0.4597489767045761
O=C(NN=Cc1ccccc1OCc1ccc(F)cc1)c1ccc(F)cc1,-8.202,-4.776,6.784208575803076,2.9175916438048684,0.2186264195302911,0.45846808380678117
NC(=O)c1ccc(F)cc1S(=O)(=O)Nc1ccccc1COc1ccccc1,-7.572,-5.131,4.082196590072554,6.504500980090632,0.2176402678416723,0.45829143704057074
COP(=O)(O)C(O)C1CO[P+](O)(O)OC1CO,-5.619,-4.737,6.783862985055049,2.9300242319817085,0.2184632598474725,0.45820238279248804
O=S(=O)(Nc1ccc2c(c1)OCO2)c1cc(Cl)ccc1Cl,-7.186,-5.101,6.792103208874259,2.927890196028532,0.2174373612533951,0.4580052990208638
NC(=O)c1cc(F)ccc1NC(=O)c1ccccc1-c1nn[nH]n1,-8.058,-5.425,6.799630578200555,2.916863041008268,0.2166537998372191,0.4579598148235071
CC(=O)N(CN1C(=O)NC2(CCCC2)C1=O)c1ccccc1Cl,-6.574,-5.041,6.75573016038977,3.1717908190799724,0.2174462592936142,0.4578697227726819
Cc1nnc(CSCC(=O)Nc2cccnc2)o1,-6.687,-4.344,6.705057494160657,3.401213018909577,0.2183153324707105,0.4570932506097036
CC(C)(NC(=O)c1ccco1)C(O)c1ccccc1,-7.585,-4.984,3.219145694124452,6.752498944835164,0.2168077101049724,0.4570594018405634
CC(C)Oc1ccc(C(=O)Nc2cccnc2)cn1,-5.874,-5.131,6.7767670020445605,3.1123087893073853,0.2160025296995683,0.45656386451646946
CCCNc1ncc(C(=O)Nc2ccc(OCC)cc2)cn1,-6.026,-4.782,6.765093495288885,3.151574368470464,0.2166805244003652,0.456437706274115
O=C(CCn1cncn1)Nc1ccc(Cl)nc1,-6.307,-4.644,6.79128176414438,2.98370390622126,0.2165833391948431,0.45600198724463425
CCCOc1ccc(NC(=O)c2ccc(CN)o2)cc1OCC,-6.219,-4.908,6.806547876860926,2.914238322443791,0.2158117137712357,0.455825317666268
CCOCCC(NC(=O)Cn1ccnc1C)c1ccc(OC)cc1,-5.996,-4.72,3.660576047564099,6.660871714723231,0.2158535945123389,0.45541642737792515
Cc1cccc(C(=O)NCc2ccccc2S(=O)(=O)NC(C)(C)C)c1,-7.472,-5.431,6.829079806240369,2.841357774022835,0.2140821668500855,0.45524811525927683
Cc1ccc(NC(=O)c2ccc(-n3cccn3)nc2)cc1C,-6.913,-5.896,6.806885190746204,3.078616734834008,0.2128492012301105,0.45504321295802985
CC(=O)NCC1CN(c2ccc(OCCCN(C)c3cc(Cl)ccc3C)cc2)C(=O)O1,-5.765,-4.236,6.7917709030855855,2.997011010990783,0.2162838861674433,0.4547003448570502
Cc1ccc2nc(-c3cnc(C)cn3)[nH]c2c1,-6.65,-4.92,4.297405379993839,6.43632146493632,0.2143727813999364,0.45433196806388004
CC(C)n1ccc(C(=O)C=NNC(=O)OC(C)(C)C)n1,-5.831,-5.153,6.794032749405908,3.13138260198271,0.2134236128638147,0.4538827899975665
CCCN1CCCC1CNc1cc(Br)ccc1[N+](=O)[O-],-6.409,-4.5,6.801302889888083,3.021998345466125,0.214617150825477,0.4535809111064936
Cc1cc([N+](=O)[O-])ccc1NC(=S)Nc1ccc(C(=O)O)cc1,-6.955,-4.994,6.798469460106442,3.123294094381764,0.2130283514357185,0.4530821150486699
CN(C)Cc1ccc(OCCN2CCOCC2)cc1,-5.883,-4.164,4.225356789668773,6.470265914164579,0.2143011387836238,0.4524378770429667
CC(C)NC(=O)c1ccc(OCC(=O)N(C)CCC(N)=O)cc1,-6.241,-4.818,6.828069346455115,2.975563476049537,0.2120577926150153,0.4516285698828044
CCOC(=O)C(C)Cn1c(N)nc2cc(C(=O)Nc3ccc(Cl)cc3F)ccc21,-7.075,-5.451,6.845375884493122,3.00543823759531,0.2093773240895759,0.4502651928973405
CCCCOC(=O)c1[nH]nc(N)c1-c1ccc(Cl)cc1,-6.316,-4.234,6.829327931795337,2.9830947018155496,0.2117700158505102,0.4499257125461292
CC(=O)N(CC(=O)O)c1ccn(C)c(=O)c1O,-5.625,-4.875,6.846218591310096,2.967119141524317,0.2099302860905985,0.449492797882279
O=C(NC1CC1)c1nc(Cc2ccc3c(c2)OCCO3)no1,-7.11,-5.333,6.829954245820392,3.135889825870802,0.2088419975008105,0.44941032088946165
COc1cc2c(cc1NC(C)=O)C(Cc1ccccc1)NCC2,-8.223,-5.543,3.700579819433706,6.711184172707526,0.2081939943070092,0.44920800271482125
COC(=O)C(C)OC(=O)C(Oc1ccccc1O[N+](=O)[O-])(C(=O)O)C(=O)O,-6.492,-5.003,6.856567435678,2.943082907428875,0.209041916427068,0.44884412004094637
CC(C)(C)OC(=O)NC1CC(NC(=O)C2CCN2)C1,-5.685,-4.56,6.816180308647944,3.174196433745081,0.2097637283730977,0.4485656413349557
NC(CCC(=O)NCC[P+]1(O)CCN([N+](=O)[O-])CC1)C(=O)O,-6.712,-4.52,6.853666099249363,2.966845799835239,0.2090089381511152,0.44766287509325614
Nc1nonc1-c1nc2ccccc2n1Cc1cccc(Cl)c1,-7.974,-5.975,4.39973874224368,6.457242522935003,0.2057646088524977,0.4475909787748948
Cc1nccn1C1CN(C(=O)c2c(Cl)ccnc2Cl)CC1C,-6.151,-4.525,6.866288225817499,2.876593471451953,0.2088819819872301,0.4475387678995257
COC(=O)c1cc(C)nc(NCc2ccno2)c1,-6.733,-4.822,6.851292505797719,3.043668510202779,0.2079637671904935,0.4472571743710454
Cc1cc(C)c(S(=O)(=O)NC(C)C(=O)O)cc1Cl,-6.855,-5.016,6.886010746433669,2.8065076162376617,0.2074603213995429,0.447173621810038
COC(c1nc(-c2ccc(C)cc2C)c(C(=O)O)s1)C(C)(C)C,-6.818,-4.917,6.874306510477982,2.912099586209235,0.2073431626770563,0.44681366813174334
CCCS(=O)(=O)CCNCc1ccn[nH]1,-5.233,-3.968,6.788263179930489,3.371436785704278,0.208638001948618,0.44595349013677227
OCC1NC(CO)C(O)C(O)C1O,-4.649,-4.568,6.870323573165968,2.963496077270897,0.2070066071704854,0.44562683829124816
Cc1ccc(C(C)NC(=O)C2(CO)CCCC2)cn1,-7.057,-4.655,6.741144116542829,3.646820533012284,0.2063673436219317,0.4451434769710028
Cc1cc(NC(=O)c2cc(Cn3ccnc3)n[nH]2)ccc1F,-6.651,-5.392,6.841012644338554,3.271715299349868,0.204586212397624,0.4449457479012956
O=C(NNc1ccc(Cl)nn1)c1cccnc1Cl,-7.164,-5.645,6.8717207451991245,3.155916665566441,0.2033321881745321,0.4441696265350471
COc1ccccc1-c1nc(CN2CCC(C(=O)OCc3ccccc3)CC2)cs1,-7.843,-4.962,4.545460812722951,6.389368748162841,0.2045636744203954,0.44391425218367836
CC1CC(C#N)N(S(=O)(=O)c2ccc3c(c2)OCC3)C1,-6.659,-5.111,6.882285230938923,3.0468229354526004,0.2041130242617245,0.4437738211131789
CCC(c1cccc(Br)c1)C1N=C(c2ccncc2)NC1=O,-7.333,-5.182,6.812740564559903,3.4395297643718696,0.2038698406471568,0.44367539685719243
COc1ccc(OC)c(C(O)=C2C(=O)C(=O)N(c3cccc(Cl)c3)C2c2ccc(C)cc2)c1,-7.632,-5.926,3.79398431731076,6.733820386675012,0.2020994458686758,0.4434731367049115
Cn1c(=O)oc2cc(S(=O)(=O)N(CCC(N)=O)c3ccccc3)ccc21,-7.242,-4.992,6.887798269403655,3.024739823522016,0.203833223151666,0.44319118731351
COc1ccc(C(O)Cc2ccc(C)c(C)c2)nn1,-6.804,-5.402,6.877688129015445,3.1409097408235085,0.2029085589682759,0.4431409607495759
Cc1nn(C)c(C)c1NC(=O)N1CC(C)C(C(=O)O)C1,-7.675,-5.456,6.891689923378734,3.068320387443267,0.2025887562503432,0.4429172874125773
CCC(C)NC(=O)c1nn(-c2ccc(Cl)cc2)c(-n2cccc2)c1-c1ccccc1,-6.274,-5.192,4.369649528280272,6.497182235400204,0.2028448023298453,0.44258193076031005
N#CC(C(=O)NCc1ccco1)=C(O)c1ccc2ncsc2c1,-7.504,-5.79,6.90238538477822,3.0760672944524474,0.2011630405817986,0.44212984918530734
COCC(CCN)NC(=O)Nc1ccc(-n2nc(C)cc2C)cc1,-6.169,-4.943,6.866991845051223,3.216429231306045,0.2026575593590525,0.44179688590479316
Nc1nc(N)c2c(n1)NC(=O)C(c1cccc(Cl)c1)N(Cc1cccc(F)c1)C2,-6.366,-4.707,6.843924458963585,3.3303280619182245,0.2028712315923192,0.44147832488234817
Cc1cc(Cl)ccc1NS(=O)(=O)c1n[nH]c(C)c1C=O,-6.215,-5.256,6.771679998346053,3.6799066564248615,0.2015966002686539,0.44136686849987916
CCCCC(=O)N(C(=O)c1ccc(=O)[nH]n1)c1ccccc1,-6.486,-4.834,6.888660392267861,3.1009097052316763,0.2023530955670396,0.441210629950342
CCc1nsc(C(=O)Nc2cn[nH]c2C(=O)Nc2ccccc2)c1C,-7.725,-5.889,6.925839371513031,3.0201630750673054,0.199344539436659,0.4403549688683564
N#Cc1cc(C(=O)O)c(C#N)cc1Nc1cccnc1,-6.762,-5.29,6.9286596827958,2.935310205072029,0.2003845111759623,0.4401167851783762
CN(C)C#CC(C)(C)S(N)(=O)=O,-4.989,-4.37,6.910088422010241,2.95632694403038,0.202281572121227,0.4400488284835323
Cc1ccc(C(=O)NC(=S)Nc2cccc(NC(=O)c3ccco3)c2C)cc1,-8.565,-6.404,6.865695157811771,3.4328357082738474,0.1977389758806447,0.4397577691038178
CNCC(CC(=O)O)C(C)(C)C,-4.303,-4.105,6.913352153622728,2.91994212271408,0.2024601356658816,0.4396225467750061
COC(=O)CC(C(=O)c1ccc(OCC(C)C)cc1)C1CC1,-5.557,-4.537,6.8919423967412845,3.128288190048992,0.2014393407370231,0.4395213416926801
CCCOP(=O)(O)CC[N+](CCC)(CCC)CCC,-4.84,-3.694,6.90270939559243,2.9617027197205323,0.2030857306585794,0.43933570207407924
Cc1cn(C2OC(CO)C(OC(=O)c3cccnc3)C2O)c(=O)[nH]c1=O,-7.709,-5.516,4.33252512975978,6.547664087290978,0.199088061769252,0.4392122403413634
CCOCCN(C(C)(C)C(=O)O)S(=O)(=O)N1CCCC1,-5.048,-4.177,6.919673041408822,2.953393641220215,0.2011762631599254,0.4383945577267245
CC(CC(=O)NCC1(C(=O)O)CC1)C(C)(C)C,-5.179,-4.868,6.933126495312198,2.962355312922472,0.1994269660800612,0.4380876988835253
O=C(CCCc1ccccc1)N1CCCC1c1nc(Cc2ccc(Cl)cc2)no1,-7.218,-5.203,4.428784144660924,6.503995387452239,0.1985793026409356,0.4379291917410146
Cc1ccnc(-n2nc(C)c(CC(=O)Nc3cc(Cl)ccc3Br)c2C)c1,-7.579,-5.67,6.866742604758096,3.435814459484097,0.1975391458842288,0.4378539777690057
OCC1(F)CCN(C(c2ccccc2)c2ccccc2)C1,-6.537,-5.131,6.951377992887453,2.904150478194957,0.1981558095744235,0.4372960169768885
O=C(COC(=O)c1ccccc1OC(F)F)NCc1ccsc1,-6.821,-4.425,4.315199300148256,6.555474734906695,0.1991453826735286,0.43675183548143
CC(=O)C(CC(C)C)NC(=O)C(NC(=O)c1ccc(=O)[nH]n1)C(C)C,-6.73,-5.095,6.956287299989843,2.8963858513671825,0.1976900582250359,0.43669889254406663
CNCc1sc(C)nc1COc1ccc(C)cc1C(C)(C)C,-6.079,-4.722,4.407257764188521,6.517878565913913,0.1982530276362859,0.43645910999186455
COc1ccc(N2C(=O)N(C)C(=O)C23CCCCC3)c(Cl)c1,-6.048,-4.909,6.876717094660794,3.377771602699036,0.197824471714799,0.4364185869967377
CC1=C(SCC(=O)O)C(c2cccc([N+](=O)[O-])c2)n2[nH]c(=O)nc2N1,-7.227,-5.323,6.880817175307014,3.4129008189515257,0.1964743074737415,0.43587720521228057
Cc1c(C=Cc2ccccc2)sc(C=Cc2ccc(NC=CS(=O)(=O)O)cc2)c1C,-7.264,-6.265,6.98418348842583,2.904282011100161,0.1943065892731284,0.435609035371197
COc1ccc(C2CC2NC(=O)NCc2nc3ccccc3o2)cc1,-7.254,-5.888,4.379510817431554,6.560931793579324,0.1949377488577335,0.43545815798273974
CC(C)CC1(C(=O)N2CCNC(=O)C2CC(=O)O)CCCC1,-6.289,-4.855,6.88673630974789,3.36245802947784,0.1970182266800824,0.4354040565627524
O=[N+]([O-])c1cc(I)ccc1S(=O)(=O)c1ccc(N2CCCCC2)cc1,-6.794,-5.243,6.974112703419697,2.89366013899352,0.1956349378349291,0.434762030379516
CCCC(CO)NC(=O)c1ccc(N2CC(N)CC2=O)cc1,-6.33,-4.888,6.950130790136255,3.029281432947424,0.1963232276553869,0.43471124510333675
CC(=O)c1ccc(NCCC(=O)NCCNC(=O)Nc2ccc(C)cc2)cc1,-5.695,-4.209,4.636419092359965,6.396867123834917,0.1976616852286635,0.4346223256826258
N#CCC1CCCCN1C(=O)c1ccccc1-n1ccnc1,-6.936,-5.341,6.922180725753987,3.2686428376315453,0.1950116438789378,0.434292842009424
CCOCC(=O)NC(C(=O)NCc1ccnc(N(CC)CC)c1)C(C)C,-6.129,-4.707,6.961007182872317,2.9555344694318832,0.196241508263045,0.43420476957213033
CC(=O)N(CC1Cc2[nH]cnc(=O)c2CO1)c1ccc(Cl)cc1F,-7.285,-5.362,6.934204063913896,3.236171967000517,0.1943022519822289,0.43355009603316674
CC(C)(C)OC(=O)c1ccc(OC(=O)OCc2ccc(NC(=O)OCC3c4ccccc4-c4ccccc43)cc2)cc1,-8.777,-5.118,6.991888300023107,2.805277348142248,0.1947753913253689,0.4335202544634667
CC(C)NCCn1ncc(-c2cccc(F)c2F)cc1=O,-6.758,-5.0,6.88474436707711,3.4799497122803364,0.1942875349732087,0.4327075191837566
CCN(CC(=O)Nc1cccc(Cl)c1C)S(=O)(=O)c1ccc(Cl)c(Cl)c1,-6.621,-4.868,6.988239835609535,2.859868528446719,0.1944655352109263,0.4326039088092249
CCCCCOC(Cc1ccc(O)cc1)C(=O)O,-6.072,-4.093,6.971000071725721,2.890548390876721,0.196044361532844,0.4325731874616286
O=CN1CCN(c2cnnc(NCCN3CCOCC3)n2)CC1,-7.086,-5.028,6.972952100796332,3.0315271728948785,0.1936272326948081,0.4320354463842678
Cc1cn2c(C(=O)NC(C)c3ccc(C)o3)cncc2n1,-7.26,-5.238,6.9576649100111165,3.1553061658102206,0.1931930943336983,0.4320288652994692
CCCOC1C(O)C(O)C(O)C1O,-4.841,-4.25,6.956130102291071,3.055436630008876,0.195176522571051,0.4319757294443083
CCc1nc(NCc2ccn(C)n2)c2ncoc2n1,-6.721,-4.855,6.932338782835124,3.28925249866896,0.1933887145486443,0.4313748600498293
CCOC(=O)C1CN(C(C)=O)C(=O)N1c1ccc(Cl)cc1,-6.148,-4.852,3.622974468582411,6.86931066410597,0.1920168959776113,0.4298353225173581
CC(C)CC(CNC(=O)c1cccc(Cl)c1[N+](=O)[O-])C(=O)O,-6.621,-5.185,6.977841715029082,3.133513363622373,0.1912812899834173,0.4297659123404213
CC(C)CC(NC(=O)C1CC(=O)Nc2ccc(Cl)cc21)C(=O)O,-7.136,-5.248,7.009566249062777,2.924979487107559,0.1910769484919331,0.42967885550852886
CCOC(=O)N1CCC2(CCC(c3ccc(OC)c(N)c3)C2)CC1,-6.537,-5.498,7.00223178708046,3.030003465344553,0.1902897084012469,0.42935687961391306
CCNC(Cc1c(Br)cccc1OC)C1=CCCO1,-5.887,-4.485,4.363270676911988,6.593327308726603,0.1921940772619837,0.42919828695824397
Cc1ccc(O)c(CN2CCC(N3CCCCC3=O)C2)n1,-6.54,-5.15,6.982539580983412,3.155263855844705,0.1903426437979442,0.42863108483091805
C=C(C)CN1CCC(CN=C(NCC)N2CCC(C)CC2)CC1,-6.107,-4.678,4.722590602624793,6.404073235059074,0.1910432332029486,0.4283495118340744
CC(C)(C)n1c(NC(=O)c2ccccc2)nc2ccccc21,-7.028,-5.67,3.7744581068015566,6.859431900675157,0.1882943568445426,0.4274854778994913
CCN(CC)c1ncc(F)cc1CCC(=O)O,-5.635,-4.146,7.0001664265930135,2.993974949795005,0.1911039722415316,0.42720854655302015
NC(O)(CO)C(O)C(O)CO,-4.332,-4.728,7.031394314074555,2.902490999124717,0.1889145759097883,0.4260692375241
CCC(C)C(NC(=O)CC1(C(=O)O)CCC1)C(=O)O,-6.06,-4.819,7.027228401012735,2.980638522196209,0.188236161275534,0.42550837775730366
CC(C)(C)OC(=O)N1CCCC1C(=O)NCCCN1CCCCCC1,-4.469,-3.338,6.924636957992815,3.435582337828625,0.1908539250898835,0.42508729405142404
Cc1noc(C)c1C(=O)NC(c1ccccc1NC(=O)C(F)Cl)C(C)C,-7.181,-5.046,7.027040628884964,3.079473981055856,0.1866661639421676,0.42423863385483923
CCS(=O)(=O)N1CCC2(CC1)CC(Cc1ccccn1)C(=O)N2C,-6.853,-5.276,7.042777932037896,3.0393658878127847,0.1855708731616121,0.42350521238566
C=C(C(=O)O)C1CN(c2ccc(Cl)cc2)C1=O,-6.936,-5.212,7.043602842295979,3.0377888340041017,0.1855043894357455,0.4232866679502731
CCNC(=O)C(C)N(Cc1cccc(Cl)c1)C(=O)Cc1ccco1,-6.381,-5.155,3.8912194746634383,6.847335540193718,0.1855054904421165,0.4231608142843376
CCCC(NC(=O)OC)C(=O)NC(CC(C)C)C(=O)OC,-5.857,-4.28,7.048003050510123,2.9624444298585586,0.1861776938671386,0.4219672083758614
NC(C(=O)O)=C(N=Nc1ccc(O)cc1)C(=O)Nc1ccc(Cl)cc1,-6.965,-5.513,7.090527413387524,2.8058620778648407,0.1835761178662807,0.42174804223561135
NC1CCCN(c2ccco2)C1,-5.333,-4.508,7.052618308117914,2.992570467006583,0.1852095854639928,0.4213788417114411
Cc1ccc(C(CC(=O)OC(C)C)NC(=O)c2oc(C)nc2C)cc1,-7.418,-5.311,7.059501257171076,3.070034853222354,0.1832213248500604,0.4208931546563257
CC1CCCN(C(=O)C(C)N(C)S(=O)(=O)c2ccc(C(F)(F)F)cc2)C1,-7.443,-4.612,7.056356921244842,3.0193022372727114,0.1843816308572347,0.42066790738132126
CC(C)(C)OC(=O)NOC1CCCN1C1CCCCC1,-5.609,-4.78,7.073813186676617,2.9609042537711363,0.1833366583711609,0.41984756116663424
OC1(CNCCc2ccc(Br)s2)CCOCC1,-5.771,-4.929,7.073813540092785,2.995421339311049,0.1828237406402608,0.4195902821424959
NC(CO)c1nc(-c2ccccc2)no1,-6.581,-4.962,7.081617400001216,2.945364154056336,0.1827027920692384,0.4195245910712469
CN(C)c1ccnc(Nc2cccc(N3CCCC3)n2)n1,-6.553,-4.964,7.038798832187207,3.2303437897536544,0.1826298631208547,0.41944528294161243
CNN(CC=O)C(C)=O,-3.731,-3.631,7.0362283220486805,3.1302761858979795,0.1847653332164451,0.4189098035674219
CCNc1nncc(NC(C)c2ccco2)n1,-6.702,-4.74,7.09355383429209,2.9109634144042422,0.1818762900031404,0.4180835490815242
Cc1ccc(C(=O)C2=C(O)C(=O)N(Cc3ccncc3)C2c2ccccn2)o1,-7.51,-5.659,7.129168605103963,2.7640739859851795,0.1798476071742258,0.4177630267806823
O=C(O)C1CCCN1C(=O)C1CCCOC1c1ccccc1,-7.772,-5.147,7.085251865671396,3.058384377412362,0.180595432449326,0.417505430108042
CNc1cc(Cl)nc2c1C(c1ccc(NC(=O)CC(C)(C)C)cc1)N(c1ccccn1)C2=O,-7.125,-5.838,4.722773020165165,6.516394248355452,0.17907646891796,0.4172574659283319
COc1ccccc1C(O)CN1CCOC(c2ccnc(C)n2)C1,-6.783,-5.624,7.101946423340575,3.029285889446553,0.1792449309314336,0.41698593235022646
CC(=O)C(NC(=O)CC(=O)NC1CC1)C(C)=O,-6.211,-4.724,7.090783948196419,3.0053241089772658,0.1808191155596711,0.41683139117512064
CCn1nc(C)c(C(NC(=O)c2ccc(Br)cc2)c2nc3ccccc3[nH]c2=O)c1C,-8.033,-5.796,4.010351605532861,6.874228393063472,0.1780701575824038,0.41599197656068904
CNC(=O)NC(=O)C(C)N(Cc1ccco1)Cc1ccc(Br)s1,-6.127,-4.968,7.128079965881415,2.810442847666538,0.1794178050640497,0.41574914228065746
CS(=O)(=O)CCCCC(CO)n1c(Cl)nc2c(c1=O)N1CC(CC2)N2CC3CCC3C2C1,-6.075,-4.638,7.097153091204951,3.0539990176815706,0.1793768490669656,0.4149765915754813
Cc1ccc(CN(CC(=O)NCc2cccc(C)c2)S(=O)(=O)c2ccc(C)cc2)cc1,-6.234,-4.582,7.125098244936696,2.841336657279457,0.1793596378487764,0.41483351609808156
CCC=CC1C(C(=O)O)=C(C)NC1(C(=O)O)C1CC1,-6.254,-4.988,7.115090582698156,2.998116241909243,0.1783005680110144,0.41449645580962585
CC(C)CC(NC(=O)c1n[nH]c(C(C)C)n1)c1ccco1,-6.604,-5.144,7.123211775596736,2.976611496315903,0.177743750999594,0.41418946665301376
Cc1nc(CC(=O)N(CC(C)C)C(C)c2ccccc2F)cs1,-6.325,-4.827,4.08780478985971,6.843666415014689,0.1781754217990052,0.41399858870779294
Cc1ccn(-c2ccc(Cl)c(Cl)c2)c(=O)n1,-6.639,-4.527,7.10067355959982,3.0750995105849825,0.1786611426936898,0.41390420095359315
COc1ccc(Br)cc1C(CBr)Cc1cncs1,-5.615,-4.028,4.330552620624762,6.725154347671138,0.1795692327569931,0.41385466953669764
CCCCN(C)C(=O)c1cc(S(=O)(=O)NCc2ccccc2C)cn1C,-6.919,-4.774,3.868425778013583,6.9234547012311705,0.1780917942023869,0.41378538263457404
COc1ccc(Cl)c(NC(=O)c2cccnc2C#N)c1,-7.211,-5.084,7.004596919166728,3.6125522833586783,0.1774154278887569,0.4136758527838412
O=C(c1cc(-c2ccc(F)cc2)no1)N1CCN(C(=O)c2c(-c3ccc(F)cc3)nnc3ccccc23)CC1,-8.906,-7.343,4.341866534107192,6.784098097757727,0.1728842280178303,0.413196110080356
Cc1nc(C2CCCN2C(=O)c2ccn(C3CCCC3)n2)no1,-7.488,-5.473,7.127357785322691,3.0520586495020043,0.1761746933293316,0.41307176577376326
CCCCCCCCCCCCCN1CCC2OC(CC2O)C1,-3.624,-2.865,6.303424942045396,5.017272266879684,0.1806943428332771,0.41256577057756094
COC12CCC(=O)N1c1ccc(C#N)cc1C2N(C)C(=O)O,-6.869,-4.946,3.5730542956971703,7.036161737765839,0.1751400289656794,0.410715258090044
Cc1cc2oc(=O)cc(CSc3nc4ccccc4c(=O)n3Cc3ccon3)c2o1,-7.939,-6.148,4.208818480286362,6.850121823734232,0.1723105319724386,0.4099625143132945
CCCN(CC1CC1)c1ccncc1C(=O)O,-5.459,-3.952,7.141930341301292,2.954468649351352,0.1760620047583193,0.40962701390708917
CCC(C)(CNC(=O)c1ccc(C)c(Br)c1)C(=O)O,-7.631,-4.993,7.161033863905407,2.981509349306153,0.1736679272429274,0.4090870516349403
Cc1nnc(SC(C)C(=O)Nc2ncccn2)n1C,-6.125,-5.065,7.1625919889380825,3.0372752591755656,0.1726942434015162,0.4080936918558614
Cc1ccc(S(=O)(=O)N(C)c2cc(Cl)ccc2C(=O)Nc2cccc(C(N)=O)c2)cc1,-7.144,-6.187,3.717929127888266,7.043781512795524,0.1703482677757656,0.4077044258981252
CCOC(=O)c1sc2c(c1N)CCCCC2OCC1CCOCC1,-4.921,-3.36,7.038272089085502,3.593541985284157,0.1743789559440699,0.4063740321197242
COc1ccc(CNC(=O)c2cc(=O)[nH]cc2[N+](=O)[O-])cn1,-6.918,-5.087,7.140530092367093,3.276025946173198,0.1709411996032986,0.4060642213298468
CCN(Cc1nnc(-c2ccc(C)cc2)o1)C(=O)Cc1ccc(C)nc1,-7.499,-5.949,4.522663042942729,6.726933551032,0.1693940552058333,0.40605611520824914
CC(C)C(C)C(C)NC(=O)CCC(=O)O,-5.67,-4.473,7.180351105621508,2.9596307202081813,0.1719573685933204,0.4059482839494184
Cc1ccc(CN2C(=O)c3snnc3C2C(=O)c2ccccc2Br)o1,-6.89,-5.562,7.123611233075539,3.408983572855699,0.1699792054910419,0.40593321951088085
Cc1ccc(Cl)c2sc(N(CCCN(C)C)C(=O)c3ccc(Cl)o3)nc12,-6.876,-5.38,3.3190063272009587,7.143271309421195,0.1698267585714149,0.4053634042808541
O=C(O)CC1(c2ccccc2)CC(=O)Nc2c1cnn2-c1cccc(Cl)c1,-7.279,-5.755,7.201431663218085,3.0378803465574475,0.1686821814998577,0.4047909063937079
COc1ccc(S(=O)(=O)Nc2ccccc2C(=O)Nc2cc(C)nn2C)cc1,-7.535,-5.391,4.975698041481215,6.448780504870669,0.1691543169163293,0.4045834740932766
Cc1ccncc1-c1ccc(C=C(C#N)C(=O)NCCN2CCCCC2)o1,-7.746,-5.772,7.194243045658104,3.1383360240739058,0.1678680995791839,0.40384889154974163
CCN(CC)CCCC(C)NC(=O)c1ccc(Oc2ccc(C#N)cn2)cn1,-6.674,-5.015,7.076249995583819,3.6523332268564985,0.1688861433296556,0.4034626816237712
CCC1(Cn2c(CS(C)(=O)=O)nc3ccc(C)cc32)CC1,-6.13,-4.708,3.9888591100714494,6.968237510303448,0.1691561085961877,0.40313016461402507
Cc1ccc(NC2(CN(C)C)CCCC2)nn1,-5.544,-4.193,7.106509902898891,3.490355999035057,0.1698963748537064,0.4029079570565905
CC(C)CCNC(=O)c1cccc(Cc2cccc(C(F)(F)F)c2)c1,-7.421,-5.38,3.1768213673418906,7.18920030323262,0.1677441272728231,0.4028701966585594
CC1(C)CC(=O)N2C(=O)CC(=O)C(=C(O)c3ccccc3)C2C1,-6.923,-5.222,4.495887565320112,6.756177025507843,0.1679073286165515,0.40273112563773783
CN1Cc2nc(C3CCCC3)ncc2C1=O,-5.976,-4.439,7.196706260505566,3.1017246815280046,0.1681995318589368,0.4014156513112655
N#Cc1nc(C(=O)N2CCCC2c2ncc[nH]2)cs1,-6.856,-5.331,7.246020494036709,2.9144651310317644,0.1658435646346479,0.4004781860739787
CN(C)C(=O)CN1CCN(CC(C)(C)C)C1=O,-5.169,-4.183,7.178421692823569,3.259672836344162,0.167379611131093,0.3998912851735955
CC(C)N(CC(=O)N(CCc1c[nH]c2ccccc12)Cc1ccccc1)C(=O)Nc1ccccc1Cl,-6.66,-5.004,4.625044216004859,6.705891961551424,0.1658583643689562,0.3998064837463383
Cc1ccccc1C(C)NC(=O)CC(C)(C)C(=O)O,-7.592,-5.217,7.245041407749164,2.967723369857777,0.1652544366579291,0.3995264134365831
CCOc1ccc(Cc2cc(C3C(OC)OC(COC(C)=O)C(O)C3O)n[nH]2)cc1,-7.1,-5.278,7.220468475106029,3.221525880696909,0.1638492835618399,0.3979520074170906
NC(CC(F)(F)F)c1ccc(Cl)c(Cl)c1Cl,-5.293,-4.491,7.21116044752854,3.214175788596512,0.164901056971793,0.3975699314079176
O=C1C(O)CCn2cccc2N1c1ccc(Br)cc1Cl,-4.912,-3.897,7.258687691311701,2.807130029051023,0.165842021402741,0.3974436012507458
COc1cc(Nc2noc3nc(C)c(C(N)=O)cc23)ccc1C,-8.045,-5.477,7.288512331059061,2.8198058443800704,0.1627314684369342,0.3970074403850627
Cc1ccc(-c2nc(CNC(=O)C3CC(=O)N(c4ccc(Cl)cc4)C3)co2)cc1,-8.49,-5.551,4.399639644334521,6.860010058301664,0.1625600332160396,0.3969524734245032
CC1(O)Cc2cc3ccsc3cc2C(C(=O)Nc2c(F)cccc2F)C1,-8.366,-6.312,3.2444181296497527,7.263616798813111,0.1592366299306128,0.3944399700669791
CCOC1CN(C(=O)OCc2ccccc2)C12C(=O)Nc1ccc(C)cc12,-6.75,-4.722,7.258856728163188,3.1352151441328555,0.1614813240474371,0.39390799842456287
Cc1onc(CC(=O)O)c1Cl,-5.192,-4.406,7.276071811080482,3.001703016622397,0.1617272398495545,0.39354769444199683
C#CC(=O)N1CCCC(C(=O)OCc2nc(CCc3ccccc3)no2)C1,-6.862,-5.166,4.075695032752082,7.025554782364166,0.1603066456948445,0.3933942440839303
Clc1cc(NC2CCN(Cc3ccccc3)CC2)nc(C2CC2)n1,-7.483,-5.65,4.756390858623794,6.697736184711966,0.1591764341728121,0.39300362982463294
CC1CC(N)(CN)NCCO1,-3.693,-3.022,7.242419278114184,3.126431991903869,0.1632337029027747,0.3924585402653429
CC(=O)C(NC(=O)C(N)Cc1c[nH]c2ccc(F)cc12)C(C)C,-6.687,-4.834,7.293533848553798,3.048722519351343,0.1593825810172189,0.3915718551656744
O=C(NCCc1ccc(Cl)cc1)C1CCCN1S(=O)(=O)c1ccc(Cl)s1,-7.37,-5.244,7.304421879929993,3.067018258830553,0.1580772468905319,0.39080973069282193
O=C1CCC(=O)N(c2ccccc2)N1C(=O)c1ccc(Cl)cc1,-6.976,-5.447,7.241786105651008,3.4383558570921653,0.1576726420538841,0.39072625782847703
Cc1ccc(-c2noc(N)n2)c(C(=O)O)n1,-6.037,-5.047,7.314369487522489,2.9868409733362102,0.1582076425775042,0.390565102144524
Cc1cc(OCC(=O)O)n(-c2ccccc2C)n1,-6.593,-4.506,7.315879578013843,2.9609952718638377,0.1583930549073781,0.38967671296674317
Cc1cccc(Nc2cc(=O)n3[nH]c(C)cc3n2)n1,-7.669,-5.128,7.299126865591526,3.1505059911068245,0.1573538128477981,0.389676201711578
CC(C)(C)C(=O)N1N=C(c2ccco2)CC1c1ccc(Cl)cc1Cl,-7.192,-5.153,3.729604000426855,7.172722425969096,0.157312272372425,0.3896761128151149
O=C(Nc1ccccc1)OC1CCC1CCO,-5.889,-4.424,4.366731615293067,6.921751512442497,0.158197417121779,0.38926647788760393
OCC(Cc1c[nH]c2ccccc12)Nc1ncc(Br)c(Nc2ccn[nH]2)n1,-7.971,-6.034,7.288812866304087,3.3411631208308297,0.1551148788012853,0.38873761631484666
COc1ccc(C2CC(=C(O)c3ccc(F)cc3)C(=O)N2CCc2ccccc2)cc1,-6.821,-5.767,4.037794695127526,7.092376823040355,0.1553385896425592,0.38847503613786716
CCOC(=O)c1oc2ncn(C)c(=O)c2c1NC(=O)c1cc(C)ns1,-6.815,-5.793,7.332457978058926,3.086027381602438,0.1551431332794002,0.388283415144573
CCCC1(C)CC(OCC)CC1C(=O)O,-5.399,-4.372,7.338585899204288,2.8726675756167817,0.1572750867784304,0.38802284169399787
CCOC(=O)CN(CC)c1ncc(C=CC(=O)O)cn1,-5.479,-4.605,7.33799345870518,2.9393068910884423,0.1565472363743157,0.3876030106746569
O=C(Nc1ccccc1Cl)C1NC(Cc2cccc(Cl)c2)(c2ccc(Cl)cc2Cl)C(C(=O)O)C1CO,-7.1,-5.508,7.35583054454084,2.9401023791698138,0.154849921296546,0.3873370821680099
O=C(c1cccnc1N1CCCCC1)N1CCC2(CCNC2)C1,-6.626,-4.942,7.322281201920616,3.1191776159750817,0.1556254643178322,0.38715001661954507
Cc1ccc(-n2cc(C(=O)NCc3oc(C)cc3C)nn2)nn1,-7.456,-6.036,7.324959317293168,3.221815171607459,0.1537902676213676,0.3870782783021207
CCn1c(=O)c2c(n(C)c1=O)N=C(n1nc(SC)sc1=S)N1C=CC=CC3=C(C(OC)=CC=C(OC)C(OC)=C3)C21,-5.099,-3.258,4.056984594498727,7.068263365212137,0.1569233921149133,0.38528725437740324
CC(CS(C)(=O)=O)N1CC(C(C)(C)C)CC1C(=O)O,-5.472,-4.679,7.341797055217476,3.081849769213289,0.1543240709504777,0.38499189147826285
O=C(O)C1CC(=O)N(c2cccc(F)c2)C1,-6.252,-4.876,7.369773470059984,2.927129993696898,0.1536967595256762,0.3846093519105969
CCOCCNc1nc(-c2ncccn2)nc(C)c1C(C)=O,-6.119,-4.638,7.370384928889398,2.912471974114086,0.1538111860634846,0.384268127722704
CC1CCCC(CN)(CN2CC(C)OC(C)(C)C2)C1,-6.236,-4.737,7.356468310269542,3.0313597608993885,0.1536379552032286,0.3842531156979559
c1coc(-c2noc(-c3csc4c3CCCC4)n2)c1,-8.039,-5.267,7.354518747001736,3.1220699864032517,0.1525654906588124,0.38398250141884216
CCN(CC)C(=O)CNC(=O)C1(CN)CC1,-4.904,-3.838,7.344497396010159,3.030338924938925,0.1547734071366857,0.3838304981715025
Cc1cc(COC(=O)c2cc(Cl)cc(Cl)c2)no1,-7.13,-4.813,7.285092518286915,3.4626709344088717,0.1530951226763288,0.38372799164715454
CC(=O)OC1(C)C2CC1(C)CC(O)C1CCC(O)(C(=O)OC(C)c3ccco3)C12C,-5.84,-3.886,3.4800258619728672,7.278077012508181,0.1533869287348255,0.38220544939099627
Cc1c(Cl)cnn1Cc1nc(CC2CCCN(C)C2)no1,-6.904,-4.939,7.3795367063251325,3.024993553712139,0.1515803248058839,0.38207927955821147
Cc1ccc(N2C(=O)CC(c3cc(=O)[nH]c(=O)[nH]3)C2=O)cc1,-7.813,-5.675,7.38026049675755,3.110628553845669,0.1503577024847513,0.3820119398798572
CCOC(=O)C1=C(C(F)(F)F)C(O)CC1c1ccccc1OC,-6.04,-4.573,7.362106084538582,3.114518742920004,0.1519716208731772,0.381831715638699
O=C(NCCCN1C(=O)C(=Cc2ccccc2Br)SC1=S)OCc1ccccc1,-7.087,-5.271,5.419713830083651,6.309785733287621,0.1506126653817061,0.3815251489815984
N#Cc1c(N)[nH]c(=O)n(CCC2CCN2c2ccccc2)c1=O,-7.23,-5.166,7.363271080165391,3.190096706998081,0.1507453646859581,0.3814821496518763
Cc1nn(C)c(C)c1CC(Nc1ccc(F)cc1)C(=O)O,-6.654,-4.577,7.385262080657664,2.990136117303023,0.1514950486846979,0.38124063388612484
CCOC(=O)C1C(C)=NN(C(=O)c2ccccc2)C1c1cccnc1,-6.975,-5.139,7.417676523009075,2.811033084116941,0.1505341051349414,0.38116049778328764
CC1(C)C(NC(=O)Nc2cccnc2Cl)CCC1Oc1ccc(C(=O)O)cc1,-7.819,-5.722,7.403302911538875,3.0177948903131235,0.1494951078848531,0.381008406413666
CC1CN(C(=O)C(C)C(C)(C)N)C(C)CN1C,-5.239,-4.731,7.344762555726358,3.2793471911342347,0.1510068260473931,0.38093653999572014
Cc1ncccc1N(C)S(=O)(=O)c1cccc(F)c1,-6.544,-4.531,7.393333754132839,2.9473759515881244,0.1512714566165215,0.38086625179081357
CN(CC(=O)NCc1ccco1)C(=O)Cn1ncc2c1C(=O)N(Cc1ccco1)C2,-7.219,-5.404,7.404579393861612,2.992940193187963,0.149689637430708,0.3806204741792978
Cc1cc(C(=O)NCc2ccc(Cl)cc2)c(C)n1-c1ccccc1NC(=O)C1CC1,-7.137,-5.769,4.7812455490175365,6.793975787416378,0.149042223597897,0.380524519428615
O=C(CN1C(=O)c2ccccc2C1=O)N(CCc1cccs1)CC1CCCO1,-6.167,-4.935,7.343220887321856,3.334746467124599,0.1501896962137745,0.38031456834581834
CC(NC(=O)c1ncc(Br)n1C)C(F)(OC(C)(C)C)C(=O)O,-5.885,-4.916,7.398929449589311,2.992726014856689,0.1502080716681821,0.3802996546963781
Cc1cc(C(=O)N2CCN(c3ncccc3C)CC2)no1,-6.591,-5.106,7.332075558803251,3.4223724227500427,0.1495826794092311,0.37988795495180744
COc1c(Cl)cc(C)cc1C(O)=C1C(=O)C(=O)N(c2cccc(Cl)c2)C1c1ccc(Cl)cc1,-7.248,-5.628,7.435570859053123,2.874316962340792,0.1482441748876276,0.37922406719935925
CCc1ccc(NC(=O)COC(=O)CC(NC(=O)C(C)C)c2ccccc2Cl)cc1,-7.048,-5.394,3.806823610308206,7.251163837619448,0.1479686070211116,0.3784061960986688
CN(C)CCN(Cc1ccccn1)C(=O)C1(C)CC1(Cl)Cl,-5.299,-4.125,7.326642341482215,3.4314792728501216,0.1499001100838443,0.37831839599994577
CC(C)Cc1nc(C(O)C2CCCCC2)no1,-6.471,-4.943,7.443227458569299,2.8171698564339342,0.1481468600628501,0.3777352126760458
CCCOc1cc(N(CCC)Cc2ccccc2)ccc1N,-6.524,-4.656,4.470253907777499,6.975421277600371,0.1485760513366133,0.3777080438745115
COc1ccc(Cl)cc1N(C)C(=O)CN1CCN(C(=O)c2ccc(C)cc2)CC1,-7.356,-5.716,7.303668187972398,3.672414600776987,0.1467311961562015,0.37745800786432315
CCOC1CN(c2nccc(C)c2C#N)CC1OCC,-5.997,-4.483,7.338539091672128,3.449198892496633,0.148475031128295,0.37723335117944684
Cc1cc(Nc2ccc(Br)cn2)nc(NC2CC2)n1,-6.962,-5.045,7.369068937118177,3.354018932564335,0.1475087686858857,0.3771238870334807
CC(=O)NC(C)(C)CC(=O)Nc1[nH]ncc1C(=O)O,-6.892,-4.917,7.443843765152517,2.9036449507472497,0.1471804454382878,0.37644943265477493
CCC1CN(C(=O)C(C)(C)F)CC(=O)O1,-5.922,-4.027,7.404297535890896,3.0958735439290805,0.1483771978389937,0.37619512395514015
O=C(NCc1n[nH]c(=O)[nH]1)N1CCS(=O)(=O)CC1,-7.134,-4.762,7.430302685624589,3.0160908474381207,0.1470778758780014,0.3760099037304669
CCCNc1ncc(C(F)(F)F)c(Nc2cc(C)cc(Cl)c2C)n1,-6.909,-4.949,7.39364646165882,3.266953779899556,0.1467852679889093,0.37600727326196426
CCOC(=O)CC(NC(=O)c1ccccc1Cl)c1c(Cl)cccc1Cl,-6.548,-4.566,3.859759966630049,7.241379771839066,0.147363285565132,0.37598392424534127
O=C1CCCC(O)(C(=O)Nc2cccc(Cl)c2Cl)C1,-6.749,-5.273,7.431446830866785,3.076857325259005,0.1461969279159508,0.3758946280726402
O=C1NC(C(=O)c2ncn[nH]2)=C(c2csc(Nc3ccn[nH]3)n2)C1=O,-7.735,-5.41,7.41642838568539,3.202244525329072,0.1457653210944933,0.37560994475154075
Cn1ccsc1=NC(=O)c1cc(F)ccc1OCC(=O)O,-6.609,-4.76,7.424466916890396,3.085359298363807,0.1467068743646394,0.37553138978261685
O=C(COC1(CCN2CCN(c3ccc4c(c3)OCCO4)CCO2)CCCC1)OCc1ccccc1,-5.624,-4.476,4.849387074672427,6.776859892310008,0.1467762349921112,0.3750551237195558
CCC(CC)C(=O)CC(C)NC(=O)c1cccc(NC(=O)C2CCCCC2)c1,-7.202,-5.116,3.72516321790066,7.304440635668142,0.1453691622719848,0.37451905089967014
N=C(CCN=C(N)N)N1CC(F)CC1C(=O)NCc1ccsc1,-6.75,-5.022,7.426853640674494,3.173411098486926,0.1452671143034116,0.3742019639501889
CCOC(=O)CC1=NOC(c2ccc(Cl)cc2)C1,-6.093,-4.591,4.761251201102499,6.843238049344769,0.1458161824230507,0.37405465661433057
COc1ccc(Br)cc1CC(C)(C(=O)O)c1ccccc1,-6.384,-4.992,7.46429293369439,3.00678466139496,0.1441741449238815,0.37273255151346263
CCOc1cccc(OCc2nc3ccc(Cl)cn3c2C(F)(F)F)n1,-6.897,-5.289,7.493649711589139,2.82526759794537,0.1435796503898247,0.37254609648820336
COC(F)(F)CN(C(=O)C(N)C(C)(C)C)C(C)C,-5.079,-3.956,7.453574377437981,3.008152921644775,0.145103101695268,0.37188048581953825
CNS(=O)(=O)c1ccc2c(c1)c(NC(=O)Cc1ccccc1Cl)nn2C,-6.93,-5.575,7.493000667289441,2.946205865176432,0.1423673801207015,0.371528017662284
COCC(C)(Nc1ccc(Cl)cn1)C(=O)O,-5.203,-4.679,7.477855508098561,2.9481344948967303,0.1436678304809316,0.37146210366630367
CC(=O)Nc1nc(C(F)(F)F)c(C(=O)Nc2c(C)ccc3ccccc23)s1,-7.175,-5.933,3.3968061469562847,7.42812419120736,0.1415526862204833,0.37115875330253856
CC1C(C=O)C1(N)C(=O)O,-4.477,-4.497,7.490715186148783,2.844056785649681,0.1436499198736239,0.3710806730825684
CN(C(=O)c1ccnc(NC(C)(C)C)n1)C1CCS(=O)(=O)C1,-6.032,-4.812,7.476614608230119,3.028124997420022,0.1428359861109313,0.3706460058959697
CCC(OC(=O)C(COC)NC(=O)c1ccc(C)cc1)C(=O)O,-6.878,-4.976,3.3543061875744136,7.426090357651192,0.1424715913635956,0.37049391316653546
Cc1ccc(C)c(C(O)=C2C(=O)C(=O)N(c3ncccn3)C2c2ccco2)c1,-6.812,-5.914,7.492665747249104,3.0721010725560443,0.1408988163463919,0.37026373714267824
CC(C)CN(C(=O)c1ccc2c(c1)CCO2)C1CCS(=O)(=O)C1,-7.427,-5.056,3.354955290313122,7.430131963834829,0.1421100487203213,0.37017980616439256
CCOc1ccc(NC(=O)C(Cc2ccccc2)NC(=O)c2ccccc2Cl)cc1,-7.006,-6.061,4.628415927723005,6.983381630700131,0.1405254263731421,0.3700569129184374
Cc1ccnc(-c2nc(C(=O)Nc3ccnn3Cc3ccccc3Cl)cs2)c1,-7.796,-5.93,4.614935102468939,6.988731859214517,0.1407126917084337,0.37005005554839454
CC(C)(C)OC(=O)N(Cc1nccs1)c1ccc(C(F)(F)F)cc1N,-5.668,-4.498,7.480073930115932,3.0241765821459565,0.1425828866336916,0.3697018706504706
COCc1ccc(C(=O)Nc2ccc(Cl)cc2C(N)=O)o1,-7.422,-5.048,3.4613617262574565,7.417079074676229,0.1413188037683917,0.3691322363175238
O=C(c1ccc(Cl)c(Cl)c1)N(Cc1cccs1)C1CCS(=O)(=O)C1,-6.653,-5.015,3.381485768120279,7.435607574368083,0.1411782446852849,0.3688843669480926
COc1cc(C)ccc1C(=O)N(C)C1CCCNC1,-6.06,-4.479,7.477996255682401,3.0990666336818244,0.1418171932883422,0.3686706720592231
CCCn1c(N)c(C(=O)Cn2ccnc2C)c(=O)n(C)c1=O,-5.452,-4.605,7.413945845499547,3.467508183119401,0.1414718040467974,0.3684676673685293
O=C1c2cnn(Cc3ccc(F)cc3)c(=O)c2CN1c1ccccc1,-7.772,-5.692,6.709825854670149,5.069073583999347,0.1398552239463884,0.36846152121919273
Cc1cc(Nc2nnc(C(C)Cl)s2)no1,-6.648,-4.943,7.492851593352159,3.0972641153120914,0.1405604858857843,0.36793649861920447
CCCNC(=O)C(C)Sc1nc(N)nc2n[nH]c(C)c12,-6.63,-4.578,7.506396006073754,2.9710304609680467,0.1409293913279803,0.3677079796424188
COC(=O)C(C)(C)SC(O)O,-4.484,-3.994,7.4995299186015645,2.9658868825361497,0.1415800236952287,0.367412654344652
O=C(c1cc(Br)ccc1Cl)N1CCCC1C(Cl)(Cl)Cl,-7.145,-4.603,7.469548112168501,3.2358501201384464,0.1406242167801693,0.36735833051082006
CC(C)C(=O)OCC(N)CO,-4.807,-4.208,7.514020894301532,2.9101979314129127,0.140940959596629,0.36700086213417893
Cc1cc(C)n2nc(C(=O)OC(C)C(=O)N3CC(=O)Nc4ccccc43)nc2n1,-8.049,-5.834,7.4886108858719584,3.289105653517381,0.1381879394259333,0.3665311038064932
Cc1cc(=O)nc2n1CC(Cc1ccccc1)N2N(C)C(=O)O,-6.835,-5.562,4.151308468422938,7.245960115816262,0.1378606702899065,0.36557533666674225
COC(=O)C(CC(=O)O)NC(=O)OCC1c2ccccc2-c2ccccc21,-7.389,-5.597,7.535983811022952,3.0256248941334416,0.1377790618294199,0.36553424157325354
Cc1cc(C#N)ccc1C1=CCN(C(=O)CCCCN(C)C(=O)c2cc(-c3cccnc3)nn2C)CC1,-8.391,-4.94,3.8469724459631887,7.34636651685716,0.13861312567477,0.36537307662139484
S=c1[nH]nc(-c2cccnc2)o1,-5.732,-3.893,7.478255210943258,3.271774747747772,0.13933373211251,0.36428985237404504
CCC1CC(C)(C)N(Cc2cc(C)nn2C)C1=O,-6.304,-4.116,7.495792553159404,3.2125840066837164,0.1387296187933785,0.3639320065855948
Clc1ccc(Br)c(-c2ccc3ccccc3c2)c1,-7.191,-5.369,4.316214429335039,7.190157995482435,0.1365849857039399,0.36351123498302024
Fc1ccc(Nc2nc3cccc(C4CCCN4)n3n2)cc1,-7.412,-5.535,7.537998474396237,3.129731937402945,0.1363206222078989,0.36347615690103213
Cc1ccc(CCC2CCCCN(C(C)C)C2)o1,-4.814,-2.948,7.496373723341172,3.114380516250383,0.1400352040822157,0.3633575008746942
CN(C)S(=O)(=O)c1ccc(-c2ccc(C=C3NC(=O)N(Cc4ccc(Cl)c(Cl)c4)C3=O)o2)cc1,-8.743,-6.775,7.511993743341376,3.4077542458340506,0.1343057956680717,0.36312097200362947
CC(Nc1cc(Cl)ccc1[N+](=O)[O-])C(=O)OC(C)C(C)C,-6.254,-4.554,7.542597629464267,3.006264958382744,0.1374479343683838,0.3630915113030914
CCOC(=O)C(Cc1c(OC)cccc1OC)C(=O)O,-5.8,-4.444,7.555773752568296,2.912005837906237,0.1373707988025206,0.36277775926961064
C=CC1=COC(OS(=O)(=O)O)C1=O,-5.519,-4.977,7.579501962530255,2.808241620658735,0.1363968406497242,0.36251116628609814
Cc1c(Cl)cnc(C2(C)C(=O)NCN2C)c1Br,-5.488,-4.215,7.509061858847613,3.2211851856110347,0.1374861831005759,0.36248845912846495
CC1(NS(=O)(=O)CCCCN)CC1,-4.871,-3.591,7.542242968772618,2.962674636202903,0.1379683386621363,0.36191528163070263
CCCn1nc(C(=O)c2ccnn2C)c([N+](=O)[O-])c1CC,-6.415,-4.695,7.513852141212254,3.273900120651208,0.1363059462451347,0.3618503140785592
CC1CCC(C(=O)Nc2ccccc2Cl)C(C(=O)Nc2cccc(Cl)c2)C1,-7.343,-5.814,3.743922809033327,7.432211312926994,0.1340646836553295,0.3609836222170418
Cc1ccc(OC(C)C(=O)NCCOc2ccc(-c3ccccc3)cc2)cc1,-7.344,-5.76,4.161033044809907,7.288393375772194,0.1340397008362763,0.3608479487119149
O=c1[nH]c2ccccc2c(=O)n1N=Cc1cccn1-c1ccc([N+](=O)[O-])cc1,-8.008,-6.165,7.54977721525609,3.271033628686812,0.1333880843143605,0.3607324910117268
NC(=O)C1CCN(S(=O)(=O)c2ccc(F)cc2N)C1,-6.757,-4.415,7.567064424200445,2.9672096319606407,0.1358405098782711,0.36069589583509837
COc1cccc(C=Nc2ccc(C)cc2)c1OS(=O)(=O)c1ccc(C)cc1,-7.651,-5.367,4.412438101548847,7.171200248215078,0.1344063114088191,0.3605965944696408
O=C(Cc1cn2ccccc2nc1=O)NCc1ccccc1CN1CCCC1,-7.666,-5.703,7.573917876502225,3.0858237149908616,0.1339060790494121,0.36056035860642516
CSCCC(NS(=O)(=O)c1c(C)c(C)cc(C)c1C)C(=O)O,-6.051,-4.24,7.559096109985638,3.023188217759522,0.135873908657568,0.36040472931998474
CC(NC1CCCN(C(=O)OC(C)(C)C)C1)c1nccn1C,-6.263,-4.77,7.576277054068178,2.969421997628494,0.1350529811381804,0.360326401504957
N#CCCN(C(=O)c1ccc(CN)cc1)c1ccc(F)cc1,-7.119,-5.023,3.381547870428571,7.514611101048411,0.1345328424049615,0.36011304927731885
O=C(C=Cc1ccco1)NC(CCO)C(=O)O,-6.146,-4.987,7.576301208373383,3.019873010575114,0.1344891574130433,0.3599861576167357
CCOC(=O)c1nc(Br)n(-c2cc(Cl)ccc2C)c1N,-5.866,-4.606,7.534386305466424,3.255039477487178,0.1348857197350935,0.3597905301451539
CC(=O)c1cc(C(=O)Nc2cccc(C(=O)N(C)c3ccc(C)cc3)c2)n(-c2cccc(C(F)(F)F)c2)c1C,-7.086,-5.634,3.5564877337058247,7.489584834955807,0.1334125212629593,0.359765102786214
Cc1c(C(=O)N2CCCC2CO)oc2ccccc12,-7.486,-5.433,7.573797066201338,3.108555130603284,0.1336354395054486,0.35968580473634026
O=C1c2ccccc2C(=O)C2c3ccc(Cl)cc3OCC12,-7.29,-6.25,7.528635666573327,3.439274632825938,0.1324070920545815,0.359562836727799
Cc1ccc(CNC(CC(N)=O)C(=O)Nc2ccc(Cl)c(C(F)(F)F)c2)cc1,-7.77,-6.199,4.044162459644766,7.354083831450387,0.1324081544113924,0.35946871741296327
CN(CC(=O)O)N=O,-3.815,-3.884,7.577030025016397,2.968726831488543,0.1349983092983074,0.35856031736677774
CNC(c1ccc2ccccc2c1)C1CC(C)(C)OC1(C)C,-7.452,-5.407,4.2107981428703045,7.285347898350498,0.1326143298922977,0.35826002696094206
CCN(C(=O)c1cc(OC)ccc1Br)C(C)Cc1ccco1,-6.232,-4.444,7.580729450389321,3.0578904493130548,0.1336839771296588,0.3578764502107581
OCC(CO)(Cc1c[nH]c2ccccc12)c1ccccc1F,-6.675,-4.799,7.619868634038253,2.811499422016657,0.1330377588140487,0.35768283459326383
Cc1cncc(C(=O)NC2CCC(Nc3ncc(Cl)cn3)C2)c1,-6.809,-5.309,7.586290990991579,3.1483519498302592,0.1321151502510721,0.35740086056215065
CCC(O)CC(O)CC,-4.447,-3.642,7.579133261791878,3.0060886547139622,0.1344123441397136,0.3573184534886522
CC1C(N)CN(Cc2ccccc2[N+](=O)[O-])C1C,-6.124,-4.584,7.486805259922286,3.585697282259058,0.1330585547424776,0.357303676674439
C[N+](CO)(CO)CC(=O)O,-4.178,-4.042,7.59503614211282,2.95033150679716,0.1337141222148071,0.35715189937320513
CCN(CCOC)C(=O)c1ccccc1S(=O)(=O)N1CCOCC1,-5.4,-4.242,7.601173330479973,2.943278953820042,0.1332863268604444,0.35696025999949416
COCc1ccc(C2SC(=NN=Cc3cc([N+](=O)[O-])cc(OC)c3OC)NC2=O)o1,-6.907,-5.304,7.603816081415962,3.074632498364642,0.131611099125162,0.35670903825962946
COc1cccc(OC)c1C(=O)NC1CCN(C)CC1C,-5.911,-4.512,7.6138882313834895,2.918708961167591,0.132503211225808,0.35642110777238306
O=C=C(Cl)N1C(=O)C1(O)c1ccccc1,-6.066,-4.758,7.588440880707973,3.1542850219978527,0.1318649493531768,0.35602549689016577
Cc1nnsc1C(=O)N(Cc1ccco1)c1ccc(Cl)c(Cl)c1,-7.228,-4.8,7.5785562609246355,3.228972746865479,0.1316588020915098,0.35582616985091714
CCc1nc(SCC(=O)Nc2c(Cl)cnn2Cc2ccco2)n[nH]1,-6.833,-4.471,7.588201433804983,3.171173915129853,0.1316642097495517,0.3552135890119097
CC1CCCN(c2ccnc(NC3CCOC(C)(C)C3)n2)C1,-6.958,-5.601,7.575483218910858,3.375067999314979,0.1297215978003165,0.3546922606907412
CCc1[nH]nc2c(N3CCNCC3)nc(C)nc12,-6.447,-4.65,7.548491637406775,3.42823263504681,0.1309981916494446,0.3546505771883839
CC(C)CN(CCC(N)=O)c1ccncc1C(F)(F)F,-5.244,-4.082,7.597393434593209,3.12498911998106,0.1315155317688628,0.354279053440416
O=P(O)(O)C(CC1CC1)P(=O)(O)O,-4.662,-4.762,7.635186245272606,2.9566932542960886,0.1304002535024105,0.35405018631116975
O=C(Cn1c(=O)oc2ccccc21)NC(Cn1ncccc1=O)c1ccco1,-6.792,-5.67,7.644140893520998,3.0104047900573105,0.1291190980070199,0.353995674541141
CC(Cc1c(F)ccc(F)c1F)C(=O)O,-5.754,-4.67,7.645461791154279,2.866919078034816,0.130462887818909,0.3539627290622771
O=C(Nc1ccc(Cl)cn1)c1cccn1-c1nccs1,-6.601,-5.084,7.625533096118591,3.0843373680581703,0.1297579431091004,0.3537785158346486
Cc1ccc(S(O)(CC(C)O)c2ccccc2)c(C)c1,-6.735,-5.057,7.662761186413157,2.819384861986741,0.1295165164240142,0.35339890400388313
Cc1nc(C2CC2)c(C(=O)N2CCCCC2)o1,-6.139,-4.367,7.542784300243512,3.504455735203401,0.1301132113885203,0.35292017228131234
C=CC1(C)CC(C#N)(N(C)C(=O)C2CC2)C1,-5.095,-4.2,7.643862047420792,2.956300898081926,0.1297127453901347,0.352063741913583
CC(C)C1CC(N)(CS(N)(=O)=O)C1,-5.135,-4.752,7.660889308689951,2.89822859691916,0.128939326439905,0.35204268239387615
Cc1nn(C)c2nccc(C(=O)N3CC(C)C(c4ccccc4)C3)c12,-7.698,-5.33,7.585019314411797,3.4265786143031955,0.1281307993867335,0.3520092178775042
Cc1cc(NC2COC(C)(C)C2)nc(N)n1,-6.443,-4.624,7.580971507663117,3.4075501463661544,0.1287625801317128,0.35156288105516187
CCC(C)Oc1ccc(C(=O)N2CCN(Cc3c[nH]c(C)c3C(=O)OC)CC2)cc1,-6.626,-5.136,6.8205654457676745,5.123255703163761,0.1280327129334034,0.35151514277482254
CCOC(=O)N1CC(S(=O)(=O)CC)CC1C(C)=O,-5.756,-4.185,7.608579959493098,3.229414343189799,0.1292549350757715,0.3514138343709112
CN(C)C(C(=O)Nc1ccccc1CC(=O)O)c1ccsc1,-6.3,-4.726,7.623695298213327,3.2034166135549715,0.1284124439440154,0.35127432032541084
COC(=O)c1ccc(CS(=O)(=O)N(C)Cc2ccc(Cl)cc2)cc1,-6.449,-4.442,7.638530356030537,3.081325201922057,0.1287638259108352,0.35122527859514346
COc1ccc(C2c3c(n[nH]c3-c3cc(OC)c(OC)c(OC)c3)Oc3n[nH]c(-c4cccc5ccccc45)c32)cc1,-8.103,-5.72,3.490410577568204,7.588720379616051,0.1267547024778798,0.3508314808817709
CCCOC1CNNC1c1ncnn1CCC,-5.857,-4.647,7.639104528673501,3.142125713589448,0.1279872628312968,0.3505455775344524
O=c1[nH][nH]c(=O)c(=O)o1,-5.192,-4.338,7.652335983214537,3.022349582692246,0.1283423175928277,0.3504562225675633
Cc1ccc(C(O)CCO)c(F)c1F,-5.927,-4.543,7.656814611834349,3.0160497343379467,0.1280588167455248,0.35045026129504764
CC1=NN(c2ccc(Br)cc2[N+](=O)[O-])C(=O)C1(O)c1ccccc1,-7.001,-5.934,7.70079275139904,2.872173567178696,0.126061689907251,0.3502631768604724
Cc1ccc(OCc2cccc(C(=O)Nc3c(C)nn(C)c3C)c2)c(C)c1,-8.156,-5.914,3.841716933872145,7.50776311560241,0.125757570557805,0.34980384373596946
O=C1C(O)=C(c2cccc(Br)c2)C(=O)N1c1ccc(Cl)c(Cl)c1,-7.578,-5.609,7.677993878611781,3.0642122968227903,0.1258788946877279,0.349413961272002
NCC1(COc2cc(Cl)ccc2[N+](=O)[O-])CCOCC1,-6.35,-4.712,7.664519358707368,3.0790527764232944,0.1267545739840179,0.34897351849152003
CC(C)c1nnc(NC(=O)c2ccn3c2CCC3)o1,-6.614,-5.021,7.680122069342388,3.026608828375415,0.1261279515326378,0.3486789959311434
CCCC(C)n1ccc(C(F)(F)F)c1C(=O)OCC,-5.332,-4.13,7.649488479630517,3.1492045027276334,0.1270878108528436,0.34835335981568943
O=[N+]([O-])c1cc(CNc2c(Cl)cc(F)cc2Cl)ccc1Cl,-6.911,-4.891,7.586156536745073,3.543867237919617,0.1259969020659967,0.348258601568436
COc1ccc(Cl)cc1NC(=O)CNC(=O)c1ccc(OC)c(OC)c1,-7.374,-5.451,7.685557429360606,3.0697723042597143,0.1252339236760438,0.3482286883346413
CC(=O)OC1C2CCC(C2(C)C)C1(C)C(O)CO,-5.681,-4.51,7.696806220764557,2.903870692713434,0.1260763227485019,0.3476661203261025
Cc1nn(C)cc1CC1CCCC1NCc1ccco1,-6.984,-4.487,4.257577362773341,7.352147305379565,0.1257983099882973,0.347240196847046
O=C(Nc1ccc(OCc2ccccc2)cc1)C1CC(=O)N(c2ccc(F)cc2)C1c1ccco1,-8.082,-6.14,6.800544463497022,5.233139115292083,0.1234780025712898,0.3470283145846144
CN1CC(C(=O)O)CC1=O,-5.224,-4.086,7.68579716099768,2.988747898368145,0.1260889863750675,0.34690039179019255
CC(=NNC(=O)Cc1ccc(Br)o1)c1cnn(C)c1C,-6.876,-4.719,7.660405015402253,3.2482150482996044,0.1249626207159905,0.34651082954859747
CC(=O)CC(=O)N(C)c1ccc(N(C)C)cc1,-5.551,-4.145,7.469070959630788,3.9640740406808734,0.1256342128620488,0.34638312274787614
CCc1ccoc1C(=O)N1CCCCCC1CCC(=O)O,-4.974,-3.579,7.650934975543838,3.197750928387012,0.1263601447706197,0.3463333636806583
Cc1ccc(NC(=O)C(Cc2ccccc2)NC(=O)c2ccco2)cc1,-7.324,-5.787,3.635581108983816,7.59782534676864,0.1233712757414132,0.3462389696908506
CCCCNc1cc(Nc2ccc(SC(F)F)cc2)ncn1,-6.616,-4.244,7.653824207544879,3.2534672274359853,0.1253964546996218,0.34623767345629747
O=C(O)C(=O)N1CCCC(n2cccn2)C1,-5.998,-4.706,7.70059445757274,3.018980457041747,0.1246343544316258,0.34603158140183665
CC(C)C(CNC(=O)C1CC1)C(=O)O,-5.45,-4.372,7.711781311733366,2.8896575921724703,0.125054623570925,0.34600087876428604
CC(C)OC(=O)c1c(NC(=O)c2cnc(Nc3cccc(F)c3)s2)sc2c1CCC2,-6.955,-6.179,7.728796413413929,2.999809493951241,0.1226922163848223,0.345992715524753
Cc1ccnc(-n2nnnc2C2CCCCC2)c1,-7.12,-5.61,7.7266205419963505,2.9501913497263184,0.1233503352195056,0.34588859202049743
C=C1OC(=O)C(C)=CC1O,-4.9,-4.369,7.690240373356349,3.0779139039290877,0.1247831427135454,0.3456195978397881
N#Cc1ccc(Cl)cc1C(=O)Nc1ncc(Cc2ccc(Cl)cc2Cl)s1,-7.894,-5.795,7.192206198378909,4.655714123526057,0.122798308600329,0.3454484923037443
Nc1c(F)cc2n3ccnnc3c(OC3CCOC3)cc1-2,-6.935,-5.225,7.7054346405637615,3.091235513512356,0.1234751199118266,0.3453639161965734
CCOc1cc(C(=O)C2C(=O)c3cccnc3NC2c2c(F)cccc2Cl)ncn1,-7.837,-5.44,3.910555075689384,7.520057247122524,0.1231397479856506,0.3452848959914192
Cc1c(C)c(C#N)n(CC(=O)N(Cc2ccccc2)n2cccn2)c1C,-5.768,-4.453,7.697527784944981,3.083290612316653,0.1241658240934146,0.34491750469703913
CS(=O)(=O)N(CC(=O)Nc1ccc(F)c(F)c1F)c1ncnc(Cl)c1C=N,-6.702,-5.523,7.737548836679482,2.988078144895144,0.1221526683085825,0.34404818134017323
NCC1CCCN1C(=O)c1cccc(Br)c1,-6.589,-4.807,7.726588962795938,3.0018012925575204,0.1228383074146828,0.3437129780670081
NC(CO)C1CC1,-3.734,-3.594,7.7163724637941105,2.9671949716862223,0.123961423175887,0.34305792998787177
CCOC(c1ccccc1O)C(C=Cc1ccccc1)C(=O)O,-7.482,-5.238,7.765216867544653,2.9382841931984727,0.1205720157204553,0.3413030945072657
NC(C(=O)O)(c1ccccc1)C(F)(F)c1ccc(F)cc1Cl,-6.666,-5.276,7.779840101184599,2.8207803884740827,0.1205207776659723,0.3412988437031203
CC(C)CN(C)C(=O)c1ccccc1NC(=O)c1ccco1,-6.389,-4.791,7.727095249833536,3.1564518054296347,0.1210919533730456,0.3412321159823458
Nc1c(F)cccc1C(=O)NCc1c(C(F)(F)F)nc2ccccn12,-7.268,-5.46,7.750131869845829,3.086077769596871,0.1201884686825863,0.34115794538476424
NCC1(CC(=O)Nc2ncn[nH]2)CCCCC1,-6.73,-4.801,7.721741448662989,3.2032174450074407,0.120920025382304,0.3410078280724783
CC(C)(C(=O)O)c1csc(CC2CC2)c1,-6.267,-4.314,7.746204812680851,2.9934361526513302,0.12145128806607,0.3408744724022474
CC(C)NC(=O)C(C)N(Cc1cccc(Br)c1)C(=O)Cc1cccc(Cl)c1,-5.992,-4.337,3.8107790542092577,7.5787432995187265,0.1211200575039707,0.34045095917443896
COc1ccc(Cn2nc(N)c3c(C(=O)N=C(N)N)cccc32)cc1,-7.635,-5.465,7.740009431518801,3.1959175521280265,0.1196606559597913,0.3404169583855501
Cc1oncc1CC(C)NC(=O)C(C)CC(C)C,-6.021,-4.249,4.340703629597394,7.377489952551612,0.1210902665650764,0.340249789523694
Cc1nccnc1C(=O)NC1CCCC1CO,-6.143,-4.392,7.726415339599599,3.176696711995024,0.1208992716438241,0.3402399640088372
O=C(c1cc(Br)ccc1F)N1CCN(S(=O)(=O)c2ccc(F)cc2)CC1,-7.683,-5.505,7.673202590835197,3.558646090860962,0.1191948305318368,0.33982509794829463
O=C(c1cn2cccnc2n1)N1CCOCC1C(F)(F)F,-6.962,-5.274,7.743656629784149,3.19044652047327,0.1194595560013187,0.33978932455156285
CC(CC(=O)Nc1ccc2c(c1)N(Cc1ccccc1)C(=O)C2)NC(C)(C)C#N,-7.184,-5.914,5.125408373973727,6.947874063337647,0.1185866448632023,0.3396842407894004
CN(C)c1ccc2c(C(=O)N3CC(O)(c4cnn(C)c4)C3)cccc2n1,-7.369,-5.316,7.705418742677129,3.412136280982927,0.1192363791617113,0.33954682088479354
Cn1ccnc1C=CC(=O)NCCCCCC(=O)O,-5.841,-4.078,7.773935747097476,2.845424572888904,0.120752971167523,0.33946625148324544
Cc1nc(C)c(N2CCN(C)CC2)nc1C,-6.019,-4.159,7.734955268131806,3.154154561843792,0.1205359603204919,0.33930750553699557
CC(C)(C)OC(=O)N1CCC(C(=O)O)C1c1ccc(C(F)(F)F)cc1,-6.219,-4.65,7.770308809822168,2.9694177880520622,0.1198998394115322,0.3392948919556509
CCCNC(=O)c1ccc(F)c(Nc2ccc(OC)cc2N)c1,-7.3,-5.09,7.7041340201219235,3.429696342243727,0.1190608829968487,0.33889313615166766
Cc1nnc(N)n1CCCCCC(=O)O,-5.919,-3.898,7.776492396961498,2.9081358290148698,0.1200154433999497,0.3381030626615645
O=C(O)C1CCCC1S(=O)(=O)c1ccc(Cl)c(Cl)c1,-6.905,-5.131,7.790199676516642,2.976422013088869,0.1183755672115896,0.33798945696767035
CCC(N)CN1CCCCC1(C)C(=O)NC(C)(C)C(C)O,-5.678,-4.482,7.78066687373261,2.965226129656893,0.1191788427036743,0.33797194089923405
CC(=O)c1cc(C)c(N)c(C(=O)OC(C)C(=O)NC2CC2)c1,-6.913,-5.163,7.761065970599656,3.1854046838667136,0.1182489872903736,0.3378656859201166
OC1CC(I)COC1c1ccccc1,-5.778,-4.545,7.765615687117151,3.099497217291863,0.1189036640099224,0.3376944105166372
Cc1ccc(NC(=O)NC2CC3CCC2C3)cc1OCC(N)=O,-6.857,-5.507,7.728036296498612,3.405568968615964,0.1176903145499145,0.3376771420144859
O=C1Cc2cnc(NCCCOCC3CCCO3)nc2N1,-5.583,-4.322,7.714692087180148,3.388555444433512,0.1189127979916225,0.33730764955558573
CCn1c(C)ccc1C(=O)OC(C)C(N)=O,-5.575,-4.293,7.781821958898828,3.043830152948748,0.1183148232055164,0.3364065871530662
Nc1c(Cl)cc(Cl)cc1CN1C(=O)NC2(CCCC2)C1=O,-7.146,-5.211,7.757632177410837,3.3041237870273563,0.1169922702517597,0.33615052306427756
NC(=O)Nc1ccc(NC(=O)c2ccc(NC(=O)C3CCCS3)cc2)cc1,-7.637,-5.823,6.835980251580602,5.325229196945423,0.115965788391086,0.33574975548995484
CN(C)C(=O)c1ccc(C(=O)NCc2ncc[nH]2)s1,-6.286,-4.647,7.795026234721728,3.0410442285504504,0.1173865014330682,0.3357145749438751
Cc1nc(N(Cc2ccccc2)C(=O)c2cc(Br)ccc2Cl)sc1C,-7.28,-5.306,4.365304113117436,7.433777639935164,0.1161962080774591,0.335172519627622
Cc1cc(CC(=O)NN(C)C)no1,-5.554,-4.152,7.787458956553158,3.081355870392123,0.117512731846228,0.3350128132410328
N#CC(=Cc1cnccc1N1C(=O)c2ccccc2C1=O)C(=O)NC(N)=O,-6.933,-5.894,3.945349287452253,7.615284105008821,0.1153440416275657,0.3349728965685918
COCc1ccc2c(c1)N(C(=O)OC(C)(C)C)CC2,-6.742,-4.308,7.767488332788147,3.246522755195164,0.1170328350497151,0.33460576686328974
CC(N)c1cccc(-n2ccc(C(N)=O)n2)n1,-6.972,-5.017,7.814160799471686,3.027310852885775,0.1161504353708017,0.3345964796436017
CCOc1cc(C=NNC(=O)c2ccccc2)cc(I)c1OC,-5.978,-5.333,3.591485904190632,7.7135734909314255,0.1157082664976492,0.33451555424340274
O=C1NC(=O)C(N2CCC2=O)=C1I,-4.904,-4.411,7.805497037344899,3.050189174461152,0.1165398641265151,0.33408315217205425
CC(=O)N1CC(F)(F)CC1C(=O)O,-5.094,-4.629,7.809097835217586,3.074596558900045,0.1160300117121026,0.33373738357712207
Cn1ccnc1CCSCC(N)C(=O)O,-5.502,-4.204,7.777201939000941,3.252665522306282,0.1162587635435284,0.3333128627997089
C=CCC(C)CC(=O)OP(=O)(O)O,-5.833,-4.204,7.826464655257824,2.94035542069322,0.1160961110436027,0.3330796195405446
CCNCc1cccnn1,-4.805,-3.94,7.827030663029244,2.9053042869895744,0.1163668792113415,0.3329987775099997
CCCC(C)N(C)C(CN)CN1CC=CC1,-5.203,-3.55,7.821866912700573,2.919657000402616,0.1166107409608585,0.3326526884085614
CCOC(=O)c1cnn(-c2nc3ncccc3[nH]2)c1C,-6.335,-4.608,7.837677334516903,2.985925317217429,0.1148789618308796,0.3320409113709138
CN(C(=O)c1nccnc1N)C1CCCc2ccccc21,-6.64,-5.137,7.820850209536045,3.165015797748883,0.1142136936783513,0.33200524325711495
COCCNCC1CCCCC2CCCCN2C1=O,-4.047,-2.97,7.819997762148016,3.0350186160878816,0.1156574082945223,0.3302583412455668
CCc1cccc(CC)c1NC(=O)Cn1ccnc1COc1cccc(Cl)c1,-7.247,-4.703,4.639730272332648,7.331672796845207,0.1134667944042001,0.33015991667972766
Cc1nc(N2CCCCC2)ncc1C(=O)N1CCOC(C)C1,-6.205,-5.115,7.847266912753764,3.112880820076478,0.112938191779092,0.3301078829386863
CC1(C)NC(C(=O)c2ccccc2)N(Cc2ccco2)C1=O,-6.447,-5.147,7.819440005524692,3.3218979514729248,0.1123981708282143,0.3293732833327791
O=C(c1ccc(Cl)o1)c1cc2ccccc2o1,-7.258,-4.982,4.58975576692268,7.373056082792264,0.1125156337585255,0.32925860566005827
COc1ncccc1C(O)Cc1cc(Br)c(Br)s1,-6.525,-4.685,7.859375674950268,3.0516910066387783,0.1127239779427519,0.32904606624963484
CCCCOCCCN1C(=O)CSC1=Nc1ccc(Nc2ncc(C(F)(F)F)c(Nc3nn[nH]n3)n2)cc1,-7.642,-5.497,7.855854950290261,3.18550058860456,0.1115499804465092,0.3287329554015231
Cc1cc(Cl)c(O)c(C(=O)c2ccc(Br)cc2Cl)c1,-7.012,-5.342,7.854869381472871,3.205545507398077,0.1113889451953671,0.32822807823884254
CCC1(CC)NC(=O)N(c2ccc(Cl)cc2Cl)C(=O)C1=O,-7.051,-4.827,7.804299456069071,3.434478417460213,0.1118840399684323,0.3280643451237989
CC1CCC(C(=O)O)N1Cc1cnc(N(C)C)nc1,-5.801,-4.909,7.864490638305827,3.1308807067660687,0.1115564779399697,0.3277257972710623
C=C(C)CCn1c(N)nc2oc(C)c(C(=O)OCC)c21,-5.888,-4.145,7.853551171285509,3.1380167303569304,0.112233568932234,0.3273890489404412
CCC(Nc1cc2ccccc2[nH]c1=O)C(=O)O,-6.819,-4.782,7.867157618860829,3.140101590713268,0.1112747778330816,0.32709201573544044
Cc1c(C(=O)Nc2ccc(C(F)(F)F)cc2)ccc(C(=O)NCCN2CCCCCC2)c1O,-5.868,-4.546,7.251090952401576,4.824420068775107,0.1115375985130847,0.32706886368333493
CN=C(NCC(=O)N1CCCC1)NCc1ccc(-n2nc(C)cc2C)cc1,-7.622,-5.861,7.87606227755977,3.253151548883021,0.1093911105959459,0.3261580752163719
CCCN(C(=O)Nc1ccnn1C)C1CCCCC1,-6.205,-4.18,7.911999999999999,2.792332000318014,0.1113163606314119,0.32610932965456313
CCCC1(C(=O)NCC2(C(C)C)CC2)CCN1,-5.291,-4.135,4.536038580082845,7.420502813152218,0.1112363213624624,0.3259139373607312
Cc1ccc(C(CN)N2CCOCC2(C)C)c(C)c1,-5.933,-4.594,7.894151316006047,3.025840874864374,0.1105825278283662,0.3257484578614942
C=CC1(O)CCC2C(=CCC3CC(O)CCC32C)C2CC(O)C3=CC(C)OC(C3)C21C,-5.137,-3.686,4.333914627677845,7.517624691350321,0.1113865566078319,0.3253528250507313
[CH]CC(O)N[CH],-3.909,-3.142,7.884952948496268,2.955330438377408,0.1118580276218677,0.3250897410737114
CC(NCC(O)c1ccccc1)c1cccc(Cl)c1,-7.168,-3.927,7.889202557926879,3.0557056468187507,0.1106328934105476,0.324668336276072
CC(C)OC(=O)C(c1ccccc1)N(C=O)CC1CCCC1,-6.058,-4.208,7.893185225243354,3.0686819646225967,0.1102345664041673,0.3245692496743156
CCn1ccnc1CC(O)CCC(C)(C)C,-5.749,-4.228,7.904873180513397,3.058378001490332,0.1095439008074964,0.3235853195992556
O=C(Cc1c(F)cccc1Cl)Nc1cnc(Cl)cn1,-6.83,-4.796,7.913845967669575,3.0680744775836186,0.1088458563899447,0.3235263781800634
CC(NC(=O)c1cnn(-c2cccc(C(F)(F)F)c2)c1C(C)(F)F)C(O)c1ccccn1,-7.716,-6.027,7.96860972817718,2.8085020918632053,0.107381719761761,0.3234291350722649
CCOc1ccc(NC(C(=O)O)c2ccco2)cc1,-6.304,-4.567,7.920587351958186,3.008259463543661,0.1089575269136735,0.3232998851902332
Cc1nc(CN2CCC(C(c3ccccc3)n3cccn3)C2)cs1,-7.103,-5.238,4.052610146559868,7.684152262937012,0.1080229682232038,0.32305392239720887
COc1ncc(NC(=O)C2CCCC2C(=O)O)cc1Cl,-7.145,-4.796,7.502244597452152,4.455597939670948,0.1085131548377577,0.3230315494842256
CN=CCC(O)CO,-4.115,-3.601,7.901962161387512,3.0793564262683195,0.1095347248028813,0.32249010020482255
Nc1nnc(NC(=O)C(NCc2ccco2)c2ccccc2)c(=O)[nH]1,-7.937,-5.791,3.63548538712508,7.838504768130207,0.1064253919787663,0.32158859879146445
Cc1ccnc(NS(=O)(=O)Cl)c1,-5.09,-4.341,7.94096883257956,2.972388265351617,0.1079148218585275,0.3213633252108353
Cc1cc(C(N)c2cc(C)sc2C)cs1,-5.76,-4.352,7.949109950176812,2.9125947194898227,0.1078767986470586,0.3213254940134073
CC1CN(C)CCN1C(CN)CC1CCCC1,-5.874,-4.374,7.9447522931807,2.966286567410505,0.1077161540021182,0.32112370103084936
Cc1cn(C2CC2)c(N(CCN)C(C)c2ccc(F)cc2)n1,-6.409,-4.233,7.949559799133534,2.93268494727954,0.1076815101005878,0.32083137737376344
COc1ccc(CN(C)C2(C(=O)O)CCC2)cc1F,-6.856,-4.782,7.974554846510241,2.8024965655643546,0.1070316973433514,0.32079514105861495
CCC1CCN(c2cccnc2S(=O)(=O)NC2CC2)CC1,-5.859,-4.754,7.950222638391958,3.0014771363447035,0.1070452966237417,0.3207679845053845
Cc1c(C(=O)Nc2ncc[nH]2)nnn1C1CCOC1C,-6.321,-4.99,7.920392982674533,3.229656018835442,0.1067122229834466,0.32066837252819946
CC(C)NC(=O)CC(N)Cn1c(C2CC2)nc2ccccc21,-6.345,-4.814,7.968587641483275,2.894673211262369,0.1067314691401149,0.32039914177660356
O=S(=O)(c1ccc(F)cc1)N(Cc1c(Cl)cccc1Cl)Cc1c(Cl)cccc1Cl,-6.546,-4.507,7.883920408020365,3.3950544914625453,0.1070714619571755,0.32038749489171064
Cc1onc(-c2ccccc2)c1CCC(=O)NC(C)C,-6.141,-5.003,4.035495756409614,7.715462202616251,0.1063772115047663,0.3201865996637909
CCCn1cnc(C(=O)O)c1C(=O)NCC(O)c1ccc(C)o1,-6.699,-4.563,7.921091717686395,3.216555455763198,0.1068135561965473,0.32009648538719415
CC1CCC(N(C)C(=O)C(N)Cc2ccccc2F)CC1,-6.932,-4.456,7.953033383558753,3.0259129200953554,0.1066398729918234,0.31965457574542566
NC(N)=NC(c1ccc(F)cc1)S(=O)(=O)c1ccccc1,-6.341,-4.788,7.946307192652446,3.145272961127539,0.1059241946675711,0.31914125497969786
CCCn1c(=O)n(C(CC)C2CNC2)c2ccccc21,-6.222,-4.31,7.895373962010918,3.458814536803037,0.1054438311549092,0.31761043788886373
Cc1ncc(C)c(C(O)Cc2ccsc2)n1,-5.776,-4.856,7.988435453829491,3.0218358658272617,0.104372274875334,0.31690868329061056
CCN1CCOC(CN2CCC(CC)(C(=O)O)C2)C1,-6.184,-4.755,7.989128112629061,3.0248130520744585,0.1043012018844653,0.31663154169657043
CCOC(=O)C(N)CC(CC)CC,-5.011,-3.921,7.987791246646346,2.9868069907511594,0.1047196129452227,0.31586237727800687
Cc1ccc(C(=O)NC2=NCCC2c2cccs2)c(C)c1,-8.127,-5.924,4.340773433387189,7.653963221756425,0.1022717807394171,0.31547004233632625
Cc1cc(C)n2nc(N3CCCC3c3noc(C)n3)nc2n1,-8.194,-5.539,8.047450838619644,2.7970495169016933,0.1023590867658006,0.3149687510147192
O=C1CC(Nc2cc(C(F)(F)F)ccn2)C(=O)N1Cc1ccco1,-7.349,-5.223,7.994431624574695,3.176260694590419,0.1025115915521338,0.31468000283669106
Cc1ccccc1CC1CCN(C(=O)C(C)OCC(F)(F)F)CC1,-7.425,-5.418,3.739378557995967,7.875483096293204,0.1022486830069878,0.31459882708297165
O=C(COC(=O)C1CC1c1ccccc1Cl)Nc1ccc2c(c1)OCCO2,-7.643,-5.455,3.658289354329425,7.899001582478636,0.1021596179919406,0.31452292852893665
COc1ccc(Cl)cc1NC(=O)c1c(-c2ccccc2Cl)noc1C,-7.311,-6.055,4.162680987056298,7.743226782162588,0.101488455803272,0.31447475207042924
CON=C(c1ccccc1)C1CCC2(CCCCC2)O1,-6.689,-5.473,4.320638147311112,7.668129237304232,0.1019595382742432,0.31424449553624517
CC1CC(C)N(C(=O)c2ccc(N)cc2F)C1,-6.339,-4.328,8.009857302099705,3.0944262796195354,0.1023417737554552,0.3129336145542662
NCC1(C2CC2)CCN(CC(N)=O)C1,-5.34,-4.184,8.037549004516238,2.9662921299157303,0.1017206668360969,0.3117436201407158
CCCCSCC(=O)Nc1cccc(F)c1C(=O)OC(C)C,-5.692,-4.668,8.044314576146311,2.997512635502976,0.1010391279513501,0.31149726236189135
NCCCCNc1ncc(C(F)(F)F)c(NO)n1,-6.26,-4.755,8.07088409035838,2.826993809685476,0.1006839874856651,0.3110926300607121
CCC(C)C(C)C(C)N(C)C(=O)c1cnccn1,-5.848,-3.978,8.036268848165797,3.0345380208525974,0.1012250270884865,0.3106418682323931
CCc1nn(C)cc1C(=O)NCc1sccc1NC(=O)C(C)(C)C,-7.338,-4.745,8.042317389906964,3.107978442653681,0.1001850543862461,0.31030444728707074
CCN(CC(C)C)S(=O)(=O)N1CC(C)CC(C)C1,-5.527,-3.997,8.070688818186461,2.8119238965519675,0.1007995983683245,0.3100198291671709
CC(=O)c1ccc(OCC(=O)NC(C)CC(C)c2ccccc2)cc1,-6.676,-5.338,4.392618012074349,7.685550468248842,0.0988304200306305,0.30916538745595584
O=C1c2ccccc2C(O)(O)N1c1ccc(Cl)cc1,-6.449,-5.346,8.092166767930577,2.937759860846356,0.0985670236745748,0.3087661222240273
CC1CC(C)N(C(=O)NC2CC2C)C1,-5.606,-4.042,8.022220266235525,3.262249837152268,0.099862916612796,0.3086501186398057
COc1ccccc1OC1(C)C=CC(O)=C(C2OC=CO2)C1(O)O,-5.945,-4.749,8.075351942794814,3.026540929840533,0.0988782655078786,0.3082805649385846
CNC(c1ccc(SC)cc1)C(OC)C(C)C,-4.925,-3.954,4.762691046036893,7.4736922601884,0.0996652970194454,0.3081998249287911
CC1CCC(N2Cc3ccccc3CC2C(=O)O)C1C,-6.378,-5.211,8.086217409889496,3.017456047732925,0.0982925369814016,0.3081168713633036
CC1CN(C(=O)C(C)Sc2nnc(-c3ccco3)o2)CC(C)O1,-6.486,-5.247,8.070738937668594,3.1424402937844347,0.0981194932607678,0.3079039041059195
CC1(C)CN(C2(C(O)c3ccco3)CCC2)C1,-5.746,-4.841,8.091798872933014,2.960431894166795,0.0984138491720354,0.30770547732502024
Cc1c(C(=O)Nc2ccc(Cl)cc2C(=O)O)oc2ccccc12,-8.692,-6.359,8.14522271027625,2.80523243243764,0.0963038367260607,0.30682269798530504
Cc1ccc(C2C(N3CCOCC3)=NC3NNC(C)C32)o1,-7.252,-5.636,8.115910423359784,2.959654371713021,0.0969638738670722,0.3067116501925673
Cc1cc(=O)n2c(n1)C(CC(=O)O)N=C2c1ccccc1Br,-6.865,-5.216,8.10316117327059,3.034374729660132,0.0971279716298186,0.3062942223166855
COc1c(C(N)CN)ccc(OC2CC2)c1Br,-4.789,-4.36,8.104703017384413,2.916290451926899,0.0979674820209412,0.3062249691564873
CCCCCN(C)c1ccncc1C(=O)OC,-5.596,-3.507,8.069688593743873,3.107235749021949,0.0985121374033925,0.3056796212621169
Clc1cc(Cl)nc(NN=Cc2ccc(Cl)c(Cl)c2)n1,-7.033,-4.876,8.097094849388883,3.132500917797152,0.0966267125467716,0.3049552304396726
Cc1cc(N(C(C)C(=O)Nc2ccccc2C(=O)N2CCCCC2)S(C)(=O)=O)ccc1C(C)C,-7.023,-5.79,3.4333549190259944,8.063120859816005,0.0953960991705909,0.30446757528299134
COc1cccc2cc(-c3cc(C(=O)N4CCCC4)ccn3)[nH]c12,-7.803,-5.583,8.05144757171032,3.479890946567149,0.0954917865719837,0.3042899184086289
COc1cccc(C=C(C#N)C(=O)NC(C)C)c1OCc1ccc(F)cc1,-6.894,-5.241,4.338918183141968,7.760819093368947,0.0958286776480657,0.3042787151735092
COC(=O)C1N=C(C)c2ccccc2S1(=O)=O,-5.94,-5.259,8.131095252178515,2.995085474573305,0.0957821309103971,0.30423364065628616
CN(c1ncccc1C(N)=NO)C1CCCCC1O,-5.684,-4.601,8.15913904771821,2.772770816349595,0.0956827752387828,0.3030205702834131
CC(C)(C)OC(=O)NC1(C)CCC2CC2NC1=O,-4.418,-3.712,8.10144937650048,3.13068746443972,0.0963837001979333,0.3026916441640578
CCC1=Cc2c(N)nc(N)nc2N(Cc2cnc(C(C)(C)C)nc2C)C1,-7.409,-5.288,8.028078350389963,3.6429298648203488,0.0945738070729405,0.30235469840705503
COc1ccc(C=C(C#N)C(=O)Nc2ccccc2Cl)c(OC)c1,-6.997,-5.058,7.285785956230119,5.176466941843633,0.0946432531818778,0.30209931618752783
CCCN(C(=O)Cc1ccc(Cl)cc1)c1ccccn1,-6.754,-4.386,8.123385870436046,3.148529339231254,0.0949217967641436,0.30146896561612363
Cc1ccc(C(=O)Nc2cccc(C(=O)Nc3c(Cl)cccc3Cl)c2)o1,-7.973,-6.054,4.019662174859971,7.938933744527661,0.0930377130241948,0.30109580640849465
CSCC(C)Nc1nnc(Cl)c(C(C)=O)c1Cl,-4.963,-4.029,8.125361899632532,3.134100189847158,0.0949382288961589,0.3009225792028999
O=C(CS(=O)(=O)c1cc(Cl)cc(Cl)c1)NC1CC1,-6.516,-4.693,3.658305755400989,8.036453571072254,0.0938538709069923,0.30025693511558155
CCC(C)N(CC(=O)N1CCN(c2ccccc2)CC1)C(=O)c1cccc(F)c1,-7.069,-5.156,3.3459003272661896,8.119538964744242,0.0931385219946883,0.2998430729361658
N=C1N(Cc2ccccc2)CCN1Cc1ccccc1,-7.056,-5.111,3.5532630074341527,8.07621507885965,0.0930706563733504,0.29966271402610767
CC1CN(C2CC2)CC1Nc1ncc(Cl)cc1S(N)(=O)=O,-6.153,-5.342,8.18758364842766,2.9772460429060947,0.0926280353078161,0.2993132279026001
CSCCC(NN)c1cccnc1F,-4.938,-4.087,8.154447988674647,3.0750235771453847,0.0937593562990647,0.2991409284296411
OC12C=Cc3ccccc3C=C1CCCC2,-5.397,-4.356,8.09845324738002,3.4298469353602377,0.0933783955514618,0.298960352397886
Cn1cc(CNC2CCCCCC2=O)nn1,-4.674,-3.12,8.161260074277745,2.928358755344023,0.0945131443315778,0.2987888149306076
O=C(O)N(Cl)N=NCl,-4.511,-3.801,8.174571670736027,2.916282908086937,0.0938244271395776,0.2987881477530458
Nc1cccc2c1OCCC2=NNC(=O)c1cccnc1,-6.976,-5.447,4.735991659621034,7.623498540696391,0.0918220110796305,0.29817266410287463
Cc1ccc(N(C(C)C(=O)NC(C)c2cc(C)c(C)cc2C)S(C)(=O)=O)c(C)c1,-7.541,-5.04,4.694054430873166,7.651103776580213,0.0916328559396564,0.2972276961346923
Cc1nnc(NC(=O)Nc2ccc(C(C)(C)C(C)C)cc2)s1,-6.296,-5.453,6.72716351815533,5.93233942049846,0.0912328809227358,0.2972239568403938
COc1ccc(O)c(C=C(C)c2cncc(Cl)c2)c1,-6.703,-4.761,4.694702759493938,7.64707878866172,0.0918383765836171,0.29712241062689926
CCC(c1cccc(Cl)c1Cl)N(C)C(=O)C(N)C(C)(C)C,-5.959,-4.234,8.178688770212496,3.086351567790034,0.0922689309542612,0.29698623655877426
CC1CN(Cc2ccccc2CN=C(N)NC(C)(C)C)CCO1,-6.605,-4.613,8.1636030035763,3.224546789860555,0.0918788338345958,0.29695496737886407
CCCCOC(=O)CC1(CC)CCCCOC1=O,-4.741,-3.007,8.179027020373512,2.95471842990157,0.0932879488405608,0.2966651366943486
Cc1nc2ccccn2c(=O)c1-c1ncn[nH]1,-6.23,-5.069,8.17475314612007,3.233202901149261,0.0911635294444531,0.29651091234110566
Cc1ccc(CN(C)CC2(C(=O)O)CCCCC2)s1,-6.752,-4.633,8.229078988562451,2.840752189121748,0.0912118699122631,0.29590654780600967
O=C(O)c1scc(C(F)(F)F)c1-c1c[nH]c2cc(Cl)ccc12,-6.035,-4.769,8.189106788899506,3.157044345586548,0.091064281900225,0.2958800832331796
C=Cc1nc(C(=O)N2CCC(C)(C)C2)n[nH]1,-6.938,-4.383,8.186465049091701,3.161433377441315,0.0911738439096548,0.29545261959361535
C=CCN(CC=C)Cc1onc(C)c1NC(=O)OC(C)(C)C,-6.175,-4.464,8.202496997865953,3.084385514166477,0.0909356938306511,0.2951934764292514
CN(C)c1ncccc1C(=O)NCCC1CC=CCC1,-6.632,-4.559,4.004076547719835,7.992305862515523,0.0903335703774699,0.29436291337554804
Cc1ccc(O)c(C(=O)OC(C)C(=O)NC(C)c2ccccc2)c1,-7.233,-5.088,4.09978853113182,7.977435991595295,0.0892049579175959,0.29333787289047686
CCN(CC)C(=O)c1cc(Cl)ccc1NC(=O)c1cc(C)nn1CC,-6.683,-4.917,3.45751153288026,8.16535492186347,0.0892680964220034,0.29317688583466023
Cc1ccccc1C(NC(=O)c1ccco1)c1ccccc1Cl,-7.764,-4.954,3.689321346806211,8.11042871863134,0.0892052579952508,0.2931309713820946
COC1CCCCC1NCc1nc2ccccc2[nH]1,-6.413,-5.324,8.242117871032905,3.1058813563946703,0.088556847162632,0.2926338980032307
O=C(CNC(=O)c1ccc(F)cc1)NCc1ccc(OC2CCCCC2)nc1,-7.532,-5.937,3.9860062719468967,8.044241853649105,0.0878266919779226,0.2923633931420016
Cc1n[nH]c(C)c1NS(=O)(=O)c1ccsc1C#N,-6.664,-4.876,8.24628892290344,3.0567201376638984,0.0887231802112202,0.292217374675562
CN1CCc2c(n3nc(SCC(=O)Nc4cccc5ccccc45)n3c3ccccc23)C1,-7.481,-6.424,7.479982152385125,5.092924209135651,0.0871749044108496,0.2920171116811178
NC(c1ccccc1)c1c(O)c(CO)c(CO)c(O)c1C(=O)c1ccccc1,-6.55,-4.554,8.262484553692067,2.9294601891816177,0.0887651885692619,0.29178860449595356
CCSC(=S)C(O)CC1CC1,-4.178,-3.465,8.232100703951573,3.120568858397456,0.0889851117743382,0.2904573899579024
CCN1CCN(c2cccc(Cl)c2)S1(=O)=O,-6.11,-4.444,8.284441200225878,2.869822991057114,0.0879558788597826,0.2902858578740321
CC1(O)CCC(O)C(O)C1,-4.558,-4.162,8.264307714503374,2.999254240640497,0.0881715631831043,0.29020598198987163
O=C(NC1CCCC12CCO2)OCc1ccccc1,-6.872,-4.789,4.414108517016771,7.875632482537514,0.0873770983711058,0.2898587868844908
CNCc1cnc(OC2CC(C)CC(C)C2)c(C)c1,-6.254,-4.907,4.4120793283892805,7.885747396410817,0.0868864554162881,0.28922423543827686
Cc1nc(C(C)NC(=O)c2cccc3c2CCC3)[nH]c1C,-7.436,-5.706,3.297068091501903,8.258192659414044,0.0859679658693895,0.28890361966936146
NC(=O)c1cc(Cl)ccc1NC(c1cccc(F)c1)C1CC1,-7.712,-5.198,7.252005170985471,5.42038891593583,0.0864223701970974,0.28889401980621554
Cc1cc(NC(=O)C2C3CCC2CC3)on1,-6.427,-4.64,8.28904614536558,3.004154123875804,0.0867952196877006,0.2886641893802168
CC(CC(N)=O)NC(=O)c1c(C(C)C)ccnc1NN,-6.528,-4.794,8.308699416876266,2.945436809710913,0.0861527821091012,0.28782850595785586
CC1NS(=O)(=O)N(CC(=O)NC2CCCC(C)C2C)C1=O,-6.585,-5.484,8.321894315599062,2.9459492527876305,0.0854477188100888,0.28769285697544755
CCOc1nccnc1C(C(C)N)N1CCOCC1,-5.675,-4.034,8.303975734550287,2.904815484673682,0.0866745884867859,0.28753564400702003
Cc1ccc(S(=O)(=O)N2CCCC2C#N)cc1,-5.937,-4.761,8.31261433004082,2.951241603122319,0.0859048362326681,0.2873638397053861
O=C1Nc2ccccc2CC1C(=O)N(c1ccccc1)c1ccccc1,-7.513,-5.377,8.300867785960694,3.160152211523995,0.0849489897683773,0.2866907869024489
O=C(NC(CC(=O)N1CCc2ccccc2C1)c1ccc(Cl)cc1)c1cccs1,-7.573,-6.304,4.544475107204351,7.876226380697801,0.0839024490526998,0.286304817034094
Cc1ccc(-c2noc(C)c2C(=O)NCCCc2cn[nH]c2C)c(C)c1,-7.315,-5.172,4.364719464066391,7.954134396651844,0.0844547901825134,0.28554733649455544
Cc1ccc(C(=O)N2CCC(N3CCCCC3)CC2)cc1F,-7.171,-5.426,6.751680531541758,6.061559287840052,0.0838467174577638,0.2848980855277108
COc1ccc(C(O)=C2C(=O)C(=O)N(c3ccc(C)cc3)C2c2ccccc2)cc1,-7.037,-6.073,3.525714962954322,8.272390525114249,0.0827616394070609,0.2840094656731433
CCC(C)SN,-3.489,-3.001,8.320209973311972,2.982962621287769,0.0852841925177244,0.28364423319407606
O=C(Nc1ccc(Cl)c(Cl)c1)c1ccc(-c2nnc(N3CCCC3=O)o2)cc1,-7.665,-6.527,7.976104437631192,4.441839821515404,0.081452334585948,0.2824209184457785
CC(=O)NCc1ccc(NC(=O)CN(C)C(C)c2ccc(Cl)c(Cl)c2)cc1,-6.994,-5.095,4.360226943634929,7.993781708303024,0.0825198173642609,0.2821426914859068
CCn1c(CCNC(=O)C2CCN(Cc3ccc(Br)s3)CC2)nc2cc(F)ccc21,-7.577,-5.207,4.477378362390205,7.939609184336469,0.0824097126195993,0.2821208970326236
Cc1ccc(C)c(-c2csc(NC(=O)CCNC(=O)c3ccc(Cl)cc3)n2)c1,-8.14,-5.876,4.417227524137736,7.981248711824485,0.0817934111806887,0.28205276335943635
COc1ccccc1NC(=O)NCc1c(C)nn(-c2ccccc2)c1C,-7.309,-6.136,8.325712041621424,3.4315113288462262,0.0811070393187499,0.28124857152121024
O=C(Nc1ccccc1NC(=O)c1cccs1)c1cccc(-n2ccnc2)c1,-7.328,-5.893,3.687224565984556,8.261255413071309,0.0812844462075799,0.281198850170177
Cc1cccc(NC(=O)Cc2csc(NC(c3ccccc3)c3cccnc3)n2)n1,-7.418,-5.499,4.742613836272145,7.81166448332236,0.0816095485766634,0.28117942873576207
CCOc1ncc(-c2ccc(OC)cc2OC)c(C(=O)O)n1,-6.09,-4.832,7.213322396787767,5.581664715835231,0.0818017389644827,0.28052250951696833
Cc1ccc2nc(NC(=O)c3c(Cn4ccnc4)sc4ccccc34)sc2c1,-7.184,-5.972,4.915745416516198,7.727132521187921,0.0805465845736649,0.28003527534575046
Cc1ccc(C(C)NC(=O)c2ccc(COc3ccc4c(c3)CC(C)O4)o2)cc1C,-8.345,-6.265,4.616062499576885,7.925597390733395,0.0794985844419202,0.27863316801718774
N#Cc1cccnc1N1CC(NC(=O)c2cccc(F)c2)C1,-7.289,-5.596,4.3760735825623405,8.041234979777672,0.0797738798187408,0.27814069351334736
CCOC(=O)CC1CC(C)(C)CC(OCc2ccccc2)=C1C,-6.443,-4.877,4.559164616462099,7.940301883429875,0.0802724252961885,0.2779540283361559
N=C(N=C(N)N1CCc2ccccc21)c1ccccc1,-7.008,-4.762,8.427089236503905,2.9178271024856834,0.0802255746836301,0.2777039312694977
Cc1sc(NC(=O)c2ccc(C(=O)Nc3ccccc3C(=O)Nc3cccc(C(F)(F)F)c3)cc2)nc1-c1ccc(Cl)cc1,-9.812,-7.445,4.19146883562314,8.166630027128694,0.0776048741479618,0.2769817355207277
CCc1ccc(N(C(C)C(=O)Nc2ccccc2C(N)=O)S(C)(=O)=O)cc1,-7.249,-5.389,4.010766260953135,8.202490963116022,0.0792120888949217,0.2768584370314196
c1ccc(-c2nn[nH]n2)c(-c2cc[nH]c2)c1,-5.947,-4.782,7.193420952509314,5.659368250962292,0.0796280215953383,0.27669705579841813
COc1cc(NC(=O)COC(=O)c2cn(-c3ccc([N+](=O)[O-])cc3C)nn2)ccc1C,-7.9,-5.776,4.249201454391167,8.123222205504414,0.0785360771021823,0.27623487450781703
COc1ccc(C2CCCN2C(=O)CN2CCCc3nccnc3C2=O)cc1,-5.881,-4.178,7.945806000652169,4.579201022012465,0.0794795717625081,0.27555408758946054
CCCNC(CSc1ccc(Cl)cc1)Cc1ccc(Cl)cc1,-5.463,-4.002,4.19720263985431,8.124642330589083,0.079530961969341,0.27538467967059443
COCCN1C(=O)C(=O)C(=C(O)c2ccc(C#N)cc2)C1c1ccncc1,-6.161,-4.823,4.390409775863752,8.054165319882625,0.0788112437327003,0.275334013498177
O=C(Nc1ccccc1NC(=O)c1ccccc1I)c1ccco1,-7.64,-5.668,3.509661664605294,8.382670576850792,0.077469515757306,0.2741975569402483
C#CCS(=O)(=O)CCNCCN(C)C,-4.647,-3.568,8.462362377019788,2.8917007106545456,0.0786424344789931,0.2732072010461213
CC(NC(=O)c1cc2c(n1Cc1cccc(F)c1)CCC2)c1ccco1,-7.485,-5.303,3.4991548979717946,8.390708313366638,0.0771975960087045,0.2731916733376318
CC1=NN(c2ncc(C#N)s2)C(=O)C1,-5.56,-3.959,8.465634648388743,3.003698054066022,0.0777955027331819,0.2723010038195977
Nc1ccccc1NC(=O)CNc1ccc(Cl)nc1,-6.672,-4.987,8.460010933799081,3.171048091719833,0.0768825728799201,0.2721799433249564
COc1ccccc1CN(C)C(C)C(=O)NC(C)c1ccccc1C,-7.422,-4.254,3.736934305015276,8.338502563410293,0.0768335132408263,0.27103797796576606
O=C1CNCC12CCN(Cc1ccc(Cl)cc1Cl)c1ccccc12,-7.897,-5.429,7.596792349406424,5.254567156293656,0.0756347860208538,0.2705914918450645
Cn1cc(-c2nc3c(c(N4CCOCC4)n2)C(=O)NS(=O)(=O)N3)cn1,-8.813,-5.24,7.347561364153416,5.580389502534746,0.075456267637757,0.2700033787922021
Cc1ccc2c(CC(=O)NCc3ccc(Cn4cnc(C)c4)cc3)coc2c1,-7.553,-5.963,4.219257043603767,8.216674022985213,0.0747057467222361,0.269678147551582
Cc1nc(NC(=O)C(Oc2ccccc2)c2ccccc2)nc(C)c1Cl,-7.477,-5.754,3.575701889140088,8.42509050396493,0.0747382553970827,0.2694420328351654
Cc1cc(C)cc(NC2=C(c3cccs3)C(=O)N(Cc3ccco3)C2=O)c1,-7.283,-5.446,8.172447246694224,4.32431208401984,0.074645360054526,0.2688397928262651
COc1ccc(C=Cc2ccc(=O)n(-c3ccc(C)cc3)n2)cc1,-7.469,-5.148,4.483779990142245,8.111921350703543,0.0739457188531909,0.2671576127577073
Cc1ccc(C)c(N(CCCC(=O)N2CCc3ccccc32)S(C)(=O)=O)c1,-5.513,-4.039,7.639789787683951,5.231802175159148,0.0744238837885693,0.2664486606197151
Cc1ccccc1SCC(=O)OC(=O)Cc1c(F)ccc(F)c1F,-7.499,-4.518,4.400121475595872,8.153274495563116,0.0739178080546621,0.26621871401033004
Cc1[nH]nc2c1C(C)N(Cc1cccc(C#N)c1)C2=O,-7.436,-5.318,8.489360282141407,3.4509236444754903,0.0730911940077016,0.2658473755988426
O=C(Nc1ccccc1C(=O)Nc1ccccn1)c1cccs1,-7.125,-5.549,3.79412506383224,8.412711096905683,0.0726332453912198,0.2653351512335958
COc1cccc(NC(=O)C(C#N)=Cc2ccc(OC(=O)c3ccc(NC(=O)c4cccc(Cl)c4)cc3)cc2)c1,-8.652,-5.907,4.354924568807133,8.213507594201152,0.072148485189114,0.2649446900794992
COCCCN1C(=O)NC(c2scnc2C)=CC1c1cccc(OC)c1,-6.401,-4.939,7.322461539673664,5.68715834138632,0.0726093100523349,0.26444065521681837
COc1ccccc1CN1C(=O)NC(C)(c2ccccc2C)C1=O,-7.393,-5.526,4.294734799728616,8.246190089974885,0.0718980626351852,0.26395702313755837
O=C(c1cccc2[nH]cnc12)N1CCN(c2ccc(C(F)(F)F)cn2)CC1,-7.763,-5.614,7.1537627162214426,5.939535503724176,0.070464406752516,0.26143280557265997
CCC(C)NC(=O)C(C)N(CCc1ccccc1)C(=O)CN(c1cc(Cl)ccc1OC)S(C)(=O)=O,-6.667,-4.69,4.524677889087798,8.175000305810391,0.0702108717445725,0.2596941905547961
COc1ccccc1C(=O)N(Cc1cccnc1)c1nc2c(Cl)cccc2s1,-7.427,-5.695,3.746669587780593,8.512723066093482,0.068844769978954,0.25852056664614126
CCCC(=O)Nc1onc(C)c1-c1sc(C)nc1C,-6.823,-4.533,3.999216173201943,8.415435995835272,0.0695953354049526,0.25833822537581186
C=CCn1ncc(C(=O)N2c3ccccc3CC2C)c1C,-7.104,-5.091,4.193223342489642,8.351552789751135,0.0691760381624595,0.25832019309220905
C=CCNC(=O)CCCN(c1ccc(C)c(Cl)c1)S(C)(=O)=O,-6.474,-4.111,4.307926763537189,8.293313149761078,0.0695778654168629,0.2577268310849089
CC1CN(CCC(=O)c2ccccc2)CC1NC(=O)c1ccccc1F,-7.467,-5.819,4.457399802575488,8.26400877298663,0.0678505171709498,0.2568137376299835
Cc1cc(NN)nc(-n2nc(N)cc2-c2cccs2)n1,-6.596,-4.935,7.541513707472792,5.546920677276718,0.0681602360833805,0.2562054922359692
N#CC(=C(O)c1ccc(F)c(Cl)c1)c1nc2ccccc2[nH]1,-7.985,-5.132,4.484991638788192,8.254642451372439,0.0676698618990945,0.2555477441375813
CCOC(=O)C1CCN(c2ccc(C(F)(F)F)cc2NC(=O)c2ccc(OC(C)=O)cc2)CC1,-6.843,-5.305,7.380931919480087,5.76430585586851,0.0673502776048936,0.25517600625810394
O=C(Nc1ccccc1C(=O)NC1CCc2nccc(-c3cc(F)c(F)c(F)c3)c2C1)c1ccccc1F,-7.774,-6.574,7.039983593730883,6.175643853073135,0.0663177802984523,0.2548978119869951
Cc1cc(C)c(C(C)Nc2ccc(S(=O)(=O)NC3=NCCCCC3)cc2)c(C)c1,-5.998,-4.334,3.645636432778233,8.57249286963833,0.067468579747874,0.2540916451161687
COC(=O)c1cccc(-n2nc(C)c(C3C(C=Cc4ccccc4)NC(=S)N3CCCN(C)C)c2C)c1,-6.824,-5.572,4.34791214262662,8.347658953263485,0.0665269871504356,0.2539676584013443
CC(C)CC(=O)CNC(=O)C1CCC2CCCCC2C1,-6.546,-4.52,3.810367305129519,8.534031345149842,0.0671635032001036,0.25376710220776216
CCc1nc(C)cc(Nc2ccc(CC(=O)NC(C)c3cc(C)c(C)cc3C)cc2)c1C#N,-8.307,-6.26,3.828939801041536,8.557947066908044,0.0659437713546424,0.253763229408569
Cc1noc(CCC(F)(F)F)c1C(=O)Nc1ccc(Cl)cc1C(=O)c1cccs1,-7.84,-5.367,4.353401773326233,8.3485662242088,0.066386211482063,0.2534257451240234
CCC(C(=O)N1CCc2ccccc21)N1CC(=O)NC(=O)C1c1ccc(Cl)cc1,-7.17,-5.802,3.977619765638742,8.509075742993478,0.0659729689747978,0.2532130233571422
CN(C)C(=O)c1cc(Br)cc(C=C2C(=N)N3N=C(SCC(N)=O)NC3=NC2=O)c1O,-7.376,-5.881,8.22994489653485,4.621091429521817,0.065758891387678,0.2529063877006428
Cn1ncc(-c2ccncc2)c1C(=O)NC(CO)c1ccccc1,-7.451,-5.226,4.636276523245781,8.213390347475272,0.0660966139022446,0.2526848039697762
Fc1ccccc1-c1c(-c2ccco2)n[nH]c1-c1ccccn1,-7.077,-5.477,3.4203195757121883,8.663960353094883,0.0658413125146717,0.252529497299342
Cc1c(-n2c(C)cc(C=C(C#N)C(=O)Nc3ccc(Cl)c(Cl)c3)c2C)ccc(Cl)c1Cl,-8.284,-5.832,3.991256193230397,8.523860979626544,0.065178589260376,0.251723462472234
Cc1cccnc1NC(=O)COC(=O)c1c(-c2ccc(Cl)cc2)n[nH]c1C,-7.356,-5.892,4.42363074860459,8.347874819377685,0.0650722324903469,0.2515969644000415
COc1ccc(OC)c(C2CCCN2c2ncnc(NN3CCCCC3)c2[N+](=O)[O-])c1,-6.532,-4.801,7.287001166460727,5.924297848690594,0.0655416270790529,0.25105787184754846
Cc1cc(C(=O)NC(C)c2nc3ccccc3n2CC(F)(F)F)n(C)n1,-7.331,-5.168,4.507030729870831,8.307832629512946,0.0650280626672057,0.25055739382087755
CC1(C)CC(=O)C2=C(C1)N(c1ccc(F)cc1)C(N)=C(C#N)C2c1ccco1,-6.872,-5.064,3.8507372021471418,8.577183104026638,0.064890637729642,0.25015528415436417
CCCC(N)Cc1nc(C2CC2)n(-c2ccccc2F)n1,-6.726,-4.795,4.131141367709413,8.47727350036555,0.064976732512483,0.24996567844612558
CCOC(=O)C1=C(c2ccccc2)N=c2sc(=Cc3ccccc3Cl)c(=O)n2C1c1ccc(OC)c(OC)c1,-7.09,-5.586,7.373030313242988,5.86143344242686,0.0643196897171923,0.24973727052199063
CCCNC(=O)C(c1ccc(Br)cc1)N(C)C,-5.843,-4.243,4.489285132401371,8.315945286015294,0.0650613369256876,0.24939679741470688
CC(NC(=O)COc1ccc(C(=O)N2CCCC2)cc1)c1ccco1,-6.76,-5.186,4.429978103783359,8.363946795622267,0.0643051974578215,0.24918451238401246
CCOC(=O)C1=C(C)N=c2sc(=Cc3cc([N+](=O)[O-])ccc3N3CCCC3)c(=O)n2C1c1ccc(Cl)cc1,-6.555,-5.456,7.191906075582466,6.076773732828958,0.0639193838452727,0.24878904460559523
C=CC(=O)N1CC2(Cc3ccccc3N(C3CC3)C2=O)C1,-6.465,-5.043,3.346126865496884,8.742218825904555,0.063294250053232,0.2470316894011417
Cc1cccc(OCC(=O)NNC(=O)c2cccc(C(F)(F)F)c2)c1C,-7.756,-6.137,7.482235895773401,5.7899831605972745,0.0624789726465218,0.24684836585742062
CCOc1ccc(CN(C)CC(=O)Nc2cc(C)sc2C(=O)OC)cc1,-6.472,-5.032,3.618923320547148,8.694967337488968,0.0627882297649979,0.24602795019197313
CCCCCCCOc1ccc(C=c2sc3n2C(c2ccc4ccccc4c2)C(C(=O)OC)=C(C)N=3)cc1OCC,-7.087,-4.918,5.032174579642484,8.057913936001054,0.0626897895851954,0.2456870644773427
N#Cc1ccc(=O)n(CC(=O)Nc2ccc3c(c2)OCCCO3)c1,-5.656,-4.108,7.284541577889442,5.997228276462385,0.0631125616874604,0.2454567863787978
CN(CC1CCCN1C)C(=O)NC(c1ccccc1)c1ccccc1,-6.981,-5.057,4.564514760628998,8.3509675487335,0.0621603475653983,0.2448270152257162
CCc1ccc(-c2ccccc2N(C)C(=O)c2nccnc2C(=O)OC)cc1,-6.078,-5.516,3.8636257582742144,8.652453351506727,0.061771448110704,0.24465027989617955
Cc1ccc(-c2cccc(=O)n2CC(=O)Nc2ccccn2)cc1,-7.32,-5.524,4.453638287961876,8.418127760969181,0.0617387543405464,0.24459580198994732
CCCCS(=O)(=O)NC(c1ccccc1)C(C)O,-6.175,-4.442,4.686757941263875,8.285314779777531,0.0621290085188699,0.24396978364138186
CCCCOc1ccccc1Nc1c(N)n(C)c(=O)n(C)c1=O,-5.881,-4.588,7.98467845313761,5.16394151787179,0.0620247711009799,0.24395396470128666
CC(=O)c1ccc(OCC(=O)NC(C)C(=O)NCc2ccco2)cc1,-6.75,-5.975,8.415235884988608,4.499216153953931,0.0609877229850003,0.24367848995264194
N#Cc1ccc(NC(=O)COC(=O)C=Cc2ccc([N+](=O)[O-])cc2)cc1,-7.178,-5.577,5.165407437947176,8.011868321434147,0.060953649291232,0.24310323469335784
CCC(C)CN(CC)C(=O)C(C)Sc1nnc(-c2ccc(F)cc2)n1C,-6.052,-4.728,4.78332488965573,8.247714168180176,0.0614316978593174,0.2429649933163826
CCOC(=O)c1ccccc1Nc1cccc(Oc2ccc(Nc3cc(-c4ccc(C)cc4)ncn3)cc2)c1,-9.257,-5.396,4.274180506249121,8.524004047394628,0.0608569193366112,0.2426794459689783
O=C(c1ccco1)N(Cc1ccccc1Cl)c1ccc(F)cc1,-6.965,-5.142,3.699918647754299,8.726361211868324,0.0607720551276071,0.24218612722665706
CC1OC(=O)C(C(C)C(=O)NNC(=O)c2cccc(Cl)c2)N=C1c1ccccc1,-7.519,-6.792,5.279606614133292,7.963488808305064,0.0596912164043348,0.24210146992971363
COCCCN1C(=O)C(=O)C(=C(C)c2ccc(C)cc2)C1=O,-6.341,-4.802,4.328877337139502,8.500659739102607,0.0608271380463441,0.24186121093685506
CCOC(=O)CC(OCc1ccccc1)C(=O)Nc1ccc(-c2nc3cc(C)ccc3o2)cc1,-7.377,-5.841,7.32520143067752,6.058642257139796,0.0595499918198565,0.24062044519630862
CCc1nc(CNC(=O)C(C)(C)c2ccccc2)cs1,-6.648,-4.785,4.456767214024085,8.457234772666537,0.0602014416892991,0.24059240595939227
CCC(Oc1ccccc1C)C(=O)Nc1c(C)nn(C)c1C,-6.853,-5.385,3.836299519067821,8.71734598372693,0.0596413056079071,0.24022957171384438
CC(Oc1cnc2cc(F)ccc2c1)C(=O)Nc1ccccc1C#N,-7.707,-6.421,3.7832437140633695,8.752680617959276,0.0589220614635455,0.24007379132914447
CC(C(=O)Nc1ccccc1)C(Cc1ccccc1)C(=O)O,-7.022,-5.509,8.076179666154042,5.132514393550203,0.0594197189758277,0.23993917400039927
O=C(NCC1(C(=O)O)CC1)C1CC(=O)N1Cc1ccc(F)cc1,-7.147,-4.941,3.556341519033289,8.790877714995244,0.0597157701942649,0.23981766879736155
FC(F)Oc1ccccc1-c1nc(Cc2ccc(Cl)cc2Cl)no1,-7.725,-5.332,4.177421453480604,8.609332204067863,0.0591828099160569,0.23923770549853693
Cc1cc(C)cc(C(=O)N2CCNC(=O)C2c2ccc(F)c(F)c2)c1,-8.244,-5.636,8.029495002800614,5.223603832604458,0.0587688437142823,0.2387805051538827
Cc1nc(Nc2cc(F)cc(F)c2)cc(C(=O)Nc2ccccc2C(F)(F)F)n1,-7.584,-6.114,4.078139158979251,8.682065076927262,0.0579374870635106,0.23767911940691738
COC(=O)C(CCCCc1c[nH]c2ccccc12)NC(=O)c1ccco1,-7.261,-5.721,8.11289399659579,5.13402142574415,0.058048875691696,0.2374191240240267
COC(=O)C1(N)CCC1OC(=O)c1ccccc1,-6.037,-4.77,4.019279910630758,8.69886279923991,0.0581055317648851,0.23634843828251423
O=C(Oc1ccccc1C(=O)c1ccccc1)C1=NN(Cc2ccccc2)C(=O)CC1,-7.651,-5.766,4.698866778277504,8.403502424584644,0.0574955815851217,0.23634063507710482
CCCn1ccnc1C(c1c(Cl)cccc1Cl)N(C)Cc1cnn(C)c1,-6.247,-4.134,3.646452796897281,8.809951702478283,0.0582011861403972,0.23574540031838032
O=C1CCC(c2nc3ccccc3c(=O)n2Cc2ccc(F)cc2)N1Cc1ccc(F)cc1,-8.262,-5.708,6.880063371801164,6.602252115755653,0.0571993916947197,0.23565947963719894
CCOC1CCC(C(=O)O)C(C(=O)Nc2ccc(Cl)cc2Br)C1,-6.747,-5.054,6.953981377599453,6.521548589100598,0.0573612630680735,0.23518255246973802
COc1ccc(N(CC(=O)NC(C)c2ccccc2Cl)S(C)(=O)=O)cc1,-6.307,-5.138,4.263804052720998,8.625429902329508,0.0572999060582356,0.23516089175640223
COc1ccc(C=CC(=O)NC(C)c2ccc(OC)c(Cl)c2)c(OC)c1,-7.134,-4.784,4.637128206120681,8.448449916996609,0.0571188090658964,0.23435042377969872
Cc1occc1C(=O)Oc1cccc(C(=O)c2ccc(Cl)cc2)c1,-8.038,-5.555,4.2863602275123815,8.635250199038822,0.056606952694314,0.23424785817990806
CN(C(=O)CC1CCCCN1Cc1ccco1)c1ccccc1,-7.164,-5.012,4.478055046557601,8.542383566663347,0.0567308277567848,0.23383474607107024
CCC(c1nc2c(Cl)cccc2s1)N(CC(C)C)C(=O)C1CC1,-5.976,-4.431,3.462117848947376,8.885497566259302,0.0570515273986121,0.23377447815725075
Cn1c(N)c(N=Nc2cc(C(F)(F)F)ccc2Cl)c(N)nc1=O,-7.487,-5.461,4.761599101142388,8.403386281731908,0.0562257618269272,0.2333426067655491
CNC(=O)C(Cc1ccccc1)N(Cc1ccc(OC)cc1)C(=O)COc1ccc(C)cc1,-7.015,-4.643,4.870936049672589,8.324229333698105,0.0566914472363293,0.23329782140173447
Cc1nc(C2CCN(S(=O)(=O)Cc3ccccc3)CC2)ccc1C(=O)Nc1ccccn1,-8.793,-6.326,4.464566384319983,8.57947952966845,0.0556686023549649,0.2332363546363681
N#Cc1cccc(COc2ccccc2C(=O)Oc2cccnc2)c1,-7.098,-5.574,7.390057780558958,6.095536973885073,0.0561007317698329,0.2332213516076061
CCC(C)(CC)NC(=O)c1c[nH]c2cc(Cl)c(N)cc12,-6.919,-4.582,3.784863669935814,8.816534353134456,0.0566108606183314,0.23305657351448766
CCCc1cc(=O)[nH]c(SC2CC(=O)N(c3ccc(Cl)cc3C)C2=O)n1,-7.542,-5.116,8.21482081362704,5.063083744122746,0.0561665706689357,0.23279664890734153
Cc1cccc(NCC(O)CON=Cc2ccc(Cl)s2)c1,-6.69,-5.246,3.657331540891528,8.876473060850238,0.0557435784632691,0.23207731053387248
CCC(Oc1ccc(-c2ccccc2)cc1)C(=O)Nc1cccc(Cl)c1C,-7.474,-6.413,3.746968908331106,8.874918591175922,0.054961360562268,0.23185499174083174
COC(=O)c1ccc(OC)c(N=Nc2ccc(C)cc2)c1,-6.819,-5.252,6.971380422843097,6.556483813752612,0.0556299753218189,0.23184803243698734
Cc1ccc(-c2c(C(=O)NCCc3nccs3)n[nH]c2C)cc1,-6.742,-5.393,4.300493692589259,8.671900656718803,0.0551194333052283,0.23095296119177972
CC1=C(C(=O)c2ccco2)C(c2ccccc2)N(C(=O)OC(C)(C)C)C1=O,-6.255,-4.908,3.855165106710736,8.834005093953705,0.0552668050541533,0.2306710624945302
Nc1ccnc(C(c2ccccc2)c2ccco2)c1,-6.735,-4.871,4.40586892678391,8.629758107849836,0.0549145125298308,0.2298897308142127
Cc1cc(C(=O)NCc2ccc(F)cc2)c(-c2ccccc2)s1,-7.098,-5.402,4.515254810085472,8.589767284391353,0.054450113462131,0.22955729902027502
CCCC(=O)N(Cc1ccccc1)C(CC)C(=O)NCC,-5.581,-4.452,3.8218096498910032,8.854130166199274,0.0549263475279451,0.2294046686284435
Cc1ccc(S(=O)(=O)N(C)C(C)C(=O)Nc2cc(C)ccc2C)cc1,-7.388,-6.394,3.9855448811925327,8.843479066521274,0.0534995722321473,0.22872832069055477
CC(C)Cc1cc(C(=O)Nc2nc3ccccc3[nH]2)n[nH]1,-6.5,-5.588,7.145236035289527,6.42921597086301,0.0539354338551911,0.22869308658151125
Cc1c(C#N)c(NC(=O)COC(=O)CC2C3CC4CC(C3)CC2C4)n(C2CC2)c1C,-6.879,-6.449,4.058151672867834,8.822278503878689,0.0533439463050782,0.2284607479337745
CCNC(=O)C(Cc1ccccc1)N(Cc1ccccc1Cl)C(=O)CCc1ccc(CC)cc1,-6.23,-4.59,4.8373751146670445,8.422972693770292,0.0540097302794037,0.22764908298151154
CC(=O)N(CCC1CCCC1=O)c1cccc(C)c1C,-6.983,-4.858,3.856734499547513,8.87703255598401,0.0537902896152095,0.22750874674068047
O=C(Nc1ccc(F)cc1Cl)c1onnc1-c1ccccc1,-7.432,-5.847,4.359082586967125,8.702350544536804,0.053207710507688,0.2274534842275152
CCC1C(=O)NC(C(C)C)C(=O)N1c1cccc(Br)c1,-6.536,-4.461,7.607416775752462,5.924337853296349,0.053911425275137,0.22728619203861536
CCc1ccc(N2CCC(NC(=O)C3CCS(=O)C3)C2=O)cc1,-6.781,-5.266,3.846528824797755,8.892811816292976,0.0533692691105335,0.2271049601676538
Cc1ccc(Cc2ccc(OS(=O)CC(F)(F)C(F)(F)C(F)(F)F)cc2)cn1,-7.017,-5.134,3.7026020580127152,8.9351710112342,0.0533435448577429,0.22689238583795968
Cc1cc(-c2ccc(Cl)cc2Cl)c(C(=O)Nc2ccc(C)c(Br)c2)o1,-7.416,-5.914,3.535435475298622,9.004239334891093,0.0524485575246993,0.22590418788655098
CS(=O)(=O)N1CCN(C(=O)c2cc(S)c(Cl)c(Cl)c2)Cc2ccccc21,-5.69,-3.883,3.738327032243167,8.924500378172437,0.0533715528096501,0.22545021717091784
Cc1csc2c(NC(C)c3ccc(F)c(C(C)C)c3)nc(N)nc12,-7.486,-5.686,5.064382884419383,8.334167324934148,0.0521355859700657,0.22496049897185655
CN(C(=O)c1cccc(Br)c1)N(I)C(F)(F)F,-6.244,-4.476,3.317490919354565,9.05164432575651,0.0523824226727336,0.22405777632980567
COc1cc(NC(=O)c2ccccc2Cl)c(C(=O)Nc2ccccc2F)cc1OC,-7.354,-6.078,6.564853235221638,7.107646445905986,0.0510148721308811,0.22298621129933333
CNC(=O)c1ccccc1COC(=O)Nc1c(Cl)cncc1Cl,-6.6,-5.161,3.8318050576719065,8.957638416457767,0.0514021650114907,0.22275707138150486
Cn1c(C(=O)NCC(=O)N2CCC(F)C2)cc2c1NC(=O)CSC2,-5.808,-3.827,8.494076700854544,4.83987995718902,0.0516294096043164,0.22167379297555567
COc1ccc(CNC(=O)C(C[N+](=O)[O-])c2cccc(C(F)(F)F)c2)cc1,-7.181,-5.503,7.5565676070554675,6.094626321604959,0.0507065817691014,0.22164316681785076
CCCC(COC)NC1CCc2c(F)cccc21,-6.113,-4.306,4.649933440383852,8.637602560896166,0.0505673037722442,0.21994284500143005
CC(c1ccco1)N(C)Cc1ccn[nH]1,-6.039,-4.055,8.330428140257858,5.142917946069139,0.0505408122418602,0.21959150852920203
Cc1noc(C2CCN(C(=O)C(C)(C)c3ccccc3F)C2)n1,-7.984,-5.517,4.827609864104596,8.563349461513292,0.0496847732804022,0.2194147211048731
O=C(O)c1ccccc1OCc1ccc(I)cc1,-6.843,-4.998,3.642660840649318,9.059749830983192,0.0498489994972756,0.21917731907425275
COc1ccccc1CN(C)Cc1cccc(Cl)c1Cl,-6.449,-4.619,4.248228336612805,8.849849772736258,0.0500422882989651,0.2191619975383593
COc1cc(Br)c(-c2nnc(C(F)(F)F)o2)cc1OC,-7.405,-4.725,3.582594590516766,9.072323682497224,0.0499227855601345,0.2190231152822562
CCc1cc(C(=O)Nc2c(Cl)ccc(C)c2Cl)c2cnn(C)c2n1,-7.867,-5.713,3.626627772463008,9.085363779178024,0.0491845411987911,0.2185319293502674
COC(=O)C1CCCc2c1nn(C)c2N1CCN(C)C(=O)C1,-6.562,-4.63,7.862718168674242,5.779732692780868,0.0497409223527916,0.21851381917403553
Cc1ccc2c(c1)CCC(C(=O)Nc1cn(C)nc1C)C2,-7.548,-5.553,4.011576248807942,8.98536204056353,0.0487003414723798,0.21727121093402804
CCCC(C)NC(=O)Cc1ccc(N(CC)CC)nc1,-6.162,-4.092,4.445807125820911,8.784352964219961,0.0492916145136896,0.2169035327319638
CCNC1C(=O)NC(C2CC2)CCc2cc(F)ccc21,-4.63,-3.76,3.889555501596551,9.01821966909212,0.0489479699528174,0.21576327144492638
Cc1cc(C(Nc2ccccc2C)c2cccnc2)nc(N)n1,-7.735,-5.066,4.557560092856703,8.764185872059082,0.0481990292370436,0.21559683845958377
O=C1CC2c3ccccc3CC2C2=C1C(c1ccc(F)cc1F)Nc1ccccc1N2,-6.739,-4.644,4.8927179563101735,8.572324655541227,0.0481958859629846,0.21510930483350005
CCN(Cc1ccc(Cl)cc1)C(=O)Cn1c(C(=O)O)cc2ccccc21,-5.879,-4.596,3.6498052002812416,9.116747994762168,0.0480550141351132,0.21474006072545634
CN(CC(=O)Nc1cccc(Cl)c1N(C)C)Cc1ccc(Cl)cc1,-6.77,-5.531,4.04747143288251,9.017822630768473,0.0473449465135156,0.21420166539743943
Cc1cccc(C)c1NC(=O)C(NC(=O)c1ccccc1)C(C)C,-6.986,-5.493,4.065308106404728,9.01521902118856,0.047229308275212,0.2138972317752478
CCN(CC(=O)Nc1c(Cl)cccc1Cl)Cc1ccccc1,-6.642,-5.541,3.994037681344531,9.053369869833,0.0468598279857875,0.21311262159605637
CC(OC(=O)c1cc2ccccc2[nH]1)C(=O)NCc1ccc(Cl)c(Cl)c1,-7.8,-5.467,4.474542322964439,8.860286451351334,0.0466070635409206,0.21245449840545494
Cc1ccc(C)c(C(=O)Nc2ccc3c(ccn3C)c2)c1,-7.389,-5.787,3.615096125969543,9.189966594063332,0.0461640827891774,0.21179759510928756
Cc1ccc(CC2CCCN(C(=O)c3ncccc3Br)C2)cc1,-7.82,-5.622,3.467474008554353,9.221563750254074,0.0462427376358103,0.21179474256118055
Cc1c(Cl)cccc1NC(=O)c1ccccc1NC(=O)CSc1ccc(F)cc1,-6.725,-5.587,4.20481117293036,9.008539781784838,0.0458487665359705,0.21085188956684034
O=C(NNC(=O)c1ccccc1F)c1cc(-c2cccs2)n[nH]1,-6.715,-5.76,7.303945919843602,6.554936536687445,0.0455690765270499,0.2103984953557534
Cc1ccc(CN2CCC3(c4ccccc4)C(=O)N(C)CN3C2=O)cc1,-7.877,-5.315,4.520922361642588,8.87090361800871,0.0456348348596641,0.2100589718168834
CCOc1cc(C=CC(=O)OC)ccc1OC(=O)c1ccccc1Cl,-6.81,-5.465,3.439809442396482,9.265850689494192,0.0451494687359973,0.2091037491311783
COc1ccc(C2=C(Nc3cccc(Cl)c3)C(=O)N(C(C)c3ccc(C(C)C)cc3)C2=O)cc1,-8.029,-5.973,7.179940180809307,6.710275106133875,0.0448591577090386,0.20898590865491534
Cc1[nH]nc(C2=C(Cl)Cc3nc[nH]c3C2=O)c1-c1ccc(Cl)cc1,-6.851,-5.228,4.288810091388985,9.013568716107956,0.044704996528436,0.2078127199304206
CCOc1ccc(C(=O)NC(C(=O)Nc2cc(Cl)ccc2C)C(C)C)cc1,-7.238,-5.623,3.5744449918833547,9.26545978351857,0.0443158759365296,0.2073363044891195
CCCCOC(=O)C(c1ccccc1)C(C)C,-5.898,-3.81,4.536185291629962,8.879820549988608,0.0451624901554324,0.20730760945915835
CC(C)CC(=O)Nc1ccc(NC(=O)c2ccccc2NC(=O)c2cccs2)cc1,-7.065,-5.46,8.72302413157272,4.868704447797174,0.044294866856002,0.2071098669055728
Cc1cccc(-n2c3ccccc3c3cnccc32)c1,-6.724,-5.328,7.2630963782673295,6.651825764404837,0.0441466586795198,0.20661964840463046
O=C(c1cn[nH]c1-c1ccccc1Cl)N1CCN(c2ccccn2)CC1,-7.349,-5.885,4.602085396860862,8.902034093396855,0.0435956603514236,0.2059269909730747
CCOc1cc(C2C(=C(O)c3ccc(N)cc3)C(=O)C(=O)N2c2cc(C)on2)ccc1OC,-6.963,-5.939,6.833979514163033,7.11017320464136,0.0434906322531223,0.20573687183645623
COc1ccc(C2C=C3CCCCC3C3CCCC(=O)N23)cc1,-7.787,-5.276,4.327774254741113,9.03062157329162,0.0437608735261636,0.20565858601084816
Cc1ccccc1NC(=O)c1cc(F)ccc1Nc1ncnc2c1ncn2C,-7.565,-5.853,6.650287888505278,7.307884303955557,0.0430025745405343,0.20448722003384176
CC(C)(C)OC(=O)Nc1nc(C(=O)C=Cc2cccc(Cl)c2)cs1,-6.273,-5.014,8.240196235527407,5.592956731461457,0.0433279017199606,0.2043562374483704
CCOC(=O)CC(O)(c1ccccc1)C1CC=CCC1,-6.153,-4.573,3.8787128019486055,9.214177011540423,0.0434152705672144,0.20408543293061807
CCCc1ccc(OC(C)C(=O)Nc2c(C(C)C)cccc2C(C)C)cc1,-7.1,-5.223,4.060543067127844,9.16338529147389,0.0431119841601493,0.20407117393550672
CC(CC(C)(C)C)NC(=O)c1ccnc(N)c1,-5.981,-4.13,4.097479835215787,9.134288149604217,0.0435260004735661,0.20386488915780504
CCOc1ccc(C(=Cc2c(C)nn(C)c2C)C(=O)O)cc1,-6.743,-4.926,7.996365549423064,5.893048871339859,0.0431563916736231,0.20385661351660106
CC1CN(c2ncnc(N)c2C#N)CCN1CC(F)C(F)(F)F,-6.462,-4.77,3.936883666048567,9.203522858123405,0.0431943468242242,0.20377807365222175
COc1ccc(-c2nc3ccccc3o2)c(OC(C)=O)c1,-6.405,-5.062,8.296486063388523,5.543316426111718,0.0428836899819161,0.20335747994498182
Cc1cc(Cl)cc(OC(C)C(=O)Nc2ccc3[nH]ncc3n2)c1,-7.608,-6.15,3.910024552352581,9.25593490685841,0.0420363193496183,0.2024907123974998
CCNc1cc(C(C)C)nc(-c2ccc(Br)cc2)n1,-6.421,-4.872,7.634084751952914,6.321594893695735,0.042596700909108,0.2024726110617388
O=C(COS(=O)(=O)c1ccccc1)Nc1ncc(Cl)cc1Cl,-6.973,-5.883,3.9550289505893623,9.240297722476264,0.0420561741781527,0.20225626435116253
Cc1ccc(C2c3c(oc4ccc(C)cc4c3=O)C(=O)N2c2ccc(Cl)cc2)cc1,-8.291,-6.361,6.327366829890614,7.662880724636134,0.0417146035134752,0.20193624221176443
COC(=O)c1ccc(C2C(C(=O)c3ccccc3)=C(O)C(=O)N2c2nnc(C)s2)cc1,-6.781,-5.296,7.635542678814651,6.338228459120105,0.0421588917103061,0.20188040351448594
C=CCc1nc(Nc2cccc(OC)c2)sc1C(=O)Nc1cc(C)ccc1C,-7.301,-5.861,7.178329262439833,6.839285562103691,0.0416086981184277,0.20115423642335184
CCOCCCN1C(=O)C(=O)C(=C(O)c2ccccc2Cl)C1c1ccc(OCc2ccccc2)cc1,-6.794,-5.466,7.535262371012704,6.472328329125462,0.0415171257398894,0.20051710168007458
COc1cc(NC(=O)CNS(=O)(=O)c2cccc(F)c2)cc(OC)c1,-7.157,-5.595,3.933697878587016,9.273295315043084,0.0413832574686815,0.20032918951517562
CC(C)n1c2c(c(C#N)c1C(F)(F)F)C(=Cc1sc3ccccc3[n+]1C)CCC2,-6.819,-5.891,7.121393262557545,6.912723703432678,0.0412225251662559,0.20025001997225406
O=C(CSc1nnc2n1CCCCC2)NC(=O)c1ccccc1,-5.705,-4.561,4.761611806941008,8.880927316446183,0.0417878660212619,0.2002111261299065
Cc1cc(NC(=O)C(C)OC(=O)c2ccc(CN(C)C3CCCC3)cc2)no1,-7.451,-5.865,3.874792897691437,9.300628688427466,0.0411692021724473,0.20009324773597462
CCCCOC(C)C(=O)Nc1nc2nc(C)ccc2s1,-5.956,-4.611,3.822278508952481,9.295623809083498,0.0417160689773575,0.20009209958573798
Cc1nn(-c2ccc(F)cc2)c(C)c1NC(=O)C1CC1c1ccco1,-6.768,-6.004,7.433051055925824,6.599171235844694,0.0410581228905372,0.19996838212649834
O=C1NC(=O)C(CCCC(F)(F)F)(c2cccc(F)c2)N1,-7.623,-4.895,6.961810755830698,7.061459126837739,0.041502066225752,0.19987844366311328
CSc1cc(C(N)=Nc2ccc(Cl)cc2)n(-c2ccc(Cl)c(Cl)c2)c1C,-7.368,-5.25,7.430537329157294,6.598289551088221,0.0411421983150512,0.19938301282547766
N#Cc1ccc(N(Br)c2ccccc2-c2ccccc2)cc1,-6.884,-4.965,7.211290730514197,6.825403797578572,0.0411253381725885,0.19904279091915672
COc1ccc(C(C)(C)C)cc1C(O)=C1C(=O)C(=O)N(c2ccc(-c3cc(C)no3)cc2)C1c1ccccn1,-7.834,-6.315,3.81731397713104,9.344503732141156,0.0405015019230549,0.19893068441034664
CCC(SCc1ccc(Cl)c(Cl)c1)C(=O)Nc1c(C)cccc1C,-6.932,-4.931,3.9355266483661366,9.293622598319777,0.0408467131513725,0.19833176310476736
CCC(Oc1ccccc1)C(=O)Nc1n[nH]c(C(C)C)n1,-6.559,-5.478,3.875177157240685,9.335723110718313,0.0402751254584694,0.1975075066909905
O=C1CC(C(F)(F)F)N(C(=O)c2ccc(I)cc2)CN1c1ccc(F)cc1,-7.748,-5.34,3.3005043553978237,9.476718630412112,0.040267682865493,0.19734604857770163
COc1ccc(OC)c(C(C)N(C(N)=O)c2cccc(C)c2)c1,-6.592,-4.56,8.086503694428144,5.905262229571181,0.0405549450959124,0.19723442442207748
COc1ccc(C)cc1N1C(=S)NC(c2ccccn2)C1c1ccc(Cl)o1,-6.682,-5.145,4.876065627121932,8.871889539438596,0.0402629814967572,0.19713200294939506
O=C(CCc1ccc(Cl)cc1Cl)Nc1cccc2c1OCCO2,-7.507,-5.573,3.5413565197534127,9.443074340488906,0.0398634898798695,0.1965936220537096
CC(OC(=O)c1cccc2c(Br)cccc12)C(=O)Nc1ccc(C#N)cc1,-7.966,-6.421,3.356070619042453,9.500519459482202,0.0394163801878225,0.1963559897575631
CC(=O)N(C(=O)c1ccccc1C(=O)c1ccccc1)c1ccccc1F,-6.172,-5.099,3.1978420849066325,9.508509609817931,0.0399181850079215,0.19623850692001618
O=C1SC(=Cc2cc(Br)ccc2OCCOc2ccc(Cl)cc2)C(=O)N1Cc1ccc(Cl)cc1,-8.265,-6.178,6.713316989387585,7.399411057645061,0.0391990697025865,0.19556632055816453
CCn1cc(NC(=O)C(Nc2cccc(C(F)(F)F)c2)C2CCCC2)c(C(N)=O)n1,-7.911,-5.82,7.0711473609308975,7.042828480092355,0.0393074237423039,0.1954705044607226
COc1ccc(C)cc1NC(=O)COC(=O)c1ccc(C(N)=O)cc1,-7.449,-5.844,3.573574960736097,9.46159199078041,0.0392193833525336,0.1952760002407164
N#Cc1ccc(N(C(=O)Cn2nnc3ccccc32)C(C(=O)NC2CCCCC2)c2ccc(Cl)cc2)cc1,-7.95,-5.679,7.307478977048103,6.8173177276697325,0.0389839322249364,0.19452078980938092
CCc1ccccc1NC(=O)c1cc(COC(=O)c2ccccc2C)on1,-7.895,-5.857,4.524857898321228,9.12592532294671,0.0388851197243066,0.19445528511381455
CCCc1nc2ccccc2n1CCCNS(=O)(=O)c1ccc(F)cc1,-7.904,-5.31,4.409707700063576,9.174471864908629,0.0390799497346467,0.1943831277345203
Cc1cc(C)cc(CC2NC(=O)CC2(C)CO)c1,-6.863,-4.958,3.8618779110686554,9.387061361256782,0.0391076101155865,0.19409140064257338
O=C(Nc1nn(Cc2ccccc2Cl)cc1Cl)c1cnc(Cl)nc1,-6.983,-5.69,4.004247869450641,9.3612543497119,0.0385920786711651,0.19355185043111042
CCCCCNc1ncc(NC(=O)C2CC(=O)N(Cc3ccccc3)C2)c(C)n1,-6.671,-5.198,4.662160657892432,9.05874720918958,0.0387469902562808,0.19343918430345033
CCNC(=NCc1c(C)nn(C)c1C)NCCc1ccco1,-6.576,-3.849,6.858235706069018,7.258743210776918,0.0391903404453642,0.1931551794979617
O=C1c2c(noc2-c2ccc(Br)cc2)CN1Cc1ccccc1,-7.744,-5.43,6.902921772698861,7.248249788742107,0.0384059414448532,0.19282122422853815
CCOC(=O)C=CCCC(CN(Cc1ccccc1)Cc1ccccc1)NC=O,-6.307,-4.316,6.986152088238559,7.147429467997568,0.0388401602225811,0.19276959791935763
Cc1ccc(-n2ncc(C#N)c2NC(=O)COc2ccccc2)nc1,-7.471,-5.828,3.686577003129054,9.476290730027229,0.0381754219031659,0.19264336251710548
Cc1ccc(C)c(N(Cc2ccc(C(=O)NCc3ccc(Br)cc3)cc2)S(C)(=O)=O)c1,-7.394,-6.129,5.355184497288585,8.644526187131369,0.0378089358009742,0.19201821058182558
Cc1cc(Cl)ccc1OC(C)C(=O)Nc1cccc(F)c1,-7.486,-5.522,3.71775900240992,9.4753997804842,0.0379965667197868,0.1918835238599885
CNC(=O)c1ccc(Cl)c(NCc2cc(=O)oc3ccc(C(C)=O)cc23)c1,-8.083,-6.271,7.243503434112529,6.939067444549015,0.0376954636219113,0.1918718373733117
CC1(C2(C(=O)N3CCN(C(=O)c4cc(F)cc(F)c4)CC3)CC2)CC1,-6.983,-5.025,3.616383414407272,9.502782960796274,0.0379758663436394,0.19133002552949094
CCN(Cc1nnc(Cc2ccc(C(C)(C)C)cc2)o1)CC(F)(F)F,-6.818,-4.765,7.0720929716739445,7.100461534294794,0.037947969719532,0.1909971019361872
O=C(NC1CCOC1)N(Cc1ccccc1)c1ccccc1,-6.442,-4.952,6.898839395144664,7.275370231129134,0.0378720329707855,0.19099464983944023
O=S(=O)(NCC1CCN(c2ccccc2)C1)c1ccc(Cl)cc1,-7.132,-5.907,4.388967760191455,9.263497503642997,0.0371957612777282,0.19023408649071843
CCC(C)C(NC(=O)COC(=O)CC(O)c1ccc(OC)cc1)c1ccccc1,-6.771,-4.539,3.76957000200288,9.485457395402712,0.0374183427398975,0.1894325931741463
O=C(NC1CN(C(=O)c2cc(F)ccc2F)C1)c1ccccc1,-7.045,-5.882,3.365225846804341,9.604961322150132,0.0368889867181709,0.1894232098771906
CCCNC(=O)c1nccc(C(=O)Nc2ccc(C)cc2Cl)c1C,-6.865,-5.225,6.574485987512636,7.623387436041802,0.0370787875800391,0.1892561471138447
CC(C)=CCCC(C)=CCOc1c(C(N)=O)c2ccccc2n1C,-7.502,-3.772,6.984972440890515,7.204088353150592,0.0375605896166733,0.18901847407564484
O=C(Nc1ccc(F)cc1F)c1cnccc1C#Cc1ccco1,-8.167,-5.793,6.930954191163003,7.303393252454642,0.0365281093869741,0.18840662026020755
CC(NC(=O)C(N)C(C)C)c1ccccc1,-6.366,-4.641,3.765521079478908,9.51453556407248,0.0367723274198686,0.18789181756486392
CCCn1c(C)cnc1C(=O)Nc1ccc(C(=O)NC)cc1,-6.343,-4.725,7.414637212972728,6.809614012556072,0.0366921011974864,0.18777027324624418
Cc1nc(N2CCN(Cc3ccc(F)cc3)C(C)C2)ncc1C(F)(F)F,-7.38,-5.983,4.743549514867532,9.125131615489169,0.0361275243709005,0.18755698421806116
Cc1cc(C)n(Cc2nnc(C(C)NC(=O)c3ccc(C(F)(F)F)cc3)n2C)n1,-7.232,-5.978,7.141973746801371,7.116762395921336,0.0360297807348959,0.187298199661214
CCN(CC)C(=O)C1Nc2ccccc2NC1=O,-6.224,-4.514,3.986949460427107,9.45588435842994,0.0365173312529821,0.18711316231269914
N#CC(Cc1ccc(F)cc1)C(=O)Nc1nccs1,-6.682,-5.016,4.519005532194002,9.238693576474978,0.0363134211315297,0.1870864081529281
CCOc1ccc(C(=O)NCc2ccc(Br)cc2)cc1OCC,-7.106,-5.13,4.503231173279914,9.250395721265116,0.036228883265111,0.18698092372486244
Cc1onc(C(=O)Nc2ccc(F)cc2)c1Cc1cccs1,-7.175,-5.107,6.870511334682449,7.378645607426881,0.0361742608236173,0.18681725759361692
Cc1[nH]cnc1CN1CCN(Cc2ccc(C#N)cc2)C(=O)C1,-7.52,-5.665,4.166730492844479,9.420420001252598,0.0358101674305062,0.1864208594622502
COc1cc(C=CC2(C)C=C3CC4C(=O)N(Nc5ccc(C)cc5)C(=O)C4(C)C3C(c3ccc(O)cc3)C2=O)ccc1O,-7.938,-6.51,4.663855164989582,9.204813740646792,0.0353556065114047,0.1860526571216578
CCCC1(C)NC(=O)N(CCCOc2cccc(C(F)(F)F)c2)C1=O,-7.455,-5.103,3.8476742325721913,9.529582467243776,0.0358793609317509,0.18605028871881782
CC1CC(Cc2ccccc2)OCCN1Cc1cncs1,-4.824,-3.144,5.124180715002156,8.86294087760942,0.0365994073219858,0.18595651116058803
CCOC(=O)C1=C(C)N=c2sc(=Cc3cc([N+](=O)[O-])ccc3Cl)c(=O)n2C1c1cccc(SC)c1,-6.97,-5.419,5.037630097575644,8.964631671184266,0.0356298865398672,0.18571104767306038
Cc1ccccc1OCC(=O)NNC(C)c1cccc(Br)c1,-6.932,-5.507,3.962518895853999,9.50531030529777,0.03559379435083,0.18570279704072623
CN(Cc1ccc(Cl)c(Cl)c1)C(=O)c1ccc(-n2ccnc2)cc1,-6.643,-5.236,4.751455776917217,9.141873385690705,0.0356508638908338,0.18558694388765096
CCc1ccc(COC(=O)C23CCCC2CCC(C(F)(F)F)C3)cc1,-7.813,-4.885,4.274569685945006,9.38047440164942,0.0357041240965827,0.18538190344478864
COc1ccc(C(NC(=O)Cc2ccc(F)cc2)c2ccc(Br)cc2)cc1,-7.839,-5.927,7.171371765568984,7.122978660644717,0.035264228881863,0.1852482963540615
Cc1cn2cc(NC(=O)NS(=O)(=O)c3c(Cl)cccc3Cl)ccc2n1,-7.503,-6.135,3.54097980790628,9.653452750182185,0.0349622230768447,0.18465382371997624
COc1cc(C=C2C(=O)C(=O)N(c3cccc(Cl)c3Cl)C2=O)cc(Br)c1O,-7.343,-5.586,3.491575432380059,9.65874220589824,0.035091319294196,0.18446383723227003
COc1cccc(C2N(C(=O)NCC(F)(F)F)C(=O)c3ncnn32)c1,-7.208,-5.346,7.004779082883342,7.30334313859071,0.0349525217257267,0.18386669906353148
CCC(C)OC(=O)C1=C(C)NC2=C(C(=O)CC(C)C2)C1c1c(Cl)ccc(Cl)c1Cl,-6.358,-4.654,3.8183755708416105,9.569420933368958,0.0351932475271832,0.1838259832580596
O=C(NCC(c1ccccc1F)N1CCCCC1)c1ccc(F)cc1,-7.819,-5.304,6.647061456011972,7.651606759367604,0.03493248852624,0.1837733863694528
CCCC1CN(CC(C)(C)C(C)(C)C)C(CC)CN1,-5.906,-4.014,7.44945434243341,6.83871873964707,0.0353075802562401,0.18349888926987473
CNCc1c[nH]c(=O)c(-c2cc3c(nc2N)-c2ccc(Cl)cc2CO3)c1,-7.526,-5.746,8.135153717048007,6.141775231966731,0.0346038424976974,0.18333181321163025
C#CCOc1cccc(C=C2SC(=O)N(c3ccc(Cl)cc3)C2=O)c1,-7.23,-5.398,3.847578979046434,9.58353155157325,0.0346924769084265,0.18323154059399172
CCOc1ccc(C(O)=C2C(=O)C(=O)N(c3cccc(OC)c3)C2=O)cc1Cl,-7.404,-5.491,3.225909329165964,9.733587365406446,0.0345867337319753,0.1830415079607227
Cc1ccc(C(=O)N(C)c2ccccc2)cc1NC(=O)c1ccc(OCC(=O)N2CCCC2)cc1,-8.249,-6.551,4.73646978244346,9.21972689400288,0.0341460285000084,0.18288131606268845
COc1ccc(CN2CC(C(=O)NCCOc3ccc(C)cc3)CC2=O)cc1,-7.776,-5.194,4.115798828903084,9.502836523901694,0.034440465131943,0.1823689163030957
Cc1ccc(NC(=O)COC(=O)CSc2ccc(Cl)cc2)c(C)c1,-7.351,-5.273,3.974069954089887,9.55870357318397,0.0343434002480891,0.1821875272960647
CNC(=O)NC(=O)C(Cc1ccc(Br)cc1)N(Cc1ccc(F)cc1)C(=O)c1ccco1,-6.577,-5.096,3.584873916890243,9.673333396508156,0.0343077317684378,0.18192315087964128
Cc1cc(C)c(NC(=O)C(OC(=O)C2CC2C)C(C)(C)C)c(C)c1,-7.17,-5.057,3.9642964066779873,9.566621190368105,0.0342452115128725,0.18171992436159246
O=C1SC(=Cc2ccc(-c3ccc(Cl)cc3Cl)o2)C(=O)N1Cc1ccc(Cl)cc1Cl,-7.941,-6.034,4.490765747620332,9.364549375170167,0.0338714917097335,0.18165485107119822
CC(OC(=O)c1ccc(F)cc1)C(=O)Nc1ccc(C#N)cc1,-8.029,-5.727,3.7054643433718266,9.658876383927897,0.0339576839842133,0.18159399179060343
CCC(=O)Nc1cc(NC(=O)c2c(C)nn(Cc3ccccc3Cl)c2C)ccc1C,-7.36,-6.246,6.517156204971614,7.831882915365884,0.0337256963107481,0.18146404397319857
CCCCCCCCCCCCCCCCOC(=O)N1CCC(F)(F)C(c2ccc(C)cc2)C1,-5.658,-3.554,4.290168411612766,9.423792973108014,0.0346062885416784,0.18122102641936177
Cc1cc(C(=O)NCCOc2ccccc2)ccc1N(Cc1ccc(Cl)cc1)S(C)(=O)=O,-8.271,-5.545,4.448701945511747,9.384688433826666,0.0338829345612749,0.18122097131176174
CCOC(=O)c1ccccc1Cc1c(N)c2ccc(Br)cc2n1C,-6.25,-5.085,4.4767181059343,9.369001974596866,0.0339246689557872,0.1808941737417575
CCOc1ccc2c(NC(=O)c3ccccc3I)coc2c1,-6.564,-5.488,3.57170351513112,9.702044990619246,0.0337651679100716,0.18085162848202058
O=C1NCCN1C1CCCN(C2C=CC=CC=C2c2ccccc2)C1,-6.639,-4.066,4.615848134416902,9.285649896480052,0.0341710318170656,0.1805713949405298
CCCCC1=NNC(=O)CC2=C1N=c1sc(=Cc3cc(Br)c(OC)c(OC)c3)c(=O)n1C2c1ccc(N(C)C)cc1,-5.848,-5.249,7.867214373588659,6.4791092752013375,0.0337331093158529,0.18053869866429478
Cc1ccccc1-c1noc(C(=O)NCc2ccc(F)cc2)n1,-7.946,-6.016,4.836989766373296,9.19381101611296,0.0334421868945068,0.1804830183500153
Cc1cc(CC(=O)c2cc(C)c(F)cc2F)n(C)n1,-7.295,-4.928,3.7637519843900455,9.650388489589425,0.0337945835973637,0.18039744459356066
COc1ccccc1C1NCCc2c1[nH]c1cccc(C(=O)O)c21,-7.434,-5.009,7.276266418981646,7.090728735468591,0.0337448828844308,0.18034187030806922
COc1ccc(N2CCN(C3CCN(C)c4ccccc43)C2=O)cc1,-7.004,-5.448,6.768287892813071,7.601988292545577,0.0335342500769697,0.18019428246725458
Cc1c(N)cccc1C(=O)NC1(C(=O)O)CCCC1,-7.156,-4.931,3.637308208002176,9.691342631441737,0.0336500839513217,0.1800142108357615
COc1ccc(C(=O)NC(=O)c2cccc(I)c2)cc1,-7.113,-5.39,6.941031119365479,7.44229057481633,0.0333677920482142,0.17969171275063936
CC(C)(C)OC(=O)C(CCc1ccccc1)Cc1ccccc1,-6.269,-4.154,4.275459858307641,9.475107703873343,0.0336497572864375,0.1792728618527008
CC(OCc1cccc(Cl)c1)C(=O)N1CCN(C(=O)c2ccccc2)CC1,-7.884,-5.883,4.410985944207939,9.449415325828369,0.0329112138947741,0.17892006645777442
CCOc1ccc(OCc2ccccc2[N+](=O)[O-])c2cc(C=C(C#N)C(=O)NC3CCCC3)ccc12,-7.872,-6.339,7.245606530857165,7.17132721328486,0.0327479456294727,0.178900893156465
COc1ccc(C=Cc2nc(SCC(=O)Nc3ccc(F)cc3)[nH]c(=O)c2C#N)c(OC)c1OC,-7.283,-5.744,7.294787591150272,7.1121582518951305,0.0329405366301591,0.17886956701201262
CC(NC(=O)C1CCCC1)c1ccc(OC(F)F)cc1,-7.443,-4.82,3.643367398437879,9.70855632934166,0.0332584617666486,0.17885865599505266
N#Cc1cc(F)cc(NC(=O)c2cc(Cl)ccc2C#Cc2cccnc2)c1,-8.808,-6.623,6.359952908630691,8.035122712193012,0.0325636333553961,0.17866028620969035
COC1=C(Nc2cccc(C(F)(F)F)c2)C(=O)N(c2c(Cl)cccc2C(F)(F)F)C1=O,-8.651,-5.743,4.386883859871378,9.467254565078516,0.0327775338177709,0.17842552483661542
CC(C)(C)c1cccc(Nc2ccccc2C(=O)Nc2ccc(F)c(C(F)(F)F)c2)c1,-8.513,-5.786,3.996816358052994,9.626576026812442,0.0327585648732498,0.17841406106660487
C=C(C)COCCNc1ncnc(NC(C)C)c1N,-5.714,-3.911,8.556592370798086,5.721630274668227,0.0333637341835386,0.17827810891791235
COc1cccc(C2c3c(oc4ccccc4c3=O)C(=O)N2C2CCCC2)c1,-7.068,-5.547,4.272783635991881,9.520909252797235,0.0327254874043632,0.17810067535513943
Cc1cc(C)cc(C(=O)OCC(=O)N(c2ccccc2)c2ccccc2C)c1,-6.798,-5.333,7.457666256946608,6.955891675407258,0.0327644453414855,0.17800636548084986
COC(=O)c1cccc([N+](=O)[O-])c1N(C)CC1CCC1,-5.536,-2.769,6.624826714714883,7.735474969256897,0.0336141450458919,0.17785113945682016
CN(CC(=O)Nc1ccccc1N1CCCC1)Cc1ccc(C#N)cc1,-6.921,-4.921,7.280635480505805,7.133949537247934,0.0327912213688121,0.17769269159940967
CCC(N)C(=O)Nc1ccc(Cl)cc1C(C)Cl,-6.234,-4.337,7.311626221299883,7.092857463674285,0.0329865938176121,0.17767047535813205
CC(Nc1ccc(Cl)cc1C(N)=S)c1cc(F)ccc1Br,-6.859,-4.941,7.330938616575642,7.090881891556227,0.0326408302178303,0.17730347856020218
CC(NC(=O)CCC(=O)Nc1ccc(C#N)cc1)c1ccccc1,-7.257,-4.715,6.80297897982935,7.610311228852601,0.0326866363964156,0.17721589294458243
COc1ccc(NC(=S)Nc2c(Cl)cccc2Cl)cc1C1CC(=O)N(C)C1,-6.239,-5.161,4.967164583542607,9.159816319119068,0.0324699918708759,0.17704427337103135
Cc1cccc(C(=O)NC2CC(C)N(C)C2=O)c1,-6.895,-5.107,3.4043209308171867,9.802118291471492,0.0324602944508002,0.1769674476484561
Cc1cccc(CN(C)c2cc(Cl)ccc2C#N)c1,-6.955,-4.929,4.388231762338902,9.48007621277382,0.0325037054193147,0.17691944268709853
Cc1cnn(CC2CCCN2C(=O)c2ccc(C#N)cc2)c1,-7.358,-4.586,3.2232123727734727,9.828292120200745,0.0326108344306994,0.17688933352373354
CCc1ccccc1NC(=O)C(C)Nc1ccc(Br)cc1,-7.121,-5.04,3.866667557471161,9.692009956660176,0.0323024917017219,0.17647438445155283
COc1ccc(NS(=O)(=O)Cc2ccccc2Br)cc1Br,-6.912,-4.7,3.791799309035223,9.711196939615633,0.0323720925281936,0.17634714783637556
CC(C)CC1(C(=O)NC(CO)c2ccccc2)CCCCC1,-6.716,-5.182,7.269492692065932,7.176491761299528,0.0321770826069593,0.17626341799295597
CCC(=O)NC(=O)CN(c1ccc(C)cc1)S(=O)(=O)c1ccccc1,-7.031,-5.422,3.3443338649124126,9.832096215965343,0.0320943815333097,0.17625923212881214
O=C(Cc1ccc(F)cc1F)c1cc(Br)cnc1-c1ccco1,-7.512,-5.498,6.784741483652859,7.661274437063327,0.0320250858355933,0.17613916245617067
CCC(C)Oc1ccc(C(=O)OCC(=O)Nc2ccc(F)cc2)cc1,-7.099,-4.845,4.392810262235326,9.492067056231743,0.032218521138064,0.1760634084096985
CCc1nc(C)cc(NN=Cc2ccc(C3CC3C)o2)n1,-7.748,-5.078,3.978213418106173,9.678422030475836,0.0318432322921484,0.1752505166818702
CCOc1cc(C(=O)Nc2ccc(OC)cc2)ccc1OC(F)F,-6.966,-4.914,6.522521061675462,7.929602638215864,0.0316570494808174,0.17458620451598805
Clc1ccc(Cl)c(Nc2c(Cl)cccc2Cl)c1,-6.08,-4.185,7.049442673006144,7.409681234709089,0.0318989195391128,0.17457549186501306
O=C(NN=Cc1c[nH]c2ccccc12)c1cc(Cl)cc(Cl)c1,-7.318,-5.758,4.38444078532257,9.539610945945332,0.0313532015014756,0.17451948134828707
CC1CCN(C(=O)C(C)CC(=O)Nc2ccccc2F)CC1,-6.588,-4.973,4.013089707444876,9.684432353008615,0.0314846870326626,0.17416454515477564
COc1ccc(Br)cc1C=CC(=O)NCc1occc1C,-7.046,-5.273,6.938377043660858,7.550967222813248,0.0312750368660344,0.173858493063266
CC(=O)Nc1cc(Cl)ccc1NC(=O)Cc1ccc(C)cc1,-7.238,-5.677,3.742575717336925,9.792565802689303,0.0310408735126106,0.1735743776310756
CC(C)C(NC(=O)Cc1ccccc1)C(=O)Nc1ccc2c(c1)OCCO2,-7.835,-6.054,6.605167295383214,7.891976051661587,0.0308808876737409,0.17346828364473824
Cc1cc(C)c(C=CC2CCCCN2)c(C)c1,-6.864,-4.884,4.541341321680192,9.467684458197793,0.0312584220897199,0.17345601932559648
CCOc1ccc(NC(=O)C(NC(=O)Cc2ccc(C)cc2)C(C)C)cc1,-7.566,-5.669,6.600488088012885,7.890144802220044,0.0310001902274514,0.17345331980116774
Cc1[nH]cnc1CN1CCC(c2nc3ccccc3n2C2CC2)CC1,-7.64,-5.443,7.847198927005738,6.643754586075557,0.0310370227577825,0.17335059020395732
NC(=O)c1ccccc1NC(=O)c1cncc(C(=O)Nc2cc(Nc3ccccc3)cc(C(F)(F)F)c2)c1,-8.795,-7.33,7.19491000638646,7.345969507151523,0.0303780723540032,0.17319268879406488
CCCNC(=O)CC(=O)Nc1cc(Cl)ccc1Br,-6.257,-4.771,3.897764102661935,9.744188678386722,0.0310760969110005,0.17284607771270738
CS(=O)(=O)N(c1ccc(N2CCOCC2)cc1)c1ccc(Cl)c(F)c1,-7.363,-5.434,6.520711387571144,7.973737580332075,0.0308392404339005,0.17278920004819917
CCOc1ccc(NC(=O)C=Cc2c(C)nn(Cc3ccc(C)cc3)c2C)cc1,-7.694,-5.65,3.898271796578581,9.760484567889034,0.0307585098577781,0.17275865794214282
CN(CCc1ccncc1)S(=O)(=O)c1cc(F)ccc1F,-7.281,-4.75,7.131768714701844,7.374967932133671,0.0310062527194716,0.17263254237621195
CCOC(=O)c1cc(Cl)ccc1NC(=O)CSc1nc(C)cc(C)n1,-6.659,-5.238,7.014486795197493,7.510050399298262,0.0306403723273542,0.1720536872544091
Cc1ccc(NC(=O)N2CCC(c3nc(N4CCCC4)ncc3C(N)=O)CC2)cc1,-7.844,-6.004,7.033125976406224,7.506594833877741,0.0303639526333842,0.17196534700854393
Cc1ccc2nc(C=Cc3ccc(F)cc3)c(C)nc2c1,-7.139,-6.004,7.135218006480251,7.406270451448556,0.0303579973175293,0.1719484823040425
Cc1cc(C)c(C(=O)Nc2cc3nccnc3n2C)cc1N,-7.178,-5.394,3.604497191010141,9.85576978221387,0.030524066135379,0.1718678480633037
COc1cc(CCC(=O)SC(C)=O)ccc1Cc1cccc(Cl)c1,-6.597,-4.934,4.159488670497852,9.671781945432809,0.0306677334295486,0.171854709438476
Cc1cc(C=NNC(=O)c2c(-c3ccccc3Cl)nnc3ccccc23)ccc1OC(=O)c1ccccc1,-8.53,-7.009,6.607101406819786,7.94183694116166,0.0299124852071041,0.17157586689015045
Cc1cccc(CN2CC3CN(C(=O)c4cccc5occc45)CC3C2)n1,-7.924,-5.766,3.398912914447794,9.914149131418188,0.0302884951811552,0.17153786915402527
O=C1c2ccccc2C(=O)N1COc1cccc2c1Cc1ccccc1-2,-7.961,-6.342,3.8479521826550807,9.814859194099526,0.0300267767735417,0.171309567401091
Cc1cc(C)nc(SCC(=O)Nc2ccc3oc(Cc4ccc(Cl)cc4)nc3c2)n1,-8.463,-5.712,7.207059178333421,7.343689876349628,0.0301976456659795,0.17123197051936134
Cc1c(Cl)cccc1NC(=O)CCNC(=O)c1ccccc1,-7.612,-5.633,4.11958383820502,9.712694888649596,0.0301862585829715,0.17112880006471204
COc1ccc(C=Cc2ccc(CC(C#N)=Cc3ccc4c(c3)OCO4)s2)cc1,-7.373,-5.345,4.278695361906476,9.6435929507627,0.0302658554238241,0.1710952742725848
CC(C)(C)c1nc(-c2cnc3n(c2=O)CCCC3)no1,-6.922,-5.099,7.017558122310067,7.523261859060868,0.0303381779625924,0.17107777167358357
Cc1cccc(C)c1NC(=O)C(C)Sc1nnc(-c2cccnc2)o1,-6.943,-5.9,4.759876574030045,9.412680277158042,0.0300211819458097,0.17089903365345024
COc1cc(C)c(S(=O)(=O)N2CC3(CCC2=O)CCN(c2ccc(Cl)cn2)CC3)c(C)c1,-7.131,-6.169,7.15100615298295,7.414729866960764,0.0299159100958881,0.17083895734903204
C=C1N=CN(C(N)NC(=O)OC(CCC)C(F)(F)F)N1,-7.028,-4.671,3.3755608422897665,9.913838610750126,0.0303825973455381,0.17081609563364195
Cc1ccccc1-c1ccc(=O)n(Cc2ccccc2)c1,-7.983,-5.474,7.139271251325306,7.415661602311691,0.0301112237944416,0.1707734034168417
COc1ccc(N(C)S(=O)(=O)c2ccc(Br)c(C)c2)cc1,-6.6,-4.91,3.642982432019128,9.859516063174704,0.0302697394241384,0.1707142866547498
COc1ccc(C=Nc2ccc(-c3nc(-c4ccc(Cl)cc4)c(C)s3)cc2)c(OC)c1,-7.73,-6.255,6.970327969328273,7.601563062949619,0.0297484847011347,0.17043661999516252
Cc1cccc2c(=O)c3cccnc3n(Cc3ccccc3)c12,-6.765,-4.857,3.7720424175769818,9.830281074313186,0.0301609138260431,0.1703594026046578
O=C1NC(c2ccc(Cl)cc2)C(=O)N1c1ccc(Cl)c(Cl)c1,-7.316,-5.366,3.8492135560397274,9.816961546221926,0.0299801431748024,0.17030459148610483
Cn1cncc1C1CCc2c(nc(-c3ccco3)[nH]c2=O)C1,-6.991,-5.328,7.212271070890224,7.359398752615596,0.0298166015095906,0.16980550642483544
CCCCOc1ccc(C=NNC(=O)c2cccc(Cl)c2)c(O)c1,-7.298,-4.937,3.4434712137609047,9.930725904988014,0.0298050796674817,0.16942310023443863
CCc1ccc(N2C(=O)C(=O)C(=C(O)c3cc(C)c(Cl)cc3OC)C2c2ccc(Br)cc2)cc1,-8.343,-5.625,4.908053891309671,9.347745182663036,0.0295643908285264,0.16934980756721227
CCCn1cnc2ncn(CC(=O)Nc3c(C)cccc3C)c(=O)c21,-6.942,-5.216,4.011077785334011,9.78011763732932,0.0296726874582324,0.16929537205691653
Cc1cc(C(=O)COC(=O)c2cc(Cl)ccc2Cl)c(C)n1C1CC1,-6.426,-5.272,3.636170788068129,9.897593495390684,0.0295907425994415,0.16911130533646196
O=C(Nc1ccccc1F)C1CC(=O)N(c2ccc(Cl)cc2)C1,-7.749,-5.291,7.015690771406619,7.571021727613784,0.0294980307807753,0.16886306011940636
COc1cc(C(=O)NC(C)c2cc(C)ccc2C)cc(Br)c1OC,-7.418,-4.765,4.752992110239612,9.43876522644779,0.0296104650053676,0.1687155526032606
Nc1cc2nc(-c3ccc(Cl)o3)n(C3CC3)c2cc1F,-6.288,-4.814,7.163519456244954,7.42251500503704,0.0295504761977792,0.16858826541892427
COc1ccccc1CCNc1ncc(-c2ccccn2)c(Nc2cc(C)on2)n1,-7.61,-5.41,8.349896646066943,6.212145684061183,0.0291316220803219,0.16791608849943185
Cn1ccnc1CCCNC(=O)c1ccc(I)cc1,-6.367,-4.862,3.503019554612848,9.947883242177705,0.029250354328299,0.16777255061100935
CN1C=CN(c2ccccc2NS(=O)(=O)c2ccc(NC(=O)c3ccco3)cc2)C1,-7.727,-6.164,7.294087879920285,7.33857676937429,0.028736589149707,0.16743339663085635
COc1ccc(-n2cn[nH]c2=S)c(NC(C)(C)C)c1,-5.798,-4.184,7.255579508212973,7.344785497208207,0.0293044445517327,0.16732457172934545
Cc1ccc(NC(=O)CN(Cc2ccccc2F)C(C)(C)C)cc1Cl,-7.094,-4.958,3.94576684562076,9.838777464705664,0.0290087036432682,0.16716286900464108
Cc1ccc(S(=O)(=O)NNC(=O)c2ccc(F)cc2)cc1,-7.605,-6.075,4.261223415874835,9.742674940692623,0.0285846001442677,0.1669125019724379
Fc1ccccc1CN(Cc1cccn1Cc1ccccn1)CC1CC1,-6.874,-4.448,7.039530950283548,7.571492191107378,0.0290710336823367,0.16689099516187156
Cc1oncc1NC(=O)C1CC1C(=O)NCc1ccccc1Cl,-7.486,-5.837,9.47870128234876,4.781188659737241,0.0285869314770393,0.16671180464208804
COc1ccc(C=CC(=O)Nc2ccc(OC)cc2OC)cc1,-6.514,-5.182,7.436434158923213,7.19303684127921,0.0287833334457613,0.1667091354055393
c1ccc(-c2nc(-c3ccc(-c4cccc(N(c5ccccc5)c5ccccc5)c4)cc3)nc(-c3cccc(-n4c5ccccc5c5ccccc54)c3)n2)cc1,-10.45,-8.558,7.7823225967573455,6.901552361606771,0.0277404304820869,0.1665469605609153
CCOc1ccc(-c2nc3ccc(Cl)cc3cc2C(=O)Nc2cc(C)on2)cc1,-7.347,-6.115,6.93687962992007,7.708569127925103,0.02842151627687,0.16647042581287613
CCOc1ccc(NC(=O)NC(C)CSc2ccc(C)cc2)cc1,-6.564,-4.989,7.199521442429351,7.433021525597784,0.028730468131421,0.16638650613541056
O=C(COc1cc(Cl)ccc1Cl)Nc1cccc(Cl)c1,-6.807,-5.434,3.77454977447642,9.916793635041518,0.0285624125387539,0.16628849446705027
O=C1C(CC2C=CC=C(c3ccc(Cl)cc3Cl)N2)N2CC3(CCN13)C2,-8.056,-5.304,7.133366386216258,7.507549333837241,0.0285715206222605,0.16620134459779853
O=C(Nc1ccncc1)C1CC(=O)N(c2ccccc2)C1,-7.185,-5.223,7.319782851970405,7.322473762329229,0.028570043632007,0.1661261916043191
Cc1ccccc1Cc1ccc(OC(C)C(=O)Nc2ccccc2C(F)(F)F)cc1,-7.087,-5.841,6.956547850766212,7.697172792655755,0.0282869424775382,0.16583823866802333
Cc1cc(O)c(C(C)(C)C)cc1C(=O)C(C)CN(C)C,-5.717,-4.05,7.3404169500104,7.289324934450378,0.0287875187216492,0.16572383345634256
CCC(C)NC(=O)C(Cc1ccccc1)NC(=O)c1ccc(Cl)c(Cl)c1,-7.048,-5.28,7.243042316595975,7.408501197948205,0.0284051973466514,0.16569595402409434
O=C1C=C(Nc2cc(Cl)ccc2Cl)C(=O)N1c1cccc(Cl)c1,-7.555,-5.432,4.012914402276729,9.853963517285823,0.0283245550980523,0.16559291123867437
CC1(C)OC(=O)c2ccc(NC(=O)C3CCC(=O)N(C4CCCC4)C3)cc21,-7.74,-6.064,6.549349127966839,8.097062368538358,0.0281074120534931,0.16550392506842065
CC(C)CNC(=O)Nc1ccc2nnc(-c3cc(C(F)(F)F)cc(C(F)(F)F)c3)n2n1,-9.021,-6.436,6.7141181103701175,7.948930556999476,0.0279726579625989,0.16542705279522538
CC1CN(c2c(Br)cccc2Br)C=NN1C,-4.951,-3.898,4.587975806387823,9.586464103098702,0.0285891746018177,0.16501801029461163
CCC1CCC2(CC2C(=O)OC(F)(F)C(F)F)O1,-6.078,-4.61,3.4673302409779194,10.00635123309191,0.0283402913916864,0.1649218152498086
CN(Cc1ccc(Cl)c(F)c1)C(=O)c1ccc(Cl)c(Cl)c1,-7.507,-5.056,4.910745870028299,9.42191748000374,0.0281983700076583,0.16489683955382395
Clc1cccc(Oc2nc3ccccn3c2C2CCCNN2)c1Br,-7.452,-5.345,7.230308015568909,7.438985750759305,0.0280982363540661,0.16485459941239616
COc1cccc(C(=O)OCC(=O)Nc2c(C)cccc2C)c1,-7.48,-5.46,3.768171970597945,9.948000251306793,0.0280433841814277,0.16479320494575275
C#CCOc1ccc(C(=O)N2CC(C)C2)cc1,-6.429,-3.131,7.095945955262061,7.539613318997202,0.0286555700102041,0.1645312833862573
Cc1ccc(C(C)N(C)CCC(=O)Nc2ccc(Cl)cc2)s1,-6.478,-4.275,3.718337666215912,9.947902743794794,0.0282904939362245,0.1644839748937454
CCc1ccc(C(NC(=O)c2ccc(C)o2)c2ccc(C)cc2)cc1,-7.206,-5.628,7.075608101075129,7.606399213819899,0.0278466478908427,0.16435901687875024
CCC(C)NC(c1ccccc1)C(c1ccccc1)n1cncn1,-6.305,-4.654,7.040035866385909,7.625351991875522,0.0281194882596857,0.16431640778059753
NN=C(N)c1c(-c2ccc(F)cc2)c(-c2cnc3ccnn3c2)c(N)[nH]c1=O,-6.702,-5.114,7.380140987813173,7.296297691295223,0.0279820074613041,0.16431326459550866
CCc1csc(CC(CNC(=O)OCC2c3ccccc3-c3ccccc32)C(C)C)n1,-7.567,-5.358,3.9632588863207,9.89989767623888,0.0278204271864438,0.16404882743874516
CC(C)CN1c2c3cncoc-3c(C(F)(F)F)c2C(=O)OC2CCCC21,-5.079,-4.323,7.037575576858837,7.629436479845677,0.0280906325536434,0.16394378595516537
Cc1cc(C)cc(N2C(=O)C(O)=C(C(=O)c3ccc(C)o3)C2c2ccc(O)cc2)c1,-8.212,-5.768,7.100161336195114,7.593540741972745,0.0276554053136043,0.1639138779342088
Cc1noc(CNC(=O)c2ccc3c(C(F)(F)F)nn(-c4ccc(F)cc4)c3c2)n1,-7.776,-6.448,7.215052113463908,7.492699046405106,0.0274445704078408,0.16386831351203052
COC(=O)C(C)OCC(=O)Nc1ccc(F)c(F)c1F,-6.493,-4.843,3.46064517106276,10.033657857431654,0.0278862402938307,0.16379728303706764
O=c1c2cccc(Cl)c2oc2c(SCl)cccc12,-6.553,-5.4,7.045803999544694,7.645922573502821,0.0276712934124274,0.16364467396214716
O=C(Nc1cc(Oc2cc(Cl)ccc2Cl)ccn1)c1ccco1,-7.873,-5.47,6.882882317750318,7.807054117911569,0.0276269414305356,0.1635736363139443
CCOc1cc2c(cc1Nc1nc(N)ncc1Cl)OCCO2,-6.538,-4.805,7.101797730152557,7.5836948118974306,0.0277952019600749,0.1634968316173265
O=C(Cn1cc(C=C2NC(=S)N(c3ccc4c(c3)OCO4)C2=O)c2ccccc21)c1ccc(Cl)cc1,-8.359,-6.988,3.686725376265501,10.022336404252256,0.0271500753774874,0.1634437508471911
Cc1ccc(NC(=O)COC(=O)c2cccc(F)c2)cc1C,-8.268,-5.68,3.828513157872125,9.9660047160334,0.027424365347871,0.16315251468503966
Cc1ccc(NC(=O)c2cc(NC(=O)NC(=O)c3cc(Cl)ccc3Cl)ccc2Cl)nc1,-9.4,-6.871,6.761453763799616,7.956689261244277,0.0270735711245481,0.16311454010394266
C#CC(=C=C=C=C=C=C=C=C=C=C=C=C=O)CCCCF,-6.765,-5.18,7.105467894516166,7.595271884534482,0.0275380357254523,0.163061246327601
Cc1cccc(NC(=O)CSc2nnc(C(C)(C)C)n2CC2CCC2)c1,-6.603,-5.042,3.648284254276248,10.00797931652539,0.0275668942612285,0.16302798759619047
Cc1cc(Nc2nccc(C(=O)Nc3ccc(CCl)cc3)n2)cc(C)c1C,-8.369,-6.18,4.343235429953113,9.784496410137828,0.027229157352763,0.1629963257799903
CC1CC(C2CCCCC2)N(NC(=O)C2CCCCC2)C1C(C)CN(C)C,-6.547,-5.065,6.878016138393396,7.816872072638774,0.0275401549834788,0.16296867746422752
Cc1ccc(NC(=O)c2cccnc2Oc2cccc(Cl)c2)cc1,-7.99,-5.915,6.896826879079974,7.815130453165833,0.027262876390508,0.16287169494775447
COc1ccc(-c2nn(Cc3ccc(C(C)(C)C)cc3)c(=O)c(=O)n2CCN(C)C)cc1C,-8.451,-5.163,4.331422399166353,9.776997698680306,0.0274478059528086,0.16277930460972945
CCC(CC)NC(=O)COC(=O)c1ccc(N(CC)CC)cc1,-6.166,-4.058,3.9982409882347008,9.891885866709138,0.0277508989590878,0.1627196154309178
O=C1NC(=O)C2(CN(CC3CC3)c3ccccc32)N1,-6.575,-4.917,7.989634409658555,6.701845566707725,0.0274764669733747,0.16265298388019347
Cc1nccnc1NC1CCC(CNC(=O)CC2CC2)C1,-6.831,-4.644,4.706802417777912,9.581595587374787,0.0275367893564974,0.16259637684527187
C(#CC1(c2ccccc2)C=CC2(c3ccccc3)C=CC=C2C1)c1ccccc1,-8.265,-6.763,7.122549964724712,7.615747435413019,0.0269166475516776,0.16255017092590923
Cc1ccc(C=CC(=O)N(C)Cc2c(-c3ccccc3)oc3cc(C)cnc23)cc1,-7.477,-5.502,4.799226395993421,9.54452565610256,0.0272550675974973,0.16249632008779172
COc1cccc(Cn2cc(C(=O)N3CCNC(=O)C3Cc3ccc(Cl)cc3)cn2)c1,-7.603,-5.889,4.429465091859286,9.752955346970476,0.0270838600251045,0.16231401090630285
COc1ncccc1NC(=O)C1CNc2ccccc2O1,-6.833,-5.113,7.163122992103375,7.555996492852547,0.0272446581624051,0.1621330609399474
COc1ccc(N2CCN(c3nc(C)ccc3C#N)CC2)cc1,-6.993,-4.955,7.283889482961696,7.434850704620772,0.0272696092559073,0.16207208968152576
CCNC(=O)c1ccc(C)c(N2CC(C(=O)N(C)C3CCCCC3)CC2=O)c1,-8.002,-5.519,3.69293081440744,10.027124213851147,0.0270410759301292,0.1618715966037701
O=C(c1ccc(OCc2cccnc2)cc1)C1CCCN1Cc1ccccc1,-7.167,-5.05,7.271887650397248,7.454578257688358,0.02714034925896,0.16176862597568809
Cc1ccc(Cc2nc3n(n2)C2C(C(=O)Nc4ccc(C#N)cc4)CCCN2C=C3)cc1,-7.113,-5.692,4.2975664043735256,9.826133573283034,0.0268690693631389,0.1615024468510008
COc1ccc(N2CC(C(=O)Nc3cccc(Cl)c3C)CC2=O)cc1,-7.059,-5.589,4.626477493731057,9.665410751747698,0.0268678631452748,0.16141161769762047
CCCCCCCC1(C)C2CCCC(=C3C1CCC1(C)C(C(=O)OCC)CCC31)C2,-7.436,-4.616,6.93099394026571,7.797438425534376,0.0270057736360729,0.16099710812878346
O=c1[nH]c(-c2ccc(N=C3c4ccccc4-c4ccccc43)cc2)no1,-8.089,-6.202,7.368385169085556,7.394425873588834,0.02655145502424,0.16097361270263244
CSc1ccc2[nH]c(=O)c(CN(Cc3ccccc3)C(=S)Nc3ccccc3C)cc2c1,-7.362,-6.266,7.350369310449645,7.416555736998139,0.0264845843744241,0.16082440691473435
CC(=O)c1ccc2c(c1)N(Cc1ccco1)C(=O)C(C)(C1CC1)N2,-7.316,-4.897,6.964935965247634,7.778258738303837,0.0267780062324418,0.16055536024922748
CC(CN1CCCCC1)N=C(N)Nc1ccc(C(F)(F)F)cc1,-7.042,-5.624,7.078396004745708,7.684202300824725,0.0265053276182747,0.16034837042466596
CCOC(=O)c1nc(-c2ccccc2)ccc1C=C(c1ccc(C)cc1)c1cccc2ccccc12,-7.985,-5.983,7.293683979992553,7.478837543361936,0.0263905860916997,0.1603018953388461
CCCCCCOCC1(O)CCC(NC)CC1,-5.836,-4.165,4.061325030085624,9.919877116174373,0.0268888565483428,0.1602637116871936
CCn1nc(C)c(CN(C)C(=O)c2ccc(Br)cc2)c1C,-6.267,-4.689,3.4264210190809883,10.10885967851963,0.0267272636470955,0.16022674139290385
CCc1nc2ccccc2n1-c1ccc(C=NNC(=O)COc2ccc(C)cc2C)cc1,-7.744,-6.332,7.432434459852303,7.353102542464643,0.026186065849888,0.1599704550202609
O=c1[nH]nc2cc(-c3[nH]ncc3-c3ccc(Cl)cc3)sn12,-7.455,-5.278,4.731388802455364,9.633150367351275,0.0264333553893651,0.15983966986937886
Cc1[nH]c(SC(C)C(=O)c2ccccc2)nc1-c1ccccc1,-7.236,-5.628,7.526149679617061,7.253071142626412,0.0262779252720452,0.15966238404994992
CC(=NNC(=O)c1nnn(-c2ccc(C)c(C)c2)c1-c1ccccc1)c1cccs1,-7.214,-6.02,7.326977139311955,7.459720705227508,0.0261660953740444,0.15964949315237476
O=C1Nc2ccccc2NC12Nc1ccccc1N(Cc1ccccc1)C2=O,-7.984,-6.18,3.632840348817989,10.101785683729387,0.0260625789742335,0.15946648007446187
Cc1nn(C2CCCC2)c(=O)c2nn(-c3ccc(Cl)cc3)nc12,-7.158,-5.752,7.398902959223077,7.388069165891721,0.026164007989317,0.159419504748375
C=C1CC(C)(C)CC(CCCC(C)=CCc2c(C(C)C)cc(C(C)C)c(OC)c2O)C1CCC=C(C)C,-6.402,-4.381,6.946319960957744,7.816560944558674,0.0264469979529769,0.15912421989758216
CNCC(C(C)C)N(CC(C)C(N)=O)c1ccccc1,-5.933,-4.151,7.377630107290551,7.393966188724424,0.0264099609832612,0.15881829264077615
O=C(CSc1ccc(F)cc1)NS(=O)(=O)c1ccc2ccccc2c1,-7.7,-5.116,7.573942038331162,7.215801202915723,0.0261032316474843,0.15870291690086655
O=c1nc(C23CC4CC(C2)CC(C(F)F)(C4)C3)c(=O)[nH]c(=O)[nH]1,-8.237,-5.026,6.818156422376946,7.961877228392812,0.0260973722825773,0.15860978153198976
O=C(Nc1ccccc1Br)C1C(=O)Nc2ccc(F)cc2C1=O,-8.24,-6.083,4.264314012827854,9.914858496216675,0.0256506155522216,0.15812110390664474
CCn1nc(C)c(S(=O)(=O)Nc2cccc(Cl)c2)c1C,-6.077,-4.739,7.231989214593726,7.563533235201654,0.0260140013054974,0.1581161807424013
COc1ccccc1NC(=O)C1C(C)C12CC=C(C)C2,-6.603,-5.022,3.733514162287321,10.092288590800406,0.0257842479611838,0.15765205722558576
O=C(CCCSc1ccc(Cl)cc1)Nn1cnc2ccccc21,-6.551,-4.889,3.977321837618876,10.016042581778494,0.0257972615453321,0.15758110109474996
CCOC(=O)C1C2CC(CC1(C#N)CC)c1ccccc12,-6.602,-4.606,3.7585249766364455,10.084895934019348,0.0257902545895767,0.157323846496714
Cc1ccc(Cn2c(=O)cc(N3CCOCC3)[nH]c2=O)cc1,-7.1,-5.152,3.811452479042601,10.08002108132716,0.0256216057125931,0.15726184438101523
CC1=Nc2sc3c(c2C(=O)C1)CCC(C(C)(C)C)C3,-6.559,-5.513,7.219239918440168,7.61106989850967,0.025463621673971,0.1570742776202805
CC(C)(C)NC(=O)Cc1ccc(CNc2ccc(Br)cc2)cc1,-6.615,-5.433,7.198256038791619,7.632312493602447,0.0254552661499881,0.15698251997456475
COc1ccccc1C1CNCCN1Cc1ccnn1C1CCCC1,-5.518,-4.07,7.247303291569906,7.563007668910563,0.0257822675501774,0.15685187849254525
O=C(SOOO)c1ccccc1,-5.633,-4.501,3.2665867507231465,10.205810354890984,0.0256428055280519,0.15678612652792068
COc1ccccc1CNC(=O)c1cc(N2CCN(c3ccc(Cl)cc3)CC2)nc(C)n1,-7.938,-6.002,4.502097844338793,9.832287628014145,0.0252092041398575,0.15668838990239786
CCC(C(=O)NC(C)(C)C)N(Cc1ccc(Cl)cc1)C(=O)Cc1c(Cl)cccc1Cl,-6.125,-4.442,7.290723558056497,7.531054242269139,0.0256082078429205,0.15663125313759346
CCN(CC)C(C(=O)NC1CC1)c1ccc(OC)c(OC)c1,-5.878,-4.115,6.8419661647804135,7.968827454525541,0.025621528044325,0.15639967804701496
CC(Cc1cnn(C)c1C(=O)CCC(F)(F)F)=C(Cl)Cl,-6.564,-4.14,6.672028252338265,8.132897515645945,0.0255930922670823,0.1563336883713186
Cc1ccc(CCCNC(=S)Nc2ccc(C)cc2Cl)cc1,-7.148,-5.421,4.385308312992372,9.8888130733673,0.0252074062142164,0.15620652303539978
CC(NC(=O)c1cc(Cl)nc(C2CC2)c1)C(=O)N1CCCC1,-7.751,-4.939,6.861067191042512,7.970592512479859,0.0253050924147029,0.15611190860786534
CN(C(=O)c1cccc(-c2ccccc2)n1)c1ccccc1Cl,-7.722,-5.737,3.7684888217958137,10.1327307770413,0.0249869350109496,0.15577999642914386
Cc1nc(NC(=O)Cc2nnc(-c3ccccc3)o2)sc1C,-7.564,-5.97,4.163218586622613,10.008461370260664,0.0248319484677576,0.15548555103230907
NC(=O)c1c(N)c2cc3cc(Cl)ccc3sc-2c1Br,-7.061,-5.34,7.029334321256885,7.82979220669361,0.0249614736222918,0.15537646109210398
O=C(c1ccnn1-c1ccccc1)N1CCN(Cc2ccccc2)CC1,-7.598,-5.616,7.311808189497314,7.559543438594688,0.0248461319079005,0.15524196556330727
CC1CC(Nc2cc(Br)c(Cl)cc2Cl)N(C)C1=O,-6.288,-4.597,7.072855363995505,7.789864504598266,0.0249225355777852,0.15464722514577559
CC12CCC(C)(O)C3(CCCCCC3=O)C1CCC=C2CC=CC(=O)O,-5.548,-3.741,6.790368914867587,8.051959637256013,0.0250950797265685,0.15447575305026884
Cc1cccc2c1N(CCO)c1ccccc1[P+]2(Nc1ccccc1)c1ccccc1,-6.89,-5.444,7.636856290385461,7.248921368038143,0.0246183148484934,0.15438913721164493
O=C(Cc1ccccc1)Oc1ccc(Cl)cc1[N+](=O)[O-],-7.136,-4.85,3.622230666315992,10.18945714942656,0.0247152587637667,0.1542092295191067
Cc1cc(CN2CCCC(c3ncc(Cc4ccccc4Cl)o3)C2)ccn1,-8.118,-5.812,7.369941519442334,7.529242524982177,0.0244323549692742,0.154102052383695
C=CC(=CCc1ccc(Cl)cc1)c1cccc(C=C)c1,-7.007,-5.192,7.041697877642863,7.8422464893676995,0.0245878532369824,0.15408914423169828
COc1ccc(OC)c2sc(N3CCN(C4CC4)CC3)nc12,-6.401,-4.539,7.172812070589887,7.706602753483533,0.0246980816915779,0.15390192127169708
C=C(C)C=CC=C(C)C=Cc1ccccc1,-5.861,-4.868,7.355777661131418,7.5330101553097615,0.0245869938083243,0.15382319707309972
CCOc1ccc(C2Nc3ccccc3N=C2C(=O)NCc2cccc(OC)c2)cc1,-6.971,-5.356,6.966408687408455,7.924136987710397,0.0244563619293788,0.15380929853631062
O=[N+]([O-])c1cc(C(F)(F)F)ccc1NN=CC(c1ccccc1)c1ccccc1,-7.505,-5.715,7.295068539773975,7.608276151665369,0.0243621990364919,0.153802495618663
C1CCC(Nc2nn3c(C4CC4)nnc3s2)C1,-7.1,-4.807,4.563725013626478,9.845416293890269,0.024516824279351,0.1535539971664801
CCOc1ccccc1C=CC(=O)NC1CC1,-6.884,-4.559,6.976996846781572,7.905917467315226,0.0245765045671189,0.15353894849968325
CN(CC(=O)Nc1cc(Cl)ccc1Cl)S(=O)(=O)c1ccc(C#N)cc1,-7.137,-5.734,3.784229776321729,10.17526608988679,0.0242630989042817,0.1535046390996087
O=C1C(c2ccc(Cl)cc2)=C(N2CCN(Cc3ccccc3)CC2)C(=O)N1C1CCCCC1,-7.625,-6.223,7.369957530406807,7.552366913756242,0.0240891550309424,0.15334472848114938
CCOc1cc(NC(=O)COC(=O)c2cc(C)oc2C)ccc1C,-8.05,-5.187,3.898075166027459,10.136281172106466,0.0243271776555829,0.15326611872516738
COc1ccc(C(Nc2ccc(Cl)cn2)c2ccc(C)nn2)cc1,-7.31,-5.507,7.215055717040583,7.69682934720525,0.0242205659518892,0.15318754109368554
CNC(=O)c1ccc2c(c1)C(=O)C(C(C)C)=C(CCCC(=O)N1CCN(CCCN3C(=O)c4ccccc4C3=O)CC1)C2=O,-8.031,-5.28,4.570923429680265,9.85808546321242,0.024266749717973,0.15315063573789836
CCN(CC)NC(=O)C1(CC(C)=O)CC=C(c2ccccc2)C1,-6.396,-4.617,6.822435488885182,8.064632973669664,0.0244312550132232,0.1531316472159974
CCn1ccc(S(=O)(=O)NC2CCSc3ccc(Cl)cc32)c1,-6.852,-5.186,7.286282316792288,7.626598324285867,0.0242190100361691,0.1529241944802343
Cc1cc(=O)c(Br)cn1CC(=O)N1CC(c2ccccc2)CC1C,-7.284,-6.026,3.79734143842768,10.188633372538243,0.0240039276179157,0.15291597138679067
Cc1cccc(Nc2cncc(C(=O)Nc3ccc(F)c(F)c3F)c2)c1,-8.083,-6.022,4.351676918154656,9.98755876077833,0.0239301366773622,0.1526775598386256
Cc1c(Cl)cccc1NC(=O)C1CC(C)C(=O)N1CC(N)=O,-6.507,-1.247,7.7628673182014385,7.096894320757495,0.0249760193568334,0.15203855370673924
O=C(Cn1nc(-c2ccco2)ccc1=O)NCCc1ccc2c(c1)OCO2,-7.978,-6.045,7.506254991671945,7.443974744718039,0.0236857356424843,0.15191414854583252
CCC(NC(=O)c1ccc(-n2nc(C)c(Cl)c2C)cc1)c1cc(C)ccc1C,-7.819,-5.969,7.455357402566292,7.496502184352379,0.0236624247598294,0.15177910634666827
CCOc1ccc(N2C(=O)C(O)=C(C(=O)CC(CC)CC)C2=O)cc1,-6.761,-4.881,7.751731354994186,7.179192364047643,0.0239305971670904,0.15176643445984422
CCn1c2ccccc2c2cc(NC(=O)Nc3cccc(Cn4ccnc4)c3)ccc21,-8.484,-6.773,7.270001581843019,7.69586395409898,0.0234420832556717,0.15170418303303107
CC(CC(=O)Nc1cccc(C)c1C)=NNC(=O)c1cccc(Cl)c1,-7.49,-5.748,4.731452419712155,9.809714623779838,0.0236748402378469,0.15164348219599194
CC12CCCC1CC(=O)c1cccc(OC(=O)c3ccccc3)c12,-7.421,-5.756,7.3236267654762415,7.628850306566514,0.0236437277250863,0.15155015763213991
Fc1ccc(CN2CCC(c3cc4cn[nH]c4c(-c4ccccc4)n3)CC2)c(C(F)(F)F)c1,-8.315,-6.869,7.445991471926354,7.52839723978484,0.0233387703287436,0.1514448090256404
CCn1nccc1-c1cc2c(=O)n(CC(=O)Nc3ccccc3Cl)cnc2s1,-8.112,-6.303,6.62366318588136,8.322604700452857,0.0234100947831652,0.15123094311811683
[O-][S+](Cc1ccccc1)C1C2CCC1CC2,-6.139,-4.406,4.318060328434516,10.012733642717158,0.0237800120621558,0.1509078460833718
CCOc1ncccc1C(=O)Nc1ccc(C#CCO)cc1,-6.42,-5.287,7.244808762141344,7.716184225379796,0.0235074858019445,0.1507412426558307
COc1ccc(N)c(C=Cc2ccccc2)n1,-6.571,-4.938,7.244253791799401,7.718647226036438,0.0234798504063688,0.15037562247996958
c1ccc(COc2cncc(-c3ccc(-c4cnccn4)cc3)c2)cc1,-7.937,-6.13,7.688389298156019,7.295724090177752,0.0231854341828564,0.15036787894675516
CCc1ccc(C(C)NC(=O)Cc2c(-c3ccccc3)nc3ccccn23)cc1,-8.047,-5.552,4.230993500349534,10.08186783289684,0.0233145784158367,0.15033070203268586
Cc1cc(S(=O)(=O)N2CCC(c3ccccc3)CC2)ccc1Cl,-7.764,-5.82,7.435872847218408,7.545298204842536,0.0232418105378146,0.15030690138141345
CNc1cncc(C(=O)NCc2ccc(Cl)cc2)n1,-7.062,-5.026,4.568734288618675,9.915154512159658,0.0234341721045603,0.15029910139962613
CCCCCOc1ccc(C2C(=C(O)c3ccc(OC(C)C)cc3)C(=O)C(=O)N2CCN(C)C)cc1,-6.847,-4.373,6.895208916341838,8.052664900515854,0.02357152549993,0.15021851978912965
CC(=Cc1ccc(C(F)(F)F)o1)N(N)S(C)(=O)=O,-6.985,-4.641,6.971881883681048,7.9854023693236655,0.0234725492081663,0.15011615686089655
Cc1ccc(N2C(=O)CNC2c2ccc(F)cc2)cc1Cl,-8.166,-4.968,7.275484451223849,7.695596208221947,0.0233681546246663,0.15004129402852925
Cc1cc(F)c(F)cc1NC(=O)c1cc(Br)cnc1Cl,-7.272,-5.449,7.2029150349008,7.776332876105549,0.0232360925980943,0.14999629734304434
CCOc1ccc(N2C(=O)Nc3c(OC)cccc3C(C)(C)C2=O)cc1,-5.599,-4.466,7.10108569163899,7.8628675430786705,0.0234266306570696,0.1498301071506765
Cc1ccc(CNC(=O)CN(c2ccccc2C(F)(F)F)S(C)(=O)=O)cc1,-7.378,-5.172,3.6986550258168176,10.269295058571451,0.0232236722615625,0.14973778926023124
CC(C)CCSC(C(=O)Nc1cccc(N)c1)c1ccccc1,-6.445,-4.527,3.9854739994133688,10.171990758941927,0.0233627007235571,0.14967397872802787
COc1ccc(-c2cnc3c(C)cc(Cl)cn23)cc1CO,-7.695,-4.672,7.144333488856746,7.827617070347782,0.0233249932127408,0.14966815521594565
Cc1ccc(C)c(NC(=O)C2CCN(c3ccc(Br)cc3)CC2)c1,-7.892,-5.84,7.355986065783432,7.639743582084414,0.0230291920605696,0.14963347132880167
CC(NC(=O)c1nccnc1C(=O)O)c1c(Cl)cccc1Cl,-6.503,-4.78,7.915382176496599,7.0579750637133865,0.0232762356998662,0.14959716118645236
Cc1ccc(C)c(NC(=O)CCc2ccc(Br)cc2)c1,-7.172,-5.439,3.390361190197882,10.350223717388914,0.0230931422972565,0.14952633362945514
CCOc1ccc(C=C2SC(=O)N(CCCCCC(=O)OCCCOc3ccccc3)C2=O)cc1,-7.311,-4.241,4.559356423882651,9.925076977031464,0.0233605490605266,0.1494398012160953
Cc1ccc(CN2CCC(NC(=O)c3ccccc3Oc3cccs3)CC2)cc1,-7.852,-5.669,7.339222370251496,7.661805074523888,0.0229524592810212,0.14925024400133463
COc1cc(Nc2ncc(C(C)=O)c(Nc3ccc4cn[nH]c4c3)n2)cc(Cl)c1OC,-7.82,-6.08,7.034500550856471,7.967980421662693,0.0228530733688604,0.14924728799468828
CCOc1ccc2c(c1)C(=O)c1c-2n(CCC(C)C)c(=O)n(C)c1=O,-6.886,-5.282,7.113172428670627,7.885553880356154,0.0229341183698835,0.14888762259923616
O=C1NC2(CCCCC2c2cccnc2)C(=O)N1c1ccc(F)cc1,-8.02,-5.717,6.82808325959782,8.171754523968522,0.0227891632192821,0.1487557902677924
CC(C)C(NC(=O)C1(Cc2ccncc2)CCCC1)c1ccc(F)cc1,-7.366,-5.401,7.351368171979962,7.656803837111148,0.0228536591641204,0.14871928938576398
O=C(Nc1cccnc1Cl)C1CCN(S(=O)(=O)c2ccc3c(c2)CCC3)CC1,-8.475,-6.311,4.446163852131408,10.036549108134729,0.0225759678941445,0.1485184322860708
CN(C)C(CNc1ccc(NC(=O)c2ccoc2)cc1)c1ccccc1,-7.518,-5.579,7.422217054223084,7.602799615930962,0.0226257792385751,0.1481143755635106
CCCCCNCCC(=O)Nc1ccc(NC(C)=O)cc1,-6.074,-4.205,7.46866594513371,7.533799970798269,0.0229423701675263,0.1480678183161916
CC(OC(=O)c1ccc(OCC(=O)Nc2cc(Cl)ccc2Cl)cc1)C(=O)Nc1ccc(C#N)cc1,-9.052,-6.155,7.42837997143388,7.612887691277206,0.0224021510032756,0.14782536264213306
CCc1c(C(=O)Nc2cc(Cl)ccc2C)nnn1Cc1ccccc1,-7.697,-5.794,4.842806004786895,9.833026441538738,0.0223961194265805,0.14752690207671204
Cc1ccc2nc(-c3c(NC(=O)c4ccccc4)sc(C)c3C)[nH]c2c1,-7.683,-6.104,7.735671399432631,7.314900614499146,0.0222615386738639,0.14732149913832351
C#CCN=C(C)N(c1ccccc1)c1ccccc1,-6.088,-4.475,7.217165232970629,7.804409330628423,0.0226424443413132,0.14730808376854748
Cc1cc(S(=O)(=O)Nc2cccnc2C)ccc1OC(F)(F)F,-7.542,-5.138,7.173135228057533,7.86115646708549,0.0224547914636631,0.14721181136840508
Cc1cccc(NC(=O)C(Nc2ccccc2N)C(C)C)c1C,-6.888,-5.176,7.501299954007972,7.5379059426342,0.0224335303939042,0.14717157455940102
CCOC(C)c1cccc(NC(=O)Nc2ccc(N3CCCC3)nn2)c1,-7.278,-5.505,7.300558540276216,7.74605893341898,0.0223132977048636,0.14703090162281376
CCNC(=O)CCN(C(=O)c1sc2ccccc2c1Cl)c1ccc(OCC)cc1,-6.977,-4.919,7.401121739304116,7.637758309870769,0.0224327351069079,0.14696952616598288
Cc1ccc(C(N)=O)cc1NC1CC(=O)N(Cc2ccc(F)cc2F)C1=O,-7.949,-6.077,7.450949603909557,7.608080441215117,0.0221612235445977,0.14696848173754617
O=c1c2ccccc2ncn1-c1ccccc1N1CCCC1,-6.75,-4.79,7.563428653725769,7.475801027314732,0.0224325951992344,0.14686885822114612
COc1ccc(C=CC(=O)OCC(=O)Nc2ccc(Br)cc2F)cc1,-7.159,-5.318,6.971009324337473,8.06924841605462,0.0222998414801076,0.14684215081867918
CNC(CCN(CCC(C)C)C1CC1)c1ccccc1,-6.0,-4.182,7.259326139525623,7.76973365051853,0.022547634832595,0.14677052441905025
C#CC#CC#CC#CC#CC#COc1noc(C)n1,-5.74,-4.814,7.638681168892965,7.406126990539658,0.0223518311265349,0.14662284907760492
Cc1ccsc1C(=O)OCC(=N)Nc1cccc(Cl)c1,-6.688,-5.212,3.4598868478607794,10.399356422394607,0.0221947309423185,0.14641394316006587
CCN1C(=O)C(NC(=O)c2ccccc2C)Cc2ccccc21,-7.187,-5.091,3.8624524592543534,10.29418772900514,0.0221980480863899,0.14633152808253766
CCCS(=O)(=O)c1cc2sc(C(N)=O)c(C)n2n1,-5.903,-4.467,4.47142717708787,10.045557226953616,0.0222773372436989,0.14610938754371897
COc1ccc(CC(NC(=O)c2c(C)noc2C)(Nc2ccc(C(F)(F)F)cc2)c2ccccc2)cc1,-7.513,-5.599,7.276998694516853,7.792175241869244,0.0220017884969319,0.14607301851553803
CC(C)NC(=O)NCC(C)(C)c1ccc(C(=O)NC2CC2)cc1,-7.075,-5.052,7.286925003044836,7.776833931620245,0.0220770486050229,0.14590214292283046
CCc1ccc(C(=O)Nc2cc(NC(=O)c3cccs3)ccc2C)o1,-7.593,-5.813,6.760467513419468,8.302710521269544,0.0218714992363125,0.1458032847934899
Cc1ccc(C)c(S(=O)(=O)NCCC(=O)c2ccc(Br)cc2)c1,-6.856,-5.524,3.439035184466712,10.432730946401332,0.0217969696973122,0.14533430153126808
Cc1cccc(C(=O)c2snnc2-c2ccccc2)c1,-7.539,-5.318,3.269627807564646,10.465458136173494,0.0217966926824293,0.14517610811020365
CCC(=O)NC(C)=CC(=O)c1ccccc1,-6.196,-4.642,3.233955318182365,10.465572225158068,0.0218796685001099,0.1449338999909615
[C-]#[N+]c1ccc(-c2[nH]c(=O)sc2-c2ccc(-c3nc4ccccc4s3)s2)c(C#N)c1,-7.658,-6.036,7.439695289459104,7.664807760146369,0.0215513876046849,0.1449012037174767
Cc1cccc(N2C(=O)CSC2c2ccc(NC(=O)C(Cl)(Cl)Cl)cc2)c1C,-6.385,-5.217,7.336496575341666,7.754192930279721,0.0217229122470381,0.1448531542147178
COc1ccc(CN(C)CC(=O)Nc2ccccc2C#N)cc1OC,-7.358,-5.044,7.293726482395677,7.796154629046297,0.0217265183362593,0.1447331116243803
CC(C)(C)NC(=O)CN1CC=C(Cc2ccc(Cl)cc2)C1=O,-6.846,-5.079,4.41591553361248,10.114648683963274,0.0216968059307159,0.14466082169545524
COc1ccc(-c2cnn3ccc(I)cc23)cc1,-7.319,-4.906,7.136510772079028,7.951294422922598,0.0217159029051639,0.14459234198713816
CC(C)Cc1cccc(C(=O)N2CC3(CCN(C)CC3)C2)c1,-7.869,-5.037,3.31795313408734,10.465993168352444,0.0216704294011487,0.14454083089968603
CCCCn1c(C)c(NC(=O)c2ccccc2Cl)c(C)nc1=O,-6.423,-5.134,7.608537441584946,7.489549585923042,0.0216393646115572,0.14451111031788091
Cc1ccc(C)c(C2(C)CCN(C(=O)NCc3ccccc3)CC2C)c1,-8.262,-5.802,3.941406982284372,10.321592561228137,0.0214780060402907,0.14447742887116127
Cc1cc(C)c(C(C)NC(=O)c2ccc(N)c(C)c2)cc1C,-7.53,-5.74,4.978883509382399,9.813814243198207,0.0214919022595203,0.14447724426931724
COc1ccc(C=CC(=O)OC(C)(C)C)c(N(Cl)Cl)c1,-6.162,-4.463,7.194139628892395,7.890741600128597,0.021771384544346,0.1444376060896841
CC1(C(=O)O)CCN(C(=O)Nc2cnc3onc(C4CC4)c3c2)CC1,-7.526,-5.435,3.9016971948115087,10.329580727212502,0.021545116660182,0.1444246969258906
CCOc1ccc(-c2noc(CN3CCCC(C(=O)Nc4ccc(Cl)c(C(F)(F)F)c4)C3)n2)cc1,-8.506,-6.289,8.001368757906361,7.1131744671419375,0.021353290413471,0.14442414744473786
COc1ccc(C(C)NC(=O)c2ccccc2Cl)cc1C,-7.295,-5.374,4.830729344519313,9.90224626031892,0.0215469609622279,0.1443845716353141
Cc1cc(C#CCN)cc(C(=O)NC2CCCC2C)n1,-7.218,-5.2,7.086165465186372,8.01109436968508,0.0215732166077911,0.14434026335630157
CC(C)n1cc(C2(CNC3CC3)CCCCCC2)cn1,-4.955,-3.308,7.149525718535462,7.919484010969401,0.0219729603891004,0.14421214605513133
CCCNC(c1ccc(Cl)cc1Cl)c1ccc(C)cc1Br,-6.194,-4.62,7.346273681261813,7.750197029753501,0.0216473387221581,0.14414554622642198
COc1ccc(CN(C)Cc2cccnc2)cc1OC,-6.424,-4.402,7.091492226605061,7.996727705755648,0.021695771375471,0.14413986265425124
CCNC1CCCCCC1[S+]([O-])c1ccc(Cl)cc1,-4.233,-3.077,7.745998838109905,7.324073593294922,0.0219979055198782,0.1441147018154381
CC(Nc1cccc(Br)n1)c1cc(F)cc(Br)c1,-7.155,-4.602,7.155324241430293,7.941574340141885,0.0216000599553603,0.14397431147197118
Cc1ccc([N+](=O)[O-])cc1NC(=O)Cn1c(Cc2ccc(Cl)cc2)nc2ccccc21,-7.178,-6.591,7.304788977102624,7.830039718928634,0.0211359561978611,0.1439131248100732
C=CC=C(C)C=CC1C=C(C(=C)C)C=CN1C,-6.577,-3.834,7.335735545942207,7.753450522186879,0.0217428737468489,0.14386014542885736
Cc1cccc(NC(=O)COc2ccc(C=C(C#N)C(=O)Nc3ccc(C(=O)O)cc3)cc2)c1,-9.215,-6.262,7.1752238989455925,7.962974821007537,0.0210623904727861,0.14341684265556257
CCC(C)N(C)c1c(CO)c(C)nn1C,-4.8,-3.667,7.496616903643937,7.60595667881431,0.0215802780213287,0.1431932449169412
Cc1ccccc1C(=O)N1CCCN(C(=O)c2cc(Cl)ccc2OC(F)F)CC1,-5.35,-4.033,4.651565112948544,10.009244776705184,0.0214943292095089,0.14318760556076277
CC(F)C(F)(F)Oc1cc(CC(F)(F)c2c(F)c(F)cc(OC(F)(F)F)c2F)c(F)c(F)c1F,-9.043,-6.266,7.43402273335238,7.713859086086548,0.0209848183412865,0.14315548232767342
N#Cc1ccc(Cl)cc1CC(=O)Nc1ccc(Cc2nc3ccccc3s2)cc1,-8.187,-6.484,7.336926059324845,7.817291730516394,0.0208907915518868,0.14299652859175818
Cc1noc(NC(=O)NC(=O)c2ccccc2Cl)c1C,-7.397,-5.725,3.341640465400189,10.50827397815645,0.0210469144968619,0.14296249269145522
CCc1c(C)c(C)[n+]([O-])c(C(C)=CCCC=O)c1C,-5.949,-4.459,7.286437263848499,7.835091958617971,0.0213061996409513,0.1428831545581733
CCCCCNC(=O)c1ccc(C(=O)Nc2ccc(C(F)(F)F)cc2)cc1,-7.457,-5.348,7.425320801150614,7.71344598736518,0.0211017379477634,0.14286554545249605
CCC(=O)NC(=O)CC1(c2ccccc2)CCCC1,-6.749,-4.715,7.309920109002561,7.816760070515149,0.0212431266660615,0.14286530434815806
CCOc1ccc(C=CC(=O)NC2CCCCC2C)cc1OC,-7.262,-5.058,7.526468029560745,7.609309298484324,0.021146880886588,0.1427999554003141
COc1ccccc1N1CCN(C(=O)C2CCCOC2c2cccc(Cl)c2Cl)CC1,-8.068,-5.615,7.257473182864681,7.8868962843440515,0.0210027162221532,0.14272997634658174
CC(CCC1CCCCC1)C(=O)Nc1ccccc1Br,-6.729,-4.964,3.853143781381639,10.377811763565576,0.0211063744057238,0.14259235338990295
Cc1ccc(C(NCc2cc(C)on2)c2ccccc2)cc1,-7.259,-5.37,7.391175887502611,7.755585986887129,0.0209945762630368,0.1425188134560147
O=C(Nc1ccc(Cl)nn1)c1ccc(NC(=O)c2cccs2)cc1,-6.588,-5.741,7.219864610918961,7.934354731167494,0.020866920606073,0.1423618023838105
CC1C=CC(C(C)C)C(C2=Cc3ccccc3C2)C1,-7.343,-5.683,7.435550080525314,7.721730958794149,0.0208642059539634,0.14230928566890694
S=C1NC(c2cccn2-c2ncccn2)CN1CC1CCCO1,-6.202,-4.853,7.3672701864394785,7.775674761716825,0.0210407339840249,0.14228696578251945
COc1cccc(-c2coc3cc4oc(C5CCN(C(=O)c6ccccc6C)C5)nc4cc23)c1,-9.203,-6.832,7.324371918465092,7.852335321418718,0.020601518084579,0.14225967504583978
CC(=O)c1ccc(NC(=O)C2(c3ccc4c(c3)OCCO4)CCC2)cc1,-7.446,-6.274,6.470388010003728,8.668900103242626,0.020637437455936,0.14197156246115566
CCC(C)NC(=O)c1cc(C(=O)Nc2ccc(F)c(F)c2F)ccn1,-7.304,-5.448,7.341487655782035,7.824425921433469,0.0207417258079011,0.14171608686135767
CCNC(=NCc1c(CC)noc1CC)NC1CCOC12CCCCC(C)C2,-4.584,-3.548,3.870523091262988,10.370596607717417,0.0211303161095398,0.14160223246730644
Cc1ccccc1C(=O)N1CCCC(C(=O)NC2CC2)C1,-7.287,-5.231,3.480189937345373,10.502276991205289,0.0207557400769043,0.14160222164893713
CC1CCc2c(sc3ncn(N=Cc4ccc(Cl)cc4Cl)c(=O)c23)C1,-7.157,-6.124,7.439372419767678,7.741835312120763,0.0205602062975307,0.1415948951880357
CCOc1cc(C=Nc2ccccc2SCc2cccc(Br)c2)cc(Cl)c1OCc1cccc(F)c1,-7.815,-6.428,7.081095607319535,8.101788506249715,0.0204600527380714,0.1414734585081663
CCn1c(SCC(=O)N2c3ccccc3CC2C)nnc1-c1ccccc1,-6.726,-5.542,5.036839981575749,9.8453226965905,0.0205803046079042,0.1412332670607628
COc1ccc(CC(=O)N(Cc2cccnc2)C(Cc2ccccc2)C(=O)NCc2ccccc2)cc1,-6.267,-5.687,4.0162069169802495,10.368863052427686,0.0205217428518209,0.14113948682254351
Cc1nc(C(=O)N2CCC(N(C)c3ccc(F)cc3)CC2)cs1,-7.42,-5.644,8.112443343407705,7.064447749116699,0.0205300811535277,0.14113633827616737
Cc1ccc([N+](=O)[O-])c(NC(=O)c2cnn(C)c2-n2cccc2)c1,-7.242,-5.12,7.613304341742816,7.563833155219647,0.0206187368018583,0.14105158066564458
NC(=O)c1ccc(NCc2ccccc2C(F)(F)F)c(Cl)c1,-7.313,-5.263,7.299095971420022,7.879296224917553,0.0205755262832996,0.14100990149166528
COC(=O)Cc1ccc(-c2nnc(C)o2)cc1,-6.629,-4.8,7.109738743441984,8.057655862594281,0.0206665499683212,0.1409765659669596
N#Cc1ccc(-c2nc(C3CCCO3)[nH]c2-c2ccccc2)cc1,-7.841,-5.752,7.434811968032546,7.76106545520652,0.0203752543120396,0.1406827464364624
Cc1ccc2c(c1)N(C(=O)c1ccc(F)cc1)CC(C(=O)N(C)Cc1ccccc1)O2,-7.603,-5.943,4.909857228066821,9.948991355911412,0.0203016688291967,0.14056889209386114
CC(=O)Nc1ccc(C)c(N2CCN(C)CC2)c1,-6.968,-4.603,7.357159642144515,7.822687581643535,0.0205670960078033,0.14049029423863132
CCc1ccc(-c2cccc(C(=O)OC)c2)n1Cc1ccc(COCSC(C)C)cc1,-6.147,-4.685,4.264599981240914,10.271151688101972,0.0205326102828649,0.14043347163168338
Cc1cc(C(=O)Nc2cccc(C(=O)Nc3cc(C)on3)c2)c2ccccc2n1,-8.689,-6.727,6.939194261583977,8.270207131626147,0.0200704952684127,0.1403378908555916
Cc1ccsc1CC(O)c1cc2ccccc2o1,-6.803,-4.808,4.29967196423169,10.262279912378144,0.0204519510739619,0.14024864978815163
Cc1n[nH]c(C)c1C(C(=O)NCc1cccnc1)=C1C(=O)Nc2cccnc21,-7.053,-5.306,7.842204855778763,7.355335818302248,0.0203440675000656,0.14024627027903322
COc1ccc(C=CC(=O)Nc2cccc([N+](=O)[O-])c2C)cc1OC,-7.158,-5.609,8.477942262129414,6.712756512789661,0.0201783252219364,0.13989633985722583
O=S(=O)(O)N1NN(c2cccc(C(F)(F)F)c2)[N+]([O-])=C1c1ccc(Cl)cc1,-8.157,-6.045,7.4515677545064305,7.76779209299528,0.0200849824319866,0.13989123782179333
Cc1cccc(NC(=O)C(C#N)=CNc2ccc(NC(=O)c3ccco3)cc2)c1,-8.467,-6.559,7.341346538612654,7.888840282322871,0.0199368860833317,0.13974811178423072
CCOc1cc2occ(-c3ccccc3)c2cc1CN1CCN(c2ccccc2O)CC1,-7.695,-2.907,7.487850826505559,7.681783321599224,0.020710760167043,0.13970676265390078
O=C(NC1(c2ccc(OC(F)(F)F)cc2)CCCC1)c1cccc(Cl)c1,-7.877,-5.924,7.654283310669916,7.569280282827423,0.0200405095024505,0.13964795955912512
Cc1sc(C(=O)Nc2cccc(OC(F)F)c2)cc1NC(=O)Cl,-7.383,-5.293,7.59932490422669,7.614899474057421,0.0201560034196181,0.13958698477001671
Cc1nc(C2CC(=O)N(c3ccccc3)C2)n[nH]1,-7.219,-4.993,7.416560725835122,7.793864574137788,0.0201918083352336,0.1394901465687452
COC(=O)c1ccc(-c2nnc(N)s2)cc1C,-6.581,-4.709,7.107822592046033,8.092896267715284,0.0202447211908922,0.13946320866030087
CC(C)CNCc1ccc(N(C)C2CCCCC2)cc1,-6.829,-4.291,7.177217566717619,8.01805892969115,0.0203339303983857,0.13946041647561702
CN1NC=CC1c1ccc(-c2nc3ccccc3nc2-c2ccccc2)cc1,-7.701,-6.226,7.388319565368027,7.849177600233032,0.0198546031241194,0.1392180233333835
CCc1nc(-c2nc(CC)c(C)s2)nc(C(C)C)n1,-7.087,-4.787,7.30881796188686,7.903388766851849,0.0201531286709339,0.13920482993108516
CCCCOc1ccc(C(=O)NNCC2(c3ccc(C)cc3)CCC2)cc1,-6.642,-4.934,4.035575051959757,10.39532515123986,0.0200985352189723,0.1391242389583894
Cc1ccc(C2(C)NC(=O)N(C3CC(=O)N(c4ccccc4C)C3=O)C2=O)cc1,-8.164,-6.402,7.326230886342581,7.916636533275985,0.0197790625381695,0.13908033040546228
CSc1ccc(NC(=O)C(C)n2nc(Cl)c(Br)c2C)cc1,-6.697,-4.635,8.049950310405649,7.159750693983695,0.0201486647959796,0.13907742299360845
COc1ccc(S(=O)(=O)Nc2cccc(-c3csc(NC(=O)Cc4ccccn4)n3)c2)cc1,-8.246,-6.28,7.095165466710413,8.143027078427286,0.0197769081666037,0.1389844615598702
c1ccc(N(c2ccc(-c3ccc4sc5ccccc5c4c3)cc2)c2ccc(-c3cccc4c3oc3ccccc34)cc2)cc1,-10.55,-8.262,7.31642330650708,7.962416027814673,0.0193433695405422,0.13886445880281045
Cc1nn(Cc2ccccc2)cc1C(=O)NCC1CC1,-6.779,-4.882,3.990016541319095,10.419222907683665,0.020000382334768,0.13874597960826737
CCC1(C)NC(C)(C)C(c2c(C)cc(C(C)c3ccc(O)c(C)c3)cc2C(C)(C)C)N1C=C[N+](=O)[O-],-7.044,-5.44,7.617594764753505,7.619443614857977,0.019876333516617,0.13872239834863387
CCc1ccc(N2C(=O)C(=O)C(=C(O)c3ccc(F)cc3)C2=O)cc1,-7.258,-5.26,7.27263672955002,7.960081029738327,0.0198926246991935,0.13864790708437297
CN1Cc2cccc(Nc3cccc(C(F)(F)F)c3Cl)c2C1,-7.185,-5.348,7.2177550526462175,8.01567919767252,0.0198710744590762,0.13863697263256475
CCc1nc(Sc2ccc(C(C)=O)cc2[N+](=O)[O-])sc1C(=O)OC,-6.256,-5.012,8.497079262899694,6.713515398060841,0.0199311424735467,0.1386007502428449
CCOc1ccc(C2NC(=O)NC3=C2C(=O)NC(c2ccc(OC)cc2)C3)cc1,-7.527,-5.695,7.230157467164874,8.012768997044654,0.019758018786056,0.13849411505106937
CN(C(=O)C1CCCN(CCc2ccccc2)C1=O)c1ccccc1,-7.545,-5.143,3.844785819782424,10.481564482461575,0.0198136863959592,0.13828727942475677
OC(COc1ccc(-c2nccs2)cc1)CN1CCc2ccccc2C1,-7.346,-5.436,3.8722957015186745,10.479520838282635,0.0197336567857408,0.13822070614901558
Cc1nc(C(=O)Nc2ccc3c(ccn3C(C)C)c2)n2nc(-c3ccncc3)ccc12,-8.191,-6.624,7.747509793475578,7.523285585434066,0.0194657975983992,0.1381337980394094
O=C1CN(Cc2ccncc2)CC(=O)N1CCSc1ccc(Cl)cc1,-7.085,-4.702,3.924797701793049,10.456735676108488,0.0198071573091223,0.1379427020763534
CCOc1ccc(C(O)=C2C(=O)C(=O)N(CCCN3CCCCC3)C2c2ccc(Cl)cc2)cc1,-6.581,-5.901,7.237678495208252,8.022859714590552,0.0195461445027094,0.1378981809918238
CC(C)Oc1cc2c(cc1-c1ccc(N3CCC(F)C3)cc1)C(C)N=C2N,-7.156,-5.819,7.205258635191384,8.060779800986998,0.0194717944003817,0.1375766271575209
CCNC(CCN(CC1CC1)C1CC1)C(C)(C)C,-4.938,-3.794,7.195946845273387,8.036852244504685,0.0198732401423533,0.13750658290571285
CNS(=O)(=O)C(C)CC1=C(C)C=CC=CC1N(C)C1CC1c1ccccc1,-5.692,-4.113,7.1255552766082735,8.111370784275614,0.0198022699960625,0.13749477706000438
Clc1cccc(CN2CCCC2c2nnc(Cc3ccccc3)o2)c1Cl,-7.892,-5.738,5.172669813548899,9.846195458145242,0.0194146891750653,0.13731648944192448
CC=Cc1ccccc1COC(C=CC)CCCCCC,-5.68,-4.149,7.497353466390656,7.750679583107535,0.019738108369574,0.13729818007030023
CCc1cc(C)c(C(=O)CC(C)c2ccco2)s1,-5.915,-4.547,7.157370816158681,8.092515863438265,0.0196538479359008,0.13729497959778467
CSC(C)(C)Cn1c(NC2CCNC2C)nc2ccccc21,-6.228,-4.262,7.250575011680108,8.002882293274093,0.0196348032355415,0.13702082130750004
CCCCC(CC)CNC(=O)c1ccc(Cl)c(OC)c1,-6.437,-4.152,7.302336201517978,7.952268795758855,0.0196319413087594,0.13693062173221848
COc1ccc(C(=O)Nc2ccccc2-n2c(C)ccc2C)cc1C#N,-8.232,-5.285,7.235727883219489,8.039189262606024,0.0193728915440509,0.13684270542388777
Cc1ccc(S(=O)(=O)N2CC(=O)NC(C)(C)C2)cc1,-6.583,-4.733,7.019176162485168,8.242501137397555,0.0194642484295127,0.13676587903772225
O=[N+]([O-])c1cccc(-c2nc(-c3ccccc3Cl)c(-c3ccccc3)[nH]2)c1,-7.607,-6.099,7.565894130900854,7.731653251407489,0.0191508800075705,0.13663802495127617
CC1(C)CCC2(C)CN(c3c(Cl)cccc3Cl)N=C2C1,-6.118,-5.182,7.30907278661254,7.978441451812503,0.0192387107666036,0.1362940313656193
CC(=O)N(C1CCC1)C1CCN(C(c2cccc(F)c2)c2cccs2)C1,-6.983,-5.126,7.095337694570991,8.188478552209807,0.0192265473538029,0.13621072972077342
CC(Cc1ccc(OC(C)c2ccccc2)cc1)C(=O)NC(C)c1ccc(F)cc1,-7.716,-5.941,7.333503664688522,7.969857025066385,0.0190561086936178,0.1361870845288293
O=C1CCC(=O)N1CCc1ccc(Cl)c(Cl)c1,-6.458,-4.575,3.987212309371047,10.475685848668812,0.0193189849000915,0.1361405525229798
CC(C)CN(C)C(=O)CCCCOC1CCCOC1C,-5.315,-4.241,7.3822683505816835,7.894916972330995,0.0193742916274755,0.1360935912482772
Cc1cc(N(C)c2ccnn2-c2ccccc2)ccn1,-6.893,-4.384,7.105152918832922,8.17052054645235,0.0193269092238474,0.13603047782481148
CC1CC(c2ccco2)CN1C(=O)c1ccccc1,-6.821,-5.134,4.633769631736131,10.20723238689117,0.0191100503113709,0.13580316785404803
O=C(CN1C(=O)C2CC=CCC2C1=O)Nc1cccc(Cl)c1Cl,-7.138,-5.463,4.117792369704913,10.45233390205269,0.0190294392067407,0.13575127872300274
CN(C)c1ccc(C=C2SC(=S)NC2=O)cc1,-5.595,-4.148,7.326621322274,7.982108493374417,0.0189918226904291,0.13467687356518104
O=C(NCc1ccc(NC2CC2)cc1)c1cccc(SC(F)(F)F)c1,-6.61,-5.516,7.81265447847273,7.522019476177922,0.0187160422607339,0.1346662709488921
c1cc(CNCC2(C3CC3)CC2)c2c(c1)OCCO2,-6.056,-4.382,7.337099290591616,7.976996552587947,0.0189309599906157,0.13462841208038526
c1ccc([P+](c2ccccc2)(c2ccoc2)C2CCCCC2)cc1,-6.682,-4.463,7.401495254338815,7.918875804051987,0.0188682341672071,0.13446302775025282
Cc1ncc(NC(=O)c2cc(Cl)cc(C#CCN)c2)cn1,-7.227,-5.769,7.290040123346373,8.051326226156782,0.0186058149258869,0.13444737702026927
CCCNc1nccc(Oc2cc(C)ccc2C)n1,-7.018,-5.02,4.657265399351856,10.228197006315431,0.0187110348113092,0.13429712845079272
CC(NC(=O)c1ccc2c(c1)NC(=O)C(C)(C)O2)c1ccccc1F,-7.747,-6.06,7.267694889027744,8.083109673881705,0.0184928202339182,0.13424260536951127
CC(=O)Nc1nn2c(COc3ccccc3Cl)nnc2cc1C,-8.232,-5.964,7.037836457321242,8.306310131460297,0.018501718766001,0.13420758392307697
CCN(C1C=CC(C(=O)c2ccccc2C(F)(F)F)=CC1C)S(=O)(=O)c1ccccc1,-6.994,-5.357,7.804504020115563,7.542145450732172,0.0185801550548023,0.1340644454863575
CC(=O)c1nc(C(=O)NC2CC2c2ccccc2)no1,-6.725,-5.496,4.571063443007546,10.29400942296052,0.0184833040704799,0.13381229466969494
O=C(O)c1ccc2cnc3c4ccccc4ccc3c2c1,-8.121,-6.299,7.245515371593659,8.119504726274874,0.0183259684302709,0.13380227410942377
Cc1ccccc1-n1ccnc1N1CCN(S(=O)(=O)c2c(C)n[nH]c2C)CC1,-7.314,-5.376,7.264851409354495,8.086655674628418,0.0184841577459225,0.13373102607879997
Cc1cc(Cl)ccc1NC(=O)c1ccc(NC(=O)c2ccco2)cc1,-7.005,-6.345,7.271258831866735,8.10539696745323,0.0182004702518935,0.1333752809832246
Cc1ccccc1C1CC(NCC2CC2)C1,-6.375,-4.285,7.339007834850703,8.006827336717084,0.0185640905621511,0.13324878875244509
COCCCNC(=O)c1ccc(C2=NCCC2)cc1,-6.296,-4.342,7.323799355525791,8.024303645800051,0.0185352941909259,0.1331857663478045
Cc1nc2ccccn2c1C(=O)N1CCN(c2ccc(C(N)=O)cn2)CC1,-7.703,-5.636,7.392029897125687,7.990439412197555,0.0181578399946477,0.13272642171915985
Nc1ccc(NC(=O)C2CCC(O)C2c2ccc(F)cc2)cn1,-7.547,-5.352,6.892223588944282,8.473016818111482,0.0182011052247576,0.1326863991680793
CC(C)NCC(c1cccc(Cl)c1)C1CCCC1,-6.326,-4.486,7.253013235890307,8.109440486248111,0.0183568218818068,0.13264443436041562
COc1cccc(C2=CC(=Cc3cc(C)c(O)c(C)c3)C(=O)O2)c1,-7.547,-6.105,7.188237266534821,8.201931540801837,0.0180287138295014,0.13257852384694827
C#CC(CCCCC)c1ccc(OC(C)(C)CCBr)cc1,-5.475,-4.535,7.502937957893562,7.868176472347325,0.01829926943265,0.1324707788791033
COc1ccc(C2CC(c3ccc(F)cc3)N(CC(=O)Nc3ccccn3)C2)cc1,-7.712,-6.098,7.478152579347389,7.921010857207557,0.0179832003867769,0.13240623412534114
Cc1cccc(C(N)=S)c1NC1CCS(=O)(=O)CC1,-5.539,-4.656,7.667302719992214,7.712534926987365,0.0182100131565222,0.1322321190489805
Cc1nc(NC(=O)c2cc3ccccc3c(=O)n2-c2ccccc2)oc1C,-8.221,-6.009,7.824861085028922,7.580626227430026,0.017922051915204,0.1321195228373829
Cc1ccc2nc(N(C)C)ccc2c1C1CN(C2CCOC3(CCC3)C2)C1,-7.147,-5.958,7.249337693886249,8.16341699290193,0.0177937293578353,0.13161060707712094
CCC(C)CN1C(=O)CC2(CCCC2)C1=O,-5.895,-4.112,4.680967207746706,10.266913898538354,0.0181151199208432,0.13150643497708117
O=C(NC1CCCN(c2cccc(Cl)c2)C1)C1COc2ccccc2C1,-8.033,-6.045,7.284447130702508,8.133113241557625,0.0177487682704885,0.1315039792442983
CC(Nc1ccc(N2C(=O)CCC2=O)cc1)C(=O)N(C)Cc1ccc(Cl)cc1,-7.317,-5.564,7.526148815961587,7.887388414424638,0.0178293845871427,0.13147083785284494
NC(=O)Cc1ccc(NC(=O)C2CC(=O)N(Cc3cccc(Cl)c3)C2)cc1,-7.576,-5.906,7.734734966370858,7.686275365871301,0.0177555929553722,0.13143375949552277
CC(=O)N1CCCc2cc(-c3ccccc3Cl)ccc21,-6.924,-5.02,7.600220654691547,7.814454683469602,0.017822119400619,0.13106824906314413
Cc1cn(CC(=O)Nc2cc(C(F)(F)F)ccc2Cl)cn1,-7.397,-5.208,6.9375769545281445,8.472060316121457,0.0177263275743659,0.13084518008966783
Cc1ccc(NN=Cc2cc(C)cc(C)c2)cc1,-7.19,-5.405,7.202833956159201,8.227921547997402,0.0175851942695556,0.13045842948194766
Cc1cc(N=C(c2ccccc2)C(F)(F)F)cc[n+]1C,-5.996,-4.475,7.5527210328463745,7.868822847160813,0.0177438640650003,0.13040343352635603
CC(=O)OC1CCC2(C)C(NC(=O)c3cccnc3)CCC2C1C,-6.864,-5.312,7.279618465276871,8.159817767573,0.0175091996979591,0.1301125792844326
Cc1cc(NC(=O)C2CC2)c(C)cc1NC(=O)Cc1coc(-c2ccco2)n1,-7.606,-6.057,7.369536213358341,8.08617097271632,0.0173512584696836,0.1300311746137896
Cc1ccc(Cl)cc1N(CCCC(=O)NCCSc1ccc(Cl)cc1)S(C)(=O)=O,-6.651,-4.494,3.676871904214233,10.71712512757036,0.0176203966386387,0.12996205401520067
Cc1ccc(OC2=CN(C(=O)c3ccc(C)cc3)C=CC2)cc1,-7.594,-5.833,7.18039518411069,8.26955198302786,0.0173715118928413,0.12995479261241405
COc1ccc(C(=O)c2ccc(OC(C)C(=O)NC3CC3)cc2)cc1,-7.202,-5.376,7.133070937541558,8.30869622744748,0.0174462653744458,0.129922264287609
CCOC(=O)c1ccc(NC(=S)Nc2ccc(C(C)C)cc2)cc1,-6.535,-5.379,7.460944042143728,7.997198572000073,0.0173387236305954,0.12952325704720974
CC(C)(C)OC(=O)NCc1ccc2[nH]ccc2c1,-6.531,-4.752,7.458566618325535,7.990253875816462,0.0174384658276258,0.1294663070454371
CCCn1c(SC(C)C(=O)Nc2ccnn2C)nc2ccccc2c1=O,-6.676,-4.895,7.818408022097594,7.645546219858983,0.0172919259340093,0.12901873605824496
COc1ccc(N)cc1NC(=O)N(C)CCN(C)C,-5.478,-3.99,7.473622013455055,7.974248616640943,0.017450535657322,0.12898767994144578
CCN1CCC2(CCc3c(-c4cccnc4)nc(N)n3C2)C1,-7.278,-4.816,7.548677102645205,7.914724000241575,0.0172917938531238,0.12896436365845607
CN(C)C=C(C#CC(C)(C)c1ccccc1)C(C)(C)C,-6.904,-4.553,7.54948110799676,7.913036648468146,0.0173012790258564,0.12882014642593842
O=C(O)CCc1cccc(NS(=O)(=O)c2ccc(Oc3ccccc3)cc2)c1,-7.546,-5.651,7.041355906357809,8.429783449175904,0.0171019144650853,0.12881956192848087
O=C(NC1C=Cc2ncccc2C1)c1ccc2ocnc2c1,-7.876,-5.28,7.279318443370919,8.19588896947732,0.0171258461131911,0.12865865800338266
CC1=CC(=O)SC1CCN(c1ccccc1)N1CCC(C)(N)CC1(C)C,-6.591,-5.142,7.513088179969671,7.969413591977768,0.0170859830848053,0.1284154526578982
COc1cc(-c2ccc(O)c(OC)c2)c2c(=O)cc(-c3cc(OC)c(OC)c(OC)c3O)oc2n1,-7.027,-6.0,7.608056979281897,7.895730111902254,0.0168710632424673,0.12818108383623572
Cc1cc(C)c(OCC(=O)NC(C)Cc2ccc(Cl)cc2)c(C)c1,-6.526,-4.684,4.791013358361674,10.295716633629736,0.0171043884518178,0.12817402577682194
O=C(CCC1CCCC1)N1CC(F)CC1c1ccc(F)c(Br)c1,-6.894,-4.734,7.287869784786224,8.208308839218953,0.0169068144373179,0.1274653473847196
COc1cc(Br)c(CNCC(C)Cc2ccco2)cc1OC,-6.264,-4.569,7.394425873588834,8.100867978186042,0.016935937951747,0.1274635956015556
Cc1ccccc1NC(=O)NS(=O)(=O)c1ccc(Cl)s1,-6.749,-5.254,7.239490797010518,8.272406663118057,0.0167322202670922,0.12715409197008187
CCCCCCC1(Cl)CC(c2ccccc2)=Cc2ccccc21,-7.095,-4.723,7.307883825020756,8.19658032352517,0.0168244800518631,0.12714719212484335
Cc1c(Cl)cccc1N=Cc1cccn1-c1cc(Cl)c(Cl)cc1Cl,-6.998,-4.946,7.46161631283732,8.058179571094206,0.0166911256376809,0.12679173412332884
C=C(C)N=C(NC)Nc1ccc(Br)c(C)c1,-5.937,-4.73,7.306807921384001,8.212946243583968,0.0166657863878926,0.12655081585145733
CCOC(=O)C1CCN(c2ccc(C=Nn3c(-c4ccncc4)n[nH]c3=S)cc2)CC1,-7.307,-5.714,7.442268337005862,8.100603249141388,0.0164521980497816,0.12639061520370476
Cc1ccccc1OCC(=O)c1ccc(-n2cccc2)cc1C#N,-7.019,-5.835,7.531376169067642,8.017605191077944,0.0164009914381231,0.12627375287370446
O=C(NCC1(c2ccc(Cl)cc2)CC1)c1ccc(CNC(=O)c2ccco2)cc1,-8.538,-6.003,7.635645683241202,7.918689664332097,0.0163552449229678,0.12620833725634675
COCc1cc(I)c(O)c(C=Cc2ccccn2)c1,-6.226,-4.92,7.370657026344394,8.166771271438916,0.0164964312011566,0.12603276804746652
Clc1ccc(C2CC2NCc2cnc[nH]2)cc1,-6.382,-4.774,3.954196125636663,10.737483224666756,0.0165199418793761,0.12602521517355003
CC(=O)Nc1ccc(F)c(C(=O)NS(=O)(=O)c2ccccc2Cl)c1,-8.968,-5.705,7.411166507372506,8.141771858754089,0.0163455276378426,0.1259742710758587
CCn1cccc1C(=O)NC(C)c1ccccc1,-6.715,-4.722,7.435051983678393,8.102434880947825,0.0165060240092351,0.1259374469204884
CNC(=O)COc1ccc(C=C(C#N)c2nc3ccccc3[nH]2)cc1C,-7.015,-5.753,7.618549533867978,7.938490095729792,0.0163269369057548,0.1259342763641796
Cc1cccc(CCCNC(=S)NCc2ccc(F)cc2)c1,-7.705,-4.034,4.3973834265390135,10.549654638896952,0.0166253353001394,0.12593052137397692
CCOc1ccc(C(=O)N2CCN(Cc3ccc(-n4cncn4)cc3)CC2)cc1Br,-7.301,-5.751,7.443099085730351,8.117565336971426,0.0162723367993597,0.12572221000516595
CCCCCCC(N)c1sc(C2CCCC2C)nc1C,-6.615,-4.075,4.145269110685095,10.664977637107356,0.0165520507049757,0.12568013832701974
Cc1cc(C)c2oc(N3CCCC(C(=O)Nc4cccc(C(F)(F)F)c4)C3)nc2c1,-8.881,-6.689,6.784533366415113,8.773017724819663,0.0161018569808167,0.1256748285511172
COCc1cccc(C(=O)NCc2cccc(CN3CCCCC3)c2)c1,-7.168,-5.702,7.321552909048735,8.248884106350385,0.0161538196665904,0.12523138091559102
Cc1c(C=CC(=O)OCC(=O)Nc2ccc(Br)cc2)cnn1-c1ccccc1,-7.614,-5.926,7.394665847758099,8.18835209306488,0.0160415624027387,0.12494189505772671
Cc1cc(C(C)Nc2cc3nc[nH]c(=O)c3cc2F)ncn1,-7.68,-5.459,7.655525063638678,7.928432001348059,0.0160604085810891,0.12470966207290325
Cc1cc(C)cc(N=C(Nc2ccccc2)c2ccccc2)c1,-7.089,-5.073,7.642063791934742,7.947857258406193,0.0160006832773612,0.12422486809160932
COc1ccccc1-c1c2c(N)c(C#N)c(N)c(C#N)c2nn1C,-6.076,-4.922,7.597362897742874,7.992457256688958,0.0159985725397648,0.12411768921143632
Cc1ccc(NC(=O)c2ccc(C(C)Nc3ncccn3)cc2)nc1,-7.764,-5.509,7.3948585517236225,8.203550146125762,0.0158895174339682,0.12407698065710074
Cc1cc2c(cc1CN1CCC(c3ccccc3-c3ccn[nH]3)CC1)CCN2S(C)(=O)=O,-8.172,-6.034,7.5469297730931615,8.081907509987973,0.0156131690534825,0.12333188504075852
C#CCOc1ccc(NC(=O)C=Cc2ccc3nc(-c4ccccc4)c(C#N)cc3c2)cc1,-7.931,-6.459,7.277927589637039,8.363652431802747,0.0154483716695287,0.12295125312199882
COC1CCN(c2ccc(CBr)c(C)n2)C1,-6.079,-4.256,7.416538343459163,8.196284768112928,0.0157518183511777,0.12272266340732753
c1cn(C2CCC(Cn3ccnc3C3CC3)C2)cn1,-6.52,-4.27,7.37647246317642,8.241901782962474,0.0156912601283338,0.12249565550167613
CCC(NC(=O)c1cccc(C)n1)c1ccc(OC)cc1,-6.573,-4.865,7.352753837848781,8.275690484787358,0.0155895213397911,0.12248379107285857
CCc1ccc(NC(=S)NC2CCCCC2)cc1,-6.493,-4.722,7.516892775608815,8.117099728351254,0.0155602511122801,0.12227620439491191
CC(C)COc1ccc(C2=C(Nc3ccccn3)C(=O)N(Cc3ccco3)C2=O)cc1,-7.021,-5.166,7.562847215169694,8.08998751544154,0.0153849004711324,0.12187077793146833
C=CCCC(NCC)c1ccc(OC(F)(F)F)c(F)c1,-6.401,-4.355,7.409920175008635,8.228927026046591,0.015499071411042,0.12179821516212812
Cc1nc2c([nH]1)CN(C(=O)c1cc(C)c(-c3c(F)cccc3F)s1)CC2,-8.143,-5.94,7.476082463429627,8.197882470491999,0.0151752392246098,0.12153022860769572
CC(C)N1CCCC(NCc2nccn2C)CC1,-4.362,-3.046,7.58723197220172,8.048161715572073,0.0155538509533806,0.12116132862542371
C#CC#CC#CC#CC#CC#CCC#CC#CC#CC#CC#CC#CC#CC(O)OC(=O)CC(=O)CCl,-3.803,-4.366,6.802626331057734,8.836208972178058,0.0153163599642838,0.12108525441672889
COc1cc(C=C(C#N)C(=O)Nc2cccc(Cl)c2)cc(Cl)c1OCc1ccc(Cl)cc1Cl,-8.066,-6.173,7.30970437158713,8.389398607766829,0.0149134556010584,0.12062407731918323
Cc1cccc(C(C)NC(=O)c2ccc(S(=O)(=O)Nc3cccc(Cl)c3Cl)cc2)c1,-8.246,-6.236,7.408569700016327,8.294215152743506,0.0148970705957575,0.12059739571667283
O=C(NNS(=O)(=O)c1ccc2c(c1)OCCO2)c1ccccc1Cl,-7.906,-5.557,7.379402347073914,8.313260852397212,0.0149859869623138,0.12052800677255433
Cc1cccc(CC(=O)N2CCN(c3cc(Nc4ncccc4C)nc(C)n3)CC2)c1,-8.863,-6.79,7.242597945488898,8.475400521509293,0.0147254868540951,0.12024652718723712
Cc1cc(C(=O)Nc2cccc(C(F)(F)F)c2)n(C(C)C)n1,-7.582,-5.14,7.167415852313858,8.520840686223396,0.0149814570604402,0.12024575378568096
O=C(c1ccccc1)c1c(N2CCc3ccccc3C2)c2ccccc2n(Cc2ccco2)c1=O,-8.115,-6.116,7.346273477076661,8.363465430071436,0.0148223706578889,0.12021940365024353
NC(=O)c1ccc(NC(=O)CNc2cc(C(F)(F)F)ccc2Cl)cc1,-7.527,-5.987,6.797280706282475,8.90147740546478,0.0147532588076721,0.1198580469731475
O=C(COC(=O)c1cc2cc(Cl)ccc2[nH]1)Nc1ccc(Cl)cc1,-7.933,-6.243,7.312231533533385,8.414152363726249,0.0146637132098083,0.11965347404509884
CC=CC1=CC(c2ccc(CCCCCC)s2)C(C)C(C(F)(F)F)C1,-6.751,-4.993,7.3719797205364035,8.336203512390998,0.0148412548045109,0.11958899982908308
Cc1oc(-c2cccs2)nc1CCC(=O)Nc1cccnc1Cl,-6.62,-5.407,7.324797130296511,8.395788587142961,0.0147189896276041,0.1193554147666799
Clc1ccc(N2CCCC2c2nc(-c3cccnc3)no2)c(Br)c1,-7.547,-5.421,7.406572081604282,8.318839402224327,0.0146893359440401,0.11924389878472473
Cc1cccc(C(=O)N2CCNC(=O)C2C)c1F,-6.455,-4.473,7.841709571260593,7.872215825293409,0.0148293570331533,0.11921241205744287
Cc1cccc(COc2ccc(C(=O)N(C)Cc3ccc(C)c(C)c3)cc2)c1,-7.574,-5.711,7.082303438853775,8.64481075559205,0.0146006736414273,0.11906455227856227
CCCCCCCCCCCCSCCCCC(=O)C(=O)Sc1ccccc1,-4.519,-3.659,7.382405976373827,8.32069023579174,0.0148899100119725,0.11893822279905036
NC1CC(COCc2ccccc2)C(=O)N(Cc2ccccc2)C1,-7.23,-4.998,4.383543087503533,10.765393676034334,0.0145877441146419,0.11856635140749808
O=C1CC(CCc2ccccc2)N1C(c1ccccc1)c1ccccc1,-7.203,-4.28,7.294960589338368,8.431393538437165,0.0146605307819514,0.11841036681763671
CC(C)(C)OC(=O)NCc1ccc(-c2coc3cc(Cl)ccc23)cc1,-6.51,-5.604,7.321464744161513,8.437418799609274,0.0143727797650171,0.11806543945697197
CC(=O)Nc1ccc(NC(=O)c2ccc(NC(=O)c3cncc(OC(F)F)c3)cc2)cc1,-7.468,-6.682,7.093347446727814,8.682910168831647,0.0141645803717296,0.11786813363225765
Cn1cc(-c2ccc3cc(-c4ccccc4)[nH]c3c2)c(-c2ccccc2)n1,-8.438,1.363,7.79921008820765,7.851122085409194,0.0154212762715956,0.11774164978186383
CC1N=C(c2cc(Cc3ccccc3)ccc2-c2ccccc2)OC1c1ccccc1,-7.742,-6.347,7.773755012862187,8.014758262106225,0.0141612736045449,0.11764940115076199
CCSc1nc(=O)c2c([nH]1)NC(=O)CC2C(=O)Nc1ccccc1F,-7.474,-5.588,7.690566364059281,8.09383098415083,0.0141931423228172,0.11731545426843057
COCCOc1cccc(C2=NNC(c3cc4cc(OC)ccc4nc3Cl)C2)c1,-7.635,-5.898,7.519288995643139,8.269778775759363,0.0141365922509939,0.11727178540421541
COc1cc(Cl)c(NC(=O)c2cnn(-c3ccc(F)cc3)c2C(C)C)cc1OC,-7.462,-5.609,7.184874250813301,8.60443298538608,0.0140743188297702,0.11683621678704219
Cc1ccc(C)c(-n2c(-c3ccccc3C)nc3ccccc32)c1,-7.115,-5.154,7.6398941092138175,8.15193093690078,0.0141244871744612,0.1167645783637472
CC(Nc1cccc(F)c1C#N)c1ccc(Br)cc1,-6.558,-5.062,7.593166928232251,8.198346357650426,0.0141231222205041,0.11670230562258599
O=C1NN(c2cccc(F)c2)C(=O)C1=Cc1ccc(OCc2ccc(Cl)cc2)cc1,-8.311,-6.806,7.499988933325168,8.320045733047385,0.0138655815137228,0.11669244947801348
COc1ccc(NC(=O)C(Cc2ccccc2)NC(=O)c2cccc(Cl)c2)cc1Cl,-7.436,-6.316,7.828712090759246,7.991826449567084,0.0138857538010493,0.11648049412218879
Cc1cc(C)cc(N2C(=O)C(=Cc3ccc(OCc4ccc(F)cc4)c([N+](=O)[O-])c3)SC2=S)c1,-8.264,-6.002,7.163783637157114,8.65831346163905,0.0137852574232999,0.11586831478257305
CCCCc1ccc(C(=O)NCC(=O)NN=Cc2ccccc2)cc1,-7.117,-5.599,7.490596237950621,8.347141666462838,0.0137130614829658,0.11532095298893508
O=C(C1CC(=O)N(c2ccccc2)C1)N1CCN(c2ccc(Cl)cc2)CC1,-7.748,-5.69,7.234958880325443,8.600434582042933,0.0136885080833927,0.11527265613075344
COc1cc(C=C2C(=O)NC(=S)N(c3ccc(F)cc3)C2=O)cc(Cl)c1OCc1ccc([N+](=O)[O-])cc1,-8.103,-6.282,7.27674611347682,8.5780110165469,0.0135336357417666,0.11497378171849747
Fc1ccc(-c2nc3nccc(NC4CCCCCC4)n3n2)cc1,-5.901,-4.424,7.38549375465175,8.441287401812593,0.0137910121380766,0.1149331690533866
Cc1ccc(C=CC(=O)Nc2ccc(S(=O)(=O)N(C)c3ccc(Cl)cc3)cc2)o1,-8.187,-5.795,7.516390689686108,8.342480985893825,0.0135377949153973,0.11469938107202497
COC(=O)c1ccc(NC(=O)CC2SC(=Nc3cccc(Cl)c3Cl)NC2=O)cc1,-7.612,-5.972,7.475501588522338,8.386062425238677,0.0135099746962458,0.11468759475068074
Cn1cccc1CN1CCCN(c2ccccc2C#N)CC1,-5.274,-3.124,7.419371199771581,8.428519087004549,0.0136169316330124,0.11341414286326468
CC(C)c1ccc(N(C)CCN(C=O)OC(C)(C)C)cc1,-5.716,-4.804,8.502252583874464,7.37434342840093,0.0133693076488384,0.11339047773432488
CCC(CC)(CC)NC(=O)Cc1ccc(O)c(C)c1,-6.474,-3.998,4.109363697703087,11.024665527806274,0.0133356350935379,0.11276368005956808
CC1CC(NC(=O)c2cccn3nc(C(F)F)cc23)CN1,-7.924,-4.943,6.855684210930371,9.026602960139543,0.0131831835026269,0.11268118224494651
CC(Cc1cccc(F)c1)NC(=O)Cc1ccccc1C(F)(F)F,-7.698,-6.018,7.703192130539131,8.240508843512032,0.0128618401812823,0.11192963867128021
CC1(C=Cc2ccc(N)cc2)C(=O)Nc2ccc(Cl)cc21,-7.259,-4.983,7.039989417605682,8.872408748474115,0.0129996621390432,0.11191776407091641
CCCN1C(=S)NC(c2ccccn2)C1c1cc(C)n(C(C)C)c1,-6.863,-4.638,7.480810718097337,8.440689426818166,0.0130175831494094,0.11179067642808295
CC1=C(CN2CCCCC2)CC(N(C)C)=N1,-6.197,-4.211,7.332346486630319,8.581185291088872,0.013058890756708,0.11171424455133012
Cc1ccc(C(=O)NCCOc2ccc(C(=O)Nc3ccc(CC(N)=O)cc3)cc2)cc1,-7.975,-6.596,7.447351341248779,8.513940157177522,0.0126954618214238,0.1115385460727848
CCC(N)Cc1ccc(F)cc1NCc1ccc(N(C)C)cc1,-6.485,-4.669,7.252873085888101,8.689097191308198,0.0128148853763517,0.11093513170648062
CCN(Cc1cc(C(=O)Nc2ccc(Cn3ncccc3=O)cc2)oc1C)c1ccccc1C,-8.019,-6.208,7.476353389186468,8.501273198762643,0.0125713327252358,0.11076811686096942
CCOC(=O)C(=O)c1c(C)nn(Cc2ccc([N+](=O)[O-])cc2)c1C,-6.611,-5.171,8.58279453325081,7.382936339966641,0.0126507323660963,0.11051507310549893
COc1ccc(C2C(C(=O)Nc3ccc(F)cc3)=C(C)Nc3ncnn32)cc1,-7.556,-5.23,7.1983729411583,8.767898550964194,0.012611064932758,0.11037597406143296
CC(O)c1cc(N2CCNC(=O)C2)ccn1,-6.807,-4.513,7.092856547259362,8.869335318951473,0.0126174221749356,0.10998610840341863
O=C(C1CCOC1)N1Cc2cnn(-c3ccc(Cl)cc3)c2C1,-6.909,-5.485,7.567459943732772,8.426416557469729,0.0124560903279881,0.10984290198842295
COCCN(Cc1cc2ccc(C)cc2[nH]c1=O)S(=O)(=O)c1ccccc1C#N,-6.829,-5.305,7.35427991036512,8.637480766982927,0.0124430594382943,0.1096815877840774
O=C1NC(=O)C12C(=O)NN(c1ccccc1Cl)C2c1ccc(Cl)c(Cl)c1,-7.412,-5.551,7.216348730486907,8.776456403355514,0.012408541003012,0.10967104528365987
CC1(C)OCCC12CN(Cc1cccn1-c1cccnc1)CCO2,-7.236,-4.892,7.722209204625319,8.273200771164689,0.012457739128362,0.10950749127819688
Cc1ccc(C(=O)O)cc1-c1cccc(C(F)(F)F)c1,-8.529,-5.278,7.914882058502199,8.091225247142734,0.0123839545488578,0.10940523444330524
COC(=O)c1ccc(S(=O)(=O)N2CCN(C(=O)C(C)n3cc(C)c(C)n3)CC2)c(C)c1F,-7.524,-5.851,7.395690772334928,8.61959024548151,0.012269194982386,0.1092250951429884
CC(CC(=O)N1CCc2ccc(C(F)(F)F)cc2C1)c1ccc(O)cc1,-8.959,-6.416,7.3549562881094,8.669639554214466,0.0121918021950098,0.1092014597815269
CC(C)(C)c1ccc(C2C(=C(O)c3ccc4c(c3)OCO4)C(=O)C(=O)N2C2CCCC2)cc1,-7.831,-5.971,7.244401148473213,8.773767434802451,0.0122201236354969,0.1090748708346793
CCOC(=O)c1cc2c3c(nc(CC)n3Cc3ccc(-c4ccccc4C(F)(F)F)cc3)c(C(C)C)nn2c1,-8.771,-5.971,7.47422296964708,8.55076990685634,0.0122066889190663,0.10901489628022938
CN1CCN(c2cccc(NC(=O)c3ccco3)c2F)CC1,-7.344,-5.043,7.925902661526951,8.093936743019432,0.0122795139400945,0.10880807512135232
CCc1nc2ccccc2n1Cc1ccc(OC)cc1,-6.805,-4.599,7.123688440688574,8.88122711115981,0.0122941023529508,0.10861730846623222
CC(C)c1ccc2[nH]c(C(C)(C)C)cc2c1,-6.323,-4.925,7.389978619725499,8.631702265486224,0.0122196045474147,0.10847471645063075
N#CC1(NC(=O)C2CC(=O)N(c3ccc4c(c3)OCCO4)C2)CCCCC1,-7.613,-6.466,7.619504511449546,8.44714259380058,0.0119113129238331,0.10796605355233449
CC1(NC2CCCSC2)CCc2ccccc21,-5.915,-4.693,7.203644216644794,8.836639010393034,0.0120446873145781,0.10756344855216082
CCOC(=O)c1ccc(NC(=O)C2CCN(S(=O)(=O)c3ccc(C(C)=O)cc3)CC2)cc1,-8.003,-5.728,6.951774233963586,9.108209977816715,0.0118329387317286,0.10719660407521948
CC(F)c1nc2ccccc2n1-c1ccc(NS(=O)(=O)c2ccc(C#N)c(F)c2)cc1,-8.378,-6.248,7.227975165978366,8.854243333001413,0.011739458465668,0.1070628204623222
Nc1ccc(CN2CCCC2CC(=O)O)cc1[N+](=O)[O-],-7.153,-4.82,8.116065426054671,7.956386428523944,0.0118871179520256,0.10692940977208458
CC(C)(C)C(=O)OCC1CCC(c2ccccc2)=C(c2ccccc2)O1,-6.813,-5.38,8.467220854566154,7.613762276299412,0.0118052656630133,0.10687579560324278
COc1ccc2c(N3CCC(C#N)(N(C)C)C3)ccnc2c1Cl,-6.817,-4.976,7.515139453130594,8.56885394904126,0.0117725489581639,0.10650063380129915
COc1ccc(S(=O)(=O)Nc2ccc(N)c(Nc3ccccc3)c2)cc1,-7.332,-5.448,7.329441042808107,8.76128129898818,0.0116964345282558,0.10642004898805639
COC(=O)c1cccc(Nc2ncnc(NCc3ccc(C)cc3)c2Cl)c1,-7.993,-5.9,7.501633688737407,8.601033775076111,0.0116351225811294,0.10639254440661897
CCOC(=O)C1CC(C)C(C(=O)NO)N1,-5.497,-5.071,11.538900727538996,2.8457452450983736,0.0115747530910449,0.10565512438444256
Clc1cccc(-c2ccc3c(c2)CCOC3)c1,-7.497,-5.368,7.369070294141589,8.745971701303406,0.0115273384024427,0.1056035687170158
CNC(=O)c1cccn1C1CCN(C(=O)CCc2ccc(Cl)c(Cl)c2)CC1,-7.314,-5.77,7.282580723891772,8.852549067923881,0.0113695401805387,0.10509975658919124
CC(C)NC(=O)NC1CC(C)OC(C)C1,-6.409,-4.016,7.292165247716208,8.821025507275218,0.0115275670770414,0.10485108405814002
COc1cc(NC(=O)Nc2ccc3[nH]c(=S)[nH]c3c2)ccc1F,-7.001,-5.513,7.070958987294439,9.062084197357692,0.0113387637164261,0.10481606156598913
CC(=O)OC1C2CSCC1C(=O)O2,-5.294,-4.694,11.547077076039631,2.941831572337206,0.0114341460774541,0.10480237409565163
Cc1cc(CC2(C#N)CCCC(C)(C)C2)n(C)n1,-6.91,-4.851,7.326172875383163,8.805756810178215,0.0113998749119379,0.10473217572847947
CC(Nc1ccc2c(c1)CCCO2)C(=O)NC1CC1,-6.739,-4.804,7.1551087343240285,8.981139849707274,0.0113359630367271,0.10441222174218359
C=C(C(N)=C(F)C=O)n1nc(N)cc1C,-5.125,-4.091,7.9698733992454365,8.168606551915694,0.0114117080124841,0.10436457629892396
Cc1ccccc1NC(C)c1ccccc1NC(=O)C(C)CC(C)C,-6.823,-5.465,7.443558356055253,8.716260436678105,0.0112216202524356,0.1042469317034097
CNC(Cc1ccc(Cl)cc1)c1ccccc1C(F)(F)F,-7.135,-5.221,7.969245572825573,8.19299786402999,0.0112451190212982,0.1042221698574432
COc1nc(N)nc(N(CC2CC2)C(C)C)n1,-6.052,-5.518,11.568908548346297,3.021860850535643,0.0112058824694858,0.10420280694084007
N=C(O)C(=O)OC(F)(C(F)(F)F)C(F)(F)F,-5.309,-4.97,11.589022823344513,2.837668937702212,0.0112241609679635,0.10398725700004184
CCOc1ccc(NC(=S)NC(=O)c2ccc(Cl)c(Cl)c2)cc1,-7.13,-5.672,7.509846736119186,8.669968512053547,0.0110914201040666,0.10375304333513914
COc1ccc(CN(C)CCc2ccco2)cc1CNC1CC1,-6.248,-4.631,7.357288970809831,8.801871959986695,0.0112134464216935,0.10375137199472173
Cc1[nH][nH]c(=O)c1-c1c(C(=O)O)nc2ccccc2[n+]1C,-6.829,-5.678,11.622771657397386,2.70092687794394,0.0110872577102444,0.10373683588698289
O=C(O)CC1CCN(C(=O)c2nc(Cl)ccc2Cl)C1,-7.311,-5.483,11.603223560717945,2.92631782279369,0.0110531730694807,0.10347133361405439
CCOC(=O)C(C)(C)NC(=O)COc1cccc(C(F)(F)F)c1,-6.767,-5.068,8.593728469063937,7.586223170985678,0.0110989491433595,0.10345911410481574
COc1ccc(C=CC(=O)C(F)(F)F)cc1,-6.655,-4.375,7.342043652825826,8.824672855126131,0.0111584053757254,0.10335591038501697
CC(CCCNC(=O)NC1(CC(=O)O)CCCC1)C(=O)O,-6.807,-5.53,8.856660205743472,7.329595964307992,0.0110215235069592,0.10334859184663317
NNC(=O)OCc1ccccc1F,-5.714,-5.408,11.609825407817294,2.8951400656963044,0.0110335699357829,0.10333880513879894
Cc1ccc(NC(=S)Nc2ccc(Oc3ncccn3)cc2)cc1,-6.983,-5.932,7.287626293931379,8.906229168396688,0.0109623707876423,0.10328817951848838
NC(=O)Cn1cc(NCc2ccc3c(c2)C(=O)c2nccnc2-3)cn1,-7.368,-6.073,8.042787389953808,8.16326754431092,0.0109455610957135,0.10328500789176714
COc1ccc(C2CC2C(C)=O)cc1,-6.077,-4.338,7.207065214079861,8.96079137130198,0.0111259170376144,0.10318504203615288
CCCCC(=O)NC1CCC(c2ccccc2OC)CC1,-6.545,-4.802,7.186929386045197,8.99200678380527,0.0110453200486857,0.10306392639470174
CC(C)(C)OC(=O)N1CCN(c2ccc(C(=O)Nc3ccccc3C(F)(F)F)cc2)CC1,-7.165,-5.986,6.7194653061088125,9.464733963508955,0.0108738620482625,0.10289940337246645
CC(=O)c1c(C)[nH]c(C(=O)C(C)S(=O)(=O)Nc2ccc(Cl)c(-n3cccc3)c2)c1C,-6.824,-5.569,7.334088832295392,8.870494349245707,0.01089726319416,0.10278538570575912
Cc1cc(NC(C)c2scc3ccccc23)ccc1Br,-6.732,-5.114,7.456654544767379,8.744863806829697,0.0109361060868341,0.10272225569393141
O=C(O)CCc1cc(F)ccc1F,-6.178,-4.904,11.607070172959238,3.0272413184283806,0.0109367870712616,0.10261164142589939
CC(C)Oc1ccc(CNC(=S)Nc2ccc3c(c2)CCC3)cc1,-7.104,-5.655,7.394908653932109,8.819634346161978,0.0108393032426436,0.10255792947531732
NNC(=O)c1[nH]ncc1N,-4.826,-4.721,11.630401196863332,2.8482552554151463,0.0109295515258443,0.1024784433704352
N#Cc1cccc(N2CC=C(NCC(F)(F)F)C2)c1,-7.187,-5.114,8.147858000726325,8.067383590731259,0.0108837634827506,0.10247613521297982
CN(CC1CCC(c2cc(C(=O)O)n[nH]2)C1)C(=O)C(F)(F)F,-7.292,-5.869,7.989052134014398,8.23894374298065,0.0107970200194656,0.10247248051056976
CCn1c(Nc2ccc(C)nn2)cc(=O)n(C)c1=O,-7.148,-5.557,11.652802452629151,2.819170090647245,0.0107993408040362,0.10231608703368379
CCOC(=O)C(=O)c1c(C(C)C(=O)O)cc(O)oc1=O,-5.864,-5.329,11.6381534617825,2.918822536571896,0.0108207086856251,0.10229463008681675
Cc1nc(SCC(=O)Nc2cccc(Cl)c2)n(C)c1-c1ccccc1C(F)(F)F,-7.377,-5.649,8.021297712963907,8.212178456414595,0.0107610872656705,0.10218401791559728
Cc1cc(N2CC(C(=O)Nc3ccc(O)cc3C)CC2=O)ccc1Br,-7.773,-5.655,7.981849973533704,8.2520497453663,0.0107574492345375,0.10216995775734021
NOC(N=O)C1CC1,-4.15,-4.084,11.633502911849035,2.88382697123111,0.0108805756864502,0.10190312923579908
Cc1c(NN)cccc1C(=O)Nc1cccc(Cl)c1,-6.786,-5.555,11.66517098031572,2.829758116871476,0.0107084186225976,0.10188339560480901
NCC1(CC=CC(N)=O)CCC1,-5.481,-4.722,11.635837829739636,2.968534992214173,0.0107943507798905,0.10184317075781363
O=[N+]([O-])C1CCc2ccccc21,-4.981,-4.532,11.662127893313468,2.730720417765246,0.0107983625749891,0.10175956797576748
COc1ccc(C#Cc2nc3ccccc3nc2Cl)cn1,-6.758,-5.632,7.340356939550012,8.900257243473359,0.0106565972931225,0.10167764078108113
N#CC1=C(O)C(=Cc2ccc(CCCCCC(F)(F)F)cc2)NC1=O,-7.104,-4.9,8.113960007296066,8.123386178189486,0.0107361816143002,0.10166407196990859
CC(O)c1ccc(OC2CCCC2C)cc1Br,-5.955,-4.523,11.65697435014764,2.815980468682268,0.0107735590867833,0.10163777808398175
CSCCC(=O)Nc1ccc(-c2nc3ccccc3o2)cc1,-6.287,-4.878,7.187527391252154,9.040237496880268,0.0107146033623605,0.10155004620959583
Cc1c(F)cc(C(C)CCCN)c(F)c1O,-6.004,-4.843,11.674593183490378,2.7653965357611923,0.0106912221714829,0.10142041617385042
CC12CCC(CNS(C)(=O)=O)(CC(=O)N1)C2=O,-6.136,-5.427,11.684211954599249,2.806247316257068,0.0105986930887076,0.1012919516469352
C=CCOc1c(C=Nc2ccc3c(c2)C2CCCC2C2CCCCN32)cccc1OC,-7.113,-5.79,7.672868759466695,8.598084147064391,0.0104966192665977,0.10099513703467092
COc1ccc(C=CC(=O)OC=C(C)c2c(Cl)cccc2Cl)cc1,-7.358,-5.343,7.292885848551314,8.970400269776148,0.0104994995101529,0.10077232243973025
NC(CO)c1ccc(Sc2ccccc2Cl)cc1,-6.355,-5.033,11.670405348572949,3.0163829332496896,0.0105220890693125,0.10071603212749033
CC(c1nnc(N)o1)N1N=C(c2cccs2)CC1=O,-7.349,-6.207,11.692883562235622,3.02391435063892,0.0103686826791262,0.10059667813854604
O=C(Cc1cccc(F)c1)NNC(=O)c1ccon1,-6.757,-6.63,11.735066851109114,2.810885091923894,0.0102639529165819,0.10030779903722209
COc1ccc(C(C)NC(C)c2ccc(F)cc2)cc1F,-7.109,-5.302,7.902894975893327,8.385111627163946,0.0104001540039778,0.10027280635989612
N#Cc1cc(Cl)ccc1OC(=O)C=Cc1ccccc1[N+](=O)[O-],-7.266,-5.524,8.101025737522379,8.193708806151218,0.0103616664449526,0.10020395687962592
Cc1cnn(C2CCN(Cc3ccc4[nH]ccc4c3)C2)c1,-7.647,-5.422,7.334341688249873,8.949939943932582,0.0103698671385572,0.10018990487992706
C=CCSc1nnc(CN)n1-c1ccccc1,-5.048,-4.401,11.694193644711037,2.8771433749467543,0.0104807441586913,0.1001821409458604
CCc1c([N+](=O)[O-])cc(C(=O)OC)n1C,-5.075,-4.576,11.703288298593693,2.841259579834268,0.0104480150013461,0.10011855068865758
O=C(O)CN1CC(CN2CCC2)OC1=O,-5.401,-4.539,11.7009738483598,2.8564477940267,0.0104519544079672,0.1001177736313059
CC(=O)Cc1cccc(C(N)Cc2ccc(N)c(C)c2)c1,-7.731,-5.187,7.292237036739824,8.991142919562563,0.0103688349314594,0.10006110084718953
O=S(=O)(CCC(F)(F)F)NCc1ccc(CCl)s1,-6.077,-4.408,8.062659858880318,8.220572729439233,0.0104352961469186,0.09996841095516935
CCC(C)(CCCN)C(CC(=O)O)NC(=O)O,-5.439,-4.738,11.717953490264415,2.801439808384253,0.0103808918106712,0.09988212421037816
Cc1cccc(NC(=O)C(N)CCC(=O)O)c1,-6.901,-5.855,11.713378931802728,3.00780218764466,0.0102506806633875,0.09983891181900346
NCc1ccc(S(=O)(=O)NC2(C(F)(F)F)CC2)nc1,-6.43,-5.19,11.729573265895056,2.778885747921278,0.0103211257256528,0.09983221224694472
CC(NC(=O)c1ccc(N)cc1Cl)c1ccccc1F,-7.072,-4.779,7.154101271298862,9.13529884568644,0.0103042974908108,0.09953455411196194
O=C(NCC1CCNCC1)C1CNCC1C(F)(F)F,-6.222,-5.277,8.066795832299215,8.2476815530184,0.01023541004646,0.09946236080343586
CCCn1cc(S(=O)(=O)N2CC(=O)NC(=O)C2)c(C)n1,-7.069,-5.57,11.742943796169682,2.8318474535186398,0.0101989420455228,0.09943802520839903
CC1CC(C)N(C(=O)COCC(=O)O)C1,-5.644,-4.897,11.72639543934964,2.8968275751242083,0.0102571022113942,0.09936833932974502
N=NCC(=O)C1C=CC=C1,-5.264,-4.609,11.712574866356244,2.9823472299516034,0.0102774353996613,0.09931526968355966
CCN(CC)C(=O)CNC(=O)C(N)c1ccccc1,-5.798,-4.28,11.753189992508416,2.5485670483626675,0.0103051172372721,0.09927533194823929
CC(C)(CCO)CNC(=O)c1ccc([N+](=O)[O-])cc1,-6.266,-5.197,9.19261643929518,7.113413245411798,0.0101895331930408,0.09919740738628895
N#Cc1ccc(Nc2nc3nccnc3cc2Cl)cc1,-7.189,-5.255,11.747634229920507,2.8192993810519664,0.0101778495119691,0.09917080841392803
O=C(O)NC1(C(=O)Cl)CCCC1,-5.257,-4.841,11.71015909371004,3.064187494263365,0.0102214048114326,0.0991659124113443
CCCOc1c(Cl)cc(C=C2NC(=O)N(c3ccc(Br)cc3)C2=O)cc1Br,-6.449,-5.415,8.10822021161241,8.220670714728818,0.0101449558119969,0.09909379692858165
O=C(O)c1cnc2[nH]cc(C(=O)c3ccc(OC(F)(F)F)cc3)c2c1,-7.735,-6.141,7.979978320772557,8.362729040211693,0.0100559770922832,0.09903404463788458
Cc1noc(C)c1CC(=O)NC(C)c1nnc2ccccn12,-6.987,-5.391,8.385250980143647,7.948656427346699,0.0101099793198537,0.09891034804420855
CC1(C)COCCN1C(=O)C1CCC(N)CN1,-5.75,-4.946,11.73912445627867,2.938697160307608,0.0101435146276081,0.09884218982438117
Cc1nn(Cc2ccccc2C(F)(F)F)c(C)c1[N+](=O)[O-],-6.585,-5.312,11.74159231109648,2.977534718521348,0.0100966969205848,0.0988042891912156
CCN(CC)C(=O)c1cc(C)nc(Nc2ccc(Cl)c(F)c2)c1,-7.365,-5.051,7.228816223974712,9.092009128899948,0.0101188236545717,0.09877655739166018
CCC(CC(=O)O)NC(=O)N1CCCC1C(N)=O,-5.879,-4.708,11.760541271557187,2.729669943418068,0.0101549209162769,0.09877333686573916
Fc1cc(-c2c(F)cc(CBr)cc2F)ccc1Br,-6.634,-4.713,7.033355173741762,9.27583025933528,0.010151273675199,0.09875821237479801
Cc1ccc(C(C)(C)C)cc1Oc1cc(Cl)cnc1C(=O)O,-6.104,-5.35,11.759095245808668,2.922116014124012,0.0100305110423671,0.09849960519869526
Cc1nc(-c2nnnn2C)sc1C1CC(=O)NC1=O,-6.306,-6.689,11.771989254157514,3.023238826159787,0.0098691366104768,0.09838975956789306
CCC(C)C1NC(=O)NC1=O,-4.96,-4.314,11.729443209291736,3.0508677454127704,0.010110865917315,0.09835299553763102
C=CCCCN(C)C(=O)NC(CCO)CC(=O)O,-5.687,-4.358,11.745156491081758,2.937897377377229,0.0101059778163776,0.09835222292803951
N#Cc1cccc(OCC(=O)OCc2nc3ccccc3c(=O)[nH]2)c1,-7.452,-6.097,11.775814748882558,2.931635379783782,0.0099190046581776,0.09833468306930004
NC(=S)c1ccnc(C(F)(F)F)c1CC(=O)O,-5.354,-5.032,11.782954595516356,2.733480199306372,0.0100113190299631,0.09824059394016971
FC(F)(F)CCCCOCC1(CBr)CCCC1,-5.678,-3.74,7.480229475089652,8.842700322865182,0.0101434049928876,0.09820997271227694
CCc1nonc1C(=O)N1CC(=O)Nc2ccccc21,-6.923,-5.807,11.790017175560008,2.802543309210404,0.0099230311764026,0.09820567145829591
CCCCC(C)(C)S(=O)(=O)OCC(CO)OCn1cccc1,-5.668,-5.032,11.78646647642965,2.71753528035976,0.0099991457275265,0.09818084775573563
O=C1CCSC(=O)N1,-4.22,-3.864,11.723222935694777,3.0806973236590443,0.0101232701235247,0.09817752162849265
Cc1ccc(C(O)CN2CC(C(C)C)C(C)(O)C2)cc1C,-7.092,-3.766,11.75929513193712,2.801196351561239,0.0101162957138271,0.09809228980022068
CCOc1ccc2c(c1)nc(N)n2Cc1ccc(C)cc1,-7.149,-4.967,7.352377098598792,8.993351433142152,0.0099833068963115,0.09806939806078759
NC(=O)CCC1NC(=O)N(OC(=O)c2ccccc2)C1=O,-6.904,-6.323,11.770393154011469,3.068784938701309,0.009839763963399,0.0980565576688167
CCC(CC)CNC(=O)c1cc(Cl)c(Br)cc1N,-6.339,-4.386,7.229974342969689,9.104909554740232,0.0100307920703158,0.09800026490313504
COc1ccc(C#N)cc1S(=O)(=O)N(Cc1cccnc1)Cc1ccco1,-6.737,-6.068,11.802313120740358,2.804712106438021,0.0098456438250772,0.09795553862452629
CC(C)(C)OC(=O)Nc1ccc(COc2ccc(CN3CCNCC3)cc2F)c(I)c1,-7.146,-5.682,6.932520537293777,9.415270893606833,0.0098844770686693,0.09795055044445532
CC(CC(=O)O)CN1CCCC1=O,-4.917,-4.401,11.77485082708057,2.800979471542053,0.0100185746387881,0.09794837103854323
CCCc1c(C(=O)O)nnn1Cc1ccccc1C,-5.912,-5.587,11.769593620851996,3.0138893476702155,0.0098917612166916,0.09793783090957539
CCOc1ccc(NC(=O)C(C#N)=CN(N)Cc2ccc(Cl)cc2)cc1,-7.228,-5.41,7.472331162361583,8.890819759729697,0.0098917035028892,0.09784655071668001
CCCCC#Cc1cccc(CN(C)C(=NCc2nncn2CC)NCC)c1,-6.813,-5.369,7.425201815439093,8.938508712307664,0.0098822989864535,0.09777894609032081
Cc1ccnc(Oc2ccc(NC(=O)c3cc(F)c(F)c(F)c3)cc2)n1,-7.868,-5.69,7.298474566647471,9.070934571476084,0.0098288686137801,0.09767873055745216
Cc1cc(C)n(CC(N)=O)n1,-5.24,-4.41,11.766338470399363,2.95775793465253,0.0099575446302889,0.09765424904806477
COC(=O)CCCNC(=O)c1ccc(C)c(S(=O)(=O)C(F)(F)F)c1,-6.634,-5.49,7.809576364950917,8.570175552460988,0.0098199034679021,0.09753177724786825
CC(C)c1nc(N)c(S)[nH]1,-4.767,-4.255,11.756301671869432,3.0485257092568534,0.0099446175663021,0.09751044914842907
COCCNC(=O)c1cccc(CN(C)C2CCCN(Cc3ccccc3)CC2)c1,-5.132,-4.059,7.257119056485155,9.094467494031743,0.0099317056847849,0.09734544112608116
CC1(O)CC(CO)N(C(=O)OC(C)(C)C)C1,-5.11,-4.423,11.78923275705421,2.853823049875377,0.0098929234443405,0.09734358324031266
N#CC1=CC(c2nccs2)=NC1=O,-5.955,-4.705,11.796511560626726,2.837106977186444,0.0098595791152711,0.09732484964717968
NC(=O)c1nnn(-c2cccc(C(F)(F)F)c2)c1-c1cccnc1,-7.515,-5.357,7.035146124992714,9.333851562993704,0.0097801115006487,0.09726595433819064
CC(N)Cc1ccnc(N)c1,-5.126,-4.389,11.770743137117554,3.020085760371715,0.0098794747766333,0.09725982573472332
CC(=NNc1nnc(C)o1)c1cc(F)ccc1O,-7.348,-5.612,11.796188960846637,3.004379969311472,0.0097364841872972,0.09717883962572725
O=C(O)c1ccc(CNC(=O)c2ccc(CO)o2)o1,-7.304,-6.014,11.829447577972523,2.785982950414449,0.0096921309893261,0.09716147768553507
Cc1cccc(NC(=O)c2ccc(C#CCCCCCC(N)=O)cc2)n1,-7.218,-5.842,7.878729339176464,8.52122321031435,0.0097011430101945,0.09711926765918731
CCOc1ccc2cn(C3CCC(=O)O3)nc2c1,-6.515,-5.433,11.78265110236232,3.0981818862035846,0.0097386128152557,0.09709816556996713
O=C(O)c1ccccc1N1CCOC1=O,-5.678,-4.568,11.787990244312216,2.956698327526838,0.0098245438532181,0.09708126637166922
O=C(NCC(O)c1ccc(F)cc1Cl)c1ccncc1,-7.078,-5.517,11.814422795888085,2.886921716985065,0.0097151926959198,0.0970241430239997
O=CON1C[N+](=O)c2ccccc2C1=O,-5.373,-5.222,11.816478832545677,2.8602922927561094,0.0097214336543967,0.09690485324968443
Cc1c(NC(=O)COc2ccc(NC(=O)c3ccc([N+](=O)[O-])cc3)cc2)ccc(Cl)c1Cl,-7.83,-6.194,7.563884848409578,8.849827455945116,0.0095953055934703,0.09676578422781436
COC(=O)C=Cc1ccc(C(=O)c2[nH]c(C)c(C#N)c2C#N)cc1,-7.789,-5.431,8.437714086172866,7.973295805374338,0.009638638003201,0.09659746857362583
O=C(NCC1(O)CCC1)C(=O)Nc1ccc(F)cc1,-6.568,-5.244,8.554841319393365,7.853893365713595,0.0096471396801899,0.09654504074484604
C#CCNC(=O)c1ccc2c(C)nc(C(F)(F)F)n2c1,-8.002,-5.442,11.83920829278715,2.801383943696401,0.0096233723025047,0.0965265222080689
O=C(O)C[P+](O)(O)CCP(=O)(O)O,-4.847,-4.76,11.823836179514666,2.851258143346547,0.0096830431196651,0.0964777008317686
Nc1ncnc(Nc2ccccc2)c1CCC(=O)O,-6.083,-5.433,11.826173387871496,2.9535622559885204,0.0095952678251576,0.09638091076873585
Nc1nc(C(=O)NCc2cccs2)cs1,-5.497,-5.023,11.811916863913323,3.017001988729872,0.0096310289461469,0.09635206882711614
Nc1ccc(OP(=O)(O)O)cc1CC(=O)O,-6.496,-5.168,11.817686787184709,3.0135600209718736,0.0095991548565895,0.09626608592628308
Cc1ccc(C(=O)c2ccc(C=Cc3nnc(-c4ccc(Cl)cc4)o3)cc2)cc1,-8.899,-6.888,7.315871034948606,9.122363345098682,0.0094189764839282,0.09621880931025041
COC(=O)CN1C(=O)NC(C)(c2ccco2)C1=O,-6.03,-5.264,11.85705351257217,2.7060075757469715,0.0095743114392576,0.0961900597609421
Cc1cc(CNCc2cn(C3CCC(N)C3)cn2)no1,-7.145,-5.599,11.843388873122423,2.889747047753489,0.0095389290191529,0.09618133916951331
CCCCN1C(=O)c2ccc(NC(=O)Cc3ccc(F)c(F)c3)cc2C1=O,-7.634,-5.8,7.26136770863451,9.16787336299973,0.009463289019711,0.09590020360713548
Cc1nn(Cc2ccco2)c(Nc2ccc(F)cc2F)c1C#N,-6.759,-5.677,11.86089296806948,2.852908165363898,0.0094602757559954,0.09582317299107523
CCOC(=O)c1cc(=O)[nH]c(=O)[nH]1,-5.831,-5.003,11.820300080793212,3.0903142235054357,0.0095190416536877,0.09578013938303842
OCc1cc(Oc2ncccn2)cc(Br)c1Cl,-5.903,-5.155,11.840706989027302,2.961337704484242,0.0095026484954131,0.0957743895661516
CCOC(=O)CN(CC(O)c1ccccc1)c1ccccc1,-6.197,-5.178,11.853094153004946,2.9056507016501483,0.009470049869449,0.09562156207953691
CC(CCc1ccc(Br)cc1)c1ccc(-c2ccccc2)cc1,-7.415,-6.119,7.262325316315705,9.1828652391288,0.0093698492636846,0.09558479979838769
O=C(O)C(=O)NC1(C(F)(F)F)CC1,-5.281,-5.015,11.863554062758766,2.831043093984972,0.0094589965943257,0.09548362448835312
CCc1nnc(NC(=O)CC2CCCC(c3ccc(F)cc3)O2)o1,-8.233,-6.055,11.899696214609852,2.663369482441368,0.0093458470121438,0.09543041113840699
CCNS(=O)(=O)Nc1ccccc1CN,-5.446,-4.353,11.84623172152225,2.900540294496872,0.0095143842834704,0.09542755831501692
CCc1nn(C)c(CC(CO)C2CC2)c1Cl,-5.088,-4.454,11.847682389395828,2.921448442125926,0.0094907869632151,0.09536030171149454
NC(=O)c1cc(NC(=O)C2CC2C(=O)O)cc(C(=O)O)c1,-7.194,-5.918,11.895402515257734,2.7443401757070864,0.0093256388327775,0.09525897124535512
Cc1cn(N=Cc2ccccc2OCC#N)c(C)n1,-7.071,-5.27,11.84542088741468,3.083323207190579,0.0093767494515915,0.0951954723465947
COc1cc(Cl)c(-n2cnnc2-c2ccccc2C(F)(F)F)cc1F,-7.308,-5.139,8.074769284629747,8.38266371745879,0.0093677576672401,0.09508417805069325
Cc1cc(C(=O)N2CC(O)CC2C(=O)O)n[nH]1,-6.432,-5.065,11.86882159272773,2.938001531653787,0.0093543051882089,0.09497880882766169
Cc1ccn(-c2ccc(CNC(=O)Cc3ccccc3Cl)cc2)n1,-7.412,-5.428,7.172039737759405,9.279792346814665,0.0093155015752865,0.09496294731620443
CC(NC(=O)COC(=O)CSc1cc(F)ccc1F)c1ccccc1,-7.101,-5.622,11.896010886007124,2.789578821255997,0.009295030605348,0.09495521442615079
NC1Cc2c(F)ccc(-c3ccccc3)c2C1,-7.249,-5.989,11.881345630861851,2.9814256656841205,0.0092493721313012,0.09490386090475988
CCOCC(=O)Nc1cccc(S(=O)(=O)NC23CC4CC(CC(C)(C4)C2)C3)c1C,-7.536,-5.678,8.264846399056669,8.209017846246894,0.0092744816649659,0.09487804987828256
CC(CCC(=O)O)CNC(=O)C1CCC(C)O1,-6.336,-4.615,11.865826309195665,2.931132716203754,0.0093768143990796,0.0948669900550347
CC(C)CN(CC(=O)O)C(=O)CC1CCC1,-5.663,-4.622,11.869476357447285,2.904705492816784,0.0093742554541777,0.09485756407428463
Cc1nn(C)c(C)c1CNC(=O)C(N)C(C)(C)C,-6.125,-4.357,11.86506957417444,2.920912699825176,0.009388602945859,0.09479669313631602
Cc1nsc(NC(=O)CN(c2ccc(Br)cc2)S(C)(=O)=O)c1C(=O)O,-6.59,-5.767,11.89457876513498,2.8774085563228597,0.0092469474010534,0.09478129332423768
NCCc1nnc(C(=O)O)s1,-5.117,-4.634,11.864597801864166,2.9762182379657576,0.0093506413919023,0.09474403968766053
CC(C)(C)C1CCc2ccccc2C1C(=O)NC1C=CC(C(N)=O)C1,-6.919,-5.321,7.898806618724121,8.573337389838336,0.0092767251487855,0.09471179096299662
COC(CO)C(O)C(OC1=CC(O)C(O)C(=O)C1CO)=C(Cl)Cl,-5.365,-5.205,11.898870114426831,2.8306389738007924,0.0092527780695114,0.09453171859306309
N#Cc1ccc(F)c(CN2CCC(CC(F)(F)F)CC2)c1,-6.834,-5.99,11.89095071892908,3.0095507970459647,0.0091726582919809,0.09450997125021257
CCc1noc(C)c1C(C)(CC(=O)O)C(N)=O,-5.996,-4.889,11.875444118010916,2.990465849997287,0.0092766812290778,0.09449604760415091
CC1CN(C)CC1CN=C=O,-4.576,-4.36,11.864082138960434,3.0092253155920377,0.0093282335020347,0.09449293334086414
CC1(C)CCCN(CC(F)(F)F)C1C(=O)O,-5.194,-4.786,11.88492970109626,2.9248078569369307,0.0092700388657559,0.0944107711017992
Cc1ccc(C)c(S(=O)(=O)Nc2ccc(C(=O)NC3CC(N)C3)cc2)c1,-7.406,-5.835,7.555265581036844,8.933309912904623,0.0091575996726918,0.09435585713590491
CCc1ccn(Cc2ccc(N)cc2C(N)=O)n1,-6.549,-6.072,11.92663858763231,2.77303822548482,0.0091286659963893,0.09432344708483198
COc1ccc(CN(C)C(C)CO)cc1Cl,-6.011,-4.546,11.881853180375527,2.941998980285343,0.0092755468390509,0.0943188113062277
CCC(C)(CSC)NCCCO,-4.338,-3.627,11.870799046399531,2.9061939026844024,0.0093654650785666,0.0943117162300112
O=[N+]([O-])c1cccc(C2CC=NN2Cc2ccc(F)cc2)c1,-7.727,-6.532,11.908577203007924,3.0106615552067626,0.0090713248067048,0.094252251430677
CC(=O)C1CCC2(O)CCC3CCC(C)C31C2,-6.018,-4.987,11.898427921368436,2.8889129443442907,0.0092169728256765,0.09424022591462658
CSC(C)C(=O)N1CCCC(CC(=O)O)C1,-5.721,-4.655,11.891002018333024,2.91528694985588,0.0092416263152152,0.0942006129452483
COc1cc(C(=O)N2CCC(OCC(=O)C3CC3)CC2)cc2c1OC(C)(C)C=C2,-7.286,-5.382,7.140460069211226,9.3378895902661,0.0091568907902101,0.0941282669614926
Cc1cc([N+](=O)[O-])cc(C(=O)N(CC(C)C)C2CC2)c1O,-6.594,-5.058,11.929008341014772,2.6549291892628704,0.0091806127687907,0.09408941039347044
CC(OCC1CC1)C(C)(C)C(=O)C(F)(F)F,-5.426,-4.212,11.854995360606432,3.158395478720168,0.0092548344660274,0.09404637236736378
CC(C)C1C(=O)C(C)(c2cccnc2)C(=O)N1CC1CCCO1,-5.973,-4.98,11.901176958603717,2.9684386468310238,0.0091450483892636,0.09386833547848006
CC(C)(N)c1nccc(C(F)(F)C(C)(C)C)n1,-5.602,-4.668,11.894589400227316,2.991066365027697,0.0091658976513269,0.09382032677896454
CC1=C(C)C(C)C(=O)NC1=O,-5.445,-4.513,11.89280610285058,2.9916812998713618,0.0091756537605611,0.09379312958449011
N#CC1=CCC(C#N)=CC=C1,-3.926,-3.581,11.88091785174866,2.962869048743127,0.0092656978131298,0.09378491625009995
O=C(O)C1CCCC(NCC=Cc2ccccc2F)C1,-6.976,-5.916,8.138442418546685,8.377720513361615,0.0090338383814373,0.09375581379456246
NC(=O)c1ccc(S(=O)(=O)Nc2ccc(Oc3ccc(C(F)(F)F)cn3)cc2)cc1,-7.902,-6.192,7.18526401741787,9.322609827725282,0.0089979829495192,0.09370450476222207
NCCOC(=O)C(O)CC1CC1,-4.791,-4.018,11.90973253268099,2.808392066645966,0.009204123667836,0.09369144826848609
O=C(c1ccc(F)c(F)c1)N1CCN(S(=O)(=O)c2ccc(F)cc2)CC1,-7.454,-5.46,7.143355024076572,9.354231876535884,0.0090482509212727,0.09360658623697483
COc1ccc(C(O)CC(=O)O)cc1OC,-6.091,-5.119,11.92785533949838,2.8490287818833986,0.0090750408473338,0.09357696042253599
CN(C(=O)c1ccc(O)cc1)c1cccnc1C(=O)O,-6.644,-5.653,11.923193699676276,2.965415822443794,0.0090222680467884,0.09356682006353709
Cc1nnc(CN2C(=O)CNc3ncc(Cl)cc32)o1,-6.961,-5.794,11.945115570809683,2.8035745040929445,0.0090057445692285,0.0935501843872411
COc1ccc(S(=O)(=O)NCCCCC(=O)O)c(C)c1,-6.179,-4.864,11.91289868168113,2.946453121975641,0.0090941527709191,0.09354941075757649
CC(O)CC(C)(C)NS(=O)(=O)c1cccc(F)c1,-6.278,-4.972,11.91985671054816,2.923061579919246,0.0090711028651592,0.09348411308255487
CCCOC(=O)CSc1nnnn1Cc1ccco1,-5.899,-4.801,11.929479997049327,2.818537209262989,0.0090849923892254,0.09347113531204759
CN(Cc1ncc[nH]1)S(=O)(=O)Nc1ccccn1,-5.817,-4.84,11.9015002835777,3.050145734223203,0.0090806872484184,0.09346826481294203
O=NN1CCCC(CCl)C1,-4.787,-4.013,11.885821553430794,3.074465644628347,0.0091502995591674,0.09341460923797341
COc1ccc(N2CCC(Cc3ccccc3)C2)c(C(=O)NC2CCC2)n1,-7.232,-5.461,7.358069176081453,9.153108160619537,0.0090063912956709,0.09339030134157845
CC(C)CC(=O)Nc1ccc(C(C)N2CCCC2)cc1,-6.084,-4.662,7.362725989740484,9.13557721219628,0.0090795732066556,0.09337451336533038
O=C1CCC(=O)N1c1cc(O)cc([N+](=O)[O-])c1,-6.32,-5.175,11.938671994824212,2.8299335681248774,0.0090259038671303,0.09335083079735537
Cc1ccc(-n2nnc(C(=O)O)c2CCBr)cc1,-5.89,-4.855,11.924950020859628,2.907068626640933,0.0090532359102234,0.09333428111514945
Cc1cc(Nc2cc(Nc3ccc(Cl)c(Cl)c3)ncn2)c(C)cc1O,-7.819,-5.678,7.232349341673147,9.282752016508898,0.0089655129579472,0.09328428721288454
CCC(CCCCC=CCCCCSc1ccccc1)C(=O)O,-4.937,-4.19,8.035401296761725,8.472042138705403,0.0090806048702509,0.09314600651248624
O=C(Nc1cc(Cl)c(F)cc1Cl)C(F)(F)C(F)F,-6.664,-5.353,11.946655850069508,2.853112160431132,0.0089664553558489,0.0931301296771654
Cc1ccc(CCC(=O)N(c2ccc(C)c(Cl)c2)C(C)C(=O)NC(C)(C)C)cc1C,-6.172,-6.383,11.95537243250916,2.945763228774505,0.0088564151336982,0.09305697126338204
COc1ccccc1OCC(=O)Nc1nc(CC(=O)NC2CC2)cs1,-6.109,-5.231,11.934798238763822,2.96610957316145,0.0089565762366887,0.09301906481837906
CCC1CCCC(NC(=O)NCc2nc(-c3ccc(Cl)cc3)n[nH]2)C1,-7.332,-5.95,7.561917349455759,8.975006406682951,0.0088866888567199,0.09300562815158922
CCc1nn(C)c(Cl)c1C(=O)N1CCN(C2CCCCC2)CC1,-6.783,-5.001,8.912837763585737,7.610546958005056,0.0089664982872885,0.09295777083392907
O=C(O)C=Cc1ccccc1-n1cnnn1,-6.581,-5.445,11.955538005460063,2.8412796412884105,0.0089242398939969,0.09295558309601198
CS(=O)(=O)CCCNCCc1ccccc1CC(=O)O,-6.053,-5.228,11.952711031393672,2.8398135502176904,0.008940934686691,0.09293633783098879
COc1ccc(C#N)nc1Nc1cccc(CC(=O)O)c1,-7.58,-5.322,8.066981963535062,8.467204379250568,0.0089319597878745,0.09293565601331935
CCc1ccccc1S(=O)(=O)c1cccc(C(=O)O)c1O,-7.419,-5.702,11.94572764631774,2.966109404590465,0.0088956091009473,0.09293159682742737
Cc1nc2nnc(-c3nc4cnccc4s3)n2c(=O)[nH]1,-7.307,-5.336,11.931858069890035,3.025861364967007,0.0089287889813389,0.09292600279132486
COc1ccc(CC(N)C(C)=O)cc1,-5.682,-4.922,11.94097441585066,2.9269745472074065,0.0089494927744045,0.09283083884701021
CC(=O)C(C)=Cc1ccc(Br)c(Cl)c1,-5.795,-4.272,7.371537831416183,9.139362176869891,0.0090097753584206,0.09282252485938064
COCCN(CCC(N)=S)S(=O)(=O)c1ccccc1F,-5.446,-4.681,11.944699493917794,2.8792674415552297,0.0089605870830362,0.09277000513107125
O=C(CCc1ncc[nH]1)NCC1CCN(c2ccc(Br)cc2)C1,-6.8,-5.103,11.964510395331686,2.7682214506791176,0.0089179192287521,0.09275552034619884
O=C(Nc1ccccc1)Nc1ccc(NC(=O)c2ccc(-c3cc4ccccc4oc3=O)cc2)cc1,-8.236,-7.032,7.275979659124949,9.283720105647305,0.0087264437633804,0.09268303196281172
CCCc1nonc1CN1CCCCC1=O,-5.81,-4.97,11.938203131124885,2.9999708331915493,0.0089128798453063,0.09266424789658016
C=CC=CC=C(O)CCCCC,-5.011,-3.629,11.922456542172842,2.961861070340741,0.0090289889014512,0.0926030276332753
NOCCc1cccc(-n2cccc2)c1,-6.247,-4.926,11.952650668366411,2.908571126859372,0.0088968566326448,0.09255940166698566
O=C(CSc1ccc(F)cc1)N1CCCN(C(=O)c2ccc(C(F)(F)F)cc2)CC1,-5.824,-4.235,6.658459281245174,9.834691149192231,0.008947005985405,0.09248041159114359
CC(C)CC[S+]([O-])Cc1c(Cl)cccc1Cl,-5.703,-4.24,11.9283176097889,3.031478847031593,0.0089442586116494,0.09246867204976537
O=C(O)C1CC(O)CN1C(=O)c1ccc([N+](=O)[O-])o1,-7.413,-5.635,11.95913951754055,2.978257712153197,0.0088127242690534,0.09246515611913159
CC(CCNC(=O)c1cc(F)c(F)cc1Cl)CCC(=O)O,-6.637,-5.177,11.94798497655567,3.014579406816148,0.0088477278102497,0.0924258151256394
CCCOc1ccc(C=NNC(=O)Cc2cccs2)cc1OCC,-5.848,-4.668,7.115984963446732,9.408468738322938,0.0088927765555918,0.09241194896573761
Cc1ccccc1-c1cccc(CCC(=O)O)c1,-7.342,-5.404,7.9792567949653055,8.5744524606531,0.0088216484919278,0.0923998257387248
COCCCN(C)C(=O)COc1ccc(N)c(C)n1,-5.756,-4.306,11.952211385346228,2.8868449906428983,0.0089136797236215,0.09234288786354146
O=C1CCCCC2C(=O)CC(C1=O)C2=O,-4.155,-3.912,11.962385130064993,2.7398030951146835,0.0089458589540536,0.09231537434947872
CCC(C)N(CC(=O)OC)C(=O)c1ccncc1,-5.736,-4.461,11.947936725644308,2.9627104144684817,0.0088857510912075,0.09227407865398361
CC1(C)CCCC12OCC(CN)O2,-5.245,-4.481,11.94151338817656,3.020978318359799,0.0088787693345712,0.09224761470190651
N=C(N)n1ncsc1=Nc1ccc(Cl)cc1,-6.31,-5.0,11.950596512308495,3.021897086268823,0.0088278224662464,0.09223564056534916
CC(=O)c1ccc(NS(=O)(=O)c2ccccc2)cc1,-6.543,-5.748,11.987501366006178,2.8316814792628078,0.0087535766808463,0.09220893167365898
Cc1cc(Cn2nc([N+](=O)[O-])cc2C)no1,-6.583,-5.716,11.989569341723664,2.80815971767989,0.0087563026905068,0.09220782913903587
Cc1cccc(=O)n1CC(=O)OC(C)C(=O)O,-6.001,-5.041,11.979087360896909,2.8572212024972794,0.0087839939688202,0.0920263019075521
CCCN(CCN)C(=O)c1ccc(=O)n(CCC)n1,-6.173,-4.851,11.98664089726559,2.768284125591157,0.0087953947568572,0.09199362890063296
CCOC(=O)c1ccc(C)n(C2CCCCC2)c1=O,-6.035,-4.904,11.979563681536987,2.855757167547689,0.0087822925059846,0.09195084090528712
Cc1cc(C2CCCC2)nc(CCN)n1,-6.775,-4.969,11.960474321698117,3.0186528452274866,0.0087759136646792,0.09194900982726877
Cc1noc(C)c1C(=O)NC(C(=O)O)C(C)C,-6.118,-4.933,11.97840377512797,2.873922058790044,0.008777227112504,0.09193840639258659
Cc1cc(F)cc(F)c1COc1cccc(C(=O)O)c1N,-6.38,-6.265,12.005648878757034,2.841369564136281,0.0086490397706334,0.09190456040231776
Cc1nn(C)c(C)c1C=CC(=O)N1CCCCC1=O,-7.74,-5.458,11.980683953764911,2.946890055634923,0.0087166539072196,0.09187438125336415
O=C(NCCCOc1ccccc1)c1c(O)nc2ccccn12,-7.144,-5.787,12.005114951552942,2.7895526523082514,0.0086823979695485,0.09185203087992902
N#Cc1ccc(C(=O)NCc2ncon2)cc1F,-7.277,-5.428,12.00857114730974,2.700339237947706,0.0087122741812715,0.09183681860862053
Nc1ncnc(NC2CCS(=O)(=O)C2)c1N,-5.531,-4.721,11.96141505006828,3.025094709261183,0.0087659493730205,0.09177635982803074
CC(=O)N1CCc2cc(C(=O)Cn3cccc(C#N)c3=O)ccc21,-7.792,-6.026,8.045275010837106,8.54141171001609,0.0086449435720849,0.09176831871180195
Cc1c(-c2ccncc2)n[nH]c1C(=O)Nc1ccc(C(N)=O)nc1,-7.043,-5.595,7.031006044656768,9.5288155612332,0.0086818762996196,0.09175689192246864
COc1ccc(C=Cc2cc(C)[nH]n2)cc1,-6.215,-4.877,7.457722775754003,9.102713496534976,0.0087464972618482,0.09175016680823123
Cc1ccsc1C(=O)N1CCC(c2ccn[nH]2)CC1,-6.337,-4.932,11.956099949398215,3.1010635272435167,0.0087358694296454,0.09172106238318649
Cc1nc2cc3ccccc3cc2c(=O)[nH]1,-7.486,-5.318,12.010663470433265,2.703095262842211,0.0086994578204826,0.0917161767359027
CCCN(C(=O)c1cc(Cl)ccn1)C1CCC1,-5.677,-4.843,11.959405043730229,3.071871091045326,0.0087410867818422,0.09170529811281368
O=C1CC(O)C2CCCN12,-4.301,-4.197,11.956310927706758,3.016168927629883,0.0088006283341826,0.09170222602957699
Cc1noc(N2CCC(Cc3ccn[nH]3)C2)c1CO,-6.023,-5.234,11.99988374943691,2.804510117649783,0.0087021740247557,0.09168994219667477
O=[N+]([O-])c1n[nH]c([N+](=O)[O-])c1Cl,-4.677,-4.692,11.983613394965644,2.877567549163703,0.0087463842227986,0.09165980482476377
CCCOc1cccc(C(=O)N(C)CC(=O)N2CCCC(C)C2)c1,-6.745,-5.331,11.995269317526809,2.8766197176547337,0.0086835020679204,0.09163829690696007
Cc1ccc(NC(=O)CCn2cncn2)nn1,-6.502,-5.57,11.989453782387251,2.958791307273969,0.0086608702049738,0.09163379937960144
N#Cc1cccc(NS(=O)(=O)Cc2ccc(CN)cc2)c1,-7.055,-5.838,11.979298351739972,3.0771719158994024,0.0086289685804578,0.09159342495192958
Cc1cc(C(=O)NC(C(C)C)C(C)n2cccn2)n[nH]1,-6.138,-5.023,11.97838290421541,2.984177106004266,0.0087031808210674,0.0915932993507428
C=CC(=O)OC1CCCC1C,-4.703,-4.125,11.954732870290329,3.0467036285139386,0.0087862148223963,0.09159196840603175
CCn1nnc2cc(C(=O)N3CCCC(CC(N)=O)C3)ccc21,-7.07,-5.607,8.121971435556762,8.465742082062269,0.0086413190087335,0.09154808331088685
CC(C)NC(=O)CC#N,-4.509,-3.58,11.927099815126894,3.188139582891565,0.0088207871951387,0.091505094423579
COCC(=O)N(CC1CCC(=O)N1)C1CCCC1,-5.993,-5.024,11.970233247518612,3.078305053109585,0.0086771036261753,0.09145645937758674
CC(NCc1cccc(C(F)(F)F)c1)c1ccncc1,-7.304,-6.065,11.985821790765955,3.098262254877724,0.0085773247394737,0.09142733512922215
Cc1nn(-c2ccc(F)cc2)c2[nH]c(=O)n(C3CCCC(OCc4ccccc4Cl)C3)c(=O)c12,-8.573,-6.637,7.717634222998651,8.88884075681413,0.008522943379522,0.09140878880950166
Cc1ccc2c(c1)CN(C(=O)C(Cl)(Cl)Cl)CC(C)(C)O2,-5.53,-3.398,7.202569680329375,9.339257946967736,0.0088124419639128,0.09137253806386074
O=C(O)COCCOC(=O)CSCSCC(=O)O,-5.222,-3.708,11.979861226241312,2.851805568407496,0.0087831163033884,0.09137211001714134
N#Cc1ccccc1Oc1ccc(NC(=O)c2cccc(OCC(=O)O)c2)cn1,-7.99,-6.355,8.308857502689525,8.298188898789904,0.0085401135073559,0.09136681158343375
Cc1nnc(C(C)OC(=O)c2cnc(C)n2Cc2ccc(Cl)cc2)o1,-7.446,-6.252,12.017823763061264,2.914482801458949,0.0085379617744603,0.09130631236304601
C#CCN1CC(Nc2ncc(C(F)(F)F)[nH]2)C1,-6.279,-4.995,11.964162360984576,3.153619824899634,0.0086485533907957,0.09129189965876619
S=C(NCC1CCCO1)Nc1nn[nH]n1,-6.587,-5.128,11.98267787266269,3.045553480075502,0.0086349711497281,0.0912842167337298
CC(C)OC1OC(CO)C(O)C(O)C1O,-5.34,-4.62,11.98344649923385,2.979226913143744,0.008679182855879,0.0912721731482666
CCS(=O)(=O)Cc1n[nH]c2c1CCNC2,-6.0,-4.753,12.010665260509096,2.7696904159129407,0.0086635427680111,0.09125416245774308
CCCc1ncc2c(n1)C(c1ccccn1)N(CC1CC1)C(=O)N2,-6.51,-4.623,7.563811869685813,9.013856167035282,0.0086642244444575,0.09119493638991784
CCCCn1ccc2c3c(ccc21)C(=O)C(=O)C3(C)C,-6.265,-5.144,11.995912178738225,2.974725029309432,0.008614974279083,0.09118614842799101
Cc1ccoc1CN1C2CCC1CC(N)C2,-6.324,-5.192,12.003655318277012,2.920567753023374,0.008609917072831,0.09118244248792257
CCOC(=O)C(F)(F)S(=O)(=O)Nc1ccnc(C(=O)O)c1,-6.637,-5.654,12.030586934975366,2.748655125693291,0.0085678235353009,0.09118040999853194
CC(=O)c1ccc(CCC(=O)NCCNC(=O)c2ccc(C)o2)o1,-7.069,-5.233,11.988697760807886,3.0421313252389357,0.0086051119766055,0.09117668390443644
Cc1nc(N2CCOCC2)ncc1NC(=O)c1snnc1-c1ccncc1,-7.442,-5.484,7.374578157427039,9.215385504687257,0.0085769919740347,0.09114783227053422
O=C(O)CC(C(=O)O)C1=NCCc2ccccc21,-6.078,-5.108,12.005683404121566,2.903214425425721,0.0086102825465351,0.0911440140671752
CNC1CCN(C2=C(C(=O)c3ccc(C)o3)C(=O)NC2)C1,-6.656,-5.498,12.03513780560904,2.7018736091830795,0.008568035811442,0.09110692992098728
NC(=O)NNC(=O)C(F)(F)F,-5.702,-4.895,12.00680327980766,2.881578386926165,0.0086180236397991,0.09108249951908533
O=C(O)C#Cc1cccc(-c2cc(C(F)F)ccc2Cl)c1,-7.589,-6.036,8.046793398615376,8.564669287252137,0.0085129782140278,0.09106995779609624
COC(=O)c1cccc(NC(=O)N(C)Cc2cccs2)c1,-7.355,-5.875,11.998874322202065,3.0735629162260523,0.0085268186047003,0.09106729544924101
N#CCCN(CC1CC1)C(=O)c1cnc(C(=O)O)cn1,-5.801,-5.256,11.98845152636486,3.077636268307222,0.0085793898734875,0.09105133744043709
C=CCCN(C)S(=O)(=O)CCCNC(C)C,-5.169,-4.004,11.980616052607648,2.981409398254456,0.0086930053765722,0.0910460830300899
CCCN1C(=O)C(F)CN(c2ccc(NC(=O)C=Cc3ccco3)cc2)C1=O,-7.011,-5.489,7.229823372669626,9.36029817901118,0.00855541235272,0.0910354872587591
CC(=Cc1ccccc1OCC(C)C)C(=O)O,-6.155,-4.663,11.9973842565786,2.953617781636615,0.0086215856222283,0.09098954805532637
COc1ccc(N(CC2CC2)S(=O)(=O)c2ccc(C(C)N)cc2)cc1Cl,-6.552,-4.517,6.692025179271219,9.860781054257316,0.0086309295959662,0.0909683932095861
COCCN(CCOC)C(=O)c1c(Cl)cc(Cl)cc1[N+](=O)[O-],-5.329,-4.535,12.003986254573938,2.896167985459407,0.0086239443253834,0.09094025885763035
Cc1c(C(=O)NCC(=O)Nc2ccc(F)c(F)c2F)cnn1-c1cccc(F)c1,-8.206,-6.302,7.4942725464183635,9.120231192245074,0.008460733931342,0.09091610713814834
CCc1nnsc1C(=O)N1CCC(N(CC)CC(=O)O)CC1,-5.911,-5.155,8.652030166382916,7.949357269616205,0.0085629875407831,0.0909158736080641
Cc1cc(N2CCN(c3ccc(C(=O)O)cc3)CC2)nc(C(C)C)n1,-7.159,-5.526,7.316257854941965,9.281177996353698,0.0085293257687449,0.09091425387674719
Cc1cc2ccn(C)c2cc1-c1ccc2c(c1)CC(C)(C)C2(C)C,-7.903,-6.086,7.188880580452008,9.415019755688247,0.0084755960375919,0.0908935083639418
Cc1noc(C)c1C1CCCN1C(=O)CCCC(F)(F)F,-7.363,-6.068,12.013911186620286,3.04221136675281,0.0084705244406374,0.09085777276936045
c1n[nH]nc1-c1nn[nH]n1,-5.565,-4.423,11.982128191602692,3.0761698587691804,0.0086145008268638,0.09083643115702193
Cn1cc(NC(=O)NCC(C)(O)c2ccco2)cn1,-6.325,-5.196,12.01710168884328,2.914353101461798,0.0085418993337152,0.09082347488683977
Cc1ccccc1C=Nn1c(C)c(C)c(C#N)c1C,-7.003,-5.221,11.996429343767254,3.079947726829141,0.0085349372069512,0.09079841086058713
CCCCC(NS(=O)(=O)c1ccccc1[N+](=O)[O-])c1ccccc1,-6.506,-4.845,11.989308236925098,3.096573751745629,0.0085599900610371,0.09075131658214905
Cc1cccc(C(N)C(=O)NN2CCCC2C(=O)O)c1,-6.949,-5.494,12.03253431326917,2.860158037591629,0.0084936652749266,0.09070875860452518
C=CCNC(C(=O)O)C1CCC(C)CC1,-5.452,-4.732,12.015292505802762,2.898215140392445,0.0085619219998533,0.09070730752565492
O=C(Nc1cnccn1)c1c(F)cccc1I,-6.22,-4.969,12.015108946655458,2.95038133128584,0.0085287881900968,0.09064514546286835
O=C(O)CC1(COc2ccc(F)cn2)CC1,-6.077,-4.84,12.007435946112729,2.995559547062953,0.0085385943269639,0.09063543249478968
C[n+]1ccccc1-c1cccc2oc3ccccc3c12,-6.881,-5.128,7.87014370898016,8.74017454059128,0.0085119263565705,0.09063150185856683
CCC(C)Oc1ccc(C)cc1C(=O)O,-5.477,-4.631,12.030089401164066,2.774783234777087,0.0085561937658897,0.09062845949333144
CCOC(=S)NNOC(=O)CCC(C)=O,-5.321,-4.673,12.015369074647689,2.9149042865933006,0.0085507966244567,0.0906200363203015
Cc1cccc(N(C)C(=O)C2(C)CC2C(F)F)c1,-6.919,-4.714,12.011871211430798,2.951674270647085,0.0085451923949393,0.09061000916509032
Cc1nn(-c2ccc(Cl)cc2)c2c1N(c1cccnc1)C(=O)C(Sc1n[nH]c(=O)n1-c1ccccc1)C(=O)N2,-7.322,-4.982,7.831092963309782,8.778196682690586,0.0085152749658431,0.09057952470201634
Cc1nn(C2CCCCC2)c(C)c1C=C(C#N)C(=O)Nc1ccccc1Cl,-7.641,-5.796,7.189111210713046,9.4210569470734,0.0084425675706334,0.09057881930562643
CCOC(=O)C(C)(C)NC(=O)COCC(=O)Nc1ccc(Cl)cc1,-6.018,-5.024,12.022173222841202,2.9207678784867515,0.0085107214020393,0.0905753830253197
[N-]=[N+]=C=CC=O,-3.574,-3.028,11.971960115202522,3.0451285687143,0.008693324804499,0.09057239888814679
CC(NC(=O)c1ccc(C(C)(C)C)s1)c1ccn[nH]1,-7.145,-4.896,8.271027687053163,8.340413598857074,0.0085168211691682,0.09054660245440223
CC(C)C(=O)Nc1ccc(NC(=O)C2CCC(Nc3nccc(C(F)(F)F)n3)CC2)cc1,-8.708,-6.595,7.338202095881525,9.291953131608016,0.0083600683251484,0.09051142154363995
Cc1nonc1C(=O)N(C)C1CCCNC1=O,-6.24,-5.792,12.03734135928694,2.924118157667368,0.0084282702711747,0.09050019497173821
CCCC(C)C(NCC)c1cccc(C(F)(F)F)c1,-6.167,-5.24,12.0001495407349,3.129438607801725,0.0084760143522988,0.09049349900145766
O=C(COc1ccc(Cl)cc1C(=O)O)OS(=O)c1ccccc1,-7.365,-5.947,12.045655689915764,2.886515892906187,0.0084082517735529,0.09046597883764158
NC(=NO)c1ccccc1O,-4.759,-4.893,12.022251536214004,2.9396715802960025,0.0084979235782642,0.09044465772469218
O=S(=O)(c1cc(CO)cc(Cl)c1F)N1CCc2ccccc2C1,-7.462,-5.972,12.024017506640616,3.0654771243641665,0.0083999635384202,0.09043319555832299
CCN(CC1NC(=O)CS1)C(=O)c1ccc(C(C)=O)s1,-5.67,-5.355,12.015952604766715,3.0536758177645504,0.0084512411304389,0.09041586207670904
CC(N(C)CC1CC(O)C1)C(F)(F)F,-4.832,-4.058,11.99780538265228,3.032211734031778,0.008563618247354,0.0903920072641198
CC(=CCl)CN(Cc1ccc(F)cc1)CC(C)(C)O,-5.766,-4.708,12.009758906822402,3.0291269369242357,0.0085021363551964,0.0903785742496771
CC(C(=O)O)N(C(=O)OCc1ccccc1)C1CCSC1,-7.054,-5.228,12.050698154049,2.764259937126029,0.0084524318571146,0.09036181238209857
Cc1nc(C)c(CNC(=O)N(C)Cc2cccc(C#N)c2)c(C)n1,-7.093,-5.955,12.025313093637106,3.0747299068373466,0.0083862078437759,0.09035109148617622
CCN(Cc1nc(-c2cc(Cl)ccc2OC)no1)C(C)=O,-6.646,-5.925,12.021623891970668,3.097586318409868,0.0083880665313823,0.09034693399466523
O=C(CCCC(=O)N(O)O)NN=CCc1ccco1,-7.027,-4.818,12.051172100671373,2.697422473399375,0.0084848569280082,0.090339264638579
Cc1c(C#N)c(=O)[nH]c2ccc(C(F)(F)F)cc12,-7.393,-5.455,12.01984205387076,3.0603875571567727,0.008425724400492,0.09032673356539313
NC(=NO)c1cc(Cl)ccc1NC(=O)Cc1ccc(Cl)cc1,-7.183,-5.874,12.03959455297395,2.9724187120928973,0.0083845347110111,0.09030382343315801
CCCCN(CC)CC(=O)Nc1c(Cl)cccc1C(C)(F)F,-6.264,-4.338,12.010547406342477,3.004813471748288,0.008515454696169,0.09027193633770382
Cc1n[nH]c2c1CC(C(=O)NCc1nn[nH]n1)CC2,-7.533,-6.191,12.044356894413252,2.985421075828333,0.0083507937093281,0.0902712591364387
Cc1cc(S(=O)(=O)NC(C)C(N)=O)ccc1Cl,-6.784,-5.324,12.036096958732095,2.94879856890904,0.0084186995387758,0.09022690581237247
Cc1cc(C(=O)N2CCOC(C3CC3)C2)n(C2CC2)n1,-6.332,-4.864,12.006217930722398,3.1209527391487364,0.0084507433536205,0.09017941004556977
CC1CCCN(C(C(=O)c2cccc(N)c2)c2ccncc2)C1,-6.824,-5.622,12.036232051601532,3.00816621881172,0.0083775083995209,0.09014690956782734
ON=Cc1ccc(OCCCCCc2ccccc2)c(Cl)c1,-6.237,-4.726,12.020615000905735,3.012216459685458,0.0084567934751372,0.09014584390281397
CC(=O)Oc1c(C#N)cccc1OCC(C)C,-5.288,-4.794,12.018978533968683,3.0332563360190976,0.0084502899038218,0.09014361166089192
CCN(CCNS(=O)(=O)c1cccc(C)c1)C(C)=O,-6.143,-4.834,8.495590444459996,8.130120663311216,0.0084400549875907,0.09010806818120953
O=C(Nc1ccnn1C1CCCC1)c1cnc2cnc(C(F)(F)F)cn12,-8.187,-5.458,7.647633032514047,8.984569550067494,0.0083822021785091,0.09009456480052043
CC1(NCc2cccc3cn[nH]c23)CCCOC1,-6.813,-5.926,12.042262785706017,3.015821281176986,0.0083406167664493,0.09009150452265827
Cc1nn(CC(=O)N(C)Cc2nc(C(C)C)cs2)c(=O)o1,-6.834,-5.599,12.042384398448672,2.989167275346096,0.0083585272314684,0.09003386455286688
CCC1CNC2(CCCC2)CN1Cc1ccoc1C,-6.356,-5.067,12.029581247907178,3.018865018512752,0.0084048149484252,0.09003048950119698
COc1cccc(C(=O)c2ccc(F)cc2)c1C#N,-7.082,-5.924,12.066798664103086,2.8366804543339037,0.0083274672252999,0.09001951757600715
O=C(NCc1ccncn1)c1ccon1,-6.668,-5.203,12.042053520890862,2.946639781174482,0.008388840360025,0.09000940066264361
O=C(CN1C(=O)CCC1=O)OCC1CCCO1,-5.743,-5.13,12.0229305911662,3.085766355380783,0.0083903099872014,0.08998266066769102
C=CCN1c2cnccc2-c2ccccc2S1(=O)=O,-5.99,-5.312,12.055207463996627,2.8612986562049056,0.0083734808514791,0.08997858391160896
Cc1ncccc1C(=O)Nc1c(C#N)cnn1C,-6.825,-5.35,12.018675342981854,3.1409358478007787,0.0083692004469189,0.08997356823762641
CC(C)CCOC(=O)OCCC(C)C(F)(F)F,-5.598,-4.532,12.03283416323852,2.943854106439379,0.0084391536712955,0.089959234101783
O=S(=O)(Nc1nccnn1)c1ccc(F)c(Cl)c1,-6.409,-5.455,12.046665970300664,2.960883820753527,0.0083552834603427,0.08994836524893547
CCC(NC(=O)Cc1ccon1)c1cc(C(F)(F)F)cc(C(F)(F)F)c1,-7.898,-5.92,12.07293228673134,2.804103600083278,0.0083140635583232,0.08994516081701544
COC1OC(C)(C)N(C)C(C)C1(C)O,-4.88,-4.941,12.043917718084924,2.9141911399220195,0.0084000444277706,0.0899450876825551
NC(=O)NC1(C(=O)Nc2ccc(-n3cccn3)c(F)c2)CCCC1,-7.234,-6.511,12.040214948247396,3.134636342544379,0.0082623077701607,0.08994140589814038
Cc1cnc(NS(C)(=O)=O)c(C)n1,-5.043,-4.29,12.03215695542574,2.9339171767451107,0.008449251497466,0.0898973935403185
COc1ccc(CCN2CC(=O)N(C(C)c3ccccc3)CC2=O)cc1OC,-7.521,-5.574,6.798742898507047,9.815956448558644,0.0083347643277583,0.08989400029009806
c1ccc(-n2nnnc2Cc2nccs2)cc1,-6.364,-5.546,12.044760022516016,3.003410228390388,0.0083362936652524,0.08988903695747456
CC(C)(C)C(Cc1ccc(CO)s1)C(=O)O,-5.743,-4.668,12.04765396249411,2.8648549701511947,0.0084109620781187,0.08987362870899862
Cc1cc2nc(Cn3ncn(C)c3=O)cn2c(C(C)C)n1,-6.545,-5.529,12.031670125132257,3.1014051654048687,0.0083326247085251,0.08986123418716395
COC(=O)c1ccn(CCn2cc(Cl)cn2)n1,-6.572,-5.096,12.012044830086175,3.1849593403998115,0.0083674367595616,0.08984381516230176
Cc1cc(N)nc(SC2CC(=O)NC2=O)n1,-6.198,-4.975,12.042071790186272,2.973118228392541,0.0083710917936328,0.08980607141320165
c1n[nH]c(CNCc2occc2-c2ncn[nH]2)n1,-6.62,-5.926,12.060094775746997,2.961220356542215,0.0082852344080835,0.08979189896719333
COC(=O)C(O)C(=O)Cn1ncc([N+](=O)[O-])c1C,-4.976,-4.94,12.060955020229535,2.8142825018110744,0.0083707873249612,0.08978783871794345
CC(O)C1C(=O)N(C(=O)OC(C)(C)C)C1C(O)c1ccccc1,-7.276,-5.062,12.041364374521685,3.0034275419926484,0.0083539909122064,0.08975550127413258
COCCN(C(=O)CCCC(=O)O)C1CCCC1,-5.623,-4.759,12.036214105772627,3.0112977268945027,0.008375399387657,0.08972665480288199
CCOC(=O)C(c1ccc(C)o1)([N+](=O)[O-])C(F)(F)F,-5.718,-4.606,12.051477959155052,2.873209007364414,0.0083858400413763,0.08970982893550782
Cc1cc(Cl)cc(N)c1C(=O)NC(C)c1ccc(F)cc1,-6.351,-5.489,12.049396457914396,3.0106202018853194,0.0083071570062796,0.08970496007144972
CCCCC(=O)Nc1cc(C(C)C)nn1-c1ccc(F)cc1,-6.944,-5.233,12.03669526905122,3.074574116849357,0.0083268828977396,0.08969056470302135
Cc1ccc2c(CNCC3(CCC(=O)O)CCOC3)cc(=O)oc2c1,-6.783,-5.666,12.074226890364452,2.8367851522454077,0.0082888380914517,0.08968925882826245
CC(C)CC(N)C(=O)NC(CC(N)=O)C(Cc1cnc[nH]1)NC(=O)C(C)N,-6.715,-5.533,12.08150628026158,2.749310640869816,0.0082991274335734,0.08968231379991758
CC(=O)OC1C(O)OC(CO)C(O)C1O,-4.964,-4.749,12.066704189628584,2.7700344763197444,0.0083651984069458,0.08966724975916525
COCCN(CCC(C)C)C(=O)c1ccc(N)cc1,-5.494,-4.557,12.044854959691296,2.938723192136341,0.0083793439287383,0.08965177775210086
CC(N)C(=O)Nc1ccccc1Cn1cccnc1=O,-6.762,-5.151,12.044803402297608,3.020921382624844,0.0083237848898893,0.08963514555382207
O=C1CN(c2cccc(O)c2)C(=O)C(=O)N1,-6.224,-5.438,12.080227067402337,2.780659454158312,0.0082890857736192,0.08958333027841725
COC(=O)CC(C(=O)OC)=C1CCCCN1,-5.258,-4.848,12.049502769824157,2.9660542813643844,0.0083370403521361,0.08956310580432743
C=CC(OC)c1cc(C(F)(F)F)ccc1N,-5.927,-4.846,12.018871577648213,3.17863115192688,0.0083371350669798,0.08956266736711617
Cc1ccc(Cl)c(C(=O)Nc2ccc(Cn3cncn3)cc2)c1,-6.977,-5.345,7.683753965347927,8.966445895671262,0.0082916082083012,0.0895531618582175
CC(=O)NCC(NC(C)CC(F)(F)F)c1cccs1,-5.822,-5.356,12.069515690366371,2.890378175948607,0.0082814506058473,0.08950347000392934
CC(=O)OCS(=O)OCCS(C)(=O)=O,-5.359,-3.87,12.036545766954903,2.956662138290407,0.008411115947764,0.08949368375324704
CCC(C)(CC)Nc1nccc(C)c1S(N)(=O)=O,-5.266,-4.924,12.06232158417276,2.8965902368129317,0.008314945942184,0.08948028698451446
O=c1c2ccccc2nc(Nc2ccc(Cl)cc2)n1-c1ccccc1,-7.648,-5.589,7.464575607494375,9.189934384967067,0.008249262115246,0.08943876176579191
NN=NC(N)=Nc1cc(Br)ccc1C(=O)O,-5.708,-5.31,12.077324082759391,2.8423696100261133,0.0082695909377444,0.08941771782472106
CCCC(=C(C)C(=O)O)c1ccc(F)c(Br)c1,-5.675,-4.732,12.050574633601505,2.9883456962004917,0.0083164144254873,0.08939736208610388
Cc1cccc(C(=O)Nc2ccccc2C(N)=NO)c1,-7.335,-5.714,12.08012338513146,2.8872918106765724,0.0082286007188221,0.08938524976228568
NN=Cc1cc(Cl)c(C(=O)Nc2cccc(O)c2)s1,-6.212,-5.345,12.053430175680282,3.054611431917323,0.0082549193014375,0.08935481371184914
CCCN(C(=O)c1ccc(Br)cc1Cl)C(C)C,-5.478,-4.097,12.02059906992992,3.135395509341684,0.0083636083699626,0.08934875852984485
Cn1nccc1C=C(C=O)CNC(=O)OC(C)(C)C,-6.47,-4.782,12.075973335512131,2.8129033044169858,0.0082933633728276,0.08929701105462796
CC(F)(F)C(=O)CC(=O)C1CCCC1,-5.205,-4.395,12.052151758088678,2.979038267629337,0.0083145374692028,0.0892276492741401
Cc1nc(N2CCCC2)[nH]c(=O)c1C(=O)Nc1ccccc1N1CCCC1,-7.135,-5.919,12.093115107365843,2.8557741507339123,0.0081806563805081,0.08922014758222008
Cc1cc(C)cc(C(=O)Nc2cc(NC(=S)c3ccc(Br)cc3)ccc2C)c1,-8.087,-6.715,7.593666966624227,9.091288302545465,0.0081067760555116,0.08918523611438542
Cc1cc(CNCc2ccoc2)ccc1N(C)C,-6.46,-5.156,8.079777534066146,8.584985614431746,0.0082366485337151,0.08916709470711637
CCOc1ccc(Nc2nccc(C3CCCN(C)C3)n2)cc1,-6.71,-5.108,7.124595427110229,9.522691951333927,0.0082384153265278,0.08915409402011192
CCn1c(C)nnc1CNC(=O)c1ccco1,-6.601,-5.482,12.094818270647972,2.798842260649928,0.0082040029746839,0.0891429875433405
CC(C(=O)OCC(=O)c1cccs1)c1ccc([N+](=O)[O-])cc1,-6.978,-5.274,12.051433358733725,3.120947772712642,0.0082152940731669,0.08910679824108485
CCCc1c(Cn2nnnc2C)nnn1Cc1nnnn1C,-6.677,-6.605,12.113290964886462,2.822030120321185,0.0080971591266068,0.08908146613573756
CC1CCC(C)N1c1ccc(N)cc1C(=O)O,-5.64,-4.913,12.092562921068469,2.7560397312085323,0.0082384726142565,0.08906268060836241
COc1cnccc1C(O)C(=O)Cl,-4.79,-4.17,12.051453148894534,3.00249679433634,0.0083021290598773,0.08905439042834982
CC(C)C(NC(=O)c1ccccc1)c1nc2ccccc2[nH]1,-7.309,-6.057,12.083499534489173,3.001951698478842,0.0081378821966835,0.08905077336314413
Fc1cc(C2CCC(c3ccccc3F)N2)ccc1Cl,-7.219,-5.777,8.062101090906761,8.61736003657733,0.0081612790945648,0.08904823052271485
C=CCN(CCOC)c1ccc(C)nc1CO,-4.661,-4.568,12.091462607972618,2.739150415731126,0.0082528995921268,0.08897797460757832
COC=CC(=O)N1CCCC(C(=O)c2cccc3[nH]ccc23)C1,-7.055,-5.335,12.054023892460146,3.1445974305147555,0.0081834414225309,0.08896243902396792
CCN(C)C(=O)CN(C)C(C)c1ccc(C#N)cc1,-5.834,-5.043,12.105347785173295,2.7040961521366063,0.0081991278494085,0.08891076938936059
COc1cc(F)ccc1C(C)NCc1cccc(=O)[nH]1,-6.954,-6.062,12.094885075931892,2.957323959257762,0.0081095505995552,0.08889794607521846
CC1Cc2ccccc2N1C(=O)CNC(=O)c1cccc(O)c1,-7.719,-5.918,12.095182594735808,2.943271818911736,0.0081170177556769,0.08887197652512603
CNC(CC(N)=O)C(=O)NC(C)C(C)C(C)O,-5.882,-4.368,12.082892782773504,2.829950352921407,0.0082479695390997,0.08885699395317762
O=S(=O)(c1ccccc1)c1c(C(F)F)n[nH]c1-c1ccco1,-6.721,-6.071,12.10482936682711,2.893376746986124,0.008098892864911,0.08884368530258661
O=C(NN=Cc1cccc(OC(=O)C2C3CC2C2CCCC23)c1)c1ccco1,-7.535,-6.211,7.006901811785292,9.667936749896535,0.0080758699171128,0.08878213016905713
O=C(O)CC(NC(=O)C1CCC(=O)N1)C(=O)O,-5.875,-5.253,12.105366000249642,2.787589639814297,0.0081561728650863,0.08877577627610138
O=C(COCCc1ccc(F)cc1)c1ncon1,-6.497,-5.655,12.095429053985644,2.93456112561998,0.0081212662140808,0.08877290554312327
Cc1cccc(-c2nc(N)nc(Cl)n2)c1C,-6.452,-5.123,12.064815705181742,3.0951985396739894,0.0081664755238283,0.08877100399357359
O=C1Cc2cc(S(=O)(=O)NCCCc3nc4ccccc4o3)ccc2N1,-7.516,-5.679,12.107870332969378,2.838130722852632,0.0081156207649492,0.088753211120386
CC(NC(=O)C(C#N)=Cc1ccc(-c2ccc([N+](=O)[O-])cc2)o1)c1ccc(Cl)cc1,-8.54,-6.508,7.383681669736311,9.309417704668752,0.0080440067718919,0.08874388374876571
COCC(C)N(C)CCCCCC#N,-4.971,-3.967,12.04741889368839,3.095323892583779,0.0082556517830801,0.08870870205085145
CNCc1sc(Br)cc1Cc1ccccc1Cl,-5.996,-4.848,12.068602611735958,3.0527115815287886,0.0081783839272637,0.08870680569001324
O=C1NC(c2ccccc2Cl)C(C(F)F)=C1O,-5.893,-5.115,12.085959870858415,2.9625674675861813,0.0081515093398047,0.08868588322983274
Cc1nc(N(C)Cc2cccc(F)c2)ccc1[N+](=O)[O-],-6.967,-5.649,8.294671241224693,8.39675431342373,0.0081048281725814,0.08868022874158098
CC1CC2(CCN(C(=O)Nc3cccnc3)C2)C(F)(F)C1=O,-7.459,-5.329,8.133407035185193,8.552686946217547,0.0081295295623306,0.08866611727841434
CN(Cc1cccs1)c1cccc(C(N)=O)c1[N+](=O)[O-],-6.198,-4.942,12.082393388728908,2.9738370836345416,0.0081623102957774,0.08866362890549792
CN(NC(=O)c1cc(-c2ccco2)[nH]n1)c1ccccc1,-7.043,-5.379,12.086187612311832,3.001671867476524,0.0081244119781436,0.08866151818299296
O=C(Nc1c[nH]c(O)c1)c1cc(-c2ccco2)n[nH]1,-6.576,-5.501,12.111642993417531,2.816235252957395,0.0081087029767186,0.08863256424104338
C#CCNC(=O)c1ccc(S(=O)(=O)Nc2cc(C)no2)cc1,-6.901,-5.443,12.09863810517531,2.927117011668649,0.008109646538052,0.08861071893233254
Nc1cc2nonc2cc1NCc1ccc(Cl)s1,-6.656,-5.143,12.09311233719426,2.9377836884290858,0.008131001520091,0.08858732980130253
CCn1c(CCNC(=O)c2ccccc2)nnc1C(C)C,-6.853,-5.29,12.09204701446368,2.9704962548368923,0.0081154005544196,0.0885708550716394
C=CCOC(=O)C=CCOC(C)CC,-5.184,-4.048,12.094035637453697,2.785744245260142,0.0082151271379781,0.08852896083270106
CCCc1cc(C(=O)N2CCCC(C(=O)O)C2)no1,-7.32,-5.868,12.10574892354868,2.9538657721704284,0.0080568840721743,0.08851901675815929
CCN(CC)C(=O)c1csc(-c2ccccc2OC)n1,-6.335,-4.907,12.092071493338103,2.936117334167693,0.008137344261322,0.08851155822128469
O=C1C=CC(CO)(CCc2c(O)cc(O)cc2O)O1,-6.115,-5.666,12.128528393832452,2.7278660157713026,0.0080695570911642,0.08849494346138044
COc1ccc(Cc2ccc(C(C)=O)o2)cc1,-6.746,-4.894,8.460957569920796,8.225213249515175,0.0081306931193677,0.08846929961929209
O=C(CBr)Cc1ccc2[nH]ccc2c1,-5.813,-4.624,12.110206315335835,2.7539709511902988,0.0081492006063001,0.08844345180364442
CCCC(NCC)c1ncon1,-5.23,-4.559,12.081809342975085,3.0124899999834027,0.0081392954439417,0.08835922768020472
Cc1cc(N(C)S(=O)(=O)c2cccc(C(=O)O)c2)no1,-7.425,-6.009,12.133387119844151,2.785348272658197,0.0080157659164882,0.08835795260990921
CN(Cc1cn[nH]c1)c1nc(N)c2cc(Br)ccc2n1,-6.753,-5.318,12.109141133870724,2.9003327395317937,0.0080729282377971,0.08835179862649473
CC(C)(C)C(=O)NCCCC(=O)N1CCC(c2ccc(C(F)(F)F)cc2)C1,-6.99,-5.31,8.478622588604827,8.219931934024759,0.0080683735236094,0.08832315323371606
O=Cc1ccc(Cl)cc1-c1ccon1,-5.958,-2.184,12.06342521840294,2.8528717111009394,0.0083355769976101,0.08828470423975125
COC(=O)C(Cc1ccccc1)P(=O)(OC)OC,-5.577,-4.602,12.091541589061338,2.965308921512226,0.008121344600606,0.08828186540748514
O=Cc1nccnc1N1CCC(F)(F)C1,-5.317,-4.689,12.094981314578376,2.9560321378496544,0.0081098933820636,0.08826028466458602
CCCNC(C)c1cnnn1CC#CCO,-5.874,-4.64,12.091238274056137,2.982466596627697,0.0081116337326866,0.08824684209850332
CC(=O)OCCOCCOC(C)(C)OCCOCC(C)C,-5.089,-3.803,12.094300723894706,2.8542624266174266,0.0081754732241247,0.08819957649610884
CC(=O)C1NC(=O)NC1c1ccc(C)o1,-5.31,-5.205,12.088356298521315,3.089404797044246,0.008051491865091,0.08818194220019449
CC(NC1CCN(c2ccc(F)cc2)C1=O)c1cccc2c1CCC2,-7.939,-6.068,12.125183627475502,2.930617852945006,0.007974072431453,0.08815501521737418
CCCC(C(C)Br)n1c(CC)c(C)c([N+](=O)[O-])cc1=O,-5.166,-5.133,12.120838791106827,2.840747084835255,0.0080486446176107,0.08813290226974943
CC(=O)Cn1nc(NC(=O)C(C)(C)C)cc1C,-6.86,-4.801,12.113320642994635,2.858175641908663,0.0080766263863835,0.08813131100304286
CC(C)c1cc(C(=O)NCCc2ccno2)n(C)n1,-6.89,-5.596,12.116200146910748,2.9552612405674057,0.0080035483197786,0.08809990934574638
CC1(C)CC1N1CCC(O)C1,-4.595,-3.917,12.084920603793805,2.9905185169130784,0.0081383555269993,0.08805275276166499
OS1(O)CC(c2ncon2)CO1,-5.368,-4.792,12.12251665290669,2.8059942979272066,0.0080593571541039,0.0880328486950978
CC(=O)c1ccc(OCC(=O)Nc2nnc(-c3ccco3)o2)cc1,-7.179,-6.225,12.114878579663934,3.062442489255921,0.0079384163167892,0.0880297624835502
CC(c1ccccc1)C1(C(=O)O)C2CC3CC(C2)CC1C3,-6.403,-5.373,12.143555451349494,2.698694869747226,0.0080082488821935,0.08802261639623345
Nc1ccc2c(c1)C(=O)N(CC(c1ccccc1)C(F)(F)F)C2,-7.101,-6.071,12.149504598953818,2.7583228600002574,0.0079493001669669,0.0880193559156444
CC(C)C(CCN)c1nccc2ccccc12,-5.84,-5.031,12.115578195034688,2.907100617453754,0.008036447379109,0.08801872829497719
O=C(CSc1ncco1)Nc1cc(C(F)(F)F)nc(Cl)n1,-7.348,-5.243,12.0969670579034,3.0810923387655875,0.008014346323351,0.08799590309160944
NC(=O)c1ccccc1N=Nc1ccccc1OC(=O)c1ccc(Cl)cc1,-7.915,-6.3,12.115824610813744,3.0732090719637024,0.0079260911553178,0.08799577504885292
Cc1[nH]c(=O)sc1Cc1ccnc(C#N)c1,-6.315,-5.398,12.104610774411542,3.0476768201369384,0.0079999306335983,0.0879884545722947
COC(=O)C(C)(c1cccc([N+](=O)[O-])c1)C(C)C(C)=O,-6.289,-5.162,12.127165579804709,2.841821247017482,0.0080162822501349,0.08796898533905374
O=C(Nc1ccc(F)cc1Cn1cccn1)N1CCCC1Cn1cncn1,-6.595,-6.449,12.14929771632912,2.847919591561532,0.0079027885594253,0.0879344810637889
CC(c1cccs1)N(C)c1ccc(CO)c(Br)c1,-6.173,-5.01,12.106508827899148,3.00118926427508,0.0080222081687243,0.0879309697817748
O=C1C=CC(=Cc2ccccc2)C2CC(=O)C(Cl)=C12,-6.607,-5.23,12.09347815973552,3.122056213459328,0.0080014009809461,0.08791878665627709
C=CC(=O)OCCOCCOCCOC(=O)C(=O)c1ccccc1,-6.036,-4.735,12.102454833627764,3.0039717042608776,0.008040694008424,0.08790433800932711
CC(=O)ON(OC(=O)COc1ccccc1)C1CC1,-6.05,-5.202,12.126634693928896,2.8753027666664943,0.007999856138957,0.08789733459801868
CCCCSCC(=O)Nc1cccc(OCCC(C)C)n1,-5.444,-4.067,12.109610315778124,2.86568159431574,0.0080910365672668,0.0878666976223675
NC(N)=NN=Cc1cccc(C(F)(F)F)c1,-6.667,-5.284,12.101745493935988,3.088338711993877,0.0079851795171767,0.08785459566287068
C=CCSCCCNC(=O)N1CCCC1c1ccc(F)cc1,-6.265,-4.618,12.122000907440984,2.846776598189608,0.0080394068428723,0.08784284062835283
CC(C(=O)Nc1ccc(Cl)cc1Br)n1cncn1,-6.633,-5.368,12.096740759394656,3.1344450864546984,0.0079756760511267,0.08784111228258422
Cc1nonc1CN1CCC(Cc2ncn[nH]2)CC1,-6.268,-6.194,12.142357061131088,2.9132749612763984,0.0078993963782091,0.08779895937465755
NC(=O)c1ccoc1CNC(=O)C1CCCO1,-6.598,-5.504,12.145604225397763,2.787656542689575,0.0079535914404651,0.08778212686003194
CCCCn1nccc1CN(C)Cc1ncn[nH]1,-5.838,-5.16,12.109950536645474,3.042890237915262,0.0079766097348903,0.08775011150732946
O=C(NCCc1ncon1)C(=O)Nc1cccc(F)c1,-6.868,-4.958,12.146112176330334,2.702982426875913,0.0079934185982657,0.08774895112677468
CCNC(=NCc1cnoc1)NCC1(CC)CC1,-6.095,-5.057,12.133575276891804,2.8447388280824657,0.007982605239108,0.08773541754681864
CC(C)C(C)(C)C(=O)c1cn[nH]c1,-5.138,-4.536,12.103499824430948,3.0206724416924127,0.0080241504233546,0.08772129791466116
CCNC(=O)NCCNC(=O)c1ccc(SC)s1,-6.23,-4.259,12.115282456467948,2.890905394508786,0.0080476265060744,0.08772033133485233
CCc1ncc(C(=O)N2CCC(c3nc(C(N)=O)co3)CC2)cn1,-7.066,-5.524,12.157194988976691,2.701014809289279,0.0079391782771305,0.08771176387247023
Cc1ccccc1NS(=O)(=O)c1n[nH]c(C)c1C#N,-6.761,-5.668,12.118545209718864,3.053236479541013,0.0079266984536473,0.08770903420907486
CCc1ncnc(NCC(F)(F)F)c1N,-5.553,-4.983,12.105564505631284,3.0639050246376764,0.0079837207260098,0.08770728365961505
FC(F)(F)c1cccc(CNc2nc(Cl)ncc2Br)c1,-7.451,-5.699,12.10922660618753,3.1336186749507347,0.0079143108802277,0.08765471447947212
CN(Cc1cccc(C#N)c1)C(=O)c1ccno1,-6.898,-5.35,12.120555927844231,3.0215908061814063,0.0079384531198294,0.08762759691053648
CCCCCCCCCCCCN(C)C(O)CN,-5.202,-3.609,12.09075717231969,3.0235452700431,0.0080863288379926,0.08762636412856444
CCc1noc(CCC(=O)N2CC(CO)CC2c2cn[nH]c2)n1,-7.083,-6.212,12.164389339379106,2.780677795070835,0.0078643579245938,0.08761224375616439
FC(F)(F)c1nnc2n1CC(Cl)CC2,-6.488,-4.994,12.11242292029138,3.042477608791888,0.0079645803751652,0.0876071728620024
O=C(c1onc2ccc(Cl)cc12)n1c(=O)oc2ccccc21,-7.68,-5.932,12.1484928283306,2.8885887557767718,0.0078836647815492,0.08759159888931203
CC(N)c1cc(C(=O)O)c(COCC(F)(F)F)o1,-6.569,-5.53,12.147048159944044,2.849173915365645,0.0079132080561242,0.08757094578776159
CNC(=O)c1ccc2c(c1)CC(C)CN2C(=O)COC,-6.147,-5.576,12.130341709943709,3.001211255476695,0.0079035926750486,0.08753885821215415
Cc1nnc(COc2cccc(Cl)c2C=O)o1,-6.459,-5.652,12.139633725940827,2.941415645569323,0.0078957746308976,0.08753043805049468
CCCCC(CC)CNS(=O)(=O)c1cc(C(N)=O)ccc1Cl,-7.01,-5.058,12.131515198028644,2.9338311130670083,0.0079406121416024,0.0875048055374588
Nc1ccccc1N(Cc1ccccn1)C(=O)c1ccoc1,-6.233,-5.683,12.150918319205342,2.862130849559467,0.0078868389530714,0.0874951126278845
CNc1ccccc1-c1[nH]nnc1N,-5.494,-5.033,12.12918834877256,2.9520353995167468,0.0079408699984197,0.08749468337933075
COc1cccc(C(=O)Nc2ccccc2NC(=O)c2ccccc2C(F)(F)F)c1,-7.621,-6.446,12.154052246061804,2.949194805366373,0.0078201811501047,0.0874723220885993
O=C(Cc1noc2c(F)c(F)ccc12)Nc1cccnc1Cl,-8.006,-5.823,12.166038139016331,2.7568558177750244,0.0078683189726462,0.0874564291946391
CON=C(C(=O)O)c1nsc(C(=O)NS(=O)(=O)O)n1,-7.167,-5.321,12.127946982074088,3.0125354769695245,0.0079079288786611,0.08744562409973271
CC(c1nnnn1C)N(CCCN1CCOCC1)Cc1cccc(Cl)c1,-6.685,-5.507,12.134281272494055,2.9933548069014466,0.0078892916191893,0.08742795225800638
CC(NC(=O)c1ccncc1)c1cccc2c1OCCO2,-7.181,-5.609,12.15913890865632,2.8025606148663407,0.0078788076076335,0.08741662621017462
Cc1[nH]nc(C(F)(F)F)c1C(=O)C1(CO)CCC1,-5.402,-5.287,12.16157666587684,2.736772917141647,0.0079002497694493,0.08738751925422535
CCn1sc(C(=O)N(C)Cc2n[nH]c(C)n2)c1C,-6.158,-5.145,12.154653758951754,2.7832852890065007,0.0079110048301456,0.08738160021259951
Cc1ccncc1C(=O)N1CC(CO)C(O)C1CCc1ccncc1,-7.482,-5.528,12.156810683727867,2.824682814051872,0.0078784709803646,0.08737760925536686
Cc1cccnc1NC(=O)C1CCc2ccccc21,-7.024,-5.599,12.112588162733845,3.173309471198799,0.0078670641495916,0.0873468719677319
CCOCC(=O)N(CC)CCOC,-4.325,-3.372,12.085520510098023,3.103843101704724,0.0080550437511273,0.08734556521877616
CC(C)c1cc(C(=O)O)cc(NCCOCC(F)(F)F)n1,-6.524,-6.179,12.166315835124452,2.8504003227617,0.0078178171138806,0.08733758977015897
Cc1ccc(CNC(C#N)Cc2ccco2)o1,-6.348,-4.967,12.11815476877565,3.0698687268350744,0.0079169306209427,0.08733226385390803
CCOC(=O)c1ccc(S(=O)(=O)Nc2cnc(OCCNC(C)=O)nc2C)cc1,-7.262,-5.559,7.257099833955711,9.468407574666395,0.0078666169107704,0.08732605851907056
O=c1[nH]c(NCc2ccccn2)c(S(=O)(=O)c2ccc(Cl)cc2)c(=O)[nH]1,-7.37,-6.136,12.158756063018949,2.913097663999612,0.0078189564132665,0.08732436719516733
Cc1ccc(Cl)cc1C(O)C1CCc2cccnc21,-6.647,-6.039,12.133861833727956,3.098555469892382,0.0078191608687771,0.08728130925060133
CCc1ccc(C(=O)Nc2c(F)cc(C(=O)O)cc2Cl)o1,-7.144,-5.403,12.144986867016367,2.9399185362863363,0.0078703214985049,0.08727507514397834
N#Cc1ccc(N2CC(Cl)(Cl)C2=O)cc1,-6.456,-4.44,12.150446000044608,2.747111027971021,0.0079502599256171,0.087271990335315
Cc1ncc(C#Cc2ccnc(C#CC3CCN(C4COC4)C3)n2)cn1,-7.696,-5.961,7.497529593139329,9.243253810212073,0.0078207360534836,0.08725453849255499
COC(=O)c1ccc(C(NC(=O)O)C2(C(F)(F)F)CC2)cc1,-6.305,-5.651,12.142212360192024,2.9999116653661657,0.0078460236691214,0.08725378188934368
CC1CC1n1c(CCl)nc2ccc(Cl)cc21,-5.905,-4.809,12.114732890163117,3.110607336196582,0.0079043350814472,0.08718992117557445
CC1N2N(C(=O)c3ccccc3)c3ccccc3C12C,-7.062,-5.647,12.174768786305552,2.73840062810393,0.0078345909306445,0.08718835966507921
Cc1cc(CN(C)Cc2ccon2)n(C)n1,-6.141,-5.439,12.160343333968823,2.8452419932230724,0.007849899265738,0.08717826280291409
COc1ccccc1CC(=O)C1CC(C)CC1=O,-6.46,-5.158,12.14961633139088,2.903741551860289,0.0078692799484855,0.08715682976148509
CCS(=O)(=O)CCN1CCCC(C)C1CN,-5.382,-4.669,12.148916824145273,2.8490996823558143,0.0079040134699569,0.08712355260789326
CC(N)=C(C#N)C(=O)Nc1ccon1,-6.007,-4.919,12.137472636426416,2.9874927614975064,0.007877369335064,0.08709170322759499
C#CCN1C(=O)C2CCCCC2c2cc(F)ccc21,-6.782,-5.923,12.139110593449589,3.09883381290446,0.0077933537226152,0.0870843548268618
NC(=O)CN(CC(=O)Nc1ccccc1)CC(F)(F)F,-5.854,-5.437,12.156330696390256,2.909381721259691,0.0078330121710006,0.08708352595661804
Cc1ccccc1OCC(=O)N1CCNC(=O)C1C(F)(F)F,-7.191,-5.689,12.178775513162233,2.7445265529777627,0.0078120083726477,0.08708178363842696
CC1CN(C(=O)c2ncn[nH]2)CC1CC(=O)O,-7.01,-4.94,12.158953696761904,2.818323792611488,0.0078713444292697,0.0870680507979105
Cc1ccc2nc(C)c(C(=O)Oc3ccc(Cl)cc3F)n2n1,-7.921,-6.336,12.182806819448464,2.8209517897333867,0.00775348622681,0.08704868319176648
Cc1nn(Cc2cccc(Cl)c2Cl)c(Cl)c1C(=O)O,-6.729,-5.392,12.159059955440634,2.895065802360976,0.0078280281831342,0.0870352277389596
Cc1nc(CS(=O)(=O)NCCC(=O)O)no1,-5.972,-4.788,12.14007417605016,2.9666494568789217,0.0078778713396933,0.08703417259225842
Cc1noc(CNC(C)c2cc(C)c(O)c(C)c2)n1,-7.205,-5.807,12.17317337426852,2.834050987544155,0.0077932844983392,0.08703113689956536
NN=Cc1ccc(F)cc1C=CC(=O)O,-6.296,-4.883,12.144662613675196,2.9708051097303576,0.0078526916214008,0.08693863670383417
CS(=O)(=O)c1ccccc1Nc1ncnc(Cl)n1,-6.231,-5.694,12.148353427522595,3.0514707929128204,0.0077816085766333,0.08691446020372029
CCc1cccc(CC)c1NC(=O)CCn1c(=O)oc2ccccc21,-7.668,-5.883,12.159274197089232,2.9979949966602675,0.0077640419249546,0.0869022530468856
NC1=Nc2ccccc2C(c2ccccc2O)C1,-6.774,-5.691,12.153457491594729,3.017627047863934,0.0077795063888864,0.08690135316873364
COC(=O)CN(Cc1ccc(C#N)cc1F)C(C)C,-5.666,-4.834,12.164774967092486,2.805550748070688,0.0078495326052548,0.08689863203861582
Cc1ccccc1CN(C)S(=O)(=O)c1cccnc1C(=O)C(F)(F)F,-6.968,-5.443,12.146185162428573,3.045438720447351,0.007796277231078,0.08688182487097344
COc1cc(N(c2ccccc2)C2CC2)nc(C)n1,-6.926,-4.71,12.140423962942974,2.998708555361791,0.0078555826153506,0.08687508706634206
CC1CCN(C)C(c2ccc(C=O)s2)C1,-5.778,-4.01,7.410301140979359,9.30953301728932,0.0079141453591951,0.08687447757173024
CCCCCS(=O)(=O)Cc1nc(CC2CC2)no1,-5.772,-5.145,12.162051183908083,2.888323735317771,0.0078172981064782,0.08686253620096698
O=C(C=CCN1CCOCC1)Nc1cccc(Cl)c1,-6.428,-5.403,12.147087922625737,3.043811426484893,0.0077929857340137,0.08684522312590487
CCN(C(=O)COC(=O)c1ccccc1N)c1ccc(C)cc1,-6.469,-5.047,12.151566318791993,2.9675843711679035,0.0078209081910945,0.08683769753085994
Cc1noc(C)c1S(=O)(=O)NC(C)c1nnc(C(F)F)o1,-7.195,-6.289,12.166141253495292,3.0171925692603705,0.0077183675351444,0.08683006711637042
O=C(C1CCCCC1)N1N=C(c2cccnc2)CC1c1ccccc1,-7.592,-6.154,12.170211707279377,2.977537573230605,0.0077240997127734,0.0868012068681965
O=C(CSc1nncn1-c1ccccc1)NCC1CCOC1,-6.565,-5.343,12.16414481169967,2.918364096544501,0.007789558276025,0.08679873266691304
O=C(O)c1ccccc1C1CC2C=CC1C2,-5.958,-4.921,12.164593416962196,2.86904374313115,0.0078158462680655,0.08675185572294608
CC(C)(C)OC(=O)c1nc(-c2nn[nH]n2)no1,-7.342,-5.391,12.162580688324333,2.952336532307928,0.0077766864973942,0.0867488831575892
CC#CCC(=O)C1CCCCC1CC,-5.664,-4.274,12.159475564348982,2.818363177448924,0.00786875655918,0.08674692158215364
O=C(O)C1CCCN1C(=O)c1ccncc1,-6.271,-4.793,12.168071128983426,2.824533589816202,0.0078233025251883,0.08673450707041733
Cc1c(CC(=O)Nc2c(C(=O)O)cnn2C)c(C(C)C)nn1C,-7.086,-5.736,12.155123775593566,3.057254487281031,0.0077448045027589,0.08672776420677435
CC(=O)Nc1cccc(NC(=O)c2cnn(-c3ccc(-c4nc5c(o4)CCCC5)cc3)c2C(F)(F)F)c1,-7.834,-6.896,7.342432975519763,9.42989448509367,0.0076513383648395,0.08672509992432387
CCOc1cc(C(=O)Nc2ccc(CCC(=O)N(C)C)cc2)cc(OCC)c1OCC,-6.587,-5.3,7.277556389338389,9.466735498576057,0.0077778163561585,0.08671366773907616
CCCC1COC(C)C(=O)N1,-4.645,-4.154,12.156383096957748,2.8400808087094984,0.0078721921885976,0.0867104475037748
CC1CCCN(Cc2ccc(Br)cn2)C1C(=O)O,-6.16,-5.06,12.157534824132728,2.963880901790758,0.0077941008518675,0.08669469148891036
CCCCCCCCCCOC(=O)NC(C)C=O,-5.15,-4.254,12.172273945323443,2.7126562627800817,0.0078592166736202,0.0866850958637542
Cc1cc(NC(=O)n2c(=O)cc[nH]c2=S)no1,-6.221,-5.375,12.17206017895081,2.909607189982867,0.007756257294665,0.0866275762947712
CC(=O)N(CC(=O)N(Cc1cccc(C)c1)Cc1ccco1)CC(C)C,-6.704,-5.155,12.161083422129789,2.969537674453718,0.0077733097353326,0.08662236695047018
CCCC(C)(N)C(=O)N1CC(CC(=O)O)C1,-5.513,-4.571,12.156322881529595,2.932834294671283,0.0078190549614593,0.08660905055134796
O=C(Nc1n[nH]c(-c2ccccn2)n1)c1ccc(F)cc1C(F)(F)F,-7.524,-5.927,12.195168633520408,2.7961827551145517,0.0077066571070335,0.08660042931436418
O=C(O)c1ccsc1NC(=O)C1CC1(Cl)Cl,-5.728,-5.077,12.191595916860106,2.7070120058839784,0.0077675255028008,0.08655452703768095
COC(=O)N(C(=O)O)c1ccc(Cl)c(N)c1,-5.592,-5.061,12.18229801802599,2.802896359125681,0.0077654209451033,0.08653549606613531
COCCN(Cc1ccco1)Cc1cn[nH]c1C,-5.706,-4.828,12.159269920517431,2.965967295841274,0.0077843545129286,0.0865343553941686
COc1ccc(Br)cc1C(=O)N1CCCC1c1nccn1C,-6.558,-5.727,12.162672485930056,3.054350994892369,0.007710329118494,0.08653043807699012
CC1CN(c2nccc(C(F)(F)F)n2)CC(C)S1,-6.835,-5.318,12.129913561109989,3.2261619612164543,0.0077401716951378,0.08651175978905967
Cc1noc(CCC(=O)NC2CCOC(C3CC3)C2)n1,-6.943,-5.46,12.169358282177411,2.9836638550614243,0.0077243689184215,0.08648794797607365
CC(CN(C)C1c2ccoc2CC1C)C(=O)O,-5.827,-4.364,12.16423487112938,2.8834800155367817,0.00780941124714,0.08646055254488244
Nc1cnc(C2CCC(=O)N2c2ccccc2Cl)cn1,-6.943,-5.305,12.159544933919197,3.047236617002362,0.0077302406594087,0.08645032858521362
CC(C)(C)OC(=O)NC(Cc1ccccc1)C(=O)Nc1ccc(S(=O)(=O)Nc2ccc(Cl)cc2)cc1,-7.638,-6.28,7.464480356997399,9.31073031507196,0.0076513583351396,0.08644827292640932
CCCC(=O)N1CCC(c2c[nH]c3ccc(OC)cc23)CC1,-6.864,-5.395,7.473939857933029,9.288474255764507,0.0077136206301863,0.08639823438207789
Nc1ncnc2cnc(OCCCP(=O)(O)O)nc12,-6.313,-5.39,12.196442514110416,2.7862392216032,0.0077055817350591,0.08635093189831458
Cc1nc(-c2cn[nH]c2C(F)(F)F)oc1C,-7.001,-4.977,12.140796720149794,3.1632208269420587,0.007737350371584,0.08634066013543464
O=C(Oc1ccc(N(CCCl)CCCl)cc1)c1cc([N+](=O)[O-])cc([N+](=O)[O-])c1,-6.579,-4.772,8.28946041669782,8.473352170186248,0.0077536390682006,0.08633788068474944
Cc1nc(CN2CCN(C(=O)CCn3ncc(C)c3C)CC2C)no1,-6.988,-6.033,12.170356239650506,3.088809803144247,0.0076496932890888,0.08632758299992867
CC(C)CCOC(C)C(=O)NCCOc1ccc(Cl)cc1,-5.832,-5.392,12.200873821165434,2.75601814217541,0.0076992799013235,0.08631652223415458
CCN(Cc1cscn1)CC1(N)CCC1,-5.09,-4.207,12.17355305570235,2.832166838305964,0.0077924512424362,0.08629451795764208
CCOC(=O)CC(=O)N(c1ccccc1)C1CCCC1,-6.144,-4.95,12.175023819278548,2.9344106733720823,0.0077272617062357,0.08627204947886914
Cc1ccc(OCC(=O)NC2(CN)CCCC2)nn1,-7.176,-5.558,12.19819253004313,2.8298024666043387,0.0076746296497912,0.08625341365900138
COC(=O)c1cc(C(=O)O)ccc1NC(=O)c1coc2ccccc12,-7.185,-5.914,12.208135402263526,2.795654306240312,0.0076447252177177,0.08624589785645945
O=C(CNCC1CC1)NCCC(=O)N1CCOCC1,-6.225,-4.682,12.176453054974589,2.899412699151329,0.0077408990814932,0.0862258236351603
C=CCN1C(=O)CC(=O)C1Sc1cccc(C(=O)O)c1,-6.712,-5.38,12.155809351910715,3.1477917656668466,0.0076767109138712,0.08618448117512399
O=C(NC(CBr)c1ccccc1)c1ccccn1,-6.928,-5.255,12.15401271185776,3.1499133321410606,0.0076837466183174,0.08616727492188386
CCCC(C)OCC(=O)N(C)CCNC,-5.076,-4.205,12.1805117298084,2.8161450601842226,0.0077671564507662,0.0861534280192891
CC1Cc2c(NC(=O)CC(C)(C)C)cccc2C1=O,-6.193,-5.837,12.198290781908751,2.9040946954257536,0.007633303290478,0.08614673885502337
CN(Cc1ccccc1N)C(=O)c1ccco1,-5.816,-5.031,12.204313868464707,2.72434010358472,0.007697936806051,0.0861450262393278
COCC(C)NC1(c2ncnn2C)CCCC1,-5.524,-5.074,12.183896256945069,2.921310322440942,0.0076922705851683,0.0861328558793745
Cc1cccc(C(=O)c2cc(Cl)ccc2-n2c(C)ccc2C)c1,-7.112,9.433,11.90344378740875,3.036502758108413,0.0090804466547444,0.08612380866844051
CCOC1CC(Nc2ccc(Cl)cc2[N+](=O)[O-])C1,-5.976,-4.545,12.147968513294725,3.1238786788222104,0.0077321724467452,0.08611464570897255
CC(N)C(Cc1ccccc1)c1ccccc1,-6.824,-4.878,12.151262074369066,3.142961183342868,0.0077021695071565,0.08609910006280015
CCC(c1nc(C(C)C)no1)N1C(=O)C2CCCCC2C1=O,-7.297,-6.201,12.203924737558816,2.938541474949776,0.0075865152678791,0.08604575156360299
CN(C)P(N)(=O)N(C)Cc1ccc(ON)cc1,-6.414,-4.76,12.142245138358886,3.2035508424247,0.0076989077261316,0.08602715677219187
CCCC(CC(=O)O)Nc1cccc(CC#N)c1,-6.817,-5.076,12.173569115095212,3.0319605868150727,0.0076729446175171,0.08602549584173665
O=C(O)c1cc(-c2ccc(F)cc2)cc(F)c1F,-7.431,-5.686,12.190090770785917,2.9864376772335297,0.0076232012702332,0.08602166220837111
Cc1cc(N(C)C(=O)CSc2nnc(-c3ccco3)n2C)no1,-6.643,-6.005,12.207815447491004,2.900975353221741,0.0075897693939108,0.0859762199182192
CCCN(C)C1CCN(C(=O)c2cn[nH]n2)C1,-6.429,-4.908,12.17767572240286,2.9969759758796863,0.0076759138509732,0.08596585411797439
COC1CC(OCc2ccccc2)C(COC(C)=O)O1,-6.518,-5.282,12.177786662608275,3.0453100006403298,0.0076439004750128,0.0859557793423139
COCCCS(=O)(=O)c1cc(C)c(OC(F)(F)F)c(OC)c1,-5.575,-4.797,12.198231265228578,2.8164426143630195,0.0076814624992217,0.08594646140883261
O=C(O)C(c1ccc(Br)cc1)N1CCCCC1=O,-6.783,-4.653,12.146723220687957,3.1889713074908648,0.0076888646845451,0.08592232759530119
CCCC(C)(NC(=O)c1ccc(Cl)cc1N)C(N)=O,-6.672,-4.82,12.167561218255695,3.072704834506562,0.0076742628450958,0.08591662694842718
Cc1ccc(S(=O)(=O)Cc2ccccc2C)cc1F,-7.032,-5.166,12.210808900314507,2.767702838095159,0.0076459125241784,0.08591458573397423
Cc1cnn(C2CN(CC3CC3)CC2O)c1,-6.189,-5.321,12.15965645073906,3.181181227154467,0.0076329853086715,0.08591201743913228
Brc1ccc(CCNCc2ccno2)s1,-5.881,-4.932,12.18115384518232,2.991849762270826,0.0076624908331912,0.08590154861684711
CC(CCN)(COCC(F)(F)F)NC1CC1,-5.368,-4.434,12.170684039937935,3.0087499065226404,0.0077019640513485,0.08589564033182485
CC(OC(=O)CNC(=O)Cc1ccccc1F)C(=O)Nc1ccc(Cl)cc1,-7.084,-5.9,12.214167552477738,2.858476167471053,0.0075831442093289,0.08589153638637756
Cc1ccnc(C(=O)N(CC(N)=O)c2ccccc2N)c1,-6.564,-5.745,12.208540043756257,2.8879136067410323,0.0075936742083962,0.0858814515025541
Cn1c(SCC(=O)c2ccc(OC(F)F)cc2)n[nH]c1=O,-7.034,-5.06,12.196973149105478,2.890316591655661,0.0076474136108276,0.08587500686175065
CC(COCc1nocc1C(=O)O)C(=O)O,-6.013,-5.18,12.196827374362565,2.9098264553062267,0.0076370006778002,0.08587083629633276
Cn1nccc1C1OCCCC1CN,-5.209,-4.429,12.186230631331414,2.899968792935539,0.0076934233484137,0.08584572258231292
CC1C(=O)OC(c2cccnc2)C1(O)c1ccccc1Cl,-7.051,-5.464,12.206269331781929,2.881230813385141,0.0076081812458945,0.08583682412723823
CCNC(=O)NC(=O)CSc1nc2ccccc2n1CC,-6.747,-5.698,12.216707985378058,2.8276812055109755,0.0075874433440252,0.0858250729453487
C=CCC(NC(=O)N1CCCCC1)C(=O)c1cccc(N)c1,-6.362,-5.317,12.171210868274365,3.132960740258327,0.0076140733169917,0.08580371490866262
CNC1CC(c2cccc(CN=[N+]=[N-])c2)C1,-6.696,-5.247,12.185617136608224,3.02563993231184,0.0076195158367255,0.08580275553626562
CCn1nc(C)c(C(N)=O)c1Nc1cccc(C(=O)O)c1,-7.087,-5.516,12.211192980212868,2.8604634239926927,0.0075961787882488,0.08579251802663868
CC(C)CC(=O)NC(C)c1nc(C(C)C)no1,-6.365,-4.729,12.178002915092442,3.026485916041903,0.00765530661773,0.0857691368633358
CCOc1ccc(OCCn2cnc(C)n2)cc1,-6.342,-4.631,12.211835775181386,2.724236039699937,0.007661883454767,0.08576143972052085
CC(C)C(=O)Nc1ccc2ccccc2c1S(N)(=O)=O,-6.805,-5.529,12.198627340811752,2.976071571720008,0.0075890430085091,0.08575806534383354
COc1ccc(NC(=O)c2ccc(NC(C)c3cc(C)on3)nc2)cc1,-7.582,-5.873,7.849824265548879,8.951333531938133,0.007557815955754,0.0857358660673094
O=C(O)C1(CCCOCC(F)(F)F)CCOC1,-5.916,-4.405,12.20072133113448,2.8117683048217184,0.007671946810597,0.08571488948406283
CCC(C(=O)N(Cc1ncc[nH]1)C1CC1)n1cccn1,-5.918,-4.525,12.193267773652805,2.899249213158469,0.0076600730521874,0.08570311904967365
Cc1nnn(Cc2cccc(C(N)=O)c2)c1C,-6.93,-5.501,12.19539835347743,3.0127882434714857,0.0075813435335875,0.08570195047200727
Cn1ccnc1CNN,-4.691,-3.947,12.1658973775057,3.0362987336558303,0.0077069375629285,0.08570084344333857
O=C(CF)NC1CCCC1,-4.807,-3.881,12.164803122122445,3.037724971092676,0.0077112585329517,0.0856946541464217
CCC(C)NC(=O)COC(=O)CSc1nc(C)cc(C)n1,-6.064,-4.814,12.19464554630433,2.932133353038364,0.0076344262039932,0.0856906231590392
COc1ccc(CN2C=CN(N)C2c2nc(C)no2)cc1,-6.986,-5.318,12.2104409830276,2.883380481310089,0.0075871799634832,0.08565249966130181
CN(Cc1ccn(C)n1)C(=O)C1(c2cccc(Cl)c2)CC1,-6.503,-5.282,12.175485247003506,3.14173009661874,0.0075873527734707,0.08563724925664833
CC1CC1C(=O)NC1CC(=O)N(C(C)(C)C)C1,-5.922,-4.337,12.198860397594522,2.8495111861510565,0.0076608969659698,0.0856221913429068
CCCCCCCCC(=O)OC1C(=O)OC(=O)C1C,-6.238,-3.954,12.183231344762358,2.926930986545463,0.0076921593775431,0.08562183713905568
O=C(O)CCN1CC(=O)NN1c1ccccc1,-6.69,-4.834,12.20540953839731,2.8667035075152083,0.0076202803883838,0.0856202549507416
Cc1cccc(C(=O)CN2C(=O)CCN(C)C2=O)c1,-6.761,-5.801,12.179814571659128,3.175862402560917,0.0075414600709726,0.08561078290938179
CC(=O)c1cccc(C)c1Sc1ccccc1,-5.993,-4.858,12.211663031708664,2.829733026276507,0.0076103283181522,0.08557518631297602
CC(C)CN1CCC(NC(=O)c2ncoc2C(=O)O)CC1,-6.512,-5.589,12.201863996947353,3.021054451677428,0.0075454899671,0.08553856285777786
Cc1nc(NCCNC(=O)NC2CCCCC2)ccc1Br,-6.441,-5.095,12.214898525980477,2.8818502736957035,0.0075669193689109,0.08543763714341815
CCC(C)CC(C)NC(=O)c1ccnc(C(F)(F)F)c1F,-6.698,-4.783,12.214401499868911,2.8406937532933743,0.0075915422011966,0.08543560095353118
COc1cccc(CN(C)C(=O)C=Cc2ccco2)c1,-6.948,-5.521,12.21452602436951,2.946464491555939,0.0075317583404577,0.08543019851576517
COc1ccc(S(=O)(=O)N2CCCC(CO)C2)cc1,-6.696,-4.805,12.210877691632165,2.876831764285148,0.0075887308023206,0.08542972287684092
Cc1cc(NC(=O)CCc2cccc3ccccc23)ccc1N1CCN(C)CC1,-7.791,-6.51,7.007883132587186,9.795340014517109,0.0074542239156677,0.08542951642662044
CCN(CC(=O)N(Cc1cccc(Cl)c1)C(C)(C)C)C(C)=O,-5.843,-4.749,12.215000859598824,2.844844811233119,0.0075864964521939,0.08539183689710081
CC(=NNc1ncccn1)c1ccc(OCc2c(C)noc2C)cc1,-7.337,-6.806,12.23727526862087,2.948074965125548,0.0074244958845985,0.08539003615200554
COc1ccc(F)cc1-c1ccc(N)nc1,-6.106,-5.148,12.196408979695622,3.047907314863757,0.0075537403972309,0.08538706071099675
CCN(Cc1cc(C(=O)O)n[nH]1)C(=O)NCc1ccco1,-6.777,-4.775,12.174966899338989,3.152453171737846,0.007581898999316,0.08537770680082503
COC(C)(C)CC(=O)Nc1ccn(Cc2ccco2)n1,-6.378,-5.027,12.216787179942196,2.8767450356262025,0.0075608034834198,0.08537246943057414
COc1cc(OC2CCC(NC(=O)CCc3ccco3)C2)ccc1C#N,-7.282,-4.931,7.492872613357308,9.301095956928949,0.0075652336937577,0.08535419857733938
FC(F)(F)C1C=CN=CC1,-4.135,-3.987,12.186529202361106,2.9882558458070494,0.0076390495587779,0.08534077084131086
CC1(Sc2ccccc2)CC1=C(C#N)C#N,-6.022,-4.568,12.191139569375784,3.030927415825064,0.0075898246670889,0.08532869560396808
CCC(Oc1ccc(C)c(C)c1)C(=O)OC,-5.868,-4.78,12.208830410813317,2.9229124174357337,0.0075724063522473,0.08532650058370816
O=C(O)c1cc(Br)ccc1NCc1ccc(F)c(Br)c1,-7.618,-5.403,12.203766180978723,3.043875161697667,0.0075217363787734,0.08532043260683272
CCOc1ccccc1NC(=O)c1cc(F)c(=O)[nH]c1N,-6.51,-5.395,12.238455131265548,2.752879401644758,0.0075220513520509,0.08531863066608862
COCC(C)Nc1nc(C)cc(C)n1,-5.612,-4.488,12.194564731879527,2.998868119807871,0.0075941297309686,0.08531667107343797
Cc1noc(C)c1CC(=O)N1CCC(C)(O)C1,-6.563,-5.565,12.2465189339665,2.7074190661957003,0.0075052480625919,0.08529941621333405
CCC(Nc1nc(C)nc(C)c1C(C)=O)c1nn[nH]n1,-6.855,-5.793,12.216597316765418,3.005767955115631,0.0074859748130678,0.0852916944608042
CCCCCNC(=O)C(C#N)=Cc1c(C)[nH]oc1=O,-6.826,-5.376,12.230941909763123,2.8501080681265405,0.0075085123703489,0.08523329815208458
CC(C)(C)c1coc(CNS(=O)(=O)Cc2ccccc2Cl)n1,-6.206,-5.104,12.23573491867162,2.7672508017886632,0.0075279480230119,0.08522138637600285
C=C(NC(=O)c1ccco1)c1cccc(C)n1,-7.06,-5.683,12.2303201511653,2.913289206378247,0.0074768534094944,0.0851906125829364
c1cc(CN2CCOCC2)no1,-5.029,-4.148,12.1971885695024,2.978242098957033,0.0075945335029586,0.08516482407360364
O=P1(Cl)C=CN=N1,-3.636,-3.597,12.186303869508588,2.990532561267307,0.0076386965408872,0.08516100861549192
C#Cc1cccc(NC(=O)C2CCN(C(=O)c3ccn(-c4ccccc4)n3)CC2)c1,-8.307,-6.551,7.310159574181675,9.514663315115254,0.0074009172617489,0.08514164045911675
Cc1c(Cl)cccc1S(=O)(=O)C1C(C)OC(=O)C1C,-6.041,-5.159,12.2218350504333,2.9265360069542963,0.0075090287065755,0.0851389124584332
CCc1ccc(Nc2ncnc(-c3ccc(Cl)c(Cl)c3)c2C)cc1,-7.54,-5.54,7.269808663231791,9.537183703798515,0.0074784528803063,0.08513584043544722
CC(N)C1CCN(CCSCCCO)C1,-5.03,-4.009,12.200628057604249,2.9414683408121194,0.0076004298741842,0.08513476778044182
CC(=O)N(C)N=NC1CC1,-4.72,-3.698,12.187859943402698,2.9993467622133987,0.0076257144767555,0.08513465127606411
Cc1cc(Cl)cc(Cl)c1OCc1ccc(C(N)=O)o1,-6.878,-5.303,12.213247561561994,3.0239055871504976,0.0074901812610007,0.08509650704209355
O=C1C2CNCC2CN1c1ccon1,-6.266,-5.289,12.220589265661456,2.9739712507016605,0.0074868643235421,0.08507139471530491
CC(=O)c1cc(C)n(Cc2c(C)ncn2-c2nonc2C)c1C,-6.878,-6.147,12.229824651236829,3.016616150589929,0.00741757497962,0.08505834799707743
COCCC(C)NCc1ccc(Cl)c(C(F)(F)F)c1,-6.394,-4.593,8.039458563858638,8.767422597320149,0.0075390268337673,0.08505394335757505
CCC(C)CS(=O)(=O)Nc1cccc2cc[nH]c12,-6.243,-5.621,12.218242344952897,3.039585662553369,0.0074567741544192,0.0850484932329549
Cc1cc(CNCc2nc(C(C)C)no2)on1,-6.851,-5.155,12.23305579158372,2.872613096119977,0.0074865613429868,0.08500965504112797
O=C(CN1CCOCC1)NC1C(=O)N(c2cccc(Cl)c2)C(=O)C12CCCCC2,-7.327,-6.011,12.241554027165016,2.924313594674825,0.0074183214439207,0.08500226379518434
N#Cc1cnnc(Cl)c1NC(=O)Cn1cnnn1,-5.977,-5.932,12.230343821822837,3.00416377715996,0.0074229329914203,0.08499358524563003
CC1CCCCC1NC(=O)c1c(Cl)cccc1Br,-5.641,-5.337,12.211055482635398,3.077284679713594,0.0074653889825572,0.08497075598308221
COC(=O)c1cn(CCc2ccncc2)c(=O)[nH]1,-6.181,-5.185,12.222635926836732,2.974585181163922,0.007476923172571,0.08496834882720732
OCCCSc1ccc2c(c1)CNCC2,-6.049,-4.997,12.240113316468928,2.806218273762752,0.0074881803023641,0.08494801616081195
Cc1ccccc1NC(=O)C1=NN(C)C(=O)CC1,-7.159,-5.309,12.209618093945444,3.091672201252908,0.0074623204715673,0.08494077719081475
CC(=O)CCSCc1ccccc1C(F)(F)F,-5.793,-4.949,12.223445422629416,2.9457776562395206,0.0074902942915795,0.08493847344554792
CCC(NC(=O)c1ccc(Cl)cc1)(C(=O)NC1CC1)c1ccccc1,-7.304,-5.427,12.238336283988932,2.8909323755494527,0.0074519206624466,0.0849342570307831
CNCC(=NN=C(C)CC(=O)Nc1ccccc1Br)C1CC1,-6.305,-5.222,12.233481720262631,2.9093569736283653,0.007464308629022,0.08491319141642029
Cc1ccc(N(CC(=O)N2CCCCC2)S(C)(=O)=O)cc1,-6.708,-5.515,12.230259195945113,2.9790577369362947,0.0074386894532786,0.0848980586619389
O=C(c1cc2c(s1)CCCC2)N1CCCCCC1,-4.847,-3.595,12.213803748218652,2.8480272119486503,0.0075904779877058,0.08489088785719272
CCCCN(CC(N)=O)C(=O)NC(C(N)=O)C1CCCC1,-6.497,-5.267,12.242780934085197,2.8457689646209863,0.0074554375015583,0.08488282898673645
CC(NC(=O)C1CCCC1CO)c1ccc(C(N)=O)o1,-7.477,-5.351,12.240775057160391,2.8780064280678737,0.0074476186516145,0.08487581535925351
COc1cc2nc(CS(C)(=O)=O)nc(Nc3ccc(Cl)cc3)c2cc1OC,-7.397,-5.322,12.234528760847311,2.9284936400818764,0.0074485749874575,0.08486831632719576
CC(=O)C1(C)Cc2ccccc2C1=O,-6.199,-4.962,12.222143019945396,2.9814172804221823,0.0074750816914039,0.08485800203913879
Cc1noc(C)c1CN1CC(C)c2[nH]c3c(c2C1=O)CCNC3,-6.366,-6.396,12.246392856674165,2.987854916156405,0.0073587767693319,0.08483051819777562
CCOc1cc(C)oc1CNc1ccc(F)c(C)c1,-6.881,-5.028,12.213641594545011,3.0608616433938995,0.0074642994530955,0.08482633196417723
CC(C)C1CCc2nnc(C(=O)NC(C)C(C)C)n2C1,-6.855,-6.011,12.254391008940429,2.873660731540868,0.0073868407768911,0.08482171264622834
Nc1cccc2c1ccn2C1CCC(=O)NC1=O,-6.586,-5.246,12.245269780613247,2.841052445837634,0.0074463075573606,0.08482146039200085
O=C(O)c1cc(Nc2ncccn2)n[nH]1,-6.103,-5.003,12.222767648941051,2.993722766055668,0.0074646291615036,0.08481701217944658
CCOC(=O)CSc1nnnn1CC(=O)NCc1c(C)noc1C,-6.238,-4.855,12.221903697869658,2.9845366474546764,0.007474297479032,0.08480558562465822
O=C(O)c1cc(C(=O)N2CCc3nc(-c4cccnc4)[nH]c3C2)ccc1O,-8.44,-6.162,7.397577170939144,9.43581676379952,0.007371711043259,0.08480161046076476
Cc1ccccc1C(=O)Nc1ccon1,-6.298,-5.265,12.217475557577352,3.070513637813713,0.0074400275916917,0.0847941671351939
O=C1CCCCC(=O)N1Cc1ccc(F)cc1,-4.926,-3.798,12.186936776729418,3.115310738915141,0.007552252407264,0.08476892718197462
O=S(=O)(Nc1ccc(CCNC2CC2)cc1)c1ccc(F)cc1Cl,-7.191,-5.567,12.228062561174603,3.0402488384999025,0.007410723853194,0.08476145572137275
CCCCNC(=O)C1C=CC=CN1C(=O)CCl,-5.733,-5.037,12.24179280171005,2.8629931889545244,0.0074509458905302,0.08475444673730065
O=C(C=CNc1nccnn1)c1ccccc1,-6.674,-5.378,12.2303494635272,3.0029137516751967,0.0074236809167312,0.08475133726058039
CCCCOc1cc(NCc2nc(C)no2)nc(C)n1,-6.367,-4.899,12.24296250913152,2.8358434371452885,0.0074597565262364,0.08474276052805813
CC(C)(NCC(O)COCc1ccccc1)C1CC1,-6.099,-4.001,12.230589437962506,2.8135893445917084,0.0075291404653116,0.08473094313347179
CCC(CO)NC(=O)c1cccc(C2CC2)c1,-6.828,-5.182,12.226851516232625,3.017726793465571,0.0074306715920751,0.08470379888855106
COC(=O)c1n[nH]c(CCC(F)(F)F)c1I,-5.232,-5.008,12.24030743077967,2.894099168998879,0.0074410050130579,0.08468492608314376
COCc1nc2cccnc2n1C1CCCC1CN,-5.688,-5.28,12.23150559007353,3.0083447275869166,0.0074149511808391,0.08465783278558575
O=C(O)c1cccc(C2(CCO)CC2)c1,-5.863,-4.566,12.213051052050837,3.0568756925985725,0.0074696907635299,0.0846498006999131
O=C(CNCCCn1ccnc1)c1ccccc1F,-5.996,-5.182,12.226220429879383,3.039333644073977,0.0074198495030636,0.08464209477168894
CC(=O)C1(C)CCC(C)(C(=O)O)O1,-5.333,-4.521,12.229532166031538,2.937311355644818,0.007466783367223,0.08461312407277592
Cc1onc(N2CCOCC2)c1CN,-4.938,-4.352,12.22775257355169,2.929295478438459,0.0074797242032492,0.08461043956491839
O=C(Nc1cnccn1)c1cc(Cl)ccc1Cl,-6.298,-5.138,12.24523829902873,2.897516350255853,0.0074162304967751,0.08460182918285479
CCCN1C(=O)CSC1c1ccc([N+](=O)[O-])cc1Cl,-5.702,-4.569,12.226547386731871,2.970999158532362,0.0074608264382545,0.08460090461559124
c1cc(NCCC2CC2)[nH]n1,-5.263,-4.365,12.21058524395944,3.063336253172348,0.0074769263479013,0.08460045902231787
CCn1nccc1C(=O)Nc1nnc(-c2csc(C)n2)s1,-6.972,-5.272,12.244341305272409,2.924303164858254,0.0074054163332837,0.08459982204283109
NC1CCC1NCCc1ccc(F)cc1,-6.404,-5.099,12.23299190713376,2.9914927711762904,0.0074184477553463,0.08459707724597756
CCCN(CCCC(C)=O)Cc1cccc(Br)c1,-5.956,-4.111,12.191046099494498,3.165916612925868,0.0074961422335156,0.08459466844325209
CC(O)c1nsc(-c2ccc(F)cc2F)n1,-6.713,-5.136,12.232390036292989,3.008107378402573,0.0074110012288691,0.08457110540752506
CC(CC(N)=O)NC(C)C(=O)Nc1c(Cl)cccc1Cl,-6.438,-5.279,12.260738313821072,2.79235044362272,0.00739911199752,0.08456691990397734
Cn1cnnc1CC(C)(C)CCC(=O)O,-5.458,-4.861,12.232270189952477,2.9938451863782136,0.0074203552885228,0.08450169009429931
CC(=O)N1CCC(C(=O)NC(C)C(F)(F)F)C1,-6.483,-5.765,12.2594594905322,2.8989718867212217,0.007349813827708,0.08450006779232024
CCC(N)c1nnc(-c2cccc([N+](=O)[O-])c2)o1,-7.17,-5.96,12.244023440029832,3.0449259432702136,0.007334184513434,0.08449633217786956
COc1cc(C2CCCC2=O)ccn1,-5.927,-4.968,12.256032351458607,2.813075896594332,0.0074106252279133,0.08449402862649383
Cc1ccc([N+](=O)[O-])c(C(=O)NCCC(C)C)c1,-6.358,-5.2,12.249207811119868,2.907667965913577,0.0073922461976694,0.08449251794027283
Nc1cc(Br)nc(Nc2cc(Cl)cc(Cl)c2[N+](=O)[O-])n1,-6.578,-5.929,12.266198514617312,2.8675081516885004,0.0073357866020137,0.08449186811731665
Cc1nonc1Cc1nc(-c2cnn(C)c2)n[nH]1,-7.392,-6.481,12.254530998777556,3.0374841563372805,0.0072908926635498,0.0844756664583808
CC(=O)ON=C1CN=C(c2ccccn2)C1,-6.206,-5.459,12.259388769428922,2.8745027396055827,0.0073633557464996,0.0844422310199534
Cc1onc(-c2cccs2)c1-c1nnc(SC(C)C(=O)NCc2cccc3ccccc23)o1,-6.239,-6.833,7.93589906689847,8.932278208833399,0.0072529818838259,0.08440977565602938
CCN(c1cccc(Cl)c1)C(C)C(=O)NN,-6.093,-4.713,12.217738702394977,3.105724070164637,0.0074149108269588,0.08440456154862318
Fc1ccccc1C(C=Cc1ccco1)c1nnc(-c2ccc(Cl)cc2Cl)o1,-7.978,-6.438,7.518856096508298,9.337655540873202,0.0072783156833052,0.08438390636449097
CC(CC(=O)O)NC(=O)N(C)Cc1ncn[nH]1,-5.862,-5.267,12.25329869871783,2.9197275557832456,0.0073666487499825,0.08437586920151023
Fc1ccccc1-n1cncc1CNCc1ccsc1,-6.033,-5.095,12.232589832083802,3.0573226849647384,0.0073787418406721,0.08436859831974573
CC(NC(=O)C1CC=CC1C(F)(F)F)c1ccc(F)cc1,-7.628,-5.811,12.26541034780329,2.907944634961265,0.0073176181582766,0.08433509853775693
C=C(Cl)CNC(=O)CNC(=O)CC1=CCc2ccccc21,-6.84,-5.705,12.274852096868624,2.8114005406558498,0.0073248043039823,0.08432966887121908
Cc1n[nH]c(C)c1NC(=O)CCC1(O)CCCC1O,-6.85,-4.998,12.22922601802747,3.0798009675951468,0.0073794132008272,0.08432926240840677
O=S1(=O)CCSCC1c1cccc(Cl)c1,-5.897,-5.064,12.246174668034095,2.96795367214517,0.0073716734760844,0.08431439053132782
Cc1nc(CNC(=O)CSc2ncn[nH]2)co1,-6.449,-5.08,12.255488647948722,2.896852257192278,0.0073692369116381,0.08430757074592814
O=C1COc2ccc([N+](=O)[O-])cc2N1C1=C([N+](=O)[O-])COC1,-7.331,-3.692,12.227614526145318,2.9349984667798377,0.0074770777518101,0.0842981591548076
Cc1cc(CN2C(=O)NC3(CCCC3)C2=O)ccc1C#N,-7.677,-6.5,12.25907977786261,3.05810300676743,0.0072570901813897,0.08428793653073763
Cc1ccc(F)c(NC(=O)N(C)C(C)C(=O)O)c1,-7.139,-5.595,12.249580809154246,3.0208464045694208,0.0073239266756545,0.08427599550483135
Cc1noc(C)c1C(C)NC(=O)NC(C)C(F)(F)F,-6.442,-5.023,7.988459989259507,8.856602113677683,0.0073602486735752,0.08423080355177687
CCn1cnnc1CCNC(=O)CCc1ccc(F)cc1,-7.106,-5.471,12.265313897328516,2.900509265629055,0.0073221331379615,0.08421083951890362
CC(=O)Cc1c(Br)c(C)nn1CCO,-5.207,-4.794,12.262682169900678,2.825934889554252,0.0073734271344453,0.08420421791730359
CCC(Cc1ccc2nonc2c1)C(F)(F)F,-6.356,-5.48,12.247945337892393,3.0388428718839675,0.0073201008600116,0.08420313293654699
Cc1ccc([N+](=O)[O-])cc1C(=O)NCCc1cccnc1,-7.34,-5.564,12.228110974308338,3.1817763906346417,0.0073128843917134,0.08419874301560447
CC(=O)CCC(O)c1ccccc1C(F)(F)F,-5.785,-4.886,12.25818183908201,2.892439973448023,0.0073592484212545,0.08416415598912841
CC(C)(C)OC(=O)Nc1ccc(N2CCCCC2)nc1,-6.142,-4.737,12.260585671165956,2.851437181492869,0.007369997636981,0.08415924151254715
COC(=O)c1cccc(Br)c1N,-4.886,-4.318,12.228154235206556,3.0532325492828085,0.0074018946378639,0.08415387205738575
CCn1cc(S(=O)(=O)Nc2cc(C)c(Cl)cn2)c(C)n1,-6.689,-5.492,12.258052455427004,2.97978791191588,0.0073101635301407,0.08415126267129089
CC1CN(C(=O)c2ccc(F)cn2)CC(C)O1,-6.295,-4.606,12.22076912473188,3.139592489480124,0.0073771597990051,0.0841417106031304
Clc1ccccc1CN1Cc2[nH]cnc2CC1CCn1ccnn1,-7.507,-5.953,12.2505741906247,3.094507876868308,0.0072718449150666,0.08413338389728588
CNC(=O)c1ccc(NCCCN(C)C)c(N)c1,-5.906,-4.068,12.202107277023917,3.2054121419873605,0.0074147770392001,0.08411502648188551
CCC1(CC)CNCC(CN(C)CCS(C)(=O)=O)O1,-5.454,-4.253,12.25753164385065,2.8255252609028294,0.0073974074970333,0.08409927721480577
CN1C=NC=CC1=C1NC(=O)NC1=O,-5.899,-4.908,12.24932998167655,2.9903407832553133,0.0073437820583176,0.08408544491165745
CCCc1nc(Nc2cc(C(=O)O)ccn2)nc(=O)[nH]1,-7.787,-5.26,8.4564114138327,8.40034820706856,0.0073150515901139,0.08407676058769833
C(=Cc1ccccc1OCC1CC1)c1ccon1,-7.199,-5.213,12.27419023805644,2.835931064042283,0.0073155378785804,0.08405874738830027
CCC(O)(c1cccc(Cl)c1)c1nocc1C,-6.373,-5.132,12.27103528639699,2.8556494882950885,0.007319841309407,0.08404758506534189
CCCN(C)C(=O)CC(O)c1cnn(CCO)c1,-5.4,-4.471,12.247537099351852,2.962861454742696,0.0073684018837971,0.08403154640255354
COCc1c(C(=O)N(C)Cc2ccco2)nnn1C(C)(C)C,-5.686,-4.951,12.274868756935856,2.800133211116928,0.0073302689471943,0.08402713445832923
COCCCN(C)Cc1ccc(Cl)cc1C(N)=NO,-6.086,-4.623,12.268582517960256,2.8110627883418045,0.0073537287274872,0.08401555105680371
CCC(O)(C(=O)O)c1csnn1,-4.92,-4.916,12.281497709970068,2.7345107423449635,0.0073308310755731,0.08401482009863759
CC1(C)C=CC(n2cc(F)c(=O)[nH]c2=O)CO1,-6.615,-5.334,12.233213028472935,3.170573607409234,0.0072977985001998,0.08401026243501088
C=CCC(NCc1cn[nH]c1C)C(C)(C)C,-5.924,-4.471,12.236882936434426,3.052523218584913,0.0073620859924188,0.08399552448712055
OC(CCCCCl)N1CCOCC1,-4.878,-3.936,12.235456427939251,2.9983598850038007,0.0074028278133382,0.08398804928998065
NC1CC(Nc2ccccc2S(=O)(=O)N2CCOCC2)C1,-6.527,-5.134,12.278430925814586,2.810067792776537,0.007309097061705,0.08398676436088894
CC1CC(NC(=O)C2Cc3nc[nH]c3CN2)CCO1,-6.99,-5.114,12.24459676755425,3.0783711602079435,0.0073098107970599,0.08398200877365176
Fc1cccc(CNc2cccc3[nH]nnc23)c1,-7.847,-5.915,12.25421421389393,3.109116433972841,0.0072455016346521,0.0839641717057943
Cc1noc(C(C)C)c1CC(=O)N1CCc2ncccc2C1,-7.423,-6.006,12.27010126282583,3.020877687030708,0.0072305814790649,0.08391757730974873
CNc1ncccc1C(=O)N(C)c1ccccc1,-6.437,-5.225,12.270783756549536,2.9138326993840944,0.0072898484100389,0.08391632971804601
NCc1cc(C(=O)N2CCCC2c2ccccn2)no1,-6.944,-5.12,12.260283275683316,2.984860968286462,0.0072969605111847,0.08391081280131428
Cc1cccc(C(=O)Nc2ccccc2C(=O)N2CCC(C(=O)O)C2)c1,-7.83,-6.096,12.263027521782702,3.0851387326990665,0.0072216593189931,0.08390520583977007
COC(=O)CC(C(=O)N(C)C)N1C(=O)c2ccccc2C1=O,-6.075,-4.992,12.262483394484171,2.953386700044544,0.0073053891100347,0.08390257825377867
Nc1ncnn2c(C(F)(F)F)cc(C(F)(F)F)c12,-6.18,-5.273,12.263214953673446,2.990412346148939,0.0072802887013016,0.08388248670860324
CC1(C)CCCC1NC(=O)NCc1ccon1,-6.94,-5.158,12.26583580519485,2.957018938052309,0.0072880038523207,0.08387609904171238
NC(=O)CN1CCC(NC(=O)CC2CC3CCC2C3)CC1,-6.699,-5.444,12.281605554649603,2.876345250487153,0.0072608545049508,0.0838458258139701
CCOCCN(C)C1CCCC(C(N)=O)CC1,-3.914,-3.419,12.239173746621953,2.9429007798429083,0.0074186976913773,0.08384561633463566
CC(=O)NCCC(=O)Nc1cc(C)nn1C1CC1,-6.114,-5.161,12.253442781520627,3.062977146503056,0.0072795531208621,0.08382878151644911
COCc1nc(-c2ccsc2)sc1CNC1CC1,-5.347,-4.561,12.275817325131554,2.806380230831169,0.0073228625304776,0.0838114882018719
CCCCCCCCCCCC(=O)OC(CCC(=O)O)SSC(C)(C)C,-4.7,-4.119,12.265198082379266,2.837979739180673,0.0073557180015406,0.08380214483343038
CC(C)OCCN1C(=O)C2CCCC2C1=O,-5.724,-4.772,12.280862306857772,2.798316279479501,0.0073037470678354,0.08379564651211219
COc1c(F)cc(Br)cc1C=O,-5.388,-4.414,12.252174868161164,2.9950532549522384,0.0073278891688141,0.0837748556720043
CCCC(Oc1cccc(N)c1C(F)(F)F)C(=O)OC,-5.758,-4.904,12.279488059361432,2.8470690191844668,0.0072856874190734,0.08375042579239661
O=C(O)C(Sc1cccc(Cl)c1)c1nn[nH]n1,-6.203,-5.641,12.286537795489826,2.8974569884641945,0.0072272940862047,0.08373837795070135
O=C(C=Cc1ccncc1)CCCOCc1nn[nH]n1,-6.294,-4.95,12.2618589944592,3.0107723261648327,0.007274134646721,0.08370433926239262
O=C(Nc1ccc(-c2ncc[nH]2)cc1)c1ccccc1Cl,-6.601,-5.761,12.277495917327768,3.0024035371681808,0.0072084418848203,0.08368169938418152
CCN(CC)CC(=O)N(C)CCCc1ccccc1,-5.698,-4.398,12.249021716039204,3.046020682792551,0.0073106116732122,0.08366892407831417
CC(C)(C)CNC1CCCC1O,-4.825,-3.993,12.270541389849104,2.821285345370085,0.0073396356639323,0.08365425839928463
Cc1nonc1NC(=O)C1CC12CCCCC2,-6.853,-5.2,12.26728193203368,3.0219508599578515,0.0072426717167814,0.08363334008840709
CCCSCCN1CCCC(C(N)=O)C1,-5.477,-4.04,12.25413893343796,2.974333538794868,0.0073313052335921,0.0836277367634052
CC(C)(C1CCS(=O)(=O)C1)C(N)C(=O)O,-5.548,-4.438,12.271438546478567,2.890648543147368,0.0072994945113441,0.08362304875230249
Cc1cc(NCc2cccc(NC(=O)C3CC3)c2)nc(C)n1,-7.511,-5.875,12.27797662483522,3.0315980934154183,0.0071884898521311,0.08361568632890534
CCS(=O)(=O)N(CCNC=O)CC1CCCNC1,-5.349,-4.44,12.249990571424943,3.0713212140705823,0.007289839438762,0.08356861378655432
CCc1nc2ccccc2n1CC(C)O,-5.314,-4.69,12.27343093841327,2.929207742718157,0.0072692670089686,0.08356133358591017
CCc1cc(NC(=O)c2cn[nH]n2)n[nH]1,-6.543,-5.132,12.29789518576248,2.7819955068259907,0.0072341943301789,0.08355443213101506
COc1ccc(NC(=O)NC2COC(c3ccc(C)o3)C2O)cc1,-6.947,-5.12,9.123152196472445,7.746891892881944,0.0072345733622249,0.08355133477995785
CN(CCCO)c1n[nH]c(=O)n1Cc1ccco1,-5.769,-5.354,12.301009104947449,2.8007566834696656,0.0072111890974373,0.08351904865435336
Cc1cc(NC(=O)C2(c3ccc(Cl)cc3)CC2)cnn1,-7.432,-5.176,8.114028838992379,8.762367260050219,0.007222190034779,0.08350444231660155
O=C(O)c1ccc([N+](=O)[O-])cc1NC1COCC1C(=O)O,-7.016,-5.479,12.286646613295266,2.9492938137798346,0.0071982201675873,0.08349875496298996
Nc1nc(Cl)nc2c1ncn2Cc1ccc(C(F)(F)F)cc1Cl,-7.66,-5.554,12.301268999578866,2.8371113830796277,0.0071921874834828,0.08349663264283932
CC(C)(C)Cc1ccc(C(=O)CO)cc1,-5.456,-4.786,12.267761531754685,3.0063326495915264,0.0072500500946527,0.0834932316442343
Cc1nccn1CCOc1ccc2oc(CN)cc2c1,-6.309,-4.954,8.535346097259325,8.338924271151527,0.0072356468030859,0.08348436727693555
Cc1cc(C2CC(N)=NN=C2N)cc(C)c1O,-7.542,-6.263,12.316742467064902,2.8157517646269885,0.0071334280868278,0.08346371926411322
COCC(C)CN(C)Cc1cc(N)ccc1Cl,-5.786,-4.793,12.272808073134687,2.9819605966544898,0.0072417804778394,0.08344869131208868
Oc1ccccc1OCc1nn[nH]n1,-6.019,-5.049,12.297918075837064,2.813972281313375,0.0072187161887686,0.08342846878825133
c1n[nH]c2c1CCC2,-4.685,-3.792,12.242011640249329,3.0880657376422547,0.0073151816714992,0.08342516283030621
CN(C(=O)c1ccc(Cl)c(C(F)(F)F)c1)c1ccccc1,-8.132,-5.554,12.297437659935504,2.8958269975949875,0.0071790975020231,0.08342061494047137
Cc1cn(CC(=O)N2CCOCC2)c(=O)s1,-5.794,-4.444,12.29139385911948,2.782712705257228,0.0072633067296818,0.08341816546558893
O=C(Nc1cc(Cl)ccc1F)c1[nH]nc(Cc2ccccc2)c1Cl,-7.21,-5.763,12.287896728081662,3.004689834242463,0.0071603722853987,0.08340308993902279
CCc1nc(C(=O)O)[nH]c1C(C)C,-5.578,-4.51,12.282687775890096,2.877009732343636,0.0072555952250291,0.08340308743178798
CCCCCNC(=O)c1cccnc1Sc1ccccc1C#N,-6.921,-5.103,12.288830619713172,2.9112943856642186,0.0072094731533988,0.0833987926158316
Cc1cc(CC(=O)Nc2cccc(C(=O)O)c2)no1,-7.635,-6.005,12.311953784838538,2.843016883523558,0.0071413797813804,0.0833979012011197
COCc1c(OC)ccc(CCC=CC(N)=O)c1OC,-5.62,-5.257,12.288258542201984,2.94404500644946,0.0071939327013783,0.08337648832332965
C#Cc1c[nH]c(CC=CC(=O)OC)n1,-6.003,-4.96,12.289845157690149,2.890308115063168,0.0072161874079464,0.08337467325758462
Cc1cc([N+](=O)[O-])c(Cl)nc1NCC(C)C(C)C,-6.248,-4.267,12.2730787498492,2.9333811549132176,0.0072685277905999,0.08336966776150034
CC(C)c1ccc2ccc(C3(N)CC3)cc2n1,-6.877,-5.257,12.259275549558383,3.1525519821249577,0.007192684960806,0.08336925745650799
Cc1noc(C(C)NC(C)c2c(C)n[nH]c2C)n1,-6.439,-5.819,12.301441338314792,2.9169033237322077,0.0071498418181435,0.08336617721534077
COc1cccc(C(C)NC(C)c2ccc(F)cc2F)c1,-7.566,-5.5,7.971863332998127,8.914345573288037,0.0071735052932127,0.08336448061843678
COc1ccccc1C1=NC(CC(=O)Nc2ccc3c(c2)C(=O)NCC3)C(=O)N1,-8.413,-6.662,12.313964146447724,2.931363164126888,0.0070862598798536,0.08336006188206745
CCc1oc(CCNC(C)=O)cc1C(=O)Nc1ccc(OCCCc2ccccc2)cc1,-7.983,-5.901,7.448181053116257,9.43810987433395,0.0071377009961277,0.08333110877139664
CC1(C)CC(=O)c2cc(C(=O)O)ccc2O1,-6.21,-5.223,12.280805226042794,3.0118665309073704,0.0071878501763488,0.08332631292861803
COc1ccc(F)cc1OCc1cc(N)c(C)o1,-6.617,-5.505,12.304925924198,2.858541411279536,0.0071649620984449,0.08331701252737754
CCC1(CNC(=O)c2nc(Cl)cc(C)c2C(=O)O)CC1,-6.338,-5.507,12.288104247604672,3.00357137421437,0.0071601121670979,0.08328968403418059
Cc1cnc(Oc2c(F)cccc2CN)nc1,-6.034,-5.188,12.295096298931538,2.9085712987650827,0.0071827704286524,0.08328150742332037
CC(CCC1CC1)=NNc1cn[nH]c1,-5.49,-4.431,12.26853968490138,3.0180897932301485,0.007239354199729,0.08327475644373773
O=S(=O)(Cc1ccc(O)cc1)c1cn[nH]c1,-5.791,-4.77,12.291199005792723,2.8902224827857115,0.0072101298449122,0.0832559996745252
O=C1CC(n2ccc3ccccc32)C(=O)N1,-6.416,-5.781,12.29033539005344,3.0310217749135355,0.0071335348892979,0.08325449103331235
OC1CC2CCC(C1)N2Cc1ncon1,-6.275,-4.965,12.273197057001896,3.05675988589225,0.0071941984716294,0.08324974634927919
Cc1nn(Cc2cc(C(=O)O)co2)c(N)c1Cc1ccco1,-6.896,-5.291,8.392705761552707,8.496513049480946,0.0071691240784526,0.0832474983469401
Cc1c(Cl)cccc1NC(=O)C1(n2cncn2)CCCCC1,-7.254,-6.697,12.31703332787567,2.953298494903622,0.0070605826916264,0.08322400485614519
CC(Cc1cnc[nH]1)NC(=O)c1cccc2c1CCNC2,-6.864,-4.959,7.343369390136928,9.528673937122626,0.0071900389750617,0.08322303921838517
CCC1(C(F)(F)F)N=C(c2ccccc2)C(=O)N1,-6.775,-5.552,12.275625320121172,3.115281367709826,0.0071450641969155,0.08322177411342246
CCCCC(N)CCCCc1nccn1C(C)=O,-5.583,-4.322,12.298852670066424,2.768781862119152,0.0072360667695594,0.0832076341975318
Cc1nc(N)ccc1S(=O)(=O)c1ccc(Cl)c(Cl)c1,-7.238,-5.517,12.302469264338766,2.920222765475264,0.0071434468568759,0.0831970667995487
Cc1cc(NCCn2ccnn2)nc(C)n1,-6.663,-5.598,12.291278574664233,3.019014739944142,0.007136643891632,0.08319280086578087
CC(Cn1ccnc1C1CC1)C(=O)O,-5.625,-4.616,12.292579468931653,2.8903027523081386,0.0072038694485526,0.08315199637468486
CCOC(=O)N1CCN2C(c3ccccc3OC)CCC2c2ccc(Cl)cc21,-5.802,-4.083,7.291859090794335,9.566864951487505,0.007243761512815,0.0831459959814987
FC(F)(F)C(F)(F)c1nnc2n1CCCO2,-5.965,-5.688,12.297698077282591,2.9960440584210373,0.0071217627123886,0.08314524920121297
CC1CN(C(=O)N2CCC2C(=O)O)C(Cc2cccc(F)c2)CO1,-6.904,-5.845,12.31423460877695,2.885000693240818,0.0071098013433526,0.08314372850046074
C=CCN(CC=C)c1nc(N(C)C)ccc1N,-4.907,-4.176,12.258995758217718,3.093187029586152,0.0072345509656577,0.08313430358663708
Cc1ccc(NC(=O)c2n[nH]c(C)n2)nc1,-6.933,-5.092,12.301144580891648,2.898456313281261,0.0071610865008226,0.0831136326166012
NC(=O)c1nc[nH]c1C(=O)N(O)c1ccccc1,-6.67,-5.539,12.317309324686136,2.8247665390258363,0.0071265182699463,0.08310802628280406
CC(C(=O)ONC(=O)C(F)(F)F)c1ccc(F)c(Cl)c1,-7.718,-5.44,12.316964967068795,2.8166863510160303,0.0071319836283306,0.08309666988908423
O=C(Cn1c(=O)[nH]c2nnn(CO)c2c1=O)N1CCCC1,-6.833,-5.736,12.33070322406634,2.756597540447282,0.0070989833242207,0.08303305152631901
NC(Cc1cnc[nH]1)C(=O)N1CCc2c(F)cccc21,-6.895,-5.902,12.318915983153714,2.8920978544993954,0.0070853302756498,0.08302527173009057
Cc1cc(C=C2CC(C)(O)C=CC2=O)no1,-6.837,-5.324,12.319486596445486,2.800829341462989,0.0071283603585938,0.0830249040587402
NC(=S)c1cc(SCC(=O)NC2CC2)ccn1,-6.004,-5.497,12.314713597968897,2.877156234895839,0.0071117426627673,0.08300352026109961
NC(=O)C(=O)N1CCn2nc(C(F)(F)F)cc2C1,-6.548,-4.962,12.258748753441356,3.216034048327225,0.0071489948789141,0.08298647615292445
Cc1ccc(N)c2c(=O)c(=O)c(=O)c12,-5.294,-5.026,12.298806324192604,2.9487817823636933,0.0071440131170899,0.08298559231340014
CCOC1CC(C(=O)NCc2ccco2)N(C(=O)OCC(C)C)C1,-6.107,-5.027,12.287729245063955,3.0377802751351197,0.0071409991937581,0.08296852333465426
Cc1nc(-c2ccc(-c3nccn3C)cc2)sc1CO,-6.207,-4.799,7.369250843878229,9.510671322256911,0.0071577378575813,0.08296569068774585
CC(OC(=O)c1cc([N+](=O)[O-])c(O)c([N+](=O)[O-])c1)C(=O)NC1CC1,-6.884,-5.313,12.305436562755505,2.952191220093983,0.0071125622388792,0.0829280518938406
Nc1ccnc(C(N)C(O)C[N+](=O)[O-])c1,-5.267,-4.725,12.30020963235993,2.919173170608418,0.0071541135239897,0.08291220415150276
Cc1cc(NC(=O)COc2ccccc2C(=N)N)no1,-7.831,-6.118,12.32148793774518,2.937531446640189,0.0070496524206914,0.08290946622694229
COc1nccc(C(=O)OCCC(C)(C)C#N)c1F,-6.402,-5.278,12.292768158555663,3.049361572526289,0.0071113689867072,0.08290582266513648
CNC(Cc1ccc(Br)cc1)c1ccncn1,-6.167,-5.223,12.313287254019537,2.891142334787411,0.0071108001541921,0.08287850221369257
COc1ccccc1CC1CNCCN1C1CC1,-5.836,-5.254,12.28009808592749,3.141721820912857,0.0071071740441601,0.08287089509115361
C=CC(c1ccc(OC)nc1)N1CCN(C)C1C,-6.035,-5.029,12.284646474359771,3.090316812237865,0.0071213749659424,0.0828553162942776
CCOCC1C(C)CCC2C(c3ccc(F)cc3)CCC12,-6.163,-5.278,7.310095895403835,9.580976359432269,0.0071012597094066,0.08284687367623357
Cn1nnc(Cl)c1C(=N)Nc1ccc(Br)cn1,-6.288,-5.11,12.27850780836173,3.143189622024099,0.0071132304653877,0.0828433152013602
Cc1cc(OCc2noc(=O)[nH]2)ccc1Cl,-6.596,-5.423,12.314383987841213,2.931058853042702,0.0070845670088483,0.08281257844297651
COCc1nc(N)cc(N(CCO)C2CCCC2)n1,-6.019,-4.887,12.321947451600336,2.7936107459701685,0.0071208218973003,0.08278998391313563
O=[N+]([O-])c1ccccc1C#Cc1ccc(Cl)cc1,-7.26,-5.222,12.29245431148719,3.079563930169335,0.0070936521609487,0.08277807341349164
COc1ccccc1OCCC(=O)Nc1cccc(C#N)c1,-6.976,-5.759,12.31844182516604,2.954798470285241,0.0070535338592726,0.08277679728373845
CCCCCN(C)C(C(=O)c1cccnc1)c1cc(C)on1,-6.117,-5.402,12.316988511807583,2.9224621468891603,0.0070777114041275,0.08276336438951434
Cc1ccc(-n2nnnc2CO)c(C)c1,-5.779,-5.35,12.28280281531866,3.162222952291632,0.0070809632187429,0.08275974214315641
COC(=O)CCN(C)C(=O)c1coc(CNC(C)C)c1,-5.963,-4.406,12.303410462144226,2.8975341240440984,0.0071514431478466,0.08275659823204434
CCOC(=O)c1cnn(-c2cccc(NC(=O)C3CCOC3)c2)c1C,-6.943,-5.805,12.329083745355938,2.8827523306728944,0.0070452855405454,0.08274831220710717
Cc1ccnc(NC(=O)c2ccc(C(F)(F)F)cc2)c1,-7.139,-5.434,12.321985432551038,2.892875731862673,0.0070713450954215,0.0827400489798515
Cc1c(C(=O)NC2CC2c2ccn[nH]2)cnc2ncnn12,-7.526,-5.986,8.249547260304652,8.671057259642563,0.00702923625312,0.08273228460195618
CN(Cc1nc(-c2ccco2)cs1)C1CCN(Cc2ccc(Cl)cc2Cl)C1,-7.966,-5.411,8.573887158109791,8.337532188843412,0.0070705988996746,0.08272568252091374
CN(Cc1ccc(Cl)s1)C(=O)Nc1ccc(OC(F)(F)F)cc1,-7.251,-5.22,7.914767652938398,8.990911522198402,0.0070846617468752,0.0827247293638684
Cc1ccsc1C(=O)NC(C)CCc1ccco1,-7.009,-4.327,12.30600117828696,2.8772587648663097,0.0071505180880712,0.08271650809442956
Nc1nccc(CCCCCOc2ccccc2)n1,-6.273,-4.935,8.341282455354213,8.562531518190166,0.0071041139661434,0.0827137769378405
Cc1nnc(NC(=O)C(C)OCCNC(=O)c2ccccc2)s1,-6.784,-5.569,12.325145800354656,2.8978657663873943,0.0070547822573669,0.08270170378698577
O=C(Cc1ccccc1Cl)C1CCCC1,-5.806,-4.961,12.313728151944884,2.9106834249021314,0.0070984886576873,0.08269237839394249
COc1ccc(C)cc1-c1nc(C(=O)O)[nH]c1-c1ccc(Cl)cc1,-7.772,-5.951,12.345228268444451,2.778410516824322,0.0070249726259009,0.08269206379402533
COC(=O)c1ccc(=O)n(C2Cc3[nH]nc(N)c3C2)n1,-6.821,-5.575,12.313601504027975,2.993949398369985,0.0070525505423063,0.08269122532546704
O=C(CO)Nc1ccc(N=Nc2ccccc2)cc1,-6.201,-5.008,12.317836295388895,2.8832453936493168,0.0070947273523743,0.08269098580061754
O=C(O)CC1CCC(c2nccs2)CC1,-5.144,-5.051,12.29984284452448,3.0361207156501533,0.007088159286882,0.08267145981263532
CCCC(C)Nc1cccc(F)c1N,-5.4,-4.412,12.313658270392274,2.8382378335861853,0.0071361554972168,0.08267073150741401
CC(NC(C)c1cccc(F)c1)C(=O)Nc1ccc(N=Nc2ccccc2)cc1,-7.697,-6.775,8.068010535441807,8.867282672837264,0.0069610123533575,0.08266851902082287
Oc1cc(C(F)(F)F)ccc1C1(C(F)(F)F)CC1,-6.371,-5.316,12.339042628988686,2.74802711049218,0.0070659078591148,0.08265692865291198
COCC(C)(C(C)C)n1cncn1,-4.564,-4.278,12.276140354362196,3.1145970846965105,0.0071432242458887,0.08265276767723495
CCc1nc(C(C)c2ccccc2)no1,-6.651,-5.118,12.318425589335677,2.910703351425562,0.0070776693347774,0.08263946263561464
Cc1nnc(CN2CC(N)CC2C)o1,-5.854,-4.92,12.291224389783144,3.0974980225982387,0.0070874788910491,0.08261033130439761
CCC(=O)ON1CCC2CCCCC21,-5.542,-4.741,12.321957068582895,2.8349858906174474,0.0071008436668031,0.08260994070582622
Cc1cc(CN(C)CCc2cn[nH]c2)on1,-6.279,-5.536,12.302758918226433,3.092854506762321,0.0070395798804225,0.0825982409054875
O=C(Cn1cc(C(=O)O)cn1)NCC(=O)NC1CC1,-6.498,-4.681,12.275026924614057,3.181941074250118,0.007101460804123,0.08258728616805638
Cc1[nH]nc(-c2ccc(N)cc2)c1C1C=CN=N1,-7.081,-5.522,12.334744991283769,2.848630021606877,0.0070376086023631,0.08258060535404708
Cc1ccnc(NC(=O)c2cnn(C)c2C)c1,-6.307,-4.894,12.320557901328982,2.887434501421634,0.0070804954268666,0.08255827833749825
NC1(S(=O)(=O)c2ccccc2S(N)(=O)=O)CN=CN1,-5.935,-5.283,12.310148699345593,3.026743629711641,0.0070483327145684,0.08253973204750736
NC(COCCc1ccco1)C(=O)NC1CCOC1,-6.092,-5.164,12.330323961680811,2.851150469547337,0.007055826655118,0.08253185597517071
Cn1cc(CNC(=O)Cc2cccc(C(F)(F)F)c2)cn1,-7.083,-5.181,8.013641993500833,8.89989095438815,0.0070540929602267,0.08252910885257739
CC1(C)CC(C(=O)O)N(C(=O)c2cnon2)C1,-6.155,-5.282,12.333121097272985,2.8457387441576563,0.0070461861132281,0.08252672778095081
CSC(=O)C[n+]1ccc(O)cc1,-4.533,-3.956,12.3061833644717,2.889867124973049,0.007143111521679,0.08251041224448154
Cc1oc(-c2ccccc2)nc1-c1ccc(C(F)(F)F)cc1,-7.363,-5.832,12.28498485957553,3.257601878683152,0.0070015665007702,0.08250282655496081
O=C(C1CCS(=O)(=O)C1)N1CC2(CCCCC2)C1,-6.014,-4.979,12.32658711890684,2.8679977336113778,0.0070638397581444,0.08249815557045498
CN=C(NCc1ncccc1Oc1ccc(F)cc1Cl)NC(C)(C)C,-7.137,-5.441,7.949200525839061,8.969411017452595,0.0070293263582992,0.08249689190936497
Nc1c(F)cccc1C(=O)N1CC(C(=O)O)C1,-5.663,-5.194,12.31395407657508,3.010037541294128,0.0070415556050649,0.08246138406213822
CC1CCN(C(CC(=O)O)c2cnnn2C)C(C)C1,-6.192,-4.702,12.293193604592746,3.0987521682122305,0.0070779420174027,0.08245958670854418
CCC(=O)CCCOC(=O)C(=O)C(C)(C)C,-5.769,-4.402,12.331337721431524,2.760961607846077,0.0070941972668933,0.08242295608378933
Cc1ccc(Nc2cc(N3CCCCC3)ncn2)c(C)c1,-7.946,-5.758,12.31368807465903,3.09364978625571,0.0069911502838716,0.08240950126188785
Cc1nc(C(C)NS(=O)(=O)C2(C)CC2)no1,-6.179,-5.373,12.316262460665572,3.033767624588278,0.0070172197416603,0.08239636083324613
CNc1cnc(C(=O)Nc2c(C)cccc2C)cn1,-6.499,-5.046,12.322847154777175,2.9462359036574104,0.007038885479431,0.08238143714654478
CN(CC1Cc2ccccc2N1)c1ccc(C(=O)O)o1,-7.363,-5.924,12.335652799912944,2.966190317562244,0.0069717453421863,0.08236656843366463
CC12CCC(C1)C1C(=O)N(c3ccccc3Cl)C(=O)C12,-6.676,-5.286,12.325168720954697,2.968019710177141,0.0070165461399446,0.08235470327196705
Cc1nc(-c2n[nH]c(=O)c3ccccc23)c(-c2ccco2)o1,-7.204,-6.564,12.346850205619246,2.967188062796155,0.0069225738404546,0.08234976444027207
CC(=O)c1ccc(-c2cnc3ccccc3n2)cc1,-7.372,-5.364,7.326603646984052,9.586806819791455,0.0070049209926409,0.08232022681401156
COc1ccc(Cl)c(C=C(C(C)=O)C(=O)NCC(C)C)c1,-5.742,-5.189,12.332791492602151,2.9062682257493027,0.0070167490024327,0.0823138364232656
Cc1ccc([S+](C)c2ccc(-c3c(C)cc(C)cc3C)c(C)c2)cc1,-7.821,-5.803,7.384334025489367,9.53840364002279,0.0069707192096885,0.08230838726046688
Clc1ccc(-c2nnc(C34CC5CC(C3)CC(N3CCCCC3)(C5)C4)o2)cc1,-8.521,-6.263,7.228034103405988,9.69844090563014,0.0069358452214257,0.08229970649190921
CC(C)=C(C(=O)NCC(C)C)C(F)(F)F,-5.202,-4.247,12.304258043457963,3.020297170809521,0.0070782171750775,0.08226224682224359
Cc1cc(S(=O)(=O)C(=O)c2ccccn2)no1,-6.473,-5.605,12.343078789345872,2.8957149376276665,0.0069772712678621,0.08226166297219975
CC(c1ccc(F)cc1)N(C)C(=O)Cn1nnc(-c2ccco2)n1,-6.768,-6.302,12.332669581238282,3.066427563142492,0.0069257627404453,0.08225657410314782
Nc1ccccc1C(O)(c1cnc[nH]1)C1CCCC1,-5.937,-5.702,12.343856812196098,2.9066217504174845,0.0069682076494004,0.08225003593415857
Cc1ccc(C=C(C#N)c2nnc(C)o2)o1,-6.772,-5.823,12.33533355852204,2.9930016705641846,0.0069579561022758,0.08224161022154303
O=C(c1ccc2[nH]c(=O)oc2c1)C1CCCC1,-7.049,-5.788,12.330109812974092,3.0284829535594224,0.0069599144623458,0.08223811436733817
Clc1ccc(Cn2c(CN3CCOCC3)nc3ccccc32)cc1,-7.04,-5.854,12.324442299755392,3.078637685730492,0.0069538314663218,0.0822305688999492
CC1CCC(NC(=O)c2ccccc2-n2ccnc2)C1,-6.433,-5.42,12.289457636527334,3.2567354820433296,0.0069826822690967,0.08221365258569475
Nc1cc(C(=O)O)cc(OC(F)(F)F)c1OC1CC1,-5.912,-5.232,12.321380969680307,3.031687813743361,0.0069960609299885,0.0822110195630022
COc1ccccc1-n1c(C(C)CN)nc2ccccc21,-5.806,-4.977,12.33474543717867,2.893667050646981,0.0070147680083382,0.08221023495104028
NCCc1nc(C(=O)N2CCC(O)C2)cs1,-6.124,-4.776,12.314762117069092,3.026023958926962,0.0070284725858985,0.0822031129499263
CCOc1ccc(CC(N)c2ccc(OCC)cc2)cc1,-6.047,-4.6,7.183479519007483,9.717392139869624,0.0070414039423015,0.08220203263250216
CC(C)Cc1cc(C(=O)Nc2cnn(C(C)C)c2)n[nH]1,-6.178,-5.024,12.343316491121826,2.835873234120312,0.0070062538673792,0.08218071718843883
CC(C)=Nc1cncnc1,-4.123,-3.434,12.275958211072568,3.143378596351385,0.0071244433116721,0.08217258786498281
O=C(O)c1cn(C2CCC2)nn1,-5.183,-4.654,12.362343709831077,2.587487970986532,0.0070283677940283,0.08214941320351649
CCC(CC(=O)c1cccc(F)c1)OC,-5.843,-4.715,12.33509602719006,2.8857583058877263,0.0070173181292727,0.08211133898526214
CC(Nc1cccc(C(C)(C)C)n1)C(=O)O,-6.426,-5.069,12.295148758758472,3.212177143309503,0.006991013836913,0.08211078357509065
Cc1cnccc1C(=O)NC1CC2CCC1C2,-6.659,-4.986,12.312166868589786,3.095998062014897,0.0069962879356523,0.08210577585822953
CC(C)(C)C(N)C(=O)N1CCCC1c1ccccc1F,-5.846,-5.208,12.31990945583611,3.072429169240521,0.0069774626174314,0.08209129431921075
N#Cc1c(N2CCCC2)nc(N)[nH]c1=O,-5.92,-5.303,12.328249429663565,3.0244611090242177,0.0069704082170565,0.08209083564898494
CNC(=O)NCCC(=O)Nc1ccc(OC)nc1C,-6.036,-5.486,12.344934750738863,2.920474105346597,0.0069562242697988,0.08208620775070867
Cc1cc(NC(=O)C(C)N(C)CC2CCC2)no1,-6.776,-4.988,12.339439330861026,2.897685628221254,0.0069921364450194,0.08208227886940762
CC1(c2cccc(C3C=CC(=O)C3)c2)CC1,-6.61,-5.555,12.33930022327036,2.976034442004999,0.0069503588201605,0.08208132408205586
CCNc1ncnc(Cl)c1S(=O)(=O)Nc1cn[nH]c1C,-6.231,-5.295,12.336035059937208,2.971595026244324,0.0069670541153718,0.08206762733888234
Cc1cc(CC(N)C2(N(C)C)CCCCC2)on1,-6.027,-4.999,12.338990598910431,2.917246647097225,0.006983828179667,0.08203826238216061
CCc1cc(=O)c(=O)[nH]n1CCOC,-5.126,-4.434,12.331447157572384,2.9036559713574888,0.0070240210387148,0.08202821854778093
O=C(OCF)N1C2CCC1CN(c1ncccc1C(F)F)C2,-5.979,-5.821,12.342743860260567,3.0006794230640503,0.0069214045920493,0.08202445150216314
CC(N)CCN(C)C(=O)C1CCCN1C,-5.374,-4.444,12.31494088495759,3.0457964475650696,0.0070156930511375,0.08198392982780642
O=C(CSc1nnnn1-c1ccc(Cl)cc1)Nc1ccccc1OC(F)(F)F,-8.323,-6.065,12.327629901972236,3.1455377918569023,0.0068966047731,0.08198186694734595
CNCc1ccc2c(c1)CCC(=O)N2C(C)(C)C,-6.122,-5.325,12.322487614114287,3.103232185963533,0.0069466568743253,0.08196034314498528
CCCNc1occc1-c1nnc(C)o1,-6.389,-4.644,12.324500273844778,3.0098408595804536,0.0069954129110817,0.08195225154714642
CCOC(=O)CN(CC1CC1)C(=O)c1cccc(Br)c1,-5.803,-4.604,12.31054324552739,3.106590735838888,0.0069965203223023,0.081941363583492
CC1CC(C)CN(c2ccc(CNCCCC(=O)O)cn2)C1,-6.58,-4.634,8.64960513549607,8.279185286004898,0.0069940123843953,0.08193970496460182
CCOC(=O)CC1(O)CCCN(CC)C1,-5.687,-4.5,12.337216582357629,2.897908728721455,0.0070017401576356,0.08192671687209613
C1=CC=CN(Cc2nnco2)C=C1,-4.283,-3.903,12.301314523253197,3.0938781488610703,0.0070452746998598,0.08192021847007962
CNC(C)c1onc(CCOC)c1Cl,-5.068,-4.797,12.345647573132808,2.8748365170910164,0.006976748468046,0.08190917960651865
CC1CCOC1C(=O)Nc1cc(Cl)c(O)c(Cl)c1,-6.916,-4.87,12.367110980338133,2.6825355542844167,0.0069706702677665,0.0819051065072595
CCc1ncnc(N(C)Cc2ccco2)c1C(N)=S,-5.146,-5.348,12.347426371515644,2.9470922958061574,0.0069311208390009,0.08187854681540394
CC(NC(=O)COc1cccc2c(=O)[nH]c(-c3cnco3)nc12)C1CC1,-7.483,-6.206,12.360109586892827,2.9650284990198665,0.0068666334971824,0.08186372797853253
CCCNC(=O)CNC(=O)CCC(=O)Nc1nccs1,-5.819,-4.764,12.348209424851849,2.863933134694315,0.0069710596607328,0.0818614826597649
O=S(=O)(CCO)NCC1CCSCC1,-5.127,-4.09,12.347169554193384,2.769015348458726,0.0070207244885166,0.08185900077849863
Cc1ccc(N2CC(N(C)c3nc(C(C)(C)C)ncc3Cl)C2)nn1,-7.424,-6.338,12.366232166670656,2.9412544942592103,0.0068532643236294,0.08184025216608927
Cc1cccc(C(CCC(=O)O)Cc2ccc(O)cc2)c1,-7.155,-5.53,12.354507922212038,2.9276524725451964,0.0069109340215072,0.08183745617982648
O=C(NCc1cccc(OCC2CC2)c1)C1CCCCC1,-7.141,-5.261,12.330329679290818,3.075247307128322,0.0069304134879309,0.0818368931330554
CCNC(C)C1CCN(Cc2nnc(C)o2)C1,-6.774,-4.904,12.32853178606439,3.046174978559177,0.0069561253372383,0.08183431579967672
Cc1nnc(NC2CCCC2O)c(=O)n1C,-5.774,-4.776,12.348244652581192,2.8781622608880126,0.0069637523006975,0.0818237621674085
c1csc(Cn2nnnc2N2CCCCC2)c1,-6.01,-5.523,12.342680786603855,3.022560007675613,0.0069089436362081,0.0818226634340536
CN(C)C(=O)c1ccc(F)c(Cl)c1Br,-5.158,-4.457,12.33349828718519,2.9554764421324693,0.0069870981874818,0.0818223305086129
Cc1ccc(N(N)C(=O)C2(c3ccccn3)CC2)cc1,-6.565,-5.777,12.363267124833952,2.896096856115141,0.0068895967566771,0.08181691142778579
COC(=O)c1c(N)c(C#N)c(N)[nH]c1=O,-5.187,-5.013,12.35529331905965,2.8567654786488865,0.006943813934967,0.08180894918287343
CC(c1ncnn1C)N(C)C(=O)c1ccccn1,-6.174,-5.238,12.33358183983874,3.0642821345300435,0.0069231395684087,0.08178403029414029
OC(CN(CC1CC1)CC1CC1)C(F)c1ccccc1,-5.705,-4.405,12.31906282961492,3.067529298963581,0.0069842213986725,0.08178289443369482
O=C(O)Cc1cccc(NC(=O)C=Cc2ccc3c(c2)OCCO3)c1,-7.65,-6.147,8.520416949891596,8.440917544911809,0.006855380164344,0.08177145827958945
Nc1c(F)ccc(NCc2ccnnc2)c1S(N)(=O)=O,-6.552,-5.919,12.346694051445512,3.057777297319084,0.0068706039992874,0.08176478906890167
Cc1cc(CC(=O)C(C)(C)C)n[nH]1,-5.523,-4.537,12.35143242705072,2.8364241572797253,0.0069705402509775,0.08176002993098662
Cc1nc(CCN(C)Cc2ccc(Cl)cc2F)n[nH]1,-7.112,-5.23,12.321599287430184,3.15050488017397,0.0069192995479144,0.0817579012536511
CCC(=O)N1CC(C)C(C)(C)C1,-5.123,-4.538,12.33196857764404,2.999502625436424,0.0069688534012173,0.08175057019220848
N#CNC(=O)CC1CCCC(O)C1,-5.62,-4.899,12.347136874595666,2.932822190314306,0.006940079912122,0.08173771943162116
CC(NC1CNCc2ccccc21)c1ccc[nH]1,-6.561,-5.882,12.327789501772004,3.186888294245658,0.0068676731847845,0.08173153183932819
COc1cccc(C(N)c2ccc(F)c(F)c2F)c1OC,-6.664,-5.241,12.357608911112216,2.9053841398341804,0.0069092166270936,0.08170304278951925
Cc1ccn2ncc(C(=O)C(F)(F)F)c2c1,-6.53,-5.334,12.345642065117552,3.011963645198926,0.0069023590847536,0.08170246921047733
COc1cc(C2OCCCN2C)cc(Br)c1OC,-5.511,-4.941,12.344360817798549,2.97767980145616,0.006927487892444,0.08168165820061365
CC(=O)c1c[nH]c(C(=O)NCc2cnn(C)c2)c1,-6.857,-4.926,8.167919992262412,8.776040622057307,0.0069262821866743,0.08166807766110797
CC(NC(=S)NC(=O)c1ccco1)c1ccc(F)cc1,-6.484,-4.974,7.090571345103299,9.834446603647812,0.0069222587838694,0.0816650568127942
Cc1ccccc1N1CC2=NC(=O)CN2C1=O,-6.306,-5.262,12.37090885909358,2.8150269980943343,0.0068963270302667,0.08163582208507127
O=C1NC(=O)C(Cc2ccc(F)cc2)N1,-6.394,-5.401,12.35589875322714,2.962779438297761,0.0068859650986879,0.08163414286591411
CCN(Cc1cn(CC)nn1)CC1CCCN1C,-5.813,-4.794,12.33529038977194,3.040619015924224,0.0069301578566851,0.0816339316905776
Cc1ccc(F)cc1NC(=O)Cc1nc(-c2ccco2)oc1C,-8.006,-5.845,12.360114967102854,2.9924844193412268,0.0068513169274127,0.08161834642755755
CN(CCC(=O)O)Cc1nnc(C2CC2)n1C,-5.833,-4.933,12.365424214316306,2.8230106269725592,0.0069162443619234,0.08161189615441108
C=CCOC1(Cc2ccc(Cl)cc2)CC(=O)c2ccccc21,-6.786,-5.229,12.33066316140377,3.130325701903877,0.0068936378858119,0.08160572255194502
O=C(NSc1cccnc1)Oc1ccccc1,-6.508,-5.644,12.366491256617618,2.9218475319564505,0.0068624191319301,0.08159849194280179
O=S1(=O)N=C(I)Nc2ccc(C(F)(F)F)cc21,-7.203,-5.49,12.372380045892545,2.8498577157465244,0.0068734167233798,0.08159787830242488
CCCC1CCC(N)C1Cc1ccc(Cl)cn1,-5.832,-4.6,12.346462367820184,2.943208113606648,0.0069374070614803,0.08159273971334009
OCc1ncc(C(F)(F)F)c(F)c1C(F)F,-5.697,-4.839,12.354472590928356,2.9122913659179086,0.0069191762709537,0.08158864525551764
O=c1ccc(C(c2ccccn2)N2CCC(O)C2)c[nH]1,-6.2,-5.279,12.344760913035133,3.047337362354225,0.0068852288967644,0.08157740831859774
CCCN1CCN(c2cnccc2CNC)CC1,-5.408,-4.578,12.353729841630823,2.8854306437687947,0.0069362386565705,0.08157635200406793
Cc1cc(N2CC=CC2(C)CC(=O)O)ccc1Cl,-6.468,-5.319,12.377922038856118,2.7813746601276144,0.006881561271574,0.08157284788617045
COc1cccc(-c2c(N)noc2-c2cccnc2)c1F,-6.758,-5.483,12.37868175534051,2.801976802188056,0.006868939064897,0.08156829667489762
CC(=O)Cc1nc(CC(C)C)nc(Cl)c1C1CCNC1,-6.082,-4.953,12.358684598289576,2.901515810744446,0.0069065710848936,0.08156342034452514
Cc1nnc(Cn2c(=O)c3ccccc3n(CC(=O)NCc3ccccc3Cl)c2=O)o1,-7.246,-6.732,12.37715726651318,2.992196684711752,0.006778892444936,0.08156174904024709
CN1C(=O)CCC(C(=O)O)C1c1cccnc1,-5.535,-4.654,12.354291966761997,2.902504780357821,0.0069250459807412,0.08154335129753487
Cc1cccc(C2(CC#N)CCC(=O)N2)c1C,-6.599,-5.454,12.368950036280362,2.8995513446048857,0.0068634084605644,0.08152303164253033
Nc1ccccc1N1C(=O)c2ccccc2C1=O,-6.306,-5.743,12.374407379749544,2.895627911179197,0.0068420339526135,0.08151949081410037
N#CC1CCN(CCCCN2CCOCC2=O)CC1,-5.862,-5.243,12.373343525498676,2.833607065208583,0.006877081457165,0.08151367700251115
CC(c1ccccc1Cl)N(Cc1ccccc1)C1CCS(=O)(=O)C1,-6.655,-5.511,12.338926695624703,3.133284698204107,0.0068561860764361,0.08150452515379261
CN(c1ccccn1)S(=O)(=O)c1ccccc1C(F)(F)F,-6.426,-5.432,12.378314061292835,2.822070339307652,0.0068611939415554,0.08150045637356157
CCOCCS(=O)(=O)C(C)(C)CCO,-5.042,-4.27,12.358553515682974,2.829654042458193,0.0069428382811344,0.08148174095781882
CSc1cc2c(s1)CCCC2NCCc1nnc2n1CCCC2,-6.812,-5.942,12.361721805638568,3.033955339157121,0.0068205519344131,0.0814762143936199
CC(Nc1ccccn1)c1ccc(-n2cnnn2)cc1,-6.785,-5.941,12.34292518003735,3.165451942456244,0.0068176576516129,0.08145849964358005
O=C1C(=Cc2ccc(F)cc2)Oc2cc(O)ccc21,-7.689,-6.576,12.371943137599688,3.0433882433892663,0.0067715842055406,0.0814518155107314
COC(=O)c1cccnc1NS(=O)(=O)c1ccc(F)cc1C,-6.547,-5.306,12.379046409154462,2.816241999544783,0.0068607777707708,0.08144400135411614
COc1cccc(Nc2nc(-c3ccccc3)c3c(N)ncnn23)c1,-7.352,-5.948,12.320379296109351,3.302895850613518,0.0068138172862378,0.08143853353489294
O=C(C=Cc1ccc(O)cc1)c1cnc[nH]1,-6.347,-5.013,12.337470607867724,3.105624091869459,0.0068803829080705,0.08143443375775719
CCC1COc2ccc(C34CC5CC53C4)cc21,-6.912,-5.259,12.352468943494657,3.0317041412380594,0.0068614374470655,0.08142777001305798
COc1cc(CN)ccc1OC(C)C(=O)NC1CC1,-6.338,-5.077,8.514515312100858,8.442361636414304,0.0068743842317985,0.08142642074895395
Cc1cccc(C(N)C2OC(C)(C)C2(C)C)n1,-6.399,-5.073,12.321444477008368,3.21624921298086,0.0068741414591172,0.08142326484634785
CC#CC1(C)CC1CC(CC=C=CC)C(C)=O,-5.823,-4.123,12.347232037991349,2.925583360630834,0.0069435328757474,0.08142206329366099
Cc1cc(CN2C(=O)c3ccccc3C2=O)n(Cc2ccco2)n1,-7.119,-6.023,12.358067405545254,3.090491384877169,0.0068018821086314,0.08139906927693882
CCOC(=O)C(O)C(Cc1cc[nH]c1)OCc1ccccc1,-5.952,-4.838,12.378175309794251,2.77063368203016,0.0068852712796895,0.08138807112690859
Cc1c(C#N)[nH]c2nc(SCC(=O)Nc3ccnn3C)[nH]c(=O)c12,-7.599,-5.54,12.345252123792369,3.128918822852392,0.0068319878921964,0.08137295564318797
CC(C(=O)Nc1ccccc1C#N)n1cnc2ccccc21,-7.961,-6.107,12.381618795617962,2.9617903369414926,0.0067766984205373,0.08128387861779318
CC1=CC=CCC=C1c1cnn(-c2ccc(Oc3cc4ccccn4c3)cc2)c1,-6.638,-5.196,7.099265947969551,9.84486795239022,0.006841499671708,0.08128240491089654
CCC(C)(C)c1ccc(C=C(C#N)C(=O)Nc2ccc(C(C)=O)cc2)o1,-7.055,-5.491,7.265281412306065,9.689332123526368,0.0068198382054824,0.08127965387582001
NC(=O)C(NS(=O)(=O)c1cc(F)ccc1Cl)C1CC1,-6.492,-4.783,12.343435097249063,3.085849963948345,0.0068672802058549,0.08125802406082827
CCc1ccc(=O)[nH]n1,-5.24,-4.244,12.365455753832933,2.850194905616106,0.0069030614508378,0.08123675395501773
Cc1ccc(Cl)cc1CC(=O)C1(C)CCCC1,-6.621,-4.882,12.364759722695789,2.9500783040455048,0.0068548342995204,0.08122687388707515
Cc1nnc(SCC(N)=NC(=O)c2ccco2)o1,-6.806,-5.467,12.392956870739122,2.796305598463802,0.0068105030540448,0.08121376723831598
CC(NCC(O)c1ccco1)C(=O)N1CCc2ccccc2C1,-6.903,-5.672,12.394659253081546,2.817928494479588,0.0067933804445254,0.08119891671457294
CCCCN1CCC(Cc2c(-c3ccco3)n[nH]c2C)C1=O,-6.073,11.67,12.073013418364116,2.8323368443742702,0.0082976838918603,0.08117291233939086
CCC(=O)C(O)c1cc(OC)c(OC)c(OC)c1F,-5.512,-4.766,12.389780829377088,2.7307658266501,0.0068527310222249,0.08116459878149004
O=C1CC(C=Cc2ccco2)C(=O)N1Cc1ccccc1,-7.305,-5.623,12.385184738226556,2.9075003009458147,0.0067900853452175,0.08115836721095891
Nc1cnccc1Nc1ccc(Cl)cc1Cl,-6.031,-5.192,12.3759345909713,2.924944443916841,0.0068204231681936,0.08115539532212822
COC(=O)CCc1cccc2c1CCCN2,-6.25,-5.234,12.35671165804236,3.0769663631570627,0.0068160259238682,0.08114718032656995
CC(=O)OC1CC(O)C(C)N(Cc2ccccc2)C1,-6.857,-5.635,12.36582087853451,3.075022113741624,0.0067785213435741,0.08109433188057548
CCCC(C)NC(=O)C(C)N(C)Cc1cccc(Cl)c1,-6.345,-4.343,12.34269423586277,3.086469180147438,0.0068700727101116,0.08108509833749816
Cc1cc(S(=O)(=O)N(CCCO)C(C)C)ccc1CN,-6.113,-4.703,12.379775523005254,2.845553021821945,0.006843792872442,0.08108460063631383
CCC(COc1cccc(C)c1C)NC(=O)c1ccco1,-6.914,-5.18,12.36891369522805,3.0010713087162726,0.0068089019712486,0.08108169495874205
O=c1ccc(Cl)n[nH]1,-4.877,-4.001,12.368299883169067,2.844984534228613,0.0068933270686929,0.08107440746196341
CC(N)c1nnc(CSc2n[nH]c(-c3ccco3)n2)o1,-6.689,-5.699,12.39965197092241,2.8235513099641034,0.0067696181042797,0.08106825246514378
CCC(C)C(CO)NCc1conc1C1CC1,-5.972,-5.218,12.384612589822904,2.8867958015765507,0.0068029667218562,0.08106257465263571
COc1ccc(-c2nnc(-c3ccc(C)o3)o2)cc1,-7.104,-5.237,12.390541110056494,2.8381483400273493,0.0068014189742476,0.08106146390429966
COC(=O)c1coc(CNC(=O)OC(C)(C)C)c1,-6.301,-4.814,12.356414892678217,3.0546459696665345,0.006830878675738,0.08105566744629376
O=C(CCl)NC1C(=O)N(c2ccccc2)N=C1C(=O)O,-6.33,-5.688,12.396503821642618,2.8581681196178783,0.0067665833162179,0.08104540677700574
CCN(CC)C(CC(=O)OC)c1cccs1,-4.656,-4.024,12.36372605649284,2.8981913325382798,0.0068865496852359,0.08104448604422845
Cn1ccc(NC(=O)NC2(C(F)(F)F)CCCC2)n1,-6.504,-5.849,12.36363999799412,3.129122880297289,0.0067537939684768,0.08103707495874737
CC1Oc2ccccc2OC1COc1ccc2[nH]ncc2c1,-7.875,-5.687,12.35289476195762,3.180466318010615,0.006765151024918,0.08103640409952849
Cc1ccc(C(=O)N2CCN(C(C)C(=O)Nc3ccccc3Cl)CC2)cc1,-7.556,-5.717,7.183617125097912,9.782455622184033,0.0067606373575267,0.08102210281326325
CC(C)c1cc(N2CCCC2=O)ccc1N,-6.157,-5.282,12.38314879180574,2.9346020173100142,0.0067846957369663,0.08098092973444876
O=C(c1cc([N+](=O)[O-])cc(C(F)(F)F)c1)N1CCCCC1,-7.386,-5.624,12.37298100701686,3.056221523384717,0.0067595819674342,0.08097629119111939
CCOCCCNCC(C)C1(c2ccccc2Cl)N=NC1C,-5.974,-4.658,12.380485168199186,2.884886479568997,0.0068214928984653,0.08093309443436719
CC(NC(=O)NC1(c2ccc(F)cc2)CC1)Nc1ccc2ccccc2n1,-7.887,-6.925,12.423942610942794,2.8372444378304804,0.0066613305544181,0.0809322794980569
CCCNC(=O)c1cnc(NC(C)Cc2ccco2)s1,-6.425,-5.0,12.393016743311533,2.8411351604596358,0.0067894906028539,0.08088920530370669
CN(CCCn1ccnc1)Cc1ccco1,-5.225,-4.556,12.340268919274004,3.17808338468329,0.0068203791633628,0.08088273972317779
CCCCN(CC)CCNCC1CN(c2ccnc3cccnc23)CC1C,-6.118,-5.539,12.362448018090914,3.1437483996019777,0.0067493263777803,0.08087875958066479
Cc1nnc(NC(=O)CCl)o1,-5.13,-4.238,12.340889271037156,3.142401311099523,0.0068417712774424,0.08087272929229394
CC(CC(C)(Cc1ccco1)C(=O)O)N(C)C(=O)NC1CCCC1,-6.745,-5.207,12.398233301563574,2.843450192987386,0.0067662967162522,0.08083911968428478
CCC(CC)Cn1ccnc1NCCc1ccco1,-5.958,-4.985,12.386860538489968,2.910321459907822,0.0067815381229733,0.0808354169166683
COc1ccc(N2CC(=O)N(CC(=O)NC(C)c3ccco3)C2=O)cc1,-7.461,-5.289,12.378025084802502,3.0219205813521968,0.0067583730718845,0.08082666364139425
O=C(CC1CC(=O)N(c2ccn[nH]2)C1=O)Nc1ccccc1F,-7.3,-5.893,12.414218179168596,2.828753082190102,0.0067058758604498,0.08076767282345121
CC(=O)SC(C(=O)NC(C)c1ccc(F)cc1)c1ccc(F)cc1,-7.146,-5.515,12.37617937814413,3.087255415413503,0.0067273134289818,0.08073658513282903
CCc1ccc(S(=O)(=O)Nc2ccc(N)cc2F)cc1Cl,-7.128,-5.55,12.4010968466503,2.9061226746302364,0.0067235908660182,0.0807290761418594
Cc1noc(Oc2cccnc2)c1C(N)=S,-5.848,-5.015,12.376055672143693,3.0318332737800744,0.0067609603368631,0.0807254650610021
CCc1noc(N(CCOC)C(=O)c2snnc2C)n1,-6.185,-5.263,12.393628241963691,2.9374459995036517,0.0067389201940707,0.08069921117939703
CCc1ccc(Nc2cnnc(C(=O)OC)n2)cc1,-6.716,-5.648,12.41041679396788,2.854746573690912,0.0067096316865714,0.08068670155288106
CN1C(=O)c2ccccc2NC1c1cc(F)cc(Cl)c1,-7.329,-5.839,12.402010683756084,2.952721456554953,0.0066956976186113,0.08068355843828356
Cc1cccn1Cc1cccc(NC2CCC(C(=O)O)C2C)n1,-7.486,-5.962,8.346875163796328,8.654953552734987,0.0066844314779812,0.08066752250508284
COC(=O)C(CC(F)(F)F)N1C(=O)c2ccccc2C1=O,-5.988,-5.069,12.371966173571606,3.083964007572072,0.0067470737900322,0.08066550289246266
Cc1[nH]n(C(C)C(=O)Nc2ccccc2C#N)c(=O)c1C#N,-7.385,-5.495,8.442206938946711,8.55206723547003,0.0067165783103163,0.08066366947657896
O=C1C(N(C2CCCCC2)C2CC2)CN1Cc1ccccc1,-6.508,-4.998,8.49005471124892,8.495998822975437,0.0067510485498584,0.08065903149683414
Cc1ccccc1C(=O)NC1CC(N(C)CC(F)(F)C(=O)O)C1,-7.085,-5.442,8.327983009108507,8.666127681958072,0.006716361256134,0.08063991086396802
CS(=O)(=O)c1ncn[nH]1,-4.298,-3.857,12.355349205910771,3.064487395960375,0.0068294710424014,0.08063599349189933
Nc1ccc(-c2csnn2)cc1O,-5.897,-5.106,12.376058702187866,3.068621188742592,0.0067391608244288,0.08063392118199975
O=C1CCC(=O)N1c1ccc2c(c1)CCCN2,-6.706,-5.559,12.397525922537932,2.96719766783408,0.0067067617683091,0.0806317894108026
COc1ccc(CNC(=O)c2c(C)cccc2OC)cc1,-6.991,-5.289,8.244326655343055,8.747864082163144,0.0067231348074717,0.0806156725009312
C=C1CC(=O)C(C)=CC1Cc1ccco1,-6.672,-4.893,12.385061243288222,2.984071212286999,0.0067499872803026,0.08060797037643673
Cc1noc(SCc2noc(Cl)n2)n1,-6.216,-5.062,12.395792753995204,2.9237375053174657,0.0067369221949352,0.08060181907297459
CC(C)C(C)(O)CNC(=O)c1cnccn1,-5.688,-4.844,12.39345456279241,2.913686496519487,0.0067519331308076,0.08059870683578023
CC1CC1C(N)c1cccc(C(F)(F)F)c1,-6.907,-5.498,12.393823340680632,3.001288723198753,0.0067036025102726,0.08058698413797935
O=C1CCC(C(=O)NC(Cc2cnc[nH]2)C(=O)O)N1,-6.663,-5.504,12.387556861625296,3.05195887914631,0.0067008014858003,0.08057268492093897
CCOC(N)N1CCCC=C1CC=O,-5.099,-4.382,12.387171307445456,2.910633951564504,0.0067800614576748,0.08056886021445299
Cc1ccccc1-c1n[nH]c(=S)n1CCC(=O)Nc1ccn[nH]1,-7.616,-5.589,12.402490193505496,2.9548505884392866,0.0066925651735649,0.08055908613634659
FC1C=CC2CC(Cn3cncn3)NC2C1,-6.028,-4.986,12.36751502930156,3.137645614150839,0.0067319550210455,0.08053978663254709
CC(C)(CNC(N)=O)NC(=O)Oc1ccc(F)cc1,-6.871,-5.379,12.40377994806422,2.9244968798068496,0.0067029876118593,0.08053291200050564
CN1C(=O)Cc2ccc(NS(=O)(=O)c3ccccc3Cl)cc21,-6.99,-5.55,12.389053757248776,3.0602779285548563,0.0066896205620743,0.08052487990175065
COc1ccc(Cn2ccnc2CN(CCO)C(C)C)cn1,-6.026,-4.459,12.389972114577176,2.9139270752714457,0.0067665210187356,0.08052129511334181
Cc1c(N)ccnc1CN(C)C,-4.613,-4.201,12.371287483524098,3.030313845132217,0.0067820233252581,0.0805029743776489
Nc1cc(C(=O)NCc2c[nH]cn2)ccn1,-6.677,-5.107,12.398997943382362,2.9365990533268245,0.0067167844145495,0.08050036773805525
O=C(NC1CC1)c1ccc(CNc2cn3ccccc3n2)cc1,-7.06,-5.561,7.140006512602072,9.842962562155764,0.0066836337472594,0.08049348636102555
Cc1coc(CC2C(C)OCCN2c2ncc3cc[nH]c3n2)n1,-7.818,-6.377,12.41896312096948,2.9501766048831723,0.0066264620872628,0.08049098285433323
COc1ccc(Cl)cc1N=NCCN(C)C,-5.041,-4.017,12.374173467347225,2.9891684462405257,0.0067932375017309,0.08049053463029987
CCOC(=O)C(O)(C1CC1)C1(C)CCCO1,-5.049,-4.26,12.38784472779668,2.914814573862289,0.0067750682911722,0.08048695671461845
Nc1ccc(NC(=O)c2cnc(Cl)c(C(F)(F)F)c2)cc1N1CCCC1,-7.452,-5.825,7.941141542624712,9.063264367765072,0.0066632613975347,0.08048199514937819
COC(=O)CNNC(C#N)C(C)C,-4.889,-4.413,12.389923567157304,2.926181299919744,0.0067604137525358,0.08046528862916799
COCc1ccc(Cc2c(C)n[nH]c2C)cc1,-5.97,-5.253,12.40078352363269,2.954557327248873,0.0066998627935959,0.08046077698398624
NC(=Nc1cccc(O)c1)c1ccoc1,-5.91,-5.385,12.406725474515827,2.924890083404845,0.0066904583134968,0.0804601486402795
Cc1cnn(C)c1C1OC(=O)CC1O,-5.728,-4.658,12.39656299141016,2.914637884883815,0.0067383439734496,0.0804383249797515
CC1(C(=O)O)CCN(C(=O)CCCC2CC2)C1,-6.267,-5.333,12.430119910926042,2.71289918721651,0.006689425167815,0.0804319360587123
CNCc1ccc(OCC(O)CN(C)C)cc1,-5.204,-4.307,12.39447756059125,2.8868484546300666,0.0067611273783166,0.08042421085961508
CCc1nn(C)c(CNCC(C)C(N)=O)c1CC,-5.982,-4.057,12.381604984815176,2.9589952686680667,0.0067782648192249,0.08041893759696785
Cc1ccc(O)c2[nH]cc(C=O)c(=O)c12,-5.691,-5.405,12.41486967309766,2.8736026169253117,0.0066819562235619,0.08041746408467206
COCc1noc(CNCC2CC(O)C2)n1,-6.027,-4.495,12.404574398180698,2.831047332702157,0.0067453476152967,0.08041058086403706
Cn1cc(OCC(O)Cn2cccn2)cn1,-5.79,-4.841,12.402409846477418,2.9072409600856965,0.0067175120473318,0.08039172448608266
CCCCNC(=O)c1nnc(NCc2ccc(F)c(Cl)c2)s1,-6.79,-5.265,12.38226990498915,3.114059247991277,0.0066851425948944,0.08037741657842687
CCOP(=O)(c1ccccc1)C(C)N,-5.429,-4.332,12.392637088206852,2.930583730248976,0.0067466754237271,0.0803488918679909
NC(N)=NCc1ccccc1NC(=O)c1cccn1C1CCC1,-7.083,-5.163,12.412834446652385,2.8828031497138333,0.0066859851422479,0.08033930585997814
COc1ccc(CCC(=O)Nc2ccccc2CN)cc1,-6.883,-5.167,12.36679804961656,3.211576715571341,0.0066852913969994,0.0803368312162127
CC1(O)CCCN(C(=O)C2CC3CCC2(C)C3)C1,-6.048,-5.582,12.394161730427758,3.0818715093267595,0.0066553931515235,0.08033210243909687
CC(C)(C(=O)O)c1ccc(Cl)cc1N,-5.21,-5.118,12.395592160118854,3.039384806173776,0.0066745588017242,0.08025158744448761
CSc1cc(Cl)c(Cl)cc1-n1cc(CC(N)=NO)nn1,-7.527,-5.298,12.42552188038796,2.825783785076275,0.0066600286422276,0.08024023483383276
CNC(=O)Nc1nnc(-c2c[nH]c3ccccc23)s1,-7.01,-5.699,12.416811023769348,2.9582327494637743,0.0066311555511475,0.0802349034546891
Cc1ccc(C#N)c2nc(=O)[nH]n12,-6.378,-4.913,12.419848509543105,2.8363994782117694,0.0066787886752213,0.08019019364781763
CNCCCN(C)S(=O)(=O)c1cccc(Cl)c1C,-5.569,-4.686,12.394010488941827,3.021034259984484,0.0066916951238825,0.08017129956137745
c1cncc(-c2ccccc2NCc2cnc[nH]2)c1,-6.766,-5.738,12.423448997762256,2.9334568345213468,0.0066165340635364,0.08016277583715341
Cc1cn2cc(C(=O)N(C)Cc3c(C)nn(C)c3C)ccc2n1,-7.339,-5.853,12.40792113933676,3.064930341785927,0.0066084691225179,0.08016215331978171
O=C(O)C1CCC(Oc2ccc(C=NOCc3ccccc3)cc2)C1,-7.09,-6.139,12.454334546654833,2.7175224010116272,0.0065871069667464,0.08015215541392666
CC(C)CN(C)Cc1ccco1,-4.893,-3.756,12.39405994821713,2.903307252083389,0.0067546492595372,0.08014977075086326
CC(=O)Nc1ccc(S(=O)(=O)Nc2ccc3c(c2)OC(F)(F)O3)cc1,-8.871,-5.926,7.052604270764099,9.94711159080866,0.0066010102205178,0.08014749607133131
CCCCC(=O)ON=c1oc2ccccc2cc1-c1ccccc1,-7.365,-6.147,12.436530947173331,2.889560174144155,0.0065844327496085,0.08013922796254666
Cc1cc(CCCN)cc(CN2CCCC2)c1O,-6.811,-4.749,12.417230689650571,2.8577531383938672,0.0066796938921822,0.08012610037376239
CCn1ncnc1CNC1CCS(=O)(=O)C1,-6.489,-4.957,12.394337215034938,3.0648676969813886,0.0066648478590363,0.08012508106556585
Cc1c(NC(=O)c2cn[nH]n2)c(=O)ncn1C(C)C,-6.355,-5.121,12.416417559022408,2.921482158083461,0.006651787286584,0.0801158410272033
O=C(NCC(=O)N1CCc2ccccc2C1)C(=O)NC1CC1,-7.1,-5.538,12.393943561272176,3.142761206327964,0.0066184067113575,0.08009007734711782
COC(=O)C(CS)NC(C)C(C)SC,-4.297,-3.681,12.39019342060486,2.946586839039365,0.0067485873715037,0.08008164855776025
CC(Nc1nccnn1)c1ccn[nH]1,-5.756,-4.694,12.402574248921068,2.9893091175052477,0.006673647192024,0.08006650556829073
CCOC(=O)C1(NC(=O)c2ccco2)CCN(c2cnccn2)C1,-6.818,-5.314,12.41700080534748,2.9649961214139893,0.0066267957464734,0.08004652832392704
Cc1nccc2c1N(Cc1ccccc1)C(=O)CO2,-7.013,-5.619,12.40239255143942,3.1110168755569294,0.0066034803047698,0.08003372242568199
O=C(NC(C1CC1)C1CCC(O)C1)c1csnn1,-7.327,-5.689,12.426790575204846,2.9424816057199075,0.006598103848353,0.08003050164312339
COc1ccccc1S(=O)(=O)CC(=O)c1ccccc1F,-6.871,-5.548,12.419934218827407,2.9799296971573006,0.0066066957408144,0.08002338855470839
Cc1cn(CCBr)c(=O)[nH]c1=O,-5.105,-4.255,12.39909323297474,2.977296424610757,0.0066947417457533,0.08000627081331038
C=CCCC(NC(=O)c1ccon1)c1nccn1C,-6.452,-4.473,12.410263212357746,2.9233455149879224,0.0066764710996871,0.07998965087558212
NC(=O)c1cc(Cc2ccccc2)ccc1O,-7.102,-5.577,12.41364938283662,3.040556199118839,0.0065989878240623,0.07998886696598238
Cc1ccc(NC(C)(C)C)nn1,-5.057,-4.19,12.397565446489889,2.985974212882623,0.0066964015829065,0.07998850797082468
O=C1C=CC2(Cl)CCC3=C4c5ccccc5CCC4C(C3)CC2C1,-5.873,-4.608,7.445433298337982,9.550298686428608,0.0066664278241179,0.07998672897820733
CC1CCCCC1NC(=O)c1cn[nH]n1,-6.463,-4.77,12.36986919898509,3.2397081658692666,0.0066526781172471,0.07997279092257802
COc1cccc(OCc2nc(C3CC3)no2)c1,-6.472,-5.273,12.411686509092952,3.0230491229882457,0.0066170443436331,0.0799703539814111
Cc1cccc(C)c1N(Cc1ccco1)C(=O)C1CCC(C(=O)O)O1,-6.307,-5.915,12.434957901014382,2.9405706929097963,0.0065654890029324,0.07992696419771697
Cc1ccccc1N1C(=O)CCC1=O,-5.556,-4.706,12.409028849994668,2.984391060166212,0.0066494590835582,0.07992635585079563
Cc1ccc(C(=O)c2c[nH]c3ccccc23)cc1F,-7.681,-6.198,12.456592351040474,2.79944244448783,0.0065435977063603,0.0799115892224793
CC(C)Oc1ccc(C(O)=C2C(=O)C(=O)N(c3ccccn3)C2c2cccnc2)cc1,-7.0,-5.513,7.350899332734738,9.660914552980996,0.0065903859369912,0.07990986711552359
CCn1ncc(Br)c1C(=O)CC(=O)N(Cc1ccccc1)C(C)C,-6.678,-5.289,12.405393141694462,3.090129123515716,0.0066038677616391,0.07989742000626904
CC(C)c1nnc2c(C(N)=O)nccn12,-5.594,-5.276,12.422394736925728,2.9766590332115634,0.0065982955429419,0.07985824032367503
CCOC(=O)c1nnc(NCc2ncn[nH]2)o1,-6.023,-5.307,12.429168475807222,2.934985349196824,0.0065921460206402,0.07983404253473612
CCCCCCc1nc(C(=O)OCC)[nH]c(=O)c1CC,-6.081,-4.805,12.40371013044081,3.0658429509679714,0.006625344663596,0.07982311323464689
CN1C(=O)C=C(SCC2CO2)C1=O,-4.984,-4.413,12.413407791577622,2.945535944442031,0.0066519318717987,0.07981707922631699
[O-][n+]1ccc2[nH]cc(-c3cn[nH]c3)c2c1,-6.602,-4.851,12.40677190086124,3.057774026967984,0.0066174205113932,0.0797947740683424
C=C(C#N)CN(CC(C)C)C(C)C,-4.527,-3.841,12.379294365996795,3.128689182389328,0.0066883174410455,0.07979151487724777
O=C(O)C1CC(=O)N(CC(O)c2cccc(O)c2)C1,-7.441,-5.72,12.460616678158429,2.733935990472345,0.0065546919276272,0.07977974774951319
O=C(Nc1ccc(F)c(Cl)c1)c1ccc2c(c1)CCC2,-7.38,-5.774,12.442348090292285,2.9122178833322208,0.0065494620774693,0.079770473989179
CN(C)CCNc1cc(C(=O)O)c([N+](=O)[O-])cc1F,-6.274,-4.679,12.405277667186656,3.0581808318018084,0.0066233646998819,0.07975796814409558
CC(CCBr)NC(=O)c1cnc[nH]1,-5.194,-4.114,12.395284466279907,3.0638604733244628,0.0066615010453024,0.07974749994267645
O=C(Oc1c(F)c(F)cc(F)c1F)c1cc(Cl)ccn1,-7.257,-5.414,12.41779533572687,3.074855118538108,0.0065619753900985,0.07969597816220925
N#CC1=C(c2c(Br)[nH]c3ccccc23)NCN1,-6.453,-5.447,12.407491366106203,3.1474886814728973,0.0065595948995595,0.07969534136244577
Cc1cc(N(c2ccccc2)c2ccc(Br)cc2)c2cccc[n+]2c1,-6.485,-6.007,12.414155670040552,3.1669603723444344,0.0065198381541018,0.0796869127011695
COc1ccc(C(=O)c2n[nH]c(=S)o2)cc1,-6.173,-4.645,12.418424779334938,2.978380936012047,0.006613763255588,0.07968578156485329
CCc1nc(C)c(S(=O)(=O)Nc2ccc(F)cc2)[nH]1,-7.165,-5.644,12.429401353243044,3.0231404201591427,0.0065441387064739,0.0796837493190653
C=CCc1cccc(Oc2cncc(CNC(C)C)n2)c1,-6.484,-5.584,12.418042921491292,3.096556958946501,0.0065479971814463,0.07968215572926148
CCC(CCc1ccccc1F)CNC,-5.681,-4.63,12.423728305142545,2.941920461195374,0.0066110330232707,0.07966299936357112
CC1(Cn2cc(I)c(=O)[nH]c2=O)CCC1,-5.407,-4.871,12.425181125440384,2.972051311804694,0.0065892685932714,0.07963328120174068
Cc1ccc(S(=O)(=O)n2cc(Cl)c3cccc(F)c32)cc1,-7.19,-5.099,12.377199602494905,3.307961759150187,0.0065722809881953,0.07962636658060433
C=Cc1ccccc1OC(C(=O)O)C1=CC=CCC=C1,-5.89,-4.527,12.39981503894312,3.1152582557470248,0.0066114944393047,0.07962227809661386
O=C(Nc1ccccc1Cl)c1ccc(-c2ccccc2Cl)o1,-7.463,-5.6,12.395254777534827,3.258527428149102,0.0065346445580588,0.0796075529323892
Cc1cn(-c2c(C(F)(F)F)ccc(C)c2C#N)cn1,-6.047,-5.222,12.445802665959317,2.8616236649846183,0.0065596664343903,0.07960149928804881
CCOC(=O)c1ccnn1CCNC1CC1,-5.403,-4.381,12.390688318249314,3.167925030678599,0.0066155307791396,0.07958485767091598
COC1OC(C)C(C)C(O)C1C=O,-4.643,-4.219,12.444845037203155,2.715914026621609,0.0066269361696182,0.07958483088120358
Cc1ccccc1COc1ccc(OC(F)F)cc1,-7.033,-5.195,8.473662962379375,8.559429069745248,0.0065566844946334,0.07957208619767812
COCCN1CC(C(N)=O)C2CCCN2C1=O,-6.023,-5.352,12.437877230460188,2.955843872737531,0.0065456637990237,0.0795709193315
Cc1ccc(CNC(=O)c2c(C)oc3cc(N)ccc23)o1,-6.978,-5.714,12.400656797121677,3.2473957258086057,0.0065205008267843,0.07956889748975493
COC1(C)CCN(c2nc(C)nc3ncccc23)C1,-6.774,-5.102,12.427353258035277,3.0064933061625143,0.0065617385667581,0.079563736449936
CC(=O)c1ccccc1COc1cccc(F)c1C,-6.868,-5.728,12.427106742922907,3.085803947110056,0.006517431068504,0.07955600066900169
Cc1occc1-c1noc(CN2CCCCC2)n1,-6.941,-5.362,12.44411338746156,2.911703796748564,0.0065424942161432,0.07955583591916969
CCOC(=O)c1nnc(Cc2ccc(F)cc2Cl)s1,-6.505,-5.305,12.43710392334164,2.9637228277961487,0.006544724861762,0.07954554061888426
COCC1(C(=O)NC(C)c2ccc(O)cc2)CC1,-5.648,-4.454,12.429610130651724,2.911365487189817,0.0066022340759167,0.07953567347201358
CN(C=Cc1ccccc1)C(=O)C(=O)c1ccc(Br)cc1,-7.594,-5.388,12.434664008327688,2.9976137176093927,0.0065366589044195,0.07953122245586826
OCC1CC1c1ccc(OC(F)(F)C(F)F)cc1,-6.249,-4.78,7.172001533742168,9.83921023253391,0.0065712556795922,0.07948609506661967
CCc1nc(C(C)Nc2cc(C)nc(N)n2)no1,-6.879,-5.245,12.44471273272308,2.916586189365917,0.0065376282590412,0.07947729632701718
CC(C)(CBr)CNC(=O)c1ncc[nH]1,-5.66,-4.96,12.429689698459894,2.99748477894384,0.0065570816975931,0.07947591572321477
CCc1cc(CNCc2cc(Cl)ccc2F)n[nH]1,-6.765,-5.026,12.417467938352006,3.093476200005425,0.006552208229549,0.07947406403375042
C[n+]1[nH]oc(=O)c1-c1c(-c2ccccc2)sc(N)c1C#N,-6.098,-4.992,12.447282514669618,2.8614941901041844,0.006553663052358,0.07946862240654629
Cc1nnc(CNC(=O)c2c(F)cccc2Cl)o1,-7.021,-5.768,12.438958356711384,3.032532110299906,0.0064999379905467,0.07946581062359229
COc1ccncc1OSC,-4.31,-3.517,12.37288026289756,3.216374511775642,0.0066565947386436,0.07946409979082168
CCCCOCC(=O)OCCC(C)(C)C,-5.296,-4.193,12.428909887838111,2.9045256067041314,0.0066085203430503,0.07946317322556151
COc1ccc(C2=NC(C)C=C2)cc1,-5.782,-4.499,12.440155384881653,2.8580502094959765,0.0065845356191005,0.07944797408940561
CCCC(Nc1nnc(C(=O)O)s1)C(=O)NCCC(C)C,-5.895,-5.067,12.44105602430919,2.9393552014004705,0.0065411334992747,0.0794240520162119
Nc1cccnc1NCC1CCN(c2ccccc2)C1,-6.654,-5.186,8.475453321209432,8.564181338575217,0.0065300987134572,0.0794068340736488
Cc1ccc(C(N)=O)c2nc(C#N)ccc12,-6.661,-5.439,12.452753390314932,2.9026074484848965,0.0065117079868832,0.07940057127197564
CN1CC(=O)Nc2ccccc2S1(=O)=O,-4.526,-4.458,12.419962842134431,3.0347092117697203,0.0065763286074006,0.07938116730906848
CC(=O)N1CC2(CCCN(C(=O)c3ccco3)C2)C1,-6.092,-5.427,12.44573541418907,2.9643850964407448,0.0065091704103784,0.07938009268108032
CCC(C)C(NC(C)C(=O)Nc1ccc(C#N)cc1)C(=O)OC,-6.2,-5.369,12.433418677097624,3.0499811474827188,0.0065125990287155,0.07937678914402416
CNC(COC)c1ccc(SC)cc1,-5.411,-4.055,12.40612078774022,3.08536740113718,0.0066037365234878,0.0793760169276525
CCCN(C(=O)N1CC(O)CC1CC(=O)O)C1CC1,-5.584,-4.503,12.421051404772465,3.0338782111350486,0.0065723271307758,0.07937597211494414
CCc1cnc(CC)n1C1CCN(C2CC2)C1=O,-5.697,-5.08,12.409839201214494,3.174938739566481,0.0065322499227302,0.07937554358284143
COc1cc(C(O)C2CCO2)ccc1F,-5.922,-5.134,12.447358755977108,2.9242973515017243,0.0065229922889088,0.07934186744487658
COc1ccc(C(C)(N)c2ncc[nH]2)c(OC)c1,-5.906,-4.923,12.43600655355247,2.9884234974313806,0.0065361289639264,0.07933332650838074
O=C1CC(C(=O)C=Cc2cccnc2)C(=O)O1,-7.117,-5.572,12.440580131167518,3.0406165493202195,0.0064888165000044,0.07931626101184733
CON(C)S(=O)(=O)c1cnc[nH]1,-4.889,-4.116,12.419650558691256,3.0141620726165343,0.00658915474052,0.07931411978841202
CC(NCc1ccco1)c1ccc(Oc2ncccn2)cc1,-6.756,-5.197,12.440521210946107,2.995987483284935,0.006513651912224,0.07931136977249187
S=c1nc(Cc2ccccc2)cn[nH]1,-5.953,-4.859,12.424028372472431,3.0774341585158247,0.0065349427934205,0.07929929897125491
CC(CN1C(=O)NCC1(C)C)C(=O)O,-5.198,-4.606,12.432247262663337,2.986724125191345,0.0065524161595084,0.07929895748920252
CCCNC(=O)Cn1nc2c(c(C)c1=O)CNC2,-6.211,-5.107,12.463219648228945,2.8053110344487653,0.006513994690054,0.07927584134013535
CN(C)CC(=O)NCc1cccc(F)c1,-6.133,-4.874,12.45204706062421,2.8708620656520583,0.0065297854575133,0.07927428781196873
C=CCC(Cc1cccc(O)c1)NC(=O)OC(C)(C)C,-6.459,-5.438,12.465763113423902,2.8485436629969367,0.006484355264012,0.07923321657327442
CCN=Cc1c(O)[nH]c(=O)c(C#N)c1C,-5.644,-5.451,12.469985404963392,2.8129239236068933,0.0064831834397285,0.07923146902341653
Cc1noc(CNC(=O)CC(O)C(C)N)n1,-6.139,-4.778,12.455167080372709,2.8486723223284214,0.0065273793749266,0.07921944770571186
Cc1cc(F)c(NCc2ccc(C#N)s2)c(F)c1,-6.529,-5.027,12.41719026189097,3.163240427156937,0.0065098849676328,0.07921738933932239
Cc1cc2c(nn1)CCC(NC(=O)c1cnn(C(C)c3ccccc3)c1C)C2,-8.37,-6.362,7.180716746955,9.868379451561436,0.006418825758387,0.0792136935504493
CC(=O)N(C)Oc1cnc(C#N)c(Cl)n1,-5.402,-4.363,12.431214180441104,2.991795614676912,0.0065539173028571,0.07920580827327835
COCOc1ccccc1C(CN)C1CC1,-5.399,-4.315,12.432362044277829,2.9810759802460587,0.0065549688989584,0.07919195115924413
Cc1ccc(SCc2ccc(Cl)c(Cl)c2)c(CN)c1,-7.028,-5.677,12.455226493323998,2.9830249747529773,0.0064609408282854,0.07918930500981788
CC(CN(C)C)Nc1cc(Cl)ncn1,-5.651,-4.203,12.424945110542742,3.025235362744525,0.0065612169618088,0.07918248207366241
CC(=O)c1nccc(CNc2nc(C)nc3c2CCCC3)n1,-7.909,-6.193,12.456474862496211,3.0420327085684007,0.0064238869112117,0.07917518639178922
CCn1ncc(S(=O)(=O)Nc2cnc(Cl)cc2C)c1C,-6.051,-4.81,12.457504766204186,2.8487523584895897,0.0065178132204013,0.0791747802236391
Cc1cc(NC2CC3C(=O)CCCC23)n(C)n1,-6.854,-5.626,12.455002448815495,2.9886941964677485,0.0064588482524991,0.07915531077797772
CN(Cc1ccccc1)CC(O)c1ccccn1,-6.411,-5.087,12.442771114185136,3.0168150423915616,0.006493172550047,0.07914068836488876
Nc1nc(Cl)nc(Cc2cccc(Cl)c2)n1,-6.812,-5.106,12.428018466352553,3.123033461236046,0.0064912118226757,0.07913666792435357
CCC=C(CCC)C(=O)ONc1cccc(Cl)c1,-6.459,-4.913,12.42243112277142,3.140047451870752,0.0065033226343231,0.07912979876720061
Cc1ccccc1C(=O)C1NCCCS1,-5.742,-4.685,12.448662739427077,2.9230896325634634,0.0065182804830283,0.07912524580626201
CCOC(=O)C1(c2cnc(C)n2C)CC1,-5.071,-4.808,12.421742108094175,3.1400308915677884,0.0065061340522485,0.07910297548443163
Nc1c(N2CCOCC2)nc[nH]c1=O,-5.375,-4.847,12.447676449843962,2.961264257036173,0.0065028985249404,0.07909961790695667
Cc1cc(Nc2nc(-c3ccco3)c3n[nH]nc3n2)on1,-8.728,-5.967,12.463792119575809,2.982896075963761,0.0064265137172438,0.07909800842633188
CC(CC(=O)NCCNC(=O)Cc1ccc(F)c(Cl)c1)c1c(F)cc(F)cc1F,-7.76,-6.015,12.447189682815957,3.108033140106457,0.0064229589954383,0.07909596279460926
Cc1nc(CN(C)C2CCN(CC(C)O)C2)no1,-6.717,-5.403,12.456524154032696,2.976813564871001,0.0064589644420183,0.07906339180056933
COc1ccc(NCCc2ccc(C)cc2)cn1,-5.998,-4.986,8.222778301766379,8.827052339257992,0.0064859349729446,0.07905442187414481
Cc1nc2cc3c(cc2cc1CC(=O)Nc1nnc(C)n1C)OCO3,-7.535,-6.135,8.27092902883346,8.798597331393227,0.0064078334237803,0.07905227853811718
Cc1noc(N)c1-c1cc(C(=O)O)co1,-6.569,-5.821,12.475366327286746,2.893119078088559,0.0064248585390478,0.07902745597850652
CC(C)CN1C(=O)CC(n2cccn2)C1=O,-5.557,-4.822,12.450380355635726,2.960351668298886,0.006492390636389,0.07902523557174819
CC1CC1C(=O)Cc1ccc(F)cc1Cl,-5.977,-5.3,12.470209140186864,2.8671450957354776,0.0064578144389899,0.07901353542057088
Cn1ncc(F)c1C(N)c1c[nH]c2cnccc12,-6.734,-5.257,12.474934148122786,2.8375092951389607,0.0064522742553457,0.0789617606616539
Cc1ccnc(N2C(=O)C(C(C)C)CC2C)c1,-5.951,-4.548,12.454728620086428,2.908637137904967,0.0065007354351733,0.0789613219716969
CCN(C(=O)Cc1ccco1)C(C)C(=O)c1ccc(C)cc1OC,-6.817,-5.115,12.453887184329236,2.991681968391694,0.0064617640692841,0.07896070710602589
CC1CC(c2n[nH]c(=O)[nH]2)CCN1CC1CC1,-7.002,-5.092,12.43670406498442,3.1128417884627546,0.0064622799880126,0.07895428222020479
COC(=O)c1cnc(N(C)CCN(C)C)c(N)c1,-5.347,-4.143,12.439270838759,2.980571421724364,0.0065269950076637,0.07895047996318698
CC(Cc1ccccc1)Nc1ccc(S(N)(=O)=O)cc1Cl,-7.102,-6.056,8.538916266131201,8.53508904464388,0.0063922681297994,0.0789236606212009
N#CC1(NC(=O)COCC2CC(Cl)C2)CCC1,-6.422,-5.279,12.436857561297389,3.1413953905868004,0.0064441124361896,0.07892094322986493
Nc1nc2ncc(Sc3cccc(Cl)c3)c(N)c2s1,-6.739,-5.144,12.445678527103295,3.0757272310788544,0.0064481092962463,0.07888929494053064
CCCCCCCCCCc1c[n+](=O)o[nH]1,-5.581,-3.588,12.391672849135425,3.253545297056735,0.0065528463288323,0.07887242855030391
CC(C)C(=O)Nc1n[nH]c(C2CC2)n1,-5.589,-4.95,12.46429320098015,2.921227481727501,0.0064558338540567,0.07885577005988921
CC(NC(=O)c1ccco1)C(=O)NCC1C=CC=CN=C1,-5.653,-4.633,12.47369921073937,2.797115835999646,0.0064750134585009,0.07884047523303658
COc1ccc(OCCC(=O)Nc2ncccn2)cc1,-6.577,-4.544,7.430213859640919,9.6105396310509,0.0064803566994907,0.07883578662978126
Cc1cc(NC(=O)C2CC2c2ccco2)ccc1F,-7.087,-5.017,12.471565018072113,2.877635487687765,0.0064474547782824,0.07883246355582
COc1ccccc1CN(CC1CNC1)C1CC1,-5.652,-4.556,12.45927546047522,2.92381856482238,0.0064748293691799,0.07880717472302477
CCOC(=O)C(O)c1ccc(F)c(OC)c1,-5.748,-4.734,12.466393664568756,2.8897927261310628,0.0064625744564841,0.07880685946162236
CC(C)(NCC(=O)Nc1ccc(OC(F)(F)F)cc1)c1ccc(Cl)c(F)c1,-7.769,-5.424,6.792140825984102,10.241605879938946,0.0064146031232014,0.0788001109627403
N#Cc1ccc(OCCCCO)c(CN)c1,-5.701,-4.407,12.442533905921254,3.037043792901248,0.0064829051256885,0.0787939595814969
O=[N+]([O-])CC1(c2ccc(Cl)c(Cl)c2)N=NN=N1,-6.581,-5.585,12.481634107760089,2.8886292597008705,0.0064018600874693,0.07878838547165685
CC(C)c1nnc(SCC(=O)Nc2ccc(I)cc2Cl)o1,-6.837,-4.932,12.45198413908402,3.034787307209518,0.0064459856853142,0.07878810910811791
Cc1ccc(CC2CC(c3nn[nH]n3)=C(C(C)C)C(=O)N2)cc1,-8.684,-6.29,12.484078380080764,2.9673242155180817,0.0063535483206936,0.07878033799479518
CC1C(=O)NC(=O)CC1c1cnn(C)c1,-6.057,-5.691,12.48078467084502,2.913531705679552,0.0063933726092705,0.0787799183190629
CCC1(C)CCN(CC2CCCC(=O)C2)C1,-5.742,-4.597,12.400185361517789,3.323317017679776,0.006467028247475,0.07877681145181092
Cc1cc(Br)c(S(=O)(=O)Nc2cccc(Br)c2)cc1N,-6.736,-5.102,12.453016662640422,3.0610653374274777,0.0064270296748406,0.07874280134015137
Cc1ccc(C(=O)Nc2cnccn2)cc1C1CC1(C)C(=O)O,-6.577,-5.328,12.47937542507637,2.898334176729799,0.0064063028986905,0.0787093694488403
CCOC(=O)C=Cc1nncn1CNCc1ccc(O)cc1,-6.758,-4.676,12.444465356133223,3.0814970387783926,0.006449633569871,0.07870373917967365
CC(OC(=O)CCNC(=O)C1CC1)C(=O)NC1CCCC1,-6.347,-4.995,12.473902556938626,2.90072163435239,0.0064271097252864,0.07869884634051885
CCc1nc(CCNCc2c(Br)cnn2CC)n[nH]1,-6.472,-5.585,12.482269585295777,2.9160010288064027,0.0063862479105505,0.07869225645243481
c1ccc(CC2Nc3ncccc3S2)cc1,-6.443,-5.094,12.462144037042744,3.0198759908314114,0.0064133661990349,0.07865573699632987
Cc1cc2c(s1)CCCC2NCc1cc(F)ccc1F,-7.142,-6.01,12.468162374624418,3.089415802380768,0.0063502358047743,0.07864485676028764
CCC(C)c1cc(OC)c(OC)c([N+](=O)[O-])c1,-5.997,-4.354,12.469538764525335,2.866893963857052,0.0064606371596125,0.07863636893127135
COC(=O)Nc1cccc(-n2cncn2)c1,-6.622,-4.554,12.470419118858835,2.889256132640372,0.0064465911638812,0.07863430474105895
CCOc1ccc(-c2ccc(C(C)NC(=O)Cc3ccccc3F)c(C)n2)cc1,-7.229,-5.748,7.400262495344338,9.668556458954978,0.0063650134788248,0.07862848067265107
COC(=O)C1=CCCC(=O)C1CC(=O)Cc1ccc(O)cc1,-6.768,-5.403,12.496428329726855,2.7920898982661715,0.0063858127218143,0.07861439627438192
CCN(C(=O)C1C=CC(Cl)=CC1C)C1CCCCC1,-6.255,-4.814,12.47895608614759,2.8641316310532936,0.0064239969793048,0.07860456423363342
Cc1c(NC(=O)CCN2CCCC2)cnn1C,-6.03,-5.012,12.441894952136511,3.1642861754272484,0.0064094829264437,0.07859790709497946
CC1CCC(Nc2ncc(Br)cc2C(=O)O)C1,-6.234,-4.647,12.461234930776325,2.989123115564161,0.0064335126499957,0.07859324064221153
CC1CN(C(=O)C=Cc2cn3ccccc3c2N)CCO1,-7.118,-5.142,12.40902353128561,3.368314712137213,0.0063969269180355,0.07857474775629888
O=C(c1ccccc1Cl)N1CC1,-5.049,-4.267,12.453785609203331,3.010603095726834,0.0064520084531429,0.07854748916277766
Nc1ncnc(Nc2cccc(O)c2)c1Br,-6.045,-5.084,12.47535827140848,2.951507072666437,0.0063963081616855,0.07854692159660062
NC1CCN(C(=O)C2(C3CC3)CC2)C1,-5.364,-4.174,12.469316180127922,2.8759840055188066,0.0064572971597439,0.078540784229861
CCOC(=O)C(C)(C)CNCC1(C(C)C)CC1,-5.463,-3.781,12.45465860632077,2.942433346738716,0.006484206241016,0.0785393616512109
O=C(COC(=O)C=Cc1cccs1)Nc1ccc(-c2ccc3ccc(F)cc3n2)cc1,-8.046,-6.417,7.237177972110399,9.842299375654044,0.0063052462509355,0.07853220205174431
NCC#Cc1cccc(CNCc2cnc[nH]2)c1,-7.238,-5.454,12.494369691985266,2.851577808863016,0.0063680939428835,0.07852629904064266
O=S1(=O)CCCCN1c1ccc(CO)cc1,-5.946,-4.587,12.4528501958387,3.063868959338829,0.0064260966513391,0.07852295221239027
CC1(Nc2ccc(C(N)=O)nn2)CCCCC1,-5.819,-5.214,12.46988877255928,3.0212820126562168,0.0063816365427459,0.07851056502674546
C=CCNC(=O)c1ccccc1NC(=O)c1cccc(NC(=O)CC(C)C)c1,-7.571,-5.83,8.22730046856197,8.859434914259486,0.0063387750022563,0.07849994299650802
CCc1nc(CN2CCC(O)CC2)n(-c2ccc(F)cc2)n1,-7.306,-5.773,12.499041963286627,2.874230505718009,0.0063392481971932,0.07847945174120856
COC(=O)CC(NC(=O)C1CCCN1)c1cc(C)ccc1OC,-6.274,-4.868,12.499283419460491,2.733503795497639,0.0063983636933228,0.07846998666703395
NC(=Nc1cc(Cl)c(Cl)cc1Cl)n1cncn1,-6.434,-4.861,12.448452032280962,3.1413251980653,0.0063976293559495,0.07846257976896077
Cc1ccc(C(=O)O)cc1OCC1(O)CCCC1,-6.542,-5.766,12.504256595255873,2.8355856537935864,0.0063359551825655,0.07845618941955869
CCCS(=O)(=O)NC(C)CSc1ncnc2c1cnn2C,-5.995,-4.802,12.4518144460958,3.116068997952388,0.0063995996131485,0.07845017796384922
CC1(CNC(=O)c2nnc(C(C)(C)C)o2)CC1,-5.996,-5.543,12.478914455993358,3.018139327466511,0.0063474336616326,0.07843546422768527
COc1ccc(C(=O)C(C)OC(C)C)cc1F,-6.162,-4.809,12.427674802633032,3.2693023720665546,0.0063959987812201,0.07843100858828277
COc1ccc(Nc2nc(Cl)nc(NCCC(C)O)n2)cc1,-6.828,-5.431,12.497148514761276,2.8620134520997627,0.0063523337600668,0.07841958953228015
O=[N+]([O-])CC(c1ccc(O)cc1)N1CCOCC1,-5.958,-5.001,12.47442635955658,2.995842118670475,0.0063771583093919,0.0783949098071022
CC(=O)N1c2ccc(NC(=O)CC34CC5CC(CC(C5)C3)C4)cc2CC1C,-7.145,-5.7,7.3423097864364175,9.733940928524271,0.0063297386581995,0.0783905826071278
CC(C)(C)c1ccc(Oc2cc(C(F)(F)F)cc(Cl)n2)cc1,-7.8,-5.743,8.07349825044881,9.015659876015732,0.0063252994312684,0.07838074561028878
CCN1CCN(c2ccc(C=O)cc2[N+](=O)[O-])CC1,-5.801,-4.713,12.498338529580645,2.7536748174031,0.0063940646283545,0.07837931484690339
O=C=C1C=CC1=O,-4.481,-3.445,12.450912336049916,2.983482026089649,0.0064781428148881,0.07836143830278353
NCc1cc(Br)c(Nc2ccoc2)c(Br)c1,-5.642,-4.653,12.473060450426752,2.9792324514881345,0.0063913021744611,0.07833748056015954
NCc1cnc(N2CC3CCC2CC3)c(N)c1,-5.931,-4.66,12.458555173052773,3.089092099630569,0.0063886678555257,0.07832423956680765
O=C(C=Cc1ccc(O)cc1)c1c(Cl)cccc1Cl,-6.864,-5.473,12.48661227074822,2.98770965791524,0.006333015985064,0.0783175406506357
Cc1cc(Cl)ccc1S(=O)(=O)Nc1cncc(-c2ccccc2)c1,-7.343,-6.083,7.49794605208653,9.591423356311616,0.0062926789259251,0.07831748425355793
Cc1cc(-c2c(N)n[nH]c2C)ccc1Br,-6.391,-5.009,12.479156542010362,2.985413371712534,0.0063637909509543,0.07831601107904483
Nc1ccc(Br)c(C(=O)OCC(=O)Nc2ccc3c(c2)CCC3)c1,-7.548,-5.845,8.438937907106556,8.656454123947055,0.0063075627055005,0.0783125834951341
CCc1ccc(CN(C)C(=O)c2cnccc2-c2cnccn2)cc1,-7.482,-5.761,12.503895273073908,2.889922144280015,0.0063128093865326,0.07831070404444132
Nc1cc2c(cc1N1CCc3ccccc3C1)OCCO2,-7.115,-5.717,12.463511744287803,3.182115177048122,0.0063122124513751,0.07828895458386947
COc1cc(C2Nc3ccccc3C(=O)N2CC(F)(F)F)cc(OC)c1O,-7.248,-6.467,12.511492357029196,2.9369921688693688,0.0062605835823552,0.07827391867877721
Cc1ccccc1CN(C)C(=O)c1ccncc1,-6.347,-4.987,12.469283459766242,3.069472430239438,0.0063572547961274,0.07826669121498452
Cc1c(F)cccc1NC(=O)c1ccccc1N1CCCC1,-7.127,-5.616,12.474784166469574,3.1057551416684475,0.0063144806921645,0.07826157060702563
Cc1cc(Cn2ncnc2-c2ccco2)no1,-6.153,-5.183,12.483052631467997,2.997663423401634,0.0063419139014575,0.07825305725281954
CC(NC(=S)Nc1ccccc1C(C)(C)C)c1ccc(S(N)(=O)=O)cc1,-6.969,-6.044,8.505018577287176,8.597919399482645,0.0062783693939045,0.07821246061745914
Clc1cccc(-c2cnc(CCc3cnccn3)o2)c1,-7.031,-5.092,8.512950957218067,8.57406636316748,0.0063407930428462,0.07820861475410434
Cc1cc(F)cc(S(=O)(=O)NC(C)c2cccc(N)c2)c1,-7.326,-5.524,12.489266831964157,3.009896343730129,0.0063108863737754,0.07820152962983024
O=C1N=CC(C(F)(F)F)C1=O,-4.611,-4.274,12.470047794615706,2.997296281651181,0.0063938632960163,0.07819566733591796
COCC1CN(c2ccccn2)C1,-4.997,-4.158,12.467658721668636,3.001645548694915,0.0064011044243669,0.0781916347509861
CCC(C)OCC(=O)NC1C=CC=CC1,-6.04,-4.146,12.497891582182971,2.740360012845027,0.0064012044736965,0.07818724764399029
O=C(COc1ccccc1Cl)NCc1ccccc1,-6.891,-5.352,12.471368529556008,3.1228486995049884,0.0063178203863617,0.07817378960808842
N#Cc1ccccc1CN(C(=O)O)C1CCCC1,-6.127,22.95,11.913506830484463,3.071880857064609,0.0089954365582174,0.07817058122781437
CCOc1cc(-c2ccco2)c(N=C(N)N)cc1Cl,-6.67,-5.543,12.494072714691557,2.9992123966134843,0.0062975763891383,0.07812681289333424
CCOC(=O)c1nc(CC#N)n(-c2cccc(C(N)=O)c2)c1N,-6.47,-5.542,12.482231010520517,3.0878246388031814,0.0062955618406234,0.07811390575943757
CC(C)(C)c1ccc(CC2CNCCC2F)cc1,-6.007,-5.07,12.52977673384486,2.6011797323522265,0.0063255085138733,0.07810523242642664
NC(N)=NN=Cc1ccc(F)c(Cl)c1,-6.144,-5.097,12.490624243807831,2.978005204830912,0.0063221593363793,0.0780956736252318
O=C(O)C(Cc1ccccc1)N1CCCC1=O,-6.19,-5.224,12.495554329440532,2.957544927807522,0.0063130661409484,0.07809174263949907
CCC(CC(N)=S)NC(=O)C1CC1,-5.088,-4.701,12.491157512416532,2.922782407227743,0.0063475956519833,0.07808902142064927
CC1(C)C=C(c2ccc[n+]([O-])c2)N=N1,-6.239,-4.93,12.48711035428133,2.996390328378464,0.0063265185817442,0.07805375743087793
CCC1CCC(NC(=O)c2cc(C)ccc2F)CC1,-6.964,-5.242,8.688122351808818,8.407775092139419,0.0063053408925963,0.0780513463209517
CCCCCCn1c(=O)[nH]c2ncnc(N)c21,-5.782,-5.285,12.490300476769963,3.018630484176558,0.00630216366424,0.07804934573860145
Cc1ccccc1NC(C)c1ccc(CSc2ccccc2Cl)o1,-7.146,-5.334,8.434060113610764,8.663604677038306,0.0062986247047858,0.07804754981138358
Clc1ncc(Cl)c(Nc2ncc[nH]2)n1,-5.668,-4.987,12.477022441271796,3.085633160309241,0.0063173514559653,0.07802067160967222
CC(O)C1COC(=O)N1C(C)C,-4.538,-4.041,12.45008003990336,3.157500910530352,0.0063810510291351,0.07802039018003626
CCOC(=O)Cn1ccccc1=NC(=O)c1cccc(-c2cn[nH]c2)c1,-7.637,-5.733,12.509019705796296,2.9426950232737337,0.006267483223857,0.07801761783938257
CCC(=O)N1CCCc2ccccc21,-5.771,-4.809,12.47429372750217,3.084708900366452,0.0063286667676219,0.07801708654976959
CCC1CC(=O)Nc2cc[nH]c(=O)c21,-5.885,-5.05,12.478122695341636,3.0885734571157606,0.0063113151082448,0.07800932366690791
O=S(=O)(Cl)c1cc(C(F)(F)F)ccc1Cl,-6.683,-4.687,12.501466833935927,2.86126545430514,0.0063355514366268,0.07800911687834754
COC(=O)CCC=C(C)C(C)C,-5.24,-4.23,12.46910329574665,3.056497505315521,0.0063653120599107,0.07800261859493704
CCCOc1ccc(C)c(Oc2ncnc(N)c2C(C)O)c1,-6.913,-5.562,12.507033900969487,2.940902412525788,0.0062761439351658,0.07800153391394503
CCc1ncnn1CC(CN)CC(C)C,-5.689,-4.355,12.464632124535406,3.1047578005377487,0.0063552614631809,0.07799285095733402
Cc1nc(N)cc(C(=O)N(C)Cc2ccccc2Cl)n1,-6.729,-4.946,12.471212691635085,3.128883027535545,0.0063148105617699,0.07798809139145314
CN(c1ccncc1)c1ccccc1C(N)=O,-6.596,-5.509,12.476961529154444,3.1533735902997604,0.0062772857966416,0.07798692807048135
O=C1CC(CCl)C(=O)N1c1ccncc1Cl,-5.564,-5.03,12.47908894911804,3.091221603185381,0.0063059761795754,0.07796809222888472
Nc1nn[nH][n+]1N=Cc1cccc(Br)c1,-6.633,-5.273,12.493401218243172,3.0232613185101944,0.006287487097279,0.0779534874572705
CC(C(=O)NC1CC1)n1ccccc1=O,-5.637,-4.749,12.50159201861907,2.8973556909706484,0.0063184272656222,0.07792920067020877
CCCC(CCN)c1cnc2[nH]cc(N)c2c1,-6.614,-4.285,12.496340464311944,2.87590490107027,0.0063491895756034,0.0779265730783147
Cc1ccc(C(=O)Oc2ccccc2OCc2ccc(Cl)cc2)cc1,-6.226,-5.828,12.495164064549131,3.0851363016891167,0.006246412626786,0.07792511684339548
CC(C)(CNc1cc(Br)ncn1)S(C)(=O)=O,-6.2,-4.869,12.46634272752037,3.171784513487636,0.0063075912509866,0.07791179042078457
CC(C)Sc1cccc(C(=O)NCCc2ncc[nH]2)c1,-6.774,-5.1,12.499853879145949,2.966560634809273,0.0062916001178537,0.07790793331609408
CCNC1CC(Oc2ccncn2)CS(=O)(=O)C1,-6.073,-4.678,12.507262890017143,2.8515662362989223,0.0063169919319211,0.07789105884789614
C#CC(=C)N(C)C(=O)OC,-4.287,-3.691,12.469626056943328,3.026879085791172,0.006379638021528,0.07786599481177832
Cc1ccc(Oc2cc(Br)nc(C(C)C)n2)cc1,-6.831,-4.944,12.429678797137116,3.3989129144477945,0.0062909491856277,0.07783978524116675
CNC(c1ccnn1CCOC)C1CCCC(C)C1,-6.001,-4.66,12.493757321158435,2.9780619536873303,0.0063097630765076,0.07783905563710475
Cc1onc(C(C)C)c1CNC1C=CC(CO)C1,-7.08,-5.202,12.496175454914196,3.0295948574025537,0.006273196733965,0.07783574219958626
CC1(C2CC2)NC(=O)N(CCC2CC2)C1=O,-5.627,-4.666,12.493497868891644,2.983057491903232,0.0063082216405315,0.07783202140074663
COc1ccc(CN)cc1CN1CCC(C)C1,-6.252,-5.564,12.518300323925768,2.906920363546273,0.0062483275547131,0.07782930429430066
CC(O)C=Cc1c(Cl)cccc1Cl,-5.309,-4.348,12.48581843532894,3.00403412097799,0.0063276071211651,0.07782008084470868
CC(C)(C)CNCC(=O)NCC1CCCCC1,-5.746,-4.293,12.484833559162892,3.0066709164788885,0.0063301077799907,0.07781269620554696
Cc1ncnc(NCC2CCCO2)c1Cl,-6.263,-4.807,12.48625764590816,3.062183044822763,0.0062942629994447,0.07780391695773539
COc1ccc(C(C)NS)c(F)c1F,-5.515,-4.436,12.487139744553192,3.0106260146354944,0.0063188939898034,0.07780285354209523
Cc1nn(Cc2nc(C(C)C)oc2C)c(C)c1Br,-6.467,-5.582,12.465743700237065,3.2754646998555788,0.0062413574964969,0.07779323023171057
COc1cc2[nH]cc(CC3CCc4ccccc43)c2cc1OCCF,-7.989,-5.282,8.445051154374376,8.662374847580772,0.0062605992593317,0.07779031375783187
COc1cccc(CNCC2(N(C)C)CCC2)n1,-6.365,-4.795,12.480426194645757,3.1050798701482707,0.0062926498342116,0.07778900751640326
OCc1nc2ccccc2n1-c1ccc(F)cc1F,-6.164,-5.356,12.507108258906214,2.985986436673817,0.0062532938954595,0.07777519080862585
CSc1cc(F)c(Cl)c(F)c1,-5.33,-3.869,12.48934301714866,2.936046491457518,0.0063483151766031,0.07774858516595376
CNCc1noc(-c2ccc(C)nc2C)n1,-6.229,-5.096,12.515171912522815,2.8980374393716866,0.0062647119622468,0.07773963913047979
Cc1cccc(NC2CCN(C(=O)Cc3ccc(Cl)cc3Cl)CC2)c1,-7.746,-5.897,7.284448366211404,9.820574728599135,0.0062109067149796,0.07773138452416435
Cn1cc(-c2ccnc(Nc3cccnc3Cl)n2)cn1,-7.311,-5.531,12.50918002908264,3.01250211618183,0.0062314669263946,0.0777107633692843
CCCCCCCCCCOc1ccc(C(C)N)cc1C,-5.981,-3.912,12.476712467633453,3.051620389235857,0.0063378360390488,0.0777022351543637
O=c1[nH]nc(C2CN(Cc3cc(Br)ccc3F)CCO2)[nH]1,-7.378,-5.62,12.491021295314487,3.150937162178897,0.0062238519193477,0.07769954519597164
N#CC(=Cc1ccc(Cl)cc1F)C(=O)Nc1cccc([N+](=O)[O-])c1,-7.529,-6.23,8.323389273607237,8.80564642715116,0.0061757504662846,0.0776459452943507
Cc1ccc(S(=O)(=O)N(CCCl)CCCl)cc1,-5.121,-4.359,12.4364051477909,3.3562176627864884,0.0062976355943149,0.07764009923306237
Cn1ncc(C(=O)NC2CCCC2CO)c1C1CC1,-6.42,-5.061,12.51855379027466,2.900942260714612,0.0062501329711272,0.07763479574842559
Cn1ncnc1CNC(=O)CCn1ccccc1=O,-6.445,-5.307,12.483736539994746,3.1806579508020034,0.0062338447868436,0.0776341324380232
O=C(CSc1ccccc1Cl)c1ccc(Cl)c(O)c1,-6.313,-4.7,12.487790356984698,3.0908600744776527,0.0062719843635834,0.07762212661075438
CC1C(CO)CCCC1NCC(=O)NCCCn1cccn1,-6.412,-4.608,8.46771456769771,8.636056391663963,0.0062749713789756,0.07760276951306685
NC(=O)c1cccc(Cl)c1Nc1ccc(N)c(F)c1,-6.563,-5.291,12.507392813852134,3.031623492454167,0.0062282866710141,0.07759298149853601
FC(F)c1ccc(CNCc2cccc(COc3nccs3)c2)cc1,-7.252,-5.608,8.341470493863776,8.780722749295753,0.0062023462015558,0.07756030660326531
CCC(C)OCCNCC(O)c1ccccc1,-5.775,-4.423,12.488140974540608,3.0837970101807928,0.0062746545840382,0.07752466818809353
CCOC(=O)CNC(=O)C(C)n1ccnc1C,-5.699,-4.672,12.51587507927432,2.908227295106076,0.0062571910076249,0.0775190334186251
O=C(O)C1(Cc2ccc(Cl)cc2)CCC1,-6.332,-4.453,12.505247898382502,2.9651187160044703,0.0062711501806371,0.07751536539127873
Cc1cc(S(=O)(=O)NCCC(=O)NC(C)(C)C)ccc1N,-6.567,-5.112,12.499822798743988,3.087727481498327,0.0062267805031747,0.0775104732831894
C#CCCCC(=O)CC1CCCCC1,-5.738,-4.301,12.491413731039414,3.0506042024490814,0.006280431974195,0.07751007350870537
CCCCc1noc(C(C)Nc2nnccc2C)n1,-6.737,-5.775,12.532892164221312,2.929366825783347,0.0061810508801531,0.07749484074641504
Cc1nnc(N2CCC(Cn3ccc4c(N)cc(Cl)nc43)CC2)o1,-7.385,-5.858,12.524575761278305,3.0066867146412184,0.0061748104474766,0.07748936793763894
O=C(Nc1ccn[nH]1)C1Cc2ccccc2O1,-6.824,-6.078,12.53830682349096,2.9357367048153344,0.0061571403773501,0.07746742761310328
Cc1snnc1COc1[nH]ncc1CO,-5.934,-5.458,12.535995213783387,2.8689405710122333,0.0061968888734203,0.07746515246161667
Nc1ncccc1C#Cc1nc(N)c2ccccc2n1,-6.883,-5.549,12.5080021586183,3.101688894779746,0.0061870782744355,0.07744080679448853
Cc1c(C(F)(F)F)ncc(C=O)c1C#N,-5.56,-5.303,12.51400823077882,3.03884780796933,0.006198722182947,0.07741349165761008
CC(C)CCC(=O)NCC(=O)N(C)CC(F)(F)F,-5.699,-4.017,12.519524511737655,2.823298956894221,0.0062811004164189,0.07739702742210149
COCCNCc1ccc(N2CCCC2)o1,-6.03,-4.591,12.485008810569578,3.163553697979537,0.0062395386185929,0.07737638615353674
Cc1ccnc(NC(=O)c2cc(Nc3ccc4c(c3)OCO4)ncn2)c1,-8.5,-6.158,8.28663224717979,8.852323875683718,0.0061371718597531,0.07737399672315305
COC(=O)c1ccc(N2C(=O)CC(N)C2=O)cc1,-6.166,-4.787,12.498046807401549,3.103563919109771,0.0062246100642225,0.07736403994536037
Cc1ccc(CN(C(C)C)C2CCOC(C)C2)o1,-6.632,-5.291,12.498585960019636,3.156287376016323,0.0061912518639887,0.07736194479237431
CCOC(=O)CN(C)c1nc(C(N)=O)nc(-c2ccco2)c1C,-6.206,-5.338,12.505197759331915,3.1189935876817705,0.0061879058098832,0.07736016604844152
O=C1c2ccccc2CN1c1c(Cl)cccc1Br,-6.374,-5.432,12.498167545684447,3.1744544413174363,0.0061817250766331,0.07735974618621817
Cc1ccc(S(=O)(=O)N2CCc3ccccc3C2)c2c(C)nnc(N)c12,-6.946,-6.362,12.546018731055682,2.9514426980715727,0.0061200192405593,0.07734796005784361
CC(=O)c1ccc(Nc2ncnc3[nH]ncc23)cc1,-6.809,-5.38,8.358402299482838,8.768843538346434,0.0061831000806888,0.07734720350821354
CNC1CC(N(CCC(C)C)C2CC2)CCC1(C)C,-5.271,-4.328,12.531441457390288,2.7868989935051465,0.0062497323439621,0.0773315038259578
CC(=O)NC(C)(C)C(=O)c1sccc1Br,-5.314,-4.614,12.502997440613992,3.0586415285221,0.0062307132272403,0.07733107383829935
CCC1(C(N)Cc2cccnc2)CCCCC1,-6.384,-5.085,12.496972193295464,3.157245318311518,0.0061969159015563,0.07731336415874263
CN1Cc2cc(N)ccc2S1(=O)=O,-5.428,-4.422,12.509217921197154,2.9971956893069223,0.0062392925454867,0.0773054962260389
Cc1nn(C)c(C(=O)Nc2ccc(-n3ccnc3)nc2)c1Br,-6.592,-5.343,12.50695634437092,3.125828850081207,0.0061771063669846,0.07729466311479706
O=C(Nc1c(Cl)cccc1Cl)c1ccnc(Cl)n1,-6.81,-5.52,12.516621469070635,3.084169093937621,0.0061637483335442,0.07728289741347838
Cc1ccc(OCc2cc(Cl)ccc2F)c(CO)c1,-6.97,-5.547,12.538475425664798,2.926445283957997,0.006160902968256,0.07727600981574259
CC1(C)CC1Nc1ccc2c(c1)COC2,-6.167,-4.554,12.49329520182726,3.1359939413206783,0.0062240187718491,0.07726493327318056
CC(C)C(Cc1noo1)=NNC(=O)c1cccnc1,-6.992,-5.125,12.52385663443973,2.99077548471964,0.0061857488990938,0.07725996768290318
CCC(=CC=CN)C(N)=NOCC1CCCN1,-6.117,-5.713,12.551610812959426,2.8474685248479923,0.0061460869954577,0.0772502581402162
CCCCCCCCCCCCc1ccc(OC(=O)OCC)cc1,-5.045,-4.263,12.485183779184029,3.164248567985771,0.0062384271699768,0.07723482289947546
Cc1cnnc(Nc2ncccc2C(=O)Nc2ccc(Br)cc2)c1,-7.911,-5.901,12.535519494620075,3.0130982393543038,0.0061294198042963,0.07722139955787298
O=C=NCc1ccc[nH]1,-5.044,-3.797,12.497956392946808,3.0335617679552853,0.0062640812358733,0.07720133440816145
Cc1c(N2CCN(C)CC2)cccc1C(F)(F)F,-6.014,-4.701,12.507687036378869,3.074952682562774,0.006203435527221,0.0771971896017235
CC(=O)N1CC(Oc2ccccc2C(F)(F)F)C1,-6.619,-5.146,12.530008818831693,2.979756533678548,0.006167566303531,0.0771548749229652
COc1ccc(Br)c(C(=O)c2ccc(OC)c(C(C)(C)C)c2)c1,-7.12,-4.951,8.4680813057032,8.660464075325294,0.0061790926034577,0.0771475166016695
CN(C)C(C(N)=O)c1ccc(C#N)cc1,-5.746,-4.895,12.513948257844126,3.069431869255287,0.0061822733696393,0.0771445414827367
Cc1ncc(CNC(=O)C2CCCN2)cn1,-6.868,-5.164,12.544401500270949,2.869809401336612,0.0061640318883117,0.07714008244343375
CCn1cc(CC(CNC(C)=O)c2ccc(F)cc2)cn1,-6.803,-5.426,12.529032085520416,3.0284760193866487,0.0061462831775264,0.0771352304201033
CC(NC(=O)C1CCC(C(=O)O)C1)c1cccnc1,-6.526,-5.539,8.408823996255363,8.731011911571304,0.0061354210311461,0.0771127963654938
CCCN(CCN(C)C)c1nc(C)nc(NN)c1CC,-5.814,-3.843,12.517942562577923,2.9156457260785302,0.0062456127118484,0.07710640216622432
NC(=O)C1CCc2cc(C(F)(F)F)ccc21,-6.659,-5.63,12.537823136414072,3.004145968490879,0.0061251994713484,0.07708533189129667
Cc1noc(C)c1CCC(=O)N1CC(C)C(c2ccc(Cl)cc2)C1,-7.535,-5.43,8.078622531100212,9.059410190514612,0.0061358019282749,0.07707105322754108
CC(Nc1nc(C(=O)NC2CC2)ccc1C#N)c1ccccc1,-7.166,-5.324,12.502760855107164,3.208529102252308,0.0061426356214228,0.07707098973595342
O=C(NC1CN2CCC1CC2)c1ccc(OCCn2cccn2)cc1,-6.75,-5.189,7.423301893362549,9.700845787868191,0.0061511265246178,0.07706943990262818
CNC1(C#N)CCN(c2ccccc2OC)CC1,-5.658,-5.567,12.526674778248216,3.082781211828048,0.0061259155578579,0.07706436329650737
COC(=O)C(C)c1ccc(OC)cc1,-5.559,-4.791,12.528475924868117,2.978329229618512,0.0061741935890542,0.0770517271285451
O=C(Cc1c(Cl)cccc1Cl)N1CCN2CCCCC2C1,-6.901,-5.476,12.532574117075873,3.035037232061577,0.0061292326843553,0.0770484040692932
CCn1nccc1C1CCCn2nc(C(=O)O)cc21,-6.504,-5.412,12.553893021688532,2.8580883471299487,0.0061327196743582,0.07704440365240353
Cc1ccc(C)c(C(=O)Cc2nc3ccccc3o2)c1,-7.404,-5.363,12.542989476197452,2.9485738925792586,0.0061330012193554,0.07702632526086234
Nc1cc(C(F)(F)F)nn1-c1ccc(F)c(Cl)c1,-7.404,-5.496,12.538998404976372,2.9979476312971176,0.0061238592569313,0.07702271347750933
Cc1ncc(-c2cc(COC3CCCCO3)ccn2)cn1,-7.526,-5.379,12.544424817423874,2.94103400184357,0.0061311186369626,0.07702098255553276
Cc1cc(C)nc(NN=Cc2c(C)n[nH]c2C)n1,-6.429,-5.991,12.54472291443697,3.018261751405932,0.0060916060195021,0.07701905685491735
CCCCOCCOc1cc(C)c(C)cc1CNC,-5.527,-4.458,12.519399266738,3.014461477610885,0.0061907720606799,0.07701904600421733
Cc1cc(Cl)cc(C)c1OCc1ccnc(C(C)N)c1,-7.151,-5.281,12.529349783608088,3.0442077787168214,0.0061367130428592,0.07701639609129289
CCCN(C(=O)c1ccncc1Cl)c1ccc(S(N)(=O)=O)cc1,-5.883,-5.491,12.563916626593796,2.796816761963501,0.006120153501418,0.07699738347676384
CC(N)(C#N)c1cccc(F)c1,-5.816,-4.852,12.534485988663436,2.957833835765627,0.0061611740023619,0.07699528240572882
CN(CC(F)(F)F)C(=O)NCc1cccc(C#N)c1,-6.439,-4.603,12.515363598393776,3.0715652361621752,0.0061756258943201,0.0769839736536614
Cc1ccn(-c2c(Cl)cccc2Cl)n1,-4.986,-4.542,12.481674807492784,3.276136291426228,0.0061790623381265,0.07698048274742084
Cn1c(SCc2ccccc2Cl)nnc1-c1ccco1,-6.89,-5.407,12.51099556390298,3.1928277435527272,0.0061209851710413,0.07696863601667804
CCOc1cccc2c1C(COC)CCC2=O,-5.739,-4.544,12.53504180288203,2.9208938700336238,0.0061767594000667,0.07696695268324556
CCc1cnc(Nc2c(C)n(C)[n+]([O-])c2C)nc1N,-6.392,-5.731,12.537815359942098,3.056726517044009,0.0060976285309117,0.07695237478842977
CCc1c(Br)ccc2c1CCC2C(=O)O,-5.811,-4.924,12.526581337300293,3.0461730088752352,0.0061462859273422,0.0769314703978908
CCc1nc(N)cc(NCc2ncccc2C)n1,-7.12,-5.615,12.545065802936229,2.998929642389098,0.0061001847963722,0.076921714809585
CCOc1cc(N(C(C)C)C2CCC2)ncn1,-6.11,-4.651,12.504574203066651,3.170140848605941,0.0061596764038171,0.07690406043928011
O=[N+]([O-])c1ccc(NCc2cccc3c2NCCC3)cc1,-6.88,-5.813,8.543816828560873,8.609788499144448,0.0060838900636613,0.07689864905096057
CCNC(Cc1csc(C)n1)c1cc(C)sc1C,-5.867,-4.237,12.490359682571196,3.2209864948490554,0.0061823812236522,0.07687646473524054
Cc1ncc(N)cc1CNC(=O)OC(C)(C)C,-5.946,-5.423,12.566578134082484,2.809724185752047,0.0061047060833808,0.07687268148111306
OC1C(O)C(N2C=CN3CN=CN=C32)C1O,-6.081,-5.105,12.5571645684844,2.857515879220971,0.0061204424861092,0.07684294307368322
CN(CC(F)(F)F)c1cnccc1C#N,-5.324,-4.365,12.50158549944766,3.1765600891530448,0.0061672326468302,0.0768345114101758
COCCN(Cc1cccs1)Cc1cc(Cl)ccc1F,-5.743,-4.586,12.516896540277068,3.103976320785969,0.0061514752687543,0.07682637310037026
CC=C1C2CCC1C(OCC)C2CC(=O)OCC,-6.112,-4.597,12.525409893492508,3.048852243058034,0.0061493460119184,0.07681755584503952
COc1ncccc1NC(=O)NC(C)(C)C,-6.209,-4.596,12.509148532174365,3.163950852968485,0.0061458698535185,0.07679543355164427
CCCC=C(OCc1ccccc1)C(=O)OCC,-5.821,-4.824,12.519145378179774,3.124612615989381,0.0061309378046914,0.07679474932509274
Cc1cnnc(NC(C(=O)NC(C)c2ccc(C)o2)C(C)C)c1,-7.102,-5.495,12.555695639828167,2.942280238182624,0.0060874913346422,0.07679326120645444
CCN1CCCC1CNc1onc(C)c1S(N)(=O)=O,-6.006,-4.743,12.522788427502878,3.0932741553247425,0.0061349289023212,0.07678682309652551
CC(=CC(N)=O)c1ccccc1C,-5.616,-5.287,12.559425783052346,2.8890283833842823,0.0060978824419963,0.07677476992801173
CN(CCC(CN)CO)CC(F)(F)F,-4.841,-4.156,12.537028714970706,2.919285186479732,0.0061698499916409,0.07676539921763116
CC1(c2ccc(Cl)cc2)Cc2ccccc2N1,-6.984,-5.637,12.565984641085633,2.8905165628309417,0.0060722719483273,0.0767543817355964
Cc1ccc(NC(=O)NC(CC2CC2)c2ccccc2)cc1,-6.922,-5.856,12.563279985736209,2.9502299910345973,0.0060549307678301,0.07673267699394419
Cc1cccnc1NC1CC=CCC1,-5.533,-4.673,12.541883949391336,2.962489831206177,0.0061304815050547,0.07673053682209931
CC(=O)c1cc(F)ccc1Oc1ccc(Cl)cc1[N+](=O)[O-],-6.711,-4.938,12.514495195572213,3.1843789033342125,0.0061128574540418,0.07672765223901709
CC(CC(C)(C)C(F)(F)F)NC(=O)C1(N)CC1,-5.489,-5.303,12.560038694207911,2.9058055681686623,0.0060879543427718,0.07671870501590211
Nc1ccc(Cl)c(NC(=O)c2ccc(O)cc2)c1,-6.384,-5.29,12.544339161550122,3.0275166390954817,0.0060882653627804,0.07671541591468242
NC(=O)C1CCN(Cc2cc(F)ccc2F)CC1,-6.64,-4.927,12.541603206926936,3.00521696388131,0.0061101995091219,0.07670651155841392
CCc1cc(C(=O)NC(C)CC(F)(F)F)ccc1F,-7.055,-5.187,12.529980127677778,3.119281167192211,0.0060926386417495,0.07670134975411594
FC(F)(F)c1ccc(OCCNCCN2CCCC2)cc1,-6.596,-4.661,8.510686282550896,8.632214605766007,0.0061244031977311,0.0766876130768251
COc1ccc(NC2CCC(OC)C2)cc1OC,-6.031,-4.962,12.551846159031747,2.9366560915435773,0.0061048250519553,0.0766869458754332
O=C(O)CCc1c(Br)nc(C2CC2)[nH]c1=O,-5.878,-5.385,12.560198644925965,2.929436464578128,0.0060764286141644,0.07667911576239005
NCC1CCCN(C(=O)c2cnc(NC(=O)c3ccco3)s2)C1,-7.038,-5.561,12.571400916365686,2.862589387250641,0.0060640347317327,0.07667172891585652
Cc1ccnc(SCCSc2nc3ccccc3o2)n1,-6.739,-5.042,12.484366263451262,3.375914987081281,0.0060970102586784,0.07667022016226449
CC(=O)c1cccc(OC(=O)C2CCCN2C(=O)c2ccccc2)c1,-7.911,-6.151,12.586723282888205,2.8160308947168886,0.0060257571302524,0.07666565383485564
CCCc1c(Nc2ncccc2C)ncnc1-n1ccnc1C,-6.496,-5.249,12.546228556821369,3.0274182069875977,0.006081131694541,0.07665391225122092
CCC(C)(c1ccccc1)C(N)c1ccn(C)n1,-6.19,-5.036,12.55858136892858,2.90312951829573,0.0060947226921235,0.07665340859397508
CCC(NC(=O)c1ccc([N+](=O)[O-])c(C)c1)c1nc2ccccc2s1,-7.221,-5.736,8.481420989433316,8.68138894417247,0.0060489484633596,0.07664659443772084
CC(Sc1cc(N)cc2cc[nH]c12)c1ccco1,-6.336,-5.192,12.540522078446337,3.0666049631473564,0.006081983900622,0.07663627201099427
CCCCCC(C)CNC(=O)N(C)CC(=O)N(C)C,-5.692,-4.793,12.515284295612306,3.190294970688447,0.0061061768758281,0.07662695050570371
CCCCCc1nc(C)cc(NCC2(C)CCCC2)n1,-6.857,-5.394,12.530989825229293,3.1603249832889024,0.0060647201362908,0.07660882981789063
CCc1nn(C(C)(C)C)nc1C=O,-5.745,-4.42,12.5362552622384,3.011846111606634,0.0061272481369344,0.07660741679951862
O=C1NCC(CN2C(=O)c3ccccc3C2=O)O1,-6.19,-5.46,12.575264410739043,2.837284793601094,0.0060602110107351,0.076606913046184
COc1ccc(C(N)C(C)(C)C)cc1C(C)C,-6.316,-4.584,12.543332412082524,2.981169736865044,0.00611571971399,0.07660195803287177
COc1ccc(Oc2cc(N(C)Cc3cccnc3)ncn2)cc1,-6.875,-5.487,8.16417674967905,8.99529538147581,0.0060567560247206,0.07659593568609623
COC(=O)c1ccoc1CSc1ncc(C)cn1,-6.121,-5.247,12.540471243139152,3.085375503889275,0.0060718892594853,0.07659483208397576
CC1(C)CC1n1nnnc1C1CCNCC1,-5.507,6.827,12.319328593718083,3.113286687730508,0.0069538554005024,0.07658074968926709
CNC(=O)c1c(C(=O)OC)c(=O)[nH]c2cc(Cl)cc(N)c12,-6.306,-5.465,12.556216388705636,3.01541108308635,0.0060494653746498,0.07654097586866601
CCCc1cnc(N)nc1Sc1ncccc1Cl,-5.812,-4.509,12.5227801226405,3.138286475132568,0.0061090293665474,0.07652959346190999
CC1c2ccccc2CN1C(=O)c1cccc(F)c1,-7.828,-5.696,12.556862745128658,3.042649174650275,0.0060329140062632,0.07652889913168243
ClCc1nc(Cl)ccc1Oc1ccccc1,-6.529,-5.247,12.533627248326798,3.1507276937241016,0.0060604370593728,0.0765225651741256
Cc1cncc(-c2nc3c(-c4ccccc4)cccc3[nH]2)n1,-7.503,-6.562,12.58209795701814,2.9669145589315518,0.0059762108538623,0.07651331308741002
O=C(NCCC1CCCCC1)c1cnn2ccnc(Cl)c12,-6.633,-5.027,12.534799878737594,3.125288626671144,0.0060708574759276,0.07649955118370282
Cc1cc(C)n(CCCCC(=O)NC(C)c2nnc3ccccn23)n1,-7.545,-5.068,8.363482169527236,8.79429616285465,0.0060668362092062,0.07649075712368995
CCCOc1ccc(-c2n[nH]c(=S)o2)cc1OC,-6.338,-4.906,12.535109971595782,3.113231440159886,0.0060765967187945,0.07648681097533641
O=C(O)CC1(N(I)c2ccccc2)CCCCC1,-5.959,-4.743,12.522894753211016,3.1796872487714887,0.0060837316576979,0.07646575091676967
O=S(=O)(O)OCC1CC2CCC1C2,-5.346,-4.321,12.5583064542955,2.872167474225693,0.0061096575137634,0.076457134089915
Cc1ccnc(NCc2c(F)cccc2Cl)c1,-6.766,-5.264,12.536265552388398,3.1556752050868613,0.0060475226663246,0.0764478316622312
Nc1ncnc2c1[nH]c(=O)n2C1OC(CO)C(O)C1O,-6.17,-5.691,12.599237675351633,2.7146935370313896,0.0060178223153307,0.07643111554727386
O=C(c1ccc(S(=O)(=O)C(F)F)cc1)C1CC1,-6.608,-5.793,12.558156990577878,3.0749473166218637,0.0060108212858179,0.076427467585383
Cc1cncc(OC(=O)c2ccoc2)n1,-6.005,-4.865,12.526475841193324,3.182693513362542,0.0060682914895063,0.0764179611722767
O=C1CCC2C3CC(CC13)C2c1ccccc1O,-6.48,-5.399,12.514309968991498,3.306586911000526,0.0060335108223202,0.076413467986251
CCc1nc(C)cc(NCc2ncn[nH]2)n1,-6.95,-5.554,12.569269310504888,2.9707966944912263,0.0060224395764573,0.07640551138168444
O=C(O)CCC1CCN(C(=O)c2cccc(Br)c2)C1,-7.114,-5.467,8.417137161767057,8.752559454239655,0.0060226131550223,0.07637171525271201
O=C1COC(c2ccc(Cl)c(Cl)c2)N1NCc1ccccc1F,-7.271,-6.76,12.590468299471627,2.97595379668435,0.0059407016289537,0.07636406948725126
CCc1nc2cccnc2n1CCCOCC1CC1,-6.139,-5.161,12.56628413652978,2.956026048599707,0.0060408075644705,0.0763639341279137
COc1cccc(C(=O)N(Cc2cccn2C)c2ccccc2)c1,-7.037,-5.702,12.56579332951167,3.030171447294691,0.0060058098586351,0.07635919541071334
CCC1CCC(Oc2c(Br)cccc2CC=O)C1,-5.865,-4.559,12.56018240313412,2.949557763462177,0.0060669848397797,0.07628602037115997
C=CC(=O)SCCOC(C)Oc1ccc(Cl)cc1,-5.787,-4.646,12.542461321447238,3.0908900012779488,0.0060612873853969,0.0762853693669971
CSCCNC(=O)NC1(C(=O)O)CCC1,-5.372,-4.539,12.55861859441555,2.961624385366921,0.0060671174222777,0.07627876101627128
CC(O)c1n[nH]c(=S)n1-c1ccccc1,-5.244,-4.761,12.573172749946613,2.8743503613860306,0.0060521995644985,0.07627459860635917
Oc1c(-c2ccccc2)oc(-c2nn[nH]n2)c1O,-7.039,-5.891,12.600114840746492,2.8072187303450367,0.0059790938924723,0.07626459334311285
O=C(COC(=O)c1cc(=O)[nH]c2ccccc12)NCC1CCCO1,-7.679,-5.963,12.553603267588157,3.1690427576793603,0.0059744484824977,0.07626366302088826
CC(C)OC1CCCC(Nc2ccccn2)C1,-6.351,-4.956,12.529021270634033,3.222637894644696,0.0060337420766611,0.07623676140007882
CCOC(=O)c1ncn(Cc2cc(Cl)ccc2Cl)n1,-6.344,-5.308,12.587184633586656,2.846770099604111,0.0060112456261182,0.07623584775728387
CCc1nc(Cl)cc(N2CC(=O)CC(C)C2)n1,-7.367,-5.444,12.554073880617398,3.1182730797670684,0.0060021544152317,0.07623267535987946
C=CCCC(=O)NCC(C)N1CCc2ccccc21,-6.688,-4.987,12.559574037362893,3.0303869389898046,0.006029087671935,0.076219828038115
c1ccc(Oc2cccc(CN3CCC3)c2)cc1,-6.918,-5.288,12.556910328580038,3.0885480407466543,0.0060080864998718,0.07620779116227656
CCOC(=O)C=Cc1ccc(C=O)o1,-5.343,-4.295,12.578809522367369,2.777189406576368,0.0060712798930947,0.07620608641951646
CC1CC1C(=O)c1c(C2CC2)oc2[nH]c(=O)[nH]c(=O)c12,-6.357,-5.724,12.590375927667928,2.893539873580456,0.0059790735253703,0.07619782328753727
NCCCOc1cccc2c1C(=O)CN2,-5.829,-4.439,12.544695851235293,3.076732195040706,0.0060606272219531,0.07619749541711145
Brc1ccc(Cn2ccnc2-c2ccoc2)cc1,-6.447,-5.138,12.563696589778028,3.0336575284629603,0.0060118820177645,0.07617165083243403
COc1ccc(C(=O)OCC(=O)Nc2ccccc2)cc1F,-6.975,-5.252,8.553934182585229,8.621748604546529,0.0060010175712125,0.07614851355786247
O=C(NCc1ccc(F)nc1)c1cc(Cl)co1,-7.025,-4.462,8.206012551781772,8.955259683560271,0.0060509491692681,0.07614593152252876
CC(N)C(=O)NCc1ccccc1I,-5.97,-5.141,12.567068393225208,3.017343367931466,0.006007593382855,0.07614568128731236
Cc1ccccc1C(N)C1CCCC1,-5.681,-3.336,12.54988330623038,2.9132492169397386,0.0061232840315419,0.07614039244574561
CCc1nc(CCNCC2CCCC2O)n[nH]1,-6.554,-5.225,12.58086833251187,2.9258108277877444,0.0060001084688264,0.07613192003374007
Fc1ccc(F)c(Nc2nc(Cl)nc3ccccc23)c1Cl,-7.35,-5.076,8.536422494230237,8.637157750093488,0.0060088222559621,0.07612737091477356
COCCN(C(C)CNCc1cccnn1)C1CC1,-5.778,-4.074,8.415761759935936,8.74076484067613,0.0060721321884765,0.07612179827122544
CC(N)c1nc(C(C)N2CCCC2)no1,-6.318,-5.082,12.570060182831266,2.9957847052149797,0.0060072005585835,0.07611950644992274
Cc1ccc(CN(Cc2ccco2)C(=O)CCSc2ccc(Cl)cc2)o1,-6.457,-5.093,12.540846861356693,3.1958640459193504,0.0060059849054784,0.07611622007426416
C=C(C)C(=O)OCCCCCCN,-5.042,-3.744,12.542428831769389,3.03362324621895,0.0060923420794021,0.07611410451671484
CN(CCc1ccncc1)Cc1ccccc1CNC(=O)C1CC1,-6.746,-5.694,12.600557686070882,2.8346761719815547,0.0059662466399125,0.07610408133501487
CCCN1CCc2sc(CN)cc2C1,-5.442,-4.411,12.545307728389924,3.101083036618013,0.006044834787453,0.07608683845895504
Cc1cc(C)c(C(=O)N2CCN(Cc3ccccc3)CC2)o1,-6.904,-5.299,12.565868414081056,3.0655511739326755,0.0059869625209227,0.07607810700684685
CSc1nc(N)c(C=CC(=O)N(C)C2CCCC2)c(N)n1,-6.192,-4.543,12.584764042285416,2.81596271282132,0.0060331679644557,0.07606666116658743
CC1CC1(C(=O)N1CCC(N)C1)c1ccco1,-6.001,-4.509,12.552065208562292,3.075272670837498,0.0060335724369162,0.07605548942699861
Cc1cc(C#N)ccc1Oc1c(F)cccc1Cl,-6.311,-5.279,12.56257151223427,3.0967973779374067,0.0059823343363552,0.07604069067639069
Cc1ccc(Nc2cnccn2)nc1,-6.006,-4.751,12.557254835353149,3.0749559346436173,0.0060142066125624,0.07603078875791797
Cc1ccccc1C1=NC(=S)NC(c2ccco2)C1,-6.686,-5.444,12.580704392044192,2.9901215694349284,0.0059701587981666,0.07602921752220006
Cc1ccc(C)c(N2C(=O)c3cc(Cl)c(Cl)cc3C2=O)c1,-7.018,-5.974,12.567693861643829,3.1439287523733737,0.0059366955258762,0.0760266936600867
O=C(Cn1ccccc1=O)Nc1c(Cl)cccc1Cl,-6.191,-5.404,12.566099355010689,3.094201835692042,0.0059705858517484,0.0760159542126681
COc1cccc(N2CCSCC2C)c1Cl,-5.146,-3.949,12.546354729561893,3.0605795202869666,0.0060631044338062,0.07601448146002474
CC(C)C(N)C(=O)NCC(=O)NCc1ccc(F)cc1,-6.773,-4.923,12.569628037456,3.0120355243589008,0.0060006793520124,0.07601434699410457
CCC(CC1CC1)NC1=NCC(C)(C(C)(C)C)N1,-6.358,-4.51,8.603635220068316,8.565677906622453,0.0060248333752397,0.07600079317651395
CC(=O)Nc1ncn(C2CCNCC2)c1C,-6.101,-4.793,12.55838982513284,3.081935430861588,0.0060061501779959,0.0759967370172805
CCc1ccc(C(C)NC(=O)CCC(=O)NC(N)=O)cc1,-7.194,-6.397,12.611965984730531,2.8777096795889614,0.0059057900474891,0.07599597074023011
CC(=O)NCCCC(=O)c1ccccc1,-6.096,-4.716,12.557029664693795,3.082727526071677,0.0060108256259094,0.07599533183130124
COCC(=O)CS(=O)(=O)c1cc(Cl)cc(Cl)c1,-5.597,-4.878,12.586612292431989,2.8784803282287683,0.0059997788576927,0.07599056920816034
O=C(O)c1c(Cl)cccc1Oc1ccnc(Cl)c1Cl,-6.243,-5.145,12.574218464779433,3.0168102359943028,0.0059810776155327,0.07597905504661848
[C-]#[N+]CC(Cc1ncc[nH]1)OCCN1CCN(C)CC1,-5.66,-4.835,12.581475430171135,2.9218093709206974,0.0059996680748467,0.07597259306245112
CC(=O)NC1Cc2cnc(-c3ccc(C(=O)O)cc3)n2C1,-6.735,-5.861,8.673794671307363,8.52009941256556,0.0059333740687423,0.0759605296640928
NCc1ccccc1OCCOCCO,-5.387,-4.773,12.569130837094503,3.025209083683308,0.0059958428765733,0.07592346383595917
CCN1C(=O)c2ccccc2NC1c1ccc(F)cc1,-6.985,-5.03,12.51788740163451,3.363888226442727,0.00597940284919,0.0759223516849658
CC(C)=CC=CC(=O)OC1(C)CC(O)C(C)CO1,-7.129,-4.482,12.562553402871568,3.0382274437572976,0.0060138040243315,0.07591991261489484
O=C1NC(=O)c2c(-c3cccc(C(F)(F)F)c3)n[nH]c21,-8.043,-6.578,12.602894151741497,3.0082589649164198,0.0058790755141291,0.07589526066852804
CCc1noc(C(C)N(C)Cc2ccccc2N)n1,-6.481,-5.419,12.58637580878626,2.9867957747392104,0.0059506590584327,0.07589498062577646
O=C(NC1(c2cccc(O)c2)CCCC1)c1cc2c(o1)CCCC2,-8.093,-6.333,8.555487245037536,8.649192447853153,0.0058938478823874,0.07589381330016821
O=C(Cl)C1CC1C1CCCCC1,-5.088,-4.148,12.561682888848932,3.012317048386507,0.00603040692875,0.07588973075421393
COc1ccc(CNC(=O)C(C)Oc2ccc(NC(=O)c3ccccc3Cl)cc2)cc1,-8.169,-6.117,8.300196865135188,8.900547848306866,0.0059058643682301,0.0758856634050227
COc1ccc(C(=O)N2CCC(CN)C2)cc1,-6.268,-4.55,12.59404152764314,2.8035309878793924,0.0060033166176077,0.07588106135221435
Cc1ccccc1CNC(C)c1ccccn1,-6.633,-5.322,12.580715639422106,3.023923940842428,0.0059532414191454,0.07587273450500709
O=c1cccc2n1CC1CNCC2C1,-6.293,-5.024,12.551515486187316,3.186682914881868,0.0059716562150995,0.07587075241744763
O=C(OCc1ccccc1)C1CCCC1O,-6.7,-4.933,12.577164783845364,3.002884779674372,0.0059770613854704,0.075868616008548
CC1(C)C(O)CC1NC(=O)c1cc(Cl)sc1N,-5.875,-4.894,12.588955238620876,2.9127557398450024,0.0059757936199592,0.07584493779278267
CN(CC(=O)N1CCNCC1)Cc1cccn1C,-6.202,-4.365,12.586811550190143,2.8557090187902547,0.0060088544101758,0.07584151658165453
C=Cc1nc(F)c(-c2ncccn2)n1OC,-5.359,-4.421,12.577510484988672,2.9439634848278944,0.0060042699483223,0.07583514048827714
CNC(=O)C(N)c1ccc(OC)cc1C(F)(F)F,-5.983,-5.315,12.60096571695995,2.8753985810666323,0.0059475294426872,0.07583353375611704
CCCN(CCNC(=O)OCC)C1CNC1,-5.865,-4.493,12.572684120743668,2.993713914187526,0.0059983837683716,0.07582694261922976
COc1ccc(C)cc1NC1=NCCN1,-5.662,-5.129,12.593502372255305,2.918147700168722,0.0059564011998142,0.07581576279954678
CC(C)CN(CCN(C)C)C(=O)Cc1ccc(F)cc1,-5.424,-4.148,12.56782960578317,2.991067033685471,0.0060179228713291,0.0758111371696378
OC(Cc1cccc(F)c1F)c1cccc(Br)c1,-6.872,-5.331,12.578921098409037,3.057242711987388,0.005942704373969,0.07580914811689432
Cc1cc(F)c(F)c(NCC2(C)CCC2)c1[N+](=O)[O-],-5.785,-5.4,12.594327691464915,2.956635080627976,0.0059355692602311,0.07579112158384547
CCCCOc1cc(C(=O)O)ccc1OC1CCCC1C,-6.463,-4.952,12.573553753812009,3.0558306563027995,0.0059634160978192,0.07578957108035583
C=CCC(=O)NCN,-4.342,-3.593,12.559633314711062,3.002210185846421,0.0060432501232343,0.07574555348506562
CCOc1ccc(C(=O)NCCn2ccnc2C(C)C)cc1,-6.577,-5.038,8.264912582719795,8.923440143801043,0.0059509738445251,0.07574484846011992
CN1CCC(CNC(=O)C2CC(O)C2)C1,-6.532,-5.133,12.58125355439592,3.0381191550036357,0.0059439848921145,0.07573829853919786
COc1cncc(C=CCO)c1,-5.513,-4.539,12.580673829330449,2.96824459908546,0.005980894091099,0.07573480056759264
Nc1ccnc(N2CCC(F)(F)CC2)n1,-5.868,-4.945,12.579711999882988,3.035037067318948,0.0059512998194578,0.07570973909652243
CCCC(C)OC(=O)C(Cl)Cl,-4.6,-3.428,12.555736378245603,3.021430952380014,0.0060481930256573,0.07570949164136187
CCC(NC(=O)c1ccco1)c1ccc(OC(F)F)cc1,-7.425,-5.276,12.556597389420432,3.223791246343348,0.0059299250169722,0.07570567833731101
CC1CCCCN1CCCOc1cccc(CN)c1,-6.445,-5.029,8.584462068178762,8.606380133366176,0.0059447935982137,0.07570191103897521
O=S(=O)(NCC1(C2CC2)CC1)c1cccc(CO)c1,-6.673,-5.084,8.449188955160134,8.742627236706365,0.0059406089650417,0.07569722562860541
Cc1cc(C#N)c(Nc2ccc(Cl)cc2F)o1,-6.712,-5.685,12.59994531734166,2.984267581836454,0.0059016277712466,0.0756872572959297
Cc1ncccc1OC1CC(O)C1,-5.881,-4.495,12.601449162695534,2.806126333578016,0.0059745483377704,0.07567694141766432
Cc1nc(CNC(=O)c2cccnc2Br)n[nH]1,-7.282,-5.668,12.571334296724434,3.1822559607925958,0.0059007881884167,0.0756751295613835
CCC(C)C(N)C(=O)N(CC)Cc1ccccc1,-5.745,-4.299,12.546974814671463,3.191136004622805,0.0059859167970189,0.07567006536068488
COCCCC(=O)Nc1ccc(O)cc1,-5.436,-4.127,12.5932950811136,2.827778103034253,0.0059962437657171,0.07566599580369089
O=C(CSc1nc2c(s1)CCCC2)Nc1c(Cl)cccc1Cl,-6.387,-5.56,12.57675113055832,3.1392314346030625,0.0059058675252665,0.07566481729960635
CNc1nnc(-n2cc(Br)cn2)s1,-5.208,-4.717,12.562099346844857,3.14974713270764,0.0059541193744715,0.07563641211307927
Oc1ccc(C=NNC2CCCCC2)c(O)c1,-6.561,-5.458,12.619403868646094,2.806635174011756,0.0059076793107649,0.07563590052791937
Nc1cccc(CSC2CCOCC2)n1,-5.832,-4.831,12.5737800998745,3.0864043805049275,0.0059462386906136,0.07563195380372095
Cc1cccc(NC(C)c2cc(Br)ccc2F)c1C,-7.207,-5.136,12.553155141238395,3.250680851760135,0.005925640245999,0.07562253040554977
CCn1cccc1CNC(C)(C)c1cccnc1,-6.392,-5.088,12.555726104053084,3.231658397788975,0.0059282169163375,0.07561982800406189
Clc1ccc(-[n+]2ncoc2-c2ccccc2)cc1,-6.494,-5.34,12.589628826935288,3.040333369879033,0.0059118183782105,0.07561547016258613
Nc1cc(C2CC(O)C2)ncn1,-5.602,-4.498,12.58902625305071,2.936635149282253,0.0059646148328857,0.07561520757734698
CC(=CCS)c1nc2ccc(C)cc2s1,-5.564,-4.428,12.572894058250869,3.055127002270118,0.0059662456614646,0.07559744262399114
CC(C)(C)NCC(=O)N1CCCN(CCN)CC1,-4.258,-3.356,12.53336910012627,3.1945431598273952,0.0060349344495307,0.07559722561019774
O=C(C=Cc1ccccc1)N1CCC(C=Cc2ccccc2)CC1,-7.214,-6.055,8.498222520033233,8.714908720118645,0.0058627245151303,0.07558353588896248
CC(NC(c1ccccc1)C1CC1)c1ccco1,-6.461,-4.949,12.569933094491793,3.139223630135324,0.0059310911515612,0.07558268399495933
Cc1noc(CCCC(=O)NC(CO)C(=O)O)n1,-6.676,-5.44,12.624182191334215,2.8006956278753323,0.0058924061613917,0.07553092239784702
Cc1ccc(NC2=C(c3cccc(N=[N+]=[N-])c3)C(=O)NC2=O)cc1,-8.322,-1.765,12.508549915957486,3.1958307214243997,0.0061284665905191,0.07552681577407509
Cc1nc(CC(C)C(=O)O)sc1CNC(C)(C)C,-5.672,-5.006,12.594916276021848,2.989834276343758,0.0059175060034854,0.0755188003970419
NCC1CCN(Cc2cccc(F)c2)C1,-6.013,-4.791,12.578018405138389,3.0858964661828825,0.0059307835857118,0.07551762014283228
CCCNC(c1ccoc1)c1ncccc1OC,-5.93,-4.754,12.564069961600818,3.174511930990337,0.005932254966224,0.07551220022654523
Clc1ccc(COc2ccc(CNc3ccccn3)cc2Br)c(Cl)c1,-7.395,-5.593,7.406755294999288,9.789303601380436,0.005879699452765,0.0755100754355379
O=C(O)c1nc(C2CC2)oc1Cn1cc(Br)cn1,-6.443,-4.649,12.600959368238591,2.896257930502738,0.0059384602194457,0.07550968268584096
CCn1nc(C)cc1C(=O)N(Cc1ccco1)C1CC1,-6.159,-4.476,12.574136352052175,3.0820859819284734,0.0059472512630312,0.07549624906861446
CCc1nnsc1C(=O)N(C)CCCBr,-4.924,-4.373,12.54299218687471,3.2692002080019518,0.0059513248665469,0.07548079437983246
CC=CC(=O)CC,-4.434,-3.204,12.558576073743394,3.0446730530551225,0.0060253950838706,0.07547574309638679
CC(C)(C)OCCOCc1cc(C(=O)O)cc([N+](=O)[O-])c1,-6.491,-5.441,12.608158152561382,2.9592994103334664,0.005883240569113,0.07547255224753172
C1CC(SCc2noc(C3CC3)n2)CCN1,-6.28,-5.171,12.587538003914824,3.081136154083425,0.0058981552433125,0.07546086530369286
CCOC(=O)C(Cc1ccc(-c2noc(C(C)(C)C)n2)cc1)NC(=O)c1cccs1,-7.211,-5.455,12.611654372048102,2.9388239144256327,0.0058798574055704,0.07545639935188644
COC(=O)C(C(=Nc1ccccc1C)c1ccccc1)c1ccccc1,-6.343,-5.237,12.56754797086528,3.22017468470268,0.005891721462569,0.07544592397022318
CC1CCC(S(=O)(=O)Nc2cnn(C3CCCC3)c2)CC1,-6.521,-6.05,12.632805032929149,2.853694622765372,0.0058394235153572,0.07543121628793631
CC(=O)C(NC(=S)Nc1cc(C)ccn1)c1ccco1,-6.428,-5.855,12.601357069776256,3.076903150897018,0.0058496748058028,0.07542048979222049
Cc1ccc(C(=O)C(C)(C)O)nc1,-5.031,-4.356,12.59448014012488,2.942139697567062,0.0059417738765893,0.07541338814051607
COC(=O)c1cc(N(C)C(C)C2CC2)c(N)cc1Cl,-5.903,-4.601,12.57969351772928,3.0832862338745,0.0059259856543298,0.07541114369831334
CCOc1nc(N)nc(N2CCOC3CCCCC32)n1,-6.616,-5.652,12.619833160545348,2.9196316548496326,0.0058585228998942,0.07539730035133047
NCCC1CN(C(=O)Cc2ccccc2Cl)CCO1,-6.628,-4.823,12.585873589068024,3.0722244384159176,0.0059090447094782,0.07539185216430053
Cc1ccc2c(=O)cc[nH]c2c1,-5.491,-4.708,12.57266674178553,3.148498213434462,0.0059156459946201,0.07538805548099796
COc1nc(C)c(C(=O)C=Cc2c(C)nn(C)c2Cl)cc1Cl,-6.39,-5.533,12.59253798882497,3.1124159426400584,0.0058628174232979,0.07537785466468964
Cc1ccc(Cl)c(C(=O)Nc2ncccc2C)n1,-7.195,-5.717,12.61387371111666,2.994071141439362,0.0058457687949626,0.0753408485672519
OOC1(c2ccccc2)C=CC=CN1,-5.834,-5.794,12.638235240728823,2.8016518341863965,0.0058405079345894,0.07533731613123923
CC1(NC(=O)NC(=O)CN)CC1,-4.999,-4.451,12.610349440043288,2.8549334493119103,0.0059214332618435,0.07532220152273908
COc1ccc(NC(=O)c2ccccc2C(=O)c2ccc(C)cc2)cc1,-7.62,-5.898,12.575078011686449,3.272147460002376,0.0058312709996322,0.07531869451394625
Cc1nc(NC(=O)c2ccc(NC(=O)c3cccc([N+](=O)[O-])c3C)cc2)n(C)n1,-7.396,-5.929,7.559879165700997,9.653434673731418,0.0058289942211305,0.07531619657048198
O=C(O)C1CCC(Nc2ncc(C(F)(F)F)cc2Cl)C1,-6.162,-6.187,12.603391329320852,3.1316229019471677,0.0058125995406194,0.07531158135518963
COCCCNc1nc2ccccc2n1Cc1cccc(OC)c1,-6.45,-5.586,12.604261065211242,3.0639944516921043,0.0058458294166045,0.07528950809137291
CC(C)NCC(O)COCCOCCc1ccccc1,-5.637,-4.406,12.610688958181468,2.8574668851974474,0.0059191123834911,0.07528944193577815
COC(=O)C(CC(C)C)n1ccc(=O)[nH]c1=O,-5.649,-5.312,12.616599343721743,2.937445999503651,0.0058623413493271,0.07528729428777627
Cc1nc(=O)[nH]c(C)c1CCC(=O)NCC1(CC(C)C)CCCCC1,-7.121,-5.626,12.60633971460392,3.059038411004347,0.0058408099980662,0.07527297089186304
NC(=S)c1cccnc1NCCc1ccc(N)cc1,-6.291,-5.365,12.583017960727863,3.186069992953702,0.0058555985337147,0.075264965751524
Cc1ccc(C(=O)CCC(=O)NCCc2cccc(CO)c2)s1,-6.922,-4.801,12.57930033825411,3.153183312146631,0.0058884768657885,0.07525177016384924
Cc1[nH]ncc1NCc1cc([N+](=O)[O-])ccc1O,-7.167,-5.653,12.608213949644096,3.0567423836496266,0.0058351573599818,0.07524719118769185
CC(Nc1ccc(Cl)cc1)(C(=O)O)C1CC1,-5.711,-4.845,12.613091770061772,2.915889915617529,0.0058849307569535,0.0752466175872664
CCCCC(CC)C(=O)CC1(CC(C)C)CCCC1,-5.814,-4.348,12.611634866265357,2.8591825754925133,0.0059148921315051,0.07523940267424156
CC(=O)n1c(-c2cccc(C)c2)c(C)sc1=Nc1ccccc1,-5.885,-6.02,12.606617032336628,3.1124623692504296,0.0058114312003069,0.07523841438662629
CC(CNCC(F)(F)F)Nc1cccc(F)c1,-6.375,-4.657,12.60869517436281,2.9290887661523675,0.0058951783166173,0.07523719608489961
Cc1ccoc1C(=O)Nc1cc(N)ccc1Cl,-6.523,-5.443,12.580006756754944,3.2208498878401643,0.0058456095691829,0.07523158295265413
Cc1ccc(CNC(=O)c2cc(F)c(O)c(Cl)c2)o1,-7.323,-5.415,12.613942682603248,2.990561987319441,0.0058472075854414,0.0752307940314105
CC(Oc1ccccc1C#N)C(=O)O,-5.78,-4.947,12.603857346066718,3.009439981126057,0.0058749553552723,0.07522335651326081
CC(C)(C)OC(=O)NCCN(c1ccc(Cl)cn1)C1CC1,-5.941,-5.529,12.595953318427313,3.135537752922136,0.0058374909971841,0.07521328891789282
O=S(=O)(c1cn[nH]c1)N(Cc1ccco1)CC1CCCO1,-5.636,-4.649,12.605400191981213,2.9662870730932296,0.0058901043195623,0.07520162285208397
CC(=O)N(Cc1cccnc1)C(C(F)F)C1CCCC1,-5.769,-4.361,12.552280948098636,3.2825895265780645,0.0059080703773893,0.07520119899986515
Cc1csc(C(=O)Nc2ccc(C(N)=NO)cc2C)c1,-6.824,-5.308,12.629169608489706,2.8700641107821965,0.0058458664685116,0.07517984786609384
CCOc1ncccc1CNC(=O)c1c(CC)oc2ccccc12,-6.734,-5.62,12.59503493444937,3.165487798112638,0.0058237901287038,0.07516085453242612
CC(C)C1CCN(C(=O)CNCc2cc(F)ccc2Cl)C1,-6.63,-5.392,8.54422816876984,8.676046219332859,0.0058369587874333,0.07515574655977078
CCn1c(CSc2ncccn2)nc2cc(F)c(F)cc21,-6.79,-5.424,12.601323620953474,3.105275189093553,0.0058346043538887,0.07515322799671371
O=C(CNc1ncnc2[nH]ncc12)NCc1ccco1,-7.226,-6.002,12.63958045189792,2.894234959363182,0.0057977074443335,0.07514245825193853
O=C1C2C=C(C=CC2)CN1Cc1cnccn1,-6.221,-5.146,12.622081009088792,2.9205896664886013,0.0058498714538113,0.07514145833069208
NC(=O)c1csc(COC(=O)C23CC4CC(CC(O)(C4)C2)C3)n1,-7.728,-5.383,8.193257838003147,9.026501980280068,0.005834245024924,0.07513471809472276
COCc1cnc(C(=O)NCCN2CCC(C)CC2)o1,-6.076,-5.196,12.602021583857091,3.0798995113477323,0.0058456619033324,0.07513421202973536
COC(=O)c1cccc(C#CCN)c1,-6.359,-5.141,12.631616444461889,2.843445445230134,0.0058479800673968,0.07512732982752539
CNC(=O)CCc1ccc(O)cc1O,-5.697,-4.7,12.626419801353034,2.8252980373758803,0.0058743854077369,0.07512150353730244
CC(N)(C(=O)NCC1CCCS1)C1CC1,-5.449,-4.331,12.619905744497462,2.842853847808571,0.0058911817113667,0.07508166298149088
CCCC1CN(C(CN)c2ccccc2OC)CCO1,-5.747,-4.611,12.55283852361688,3.330458827248882,0.0058736487587703,0.07508137873809999
CCc1cc(NCc2cn[nH]c2)ncn1,-6.197,-5.18,12.61116350698856,3.0337728985538788,0.0058360972142219,0.07506639101555833
CC(O)(CCc1cccs1)c1ccccc1F,-6.214,-4.89,12.600653713200757,3.075407127519868,0.0058530365746311,0.07506029065646544
Cc1ccc(-c2nccc(CN)n2)o1,-6.589,-5.088,12.5806513344898,3.224844957513462,0.0058407975465659,0.07506020022703777
CCC1CCC2C3CC(CC3O)C12,-5.541,-4.664,12.5682083050847,3.26123304901689,0.0058634079392644,0.0750369704362053
CCCc1[nH]nc(C(=O)NC(C)c2ccncn2)c1CCC,-6.621,-5.04,12.61345051918784,3.009406253731789,0.0058398540022373,0.07503513337494176
O=CNCCCC(NC(=O)Cc1ccccc1)C(=O)O,-6.409,-4.825,12.62637719221155,2.88000208333258,0.0058518609925704,0.07502696341176814
FC(F)(F)c1noc(-c2ccco2)n1,-6.039,-4.922,12.599652614258856,3.096866480815729,0.0058452521798506,0.07502304554737983
Cn1cc(CCC(NC(=O)OC(C)(C)C)c2cccnc2)cn1,-6.572,-5.496,12.62851321415154,2.9655520565318017,0.0058059746379155,0.0749969810149991
COCC1(C(=O)NCn2cccn2)CCNCC1,-5.951,-4.459,12.588341034465186,3.1301132567368875,0.005868378101857,0.07498718970163573
FC(F)(F)c1nc(Oc2ccccc2)n[nH]1,-6.699,-5.157,12.613463679735238,3.042789673966966,0.0058231641262798,0.07497408143295904
O=C(NCC(F)(F)F)c1nnn2c1COC(c1ccco1)C2,-7.135,-5.355,12.611702264167198,3.08051602820047,0.005810076816844,0.07496789525509405
N#Cc1ccc2cnn(C3CC3)c2c1,-6.691,-4.731,12.56846354969453,3.2833222504043063,0.0058481389343875,0.07496580068977932
CC(C#N)=Cc1cn(C)nc1C1CC1,-6.701,-4.868,12.592724804425767,3.1525959144806364,0.0058396151926107,0.07496546383977265
Cc1nn(C)cc1CNC1(C)CCOC1C,-6.225,-4.835,12.612583954130889,3.017214112389109,0.0058391725840652,0.07494954375650206
CC(C)CNC(=O)N1CCc2cc(CN)ccc21,-6.401,-5.516,12.64130333470406,2.8835583919872345,0.0057960205244901,0.07494053392869995
OC(c1ccc(F)c2c1OCC2)C1NCC2CCC1C2,-7.128,-5.571,12.6373016898387,2.9323606531257367,0.0057892588445113,0.07491843416251284
CN(C(=O)C1CC1)C1CC(C(=O)O)C1,-5.358,-4.496,12.608450301286036,3.019914237192838,0.0058529370557912,0.07490318128301553
O=C(c1cc(N2CCCCC2)ccn1)N1CCNCC1,-6.55,-4.726,8.490212835965892,8.729664712919964,0.0058381330813658,0.0748996592076163
Cc1nonc1CN1CCc2ccnn2CC1=O,-4.259,-3.767,12.619374390198589,2.834726265444337,0.0058964742022828,0.07488979452013336
O=C(c1ccccc1[N+](=O)[O-])N1CCN(Cc2cccc(Cl)c2)CC1,-6.742,-5.641,12.629401450583476,3.013564168887067,0.0057799035509127,0.07488536938828604
CC1(Cl)C(Nc2ccc(Cl)cc2)OC(CO)C1O,-6.507,-5.071,12.62941099180797,2.941820694739909,0.0058136098091108,0.07487858655256333
Fc1ccc(CNC2CCCN(c3ncccn3)C2)c(Br)c1,-7.39,-5.255,12.58282738497195,3.273926999797033,0.0058019522914435,0.07487604861323154
CC(C)(C)OC(=O)N1CCCC1C(=O)N1CCC(Cl)C1,-5.319,-4.956,12.606413090169625,3.100282245215748,0.0058187707620557,0.07486635548156682
N#Cc1cc(-c2cc(C#N)c(C(F)(F)F)[nH]2)c(Cl)s1,-7.715,-6.261,12.645829352003767,2.976704553696924,0.005738323742094,0.07485771871590657
Cc1ccc(CN(C)c2c(F)cccc2CBr)o1,-6.245,-5.195,12.601424879750702,3.1627484882614367,0.0058021525966699,0.07485368317528876
CC1CCCN1C(N)=NCCN1CCc2ccccc2C1,-6.488,-5.245,8.430634258464782,8.799977840881192,0.0057988049081143,0.07485179553293456
COCC(=O)Nc1cccc(C(=O)N2Cc3ccccc3C2)c1,-7.141,-5.63,12.61716473697637,3.115684355001321,0.005771501053419,0.0748266010371176
CC1C(c2ccco2)Cc2nc(Cl)c(C=O)n21,-6.518,-5.207,12.616058061058537,3.077600688848376,0.0057958104519137,0.07481749152034758
COCCN(C)C(CN)C1CC1,-4.012,-3.947,12.626387963309222,2.82798178919172,0.0058734194293965,0.07481517284483623
CCCNC(Cn1c(C)cc2ccccc21)C(C)C,-5.895,-4.833,12.580366330119327,3.262515593832464,0.0058182057505606,0.07481407001593406
Cc1nc(NCCn2cncn2)ccc1[N+](=O)[O-],-6.266,-5.207,8.484906304727236,8.747172057299434,0.0057939685540679,0.07480560214542926
CC[N+]1=C2[C-]=CC=C2C(C)=C1C,-5.42,-4.17,12.545038700617866,3.395435907214272,0.0058559174687011,0.07479250320715125
COc1ccc(C)c(C)c1S(=O)(=O)N1CCC(C)CC1,-5.988,-5.462,12.639116780851422,2.951970867064917,0.0057738532665623,0.07477587849224193
CCC(C)C(NC(=O)OC(C)(C)C)C(=O)NCc1cccc(F)c1,-5.808,-5.58,12.624303347115832,3.0770640227333583,0.0057663003566144,0.07477326561388836
Cc1cn(C)c(C=CC(=O)O)c1C,-4.841,-4.471,12.650638916671362,2.7031265231209587,0.0058316339277244,0.07475682192714442
Cc1nccn1C1(c2ccc(Cl)c(Cl)c2)CC1,-6.44,-4.937,12.613184094430716,3.0840038910481287,0.0058028606072756,0.07475642944296551
CCOC(=O)c1ccc(C(=O)N(Cc2ccco2)c2ccc(OC)c(Cl)c2)cc1,-6.902,-5.104,7.191863458103192,10.022755309793808,0.0057899560881989,0.07473911037033693
CC(NCc1ccco1)c1ccc2occc2c1,-7.119,-5.664,12.614435778107556,3.166147343381226,0.0057532263419181,0.07472136268100157
NC(N)=NN=Cc1cccc(Cl)c1,-5.934,-4.989,12.634178010460356,2.947314370745001,0.0057938245239435,0.07471871940448807
CCCCCCCNCCC(N)COC,-4.802,-3.96,12.624274949477297,2.892992568258688,0.0058539699412773,0.07469638062219174
O=C1c2ccc(Br)cc2C(=O)N1CCSc1ccc(Cl)cc1,-7.152,-5.757,12.649319112110344,2.939396366603184,0.0057428088458801,0.07469007105759586
CC1CCN(c2ccc(OC(=O)c3ccccc3)cc2)C1=O,-6.956,-5.593,12.600238132670352,3.258377203455733,0.0057489982333428,0.07466609321011408
CCc1ccc(C(C)NC(=O)c2cc(N(C)C)ccn2)cc1,-6.824,-5.361,8.374217217149313,8.866769986866695,0.0057608534275181,0.07465200878269251
CCCN1C(=O)CC(Nc2nc3ccccc3o2)C1=O,-6.645,-5.25,12.641339288224172,2.9485433691909635,0.0057673948525563,0.0746507628906916
CCOC(=O)c1ccc(C2CCC(NC(=O)CC)CC2)cc1,-6.48,-5.004,7.441305933772647,9.782575376658237,0.0057814549080655,0.07464482688191144
CSc1ccc(N2CCC(c3n[nH]c(C)n3)CC2)cc1,-6.414,-5.002,12.654416620295065,2.802340628831549,0.0057814745111961,0.07464416531746275
COc1ccc2c(CC(C)(C)C)[nH]nc2n1,-5.92,-4.911,12.63825545714281,2.931666079211614,0.0057861191224039,0.07463826004497548
CCc1ccc(OCc2nc3ccccc3[nH]2)cc1CC,-7.094,-5.907,8.431605541058003,8.819423677315882,0.0057256204806623,0.07463677923156348
CN(C)CCOc1cnccn1,-4.712,-3.979,12.607660925009048,3.045660191157248,0.0058428584717486,0.07463302415766082
CCC(=O)c1cc(C)c(O)c(N)c1,-6.019,-4.693,12.658729991590784,2.716315335155328,0.0057976104150269,0.07462622389572661
CCCC(=NNC1CO1)c1cccnc1,-5.202,-4.352,12.610219704668117,3.07500666665944,0.0058183585106703,0.07462449373960281
COCCN1C(=O)C2COCN2C(=O)C1C,-5.14,-5.03,12.599549396704631,3.2220406577198872,0.0057739245789618,0.07460643672372334
CCNC(C)CN(CC)c1cccc(C)c1,-5.762,-4.656,12.605667019241782,3.1485005955216208,0.0057948879247514,0.07459407765914694
CC(=O)c1cc(F)c(Nc2ccc(Cl)cc2C)cc1N,-6.748,-5.059,6.954344685159056,10.257812924790548,0.0057664042033162,0.07456924472912022
C=CCOc1c(O)cc(O)c2c1CCC(C)C21CCN1C,-6.075,-5.317,12.668904846118313,2.7520383354888063,0.0057481271486176,0.07455224863412432
CC(C)(C)c1ncc(CN)cn1,-4.958,-4.306,12.60590512418684,3.124288238943392,0.0058075335649138,0.07453681029670095
O=C(O)CC1(Oc2ccc(Cl)cc2)CCC1,-6.062,-4.732,12.624044439085282,3.0509859062276896,0.0057806409562625,0.07453232004775266
CC1CCC(C)(C(=O)NCC2(C)CCC2)N1,-6.061,-5.437,12.611646046412815,3.210508215220762,0.0057373533166027,0.0745293617444005
CCC(Oc1cccc(F)c1C)C(=O)O,-5.512,-4.662,12.650252882847836,2.838970588082941,0.0057820678916491,0.07451388848408817
CCOC(=O)C(Cc1ccco1)C(C)=O,-5.346,-4.253,12.64076611602319,2.8635638634401013,0.0058063616343674,0.07450827904143494
CN(CC1CNC1)C(=O)C1CC23CCCC2CC1C3,-6.827,-4.665,12.630811573291718,3.002960872205964,0.0057799486004753,0.074501415648189
COC(=O)c1c(N)cc(C)nc1OC1CCCC(C)C1,-6.167,-4.869,12.60176610638366,3.2217307460431885,0.005766118969343,0.07449261376810022
CC(CNCc1ccco1)N1CCCCC1,-5.804,-4.901,12.621015410813824,3.1115070303632613,0.005759886522197,0.07446493841836033
Cc1[nH]nc2ncnc(Nc3cc(Cl)ccc3Cl)c12,-6.99,-6.123,12.628577354555818,3.194885600455829,0.0056861151231801,0.07446280991432427
FC(F)(F)c1cnc(NN=Cc2cn[nH]n2)c(Cl)c1,-6.881,-5.768,12.649024389256272,3.0219447380784445,0.0057054004109596,0.07445069833842706
CCN(c1ccccc1)c1ncc(C(=O)O)cc1F,-6.52,-5.374,12.661058802485677,2.874057932610267,0.0057288586244236,0.074449507438508
CCCc1ccc(OCCc2ccncc2)cc1,-6.414,-5.094,12.608010271252162,3.219595316184939,0.0057449495777499,0.07444413638410516
CCC(CC)N(CCO)c1nc(Cl)ncc1Cl,-4.943,-3.963,12.625271521832708,2.973282024968368,0.0058141353920365,0.07444299539280891
CN(Cc1cccc(Br)c1)S(=O)(=O)c1ccccc1,-6.612,-4.692,12.591750037226754,3.2792300925674613,0.005766283310812,0.07442393703705352
COc1ccc(C(=O)CNC(=O)C(C)(C)C)cc1,-6.416,-4.748,12.623315174707477,3.0944985054124685,0.0057607018972383,0.0744099698532052
CCc1nn(C)cc1NCc1cnc[nH]1,-6.231,-5.234,12.643597984751018,3.0146485698999808,0.0057283240346087,0.07439120702003689
CCCCN(CC)C(=O)c1cc(N)cc(Cl)c1,-5.893,-4.216,12.58178341889575,3.298456608779324,0.005789751327581,0.07438697940603264
CC(=NNc1nc(C)cc(C)n1)C(C)N,-5.997,-5.286,12.635682925746435,3.079075672990191,0.0057243951599155,0.07438605329883811
COC1CCC(Oc2ccc(F)c(C(C)N)c2)C1,-6.772,-5.015,12.619953605302992,3.155166556617891,0.0057396357155765,0.07437869021203783
O=C(Nc1ccccn1)C1CCCC1c1ccc(-c2cccc(C(=O)N3CCCC3)c2)cc1,-9.01,-7.402,7.672330871384522,9.607947595610623,0.0055976519414565,0.07437268304409478
Cc1sc(CNBr)cc1Cl,-4.587,-3.757,12.599528800713143,3.154602510618415,0.0058136933499332,0.07435826822391528
CC1CN=C(NCCC(C)(C)C#N)N1,-5.518,-5.192,12.632428349292152,3.0996314297025704,0.0057252736412929,0.07435494581966805
CCCNC(=O)c1ccc(F)cc1N,-6.058,-4.747,12.610707910343496,3.193090509208907,0.0057510281422891,0.07434707296063614
O=C(NCc1ccccn1)c1cccc(F)c1,-6.851,-5.127,8.5587169599187,8.69197543714891,0.0057276683009038,0.07434502091404088
CCC=CCCC=CP(=O)(c1ccccc1)c1ccccc1,-6.586,-4.937,12.596580686837203,3.296113468920632,0.0057379834890817,0.07433735906656352
CCN(Cc1scnc1C)C(=O)NCC(C)(O)c1ccccc1,-6.435,-5.048,12.664532245606232,2.838033297901912,0.0057310706024293,0.0743361178839875
CCNCc1cc([N+](=O)[O-])c(N)n1C(C)(C)C,-5.211,-4.559,12.6396302952262,2.981699347687489,0.00575826138514,0.07431974179879898
COc1cccc(N2CCN(C(C)(C)C)C2=O)n1,-6.817,-5.04,12.638210395463432,3.0528996052933017,0.0057287249576224,0.07431776661564687
CCCc1nc2c(CC)nn(CCC)c2c(=O)[nH]1,-6.291,-4.72,12.634863275872837,3.0424079279412872,0.0057459931489626,0.07430389865654231
CCOc1ccc(F)cc1C(N)Cc1ncnn1C,-6.39,-4.888,12.607060125183825,3.2454979587114203,0.0057325458594956,0.07428289154164965
C=CCC(N)C(=O)NCc1ccco1,-6.234,-4.566,12.639726025511786,2.995042069821391,0.0057516158589484,0.07427960143275418
C#CCN(CC)S(=O)(=O)c1cc(C)c(C)cc1Br,-6.192,-4.427,12.61751302753439,3.1364978877722844,0.0057588309565777,0.07427136348636329
CC(C)(C)c1nnc(C(=O)Nc2cccnc2N2CCCC2)s1,-6.186,-5.029,8.496223631708384,8.75650329754977,0.0057201129959554,0.07425757401362798
COc1cccc(F)c1CN1CCN(C)CC1(C)C,-5.966,-4.741,12.635340359483791,3.059206106165454,0.0057358154951701,0.07424631802005609
Cc1nnc(SCCC(=O)Nc2cc(C(F)(F)F)ccc2Cl)o1,-7.14,-6.008,12.666423054674906,2.98778094913265,0.0056598287848322,0.07424590566104425
CC(C)=CCc1ccc(C)cc1C(=O)O,-6.224,-5.19,12.672533882377277,2.8237956724947364,0.0057080884052384,0.07424248607692352
CC(C)CC1COCCN1CCN(C)CCc1ccccc1,-6.346,-4.999,12.644196336659755,3.031656477901149,0.0057178895587939,0.07423138463471084
COc1ccc(C(=O)c2cnn(C)c2)c(OC)c1Cl,-6.155,-5.048,12.653157866714537,2.973773864973596,0.0057134558812899,0.0742217921531741
O=C(O)c1ccnc2c(Cl)ccnc12,-5.468,-5.05,12.667018749492716,2.861732691919356,0.0057126201160443,0.07421714658268154
CC(C)OC(=O)NCCC1CCCN1,-5.935,-4.712,12.616550954995583,3.192278966506531,0.005730539596161,0.07420076982818762
CNC(Cc1ccn(C(C)C)n1)C(C)C1CC1,-5.747,-4.723,12.64449888291347,3.0123484194229597,0.0057262102287796,0.0741770559213901
CCNC(=O)C(=O)Nc1c(C)cccc1C,-6.235,-4.961,12.635903845788,3.1034962542268354,0.0057108052458859,0.0741705008696572
Cc1ccccc1C(N)c1ccc(Cl)cc1Cl,-6.388,-4.847,12.600577050278291,3.305770258200046,0.0057173654949494,0.07416839401741654
CCC1CCCC(Cc2ccccc2Cl)C1,-6.857,-4.75,7.235597141908883,9.99906140595206,0.0057228923581843,0.07416616344875251
CC1NCCOC1C(=O)N1CCc2ccccc2C1,-7.186,-5.352,12.627470174187703,3.2049848673589705,0.0056841457515991,0.07414982509172538
CC(C)(C)c1ncc(C2(O)CCCC2)cn1,-5.546,-5.131,12.6248558011567,3.199131913504037,0.0056968756031488,0.07414647090109316
CC(N)c1ccc(NCC2(O)CCCC2)cc1,-6.234,-5.104,8.369261197979187,8.889902642886478,0.0056959840765151,0.0741301147429806
CC#CC(=O)NC(C(=O)O)c1ccco1,-5.93,-4.63,12.66172318446427,2.879870830436671,0.0057240631047492,0.07412661988128193
Cc1cccc(NC2CCOC3(CCOCC3)C2)n1,-7.214,-4.957,12.634269666268803,3.1273047501003166,0.0057038532063907,0.07412377547917236
Cc1ccc(Oc2cc(Oc3ccc(F)cc3)ncn2)cc1,-7.445,-5.31,12.614279131206825,3.2941759212282515,0.0056761124458791,0.07408103867447997
Cn1nccc1CNC1CC1,-4.901,-4.115,12.627397910892014,3.091587779766248,0.0057475579036779,0.07407557286555978
N#Cc1cccc(Cl)c1Nc1cc(Cl)nc(C(F)(F)F)n1,-7.149,-5.253,12.651027823856843,3.076099640778888,0.0056712840760813,0.07402731003969758
CC1=C(C(=O)Sc2ccc(Cl)cc2)C2CCC(=C1)C2(C)C,-7.126,-5.403,12.669587956993707,2.958225312581853,0.0056621343291948,0.07402596523196107
Cc1ccc(-c2c(C(N)=O)c(N)nc3onc(C)c23)cc1,-6.409,-5.599,12.692787006800357,2.7905379409712388,0.0056489068263091,0.0740155919476834
CCn1c(C(C)C)nc2ccc(Br)cc2c1=O,-5.797,-4.733,12.605727825080152,3.305249309810078,0.0056993307023928,0.07400667123952612
CC(C)C(CO)Nc1nc2cc(N)ccc2o1,-5.725,-4.726,12.677864370626466,2.797415414270823,0.0056992399817885,0.07400333955568854
CCCNC(C(OC)C(C)C)C(C)(C)C,-4.598,-3.625,12.635570347237993,2.996849679246525,0.0057657109943258,0.07399847256239273
Cc1ccc2c(c1)-c1[nH]ncc1C(N)CN2Cc1ccc(F)c(F)c1,-6.439,-5.198,12.692776607188833,2.7353891862036748,0.0056689114379307,0.07399038746179404
CCC(C)C(N)=C(C=N)C(=O)Nc1ccccn1,-5.908,-5.043,12.65989960465722,2.9983643874619377,0.0056779923653343,0.07398913351285347
Cc1ccc(NC(=O)CC(C)C)cc1C(=O)NCC1(c2cccc(F)c2)CCCC1,-8.02,-5.761,8.463682590929317,8.81354105907495,0.005633359622401,0.0739764571979868
Cc1ccc(F)c(N2CCCC(C)C2=O)c1,-6.69,-5.234,12.645395921045733,3.130021405677603,0.0056628605521076,0.07396491296872908
CC(C)N(CCC(C)(C)C#N)c1ccccc1F,-5.812,-4.681,12.656197414705572,2.9919131003423214,0.0056941811220117,0.0739528621333707
Cn1c(C2CCN(Cc3ccccc3)CC2)nc2cccnc21,-7.316,-5.479,12.594153484851612,3.4454139083715325,0.0056424783952546,0.07392688197046242
CC(C)(CC(=O)N1CCOC1=O)c1ccccc1,-6.82,-5.311,12.658110522506904,3.0702322387728262,0.0056492151045725,0.07390569556995621
COCc1noc(CF)c1CO,-5.002,-4.165,12.67603475066237,2.764789503741651,0.0057179278193203,0.07390407131518088
Cc1ccc(Br)c(C(=O)N(CCC(=O)O)C2CC2)c1,-6.577,-5.111,12.677799651359065,2.895189976495498,0.0056604631844059,0.07390133864416527
OC1CCCC1CN1CCN(CC2CC2)CC1,-5.343,-4.936,12.65017395137316,3.0828598735589647,0.0056708398876232,0.07390075569848334
CCc1nnc(NC(CCN)c2ccccc2)nc1CC,-6.776,-5.272,12.671263788588728,2.981388602648102,0.0056456802973344,0.07386740637031027
c1cnc(NCCc2cnccn2)nc1,-5.912,-4.469,12.624049667202677,3.2144033661007763,0.0056907400567288,0.07384744365408755
Fc1c(Cl)c(Cl)nc(C(F)(F)F)c1Cl,-6.065,-4.596,12.699347187946316,2.628451445242997,0.0056810595410368,0.07383433835144901
Cc1ccc(CN(C)CC(=O)Nc2c(C)cccc2C)cc1F,-7.475,-5.127,12.6098236704563,3.358967400854019,0.0056488957486702,0.07383201789381236
O=c1nc(Cc2ccc(Cl)cc2)[nH]c2c1CCCC2,-7.792,-5.506,8.444814858834977,8.834384528647142,0.0056262655685213,0.07383106531291228
COc1ccc(C(C)NC2CCCC2)c(OC)c1,-5.824,-4.43,12.65641011503657,2.9980943947781227,0.0056905161585073,0.07383069931925003
CCN(CC)CCN1C(=O)c2ccccc2C1=O,-5.988,-4.644,12.638651866397776,3.1559133384806373,0.0056725371984041,0.07379771058199361
CCCN(CCC)C(=O)c1cc(C)ccc1N,-5.719,-4.526,12.628114784083964,3.213022564502153,0.0056771180915985,0.0737813233448044
CCCCN(CCO)CCSC(F)(F)F,-4.977,-3.845,12.673391377212337,2.7958129408098813,0.0057158030332261,0.07376429286845183
COc1cc(C)cc2c1OC(C)CCC2O,-4.6,-3.934,12.662436455911635,2.9106387615092326,0.0057084794678501,0.07375207683822504
COc1ccc(COC(=O)c2cccc(C#N)c2)cn1,-7.227,-5.33,8.255756839926912,9.02314806483857,0.0056245439888215,0.07375151182228942
CCc1nn(C23CC4CC(CC(C4)C2)C3)cc1CNC1CC1,-7.428,-5.792,12.629790536663704,3.3325298198215725,0.0055964874178132,0.07374592948779593
CCC(C)CN1C(=O)CCC1=O,-4.657,-3.773,12.628563893016498,3.147241808314067,0.0057132537241157,0.07371945754344846
CCN1C(=O)SC(=Cc2ccccc2Cl)C1=O,-6.652,-5.046,12.657327087501532,3.100786674377971,0.0056362689109291,0.0737179529603382
CC(Br)CCNc1cc(N)cc(N)c1,-5.015,-4.387,12.665761840489502,2.9605507933491038,0.0056746406565552,0.0737108002170743
N#CC(C#N)=CNCCN1CCOCC1,-5.701,-4.224,12.648039373752756,3.0716161869608647,0.0056841790277064,0.0737087993087794
CC(C)(CCCNC(=O)NCc1ccnnc1)CC(=O)O,-6.471,-4.742,12.680458430198808,2.8933656872231,0.0056518284149205,0.07370112516623792
Cc1cccn2nc(N3CCCC(C)C3)nc12,-7.182,-5.787,12.635954811568457,3.3099542292907924,0.005589651836271,0.07369894955137596
Cc1c(N)ncnc1Oc1ccc(Cl)c(Cl)c1,-6.385,-5.172,12.674174923836263,3.003564216060645,0.0056251262700705,0.07369399622140772
O=C(C1CC1)N1C2CCC1CNC2,-4.965,-4.395,12.674697235042736,2.895061484666603,0.005671503129239,0.07369355239221581
C=CC(C)NCc1cc(F)cc(C(=O)O)c1,-6.419,-5.457,12.691437152663209,2.906493419913418,0.0056076945413107,0.0736901462815322
COCCN=c1cc(F)nc(SC)s1,-5.077,-4.008,12.638511700354597,3.118828305630176,0.0056933257274035,0.073683216568268
CCNC(=NCc1cccc(Cl)c1F)NCCCSC,-5.769,-4.951,12.683738644421842,2.903376827075673,0.0056360560066276,0.0736795981785924
Cc1ccc(F)c(NC(=O)Cc2ccc(Br)cc2)c1,-7.494,-5.206,12.622987403938897,3.3319395252615256,0.0056207240820504,0.07367835174857194
CC1Cc2ccccc2N1Cc1ccc(Cl)s1,-6.292,-5.278,12.625685129924634,3.325146613308953,0.0056157313715576,0.07367354862748818
Cc1cc(Cl)cc2c1OC(C)(C)CC2,-6.431,-4.646,12.606768221871931,3.36845023712686,0.0056531690564304,0.07367239730104774
COc1ccccc1C(=O)Nc1ccc(F)c([N+](=O)[O-])c1,-7.039,-5.268,12.680951068433314,2.972325352312563,0.0056157259373122,0.07366963483592998
CCc1nc(C(=O)Nc2ncccc2Br)n[nH]1,-6.719,-5.457,12.676489301064391,3.0324600574451104,0.0056032584359231,0.07366099330893833
Cc1ccccc1C(N)c1ccc(Br)s1,-5.903,-4.72,12.667430797126938,3.0081213406377083,0.0056467333310479,0.07365931719424643
C=CCN(CCOC(C)C)Cc1ccccc1Cl,-5.29,-4.263,12.678442924902097,2.865468024599122,0.0056704620575816,0.07363509047882427
CN(C)CCCOc1cc(N)ccc1F,-5.48,-4.57,12.664306455546628,3.020452615089335,0.0056518849442583,0.0736343568198663
C=CCOC(CNC(C)(C)C)c1ccco1,-5.21,-4.359,12.661786959193398,3.015609225347343,0.0056631153989414,0.07362495188815799
CC(C)N(Cc1ccco1)c1ccccc1,-5.672,-4.121,12.635692422657335,3.166208773912422,0.0056772662162142,0.07362356733064189
O=C(COC(=O)c1cc(C(F)(F)F)nn1-c1nccnc1Cl)c1ccco1,-6.922,-5.06,12.640574037598135,3.235416665593476,0.0056197967031221,0.07361559006717243
CCCc1nc(NN)cc(S(N)(=O)=O)n1,-6.161,-5.108,12.693755551451272,2.865072599429201,0.005616613547652,0.07361337362484192
CC1NCCC1Nc1ncc(-c2cccnc2)cn1,-6.499,-5.117,12.668901254647144,3.060811820416276,0.0056159614677592,0.07361259365971086
CC(C)(C=O)c1ccccc1OC(F)(F)F,-6.033,-4.813,12.682399812338357,2.9241511588835483,0.0056319171465875,0.0735988335980842
O=C(C(=O)C12CC3CC(CC(C3)C1)C2)C1CC1,-5.783,-5.086,12.674106437930842,3.0242117981384835,0.0056155767950277,0.07359803956157364
CC1(C)CSC(=NCC2CCCO2)N1,-5.318,-4.639,12.68870103674919,2.8507455165272115,0.005640128167707,0.0735846437957525
O=C(c1nc(Cl)ccc1Cl)N1CCc2ccccc2C1,-7.389,-5.516,12.638650007022113,3.298977568884032,0.0055872644961343,0.07357858661294035
C#CCNC(=O)c1ccc(=O)n(CCC)c1,-6.665,-5.203,12.660489879937506,3.141783569885105,0.0056033529871383,0.07356324797209576
CSCCNC(=O)c1cccc(C)c1O,-5.468,-4.533,12.68689063561281,2.8609840964255646,0.005642412646735,0.07355818892546713
Cn1ccnc1CC1(C(=O)O)CCC1,-5.356,-4.386,12.677574255353427,2.920248961989372,0.0056506109587674,0.07355417680449002
COc1ccc(C2NC(c3cccnc3)=NN2C(C)=O)c(OC)c1,-6.427,-5.249,8.367851635874048,8.919526949339858,0.0055968007791151,0.07353803906825142
CC1CCN(Cc2ccc(CCl)cc2)CC1C,-5.903,-4.591,7.249309898190309,10.01036492841295,0.0056356685376487,0.0735368334281482
Cc1ccc2nc(CC(O)c3cccc(F)c3F)[nH]c2c1,-7.382,-5.634,12.682802923644283,3.049156276742797,0.0055731051809192,0.07353081141267878
N#Cc1ccc(N2CCC(OCc3ccncc3)C2)c([N+](=O)[O-])c1,-7.12,-5.503,12.647291449160171,3.2642797061526445,0.0055787885657068,0.0735177370057909
O=C(c1ncn[nH]1)N1CCCC1c1ncn[nH]1,-6.151,-5.287,12.692094704972856,2.9427392001331008,0.0055898594381714,0.07350712610298092
CC(=O)CC(=O)C1C2CCC1(C)C(=O)C2(C)C,-5.967,-4.765,12.671033343812178,3.041053929150221,0.0056182208083847,0.07349061925229687
NC1CCCCC1CNC(=O)c1cncnc1,-6.478,-4.585,12.665655490340798,3.0606548318946385,0.0056274435496523,0.07348081433505478
CN(C(=O)c1cc(C(=O)O)ccn1)C1CC1,-6.315,-4.887,12.705432105993088,2.777456390296704,0.0056092441489339,0.07347928272334127
CCC(C(=O)O)N(c1cc(C)c(F)cc1N)C(C)C,-5.554,-4.659,12.671745025843917,3.032140168263993,0.0056200518167306,0.07346134761232062
COc1cc([N+](=O)[O-])ccc1NN=CC(C)=Cc1ccccc1,-6.673,-5.439,8.440856532366842,8.853465027885976,0.0055735312352832,0.0734583870964883
NC(=O)C1(CC(=O)O)CNC1,-4.57,-4.796,12.692045776784768,2.896586611858861,0.005609707808886,0.07344696695714513
CCc1ccc(CN(C)CCCCCS)o1,-5.423,-4.044,12.635534970866884,3.207599881531361,0.0056540375118622,0.07344264346999839
CC=C(C)COc1cc(C(=O)O)ccc1O,-6.48,-5.217,12.702811342376144,2.873896483869939,0.0055813663508963,0.07342419563308507
CC=CC=C=CCCc1cc(C)c(C(=O)OC)c(C)c1C,-5.293,-5.458,8.280316237922317,9.015339649730343,0.0055666329557726,0.07342024325602145
CC1CC1NCC(=O)N1CCC1,-5.093,-4.322,12.673864840686916,2.988200796465994,0.0056333723392304,0.07341691304461091
CC1CCC(C)(CNc2cc(N)nc(C(C)(C)C)n2)CC1,-6.555,-5.198,12.7062620782038,2.8436029962004192,0.005581365618486,0.07341684238235709
CCC(C)(C)NC1C(=O)N(C2CCCC2)C1=O,-5.763,-4.659,12.672661993440842,3.044891787896575,0.0056106303629399,0.07339974648992047
Cc1cc(C)nc(C[S+]([O-])c2ccc(N)cc2C)c1,-7.226,-4.944,8.4879119340389,8.800755706187964,0.0055935908157702,0.07339878775134047
CNc1nccc(N(C)c2ccccc2N(C)C)n1,-6.375,-5.261,12.691208965264106,2.984519224263768,0.0055743182631024,0.07339482521262296
CCC1=CC(=C(C)c2nc3ccccc3[n-]2)C=C1,-7.453,-5.891,12.639771556479966,3.368851584739226,0.0055374878604154,0.07339418727890104
Cc1ccc(NC2=C(Cl)C(=O)N(Cc3ccco3)C2=O)c(C)c1,-7.278,-5.266,8.455783937637005,8.838511299987118,0.005573767255596,0.0733931295865749
C#CCNCc1cc(F)c(F)cc1O,-6.044,-4.84,12.715660698524475,2.7069305495339178,0.0055981270691937,0.07338819347916695
CC(=O)NC(COCc1ccccc1)C(=O)NC1CCCCCC1,-4.698,-3.026,8.520731247962232,8.737474806830631,0.0057008027231571,0.07334427847920699
CCCn1nc(C)cc1CNc1c(C)nn(C)c1C,-6.727,-4.889,12.698157858524205,2.89698567480062,0.005588154520023,0.07334179427935884
CC(C)n1ccc(CC(CN)c2ccc(Cl)cc2)n1,-6.57,-5.357,12.673964888699984,3.1353958282806977,0.005559784541314,0.07333612018435548
CN1CCOC(COc2cnc(Cl)nc2Cl)C1,-6.533,-4.999,12.645053143423322,3.279670410269909,0.0055770805382633,0.07331167432558887
Cc1cc(Cl)ccc1OC1CC(C)CC(C)C1,-6.327,-5.047,12.652867698668157,3.243178379306325,0.0055721493717345,0.07329782382941255
Cc1noc(NC(C)C(=O)c2c(F)cccc2F)n1,-6.865,-5.596,12.702737106623912,2.9718460592702307,0.0055399956666592,0.07329745379876709
CC1CCCCC1CCC(=O)NCC1CCC(N)C1,-6.002,-5.13,8.439779025543263,8.856554973577481,0.0055665446537105,0.07329302995062298
Fc1ccc(Cl)c(NCC2CCCC2)c1Cl,-5.991,-4.887,12.664831384586217,3.1559508868168407,0.0055804600796941,0.0732905092420837
O=C(CNC(=NCc1ccco1)NCC1CC1)N1CCc2ccccc21,-7.204,-5.353,8.517964369495802,8.783171238225975,0.0055505834841346,0.07327387039558259
CC(C(=O)Nc1cc(Cl)ccc1Cl)N1CCCCC1=O,-6.993,-5.35,12.675217276244224,3.1484351668725843,0.0055484313904495,0.07325850803019951
CC(=O)Nc1ccc(OCC(O)CSc2ccccc2Cl)cc1,-7.066,-5.202,12.698463135356183,2.968103940228509,0.0055564857857151,0.0732545695892553
COCCn1ncc(Br)c1C(N)c1ccc2c(c1)CCCO2,-6.208,-5.083,12.68126279200932,3.0866624370021416,0.0055597950668723,0.07323042937287322
CC(C)COC(=O)c1cc(Cl)ccc1Cl,-5.878,-4.984,12.683881858484806,3.060174178049348,0.0055639418918373,0.07321946959863278
Fc1ccc(NC(c2ccccc2)c2ccc(Cl)cc2Cl)cn1,-7.298,-5.598,12.668080320237948,3.2291878235866065,0.0055276737887087,0.07321666373394242
CCNCC(C)C=C(C)CC,-4.987,-3.622,12.660802344243432,3.064785963162844,0.0056424650911936,0.07320214063734426
Cc1ccc(C=NC2=CC(N)=CCC2=N)cc1N,-6.848,-5.191,12.670109746959572,3.1794258915722504,0.0055491175124192,0.07320174094374406
Nc1ccn(CC(O)CC2CCC2)c(=O)n1,-6.343,-5.049,12.714531764874394,2.8312663244562497,0.0055573577316128,0.07320124471541067
CCc1noc(-c2cnn(C)c2-n2cc[nH]2)n1,-6.53,-5.481,12.67740864688048,3.16505766140208,0.0055317948211352,0.07319898026024506
COc1ccccc1OC(=O)NC(C)(C)C(C)O,-5.938,-5.114,12.72960557126575,2.704340769947456,0.005550412027449,0.07318057240168743
CCNc1nc(CC(C)C)c2sc(=O)[nH]c2n1,-6.418,-5.26,12.678799233365911,3.139157530293757,0.0055410049694615,0.0731747998908761
CC(COC(F)(F)F)NC(=O)NCCn1cccn1,-6.372,-5.023,12.69484001474615,3.012775630544034,0.0055486568000142,0.0731338828326146
COc1cccc2c1-c1nsc(N=O)c1CC2,-6.054,-5.345,12.691446489663816,3.0761396262198497,0.0055297975952269,0.07313346583506429
Cc1cc(NC(=O)Cc2ccc(NC(=O)c3ccccc3Cl)cc2)no1,-8.317,-5.882,7.388516833573568,9.914787087981264,0.0054974164129781,0.07312470819704948
CCOc1nc2cccnc2n1-c1cc(Cl)ccc1C,-6.008,-4.43,12.690371349964508,2.9753480468677944,0.0055813977888175,0.07311940346454888
CCCN(C1CCNC1)C(C)c1cc(F)cc(F)c1,-6.365,-4.692,12.687164773896493,3.032798048007813,0.0055658363822616,0.0731189371589697
CCCN(CCNCCc1ccnn1C)C(C)C,-5.57,-4.081,12.648035815888568,3.2300075851304126,0.0055968698962054,0.07308483040975519
CCCCCC(=O)Nc1n[nH]c(C)c1C,-5.869,-4.249,8.512724475748055,8.777958760440836,0.0055867565607264,0.07308413672978993
Cc1ccnc(NC(=O)CSc2nnc(C(C)C)o2)c1,-6.761,-5.332,12.703513332932744,3.005684281490656,0.0055219468022022,0.07307653509040038
CC(CN(C)CCN)Oc1cc(Cl)ccc1Cl,-5.639,-4.898,12.708750410642269,2.9085401836660263,0.0055464912576514,0.07307135349914974
COc1cc(N)ccc1C(=O)NCC1CC1(C)C,-6.479,-5.159,12.698682490715326,3.022308058421576,0.0055308807090123,0.07306903332323082
CC1(C)CCC(NCC(O)c2ccccc2)(C(=O)O)CC1,-7.186,-5.165,12.724259074696649,2.8201363442216763,0.0055278953085195,0.07305162041427858
CCc1nn(C)cc1C(NN)C1C(C)(C)C1(C)C,-6.123,-5.16,12.68336915019034,3.138276278468803,0.0055256713623137,0.07303499953211606
Cc1ccc2[nH]c(SCc3cc(F)cc(F)c3)nc2c1C,-7.586,-5.92,8.577108020772503,8.744215345015242,0.0054816247650787,0.07303411721576322
CC1(C)OCC(CN2CCCC2c2ccccc2)O1,-6.605,-5.731,12.696035522949671,3.118961686202637,0.0054922110022126,0.07303232926229203
CCCCCCC(O)(c1ccncc1C(C)C)C(C)C,-5.763,-4.485,12.646705618460484,3.293155781313723,0.0055628822162628,0.07301934151429272
CC1CCC(OCCC(=O)Cc2ccc(F)cc2)CC1,-6.614,-4.979,12.681136620981576,3.141877464192389,0.005531463036699,0.07300352437297881
CCc1nn(C)c(CC)c1-c1cccc(Cl)c1Cl,-6.038,-4.851,12.6607570468752,3.2548840225114013,0.005537724553266,0.072995444553627
O=C(NC1CC1)C1(c2ccccc2F)CCC1,-6.471,-4.998,12.66586447898445,3.2419682293322984,0.0055277907898474,0.07298660896436367
CCCCCCC(C)OC(=O)c1cc(C)cc(N)c1,-6.409,-4.431,8.458508970261839,8.839912556128596,0.005559499625592,0.07297621105040633
N#Cc1ccccc1S(=O)(=O)NCC(O)c1ccccc1,-7.35,-6.054,12.71709939412286,3.029182893124811,0.0054643733709041,0.07297017314214098
CN(CC1CCCO1)C1CCS(=O)(=O)C1,-5.762,-4.955,12.68632925632943,3.116952678498664,0.0055266761801167,0.07296268101580107
C=CC1(Cc2ccc(C)cc2)CC1,-5.134,-4.066,12.59288183856261,3.5335530277611515,0.0055787932930932,0.07296087633935129
CC(=O)NC(C)C(O)c1ccccc1Cl,-5.735,-4.519,12.71202415038612,2.877957782873126,0.0055476874346732,0.07293270776433351
CCCCN1CC(O)C(O)C(O)C1,-5.212,-4.348,12.698151282765537,2.9708885876114577,0.0055563248346545,0.07292320341735957
O=C1CC(C2CCC2)N1,-4.946,-3.747,12.704526831015786,2.835399971785286,0.0055906164865651,0.07291381517244912
COc1ccc(Cl)cc1CC(Br)C(C)C,-5.49,-4.404,12.641557182562597,3.339527661211985,0.0055508863438406,0.07290920088198215
CC(C)Cc1ccc(C(C)NC(C)Cc2ccncc2)cc1,-6.708,-5.194,12.697610562621614,3.090926560111061,0.0055011347340072,0.07288572099528122
OC(c1cc(Br)cs1)C1CC2C=CC1C2,-6.055,-4.662,12.701736337997255,2.9980465306595896,0.0055315997839673,0.07288212213108432
CCNc1nc(-c2cccc(C)c2)ncc1C(=O)N(C)C(C)c1ccccc1,-7.816,-5.492,7.585475067522138,9.726352553758268,0.0054831458859738,0.07288060869383661
c1c[nH]c(COC2Cc3nccn3C2)n1,-5.958,-5.153,12.703920851453695,3.044424576171989,0.005502308528605,0.0728777492479726
CNC(c1ccccc1)c1ccnc(Br)c1,-6.478,-5.115,12.693513737338453,3.1120927042747293,0.0055044295086298,0.07287719314675173
NC(CC1CCCCC1)C(=O)NCc1ccccc1,-6.921,-5.282,12.710670714010336,3.0177180120084124,0.0054917363580208,0.07285718886829638
CCCCN=C(N)C1=C(O)CC(c2ccc(C(C)(C)C)cc2)CC1=O,-7.152,-5.6,7.2170261188387,10.08864896802342,0.0054726980345575,0.07285242833029269
CN1Cc2c(c(F)nn2C)C1=O,-5.568,-4.264,12.688455146313125,3.055605995543274,0.0055503040713384,0.0728511311396188
CCNC(=O)NCC(C)(O)C(=O)O,-5.25,-4.915,12.727365556154972,2.8355777189137314,0.0055113165119673,0.07284582688242235
Cc1cnn(-c2ncccc2CNC(C)C)c1,-6.283,-4.787,12.67349876711242,3.2132990834965858,0.0055181959022114,0.07284195988234887
COc1cccc(NC2CCc3c(Sc4ccc(C)o4)nc(C4CC4)nc32)c1,-7.212,-5.782,12.720841088544422,3.0121493986852643,0.0054595071864043,0.07283401819631592
CC(C)C(NC(=O)c1cc(N)ccc1Br)c1nccs1,-6.393,-5.109,12.689497901808409,3.1511497901559675,0.0054976756358348,0.07283016542379521
O=C(Cc1sccc1Br)C1CCCCS1,-5.375,-4.528,12.67154079029066,3.2035872081153025,0.0055305214750433,0.0728232616433797
O=C(CN1CCCC(O)C1)c1ccc(Br)cc1,-6.228,-5.112,12.723749250908712,2.907072410518871,0.0054953477285324,0.07281589626917036
CCN(Cc1cnccc1C(=O)O)c1nc(C)c(C)o1,-7.176,-4.853,12.682892138625164,3.169759770077221,0.0055102941880294,0.07281520364184126
CCC=CC(N)=CC=C(N)c1ccccc1,-6.189,-4.645,12.723601534156908,2.8404464437830903,0.0055224260439249,0.07281510303276785
CCC(C)CC1CCC(CC)N1,-5.047,-4.293,12.688347804186328,3.0836505962900533,0.0055367494334671,0.0727733464948109
Cc1cc(NCc2ccco2)cc(Br)c1F,-6.443,-5.268,12.679263464413063,3.246655355900901,0.0054789283076883,0.07276681621792556
CCCCOCCN1C=C(C)SC1N,-5.412,-4.242,12.713606333373706,2.8890790920291542,0.0055376968751931,0.07275982722792051
CC(C)C1CC(Cc2ccc3c(c2)CC(=O)N3)CN1,-7.183,-5.67,8.39008545844439,8.938793319011241,0.0054543468063831,0.07275688347678853
CC(N)CNC(=O)Nc1cc(Br)ccc1Br,-5.991,-4.807,12.67647040780674,3.220252940375958,0.0055039506711338,0.07275557633559418
CC(C)C(=O)NC(c1ccc(F)cc1)c1cccc(Cl)c1,-7.102,-5.648,12.702914862345573,3.146650441342349,0.0054541596798022,0.07274724414463195
CC(=NO)C(=O)Oc1cc(Br)ccc1Cl,-6.143,-4.961,12.741497949613304,2.7543111661538897,0.0054923772748914,0.07273822813711422
CC1CCc2cnc(CSCc3ccccc3)nc2C1,-6.726,-5.183,8.407864770558575,8.913908570318634,0.0054787491266418,0.0727330584653923
CC(NC(=O)CC(=O)NC1CC1)C1CC1,-5.523,-4.568,12.718904591198095,2.906077941143354,0.0055124231666512,0.07271943730123663
CCOc1nccc(OC)n1,-4.917,-3.901,12.697462541783691,2.9940484298020302,0.005548229822584,0.07269670355465235
Cc1cccc(S(=O)(=O)NCc2cnc[nH]2)c1,-6.895,-5.016,8.729594778682456,8.591411816459503,0.0054827557884143,0.0726955965898861
Cc1cc(C)c(C(=O)CCN2CCCCC2C)c(C)c1,-6.5,-5.197,12.69820089618998,3.147797483956044,0.0054696416465289,0.07267794086995251
CN1CC(C)(C)Cc2c([nH]cc(C#N)c2=O)C1=O,-4.808,-4.022,12.678421234522856,3.1509784194754498,0.0055359589169997,0.0726631842809691
COCCNCc1c(C)nn(-c2ccccc2C)c1C,-5.764,-4.864,12.645344004810624,3.4153443457431933,0.0054862212274602,0.07266020045498668
Cc1ccccc1COC(=O)c1ccc(-n2ccnc2)cc1,-7.27,-5.707,8.395657270279678,8.938172576091826,0.00543763143426,0.07265940167730264
CC(O)C(Cl)c1cc(Br)ccc1Cl,-5.52,-4.314,12.688877176488075,3.1179894162745323,0.0055173433214673,0.07265381450542656
CN1CCN(CC2(C)CCN(C)C2)CC1,-4.81,-4.3,12.695131153320158,3.080271416612504,0.0055150176706908,0.07263309243314667
CC1CC2CCC(OC2C)C1=O,-4.088,-3.381,12.69469373399768,2.968666030391428,0.0055693397714101,0.07263229372450712
CN(Cc1ncc[nH]1)C(CN)C(N)=O,-4.679,-4.334,12.710307824753892,2.98138709328393,0.0055095843061024,0.07261043147459777
CC(C)CCCOC(=O)CCCCC(=O)OC1(C(C)C)CCCC1,-5.128,-4.359,12.714216098525304,2.961266283197106,0.0055050586780969,0.0725902503978398
COC(C)CNCC1CC1c1ccccc1C(F)(F)F,-5.832,-4.393,12.680966406390327,3.1993650932646,0.0055004291389503,0.0725728328892712
CC(C)N1CC2C(=O)NC(=O)c3nc4ccccc4c1c32,-7.346,-6.088,12.732118833878358,3.0526522894034294,0.0054022961901319,0.0725673846882653
O=C(O)C=CCCC(=O)NCCCCCC(=O)O,-5.617,-4.425,12.72380422672402,2.907938960844949,0.0054948012230372,0.07254802787808451
Cc1cc(OCC(C)C)ccc1C1CC(C)CN1C(N)=S,-6.582,-4.611,7.310689570758699,9.994896997968514,0.0054825117769251,0.07253841127880821
Cc1cc(C)c(O)c(CNC(C)C)c1,-6.042,-4.783,12.735034746713492,2.8717754090457706,0.0054709268175842,0.07252777025627605
CCOC(=O)c1ccccc1NC(=O)C1CC1N,-5.779,-5.14,12.745836967418027,2.832756607970406,0.0054491231116742,0.07251970557747067
CCc1c(N)ncnc1Nc1cc(F)ccc1N,-5.795,-5.309,12.724766441864462,3.028165286109726,0.0054387265405837,0.07251500710879023
N#Cc1cc(F)c(N(c2ccc(C(=O)O)c(C#N)c2)C2CC2)cc1F,-7.826,-6.024,8.486788438508409,8.859067332400178,0.0053980403075977,0.07251456044348918
CC(C)C1N=C(c2ccccc2)CC1=O,-6.527,-4.895,12.682943625199949,3.254973732612908,0.005461414470127,0.07250762299843391
Cc1nc2c(C(=O)NCCc3ccncc3)cccc2[nH]1,-7.475,-5.617,12.72374874005299,3.0751720277083683,0.0054197530371932,0.07250563596315114
CC(O)c1ccnc(C2CCC2)n1,-5.979,-4.885,12.697521214788342,3.171950346395732,0.0054589512859249,0.07248743875144133
CCCn1cc(Br)cc1C(=O)NCc1ccoc1,-5.936,-4.98,12.67501814594362,3.3136670019783216,0.0054525036127775,0.07248098620713346
O=C(OC1CCCCC1)C1CCCN1,-5.861,-4.856,12.728259425388847,2.9551023670932284,0.0054596250666496,0.07248079927995468
CCC(NC(=O)c1cccc(O)c1)c1ccccc1,-6.79,-5.241,12.709730524287288,3.1384411735764624,0.0054352938661033,0.07246617542263258
CC(N)c1cccc(Br)c1OCc1ncnn1C,-6.387,-4.749,12.707494875072742,3.099107290817793,0.0054631413106062,0.07246310569280362
Cc1cc(CNCCc2noc(C)n2)n(C)n1,-6.435,-4.414,12.716172812603642,2.9973591710037017,0.0054822278687725,0.07246074313634446
CC(C)(C)OC(=O)C1C2CC3CCC2CC31,-5.29,-4.478,12.701748344224113,3.1087190287962665,0.0054779027963055,0.0724567754978166
Cc1ccc(NC(Cc2ccc(Cl)cc2)c2ccccc2)cc1F,-7.238,-6.045,12.698086942527995,3.294384009188972,0.0053863342845816,0.0724438356090142
Cc1cc(C(=O)c2ccco2)c(C)n1-c1ncnc(N)c1N,-6.818,-5.626,12.760976647576785,2.8013371807049574,0.0054093455862628,0.072439406226355
CC=CC=Cc1ccc(O)c2ccccc12,-7.213,-5.12,12.756978247218264,2.762430451613217,0.0054366853516012,0.07242925687571242
CC1=CC(c2ccccc2)C(C(=O)N(C)CCc2ccccn2)=C(N)O1,-7.241,-6.096,12.770670890755897,2.7972232660265077,0.0053781450014233,0.07240801841753011
CC1(NCc2cc(C(=O)O)no2)CC1,-5.83,-5.026,12.73147890074048,2.979940939012047,0.0054378044904881,0.07240080099927175
CCNC(c1ccccc1)c1ncc2cccc(C)n12,-6.619,-5.169,12.725491935481315,3.0501475374151985,0.005425910810985,0.07237614199112916
Cc1ccc2nc(C)c(C(C)O)n2c1,-6.222,-4.858,12.762179829480544,2.694927271745937,0.00544160843458,0.07236187318974442
CCCN(C)C1Cc2ccccc2C1,-5.736,-4.725,12.685607789932652,3.2619610665978214,0.0054481677726571,0.07235453943444384
c1cnc(C23CC4CC(CC(C4)C2)C3)cn1,-6.03,-5.142,12.71293125128898,3.149027468917984,0.005418869149796,0.07231887024295694
Cc1c(Cl)cccc1-n1c(C)c(C(C)Br)cnc1=O,-6.102,-5.265,12.732752530383994,3.029763357095732,0.0054109072529718,0.07231256233504113
C#CCNC(=O)c1c(C)[nH]c(C)cc1=O,-6.129,-5.108,12.753714047288344,2.848747970600418,0.0054163157836386,0.07228887037132553
CCOC(=O)C(C)(CC)NC(C)COC,-4.82,-3.701,12.710498416663292,3.0061019610119675,0.0054977010985588,0.07228757026188037
Cc1cc(Br)c(Br)c(NC2CCOC(C)C2)c1,-6.396,-5.15,12.692362585429082,3.2817768053296983,0.0054133203995796,0.0722848827746631
CCOC(CC(=O)O)Cc1nccn1C1CC1,-5.497,-4.661,12.73217734717829,2.966751253475761,0.0054412222096635,0.07228389796563635
Cc1ccn2cc(CC3COCCN3)nc2c1,-6.7,-5.179,12.693794113660424,3.2781479527318464,0.0054106721404411,0.0722782450017524
CCC1CCC(CN)C(N2CCOC(C)C2)C1,-5.872,-5.224,12.738362767640115,2.994387583463437,0.0054080531152699,0.0722778821907955
CC1CCCN(CCC(N)c2c(Cl)cccc2Cl)C1,-6.032,-4.656,12.68684956953459,3.272313249064032,0.0054377321285031,0.07225879796392001
OCCCOc1ccc2c(Nc3cccc(Cl)c3)ncnc2c1,-6.909,-5.144,8.464977377406274,8.877538960770604,0.0054090744442409,0.07225424358420524
CCCCn1cc(CNCC(O)C(F)(F)F)nn1,-6.14,-4.926,12.745845989968654,2.9039078842139605,0.005421264356088,0.07225244283071958
CC1CC(C)N(Cc2nc3ncccc3[nH]2)C1,-6.144,-5.382,12.708222456346917,3.2218102054590365,0.0053949220275851,0.072250129788714
Cc1nn(-c2ccccc2)c(C)c1CNC(=O)C(C)Oc1cccnn1,-7.293,-5.689,8.366293384767236,8.985578055973917,0.0053764959333429,0.07224297574604752
CN(CCCC(C)(C)CN)c1ccccn1,-5.896,-4.58,12.739333891534518,2.918973278397732,0.0054371898941165,0.07222609304047432
COc1c(CN2CCCC2=O)ccnc1CO,-5.444,-5.361,12.729195811205043,3.1012652256780617,0.005388470763151,0.07219894491888361
Cn1ccnc1SCc1ccc(N)nc1,-5.767,-4.728,12.722771592699448,3.0751760925189315,0.0054230618838533,0.0721887838329666
CCCc1nc(=O)[nH]n1-c1ccc(CC)cc1,-6.129,-4.933,12.755982361229574,2.8444871242457754,0.0054102615803302,0.07218175470219422
CCCC1NC(=O)NC(C)=C1c1ccc(C)cc1,-6.533,-4.871,12.736522327542946,3.000394807354525,0.0054115826376434,0.07216691704498929
Cc1ccc(Cn2c(C)cc(C=Nn3c(C(C)C)nc4ccc(Br)cc4c3=O)c2C)cc1,-7.423,-6.123,7.393142092507082,9.957444250408836,0.005337900515975,0.07214676030503524
CC(O)Cn1ccnc1Nc1ccc(F)cc1,-6.285,-5.398,12.729601918363356,3.1211174281016727,0.0053770982809932,0.07213674906829134
Cc1ccnc(-c2n[nH]c3ccccc23)c1,-7.112,-5.99,12.764018411143098,2.948405670866884,0.0053417833163918,0.07212289604455192
CC(Cc1ccco1)NC(=O)C(N)c1cc(F)cc(F)c1,-7.171,-4.805,12.73763949874544,2.9996764825560773,0.0054081283831775,0.07211870510312786
CC(C)(C)c1nc(CSc2nnc(C3CC3)o2)cs1,-6.621,-5.257,12.724716774844143,3.1479887229785306,0.0053796463527962,0.07210033416296933
COc1ccccc1CC(C)(O)Cc1nccs1,-5.573,-4.883,12.744253528551605,2.969087738683383,0.0053992973870302,0.07208952742033907
CC1=C(c2cccc(NC(=O)C3(C)CC=CCC3C)c2)COC1=O,-7.502,-6.077,8.4457044111193,8.920062836101549,0.0053311624413355,0.07208390378113554
Cc1cccc(C=C2NC(=O)NC2=O)n1,-7.08,-5.288,12.74736686535694,3.0024045363674765,0.005374130069063,0.07207511971028871
C#CC(C)(CC)NC(=O)C1CCN(C(=O)c2ccoc2)CC1,-7.005,-5.334,8.448774230620675,8.904960976893722,0.0053712745148057,0.07207341192496032
CC1CCN(C2CCOCC2)C1C,-4.858,-4.172,12.725515235148634,3.027375265803696,0.005436549714224,0.07206541683398722
Cc1c(-c2cn[nH]n2)sc(Cl)c1Cl,-5.059,-4.493,12.72615923992781,3.0636060451696463,0.005417202396584,0.0720599493272944
CC(C)N(C)CCCN1CCCC(NC2CCCC2)C1,-5.724,-4.41,12.732495827605836,3.0102979918938257,0.005420728966119,0.07205163835620737
COc1cccc2cc3ccccc3nc12,-6.273,-5.09,12.690939169344404,3.34243563887175,0.0053803280311403,0.0720414757587267
Clc1ccccc1C1(C2CC2)NCCO1,-5.393,-4.706,12.703345740394536,3.240469101843127,0.0054006763264185,0.07203124615493794
CC(C)(C)OC(=O)n1c2ccccc2c2c(Cl)cc(Cl)cc21,-6.969,-5.152,12.77953375518841,2.720441508285006,0.0053746585204744,0.07202705057139216
NC(C=CCO)CS,-4.206,-3.693,12.742114973582682,2.8474400783861977,0.0054562242825217,0.07201128726708753
Cc1cccnc1NC(C)C1CCCCC1,-6.262,-4.881,12.706519586417045,3.24471385487226,0.0053875157964198,0.07201007135801865
Clc1ccc(SNc2ccccn2)cc1Cl,-6.314,-4.956,12.73979874252337,3.041202722608278,0.0053818126458076,0.07200047399371323
CCCCC1(C)CN(C)CC(C)N1,-5.104,-4.176,12.728896299365472,3.0264201625022262,0.0054255172317327,0.07199379157257403
CCOc1cccc(C=NNC(=O)c2ccc(NC(C#N)=C(C)C)cc2C)c1O,-7.236,-5.627,7.278433416608274,10.067933303315035,0.0053416051126113,0.0719847805364852
c1cnc(CC2CCC(Nc3ccn[nH]3)C2)nc1,-7.163,-5.154,12.758784307291975,2.927254515753627,0.0053680967056638,0.07198382775376487
CCCCNc1cncc(N)c1,-5.428,-4.211,12.754829438295127,2.823827898438572,0.005421914852103,0.07198330042021762
CC(C)(C)NCc1ccnn1COc1ccccc1Cl,-6.338,-4.738,12.71084725736251,3.216051305560905,0.0053893331075744,0.07196775434892716
O=C(CO)C1(F)CCCCC1=O,-4.831,-4.505,12.762167919283934,2.8121888272304902,0.005401380177525,0.07195922113000744
Brc1cc(Oc2ccccc2)c2ccccc2n1,-6.729,-5.286,12.730097289494688,3.1571597995666925,0.0053567782146994,0.07195791100010542
CC(C)N1CCC(NC2CCC(C(=O)O)C2)C1,-6.645,-4.995,12.77416149890082,2.780816786485582,0.0053722275849249,0.07195114509545314
CCCCOC(=O)N1CC(c2ccccc2)CC1C(=O)OC,-6.268,-5.117,12.744479118426142,3.0468866076701966,0.0053634356560937,0.07193853637704116
CCN1CCC(CN2CC(O)(CN)C2)C1,-5.399,-4.565,12.721517755362369,3.1433490102118795,0.005392842271582,0.07192521757860587
CC(c1ccccc1Cl)N(CCC(N)=O)CCc1cccs1,-6.207,-5.261,12.75133675345452,3.025904988594321,0.0053501920949837,0.07190419818667486
Cc1ccccc1C[S+]([O-])C(C)(C)C,-5.596,-4.852,12.748743545934245,2.9945343544531258,0.0053730153417514,0.07190207429035957
C=CCOCC1(C)C2CCOC2CN1C(=O)OC(C)(C)C,-5.761,-4.726,12.76311262976238,2.8644645223845933,0.0053785874888065,0.07189140396691941
CCc1nc(Cl)c(C)c(C(=O)N2CC(C)(C)C2)n1,-6.902,-5.055,12.69213729046452,3.369543886047487,0.00535874013319,0.07188352844036784
O=C(O)CCCC(CNCc1ccccc1)C1CC1,-5.962,-4.718,12.767304609822702,2.829968904422803,0.0053775364695568,0.07188133469287952
O=C1CC2(CCCC2)OC1Cc1ccccc1,-6.69,-5.677,12.705709031769931,3.358638116856296,0.0053205347765861,0.07186150241055161
N#CCCn1ncc(C#N)n1,-5.257,-4.312,12.720969263385554,3.139760978163784,0.0053965633053424,0.07185341853347524
O=C1NC12CC1CCC(C2)N1CC1CC1,-5.557,-5.229,12.742968374754762,3.105398847169233,0.0053402380176958,0.0718251742395943
O=C1SCC2CSCCN2C1=O,-4.335,-4.12,12.727528471781156,3.0866528797388275,0.0054013400921198,0.07181177713539741
Cc1c(N)cc(Cl)cc1S(=O)(=O)Nc1cc(Cl)ccc1Cl,-6.771,-4.705,12.728776296250947,3.145425090508436,0.005367352546602,0.07180829490204238
Cc1cc(-c2cnc(C3CCC4CCCCC43)[nH]2)c(C)n1CC1CC1,-7.162,-5.961,8.719041747806923,8.657657477632156,0.0052962764308237,0.07180414801928409
Cc1ccnc(NS(=O)(=O)c2ccoc2C(=O)O)c1,-6.569,-5.541,12.766559207554714,2.981031029694256,0.0053194091751731,0.07180265870430252
O=C(CS)NC1CCN(C(=O)C2CCC(C(=O)O)CC2)CC1,-7.18,-5.105,12.76514574926585,2.9345590810205198,0.0053437873673966,0.07180210289904453
Cc1cccc(N)c1NC(=O)C(C)(C)C,-5.527,-4.744,12.72796692327569,3.1613936800088656,0.0053616781236853,0.071785148165349
Cc1cc(C)n(CCC(=O)NC2CC2)n1,-5.883,-4.708,12.690413626040725,3.3745038153778992,0.0053612535417778,0.07176862505630553
CCN(CC)C(=O)CC(C)Nc1cccc(C)n1,-5.812,-4.792,12.684006504255663,3.4140960736335475,0.0053561011988642,0.07176603317985605
CC(C)COCCCCCC(=O)CCCl,-5.015,-3.925,12.681652494844668,3.353058752840457,0.0054047698682435,0.07175989017690887
CCC(C)Oc1nccnc1N1CCC(C)CC1,-6.079,-4.488,12.677579619154438,3.42664777880657,0.0053689768553803,0.0717365789155809
Cn1c(C(F)(F)F)cnc1CNC(=O)c1ccco1,-7.092,-4.896,8.387791604468962,8.973862100567402,0.0053441403585815,0.07172529165877504
CCOc1ccc(NC(=O)C(C)N2CCC(=O)C(C)C2)cc1,-6.837,-5.257,8.414504917105937,8.954609371714659,0.0053197108870753,0.0716975687583799
Cc1cccc(-n2c(=S)[nH]c3ccccc32)c1F,-6.471,-4.932,12.781614686728746,2.8075606850075387,0.005337795309337,0.07169633687157347
CC1OC(C)C(C(=O)OC2CCCCCC2=O)C1C,-4.529,-3.922,12.760872501518069,2.849416431482067,0.0053918840879354,0.07167314776341574
CC(C)(C(=O)C(F)(F)F)C1CCCC1,-5.313,-4.632,12.7635866432598,2.9434452602350194,0.0053453020645761,0.07163293078294006
O=C(c1[nH]c(=O)[nH]c1O)C(Cl)(Cl)Cl,-5.337,-4.448,12.773952716367788,2.8307260552727453,0.005354959855735,0.07162766221883626
CCCn1nc(C)c(Cl)c1CN1CCCCC1CO,-6.358,-4.963,12.747188670448086,3.10742240450184,0.0053251671845935,0.07162320448008976
CC(=O)C1C2NC(c3ccccn3)=CCC1C(C)(O)C2CO,-6.332,-4.203,12.716140530837176,3.22294244441318,0.0053676508542487,0.07161913000026142
O=c1[nH]c(=S)ccn1C1OC(CO)C(O)C1O,-5.967,-4.948,12.778676457286178,2.867670831877327,0.0053252977141986,0.07161840799439646
CC(CS(C)(=O)=O)NC(=O)NC1CC1(C)C(=O)O,-5.471,-4.739,12.764525294737757,2.958600513756462,0.0053357920054964,0.07160975414326914
O=C(CC12CC3CC(CC(C3)C1)C2)NCCc1ccco1,-7.352,-5.207,8.463668885300276,8.909093500463445,0.0053081821933805,0.07160098001660144
CCN(CC(N)=O)c1nc(Cl)c2ccccc2n1,-6.477,-4.952,12.747772903531033,3.1126652566570665,0.005320613641905,0.07158841621180392
CP1(=S)Nc2ccccc2N(c2ccc(F)cc2)N1,-6.585,-5.349,12.73994921496942,3.2156276214760937,0.0052924318058013,0.07154813382717744
CC1CCC2C1C(C)CC1C(C)(C)C(O)CCC21C,-6.562,-4.864,12.750219919671974,3.102764412584365,0.0053173921437779,0.07153346764594681
C=CCNc1ccc(C#N)c(C)c1,-5.826,-4.289,12.695006656162098,3.368494173959635,0.0053498256210238,0.07153284275439761
CCC(CC)N(C)C(=O)OC,-4.099,-3.335,12.7337434009014,3.045507182720146,0.0054001938111051,0.071503162099877
CN(CC(=O)O)c1ccc2c(=O)nc[nH]c2c1,-6.405,-5.305,12.804945060405377,2.726724775256938,0.0052879409095446,0.07150121763187212
ClCCC#Cc1ccc2[nH]ccc2c1,-6.234,-4.861,12.700398025258892,3.397494370856264,0.0053126892977415,0.07150069350713101
Cc1noc(COC(C)C(=O)Nc2ccccc2C#N)n1,-7.409,-5.767,12.782894077633594,2.9882754223799384,0.0052622631370589,0.07150060512924297
CC1C(=O)OC(=O)C1Cc1ccc2c(c1)CCC2,-7.301,-5.331,12.74040854917926,3.226540872203543,0.0052848471700504,0.07149007777882446
CCOC(=O)c1cc(OCc2ccco2)c2occc2n1,-6.851,-5.162,12.733362321083932,3.253675613825078,0.0052927526334452,0.07147989092265697
N#CC(C#N)C(N)c1ccccc1OF,-5.903,-4.734,12.76216705736138,3.02319582561236,0.0053153291889886,0.07147041832700908
CCc1cnc(-c2[nH]nc(N)c2C(C)OC)s1,-5.78,-4.956,12.743667682421728,3.1749222037712985,0.0053021847846307,0.0714658391630627
CCCCCCCCCC=CCOc1ccccc1,-5.356,-3.907,8.447358048526178,8.909478379793061,0.0053609008365066,0.07146119946731477
O=C(c1ccccc1)C1CC2Cc3ccccc3C1N2,-7.773,-5.961,12.77355189444189,3.1019521272901684,0.0052408113646348,0.07142717527258385
CN(Cc1ccco1)C(=O)c1ccco1,-5.819,-4.352,12.740347051787875,3.142681816538225,0.0053300961427266,0.07142474201181018
CCC(O)C1CCCN1C(=O)c1cc2ncccc2s1,-6.463,-5.418,12.791372756666894,2.901615756781039,0.005270087923737,0.0714228487100539
CCNc1ncnc(N2CCC(C)(C)C2)c1CC,-5.839,-4.409,12.710517101990778,3.32429887344685,0.0053262792850374,0.07142079403858471
Cc1c(Cl)cnn1Cc1ccccc1N,-5.496,-4.978,12.789437438761723,2.8557652214424074,0.0052941027127323,0.07141964840208033
CC(C)C(C)NC(=O)Nc1ccccc1C(=O)O,-6.501,-5.973,12.776049193706166,3.089861647388116,0.0052384697848731,0.07141569516841158
O=C1CCCC1=C(CCl)Nc1ccccc1,-5.807,-4.688,12.725945072960204,3.2685117408386337,0.0053087092880148,0.07140850204671362
Cc1ccc(C(N)CCN)cc1,-5.382,-4.622,12.79088210406147,2.798327178869547,0.0053102477256652,0.07139387698311613
CCn1nccc1CN(C)CC1(CC#N)CC1,-5.891,-4.648,12.755764069627505,3.0848304653578613,0.0053077420260398,0.07138686686897684
Cc1ccccc1Oc1ccnc(Nc2ccc(F)c(F)c2F)n1,-7.763,-5.85,8.482280707451268,8.91123723172041,0.0052402180815351,0.07138168670219114
CCC1CCCC(NC(CO)C2CC2)C1,-5.421,-4.512,12.781426641811157,2.871677906729792,0.0053146177943483,0.07138159247412759
CCN(CC1CC1)C1CC1C,-4.204,-3.391,12.73821455306826,3.059600300692886,0.0053784538948174,0.07138056029208871
Cc1nn(-c2ccccc2)c(C)c1NC(=O)NCc1ccccc1,-7.194,-5.558,12.736392935207364,3.299994545450037,0.0052555611630894,0.07137680861323646
CCOC1CC(NCCc2ccc(F)cc2)C1,-5.826,-4.66,12.748418450929512,3.1411318023922528,0.0053040716515078,0.07136671772072331
Cc1ccc(S(=O)(=O)NC(CO)CF)c(C)c1,-5.87,-4.765,12.753293456985924,3.1219674886199567,0.0052976413005348,0.0713631118413221
COc1ccc(CNC(C)Cc2ccccc2)c(Br)c1,-6.15,-5.295,8.427125369899276,8.957907679810058,0.0052673942948333,0.07135841586645053
CCCCCCN1C=CN(Cc2ccccc2)C1,-6.173,-4.41,12.73670475437034,3.1942326151988367,0.0053149140458659,0.07134493334922698
Cc1cc(Br)cc(Br)c1NCC1CCC(C)(C)C1,-6.68,-5.122,12.73685871791,3.2644322630436062,0.0052749929225063,0.07134482059474195
C=CNn1cc(-c2cccs2)nc1NN=Cc1cccc(Br)c1,-5.859,-5.252,12.749140637705745,3.2067648806858298,0.0052669707751929,0.07133939719261363
CCCCCN(CCCCC)C(=O)c1cccc(=O)n1C,-5.704,-4.61,12.764728590925856,3.0353979969684373,0.0053012750549043,0.07132899741025796
Cc1nc(N2CCCCC2)sc1CNC(=O)NCc1cccc(C#N)c1,-7.689,-6.26,8.417133359998521,8.986543773887712,0.0052064788964354,0.0713039942053636
Cc1cc(C(=NO)c2cccnc2)ccc1F,-7.128,-5.149,12.772763404995803,3.052321084027694,0.0052669486742736,0.0713005481638954
CC(Cc1ccncc1)NC1CC(O)C1,-6.334,-4.661,12.719917649104495,3.3259019829213248,0.0052940855867821,0.07129988217598258
CC(=O)CC(N)C(=O)c1cc(Br)ccc1Br,-6.308,-4.85,12.755608883938075,3.1378656759013763,0.0052819536436892,0.07128941962265747
O=C(NCCNc1ccccn1)c1cn[nH]c1,-6.233,-5.066,12.78504051616576,2.9553593690108144,0.0052691695177694,0.07128437196909734
CN(c1nc2ccccc2o1)c1ccc(C#N)cc1Cl,-7.238,-5.468,8.506883036694463,8.884989026442295,0.0052458037350886,0.07127682745491438
CCCC1(NS(=O)(=O)c2ccccc2Cl)CC1,-5.633,-4.558,12.745184894696507,3.19183348563173,0.0052881148728643,0.07122076619870259
c1ccc(N(CC2CC2)C2CCNC2)nc1,-5.567,-4.599,12.729505449937951,3.2967488530368825,0.0052801830348267,0.07118280755955698
CC(C)NC(=O)C(C)N1CCc2ccccc2C1,-6.275,-5.071,8.725078624287576,8.664653830361605,0.0052535359475194,0.0711804209456172
CC(C)(C#N)N1CCN(CCNC2CC2)CC1,-6.051,-4.928,12.765914029163756,3.116043324474164,0.0052589607615994,0.07116341758919169
CCCc1nnc(NC(=O)c2cc(-n3cnnn3)c(C)cc2C)s1,-7.521,-5.532,8.51121131214588,8.887106728289021,0.0052248344711748,0.07115813810159681
CCc1nsc(NC(=O)CCCC2CCCC2)n1,-6.593,-4.454,12.749383749813164,3.1731463880508253,0.0052842158354781,0.07115522201463052
CC(C)(C)C(=O)C(N)CC1CC2CCC1C2,-5.407,-4.493,12.793776104028083,2.859323346527986,0.0052784314565436,0.0711309918615153
Cc1nc(Nc2cccc(Cl)c2)c2c3c(sc2n1)CCC3,-7.382,-6.024,12.765802990803204,3.243499036534465,0.0051922352259135,0.07111878636580168
Cc1c(Cl)cccc1NC(=O)Cn1cnc2c(c(C)nn2C)c1=O,-7.233,-5.649,8.469794625609289,8.93220263988676,0.0052125107056352,0.07111781067778221
CC(=O)NC1CCc2c(ccn2Cc2ncco2)C1,-6.394,-4.756,12.760193846489951,3.1485266395569846,0.0052614035529069,0.07111523092822448
NC1C=C(C(=O)c2ccccc2)C=CN1,-6.418,-5.171,12.783126143475236,3.0451904702333485,0.0052362169665659,0.0711004743340004
CCc1cccc(C2c3ccsc3CCN2Cc2ccco2)c1,-6.68,-5.483,12.752518692399551,3.2753268539185525,0.0052173301148614,0.07108872413875086
C=C1CC1C1=CCC=CC=C1,-4.337,-3.334,12.732636843953417,3.181057371378265,0.0053355743290397,0.07107368417625622
CCc1cc(NC(=O)C2CCCC2C(=O)c2ccccc2)n[nH]1,-7.745,-5.594,12.751440114747824,3.2985217901356965,0.0052072422812958,0.07106135943186222
CC1CN(c2ccc(C#N)c(Cl)c2)CCC1N,-6.72,-4.941,12.808257414652472,2.8395763768562383,0.005238157025101,0.07102739954506603
Cc1[nH]c2ccc(Cl)cc2c1C1CCCC1O,-6.881,-5.146,12.768043428810852,3.165979469295402,0.0052266791461207,0.07102633057360497
CCc1ccc(NC(=O)c2ccc(O)c(O)c2)cc1,-6.864,-5.508,12.828479021302565,2.7437853414580378,0.0052052236965547,0.07101552161070537
CC1(CNC(=O)c2ccc(NN)c(C(F)(F)F)c2)CC1,-7.872,-5.471,8.75940603009131,8.64459096776707,0.0052070997912877,0.07101451685239189
CCOc1ccc(C2NC(=O)NC(=O)C2N)cc1,-6.703,-5.303,12.781417018468648,3.101492221495969,0.005215335474386,0.0710079042384644
CNC(=O)c1sc2nc(C)cc(C(N)=O)c2c1N,-6.054,-5.36,12.789668525806288,3.0576724808258984,0.0052091356211931,0.07098696912729106
CC(C)c1nnc(-c2ccoc2C(=O)O)o1,-6.721,-5.329,12.78882660762902,3.060383145947579,0.005210626238184,0.07098554886089078
O=CCC12CCC(OC1)C1CCCC12,-5.694,-4.899,12.791532589959656,2.987992804542876,0.0052340506191443,0.07098379918619045
Cc1cccc2c1CC1(CCCOC1)CN2,-6.406,-5.078,12.736083306888348,3.353530080377989,0.0052237058186831,0.07098066928512958
Cc1ccc(-c2cc(CO)on2)cc1,-6.399,-4.811,12.8127683971888,2.802527787551802,0.0052366382762702,0.07096831540181717
CN(Cc1cccc(N)c1)C(C)(C)C,-5.429,-4.417,12.692343755193525,3.512744938079051,0.0052581175883908,0.07096534366040276
CNc1cc(C(F)(F)F)c(OC)c(Cl)n1,-5.736,-4.646,12.768740384235246,3.1319696677969286,0.0052417492740434,0.0709409397654348
COc1cc(C)c(C(Cl)C(=O)NC2CC2)c(C)c1,-5.758,-5.087,8.716822184718465,8.684141523489815,0.0052169932167225,0.07093841610976111
CCCC(C)COc1cc(Cl)nc(C(F)(F)F)c1,-6.596,-4.765,12.764324423956012,3.1799473266077847,0.0052315326577556,0.07091644806042881
Cc1cnc(NC2CC(F)(F)C2)nc1,-5.712,-4.71,12.766294293960168,3.164397889014591,0.0052332164232405,0.07090721049944555
CCCSc1ccc(Cl)cc1Cl,-5.015,-4.116,12.728361834894544,3.3298153101936445,0.0052638032118919,0.07089008186953512
Cc1ccn2c(CNC(=O)CC3CCCC3)nnc2c1,-7.179,-5.345,8.427593428731598,8.98063327388442,0.00519187520667,0.07086367322293687
O=C(C1CCCC1)N1CCCC(c2ncc[nH]2)C1,-7.027,-5.834,12.809062963386513,3.017843269621536,0.0051641511031926,0.07085577211383254
CCN(Cc1cc(OC)ccc1N)C1CCCCC1,-6.585,-4.77,12.752710182545512,3.2670154575697983,0.0052215075086452,0.07085034190175124
COC(=O)c1cc2c(s1)N(Cc1ccccc1Cl)C(=O)CC2,-7.291,-5.076,8.412444591199398,8.991998887900287,0.0052039369330837,0.07084548293322157
CC(=O)OC(C)(C)P(=O)(Oc1ccccc1)N(C(C)C)C(C)C,-5.569,-4.279,12.776244557772053,3.068290240508547,0.0052480642294131,0.07084547881967633
CC1CCCC1Nc1ncc(CCl)cc1Br,-5.721,-4.779,12.731052234595536,3.384991728202596,0.0052200303855205,0.07084369367486881
O=C(CSc1nnc(-c2ccncc2)o1)Nc1ccc2c(c1)OCO2,-7.191,-5.931,12.823529506341067,2.9376095724244915,0.0051510959229738,0.07080206549453448
CCN(CCCCN1C(=O)C=CC1=O)C(C)C,-5.089,-4.298,12.749222093916162,3.2574623558837943,0.0052383886554792,0.07078729547834486
Cc1cccc(C=Cc2ncc(C(=O)NC3CCCCCC3)n2C)c1C,-4.991,-3.761,8.66914863178617,8.716120352542179,0.0052681424565652,0.07078500291188543
NC1CCC(=CO)C1,-4.106,-3.709,12.799223179552731,2.8415949746577187,0.0052670746781213,0.07075813860508078
c1ccc2c(c1)nc1n2CCCC1,-5.496,-4.287,12.7379106999539,3.32874916447605,0.0052331385801782,0.070747674473728
COC(=O)C(C)(C)C(O)N1CCCC1,-4.985,-4.13,12.79065479168287,2.9951480764730145,0.0052338380934411,0.07069329037147169
Cc1nn(C)c(C)c1C(C)C(=O)NCC(=O)NCc1ccco1,-6.82,-5.153,8.821445799867503,8.59180452524381,0.0051770217686615,0.07069073181328807
O=C(C1CC1c1ccncc1)N1CCc2ccccc21,-7.571,-4.972,12.809108829266773,2.9671501478691638,0.0051856288010351,0.0706819429337239
CCOC(=O)C1CCN(c2nn3nnnc3cc2C)C1,-6.173,-4.952,12.807945112312122,2.979965268253977,0.0051840343328364,0.07066361107764499
Cc1ccc(CN(C)C(=O)NCCC(=O)O)s1,-5.856,-4.46,12.801886501605926,2.971392434533008,0.0052073128409399,0.07063780161050508
CCCC(C)c1nc(CCC(F)(F)F)c(CC)c(=O)[nH]1,-6.922,-5.333,12.801447027582467,3.0856281370249405,0.0051579691479518,0.07062744453983745
COC(=O)N=C(C)c1ccc(OC)c(N)c1,-5.273,-4.548,12.804061347869276,2.9703402162041974,0.0052006802504667,0.07062577743311714
Fc1ccc2c(c1)N(CC1OCCCO1)c1ccccc1S2,-7.25,-6.377,12.824146482319984,3.0525677715654407,0.0051003852831539,0.07061677236863935
C=CCN(CC=C)CC(C)(O)CN1CCOCC1,-5.261,-4.035,12.767184066974206,3.170235322495792,0.005227274319243,0.07061317792468462
CC(CO)COc1cccc(Br)c1,-5.129,-3.938,12.80904949635218,2.853580733044012,0.0052304177586714,0.07059785353274783
Cc1cc(O)c(CCl)c2ccccc12,-5.706,-4.808,12.827289113448716,2.8259658525891647,0.0051810959375417,0.07058982957512581
CSC(=O)CC=CCc1ccccc1,-5.662,-4.483,12.792262856899088,3.064227308800703,0.0051976718510372,0.07058099848643526
COCc1[nH]nc(C(=O)NC2CC2C)c1N,-5.733,-5.01,12.813810284220692,2.971776909527362,0.005168491361551,0.07057921060689439
O=c1ccn(C2OC(CO)C(CO)C2O)c(=O)[nH]1,-5.936,-5.55,12.839965147927778,2.8292294003844938,0.0051390585630313,0.0705782891422022
Oc1ccc(C=CC=CCl)c(O)c1,-5.808,-4.243,12.83128380170901,2.698542940180867,0.0052104768642636,0.07057779997755256
CC1(C)N=C(c2ccc(-n3ccccc3=O)cc2)OC1=O,-6.471,-5.676,12.80364666803954,3.127766935051268,0.0051306940807625,0.07056745149466721
CC(C)(C)Cn1ccccc1=NC(N)=O,-5.474,-4.512,12.809874082128989,2.94057902461403,0.0051940458533687,0.07056723540756861
COC(=O)C1CCN(C(=O)CC2CC2)C1,-5.926,-4.6,12.771657449211515,3.215906404110666,0.0051884329005862,0.07056202395901721
CCSC1=NC=CCN1CC,-4.41,-3.735,12.752233412230188,3.2440852331589567,0.0052361259901793,0.0705597661435365
CC(C)(C)n1cc(CNc2nc3ccccc3o2)cn1,-6.29,-5.262,8.513017913760079,8.908222157086115,0.005150831534068,0.07055219329639625
CCC(C)N1C(=O)C2=COC(c3ccccc3)C2C1=O,-6.559,-5.031,7.288240459809212,10.11341421083899,0.0051612601325742,0.07053763769979177
CCCCCCCCC1(O)CCCC(=O)C1,-5.745,-4.411,12.79481461374099,3.058456309970767,0.0051920488238107,0.07051584343825182
CCc1ccc(C(=O)N2CCCC(n3cccc3)C2)[nH]1,-7.466,-5.154,12.745897614526802,3.4192918857564645,0.0051494472138107,0.07050259077965035
CC(=NC(C)=C(C)C)c1cnccn1,-5.722,-4.996,12.78241405212646,3.2117241475568847,0.0051559186992535,0.07048810448531641
O=C(CC12CC3CC(CC(C3)C1)C2)NC(=S)Nc1ccc(OC(F)F)cc1,-7.668,-5.902,8.220204681149978,9.213535314959184,0.0051065905526965,0.07048484917217053
COc1cc(CF)c(CC(C)N)c(OC)c1,-5.255,-4.09,12.758110753555952,3.2651399663720397,0.0052049881832701,0.07048315691857175
CCC(C)Cn1c(-c2cccnc2)nc2ccccc21,-6.083,-5.091,12.784243035862543,3.2157109633796384,0.0051478872924297,0.07046850027000297
CC(C)(CCCl)CNC(=O)c1ccc(O)cc1O,-5.791,-4.731,8.607685867874128,8.80921040729531,0.0051653627451665,0.07045385416192303
Clc1cc2nc(-c3ccccn3)oc2cc1Cl,-6.533,-4.812,12.805756400931577,3.054294353856549,0.0051585603232185,0.07043763447584403
NC1CCCC(N2CCSC2=O)C1,-5.104,-4.276,12.779981142396103,3.1690266644507736,0.0051862580839608,0.07042594777552079
COc1cc(Br)cc(C(C)N2CCCCC2C)c1O,-5.768,-5.198,12.821356987464316,3.0067301175862124,0.0051294226461093,0.0703816927506734
Cc1ccc(CNc2cc(C)ncn2)c(C)c1,-6.881,-5.447,12.787195235859974,3.260267780413137,0.0051139641357686,0.07036768514123098
CCc1ccc(C(C)Cc2ccc[nH]2)cc1,-6.182,-5.34,12.800943012137816,3.1676027213020257,0.005119482345435,0.07036604473083422
COc1cc(Br)cc(C(=O)NCc2cnn(C)c2)c1,-6.85,-5.523,12.826173474579235,3.016937685799957,0.0051096130462112,0.07036582654213576
CCN(CC(C)C)C(=O)c1cc[nH]c(=O)c1,-5.587,-4.341,12.830452603084586,2.8234802992052206,0.0051717434476343,0.07035164387444548
CC1CC1NC1CCC(C)(C)C1,-5.145,-4.365,12.796614005274987,3.101214117083824,0.005166168797286,0.07032268822147454
CC(C#N)Sc1nnc(-c2ccncc2)n1C1CC1,-6.646,-4.484,12.778630638687387,3.2278698858535173,0.0051593732013228,0.07032085561892477
C#CCNC(=O)c1cccnc1,-5.894,-4.148,12.818824673112584,2.9155639248694243,0.0051750090582212,0.07030160814955241
Cc1cccc(NC(C#N)C2CCCCC2)c1C,-6.464,-5.25,12.818475728416386,3.060478884096409,0.0051149183229675,0.07030136526142096
COC(=O)N1CC(=O)N(C)C(C)(C)C1,-5.286,-4.023,12.796055954863592,3.07304767291365,0.0051812737852688,0.07029729015596822
CC(C)(C)C1NC(=S)N(Cc2ccco2)C1=O,-5.76,-4.567,12.762403143608966,3.334156714973068,0.0051503636625448,0.07029037809691072
CCOc1ccc2c(c1)CC(=Cc1cnn(-c3cccc(C)c3)c1)C2=O,-7.475,-6.08,7.449789594344259,9.985251974787616,0.0050680795612136,0.07028390017938217
CC(C)(C)OC(=O)N1C=C(N)C1=Cc1ccccc1,-6.481,-5.067,12.83605320961237,2.9288982570243025,0.005114376854516,0.070229875172708
CCC(C)C(C)N(CC)CCO,-4.22,-3.764,12.838508441403931,2.708054652328864,0.0051840528789785,0.0702189255552015
CC(NC1CCC1)c1cccc(F)c1,-5.933,-4.726,12.81177196955987,3.072967458337299,0.005130668372448,0.07021498680288916
CN1CCCCC1CC(=O)c1ccc(C(F)(F)F)cc1,-6.674,-5.502,8.55608397574498,8.884750587382856,0.0050887093698309,0.07021400122505908
c1ccc(CC2CCC(C3CCCO3)N2)cc1,-6.852,-5.461,12.840517668692334,2.952967490508488,0.0050905695032224,0.07021171101386724
COc1ccc(C(=O)Nc2ccc(=O)n(C)c2)cc1,-6.474,-4.956,12.84158222338665,2.87998211800004,0.0051154358763158,0.07019600408616608
CCOC(=O)C1CCCC12CCCC2N,-5.316,-4.795,12.812263383180976,3.0872139543607924,0.0051224779023534,0.07018454594969335
O=C(NC(c1ccccc1)c1cccs1)c1cccs1,-6.792,-4.985,12.772995694041397,3.341493827616625,0.0051119340878062,0.07018272094445566
CNc1ncc(C(=O)N2CCN(Cc3ccco3)CC2)cn1,-6.282,-5.566,12.859110428019504,2.822847498537602,0.0050801589149495,0.07017856142035038
CCOC(=O)NC(=O)C(C)C,-5.295,-4.016,12.81867707682817,2.948631716576351,0.005162294761438,0.07016580228310823
NC1CC(C(=O)NCc2ccccc2)C1,-6.811,-4.964,12.798334930763454,3.202950202547645,0.0051095134279442,0.07015832151507477
C1=C(COCC2COCCN2)CCCC1,-5.655,-4.512,12.809361342393306,3.086020252687918,0.0051323358895648,0.07014678153342387
Cc1ccc(Cn2cc(C=N)c(N)n2)s1,-6.067,-5.119,12.85317396598988,2.832003707624692,0.0050958333708893,0.0701216697905457
O=C(Cc1ccn[nH]1)NCC1CC2CCC1C2,-7.039,-4.869,12.822579966605783,3.0440374504923557,0.0051091955212117,0.07012093121356759
Nc1cccc2oc3c(c12)CCNC3=O,-5.803,-4.988,12.80966736492404,3.1493880357936206,0.0051007822502353,0.0701072367879961
CC(C)C1CCN1CCNC(C)(C)OC(C)(C)C,-5.39,-4.136,12.785070355692222,3.2183469359284427,0.0051438068866985,0.0700848689509929
COC(=O)C(C)C1(C)CC(=O)NC(C)(O)C1,-5.755,-5.266,12.869785312894695,2.7178274411742924,0.005080698283806,0.07007170656693114
O=C(O)NCCCCNc1nc2ccccc2[nH]1,-6.125,-5.306,12.858536619693549,2.838478641807967,0.0050765028623043,0.07005751751524403
CC(C)CC(NC(=O)c1ccco1)C(=O)OCC(=O)NCC(=O)N(C)C,-6.648,-4.976,12.850117742651234,2.865733239504333,0.0050934649188637,0.07005249364385016
Cn1cc(S(=O)(=O)NCC(C)(C)N2CCOCC2)cn1,-6.275,-5.076,12.818760509503248,3.121867389880614,0.0050853077862849,0.07003332960179469
OC1(C2CCCC2)CCCC1,-5.09,-4.34,12.809663461621463,3.099849028581876,0.0051248542959039,0.07003162694852517
Cc1ccn(C)c1C(=O)NCC1CC2CCCN1CCO2,-3.659,-2.564,8.760148743029424,8.639102615434082,0.0052224783256264,0.07002482810521622
Cc1nc(C(N)C(C)(C)C)n(C)n1,-4.945,-4.395,12.803341009283477,3.150856074148739,0.0051202563790484,0.07002066931547642
Cc1cc(O)cc(C2CCC23CCNCC3)c1,-6.8,-5.143,12.857628319406343,2.8409058414526878,0.0050785262865981,0.07001134847753922
COc1ccccc1CC(O)Cc1ccc(Cl)nc1,-6.766,-4.541,8.446517921605327,8.987143539523556,0.0051105076040269,0.07000822351553253
NC(=O)N1CCN(N)CC1,-4.439,-3.984,12.801664383977576,3.121917840046404,0.0051399097821998,0.07000155587163435
CCOC(=O)C(CC)C(Br)(Br)Br,-4.0,-3.394,12.790144995268818,3.134935406033113,0.0051706245341837,0.06998898991896928
N#Cc1ccc(NCc2cncc(Br)c2)cc1,-6.189,-4.977,12.804925029065966,3.2116364987339403,0.0050839347631426,0.06998729647961499
CN(Cc1nc(-c2ccncc2)n[nH]1)C1CCCCC1,-7.094,-5.289,8.587186035017524,8.862075941899844,0.0050622776602979,0.06995303352959961
CC(C)(I)C#CC(=O)CBr,-5.108,-3.422,12.814028289339772,2.982078805129066,0.0051634742333161,0.06995109648256902
CC1CCN(c2ncccc2C(N)=S)C(C)C1,-5.622,-4.853,12.81901318354888,3.128597449337323,0.0050812535326291,0.06992300881728697
Cc1cccc(C(C)C)c1NC(=O)C(N)Cc1ccccc1,-6.941,-4.951,12.83728425329906,3.017946652941367,0.0050738211005252,0.06990804767880866
Cc1cnc(COc2ccc(C(C)NS(=O)(=O)c3cccnc3)cc2)n1C,-7.324,-5.496,7.2517875037813955,10.18674953064028,0.0050403519662386,0.06987738533258342
CC1COCCN1S(=O)(=O)NCCCCCBr,-5.633,-3.972,12.784025578822972,3.2635420941057287,0.0051222655300533,0.06987682689641077
Cn1c(CNc2cccc(Cl)c2Cl)n[nH]c1=S,-5.852,-4.474,12.809221287806688,3.165012006296342,0.0050943735789078,0.06987277872877218
CC(C)=CC(=O)CC1CC(=O)N(C)C1,-5.873,-4.418,12.842950790219511,2.9311079816342485,0.0050915105776702,0.06983237221339118
C#CCNC(=O)COc1cccc(Cl)c1,-5.86,-4.62,12.780145265215102,3.358873918443501,0.0050785419186712,0.06981817502125195
CC1(C)Cc2ccc(O)cc2O1,-5.44,-4.393,12.842537327179548,2.936482419494453,0.0050907105660067,0.06981761225778518
Cc1ccc(C(=O)c2c(C)[nH]c3ccccc3c2=O)o1,-7.599,-5.422,12.862817653997896,2.9138079895559343,0.0050353308916541,0.06981542333188714
O=C(c1n[nH]c2ccccc12)N1CCC(C2CC2)CC1,-6.827,-5.13,12.875144154532794,2.7643695483780744,0.0050490192744833,0.06980288000186234
CCC(Oc1ccccc1C)C(=O)Nc1ccccc1,-6.628,-5.402,12.818550503079512,3.225249912797456,0.005033637647398,0.06979634588829951
CCCN(CCC)c1nccn(CC)c1=O,-5.363,-4.54,12.815476190918542,3.1553194766932866,0.0050793503125632,0.06979411700838652
CCNc1nc(NCC2(C)CCC2)cnc1C,-6.591,-5.18,12.813175757789324,3.236391354579974,0.0050446035835569,0.06979073947669527
CC1=CC=CNN1C,-4.445,-3.273,12.81589068305438,3.015503274745362,0.0051431798728156,0.06975762536985904
OCCC(NCc1ccccn1)C1CC1,-5.72,-4.09,12.852753245900274,2.8317415136272595,0.0050972657967053,0.06974998427518567
CC(C)OCCN(C)CC1(CBr)CCCC1,-4.925,-3.839,12.821121557804528,3.051326432881281,0.0051105943524927,0.06974761067477867
CCCC1CC1Nc1ccccc1CNC1CC1,-6.45,-4.647,12.855380118845185,2.894570952662933,0.0050660803323475,0.0697424424714972
Cc1ccc(C(=O)CSc2cccc(Br)c2)o1,-6.406,-4.88,8.47697746841408,8.975287014909329,0.0050519696812198,0.06973118331813327
CC=CCCCCC1OC(=O)C2CC1C1CCCC21,-6.82,-5.216,12.776389239530864,3.453534566208944,0.0050296700400533,0.06970058009978412
CC(c1cccc(C#N)c1)N(C)C(=O)c1ccncc1,-6.986,-4.976,12.850866585565347,2.990745224856173,0.0050423726954203,0.06970026205478921
Cc1ccccc1CN(C)c1cc(N(C)C)ncn1,-6.921,-4.671,8.554683103423528,8.896353129232226,0.0050564901029645,0.06968525966276327
O=[N+]([O-])c1ccc(NN=Cc2cnn(Cc3ccccc3Cl)c2)cc1,-7.21,-5.387,8.576563764119054,8.887217899882955,0.0050166760916771,0.06967315763155747
Oc1ccc(C=NCc2ccccc2)c(Cl)c1O,-6.372,-5.327,8.40614334876583,9.057128463260309,0.0050166387934432,0.06965091563260006
CCn1nc(C)c2c(=O)n(CC(=O)Nc3ccccc3)c(OC(C)C)nc21,-6.938,-5.404,8.480096697561885,8.98504652186064,0.0050116482923815,0.06964445921511497
NCC1CCCN1C(=O)C1Cc2ccccc2S1,-6.63,-5.048,12.860740491900147,2.9454556523566944,0.0050296052587829,0.06963842628590847
CCCCCCC(CN)N1CCCC1(C)C,-5.601,-4.711,12.83731704835555,3.0791609246676277,0.0050465867416431,0.069631736140555
CCCN(CC)C(=O)CCN(C)S(=O)(=O)c1cccs1,-5.546,-4.171,12.826206804819575,3.0935099805883928,0.0050751054309787,0.0696282439893309
CCCOc1ccc(CNC(=O)c2ccc([N+](=O)[O-])o2)cc1C,-6.897,-5.379,7.384980636399801,10.067802441446691,0.0050072928103636,0.06960504023608655
O=S1(=O)COc2ncccc21,-4.598,-4.285,12.824594847401611,3.1266829068519244,0.0050644826249409,0.0695975534949284
CC(C)N(CCO)C(C)CC(=O)O,-4.422,-4.25,12.85589814054234,2.891472462258633,0.0050656007059139,0.06959227524611868
CCOC(=O)C=C(C)c1ccccc1C(F)(F)F,-6.024,-4.43,12.753225395953764,3.5223374341479543,0.0050549366406539,0.06958554128480811
CCCC(=O)Nc1cccc(NC(=O)c2ccc(NC(=CC(=O)OC)C(=O)OC)cc2C)c1,-7.9,-5.528,7.387844746609122,10.068771225924245,0.0049955507534292,0.06957782935234491
CC1CC(CN)(N(C)C)CCN1C,-4.72,-4.47,12.870446340356654,2.8015818745844285,0.0050515509530101,0.06957701082868312
COc1cc(C)cc(C)c1C1CC1,-5.697,-4.407,12.86864149784273,2.808433549151555,0.0050549293040084,0.06957698980961706
NC1CCN(c2cccc(F)c2)C1,-5.818,-4.183,12.815620039623523,3.1812381237499343,0.005065817287452,0.0695689459353644
CC(C(=O)Nc1ccccc1)C(=O)NC1CCCCC1C,-6.803,-5.022,8.41973099332752,9.04270053689715,0.0050194391013415,0.06955846708193825
CC(=O)c1ccc(Nc2nc3c(C)cccn3n2)cc1,-6.865,-5.669,8.425913718998077,9.047694789281964,0.0049846921640643,0.06955359922168303
CC1CN(Cc2ccc(CO)o2)CC(C)(C)O1,-6.665,-5.269,12.868200418084884,2.9471024753136774,0.0050055640422749,0.06955275899182452
Cc1ncccc1C(=O)C1(C(C)(C)C)CCC1,-5.815,-4.92,12.86201282848062,2.952397500337649,0.0050228656635755,0.06954473494282987
CC(C)N1CCC(=Cc2c(-c3ccn[nH]3)ncn2C)CC1,-6.55,-5.341,12.873072826640888,2.921169286433089,0.0050003647688722,0.0695429713988972
Cc1nn(Cc2ccc(Cl)c(Cl)c2)c(C)c1CC(N)=O,-6.866,-5.544,12.85930865171219,3.057531357157273,0.0049873397563623,0.06952646411148379
CN(Cc1ccc(C(F)(F)F)cc1)C(=O)c1cccnc1Cl,-7.242,-5.08,8.403170889610658,9.062053685561567,0.0050105011712264,0.06951778087522406
NC1CCC(NCC2(C3CC3)CC2)CC1,-5.277,-4.109,12.8472616926721,2.9840589806503486,0.0050565166594759,0.0694776588147971
C=C(Cc1ccccc1F)c1ccc(N)c(C)c1,-6.937,-5.047,8.414163119407657,9.052409900131568,0.0050064370642976,0.06947748456485325
CCCOc1ccc(N)c(CN(C)C)c1,-5.87,-4.341,12.841349072430043,3.0632743918885232,0.0050410665679534,0.06945715326964984
CCn1nc(-c2ccc(C)o2)cc1C(=O)O,-6.233,-5.327,12.88018602350137,2.90080144098144,0.0049858363383173,0.06943675604379382
Nc1c(-c2ccccn2)oc2cccc(Br)c12,-6.379,-5.507,12.869218158070057,3.011287432311967,0.0049763581105828,0.06943638691600529
CCOCCOc1ccc(NC(=O)c2c(C)nn3c(C)cc(C)nc23)cc1,-7.315,-5.488,7.344299149680654,10.117229858019437,0.004976707574818,0.0694318965517572
c1cnc2[nH]cc(-c3ncn[nH]3)c2c1,-6.561,-4.696,12.856217017458908,3.009375516614701,0.0050177642785915,0.06942709293715105
CCc1ccc(C(=O)C(C)Oc2cccc(F)c2)cc1,-6.908,-5.507,8.520574276420575,8.956590980948052,0.0049746453111484,0.06942443632513573
Cc1cncc(NC(c2cnn(C)c2C)C2CC2)c1,-6.068,-4.767,12.795504405845046,3.3879617766438868,0.0050120867195137,0.06941389109542703
FC1=CC(NOc2cccs2)=CCC=C1,-4.786,-4.024,12.851080032433073,2.9684677865862046,0.0050508379423343,0.06940717161536018
Cc1ccc(C(=O)NC(C)c2cc3cc(Cl)ccc3o2)cc1,-7.745,-5.789,8.45919919377715,9.02374384609847,0.0049561818082712,0.06939802024053841
CCNC(=O)C(CC)N(Cc1ccc(F)cc1)C(C)=O,-6.204,-4.369,12.806143759930231,3.3024725585536667,0.0050299550146315,0.06939088897844391
CN(C)CC1Cc2c(Cl)cc(Br)cc2C1=O,-5.989,-4.474,12.811897946830516,3.282449694968684,0.005023265425461,0.06938341687252868
CN(C)C(=O)C(N)=Cc1ccc(O)cc1,-5.827,-4.616,12.84037600695556,3.1252785475857987,0.0050154474380747,0.06938164705110555
CCCCCCc1ccnnc1,-5.402,-3.986,12.841219490375517,3.052050294474192,0.0050464815258911,0.06936316856525672
CN1CC(C)(C)Cc2cccc(O)c21,-5.293,-4.933,12.868646782004705,2.969370977159978,0.0049953260888468,0.06935858517935929
Cc1cc(Oc2cc(C#CCN)ccn2)ccc1Cl,-7.358,-5.69,12.883516639489391,2.9549532991233542,0.0049548117057334,0.06935245184174894
CNCC1CN(C(=O)c2ccccn2)c2ccccc2S1,-6.95,-4.769,12.8870910992357,2.797550893192115,0.0050006169651972,0.06933515544430865
Clc1cc(Oc2ccccc2)ccc1CNC1CC1,-6.487,-4.807,8.47778184432697,8.993128321112737,0.0049936593654462,0.06930083637650537
CCC(O)CN1CCC(=Cc2ccc(N(C)C)cc2)C1=O,-6.105,-4.974,12.883387986085028,2.9029104360968496,0.0049750854418848,0.06923291614951586
CC(=O)NC1CCc2[nH]c(=O)n(C)c(=O)c2C1,-6.188,-5.294,12.88298668787638,2.9548653099591533,0.0049564875705105,0.06922006628375854
O=C(NCc1ccco1)c1ccc2nccnc2c1,-7.154,-5.036,8.46499367985588,9.01488874030068,0.0049657012460016,0.06919023254473193
Cc1nn(C)c2sc(C(=O)NCCc3ccccn3)cc12,-7.509,-5.152,8.520467475438188,8.964009649704757,0.0049520479974917,0.06913733192678888
CC1C(c2cccc(Cl)c2)OC(=O)N1Cc1ccccc1,-7.753,-5.512,8.53353525802759,8.958311727105727,0.0049294848745166,0.06911041061217596
CCC(NCc1ccccc1)c1ccc(Cl)cc1,-6.667,-4.563,12.817493124632446,3.333629553504708,0.0049763634383889,0.06909136354753631
CCN(c1ccccc1)S(=O)(=O)c1cccc(Cl)c1,-6.471,28.2,12.19413440962498,2.9499405078746928,0.0076262741945082,0.06908808039741131
CNc1ccc(C(=O)OC)cc1N(C)C,-5.441,-4.542,12.866560729270274,3.03436665549831,0.0049748401021846,0.06907309325578559
Cc1cc(N2CCC3CCCCC32)n(C)n1,-6.272,-5.317,12.856655163766352,3.1892113445176378,0.0049335659272025,0.06906818316403343
CC1OC(=O)C(C)N(c2ccc(Cl)cc2)C1=O,-6.743,-5.687,12.881561784193716,3.071358982600373,0.0049124021631277,0.06905392524597695
CCNC(C#N)CN(C(C)C)C(C)C,-4.987,-3.784,12.85674881142196,3.01869657302618,0.0050121534010007,0.06905229262017325
NC(CNc1ncccc1I)C1CC1,-5.416,-4.777,12.889158661448777,2.907256610621085,0.0049555608930654,0.06902501238506659
Cc1cc(N(C)c2ccccc2C)ccc1CNC(C)C,-7.011,-5.111,8.431593265806884,9.05871563744,0.0049331761119999,0.06899055364114436
Cc1cc(C)c(C(=O)O)c(NC(=O)C2CC2)n1,-5.821,-4.779,12.859324632343643,3.140160664679436,0.0049493406758487,0.06898240876595783
COC(=O)c1ccc2nc(C)sc2c1,-5.749,-4.733,12.871711968498984,3.0510216321750323,0.0049516675636314,0.06898182527330793
CCOc1cc(Oc2cc(C)c(Cl)c(C)c2)ccc1C(=O)O,-6.992,-5.511,8.639734313044587,8.8584254244194,0.0049107987344979,0.06897893603107816
O=c1ccn(-c2ccc(F)cc2)[nH]1,-5.865,-4.167,12.850544813353244,3.1425939922299864,0.0049754028406648,0.06893944468235441
CC1NC2(CCC2)CN(CCc2ccc(F)cc2)C1=O,-7.238,-5.177,12.877540176602054,3.0795684762641677,0.0049211217755242,0.06893018889024986
CC(N)c1nnc(-c2cn[nH]c2)o1,-6.129,-5.084,12.90113890321316,2.9108373365751645,0.0049172698878244,0.06886943215101621
CCOC(=O)C(CBr)=C(C)Br,-3.978,-3.467,12.832590424384316,3.2024821623234687,0.0050015277399118,0.06886201986113913
Cc1ccc(S(=O)(=O)Nc2ccc(CC(N)=O)cc2)s1,-7.397,-5.253,12.904416182067283,2.912702868471139,0.0049065175610736,0.06885539062660499
CC1(CC(=O)NCC(=O)Nc2ccc(C(N)=O)cc2)CCCC1,-6.959,-5.632,8.566866638392359,8.94026738973729,0.0048830397759192,0.0688273921480724
CC(C)CCNC(=O)c1ccc2c(c1)OCCO2,-6.089,-4.656,8.378519081556119,9.111767666045925,0.0049325407440747,0.068820396200638
CCCC(Cc1nc(C(C)c2ccccc2)no1)NC,-6.901,-4.835,12.881452907184034,3.0480741460797844,0.0049228857165337,0.06881818503527377
CCNC(=S)NCCc1cccc(C)c1,-5.848,-5.003,8.608072722741136,8.889218300840632,0.0049133054673727,0.06881224611043497
CCn1cc(NC(=O)CCc2cccc(N)c2)c(C)n1,-6.648,-4.978,8.394243801558302,9.102405671030048,0.0049132461498891,0.06880274850634915
CCCCC(CNC(C)(C)C)OCC1CCOC1,-5.022,-4.374,12.84934823249802,3.215950403846428,0.0049425028962143,0.06878684770331067
CCCn1cc(CNc2ccc([N+](=O)[O-])c(F)c2)cn1,-6.744,-5.038,8.37694031254849,9.122633939822425,0.0049040575451207,0.06876015691891625
CC(C)CCC(=O)NC1(C#N)CC(C(C)(C)C)C1,-6.379,-4.658,8.41826882440802,9.076004462317108,0.0049208427599138,0.06873946916137912
Cc1ncc(-c2cc(NC3CC(C)C(C)C3)ncn2)cn1,-7.614,-5.67,12.886411137318255,3.140956064640191,0.0048658866689049,0.06872008823763541
COc1ccc(OC)c(C2CC3CCC2C3)c1,-6.1,-4.879,12.872633724300556,3.156060519064867,0.0049007498485519,0.06867926508396012
Cn1nc(C2CCOC2)cc1S(N)(=O)=O,-5.857,-5.045,12.92210776150702,2.8398109091980057,0.0048783105410634,0.06858195233225947
Cc1cc(C(=O)NCC2(c3ccccc3)CC2)c2ccccc2n1,-8.057,-5.461,8.547596504281188,8.969153639000726,0.0048537491489815,0.0685590884501259
COc1ccc(CCNc2ccc(S(=O)(=O)N(C)C)cc2)cc1,-6.389,-5.25,8.474958937953623,9.03825962229455,0.0048637682130847,0.06855369100544352
Cc1csc(NC(c2cc3ccccc3o2)C2CC2)n1,-6.703,-4.933,12.846450482526292,3.354079009206552,0.0048752123769954,0.06851964013953775
CCC(CC)NCc1ccc(CO)o1,-5.752,-4.311,12.907897659959968,2.880922768836403,0.0049074185771317,0.068519319154477
Cc1ccc(-c2ccc(Cl)c(C(=O)Nc3cccc(C)c3C)n2)cc1,-8.403,-6.172,7.321324060578114,10.19363060935602,0.0048115228300117,0.06851471763221391
CS(=O)(=O)CCNCc1ccncc1,-5.587,-4.031,12.88834411396592,3.011667146282936,0.004917070794136,0.06848446639611941
Cc1occc1CN(C)Cc1ccccc1C#CCCO,-6.823,-4.476,12.918266911625569,2.8365882676201,0.0048911314492277,0.06846551803449515
NCC1CCN(c2cccc(OCc3ccccc3)c2)C1,-6.95,-5.664,12.916191272972076,3.017426221136152,0.0048298856808521,0.06846324487781076
Nc1cccn(-c2ccccc2F)c1=O,-5.505,-4.475,12.909947366275356,2.9114280001401376,0.0048900561645643,0.06845762834270652
CCN(C)C(=O)CN(C)C(=O)NC(C)c1cccnc1,-5.599,-4.455,8.493591701983325,9.016129990189803,0.0048745630176976,0.06834183799945127
Cc1cnn(CC2CN(c3ncccc3F)CCO2)c1,-6.77,-5.688,12.914413343237856,3.0763007005167755,0.0048104312919782,0.06833381971631358
CC(NCc1cc2ccccc2o1)c1cccc(Cl)c1,-7.161,-5.64,8.473148234275145,9.060344860986254,0.0048027118815623,0.06826178965102549
CCOCCCNc1ccc(O)c([N+](=O)[O-])c1,-5.69,-4.323,8.855053980637273,8.657028474020402,0.0048685006692927,0.0682514398205151
CC(C)(C)OC(=O)C(N)CCCN=C(N)N,-5.686,-4.37,12.908554915249033,2.993988309930418,0.0048625124502748,0.06822649677727413
Cc1cccc(SC(C)C(=O)NC(C)c2ccccc2)c1,-7.231,-5.501,8.505160609888563,9.02791476477265,0.0048042867639421,0.06822319888915816
C=C(C)Nc1cccc(C(=N)N)c1,-5.964,-5.003,12.910006235474867,3.067485452288242,0.0048275190054451,0.06820886881799301
CCCc1c(C)nn(C)c1NC1C=CCN1,-5.829,-4.637,12.89087917870616,3.162044433590394,0.0048423285695587,0.06818129245476778
CCC1CCC(C(F)(F)CN)C1,-5.234,-4.439,12.92832723131651,2.883762472881566,0.0048441531054439,0.06812254131033398
O=C(O)c1ccc(NCc2cc3ccccc3[nH]2)cc1,-7.16,-6.323,8.527771572925719,9.02405723607735,0.0047487051544388,0.06811957116739062
O=C(Nc1cc(Cl)ccc1Nc1ccccc1)c1cccc(Cl)c1,-7.272,-6.009,7.425458100346402,10.108416592127572,0.0047630547244274,0.06811078985605987
CC(N)=NC(=C(C)c1ccccc1)c1cc(C(C)(C)C)ccc1C,-6.487,-4.928,8.697862496038898,8.831627822774236,0.00481617084864,0.06810167187011754
O=S(=O)(Nc1ccccc1Cl)c1cnc2ccccc2c1,-7.353,-5.471,8.40386298079639,9.134666167956002,0.0047868289517438,0.06808840187248932
C=Cc1cccc(NC(=O)Cc2ccc(Cl)cc2)c1,-7.385,-5.048,8.383853827447137,9.147529939825285,0.0048079114993021,0.0680863777440373
C[N+](C)(CCc1ccccc1)C1CCCC1,-6.308,-4.845,12.883343859417865,3.263252518577133,0.0048141358532216,0.06805741900502914
CC(=O)C(NC(=O)C1CC(=O)N(C(C)c2ccccc2)C1)c1cccs1,-6.786,-5.259,8.54638367966241,8.991236789229832,0.0047910688405627,0.06804264581581826
Cc1cccc(NC(=O)c2ccc(NC(=O)c3ccccc3Br)cc2)n1,-7.012,-5.901,7.738195461475499,9.80328546967801,0.0047588876532356,0.0680425703483172
CCC(C)C(C)NC1CC(=O)Nc2ccccc21,-6.066,-5.208,12.9009693821821,3.1997992124506807,0.00479361099909,0.06804241791836609
O=C(Nc1cccc(Cl)c1F)C12CC3CC(CC(C3)C1)C2,-7.927,-5.11,12.937512975838905,2.933769418342212,0.0047983368526713,0.06804079770870046
Cc1cccc(N(C)Cc2ccc(C(=O)Nc3ccc(F)cc3F)cc2)c1,-8.462,-5.91,7.376280770144261,10.158944334919845,0.0047553756835432,0.06802065986003898
Cc1ccc(NS(=O)(=O)c2cc(F)ccc2F)c(Br)c1,-7.204,-5.77,12.901533978562396,3.262958320297701,0.0047598699573623,0.06800295792602833
CC(NC1CC1C)c1ccc(Cl)c(Cl)c1,-6.3,-4.612,8.493936484339873,9.036316340190842,0.0048126306221609,0.0679628871769778
Cc1nc2c(c(=O)[nH]1)CN(Cc1ccc(I)o1)CC2,-7.085,-5.412,12.939963523905313,2.9862781183272262,0.0047710162453229,0.06795477655709616
Cc1ccoc1C(=O)OCC(=O)NC1CCCCC1C,-7.046,-5.397,12.923199332982527,3.106311639227461,0.004770944372491,0.06794890656291203
Cc1cc(C)c(C(=O)NC2(C(N)=O)CCCC(C)C2)o1,-7.844,-5.14,12.94868808026512,2.886189875943716,0.0047820501673452,0.06793597085604088
COc1ccc(NC(=O)c2nnc(CN3C(=O)CN(C)c4ccccc43)s2)cc1,-7.564,-5.948,7.227971638018511,10.307673549351474,0.0047415844844274,0.06793544889522335
Cc1cccc(C(C)C)c1NC(=O)c1nc(Cl)ccc1Cl,-7.371,-5.829,12.912614297654834,3.229955727250762,0.0047438865959966,0.06790965896866186
CC(C)CCSc1nnc(-c2ccc(N)cc2)o1,-6.453,-4.855,8.58685844765127,8.95033239606217,0.0047926458816328,0.06790893797595834
Cc1cccc2c1C(N)C(C)(C)CO2,-5.505,-4.82,12.92519032741878,3.0407198160961824,0.0047932128379421,0.06790038558217106
CC(C)C(C(N)=O)N(C)C1CCC1,-4.817,-3.914,12.920334090107731,2.978388826194458,0.0048330153716476,0.06785420067448744
COC(=O)c1ccc(Cl)c(OCc2ccccc2)c1,-6.839,-5.021,8.527240819866647,9.015308646962676,0.0047762238822331,0.06785196876143529
O=C(c1ccc([N+](=O)[O-])cc1)N1CCCC(n2ccnc2)C1,-7.161,-5.072,8.424700232055738,9.121385530718456,0.0047646153669823,0.06778770213208263
C=CCCNc1cc(CC)c([N+](=O)[O-])cc1F,-6.132,-4.919,9.029905536604469,8.51528190960229,0.0047682753021895,0.06775897706137109
CCOC(=O)Cc1sc(NN=Cc2cn[nH]c2)nc1C,-5.783,-4.671,12.931883273522075,3.0241926195267386,0.0047799995413867,0.06775327137324208
COC(=O)c1cccc(OC(C)C)c1,-5.816,-4.504,12.890360545772175,3.2733572979435044,0.004787728074888,0.06774800549775573
NC(=O)c1cccc(NC(=O)COc2ccccc2Cl)c1Br,-6.908,-5.308,8.592688170764722,8.961737666323424,0.0047415288943886,0.06770740947932966
C=Cc1cccc(OSC(F)(F)F)c1,-5.817,-4.293,12.938437347686158,2.9466126314804257,0.0047907723697067,0.06769361071976106
CN(c1c(N)cc(Cl)cc1F)C1CC1,-4.942,-4.106,12.938592234087912,2.9252695602285947,0.0047982390181074,0.06767892466677224
CCCCC1C(=O)NC(=O)C(CC)N1C(=O)OC(C)(C)C,-5.752,-4.71,12.959990663576884,2.8315029577946764,0.0047669143160858,0.0676744485394736
O=C(NCC(c1ccco1)N1CCCC1)Nc1ccccc1-n1ccccc1=O,-7.446,-5.223,7.458121479300267,10.085316554278306,0.0047369930387523,0.06764473979505546
CSc1nccs1,-3.188,-2.704,12.89538874947165,3.0878662535802937,0.0048628607147493,0.06762213120511129
Cc1cccc(CCC(C)NC2CCC2N)c1,-6.626,-4.419,12.923961544356285,3.1105287331899056,0.0047667950403298,0.06756923725276885
N#Cc1cc(Cl)ccc1NCc1ccc(Br)cc1F,-7.038,-5.039,7.213979900166066,10.323709314001436,0.0047342282667032,0.06755942882522159
CCC(C)C(=O)N1CCC(C(C)C)CC1,-5.603,-4.705,12.904186491212844,3.2759929792354563,0.0047451460227512,0.06751796500141966
Cc1ncc(Cl)c(N2CCNC(C)C2)n1,-6.432,-4.244,12.917654779409458,3.1572123780322414,0.0047642383091327,0.06748829094726498
N#Cc1ccc2c(c1)CCC2NC(=O)c1cccc2cn[nH]c12,-7.997,-6.266,8.381539775005544,9.200678779307536,0.0046579524469305,0.06744548822607636
Fc1ccccc1N1CCC(NC2CCSCC2)CC1,-6.237,-4.886,12.894675218864569,3.3716912670053283,0.0047203534617672,0.06740586727762596
C=CCC(N)C(=O)NCOCCCC,-5.284,-4.177,12.93866843999026,3.0440034494067185,0.004751648808867,0.06737502712902106
CN1CCCC(N(F)C(C)(C)C)CC1,-3.345,-3.147,12.875398362769207,3.325060149831879,0.004804324151684,0.0673748063325805
CC(C)n1cc(Cl)cc1C(=O)Nc1ccc2c(c1)CCO2,-7.224,-5.61,12.922163944169723,3.3054553392838337,0.004676542481899,0.06734859086137043
CCCc1[nH]nc(C(=O)OC)c1N,-4.724,-4.373,12.949518755536824,3.0005901086286344,0.004737011876082,0.06734135798487687
CCc1nc2ccccn2c1CN1CCCCC1,-6.225,-4.496,12.908041718246809,3.292908289035697,0.0047247496687397,0.06729808994296743
CCCc1nc(C)nc2ccc(C)cc12,-6.786,-5.105,12.9543654418115,3.089029782957749,0.0046863831310645,0.06724058370863803
Cc1ccc([N+](=O)[O-])cc1NC(=O)c1c(F)cccc1Cl,-7.411,-5.523,12.935447460370284,3.262837568742888,0.0046601062367061,0.06719944652994056
CC#CC(=CC)CCC,-5.237,-3.391,12.875820129218951,3.398784488607655,0.0047602510353929,0.06715311387247704
Cc1nn(C)c2ncn(CC(=O)Nc3nc4c(s3)CCCC4)c(=O)c12,-7.295,-5.481,8.7138516742024,8.8702462761752,0.004655296653847,0.06714994786141257
COC(=O)c1cnc(-c2ccccc2)oc1=O,-6.462,-5.172,12.931775632139615,3.272685899991015,0.0046657413034069,0.06711603587396507
O=C1NCc2cc3[nH][nH]c(=O)c3cc21,-6.805,-5.219,12.97020111640525,3.0461679205191565,0.0046580430515486,0.06707725113777865
CC(NC(=O)C1CCCC1O)c1ccccc1,-6.785,-5.189,12.977406366450888,3.0069469566322584,0.0046526957574703,0.06702814492506978
CN(CC1CCOCC1)c1ccc(C(N)=O)c(O)c1,-6.638,-5.116,8.580958105013682,9.00339791412109,0.0046538966285469,0.06701100580877997
CCC1C(=O)CCC1(C)C(=O)O,-5.139,-4.532,12.971208309174592,2.978029046198173,0.0046819009486909,0.06700503099137323
COc1c(Br)cc(NC(=O)c2ccc(Cl)cc2[N+](=O)[O-])cc1OC(F)F,-7.272,-5.247,6.999120158991414,10.56238708815389,0.0046414871587395,0.06696781419414098
CCCN(CCO)CC(C)O,-3.921,-3.571,12.973550747578706,2.837459074594734,0.0047247358117341,0.06696677984037615
Cc1ccc(N)c(NC(=O)c2ccccc2OC(F)F)c1,-7.563,-5.435,12.968781284299617,3.121004645943353,0.0046305555327497,0.06695508848310135
Clc1ccc(OCC2CCCNC2)nc1,-5.863,-4.287,12.945475541670922,3.1521676668603784,0.0046844325489305,0.0669359676443106
COc1ccc(C=C2CC(C)(C)CC(C)=C2C)cc1,-5.815,-5.331,12.974329770743458,3.097839408361899,0.004624527664702,0.06687491517031809
Cc1csc(CC(C)(C)CCl)n1,-4.725,-3.768,12.89011295528476,3.4259030926166023,0.0047016084965721,0.06687318250815234
O=C1C(F)=C(c2ccccc2Cl)C(=O)N1CCCN1CCCC1,-6.905,-5.389,7.278830331859645,10.301060382310164,0.0046167963247837,0.06683937611774032
C#CC(NC(=O)CC1Cc2ccccc2O1)C1CNC(C=C)C1,-7.728,-6.062,12.990925794569067,3.083932067993716,0.0045826452209963,0.06682692091323475
CC(O)C1CCCN(C(C)C(=O)O)C1,-6.121,-4.505,12.987946796934455,2.9280939192587385,0.0046514848081307,0.06677745822043468
O=C1CC(n2cncn2)C(CO)N1,-4.998,-4.621,13.01622668057068,2.6927320698502477,0.0046433206293641,0.06675988971544645
CNCC#CC(C)(C)c1ccc(OC)cc1,-6.472,-4.648,8.656276797792456,8.932448936321999,0.0046416962707485,0.06675776334899554
CCN(C(=O)c1ccc(OCC2CC2)cc1)C1CCC1,-6.091,-4.598,8.676552368308508,8.91467784050551,0.0046345525209673,0.06668869609272672
ClC1CC2C1C1C(Br)C2C2(Cl)C(Cl)C(Cl)C12Cl,-5.852,-4.686,12.951754977608248,3.2318763899629577,0.0046283041726738,0.06667481156558103
CN(C(=O)c1ccc2c(c1)C=CC(C)(C)O2)c1cccnc1,-7.365,-5.846,8.496781155237553,9.11714615436212,0.0045682231436366,0.06664639923462866
CC1=CC(c2cccc(Br)c2)ON1,-6.205,-4.624,12.96523945016057,3.198087397179758,0.0046056880763936,0.06648986336460039
CC(CBr)CN(C)Cc1ccc(Cl)c(Cl)c1,-5.507,-3.979,12.936716855524049,3.315920083476078,0.0046286140549072,0.06642687796214114
OC(c1cc(F)cc(F)c1)C1CC1,-5.819,-4.452,13.027091885758692,2.730395941983507,0.0046014201105368,0.06639843372752834
c1ccc2c(c1)CCCN2,-4.977,-4.084,12.99641046597098,2.982955078441511,0.0046068875023792,0.06630791726729418
CCCNC(=O)C1CC(=O)N(c2ccc(C)cc2)C1C,-6.526,-4.984,12.999217130273651,3.082936587087058,0.0045593721637087,0.06628081003175258
C1=CC2(OCCO2)C2CC1Cc1ccccc12,-6.444,-5.13,12.933347478514602,3.471286360990692,0.0045488595830541,0.06625537139509018
O=C1CCC(c2ccccc2Cl)=NN1C1CCCC1,-7.156,-4.816,8.719214012742203,8.897093514176413,0.0045629141673263,0.06624770604120528
COC(N)CNCc1ccc([S+]([O-])c2ccccc2)cc1,-6.301,-4.989,8.546870772393834,9.073451603441768,0.0045505322218794,0.06621827270777829
CC(=O)C=C1Sc2ccccc2C1=O,-5.286,-4.503,12.999998076922935,3.0443171648170955,0.004572839179514,0.06620982427637634
Cc1c(Cl)ncnc1NCc1ccc2c(c1)OCO2,-7.31,-5.683,12.994138447777136,3.215119437905846,0.004515280193485,0.06620254129269866
CCC(CC)c1nc2ncccc2o1,-6.053,-4.612,12.995400570971254,3.108905595221573,0.0045593390989435,0.06615025185663378
NC(=O)N1CCC(CNC2CC2)CC1,-5.479,-4.306,13.008073685215654,2.9965299931754394,0.0045683290055961,0.06610794032341251
COC(=O)C1CCCN1C(=O)OCc1ccccc1,-6.578,-4.681,12.965667125142463,3.309429104845729,0.0045490287225816,0.06609957812948486
Cc1cccc(C(=O)Nc2cc(N3CC(C)c4ccccc43)ncn2)c1,-8.252,-6.656,7.566599566515991,10.077278055109922,0.0044555865701279,0.06609801449315995
CC1CCC(NCc2ccc3c(c2)CNC3)C1,-6.568,-5.078,12.971675026765046,3.3215743255269783,0.0045256086231916,0.06606770655791912
CC(C)(O)n1c(=O)ccc2cc(F)ccc21,-5.389,-5.174,13.042555999496416,2.8557993627003984,0.0045194769596645,0.06605635953494012
CC(CC(N)=S)N1CCC(N2CCCCC2)C1,-5.597,-5.156,13.037424937463689,2.9034615547652773,0.0045182769185727,0.06604132400751923
CCn1c(=S)[nH]c2cc(F)c(O)c(Cl)c21,-5.36,-4.789,13.017437612679387,3.013926508725785,0.0045350733282423,0.06603585691225311
Cc1cc(C)c(NCCCOC(C)(C)C)c(C)c1,-5.932,-4.585,8.501307487675057,9.122193760274993,0.0045411002658723,0.06600835846363237
Cc1ccc(C(C)NC(=O)c2cccc(N)c2Cl)cc1C,-7.469,-5.396,8.413422252567619,9.224363121646936,0.0044998271790779,0.06598966597491275
COc1cc2c3c(c1I)OCCN3CCC2,-5.687,-4.858,12.984064271251896,3.258654170052416,0.0045227112699568,0.06596986394701176
CCCn1c(C)cc(C)c(C(=O)CCN)c1=O,-5.3,-4.506,13.041585869824267,2.8043911995297663,0.0045382791798379,0.06596020397849107
Cc1ccccc1C(C)(O)C(C)C,-5.523,-4.34,12.995946329529067,3.1409329824114365,0.0045439354740408,0.06594312623505133
CCC(NCC1COCCO1)c1cccs1,-5.457,-4.022,13.011578651339736,3.0240347220228805,0.0045478089262058,0.06585960193162113
O=C(Cc1ccc(O)cc1Cl)N1CCc2ccccc21,-7.101,-6.104,13.001174946903836,3.31292408606053,0.0044473964125039,0.06584782901549754
CN(C)Cc1ccc(CNCc2ccc(Br)s2)o1,-5.433,-4.471,8.560799495374248,9.073867422439012,0.0045101671195544,0.06574337883487673
CC1CCCC(SC(C)(C)C)C1CN,-4.917,-3.764,12.979131172771158,3.2537023527052997,0.0045391260920542,0.06570608513295889
CCC(C(=O)C(F)(Cl)C(F)(F)F)C(C)Br,-4.56,-4.197,13.016759735049272,3.072358865757709,0.0045139687354906,0.06567533720125407
CC(Nc1ccncc1)c1ccc(-c2ccccn2)s1,-6.711,-4.861,13.007069039564602,3.219215743003254,0.0044770171942801,0.0656368040453133
Cc1cccc(NC(=O)c2cnc(-c3cccc(Cl)c3)nc2C)n1,-7.838,-6.093,7.309881941591123,10.347579137170202,0.0044009145889628,0.06549906177560694
CC(C)(C)c1cccc(-c2ccncc2)c1,-7.161,-5.194,12.982074949714317,3.4202486751696872,0.0044422443075937,0.0654964155883125
O=C1CCCN1CCNCc1ccccc1OC(F)F,-6.619,-4.926,13.055604543643316,2.949764227866357,0.0044513899214369,0.06547116388936226
CN(C)C(C)(C)CNc1nc(Cl)nc(Cl)n1,-6.339,-4.808,13.005203996862178,3.2724830022476823,0.0044565621663659,0.06546833572651252
C=CCC1(C(=O)OC(C)(C)C)CO1,-4.761,-0.9716,12.97996829734187,3.054041584523694,0.0046264988729627,0.06533710267725196
CC(Nc1ccc2sc3ccccc3c2c1)c1ncn[nH]1,-7.872,-5.676,13.073716610053928,2.960192730212004,0.00439765472494,0.06533214802177109
O=C(C=Cc1ccccc1Br)NCC1CCN(c2ccccc2)C1,-7.153,-5.488,8.565948050274413,9.10958978220205,0.0043968191873693,0.06526153281891907
CCC(CC)C1(N)CC1C,-4.136,-3.564,13.014223372910118,3.1666629122784764,0.0044810173741858,0.0652142748243838
C#CC=CCCCC=CC,-4.956,-3.302,12.981696345239325,3.355369577259709,0.0044793669894412,0.06511062567296794
COc1cc(C=C2C(=O)N(C)C(=S)N2c2ccc(C)cc2)cc([N+](=O)[O-])c1O,-6.401,-5.332,10.192210555124928,7.476382213343563,0.004382028822842,0.06509827084543049
Cc1nc(SCc2nc(-c3ccccc3)oc2C)[nH]c1CC(N)=O,-7.495,-6.069,13.073655686149914,3.1001756401855687,0.0043452403121765,0.06507528874719518
S=C(Nc1ccccc1Cl)NC1CC2C=CC1C2,-6.948,-4.837,8.635195539187286,9.03904607798854,0.0044008722068896,0.06506797782783831
CC(C(=O)NC1CCCC1)N(Cc1ccccc1)C(=O)CC(C)(c1ccccc1)c1ccccc1,-7.01,-5.285,7.455163847964711,10.213638235222549,0.0043801107238829,0.06506792729136
Cc1ccccc1N(C)CC1NCCC1C,-6.138,-4.107,13.078367673375755,2.8254135980418877,0.004428825662447,0.06502181944012982
COc1cc(OC)cc(C(=O)NC(=S)Nc2ccnc(Cl)c2)c1,-7.548,-5.549,8.783075884905013,8.906134122053182,0.0043606274528396,0.06501320196220664
CCc1nc2c(c(=O)n(CC)c(=O)n2C)n1CC,-5.343,-5.098,13.04951412888618,3.17863162382809,0.00437802625394,0.06498838250905256
COc1ccc(C(=O)COc2ccc(Cl)cc2)c(Br)c1,-6.765,-4.975,8.722700613915395,8.95886929249445,0.0043812557804202,0.06497016212989985
COc1ccc(C(=O)c2oc3cc(OC)ccc3c2C)cc1,-7.535,-5.453,8.6383795355379,9.051465792897856,0.0043583259791431,0.06496328412942527
CC1(CC2C=CC=C(c3ccccc3)N2)CSC1,-6.862,-5.164,13.061827666907874,3.126171300488827,0.0043668155742748,0.06492770999814813
CC(I)(C(=O)OCc1ccccc1)S(=O)(=O)Cl,-6.49,-4.992,13.055263153226749,3.1874543133980757,0.0043584378966199,0.06480657370936337
Cc1cc(F)ccc1NC(C)c1ccc(CN)cc1,-7.053,-5.744,13.077560399401715,3.152846650251166,0.0043129723650836,0.06472312209263152
CCC(C)(C)Nc1cc(N)ccn1,-4.959,-4.057,13.081799035300918,2.9354607815469107,0.0043840013517625,0.0646746973350313
CCC(CN(C)C)NCc1cc(Br)c2c(c1)CCO2,-6.15,-4.422,13.03220664354276,3.3272192593816228,0.0043547226001635,0.0645837034502644
CCC(=O)c1n[nH]c(CC)c1C,-5.03,-4.255,13.076728681134286,3.041554536745972,0.0043597697107187,0.0645637710188719
Cc1ccc(C(N)C(C)(N)CO)cc1,-5.412,-4.683,13.115802720382767,2.7790741263953365,0.0043398340347797,0.06456252542060027
CC1CCC(CCl)(CC2CCCCCC2)CC1,-3.86,-3.653,12.988507727987848,3.492129579497301,0.0043822065064792,0.06452200781595148
CC1CN=C(NCc2nccn2C(C)(C)C)S1,-5.802,-4.823,13.0638211867738,3.267469663210356,0.004298632867621,0.06430295814495192
Cc1c([N+](=O)[O-])ccc([N+](=O)[O-])c1N1CCN(C)CC1,-5.883,-4.914,13.078899991971802,3.1923799899134813,0.0042923735581355,0.06428704469140142
CCN1CCCC1(C)C(C)C,-4.059,-3.95,13.0585424531224,3.2277064612507758,0.0043314061846608,0.06424888386790802
c1ccc(CN(Cc2cccnc2)Cc2cnccn2)nc1,-6.699,-4.85,13.07163088524152,3.2616316468908617,0.004280449098509,0.06417597195750514
O=C(Nc1ncc(Cl)cc1Cl)c1cc(Cl)ncc1Cl,-6.953,-5.503,13.135964753302288,2.9265645388407204,0.0042409816254696,0.06409960815655201
c1cncc(CCNCC2CCOC3(CCN(c4cnccn4)C3)C2)c1,-7.264,-5.544,8.681049533322568,9.060921917774152,0.0042193259665274,0.0639495075987468
COc1ccc(O)cc1-c1ccc(C[N+](C)(C)C)cc1,-6.015,11.48,12.80362077695212,3.122735659642039,0.0051332312296301,0.06392285057047543
COc1ccc(S(=O)(=O)N2CCCC2)cc1C,-6.821,-5.03,13.103822572058888,3.1979351150390776,0.0042236313635586,0.06380926584692813
C1=CC2SC3CCCCC3N2C=C1,-5.153,-4.088,13.06197630529163,3.3502581990049656,0.0042627856164505,0.06378485749888813
CCOC(=O)c1cc(C)oc1CN(C)C(=O)c1ccc(N2CC(C)OC(C)C2)cc1,-7.167,-4.892,8.749075379718704,8.990701085010002,0.0042253934022831,0.06377607511825575
Cn1ncc(Br)c1C(C)(O)C1CC1,-4.657,-4.653,13.139439143281573,2.916249989284184,0.0042351132205544,0.0637686814276989
CCCC=C(NC)NCC,-4.885,-3.397,13.104212986669593,3.11109964482014,0.0042587099526137,0.06351908782025174
Fc1c(Br)ccc2c1CCCNC2,-4.209,-3.123,13.130234004007695,2.9106664185371707,0.0042613471657874,0.06344519051121417
Cc1ccc(CS(=O)(=O)N2CCc3ccccc32)cc1,-7.216,-5.741,13.150009619768344,3.097724487426214,0.0041436929853932,0.06343925600081576
CN(Cc1ccc(C(=O)NC(C)(C)C)cc1)C(c1ccccc1)c1ccccc1,-6.733,-5.209,8.7143870122918,9.05217681002752,0.0041553469931362,0.0633511173968912
N#CC(=Cc1ccc(Br)c(Br)c1)C(=O)Nc1cccc([N+](=O)[O-])c1,-7.374,-5.738,8.926807380021147,8.851644988362333,0.0041250757734794,0.06329558763881726
Cc1cc(C(=O)NCc2ccccc2)ccc1Br,-7.064,-5.443,8.515473328007081,9.261404537109907,0.0041272614530149,0.06321443897898235
COC(=O)c1cc(Cc2ccc(OC)cc2)nc2onc(C(N)=O)c12,-6.841,-5.535,9.05506410800056,8.727814904086818,0.0041133907348898,0.06313862654522467
CC1Cc2ccccc2C=N1,-5.233,-4.142,13.093623944500624,3.370703339067382,0.0041689526818593,0.06309708610849987
O=C(c1cc(I)cs1)c1ccccc1Cl,-5.866,-2.574,13.127156051483505,3.0166844382533613,0.0042335281873533,0.06305049314601864
CCC1C(=O)N(C(C)(F)F)c2ccc(F)cc21,-5.783,-5.098,13.173233391996058,3.0083636748239067,0.0041162349309684,0.06301538936995901
Nc1ncccc1C(=O)Nc1cccc(I)c1,-6.647,-5.021,13.157247584506418,3.1250891187292567,0.0041144318466521,0.06297599703556267
CCCCC(CC)CNC(=O)NC(C)c1c(C)[nH]c2ccccc12,-6.98,-5.086,8.660973444134324,9.12696713043276,0.0041000893900611,0.06288770172440575
CC(N)(c1cccc(F)c1)c1cccc(F)c1Cl,-6.796,-5.44,13.19027145285494,2.9836703906430406,0.0040809654854589,0.06285790638335197
CC1CCCC1CN(C)CCC(F)(F)F,-5.654,-4.483,13.17723965783426,3.0115911077037003,0.0041048282576406,0.06272358386842511
CC(C)(C)c1nc(C2C(C)(C)C2(C)C)cs1,-5.744,-4.133,13.118052523145346,3.3492143854940077,0.0041164912107039,0.06269582078637549
CC(C)C(O)CC(CBr)C(C)(C)C,-4.547,-3.714,13.18950090033736,2.868765588192943,0.0041190848980731,0.06257540299380261
CCOC1CC(NC(=O)c2ccc(C(F)(F)F)nc2C)C1(C)C,-6.681,-5.107,9.152689003784626,8.653433827100084,0.0040538516739588,0.06253902221436142
CN1CCN(CCCNC(=O)c2cc(C(F)(F)F)c(F)cc2Cl)CC1,-7.379,-4.962,8.959316156939657,8.846338112462128,0.0040557969419184,0.06250617626393977
CC(C)(C)OC(=O)C1CCC1(N)c1ccc([N+](=O)[O-])c(F)c1,-6.57,-5.637,8.648937217947648,9.17174416346204,0.0040172104511016,0.06242950091538076
CC(c1ccc(F)cc1)N1CCN(C)C(CC(=O)O)C1,-6.762,-5.227,8.962443026318214,8.854008075442442,0.0040286338136108,0.06238363881270042
CCOC(=O)Nc1cc2c3c(c1)c(C(=O)Nc1ccc(C(F)(F)F)cc1)cn3CCC2,-8.114,-6.085,8.294549897372368,9.539167783407525,0.0039805774862783,0.06229002664975645
CCC(C)(C)NC(=O)C1CCN(c2ccc(N)cc2F)C1,-6.936,-4.766,8.633463094262927,9.180295311154213,0.0040344731074804,0.062277076319383715
COc1ccc(C=CC(=O)c2cc3ccccc3oc2=O)cc1OC,-7.838,-5.703,8.610630813128617,9.232956081342529,0.0039599930766796,0.062004761820096274
C[n+]1ccn(CC(=O)NC2CC3CCC2C3)c1,-6.225,-4.322,13.159671804418224,3.3397344205789774,0.0040153338738248,0.06198301857812398
CCN1C=CN(C)C=C1,-4.047,-3.203,13.138594293150238,3.403725312066177,0.0040367767628014,0.06177740516585812
CC(Br)C(=O)NC(C)c1ccc2c(c1)OCO2,-6.832,-4.883,9.023051867300774,8.820706264239844,0.003960642364987,0.06174280681722423
CC(O)c1ccc(SCC2CCCO2)cc1,-5.92,-4.711,13.256137974538436,2.8928479047471547,0.0039441243650067,0.06155787972160632
Cc1ccc2oc(C(=O)NC(C)c3ccccc3OCC(F)(F)F)c(C)c2c1,-7.512,-5.61,8.706397073416765,9.181381649838984,0.0038530385221056,0.06113187930324066
OCc1cc(F)cc(I)c1F,-5.435,-4.443,13.2764568315496,2.876076146418937,0.0038991408266576,0.061118909438237466
CCN1CCCC1(CCCCCCCC(C)C)CC(C)C,-5.314,-4.127,8.50064309331947,9.365840058425086,0.0039028543302381,0.0610453071211976
Clc1cccc(N2CCCC2)c1I,-5.127,-4.037,13.193780693948192,3.393540628900736,0.0039049251029606,0.06103221028356511
COc1ccc(CNC(=O)Cc2csc(N3CCCC3=O)n2)cc1,-6.979,-5.651,8.866463838532248,9.030550536927413,0.0038315225096614,0.06097406418627223
O=[N+]([O-])c1cc(Cl)c(Oc2cncc(Br)c2)cc1F,-6.443,-5.037,8.929745853046434,8.962275436517224,0.0038435262788839,0.06087258094324029
Clc1ccc(N=C(C=CC=Cc2ccc(-c3ccc(Cl)cc3)o2)c2ccc(-c3ccc(Cl)cc3)o2)cc1,-8.488,-6.553,7.26419444948991,10.634307734873952,0.0037826016579922,0.06086940478529051
O=C(NC1CC2CCC1N2)c1cccc(C(F)(F)F)c1,-7.979,-5.413,9.49385585523606,8.418570484351843,0.0037916488830954,0.060580224831163154
O=[N+]([O-])c1ccc(CNc2c(Cl)cccc2Br)c(Cl)c1,-6.835,-5.06,9.020182315230665,8.889109629203592,0.0038023733101595,0.06055316828272437
COc1ccc(C(=O)NC2C(=O)C2(C)C)cc1N,-6.398,-4.786,8.826544680677712,9.083985193735185,0.0037993054745496,0.060441171572776176
Cc1n[nH]c(C)c1C(=N)N,-4.669,-4.276,13.307667977523336,3.033912655301731,0.0037763065578237,0.0600951272776178
CCCNC(CC(OC)C(F)(F)F)c1ccoc1C,-5.821,-3.988,13.305443848290068,3.1098905125422016,0.0037558420458573,0.05984017773809862
CNC1=[N+](Cc2ccccc2)C(C)(C)C1,-5.444,-4.406,13.27757880790018,3.322868339251497,0.0037374938340377,0.05982683492714215
C1CC2CCC1C1C3CCC(C3)C21,-5.352,-4.488,13.258646461837648,3.433190498646994,0.0037308265546074,0.059799482444099036
CCOc1ccc(C(=O)NCCc2ccc(F)cc2)cc1Br,-7.22,-5.228,8.766077629133797,9.191756632983708,0.0036887291529025,0.05969424694994983
OCC(Cl)Sc1ccccc1,-4.692,-4.023,13.35943823669244,2.769812448524268,0.0037290997505509,0.05963789602416226
Cc1c(O)cc(Br)cc1-c1ccccn1,-6.066,-4.255,8.35836090390933,9.589050317940773,0.0037089730768337,0.059550300053492676
CCOc1ccc(C(=O)NC2CCOC2)cc1,-6.169,-4.348,9.35041394805599,8.618770271912346,0.0036618081237703,0.0591997287055247
CCN(Cc1ccc(F)cc1)CC(C)NS(=O)(=O)c1ccccc1,-6.765,-4.839,8.851436832514821,9.130492922071625,0.0036340694510687,0.05912880963791686
CN(Cc1ccco1)c1ccc(C(=O)NCC(O)c2ccco2)cc1,-6.939,-5.375,7.444969173878425,10.547492687838186,0.0035778637753378,0.05883584031419388
Cc1ccc(C(C)C)cc1NC1CCCc2sccc21,-6.704,23.83,12.779636536302588,3.295872873761972,0.0051178241004849,0.05857246849284528
Cn1nccc1C(NN)c1ncc[nH]1,-5.365,-5.082,13.449666687319802,2.8041463941813016,0.0035166836648782,0.058240695139901724
COC(=O)c1ccc2c(c1)C(=O)N(Cc1ccc(C)c(C)c1)C2,-7.166,-5.976,8.840321996398094,9.211727905230376,0.0034786532773439,0.05819743268685912
CC1CC(O)(CNS(=O)(=O)c2ccccc2[N+](=O)[O-])CCO1,-6.525,-5.05,13.446420192750187,2.8639175965799017,0.003509266759612,0.05816942515324302
COC1CCC(C(=O)NCc2ccc(Cn3cccn3)cc2)C1,-6.59,-4.913,8.913434467140037,9.14099130291677,0.0034737135895503,0.05783216023310218
N#Cc1cccc(NCc2cnn(Cc3cscn3)c2)c1,-6.531,-5.001,8.887161414084927,9.17787197557255,0.003450763678694,0.0576675996512901
Cn1nccc1NC(=O)c1ccc(Oc2ccc(N)cc2)cc1,-7.3,-5.29,9.365226799175767,8.73256050651812,0.0033803673628528,0.057163367769955786
O=C(COc1cccc(Cl)c1Cl)NNC(=O)c1ccc(Cl)c(Cl)c1,-6.686,-5.602,7.445877785728153,10.644442211783575,0.0033657413541916,0.05713315607268147
C=C(C)COc1ccccc1C(=O)OCC(=O)Nc1ccc(C(C)=O)cc1,-6.792,-5.118,7.350068979268154,10.746309785223948,0.0033478892515975,0.05683657400903653
COC(=O)c1ccc(C(=O)NC(C)c2ccc(SC)nc2)cc1,-6.683,-5.264,9.008295565754937,9.138997209759944,0.0032785537958078,0.056288227935867546
CC(C)Oc1ccc(NC(=O)NCc2ccccc2Cl)cc1,-6.368,-5.456,8.950899172708853,9.24297224922806,0.0031846509750886,0.0555323284363692
CN1CC2CC2C1CO,-4.052,-3.919,13.601894904755,2.859612211472038,0.0031852925867,0.05508760769084
CCOc1ccc(NC(=O)C2(C)CCCN2S(=O)(=O)c2ccc(C)c(C)c2)c(F)c1,-7.619,-5.577,7.547368614292004,10.67815990702518,0.0030975667410209,0.05480260689710877
O=C(O)C1CNCC1C(F)(F)F,-4.654,-4.537,13.625217943211036,2.893644242127909,0.0031314506379472,0.054800006145541515
Cc1cc(NCC(C)(C)CN(C)C)nc(C(F)(F)F)n1,-6.428,-4.203,9.46048397282084,8.759255390728141,0.0031329485095982,0.05471589913489041
O=C(NC1CCOc2ccccc21)c1cccc(-n2cccn2)c1,-8.078,-5.719,7.619601367525732,10.624404595082025,0.003064823754839,0.054552793385875015
CC(C)(C1CC1)C1(CBr)CC1,-4.072,-3.804,13.552715189215776,3.3970922860587702,0.0031188429973843,0.054476491321041966
CCCCC1(C)CC(C)N(CC)c2ccccc21,-5.999,-4.436,9.245852854117894,8.998057290326619,0.0030869471408216,0.05438004811111363
N#CC1Cc2ccccc2CN1Cc1ccccc1,-7.522,18.02,13.168463843592386,3.2115613025442933,0.0040506900555297,0.054358548520690955
Cc1ccnc(Nc2cc(Nc3ccc(NC(=O)C4CC4)cc3)ncn2)c1,-7.451,-5.854,8.320686329864863,9.947700689103993,0.003035160754114,0.05432654215947002
CCOC(=O)c1ccccc1NC(=O)C=Cc1ccc(-c2ccc(C)cc2[N+](=O)[O-])o1,-7.743,-5.632,7.53016792641439,10.799484478436922,0.0029018109108056,0.05305798324424071
O=C(O)c1ccc(C2=NOC(CI)C2)cc1,-6.268,-5.115,9.163957387504594,9.186528560887403,0.0028887052408621,0.052794307177802854
CC(Cl)(Cl)C(=N)N,-3.819,-3.792,13.750276251770362,2.870262008946222,0.0029009650720165,0.052535848974313376
O=c1c2c3c(sc2ncn1Cc1ccccc1Br)CCC3,-6.826,-5.436,9.032661733951958,9.360278468079889,0.0028131121510057,0.052187061708103985
CC(=O)Nc1ccc(S(=O)(=O)N2CCc3ccccc3C2)cc1,-8.356,-5.649,8.985214966821886,9.429104782533706,0.0027757426273733,0.05189726800481064
CCOc1ccc(Nc2ccc(C#N)cc2Br)cc1,-6.291,-4.776,9.379778728733424,9.04180850272776,0.0027633238067303,0.05154347274619516
O=C1C(=Cc2ccc(Cl)cc2Cl)c2c([nH]n(-c3ccc(Cl)cc3)c2=O)N1Cc1ccco1,-7.228,-6.406,8.204362376199628,10.259299829910422,0.0026851628102902,0.05124567415071915
NC(=O)Nc1ccc(NC(=O)C2CC2C(=O)Nc2cccc(C(F)(F)F)c2)cc1,-8.578,-5.921,8.172176515470039,10.337062687243412,0.0026093265386542,0.05038921804368651
Cc1ccccc1C=C1C(=O)NC(=O)N(CCCC(=O)O)C1=O,-7.271,-5.297,10.092741401621266,8.412878520458975,0.0026183396631233,0.05031122006852724
CC1CN(Cc2ccc(C(=O)O)cc2)CCN1,-6.312,-5.108,9.77503938610991,8.801270362851035,0.0025082148415101,0.049192831001675506
CCOc1ccc(C(F)(F)F)cc1NC(=O)c1cc(S(=O)(=O)N2CCOCC2)ccc1Cl,-7.264,-5.699,7.791630702234289,10.844477165820395,0.0024034551471504,0.04830440506041779
CSC1(CNc2ccc(C(=O)O)cc2Cl)CCCC1,-6.516,-4.748,9.88869713359652,8.752178528800702,0.0024088814328897,0.048117287790255536
CCC(C)(C)c1cc(N)c(Oc2ccccc2)c(Br)c1,-6.164,-4.878,9.887209414187604,8.76229941282538,0.0023959898012641,0.048021371399553286
C#CCNC(=O)c1ccc(Cn2nc(C)cc2C)cc1,-6.851,-4.996,7.662377176829655,10.985998998725604,0.0023818124809264,0.04790894253387865
Cc1nc(C(C)NC(=O)Nc2ccc3ncccc3c2)no1,-7.354,-5.915,7.931781704005728,10.75158048846773,0.0023364770256763,0.04768047093229479
COC(=O)c1cc2c(cc1C(C)(C)c1ccccc1)OC(F)(F)O2,-7.681,-5.48,10.008045863204265,8.727341233159157,0.002270722200431,0.04689771909854769
COc1cccc(C2CC(C(=O)O)C(=O)C3CCCN32)c1,-6.847,-5.32,10.37337249885494,8.431230633780576,0.0021725388973986,0.04583404635911198
CCOc1ccc(Nc2nc3ccccc3nc2C(=O)NC(C)c2nnc(C)o2)cc1C,-7.681,-5.789,8.51653943805816,10.303695938836704,0.0021521463531512,0.045730859861735675
COc1ccc(C(C)NC(C)C)cc1,-5.544,-4.293,9.778502748376154,9.045149750004144,0.0021502627486936,0.045351397793006405
Cc1cccnc1Sc1ccc(S(=O)(=O)NC(C)C(N)=S)cc1,-6.408,-5.298,10.326937687426994,8.64241945290785,0.0019615837963384,0.04354693321038649
Cc1ccc(C(=O)OCC(=O)Nc2c(C#N)c(C)c(C)n2-c2ccccc2)c(C)c1,-7.564,-5.493,7.67680493434606,11.286085060817149,0.0019571827527113,0.0435426705487267
COc1cccc(NC(=O)C2CCC(C)(C)N(C)C2=O)c1,-7.058,-4.893,7.948257796523714,11.016914722371231,0.0019595358340372,0.0434313284916464
COc1ccc(Oc2ccc(C(=O)O)cc2N)c(C)c1,-6.247,-5.239,10.01882338401072,9.01636406762726,0.0018841844711376,0.04266590502320213
FC(F)(F)c1ccc(Nc2ccc(Cl)nc2)cc1,-6.491,-4.969,10.311086703155976,8.745021326446265,0.001858674562953,0.042315800743218016
CC1(NC(=O)Cc2cccc(O)c2)CCCC1,-7.152,-4.865,10.278705122728253,8.802872599328017,0.0018296099758752,0.041960580656773126
O=C1NCCN(c2cc(C(F)(F)F)ccc2Cl)C1C(F)(F)F,-7.224,-5.464,9.935484789379933,9.19131339907415,0.0017798497798628,0.041516897363075025
O=C(O)c1cc(NC(=O)C2CCS(=O)(=O)C2)ccc1Br,-6.83,-5.151,7.630227454014723,11.482966733383842,0.0017807491207494,0.04145904301429656
CCC(CC)(CC(=O)O)c1ccccc1,-5.297,-4.452,10.929675749993685,8.335455896350242,0.0016286722648643,0.039502878423064325
CC(C)CC1CN(C(=O)c2cccc(Cl)c2Cl)C1,-6.208,-4.422,10.317902645402311,8.96247627611923,0.0016165350944839,0.039349141938484475
Cc1ccc(S(=O)(=O)N2CCC(C(=O)O)CC2)cc1,-7.01,-4.842,10.97805055554036,8.344395783997784,0.0015714496400449,0.03888298952630751
O=C1CC(N2C=NCC2)C(O)C1O,-5.244,-4.28,10.953057883531883,8.401934896200993,0.0015402333847378,0.038380280612038596
CCCC=CC(CCCCCCCCC)OC(N)=O,-5.473,-3.506,11.2547549506864,8.084771177961688,0.0015524190156339,0.03837282411111701
O=C(O)C=Cc1scnc1-c1cc(Br)ccc1Cl,-5.577,-4.711,11.01095572600308,8.3603815104336,0.0015242891350612,0.03826855197531236
NC(=O)c1ccc(NC(=O)Cn2cnnn2)cc1,-7.067,-5.146,8.031433060170519,11.348538628387356,0.0015131022327688,0.038215592216546405
CCCCC(C(=O)O)N1C(=O)c2ccccc2C1=O,-6.326,-4.949,10.964780389957658,8.4548278515887,0.0014796320438001,0.03775129680168129
NCC(Oc1cccnc1C(F)(F)F)c1cc(O)ccc1N,-6.815,-4.636,10.992764392999606,8.423163004477592,0.0014828358913224,0.03772961254420687
CC1CC1(O)C(=O)O,-4.375,-4.149,11.078740812926352,8.333258366329463,0.0014858531095093,0.03767037597448871
NCc1ccc(OO)cc1,-4.962,-4.302,11.065111748193058,8.400777166429306,0.0014371168303554,0.03707761053961061
CC1=CCC(C=N)=C1,-5.046,-3.92,11.140049057342612,8.333332826666652,0.0014299438506054,0.03690974616863563
C=CCN(CS)N=O,-3.344,-3.254,10.96657394084406,8.523271496321115,0.0014164954732657,0.03660488536488006
Nc1cc(C(=O)O)ccc1C(O)c1ccncc1,-6.45,-4.905,10.471570560331436,9.08002968056823,0.0013649116543772,0.036249859070326115
Cc1cc(-c2c3n(ccc2=O)C2(CCCCC2)c2c(N)cccc2-3)n(C)n1,-7.536,-5.768,8.134356827678511,11.428989850376103,0.0013502424072316,0.036218593670164154
Cc1ccc(S(=O)(=O)NCCc2ccc(OC(F)F)cc2)cc1C(=O)O,-7.99,-4.563,11.09792246323608,8.448798612820642,0.0013666258924881,0.03620699989930033
COc1ccc(OC)c(C(=O)NC(C)(C#N)C(C)C)c1,-6.753,-4.503,8.061635069885016,11.501002651943002,0.0013501745941984,0.035976957825534825
C#CC(C)ON,-3.789,-3.548,11.04017721778052,8.541835517030282,0.0013373224249989,0.035623383552202216
Fc1cnc(-c2n[nH]c(=S)o2)c(OC(F)F)c1,-6.298,-4.631,11.186161942328566,8.474762179554066,0.0012726425783061,0.034952441451281055
Cn1nnc2c1CCCN(Cc1ccc(OC3CC3)cc1)C2=O,-5.437,-4.008,8.027023420920111,11.631549208940312,0.0012712896907451,0.034818320865373974
Cc1cc(C(=O)NNC(=O)c2ccccc2Cl)nc(C)n1,-7.657,-5.433,8.474320385730056,11.285410227368786,0.0011964432848444,0.03403365040919543
N#Cc1cccc(S(=O)(=O)NC2CCCC2C2CC2)c1,-7.376,-5.274,11.229825466141492,8.550137835146284,0.0011817694215776,0.03379602760719943
Nc1cccc(-c2noc(COC(=O)CSc3ccccc3Cl)n2)c1,-6.336,-5.598,7.981458137458343,11.800538801258186,0.0011765098069966,0.03377820044424216
Cc1ccc(N)cc1-c1nc(C2CCCO2)no1,-7.206,-5.041,7.989245145819473,11.847926654060617,0.0011367038487791,0.033104697284243416
CCn1c(=O)n(Cc2ccc(Cl)cc2)c2cccc(N)c21,-6.972,-4.688,10.68190774159747,9.168761094062818,0.0011324787500952,0.03298150595947726
CCc1noc(C)c1CNS(=O)(=O)c1ccc(N)c(C)c1,-7.379,-5.181,11.235034000838628,8.62485002768164,0.0011245056670284,0.03295090830200286
O=C(NCC12CC3CC(CC(C3)C1)C2)c1ccccc1NC(=O)C1CC1,-6.763,-5.4,10.341246491598582,9.528414663520897,0.0011195751112661,0.03291650852686385
CCCO[N+](O)=Cc1ccccc1C,-5.524,-4.064,11.229663663707832,8.615816792388287,0.0011346366661132,0.032903620105444634
CC(C)(Cl)CCC1CCCCC1[N+](=O)[O-],-5.226,-4.328,11.164747780402386,8.685804741070339,0.0011313095673195,0.032901558970907595
COc1cccc(-c2cc(Cl)ccc2C)c1C#N,-6.088,-4.532,11.115716126278146,8.763254703590443,0.0011116573439582,0.03264989375526841
CSc1ccc(C(C)(C)C(=O)O)cc1,-5.439,-4.466,11.198651481316848,8.715370674847973,0.0010874208970961,0.032280705085308906
C=CC(=O)NC(C(=O)OC)C(C)CC,-4.884,-4.147,11.24364500506842,8.67198189573756,0.0010861826544246,0.03220763385889793
Nc1cc(Cl)ccc1CN1Cc2ccccc2C1=O,-7.122,-4.888,10.518957647980145,9.411667811817416,0.0010776337060645,0.03220702536311783
Cc1ccc(C(C(=O)NC(C)(C)C)N(C(=O)COc2ccc(C)cc2C)C(C)(C)C)cc1,-6.126,-4.491,8.089054703733929,11.831464068322228,0.0010798035777445,0.032171713479304885
O=C1CCC(N(C(=O)OCc2ccccc2)c2ccc(Cl)nc2)CC1,-6.734,-4.751,8.228703725374974,11.778090889443838,0.001024030013465,0.0313730445989614
Cc1ccc(Br)cc1C(=O)OC(C)C(=O)N1CCOCC1,-6.483,-4.626,8.208404838944045,11.813545022557792,0.0010142565258231,0.03120230578925237
CC1CC2CCC(n3ccc(=O)[nH]c3=O)CC2CO1,-6.759,-4.919,8.282693161043696,11.751619547960187,0.001006874486914,0.031136790758201055
CC(C)(C)N(CCS)CC(=CC(=O)O)C(=O)O,-4.977,-3.844,11.204655371764009,8.821348479682683,0.001014239280646,0.031072446454970492
CC(C)=C(CC1(C)CCCO1)C(=O)O,-5.389,-4.493,11.246959189043055,8.796659479597922,0.0010030698588823,0.031007875504753094
CC(=O)C1(C#N)C=CC=C1,-4.403,-4.213,11.22398650213016,8.815693166166799,0.001005593870288,0.031000688644777546
O=c1c2ccccc2nc(-c2cccc(C(F)(F)F)c2)n1N=Cc1cc(Br)cc(OCc2ccc(Br)cc2)c1,-7.455,-6.092,8.38920818671226,11.68420831721174,0.0009830970203588,0.030957047415808212
O=C(O)c1ccc2c(c1)NC(=O)C2CCl,-6.091,-5.023,11.276171025662924,8.784290068070383,0.0009925344830076,0.030931252200595706
CN1C=C(F)C1,-3.527,-2.617,11.343838944554882,8.684564755933367,0.001012314124122,0.030838700191948787
NC(=S)C1(NC(=O)c2ccccc2F)CCC1,-6.194,-4.483,10.904733330072771,9.1581824616023,0.0009918222416546,0.030831900145942958
CCCC1(C(=O)NC(C)c2ccc(I)cc2)CNC1,-6.281,-4.33,10.742807175035768,9.336320206591031,0.0009820761689589,0.03065511510305402
COc1ccccc1C1NC(=O)NC(C)=C1C(=O)OCC(C)C,-6.141,-4.506,11.285203321163516,8.826574137229008,0.0009613237270683,0.030357864376131652
Cc1nsc(NC(=O)c2cccc(Cl)c2)c1Cn1cncn1,-6.807,-4.803,8.156654767734135,11.95571549510944,0.0009582284112179,0.030356685454703644
COc1cccc(Cl)c1C(N)c1cccs1,-5.044,-4.021,11.55348869389675,8.56186977242705,0.0009583651385834,0.03023299579035034
CC(C)OC(=O)C1CC(C(F)(F)F)c2c([nH]c(=S)[nH]c2=O)N1,-6.249,-4.821,11.413730108952112,8.724262318385435,0.0009454283665316,0.030156122235791453
N#Cc1ccc(CN=C2CCCS2)cc1,-5.957,-4.334,10.946908330665789,9.195986080894208,0.0009435354376747,0.0300482171510299
CCc1nccn1CC(C(=O)O)c1ccccc1,-6.425,-4.228,11.34591653415448,8.794489695258049,0.0009441967538997,0.03004180071777176
CCc1nccn1C(C)C(N)=NCC(C)C,-5.664,-4.081,11.489410559293283,8.658961311843356,0.0009391203062777,0.02993748088170231
CCn1ncc2c1CC(C(N)=O)CC2=O,-5.713,-4.947,11.559153731999588,8.613204862302997,0.0009250029627053,0.029848463812285408
COc1ccc(Cl)cc1C1CC(=O)Nc2nc(SCc3cccc(F)c3)[nH]c(=O)c21,-8.313,-5.888,8.308970874903824,11.889484303366569,0.0009088390049548,0.029733219478291745
CC1CN(c2ccc(Cl)cc2NC(=O)c2ccccc2F)CC(C)N1,-7.516,-5.181,8.459198366275613,11.73137251134751,0.0009139827384807,0.029706778851987664
CCCCSCC(C(=O)O)n1c(C)c(C)c(C(=O)OCC)c1C,-5.617,-3.887,11.382391752175815,8.83101155021326,0.0009021846868275,0.029312492214635364
CC(=O)N(Cc1ccccc1)C(Cc1c[nH]c2ccccc12)C(N)=O,-6.121,-4.523,11.596557290851454,8.637780907154337,0.0008899373037773,0.029211594892033736
CC(C)(C)C(=O)N1CC(=O)COC1(C)C,-5.282,-4.031,11.606280282674549,8.624215384601664,0.0008920348680782,0.029169552126036138
COc1ccc2c(C)c(C(=O)Nc3cccc4ncccc34)[nH]c2c1,-8.034,-5.997,8.669230992423723,11.611848646964017,0.0008644104076193,0.029013885967678187
CC(=O)N(c1ccc(C(N)=S)cc1)c1cccc(Br)c1,-7.322,-4.842,11.380529557098829,8.884041985492864,0.0008739132707758,0.028996366582591818
CC(NC(=O)C(CO)NC(=O)OC(C)(C)C)c1ccc(Cl)cc1,-6.689,-5.025,8.233419338282243,12.032368927189692,0.0008710268951468,0.028976442618890878
Cc1noc(C)c1C(C)OCC(=O)Nc1cccc(F)c1,-6.618,-4.926,8.565152479670166,11.709929333689422,0.0008673370115792,0.028899889489785998
NC(=O)CC(c1ccc(Br)s1)N1CCCCCC1,-4.362,-3.285,11.743441318455169,8.521527151866618,0.0008726879143528,0.028736464483465597
Cc1ccc2c(CC(=O)OCC(=O)Nc3cc(C)c(Cl)cc3Br)coc2c1,-7.565,-6.089,8.306560900878294,12.028281257104023,0.0008345737060878,0.028522454196174392
CN1C(=O)c2ccc(F)cc2C1=O,-6.071,-4.713,11.732307275212325,8.583444704779078,0.0008456285623023,0.028503800762324456
Cc1ccc2c(c1)S(=O)(=O)N(Cc1ncccn1)C2C,-6.601,-5.489,8.65368303094122,11.711920167077643,0.0008198942125764,0.028181827889117807
COc1ccc(C(C)NC(=O)C(C)CN)cc1F,-6.64,-4.904,8.421562444107389,11.932786640177556,0.0008249262350191,0.028181189105450904
C[N+]1(C)C(=O)CC(C(=O)O)C1(C1CCC1)C1CC1,-5.991,-4.698,11.411949745770878,8.945482323497153,0.0008247665170163,0.02814776808340436
O=C1CCCC2(c3ccccc3F)c3ccccc3CC12,-7.497,-5.338,11.055658008458837,9.320013143767556,0.0008159644073336,0.028091902576480185
CC(C)NCc1cnn(C)c1C1CCCC(F)(F)C1,-6.557,-4.316,11.503540063823833,8.854681304259346,0.0008241771622655,0.0280807254399747
COC1(C)CNC(c2ccc([N+](=O)[O-])cc2)C1,-6.478,-4.952,10.990373151080904,9.385893138108914,0.0008157291447648,0.028030760596256445
C=CCC1(O)C=CC(OC(C)=O)C2(O)CC(C(=O)OC)C(C=O)(OCc3ccccc3)C12,-6.019,-4.875,8.334997060587364,12.06420581720985,0.0008017894052194,0.027778919249637293
CC(=O)C1(N=C=O)CCCC(N2CCCCC2C)C1,-5.75,-4.672,11.53474182632624,8.866914006575229,0.0008021331851498,0.02775504172847767
Cc1c(N)c(NC(=O)C2CC2)c(F)c(C)c1Cl,-6.31,-4.557,8.293385677755497,12.11115981233837,0.0007989432157161,0.027682917235563126
CC1(C)CCCC(O)C1(C)O,-4.524,-4.183,11.617472874941434,8.796758778095487,0.0007957045097385,0.027571892219130183
CCc1nccn1-c1ncc(C)cc1N,-5.506,-4.204,11.580387558281458,8.84376650528495,0.0007908870955797,0.027491375422918973
CCc1nc2ccccc2c(=O)n1NC(=O)c1cc(C(C)(C)C)[nH]n1,-7.837,-5.695,8.352733564528442,12.101587251265842,0.0007747102710248,0.02742390396971684
Cc1cc(-c2cnnn2C)ccc1N,-6.148,-4.469,11.841127437875162,8.606996804925629,0.0007785573190458,0.027314697038078664
Cc1cscc1-c1c(N)noc1-c1cc(Cl)cc(F)c1Cl,-6.942,-5.378,11.761923524662112,8.718201305315219,0.0007634268037938,0.027178195169176977
CCOC(=O)CC(C)CCOc1ccc(F)c(C)c1,-6.364,-4.579,8.340684744072275,12.128529754261232,0.0007674864627617,0.027135631409840533
Cc1ccncc1NC(=O)c1cc(C(F)(F)F)nc2c1c(=O)n(C)c(=O)n2C,-8.768,-6.052,8.543979927410877,11.962194656500118,0.0007506416284938,0.02704499971912019
Cc1cc(C)cc(N2C(=O)C3C=COC3C2=O)c1,-7.263,-4.931,11.5996145194571,8.893693608394658,0.0007575334548572,0.027009380525214073
CCC1CNCC1(CC)CC,-4.518,-4.092,11.53345368916007,8.946950933139176,0.000763763723676,0.026999742187845458
CC1(C)C(C(=O)O)C1(C)C,-4.663,-4.575,11.796206212168386,8.691686027463255,0.0007596661292925,0.026996454987072604
CC1=C(C(=O)OCC(=O)Nc2c(C)cccc2C)C(C#N)(C(F)(F)F)ON1,-6.835,-5.733,8.432910588877366,12.088925221044258,0.0007429842907829,0.026861849480061248
CCCCCCCCCC[P+](C)(C)C,-4.736,-2.904,11.244965806973358,9.234453963283372,0.0007646520115044,0.026843818465279588
Cc1ccc(C2(O)CCNCC2C)c(C)c1,-6.614,-5.172,11.759345432463492,8.769670803399634,0.0007405691104116,0.026739221977884742
Cc1nc2c(c(N3CCCCC3C)n1)C(C)CC2,-6.318,-4.392,11.596057347219356,8.947901485823367,0.0007340264735778,0.02651119739229398
CC=CC(=CC)C(CCC1=CCN(SC)C1)=C(C)CCC,-5.918,-4.337,11.628980780790725,8.917091958704923,0.0007330042246039,0.026484987161073725
CCC1NC(CC)N(C2CCCSC2C)C1=O,-6.034,-4.288,11.599132855519848,8.9524605556238,0.0007305404837461,0.02643355077785692
CCC(C)CN(C)Cc1c(C(=O)O)coc1C,-6.449,-3.638,11.608037344874456,8.948494566126753,0.0007282827654495,0.02630126152752164
C=Cc1cc(C)ccc1C(C)O,-5.559,-4.791,11.5341342978136,9.043571971295414,0.0007188577121786,0.026291400743804382
CCCCNC(=O)c1cc(Cl)ccc1NC(=O)c1n[nH]c2ccccc12,-6.976,-5.622,8.304295093504324,12.297739182467646,0.0007062191705231,0.026173581739785814
CC(N)c1ccc(F)cc1Cl,-5.264,-4.546,11.623373219509045,8.97378615746999,0.0007100661671871,0.02609624177768777
CC12C(=O)N(c3cccc(C(F)(F)F)c3)C(=O)C1CCCC2c1cccc(Cl)c1O,-7.807,-5.73,8.699403082970694,11.926504349556916,0.0006969077699649,0.02601518527762102
NC(=O)c1cc(C(C(F)(F)F)C(F)(F)F)c[nH]1,-6.035,-4.559,11.6757292705852,8.946841118517753,0.0006988366261513,0.025890851505683952
C=C(C)C(=O)N(CC)c1ccc(C)cc1C,-5.607,-4.211,11.595439534575652,9.02171663265922,0.0007013210158863,0.02588891414225075
CC1(C)CCCN(C(=O)Cc2ccc(F)cc2)C1,-7.02,-4.261,11.665633330428316,8.967352786636646,0.0006943352764848,0.025766509737841135
Cc1nn(C)c(C)c1CN(C)c1ncccc1C(N)=O,-6.345,-4.932,11.84929373422737,8.796926338216092,0.0006883192994677,0.025746072190153818
CCCn1ncnc1CNc1ncnc(NC)c1CC,-6.433,-4.389,11.75791163429969,8.880384563744974,0.0006918909159068,0.02573862681108913
CCCCC(C)=NC,-4.196,-3.28,11.770198171653696,8.850542864706096,0.0006994693011574,0.025726251309849433
Cc1ccc(C2(C(N)=O)CCCC2)s1,-5.48,-4.599,11.941807149673789,8.704448345530002,0.000688112843023,0.025696883546336455
Cc1[nH]c2ccc(C(=O)N3CCOCC3)cc2c1C,-7.294,-4.908,11.647084012747568,9.005809125225785,0.0006858091550395,0.025695825582367014
Cc1ccc(C)c(NC(=O)C(C)n2cnc(C(C)C)n2)n1,-7.183,-5.227,8.556719289540823,12.101215269550408,0.000682754609862,0.02568172121029226
O=C(CCCNC(=O)c1ccc(Cl)cc1)NNC(=S)NC1CCCCC1,-7.667,-5.571,8.64842766056351,12.018376387848734,0.000679206981395,0.025661277818176714
COC(C)(C)CCN=C(N(C)C)N(C)C,-5.166,-3.66,11.588679087799438,9.053674502653603,0.0006904097248818,0.025611274096568777
Cc1nn(C)c(C)c1C(=O)NC(C)c1c(C)oc(C)c1C,-6.228,-4.749,11.728311813726648,8.941545783587982,0.0006784791716114,0.025536653657621575
CC1CCCCC1NC(=O)CSc1nnc(COc2ccc(Cl)cc2)n1C,-6.967,-5.367,8.531203959582728,12.155482836975256,0.0006705288635219,0.025469506383848407
CCC(C(C)=O)n1cccc1C,-4.625,-3.94,11.747759062902167,8.91690876929892,0.0006806432991723,0.02546758311244877
C=CSSC(C)=O,-3.291,-2.837,11.663715574378518,8.983904051135008,0.000688040136604,0.02545435600984568
C=CC=C1C=CC=CC1,-5.165,-3.848,11.660417917038822,9.00902242199452,0.0006787586593565,0.025419804776649804
CCC1(CN)Cc2[nH]cc(C)c2C1,-5.826,-4.339,11.611465066906932,9.084161326176456,0.0006678439637236,0.025280673990787938
N#CC(C#N)=C(N)C1CC1,-4.97,-3.723,11.53756802796846,9.155186999728624,0.0006691310738042,0.025222016224971763
Cc1ccc(C(C)(C)NC(=O)c2noc3c2CCCC3)cc1,-7.471,-5.55,8.574158500984222,12.156744712298602,0.0006523621580989,0.02514627864183612
CCCCCC(C)n1c(C)ccc(CC)c1=O,-6.338,-3.876,11.753723580210655,8.959107544839497,0.0006605277587051,0.025079855738320667
CC(c1ccncc1Br)N1CCCC1C1(C)CCCC1,-5.788,-4.242,11.71059093299736,9.008695410546412,0.0006579408874253,0.025079594339498523
Cc1noc(C=Cc2cccc(F)c2[N+](=O)[O-])n1,-7.253,-5.375,12.108096506057423,8.629745071553389,0.0006496710153954,0.02507129723695085
Cc1ccc(C(=O)NC2C3CCCC2CC(N)C3)s1,-6.792,-4.695,11.61345555810156,9.122285404436765,0.0006513573560668,0.025013888751611545
O=C(Cc1c(-c2ccccc2F)nc2ccc(Cl)cn12)NC1CC1,-6.923,-5.07,8.567395111701106,12.195029684260716,0.0006396202200107,0.024836677552246104
CCC(C)(C)C(C)(CC)C(=O)OC1CCC(O)=C(C)C1,-5.819,-4.25,11.675887375270456,9.076851491569087,0.0006444193918778,0.02482160493606497
COc1cc(CNCCCc2c(C)n[nH]c2C)cc(C(C)=O)c1,-6.553,-4.181,11.861764497746533,8.894517862144076,0.0006427336846666,0.024780015148048742
CC1=CCC(C)CN1,-4.887,-3.512,11.76764109751823,8.981100712050836,0.0006459016445421,0.02475235116753162
Cc1cc(N)cc(C(=O)N2CCOCC2)c1,-6.194,-4.686,11.77452224083848,8.996840500975885,0.0006368572182119,0.02473272041700559
CC(=O)Nc1ccc(CCNS(=O)(=O)c2ccccc2Cl)cc1,-7.271,-4.547,11.468432368898547,9.301668721256418,0.0006377074892515,0.02473099671719913
COc1cccc(CC(C)N)c1CN(C)CC1CCCO1,-5.746,-3.734,11.734243435347675,9.024023382061907,0.0006421280900057,0.02470930893468035
CC=C(Cl)C=C(C)C,-4.486,-3.174,11.749540501653671,8.999570489751163,0.0006457789028341,0.024705089747961498
CC1(C)CC(=O)NC(Nc2cc(Cl)ccc2Cl)=N1,-6.954,-4.934,11.61724605920009,9.17266564309416,0.0006297331858613,0.024626284265444866
O=C(Nc1ccc(OC(F)(F)F)c(Cl)c1)C1CCCN1S(=O)(=O)c1ccc(Cl)cc1,-7.714,-5.675,8.708385958373686,12.100649610661405,0.0006215623649618,0.024561588548765372
CCc1[nH]nc(NC(=O)c2ccc(F)cc2[N+](=O)[O-])c1C,-6.836,-5.259,8.525416881302638,12.281199045695825,0.0006220949595481,0.024518467884237203
COc1cnc2ccc(C(=O)O)c(C)c2c1OC,-5.668,-5.131,11.661968701724422,9.146908439467405,0.000622285584352,0.024505692919707757
COc1ccc(N(C)Cc2nccn2C)c(Cl)c1,-6.341,-4.13,8.615606188771629,12.174970472243457,0.0006285772072616,0.02449894421076787
NCC(Cc1ccccn1)c1ccccc1F,-6.748,-4.703,11.921716571031205,8.880465809854796,0.0006245368160707,0.024494522399924126
COC(=O)CC(NC(=O)c1cc(C)on1)c1ccc(Cl)cc1,-7.319,-4.974,8.75312344252039,12.060849845678373,0.000619733018852,0.02443513095077177
CC(NCCN1CCCCC1)C(=O)Nc1ccc(C(F)(F)F)cc1Cl,-6.548,-5.201,8.312085237772768,12.506423829376644,0.0006168814934684,0.024408056503658317
CCC(C)CC(C)C(C)=O,-4.579,-3.64,11.77147017156311,9.031000553648528,0.0006246416898616,0.0243582845228218
CCC(C)C1NCCCC1(CC)CC,-5.047,-4.196,11.690665892069624,9.127161990454644,0.0006187923784354,0.024316059841082153
Cc1ccccc1C(C)NC(=O)c1cnccn1,-6.759,-4.925,11.683254897501808,9.15844839478828,0.0006096627343474,0.024229517881463877
CC(C)CCCC(=O)C1CCCCC1C,-6.058,-3.483,11.927745721635752,8.910707379327414,0.0006105857789528,0.02406240561584761
CCN(C)c1ccc(NC(=O)CCCCCc2ccccc2)cc1,-6.077,-4.721,8.574381552042107,12.283867184238032,0.0006024561518309,0.024059914003656428
Cc1ccc(Oc2cccc(F)c2)c(C(=O)Nc2ccc(C)c(C)c2)c1,-8.47,-6.116,8.549695374690257,12.35041582295916,0.0005868431698437,0.023920858484882786
C#Cc1cccc(NC(=O)c2cccc(S(=O)(=O)c3ccccc3)c2)c1,-7.791,-6.256,8.512880476078587,12.396115843279295,0.0005835077817902,0.02387020107277997
CC(C)c1ccc(-n2ccnc2CC(=O)O)cc1,-6.992,-5.054,8.591503593667408,12.30455175941001,0.0005884259682504,0.023819994780017346
CCC(C)(C)C1(C(C)C)NC(=O)c2ccccc2N1,-6.346,-4.778,11.848184417876016,9.046119223180732,0.0005898216132679,0.023813472226695838
CCC(C)C(CC)C(C)(C)C,-4.085,-3.621,11.693981486217602,9.18142243881633,0.0005969811918188,0.02381043548221251
O=c1[nH]c(Cn2cc(Cl)cn2)nc2sc3c(c12)CCCC3,-7.218,-5.157,8.484474114522362,12.418090231593585,0.0005857888763828,0.023779471512657288
N#Cc1ccc(OC2CC2CN)cc1Cl,-6.219,-4.384,8.550275141771756,12.340964427466762,0.0005901072697765,0.023769524976231082
CCN(CC)C(C)CNc1cc([N+](=O)[O-])ccc1C,-6.05,-4.08,11.890785255818894,9.015395110587225,0.0005854222778258,0.023636705552972995
CN=C(N)N(CC1CC1)C1CCCc2ccccc21,-6.177,-4.223,11.981651513877376,8.929613205508959,0.0005834515733999,0.0236148699795629
Cc1ccc(NC(=O)c2ccc(Cl)cc2Cl)c2c1CN(C)C2=O,-7.474,-5.679,8.447640203038954,12.487999799807811,0.0005737125813191,0.023597738792994767
CC(NC(=O)c1ccccc1Cn1cccn1)c1nccn1C,-6.273,-4.667,8.62057318279939,12.30931326272916,0.0005761761666207,0.023522570758209224
CC1CCCN(Cc2ccccc2NC(=O)c2ccc3occc3c2)C1,-7.813,-5.736,8.575649887909371,12.37812461562736,0.0005675446473723,0.02347755879983731
NS(=O)(=O)CN1C(=O)CSc2ccccc2C1=O,-4.664,-3.345,11.84013395194497,9.075989918460683,0.0005818683148079,0.02347233342390625
CCOC(=O)CC(NC(=O)c1cc(C)oc1C)c1cccc(Cl)c1,-7.441,-5.107,8.619147231600119,12.328977045967765,0.0005696432989212,0.023443295193307474
C#CCC(=O)NC(C)c1ccccc1C,-6.143,-4.817,11.714328235114468,9.232215172969052,0.0005710707865544,0.023436727158587207
Cc1n[nH]c(C)c1C(c1ccccc1-n1cccc1)c1c(C)nn(C)c1C,-5.895,-4.436,11.967870863273886,8.973179648262928,0.0005727495580624,0.0234238011406584
CN(Cc1cc(N)ccc1C(=O)O)CC(C)(C)C,-5.315,-4.432,11.89272618031711,9.053218101868527,0.0005710989596587,0.023389527542879845
CNC(C)C1CCCCC1F,-4.924,-4.279,11.68067566538854,9.263708598612114,0.0005718701574841,0.0233862875882928
O=C(Nc1ccccc1)c1ccccc1C(=O)c1cccc(F)c1,-7.788,-5.778,8.386296500839926,12.585558946665817,0.0005607145808492,0.02334099566810808
C=C(C)CC(C)C(=C)C,-4.138,-3.497,11.760055867214238,9.181424998332233,0.0005728319846012,0.023308372448208343
O=C(Nc1ccc(Cl)cc1)c1ccccc1NC(=S)Nc1cccc(C(F)(F)F)c1,-7.912,-5.725,8.59835914579055,12.392856692466026,0.0005544653600396,0.023204120015271258
COc1ccccc1NC(=O)N1C=CC=CC2=C(C2)NC(=O)CC1C,-5.518,-3.844,8.591713100424153,12.369360007696436,0.0005649956668177,0.02319144416471646
Cc1ccccc1NC(=O)C1C2C3CCC(C3)C12,-7.68,-4.864,8.498413499000858,12.491459362300308,0.0005547140520289,0.023104390561075744
O=C(NC1(C(Br)(Br)C(=O)O)N=C(c2ccccc2)OC1=O)c1ccccc1,-7.509,-5.889,8.62958428894463,12.405416599211812,0.000539559174411,0.022909745782305303
N#CCSc1ccccc1NC(=O)c1sc2cc(Cl)ccc2c1Cl,-7.086,-5.477,8.659627878840984,12.36966745713077,0.0005415428953142,0.02290231088232254
O=C(Nc1ccccc1C(=O)NCc1ccncc1)c1ccccc1F,-7.717,-5.913,8.584797260273536,12.457638339589089,0.0005369706142487,0.022857593070991705
CC(Nc1ccccc1C(=O)NCc1ccco1)C(N)=O,-6.854,-4.642,8.676546951408723,12.35733065835822,0.0005400249692625,0.022769659190464888
O=C(Cc1cccc2c1NCCC2)NCc1ccccc1C(=O)O,-7.626,-5.763,11.950931177109172,9.107666440971585,0.0005323324623148,0.022740803981415984
C#Cc1cccc(NC(=O)c2cccc(Cl)c2F)c1,-7.635,-5.394,8.588920828602394,12.461863343818212,0.0005341844141273,0.022736261339763652
COC1CCCC(CNC(=O)N2CC(OC)CC2C(=O)O)C1,-6.073,-4.743,8.667602321288166,12.382593024080215,0.0005345297683168,0.02266563449307842
CN1Cc2ccc(C(=O)Nc3cccc4ccccc34)cc2C1,-7.326,-6.228,8.649780401836802,12.437320048949452,0.0005223105106095,0.02258051109094708
Cc1ccc(N)cc1C(=O)c1ncco1,-5.977,-4.611,12.366406268597196,8.694507404102891,0.000531008382431,0.022575061458887494
BrCC1CCC(Br)O1,-3.83,-3.1,11.863084506147633,9.183299679309176,0.0005364847567098,0.022508685564795745
CC(=O)C1(C)C=CCC1Br,-4.039,-4.092,11.867340940581425,9.19706605391089,0.0005304886467075,0.022501846131853836
S=C(Nc1ccccc1Cl)Nc1cccnc1Cl,-6.759,-4.515,8.653568281350765,12.424010463614396,0.0005254347613665,0.02244484074554019
O=C(CCOc1cccc(F)c1)Nc1cnc2ccccn2c1=O,-7.34,-5.448,8.562384831342259,12.534840485622464,0.0005188508352239,0.022413927741564914
Cc1ccc2c(c1)C(c1nc3cc(Cl)ccc3o1)C(N)C2,-7.377,-5.534,8.578297849806802,12.524483622089974,0.0005170835934735,0.022385832349053045
CCOC(=O)CCNC(=O)C1CCC1C(C)C,-5.759,-4.059,8.861673431130264,12.217970944473556,0.0005250856794908,0.02238302521242404
C=CNC(=C)c1c(N=Cc2ccco2)c2cc(C)ccc2n1C,-6.873,-5.22,12.067172369697882,9.041408960997176,0.000515892723378,0.022323150959884148
C=CC1=CC=C(CCc2cccc(C3=CC=CCC3)n2)C1,-7.664,-5.412,8.770693587168576,12.341320715385368,0.0005144394368152,0.022314217823407544
CN(Cc1ccccc1)CC1(C)C2CCCC1CCC2,-6.793,-4.062,11.799235017576352,9.295934702868776,0.0005204692654526,0.02228477166040753
Cc1c(Br)coc1C(=O)Nc1ccc(Cl)cc1Cl,-6.738,-4.724,8.641118098949926,12.476221944162424,0.0005125167708829,0.022191787652948373
CC1(C(=O)Cc2ccc(Cl)c(Cl)c2)CCCC1,-6.929,-4.544,8.729286396951355,12.387893969517174,0.0005127168000659,0.02217495380153749
O=C(NC1(c2ccc(Br)cc2)CCOC1)c1cn[nH]c1,-6.84,-4.853,11.923222509036725,9.205404065004425,0.0005096270942177,0.0221442476651683
Cc1nnc(CNC(=O)C23C=CC4CCC(C)(C2)C3C4)o1,-8.069,-5.611,8.745778753204315,12.395931751990249,0.000504942178702,0.02213039544418224
N#CC1=C(N)OC2C=CC(SCc3ccccc3C(=O)O)=CC12,-7.284,-5.559,11.92117716502863,9.223365004161984,0.0005045983609276,0.022116824699042376
O=C(c1cccc(Cl)c1)C1CCCN1Cc1cccs1,-6.579,-4.36,8.621386315436746,12.504639059165202,0.0005097068700042,0.02208817681903273
COc1cc(Cl)c(Br)cc1NC(=O)c1nc2cccnn2c1C,-7.004,-5.522,8.708173746544105,12.43941686736159,0.0005030308863287,0.022078157801614897
Cc1cccc2sc(N(C)C(=O)c3ccccc3NC(=O)C3CCCCC3)nc12,-7.737,-6.122,8.617800241360902,12.548174448898932,0.0004971320768653,0.02201735899916243
Cc1ccc(NC(=O)c2nccc(Br)c2C)cc1Cl,-6.981,-5.175,8.59448480131299,12.562973095569376,0.0004997428377508,0.02196575447344901
COc1cc(Br)c(C)cc1C(=O)Nc1ccc(Cl)cc1C(F)(F)F,-8.037,-5.846,8.672279746410398,12.497253058172424,0.0004961215029387,0.02196327305196722
CCOC(=O)NC(=O)C(C)C1OCCc2[nH]c3ccccc3c21,-7.591,-5.426,8.640695226658558,12.522172535147403,0.0004981386392823,0.021959457833950962
CCC(C1CC1)N1CCC(N)(c2cnn(C)c2)CC1=O,-6.384,-4.289,12.189813575276697,8.960932652352657,0.0005023870119197,0.021920722937340986
Cc1cc(I)ccc1NC(=O)c1cccc(Cl)c1Cl,-6.839,-5.298,8.59813450697301,12.571419211847166,0.0004959859098528,0.021897211448483618
C=CCn1cccc1C(=O)OCC(=O)Nc1ccc(C)c(F)c1,-6.849,-4.886,8.676169892296947,12.49009967934604,0.0004971407989168,0.0218751048779331
N#Cc1ncccc1NCc1cccc(C(=O)NCC(F)(F)F)c1,-7.686,-5.591,8.484063236445142,12.701384058440246,0.0004908621567898,0.021817378151363708
Cc1ccc(NC(=O)c2cccc(C(F)(F)F)c2)c(Oc2ncccc2C(F)(F)F)c1,-8.802,-5.9,8.507410945757822,12.689146898038498,0.0004875131037068,0.021778043475119427
O=C(NCC1COc2ccccc2O1)c1ccc(=O)n(Cc2ccccc2F)c1,-7.507,-5.798,8.502025229320365,12.69290152014109,0.0004879994555942,0.021777278178783596
NC1=Cc2ccccc2SCC1,-4.171,-3.383,12.304367151544204,8.851698932973264,0.0005005834943529,0.021775635105211504
Cc1nnc([N+](=O)[O-])n1CC(=O)NN(C)c1ccccc1Cl,-6.355,-4.821,8.800413058487653,12.3807656467603,0.0004927187846245,0.02177011587215923
CC#CCNC(=O)C1(C(F)(F)F)CCNC1,-6.191,-4.396,11.512793145019154,9.706185502039409,0.0004819428612785,0.021482285669148237
CC(=O)N(Cc1ccccc1)C(C)(O)C(C)C,-5.878,-4.277,11.894694489561305,9.322861202442091,0.0004821652344177,0.02147365122162083
CC(=O)NC(C(=O)Nc1ccc(Cl)cc1)C1CCC(C)CC1,-7.196,-5.389,8.745827519451776,12.505953982003932,0.0004713745611093,0.02135723863382302
CCOC(=O)C(C)=C(Cl)C=C(Cl)c1cccc(Cl)c1F,-6.015,-3.676,12.092237220630432,9.133610731797146,0.0004795241251906,0.02134618024859637
CCNC(=NCCC(C)(C)NC(=O)c1ccccc1)N(C)CC1CCC1,-6.643,-4.217,8.814797104868608,12.424534840387386,0.0004751522471101,0.02131010914319317
CN(c1ccccc1)C1CCCN(Cc2ccccc2CC(=O)O)C1,-7.254,-5.344,8.491832605509838,12.772396368732064,0.0004672943166998,0.02125957130510184
CC1(NC(=O)c2cc(C(=O)Nc3ccccc3Br)cc(Br)c2O)CC1,-6.93,-5.595,8.721562130719475,12.549505607791886,0.0004656919659751,0.02125109292219461
CC(C(=O)OC1CCC1)S(=O)(=O)c1cccnc1C(F)(F)F,-5.846,-4.706,8.776067513413967,12.511798831503006,0.0004609048510705,0.021042749868911345
C1=CC2CC1C1CC21,-3.836,-3.66,11.914943978047065,9.360831426748376,0.000464962359186,0.021017769851808837
COc1ccccc1-n1cnnc1SCC(=O)Nc1ccnn1Cc1ccco1,-6.648,-5.144,8.891558693502507,12.410550753290524,0.0004569646158107,0.02100115430223768
COc1cccc(NC(=O)COC(=O)C(C(C)C)N2C(=O)c3ccccc3C2=O)c1,-7.287,-5.817,8.6623616294865,12.652865999448505,0.0004529274339275,0.0209822200594455
COC(=O)c1ccc(NC(=O)c2ccc(C)c(C)c2)c(C)c1,-6.857,-5.431,8.73568085497633,12.576421828167184,0.0004539207926004,0.02096273522679806
COc1ccccc1NC(=O)c1ccc2c(c1)CCN2C,-6.977,-5.479,8.685034657386232,12.628170968117276,0.0004535345813947,0.020959100509815098
Cc1ccc2occ(C(=O)NS(=O)(=O)c3ccccc3)c2c1,-8.391,-5.795,8.910460650269435,12.412780953517226,0.0004509905823212,0.02093489782229038
CCn1c(C(C)N(C)C(=O)C2CC2)nc2ccccc2c1=O,-6.179,-4.865,8.786217274800347,12.5263586488652,0.0004538553237986,0.02089878060029841
Cc1cccc(C)c1NC(=O)CNC(=O)C(N(C)Cc1ccc(F)cc1)C(C)(C)C,-6.761,-5.45,8.776938019605698,12.552230120580168,0.0004491611299758,0.020854623523046237
Cc1ccc(NC(=O)c2ccc(CN3CC(C)CC(C)C3)o2)c(C)c1,-7.204,-5.774,8.769779586739908,12.57032346441411,0.000446092587255,0.020818616253748576
CC1(C)CC(=O)CC2(CC2)C1,-4.574,-4.597,11.923386976861902,9.407152916796878,0.0004493461916679,0.02076522073941305
CCOC(=O)c1ccccc1NC(=O)CC(c1ccco1)c1cc2occ(C)c2[nH]c1=O,-6.705,-5.555,8.707062478241442,12.648294983909889,0.000441774392396,0.02069383631860201
Cc1ccc(NC(=O)c2cc(C)c(=O)n(-c3ccccn3)c2)cc1Cl,-7.909,-6.087,8.708929497934864,12.666089412285071,0.0004363817214163,0.020624493155097665
O=C(NNC(=O)c1ccccc1Cl)c1ccccc1Cl,-6.856,-5.602,8.60789800125443,12.761857074893136,0.0004376686004145,0.020602529331344613
O=C(O)C1CCCN1Cc1ccc(Cl)cc1,-6.546,-4.6,8.6800626725848,12.687358432707732,0.0004384174979302,0.020511473801357167
O=C1CCCN1CCCNc1nc(-c2c(Cl)cccc2Cl)no1,-6.736,-5.184,8.90901279603975,12.46937283908056,0.0004357111518335,0.02051128028289692
CC(=O)NCc1cccc(C(=O)Nc2cc(C)cc(C)c2)c1,-7.972,-5.688,8.609438773810984,12.777908944737398,0.0004328851969368,0.02049887640715528
Cc1cccc(NC(=O)CN(Cc2cccc(Cl)c2)C(C)C)c1C,-6.552,-5.174,8.57750324978079,12.810491871899378,0.0004326588836141,0.020438233650688104
CCCCNCCSc1nnc(Cl)s1,-5.478,-3.697,8.938149528845443,12.439458308141878,0.0004359539994206,0.02035560897670416
CCCN(c1cccc(C(=O)NCCc2n[nH]c3c2CCCC3)n1)C(C)C,-6.691,-5.245,8.741982498266626,12.663630482606475,0.0004281615177189,0.020339336865885828
Cc1c(O)cccc1S,-4.2,-3.52,12.07216438754874,9.327678114086057,0.0004302534467444,0.02020291682215622
CC(=O)Oc1c(O)cccc1NC(=S)Nc1ccccc1F,-6.902,-4.866,8.919402950870646,12.52771958498433,0.0004174006665558,0.0200420017057581
O=C(Nc1ccccc1-c1cnn(C2CCCCO2)c1)C1(c2cccc(Cl)c2)CC1,-6.727,-5.151,8.739278517131721,12.713650223283636,0.0004156821420429,0.02003081350800409
Cc1oc(Br)cc1CN(CCC(=O)O)C1CC1,-5.713,-4.009,12.104350540198348,9.332106782500938,0.000420522634071,0.02002546298301738
COc1ccc(C(=O)NCc2ccco2)cc1S(=O)(=O)N1CCCC(C)C1,-7.155,-5.353,8.596104408393373,12.87152520100085,0.0004116811138559,0.019955392964815938
Cc1ccc(NC(=O)C2CCN(S(C)(=O)=O)CC2)c(Br)c1,-6.671,-5.319,8.839904637494682,12.62974405916446,0.0004114810071442,0.01994697444507211
NC(=O)c1ccc(F)c(S(=O)(=O)Nc2ccccc2OCC(F)(F)F)c1,-7.418,-5.268,8.674440673611182,12.810373960193356,0.0004073954698295,0.01984237542651299
N#Cc1c(N)ncnc1Nc1ccc2c(c1)-c1ccccc1C2,-8.148,-6.044,9.033434396728634,12.468022657983903,0.0004035699325828,0.019829507062756185
O=C(COC(=O)c1ccccc1NC(=O)C1CC1)NCC1(C2CC2)CC1,-6.22,-4.916,8.87184507303864,12.62014041126326,0.0004058111822105,0.019767024504711954
O=C(O)Cc1ccc(COC(=O)N2CCCOCC2)o1,-5.225,-3.597,8.960571521951042,12.516539298064782,0.0004096910160378,0.019722382985452248
CCCCCC(CC)PCCO,-4.348,-3.221,9.06374210798167,12.41716348446778,0.0004088126481593,0.019661494303679694
CN1CC=CC2(C)CCCCC12,-5.185,-4.253,12.229157370808506,9.270192986124938,0.0004042768708162,0.01966038143918694
FC(F)(F)CNC(c1cnc2ccccc2n1)c1c(Cl)cccc1Cl,-6.66,-5.016,8.930378995317053,12.583231778839648,0.0004004223968127,0.01964571477195893
CN1CCCC1CCN1CCc2n[nH]c(-c3ccco3)c2C1c1ccc(Cl)cc1,-7.206,-4.787,9.006571101146095,12.512305982511776,0.0003991769046393,0.019591413376904284
C=C1c2cccc(Cl)c2C(=O)N1CC(=O)OCC(=O)NC1(C#N)CCCC1,-7.682,-6.031,8.700605955909047,12.843548185762376,0.0003925973460636,0.019556751348090925
CCOC(=O)CCNCC1CCCN1CC(C)C,-5.346,-3.808,8.910141918061687,12.597697289584316,0.0004018493948506,0.019554797326310373
O=C1N(Cc2ncccc2F)CCC12CCn1nccc1C2,-7.273,-5.327,8.930488116558914,12.613507600980784,0.000392890292642,0.019491984763659608
Cc1ccc2c(c1C)CCC1(C2)NC(=O)NC1=O,-6.619,-5.631,12.071926234035727,9.479049108428546,0.0003915535741526,0.019489895131155538
Cc1nn(Cc2ccccc2Cl)c2c1NC(=O)CC1(CCC(C)C1)C2,-5.445,-4.113,8.870432965757647,12.659837676684486,0.0003962149952449,0.01944886072473547
CC(=O)[N+]1(C)c2ccc(I)cc2C(C)(C)c2c(Cl)ccc(C)c21,-6.171,-5.062,9.0378639069196,12.509227873853764,0.0003922262283513,0.019448333509472435
Cc1cc(Cl)ccc1NC(=O)COCc1nc(-c2ccc(Cl)cc2)n[nH]1,-7.298,-5.267,8.638528636289863,12.936307085099674,0.0003850602277213,0.019290683251613212
Cc1ccc2[nH]c(C(=O)NCC(=O)O)cc2c1,-7.102,-5.597,8.933321274867483,12.674637470160636,0.0003774967285478,0.019133439631734944
Cc1cc(Cl)ccc1NC(=O)CCC(=O)Nc1ccc(Cl)cc1,-7.416,-5.135,8.929337881388518,12.679911395589482,0.0003771887383919,0.019079220793429493
CCOC(=O)CC(C)CC(C)C(=O)NCC(=O)Nc1ccc(C#N)cc1,-6.407,-4.43,9.01605279487648,12.582269628330176,0.0003798491580065,0.019075096145632083
Cc1cc(-n2nnnc2C(Nc2ncccc2N)C2CC2)c(C)o1,-7.235,-4.869,8.788606032813167,12.83668154158231,0.000373287069828,0.0189536513224489
O=C1CCC(C(=O)NC2CCCC2n2ccnc2)N1,-6.738,-4.733,9.156552899426726,12.468563710387816,0.0003736458727381,0.018949119577101187
Cc1c(Cl)c(C(F)(F)F)nn1CC(=O)Nc1ccn(C)n1,-7.27,-4.882,8.778465754333158,12.851880057018896,0.0003720978329186,0.01892473596493202
CC(C)(C#N)c1ccccc1Oc1ncccc1C(=O)N1CCCC1,-6.763,-5.078,8.93736079611873,12.745437772002967,0.0003602500566703,0.01864029423925849
NC(=O)C(OC(=O)c1c(-c2ccccc2)nc2ccccn12)c1ccccc1,-6.924,-5.185,8.735890567080153,12.96634489746436,0.0003557037929864,0.018532754288721892
Cc1noc(C)c1CCN(C)S(=O)(=O)c1ccc(F)cc1,-7.384,-4.977,8.912290895162702,12.7937256887898,0.0003550385145755,0.0184951120595922
CN(Cc1cccc(F)c1)C(=O)c1cc(Br)ccc1Cl,-6.887,-4.374,9.222968827877496,12.477986295873224,0.000356390657964,0.018471199413376074
COc1ccc(CN2CCOC(c3ccccc3)CC2)cc1,-5.307,-3.821,8.828657089274676,12.877448116765992,0.0003549410196871,0.018379341181444707
CNC(=O)CNS(=O)(=O)c1cccc(C(=O)NC2CC2)c1,-6.624,-5.067,8.850714886380647,12.900072674213892,0.0003451869123333,0.018245370806584553
O=C(Cn1ccccc1=O)Nc1ccccc1OCc1ccccc1,-6.768,-5.707,8.84579063735967,12.929204499890934,0.0003399992603513,0.018168786419367224
Cc1cccc(N2CN=NN2C)c1,-6.557,-4.411,11.860413230575062,9.90062048560594,0.0003435145092835,0.018138019467929686
CCN(c1nnns1)C1CCCCC1,-5.448,-4.072,8.78505805330847,12.994744668518884,0.0003389213456886,0.017983874402035253
CN(C)CCc1c[nH]c2ccc(C(=O)NCCc3ncno3)cc12,-7.342,-5.277,8.810281720807797,13.00966563751736,0.0003305476329919,0.01787405813522067
COc1ccc(C)cc1NC(=O)Cn1nnc(-c2ccccc2C)n1,-7.665,-5.827,8.962868346684559,12.875782733488478,0.0003268345396668,0.017824765604456685
C=CCCCOP(N(CC=C)CC=C)N(C(C)C)C(C)(C)C,-4.943,-3.428,8.953390251742633,12.845754045598104,0.0003349974155283,0.017817970551087085
Cc1cccc(-c2nc(N)nc(NN)n2)c1,-7.185,-5.103,9.26811982011454,12.61612067951159,0.000317841398308,0.01751109201730886
COC1=CC=C2N=NN2C(=O)CC(C)(C(=O)N2CC(C)CC(C)C2)C=C1,-4.781,-3.443,9.048840257182132,12.809341669266225,0.0003229307233989,0.017495532297233517
CC(C)C(Nc1cccnn1)c1c(Cl)cccc1Cl,-6.066,-4.614,9.138479578135524,12.743710174042723,0.0003181779644634,0.017475121702212416
OC1C2CCC3CC2CC31,-4.558,-4.139,12.393057734070313,9.49348676725259,0.0003174823184448,0.01741199969513718
CCCCC(NC(=O)C1(c2ccccc2)CC1(C)C)C(=O)O,-6.662,-4.296,8.805629392610161,13.112761532186878,0.0003108193030125,0.017242722251108324
Cc1csc(Cc2ccccc2C(=O)NCC(C)C(=O)O)n1,-6.835,-4.949,9.086218850545038,12.850134007083351,0.0003075565405956,0.01721145137958818
CCC(CC)n1c(COCCC(C)C)nnc1C(C)Br,-5.55,-4.105,9.324559828753312,12.655921538947688,0.0002993132129319,0.016903363873486496
CC(C(=O)NCc1ccco1)N(C)Cc1ccccc1Cl,-6.71,-4.329,8.799529305593568,13.188392927115876,0.0002975963656231,0.016874925621619623
CC(C)c1nc(CN(C)C(C)(C)C(=O)O)cs1,-6.082,-4.362,9.353224791482347,12.672794167033569,0.0002909269367608,0.016687689498208178
N#Cc1ccccc1-n1ncc2c(Cl)nc(C3CC3)nc21,-7.446,-5.281,8.998841258739926,13.127393953104326,0.0002730897639905,0.01624680603135254
CCc1nc(C)c(S(=O)(=O)NCC2CCCN2C)[nH]1,-6.912,-4.456,8.895336362386752,13.22755929867638,0.000273592701036,0.0161909886936187
Cc1nc(Cl)ccc1C(=O)NCC(C(=O)O)C(C)C,-6.967,-4.815,9.150259122013978,12.980369370707445,0.0002724249159095,0.01618716562546852
CCCCN(CCC(=O)Nc1cccc(C#N)c1)C1CC1,-6.121,-4.296,9.008926573127344,13.137266610676669,0.0002697105869839,0.016062045008791673
CCC(C)C(C)CNc1ncnc(N)c1C#N,-6.01,-4.294,9.299144745620428,12.852643113383332,0.0002689133942948,0.01603811926782361
CCc1ccc(C(=O)N2CC(C)C(O)C2)s1,-5.937,-4.245,9.43304876484798,12.741977436803127,0.000265085926561,0.015919423593831646
Cc1nnc(SC(C)C(=O)Nc2ccc(C#N)cc2Cl)n1C1CCCCC1,-7.314,-5.457,8.913014922011518,13.313010591147291,0.0002565259978427,0.015760969802677615
CCCCC(CC)CN1Cc2c(O)cccc2N(C(C)=O)C1=O,-6.486,-4.376,9.377859883790116,12.842836836151116,0.0002576075092947,0.015704199962787355
CCNC1CCCC1(C)n1cc2c(n1)CCSC2,-5.824,-4.143,8.971927329175154,13.254116341725693,0.0002565593997863,0.01565280229110855
Cc1c(C(C)NC(C)CO)cccc1[N+](=O)[O-],-5.347,-4.462,9.1468110289871,13.098955072829284,0.0002535084895848,0.01558587559647557
CC(O)(CNC(=O)c1ccc(Cl)cc1Cl)C(=O)O,-6.757,-5.015,9.328010988415484,12.953567848280256,0.0002479719430148,0.015459933948757327
CNC(CC1CCCN1CC1CCC1)c1ccccc1,-6.34,-4.1,9.243764655160795,13.028679787300016,0.0002493588919131,0.015428050519184559
CCCCCCCCOC(=O)COCCCCCC,-4.954,-3.229,9.321933812251618,12.999269633329405,0.0002419042139038,0.015124978609233895
CC(C)(C)c1ccc(C2OC(=O)C(c3ccccc3)=[N+]2[O-])cc1,-7.091,-5.291,9.291305236617728,13.14089757208388,0.0002256809467646,0.014770173286103
CC1=C(C(=O)Nc2ccc(C)c(Br)c2)C(c2ccco2)n2ncnc2N1,-7.518,-5.582,9.2862415432725,13.161585428815178,0.0002234861590871,0.014720670489610337
O=C(NCC(=O)N1CCCc2ccccc21)c1cccnc1Cl,-7.662,-5.479,9.255405879808835,13.263240667348231,0.0002137995754313,0.014390333403721145
CCC(C)C(C)NC(=O)N(CC)CCCC(=O)O,-5.581,-4.135,9.389669323250953,13.155691772004998,0.00021030169374,0.014171016678322965
c1ccc(CC2CCCN(Cc3ccco3)C2)nc1,-6.651,-4.6,9.245555256446202,13.42499236498852,0.0001944327313977,0.013659588480631849
CC(=O)N1c2ccccc2NC(=O)CC1c1ncon1,-5.054,-4.049,9.58057268643164,13.104298569553428,0.0001927865021381,0.013561847290240677
CCOC(=O)CC(C#N)(NC1CCCCC1)C1CC1,-5.918,-3.966,9.248774891843784,13.500285848825571,0.0001851231919158,0.013283687141276883
CCn1nc(C)c(C=C(C#N)C#N)c1C,-5.976,-4.082,9.51067721037782,13.553432111461657,0.0001520918514398,0.012047860390898998
CC1(CONC(C)(C)CO)CC1,-4.366,-3.896,9.9743975256654,13.200388213988251,0.0001419857707188,0.01162915903690433
O=C(CN1CCCCCC1)N1CCCC1C1CC2CC(C2)C1,-4.342,-3.249,10.091205378942597,13.525158002773942,0.0001077502849552,0.01009552689007551
COc1ccc(S(=O)(=O)N(Cc2ccco2)c2nc(C)nc(C)c2C#N)cc1,-6.947,89.71,12.366711325166444,2.95911101515303,0.0068415888015886,0.0
