Agent,Prior,Target,Score,SMILES,SMILES_state,Bridge_Affinity,Bridge_Affinity (raw),QED,QED (raw),MW,MW (raw),step
32.8487,32.8487,-9.5725,0.1939689,CC(=O)OC(C)CCN(CCCCNC(=O)OC(C)(C)C)C(=O)OC(C)(C)C,1,0.1288742,0.1289,0.3573605,0.3574,0.9998738,402.5320,1
40.4500,40.4500,11.0178,0.4288984,COc1cccc(C(=O)COC(=O)c2sc3nc(C(C)(C)C)cc(-c4ccccc4)c3c2N)c1,1,0.4364514,0.4365,0.2766599,0.2767,0.9122229,474.5820,1
33.5866,33.5866,-14.6648,0.1576817,CC1COc2ccc(Cl)cc2CN1C(C)C(=O)NC1CCCC1,1,0.0731734,0.0732,0.9197521,0.9198,0.9999997,336.8630,1
47.7075,47.7075,-36.0562,0.0970942,CC=C(C)C1C(=O)OC2CC(C)(C)C(C)=C(C)C21O,1,0.0416593,0.0417,0.5847650,0.5848,0.9999734,264.3650,1
24.9735,24.9735,-20.5743,0.0366604,CCCCSc1ccc(OC)cn1,1,0.0106482,0.0106,0.5349105,0.5349,0.9873425,197.3030,1
45.9662,45.9662,2.5944,0.4046719,CC(C)N1CCN(C)C(CC(=O)Oc2cc(Cl)cc3ncnc(Nc4ccc(F)c(Cl)c4)c23)C1,1,0.4237581,0.4238,0.3668857,0.3669,0.3565682,506.4090,1
33.8877,33.8877,-16.9260,0.1413481,COc1ccc(OC)c(C(C)NC(=O)Cc2cc(-c3ccc(C)cc3)[nH]n2)c1,1,0.0689882,0.0690,0.6542450,0.6542,0.9999849,379.4600,1
44.0600,44.0600,-4.8266,0.3269445,COCCN1CC(Cc2cn(-c3ccccc3)nc2-c2cccc3ccccc23)(C(=O)O)CCC1=O,1,0.2712948,0.2713,0.3967632,0.3968,0.8195710,483.5680,1
60.9146,60.9146,-28.0306,0.2740338,CCC(=NOCS(C)(=O)=O)c1nc(SC)n(-c2ccc(O)c(F)c2)c1C(=O)OC(C)(C)C,1,0.2405592,0.2406,0.2598788,0.2599,0.7584836,487.5750,1
41.4080,41.4080,15.7971,0.4767090,Cc1cc(NS(=O)(=O)c2ccc3oc(=O)oc3c2)ccc1C(=O)N(C)CC(C)(C)O,1,0.4000185,0.4000,0.6088430,0.6088,0.9976135,434.4700,1
29.5650,29.5650,16.4413,0.3833864,CCC1(C)NC(=O)N(NC(=O)c2ccc(Cl)o2)C1=O,1,0.2691452,0.2691,0.8189002,0.8189,0.9999962,285.6870,1
30.1942,30.1942,-0.2179,0.2498027,CCNC(=O)C1CCCN1C(=O)Nc1ccc(OC)c(OC)c1,1,0.1435925,0.1436,0.8670101,0.8670,0.9999999,321.3770,1
31.0421,31.0421,12.2324,0.3606207,O=C(CC(F)(F)F)Nc1ccc2cccc(O)c2n1,1,0.2414643,0.2415,0.8815992,0.8816,0.9999844,270.2100,1
27.7536,27.7536,-13.8953,0.1154851,C=Cc1ccc(Nc2ccc(C)c(N)c2)cc1,1,0.0492688,0.0493,0.7742103,0.7742,0.9989352,224.3070,1
27.7918,27.7918,-9.2018,0.1549167,CCCn1ncc(OCCC(=O)NC)c1C(N)=O,1,0.0768331,0.0768,0.7097197,0.7097,0.9999326,254.2900,1
33.3757,33.3757,46.0707,0.6620537,COc1c(C(=O)N2CC(c3nn[nH]n3)C2)sc2ccccc12,1,0.5924942,0.5925,0.7944592,0.7945,0.9999998,315.3580,1
29.3270,29.3270,15.1308,0.3704821,CCc1ccccc1N(CC(=O)Nc1ccc2c3c(cccc13)CC2)S(C)(=O)=O,1,0.2711348,0.2711,0.6725672,0.6726,0.9997808,408.5230,1
29.2992,29.2992,13.2489,0.3545674,O=C(CSC1CC(=O)N(c2ccccc2)C1=O)Nc1ccc2c(c1)OCO2,1,0.2425647,0.2426,0.7972657,0.7973,0.9999762,384.4130,1
76.5296,76.5296,-52.4598,0.2005820,CC=CC(=CC=Cc1sc2cc(-c3c(C)ncc(N)c3C3CCCC3)ccc2[n+]1CCCS(=O)(=O)O)C(C)(C)C,1,0.4981886,0.4982,0.1539948,0.1540,0.0005836,580.8400,1
55.1202,55.1202,-26.8746,0.2353799,Cc1noc(C2C(c3ccc(C(=O)N(C)C4CCCCC4)cc3)C(COc3ccc(F)cc3)CN2C(=O)c2cccnc2)n1,1,0.6837283,0.6837,0.2458131,0.2458,0.0001237,597.6910,1
28.8687,28.8687,49.3318,0.6516705,CS(=O)(=O)Nc1ccc(CC(=O)Nc2cccc(OCc3cccnc3)c2)cc1,1,0.6297151,0.6297,0.5931963,0.5932,0.9997121,411.4830,1
26.3421,26.3421,-16.1685,0.0847800,C1=CCC(CN(Cc2ccccc2)c2ccccc2)CC1,1,0.0327197,0.0327,0.6912515,0.6913,0.9999920,277.4110,1
59.6791,59.6791,-28.5980,0.2590091,CCC1Cc2cc(C(=O)NCc3cc(C)c(F)c(F)c3)cc(F)c2N1S(=O)(=O)c1ccc(OCC2CC2)c(C)c1,1,0.5127141,0.5127,0.3429700,0.3430,0.0012403,572.6490,1
52.3865,52.3865,-17.6218,0.2897059,Cc1nc2cc(CN3CCN(CC4CCC(NC(=O)c5ccc6nc(C(C)C)[nH]c6c5)CC4)c4ccccc43)ccc2o1,1,0.7228137,0.7228,0.2179121,0.2179,0.0008508,576.7450,1
55.1914,55.1914,-55.1914,0.0000000,CCCc1cc(Nc2c3c(ccn2C)cnc2c3[nH]c3c2ccc(c3)OC)nn1CC,0,0.0000000,0.0000,0.0000000,0.0000,0.0000000,0.0000,1
37.0874,37.0874,-18.3445,0.1561905,CN(C)CCCc1ncc(-c2ccc(NC(=S)NC(=O)c3c(Cl)cccc3Cl)cc2)cn1,1,0.0922074,0.0922,0.4528418,0.4528,0.7435204,488.4440,1
38.7136,38.7136,-19.7715,0.1578504,O=C1CN(CC2CC2)C(=O)C12CCC=CN2c1ccncc1,1,0.0763261,0.0763,0.7977616,0.7978,0.9999987,297.3580,1
31.8438,31.8438,-3.5682,0.2356296,CC(NC(=O)Cn1c(-c2cccc(F)c2)n[nH]c1=S)c1ccco1,1,0.1406724,0.1407,0.6956934,0.6957,0.9999993,346.3870,1
54.0011,54.0011,-33.5486,0.1704378,CCN(C)C(=O)c1ccc(-c2nc(Cc3cc(C)c(Br)cc3OC)n3c2CCC3)cc1,1,0.1009360,0.1009,0.4818530,0.4819,0.8346564,482.4220,1
32.7333,32.7333,-13.0188,0.1642874,c1ccc(-c2nc(-c3ccc4c5ccccc5n(-c5ccccc5)c4c3)nc(-n3c4ccccc4c4ccc5ccccc5c43)n2)cc1,1,0.5370022,0.5370,0.1984155,0.1984,0.0000283,613.7240,1
28.6225,28.6225,-18.6417,0.0831736,CCCNCc1ccsc1S(=O)(=O)N1CCOC2CCCC21,1,0.0304938,0.0305,0.8038727,0.8039,0.9999994,344.5020,1
30.3698,30.3698,-28.3662,0.0166964,COc1cccc2c1C(c1ccc(Br)cc1Cl)NCCC2,1,0.0030491,0.0030,0.8289084,0.8289,0.9999954,366.6860,1
42.8776,42.8776,-20.6773,0.1850026,CNC(=O)c1ccc2c(c1)C(=O)CCC21CCN(Cc2ccc(OCc3ccccc3)c(OC)c2)CC1,1,0.1205674,0.1206,0.4883892,0.4884,0.5316645,498.6230,1
46.0046,46.0046,-30.7749,0.1269138,CCCCn1ncc(CCC)c1C(=O)NC1C2CCC1CN(C(=O)OC(C)(C)C)C2,1,0.0574255,0.0574,0.7257656,0.7258,0.9994466,418.5820,1
37.3308,37.3308,-8.5283,0.2400209,COc1cccc(C2(C)CN(CCC(=O)N3CC=C(c4ccccc4)CC3)C(=O)N2)c1,1,0.1399211,0.1399,0.7776518,0.7777,0.9993964,419.5250,1
24.6973,24.6973,-18.8251,0.0489350,CCCNC1CCCC([S+](C)[O-])C1,1,0.0148514,0.0149,0.7055090,0.7055,0.9927091,203.3510,1
34.8309,34.8309,-17.4167,0.1451182,COc1cccc(CC2CCN(C(=O)c3c(C)nn(C(C)C)c3Cl)CC2)c1,1,0.0687780,0.0688,0.7542995,0.7543,0.9999605,389.9270,1
34.2645,34.2645,-29.2382,0.0418861,CCN(CC)CCCOC(C)(C)CC(O)CNC,1,0.0127397,0.0127,0.5524684,0.5525,0.9999617,260.4220,1
33.0035,33.0035,-26.3186,0.0557077,Cc1nc2n(c(=O)c1C(=O)N1CC(C)C(C(=O)O)C1)CCCC2,1,0.0168430,0.0168,0.8651762,0.8652,0.9999998,319.3610,1
25.3849,25.3849,-23.9520,0.0119404,CC(Cl)C1CC2CC21,1,0.0029164,0.0029,0.4780518,0.4781,0.1436686,130.6180,1
37.8157,37.8157,18.0286,0.4653694,CCOc1cc(C=NNCc2ccc3c(c2)OCCO3)cc(Cl)c1OCc1ccc2ccccc2c1,1,0.5882682,0.5883,0.2128301,0.2128,0.4314041,502.9980,1
36.7799,36.7799,-28.2729,0.0708921,CCOc1ccc(N2CCCN(Cc3nc4cc(NC(C)=O)ccc4o3)CC2)cc1,1,0.0255998,0.0256,0.6671251,0.6671,0.9997813,408.5020,1
37.5005,37.5005,-24.2611,0.1103284,O=C(CNC(=O)c1cc[n+]([O-])cc1)Nc1ccc(C2CCCN2)cc1,1,0.0505976,0.0506,0.5610248,0.5610,0.9999996,340.3830,1
29.9713,29.9713,12.5354,0.3542228,Cc1ccc(O)c(C(Cc2cc(Br)ccc2F)NN)c1,1,0.2638010,0.2638,0.5914460,0.5914,0.9999996,339.2080,1
24.7430,24.7430,9.0058,0.2812399,CCNC(=NCc1ccccc1Cn1cccn1)NCCCOCCOC,1,0.2225461,0.2225,0.3383888,0.3384,0.9999913,373.5010,1
42.7453,42.7453,-42.7453,0.0000000,C1N(CCCC1)c1nn(c2=CC(=CCC=2)CN(C)C)c(n1)=O,0,0.0000000,0.0000,0.0000000,0.0000,0.0000000,0.0000,1
30.3091,30.3091,52.8169,0.6927169,Cc1ccc(NC(=O)c2ccc(C(F)(F)F)cc2C(F)(F)F)cc1C(=O)O,1,0.6487299,0.6487,0.7253788,0.7254,0.9999552,391.2670,1
27.5630,27.5630,-17.4884,0.0839554,COc1cc(CN2CCC(CN(C)C)CC2)cc(Cl)c1OC,1,0.0309294,0.0309,0.8015772,0.8016,0.9999999,326.8680,1
57.4854,57.4854,-12.0054,0.3789997,Cc1cc(C2=CCOCC2)cc(N)c1C(=O)NCc1cn(C)c2ccc(-c3ccc(NS(C)(=O)=O)cc3)cc12,1,0.6438449,0.6438,0.2880826,0.2881,0.0160652,544.6770,1
21.5495,21.5495,-14.0409,0.0625720,CC(C)C(CCO)c1ccccc1,1,0.0209146,0.0209,0.7513160,0.7513,0.9311329,178.2750,1
41.5245,41.5245,3.4424,0.3747241,C=CC(=O)OC(CC)OCCCCC12CC3CC(C1)CC(c1ccccc1)(C3)C2,1,0.3869242,0.3869,0.2050610,0.2051,0.9999271,396.5710,1
45.9165,45.9165,-40.4742,0.0453526,COC(=O)CCNCc1ccc(CN(CCOCCO)CCOCOCc2ccccc2)cc1,1,0.0198525,0.0199,0.1822374,0.1822,0.9121049,474.5980,1
29.8095,29.8095,-23.4424,0.0530594,COc1cc(Cl)ccc1-c1cccnc1CCl,1,0.0161833,0.0162,0.7799663,0.7800,0.9999812,268.1430,1
36.2217,36.2217,-6.5179,0.2475319,CCn1c(=NC(=O)CCC[S+]([O-])C(C)(C)C)sc2cc(F)cc(F)c21,1,0.1487212,0.1487,0.7325853,0.7326,0.9999653,388.5050,1
28.4596,28.4596,-17.9624,0.0874763,N#Cc1c(F)c(F)c(NCC2CCCCC2)c(F)c1F,1,0.0345192,0.0345,0.6702570,0.6703,0.9999965,286.2720,1
42.1449,42.1449,-31.2717,0.0906105,c1ccc(-c2nc(-c3ccccc3)nc(-c3cc(-n4c5ccccc5c5c4ccc4c6ccccc6n(-c6ccccc6)c45)cc4c3oc3c5ccccc5sc43)n2)cc1,1,0.7410890,0.7411,0.1743201,0.1743,0.0000000,785.9320,1
28.3153,28.3153,-22.0765,0.0519899,CCOCOc1cc(OC)cc(O)c1C=O,1,0.0183616,0.0184,0.4530018,0.4530,0.9991077,226.2280,1
36.9165,36.9165,-36.9165,0.0000000,[S+](C)(CCn1c(scc1)NC(=O)C1CCC1)[O-],0,0.0000000,0.0000,0.0000000,0.0000,0.0000000,0.0000,1
25.2772,25.2772,-15.8035,0.0789477,CCCNC(C1CCCCC1)C1CC(C)CC(C)C1,1,0.0290188,0.0290,0.7367580,0.7368,0.9999760,265.4850,1
39.3020,39.3020,26.2690,0.5464253,COc1cccc2c1C(C)CC2c1nc2c(O)cccc2o1,1,0.4544056,0.4544,0.7701959,0.7702,0.9999985,295.3380,1
27.5661,27.5661,-13.4145,0.1179303,CS(=O)(=O)N1CCC(OC(=O)c2ccc(F)cc2)CC1,1,0.0504322,0.0504,0.7918590,0.7919,0.9999991,301.3390,1
32.1542,32.1542,0.3609,0.2709594,N#Cc1ccc(S(=O)(=O)NC(Cc2cccc(C(F)(F)F)c2)C(=O)O)cc1,1,0.1663661,0.1664,0.7777012,0.7777,0.9999140,398.3620,1
26.7451,26.7451,-13.8625,0.1073553,CCN1CCC(CNS(=O)(=O)c2cnc(N)c(Cl)c2)CC1,1,0.0432316,0.0432,0.8488109,0.8488,0.9999998,332.8570,1
37.0990,37.0990,25.4725,0.5214288,O=CNc1cc(F)ccc1-c1ccnc(NC(=O)c2ccc(F)cc2)c1,1,0.4395399,0.4395,0.6846699,0.6847,0.9999986,353.3280,1
24.2556,24.0780,-11.6179,0.1038338,CC1CCN(c2cccc(C(C)O)c2)CC1,1,0.0415483,0.0415,0.8262744,0.8263,0.9983168,219.3280,2
27.5753,27.3943,-16.2798,0.0926211,CC(C)COCCC(N)c1ccc(CC(C)C)cc1,1,0.0366856,0.0367,0.7208080,0.7208,0.9999710,263.4250,2
86.0070,86.0566,-86.0565,0.0000003,Cc1cc([N+](=O)[O-])c(C(=O)N(C(=O)OC(C)(C)C)C2CCCc3cccnc32)cc1C(=O)NC(=CS(=O)(=O)c1cccc(S(=O)(=O)C(C)C)c1)C(=O)O,1,0.0000000,0.0000,0.1558611,0.1559,0.0000000,770.8390,2
34.6783,34.6828,0.9606,0.2970284,CN1C(=O)C2Sc3[nH]c(=O)sc3C(c3cc(Cl)ccc3OCc3cccc(Cl)c3)C2C1=O,1,0.2480796,0.2481,0.5248975,0.5249,0.3355010,507.4200,2
63.9575,63.5364,-41.7170,0.1818284,CCCCPC(Cc1cccc(CC(O)POC)c1)C(C)c1cc2c(cc1OC)OCO2,1,0.1264491,0.1264,0.2949148,0.2949,0.8786459,478.5060,2
39.3833,39.2826,10.4546,0.4144768,CCOC(=O)C1CCN(CCC(c2ccccc2)S(=O)(=O)c2cccc3ccccc23)CC1,1,0.3620621,0.3621,0.4372418,0.4372,0.9595724,465.6150,2
35.8576,35.7271,-31.0822,0.0387072,CC(CC1COCCN(Cc2cnn(-c3ccccc3)c2)C1)C(N)=O,1,0.0099991,0.0100,0.8691459,0.8691,0.9999995,342.4430,2
36.4823,35.9904,-30.7867,0.0433643,CCCCCCc1ccc(CON=C(C)CCC(C)CCCC(C)CCCC(C)C)cc1,1,0.0208063,0.0208,0.1183574,0.1184,0.9944029,443.7600,2
38.7120,38.5072,-17.5670,0.1745020,CCOC1CN(C(=O)C(N)C(C)CC)C2CCCC12,1,0.0871945,0.0872,0.8265977,0.8266,0.9999816,268.4010,2
60.5939,60.5448,-3.0847,0.4788341,COc1nc(Cl)c(-n2ccc(C)c(C3CNC(C)(C)C4CN34)c2=O)c(OC)n1,1,0.4018116,0.4018,0.6121865,0.6122,0.9998280,405.8860,2
47.0733,47.6903,37.1704,0.7071727,Cc1cc2c(cc1NC(=O)N1CC(C)OC(C)C1)C(=O)N(C1CCCN(Cc3ccccc3)C1)C2=O,1,0.7224496,0.7224,0.6577790,0.6578,0.7037883,490.6040,2
30.2312,30.2949,10.7948,0.3424143,CCn1ncc(NCc2cc(Br)ccc2O)c(Br)c1=O,1,0.2286192,0.2286,0.8239373,0.8239,0.9998673,403.0740,2
25.5257,25.3733,-5.5078,0.1655462,CCOC(=O)c1c(C)c2ccc(OC)cc2oc1=O,1,0.0875247,0.0875,0.6268249,0.6268,0.9999677,262.2610,2
70.1249,70.2731,-70.2731,0.0000003,COc1cc(C(=O)N(Cc2ccc(OCc3[nH]cnc3CSC3=C(C(=O)O)N4C(=O)C(OC)C4C3C)cc2)c2ccccc2)cc(OC)c1OC,1,0.0000000,0.0000,0.1550723,0.1551,0.0000000,714.7970,2
56.2703,56.2582,-56.2582,0.0000000,c1ccc(-c2c3c(c(c4c2cc(n2n4c2c(=O)c2cc(C(C)(C)C)ccc2c3=O)C(C)(C)C)C(C)(C)C)C)cc1C(C)(C)C,0,0.0000000,0.0000,0.0000000,0.0000,0.0000000,0.0000,2
29.3326,29.1161,-14.1441,0.1247668,COCc1cccc(-c2nc(C(=O)O)n[nH]2)c1,1,0.0539177,0.0539,0.8308749,0.8309,0.9995315,233.2270,2
31.6554,31.3999,-6.3030,0.2091412,O=C(O)C1CCCCN(C(=O)CNc2ccc(C(F)(F)F)cc2)C1,1,0.1108894,0.1109,0.8812152,0.8812,0.9999994,344.3330,2
27.4271,27.3990,-19.2444,0.0679557,CCC(C)N(CC)C(=O)c1cc(Br)cc(C(F)(F)F)c1,1,0.0231532,0.0232,0.7673502,0.7674,0.9999987,352.1940,2
34.0532,33.9336,11.0435,0.3748097,COCc1cc(Cc2csc(Nc3ncccn3)n2)no1,1,0.2674273,0.2674,0.7478833,0.7479,0.9999993,303.3470,2
28.8393,28.7312,-17.1513,0.0964992,COc1ccc(OCCCCNC(=O)Nc2ccc3c(c2)OCO3)cc1,1,0.0391100,0.0391,0.7073136,0.7073,0.9999979,358.3940,2
47.3052,47.0568,-27.5006,0.1629684,CCN(C)C(=O)C1C(=NC)CC2C3CCC4CC(=O)CCC4(C)C3CCC12C,1,0.0826814,0.0827,0.7072869,0.7073,0.9999710,386.5800,2
32.3928,32.7242,29.1058,0.5152497,CN(Cc1cccnc1Cl)C(=O)c1ccc(-c2ccc(F)c(Cl)c2)o1,1,0.4496670,0.4497,0.5956257,0.5956,0.9999853,379.2180,2
26.4606,26.1761,-26.1761,0.0000002,CCCCCCCCCCCCCC(=O)OCC(COC(=O)CCCCCCCCCCCC)OC(=O)CCCCCCCCCCCCCCCCCCCCC(C)CC,1,0.0000000,0.0000,0.0344321,0.0344,0.0000000,863.4470,2
39.1841,39.6292,-8.4210,0.2600686,O=C(C1CC1c1cccc(F)c1)N(Cc1cc2cc3c(cc2[nH]c1=O)OCO3)C1CCCCC1,1,0.1707141,0.1707,0.5878557,0.5879,0.9692891,462.5210,2
27.1167,27.0292,-16.3787,0.0887545,NC(=O)c1cc(NCC(=O)NC2CC2)ncc1N,1,0.0371491,0.0371,0.5573840,0.5574,0.9998931,249.2740,2
27.9922,27.8748,-25.1538,0.0226752,CCCCCCCC=CCCCCCCCCc1cc(OC)cc(OC)c1,1,0.0070503,0.0071,0.2037194,0.2037,0.9999903,374.6090,2
35.0912,34.9755,0.3808,0.2946356,CCCNC(=O)CNC(=O)C(CC)N(Cc1ccc(F)cc1)C(=O)Cc1ccc(Cl)cc1,1,0.2092729,0.2093,0.5374905,0.5375,0.9707773,461.9650,2
31.5696,31.3876,14.1653,0.3796071,CC(C)CNCC1CCCN(C(=O)C=Cc2cccc(F)c2)C1,1,0.2656179,0.2656,0.8161523,0.8162,0.9999998,318.4360,2
29.6066,29.6096,-1.2394,0.2364185,CCCCOc1ccc(C(=O)N(Cc2cccnc2)Cc2cccnc2)cc1OC,1,0.1586326,0.1586,0.4645902,0.4646,0.9998341,405.4980,2
26.5308,26.8005,-26.8005,0.0000002,CCCCCCCC=CCC=CCC=CCCCCCCCCCCCCCCCCCCCCC(=O)OC(CO)COC(=O)CCCCCCCCCCCC=CCCCCCCCCCC,1,0.0000000,0.0000,0.0373550,0.0374,0.0000000,953.6160,2
24.6455,24.6166,-12.7048,0.0992648,Cc1nc2nc(C(=O)O)nn2c(C)c1C,1,0.0401676,0.0402,0.7441045,0.7441,0.9943849,206.2050,2
34.8391,34.8573,-2.4103,0.2703914,CC(C)N1CCC(CC2(NC(N)=O)CCCCC2)C1,1,0.1632707,0.1633,0.8218457,0.8218,0.9999799,267.4170,2
36.4440,36.6402,-25.2926,0.0945626,CN1CCC1c1cn(CC2CC3CCC2C3)nn1,1,0.0364397,0.0364,0.8186870,0.8187,0.9998602,246.3580,2
24.1153,23.9509,-14.7712,0.0764975,Cc1ccc(C(=O)N2CCC(Cl)C2)cc1,1,0.0285066,0.0285,0.6701437,0.6701,0.9988744,223.7030,2
39.0035,39.0563,20.0602,0.4926376,O=[N+]([O-])c1ccccc1-c1cccc(N2CCN(C(c3ccc(Cl)cc3)c3ccc(Cl)cc3)CC2)c1,1,0.7562391,0.7562,0.1961943,0.1962,0.1546283,518.4440,2
29.1028,29.3787,9.2687,0.3220617,COCCCN1C(=O)C(Nc2ccc(C(C)(C)C)cc2)=C(c2ccccc2OC)C1=O,1,0.2403024,0.2403,0.5095828,0.5096,0.9992045,422.5250,2
45.9353,45.7517,-32.0153,0.1144700,COc1ccc(C=CC(=O)OCCOCCCCOCCOC(F)(F)C(F)(F)C(F)(F)F)cc1,1,0.0922544,0.0923,0.1380250,0.1380,0.3565257,506.4110,2
49.7927,49.5189,-30.6305,0.1574033,C=CC(=O)OC1(CC2CCCCC2CC2CCC(C3CCC4CCCCC4C3)CC2)CCCCC1,1,0.1067710,0.1068,0.2666698,0.2667,0.8298866,482.7930,2
47.6865,48.0936,-27.2975,0.1733009,O=C(O)c1ccc(OCCOc2ccc(N3C(=O)CC(C(c4ccccc4)c4ccc(Br)cc4)C3=O)cc2)cc1,1,0.5093538,0.5094,0.1693511,0.1694,0.0000958,600.4650,2
32.8908,33.0725,39.6766,0.6062422,O=C(Nc1ccccc1C(=O)O)c1ccc(C(c2ccccc2)n2ccnc2)cc1,1,0.5954408,0.5954,0.5027048,0.5027,0.9999211,397.4340,2
28.1678,28.0087,-14.6367,0.1114330,CCOc1noc(COc2ccc(F)cc2)n1,1,0.0463992,0.0464,0.7986317,0.7986,0.9997041,238.2180,2
35.4754,35.3136,17.3615,0.4389594,COc1ccc(CN=C2SCCCN2Cc2cc(OC)c(OC)cc2OC)cc1,1,0.3500436,0.3500,0.6423824,0.6424,0.9995413,416.5430,2
31.0707,30.8181,-24.9675,0.0487556,CC(Br)C(=O)c1ccccc1C(=O)C(Br)CBr,1,0.0160470,0.0160,0.5266198,0.5266,0.9988069,426.9300,2
28.9772,29.2573,-17.4190,0.0986522,Nc1ccc(CN2CCOCC2CCO)c(F)c1,1,0.0391539,0.0392,0.7867502,0.7868,0.9999328,254.3050,2
32.6177,32.6422,32.0657,0.5392326,Cc1cc(O)ccc1C(=O)NN=Cc1ccc2c(c1)CCC2,1,0.4629960,0.4630,0.6750882,0.6751,0.9999983,294.3540,2
21.5441,21.4341,-15.5853,0.0487399,Clc1ncnc2c1CCNC2,1,0.0159152,0.0159,0.5835791,0.5836,0.8589515,169.6150,2
59.7275,59.9385,-32.4097,0.2294069,C[S+]([O-])CCCn1cc(-c2cc3c(cc2Nc2ccc(F)c(F)c2)OCC3c2ccc[nH]2)cn1,1,0.1706871,0.1707,0.3388605,0.3389,0.8329460,482.5560,2
32.7949,33.1250,17.8602,0.4248762,CCNC(=NCc1nc(C)c(C)s1)N1CCN(CC2CCCS2(=O)=O)CC1,1,0.3438193,0.3438,0.5810744,0.5811,0.9996498,413.6130,2
35.4555,35.7173,-26.4895,0.0768985,O=C(OCc1ccc2ccccc2c1)C12CCC1C2,1,0.0275096,0.0275,0.7787750,0.7788,0.9999192,252.3130,2
26.5519,26.5845,-16.4046,0.0848324,CNc1c(C)ncnc1N1CCC(CCO)C1,1,0.0312176,0.0312,0.8175028,0.8175,0.9996476,236.3190,2
26.8409,26.8382,-10.1924,0.1387154,CCCNC1CCS(=O)(=O)c2cc(C(C)C)ccc21,1,0.0608807,0.0609,0.9224537,0.9225,0.9999945,281.4210,2
30.3689,30.3140,-11.7741,0.1544989,CCOc1ccc(C(=O)N(CC(=O)Nc2ccc(C)c(Cl)c2)C2CC2)cc1,1,0.0747272,0.0747,0.7717192,0.7717,0.9999701,386.8790,2
32.6748,32.8541,-28.6685,0.0348798,COc1ccc(C(=O)NCC(c2cccs2)N(C)C)cc1S(=O)(=O)N1CCCC(C)C1,1,0.0094281,0.0094,0.6476981,0.6477,0.9594795,465.6410,2
37.9498,38.0664,-3.7071,0.2863275,Cc1c(NS(C)(=O)=O)cc(Br)cc1C(=O)NCCSc1ccccn1,1,0.2036446,0.2036,0.5064658,0.5065,0.9940781,444.3760,2
36.2637,36.4307,31.4387,0.5655785,O=C(NN1C(c2ccc(Cl)cc2)OC2CCCCC21)c1ccc([N+](=O)[O-])cc1,1,0.5098508,0.5099,0.6115603,0.6116,0.9998814,401.8500,2
36.0492,36.3085,30.3323,0.5553400,Cc1ccc(CN2CCN(Cc3cccc(Oc4ccccc4C)n3)CC2)o1,1,0.4910062,0.4910,0.6367854,0.6368,0.9999874,377.4880,2
29.2568,29.0257,-5.1873,0.1986538,CCCCCCCCOc1cccc(C(=O)Nc2ccccc2C(=O)NCCCOC)c1,1,0.1329926,0.1330,0.3614080,0.3614,0.9958165,440.5840,2
28.0775,28.2939,-20.9372,0.0613055,CC(NC(=O)CCc1cccc(Cl)c1)c1ccc2c(c1)CCCC2,1,0.0196680,0.0197,0.8115894,0.8116,0.9999995,341.8820,2
62.8981,63.4305,-21.6419,0.3482381,COCCNC(=O)c1ncc2cc3c(cc2c1F)OC(c1cc(Cl)cc(CCO)c1)(c1ncc(F)cn1)O3,1,0.5389068,0.5389,0.3248857,0.3249,0.0188237,542.9260,2
26.3747,26.3653,-8.1650,0.1516690,Cc1nn(-c2ccccc2)cc1CNC(=O)c1cccnc1Cl,1,0.0733992,0.0734,0.7491415,0.7491,0.9999999,326.7870,2
34.5045,34.6507,-1.5320,0.2759898,O=S(=O)(c1ccccc1)N1CCCC(c2nnc(SCc3cccc(F)c3)n2-c2ccccc2)C1,1,0.2604796,0.2605,0.3184060,0.3184,0.3108512,508.6440,2
34.1483,34.0083,6.5663,0.3381219,Cc1ccccc1N1CCN(C(c2ccc(Cl)cc2)c2cnc3sccn3c2=O)CC1,1,0.2665863,0.2666,0.4542560,0.4543,0.9891591,450.9950,2
45.4860,45.6057,24.9135,0.5876605,O=C(COC(=O)C1CC(F)CN1S(=O)(=O)c1ccc(Cl)cc1)NCc1cn2cccnc2n1,1,0.6180110,0.6180,0.4905367,0.4905,0.5928550,495.9200,2
30.0654,30.1582,-21.7118,0.0703868,CCCCOc1c(OCCCCBr)c2ccccc2c2ccccc12,1,0.0345683,0.0346,0.2249614,0.2250,0.9998868,401.3440,2
26.9943,27.5756,-11.5516,0.1335332,CCC1CC(NOCc2ccc(C)cc2)CCO1,1,0.0597608,0.0598,0.8137890,0.8138,0.9998939,249.3540,3
28.8177,29.1390,-14.0199,0.1259933,O=C(c1ccc2n[nH]nc2c1)N(c1nc2ccccc2s1)C1CC1,1,0.0593696,0.0594,0.6226772,0.6227,0.9999998,335.3920,3
28.2709,27.9857,-17.5032,0.0873537,CC(C)(C)C(=O)NC(c1ccccn1)C(F)(F)F,1,0.0317897,0.0318,0.8879963,0.8880,0.9999611,260.2590,3
24.6396,24.7200,-1.0373,0.1973564,COc1ccc(S(=O)(=O)N2CCC(C(=O)Nc3ccc(F)cc3)CC2)cc1,1,0.1031639,0.1032,0.8490230,0.8490,0.9999501,392.4520,3
37.4719,37.5568,-30.2257,0.0610927,CCC(CC)(N1CCC(N(C)C(=O)OC(C)(C)C)CC1)C(F)(F)F,1,0.0200181,0.0200,0.7498360,0.7498,0.9999987,352.4410,3
52.8285,53.5199,-15.6916,0.3152355,COc1ccc(C(=O)N(C)c2ccccc2)c(NS(=O)(=O)c2c(N3CCN(C)CC3)nc3sc(C)nn23)c1O,1,0.6828763,0.6829,0.3213452,0.3213,0.0013552,571.6850,3
26.2579,25.7123,-22.1751,0.0294772,Cc1ccoc1C(=O)OCC1CCOCC1,1,0.0071005,0.0071,0.7381550,0.7382,0.9989302,224.2560,3
45.0642,44.6090,-30.5215,0.1173959,COCC(C)OC(F)(COC(=O)C(C)CC(C)C)OC(C)C,1,0.0596027,0.0596,0.4313535,0.4314,0.9999999,322.4170,3
41.4198,41.2448,-29.7850,0.0954983,CC(C)C1C(=O)CC2C3CCC4CC(OCCN(C)C)CCC4(C)C3CCC21C,1,0.0401390,0.0401,0.6130921,0.6131,0.9998600,403.6510,3
22.6177,22.4234,-15.5063,0.0576428,CC(C)NCC(C)Oc1cccc2cccnc12,1,0.0176136,0.0176,0.8775931,0.8776,0.9998316,244.3380,3
41.7707,42.3193,27.0578,0.5781422,COc1cc(OC(=O)N2CCOCC2)ccc1C=CC(=O)Nc1ccc(C)cc1OC,1,0.5038324,0.5038,0.7119023,0.7119,0.9988564,426.4690,3
49.1643,49.4993,-18.4031,0.2591344,COc1cc(CC(=O)O)ccc1OCCCc1cc(-c2ccccc2)n2nc(C(F)(F)F)nc2c1-c1ccccc1,1,0.5247535,0.5248,0.1904281,0.1904,0.0034364,561.5600,3
34.7557,34.4047,-23.1792,0.0935461,CCOC(=O)C=C(C1COC(=O)O1)C(F)(F)F,1,0.0398964,0.0399,0.5647745,0.5648,0.9999318,254.1600,3
47.2097,47.5840,20.7927,0.5698058,CC1(C)c2ccccc2C(=NC#N)C1C1=CC(C#N)C(c2ccccc2)=C1c1ccccc1,1,0.5638432,0.5638,0.4464863,0.4465,0.9989506,425.5350,3
38.2657,38.6917,-16.7412,0.1829211,COc1cc(OC)c(Cl)c(-c2c(C)[nH]c3ncnn3c2=S)c1,1,0.0961791,0.0962,0.7422253,0.7422,0.9999997,336.8040,3
33.5545,33.5003,32.8431,0.5528619,CCOC(=O)N1CCc2[nH]c(-c3nc4ccccc4s3)cc2C1,1,0.4606529,0.4607,0.7785294,0.7785,0.9999999,327.4090,3
37.5069,38.2131,36.3799,0.6216084,Cn1cc(C=NNc2ccc([N+](=O)[O-])cc2[N+](=O)[O-])c(=O)cc1CCc1ccccc1,1,0.6921683,0.6922,0.3365111,0.3365,0.9992819,421.4130,3
36.3810,36.3512,-29.9808,0.0530867,CCOc1ccc(C=C(C(=O)OC)n2ncc(Cl)c2C(F)(F)F)cc1,1,0.0175984,0.0176,0.5831457,0.5831,0.9999902,374.7460,3
28.3392,28.2033,41.6476,0.5820911,O=c1ccc2cnc(NCCOc3ccccc3)nc2[nH]1,1,0.5116334,0.5116,0.6975890,0.6976,0.9999949,282.3030,3
42.4650,43.3340,-3.7777,0.3296362,CN(C)Cc1ccc2c(c1)C(CN(CC(=O)OC(C)(C)C)C(=O)O)C(=O)N2,1,0.2235479,0.2235,0.7368515,0.7369,0.9999875,377.4410,3
35.0764,34.4374,-30.6571,0.0315026,CC1CC2CCCCC2N2CCCC(CN1)C2,1,0.0079411,0.0079,0.6953989,0.6954,0.9996503,236.4030,3
36.5960,36.3451,32.2723,0.5718119,CCCCc1ccc(CC2SC(=NN=Cc3ccc(OC)c(O)c3)NC2=O)cc1,1,0.5456088,0.5456,0.5096170,0.5096,0.9997110,411.5270,3
37.1605,37.4419,12.5459,0.4165649,CCc1c(NC(=O)NC(C)C2CC3CCC2C3)cccc1C(=O)O,1,0.3088556,0.3089,0.7660715,0.7661,0.9999998,330.4280,3
41.5735,41.4732,-21.5535,0.1659973,Cc1ccccc1OCC(=O)N(C)C(C)c1nc2sc3c(c2c(=O)o1)CCCC3,1,0.0876435,0.0876,0.6324917,0.6325,0.9996836,412.5110,3
29.1453,28.9292,-24.5243,0.0367078,N#CC1C2CC3CC(=O)CCC3C12,1,0.0106373,0.0106,0.5625460,0.5625,0.9108340,175.2310,3
45.8995,46.5561,-46.5561,0.0000000,c1cc2c(=O)n(Nc3ccc(cc3)F)c(C(C)(C)C)n(c2cc1)-c1cc(c(cc1)F)Cl,0,0.0000000,0.0000,0.0000000,0.0000,0.0000000,0.0000,3
32.5333,32.8471,-17.7997,0.1253950,COC(=O)c1cnc(-c2ccccc2)c(CC#N)c1O,1,0.0537093,0.0537,0.8634398,0.8634,0.9999814,268.2720,3
40.1417,39.9933,20.0168,0.5000843,O=C(c1cccc(COc2cc(F)c(F)cc2Br)c1)N1CCN(c2nccs2)CC1,1,0.4893514,0.4894,0.4818473,0.4818,0.6270008,494.3610,3
38.8760,39.6313,-35.3778,0.0354454,CC1(C)CN(Cc2ccccc2)C(c2cccc3ccn(-c4ccccc4)c23)N1,1,0.0103107,0.0103,0.5026793,0.5027,0.9999818,381.5230,3
40.0557,41.0015,-19.0306,0.1830905,CC(N)c1ccccc1Oc1ccc(C(=O)NC2CCCC2S(C)(=O)=O)cc1,1,0.0951929,0.0952,0.7731102,0.7731,0.9998739,402.5160,3
41.2821,41.1725,18.2289,0.4950120,CCc1ccc(S(=O)(=O)N=C2Oc3ccc(N(CC)CC)cc3C2C)cc1,1,0.3992371,0.3992,0.7392248,0.7392,0.9999711,386.5170,3
49.6983,50.1061,-15.1922,0.2909489,CNC(=O)c1cc(F)cc2c1CCC2NC(=O)c1ccc(-c2ccc3c(c2)CCO3)c(OC)c1,1,0.1992584,0.1993,0.5980888,0.5981,0.9743599,460.5050,3
49.5964,48.9798,6.5360,0.4626317,Cc1cc(C)c(-c2cn(Cc3ccccc3F)cn2)nc1C(=O)NS(=O)(=O)c1ccccc1[N+](=O)[O-],1,0.5609980,0.5610,0.2956280,0.2956,0.2938551,509.5190,3
33.2899,33.1506,28.9444,0.5174582,NCCCCCc1nc2ccccc2n1Cc1cn2cc(Br)ccc2n1,1,0.4859530,0.4860,0.4638355,0.4638,0.9996886,412.3350,3
51.8459,51.3714,-51.3714,0.0000000,c12Cc3c(N)c(N)c(cc3NC(c1ccc1n2cc[nH]1)=O)F,0,0.0000000,0.0000,0.0000000,0.0000,0.0000000,0.0000,3
25.9350,26.2210,-14.5729,0.0970674,Nc1ccc(F)cc1C(=O)N(Cc1ccco1)C1CC1,1,0.0371494,0.0371,0.8720429,0.8720,0.9999893,274.2950,3
26.4159,26.3819,19.4959,0.3823151,COC(=O)c1cccc(Nc2cc(N3CCCCC3)ncn2)c1C,1,0.2635097,0.2635,0.8695990,0.8696,0.9999999,326.4000,3
26.5541,26.5295,-18.1224,0.0700590,N=C(N)c1ccncc1NC=O,1,0.0318076,0.0318,0.3315636,0.3316,0.7866620,164.1680,3
71.7920,72.4031,-43.8137,0.2382450,C=CS(=O)(=O)N1CCC(C(C)NCCOC2C3CN(CC4(F)CC(C)(C)C4)CC3CCC2C(C)(C)C)CC1,1,0.3540129,0.3540,0.3816939,0.3817,0.0058033,555.8450,3
26.1228,25.7817,-15.3560,0.0868803,COc1ncccc1-c1ncc(CN)cn1,1,0.0321882,0.0322,0.8282336,0.8282,0.9977651,216.2440,3
22.2960,21.9706,-16.5743,0.0449692,CC(CO)Sc1nncs1,1,0.0133495,0.0133,0.6981593,0.6982,0.9182789,176.2660,3
58.3085,58.7699,-14.3976,0.3697691,CC(C)n1nnc2ccc(-c3cccc(NCCN(C)C)c3Nc3nccc(-c4ccc5c(cnn5C)c4)n3)cc21,1,0.6747175,0.6747,0.2367629,0.2368,0.0133914,546.6830,3
57.4520,57.4550,-17.1472,0.3358978,CC(N)=NN=C(N)c1ccnc(N)c1C=Cc1ccccc1OCc1ccc(F)c(F)c1F,1,0.3265138,0.3265,0.2165855,0.2166,0.9851494,454.4560,3
34.2538,34.0533,-7.4338,0.2218296,CCOC(=O)C1(O)CCC(=O)N(Cc2ccccc2)N1,1,0.1245832,0.1246,0.7870282,0.7870,0.9999926,278.3080,3
30.5769,31.1095,-11.7525,0.1613087,CCCCCCOc1ccccc1C(=O)NC(=S)Nc1ccc(C(=O)NC2CC2)cc1C,1,0.0998574,0.0999,0.3495131,0.3495,0.9862499,453.6080,3
50.8749,50.5672,-28.1228,0.1870374,CN1CCc2ccc(N3CCN(P(=O)(O)c4ccccc4)CC3)c(C3CCCCCC3)c2C1,1,0.1107043,0.1107,0.5197277,0.5197,0.9518782,467.5940,3
47.3011,47.6549,-47.6549,0.0000000,n1c2c3c(nc4ccccc42)c2c(ccc4n(c5ccc6c(cccc6)c5c2n4c3c1)-c1ccccc1)-c1ccccc1,0,0.0000000,0.0000,0.0000000,0.0000,0.0000000,0.0000,3
32.7307,33.1705,-4.1575,0.2417750,CCC1CN(C(=O)c2ccccc2N2CCOCC2)c2ccccc21,1,0.1374967,0.1375,0.8571053,0.8571,0.9999997,336.4350,3
33.2328,34.0246,-21.0272,0.1083118,COc1cccc2c(C(=O)NCCCN3CCC4(CC3)OCCO4)csc12,1,0.0450382,0.0450,0.7688721,0.7689,0.9999583,390.5050,3
28.9054,29.0835,21.1145,0.4183169,Cc1cc(C(=O)NC2CCC(O)CC2)ccc1-n1cnnn1,1,0.2984422,0.2984,0.8820975,0.8821,0.9999991,301.3500,3
103.5234,104.2721,-104.2720,0.0000003,COc1c(Sc2c(-c3ccc4c(c3)S(=O)(=O)c3sccc3S4)sc3ccsc23)sc2c(-c3cc4ccccc4oc3=O)c(-c3ncc(-c4sccc4Cc4ccc5c(=O)ssc5c4)s3)sc12,1,0.0000000,0.0000,0.1032327,0.1032,0.0000000,1082.5060,3
30.2257,29.7954,-16.8042,0.1082593,CC(=O)c1cn(C)c2cc(C(=O)N(C)C)ccc12,1,0.0451748,0.0452,0.7589749,0.7590,0.9998309,244.2940,3
39.4403,40.2704,42.1383,0.6867393,Cc1ccc(S(=O)(=O)NC2CC(C(=O)NCCO)N(Cc3ccc4c(c3)CCC4)C2)cc1,1,0.6924874,0.6925,0.5582719,0.5583,0.9802673,457.5960,3
33.1441,33.5772,-24.9256,0.0720963,CCC(=O)Nc1cc([N+](=O)[O-])c(OCCOC)cc1N,1,0.0318141,0.0318,0.3391556,0.3392,0.9999954,283.2840,3
29.5173,29.2811,-20.1883,0.0757734,COc1cc(N)cc([N+](=O)[O-])c1OC(C)C#N,1,0.0308981,0.0309,0.4818289,0.4818,0.9996755,237.2150,3
29.5233,28.8750,-11.9318,0.1411934,Fc1cc(-c2nnnn2CC2CCCO2)ccc1Br,1,0.0635189,0.0635,0.8687824,0.8688,0.9999999,327.1570,3
27.2128,26.9217,-13.7255,0.1099681,C#CC(C)(C)N1CCN(C(=O)C(C)C)CC1,1,0.0481812,0.0482,0.6554486,0.6554,0.9987231,222.3320,3
39.4420,39.5586,-32.7627,0.0566327,CNCNC(=O)N=C(N)N(C)c1ccco1,1,0.0218237,0.0218,0.3795731,0.3796,0.9990239,225.2520,3
28.1264,28.1407,-9.7190,0.1535144,CCc1cc2c(s1)CCOC21CCN(C(=O)CCc2ccc(OC)cc2)CC1,1,0.0746375,0.0746,0.7506155,0.7506,0.9999040,399.5560,3
46.9087,47.1815,35.2760,0.6871463,Cc1ccc(CC2Cc3cc(-c4cnc(C(C)NC(=O)c5ccc(C)s5)[nH]4)ccc3O2)cc1,1,0.7707395,0.7707,0.3849447,0.3849,0.9802620,457.5990,3
26.1104,25.9308,-14.8246,0.0925524,CN1CC(C)(O)CC1C(=O)O,1,0.0418260,0.0418,0.5425182,0.5425,0.6997210,159.1850,3
42.6111,43.1732,-26.8506,0.1360217,COc1ccc2c(c1)CCN(c1ccccc1CN1C=CCc3ncccc31)C2,1,0.0653905,0.0654,0.6512429,0.6512,0.9999781,383.4950,3
33.8462,34.2823,-21.8128,0.1039128,CC(=O)c1cc(N2CCC(NC(=O)C3CC3)C2)ccc1Cl,1,0.0409740,0.0410,0.8700963,0.8701,0.9999995,306.7930,3
72.3719,72.3400,-72.3400,0.0000003,CNC(=O)C1(Cc2ccccc2)CN(S(=O)(=O)c2ccccc2C(F)(F)F)CC1C1CCC2CN(C(=O)c3cc(Cl)cc(C(F)(F)F)c3)CCN21,1,0.0000000,0.0000,0.3009210,0.3009,0.0000000,757.1970,3
30.8431,31.2230,32.7919,0.5334571,N#Cc1nc(-c2ccc3cccc(F)c3c2)cs1,1,0.4592113,0.4592,0.6583668,0.6584,0.9999326,254.2890,4
25.4458,24.9152,-12.8332,0.1006836,O=c1ccc(-c2ccccc2)nn1-c1cccnc1,1,0.0416833,0.0417,0.6997637,0.6998,0.9998931,249.2730,4
48.6525,49.4084,-49.4082,0.0000011,Cn1cncc1CC(NC(=O)C1CC2(CCC2)CN1C(=O)C(CC1(C)CCCCC1)NC(=O)OC(C)(C)C)C(=O)O,1,0.0000000,0.0000,0.4099395,0.4099,0.0011223,573.7350,4
35.3672,36.3993,-29.9986,0.0533392,Cc1cc(NCC(C)N(C)CC(C)C)c(F)c(C(F)(F)F)n1,1,0.0161610,0.0162,0.8046236,0.8046,0.9999999,321.3620,4
75.0578,75.0329,-34.9425,0.3340866,COCC(=O)NCc1cnn2cccc(OC(c3c(F)cccc3F)C(C)c3o[n+]([O-])c4ccc(C)cc34)c12,1,0.4889501,0.4890,0.2785783,0.2786,0.0334076,536.5350,4
55.9474,56.2376,-37.3829,0.1571219,CC(C)(C)c1cc(C=Cc2ncc(Nc3ccc4c5c3CCCN5CCCS4)s2)cc(C(C)(C)C)c1O,1,0.1504436,0.1504,0.3515249,0.3515,0.0425440,533.8070,4
33.1188,33.3794,0.3881,0.2813961,O=C(O)NN(Cc1cc(C(F)(F)F)cc(C(F)(F)F)c1)Cc1cc(C(F)(F)F)cc(C(F)(F)F)c1,1,0.3298196,0.3298,0.3265520,0.3266,0.0687607,528.2930,4
46.5094,46.8946,-19.3226,0.2297664,O=C(O)CCC1CC(Br)CN(S(=O)(=O)c2cc(Br)oc2Br)C1,1,0.1973422,0.1973,0.5973187,0.5973,0.0986081,524.0250,4
31.0870,31.1492,28.4285,0.4964806,N#Cc1ccnc(N2CCN(c3ccc(F)cc3)C(=O)C2)c1,1,0.3853073,0.3853,0.8495453,0.8495,0.9999986,296.3050,4
38.4659,38.9014,17.9046,0.4733831,O=C1OCc2cc(Cl)ccc2N(C(=O)OCc2ccccc2)N1CCc1ccccc1,1,0.4137618,0.4138,0.5224993,0.5225,0.9970180,436.8950,4
68.9026,70.8768,-46.9861,0.1990885,Cc1cccnc1CN(C)Cc1cccc(C2(O)Cc3cc(CNC45CC(C(=O)O)(C4)C5)ccc3N(S(=O)(=O)N(C)C)C2)c1,1,0.6807485,0.6807,0.2989873,0.2990,0.0000162,619.7880,4
27.7120,27.1397,-19.2422,0.0658129,COc1c(CN)ccc(N)c1C#N,1,0.0234748,0.0235,0.6478596,0.6479,0.9245514,177.2070,4
27.5965,27.7070,-13.0436,0.1221950,NC(COc1ccc2ccccc2n1)C(=O)O,1,0.0525034,0.0525,0.8217174,0.8217,0.9994869,232.2390,4
65.8967,64.9277,-57.6913,0.0603030,C=CC1CCC2CC=C3C(=Cc4ccc(CCCCC)cc4F)C(F)CC4(C)C3CCC4C(C)(C)OC2C1,1,0.0362121,0.0362,0.2667781,0.2668,0.1094239,522.7640,4
32.6148,32.9577,-11.5145,0.1786934,COc1cccc(CN2CCC(O)(COc3cccc(S(C)(=O)=O)c3)CC2)c1,1,0.0922958,0.0923,0.7628561,0.7629,0.9998338,405.5160,4
25.7006,25.5131,-12.1363,0.1114732,Cc1ccc(S(=O)(=O)NC2CCC2N)cc1,1,0.0460881,0.0461,0.8191141,0.8191,0.9997563,240.3280,4
27.0583,27.2600,-9.4719,0.1482343,c1ccc(ON=[N+](c2ccccc2)c2ccccc2)cc1,1,0.0865867,0.0866,0.3746849,0.3747,0.9999903,275.3310,4
38.8054,39.6870,-39.6870,0.0000000,c1(sccc1)CC(=O)N1C[C@H]2CN(C(=O)c3cn4c(nc3)cccc4)C[C@H]2C1,0,0.0000000,0.0000,0.0000000,0.0000,0.0000000,0.0000,4
59.2341,58.7302,-58.7302,0.0000002,C=CC(=O)OCCCCCCCCCOc1cccc(OC(=O)c2ccc(C(=O)Oc3ccc(OCCCCCCCCOC(=O)C=C)c(C=NN(CC)CCCCCC)c3)c3ccccc23)c1,1,0.0000000,0.0000,0.0108733,0.0109,0.0000000,933.1960,4
33.1002,32.7999,-32.7997,0.0000017,[C+]#CC(O)C#CC#CCO,1,0.0000000,0.0000,0.3263156,0.3263,0.1744874,133.1260,4
29.5963,29.8424,0.1608,0.2500273,FC(F)(F)c1ccc(-c2nc3c(c(-c4cccnc4)n2)CCNC3)cc1,1,0.1494416,0.1494,0.7573338,0.7573,0.9999982,356.3510,4
50.3848,48.3196,-18.6356,0.2473668,Cc1cc(C)c(COC(COCc2ccccc2)C(C)NC(=O)C(C)(C)C)c(C)c1C,1,0.1595674,0.1596,0.5709948,0.5710,0.9989430,425.6130,4
32.7307,32.9827,-2.8661,0.2509717,C=CCOc1ccc(N2CCN(C)CC2)c2nc(C)ccc12,1,0.1473146,0.1473,0.8114529,0.8115,0.9999987,297.4020,4
42.5452,42.5022,-20.3332,0.1847415,CCOC(=O)c1c[nH]c(-c2ccnc(Nc3cc(C(F)(F)F)ccc3N3CCOCC3)c2)c1,1,0.1088592,0.1089,0.5121643,0.5122,0.9744725,460.4560,4
26.0192,25.7725,-7.7194,0.1504425,Cc1sccc1C(O)c1occc1Br,1,0.0686715,0.0687,0.9081077,0.9081,0.9999881,273.1510,4
25.6642,25.3681,-9.7602,0.1300661,CCCC1CCN(Cc2ccc(CCN)cc2)C1,1,0.0571145,0.0571,0.8360603,0.8361,0.9998607,246.3980,4
30.7902,31.3056,-31.3056,0.0000000,C(=O)c1n2c3c(cccc13)C(=O)N(C2)C,0,0.0000000,0.0000,0.0000000,0.0000,0.0000000,0.0000,4
32.5081,32.6573,-22.6151,0.0836843,CC(=O)n1c(=O)n(C2CC2)c2ccc(Br)cc21,1,0.0306813,0.0307,0.8112650,0.8113,0.9999985,295.1360,4
36.7066,37.3696,-29.8930,0.0623049,Cc1cc(C(=O)NC23CCC2CN(C2CC2)C3)nn1C(C)C,1,0.0193789,0.0194,0.9267438,0.9267,0.9999992,302.4220,4
25.9159,26.4417,-17.1488,0.0774409,Nc1cc(C(=O)O)ccc1SCCCCCO,1,0.0337324,0.0337,0.3950964,0.3951,0.9999388,255.3390,4
41.6864,42.0419,-38.3299,0.0309331,COc1ccc(COC2C(c3ccccc3)C(=NO)CC(O)C2O)cc1,1,0.0082125,0.0082,0.5642151,0.5642,0.9999980,357.4060,4
25.4756,25.1631,-5.1092,0.1671161,COc1cc(Cl)ccc1NS(N)(=O)=O,1,0.0821503,0.0822,0.8204147,0.8204,0.9996591,236.6800,4
38.0277,37.9993,-16.6805,0.1776565,CCc1ccc(COc2ccc(C=C3N=C(SCc4ccccc4)N(CCC(C)C)C3=O)cc2)cc1,1,0.1342002,0.1342,0.2745354,0.2745,0.5300817,498.6920,4
34.0411,34.0926,-13.7025,0.1699176,Cc1ccc(CN(CC(F)(F)F)C(=O)c2ccc(N3CCCCCC3)nc2)o1,1,0.0864937,0.0865,0.7443206,0.7443,0.9999344,395.4250,4
29.4756,29.2789,14.7484,0.3668942,CCOC(=O)c1nn(NCc2ccccc2)c2ncnc(N)c12,1,0.2660910,0.2661,0.6840672,0.6841,0.9999997,312.3330,4
34.7903,34.1241,40.3090,0.6202763,COC(=O)c1ccccc1OCC(=O)Nc1cccc(CN2C(=O)CCC2=O)c1,1,0.5940407,0.5940,0.5683091,0.5683,0.9999282,396.3990,4
37.3671,37.0797,-23.9749,0.1092070,CC1(c2ccc(F)cc2F)CN2CCCCC2C1O,1,0.0443642,0.0444,0.8445804,0.8446,0.9999797,267.3190,4
31.8110,31.7287,-21.1773,0.0879287,COC(=O)C(CCc1ccc([N+](=O)[O-])cc1)N1CCCC1=O,1,0.0388922,0.0389,0.4530379,0.4530,0.9999995,306.3180,4
35.9446,37.5907,2.4287,0.3334952,CCCN1C(=O)C(=Cc2cc(Cl)ccc2O)N(Cc2c(F)cccc2Cl)C1=O,1,0.2483281,0.2483,0.5408067,0.5408,0.9991480,423.2710,4
27.3686,26.4516,-23.7302,0.0226790,CC1(NC(=O)C2CCC(N)CC2)CCCCCC1,1,0.0048736,0.0049,0.7424567,0.7425,0.9999198,252.4020,4
35.6245,35.7749,-1.4802,0.2857890,CC(C)c1ccc(C(C(=O)OC(=O)CNC(=O)c2ccc(Br)cc2)c2ccccc2)cc1,1,0.2387927,0.2388,0.3619920,0.3620,0.6264834,494.3850,4
39.8317,39.1241,-39.1240,0.0000007,CCCCCCC=CCCCCCCCCCCC(CCNC(=O)C(O)CCCCCCCCCCCC)C(=O)O,1,0.0000000,0.0000,0.0546319,0.0546,0.0006334,579.9510,4
49.8948,50.3129,-3.7349,0.3881505,Cc1cccc(-c2nc(OC3C(O)C(NC(=S)Nc4ccc([N+](=O)[O-])cc4)C3(C)C)cc(C(C)C)n2)c1,1,0.5370193,0.5370,0.2241970,0.2242,0.1198982,521.6430,4
19.1360,18.8958,-13.7665,0.0427439,C=CC(=O)OCCOC(=O)C(=C)C,1,0.0149029,0.0149,0.3606114,0.3606,0.9588735,184.1910,4
34.9542,35.0974,-27.0845,0.0667739,COP(=O)(C=CCOc1ccc(Cl)cc1)OCCCl,1,0.0251373,0.0251,0.5271320,0.5271,0.9999999,325.1280,4
34.8588,34.8795,-13.9191,0.1746695,Cc1cc(NC2CCOC(C(C)(C)C)C2)nn2c(C)nnc12,1,0.0845815,0.0846,0.9238943,0.9239,0.9999993,303.4100,4
36.7774,36.3993,15.2687,0.4305669,CNCC(=O)N1CCC(N2C(=O)C3CC=CCC3C2=O)C1,1,0.3513985,0.3514,0.5753127,0.5753,0.9999978,291.3510,4
29.2033,29.2091,-4.6906,0.2043208,COc1cc(NC(=O)C2CSCCN2)cc(C)c1C,1,0.1070073,0.1070,0.8884182,0.8884,0.9999939,280.3930,4
76.3407,77.2644,-30.0643,0.3933336,Cc1cnc(C2OC3C4=C(NS(=O)(=O)c5cc(-c6cn(C(=O)OC(C)(C)C)cn6)cc2c54)c2ccccc23)n1C,1,0.7430114,0.7430,0.3793443,0.3793,0.0049269,557.6320,4
41.3703,42.2719,-2.7262,0.3295472,CCCON1OC2C(=O)N(c3ccccc3)C(=O)N2C1c1ccc(OC)cc1,1,0.2254645,0.2255,0.7141996,0.7142,0.9999783,383.4040,4
29.1524,30.1410,36.9744,0.5592953,O=C(NC1CCC(c2ccccc2)CC1)N1CC(Oc2ccccc2)C1,1,0.4495537,0.4496,0.8984016,0.8984,0.9999989,350.4620,4
52.1760,53.2929,-20.0703,0.2768551,COc1ccc(C(=O)OCc2ccccc2OCC(F)(F)F)c(OCc2cc(C)ccc2C)cc1=O,1,0.2406225,0.2406,0.3575766,0.3576,0.4430296,502.4850,4
37.6242,38.0368,-26.5386,0.0958181,CC(=O)OCOC(=O)N1CC[N+]2(CCc3ccccc32)CC1,1,0.0434547,0.0435,0.4721813,0.4722,0.9999994,305.3540,4
76.7356,77.2452,-77.2451,0.0000003,CCC=CCCCc1ccc(CCCCc2cc(C)c(CCC3CC3(C)Cc3cccc(-c4cc(F)cc(CCCCC)c4)c3)c(C)c2)cc1,1,0.0000000,0.0000,0.0648342,0.0648,0.0000001,671.0410,4
52.7598,52.6052,-7.9905,0.3717897,CCCCc1ccc(C2(O)C(c3ccccc3)CCCC2N2C3CCC2CNC3)cc1,1,0.2701141,0.2701,0.6937328,0.6937,0.9994444,418.6250,4
38.2104,38.4001,15.6231,0.4501934,COc1cc(C=NOCC(=O)c2cc(C)n(C3CCS(=O)(=O)C3)c2C)ccc1OCC#N,1,0.4439277,0.4439,0.3210415,0.3210,0.9765230,459.5240,4
42.8678,42.5790,-25.9369,0.1386845,CCC(O)(CC)Cc1nc(C2CCCCC2)nc2c1sc1ncccc12,1,0.0670963,0.0671,0.6556859,0.6557,0.9999940,369.5340,4
32.2887,31.8473,-21.4932,0.0862843,CCN(CC1(CC(N)=O)CNC1)C(C)=O,1,0.0343890,0.0344,0.6350819,0.6351,0.9970658,213.2810,4
49.6619,50.7173,-18.6178,0.2674954,CC1(c2ccccc2OC(F)(F)F)NC(=O)N(CC(Cc2ccccc2)NC(=O)N2CCC3(CC2)NCCO3)C1=O,1,0.5203872,0.5204,0.4379263,0.4379,0.0009464,575.5880,4
36.8323,36.6568,14.7481,0.4283742,Cc1nc2c(C(C)(C)C)c(-c3ccccc3)cn2c(C)c1CO,1,0.3220180,0.3220,0.7612649,0.7613,0.9999995,308.4250,4
29.6534,29.8065,14.2268,0.3669446,Cc1[nH]c2ccccc2c1CNC(=O)c1n[nH]c2c1CNCC2,1,0.2770036,0.2770,0.5947074,0.5947,0.9999996,309.3730,4
29.9662,30.1653,44.4965,0.6221815,COc1ccc(-n2c(SC(C)C(=O)c3c[nH]c4ccccc34)nnc2-c2ccc(F)cc2)cc1,1,0.7764409,0.7764,0.2348932,0.2349,0.9261293,472.5450,4
30.4608,30.0618,-19.9062,0.0846298,CCC(O)Cc1nc2ccccc2n1CCC1CCCO1,1,0.0303754,0.0304,0.8887674,0.8888,0.9999971,288.3910,4
24.7802,24.2339,-10.1007,0.1177759,COC(=O)CN(CCC(=O)O)CC(=O)O,1,0.0564680,0.0565,0.5300830,0.5301,0.9982957,219.1930,4
55.0643,54.1303,-29.6044,0.2043827,CCN(c1ccc(C(=O)c2nc(NCCc3cn[nH]c3)n[nH]2)c2cccnc12)S(C)(=O)=O,1,0.1431458,0.1431,0.3237885,0.3238,0.9850684,454.5160,5
68.5926,70.6712,-28.1968,0.3539530,CC1CN(c2nc(N(C)CCOC3NC(C)(C)OC3=O)cc3ncc(-c4ccc(C(N)=O)cc4F)cc23)CC(C)O1,1,0.7121979,0.7122,0.3924420,0.3924,0.0021563,566.6340,5
26.6010,26.7723,33.7255,0.5041484,S=c1[nH]c2cc(-c3ccccc3)ccc2n1-c1ccc(Cl)cc1,1,0.4738990,0.4739,0.4445205,0.4445,0.9999997,336.8470,5
55.8818,57.5202,-39.1022,0.1534834,CCOC(=O)c1c(CNc2ccc3oc(-c4ccc(F)cc4)c(C(=O)OC(C)(C)C)c(=O)c3c2)cnc2cccc(C(F)(F)F)c12,1,0.7239393,0.7239,0.1419041,0.1419,0.0000035,636.5980,5
32.0649,32.8876,32.2966,0.5432021,CCOc1ccc(C(C)NC(=O)C(C)N(Cc2ccccc2C)S(C)(=O)=O)cc1,1,0.4675290,0.4675,0.6770133,0.6770,0.9994478,418.5590,5
26.6844,27.0948,12.6285,0.3310276,CCc1ccc(OCCCC2CCNC2)c(OC)c1,1,0.2223311,0.2223,0.7670560,0.7671,0.9999709,263.3810,5
54.0329,55.4285,-55.4285,0.0000003,COc1ccccc1-n1nccc1C1C(C(=O)c2ccc(NS(=O)(=O)c3ccccc3)cc2)CCN1S(=O)(=O)c1ccc(Cl)cc1,1,0.0000000,0.0000,0.1806261,0.1806,0.0000001,677.2040,5
30.0382,28.9753,-22.2392,0.0561344,CC(=O)OC1CCCC1C(=O)N(C)C,1,0.0187735,0.0188,0.6180840,0.6181,0.9893984,199.2500,5
29.0768,28.9360,18.9251,0.3988425,CC(C)(CC(=O)O)CC(=O)N1CCC(n2cccn2)CC1,1,0.2772114,0.2772,0.8998474,0.8998,0.9999982,293.3670,5
33.9281,34.2760,53.5745,0.7320876,CCc1ccc2occ(CC(=O)Nc3ccc(C)c(N4CCCCC4=O)c3)c2c1,1,0.7191842,0.7192,0.6666284,0.6666,0.9999584,390.4830,5
75.4909,75.0855,-49.8632,0.2101854,CC#CC1(O)CCC2(C)C(CCC3C2C(O)CC2(C)C3C(C)C(OC(C)=O)(C(=O)SCC)C2(O)OCC)C1,1,0.3063178,0.3063,0.2682784,0.2683,0.0092395,550.7580,5
27.8810,27.9676,-15.4588,0.1042399,Nc1ccc(NCCN2C(=O)c3ccccc3C2=O)cn1,1,0.0417623,0.0418,0.8268486,0.8268,0.9999949,282.3030,5
25.9577,25.9784,-12.5855,0.1116075,CCc1nc(NC2CCC(C)C2)cc(=O)[nH]1,1,0.0461667,0.0462,0.8196397,0.8196,0.9985964,221.3040,5
29.7025,29.9562,-1.4444,0.2375986,Cc1ccc(N2C(=S)NC(c3ccccn3)C2c2cc(C)n(-c3ccc(C)cc3)c2C)cc1,1,0.1708930,0.1709,0.3693452,0.3693,0.9874228,452.6270,5
28.8412,28.2447,9.0041,0.3104061,O=S(=O)(NCCCc1nc(-c2ccc(Cl)cc2)no1)c1ccc(Cl)cc1,1,0.2181668,0.2182,0.5942349,0.5942,0.9996897,412.2980,5
24.1763,24.1675,-17.7411,0.0535539,CCCn1cc(C(Cc2ccsc2)NN)cn1,1,0.0175961,0.0176,0.6095666,0.6096,0.9999034,250.3710,5
47.1657,47.6629,6.5909,0.4521143,O=C(NC1Cc2ccccc2N1C(=O)C=C1C=NC=CC1)c1cc2ccccc2o1,1,0.3593345,0.3593,0.6792229,0.6792,0.9999211,397.4340,5
33.5843,33.1428,-3.8448,0.2441497,CC(C)OC(=O)CN(Cc1cccc2nccnc12)C(C)C,1,0.1438755,0.1439,0.7679407,0.7679,0.9999991,301.3900,5
35.8723,37.3853,-25.6128,0.0981040,Cc1cc2c(C)c(C)[nH]c2cc1Oc1ccccc1OS(C)(=O)=O,1,0.0398586,0.0399,0.7187958,0.7188,0.9999993,345.4200,5
23.6440,23.0414,-18.1337,0.0408971,O=C1CCC(C(=O)OCc2ccc(Cl)cc2)CC1,1,0.0111176,0.0111,0.7896306,0.7896,0.9999785,266.7240,5
27.6904,29.0562,-5.8171,0.1936594,Cc1cc(C(=O)N2CC(C)OC(C)C2)oc1[N+](=O)[O-],1,0.1107747,0.1108,0.6020820,0.6021,0.9999814,268.2690,5
27.0764,27.1771,-21.8038,0.0447772,COCC(O)CC(=O)Nc1cccnc1Br,1,0.0126144,0.0126,0.7984612,0.7985,0.9999973,289.1290,5
67.0798,67.6768,-32.8395,0.2903113,CC12C3C=CC(C4CC43)C3C(=O)N(CC=CCOCCO)C(=O)C3C1C(O)C2c1ccc(Cl)cc1,1,0.2528820,0.2529,0.3433321,0.3433,0.5454878,498.0190,5
36.5156,37.1188,-32.0968,0.0418500,c1ccc(C2c3ccccc3-c3ccc(-c4ccc(N(c5ccccc5)c5cc6c(c7ccccc57)c5ccccc5n6-c5ccccc5)cc4)cc32)cc1,1,0.2485804,0.2486,0.1676267,0.1676,0.0000000,700.8850,5
48.3466,48.7036,30.6336,0.6611440,CC(=O)N(CCc1ccc(F)cc1)c1ccc2c(c1)CCC(=O)N2C1CCCCC1Cl,1,0.6433107,0.6433,0.5931168,0.5931,0.9947975,442.9620,5
32.7979,32.8283,-9.1691,0.1971602,Nc1cc([N+](=O)[O-])cc(-n2ccnc2[N+](=O)[O-])n1,1,0.1125995,0.1126,0.6219281,0.6219,0.9999016,250.1740,5
36.6578,36.3183,-27.7558,0.0713540,CCC(=O)C1(N=COC(C)=O)C=CC=CC1,1,0.0296366,0.0296,0.4130473,0.4130,0.9985902,221.2560,5
43.2305,44.2904,-37.6547,0.0552973,CC1(C)c2ccccc2-c2cc3oc4c(-c5ccc(-c6cccc7c6oc6c(-c8ccccc8)cccc67)c6ccccc56)cccc4c3cc21,1,0.1918721,0.1919,0.1898310,0.1898,0.0000008,652.7930,5
32.4724,33.1917,22.7807,0.4664363,COc1ccc(CN2CC(C(=O)Nc3ccc(S(=O)(=O)Nc4ccccc4OC)cc3)CC2=O)cc1,1,0.5016336,0.5016,0.4565210,0.4565,0.2926143,509.5840,5
38.3128,38.6428,-9.1304,0.2459367,CC1(C)c2ccc(-c3cc(-c4ccccn4)ccn3)cc2-c2ccc3cnccc3c21,1,0.1846082,0.1846,0.3328579,0.3329,0.9999045,399.4970,5
37.7978,37.8448,9.9201,0.3980406,CC(C)(C)OC(=O)NC(=NC(C(=O)O)C(O)C(O)C(O)C(O)CO)NC(=O)OC(C)(C)C,1,0.4600392,0.4600,0.1550413,0.1550,0.9523904,467.4720,5
33.6982,32.8645,-28.9162,0.0329021,CN(C)CC1COCCN(c2ncnc3[nH]ccc23)C1,1,0.0078382,0.0078,0.9044054,0.9044,0.9999903,275.3560,5
27.4596,26.3663,-19.4791,0.0573927,CNC(CSc1cnccn1)C1CCOCC1,1,0.0179262,0.0179,0.8074022,0.8074,0.9999267,253.3710,5
31.5088,31.6014,2.3760,0.2831451,CCOc1cc(C#N)cc(I)c1OC(=O)c1ccc(OC(F)F)c(OC)c1,1,0.2374759,0.2375,0.3264186,0.3264,0.7298006,489.2120,5
25.4663,25.2087,-10.3500,0.1238222,CC(C)C(CO)NC(=O)c1ccc(-c2ccccc2)cc1,1,0.0523696,0.0524,0.8855565,0.8856,0.9999954,283.3710,5
39.1918,40.4261,-13.4313,0.2249571,Cc1nc2ccc(C(=O)N3CCNC(=O)CC3c3ccc(Cl)cc3)cc2nc1-c1cccs1,1,0.1515463,0.1515,0.4500067,0.4500,0.8927736,476.9890,5
24.7819,24.4624,-13.5756,0.0907234,Cc1ccccc1OCCN(CCN)C1CCC1,1,0.0345276,0.0345,0.8035945,0.8036,0.9998838,248.3700,5
29.7796,30.7466,29.1739,0.4993379,O=C(O)c1cc(F)c(Oc2ccnc3ccccc23)c([N+](=O)[O-])c1,1,0.4337930,0.4338,0.5774097,0.5774,0.9999999,328.2550,5
34.2095,35.1310,44.7514,0.6656867,CCOC(=O)Nc1ccc(-c2cc(C(=O)O)c3cc(C(=O)O)ccc3n2)cc1,1,0.6429913,0.6430,0.6132466,0.6132,0.9999836,380.3560,5
33.1311,35.0137,7.5434,0.3546429,COc1ccc2sc(C(=O)O)c(OCCOc3ccc(Oc4ccccc4)cc3)c2c1,1,0.3119214,0.3119,0.3314540,0.3315,0.9971282,436.4850,5
49.8705,50.1526,-4.8815,0.3772590,Cc1cc(O)cc(-c2cc3ccccc3cc2O)c1C=C1C(=O)C(=O)c2ccccc2C1=O,1,0.3671399,0.3671,0.2551557,0.2552,0.9976186,434.4470,5
29.1901,28.8224,-20.8513,0.0664257,CCOC1CNC(Cc2c[nH]c3ccccc23)C1,1,0.0216467,0.0216,0.8666573,0.8667,0.9998316,244.3380,5
26.6878,27.5450,-8.6106,0.1577872,CCC(C(=O)N1CCN(Cc2cc(=O)n3ccsc3n2)CC1)c1ccccc1,1,0.0803479,0.0803,0.6652171,0.6652,0.9999275,396.5160,5
39.1368,40.9893,-17.9054,0.1923659,O=C(NCC1CCN(C2C3CC4CC2CC4C3)C1)Nc1ccc2c(c1)OCO2,1,0.0998453,0.0998,0.8375254,0.8375,0.9999781,383.4920,5
30.5834,31.6121,30.9023,0.5209536,CC(Sc1n[nH]c(C(F)(F)F)n1)C(=O)Nc1ccc(F)cc1F,1,0.4446047,0.4446,0.6547665,0.6548,0.9999987,352.2880,5
51.5517,51.3975,-32.3493,0.1587347,COCCCCc1cc(N)cc(CCCc2cccc(N3CCSS3)c2)c1,1,0.1078336,0.1078,0.2447639,0.2448,0.9998726,402.6290,5
36.5942,37.1211,35.8870,0.6084006,c1cncc(CNC2CCN(Cc3ccc(-c4nn[nH]n4)cc3)c3ccccc32)c1,1,0.5933173,0.5933,0.5181565,0.5182,0.9999207,397.4860,5
26.7319,26.8672,51.1926,0.6504987,COc1cccc(-c2nnc(SCC(=O)N3CCc4ccccc4C3)n2C)c1,1,0.6195376,0.6195,0.6223126,0.6223,0.9999397,394.5000,5
40.1759,41.0663,-34.3435,0.0560231,CCCOc1ccc(C2C(C(=O)OCC)=C(C)N=c3sc(=Cc4ccc(OCc5ccc(Cl)c(C)c5)c(OC)c4)c(=O)n32)cc1OCC,1,0.3913709,0.3914,0.1471552,0.1472,0.0000000,691.2460,5
25.5233,26.0932,-11.8228,0.1189195,C=CCN(c1cccc(F)c1)S(=O)(=O)c1ccc(Cl)cc1,1,0.0512067,0.0512,0.7827484,0.7827,0.9999999,325.7920,5
73.2877,74.0696,-74.0696,0.0000002,COC(=O)C(NC(=O)c1ccc(O)c(O)c1)c1cccc(S(=O)(=O)Nc2ccc(CC(=O)NN=Cc3cccc(CC4OCO4)c3O)cc2)c1,1,0.0000000,0.0000,0.0513996,0.0514,0.0000000,704.7140,5
27.9678,28.3059,60.2800,0.7382156,Cc1cccc(NC(=O)c2ccc3c(c2)C(=O)N(Cc2ccccc2)C3=O)c1C,1,0.7236231,0.7236,0.6801859,0.6802,0.9999762,384.4350,5
29.4953,30.4921,-0.4407,0.2504278,CCOC(=O)c1cccc(Nc2c3ccccc3nc3c(CC)cccc23)c1,1,0.1863673,0.1864,0.3524680,0.3525,0.9999934,370.4520,5
26.7838,26.9874,-17.8845,0.0758571,CSC(N)(c1ccccc1)c1ccccc1O,1,0.0266096,0.0266,0.8172918,0.8173,0.9998465,245.3470,5
30.5953,31.4267,-18.1869,0.1103317,CC1(C)CC(NCC=CC(=O)O)C2(CCCCC2)O1,1,0.0462521,0.0463,0.7683238,0.7683,0.9999798,267.3690,5
25.9543,26.0807,-5.5594,0.1710112,CNC(=O)C(C)N(Cc1ccc(Cl)cc1)C(=O)COc1ccccc1C(C)(C)C,1,0.0875726,0.0876,0.7361016,0.7361,0.9995238,416.9490,5
41.4622,42.2454,-34.0251,0.0685019,O=C(O)CC1(C(F)(F)C(F)(F)F)CC2CCCC(c3ccccc3)(C2)C1,1,0.0240613,0.0241,0.6980684,0.6981,0.9999887,376.3650,5
32.5845,32.4087,-23.5179,0.0740895,CO[SH](C)(=N)c1c(F)c(F)c(F)c(F)c1F,1,0.0324016,0.0324,0.3645902,0.3646,0.9999644,261.2150,5
38.5760,39.2507,49.9774,0.7435674,CN1CCC2(CC1)CN(S(=O)(=O)c1cccc(C(N)=O)c1)Cc1cc(Cl)ccc12,1,0.6967682,0.6968,0.8059119,0.8059,0.9977226,433.9610,5
31.8620,32.2338,-9.1248,0.1925757,COc1cccc(CNC(=O)CN2C(=O)CN(Cc3ccc(F)cc3)C2=O)c1,1,0.1036469,0.1036,0.7388679,0.7389,0.9999740,385.3950,5
55.5118,55.7928,-43.1414,0.1054279,Cc1cccc(-n2c(=O)c3c(c4cccnc4c2=O)N(c2ccco2)NC3)c1Cl,1,0.0477178,0.0477,0.5488282,0.5488,0.9998125,406.8290,5
42.7752,44.1326,21.3248,0.5454784,COc1ccccc1CCC(=O)Nc1cc(C(=O)Nc2c(C)cccc2C)n2ncnc2c1,1,0.5300614,0.5301,0.4466188,0.4466,0.9945311,443.5070,5
27.2734,26.7405,-3.9809,0.1896641,CCN(c1ccccc1F)S(=O)(=O)c1cccnc1N,1,0.0947924,0.0948,0.9358751,0.9359,0.9999985,295.3390,5
30.7406,30.7585,-13.4177,0.1445069,C=C(C)COc1ccc(C(=O)NNC(=O)c2ccc(OCCC(C)C)cc2)cc1,1,0.0771840,0.0772,0.4933006,0.4933,0.9999276,396.4870,5
52.5726,52.3994,-9.8935,0.3542158,CCCCNC(=O)C1CC2C(=Nc3ccccc3-c3ccccc32)N2CCN(C(=O)Nc3ccc(F)cc3F)CC12,1,0.6381133,0.6381,0.3829744,0.3830,0.0049210,557.6450,6
25.9532,26.1373,-26.1372,0.0000002,CCC=CCC=CCC=CCC=CCC=CCCCC(=O)OCC(COC(=O)CCCCCCCCC=CCC=CCC=CCC)OC(=O)CCCCCC=CC=CCCCC,1,0.0000000,0.0000,0.0200027,0.0200,0.0000000,857.3140,6
25.8999,25.5875,-14.3157,0.0939322,COC(=O)CN(C)C(=O)NCCOc1ccccc1,1,0.0392063,0.0392,0.6128186,0.6128,0.9999777,266.2970,6
28.1329,28.5445,64.0401,0.7715390,CS(=O)(=O)c1ccc(C(=O)N2CCC(Cc3ccccc3)CC2)nc1,1,0.7250383,0.7250,0.8424162,0.8424,0.9999978,358.4630,6
31.3904,30.3331,35.8663,0.5516622,CNS(=O)(=O)c1ccc(C(=O)OC(C)C(=O)Nc2ccccn2)cc1,1,0.4650637,0.4651,0.7448578,0.7449,0.9999965,363.3950,6
35.6460,36.7276,7.3383,0.3672159,COc1ccc(S(=O)(=O)N2CCC(C(=O)NC3CCN(C(=O)c4ccco4)CC3)C2)cc1Cl,1,0.2903139,0.2903,0.6586060,0.6586,0.5914098,495.9850,6
37.1967,36.6176,-32.3293,0.0357365,O=C(CCCCCN1C=C2C3CC2C(C1=O)C(Br)C3Br)OCC(=O)c1ccccc1,1,0.0228103,0.0228,0.2009743,0.2010,0.0261770,539.2640,6
45.1575,45.7315,20.7747,0.5542184,OC(c1cnc2cnc(Nc3ccnc(N4CCCC(F)C4)n3)cc2c1)c1ccccn1,1,0.5263562,0.5264,0.4946742,0.4947,0.9981878,431.4750,6
87.3096,86.0329,-86.0329,0.0000000,C1CCC2CCC3C(C4C2C31C2C=CC=C(C2)c1nccc(-c2cc(cc(CC)c2)-c2cc(-c3ccccc3)cc(-c3ccccc3)c2)nc1C=C4C)C,0,0.0000000,0.0000,0.0000000,0.0000,0.0000000,0.0000,6
27.0782,27.7528,7.2226,0.2914618,CCC(C(=O)NC1CCCCC1)N(Cc1ccccc1)C(=O)CN(c1cccc(Cl)c1)S(C)(=O)=O,1,0.2778401,0.2778,0.5049082,0.5049,0.1357772,520.0950,6
27.6278,27.3386,-12.4346,0.1242005,COc1ccc(Br)cc1C(C)(O)Cc1cccc(F)c1,1,0.0521779,0.0522,0.9107808,0.9108,0.9999996,339.2040,6
40.6488,43.2241,12.3934,0.4634786,CCN(CC(=O)Nc1cccc(C(=O)O)c1C)C(=O)C(=Cc1cccc([N+](=O)[O-])c1)NC(=O)c1ccccc1,1,0.7913164,0.7913,0.2038572,0.2039,0.0566492,530.5370,6
40.3383,39.5362,39.0438,0.6548332,Cc1c(C)c(C)c(S(=O)(=O)N2CCCC2C(=O)NCCS(=O)(=O)N2CCCC(C)C2)c(C)c1C,1,0.7831708,0.7832,0.6035290,0.6035,0.2202496,513.7260,6
33.2656,33.5087,-23.1905,0.0859855,CC=Cc1c(NN)cccc1S(N)(=O)=O,1,0.0361929,0.0362,0.5213378,0.5213,0.9991907,227.2890,6
31.6623,32.7897,-20.1732,0.1051371,NC(CSc1ccccn1)=NNc1cc(C(F)(F)F)cc(C(F)(F)F)c1,1,0.0591049,0.0591,0.2559231,0.2559,0.9999406,394.3440,6
28.8029,29.1761,35.0852,0.5355104,Cc1cccnc1NC1CC(=O)N(c2ccc(Br)cc2)C1=O,1,0.4284472,0.4284,0.8554591,0.8555,0.9999974,360.2110,6
27.9049,28.1224,43.4620,0.5965370,NC(=NO)c1cccc(CNC(=O)C2C3CCCCC32)c1,1,0.6498020,0.6498,0.3415497,0.3415,0.9999968,287.3630,6
37.1796,36.6754,-36.6754,0.0000000,n12c([nH]nc1)ncc(c2C1OCCN(C1)C)C,0,0.0000000,0.0000,0.0000000,0.0000,0.0000000,0.0000,6
28.1631,28.8235,-7.9886,0.1736241,Cc1[nH]nc2ccc(NC(=O)c3ccc4c(c3)OCCO4)cc12,1,0.0885740,0.0886,0.7629177,0.7629,0.9999996,309.3250,6
43.3501,42.8591,22.7255,0.5465377,CCS(=O)(=O)NC(=O)Nc1ccc(-c2cn3c(NC)cc(C#N)cc3n2)cc1,1,0.4869494,0.4869,0.6052381,0.6052,0.9999133,398.4480,6
48.6614,49.8159,-19.6933,0.2510221,Cn1cnc(-c2cccc(Nc3nc(-c4ccccc4-c4ccccc4F)cn(C)c3=O)c2Cl)c1,1,0.1974570,0.1975,0.3288648,0.3289,0.7848322,485.9500,6
31.8674,33.0793,-21.9183,0.0930083,COc1ccc(Br)cc1C=NNC(=O)c1ccc(OCc2ccc(Br)cc2)cc1OC,1,0.0899680,0.0900,0.2954352,0.2954,0.0116326,548.2310,6
32.1023,32.8884,16.1051,0.4082794,O=C(CN1C(=O)C2CC=CCC2c2cc(Cl)ccc21)N1CCCCC1,1,0.3013319,0.3013,0.7553180,0.7553,0.9999977,358.8690,6
31.5386,31.7255,-21.3988,0.0860559,Cc1ccc(N2C(=O)CC3C2C(=O)N3C)cc1,1,0.0336758,0.0337,0.6736351,0.6736,0.9993848,230.2670,6
31.8762,33.1866,-11.3584,0.1819015,NC(=O)c1ccc(NC(=O)COc2cccc(-c3ccc(CO)o3)c2)cc1,1,0.1016661,0.1017,0.5943831,0.5944,0.9999955,366.3730,6
25.7800,25.1537,-12.4662,0.1057296,COc1ccc(SCCN2CCCC(C(=O)O)C2)cc1,1,0.0427560,0.0428,0.8175128,0.8175,0.9999985,295.4040,6
30.3966,30.7707,39.0511,0.5818484,CCc1noc(-c2ccc(N3CCN(CC(=O)N4CCCC4)CC3)nc2)n1,1,0.4938583,0.4939,0.7878476,0.7878,0.9999934,370.4570,6
46.2851,47.4274,-14.8705,0.2713069,CC(=NOCOO)N(CCOc1ccccc1)CC(C)O,1,0.2533297,0.2533,0.1796399,0.1796,0.9999988,298.3390,6
37.0010,36.5382,19.5973,0.4677959,CC(C)(C)OC(=O)NC(CCCN=C(N)NC(=O)C1CCCCN1)C(=O)O,1,0.5078818,0.5079,0.2399486,0.2399,0.9999738,385.4650,6
83.0031,83.9877,-83.9877,0.0000002,CC(=O)NC1C(OC2C(O)C(COC(C)=O)OC(OC3C(OCC=CN=[N+]=[N-])OC(CO)C(OS(=O)(=O)O)C3O)C2OC2OC(COS(=O)(=O)O)C(O)C(O)C2O)OC(CSCCO)C(O)C1O,1,0.0000000,0.0000,0.0112992,0.0113,0.0000000,1050.9960,6
26.3133,27.0811,3.2057,0.2523902,O=C(O)c1ccc(S(=O)(=O)N2CCCC(OCCO)C2)s1,1,0.1496934,0.1497,0.7891381,0.7891,0.9999998,335.4030,6
36.1499,37.2574,-23.5432,0.1142855,Fc1cccc(-c2ccc(CS)c3cccn23)c1,1,0.0508637,0.0509,0.6569610,0.6570,0.9999491,257.3330,6
33.9060,32.9027,-7.3684,0.2127853,CCc1ccc(OCCNC(=O)C2CC(=O)Nc3nc4ccccc4n32)cc1,1,0.1242027,0.1242,0.6460306,0.6460,0.9999863,378.4320,6
28.4701,30.2462,42.4505,0.6058053,CC(C(=O)Nc1ccc2ccccc2c1)N(c1ccc(C(C)(C)C)cc1)S(C)(=O)=O,1,0.5573870,0.5574,0.6314296,0.6314,0.9990401,424.5660,6
61.3161,60.4585,-12.2384,0.4018337,Cc1c(-c2csc(-c3nc(C(C)(CC(C)C)NC(=O)c4ccno4)sc3Cl)n2)cnn1C,1,0.3784847,0.3785,0.3766811,0.3767,0.6953100,491.0420,6
27.4414,28.1899,-4.1121,0.2006480,O=C(CSCc1ccc(Cl)c(Cl)c1)Nc1ccccc1-c1nc2ccccc2s1,1,0.1384549,0.1385,0.3332008,0.3332,0.9767353,459.4230,6
27.0315,27.1038,38.5870,0.5474229,O=C(NCc1cn[nH]c1-c1ccccc1)c1ccc([N+](=O)[O-])cc1,1,0.4998449,0.4998,0.5567902,0.5568,0.9999999,322.3240,6
28.2786,29.2675,35.8329,0.5425030,Cc1cccc(N(C)C(=O)NCC(O)c2ccc(Cl)cc2)c1,1,0.4293890,0.4294,0.9058001,0.9058,0.9999998,318.8040,6
26.5057,26.5508,7.5370,0.2840651,O=C(O)Cc1cnc(-c2ccc(F)cc2)[nH]c1=O,1,0.1732526,0.1733,0.8545472,0.8545,0.9998821,248.2130,6
36.4227,38.1195,20.4915,0.4884252,O=C(c1cc2cccc(Cl)c2o1)N1N=C(c2ccc3ccccc3c2)CC1c1cccs1,1,0.5152229,0.5152,0.2858174,0.2858,0.9813793,456.9540,6
40.7995,40.4778,-24.3449,0.1344408,C=COC(=O)C(Cl)C(O)(C(=O)O)C(=O)c1ccccc1,1,0.0829805,0.0830,0.2668331,0.2668,0.9999989,298.6780,6
41.2314,42.5309,-19.5038,0.1918923,CCCC1NC(C2CC2)C(c2ccncc2)N1CC1(O)CCCC1,1,0.0993742,0.0994,0.8410677,0.8411,0.9999998,329.4880,6
26.8173,26.2426,-9.0656,0.1431412,CCC1CNC(=O)CN1c1cccc(O)c1,1,0.0667032,0.0667,0.7845924,0.7846,0.9984567,220.2720,6
44.9679,46.0008,11.1602,0.4763411,CCCCNC(=O)Oc1cc2oc(=O)cc(NC(C)=O)c2cc1NC(=O)Cc1ccccc1,1,0.4675258,0.4675,0.3529756,0.3530,0.9886705,451.4790,6
29.6025,28.6609,6.1638,0.2902058,CCN(CC(C)C(=O)OC)C(=O)c1cc2ccccc2o1,1,0.1824132,0.1824,0.7940240,0.7940,0.9999973,289.3310,6
40.5578,41.9813,-35.9681,0.0501094,O=c1[nH]c2c(Cl)cc(Cl)cc2cc1CN1CCCCC1CCc1ccccc1Br,1,0.0188267,0.0188,0.4350131,0.4350,0.6291735,494.2600,6
25.5973,24.3990,-6.9319,0.1455595,COC(=O)c1sccc1S(=O)(=O)NCC1CCC1,1,0.0670782,0.0671,0.8359272,0.8359,0.9999973,289.3780,6
62.7174,63.4618,-48.8680,0.1216155,COc1cc(CN2CCCCC2)ccc1-c1c(Cl)cc(C(N)=O)c2c1OC(c1cccc(OC)c1OC)C2C,1,0.1303323,0.1303,0.3514627,0.3515,0.0089695,551.0830,6
27.6614,27.8508,-13.0292,0.1235131,O=C(c1cccc(F)c1Br)N1CCc2sccc2C1,1,0.0542641,0.0543,0.7722708,0.7723,0.9999996,340.2170,6
48.5309,50.3645,-50.3645,0.0000000,[O-][S+](N1CC2(CC2)CC1)c1c2c3c(cc1S(NC(=O)C)(=O)=O)cccc3ccc2,0,0.0000000,0.0000,0.0000000,0.0000,0.0000000,0.0000,6
44.1311,43.3670,-12.1719,0.2599586,C=NC(=CC=N)c1ccn(S(=O)(=O)CCN2CCCC2)n1,1,0.1580843,0.1581,0.7558062,0.7558,0.9999996,309.3950,6
35.2575,35.0554,17.8942,0.4412466,COc1cc(C(=O)N2CCCC(CCc3c(C)cccc3C)C2)cc(OC)c1OC,1,0.3505767,0.3506,0.6557358,0.6557,0.9997106,411.5420,6
52.9086,52.6875,2.3003,0.4582318,CC1C(c2ccc3ncoc3c2)N=C(C2C(=O)Nc3ccccc3C2=O)N1C,1,0.3636391,0.3636,0.6967567,0.6968,0.9999905,374.4000,6
24.1520,23.9594,-20.9889,0.0247541,CCCCCCCCC=CCCCCCCCCOC(=O)CC#N,1,0.0083664,0.0084,0.1735160,0.1735,0.9999998,335.5320,6
22.8600,23.5022,-11.1463,0.1029664,N#Cc1ccc(-n2cnc3ccccc32)cc1,1,0.0443394,0.0443,0.6310752,0.6311,0.9983042,219.2470,6
39.7013,40.8126,11.4643,0.4356412,CC(C)(C)OC(=O)Nc1cccc(C(CCO)NC(=O)C2(c3ccc(Br)cc3)CC2)c1,1,0.3877660,0.3878,0.5071373,0.5071,0.7261895,489.4100,6
55.0679,55.6276,-22.1151,0.2792701,CC(C)=CC1CN(S(=O)(=O)c2ccc(F)cc2)C2=C1C(CO)C1C(=O)N(CCBr)C(=O)C1C2,1,0.3808122,0.3808,0.3397351,0.3397,0.0215272,541.4390,6
35.6499,35.5814,-21.1307,0.1204230,COc1ccccc1OCC(=O)NCC(=O)c1ccc([N+](=O)[O-])o1,1,0.0613956,0.0614,0.4416384,0.4416,0.9999998,334.2840,6
30.8541,31.5038,55.2165,0.7226691,COc1cc(NC(=O)C(C)Oc2ccc(C)cc2C)ccc1NC(=O)c1ccccc1,1,0.7391266,0.7391,0.5679377,0.5679,0.9994511,418.4930,6
34.3038,34.2238,-25.5572,0.0722216,CCC(C)NC(=O)C(C)N(Cc1ccc(Cl)cc1)C(=O)CSCc1ccccc1OC,1,0.0284398,0.0284,0.5148665,0.5149,0.9678251,463.0430,6
30.3123,31.2410,8.7114,0.3329369,C=CCOc1ccc(C=C2SC(=O)N(Cc3ccc([N+](=O)[O-])cc3)C2=O)cc1OCC=C,1,0.3219665,0.3220,0.2173631,0.2174,0.9875808,452.4880,6
32.7479,33.6629,-33.6629,0.0000000,c1c2c(n(c(SCC(N3C[C@H](C[C@H](C3)C)C)=O)n1)-c1ccccc1)cccc2,0,0.0000000,0.0000,0.0000000,0.0000,0.0000000,0.0000,6
46.4374,47.4124,-9.0465,0.3197160,CC(O)C(OC1OC(CO)C(O)C(O)C1O)C1OC2C(O)C2O1,1,0.2787981,0.2788,0.2919494,0.2919,0.9999996,338.3090,6
28.8897,30.0111,26.7081,0.4726599,Cc1ccc(C2CCN(C(=O)Nc3ccc(N(C)C)cc3C)CC2)cc1,1,0.3574989,0.3575,0.8635402,0.8635,0.9999989,351.4940,6
26.5424,26.3506,-7.7316,0.1551588,Cc1ccc(NC(=O)C(N)c2cccs2)c(C)c1,1,0.0721592,0.0722,0.8909821,0.8910,0.9999615,260.3620,7
33.7113,34.4623,16.1311,0.4216123,COc1cc(CNC2CC2)cc(Br)c1OCCCOc1ccc(C)c(C)c1,1,0.3503844,0.3504,0.5238101,0.5238,0.9976345,434.3740,7
28.2924,27.1892,-27.1891,0.0000002,CCC=CCC=CCC=CCC=CCC=CCCCCCC(=O)OCC(COC(=O)CCCCCCCCCCCCCCCCCCCCCCCCCCC)OC(=O)CCCCCCCCCC=CCCCCCCCCC,1,0.0000000,0.0000,0.0261315,0.0261,0.0000000,1117.8640,7
36.1942,36.2344,21.3393,0.4797804,COc1ccc(CONC(=O)NNC(=O)c2cccc(O)c2)cc1,1,0.4013709,0.4014,0.6205858,0.6206,0.9999998,331.3280,7
41.3844,42.7488,-10.8419,0.2658912,CCC1CCN(C(=O)c2ccc(C3CCCCC3)cc2)CC1Cc1cc2ccccn2n1,1,0.1847810,0.1848,0.4904000,0.4904,0.9984736,429.6080,7
43.2970,46.6843,-35.5424,0.0928494,COc1ccccc1Oc1ccc(N2Nc3ccccc3NC2c2cccc(Cl)c2Cl)cc1Cl,1,0.0592671,0.0593,0.2809652,0.2810,0.2348488,512.8240,7
105.0737,106.4127,-81.4215,0.2082594,CN=C(N)C1CN(OC(C)C(C(N)=O)C2(O)CC(S(=O)N3CCC4CC[N+]5(C)CC4(C3)C5([O-])O)C2)C1,1,0.2927627,0.2928,0.1118638,0.1119,0.0665360,528.6760,7
39.2749,39.6929,-17.5088,0.1848668,CNC(=O)c1ccc(C(C)(C(=O)OC)C(=O)ON2CCOCC2)cc1,1,0.1036892,0.1037,0.6014887,0.6015,0.9999990,350.3710,7
36.6806,37.3743,20.6983,0.4839382,CCOC(=O)c1ccc(Br)c(-c2ccc(C=C(C#N)c3cccc([N+](=O)[O-])c3)o2)c1,1,0.5698291,0.5698,0.1946480,0.1946,0.9532064,467.2750,7
39.5694,41.5304,30.8153,0.6028809,Cc1ccc(N2C(=O)C(CC(=O)N3CCc4ccccc43)N(c3ccc(S(=O)(=O)O)cc3)C2=O)cc1,1,0.7159880,0.7160,0.4188361,0.4188,0.3748752,505.5520,7
32.3159,32.2858,7.5335,0.3318270,CCOC(=O)c1ccc(C(=O)Nc2ccc(C(C)C)c(O)c2)cc1,1,0.2192252,0.2192,0.8155343,0.8155,0.9999999,327.3800,7
31.4725,33.0326,-14.2337,0.1566578,CC(NC(=O)c1cc(F)ccc1O)C(C)C1CCNC1,1,0.0757393,0.0757,0.7891082,0.7891,0.9999939,280.3430,7
47.3299,48.8350,-38.7332,0.0841823,CCN(CC)c1cccc(C)c1N(CCc1c(F)cccc1Cl)C(=O)c1ccccc1S,1,0.0392402,0.0392,0.3652786,0.3653,0.9350647,471.0410,7
34.3075,34.4699,-3.9648,0.2542086,CC(N)CC(=O)NC1CCCc2nc(C3CCOCC3)ncc21,1,0.1466070,0.1466,0.8798530,0.8799,0.9999998,318.4210,7
37.3768,39.6191,-3.5013,0.3009813,COc1ccc(OC)c(C2Nc3c(C)cccc3N(c3cccc(C)c3)C2=O)c1,1,0.2016058,0.2016,0.6713429,0.6713,0.9999654,388.4670,7
35.1925,36.8784,-7.9209,0.2413122,COc1cc(C=NN2C(=O)C3C4CCC(C4)C3C2=O)cc(I)c1OCC(=O)Nc1ccc(F)cc1,1,0.6157804,0.6158,0.3002762,0.3003,0.0002212,591.3770,7
32.6991,33.5475,2.9448,0.3041030,CC(Nc1cccc([N+](=O)[O-])c1Br)c1ccc(F)c(N)c1,1,0.2240442,0.2240,0.4885804,0.4886,0.9999985,354.1790,7
77.8476,79.5595,-79.5594,0.0000005,Cc1cc(C(CCC(=O)O)c2c(N)ncc3ccccc23)cc(CO)c1COC(=O)C1NC(=O)C2(C)C(=O)Nc3ccccc3C12,1,0.0000000,0.0000,0.1366249,0.1366,0.0000124,622.6780,7
46.0074,48.0085,-22.7910,0.2101459,O=C(NC1C(=O)N2C1SCCC(O)(c1ccccc1)C2C(=O)O)c1ccc(O)c(O)c1,1,0.1461637,0.1462,0.3443233,0.3443,0.9940296,444.4650,7
29.2255,30.1341,-4.2360,0.2158175,CC(C)(CN)NC(=O)N1CCS(=O)(=O)C(C)(C)C1,1,0.1219404,0.1219,0.7394665,0.7395,0.9999920,277.3900,7
37.5067,36.7437,-18.1516,0.1549336,O=c1c([N+](=O)[O-])c2n(c3cnc(Cl)cc13)CCCC2,1,0.0872131,0.0872,0.4557147,0.4557,0.9999935,279.6830,7
29.9111,31.0477,41.2791,0.6027232,CN(C)C(=O)c1ccc(CNc2ccc(OCc3cccc(F)c3)cc2)cc1,1,0.5494595,0.5495,0.6468706,0.6469,0.9999863,378.4470,7
30.2518,30.6622,52.1298,0.6899327,N#Cc1ccc(N2CCN(c3ccc4c(c3)CN(C3CCC(=O)NC3=O)C4=O)CC2)nc1,1,0.6453005,0.6453,0.7248123,0.7248,0.9983481,430.4680,7
30.2472,31.4866,13.8599,0.3778878,COc1ccccc1N1C(=O)CSC1c1cccc(NS(=O)(=O)c2ccc(Cl)cc2)c1,1,0.2997685,0.2998,0.5479529,0.5480,0.9091594,474.9910,7
40.2819,40.9772,2.5010,0.3623185,CC(C)(C)CC(C)(C)c1ccc(OC(=O)c2cc3ccccc3n(CCC#N)c2=O)cc1,1,0.3132421,0.3132,0.3632735,0.3633,0.9983358,430.5480,7
39.9722,39.8126,-15.7710,0.2003474,C=C(C)C1CCC2(C)CCC3(C)C(CCC4C5(C)CCC(O)C(C)(C)C5CCC43C)C12,1,0.1288400,0.1288,0.4207223,0.4207,0.9988288,426.7290,7
28.9360,28.5700,14.4389,0.3584081,CCCS(=O)(=O)Nc1ccc(Oc2ccc(C)cc2C)nc1,1,0.2393197,0.2393,0.8819918,0.8820,0.9999998,320.4140,7
28.4665,29.7161,6.2484,0.2997036,CC(C)(C)OC(=O)Nc1ccc(C(=O)O)cc1-c1ccccc1C(=O)O,1,0.1934639,0.1935,0.7592069,0.7592,0.9999980,357.3620,7
40.0078,42.6000,1.1478,0.3645652,COc1ccccc1-n1nc(C(=O)NC2CC2)cc1C1CN(S(C)(=O)=O)c2cc(Cl)ccc2O1,1,0.3156936,0.3157,0.5543694,0.5544,0.4318103,502.9800,7
34.1783,35.6093,-20.9896,0.1218306,NC(C(=O)Oc1ccc2c(ccn2Cc2c(Cl)cccc2Cl)c1)c1ccccc1,1,0.0675909,0.0676,0.3344993,0.3345,0.9989716,425.3150,7
34.8021,35.2028,-14.6407,0.1713505,O=C(Cn1[nH]c(=O)c2ccccc2c1=O)NNC(=O)C1CCN(C(=O)C23CC4CC(CC(C4)C2)C3)CC1,1,0.1125119,0.1125,0.5366157,0.5366,0.3319991,507.5910,7
39.0548,39.1624,-29.8668,0.0774631,N=C(N)C1(NCc2ccc(Cl)cc2)CNN=N1,1,0.0320008,0.0320,0.4758045,0.4758,0.9999221,252.7090,7
46.1863,47.4302,-34.6308,0.1066614,Cc1cccc(NC(=O)N2CC3CN(Cc4ccccc4)CC2C2CC=C32)c1,1,0.0433345,0.0433,0.8149287,0.8149,0.9999913,373.5000,7
47.6919,47.6722,19.8882,0.5630037,Cc1cccc2c1nc(NC1=NCCC(C)N1)c1cnn(Cc3ccc(F)cc3F)c12,1,0.5316006,0.5316,0.5165947,0.5166,0.9993417,420.4670,7
66.1768,66.0184,-43.4750,0.1878613,CCc1ccc(OCC(=O)N(N=CC(=C(C)F)C(F)(Cl)Cl)c2nc(C)c(Cl)s2)cc1,1,0.1491796,0.1492,0.2410000,0.2410,0.5732890,496.7940,7
33.1654,32.8387,-23.9908,0.0737331,CCNC(CCN1CCC(C(C)C)CC1C)c1ccccc1F,1,0.0258171,0.0258,0.7882004,0.7882,0.9999998,320.4960,7
41.3921,42.7764,-9.8000,0.2748036,O=C(Cc1ccc(Cl)cc1)Nc1ccc2c(c1)NC=C([N+](=O)[O-])S2(=O)=O,1,0.1820627,0.1821,0.6086261,0.6086,0.9999435,393.8080,7
26.3032,26.0926,31.5533,0.4803823,Cc1cc(C=NNC(=O)CC#N)c(C)n1-c1ccc(Cl)cc1,1,0.3892075,0.3892,0.6955059,0.6955,0.9999998,314.7760,7
30.1666,30.7864,-22.0069,0.0731627,CCc1ccc2[nH]cc(CC(=O)NCCCN(C)Cc3ccccc3)c2c1,1,0.0280607,0.0281,0.5663730,0.5664,0.9999965,363.5050,7
35.0192,34.8291,31.7651,0.5549518,COc1ccc(-c2cc(C(=O)NC(=S)NNC(=O)c3ccco3)[nH]n2)cc1,1,0.5611157,0.5611,0.3977394,0.3977,0.9999740,385.4050,7
60.8586,61.2171,-61.2170,0.0000002,CNC(C)C(=O)NC(Cc1ccc(Cl)cc1)C(=O)N1CCCC1C(=O)Nc1ccc(C(=O)NCCSSCCCCNC(=O)NS(=O)(=O)c2ccccc2)cc1,1,0.0000000,0.0000,0.0709975,0.0710,0.0000000,846.4980,7
30.2825,31.7185,26.9924,0.4892571,Cc1cccc(CN(C)C(=O)Cc2ccc(NS(=O)(=O)c3ccc(F)cc3)cc2)n1,1,0.4118608,0.4119,0.6256512,0.6257,0.9987425,427.5010,7
34.8876,36.3109,39.0405,0.6279278,COc1cccc2c1COC21CCN(SC(=O)c2ccccc2)CC1,1,0.5526103,0.5526,0.7781839,0.7782,0.9999983,355.4590,7
35.0667,37.5801,7.5325,0.3759383,CC(C)N(CC#N)C(=O)C(CCC(=O)O)NC(=O)c1ccc(F)cc1F,1,0.2760384,0.2760,0.6795026,0.6795,0.9999951,367.3520,7
31.2644,31.1958,-22.7831,0.0701062,COc1ccc(-c2c(C)cnc(N)c2C)cc1Br,1,0.0229867,0.0230,0.9196270,0.9196,0.9999995,307.1910,7
29.6183,31.3061,-6.1592,0.2095580,C=CCN1C(=O)NC(=Cc2cc(OC)c(OCCC)c(OCC)c2)C1=O,1,0.1377900,0.1378,0.4161592,0.4162,0.9999974,360.4100,7
51.6863,54.1233,20.7188,0.6236840,O=[N+]([O-])c1ccc(OC2C3COCC(O3)C2N2CCN(c3cccc(Cl)c3)CC2)c([N+](=O)[O-])c1,1,0.6762600,0.6763,0.4440936,0.4441,0.6980736,490.9000,7
27.2485,27.3052,-8.9361,0.1530757,O=C(NCc1cc(F)ccc1Cl)c1cccc(F)c1,1,0.0702255,0.0702,0.9157970,0.9158,0.9999946,281.6890,7
49.6391,52.0029,-0.0443,0.4329888,CC1(O)C2C(O)=C(C(N)=O)C(=O)C1(O)CC1Cc3c(NS(=O)(=O)c4ccccc4)ccc(O)c3C(O)=C12,1,0.6829271,0.6829,0.2228372,0.2228,0.0673241,528.5390,7
30.0422,30.7158,-8.4552,0.1855048,Cn1c(CNC(=O)CCCc2ccc3c(c2)OCO3)nc2ccccc21,1,0.0981527,0.0982,0.7415119,0.7415,0.9999989,351.4060,7
35.8326,35.5893,-25.8928,0.0808039,COC(=O)c1occc1S(=O)(=O)NC1CNC2(CC2)C1,1,0.0295891,0.0296,0.7730372,0.7730,0.9999990,300.3360,7
30.7738,30.3324,15.9098,0.3853519,COc1cc(C=C[N+](=O)[O-])ccc1OC(=O)C=Cc1ccc2c(c1)OCO2,1,0.3790976,0.3791,0.2533146,0.2533,0.9999940,369.3290,7
33.9663,34.9451,28.6771,0.5301847,CN(c1cc(Cc2ccc(F)c(F)c2)ccn1)C1CCCNC1,1,0.4112951,0.4113,0.9388552,0.9389,0.9999998,317.3830,7
32.2125,31.7055,16.8493,0.4046233,COCC(=O)N1CCC(n2ncc(-c3ccccc3)n2)C1,1,0.2874855,0.2875,0.8513329,0.8513,0.9999965,286.3350,7
46.1696,47.0140,31.5364,0.6545868,CCCc1ccc(NC(=O)C2=C(C)NC(=O)C2c2cccc(NC(=O)c3ccc4c(c3)OCCO4)c2)cc1,1,0.8478955,0.8479,0.4230959,0.4231,0.2560934,511.5780,7
45.7856,48.5633,13.5624,0.5177142,N#CC(=NN(N=Nc1ccccc1C(F)(F)F)c1ccc(CN)cc1)c1ccc(C(F)(F)F)cc1,1,0.6671219,0.6671,0.1823371,0.1823,0.7074804,490.4110,7
47.8760,49.7290,-21.0815,0.2387291,COc1ccc2c(c1OC)-c1ccc3c(c1C2)CC(NC(=O)c1cccc([N+](=O)[O-])c1)CC3,1,0.1728424,0.1728,0.3622873,0.3623,0.9940176,444.4870,7
29.4092,29.0367,35.0182,0.5337911,COC(=O)c1ccc(NC(=O)C2CC(=O)N(Cc3cccnc3)C2)cc1,1,0.4303278,0.4303,0.8290088,0.8290,0.9999986,353.3780,7
39.2415,40.3129,5.7524,0.3838774,C=CCC1(C(=O)O)C(=O)N(c2cccc(Cl)c2)CN1c1ccc(C)cc1,1,0.2891869,0.2892,0.6409719,0.6410,0.9999932,370.8360,7
30.1201,29.7825,-20.3102,0.0789358,CCOC1CCN(C(=O)OC(C)(C)C)CC1(F)CN,1,0.0278343,0.0278,0.8518045,0.8518,0.9999912,276.3520,7
32.8574,34.3022,36.0319,0.5861171,O=C1CN(CCN2CCN(c3ncccn3)CC2)c2ccc(Cl)cc2N1,1,0.4833462,0.4833,0.8810887,0.8811,0.9999918,372.8600,7
30.3759,30.2780,16.2400,0.3876503,CCN(CC)S(=O)(=O)c1ccc(C(=O)OCC(=O)c2cc(C)n(Cc3cccs3)c2C)cc1,1,0.3753622,0.3754,0.3140094,0.3140,0.7402220,488.6310,7
32.1327,32.3676,35.6614,0.5669087,Cc1oncc1C(=O)N1CCCC(C(=O)N(C)Cc2ccc(F)cc2)C1,1,0.4669421,0.4669,0.8416767,0.8417,0.9999976,359.4010,7
28.5463,29.8345,-2.9872,0.2237277,CN(C)C1(C(=O)O)CCN(C(=O)NCCC(F)(F)F)CC1,1,0.1248051,0.1248,0.8161783,0.8162,0.9999996,311.3040,7
22.4688,22.7931,-0.9190,0.1822846,O=C(O)c1ccccc1C(=O)Nc1ccncc1,1,0.0916810,0.0917,0.8626138,0.8626,0.9997956,242.2340,8
28.3347,27.9128,-23.5397,0.0364427,CC1Cc2cc(C(C)N)ccc2O1,1,0.0098211,0.0098,0.7119867,0.7120,0.9248080,177.2470,8
32.9203,31.7002,-6.1622,0.2128159,CN(c1ccccc1)S(=O)(=O)c1cccc(C(=O)N2CCOCC2C(F)(F)F)c1,1,0.1190089,0.1190,0.7512607,0.7513,0.9986301,428.4320,8
68.1673,69.3138,-69.3138,0.0000002,O=c1c(Oc2ccccc2)c(-c2ccc(O)cc2)oc2c(O)cc(C(O)(Cc3nn[nH]n3)C(OC3OC(CO)C(O)C(O)C3O)C(O)C(O)CO)cc12,1,0.0000000,0.0000,0.0654601,0.0655,0.0000000,740.6750,8
93.7474,95.8187,-95.8187,0.0000000,c1c(ccc(c1)OC)CN(C[C@H]1C(=O)O[C@]23[C@H]4C=Nc5cc(ccc5[C@@]4([C@]21Nc1c2ccccc2cc3)C=C(C)[C@H]1O)O)c1c(ccc2c1cccc2)O,0,0.0000000,0.0000,0.0000000,0.0000,0.0000000,0.0000,8
41.8923,41.7300,-24.3568,0.1447764,CC=CCc1cc(CCc2ccc(OCC3CO3)cc2)c(CCC)cc1OCC1CO1,1,0.0866099,0.0866,0.3327944,0.3328,0.9992015,422.5650,8
27.0631,28.8573,-13.5445,0.1276062,Cc1ccc(C(=O)CSc2ccc3ccccc3c2)cc1[N+](=O)[O-],1,0.0757062,0.0757,0.2833997,0.2834,0.9999997,337.4000,8
64.4075,63.9788,-63.9788,0.0000003,COC(CCC1CCCCN1C(=O)CCCC1NC(=O)C2CCC1N2C(=O)C(NC(=O)OC1CCCC1)C(C)(C)C)(c1ccccc1)c1ccccc1,1,0.0000000,0.0000,0.2332199,0.2332,0.0000000,728.9750,8
28.8478,28.9446,33.9585,0.5241922,CC1CCN(c2ccc(NC(=O)c3cn4ccsc4n3)cn2)CC1,1,0.4245157,0.4245,0.7940072,0.7940,0.9999995,341.4400,8
36.2602,38.3852,39.8383,0.6518624,O=C1NC(=O)C(N2CCN(Cc3ccc(Cl)cc3)CC2)C(c2ccccn2)N1,1,0.5744258,0.5744,0.8193742,0.8194,0.9999011,399.8820,8
28.9422,29.1502,32.7056,0.5154650,CCOc1ccc2nc(NC(=O)c3ccc(-n4nc(C)cc4C)cc3)sc2c1,1,0.4646739,0.4647,0.5320931,0.5321,0.9999499,392.4840,8
35.2180,36.3649,-3.9861,0.2698233,Fc1ncc(-c2ccc3ccccc3c2Cl)n2ccnc12,1,0.1852258,0.1852,0.5229278,0.5229,0.9999987,297.7200,8
49.3251,54.7579,-35.0965,0.1638445,COc1ccc(CCNC(=NCC(c2ccc3c(c2)OCO3)N2CCOCC2)Nc2cccc(C)c2C(C)C)cc1,1,0.2429048,0.2429,0.2503587,0.2504,0.0044580,558.7230,8
44.8700,49.1019,-20.4767,0.2385441,COc1ccccc1NS(=O)(=O)c1ccc(N2C(=O)c3cccc(C(=O)NCC4CCN(c5ccccc5)C4)c3C2=O)cc1,1,0.8079712,0.8080,0.2664918,0.2665,0.0000374,610.6920,8
27.1594,27.6133,-19.0478,0.0713797,CC(N)(C#N)OCCc1ccccc1,1,0.0252741,0.0253,0.7307657,0.7308,0.9760324,190.2460,8
27.4107,28.9152,-16.4451,0.1039177,Cc1ccc(N(C)c2ccc(C(N)=NO)c(C)c2)cc1,1,0.0515657,0.0516,0.3892139,0.3892,0.9999832,269.3480,8
45.7645,47.4689,-47.4688,0.0000006,O=C(O)C1OC(OCC2OC(c3ccccc3NS(=O)(=O)c3ccccc3[N+](=O)[O-])C(O)C(O)C2O)C(O)C(O)C1O,1,0.0000000,0.0000,0.1098960,0.1099,0.0000218,616.5540,8
43.7300,42.0533,-31.6794,0.0864489,CCCCCCC(OS(=O)Cc1ccccc1)C(C)S(=O)(=O)c1ccc(Br)cc1,1,0.0458279,0.0458,0.3435281,0.3435,0.4653328,501.5080,8
82.8127,83.2934,-83.2933,0.0000006,CCCCC1CN(c2ccc(C#N)c(N3CCC(C)(O)C3)c2C#N)CC(C)(C)N1CCN(C)C(C)Cc1ccc(C(F)(F)F)cc1,1,0.0000000,0.0000,0.3038628,0.3039,0.0000028,638.8230,8
31.1259,33.7643,-21.4394,0.1027070,CCC1NCC(=O)N1C1CCCN(c2cccc(Cl)c2)C1,1,0.0395170,0.0395,0.9316566,0.9317,0.9999995,307.8250,8
23.1972,23.0145,-16.9463,0.0505677,CN(C)CCCc1ccc(O)c(Br)c1,1,0.0145172,0.0145,0.8969776,0.8970,0.9999529,258.1590,8
27.3793,26.4205,-17.1896,0.0769243,c1cnc2oc(CN3CCCNCC3)cc2c1,1,0.0268225,0.0268,0.8524931,0.8525,0.9994405,231.2990,8
26.8790,27.1830,-14.7322,0.1037565,c1ccc(Cn2c[o+]c3ccccc32)cc1,1,0.0456985,0.0457,0.5905592,0.5906,0.9961268,210.2560,8
39.3341,39.6993,30.2251,0.5827029,Cc1ccc(CCNC(=O)COC(=O)CCN2C(=O)NC3CCCCC32)cc1C,1,0.5219093,0.5219,0.6541515,0.6542,0.9998851,401.5070,8
27.7619,29.3536,-6.4590,0.1907883,CC(C)CNc1ccc(C(=O)N2CCOCC2)cc1N1CCCCC1,1,0.0969813,0.0970,0.8899176,0.8899,0.9999993,345.4870,8
37.5599,37.0240,21.7414,0.4897118,CCC(C)C(NC(=O)OCC1c2ccccc2-c2ccccc21)C(=O)N1CCCCC1CCCO,1,0.4414599,0.4415,0.5260004,0.5260,0.8773933,478.6330,8
40.9595,42.2993,21.7590,0.5338193,Cc1cc(OCC(=O)Oc2cc(C3C(C#N)=C(N)Oc4n[nH]c(C)c43)ccc2O)no1,1,0.5275063,0.5275,0.4067820,0.4068,0.9991390,423.3850,8
34.1411,34.0161,-27.0188,0.0583102,CN(c1ccccc1C(=O)NCc1cn(Cc2ccco2)nn1)S(C)(=O)=O,1,0.0195002,0.0195,0.6510234,0.6510,0.9999622,389.4370,8
40.2712,41.9715,2.9554,0.3743911,COc1ccc(-n2cc(CN(Cc3cccc4c3OCCO4)CC3CCCO3)c(-c3cccs3)n2)cc1,1,0.4531035,0.4531,0.2897089,0.2897,0.1644179,517.6510,8
31.0306,32.5039,-32.5038,0.0000006,CCN(C(=O)C(CCSC)NC(=O)OC(C)(C)C)C(C(=O)NC(C(=O)OC(C)(C)C)c1cc(C)ccc1C)c1ccccc1,1,0.0000000,0.0000,0.2760047,0.2760,0.0000077,627.8480,8
24.6121,24.4969,-3.7804,0.1726373,O=C(O)c1ccccc1NS(=O)(=O)c1cccc(Br)c1,1,0.0842786,0.0843,0.8823937,0.8824,0.9999982,356.1970,8
28.7013,27.7332,-17.6647,0.0839042,CC(C)CNc1nc(=O)[nH]nc1C(C)(C)C,1,0.0307448,0.0307,0.8164823,0.8165,0.9989353,224.3080,8
35.8481,35.7196,-30.7092,0.0417537,O=C(Cl)C(Cl)C(O)C1CC1(Cl)Cl,1,0.0123004,0.0123,0.6148598,0.6149,0.9999163,251.9240,8
29.6879,28.4521,9.8102,0.3188524,CC1CCCC(Sc2ccc3c(c2)OCCO3)(C(=O)O)C1,1,0.1997877,0.1998,0.9246076,0.9246,0.9999995,308.3990,8
38.7328,40.0173,25.4567,0.5456169,O=C1OCC(c2ccccc2)N1CCOCCOc1cccc2nsnc12,1,0.4981522,0.4982,0.5542143,0.5542,0.9999738,385.4450,8
34.0499,36.3124,16.6100,0.4410197,CCOc1cccc(NC2=C(c3ccccc3O)C(=O)N(c3ccccn3)C2=O)c1,1,0.3570102,0.3570,0.6136663,0.6137,0.9998860,401.4220,8
69.5031,69.2642,-59.5522,0.0809325,CSCC(=O)N(C)C1CCC2(C)C(CCC3C4CCC(CC(=O)N=Nc5ccc(C)cc5O)C4(C)CC(O)C32)C1,1,0.0910602,0.0911,0.3798001,0.3798,0.0016100,569.8120,8
48.6456,50.1809,20.2584,0.5869943,[C-]#[N+]c1c(NCc2ccc(Cl)cc2)nc(NC(=O)N2CCCC2)nc1-c1ccc(Cl)c(F)c1,1,0.6222217,0.6222,0.4115724,0.4116,0.7940175,485.3500,8
35.2427,38.8708,12.0552,0.4243827,CC(c1ccccc1)N(CCC(=O)O)C(=O)c1cccc(NS(=O)(=O)c2cccnc2)c1,1,0.3566344,0.3566,0.5116695,0.5117,0.9863594,453.5200,8
31.9218,31.1961,2.0765,0.2772711,CC(C)(O)CNC(=O)COC(=O)c1csnn1,1,0.1774335,0.1774,0.6964785,0.6965,0.9999575,259.2870,8
35.2136,34.7304,-5.3423,0.2449006,C=CC(=O)N1CCN(c2nc(C)nc3cc(C)c(N)cc23)CC1,1,0.1499839,0.1500,0.6742064,0.6742,0.9999996,311.3890,8
38.7857,38.6156,-24.2825,0.1194429,CC=C1OC(=O)[C]2c3c(C)cccc3CCC21,1,0.0546628,0.0547,0.6368771,0.6369,0.9991903,227.2830,8
26.6933,26.5768,-15.5944,0.0915200,Cc1noc(C)c1C(=O)N1CCN(Cc2ccsc2)CC1,1,0.0341437,0.0341,0.8729593,0.8730,0.9999994,305.4030,8
34.7388,33.7363,-24.3327,0.0783633,Cc1cc(C(F)(F)F)nc(COC(C)(C)CN)n1,1,0.0270925,0.0271,0.9028160,0.9028,0.9999705,263.2630,8
34.3607,33.2918,-21.6586,0.0969435,CCC(C)(C)S(=O)(=O)NS(=O)(=O)CC1CCC1,1,0.0380799,0.0381,0.7946209,0.7946,0.9999954,283.4150,8
30.6142,30.0354,21.9209,0.4329693,COc1ccc(CCCC(=O)Nc2ccc(CN=C(N)N)cc2)cc1,1,0.3672172,0.3672,0.5070551,0.5071,0.9999996,340.4270,8
67.9145,67.7605,-56.0040,0.0979704,CC(=O)Nc1cc(-c2nc(NC3CCC(N4CCC(c5cccc6c5CCN(OO)C6)CC4)CC3)ncc2Cl)cnc1OC(C)C,1,0.4284310,0.4284,0.1795527,0.1796,0.0000010,650.2240,8
38.7308,38.5975,-20.4251,0.1514365,O=C(Nc1ccc(Sc2nnnn2-c2ccccc2)cn1)c1ccc(-c2ccccc2Cl)s1,1,0.0982212,0.0982,0.3214376,0.3214,0.6961092,491.0010,8
31.1170,31.8419,-8.5613,0.1940052,Cc1cccc(C2=NN(C(=O)CNC3CCCC3)C(c3ccco3)C2)c1,1,0.0992810,0.0993,0.8913240,0.8913,0.9999989,351.4500,8
33.0624,33.0589,53.6242,0.7223594,COc1ccc2c(c1)N(CC(=O)Nc1ccc(C)c(C)c1)C(C)C2,1,0.6411155,0.6411,0.9321583,0.9322,0.9999999,324.4240,8
29.0651,30.7478,38.8803,0.5802344,Cc1ccc(NC(=O)Nc2ccc(SC(C)C(=O)Nc3ccc(Oc4ccccc4)cc3)cc2)cc1,1,0.7708385,0.7708,0.2196151,0.2196,0.5545833,497.6200,8
30.5625,31.9436,-10.8365,0.1758926,CCc1ccc(C(=O)NCc2ccc(S(=O)(=O)N(C)Cc3ccccc3)s2)cc1,1,0.0972054,0.0972,0.5883318,0.5883,0.9986115,428.5790,8
50.1555,49.3375,-42.4971,0.0570031,CC1N=C(C(F)F)C=C(C2CC(F)(F)CCC2C(N)=O)N1C,1,0.0177260,0.0177,0.8116206,0.8116,0.9999999,321.3180,8
36.4463,39.4546,16.8526,0.4692267,Cc1ccc(Cl)cc1N1C(=S)NC(c2cccc3ccccc23)C1c1ccco1,1,0.4471445,0.4471,0.3806010,0.3806,0.9994276,418.9490,8
46.9383,48.7281,-15.3659,0.2780183,O=C(O)c1c2c(cc(=O)n1CC1CCN(C(=O)C3(S(=O)(=O)c4ccc(OC(F)(F)F)cc4)CC3)CC1)CCCC2,1,0.5710643,0.5711,0.5296713,0.5297,0.0004965,582.5970,8
31.5842,32.3554,14.5143,0.3905808,CCC(=O)c1ccc(OCC(=O)NN=Cc2ccc(OCc3ccc([N+](=O)[O-])cc3)c(OC)c2)cc1,1,0.4547779,0.4548,0.1729814,0.1730,0.6863003,491.5000,8
25.7176,25.4571,-9.5864,0.1322558,CC(NC(=O)c1cc[nH]c(=O)c1)c1ccc(F)cc1,1,0.0575251,0.0575,0.8863036,0.8863,0.9999611,260.2680,8
30.2810,30.0250,-16.8567,0.1097360,Cc1ccc(CCN)cc1OC(C)c1ncc[nH]1,1,0.0445973,0.0446,0.8495678,0.8496,0.9998462,245.3260,8
35.0713,35.4542,0.4870,0.2995103,Cc1cc(N2CCN(C)CC2)ccc1[S+]([O-])CCS(C)(=O)=O,1,0.1944977,0.1945,0.7427770,0.7428,0.9999994,344.5020,8
25.3359,25.7567,-18.1083,0.0637371,COC(=O)c1ccc(C=O)c(Cl)c1N,1,0.0244712,0.0245,0.4594979,0.4595,0.9971558,213.6200,8
33.6368,35.3936,-26.8160,0.0714801,C=C1Nc2ccccc2C2C(c3cccc([N+](=O)[O-])c3)Nc3ccccc3N12,1,0.0284774,0.0285,0.4788274,0.4788,0.9999934,370.4120,8
28.4326,28.5593,-16.8197,0.0978301,CC(C)(C)c1ccc(C(NCCO)C(C)(C)O)cc1,1,0.0389860,0.0390,0.7659299,0.7659,0.9999758,265.3970,8
33.0316,32.2736,-26.1427,0.0510904,COCCNCC1CC1C1CCCC12CC2,1,0.0158267,0.0158,0.6983588,0.6984,0.9988383,223.3600,8
37.6755,39.0818,14.1795,0.4438440,O=C(c1cc(NC(=O)C2(Nc3ccccc3F)CC2)ccc1Cl)N1CCCC1,1,0.3358245,0.3358,0.7848461,0.7848,0.9998812,401.8690,8
24.6865,26.1692,-8.6493,0.1459992,Cc1ccc(Cl)cc1N(CC(=O)N1CCC(C)CC1)S(C)(=O)=O,1,0.0674819,0.0675,0.8309927,0.8310,0.9999977,358.8910,9
34.6886,38.1039,14.5450,0.4387405,NCCN1CCN(c2ccc(Nc3ncc4cc(-c5ccc(F)cc5)c(=O)n(C5CCCC5)c4n3)cc2)CC1,1,0.5980098,0.5980,0.3646710,0.3647,0.0726636,527.6480,9
38.1076,40.8750,7.5201,0.4032930,O=C(COc1ccc(-c2nc3ccccc3s2)cc1OCc1ccc([N+](=O)[O-])cc1)OCc1ccccc1,1,0.7273721,0.7274,0.1151801,0.1152,0.0796444,526.5700,9
37.6060,38.9688,-18.8631,0.1675474,O=C1CCCNC1(Cc1ccc([N+](=O)[O-])cc1)Nc1ccc(F)cc1,1,0.0883610,0.0884,0.6438377,0.6438,0.9999995,343.3580,9
57.5671,60.3688,16.4220,0.6399239,O=C(N(C1CC1)C1CC2CC1CC(F)(F)C2)C1(Cc2ccc(F)cc2Cl)C2CCN1CC2,1,0.6193498,0.6193,0.5874825,0.5875,0.9544234,466.9750,9
37.5384,35.5194,-0.5821,0.2911441,CC(C)(CCNC(=O)CSC(CC(=O)O)C(=O)O)CCC(=O)O,1,0.2214282,0.2214,0.4094724,0.4095,0.9999990,349.4050,9
37.1297,41.3770,-19.1585,0.1851545,CN(C(=O)c1cc(Cl)ccc1Nc1ccc2ccccc2c1)c1ccc(Br)cn1,1,0.1206351,0.1206,0.3651355,0.3651,0.9552536,466.7660,9
37.8560,39.8924,-25.9182,0.1164515,Cc1ccccc1C(OC(C)(C)C)C(=O)N(C)c1ccc(NC(=O)c2ccccc2)cc1,1,0.0552601,0.0553,0.5403133,0.5403,0.9983358,430.5480,9
35.9261,40.5039,40.7274,0.6769275,Cc1cc(Nc2nc(Nc3ccc(F)cc3F)cc(Nc3cccc4ccccc34)n2)no1,1,0.8263799,0.8264,0.2778943,0.2779,0.9940405,444.4450,9
85.0907,83.4939,-83.4939,0.0000000,c1(c2oc3c(c2ccc1)cccc3)-c1cc(-c2ccccc2)nc(N2C3CC=CC=C3C3c4c(C(C)(C3=2)C)c2c(cccc2)n4-c2cccc(-c3nc(nc(n3)-c3ccccc3)-c3ccccc3)c2),0,0.0000000,0.0000,0.0000000,0.0000,0.0000000,0.0000,9
40.5615,41.9906,-41.9906,0.0000000,N1C(Nc2cc(C3CN(Cc4cc(ccc4C)F)CC3)onc2C1=O)=O,0,0.0000000,0.0000,0.0000000,0.0000,0.0000000,0.0000,9
26.8523,25.9427,-15.7820,0.0846728,Nc1cnc(NC(CO)c2ccccc2)s1,1,0.0318344,0.0318,0.7562477,0.7562,0.9996133,235.3120,9
47.1110,46.8006,10.7520,0.4796057,CCCCOc1ccc(C2=C(C)C(=O)C3CCCC[N+]3(C)C2=O)c2ccccc12,1,0.4181262,0.4181,0.5368546,0.5369,0.9999498,392.5190,9
37.3879,35.6517,-26.3751,0.0773052,CC[N+](C)(CCCCCCCCCCCCCCCCCC(C)O)CCCC(C)C,1,0.0464241,0.0464,0.1281440,0.1281,0.9988217,426.7940,9
33.8061,34.9470,-27.0895,0.0654791,COc1cc2c(C(=O)Nc3cc(C)cc(C)c3)cn(C)c2cc1Cl,1,0.0221121,0.0221,0.7487011,0.7487,0.9999995,342.8260,9
33.4354,33.6125,-5.2270,0.2365456,CNC(=O)C(C)N(Cc1ccccc1C)C(=O)CN(c1ccccc1F)S(=O)(=O)c1ccc(OC)c(OC)c1,1,0.3573470,0.3573,0.3869995,0.3870,0.0049215,557.6440,9
23.7824,22.8677,-14.5654,0.0691855,CCOC(=O)C(C#N)=Cc1ccc(OC)c(OC)c1OC,1,0.0275978,0.0276,0.4539565,0.4540,0.9999978,291.3030,9
42.4398,43.0149,41.4545,0.7039121,NC1CCC(CCc2nc3c(F)cc(-c4cccc(Cl)c4)cc3c(=O)[nH]2)CC1,1,0.6821093,0.6821,0.6593633,0.6594,0.9999009,399.8970,9
25.7912,25.1996,-18.3900,0.0567464,CC(=O)NCCC=Cc1ccn(C)c(=O)c1,1,0.0179017,0.0179,0.7671840,0.7672,0.9984567,220.2720,9
27.1484,28.4873,-7.5606,0.1743887,CCNC(=O)C(C)N(Cc1ccccc1C)C(=O)CN(c1ccccc1Cl)S(C)(=O)=O,1,0.0953121,0.0953,0.6163872,0.6164,0.9581631,466.0030,9
30.1748,30.9547,20.9460,0.4325059,Cc1ccc(N(CC(=O)NCc2ccccc2C#N)S(=O)(=O)c2ccc(F)cc2)cc1,1,0.3475577,0.3476,0.6124227,0.6124,0.9968488,437.4960,9
36.6255,38.9541,-38.9538,0.0000022,O=C(Nc1ccc([B]S(=O)(=O)O)cc1)NC12CC3CC(CC(C3)C1)C2,1,0.0000000,0.0000,0.5639486,0.5639,0.9999972,361.2520,9
34.0557,34.2322,45.1337,0.6613827,O=C(O)CSc1cnc(NC(=O)CCNC(=O)c2ccc(F)cc2)s1,1,0.6400209,0.6400,0.6033779,0.6034,0.9999782,383.4260,9
27.5437,27.9941,2.8476,0.2570143,COCCN(Cc1ccccc1)c1cccc(C(=N)N)n1,1,0.1659582,0.1660,0.6022698,0.6023,0.9999958,284.3630,9
31.2897,30.9456,-16.1086,0.1236411,O=C(O)C1CCC(C(=O)N2CCC(S(=O)(=O)O)CC2)CC1,1,0.0549557,0.0550,0.7426232,0.7426,0.9999998,319.3790,9
31.9217,31.1974,-24.4782,0.0559933,CCC=CCC=CCC=CCC=CCC=CCC=CCCC(=O)N(C#N)C(C)C,1,0.0271177,0.0271,0.1676136,0.1676,0.9999391,394.6030,9
37.5310,37.0190,47.2489,0.7022329,CC(=O)N1CCC(N2CCC(c3cccc4nc(C(N)=O)nn34)CC2)CC1,1,0.6280176,0.6280,0.8699736,0.8700,0.9999934,370.4570,9
35.6516,36.9933,-12.5368,0.2038036,Cc1ncccc1CN1CCC(CO)(OCc2cccnc2)C1,1,0.1068065,0.1068,0.8830131,0.8830,0.9999997,313.4010,9
37.1302,42.7657,-19.2234,0.1961851,COC(=O)CC1(CNC(=O)c2ccc(Cn3nc(C)cc3C)cc2)Nc2ccccc2C(=O)O1,1,0.1182271,0.1182,0.5194991,0.5195,0.9693301,462.5060,9
29.9299,31.0038,-5.5139,0.2124157,CCN(Cc1ccc(C(=O)Nc2ccc3c(c2)OCCCO3)cc1)C1CC1,1,0.1150673,0.1151,0.8367615,0.8368,0.9999955,366.4610,9
28.2768,27.3248,36.5789,0.5325311,COCC(C)NC(=O)c1ccc(COc2ccc(F)cc2)o1,1,0.4252238,0.4252,0.8542079,0.8542,0.9999995,307.3210,9
25.6074,25.1487,33.1471,0.4857979,Cc1ccc(NCc2ccc(C(=O)O)o2)cc1[N+](=O)[O-],1,0.4046200,0.4046,0.6421173,0.6421,0.9999911,276.2480,9
41.3862,41.9776,29.5312,0.5959067,Cc1nnc(NC(=O)c2cc(CC3CCCC3)nc(N(C)C)n2)o1,1,0.4923433,0.4923,0.8973325,0.8973,0.9999998,330.3920,9
28.0181,27.5347,22.6873,0.4185165,CC(O)C1CCN(C(=O)c2ccccc2-n2cnnn2)C1,1,0.2980160,0.2980,0.8886385,0.8886,0.9999968,287.3230,9
49.4183,52.9652,7.4556,0.5035067,CCN(Cc1ccccc1)C(=O)C(C)(C)NCC1CN(c2ncc(F)cc2F)CC(C)O1,1,0.4204433,0.4204,0.6739440,0.6739,0.9927801,446.5420,9
31.7343,34.6407,33.4253,0.5672167,CC(NS(=O)(=O)c1ccccc1NC(=O)OC(C)(C)C)c1ccc(S(N)(=O)=O)cc1,1,0.5133910,0.5134,0.6106180,0.6106,0.9835891,455.5580,9
32.8647,31.8283,30.3366,0.5180404,COc1cccc(NC(=O)Cn2c(=O)c3sccc3n(CCc3ccccc3)c2=O)c1,1,0.4811210,0.4811,0.4836136,0.4836,0.9973754,435.5050,9
25.7556,27.8430,12.6547,0.3374808,CCOc1cc(C=NNC(=O)c2ccco2)cc(Br)c1OCc1ccc(Cl)cc1Cl,1,0.3676900,0.3677,0.2930793,0.2931,0.2455543,512.1870,9
50.9111,51.6347,17.2424,0.5739758,COc1ccc(N=C2NC(=O)C(Cc3ccc(C)cc3)C23NC=CC=C3C(F)(F)F)cc1,1,0.4932162,0.4932,0.7410086,0.7410,0.9954695,441.4530,9
26.2080,25.7124,-19.6681,0.0503689,CCCn1cnnc1CNCC[S+](C)[O-],1,0.0167343,0.0167,0.5349530,0.5350,0.9993887,230.3370,9
51.4654,54.7463,17.7093,0.6037969,O=C(NC=Cc1cc([N+](=O)[O-])cn1-c1nc2c(s1)CS(=O)(=O)C2)OCc1ccccc1,1,0.6168431,0.6168,0.4410390,0.4410,0.9743875,460.4930,9
36.3231,39.0320,15.2802,0.4526017,CC(Oc1ccc2cc(Cl)cc(Cl)c2c1)C(=O)Nc1ccc(C(=O)NC(C)(C)C)cc1,1,0.3973300,0.3973,0.4860035,0.4860,0.9768398,459.3730,9
56.3274,55.3424,-44.6638,0.0889883,CC(=O)C12CC(=O)OC1C(=O)C1(C(C)CC3C4CCCC(=O)C4(C)CCC31)C(O)C2,1,0.0355308,0.0355,0.6601547,0.6602,0.9995425,416.5140,9
28.9697,30.8341,-12.7345,0.1508296,O=C(CC1NC(=O)c2ccccc2NC1=O)NN=Cc1ccc(N2CCCC2)cc1,1,0.0807398,0.0807,0.5219906,0.5220,0.9998347,405.4580,9
27.7421,27.5574,14.5021,0.3504958,CN(C)C(=O)Sc1nc(-c2ccccc2)no1,1,0.2414097,0.2414,0.7652368,0.7652,0.9998933,249.2950,9
33.2786,34.5680,-34.5677,0.0000023,[B]c1ccc2nc(N3CCC(Cc4ccccc4)CC3)c(C#N)n2c1,1,0.0000000,0.0000,0.6946905,0.6947,0.9999999,326.2120,9
33.3795,33.0201,-10.5653,0.1871230,CCN(CC)C(=O)NCC(O)CC(C)c1ccco1,1,0.0973744,0.0974,0.7963095,0.7963,0.9999816,268.3570,9
30.5994,31.9909,35.4390,0.5619157,COc1cc2oc3ccccc3c2cc1NC(=O)CNC(=O)c1ccc(Cl)s1,1,0.5361251,0.5361,0.4966035,0.4966,0.9996068,414.8700,9
34.6334,37.1848,0.5163,0.3141756,CCOC(=O)N1CCN(C(=O)CNc2cc(N)c(N)cc2C#N)CC1,1,0.2142650,0.2143,0.6722526,0.6723,0.9999993,346.3910,9
38.3065,41.9601,37.2889,0.6604088,O=C(NO)C1N(C(=O)Nc2ccccc2Cl)CCN(c2ccc(F)cc2)C12CC2,1,0.6637559,0.6638,0.5274219,0.5274,0.9994324,418.8560,9
42.3839,44.1921,-30.8429,0.1112437,CC(=O)NC(Cc1ccccn1)C(=O)NC(c1ccc(N)cc1)c1cccs1,1,0.0518473,0.0518,0.5368440,0.5368,0.9999397,394.5000,9
28.2430,27.4262,-20.4117,0.0584547,CCCCOc1cc(F)cc(Br)c1N,1,0.0194368,0.0194,0.6666854,0.6667,0.9999673,262.1220,9
39.1222,38.9156,-18.1694,0.1728843,CC1(c2c(C(=O)OCC(=O)NC(N)=O)sc3ccccc23)OC(=O)c2ccccc21,1,0.0933970,0.0934,0.6206104,0.6206,0.9990517,424.4340,9
43.2366,43.1947,-28.1239,0.1255897,[C-]#[N+]C(=CC(Nc1c(C)csc1C)=C(C#N)C#N)C(=O)OC,1,0.0725852,0.0726,0.3032512,0.3033,0.9999997,312.3540,9
34.8677,34.6154,-9.9124,0.2058584,O=C(Nn1c(=O)c2ccccc2c2ccccc2c1=O)C(F)(F)F,1,0.1138985,0.1139,0.7413608,0.7414,0.9999998,334.2530,9
60.3122,61.8448,-61.8445,0.0000023,Cc1ccc(N2CC=CC3(O)CC45C=CC(OC4CNCc4cccc(F)c4F)C(C2)C35)cn1,1,0.0000000,0.0000,0.6621553,0.6622,0.9598253,465.5440,9
33.2358,35.1155,15.5778,0.4224440,CC(C)(C)N1C(=O)CC(NCCS(=O)(=O)c2cccc(F)c2)C1=O,1,0.3112867,0.3113,0.7994361,0.7994,0.9999982,356.4190,9
38.9503,38.4833,-22.4668,0.1334705,COc1cccc(NC(=S)NCc2cnc(C(F)(F)F)nc2)c1F,1,0.0638091,0.0638,0.6454145,0.6454,0.9999974,360.3360,9
36.5201,39.3606,-13.3788,0.2165156,COC(=O)C1=C(O)C2(Nc3ccccc3OC)Cc3ccccc3N2C1=O,1,0.1277729,0.1278,0.6381335,0.6381,0.9999955,366.3730,9
67.9518,68.0296,-50.2984,0.1477595,COC(=O)NC(C(=O)N1CCCC(NC(=O)C(CCNc2ccc3c(c2)C=NC3)NC(=O)c2ccc(C3(O)CC3)cc2)C1)C(C)C,1,0.5613173,0.5613,0.2404364,0.2404,0.0000049,632.7620,9
28.5316,27.9830,-27.9828,0.0000024,CNC(c1cccc(F)c1F)c1scc(Br)c1Br,1,0.0000000,0.0000,0.7805443,0.7805,0.9999236,397.0820,9
32.3239,33.5488,-15.7492,0.1483301,Cn1nccc1-c1cn2cc(C(=O)O)ccc2c1F,1,0.0706273,0.0706,0.7669237,0.7669,0.9999573,259.2400,9
27.0188,25.9442,-17.1849,0.0729944,O=C(CC1OCCCO1)NCCOCCO,1,0.0279674,0.0280,0.5665827,0.5666,0.9995331,233.2640,9
21.9415,21.8321,-18.2395,0.0299379,CN(C)c1ccc(C=CI)cc1,1,0.0072309,0.0072,0.7480489,0.7480,0.9999881,273.1170,9
31.2819,30.9284,-23.9089,0.0584960,CC(=O)COCC(=S)Sc1ccccc1,1,0.0202099,0.0202,0.5837208,0.5837,0.9997568,240.3490,10
30.2890,30.3665,-7.9771,0.1865782,COc1cc(C=Nc2ccccc2)cc(C)c1OCc1ccc(Br)cc1,1,0.1134138,0.1134,0.4602889,0.4603,0.9997416,410.3110,10
39.3247,40.8850,-14.6369,0.2187340,CCOC(=O)C1=C(C)N=c2sc(=Cc3c(OCc4ccccc4C)ccc4ccccc34)c(=O)n2C1C1CCCCC1=O,1,0.5814805,0.5815,0.2620504,0.2621,0.0001624,594.7330,10
45.3631,45.5990,-45.5990,0.0000000,c1c2c3c(ccc(-c4cc(-c5nc(-c6ccc(cc6)-c6ccccc6)cc(-c6ccccc6)n5)ccc#c4)c3)n(-c3ccc(-c4ccccc4)cc3)c2ccc1,0,0.0000000,0.0000,0.0000000,0.0000,0.0000000,0.0000,10
52.3987,53.7946,1.8553,0.4637490,NC1C(NC(=O)Nc2cccc3ccccc23)CCCC1Oc1cccc(-c2ccc(F)c(F)c2)c1,1,0.4839855,0.4840,0.3121820,0.3122,0.7589055,487.5500,10
32.5641,33.0565,-33.0565,0.0000002,CCCCCCCCCCCCCCCCCCC(=O)OC(COC(=O)CCCCCCCCCCC(C)CC)COP(=O)(O)OCC(O)COP(=O)(O)OCC(COC(=O)CCCCCCCCCC(C)C)OC(=O)CCCCCCCCCCCC(C)C,1,0.0000000,0.0000,0.0222051,0.0222,0.0000000,1325.8160,10
30.2800,29.6401,4.6760,0.2859672,CC1(C(=O)NC2CN3CCC2CC3)COc2ccccc21,1,0.1725241,0.1725,0.8966190,0.8966,0.9999965,286.3750,10
31.4319,31.0436,-18.5886,0.1037917,COc1cc(C=C(C#N)c2nc(-c3ccc(Br)cc3)cs2)ccc1OCc1ccccc1F,1,0.0799430,0.0799,0.2385595,0.2386,0.1221713,521.4110,10
35.8631,35.8715,-25.9899,0.0823465,CC(=O)NCCOc1c(C)cc(Br)cc1CS(C)(=O)=O,1,0.0303000,0.0303,0.7819452,0.7819,0.9999963,364.2610,10
33.8474,34.1988,-14.3110,0.1657319,COc1cc(NC(=O)Nc2cccc(C#N)c2)ccc1OCCC(C)C,1,0.0829812,0.0830,0.7596287,0.7596,0.9999986,353.4220,10
32.9584,33.4417,-6.2643,0.2264782,CCOC(=O)C(C)N1C(=O)SC(=Cc2cc(Br)c(OCC)c(OCc3ccc(C(=O)O)cc3)c2)C1=O,1,0.4731988,0.4732,0.3029525,0.3030,0.0007281,578.4370,10
52.9584,54.0067,-54.0067,0.0000004,CCCCCCCOC(=O)NC(C(=O)Nc1ccc(COC(O)c2ccc(N3CCN(c4ccc(OC)cc4)CC3)cc2)cc1)C(C)C,1,0.0000000,0.0000,0.1060677,0.1061,0.0000004,660.8560,10
33.9645,34.4707,-16.2808,0.1515831,CN(C)c1nccnc1C1CCN(C(=O)c2cc(Cl)cc(C(F)(F)F)c2)CC1,1,0.0731406,0.0731,0.7564333,0.7564,0.9996737,412.8430,10
26.4445,28.2801,-10.0330,0.1520589,CC(C)(C)OP(=O)(OC(C)(C)C)C(N=[N+]=[N-])c1ccccc1,1,0.0960743,0.0961,0.2957562,0.2958,0.9999999,325.3490,10
45.6861,48.4442,40.4064,0.7404213,Cc1cccc(N2CCN(N3C(=O)c4ccc(NC(=O)C5COc6ccccc6O5)cc4C3=O)CC2)c1,1,0.8433739,0.8434,0.5529937,0.5530,0.5335901,498.5390,10
22.9719,21.6297,-16.7952,0.0402877,COc1ccc(OC)c(F)c1F,1,0.0115144,0.0115,0.6820644,0.6821,0.9023778,174.1460,10
29.7285,29.9278,6.5099,0.3036469,NC1=CCCCC1N1CCN(c2cccc(Cl)c2)CC1,1,0.1872064,0.1872,0.9093320,0.9093,0.9999979,291.8260,10
42.0647,46.5188,-5.9419,0.3381407,CCCOc1cc(C2C(c3nnc(SCc4ccccc4Cl)o3)=C(N)Oc3n[nH]c(C)c32)ccc1OC,1,0.5318507,0.5319,0.2579218,0.2579,0.0244045,540.0450,10
40.4399,41.0499,-27.7573,0.1107722,COc1cccc(CN)c1OCc1cccn1-c1cncnc1,1,0.0467323,0.0467,0.7559490,0.7559,0.9999996,310.3570,10
52.6771,53.8533,-53.8533,0.0000002,Cc1ccc(OP(=O)(NC(C(=O)OCc2ccccc2)C(COC2CCCCO2)NC(=O)OC(C)(C)C)OCc2cccc([N+](=O)[O-])c2)cc1,1,0.0000000,0.0000,0.0693295,0.0693,0.0000000,713.7210,10
26.9012,26.9833,2.0538,0.2419759,O=c1ccccn1-c1ccc(Oc2ccncc2)cc1,1,0.1441200,0.1441,0.7300140,0.7300,0.9999732,264.2840,10
40.3585,42.1198,-31.8008,0.0859915,CC1OC(c2ccccc2Cl)NC1OSC(F)(F)F,1,0.0313852,0.0314,0.8584959,0.8585,0.9999997,313.7280,10
39.5482,40.5962,-4.3983,0.3016494,COC(C)c1ccc([N+](=O)[O-])cc1C(=O)OCC(=O)Nc1ccc(C(C)=O)cc1,1,0.2517888,0.2518,0.3118224,0.3118,0.9998964,400.3870,10
36.6199,38.7765,-24.0705,0.1225499,O=C(CSc1ccc(C(=O)Nc2ccc([N+](=O)[O-])cc2)cn1)Nc1ccccc1C(=O)NC1CC1,1,0.0796395,0.0796,0.2341750,0.2342,0.6857251,491.5290,10
49.0283,49.0407,-21.2402,0.2316709,CC(=O)N1CCN(C(=O)C(COc2ccc(OC(F)(F)F)cc2)OCc2ccc(Br)cc2)c2ccccc21,1,0.5782209,0.5782,0.3349443,0.3349,0.0001837,593.3960,10
33.0828,35.1247,-14.2837,0.1736750,CN=C(Nc1cc(OC)c(Cl)cc1OC)N1CCOC(c2ccccc2Cl)C1,1,0.0958653,0.0959,0.5795286,0.5795,0.9990609,424.3280,10
45.2947,46.6695,12.3055,0.4914578,Cc1ccc(S(=O)(=O)N2Cc3cc4c(cnn4Cc4ncccn4)cc3C(=O)O2)cc1,1,0.4460026,0.4460,0.4845280,0.4845,0.9973850,435.4650,10
29.0917,26.1350,5.2087,0.2611978,CC(C)(C)OC(=O)NC(CCC(=O)O)c1ccccc1Br,1,0.1545538,0.1546,0.8376621,0.8377,0.9999979,358.2320,10
29.5979,31.6961,-3.4173,0.2356570,O=C(Nc1ccccc1)c1ccc(OCCN2C(=O)SC(=Cc3cccs3)C2=O)cc1,1,0.1543167,0.1543,0.5060885,0.5061,0.9895985,450.5410,10
60.1072,61.6673,-35.6242,0.2170254,N#Cc1ccc2c(c1)c(=O)n(C1CCC(=O)NC1=O)c(=O)n2CC#Cn1c(NC(=O)c2ccc(C(=O)O)cc2)nc2ccccc21,1,0.8230139,0.8230,0.1949657,0.1950,0.0000238,615.5620,10
58.7333,60.4024,-6.8452,0.4463096,CC(=O)NC1CC(N(C)C)C(N(C)C)C2(CC3Cc4c(C)ccc(NC(=O)O)c4CC3C(=O)C2(O)O)C1=O,1,0.6446329,0.6446,0.3472123,0.3472,0.0562322,530.6220,10
34.4032,37.4534,5.6814,0.3594565,Cc1sc2nc(CSc3ccc(C(=O)Nc4ccc(F)c([N+](=O)[O-])c4)cc3)[nH]c(=O)c2c1C,1,0.3681396,0.3681,0.2208054,0.2208,0.8060384,484.5340,10
36.5066,42.8670,29.2566,0.6010303,CS(=O)(=O)N(Cc1ccc(N2C(=O)NC(=O)C(=Cc3ccco3)C2=O)cc1)CC1CCCO1,1,0.6028889,0.6029,0.4806143,0.4806,0.9198342,473.5070,10
61.0427,64.7318,18.4131,0.6928746,CNC1=C(CC(=O)O)OC(C)(c2ccccc2)N(C(=O)OC2Oc3ccccc3N(C)C2=O)C1,1,0.6630893,0.6631,0.6892383,0.6892,0.9523653,467.4780,10
39.2569,41.8204,10.2102,0.4335882,COc1ccc(-c2nc3c(c(N4CCCCC4)n2)CCN(c2ccc(-c4noc(C(F)(F)F)n4)cc2)C3)cc1,1,0.6834825,0.6835,0.3179538,0.3180,0.0333392,536.5580,10
30.5997,32.3143,-23.5281,0.0732179,Cc1ccc(Cl)cc1C(CO)Nc1ncccn1,1,0.0246863,0.0247,0.8902266,0.8902,0.9999717,263.7280,10
34.5429,37.9702,6.8160,0.3732184,COc1ccc(-c2ccc(-c3ccc(C(=O)N4CCC(Cc5ccccc5C(=O)O)CC4)cc3)cc2)cc1,1,0.3974995,0.3975,0.2992060,0.2992,0.3735377,505.6140,10
35.3961,38.0151,-21.3829,0.1386019,COc1cc(C(C)Nc2ccc(C(N)=O)cc2Br)cc(OC)c1OCc1cccc(F)c1,1,0.0869533,0.0870,0.4056390,0.4056,0.4230646,503.3680,10
30.2391,32.0466,11.2892,0.3611317,COc1cccc(CNc2ccc(C(=O)O)cc2Cl)c1OCc1cccc(C)c1,1,0.2831540,0.2832,0.5085261,0.5085,0.9997013,411.8850,10
27.3248,27.3134,-16.4050,0.0909031,CSC(CO)C(=O)Nc1ccccc1C(F)(F)F,1,0.0336369,0.0336,0.8892806,0.8893,0.9999933,279.2830,10
25.3820,26.8642,-15.6755,0.0932392,CC1CCC(C(C)C)C(Nc2ncc(C(=O)O)cc2N)C1,1,0.0360489,0.0360,0.7922632,0.7923,0.9999978,291.3950,10
24.7062,24.2149,-12.7543,0.0955050,O=C(Nc1cnn(Cc2ccccc2)c1)NC1CC1,1,0.0361950,0.0362,0.8807886,0.8808,0.9999441,256.3090,10
26.1525,24.9183,13.9689,0.3240601,COc1ccc(-c2ccccc2NC(=O)CN2CCOCC2)cc1,1,0.2049104,0.2049,0.9176005,0.9176,0.9999999,326.3960,10
36.2571,36.2198,10.3600,0.3881649,CCC(C)c1ccc(NC2CCC(C#N)(NC(C)(C)C)C2)cc1,1,0.2739025,0.2739,0.8193991,0.8194,0.9999997,313.4890,10
27.1460,26.6621,-19.2829,0.0614933,FC(F)n1cc(CBr)c2ccccc21,1,0.0204359,0.0204,0.7207259,0.7207,0.9999605,260.0810,10
71.3191,71.8736,-57.9590,0.1159546,C=CCC(O)c1ccc(-n2cc3c(c2O)C(=O)N(CCCOC)C2(C)CN(C(=O)C(c4ccccc4)c4ccccc4)CC32)cc1,1,0.3734912,0.3735,0.1635058,0.1635,0.0000162,619.7620,10
37.8703,37.9088,-16.7050,0.1766989,CCN(C)C(=O)COc1ccc(OCCCc2ccc(S(N)(=O)=O)cc2)cc1,1,0.0968183,0.0968,0.6100392,0.6100,0.9998180,406.5040,10
40.7792,42.9927,4.9860,0.3998223,COc1cc(C2N(CC(=O)Nc3ccc(Cl)c(Cl)c3)C(=O)C(=O)N2c2ccc(Cl)cc2)ccc1O,1,0.5425732,0.5426,0.4395780,0.4396,0.0390292,534.7830,10
27.0152,25.0364,7.3133,0.2695805,Fc1ccc(-c2nnc(C3=CCCCC3)o2)cc1,1,0.1635191,0.1635,0.8053596,0.8054,0.9998305,244.2690,10
36.3707,37.4459,-37.4459,0.0000000,Cc1n2c(-c3ccccc3C(C2)NC2CC2)cnc1,0,0.0000000,0.0000,0.0000000,0.0000,0.0000000,0.0000,10
25.1494,25.8700,-10.6034,0.1272221,O=C(Cc1c[nH]c2ccccc12)Nc1ccc2[nH]ccc2c1,1,0.0631321,0.0631,0.5271528,0.5272,0.9999973,289.3380,10
42.4954,45.5215,-9.3077,0.3017822,Cc1ccc(S(=O)(=O)n2cc(S(=O)(=O)N(Cc3ccco3)C3CCS(=O)(=O)C3)c3ccccc32)cc1C,1,0.5620520,0.5621,0.3378645,0.3379,0.0030975,562.6910,10
37.5306,38.0417,-25.0674,0.1081186,O=C1Cn2cc(-c3ccc4nc(CCl)oc4c3)nc2N1,1,0.0455071,0.0455,0.7348924,0.7349,0.9999971,288.6940,10
34.4724,38.1216,-18.9971,0.1593707,O=c1c2cccc(Nc3ccc(OCc4cccc(Cl)c4)cc3)c2nc2ccccn12,1,0.0972467,0.0972,0.3587260,0.3587,0.9986966,427.8910,10
24.9648,25.4360,-11.7899,0.1137176,CCCc1nc(N)c(-c2cccc(C)c2)c(Cl)n1,1,0.0467859,0.0468,0.8585053,0.8585,0.9999661,261.7560,10
33.1396,33.0891,17.4961,0.4215432,Cc1ccc(-c2nc3c(C)cccn3c2NC(=O)c2ccccc2Cl)cc1Cl,1,0.3684089,0.3684,0.4386432,0.4386,0.9997417,410.3040,10
59.3618,59.6589,10.2953,0.5829517,Cc1noc(-c2ccc(F)cc2OC(C)c2cncc(-n3cnc(C4(O)CC4)c3)c2)c1C,1,0.5744375,0.5744,0.4691716,0.4692,0.9976133,434.4710,10
32.1920,33.9124,21.7233,0.4636313,CCc1ccc(OCC(=O)Nc2nnc(SCC(=O)c3ccc(C)cc3)s2)c(Br)c1,1,0.5775654,0.5776,0.2452889,0.2453,0.3557658,506.4470,10
41.6791,41.2395,-41.2392,0.0000023,O=c1c2coc3c(Oc4ccccc4)c(N4CCCC4)cc(c13)C=CC=C2,1,0.0000000,0.0000,0.6439874,0.6440,0.9999980,357.4090,10
40.9844,42.1229,7.0664,0.4099110,CC(COC(=Cc1cc2c(cc1F)OCO2)C(=O)O)NC(=O)OC(C)(C)C,1,0.3276245,0.3276,0.5749570,0.5750,0.9999784,383.3720,10
35.4833,37.5526,8.1728,0.3810447,O=[N+]([O-])c1cccc(S(=O)(=O)Nc2cccc(CN(Cc3ccco3)S(=O)(=O)c3ccc(F)cc3)c2)c1,1,0.7015211,0.7015,0.2282332,0.2282,0.0148155,545.5700,10
31.2014,32.1875,4.5498,0.3061440,NS(=O)(=O)c1ccccc1NC(=O)CN1CCNCC12CCCCC2,1,0.2013854,0.2014,0.7337233,0.7337,0.9999954,366.4870,10
47.8853,47.3618,-47.3616,0.0000022,NC1B(O)CC=C(NC(C=O)Cc2ccccc2)C1=O,1,0.0000000,0.0000,0.5054264,0.5054,0.9999869,272.1130,10
44.2836,43.9974,-26.8620,0.1427949,CC1=CCC(C(=O)N2CCC3Cn4c(cc5ccccc54)CC32)C=C1,1,0.0666567,0.0667,0.7764416,0.7764,0.9999998,332.4470,10
35.1654,36.1979,-0.0035,0.3016199,CCOc1ccc(I)cc1C(=O)NNC(=O)c1ccc(CN2C(=O)c3ccccc3C2=O)cc1,1,0.6544815,0.6545,0.2686123,0.2686,0.0016791,569.3550,11
39.0214,39.8481,33.8316,0.6139978,CC(=O)c1c(C)cccc1N1CCCC(NS(=O)(=O)c2ccccc2F)C1,1,0.5317452,0.5317,0.7959408,0.7959,0.9999584,390.4800,11
42.6958,42.9349,24.1873,0.5593519,Cc1ccc(C(=O)Nc2nnc(S(=O)(=O)NCC3CCN(C(=O)OC(C)(C)C)CC3)o2)cc1,1,0.5047700,0.5048,0.6432186,0.6432,0.8679194,479.5590,11
38.8456,41.6283,-41.6283,0.0000000,c1c2cccc3c2c2c4c(ccc21)cccc4cc3-c1ccc(C2(c3ccccc3-c3c2cc2ccccc2c3)c2ccccc2)cc1,0,0.0000000,0.0000,0.0000000,0.0000,0.0000000,0.0000,11
37.3715,41.9778,-39.5631,0.0201229,O=C(Nc1cc(Br)ccc1NS(=O)(=O)Cc1ccccc1)c1ccc(CNS(=O)(=O)c2ccccc2)cc1,1,0.0259442,0.0259,0.2290560,0.2291,0.0000262,614.5430,11
34.5337,38.3741,-10.0801,0.2357836,O=C(COc1ccc(C(=O)Nc2nc(CN3CCCCC3)cs2)cc1[N+](=O)[O-])c1ccccc1,1,0.1883662,0.1884,0.2713502,0.2714,0.8571454,480.5460,11
129.3217,130.9981,-130.9981,0.0000000,C1N(CCC(OC(=O)NN(Cc2ccc(cc2)OC)C(Oc2c(C(=O)OCOC(=O)O[C@@H]3CC4[C@@](C)([C@H]5C(C[C@]6([C@H]([C@@H](O)C[C@]7(C)[C@H]5[C@H]6C[C@H](O)C45)C(C)=O)O)=O)C3)cccc2)=O)C1)S(=O),0,0.0000000,0.0000,0.0000000,0.0000,0.0000000,0.0000,11
44.4662,45.2637,-16.8231,0.2370050,O=S(=O)(c1ccc(-c2cccc(F)c2)cc1)N1CCN(C2CCN(CC3COC4(CCCCC4)O3)CC2)CC1,1,0.3284830,0.3285,0.5268592,0.5269,0.0048820,557.7320,11
37.0051,39.4306,-19.8788,0.1629313,O=C(Cc1cccc2ccccc12)NNC(=O)c1ccc2c(c1)C(=O)N(c1cccc(Cl)c1Cl)C2=O,1,0.1383625,0.1384,0.2953431,0.2953,0.1556901,518.3560,11
34.2386,39.4861,25.7895,0.5439631,CC1CN(c2ccc3c(N)c(C(=O)NCc4cccnc4OCC(F)(F)F)sc3n2)CC(C)O1,1,0.5382060,0.5382,0.5368922,0.5369,0.6015620,495.5270,11
25.0212,26.1436,15.5659,0.3475786,O=C(CN1CCN(C(=O)Nc2ccccc2F)CC1)NC1CC1,1,0.2293857,0.2294,0.8775724,0.8776,0.9999998,320.3680,11
30.0531,28.3837,-17.3066,0.0923086,CCc1nc(C)ccc1C#CCNC(C)=O,1,0.0359719,0.0360,0.7600147,0.7600,0.9977732,216.2840,11
27.2026,27.8229,-11.6500,0.1347740,Cc1c(NN)ncnc1N1C2CCC1CN(C)C2,1,0.0666655,0.0667,0.5813042,0.5813,0.9998834,248.3340,11
35.9774,38.9882,19.8736,0.4905155,CN(C)c1ccc(CCCN(CC(=O)Nc2ccccc2C(=O)NC2CC2)S(C)(=O)=O)cc1,1,0.4397024,0.4397,0.5235638,0.5236,0.9257125,472.6110,11
25.6756,26.0540,32.1329,0.4848909,COC(=O)c1ccc(NC(=O)C=Cc2cc(Br)ccc2F)cc1,1,0.4028700,0.4029,0.6458709,0.6459,0.9999866,378.1970,11
63.2902,64.2779,-64.2779,0.0000000,c12c(ccc(CN3CCc4c(c(n(Cc5ccc(cc5)-c5cccc(N(C)C)c5C)=O)cc4CC3)C)c2)n(cc1)C,0,0.0000000,0.0000,0.0000000,0.0000,0.0000000,0.0000,11
39.7555,42.9865,-2.9665,0.3334998,O=C(O)C1CN(c2cc(N(Cc3cccs3)C3CC3)c([N+](=O)[O-])cn2)C1,1,0.2425130,0.2425,0.5873636,0.5874,0.9999905,374.4220,11
26.9116,29.3813,-3.5254,0.2154653,O=C(NC(=Cc1ccco1)C(=O)N1CCN(c2ccccc2[N+](=O)[O-])CC1)c1ccccc1,1,0.1503660,0.1504,0.3535285,0.3535,0.9928320,446.4630,11
33.2793,34.3550,19.8540,0.4517413,Cc1c(CNC(=O)CC2CCSCC2)c(C(F)(F)F)nn1Cc1ccccc1Cl,1,0.3598225,0.3598,0.6755049,0.6755,0.9931681,445.9380,11
43.8795,45.0552,20.3432,0.5449863,O=C(O)CN1C(=C2Nc3ccccc3C2=O)N(S(=O)(=O)N2CCCCC2)c2ccccc21,1,0.4694141,0.4694,0.6835117,0.6835,0.9850792,454.5080,11
32.5500,32.7052,14.2347,0.3911660,O=c1oc2ccccc2cc1-c1ccc(-n2cccc2)c(O)c1,1,0.3071443,0.3071,0.5703044,0.5703,0.9999993,303.3170,11
38.6659,41.1349,9.7167,0.4237636,O=C1CC(N(Cc2ccccc2)S(=O)(=O)c2ccccc2)CN1S(=O)(=O)c1cccc2nccnc12,1,0.5350872,0.5351,0.3662687,0.3663,0.1108320,522.6080,11
44.5948,45.8267,23.5176,0.5778694,CON(C)C(=O)C1CCN(c2cc(C(=O)OC(c3ccccc3)C3CCOCC3)ccn2)CC1,1,0.5764148,0.5764,0.4542112,0.4542,0.9519962,467.5660,11
33.6346,35.6157,-15.6081,0.1667304,Cc1ccc(S(=O)(=O)N(CCN2CCCCC2)CC(=O)NN)cc1C,1,0.0990689,0.0991,0.4210112,0.4210,0.9999945,368.5030,11
47.4632,48.4827,3.8852,0.4363993,CN(C)N(Cl)c1cc(OCCNC(=O)OC(C)(C)C)nc(Nc2ccc(S(N)(=O)=O)cc2)n1,1,0.5006166,0.5006,0.2645781,0.2646,0.4541464,501.9970,11
45.1731,46.9743,-23.0675,0.1992231,O=C(COc1ccccc1CCC(=O)Nc1ccc(Cl)c(Cl)c1)CSc1nc2ccccc2s1,1,0.2329413,0.2329,0.2252614,0.2253,0.0521551,531.4860,11
30.7512,32.7633,36.5081,0.5772620,Cc1ccc2nc(Nc3cc(C4=NCCN4)ccn3)sc2c1,1,0.4896625,0.4897,0.7802360,0.7802,0.9999996,309.3980,11
41.4951,43.6992,-29.5523,0.1178911,Cc1cccc(Cl)c1Nc1cccc(-c2cc(Cl)c3ncc(Cl)n3c2)c1Cl,1,0.0633418,0.0633,0.3565762,0.3566,0.9969454,437.1570,11
29.7302,31.3004,36.2501,0.5629205,COc1cc(CN2CCc3ccccc3C2)ccc1OCc1ccc(Cl)c(Cl)c1,1,0.5457902,0.5458,0.4709131,0.4709,0.9986393,428.3590,11
29.7914,31.5978,24.7551,0.4696077,O=C(c1cccc(NS(=O)(=O)c2ccc(F)cc2)c1)N1CCCCC1c1cccs1,1,0.3936617,0.3937,0.5984885,0.5985,0.9939814,444.5530,11
37.0277,36.6520,18.7888,0.4620069,Cc1cc(Br)cnc1OCc1nnc(SCC(=O)c2ccc(F)cc2)n1N,1,0.4546072,0.4546,0.3343373,0.3343,0.9877814,452.3090,11
30.5030,30.1724,-22.9061,0.0605528,CCC(Oc1ccc2c(c1)CCCC2)C(=O)NCCc1cccc(F)c1,1,0.0193521,0.0194,0.8074602,0.8075,0.9999983,355.4530,11
60.3595,58.1359,-30.8871,0.2270730,NC1=NCC(C(=O)N2CC3CCC2C3)C(c2ccc3ncn(CC4CCCOC4)c3c2)N1,1,0.1299366,0.1299,0.7645334,0.7645,0.9971084,436.5600,11
35.9645,40.2508,-12.1264,0.2343698,CC1Cc2ccccc2N1C(=O)C1C(=O)Nc2ncnn2C1c1ccc(Cl)c(Cl)c1,1,0.1447749,0.1448,0.6139710,0.6140,0.9951010,442.3060,11
46.6270,45.6999,-45.6999,0.0000000,c1cccc(C(NS(c2ccc(Br)cc2)(=O)=O)C([N+]#[C-])=C(SC)S)s1,0,0.0000000,0.0000,0.0000000,0.0000,0.0000000,0.0000,11
32.9115,32.7669,9.3421,0.3509084,O=C(Cc1nc2ccc(Cl)cc2s1)NC(Cc1cnc[nH]1)C(=O)O,1,0.2568177,0.2568,0.6198433,0.6198,0.9999961,364.8140,11
27.6307,26.5506,-14.3398,0.1017564,CC1CCC(NC(=O)NCC2COc3ccccc3O2)CC1,1,0.0393526,0.0394,0.9024080,0.9024,0.9999993,304.3900,11
30.0993,29.7227,-2.5605,0.2263515,Cc1ccccc1OCn1nnc(CBr)c1C,1,0.1269752,0.1270,0.8145179,0.8145,0.9999986,296.1680,11
38.9287,44.5764,24.7266,0.5775254,O=C(Nc1ccccc1)N1CC(C(=O)N2c3ccccc3CC2c2ccc(F)cc2)C(c2ccccc2)C1,1,0.7097433,0.7097,0.3487952,0.3488,0.3739910,505.5930,11
39.0270,43.0123,6.0624,0.4089560,Cc1ccc(N(C(=O)Nc2c(C)cccc2C)S(=O)(=O)c2ccc(OCC=Cc3ccccc3)cc2)cc1,1,0.5854691,0.5855,0.2649486,0.2649,0.0790523,526.6580,11
36.1184,35.4896,-19.9238,0.1297150,COC(=O)c1c(C(=O)OC)c(C(C)(C)C)n(C(C)C)c1C#N,1,0.0575736,0.0576,0.8019938,0.8020,0.9999995,306.3620,11
28.6460,30.4283,5.6610,0.3007445,COC(=O)N1c2ccccc2C(=O)CC1c1ccc(C)cc1,1,0.1914446,0.1914,0.8013784,0.8014,0.9999985,295.3380,11
30.9171,32.2996,39.6096,0.5992434,COc1cccc(C(=O)NC(Cc2ccccc2)C(=O)N2CCN(Cc3ccc(F)cc3)CC2)c1,1,0.5815285,0.5815,0.5417069,0.5417,0.9047056,475.5640,11
36.8050,39.1652,-30.7502,0.0701253,O=C1N=NN(Cc2cc(F)cc(F)c2)C12c1ccccc1-c1ccccc12,1,0.0251769,0.0252,0.6696768,0.6697,0.9999971,361.3510,11
33.3182,34.2957,51.1278,0.7118629,Nc1c(-c2ccccc2)ccnc1NC(=O)c1cn(C2CCNCC2)nn1,1,0.6945775,0.6946,0.6545759,0.6546,0.9999965,363.4250,11
37.9578,39.5810,-21.6497,0.1494277,O=C(Cn1ccnc1)NC(C(=O)c1cc(F)cc(F)c1)c1cccs1,1,0.0736611,0.0737,0.6867873,0.6868,0.9999971,361.3730,11
37.6727,35.5454,26.1459,0.5140944,Cc1nc(-c2ccc(C(=O)CCC(=O)OCC(=O)Nc3ccccc3C)cc2)cs1,1,0.4938377,0.4938,0.4244651,0.4245,0.9992059,422.5060,11
31.7249,32.8761,49.6920,0.6880673,CC1(C2CC2)NC(=O)N(NC(=O)Cn2ccc3ccccc3c2=O)C1=O,1,0.6266912,0.6267,0.7915298,0.7915,0.9999985,354.3660,11
31.6610,32.1629,-21.6874,0.0872964,COC(=O)c1csc(CN(C)C(=O)C(=O)N2CCOCC2)n1,1,0.0362018,0.0362,0.5615974,0.5616,0.9999999,327.3620,11
42.0141,43.5624,-19.2148,0.2028972,CCO[P+]([O-])(OCC)C(NS(C)(=O)=O)c1cc(OC)c(O)c([N+](=O)[O-])c1,1,0.1412082,0.1412,0.3250418,0.3250,0.9996880,412.3570,11
28.8640,29.8422,31.9568,0.5149919,COc1ccc(CNC(=O)C(=O)Nc2cc(Cl)ccc2O)cc1OC,1,0.4576758,0.4577,0.5585346,0.5585,0.9999961,364.7850,11
58.0081,60.1064,-60.1064,0.0000000,[C@H]1(Cl)[C@@H]2N([C@@](CC(=O)O)(C2)CC=1c1ccc(cc1)F)c1cc(F)cc(c1)F,0,0.0000000,0.0000,0.0000000,0.0000,0.0000000,0.0000,11
58.0630,59.7162,-36.9592,0.1896416,Fc1ccc(C2CCSC(=NC(=S)Nc3ccc(OC4OCC45CCC5)cc3)N2)cc1,1,0.1073225,0.1073,0.6117564,0.6118,0.9802673,457.5960,11
37.3885,39.8238,4.1979,0.3668481,COc1ccc(F)cc1-c1nn(-c2ccc(C)cc2)c(C)c1CNCC(C)(C)C,1,0.2756757,0.2757,0.6040192,0.6040,0.9999338,395.5220,11
34.2280,35.6403,-18.3395,0.1441727,ON=C(CCc1ccc2ccccc2c1)c1ccc(F)c(Cl)c1,1,0.0825201,0.0825,0.3858831,0.3859,0.9999999,327.7860,11
28.4801,29.0522,47.2484,0.6358383,CC(C)(C)OC(=O)C(N)Cc1cccc(C(=O)OCc2ccccc2)c1,1,0.5571947,0.5572,0.8048391,0.8048,0.9999983,355.4340,11
46.0115,47.3104,14.6211,0.5160959,O=C(NO)c1cnn2cc(C34CC3CN(Cc3ccccc3F)C4)cc(F)c12,1,0.4645717,0.4646,0.5357627,0.5358,0.9999763,384.3860,11
33.5526,33.2322,-20.6035,0.1052390,Cc1c(Br)ccc([N+](=O)[O-])c1OC1CC(=O)C1,1,0.0456418,0.0456,0.6354945,0.6355,0.9999990,300.1080,11
29.9980,32.2970,-11.4890,0.1733997,CC(C)C(N)c1cc(Br)ccc1OCc1nnnn1C1CC1,1,0.0857120,0.0857,0.8503457,0.8503,0.9999955,366.2630,11
37.9608,38.1179,25.7107,0.5319051,Cc1ccc(S(=O)(=O)N=C([S-])N(Cc2ccccc2)C(=O)c2ccccc2)cc1,1,0.5459344,0.5459,0.3542980,0.3543,0.9991267,423.5390,11
36.2741,41.3471,33.2971,0.6220345,Cc1ccccc1C1CN(C(=O)CN2CCN(c3ccccc3O)CC2)CC1c1cccc(F)c1,1,0.5949697,0.5950,0.5978914,0.5979,0.9192549,473.5920,11
43.1269,43.5671,-28.6777,0.1240788,CCN1C(=O)CCC12CCc1ccc(OCC(=O)NCCc3ccccc3)cc1NC2=O,1,0.0561938,0.0562,0.7000821,0.7001,0.9973708,435.5240,11
32.2220,33.8668,-22.5583,0.0942372,CON(C(=O)c1ccc(NC(N)=O)cc1)c1cccs1,1,0.0358919,0.0359,0.8484480,0.8484,0.9999978,291.3320,11
49.2481,51.3745,-26.1327,0.2103483,Cc1c(-c2ccc(S(N)(=O)=O)cc2)sc2nc3c(c(N4CC(C)CC(C)(O)C4)c12)CSC3,1,0.1326434,0.1326,0.5705671,0.5706,0.7210692,489.6880,11
34.5421,35.6402,35.3111,0.5912609,N#Cc1ccnc(-c2cccc(CN3CCC(C(=O)O)C3)c2)c1,1,0.4806143,0.4806,0.9388741,0.9389,0.9999995,307.3530,12
54.8920,56.4691,-32.7879,0.1973438,CC(C)(C)[N+]1(c2ccc(Cl)cc2)CCC(CCN2CCN(C(C(=O)O)c3ccc(Cl)c(Cl)c3)C2=O)CC1,1,0.3217777,0.3218,0.3625672,0.3626,0.0019079,567.9650,12
37.7120,39.3389,-39.3386,0.0000023,CC(C)(C)OC(=O)N(C(=O)Cc1cccs1)c1cc(B2OC(C)(C)C(C)(C)O2)cs1,1,0.0000000,0.0000,0.6377637,0.6378,0.9906238,449.4030,12
39.0114,40.7466,43.1758,0.6993532,Cc1cccc(N2CCN(C(=O)C3C=CC(c4cccc(Cl)c4)=NN3)CC2)c1,1,0.6245466,0.6245,0.8689990,0.8690,0.9999375,394.9060,12
32.7341,33.9272,-1.3612,0.2713829,CCOc1cc(C)nc(SC(CC(=O)OC)c2ccccc2)n1,1,0.1963747,0.1964,0.4386446,0.4386,0.9999998,332.4250,12
37.6467,36.8863,24.9301,0.5151373,Cc1ccc(Oc2ccc(S(=O)(=O)c3ccc(OCC4(C)CC4)cc3)cc2)c(F)c1,1,0.4812958,0.4813,0.4692693,0.4693,0.9988522,426.5090,12
42.9319,42.1782,-7.6718,0.2875530,O=S(=O)(CC1CNCC1c1ccc2[nH]c(Cl)nc2c1)c1ccccc1,1,0.1840763,0.1841,0.7346821,0.7347,0.9999892,375.8810,12
38.8463,43.5305,-41.3049,0.0185466,CCc1nccn1CC1CCOC(c2ccc(OC)cc2)CN1C(=O)c1cccc(C)c1,1,0.0039308,0.0039,0.5769148,0.5769,0.9978065,433.5520,12
34.7225,35.0079,35.3455,0.5862785,NC(=O)CN1CCC(NC2COc3ncccc3C2)CC1,1,0.4951534,0.4952,0.8108328,0.8108,0.9999976,290.3670,12
45.1762,47.5628,41.6892,0.7437669,CC1(CO)OC(n2cc(-c3ccc(F)cc3)c(-c3cccc(C(F)(F)F)c3)n2)C(O)C1O,1,0.7873966,0.7874,0.5286885,0.5287,0.9876754,452.4040,12
44.6818,45.2796,45.5227,0.7566857,Cc1cccc(NC(=O)c2oc3c4c(ccc3c2C)-c2cc3ccc(=O)oc3c(=O)n2C4)c1,1,0.8570192,0.8570,0.4264401,0.4264,0.9965639,438.4390,12
30.2928,35.1564,10.9275,0.3840328,O=C(O)c1cc(S(=O)(=O)N2CCCCC2)ccc1N(Cc1ccccc1)Cc1cccs1,1,0.3116909,0.3117,0.5103222,0.5103,0.9374013,470.6160,12
29.4975,30.8918,-13.9032,0.1415718,COc1cc(Br)c(C(=O)c2cc3c(s2)CCCC3)cc1O,1,0.0647879,0.0648,0.8215889,0.8216,0.9999951,367.2640,12
41.5726,44.2506,30.1798,0.6202534,O=C(CC1=C(Nc2ccccc2)CN(c2ccc(F)cc2F)C1=O)Oc1ccc(-c2ccccc2)cc1,1,0.8218159,0.8218,0.2396447,0.2396,0.5796080,496.5130,12
41.3313,45.0786,10.2816,0.4613357,O=C(CC1C(=O)N(Cc2ccc(F)cc2)Cc2cc(NC(=O)c3cccc(Cl)c3)ccc21)NCc1ccco1,1,0.8582509,0.8583,0.2988903,0.2989,0.0142511,545.9980,12
71.4333,75.2482,-75.2482,0.0000002,CN(C(=O)OC(C)(C)C)S(=O)(=O)c1ccc(NC(=O)Nc2cc(NS(=O)(=O)c3ccc([N+](=O)[O-])cc3)ccc2Oc2ccccc2N(C(=O)OC(C)(C)C)c2ncsn2)cc1,1,0.0000000,0.0000,0.0785996,0.0786,0.0000000,896.9830,12
38.7056,42.8832,-15.0032,0.2323338,Cc1c(Cl)cccc1-c1n[nH]c(CNC(c2ccc(F)cc2)c2ccccn2)n1,1,0.1533596,0.1534,0.4793118,0.4793,0.9997934,407.8800,12
27.2019,30.3728,16.0100,0.3865230,Cc1cc(CNS(=O)(=O)c2cc(N)c(Cl)cc2Cl)sc1C,1,0.2730293,0.2730,0.8112322,0.8112,0.9999959,365.3070,12
29.7931,30.6829,-1.7780,0.2408747,COc1cc(C)c(C(O)=C2C(=O)C(=O)N(c3ccccn3)C2c2ccncc2)cc1C,1,0.1704665,0.1705,0.3965602,0.3966,0.9995853,415.4490,12
38.1890,39.3419,28.2301,0.5630993,COc1cc(C2NC(=O)NC(C)=C2C(=O)OC(C)C)cc([N+](=O)[O-])c1OCc1ccccc1C,1,0.6048991,0.6049,0.3386362,0.3386,0.9431981,469.4940,12
27.7878,27.6900,-5.3900,0.1858331,CCC1(O)C(=O)OCc2c1cc1n(c2=O)Cc2cc3cccc(Cl)c3nc2-1,1,0.1093962,0.1094,0.5118144,0.5118,0.9999795,382.8030,12
57.5308,56.7101,-12.1008,0.3717443,CC1=CCC(C)(C)OC1CCC(N[S+]([O-])c1ccc(C(C)C)cc1)c1ccccc1,1,0.3184155,0.3184,0.3899169,0.3899,0.9989406,425.6380,12
33.0780,33.4490,-32.0169,0.0119345,C=CCCCOc1cccc(NCc2ccc(CN3CCCC3)cc2)c1,1,0.0022218,0.0022,0.4683545,0.4684,0.9999989,350.5060,12
37.7628,43.2753,-43.2752,0.0000010,COc1ccc(CCC(=O)N(Cc2cccc(OC(C)(C)C)c2)C(Cc2ccccc2)C(=O)NCC(C)C)cc1OC,1,0.0000000,0.0000,0.2471954,0.2472,0.0010211,574.7620,12
53.8493,56.0986,6.3796,0.5206514,[C-]#[N+]C(C)=C1C2CC(C1OC(C)=O)C1C(=O)OC(c3cccc(C)c3)C21,1,0.4547330,0.4547,0.6033756,0.6034,0.9999989,351.4020,12
36.2992,39.2051,21.3321,0.5044766,Cc1cc(C(=O)Nc2cc(C(=O)O)ccc2-n2cncn2)c(C)n1Cc1ccc(Br)cc1,1,0.5179095,0.5179,0.4126607,0.4127,0.6272591,494.3490,12
29.8505,36.0427,-13.3273,0.1892950,CCOc1cc(C=NNC(=O)c2c(OC)cccc2OCc2ccc(C)cc2)ccc1O,1,0.1220026,0.1220,0.3836394,0.3836,0.9976087,434.4920,12
42.9671,43.4677,-13.0029,0.2538737,Cc1onc(C(=O)Cc2cc(Cl)ccc2Cl)c1CSCCC#N,1,0.1705335,0.1705,0.5149383,0.5149,0.9999941,369.2730,12
34.3102,37.4921,33.7897,0.5940150,O=C(O)C1CN(C(=O)COc2cccc(I)c2)CC1c1ccc(Cl)cc1,1,0.5543048,0.5543,0.6568003,0.6568,0.7886187,485.7050,12
35.0183,36.6788,29.2066,0.5490450,Nc1nc(NCc2ccc(Cl)cc2Cl)nc2c1ncn2C1OC(CO)C(O)C1O,1,0.5562443,0.5562,0.3895651,0.3896,0.9955428,441.2750,12
29.2648,29.2043,-5.7990,0.1950446,Nc1ccc(-c2ccc(-c3noc(-c4ccccc4)n3)cc2)cn1,1,0.1111274,0.1111,0.6170160,0.6170,0.9999998,314.3480,12
49.1856,49.6931,-4.7626,0.3744213,C=NC(=C(C)Nc1ncnc(NNc2ccccn2)c1[N+](=O)[O-])c1ccc(N)cc1,1,0.3944360,0.3944,0.1909504,0.1910,0.9998353,405.4220,12
35.0501,36.1616,-16.3319,0.1652481,COc1cc(Cl)c(OCC(C)C)c(C(N)=CC#N)c1,1,0.0802652,0.0803,0.8410819,0.8411,0.9999941,280.7550,12
26.9479,27.2192,4.9722,0.2682617,COc1cc(C=CC(=O)NCCOCCO)ccc1OCc1ccccc1,1,0.1895486,0.1895,0.4685683,0.4686,0.9999928,371.4330,12
34.2704,36.1259,-27.0352,0.0757557,Cc1ccc(CN2C3CCC2CN(c2cccnn2)CC3)o1,1,0.0260764,0.0261,0.8713900,0.8714,0.9999989,298.3900,12
31.3856,32.2247,-13.5475,0.1556434,O=C(NC1CCN(Cc2ccccc2Cl)C1)c1cc(Cl)cc(Cl)c1,1,0.0738845,0.0739,0.8331451,0.8331,0.9999777,383.7060,12
29.7697,30.9834,-17.7234,0.1105000,Cc1nc2ccccc2n1C(=O)C(=O)NCC#N,1,0.0500768,0.0501,0.5863127,0.5863,0.9997956,242.2380,12
32.5429,33.8044,16.8287,0.4219423,O=C(NNC(=O)c1cc(-c2ccccc2)n(-c2ccc(Cl)cc2)n1)c1cccc(I)c1,1,0.7341956,0.7342,0.2853589,0.2854,0.0191014,542.7640,12
32.4222,34.9653,27.2875,0.5187736,O=C(Nc1cccc2ccccc12)NN1CCN(c2nsc3ccccc23)CC1,1,0.4681654,0.4682,0.5352069,0.5352,0.9998618,403.5110,12
29.3735,29.9912,30.1924,0.5015297,O=C(C1CC(=O)N(C2CCCCC2)C1)N1CCN(c2cccc(Br)c2)CC1,1,0.4077683,0.4078,0.7337538,0.7338,0.9976336,434.3780,12
41.7499,40.7962,-25.3806,0.1284635,N#Cc1cccc2[n+]1N1CCCC1C2c1ccc(Cl)cc1,1,0.0577093,0.0577,0.7577719,0.7578,0.9999986,296.7810,12
35.4453,36.5567,-24.7339,0.0985234,COc1cc(C)c(CN2C(=O)SC(=Cc3ccccn3)C2=O)cc1C,1,0.0391998,0.0392,0.7784007,0.7784,0.9999985,354.4310,12
32.1056,33.5977,7.6346,0.3436021,CCN(Cc1cccnc1)C(=O)Nc1cc(C)ccc1C(=O)N(C)C,1,0.2233769,0.2234,0.9091698,0.9092,0.9999996,340.4270,12
34.3147,33.7163,-8.8177,0.2074880,CC(O)CNC(=O)C(C)OC(=O)c1sccc1-n1cnnn1,1,0.1169152,0.1169,0.7037466,0.7037,0.9999999,325.3500,12
27.2477,28.9562,2.8524,0.2650716,O=C(CCc1ccc(-c2ccccc2)o1)NCCN1CCC(Cc2ccccc2)CC1,1,0.1792506,0.1793,0.5367887,0.5368,0.9995404,416.5650,12
36.4252,41.5239,51.0199,0.7711982,Cc1ccc(Nc2cccc(N3CC4CC3CN4c3cnccn3)n2)cc1,1,0.7430243,0.7430,0.7714717,0.7715,0.9999978,358.4490,12
37.9274,45.8857,-45.8856,0.0000002,COc1cc(C=C2N=C(c3ccc(OCc4ccc(Cl)cc4Cl)c(OCc4ccccc4Cl)c3)OC2=O)ccc1OCc1ccccc1,1,0.0000000,0.0000,0.0953251,0.0953,0.0000000,701.0020,12
31.6975,34.7356,-1.1634,0.2797685,O=C(COc1ccc(C=NNc2ccc([N+](=O)[O-])cc2)cc1)Nc1ccccc1Oc1ccccc1,1,0.2776565,0.2777,0.1664210,0.1664,0.8337135,482.4960,12
37.7416,37.5230,-25.9970,0.0960497,CC(C)(C)ON1CCC2(CC1)CC(=O)c1ccc(N)cc1C2,1,0.0373823,0.0374,0.8093732,0.8094,0.9999992,302.4180,12
61.2906,64.9803,-58.2536,0.0560560,CC(C)(C)CCCCC(NC=O)(NN(Cc1ccc(-c2ncccc2F)cc1)C1CC1)C(=O)C(N)=O,1,0.0324307,0.0324,0.1209859,0.1210,0.5546971,497.6150,12
33.0486,35.4107,19.6444,0.4587920,NC(=NOC(=O)c1ccc(Br)c([N+](=O)[O-])c1)c1cc(C(F)(F)F)cc(C(F)(F)F)c1,1,0.6118096,0.6118,0.1610394,0.1610,0.4965695,500.1490,12
37.5984,40.2837,21.7653,0.5170747,Cc1ccc2nc(N3CCN(c4ccc(Cl)cc4[N+](=O)[O-])CC3)c(C(=O)O)n2c1,1,0.4711921,0.4712,0.5148338,0.5148,0.9995702,415.8370,12
55.4493,58.0253,-7.7167,0.4192386,CC(=O)c1ccc(NC(=O)NC2CCCC(NCC3(C)CN(CC(=O)Nc4ccccc4)CCO3)C2)cc1,1,0.5176344,0.5176,0.3751051,0.3751,0.1197138,521.6620,12
32.8993,33.6696,-6.7736,0.2241340,CN(c1ccsc1)S(=O)(=O)CCSc1ccc(N)cc1Cl,1,0.1347254,0.1347,0.6301818,0.6302,0.9999967,362.9290,12
40.5266,42.2477,-8.1329,0.2842905,CCOC(=O)C1C(SCC(=O)Nc2ccc(C)c(OC)c2)NC(C)=C(C#N)C1c1ccccc1OC,1,0.2439148,0.2439,0.4796812,0.4797,0.2917767,509.6280,12
29.1545,29.5034,-8.1787,0.1777052,CS(=O)(=O)N1CCCC(CNC(=O)CCc2ccc3c(c2)OCO3)C1,1,0.0898902,0.0899,0.8137828,0.8138,0.9999945,368.4550,12
32.4642,32.6763,-19.1593,0.1126416,O=C(NCCOc1ncc(C(F)(F)F)cc1Cl)Nc1ccc(OC(F)(F)F)c(Cl)c1,1,0.0574533,0.0575,0.4248094,0.4248,0.8818498,478.1760,12
26.8102,28.8821,31.8776,0.5063308,COc1ccc(S(=O)(=O)N(C)Cc2ccccc2Oc2ccccc2)cc1OC,1,0.4486237,0.4486,0.5503759,0.5504,0.9996535,413.4950,12
23.9240,23.7780,-16.4457,0.0611029,CNCC1CCN(C2CCCc3ccccc32)C1,1,0.0191344,0.0191,0.8790062,0.8790,0.9998323,244.3820,12
27.9042,27.6288,-8.7154,0.1576116,COc1cccc(N2C(=O)CCN2C(=O)OC(C)(C)C)c1,1,0.0750383,0.0750,0.8403338,0.8403,0.9999980,292.3350,12
43.8449,43.3643,-43.3643,0.0000000,c1c2c(ccc1)ccc([C@H]1n3c(/c(=C/c4cc(c(OCc5ccc(cc5)C(O)=O)ccc4)OC)sc3=O)=NC(=C1C(OCC)=O)C)c2,0,0.0000000,0.0000,0.0000000,0.0000,0.0000000,0.0000,12
31.8652,35.0806,34.6307,0.5809276,COc1cc(C#N)ccc1-c1cccc(OCC(=O)Nc2ccc(O)cc2)c1,1,0.5234850,0.5235,0.6374517,0.6375,0.9999905,374.3960,12
39.2923,40.9725,-23.3269,0.1470463,COC(=O)C1C(N(C)Cc2cccs2)CN2C(=O)c3ccccc3C12,1,0.0691603,0.0692,0.7902648,0.7903,0.9999982,356.4470,12
32.9429,34.4428,36.1589,0.5883474,Cc1cc(NC(=O)c2sc(-c3ccc(N(C)C)cc3)nc2C)sc1C(=O)O,1,0.5283825,0.5284,0.6574679,0.6575,0.9998851,401.5130,12
47.1700,49.3010,28.2448,0.6462150,O=C1CCC(N2Cc3c(OCC4C5CCC(CC5)N4C(=O)Cc4ccccn4)cccc3C2=O)C(=O)N1,1,0.6947084,0.6947,0.6071831,0.6072,0.4410753,502.5710,13
40.6277,47.3649,23.4941,0.5904917,COc1ccc(C(=O)NC(C)c2ccc(C(=O)c3ccccc3)c(OC)c2)c(OCc2ccncc2)c1,1,0.7214223,0.7214,0.2959778,0.2960,0.5784858,496.5630,13
31.9620,32.3915,30.0846,0.5206341,CCc1cc(=O)n2c(n1)[nH]c1ccc(Oc3ccccc3)cc12,1,0.4492055,0.4492,0.6296590,0.6297,0.9999994,305.3370,13
38.1581,42.5722,-3.6131,0.3246593,O=C(Nc1cc(C(=O)Nc2ccc(Cl)cc2C(=O)Nc2ccc(F)cc2)ccc1Cl)c1ccsc1,1,0.4356285,0.4356,0.2531666,0.2532,0.0681791,528.3920,13
37.3750,42.4057,1.2118,0.3634794,N#Cc1cccc(COC(=O)C2Cc3ccccc3CN2C(=O)c2noc3c2CCCC3)c1,1,0.2764379,0.2764,0.5725274,0.5725,0.9954553,441.4870,13
31.7512,32.7415,-26.5851,0.0513033,O=C(CC1CC(O)OC(c2ccccc2)C1)OCc1ccccc1,1,0.0150342,0.0150,0.8529862,0.8530,0.9999999,326.3920,13
49.8163,48.9114,22.9734,0.5990406,CCOc1cc(F)c2c(c1)c(-c1ccnc(NC3CCCN(Cc4cccnc4)C3)n1)cc(=O)n2C,1,0.6427586,0.6428,0.4208242,0.4208,0.7413543,488.5670,13
25.6672,28.6812,-7.6266,0.1754546,O=C(c1cccc(Oc2ccccc2)n1)N(c1ccccc1)c1ccccc1,1,0.1049047,0.1049,0.4446742,0.4447,0.9999955,366.4200,13
39.2150,38.5581,1.4817,0.3336645,CCOC(=O)c1sc2nc(C)cc(C)c2c1NC(=O)c1scnc1-c1ccc(OC)cc1,1,0.2771868,0.2772,0.3780367,0.3780,0.9519710,467.5720,13
43.4171,47.2968,16.2194,0.5293016,Cc1c(C(=O)Nc2cccc(OCC(=O)N3CCCCC3)c2)c(N)c(Br)n1C1CC1,1,0.4606076,0.4606,0.6580648,0.6581,0.9061019,475.3870,13
32.5258,34.7371,-2.5750,0.2680177,O=C(NCc1ccc(F)c2ccccc12)C1CCCN(C(=O)Nc2ccccc2)C1,1,0.1709561,0.1710,0.6695110,0.6695,0.9998345,405.4730,13
28.1457,27.2328,29.7513,0.4748674,O=C(COC(=O)CNS(=O)(=O)c1ccc(Cl)c(Cl)c1)NC1CCCC1,1,0.3869632,0.3870,0.6699908,0.6700,0.9997647,409.2910,13
26.4799,26.3001,-14.9240,0.0948011,COc1ccc(NC(=O)N2CCC(C)C2)c(OC)c1,1,0.0354541,0.0355,0.9125167,0.9125,0.9999733,264.3250,13
30.1985,30.7015,-19.0195,0.0973501,CNCc1ccc(Br)cc1Nc1c(F)ccc(C)c1F,1,0.0375057,0.0375,0.8557415,0.8557,0.9999996,341.1990,13
36.2555,38.5595,-23.6828,0.1239728,CCC1=C(C(=O)Nc2ccc3c(c2)OCO3)C(C)(C)ON1,1,0.0523202,0.0523,0.8939034,0.8939,0.9999976,290.3190,13
43.9726,44.4923,-6.8001,0.3141018,O=C(C=Cc1ccc(N(Cc2cccs2)c2ccsc2)cc1)c1ccoc1,1,0.2805057,0.2805,0.2615566,0.2616,0.9999542,391.5170,13
37.8250,39.7070,-10.5634,0.2428634,COC(=O)C(C)Sc1ncc(C)n1-c1cccc(C(=O)NC2CCCC2)c1,1,0.1527531,0.1528,0.6065297,0.6065,0.9999683,387.5050,13
33.4807,39.3879,-24.2831,0.1258733,CCOc1cc(NC(=O)C(=O)Nc2ccc(OC)cc2)cc(I)c1OCC(=O)Nc1cccc(Cl)c1,1,0.4020230,0.4020,0.2297357,0.2297,0.0000111,623.8310,13
31.0532,32.1512,-20.8886,0.0938547,Cc1cnc(Nc2ccc3cnccc3n2)[nH]1,1,0.0376677,0.0377,0.7024270,0.7024,0.9990242,225.2550,13
35.7667,36.1348,-21.2460,0.1240731,Oc1ccc(C2=CSc3ccc(F)cc3S2)cc1F,1,0.0538723,0.0539,0.8102334,0.8102,0.9999983,294.3470,13
29.6642,33.1545,25.2912,0.4870476,Cc1ccc(C)c(S(=O)(=O)NC(C(=O)Nc2cccc(C)c2C)c2ccccc2)c1,1,0.4120392,0.4120,0.6105843,0.6106,0.9992027,422.5500,13
27.1266,29.1559,1.5811,0.2561413,O=C(Nc1ccc(C(F)(F)F)cc1)C(c1ccccc1)N1CCN(Cc2ccc3c(c2)OCO3)CC1,1,0.1868924,0.1869,0.5235143,0.5235,0.5569254,497.5170,13
102.2224,105.2706,-105.2706,0.0000000,C1CN(c2ccc(Oc3cnc(cc3)C(NS(=O)(c3cc(c(cc3)NC(C)CNC/C=C/c3ccc(cc3)F)=O)=O)=O)c(c2)[O-])CCN(C1)c1ccc(c(Oc2cc3c(nc2)[nH]cc3)c1)C(NS(=O)(,0,0.0000000,0.0000,0.0000000,0.0000,0.0000000,0.0000,13
43.8777,47.0985,-29.4049,0.1474465,COc1ccc2c(S(=O)(=O)N3CCN(c4ccccc4)CC3)c(C(=O)CC(=O)c3c[nH]c4ccccc34)ccc2c1,1,0.2498272,0.2498,0.2019309,0.2019,0.0019609,567.6670,13
28.6697,28.3567,-11.5179,0.1403234,Cc1ccccc1Cn1cc(CN2CCOCC2)c2ccccc21,1,0.0662553,0.0663,0.7267376,0.7267,0.9999998,320.4360,13
32.8048,34.1001,6.7261,0.3402189,O=C1Nc2ccc(-c3nnc(COc4ccccc4)o3)cc2C12CC2,1,0.2290553,0.2291,0.7925037,0.7925,0.9999998,333.3470,13
64.3576,63.7498,-63.7495,0.0000020,CC(=O)c1cc2cc(c1)C(c1cccc([N+](=O)c3ccc4ncccc4c3)c1)=NCCC2,1,0.0000000,0.0000,0.3085608,0.3086,0.9993402,420.4920,13
45.2907,47.9028,48.1131,0.8001328,C=C(NC1CCN(Cc2ccccc2)CC1C#N)c1ccc(N2CC(=O)NC2=O)cc1,1,0.8024884,0.8025,0.7085414,0.7085,0.9995834,415.4970,13
36.8323,37.5126,29.0668,0.5548285,N#Cc1ccc(CN2CC(COC3CCCCC3CN)OC2=O)cc1,1,0.4505118,0.4505,0.8566871,0.8567,0.9999995,343.4270,13
82.9377,86.0547,-86.0546,0.0000003,COc1ccc(OC(O)OC(C)(c2ccccc2)C2CN2)c(C=Cc2cc(C(=O)Nc3ccc(-n4nccc4C(N)=O)cc3)ccc2OC)c1,1,0.0000000,0.0000,0.0721455,0.0721,0.0000001,675.7420,13
44.7415,48.3934,-38.1541,0.0853277,Cc1ccc(NC(=O)C2CC3CC(=O)N(c4cccc(C)c4)C(=O)N3O2)nc1,1,0.0307853,0.0308,0.8835893,0.8836,0.9999835,380.4040,13
37.6791,39.3725,54.1212,0.7791135,CC1(N)CCN(c2ccc3cnc(NC(=O)c4nc5ccccc5[nH]4)cc3c2)CC1,1,0.8598215,0.8598,0.4870768,0.4871,0.9998955,400.4860,13
31.1068,29.2193,-4.9835,0.2019652,O=C(Nc1ccccc1C(=O)N1CCCC1)C1CC1C(=O)c1ccccc1,1,0.1073359,0.1073,0.8294224,0.8294,0.9999968,362.4290,13
35.7040,37.3496,40.8437,0.6516113,Cc1c(C(=O)N2NC(=O)C(=Cc3ccc(F)cc3)S2)nnn1-c1ccccc1Cl,1,0.6580928,0.6581,0.5084845,0.5085,0.9984373,429.8640,13
35.8391,35.8851,-23.8568,0.1002356,CCN1CCC(CN(C)CCOC(=O)O)C1,1,0.0416120,0.0416,0.6886169,0.6886,0.9993871,230.3080,13
35.7091,38.9674,3.3751,0.3528537,COc1c(F)cc(C(=O)Nc2ccc(C(C)(C)C)cc2)cc1Oc1cccnc1,1,0.2595093,0.2595,0.6143998,0.6144,0.9999400,394.4460,13
29.6070,29.6556,22.3274,0.4331910,COc1ccc(CNC(=O)CSc2nnc(-c3ccccc3OC)n2N)cc1OC,1,0.3954170,0.3954,0.3926740,0.3927,0.9984884,429.5020,13
34.5770,39.4117,-9.1127,0.2524916,CC(C)CNc1cc(-c2ccc3ccccc3c2)nc(NC(=O)Nc2ccccc2Br)n1,1,0.2118552,0.2119,0.2787437,0.2787,0.7075950,490.4050,13
43.3619,45.9706,-35.1464,0.0902016,COc1ccccc1N1CCCCC(Nc2cc(-c3cc(C(F)(F)F)cc(C(F)(F)F)c3)nc(N)n2)C1=O,1,0.0705164,0.0705,0.4002252,0.4002,0.0256746,539.4800,13
26.7506,30.2361,-14.1118,0.1343689,COCc1cccc(Nc2ccc(NS(=O)(=O)c3ccc(C)cc3)cc2)c1,1,0.0651003,0.0651,0.6222389,0.6222,0.9999801,382.4850,13
33.7467,39.7567,0.1137,0.3322534,C=CCOc1ccc(OCc2c(C)noc2C)c(NC(=S)Nc2ccccc2C)c1,1,0.2767162,0.2767,0.3634260,0.3634,0.9991267,423.5380,13
72.7234,73.0281,-73.0280,0.0000002,CCCCCCCCOCC(COC(=O)OOC(COC(=O)OCCN(C)CCOC(=O)OCCCCCCCC)OC(=O)CCCN(C)N)OOCOC(=O)CCCCCCC,1,0.0000000,0.0000,0.0117580,0.0118,0.0000000,912.1250,13
20.5869,20.5956,-15.5082,0.0423949,Cc1ccc(C)n1-c1ncccn1,1,0.0125228,0.0125,0.6588664,0.6589,0.8945938,173.2190,13
32.5360,34.0688,34.3323,0.5700092,CN(C(=O)Cc1ccc(NC(=O)N(CCC#N)c2ccccc2)cc1)C1CCCCC1,1,0.4982448,0.4982,0.6894128,0.6894,0.9994487,418.5410,13
62.4727,64.3334,-49.3756,0.1246483,Cc1ccc(C2CC3(C)C(C)(O)CCC3(Br)C3C2CC(N=[N+]=[N-])CC3(C)F)cc1,1,0.0783355,0.0783,0.2278359,0.2278,0.9636230,464.4230,13
29.6256,30.4292,51.4748,0.6825337,COc1ccc2nc(NC(=O)C3CCN(C(=O)COc4ccccc4OC)CC3)sc2c1,1,0.6767069,0.6767,0.5858741,0.5859,0.9836217,455.5360,13
72.4525,72.1600,-34.7609,0.3116591,COC(C)=CC(N)=NC(=CC=CC(=O)O)N(C)CCOC(=O)CCSC1CCc2ccc(F)cc21,1,0.4156463,0.4156,0.1039137,0.1039,0.3735811,505.6120,13
31.3136,32.7631,-24.4879,0.0689597,COc1cc(C2(SC)CCC2)ccc1CNC1CC1,1,0.0229115,0.0229,0.8566292,0.8566,0.9999920,277.4330,13
32.1048,34.9642,-10.7338,0.2019197,CN1CCN(c2ccc(-c3ccc4nc(NCC(O)c5ccccc5)ncc4c3)cc2)CC1,1,0.1263037,0.1263,0.4696409,0.4696,0.9961905,439.5630,13
33.3030,36.8497,-15.1751,0.1806218,COc1cc2c(cc1Oc1ccc(NC(=O)C3CC3)cc1)CN(C(=O)c1cccnc1)C2,1,0.0990648,0.0991,0.6287236,0.6287,0.9984921,429.4760,13
50.7191,57.4765,-18.0711,0.3283784,CCCCOC(=O)CC(C)Sc1nnc(-n2c(=O)c(N3CCc4ccccc43)nc3ccccc32)n1N,1,0.4609802,0.4610,0.1529589,0.1530,0.1408703,519.6310,13
28.3760,27.8642,-18.4103,0.0787824,O=P(O)(O)C=CCc1cccc(Cl)c1,1,0.0283854,0.0284,0.7878132,0.7878,0.9995038,232.6030,13
40.6698,42.2907,14.4525,0.4728596,O=C(C=Cc1ccc(Cl)cc1Br)Nc1ccn(C2CC(O)C(CO)O2)c(=O)n1,1,0.4053929,0.4054,0.5757659,0.5758,0.9369076,470.7070,13
34.1344,35.6803,-11.5553,0.2010414,COc1cccc(C2=NN(C(=O)C(C)(C)N)C(c3cccnc3)C2)c1,1,0.1032489,0.1032,0.9286005,0.9286,0.9999996,338.4110,13
35.4501,39.8757,-6.5169,0.2779898,O=C1CN(Cc2c[nH]c3c(-c4cccs4)cccc23)CCN1Cc1ccc(Cl)cc1,1,0.2010938,0.2011,0.4558746,0.4559,0.9972584,435.9800,13
36.2268,37.2273,45.8505,0.6923152,c1ccc2c(CCN(Cc3ccncc3)C3CCN(Cc4ccc5c(c4)OCO5)C3)c[nH]c2c1,1,0.7586354,0.7586,0.4213931,0.4214,0.9849896,454.5740,13
30.2183,32.1038,16.9097,0.4084455,COc1cccc(CN2C(=O)C(=O)C(=C(O)c3ccccc3Cl)C2c2cccnc2)c1,1,0.3708968,0.3709,0.3662887,0.3663,0.9975221,434.8790,13
28.3478,27.9672,-3.0914,0.2072988,Fc1cc(-c2ccc(C3CCC(Cl)CC3)cc2)cc(F)c1F,1,0.1313023,0.1313,0.4666920,0.4667,0.9999999,324.7730,13
43.6821,44.7582,-20.0982,0.2055002,COc1ccc(C)cc1-c1cc(C(=O)N2CCN(S(=O)(=O)c3ccc4cc(C)n(C)c4c3)CC2)no1,1,0.1591037,0.1591,0.4085993,0.4086,0.3117201,508.6000,13
32.3419,35.2664,-22.0989,0.1097292,O=Cn1cc(CNCc2cnn3ccccc23)c2ccccc21,1,0.0498127,0.0498,0.5766640,0.5767,0.9999993,304.3530,13
37.9494,37.5657,30.9009,0.5705551,CC(=O)Nc1ccc(C=NC2CC(O)C(O)C2O)cc1,1,0.5239697,0.5240,0.5806548,0.5807,0.9999926,278.3080,13
30.7088,34.9770,23.3385,0.4859628,CCC(C)NC(=O)C(C)N(Cc1ccc(Cl)c(Cl)c1)C(=O)CCCC(=O)O,1,0.4117780,0.4118,0.6050636,0.6051,0.9995067,417.3330,13
35.3772,43.1108,9.8733,0.4415337,COc1cc(NC(=O)CN(c2cc(C)ccc2OC)S(C)(=O)=O)ccc1OC(=O)c1ccccc1C,1,0.5187992,0.5188,0.3414007,0.3414,0.2388440,512.5840,13
41.7700,45.8351,20.6873,0.5543536,Nc1nc(N)nc(C(OC(=O)c2cnc[nH]2)N2CCN(Cc3ccccc3)CC2)n1,1,0.5282723,0.5283,0.4886341,0.4886,0.9997612,409.4540,13
40.6995,40.7338,16.0964,0.4735849,CCOC(=O)Cc1nc(CC)c(C(=O)NC(Cc2ccccc2C)C(=O)O)s1,1,0.3936655,0.3937,0.6224097,0.6224,0.9998488,404.4880,14
38.1419,41.5240,40.2893,0.6817778,CCOc1ccc(NC(=O)c2ccc(N3CCN(c4cnnc(-c5ccccc5)c4)CC3)nc2)cc1,1,0.7596595,0.7597,0.4164808,0.4165,0.8568519,480.5720,14
39.5877,40.2445,-16.0425,0.2016832,COc1cc(NS(C)(=O)=O)ccc1-c1nnc(SCCCOc2ccc(C(C)(C)C)cc2)n1C,1,0.1613336,0.1613,0.3152154,0.3152,0.3939208,504.6780,14
44.4973,49.6762,-15.5248,0.2845945,COc1ccc(OCCN2C(=O)C(=O)c3cc(S(=O)(=O)N4CCc5ccc(Br)cc54)ccc32)cc1,1,0.4562742,0.4563,0.4105586,0.4106,0.0050226,557.4220,14
34.4635,37.8257,32.9779,0.5900293,N#CCN1C(=O)SC(=Cc2ccc(OCc3ccc(F)cc3Cl)c(O)c2)C1=O,1,0.5515809,0.5516,0.5739298,0.5739,0.9994336,418.8330,14
43.3133,44.0662,15.2565,0.4943558,Cc1cn(S(=O)(=O)c2ccc(Br)cc2)c2c(N)c3cc[nH]c(=O)c3cc12,1,0.4523219,0.4523,0.4748500,0.4749,0.9980451,432.2990,14
22.9290,23.0000,-16.8190,0.0515087,C[N+](C)(C)CC(=O)C=Cc1ccccc1,1,0.0172362,0.0172,0.5411470,0.5411,0.9933109,204.2930,14
31.7031,31.9744,-6.5587,0.2117974,CC(O)(c1ccc2cn(I)nc2c1)C(F)(F)F,1,0.1161409,0.1161,0.7982815,0.7983,0.9999983,356.0850,14
38.3195,43.3214,2.5447,0.3822173,CC(c1ccc2c(c1)OCCO2)N(CC(=O)NCCSc1ccccc1)C(=O)c1ccc([N+](=O)[O-])cc1,1,0.5579222,0.5579,0.1812560,0.1813,0.1203659,521.5950,14
26.8914,26.5396,25.6236,0.4346935,COc1ccc(OC)c(CC(=O)Nc2nc(C)cc(C)n2)c1,1,0.3118005,0.3118,0.9169535,0.9170,0.9999991,301.3460,14
47.7168,53.8990,-8.3950,0.3792001,CN=C(NC(C(=O)N(C)c1ccccc1)c1ccc(F)c(F)c1)NC1CCCC1c1ccc(F)c(F)c1,1,0.4498213,0.4498,0.2625084,0.2625,0.2393963,512.5510,14
33.0759,34.6529,-15.0809,0.1631000,CC1(COC(=O)c2cc(-c3ccccc3)c(-c3ccccc3)[nH]2)CC1,1,0.0850183,0.0850,0.6441338,0.6441,0.9999998,331.4150,14
32.0003,32.8960,-12.1205,0.1731289,O=C1c2ccccc2CN1Cc1cnc2cccc(F)c2c1,1,0.0895548,0.0896,0.7236639,0.7237,0.9999980,292.3130,14
29.3371,30.5121,6.3834,0.3074631,Nn1c(SCc2nc3sccn3c2Cl)nnc1C1CC1,1,0.2157746,0.2158,0.5887950,0.5888,0.9999999,326.8380,14
36.3203,39.9786,25.6251,0.5466979,O=C(NN=Cc1ccc(Oc2ccc([N+](=O)[O-])c(Cl)c2)c2ccccc12)c1cnccn1,1,0.6218559,0.6219,0.2585801,0.2586,0.9918721,447.8380,14
44.5734,46.2604,18.7655,0.5418825,COc1cc(Cl)ccc1NC(=O)N1CC2CCCN2C1c1c(C)nn(-c2ccccc2)c1C,1,0.4904837,0.4905,0.5775703,0.5776,0.9582295,465.9850,14
35.6348,36.9699,4.1025,0.3422696,COCCn1ccc(C(=O)N2CCc3cc(OC)c(C)cc3C2)c1C,1,0.2272963,0.2273,0.8390120,0.8390,0.9999995,342.4390,14
40.3524,41.0750,-6.3849,0.2890846,CS(=O)(=O)Nc1cn(-c2cc(SC(F)F)c(F)cc2F)cn1,1,0.1911042,0.1911,0.6617272,0.6617,0.9999984,355.3380,14
30.0960,31.3232,34.4630,0.5482184,CC(=O)NC1c2ccccc2CCN1S(=O)(=O)Cc1ccccc1,1,0.4333095,0.4333,0.9246439,0.9246,0.9999994,344.4360,14
34.9062,39.7342,31.4827,0.5934739,O=C(CCN(C(=O)c1ccco1)c1ccc(Cl)c(S(=O)(=O)N2CCCCC2)c1)N1CCOCC1,1,0.6673478,0.6673,0.5684828,0.5685,0.2845224,510.0120,14
41.2846,42.9173,46.1021,0.7418283,CC(NC(=O)C1(C)CN2CCCC2CN1C(=O)Cc1ccccc1)c1ccc2c(c1)OCO2,1,0.7068597,0.7069,0.7601939,0.7602,0.9904963,449.5510,14
30.6492,33.1236,5.2437,0.3197271,CC(NC(=O)COc1ccccc1NCC(=O)Nc1ccc(Cl)cc1)c1ccccc1,1,0.2457204,0.2457,0.4550574,0.4551,0.9967217,437.9270,14
31.9016,33.5997,18.2173,0.4318084,COc1cccc(OCC(=O)NNC(=O)c2ccc(CN3CCNC3=O)cc2)c1,1,0.3478850,0.3479,0.6045740,0.6046,0.9999136,398.4190,14
40.5062,41.4955,39.5940,0.6757461,CCc1oc(NS(=O)(=O)c2ccc(N3CCCC3)cc2O)nc1-c1ccccc1,1,0.6507591,0.6508,0.6339023,0.6339,0.9996534,413.4990,14
39.6497,44.2681,-26.8724,0.1449639,Cc1ccc(C(=O)N2CCCC(c3n[nH]c(C)n3)C2)c(Oc2ccc(C)cc2[N+](=O)[O-])c1,1,0.0787513,0.0788,0.4676987,0.4677,0.9973805,435.4840,14
43.6986,44.7789,-44.7788,0.0000009,CCOC(=O)C1=C(CSc2nc(SCc3ccc(F)cc3)c(Cc3ccc(F)cc3)c(=O)[nH]2)NC(=O)NC1C,1,0.0000000,0.0000,0.1415088,0.1415,0.0012391,572.6590,14
27.9856,25.6195,-12.1719,0.1120639,Cc1cccc(C(C)NCC(O)C(F)F)c1F,1,0.0461495,0.0461,0.8370926,0.8371,0.9998713,247.2600,14
30.3013,30.1012,44.2845,0.6198809,COc1ccccc1-c1ccc(SCc2nc3ccccc3[nH]2)nn1,1,0.6008858,0.6009,0.5442137,0.5442,0.9999991,348.4310,14
34.7516,39.5656,20.1055,0.4972597,COc1ccc(NC(=O)Cc2coc3cc(C)cc(C)c23)cc1Oc1nc2ccccc2s1,1,0.5173191,0.5173,0.3086580,0.3087,0.9785154,458.5390,14
51.5621,56.8961,-23.7655,0.2760881,O=C1CN(C(=O)Nc2cccc(F)c2)N(c2cccc(Cl)c2)C2CN(Cc3ccncc3)C(c3ccncc3)CN12,1,0.5474837,0.5475,0.3648440,0.3648,0.0013112,572.0440,14
35.6521,34.9205,-34.9204,0.0000010,O=C(CCCCC1SCC2NC(=O)NC21)NCCOCCOCCOCCOCCn1cc(C(=O)O)nn1,1,0.0000000,0.0000,0.1169513,0.1170,0.0044847,558.6580,14
28.4250,27.0680,-15.6859,0.0948506,NCC1CCC(C(=O)NCc2ccc(NC(=O)C3CC3)cc2)O1,1,0.0377617,0.0378,0.7337036,0.7337,0.9999998,317.3890,14
74.8535,77.2946,-77.2946,0.0000005,C=C(C)c1cc(OC2CN(c3nc4cc(F)ccc4[nH]c3=O)CCC2N2CC(=O)NS2(=O)=O)c(-c2cnc(SC)nc2)cc1C,1,0.0000000,0.0000,0.2251620,0.2252,0.0000008,651.7460,14
50.3030,52.1151,-43.2880,0.0735590,N#Cc1ccccc1NC(=O)NS(=O)(=O)c1cccc2c(N3CCN(C(=O)OCc4cccc(F)c4)CC3)cccc12,1,0.1044749,0.1045,0.3306529,0.3307,0.0003123,587.6330,14
47.8625,50.7402,-7.6534,0.3590566,Cc1ccc(N(C)C)c2ccc3c(c12)OCN1CCC32N(C)CCN2C1=O,1,0.2486882,0.2487,0.7780762,0.7781,0.9999955,366.4650,14
30.6747,29.3760,7.7130,0.3090750,CC(CC(=O)O)Nc1ccc(S(N)(=O)=O)cn1,1,0.2082905,0.2083,0.6838881,0.6839,0.9999575,259.2870,14
51.4677,51.5970,5.9101,0.4792262,COc1cc2c(cc1OC)C1C3CC3(O)CC(OC3OC(CO)C(O)C(O)C3O)[N+]1(C)CC2,1,0.4770667,0.4771,0.3461917,0.3462,0.9478038,468.5230,14
29.8316,32.1210,-32.1209,0.0000006,CCC(C)NC(=O)C(C)N(Cc1ccc(Cl)cc1Cl)C(=O)CN(c1ccc(Cl)cc1C)S(=O)(=O)c1ccccc1,1,0.0000000,0.0000,0.2645374,0.2645,0.0000100,625.0180,14
68.2519,69.0104,-55.4675,0.1128575,Cc1cccnc1Cn1c(=O)n(Cc2cccc3c(Cl)cccc23)c2ncc([N+](=O)[O-])c(-c3cnc(N)cc3Cl)c21,1,0.2232367,0.2232,0.1865645,0.1866,0.0003486,586.4390,14
25.4249,31.5347,-1.2421,0.2524380,O=C(Nc1ccc(N2CCCC2=O)cc1)C(c1ccccc1)N(Cc1ccc(Cl)cc1)S(=O)(=O)c1ccccc1,1,0.5425920,0.5426,0.2644805,0.2645,0.0010850,574.1020,14
39.0748,36.8026,13.0426,0.4153772,Cc1c(Cl)cccc1N1CCN(CC(O)Cn2c(=O)n(C)c(=O)n(C)c2=O)CC1,1,0.3170436,0.3170,0.6894346,0.6894,0.9990971,423.9010,14
32.7872,33.3773,-6.2942,0.2256924,O=c1cc(NCc2cnn(Cn3cccn3)c2)nc2sccn12,1,0.1382008,0.1382,0.5967566,0.5968,0.9999999,327.3730,14
35.8591,39.2199,-6.0614,0.2763213,CCCOc1ccccc1CNCc1ccccc1OCCOC(=O)Nc1ccccc1,1,0.2109563,0.2110,0.3740420,0.3740,0.9975990,434.5360,14
48.8397,47.0910,3.8164,0.4242284,O=C(Nc1cnccc1Cl)NC1NC(=O)c2ccsc2N1CC1CC1,1,0.3172194,0.3172,0.7642622,0.7643,0.9999870,377.8570,14
30.2878,31.2438,33.2051,0.5370747,CC(C)CNS(=O)(=O)N1CCC(C(=O)NC2CCCc3ccccc32)CC1,1,0.4419267,0.4419,0.7788604,0.7789,0.9999448,393.5530,14
30.0491,32.5799,-20.8959,0.0973668,COc1cc(C=NNC(=O)c2ccc(I)cc2)cc(I)c1OS(=O)(=O)c1ccc(F)cc1,1,0.6399363,0.6399,0.1709762,0.1710,0.0000001,680.2330,14
30.5826,30.0372,-27.3523,0.0223742,CC(C)OCCOc1ccccc1NCc1cccc([N+](=O)[O-])c1,1,0.0055985,0.0056,0.4270536,0.4271,0.9999998,330.3840,14
36.0469,38.0686,2.4310,0.3374963,CC1CN(C(=O)c2c(F)cccc2Cl)Cc2cc(C(=O)NCC3CCCO3)nn21,1,0.2238980,0.2239,0.8247418,0.8247,0.9993168,420.8720,14
85.6966,91.8098,-91.8098,0.0000000,C(C[C@H](NC(=O)[C@@H](NC([C@H](C)NC([C@@H](NC(=O)[C@H](Cc1ccc(O)cc1)N)=O)Cc1c2ccccc2[nH]c1)=O)=O)C(=O)N[C@H](C(N[C@@H](Cc1n2c(cccc2)nc1C)C(O)=O)=O)C)(N[C@H](C(N1[C@@H](CC,0,0.0000000,0.0000,0.0000000,0.0000,0.0000000,0.0000,14
33.3491,38.7956,-15.6836,0.1925999,COc1ccc(C(CN2CCCc3ccccc32)NC(=O)NC(C)C)c(OC)c1,1,0.1034730,0.1035,0.7437091,0.7437,0.9999204,397.5190,14
61.8493,65.2585,-35.0551,0.2516952,Cc1ccc(NC(=O)N2Nc3cc(O[PH](=O)Cl)ccc3C2(c2ccc(Cl)cc2Cl)C(F)(F)F)cc1,1,0.4542731,0.4543,0.3152277,0.3152,0.0025721,564.7150,14
30.8937,35.9496,-10.1155,0.2152836,CN(C)Cc1ccccc1CNC(=O)c1ccnc(C(=O)Nc2ccc(OC(F)(F)F)cc2)c1,1,0.1363697,0.1364,0.5129690,0.5130,0.9266193,472.4670,14
104.6189,105.9167,-105.9167,0.0000000,c1[n+](C(C)C)nc2c(=CC=CC2)c1/C(=C(/C#N)c1ccc(C(c2ncccn2)=C2C=C(C(C(=C2)C(=[N+](C)C)[O-])=O)C#N)cc1C(F)(F)F)Nc1ccc(C)c(c1)[N+]([O-])=O,0,0.0000000,0.0000,0.0000000,0.0000,0.0000000,0.0000,14
34.5721,33.9421,-20.5655,0.1114710,COc1ccc(-[n+]2cc(C)cc3ccccc32)c(Cl)c1,1,0.0493151,0.0493,0.6462199,0.6462,0.9999959,284.7660,14
43.7389,46.8890,26.8008,0.6140818,CC1(C)C2CC1N(c1ccc(Nc3ccc(Cc4ccc(Cl)cc4)cc3)cn1)C2=O,1,0.5858492,0.5858,0.5675367,0.5675,0.9994783,417.9400,14
33.4754,36.1878,26.3732,0.5213419,Cc1ccc(C)c(Sc2nccnc2N2CCN(C(=O)C3(c4ccc(Cl)cc4)CC3)CC2)c1,1,0.4903893,0.4904,0.4990680,0.4991,0.8732115,479.0490,14
30.7091,31.7341,-15.9567,0.1314784,Cc1cccc(OCCN(C)C(=O)CCc2ccc(-c3ccccc3)o2)c1,1,0.0643502,0.0644,0.5812300,0.5812,0.9999965,363.4570,14
31.5722,35.1268,-19.9833,0.1261961,Cc1cc(F)ccc1NC(C)(CC1CCOCC1)C(=O)O,1,0.0539857,0.0540,0.8754961,0.8755,0.9999985,295.3540,14
26.6934,25.0185,-18.9017,0.0509732,COc1cc(CO)c(Br)c(C)c1O,1,0.0149651,0.0150,0.8393817,0.8394,0.9998692,247.0880,14
35.6531,37.2387,-20.3610,0.1406469,Cc1cc(C)n2nc(COC3C(=O)CSc4ccccc43)nc2n1,1,0.0663882,0.0664,0.7300167,0.7300,0.9999996,340.4080,14
44.0211,44.0003,10.4909,0.4540932,O=c1c2ccc(O)cc2oc2c(Cc3cc4cc(O)ccc4c(O)c3O)c(O)cc(O)c12,1,0.5274535,0.5275,0.1813463,0.1813,0.9980298,432.3840,14
26.2094,27.5380,17.5763,0.3759524,Cc1ncnc2scc(-c3ccc4ccccc4c3)c12,1,0.3017083,0.3017,0.4978639,0.4979,0.9999912,276.3640,14
43.7585,42.9471,3.8390,0.3898844,CCCC=CC(=O)OC1OCC(O)C(OS(=O)(=O)O)C1CO,1,0.3623282,0.3623,0.3146459,0.3146,0.9999996,340.3500,14
26.9181,27.2380,4.5237,0.2646808,Nc1c(Cl)cccc1C(=O)NCc1ncno1,1,0.1594978,0.1595,0.8016556,0.8017,0.9999217,252.6610,14
47.5249,51.4127,5.0662,0.4706575,COc1ccccc1CNC(=O)C1CC12C1CCC2(NC(=O)C2CC2)CCN1C,1,0.3670197,0.3670,0.7711331,0.7711,0.9999204,397.5190,15
37.6906,41.8827,-30.9935,0.0907433,Nc1ccc(C=CC(=O)NC(CCN2CCN(c3ccccc3F)CC2)c2nccs2)cc1,1,0.0427343,0.0427,0.3893174,0.3893,0.9596331,465.5980,15
54.0401,54.2570,-54.2568,0.0000016,[B]C1C=COC(C(NC(C)=O)C(N)C(=O)NC(CCCN=C(N)N)C(=O)O)O1,1,0.0000000,0.0000,0.0951530,0.0952,0.9999294,396.2130,15
30.6578,33.2870,21.2396,0.4543878,NC(=O)c1cccnc1Oc1ccc(Nc2ccnc3ncccc23)cc1,1,0.3814837,0.3815,0.5648954,0.5649,0.9999980,357.3730,15
27.6722,27.6510,28.4953,0.4678860,COc1ccc(NC(=O)C2(C(=O)Nc3cccc(C)c3C)CC2)c(OC)c1,1,0.3650603,0.3651,0.7628258,0.7628,0.9999945,368.4330,15
45.8840,56.3714,-18.1426,0.3185735,Cc1cccc(C)c1NC(=O)N1CC2(C1)OCC(Cc1ccc(OCC3CCOCC3)cc1)C(=O)N2Cc1ccccc1,1,0.7770169,0.7770,0.3751682,0.3752,0.0004473,583.7290,15
41.6440,45.2247,24.7961,0.5835072,Cc1ccccc1C(=O)Oc1ccc2c(c1)OC(N)=NC2c1ccc(C(=O)N2CCCCC2)cc1,1,0.5891178,0.5891,0.4438902,0.4439,0.9429658,469.5410,15
35.4994,36.2601,33.0011,0.5771767,CCCNC(=O)C1CCCN(C(=O)C(=O)N(Cc2ccccc2)Cc2ccccn2)C1,1,0.5061130,0.5061,0.6947854,0.6948,0.9992042,422.5290,15
29.8600,30.0279,-22.1412,0.0657224,Nc1cc(Cl)cc(Oc2cccc3cc[nH]c23)c1,1,0.0228768,0.0229,0.6771596,0.6772,0.9999552,258.7080,15
46.9366,49.7677,-49.7676,0.0000011,CN1CCC(N(Cc2cccnc2)C(=O)C(C(=O)c2ccccc2)N(C(=O)c2ccccc2)c2ccccc2O)CC1,1,0.0000000,0.0000,0.2325481,0.2325,0.0031035,562.6700,15
28.5637,27.7939,-15.7547,0.1003261,C=C(Cn1nc(-c2ccccc2)ccc1=O)C(=O)O,1,0.0393320,0.0393,0.8423067,0.8423,0.9999439,256.2610,15
37.0436,35.2430,-28.4225,0.0568369,CC=C(C=CC1CC1)N(N)C=CCC,1,0.0214865,0.0215,0.4120382,0.4120,0.9800920,192.3060,15
37.3641,39.9695,-18.5133,0.1788017,COc1ccc2ccc(NC3CN(CCc4c(F)cccc4F)C3)nc2c1,1,0.0940618,0.0941,0.7159988,0.7160,0.9999940,369.4150,15
52.6797,54.4753,-38.6870,0.1315690,CC(C)NC(=O)OC1=CN(Cc2ccccc2)C2CC(C1)NC2c1ccc(F)cc1F,1,0.0603319,0.0603,0.7313523,0.7314,0.9987432,427.4950,15
47.9198,48.5367,-48.5367,0.0000000,CN(C)CCc1n2c(=NC(C)=C(C2c2ccc(OCc3c(C)cccc3)c(OCC)c2)C(=O)OCC)s/c1=C\c1ccc(OC)c(c1)OC,0,0.0000000,0.0000,0.0000000,0.0000,0.0000000,0.0000,15
33.9824,36.3023,23.3154,0.4968142,O=C1NC(c2ccccn2)C(c2ccc(Br)cc2)N1Cc1nc(-c2cccs2)no1,1,0.4792011,0.4792,0.4347197,0.4347,0.8354048,482.3630,15
45.0768,48.0216,7.6143,0.4636318,CN(Cc1ncc[nH]1)C(=O)c1ccc(OC2CN(Cc3ccccc3)C2)c2ncncc12,1,0.4096784,0.4097,0.4870961,0.4871,0.9986220,428.4960,15
37.2323,41.7004,14.6536,0.4696169,O=C1C(c2ccc(F)cc2)NC(=S)N1Nc1ccc(N2CCOCC2)c([N+](=O)[O-])c1,1,0.4344752,0.4345,0.4228962,0.4229,0.9981921,431.4490,15
26.3687,28.6325,40.0265,0.5721582,COc1cccc(C(=O)NN=Cc2ccc(-c3ccc([N+](=O)[O-])cc3)o2)c1,1,0.5820029,0.5820,0.4077027,0.4077,0.9999959,365.3450,15
34.4833,36.1447,17.6004,0.4478758,Cc1cc(NC(C)C)ccc1C(=O)N1CC(c2ccc(F)cc2)C1,1,0.3257629,0.3258,0.9133388,0.9133,0.9999999,326.4150,15
30.1522,32.8484,24.5145,0.4780243,COc1cccc(OC)c1NC(C)c1cccc(S(=O)(=O)N(C)C)c1,1,0.3690444,0.3690,0.8174770,0.8175,0.9999962,364.4670,15
55.3702,62.0243,-51.6691,0.0862937,COc1cc(N2C(c3ccc(C)o3)C3C=CCN(C3=O)C2c2cccs2)ccc1NC(=O)c1cccc2ncccc12,1,0.1267561,0.1268,0.2255569,0.2256,0.0008560,576.6780,15
40.3483,46.9699,27.4356,0.6200461,Nc1cc(Nc2cccc(F)c2)sc1C(=O)OCC(=O)N1CCc2cc(F)ccc21,1,0.5855854,0.5856,0.5968718,0.5969,0.9984959,429.4480,15
42.7807,46.4721,44.5474,0.7584960,COc1ccc(CN2CCc3nc(C4CC4)nc(-c4c(O)cccc4F)c3C2)c(O)c1,1,0.7638368,0.7638,0.6447944,0.6448,0.9992779,421.4720,15
34.9639,34.2423,39.2565,0.6124902,O=C(c1cc(Br)c[nH]1)N1CCCCC1c1cncc(-c2ccccc2)n1,1,0.5530437,0.5530,0.6853288,0.6853,0.9997169,411.3030,15
42.7198,43.6684,-24.9369,0.1560957,OC1CCN(c2nc(Cl)nc3c2Cn2cc(C(F)F)cc2-3)C1,1,0.0768939,0.0769,0.7350781,0.7351,0.9999999,326.7340,15
30.9487,31.9391,-20.8799,0.0921597,Nc1cccc2c(Br)c(-c3cccc(Br)c3)[nH]c12,1,0.0385915,0.0386,0.5888216,0.5888,0.9999956,366.0560,15
27.7794,31.3279,8.0475,0.3281286,O=C(c1ccc(OCCOc2ccccc2)cc1)N1CCN(S(=O)(=O)c2ccccc2[N+](=O)[O-])CC1,1,0.3691157,0.3691,0.2458243,0.2458,0.2564796,511.5560,15
44.2545,49.2364,4.0379,0.4439532,Nc1cc(NC(=O)c2ccc(OS(N)(=O)=O)cc2)nc(C2CN3CCN2CC3)n1,1,0.3654778,0.3655,0.5845249,0.5845,0.9993996,419.4670,15
42.5279,47.3146,26.2285,0.6128597,CCOC(=O)c1cn2cc(NS(=O)(=O)c3cc(Cl)ccc3OCc3cccc(C)c3)ccc2n1,1,0.7417151,0.7417,0.3477369,0.3477,0.5005523,499.9760,15
30.4983,32.0238,45.8266,0.6487534,CNC(=O)c1ccc(-c2nc(CSc3nnnn3C3CC3)no2)cc1,1,0.6059172,0.6059,0.6636699,0.6637,0.9999980,357.3990,15
28.9996,29.0651,-4.3159,0.2062433,N#Cc1ccc2c(=O)[nH]nc(-c3ccccc3Cl)c2c1,1,0.1140484,0.1140,0.7448813,0.7449,0.9999946,281.7020,15
38.7131,40.1892,7.6336,0.3985230,CSc1cccc(NC(=O)C(Cc2cccc3ccccc23)NC(=O)C(Cc2ccccc2)NC(C)=O)c1,1,0.5636382,0.5636,0.2551236,0.2551,0.0859073,525.6740,15
22.3199,23.7872,-19.2114,0.0381316,CSC1(CNc2ncc(N)cc2Br)CC1,1,0.0097084,0.0097,0.8941566,0.8942,0.9999970,288.2140,15
26.8821,27.8728,47.4119,0.6273722,CCCc1ccc(NC(=O)COC(=O)c2c(O)cccc2O)cc1,1,0.5669517,0.5670,0.7082965,0.7083,0.9999998,329.3520,15
41.4598,41.7093,18.6319,0.5028427,CC(=O)N1C(c2ccc(S(N)(=O)=O)cc2)CC(=O)C1c1cccc(Cl)c1,1,0.3900531,0.3901,0.8674392,0.8674,0.9999482,392.8640,15
32.8276,34.2052,-11.9326,0.1856053,Cc1ccccc1Cn1ncc2cc(S(=O)(=O)Nc3ccccc3Cl)ccc21,1,0.1093004,0.1093,0.5103184,0.5103,0.9997005,411.9140,15
32.7083,34.0563,-26.4415,0.0634564,CCOc1c(Br)cc(C=C2C(=O)NC(=O)N(c3cccc(Br)c3)C2=O)cc1OC(=O)C=Cc1ccccc1,1,0.2121719,0.2122,0.1496022,0.1496,0.0000024,640.2840,15
33.8667,34.7663,57.1841,0.7662537,Cc1ccc(NC(=O)N2CCC3(CC2)CCN(c2cccnc2)C3=O)cc1F,1,0.7129235,0.7129,0.8634098,0.8634,0.9999802,382.4390,15
91.4683,102.0529,-102.0528,0.0000003,CC1OC23CCC(O)(c4cc(Br)ccc4O)C2C(=O)N(C(=O)C2C4CNOC4(C)CCC(NC(=O)Cc4ccccc4)C4CC=C4N2c2ccc(O)cc2)C13,1,0.0000000,0.0000,0.2234915,0.2235,0.0000000,813.7460,15
40.8077,43.4026,-13.5743,0.2485689,CC(O)c1ccc(OCc2cccc3c2c2cc(Cl)ccc2n3C(C)C)cc1,1,0.1764834,0.1765,0.4109448,0.4109,0.9999429,393.9140,15
42.1534,48.1177,24.8091,0.6077238,COC(=O)c1cc(C(=O)O)ccc1N1CCCC1NCc1sccc1C,1,0.5317890,0.5318,0.7558677,0.7559,0.9999905,374.4620,15
39.8343,44.8115,36.6219,0.6786111,Cc1ccc(NC(=O)Nc2scnc2C(=O)N2CCOC(C(=O)O)C2)nc1,1,0.6319388,0.6319,0.7173843,0.7174,0.9999547,391.4090,15
34.8318,38.7311,28.5584,0.5607459,CN(Cc1cccnc1)C(=O)C1CN(Cc2cc(C(F)(F)F)cs2)c2ccccc2O1,1,0.5133696,0.5134,0.5741698,0.5742,0.9921322,447.4820,15
50.8173,52.9086,-38.8732,0.1169613,CN1CCN(N(C)c2nc3ccc(COc4ccc(CC5CCC(=O)N5C5CC5)cc4)cc3s2)CC1,1,0.0671196,0.0671,0.4581409,0.4581,0.3719447,505.6880,15
30.0018,34.8952,-18.8837,0.1334291,COc1ccc(N=C(N)C(N)=NNc2ccc(N=Nc3ccccc3)cc2)cc1,1,0.0836752,0.0837,0.2495577,0.2496,0.9999685,387.4470,15
35.7680,39.8099,43.5439,0.6946149,COc1cccc(Cn2nncc2C(=O)Nc2ccc(OC)c(S(=O)(=O)N3CCCCC3)c2)c1,1,0.7400464,0.7400,0.5215504,0.5216,0.7907446,485.5660,15
68.6591,66.5563,-66.5562,0.0000004,CC(C)(C)OC(=O)N1CCC(c2ccc(OCC3=NOC(CCn4cc5c(n4)CN(C(=O)Nc4ccc(Cl)c(Cl)c4)C5)C3)cc2)CC1,1,0.0000000,0.0000,0.2639954,0.2640,0.0000001,683.6370,15
34.0315,35.7149,33.6793,0.5782855,CN(c1cc(-c2ccccc2Cl)ncn1)C1CCN(C(=O)c2cccs2)CC1,1,0.5223478,0.5223,0.6279483,0.6279,0.9996706,412.9460,15
42.0443,49.4092,0.3288,0.4144831,O=C1NC(=O)N2C(=O)C1Cc1c(ccc3oc(=O)oc13)C2c1ccc(OCc2cccc(Cl)c2)cc1,1,0.4172754,0.4173,0.4176684,0.4177,0.3894445,504.8820,15
41.1663,43.1740,37.8825,0.6754709,CC1CCC(C2=Nc3cc(C(=O)Nc4ccc(O)cc4C(=O)O)ccc3SO2)CC1,1,0.7146779,0.7147,0.4559280,0.4559,0.9988538,426.4940,15
39.4460,42.5389,21.8580,0.5366407,Cc1ccc(NC2CCCN(C(=O)c3ccc(F)cc3)C2C(=O)N(C)C)cc1,1,0.4260916,0.4261,0.8813787,0.8814,0.9999782,383.4670,15
45.8512,47.4476,-13.2803,0.2847277,COc1c(C)cccc1-n1c(Cl)c2c(c1-c1ccccn1)CN(S(C)(=O)=O)CC2,1,0.1897511,0.1898,0.6293827,0.6294,0.9981077,431.9450,15
49.0207,48.3679,11.8678,0.5019643,NC(=O)c1cccc(C(c2cnc3c(c2)NC(=O)C3O)N2CCCC2)c1,1,0.4026076,0.4026,0.7696219,0.7696,0.9999987,352.3940,15
39.5162,40.7163,-13.9786,0.2228143,Cc1cc(Sc2ccc(NC(=O)C3CCCC3)cc2)ccc1NC(=O)c1cc2cc(Br)ccc2oc1=O,1,0.4919854,0.4920,0.2333756,0.2334,0.0007937,577.5000,15
46.3871,46.7688,8.7365,0.4625438,C=C(C)CS(=O)(=O)N1CCCC(NCCc2cccc(OCc3ccccc3)c2)C1,1,0.3873958,0.3874,0.5854968,0.5855,0.9986091,428.5980,15
27.0836,26.9665,17.7630,0.3727462,CCCOc1ccc(C(=O)NN=Cc2ccc(O)c(OCC)c2)cc1OC,1,0.2942914,0.2943,0.5204109,0.5204,0.9999921,372.4210,15
34.9959,41.5857,-23.6379,0.1495645,O=C(OC1CCC(C(=O)N2CCc3ccccc3C2)CC1)c1ccc(NS(=O)(=O)c2ccc(F)cc2)cc1,1,0.1352888,0.1353,0.4513830,0.4514,0.0331408,536.6250,15
41.1118,44.8020,-8.2985,0.3041956,COC(=O)c1cc2ccccc2cc1COC(=O)N1CCCC2(C1)OC(=O)c1ccccc12,1,0.2314102,0.2314,0.4383813,0.4384,0.9934538,445.4710,15
50.6417,57.0308,3.5347,0.5047120,COc1ccc(F)cc1NC(=O)N1CC2(C1CO)C(c1ccccc1)N1Cc3ccccc3C12,1,0.4352320,0.4352,0.6093298,0.6093,0.9765294,459.5210,15
34.0692,38.0038,29.3328,0.5611379,Cc1ccc(OCC(=O)N2C(C(=O)O)CSC2(C)C)cc1C(=O)O,1,0.4616845,0.4617,0.8320313,0.8320,0.9999986,353.3960,15
29.6518,29.3590,-24.8646,0.0374537,CC1CCC(C(N)CCCCCCN(C)C)CC1,1,0.0102765,0.0103,0.6699405,0.6699,0.9999337,254.4620,15
42.0147,40.8419,14.3326,0.4597876,CCN(CC)c1ccc(S(=O)(=O)NCc2ccc(C(=O)N3CCCC3)c(F)c2)c(C)c1,1,0.3699242,0.3699,0.6700725,0.6701,0.9920644,447.5760,15
32.0994,32.6954,3.9206,0.3051335,COc1ccc(C(C)N(Cc2ccc(Cl)cc2)C(=O)COc2ccccc2F)cc1OC,1,0.2365068,0.2365,0.4153916,0.4154,0.9796653,457.9290,15
44.1374,52.7948,18.9722,0.5980586,CN(Cc1ccc(N2CC(=O)N(C)C(=O)C2)cc1)Cc1cccn2cc(-c3cccc(F)c3)nc12,1,0.6285241,0.6285,0.4025576,0.4026,0.9322408,471.5360,16
34.3253,39.9923,35.2432,0.6269622,COc1ccc(N2CCN(NC(=O)c3ccc(N)cc3Nc3ccccc3F)CC2)cc1,1,0.6212713,0.6213,0.5132076,0.5132,0.9973759,435.5030,16
35.8395,42.1626,-24.6882,0.1456204,Cc1cc(C2C(c3ccccn3)NC(=S)N2Cc2ccco2)c(Cc2ccncc2)n1-c1ccc([N+](=O)[O-])cc1,1,0.2154198,0.2154,0.1460589,0.1461,0.0093361,550.6440,16
27.7565,27.6044,-16.3135,0.0940909,Cc1ccc(COc2cnc(Br)cc2Cl)cc1,1,0.0366238,0.0366,0.7844542,0.7845,0.9999997,312.5940,16
58.5469,61.5325,-31.7871,0.2478782,CNC(=O)c1ccc(C2OC(OCC(Cc3ccccc3)N(O)C=O)C(OC(=O)C(F)(F)F)C(O)C2O)cc1,1,0.4973419,0.4973,0.1458443,0.1458,0.0054704,556.4900,16
25.7028,25.5553,24.3837,0.4161584,COc1ccc(-c2nc(CN(C)CC(=O)O)cs2)cc1,1,0.2959581,0.2960,0.8850901,0.8851,0.9999980,292.3600,16
30.2453,35.4212,13.8638,0.4107078,COc1ccc(C=NNc2ccccc2[N+](=O)[O-])cc1S(=O)(=O)Nc1ccc(F)cc1,1,0.3931306,0.3931,0.3076688,0.3077,0.9940411,444.4440,16
31.4375,32.6304,-12.0293,0.1716759,CCOC(=O)CC(=O)N=C1SC2CS(=O)(=O)CC2N1c1cccc(Cl)c1,1,0.0958992,0.0959,0.5461314,0.5461,0.9995256,416.9080,16
90.1975,94.3253,-84.2220,0.0841941,CC(=O)OC1CCCC(C)N1N=C1CC2(C)CC3(C)C4C(O2)C(C)(C)C(c2ccc(C(C)=O)cc2)C14C(=O)N3c1ccc(F)c(Cl)c1,1,0.3720218,0.3720,0.2467710,0.2468,0.0000003,664.2180,16
59.5839,63.4771,-17.3649,0.3842685,CC12CCC3C(C4C=CC5CC(O)(C(=O)SC6CCCC6)CCC5(C)C4CC1)C32,1,0.3003436,0.3003,0.5644085,0.5644,0.9996145,414.6550,16
26.3223,27.1280,36.9938,0.5343488,Cc1cc(C=NNC(=O)CNc2ccc(F)cc2)c(C)n1-c1ccc(Br)cc1,1,0.5189894,0.5190,0.4337506,0.4338,0.9946240,443.3200,16
30.4087,30.4310,-23.1859,0.0603759,Cc1cc(S(=O)(=O)NC(C)c2ccccc2C)ccc1CN,1,0.0187419,0.0187,0.8901688,0.8902,0.9999998,318.4420,16
34.2016,38.3057,-5.0419,0.2771985,CC(C(=O)NC1CCCC1)N(Cc1ccc(Br)cc1Cl)C(=O)Cc1ccccc1O,1,0.1992116,0.1992,0.5805126,0.5805,0.6383868,493.8290,16
35.8441,34.8224,-29.4792,0.0445269,CCN(CC)C(=O)c1cccc(NC(C)c2ccc(Cl)cc2)c1[N+](=O)[O-],1,0.0139126,0.0139,0.5510475,0.5510,0.9999892,375.8560,16
27.0910,28.6066,-3.9642,0.2053532,CC(O)(CNC(=O)NC1CCN(C(C)(C)C)C1)C(=O)O,1,0.1215940,0.1216,0.5825254,0.5825,0.9999968,287.3600,16
52.4261,56.5038,-7.2380,0.4105483,COc1ccc2c(c1)C1(C)CC(=CC(C)=NO)CC1C1CC=C3C2C(O)CCC31C,1,0.3951067,0.3951,0.3008600,0.3009,0.9997995,407.5540,16
30.7497,29.9587,47.9340,0.6491058,Fc1ccc(-n2ncc3c(SCc4ccccc4F)nc(-c4ccccc4)nc32)cc1,1,0.8004243,0.8004,0.2513716,0.2514,0.9983457,430.4830,16
34.6522,39.4336,-26.1533,0.1106690,Cc1cc([N+](=O)[O-])ccc1NC(C)Cc1nc(N2CCCCC2)cs1,1,0.0496019,0.0496,0.6107828,0.6108,0.9999974,360.4830,16
30.2917,31.8308,-13.8557,0.1497918,O=C(O)c1ccccc1N(Cc1ccco1)S(=O)(=O)c1cc(Cl)ccc1Cl,1,0.0761727,0.0762,0.6185651,0.6186,0.9988765,426.2770,16
30.2469,34.2566,37.6846,0.5995100,COc1ccc(OCCNc2cc(-c3cccs3)nc(Nc3ccc(F)cc3)n2)cc1,1,0.6591126,0.6591,0.3336181,0.3336,0.9971211,436.5120,16
38.3267,39.1845,23.6921,0.5239719,COc1cc(Cl)c(C)cc1NC(=O)C=Cc1ccccc1OC(=O)c1ccc2ccccc2c1,1,0.6418491,0.6418,0.1933382,0.1933,0.9298522,471.9400,16
29.7071,29.0907,46.1865,0.6273096,COc1cc(C)c(C)cc1NC(=O)C1C2C=CC(C2)C1C(=O)O,1,0.5403161,0.5403,0.8378035,0.8378,0.9999998,315.3690,16
24.2439,27.0872,24.8856,0.4331063,COc1cc(C=NN2C(=O)C3C4C=CC(C4)C3C2=O)ccc1OC(C)=O,1,0.4396788,0.4397,0.2703948,0.2704,0.9999985,354.3620,16
31.3213,32.1652,52.7845,0.7079141,Cc1ccc(N2CC(CNC(=O)c3ccc(-n4cncn4)cc3)CC2=O)cc1,1,0.6647379,0.6647,0.7423835,0.7424,0.9999896,375.4320,16
31.4205,33.4404,-10.9393,0.1875091,Cc1cc(Oc2cc3c(cc2[N+](=O)[O-])CCC(=O)N3C)ccc1Cl,1,0.1051645,0.1052,0.6145680,0.6146,0.9999993,346.7700,16
45.5019,48.9023,-48.9022,0.0000005,Cc1ccc(S(=O)(=O)N2N=C(c3ccccc3)N(c3ccc(C(=O)N4CCC(C(=O)N(C)C)C4)cc3)C2c2ccc(Cl)cc2)cc1,1,0.0000000,0.0000,0.2520973,0.2521,0.0000005,656.2080,16
37.1625,40.2924,8.8054,0.4091488,COc1cc(C=CC(=O)Nc2ccc(F)c(C(=O)Nc3cccc4ccccc34)c2)ccc1OC(C)C,1,0.4456125,0.4456,0.2658225,0.2658,0.5332466,498.5540,16
64.4290,68.7447,-60.6864,0.0671529,Cc1c(Cl)cc(Cl)cc1N1CCN(CNc2ccc(-c3ccc(OC(=O)N4CC(Oc5cccnc5)C4)cc3)cc2)CC1C,1,0.1862182,0.1862,0.2203263,0.2203,0.0000049,632.5920,16
38.6501,41.6676,22.7540,0.5368462,Cc1cc(OCCN2CCOCC2)ccc1CN1CCC2(CCCN(Cc3ccc(F)cc3)C2)C1,1,0.4972839,0.4973,0.5596552,0.5597,0.8441643,481.6560,16
33.5892,37.4938,40.3623,0.6488004,Fc1ccc(-c2ccc(CN3CCC(N4CCN(c5ccccn5)CC4)C3)nc2)cc1,1,0.6142903,0.6143,0.6329316,0.6329,0.9994976,417.5320,16
45.4105,47.0469,8.9960,0.4670237,Nc1ccccc1N1CCC(CCCc2ccc(Cl)cc2)(NC(=O)c2ccccc2F)CC1,1,0.4315444,0.4315,0.4299157,0.4299,0.9581742,466.0000,16
31.4920,33.9682,13.7458,0.3976166,CCC(C)NC(=O)c1ccc(CNC(=O)CN(c2cccc(C)c2)S(=O)(=O)c2ccc(Cl)cc2)cc1,1,0.5087907,0.5088,0.3996580,0.3997,0.0700639,528.0740,16
27.2233,27.5025,-2.4926,0.2084154,CN1CCN(c2ccc(NS(=O)(=O)c3c(F)cc(F)cc3F)cc2)CC1,1,0.1104071,0.1104,0.8793567,0.8794,0.9999739,385.4110,16
31.9222,35.6754,1.1977,0.3072756,COC(=O)c1ccc(CNc2cccc(C(=O)Nc3nccs3)c2)c(C)c1,1,0.2116084,0.2116,0.6284618,0.6285,0.9999819,381.4570,16
33.0167,36.9700,19.5939,0.4713655,COC(=O)C=Cc1ccccc1NC(=O)c1ccc2[nH]c(=O)[nH]c2c1,1,0.4158630,0.4159,0.5017219,0.5017,0.9999997,337.3350,16
44.8820,51.4523,-29.2669,0.1848783,Nc1ccc(C(=O)c2ccc(Cl)cc2Oc2ccccc2CN(N)C(=O)Nc2ccccc2)cc1,1,0.1799628,0.1800,0.0996332,0.0996,0.7687238,486.9590,16
30.9493,32.9980,-32.9978,0.0000018,c1ccc(N=c2c3cc4c5cc3c3ccccc3n2cc-5n(-c2ccccc2)c2ccccc42)cc1,1,0.0000000,0.0000,0.1847256,0.1847,0.9764638,459.5520,16
41.3784,44.9463,-0.4256,0.3710054,CON=C(C(=O)NC1C(=O)N2C(N)=C(C=Cc3cccnc3)CSC12)c1nsc(N)n1,1,0.3398201,0.3398,0.3106287,0.3106,0.9785348,458.5290,16
29.6064,30.5087,-19.1667,0.0945171,COc1cc(CNC(=O)CC2CCC(=O)O2)ccc1OC(F)F,1,0.0369921,0.0370,0.7747632,0.7748,0.9999999,329.2990,16
40.6199,40.6251,-29.8843,0.0895070,CCCC(C)(C)OC(=O)C=Cc1ccc2oc3cc4ccccc4cc3c2c1,1,0.0456238,0.0456,0.2832147,0.2832,0.9999921,372.4640,16
33.7493,36.3314,16.5845,0.4409661,N#Cc1ccc2c(C3Cc4ccccc4O3)nnn2c1,1,0.3474245,0.3474,0.6745611,0.6746,0.9999677,262.2720,16
39.5211,46.9070,-30.2677,0.1386608,CN(C)c1ccc(N(C)Cc2ccc(Br)cc2)c(CN(CC2CCCO2)S(=O)(=O)N(C)C)c1,1,0.1254942,0.1255,0.4581449,0.4581,0.0255368,539.5400,16
31.6417,33.3814,-6.0885,0.2274407,Cc1cccc(Cn2ccnc2CN(Cc2ccccc2)C(=O)Cc2c(C)noc2C)c1,1,0.1554838,0.1555,0.4109065,0.4109,0.9986169,428.5360,16
40.5106,44.3614,-23.7240,0.1719779,COC(=O)c1cc(C(=O)NCCc2ccc(OC(=O)c3ccncc3)c(OC)c2)cc([N+](=O)[O-])c1,1,0.1285923,0.1286,0.2116270,0.2116,0.8691182,479.4450,16
34.3517,39.9132,-21.4840,0.1535769,CCOc1ccccc1Oc1c(N)cccc1C(=O)N1CCN(C(=O)c2ccc(F)cc2)CC1,1,0.0818403,0.0818,0.5541818,0.5542,0.9664614,463.5090,16
34.1361,34.3614,-18.8683,0.1291093,C=C(N)C=CC(=C)c1[nH]nc2cc(F)ccc12,1,0.0573397,0.0573,0.7949487,0.7949,0.9993249,229.2580,16
26.2619,30.0871,45.5301,0.6301435,COc1ccccc1N1CCN(C(=O)C(=O)Nc2cccc(NC(=O)c3ccccc3)c2)CC1,1,0.6079872,0.6080,0.5731574,0.5732,0.9785560,458.5180,16
71.0304,72.0943,-54.0938,0.1500040,CC(C)N1C(=C2N=CNC2=S)NC2C(CCCc3ccnc(CC(F)(F)F)c3)CCC21,1,0.0810489,0.0810,0.5039549,0.5040,0.9885845,451.5620,16
46.7728,48.8145,22.8450,0.5971629,CN1C(=O)CN(Cc2cccc(F)c2)c2cnc(NCc3ccc(C(=O)NCC(=O)O)s3)nc21,1,0.6228129,0.6228,0.4435607,0.4436,0.8063406,484.5130,16
25.4795,24.3936,-14.3385,0.0837920,O=C1CN2CCCC3=C2C(=C3)N1,1,0.0356182,0.0356,0.5575998,0.5576,0.7545308,162.1920,16
45.8931,51.2958,-9.5902,0.3475474,Cc1ccc(N(c2ccc(C)cc2)c2ccc(N(CCC(C)CC(=O)O)c3ccccc3N)cc2C)cc1,1,0.4035949,0.4036,0.2112788,0.2113,0.3302243,507.6780,16
28.8893,29.4534,0.7453,0.2516558,Cc1cc2[nH]nc(-c3cccc(N)c3)c2cc1C,1,0.1584885,0.1585,0.6369597,0.6370,0.9996782,237.3060,16
26.7501,27.7386,49.2713,0.6417492,CCOc1ccccc1NC(=O)Nc1ccc(S(=O)(=O)N2CCCCC2)cc1,1,0.5727433,0.5727,0.7655906,0.7656,0.9998620,403.5040,16
45.8459,43.9405,26.6463,0.5882232,CC1=C(C(=O)N2CC3(CCN(C(=O)OCc4ccc(Cl)cc4)CC3)C2)CCOC1=O,1,0.5220925,0.5221,0.6855573,0.6856,0.9979334,432.9040,16
38.6907,40.2981,-16.6548,0.1970269,N#CC(OC(=O)CSc1ccc2c(c1)OCCCO2)c1cccc(Br)c1,1,0.1191107,0.1191,0.5096963,0.5097,0.9976481,434.3110,16
43.4810,44.1507,-30.3526,0.1149843,COC(=O)c1ncccc1-c1ccc2c(c1)cc1n2CCC(F)(F)C1O,1,0.0501491,0.0501,0.7116575,0.7117,0.9999979,358.3440,16
32.1407,33.0624,-30.9569,0.0175460,COCCNC(c1cc(Cl)sc1Cl)c1cccc2c1CCCC2,1,0.0034341,0.0034,0.7007027,0.7007,0.9999935,370.3450,16
44.1791,45.2077,-22.7534,0.1871193,NC1=C2C(=O)c3ccccc3C2(c2ccc([N+](=O)[O-])[nH]2)O1,1,0.1035800,0.1036,0.6413986,0.6414,0.9999953,283.2430,16
36.1934,37.0926,5.0636,0.3513019,COc1ccc(C(C)NC(=O)c2ccnc(-c3ccc(OC(F)(F)F)cc3)c2)cc1OC,1,0.2673702,0.2674,0.5433299,0.5433,0.9928569,446.4250,16
47.9060,49.4833,-32.0975,0.1448818,O=C(O)c1ncc(Nc2cc3ccccc3c3ccnn23)cc1-c1ccccn1,1,0.0780896,0.0781,0.4797286,0.4797,0.9999820,381.3950,16
26.4170,29.7032,57.9385,0.7303479,O=C(Nc1cccc2ccccc12)c1cccc(NS(=O)(=O)c2cccc([N+](=O)[O-])c2)c1,1,0.8810068,0.8810,0.3250387,0.3250,0.9921395,447.4720,16
38.9053,44.9135,-8.1752,0.3061522,CN(C)S(=O)(=O)c1cc(C(=O)Nc2ccccc2OCC(=O)Nc2cc3c(cc2Cl)OCCO3)cc([N+](=O)[O-])c1,1,0.8784413,0.8784,0.2797158,0.2797,0.0002291,590.9980,16
38.7775,41.2176,-28.1616,0.1088001,FC(F)(F)c1ccccc1CC(c1ccc(Cl)cc1)n1c2ccccc2c2cc(Br)ccc21,1,0.0956917,0.0957,0.2192073,0.2192,0.0658359,528.7990,16
42.7476,47.8305,-27.0673,0.1730266,COC(=O)CC1C(NC(=O)c2ccc(S(=O)(=O)N3CCOCC3)cc2)C(C(=O)OC(C)(C)C)CN1Cc1ccccc1,1,0.3958933,0.3959,0.4299610,0.4300,0.0000854,601.7220,16
33.8005,36.1397,35.1666,0.5942198,CN(C)C(=O)CNC(=O)N1CCN(Cc2ccccc2)C(c2ccccc2F)C1,1,0.4993555,0.4994,0.8420154,0.8420,0.9999130,398.4820,17
28.5693,30.1822,-13.8781,0.1358679,O=C(c1ccc2[nH]c3ccccc3c2c1)N1CCN(Cc2ccc(F)cc2)CC1,1,0.0679789,0.0680,0.5653051,0.5653,0.9999685,387.4580,17
34.8535,36.4759,16.3390,0.4401235,COc1ccc(Cl)cc1Nc1ncnc(NCC2CCCN(C(=O)OC(C)(C)C)C2)c1N,1,0.3646294,0.3646,0.5733956,0.5734,0.9679996,462.9820,17
24.9910,23.6808,-8.3568,0.1277001,Cc1ccc(N2CC(Cc3ccccc3)NC2=O)cc1,1,0.0543191,0.0543,0.9091334,0.9091,0.9999778,266.3440,17
50.6156,48.7943,-48.7942,0.0000015,CC1(C)OB(c2ccc(-c3ccccc3-c3ccc(-c4ccccn4)cn3)c3oc4ccccc4c23)OC1(C)C,1,0.0000000,0.0000,0.2215673,0.2216,0.0953498,524.4290,17
38.9569,41.2297,-7.7480,0.2790135,COc1ccc(CN2c3nc(=O)ccn3C(c3cccc(OC)c3)C2(O)C(F)(F)F)cc1,1,0.1829687,0.1830,0.6479057,0.6479,0.9921817,447.4130,17
36.9435,40.8497,19.2371,0.5007232,Cc1cc(Nc2ccc(-c3ccc(CO)o3)cc2)c(Cl)cc1S(N)(=O)=O,1,0.4283158,0.4283,0.6121044,0.6121,0.9999482,392.8640,17
41.4138,43.9222,-26.8337,0.1424044,O=C(Nc1ccc2ccccc2c1)C(=O)NC1c2ccccc2-c2c(OCCCN3CCCCC3)cccc21,1,0.1236339,0.1236,0.2349455,0.2349,0.1407139,519.6450,17
37.4290,40.9935,19.1152,0.5009057,COc1ccc(NC(=O)NN=Cc2cc(C)n(-c3ccc(C(=O)O)cc3C)c2C)c(OC)c1,1,0.4965860,0.4966,0.3673330,0.3673,0.9896420,450.4950,17
43.4301,44.9095,30.6207,0.6294186,Cn1c(C2(F)CCN(C(=O)OC(C)(C)C)C2)nc2cc(-c3ccc(O)cc3)ccc21,1,0.5810453,0.5810,0.6607319,0.6607,0.9997123,411.4770,17
35.3973,42.9235,-37.3792,0.0462028,C=CCn1c(SC(C)C(=O)Nc2ccc(C(=O)OC(C)C)cc2)nnc1C1CC(=O)N(c2ccccc2CC)C1,1,0.0445306,0.0445,0.1940586,0.1941,0.0033900,561.7080,17
34.5238,33.2822,-12.5599,0.1726859,O=c1c2cccc(Cl)c2nc2n1-c1ccccc1Oc1ccccc1-2,1,0.1054073,0.1054,0.4038658,0.4039,0.9999993,346.7730,17
28.7326,30.0759,49.2348,0.6609227,O=C(CCC12CC3CC(CC(C3)C1)C2)Nc1cccc(NC(=O)Nc2ccccc2)c1,1,0.6676991,0.6677,0.5185971,0.5186,0.9994966,417.5530,17
27.1099,29.0849,25.2593,0.4528678,CC(C)(C)OC(=O)N1CCC(NS(=O)(=O)c2cccc(Cl)c2)(C(=O)O)CC1,1,0.3467560,0.3468,0.7760626,0.7761,0.9994302,418.8990,17
30.7498,32.6971,24.3416,0.4753227,COc1ccc(N2CC(C(=O)N3CCC(Oc4ccccc4OC)CC3)CC2=O)c(OC)c1,1,0.3934595,0.3935,0.6398251,0.6398,0.9850589,454.5230,17
31.8993,34.0737,30.1365,0.5350846,O=C(Nc1cnn(Cc2ccccc2)c1)N1CCCC1c1cc(Cl)ccc1F,1,0.4599347,0.4599,0.6648064,0.6648,0.9999099,398.8690,17
31.4099,35.1600,22.9282,0.4840679,Cc1cc(C)n(CCNC(=O)c2cccc(NS(=O)(=O)c3ccccc3C(F)(F)F)c2)n1,1,0.4224197,0.4224,0.5547775,0.5548,0.9563469,466.4850,17
28.4655,30.1025,-8.5538,0.1795725,O=C(NNS(=O)(=O)c1ccc(F)cc1)c1ccc(O)cc1O,1,0.0985234,0.0985,0.6220305,0.6220,0.9999999,326.3050,17
37.7021,39.3650,5.4498,0.3734571,COc1cc(C(=O)NC2CCCC(Nc3ncc(-c4ccc(OC(F)(F)F)cc4)cn3)C2)cc(OC)c1OC,1,0.5982853,0.5983,0.3766246,0.3766,0.0135591,546.5460,17
53.2099,56.4008,-56.4008,0.0000000,c12C3C(CN(C3)C(=O)NCc3ccccc3Cl)C1/C(=N\O)c1ccc(cc12)Cl,0,0.0000000,0.0000,0.0000000,0.0000,0.0000000,0.0000,17
60.5394,62.6437,-38.9536,0.1974175,CCC(C)CNC(=O)C(=Cn1c(OC)c(C)c(N)c1C(=O)N1CCCC1)NC(=O)OC(C)(C)C,1,0.1225753,0.1226,0.4937477,0.4937,0.8872111,477.6060,17
80.6794,86.2703,-86.2703,0.0000000,c1(ccc(cc1)[C@@H]1C2[C@H](C[C@@H]3[C@]1(C(=O)N(c1cc(Cl)cc(Cl)c1)C3=O)N1n3c(c(n(c3=O)C)=O)n3c(C)cccc3=O)sc3c(c12)cccc3)C(=O)O,0,0.0000000,0.0000,0.0000000,0.0000,0.0000000,0.0000,17
33.3128,38.0431,8.4734,0.3876376,O=C(c1ccc(F)cc1)N(CCn1c(=S)[nH]c2ccccc2c1=O)c1nc2c(Cl)ccc(Cl)c2s1,1,0.6934757,0.6935,0.2574885,0.2575,0.0149804,545.4480,17
29.3864,33.1598,17.7146,0.4239535,CCN(CC)c1ccc(C(=O)NN=Cc2cccc(Oc3ccccc3)c2[N+](=O)[O-])cc1,1,0.4174800,0.4175,0.2916073,0.2916,0.9980124,432.4800,17
33.7433,39.8738,35.2762,0.6262498,Cc1cc([N+](=O)[O-])ccc1N1C(C(=O)Nc2ccc3ccccc3c2)CCS1(=O)=O,1,0.6221894,0.6222,0.5072659,0.5073,0.9989572,425.4660,17
49.5996,53.5265,-6.5024,0.3918672,O=C(NC1CCC(c2ccccc2)C1N1CCOCC1)N1c2cc(C(F)(F)F)ccc2OCC1c1cccs1,1,0.7161416,0.7161,0.4236740,0.4237,0.0049242,557.6380,17
36.9544,39.5349,8.6313,0.4013855,CCNC(=O)NCc1ccc(C(=O)N(Cc2ccco2)C2=CCCCC2)cc1,1,0.2941508,0.2942,0.7547743,0.7548,0.9999818,381.4760,17
39.4997,40.9471,-30.9002,0.0837239,c1ccc(-c2ccc(-c3c4ccccc4c(-c4nc(-c5ccccc5)nc(-c5ccc(-c6cc7ccccc7c7ccccc67)cc5)n4)c4cc5ccccc5cc34)cc2)cc1,1,0.7288909,0.7289,0.1244308,0.1244,0.0000000,787.9660,17
35.4920,37.1643,-14.2689,0.1907950,Cc1ccc(S(=O)(=O)n2ccc(CN3CCNC(=O)CC3)c2)c(C)c1,1,0.0967020,0.0967,0.8991082,0.8991,0.9999971,361.4670,17
46.4859,46.7488,-21.4049,0.2111993,CC(CO)Oc1ccc2[nH]c3ccc(-c4ccc(CN5CCS(=O)(=O)CC5C)cc4)cc3c2c1,1,0.1406229,0.1406,0.4301526,0.4302,0.8775812,478.6140,17
42.4737,44.5374,4.1418,0.4056597,O=C(CN1CCC(C(=O)N=Nc2c(O)n(CCO)c3ccccc23)CC1)Nc1ccccc1[N+](=O)[O-],1,0.4401448,0.4401,0.2458624,0.2459,0.6238289,494.5080,17
41.7416,45.2613,15.1752,0.5036369,CC(C)(C)OC(=O)N1CCN(c2ccccn2)CC1CC(=O)Nc1ccc([N+](=O)[O-])s1,1,0.4457096,0.4457,0.5503343,0.5503,0.9921070,447.5170,17
49.8969,56.7859,-56.7859,0.0000003,O=C(CSc1nc2c3ccccc3ccc2n1C(=O)C(=Cc1ccc2c(c1)OCO2)NC(=O)c1ccccc1)NNC(=O)c1ccsc1,1,0.0000000,0.0000,0.1069662,0.1070,0.0000001,675.7480,17
32.0252,33.3621,-33.3621,0.0000003,c1ccc(-c2nc(-c3ccccc3)nc(-c3cccc(-c4cccc(-n5c6ccccc6c6cc(-c7ccc8c(c7)c7ccccc7n8-c7ccccc7)ccc65)c4)c3)n2)cc1,1,0.0000000,0.0000,0.1615036,0.1615,0.0000000,791.9580,17
32.9971,43.0447,-11.5652,0.2623295,O=C(CCc1ccc(S(=O)(=O)N2CCCC2)cc1)N(Cc1cccc(Cl)c1)C(c1ccccc1)c1ccncc1,1,0.6013506,0.6014,0.2240978,0.2241,0.0010807,574.1460,17
39.8958,40.7072,-15.3665,0.2111724,NC(=O)c1cccc(CN(CCN2C(=O)c3ccc(Br)cc3C2=O)Cc2ccccn2)c1,1,0.1417448,0.1417,0.4864422,0.4864,0.6482773,493.3610,17
37.8048,39.3402,35.0533,0.6199459,COc1ccccc1Nc1nc2c(c(=O)[nH]c(=O)n2C)n1CC(=O)Nc1c(F)ccc(F)c1F,1,0.6804952,0.6805,0.3685631,0.3686,0.9135633,474.3990,17
33.3738,36.6880,-23.8141,0.1072827,Cn1ncnc1C(Nc1cccc(OCC2CCCO2)c1)c1ccco1,1,0.0455903,0.0456,0.7024190,0.7024,0.9999985,354.4100,17
32.4580,34.0748,-12.5461,0.1794059,Cc1c(-c2ccc(S(N)(=O)=O)cc2)[nH]c(=O)c2c(Cl)cccc12,1,0.0934395,0.0934,0.7452937,0.7453,0.9999991,348.8110,17
31.3862,38.2268,-16.9904,0.1769705,CC1CN(Cc2cccc(CN)c2)C(=O)C(=O)N1Cc1ccccc1F,1,0.0887059,0.0887,0.8349693,0.8350,0.9999983,355.4130,17
32.6166,38.5417,51.4046,0.7495525,O=C(NC1CC(=O)N(Cc2ccccc2Cl)C1)c1ccc(CN2CCc3ccccc3C2)cc1,1,0.7852941,0.7853,0.5759119,0.5759,0.9163932,474.0040,17
39.2601,41.4677,-27.1467,0.1193418,COc1ccc(S(=O)(=O)Nc2ccc(CC(=O)Nc3c(C)ccc(-c4ccccc4)c3C#N)cc2)cc1,1,0.0804899,0.0805,0.3236236,0.3236,0.2556551,511.6030,17
46.1124,45.4464,-45.4464,0.0000000,c12c(cc(cc2)-c2cccc3c4c(oc23)c(ccc4)-c2nc(-c3ccccc3)nc(-c3ccccc3)n2)C2(c3c-1cccc3)c1ccccc1C1CCCC=21,0,0.0000000,0.0000,0.0000000,0.0000,0.0000000,0.0000,17
39.8121,40.9275,37.8448,0.6564354,COC(=O)c1sccc1C(=O)N(C)CC(=O)NC(C)c1ccc2c(c1)CCC2,1,0.5935374,0.5935,0.7566841,0.7567,0.9998953,400.5000,17
57.0015,65.7713,-65.7711,0.0000013,CSc1cc(C2C3=CC(=O)N4C(=NN2C(=O)c2cccc(N5CC(=O)NC5=O)c2)C=CN=C34)c2ccccc2n1,1,0.0000000,0.0000,0.3933186,0.3933,0.0102950,549.5720,17
25.9748,27.5208,-12.9107,0.1217510,NNc1nc(Nc2cc(F)ccc2Br)c2ccsc2n1,1,0.0603728,0.0604,0.4947873,0.4948,0.9999985,354.2080,17
46.2426,51.9508,-14.8745,0.3089695,O=C1NC(NN=C(c2ccccc2)c2ccccc2)=NC1C(=O)Nc1ccccc1N1CCc2ccccc2C1,1,0.4356147,0.4356,0.1995589,0.1996,0.0668800,528.6160,17
38.9333,44.6470,-32.2746,0.1031029,CC1OC(c2ccc(-c3cccc(CNC(=O)N4CCc5ccccc54)c3)cc2)OCCC1c1ccccc1,1,0.0716701,0.0717,0.3031341,0.3031,0.1520810,518.6570,17
68.2753,74.0530,-11.3325,0.5226703,COC1CC2(C1)CC1(CO2)COC2(COC(COC3(N4CCOCC4)CCN(C(C)=O)CC3)CO2)O1,1,0.5861457,0.5861,0.5179719,0.5180,0.2385764,512.6000,17
46.0596,49.4746,-25.8471,0.1968960,CN1C(=O)CC(Nc2cc([N+](=O)[O-])cc(C(F)(F)F)c2O)c2ccc(C(=O)NC3CC3)cc21,1,0.1329422,0.1329,0.3518795,0.3519,0.9636972,464.4000,17
28.3247,29.0088,-8.4413,0.1713963,Cc1ccccc1C1CN(C(=O)c2cc(F)cc(F)c2)CCO1,1,0.0843550,0.0844,0.8484382,0.8484,0.9999998,317.3350,17
35.3991,37.4857,32.7556,0.5853437,Cn1c(=O)c2ccccc2c2cccc(C3CNC(=O)C3)c21,1,0.5152835,0.5153,0.6996698,0.6997,0.9999980,292.3380,17
40.7353,48.6283,-1.1491,0.3956600,Cc1cccc(C)c1NC(=O)CSC1=NN(c2ccccc2)C(=O)C1=NN=Cc1c(O)ccc2ccccc12,1,0.6384421,0.6384,0.2450613,0.2451,0.0362094,535.6290,17
32.5293,37.7027,-6.8396,0.2571929,COc1ccc(OC)c(NC(=O)NCCN2c3ccccc3NC(=O)CC2c2ccccc2)c1,1,0.1773152,0.1773,0.4856673,0.4857,0.9742931,460.5340,17
64.3962,65.3505,-65.3504,0.0000003,Cc1cc(NC(=O)CC2C(=O)N3C(c4ccccc4)C4C(=O)c5ccccc5C3C3C(C5C(=O)N(CCc6ccccc6)C(=O)C45)N23)ccc1Br,1,0.0000000,0.0000,0.1981255,0.1981,0.0000000,743.6580,17
26.7204,27.9939,-6.9104,0.1756954,NCc1ccc(OC2CCCS(=O)(=O)C2)c(F)c1,1,0.0859527,0.0860,0.8992824,0.8993,0.9999883,273.3290,17
34.8174,37.2539,19.4865,0.4728372,Cc1ccc(S(=O)(=O)NC(=NC(CN=[N+]=[N-])Cc2ccccc2)c2cccs2)cc1,1,0.5597737,0.5598,0.1804444,0.1804,0.9961895,439.5660,17
32.9932,31.4504,-22.8987,0.0712643,CCn1cc(Sc2ccc(C(=O)OC)s2)cn1,1,0.0244892,0.0245,0.7997461,0.7997,0.9999816,268.3630,17
30.9739,31.7374,40.1256,0.5988584,O=C(COc1ccc(F)cc1)Nc1nc(-c2ccccc2F)nc2ccccc12,1,0.5731436,0.5731,0.5403914,0.5404,0.9999548,391.3770,17
35.1555,38.4564,-8.3005,0.2512995,Cc1ccccc1C(=O)Nc1c(F)cccc1CN(CC(C)C)C(=O)NC(C)(C)C,1,0.1558793,0.1559,0.6703083,0.6703,0.9996522,413.5370,17
29.3208,31.4447,40.8384,0.6023597,O=S1(=O)N=C(N2CCN(c3ccnc4cccnc34)CC2)c2ccccc21,1,0.5500266,0.5500,0.6425984,0.6426,0.9999849,379.4450,17
57.6701,61.3733,-28.4006,0.2747721,CN1C2=C(C3=CN(C4CCNCC4)NN3)N(c3ccc(Cl)c(Cl)c3)C(=Nc3c1c(N)nn3-c1ccccc1)S2,1,0.6214042,0.6214,0.3539330,0.3539,0.0005473,581.5370,17
34.0716,33.7031,41.7899,0.6291088,CC(=O)NC(C)c1noc(C2CC(=O)N(c3ccc(F)cc3)C2)n1,1,0.5275619,0.5276,0.9240002,0.9240,0.9999998,332.3350,17
36.3739,37.6086,25.2207,0.5235774,O=C(O)C=CCN1CCC(NC(=O)c2nnc(Nc3ccc(C(F)(F)F)cc3)o2)CC1,1,0.4676903,0.4677,0.5634641,0.5635,0.9962491,439.3940,17
43.4577,44.3588,44.9439,0.7441885,Cc1ccc(-c2ncc(N3CC(Cl)C(NC(=O)O)C3)c(=O)[nH]2)cc1,1,0.7160475,0.7160,0.7347147,0.7347,0.9999991,348.7900,18
40.7570,40.9455,29.8849,0.5902531,COc1ccccc1C1CCN(c2ncnc3c2nnn3CC(C)O)C1,1,0.5123412,0.5123,0.7442763,0.7443,0.9999985,354.4140,18
35.8042,39.9326,-18.1085,0.1818675,Cc1cccc2ccnc(N3CC(C=O)C4CCCC43)c12,1,0.0936707,0.0937,0.7909762,0.7910,0.9999939,280.3710,18
37.7559,44.3631,-3.7279,0.3386267,CN(C)c1ccc(N=Nc2cccc(NC(=O)c3ccc([N+](=O)[O-])cc3Cl)c2)c(I)c1,1,0.6898717,0.6899,0.1622732,0.1623,0.0101237,549.7560,18
32.3232,33.3033,26.9448,0.5020678,Cc1ccc(O)c(NC(=O)COC(=O)c2cc(Cl)ccc2N)n1,1,0.4361676,0.4362,0.5821366,0.5821,0.9999997,335.7470,18
33.0318,34.3321,7.5429,0.3489588,COC(=O)CSc1nnc(NC(=O)c2ccc(NS(=O)(=O)CC(C)C)cc2)s1,1,0.3019892,0.3020,0.3429353,0.3429,0.9939775,444.5600,18
32.2185,35.7669,-26.8830,0.0740322,C=CCn1c(N=CNS(=O)(=O)c2ccc(F)cc2)nc2ccccc21,1,0.0311254,0.0311,0.4180240,0.4180,0.9999979,358.3980,18
46.7363,52.0588,-4.2701,0.3982392,O=NN1CCN(C(=O)c2ccc3ccccc3c2N=C(O)Nc2nc3ccccc3o2)CC1,1,0.3880081,0.3880,0.2761059,0.2761,0.9940373,444.4510,18
36.9019,38.0958,-5.9581,0.2678146,CS(=O)(=O)NC(OC1CCN(C2CCC(c3ccccc3)CC2)CC1)c1ccccc1,1,0.1727828,0.1728,0.6441955,0.6442,0.9949557,442.6250,18
36.9683,47.7924,-9.6175,0.3181246,COc1cc(NC(=O)c2cccs2)c(NC(=O)N(C(=O)c2ccco2)c2ccccc2OC)c(OC)c1,1,0.3665970,0.3666,0.3142681,0.3143,0.1207951,521.5510,18
47.4935,46.6225,-32.4618,0.1180064,CCCCc1c(Br)cc(O)c2cc(-c3ccc(=O)n(C)c3)sc12,1,0.0528774,0.0529,0.6731194,0.6731,0.9999507,392.3180,18
30.2928,33.1125,33.1939,0.5525534,Cc1cccc(C(=O)N2CCN(C3COCC3N)CC2)c1O,1,0.4543029,0.4543,0.8150088,0.8150,0.9999994,305.3780,18
40.4099,46.8732,-16.4043,0.2539072,Cc1cccc(OCc2cc(=O)n(Cc3sc(-c4ccccc4)c4ccccc34)c(=O)[nH]2)c1,1,0.1870065,0.1870,0.3759707,0.3760,0.9850209,454.5510,18
40.4374,46.3536,19.1969,0.5462538,CCCN(CCN1CC(S(=O)(=O)NC)CC1=O)Cc1cccc(Oc2ccccc2)c1,1,0.4941187,0.4941,0.5754450,0.5754,0.9933852,445.5850,18
26.9160,30.4328,-5.6086,0.2068676,COc1cccc(C(=O)Nc2ccc(SC(C(=O)Nc3ccc(S(=O)(=O)N4CCOCC4)cc3)c3ccccc3)cc2)c1,1,0.7564631,0.7565,0.2279249,0.2279,0.0000195,617.7490,18
60.3413,61.8621,-19.8161,0.3503834,CCOC(=O)c1cccc(NC2=C(Cl)C(=O)N(CC3CC3)C[N+]23CCN(C(C)C)C3)c1,1,0.2709034,0.2709,0.5124642,0.5125,0.9917608,447.9870,18
31.3041,31.2318,-4.0421,0.2265811,O=C1CSC(O)(c2ccccc2)N1Cc1ccc2c(c1)OCO2,1,0.1222003,0.1222,0.9361925,0.9362,0.9999998,329.3770,18
44.4279,48.5511,-19.8076,0.2395288,COc1ccccc1NC(=O)Cn1c(=O)c2cc(-c3ccc(C)cc3)n(Cc3ccc(OC)c(OC)c3)c2c2ccccc21,1,0.6472207,0.6472,0.2049808,0.2050,0.0003110,587.6760,18
42.5007,47.1708,-23.9073,0.1938624,CCCCNc1ccc(N2C(=O)CCN2C(=O)Nc2cc(C)ccc2C)cc1F,1,0.1069472,0.1069,0.6845326,0.6845,0.9999130,398.4820,18
39.0189,42.0338,46.2582,0.7357674,COc1cc(N=Nc2ccn(C(=O)c3ccccc3)n2)c([N+](=O)[O-])cc1NC(C)=O,1,0.8552132,0.8552,0.3728115,0.3728,0.9997838,408.3740,18
30.0417,35.0350,-35.0348,0.0000018,CCN(Cc1ccccc1)C(=O)COc1ccc(C(=O)Nc2ccccc2C(=O)N2CCCCCC2)cc1,1,0.0000000,0.0000,0.4165718,0.4166,0.2216449,513.6380,18
36.8540,41.2631,4.0158,0.3773239,COc1ccccc1OCC(=O)N1c2ccc(C)cc2C(C)CC1c1cccc(F)c1,1,0.2988457,0.2988,0.5243695,0.5244,0.9993981,419.4960,18
38.1206,44.2386,24.4552,0.5724487,O=C(Nc1ccccc1)Nc1ccc(NC(=O)C(Cl)(Cl)Cl)cc1C1CC(c2ccco2)=NO1,1,0.7058665,0.7059,0.3629630,0.3630,0.3285362,507.7610,18
34.8083,34.1646,-34.1645,0.0000012,CCCCCC=CCC=CCCCCCCCC(=O)NC(C)COC=CCCCCCCCCCCC,1,0.0000000,0.0000,0.0636301,0.0636,0.1615034,517.8830,18
41.9954,46.7027,35.9639,0.6888879,O=C(O)n1cc(C2(Oc3ccccc3)CN(c3nc4ccccc4[nH]3)C2)c2ccccc21,1,0.7467135,0.7467,0.4314298,0.4314,0.9990494,424.4600,18
27.2786,27.3105,-14.5303,0.1065016,CCCC(N)S(=O)(=O)N1CCc2ccccc21,1,0.0422415,0.0422,0.8845172,0.8845,0.9999331,254.3550,18
30.4366,35.8729,26.8096,0.5223537,O=C1CC(N(Cc2ccccc2)C(=O)Nc2cccc(F)c2)CN1c1ccccc1,1,0.4427613,0.4428,0.6733791,0.6734,0.9998626,403.4570,18
32.5958,34.0682,32.0727,0.5511738,COc1cc(C(=O)N(C)C2CCN(CC3CC3)CC2)ccc1C(=O)O,1,0.4463705,0.4464,0.8560689,0.8561,0.9999993,346.4270,18
38.5648,40.7011,5.1491,0.3820847,O=C(CCCC1C(=O)NC(=O)N(Cc2ccccc2)C1=O)NNC(=O)c1ccc(I)cc1,1,0.6900328,0.6900,0.2779774,0.2780,0.0115210,548.3370,18
27.3001,28.0083,-23.7308,0.0356462,COc1cc(Cl)ccc1Oc1cc(Cl)ccc1[N+](=O)[O-],1,0.0098545,0.0099,0.6058282,0.6058,0.9999997,314.1240,18
34.6012,44.0378,-20.7766,0.1938432,COc1ccc(C=Nc2cc(OC)c(OCc3ccc(Cl)cc3Cl)c(OC)c2)cc1OCc1ccccc1C#N,1,0.4417333,0.4417,0.1692971,0.1693,0.0007963,577.4640,18
44.3294,44.3873,5.4178,0.4150425,O=C1CC(NC(=O)c2cccc(Cc3cc(Cl)cc(Cl)c3O)c2O)C(=O)N1,1,0.3330191,0.3330,0.5779248,0.5779,0.9997662,409.2250,18
28.4157,29.9802,-17.7554,0.1018729,Cc1cccc(OCCCCNC(=O)c2cc(-c3ccccc3)nc3ccccc23)c1,1,0.0507136,0.0507,0.3736084,0.3736,0.9997366,410.5170,18
23.5781,21.9616,-11.2184,0.0895264,CC(C)OC(=O)COP(=O)(O)OCC[N+](C)(C)C,1,0.0412702,0.0413,0.4027441,0.4027,0.9999958,284.2690,18
37.4438,37.5007,3.7692,0.3439159,CCCOC(=O)c1ccc(N2C(=O)C(Nc3ccccc3)=C(C(=O)C=Cc3ccccc3OC)C2=O)cc1,1,0.4265118,0.4265,0.1811919,0.1812,0.2746171,510.5460,18
33.4534,34.6774,13.0558,0.3977762,COc1ccc(NC(=O)C(c2ccncc2)N(Cc2ccccc2)C(=O)c2cccs2)cc1,1,0.3501202,0.3501,0.3960460,0.3960,0.9803403,457.5550,18
32.4684,34.8021,-27.7900,0.0584346,c1ccc(N(c2ccccc2)c2ccc(-c3ccc(-c4ccc(N(c5ccc(-n6c7ccccc7c7ccccc76)cc5)c5ccccn5)cc4)cc3)cc2)cc1,1,0.4151600,0.4152,0.1477728,0.1478,0.0000000,730.9150,18
26.1062,25.7360,25.8601,0.4299676,O=C(CNC(=O)c1ccco1)Nc1nc(-c2cccnc2)cs1,1,0.3253731,0.3254,0.7478989,0.7479,0.9999999,328.3530,18
40.8242,42.6676,-16.9003,0.2147277,NC(=O)N=C(N)c1noc2nccc(Oc3cc(F)ccc3F)c12,1,0.1312503,0.1313,0.5572995,0.5573,0.9999998,333.2540,18
35.6221,37.9352,-10.4646,0.2289214,CN(C)c1ncnc2c1CCN(C(=O)N1CC3CNCC31)C2,1,0.1303481,0.1303,0.7862599,0.7863,0.9999992,302.3820,18
35.5742,34.7544,14.6667,0.4118424,COc1cc(CN2CCN(c3ccc4ccc(C#N)cc4n3)CC2)cc(OC)c1OC,1,0.3247683,0.3248,0.6071088,0.6071,0.9994509,418.4970,18
34.4914,36.6774,40.5476,0.6435420,Cc1ccc(C(=O)Nc2c(F)cc3c4c(cccc24)N(C)CC3)cc1,1,0.5791784,0.5792,0.7465198,0.7465,0.9999998,334.3940,18
43.1538,47.5830,21.1367,0.5726640,O=C(NC1Cc2ccccc2C(OCOCC(F)(F)F)C1O)c1cc(Cl)ccc1O,1,0.5605599,0.5606,0.4685922,0.4686,0.9932408,445.8210,18
47.8261,52.6546,3.1731,0.4652306,COc1nc(C(N)=O)cc(C)c1Nc1ncc2cccc(C3CCN(Cc4c(F)cccc4Cl)CC3)c2n1,1,0.7342696,0.7343,0.3286751,0.3287,0.0382085,535.0230,18
62.8668,67.7453,-39.6772,0.2339004,COc1ccc(CN(OC(=O)c2ccccc2)C(=S)NN=NCC(=NN(C)S)NC#N)cc1,1,0.2723791,0.2724,0.0754129,0.0754,0.7748235,486.5830,18
25.8969,26.8913,-16.4614,0.0869160,CCCN1C(=O)c2oc3ccc(C)cc3c(=O)c2C1c1ccc(F)cc1,1,0.0336363,0.0336,0.7106719,0.7107,0.9999989,351.3770,18
27.9631,26.6510,8.0986,0.2895801,CNc1cc(C(=O)O)cc(N(C)C2CCOCC2)n1,1,0.1778894,0.1779,0.8576770,0.8577,0.9999756,265.3130,18
38.5152,38.0515,-12.1758,0.2156311,CC1(O)C(O)C(OCc2ccccc2)CC2C(=O)OCC21,1,0.1187119,0.1187,0.8087744,0.8088,0.9999980,292.3310,18
59.8452,66.7213,-66.7212,0.0000007,Cc1ccccc1N(C(=O)OC(C)(C)C)C(C=Cc1ccccc1)C1c2ccccc2N(C)C(=O)N1C1CCc2ccccc21,1,0.0000000,0.0000,0.2221182,0.2221,0.0001021,599.7750,18
46.2168,45.9786,8.3009,0.4523290,OCc1cn2c(NC3CCCN(c4c(Cl)cccc4Cl)C3)nncc2n1,1,0.3550890,0.3551,0.7097467,0.7097,0.9999462,393.2780,18
40.5572,40.1285,18.8010,0.4910793,Cc1c(C(=O)OC(C)c2ccccc2Cl)nnn1C1CCC(=O)N1,1,0.3782563,0.3783,0.8580385,0.8580,0.9999991,348.7900,18
44.3849,45.1425,-45.1425,0.0000000,c1cc(cc(c1OCc1n2c(C(=O)NCC2)ccc1=O)F)-c1cccnc1F,0,0.0000000,0.0000,0.0000000,0.0000,0.0000000,0.0000,18
28.3184,29.6934,25.1549,0.4570689,Brc1ccccc1Nc1nccc(NCCN2CCNCC2)n1,1,0.3591957,0.3592,0.7182111,0.7182,0.9999877,377.2900,18
32.0316,34.1816,37.5132,0.5974567,CCC(=O)Nc1ccc(N(C)c2ccc(C(N)=NO)cc2)cc1,1,0.6507037,0.6507,0.3425238,0.3425,0.9999997,312.3730,18
35.7783,34.0992,-25.3264,0.0731066,CCOCCN(CCOC)Cc1cn(-c2ccccc2Br)nn1,1,0.0276979,0.0277,0.5905035,0.5905,0.9999785,383.2900,18
33.0512,34.9718,-6.7138,0.2354836,O=S(=O)(c1ccccc1F)N(Cc1ccco1)Cc1cccn1-c1ccc(F)cc1,1,0.1615808,0.1616,0.4273049,0.4273,0.9986266,428.4600,18
32.9677,34.7207,6.6748,0.3449628,O=C(c1ccco1)N1CCC(Nc2ncnc3c2CCCN3)C1,1,0.2254287,0.2254,0.8981089,0.8981,0.9999997,313.3610,18
34.1414,40.2288,-19.7066,0.1710179,COc1ccccc1-c1[nH]ncc1CN1C(=O)CC(C)C1c1cccn1C,1,0.0869989,0.0870,0.7532000,0.7532,0.9999962,364.4490,18
43.0242,47.3892,-34.0727,0.1109708,NC(=O)CN1CCN(Cc2cc(F)cc(N3CC(CN4CCN(c5ccccc5)CC4)OC3=O)c2)CC1,1,0.0609061,0.0609,0.5772376,0.5772,0.2733709,510.6140,18
36.6178,39.9146,-20.0713,0.1653608,CCc1ccc2occ(CCNC(=O)c3cnn(-c4ccc(F)cc4)c3C(C)C)c2c1,1,0.0969853,0.0970,0.4353353,0.4353,0.9993978,419.5000,18
32.7044,37.6068,-26.9343,0.0889382,O=C(c1ccccc1)N1CC2C(=O)N(C3CCN(Cc4ccccc4)CC3)C(=O)N2Cc2ccccc21,1,0.0408621,0.0409,0.5116132,0.5116,0.6219466,494.5950,18
36.8455,41.3492,32.8138,0.6180252,Cc1ccccc1Nc1nccnc1N1CCC2(CCN(Cc3ccccc3Cl)C2)CC1,1,0.5987488,0.5987,0.5450989,0.5451,0.9917404,448.0140,18
107.6727,113.3753,-113.3753,0.0000000,c1c(c(c(cc1N=Nc1ccc(S(N)(=O)=O)cc1)Oc1cnc2[nH]ccc2c1)N1CCC(CC(N2CCN(c3cc(F)c(c(c3)F)F)CC2)=O)CC1)N1CCC2(CC(N3CCN(c4c(cccc4C)C)CC3),0,0.0000000,0.0000,0.0000000,0.0000,0.0000000,0.0000,18
55.2093,56.8227,-12.6166,0.3683848,COc1cc2nccc(Oc3ccc4c(c3)CC3c5cc(C(F)(F)F)ccc5ON=C(N)C43)c2cc1OC,1,0.4393021,0.4393,0.3465992,0.3466,0.1213442,521.4950,18
41.9893,46.3474,31.0190,0.6447196,CCC(C)C(=O)NCC(NC(=O)c1ccc(N2C(=O)CCC2=O)cc1)c1ccc(Br)cc1,1,0.7049962,0.7050,0.5403574,0.5404,0.4909517,500.3930,19
36.1240,36.8990,41.6391,0.6544843,COc1cc(-c2nc(-c3ccc4c(c3)CCCC4)no2)ccc1OCC(=O)Nc1ccc(F)cc1,1,0.7258623,0.7259,0.3842792,0.3843,0.9198545,473.5040,19
36.2923,36.6192,-30.9319,0.0473946,CCOc1cc(C2C(=C(O)c3ccc4c(c3)CCCC4)C(=O)C(=O)N2c2nccs2)ccc1OCCC(C)C,1,0.0383031,0.0383,0.1879459,0.1879,0.0133840,546.6890,19
39.5478,44.1257,-19.7792,0.2028875,CC12CCN1C(Cc1ccc(Cl)cc1)C(=O)N(Cc1cccs1)C2=O,1,0.1103375,0.1103,0.7704552,0.7705,0.9999901,374.8930,19
44.1039,46.9658,-46.9657,0.0000008,COc1ccc(Cl)cc1C(OC(=O)c1ccccc1Cl)C(OC(=O)c1ccc(F)cc1)C(=O)c1ccc(C)cc1,1,0.0000000,0.0000,0.1509250,0.1509,0.0005531,581.4230,19
30.5193,31.4846,31.4990,0.5248635,COc1ccc2ccccc2c1C=NNS(=O)(=O)c1ccc([N+](=O)[O-])c(C)c1,1,0.5218487,0.5218,0.3880131,0.3880,0.9999052,399.4280,19
25.9058,27.0535,-16.0215,0.0919330,CC1CN(c2cnccc2CNC2CC2)CC1N(C)C,1,0.0342218,0.0342,0.8857281,0.8857,0.9999894,274.4120,19
33.0246,37.8873,43.6300,0.6793110,Cc1cccnc1N1CC(NC(=O)CCN2C(=O)C(C)(C)Oc3ccccc32)C1,1,0.6045070,0.6045,0.8422708,0.8423,0.9999399,394.4750,19
33.6833,33.9671,17.7116,0.4306556,Nc1ncnc2c1ncn2Cc1c(Cl)ccc2[nH]c(=O)ccc12,1,0.3496869,0.3497,0.5858316,0.5858,0.9999999,326.7470,19
56.6009,57.5524,-57.5524,0.0000000,c1ccccc1N(c1cc2c(cc1)n(-c1ccccc1)[c-]2)c1cc2c3oc4c5c6c(cc7ccccc7c5n4c3ccc2cc1)cccc6,0,0.0000000,0.0000,0.0000000,0.0000,0.0000000,0.0000,19
39.3311,43.2520,21.4110,0.5388584,COc1ccc(C(=O)Nc2cccc(NC(=O)c3cccc(Oc4ccnc5ccccc45)c3)c2)cc1OC,1,0.8204605,0.8205,0.2412633,0.2413,0.1416969,519.5570,19
32.5001,39.6886,11.5271,0.4267977,COc1cc(NC(=O)COC(=O)c2cc3ccccc3nc2N2CCc3ccccc32)cc(OC)c1,1,0.4019475,0.4019,0.3798096,0.3798,0.8201696,483.5240,19
31.5101,38.3600,14.8161,0.4431341,CCS(=O)(=O)Nc1ccccc1C(C)Nc1ccc(S(=O)(=O)N2CCOCC2)cc1[N+](=O)[O-],1,0.4457979,0.4458,0.3958220,0.3958,0.5325812,498.5830,19
37.8760,46.4906,15.0786,0.5130767,COc1ccc(C(=O)N(Cc2ccccc2Cl)c2cccc(COc3ccc(F)cc3CO)c2)cc1,1,0.6366288,0.6366,0.2855406,0.2855,0.3658336,505.9730,19
40.7057,41.7291,-24.7537,0.1414616,Cc1c(-c2ccc(Br)cc2)cc(-c2cc(F)ccc2F)c2ccccc12,1,0.0846386,0.0846,0.3211845,0.3212,0.9997652,409.2730,19
44.7774,48.7692,-19.0317,0.2478121,COc1ccccc1OC1CCN(C(=O)Nc2cc3c(c(OC)c2)NC(=O)C3)C(C)C1,1,0.1472502,0.1473,0.7632090,0.7632,0.9989554,425.4850,19
32.9130,32.7668,-6.2576,0.2209102,CC(=O)Nc1ccc(C2Oc3ccccc3N(C(C)=O)S2)cc1,1,0.1210156,0.1210,0.8533630,0.8534,0.9999999,328.3930,19
31.6588,34.4947,35.2326,0.5810610,COc1c(NCc2nnnn2-c2ccccc2)cccc1NS(=O)(=O)c1ccccc1,1,0.5837069,0.5837,0.4365681,0.4366,0.9971250,436.4970,19
40.8308,44.3774,-37.1883,0.0599089,O=C1C(Cc2ccccc2Br)SC(=Nc2cccc3ccccc23)N1CCCc1ccc(F)cc1,1,0.0504768,0.0505,0.2394482,0.2394,0.0124407,547.4930,19
37.2725,39.4533,-26.5501,0.1075265,COc1cc([N+](=O)[O-])ccc1OCc1ccc(C(=O)NN=Cc2cc(C)c(OCc3ccccc3)c(I)c2)o1,1,0.5258814,0.5259,0.0917762,0.0918,0.0000022,641.4180,19
27.5552,29.6528,33.0830,0.5227978,Cc1cc(N=Nc2ccccc2)ccc1NC(=S)NC(=O)c1cccc2ccccc12,1,0.5678162,0.5678,0.2832366,0.2832,0.9990433,424.5290,19
34.5931,38.5701,45.2773,0.6987288,O=C1c2ccc(N3CCCC(COc4ccc(F)cc4)C3)cc2C(=O)N1C1CCCC1,1,0.6754351,0.6754,0.6579198,0.6579,0.9992063,422.5000,19
55.6039,55.2900,-3.3225,0.4330627,CN(C(=O)CCCC=CC#CC(F)(F)C(F)(F)C(F)(F)F)S(=O)(=O)C1CCCOC1,1,0.4193790,0.4194,0.3267065,0.3267,0.9526776,467.4030,19
41.6654,45.5288,23.1919,0.5726730,Cc1cc(N(C)S(C)(=O)=O)ccc1NC(=O)c1c(Sc2nccn2C)oc2ccccc12,1,0.5710991,0.5711,0.4518877,0.4519,0.9376172,470.5760,19
46.5612,49.2454,-28.5559,0.1724129,N#Cc1ccc(OC2CC2(CC(=O)c2cccc(N)c2)C(F)(F)F)c2ccccc12,1,0.1013686,0.1014,0.4594551,0.4595,0.9997396,410.3950,19
33.1455,36.4877,-12.6866,0.1983425,CNC(=O)c1cc(=O)oc2cc(OC(=O)CCc3ccc(O)c(O)c3)ccc12,1,0.1446744,0.1447,0.2665095,0.2665,0.9999784,383.3560,19
30.2100,29.9136,16.7385,0.3887677,Cc1ccc(Cl)nc1NC(=O)C1CCCN(C(=O)OC(C)(C)C)C1,1,0.2740759,0.2741,0.8239536,0.8240,0.9999986,353.8500,19
35.8984,40.6412,4.9487,0.3799161,COc1ccc2c(c1)CN1C(O2)C(O)(c2ccc(F)cc2)C1c1ccccc1,1,0.2725011,0.2725,0.7492941,0.7493,0.9999875,377.4150,19
42.9193,56.2681,-24.4665,0.2650136,CN(c1ccccc1)c1ccc(OCCC(=O)N(C2CCS(=O)(=O)C2)N2C(=O)NC3(CCc4ccccc43)C2=O)cc1,1,0.6258743,0.6259,0.4003321,0.4003,0.0002834,588.6860,19
37.6148,44.5367,26.0538,0.5882546,Cc1ccc(N2C(=O)C(NC(=O)C3CCS(=O)(=O)C3)CN(c3ccc(Cl)cc3)C2=O)cc1,1,0.5200570,0.5201,0.7313916,0.7314,0.9015634,475.9540,19
40.5983,44.5134,-44.5134,0.0000003,C=CCCC(=O)NCC(OC(=O)C12CCC3(O1)C(C(=O)N(CC=C)c1ccccc1Cl)N(Cc1ccc(F)cc1)C(=O)C23)c1ccccc1,1,0.0000000,0.0000,0.1727008,0.1727,0.0000001,686.1800,19
29.9152,33.2959,-17.3363,0.1329968,CCc1ccc(Nc2ccc(C)c(NC(=O)NC3CC3)c2)cc1,1,0.0606662,0.0607,0.7566455,0.7566,0.9999996,309.4130,19
24.8600,25.9456,20.2005,0.3845508,CN(C)c1ccc(N=Nc2ccc(NC(=O)c3ccc([N+](=O)[O-])cc3)cc2)cc1,1,0.3446942,0.3447,0.3497497,0.3497,0.9999623,389.4150,19
55.2633,55.6644,-55.6643,0.0000004,CCCCCCCCCCOc1ccc(-c2ccc(C(=O)OC3CC(C(=O)O)C3)c3ccc(OCCCN4CCCCC4)cc23)cc1,1,0.0000000,0.0000,0.1029237,0.1029,0.0000018,643.8650,19
56.6365,60.9277,-60.9275,0.0000023,COC1(O)C(C)(C)Cn2c(=O)ccc3c(cc(NC(=O)c4ocnc4C)cc32)C12CC2,1,0.0000000,0.0000,0.6275622,0.6276,0.9991323,423.4690,19
43.6387,51.6045,-28.7920,0.1901042,COC(=O)c1ccc2oc3cc(N(C)C(=O)c4ccc(S(=O)(=O)N5CC(C)CC(N)C5)cc4)ccc3c2c1,1,0.1971795,0.1972,0.3831744,0.3832,0.0362320,535.6220,19
42.9630,44.6822,15.4915,0.5014472,O=C(C1CC1)N1CCC(Oc2cc(-c3cc(F)ccc3OC(F)F)n[nH]2)C1,1,0.3928238,0.3928,0.8345216,0.8345,0.9999821,381.3540,19
46.4151,51.1415,-19.5833,0.2629844,Cc1ccc2c(c1)C(NC(=S)Nc1c(C)cc(Br)n1-c1ccc3c(c1)OCCO3)CC(C)(C)O2,1,0.3421618,0.3422,0.3838046,0.3838,0.0195640,542.4990,19
27.3684,24.1535,-12.1888,0.0997060,Cc1ccc(NCCOCC2CC2)c(C(=O)O)c1,1,0.0406285,0.0406,0.7289928,0.7290,0.9998934,249.3100,19
32.2452,35.7826,3.8577,0.3303354,COc1ccc(CC(=O)NCC(=O)NN=Cc2cc(Br)ccc2OCc2cccc3ccccc23)cc1,1,0.7101995,0.7102,0.2112180,0.2112,0.0038056,560.4480,19
34.2775,38.1656,23.9692,0.5177897,CC(C)CNc1ccc2oc(C(=O)Nc3ccccc3NS(C)(=O)=O)cc2c1,1,0.4626121,0.4626,0.5527547,0.5528,0.9998853,401.4880,19
29.6513,31.0024,-9.0887,0.1826137,Cc1cccc(C(C(=O)NC(C)(C)C)N(C(=O)CNC(=O)c2ccccc2)C2CCC2)c1,1,0.0978019,0.0978,0.6950640,0.6951,0.9973602,435.5680,19
52.7512,59.8526,-52.1981,0.0637869,CCOc1cc(C=C2N=C(Oc3ccc(Br)cc3)C(=O)N(c3ccc(OC(C)=O)cc3)C2=O)cc(Cl)c1OCc1ccc(Cl)cc1Cl,1,0.5759159,0.5759,0.0728449,0.0728,0.0000000,758.8360,19
37.2720,38.2806,-1.7371,0.3045290,O=C(CNCc1nc(-c2ccc3c(c2)OCCO3)cs1)Nc1ccc(Br)cc1,1,0.2144871,0.2145,0.5804999,0.5805,0.9747074,460.3530,19
47.2760,54.6075,-38.9374,0.1305837,COc1ccc(C(=O)NC(=S)Nc2cc3c(cc2N)C(c2ccc(F)cc2)=NCC(c2ccc(Br)cc2)N3)cc1,1,0.4426105,0.4426,0.1546295,0.1546,0.0000181,618.5320,19
39.2132,41.9293,37.0424,0.6580977,CCOC(=O)c1ccc(N2CCCC(Oc3ccc(NC(=O)c4ccccc4)c(Cl)c3)C2)nc1,1,0.6976813,0.6977,0.4682736,0.4683,0.8635843,479.9640,19
41.0205,42.6656,-36.9712,0.0474530,CCCOc1ccc(I)cc1C(=O)NN=Cc1cc(Cl)c(OC(C)C(=O)OC(C)C)c(OCC)c1,1,0.1040586,0.1041,0.1441133,0.1441,0.0000211,616.8800,19
40.7237,40.7265,-21.8230,0.1575290,CC1CC2CC2C12c1ccccc1-c1ccc(-c3ccc(N(c4ccccc4)c4ccccc4)c4ccccc34)cc12,1,0.1872796,0.1873,0.2153035,0.2153,0.0251229,539.7220,19
28.1845,29.0764,25.4818,0.4546509,O=S(=O)(CCOc1ccccc1)Nc1ccc(-c2cn3ccsc3n2)cc1,1,0.3927264,0.3927,0.5117946,0.5118,0.9999045,399.4970,19
36.9416,39.2395,23.5239,0.5230286,Cc1cc(C)cc(OC(=O)C2C3C(=O)N(Cc4ccncc4)CC34CCC2(C)O4)c1,1,0.4637880,0.4638,0.5761668,0.5762,0.9998184,406.4820,19
64.7670,67.4403,-43.1263,0.2026168,CCCCCCc1cc(C)cc2c1C(OC(=O)NC(C)(C)c1cccc(Cl)c1)NC(=O)NC2,1,0.1343806,0.1344,0.3982141,0.3982,0.9293157,472.0290,19
44.5186,50.4800,-2.0589,0.4035092,O=C(c1ccc2c(c1)OCO2)N1CC(Oc2ccc(-c3ccc(F)cc3NS(=O)(=O)c3cccnc3)cc2)C1,1,0.6819989,0.6820,0.3672874,0.3673,0.0123605,547.5640,19
41.4947,43.7583,10.0057,0.4480334,COc1cc(C=CC(=O)NNC(=O)c2nc(N)sc2N)cc(Br)c1OCc1ccccc1,1,0.5973057,0.5973,0.2782006,0.2782,0.1552429,518.3930,19
36.7844,44.7195,-17.2872,0.2286021,CCOC(=O)c1cc(-c2csc(=Nc3ccc(OC(F)(F)F)cc3)n2N=Cc2cccs2)c(C)cc1O,1,0.3544453,0.3544,0.2119706,0.2120,0.0123426,547.5800,19
33.0679,36.3335,-36.3335,0.0000000,C(NS(=O)(c1c(=O)n(C)c(s1)=O)=O)(=O)Nc1ccccc1OC,0,0.0000000,0.0000,0.0000000,0.0000,0.0000000,0.0000,19
32.4536,36.5322,-25.7976,0.0894555,CCOC(=O)c1cccc(NC(=O)NNS(=O)(=O)c2cn(C)cn2)c1,1,0.0386140,0.0386,0.5063272,0.5063,0.9999951,367.3870,19
30.7378,31.4017,44.9119,0.6359469,O=C(Cn1cc(NS(=O)(=O)c2ccc(F)cc2F)cn1)Nc1ccccc1,1,0.5862091,0.5862,0.6744210,0.6744,0.9999504,392.3870,19
31.9199,34.2849,11.2455,0.3794202,CN(C)c1ccc(C=C2SC(=NN=CC=Cc3ccc(C(=O)O)cc3)NC2=O)cc1,1,0.3204914,0.3205,0.4220736,0.4221,0.9993401,420.4940,19
37.1380,37.9348,-18.7564,0.1598203,CCN(C(=O)CSCc1ccc2c(c1)n(C)c(=O)n2C)c1cccc(C)c1,1,0.0822007,0.0822,0.6547877,0.6548,0.9999781,383.5170,19
27.7940,27.3047,-14.7619,0.1045235,Cc1cc(C(=O)NC2CCN(C(=O)OC(C)(C)C)C2)on1,1,0.0409515,0.0410,0.8976875,0.8977,0.9999985,295.3390,19
37.3738,40.8790,-12.6665,0.2351040,COC(=O)c1ccc(NC(=O)C2CN(c3nc4ccccc4s3)CC2c2cccc(F)c2)cc1,1,0.1656985,0.1657,0.4077514,0.4078,0.9048563,475.5450,19
46.1204,49.9911,-10.8060,0.3265431,CC(C)(C)C(=C(NC(=O)c1cccc(F)c1)C(=O)NCc1ccncn1)N1CCOCC1,1,0.2269873,0.2270,0.6678640,0.6679,0.9954470,441.5070,19
118.4836,119.3908,-119.3907,0.0000007,CC1c2ccc(O)cc2CCN2CCC34CC12N(S(C)(=O)=O)CC3(O)C12CCC4(C1=CC13C=CC(C(=O)C1F)N(C)C3)C2O,1,0.0000000,0.0000,0.4251428,0.4251,0.0000093,625.7630,19
34.8038,41.0213,-17.8660,0.1929606,O=C1N=C(Nc2ccc(N3C(=O)CCS3(=O)=O)cc2)SC1=Cc1ccc2c(c1)OCO2,1,0.1058677,0.1059,0.6997718,0.6998,0.9804571,457.4890,19
31.3510,33.3289,16.1059,0.4119572,O=C(Nc1nc2c(s1)CN(C(=O)c1ccc(F)cc1)CC2)c1cn(Cc2ccccc2)nn1,1,0.3467363,0.3467,0.4909415,0.4909,0.9693192,462.5100,20
30.4801,32.7306,-11.0061,0.1810378,CSc1ccc(N2CCOCC2)c(C(=O)N2CCN(Cc3cccnc3)CC2)c1,1,0.0962177,0.0962,0.7039188,0.7039,0.9996821,412.5590,20
31.0567,35.5032,21.1578,0.4721749,CCNc1nccnc1N1C2CCC1CN(Cc1ccc(F)cc1)C2,1,0.3521268,0.3521,0.9058738,0.9059,0.9999995,341.4340,20
38.4980,37.4445,23.1756,0.5051675,CCCCc1ccc(NC(=O)Cn2c(=O)c(CCOC)c(C)c3ccccc32)cc1,1,0.4427058,0.4427,0.5699194,0.5699,0.9998176,406.5260,20
37.5553,39.5886,-30.5367,0.0754322,CCOP(=O)(c1ccc(OC)cc1)C(Nc1cccc2cccnc12)C(F)(F)F,1,0.0298833,0.0299,0.5296522,0.5297,0.9990582,424.3590,20
26.0210,24.2337,-14.4253,0.0817370,O=C(c1ccc(F)cn1)N1CCOCC1,1,0.0311580,0.0312,0.6846141,0.6846,0.9961097,210.2080,20
32.4260,36.4998,30.1733,0.5556098,Cc1cc2c(=O)[nH]c(Sc3ncccc3C(=O)Nc3cccnc3)nc2s1,1,0.5226033,0.5226,0.5131701,0.5132,0.9999341,395.4690,20
33.9969,36.7058,16.5339,0.4436648,COC(=Nc1ccc(OC)cc1)Nc1ncc([N+](=O)[O-])cc1C,1,0.4061346,0.4061,0.4026519,0.4027,0.9999998,316.3170,20
23.0574,26.4933,41.0202,0.5626125,O=[N+]([O-])c1ccccc1NN=Cc1ccc(OCc2ccc(Cl)cc2)cc1,1,0.5968456,0.5968,0.3431895,0.3432,0.9999813,381.8190,20
44.3648,50.7060,35.1973,0.7158615,COc1cccc(C(=O)NNCC(Oc2nccc(C)n2)Oc2ccccc2F)c1,1,0.7991348,0.7991,0.4121384,0.4121,0.9996862,412.4210,20
27.3326,28.0423,-13.1691,0.1239434,CCOc1ccccc1C(=O)NCc1ccc(COc2ccc(F)cc2)cc1,1,0.0581922,0.0582,0.6153097,0.6153,0.9999850,379.4310,20
24.4734,25.3682,-7.8465,0.1460143,N#Cc1ccc(-c2ccccc2Nc2ccccc2)cc1,1,0.0700636,0.0701,0.7290483,0.7290,0.9999846,270.3350,20
35.0743,34.8774,-16.2808,0.1549721,Cc1cc([N+](=O)[O-])cn(CC(=O)N(C)Cc2cc([N+](=O)[O-])cs2)c1=O,1,0.0820476,0.0820,0.5649856,0.5650,0.9999955,366.3550,20
28.5278,29.4178,-7.4454,0.1831038,O=C(c1cccs1)N1CCNS(=O)(=O)c2ccccc21,1,0.0919970,0.0920,0.8715238,0.8715,0.9999995,308.3840,20
34.8269,35.0717,25.1879,0.5021631,O=C1C2C3CC(C(Br)C3Cl)C2C(=O)N1c1nc2ccc(Cl)cc2s1,1,0.4586266,0.4586,0.4904954,0.4905,0.9930324,446.1530,20
49.0374,57.5110,-42.7691,0.1228491,CCCc1ccc(-c2cc(NC(=S)NC(=O)c3ccccc3)cc(OCC(=O)NC3CCc4ccccc43)c2)cc1,1,0.1833631,0.1834,0.1996828,0.1997,0.0028175,563.7230,20
30.1484,36.2717,14.5513,0.4235250,COc1ccc(C(Nc2ccnc(N3CCOCC3)c2)c2ccccn2)cc1,1,0.3231585,0.3232,0.7103023,0.7103,0.9999886,376.4600,20
56.3974,59.6886,-19.6655,0.3335255,Cc1ccc(F)cc1S(=O)(=O)Nc1ccc(NC2COCN(c3cccc(C#N)c3F)C2=O)c(OC(F)(F)F)c1,1,0.8077134,0.8077,0.3894853,0.3895,0.0005006,582.5070,20
40.2027,47.4972,21.9073,0.5783713,COc1ccc(Nc2nccc3c2N(Cc2cn(Cc4ccc(F)cc4)nn2)CC(=O)N3)cc1,1,0.5817594,0.5818,0.4360860,0.4361,0.9766052,459.4850,20
28.1030,29.6091,-17.9520,0.0971422,COc1cccc(OC)c1OCC(=O)NC(C)c1ccc(N2CCCC2)cc1,1,0.0387669,0.0388,0.7541039,0.7541,0.9999760,384.4760,20
34.7436,38.3426,9.9824,0.4027088,CCc1c(-c2ccc(F)cc2)sc2nc(C)nc(SCc3ccc(OC)cc3)c12,1,0.4026855,0.4027,0.2557309,0.2557,0.9990401,424.5660,20
27.0672,29.4965,-23.8538,0.0470225,COCCN(Cc1nc2ccccc2c(=O)[nH]1)C(=S)Nc1ccc(C)cc1,1,0.0144185,0.0144,0.6387280,0.6387,0.9999801,382.4890,20
35.4372,41.4559,36.0875,0.6461953,COc1ccccc1NC(=O)c1cccc(NCc2ccc3c(c2)CCN3S(C)(=O)=O)c1,1,0.6305486,0.6305,0.5692379,0.5692,0.9885991,451.5480,20
51.4163,59.2523,-18.3969,0.3404620,CSC1Oc2c([N+](=O)[O-])cnn2N1n1c(-c2ccc(Br)cc2)nn(-c2ccccc2)c1=O,1,0.3883382,0.3883,0.2940344,0.2940,0.1817269,516.3370,20
30.2722,33.7364,-21.7254,0.1000921,COc1cc(N2CCOCC2)c([N+](=O)[O-])cc1NC(C)C#N,1,0.0421571,0.0422,0.6530606,0.6531,0.9999995,306.3220,20
28.9214,27.0867,-10.7273,0.1363280,Cc1ccc(CNc2cc(F)ccc2Br)c(F)c1,1,0.0603943,0.0604,0.8698440,0.8698,0.9999997,312.1570,20
51.9370,60.2500,28.7810,0.7419248,Cc1ccc(N2C(=NC3=NC(=O)C(=Cc4ccc5c(c4)OCO5)S3)C3OC(=O)C2O3)cc1,1,0.7924205,0.7924,0.5099268,0.5099,0.9905886,449.4440,20
41.6624,43.6776,-2.9487,0.3394076,O=C(c1ncccc1NC1CC1)N1CC2CC(C1)N(C(=O)c1ccncc1)C2,1,0.2213898,0.2214,0.8821835,0.8822,0.9999875,377.4480,20
39.7169,38.7371,-20.3818,0.1529607,C=C1C=CC(=O)C(c2ccc(Cl)c3ccc(Cl)cc23)=C1,1,0.0755945,0.0756,0.7049934,0.7050,0.9999991,301.1720,20
44.5009,54.9583,23.0062,0.6497037,CC(C)(C)NC(=O)N1CCN(CC(=O)Nc2ccccc2C(=O)Nc2c(F)cccc2F)CC1CN,1,0.7468065,0.7468,0.4842125,0.4842,0.4411889,502.5660,20
33.7488,39.0235,-35.2876,0.0311331,COc1ccc(-c2c(C)ccnc2C(=O)NC(C)c2ccccc2Cl)cc1,1,0.0079235,0.0079,0.6605659,0.6606,0.9999828,380.8750,20
29.5588,27.5378,-23.2281,0.0359142,COC(=O)Cc1csc(NN=Cc2ccccc2Br)n1,1,0.0104670,0.0105,0.5092717,0.5093,0.9999985,354.2290,20
32.5610,32.6818,7.0283,0.3309177,CC(=O)c1ccc(C(=O)NCC(=O)OCC(=O)Nc2ccc(C)cc2C)s1,1,0.2430716,0.2431,0.5604518,0.5605,0.9999655,388.4450,20
42.9500,50.1546,35.1509,0.7108793,Cc1nnc(NN=c2ccc3c(o2)S(=O)(=O)N(c2cccc(F)c2)C3=O)[nH]c1=O,1,0.7165183,0.7165,0.5831786,0.5832,0.9994575,418.3660,20
50.3924,57.9549,-57.9549,0.0000000,O(c1cc(c(cc1NC(CN1CCN(c2c(C)ccc(C)c2)CC1)=O)OC)N1CCC(N2CCN(c3cccc4c3cccc4)CC2)CC1)=O,0,0.0000000,0.0000,0.0000000,0.0000,0.0000000,0.0000,20
32.6368,34.4958,-5.5628,0.2411086,COc1ccc(-c2csc(SCCCCCCC(=O)NO)n2)cc1OC,1,0.1938738,0.1939,0.2539582,0.2540,0.9999273,396.5340,20
48.0091,48.5030,-40.8031,0.0641655,CC1=Cc2cc(Cl)ccc2N(C=C2SC(=Nc3ccccc3)N(c3ccccc3)C2=O)c2ccc(C)cc21,1,0.0464877,0.0465,0.2464407,0.2464,0.0415169,534.0840,20
38.1634,40.6744,-21.4714,0.1600249,Cc1cccc2c(-c3cccc(Cl)c3)cn(C(=O)Nc3ccc(F)cc3)c12,1,0.0931949,0.0932,0.4246864,0.4247,0.9999858,378.8340,20
34.2467,36.2315,-16.5819,0.1637465,COC(=O)c1ccc(COc2ccc(C(=O)NC(C)c3ccc(C)c(C)c3)cc2)cc1,1,0.0899497,0.0899,0.5394731,0.5395,0.9994988,417.5050,20
28.9154,31.7234,17.3154,0.4086563,CN(Cc1c(F)cccc1Cl)C(=O)c1ccc(N(C)S(=O)(=O)N(C)C)cc1,1,0.3045808,0.3046,0.7309880,0.7310,0.9996403,413.9020,20
42.8952,47.0069,-47.0067,0.0000019,COc1ccc(CN2CCN(C(=O)N(c3ccccc3)c3ccc(Cl)cc3)C(O)(C(=O)O)CC2)cc1,1,0.0000000,0.0000,0.5046637,0.5047,0.2849351,509.9900,20
29.0068,31.4708,29.9778,0.5120714,COc1ccc(CNC(=O)N(Cc2ccccc2)Cc2ccccc2)c(Cl)c1OC,1,0.4595139,0.4595,0.5355782,0.5356,0.9990076,424.9280,20
33.9811,32.9958,-12.4488,0.1712253,c1ccc(-c2cc(-c3nc(C4CC4)no3)c3sccc3n2)cc1,1,0.0958810,0.0959,0.5392328,0.5392,0.9999998,319.3890,20
40.6870,42.5088,8.8562,0.4280414,Cc1ccncc1Nc1ccc(C(=O)c2ccc(N3CCN(C(=O)OC(C)(C)C)CC3)nc2)cn1,1,0.3578004,0.3578,0.5490423,0.5490,0.9123482,474.5650,20
56.3348,64.8452,-60.5641,0.0356760,CCOc1cc(C=C2C(=O)NC(=O)N2c2ccc(-c3cc4occ(-c5ccc(F)cc5)c4c[n+]3C)cc2)ccc1OCc1c(F)cccc1Cl,1,0.2340094,0.2340,0.0932320,0.0932,0.0000000,693.1260,20
24.5462,27.9043,-1.1362,0.2230678,Cc1ccc(N(Cc2ccccn2)S(=O)(=O)c2cc(Cl)ccc2Cl)cc1,1,0.1362291,0.1362,0.5919461,0.5919,0.9998038,407.3220,20
34.7107,39.9105,-24.9822,0.1244028,NC(=O)N(C=C1C=NN1c1ccccc1)N=Nc1ccccc1,1,0.0565516,0.0566,0.6927777,0.6928,0.9999995,306.3290,20
37.8446,37.2274,53.6732,0.7575050,CC1CCc2c(sc(NC(=O)c3cc(Cl)cc(NC(=O)C(F)(F)F)c3)c2C(N)=O)C1,1,0.7693983,0.7694,0.6320120,0.6320,0.9757659,459.8770,20
32.9944,32.5641,22.2082,0.4564355,NC(=O)COCC(=O)NC(c1ccccc1)c1ccnc2ccccc12,1,0.3639031,0.3639,0.6814704,0.6815,0.9999990,349.3900,20
32.7849,44.8685,16.5489,0.5118112,COc1ccc(NC(=O)NC(=O)COc2ccc(Oc3ccccc3[N+](=O)[O-])cc2Cl)c(OC)c1,1,0.5974874,0.5975,0.3151487,0.3151,0.4568421,501.8790,20
27.8842,29.9888,-17.9746,0.1001189,COc1ccc(Nc2ncnc(Nc3cccc(Cl)c3Cl)c2N)cc1C,1,0.0441252,0.0441,0.5574251,0.5574,0.9999592,390.2740,20
28.5651,29.4380,-20.5622,0.0739655,CCCC(NC1C2C3CCC(C3)C12)c1sccc1C,1,0.0255349,0.0255,0.8321052,0.8321,0.9999904,275.4610,20
31.5085,34.0307,34.4297,0.5705030,COC(=O)c1c(-c2ccccc2)csc1NC(=O)c1ccc(N2C(=O)c3ccccc3S2(=O)=O)cc1,1,0.7731288,0.7731,0.3801289,0.3801,0.1530929,518.5720,20
39.5010,43.4395,1.4789,0.3743197,Cc1ccsc1Cn1nccc1NC(=O)N1CCC(N)C1,1,0.2524885,0.2525,0.9085894,0.9086,0.9999994,305.4070,20
41.4769,44.2219,-14.0160,0.2517160,COc1ccc(CN2C(=O)C3Oc4ccccc4NC3=C2Oc2ccccc2)c(OC)c1,1,0.1588391,0.1588,0.6332306,0.6332,0.9983492,430.4600,20
27.7775,31.2980,30.4168,0.5142896,O=C(Nc1ccccc1-c1nc2ccccc2s1)c1ccc(COc2ccccc2[N+](=O)[O-])cc1,1,0.6220570,0.6221,0.2060811,0.2061,0.8456489,481.5330,20
32.7653,38.9073,-6.8964,0.2667573,Cc1ccc(COC(=O)N2CCc3ccccc3C(NC(=O)NCCC(=O)O)C2)cc1,1,0.1705678,0.1706,0.6594295,0.6594,0.9989554,425.4850,20
29.2032,31.8669,-31.8668,0.0000004,CCCNC(=O)C(Cc1ccccc1)N(Cc1ccc(Cl)cc1)C(=O)CN(c1ccc(F)c(Cl)c1)S(=O)(=O)c1ccccc1,1,0.0000000,0.0000,0.1782922,0.1783,0.0000005,656.6070,20
36.2849,39.7809,50.2073,0.7499021,Cc1cc(N2C(=O)c3ccc(NC(=O)C4CC=CCC4C(=O)O)cc3C2=O)no1,1,0.7669246,0.7669,0.6003473,0.6003,0.9999347,395.3710,20
37.0477,41.7229,-3.7224,0.3166710,CN1CCN(C(=O)NC2Cc3ccccc3Oc3ccccc32)CC1c1nccn1C,1,0.2148214,0.2148,0.6932329,0.6932,0.9994985,417.5130,20
55.3444,62.1505,-62.1504,0.0000002,Cc1cc([N+](=O)[O-])ccc1Oc1ccc(NC(=S)Nc2ccc([N+](=O)[O-])cc2)cc1Oc1ccc(C#N)cc1Oc1ccc(S(=O)(=O)O)cc1,1,0.0000000,0.0000,0.0509838,0.0510,0.0000000,713.7060,20
37.7364,41.7095,-20.4861,0.1768618,CN(c1nccs1)C1C(=Cc2ccccc2Cl)COc2ccccc21,1,0.0967539,0.0968,0.6142309,0.6142,0.9999943,368.8890,20
30.6533,32.1733,43.6129,0.6315512,CC=Cc1ccc(OCc2noc(-c3ccc4c(c3)OCO4)n2)c(OC)c1,1,0.5865008,0.5865,0.6502851,0.6503,0.9999955,366.3730,20
48.8429,51.9209,-39.9130,0.1000660,O=C(CN1C(=O)SC(=CC2Nc3cc(S(=O)(=O)N4CCN(Cc5ccccc5)CC4)ccc3NC2=O)C1=O)OCc1ccccc1,1,0.4575025,0.4575,0.2590242,0.2590,0.0000004,661.7620,20
29.1535,31.8597,27.5798,0.4953288,CCC(=O)Nc1cccc(Nc2ncc(C(=O)OC)cc2N)c1,1,0.4006872,0.4007,0.7322321,0.7322,0.9999998,314.3450,21
45.5277,48.5242,-4.1764,0.3695652,Cc1ccc(C(=O)NC2COCCC2Nc2ccc(OC(C)(C)C)nn2)c(Cl)c1,1,0.2598541,0.2599,0.7709486,0.7709,0.9994289,418.9250,21
62.1005,70.7518,-70.7518,0.0000003,CN(C)c1ccc(NS(=O)(=O)c2ccc3cccc(C4Nc5ccccc5N(C5=c6ccccc6=NC5=O)C4c4ccc(OCc5ccc(Br)cc5)cc4)c3c2)cc1,1,0.0000000,0.0000,0.1420467,0.1420,0.0000000,848.8230,21
35.4701,38.3410,-20.5840,0.1479755,Cn1cccc1C(CNS(=O)(=O)c1ccc(CNC(=O)c2ccccn2)cc1)N1CCOCC1,1,0.0827918,0.0828,0.4800569,0.4801,0.8192166,483.5940,21
31.7858,37.2559,-25.4313,0.0985381,Clc1ccc(Cn2cccc2CNC2CCN3CCCC23)cc1Cl,1,0.0381141,0.0381,0.8594548,0.8595,0.9999962,364.3200,21
25.2378,25.2085,-15.8567,0.0779321,Cc1nc(CN(C)c2ccc(N)cc2C)cs1,1,0.0273671,0.0274,0.8478348,0.8478,0.9998726,247.3670,21
47.7508,51.9750,-22.8844,0.2424221,O=c1c2ccccc2ncn1C1C(Nc2cccc(-c3nc4ccccc4[nH]3)c2)CCCN1c1ccccc1,1,0.2316348,0.2316,0.2867435,0.2867,0.2382916,512.6170,21
28.0499,30.4680,14.5463,0.3751192,O=C(CC1Cc2ccccc2C1)OCc1cccc(Oc2ccccc2)c1,1,0.2909653,0.2910,0.5589884,0.5590,0.9999979,358.4370,21
27.5585,28.5606,-28.5606,0.0000000,c1(n2c3c(cccc3)c(n(CC(O)=O)c2sc1C)=O)=O,0,0.0000000,0.0000,0.0000000,0.0000,0.0000000,0.0000,21
33.6994,37.3884,21.7042,0.4924381,O=C(COc1cccc2ccn(Cc3ccc(F)cc3)c(=O)c12)Nc1cc(Cl)cc(Cl)c1,1,0.4757797,0.4758,0.4034381,0.4034,0.9335153,471.3150,21
45.2414,51.3591,9.4257,0.5065399,CCN1CCN(C2CCN(C(=O)c3cnccn3)C2c2cccc(NS(=O)(=O)N(C)C)c2)CC1=O,1,0.4896916,0.4897,0.5964618,0.5965,0.4629273,501.6130,21
33.2289,34.0449,5.1966,0.3270121,O=C(NC1(c2ncc(C(F)(F)F)cn2)CC1(F)F)c1ccccc1,1,0.2106743,0.2107,0.8713221,0.8713,0.9999995,343.2550,21
30.7681,29.9071,17.4560,0.3946924,CN1CCN(S(=O)(=O)Cc2cccc(N=[N+]=[N-])c2)CC1,1,0.3266541,0.3267,0.4808238,0.4808,0.9999985,295.3680,21
33.1796,39.7686,-19.4429,0.1693801,O=C1CS(=O)(=O)N(c2ccc(C(=O)N3CCN(S(=O)(=O)c4ccc5c(c4)CCCC5)CC3)cc2)N1,1,0.1175315,0.1175,0.6412939,0.6413,0.1525565,518.6170,21
29.4853,34.1430,46.7536,0.6741386,COC(=O)c1ccc(C=CC(=O)Nc2cc(OC)ccc2NS(=O)(=O)c2ccccc2)cc1,1,0.7529562,0.7530,0.3843888,0.3844,0.9562313,466.5150,21
34.3525,42.2134,1.4122,0.3635467,Cc1cc(Nc2ccc(F)cc2)nc(Nc2ccccc2NC(=O)C2CCN(c3ccc([N+](=O)[O-])cn3)CC2)n1,1,0.6623708,0.6624,0.1926228,0.1926,0.0194302,542.5750,21
27.0041,28.9591,-11.3972,0.1463488,O=C(O)CCN(CCOc1ccc(F)cc1)C1CCS(=O)(=O)C1,1,0.0694278,0.0694,0.7613394,0.7613,0.9999993,345.3920,21
30.5500,36.2512,40.0470,0.6358187,Cc1ccc2nc(CN3NC4(CCC4)NC3=O)cc(=O)n2c1,1,0.5460202,0.5460,0.8638456,0.8638,0.9999989,299.3340,21
38.6870,44.5723,17.0212,0.5132793,Cc1ccc(NC(=O)Nc2cc(F)c(NC(=O)c3cc4ccc(Br)cc4o3)c(F)c2)cc1,1,0.6062026,0.6062,0.2925041,0.2925,0.4931154,500.2990,21
42.5858,43.3469,22.5610,0.5492323,COc1cc(-c2nc3ccc(N4CC(C)N(C(=O)OC(C)(C)C)CC4C)cc3[nH]2)ccc1O,1,0.4937915,0.4938,0.5944401,0.5944,0.9875049,452.5550,21
25.7789,28.3049,-17.4879,0.0901415,CNS(=O)(=O)Nc1cc(Cl)ccc1C=CC(=O)O,1,0.0354060,0.0354,0.7126144,0.7126,0.9999977,290.7280,21
42.8228,46.8788,15.5691,0.5203999,CS(=O)(=O)Nc1cccc(C(=O)NN2c3ccccc3OCC2OS(=O)(=O)O)c1,1,0.4671625,0.4672,0.5492041,0.5492,0.9945551,443.4590,21
40.9041,52.2140,-31.8177,0.1699697,CN(C(=O)c1ccc(F)cc1F)C(CC(=O)O)(NC(N)=O)c1ccc(Cl)cc1,1,0.0905911,0.0906,0.6340489,0.6340,0.9997038,411.7920,21
31.8102,36.8316,21.3592,0.4849235,CN(c1ccccc1)S(=O)(=O)c1ccc(NC(=O)CN(c2ccccc2F)S(=O)(=O)N2CCCC2)cc1,1,0.8307766,0.8308,0.4426171,0.4426,0.0134365,546.6460,21
30.7859,37.1124,35.4366,0.6045750,CC(C)(C)OC(=O)NCCN=C(NC(=O)c1ccccc1)N1CCN(Cc2ccc(F)cc2)CC1,1,0.6638742,0.6639,0.3743083,0.3743,0.8192981,483.5880,21
30.8450,37.5492,-21.3036,0.1353797,CC(Oc1cccc(C(=O)O)c1)C(=O)Nc1ccc(N2CCNC2=O)c(Cl)c1,1,0.0639726,0.0640,0.6867831,0.6868,0.9998578,403.8220,21
39.4640,46.1769,-38.1537,0.0668597,O=C1NC(=O)N(Nc2cnn(Cc3cc(Cl)ccc3Cl)c2)C1=Cc1cccc([N+](=O)[O-])c1,1,0.0318651,0.0319,0.2409904,0.2410,0.9213890,473.2760,21
25.0290,27.2829,-16.1530,0.0927484,O=C(CON(O)O)NNc1ccccc1,1,0.0403749,0.0404,0.5197418,0.5197,0.9970421,213.1930,21
36.6262,36.9256,-30.0759,0.0570806,CSC(SC)=C(Cl)C(=O)Oc1ccc(F)c(Cl)c1,1,0.0208703,0.0209,0.4614148,0.4614,0.9999999,327.2290,21
39.5995,46.5160,-37.5430,0.0747752,N#Cc1ccc(CN2CC3OCCN(Cc4ccc(F)cc4)C3C2c2ccccc2)c(F)c1,1,0.0288845,0.0289,0.5726495,0.5726,0.9934286,445.5130,21
46.5051,48.4960,28.4935,0.6415795,CN(C)SNc1ccc2ncnc(Nc3ccc(Cc4ccc(C(C)(F)F)cc4)cc3)c2c1,1,0.7633122,0.7633,0.2855761,0.2856,0.9597222,465.5730,21
55.6196,64.6976,-64.6974,0.0000018,NC(=O)NC(=O)C1C2c3ccccc3OC(Cc3ccccn3)C(=O)N1CN2S(=O)(=O)c1ccccc1,1,0.0000000,0.0000,0.5114074,0.5114,0.1207563,521.5550,21
38.5691,42.3639,29.7786,0.6011874,O=C(O)c1cc(Cl)ccc1NC(=O)C1CCCN(C(=O)c2cccc([N+](=O)[O-])c2)S1,1,0.6277936,0.6278,0.4025553,0.4026,0.9902139,449.8720,21
45.7280,56.5225,-20.3500,0.3014381,O=C(NN(C(=O)Nc1cccc([N+](=O)[O-])c1)c1ccc(OC2(O)C(=O)Nc3ccccc32)cc1)c1ccc(Cl)cc1,1,0.8267481,0.8267,0.1460176,0.1460,0.0011004,573.9490,21
29.8521,31.5991,47.1169,0.6559671,COc1ccc(C(=O)Nc2c(C)nn(-c3ccccc3)c2C)cc1S(=O)(=O)N1CCCCC1,1,0.6409797,0.6410,0.5917724,0.5918,0.9475480,468.5790,21
40.5607,48.9416,-28.6631,0.1689878,CC(N1C(=O)C(=O)N(Cc2c(F)cccc2Cl)C1c1ccccc1Cl)C1(O)CC1,1,0.0866041,0.0866,0.7220471,0.7220,0.9969056,437.2980,21
36.6464,37.5473,4.9121,0.3538284,CC1CN(C(=O)Cn2cc(C(N)=O)ccc2=O)CCN1C1CC1,1,0.2398133,0.2398,0.8211201,0.8211,0.9999998,318.3770,21
36.5184,44.1233,-31.7112,0.1034341,O=C1NC2(CCCc3ccccc32)C(=O)N1CCNc1cccc(Nc2cccc(F)c2)c1,1,0.0483059,0.0483,0.4793197,0.4793,0.9940050,444.5100,21
40.4541,44.5638,-36.8345,0.0644108,CCCOc1ccc(C(=O)Nc2ncnc(C)c2-c2nc3c(F)cccc3s2)cc1,1,0.0248316,0.0248,0.4596738,0.4597,0.9992074,422.4850,21
24.7094,28.0603,31.5915,0.4970978,CN(Cc1cccc(Cl)c1)C(=O)NCc1ccc(OC(F)F)cc1,1,0.3871465,0.3871,0.8407092,0.8407,0.9999985,354.7840,21
34.3778,40.2085,-16.3377,0.1989236,CN(C)S(=O)(=O)N1Cc2ccccc2N(C(=O)C2CC2)C(c2nc(-c3ccccn3)no2)C1,1,0.1181563,0.1182,0.5642743,0.5643,0.9477309,468.5390,21
34.3386,38.6584,-9.8196,0.2403232,COc1ccc(C(=O)N2CCN(C(c3c(C)n[nH]c3C)c3nnnn3C3CCCC3)CC2)cc1,1,0.1519057,0.1519,0.5978981,0.5979,0.9631323,464.5740,21
43.3200,50.4264,2.9537,0.4448349,COC(=O)c1ccc(Oc2ccc3c(n2)NC(=O)CC3N2C(=O)NC(=O)C2(C)C)c(C)c1,1,0.3721455,0.3721,0.5549411,0.5549,0.9965636,438.4400,21
26.0981,28.3907,43.4025,0.5982760,O=C(CSc1cccc(NC(=O)c2ccc(Cl)cc2)c1)Nc1ccccc1C(=O)N1CCCC1,1,0.6553804,0.6554,0.4222783,0.4223,0.6344018,494.0160,21
35.6895,37.5784,-37.5784,0.0000000,c1(Cl)ccc(C(Oc2ccc(cc2)NC(=O)Nc2ccccc2)=O)[nH]n1,0,0.0000000,0.0000,0.0000000,0.0000,0.0000000,0.0000,21
42.7023,43.5266,-24.1575,0.1614093,NC1COc2c(-c3c(O)c4ccccc4sc3=O)ccc(F)c21,1,0.0811665,0.0812,0.7191569,0.7192,0.9999998,329.3520,21
25.8286,27.6018,15.1944,0.3566351,COc1ccc(C)cc1NC(=O)c1ccccc1NS(=O)(=O)c1ccc(F)cc1,1,0.2612326,0.2612,0.6332963,0.6333,0.9996215,414.4580,21
59.9996,61.0348,-34.8389,0.2182988,N=COC(=C(N)C(N)=O)N(Cc1ccc2c(c1)CCCO2)C(=O)CN1Cc2ccccc2C1,1,0.1706893,0.1707,0.2424381,0.2424,0.9905309,449.5110,21
40.0413,51.3652,3.1848,0.4545825,CC(C#N)(CC(=O)N1CNC(=O)NC(=O)C1)NS(=O)(=O)c1ccc(F)cc1,1,0.3744525,0.3745,0.6042157,0.6042,0.9999214,397.3880,21
32.6717,40.5420,-0.1391,0.3366908,CN(C)c1ccc(Br)cc1C=NNc1cc(N2CCN(c3ccccc3)CC2)nc2ccccc12,1,0.4659793,0.4660,0.2514798,0.2515,0.0620496,529.4860,21
37.6584,41.3376,-5.4606,0.2989748,CCC(C)c1ccc(-n2nnnc2SC(C)C(=O)Nc2cc(C)c(Cl)cc2O)cc1,1,0.2327667,0.2328,0.3939526,0.3940,0.9931443,445.9760,21
40.7768,42.3953,-34.2334,0.0680152,C1=CCCC(n2c3ccccc3c3cc(-c4ccc5c6c(-c7cccc8oc9ccccc9c78)cccc6n(-c6ccccc6)c5c4)ccc32)=C1,1,0.2595960,0.2596,0.1855127,0.1855,0.0000008,652.7970,21
28.5186,30.9371,42.5558,0.6124409,O=C(CN1CCn2cccc2C1c1ccc(F)cc1)Nc1ccccc1F,1,0.5365698,0.5366,0.7614301,0.7614,0.9999951,367.3990,21
38.0056,40.4857,-40.4857,0.0000000,c12c3ccnc3CCc2cc(cc1)CCNC(=O)c1ccccc1SC,0,0.0000000,0.0000,0.0000000,0.0000,0.0000000,0.0000,21
36.4925,38.9635,34.0596,0.6085258,N#Cc1ccccc1S(=O)(=O)CCCSc1nc2cc(Cl)ccc2c(=O)n1N,1,0.7123771,0.7124,0.2738114,0.2738,0.9975105,434.9300,21
34.0926,36.7991,31.6600,0.5704928,COc1ccccc1Oc1ncc(Nc2ncnc3cc(Br)ccc23)cc1Cl,1,0.5856324,0.5856,0.3971347,0.3971,0.9800543,457.7150,21
45.5931,47.2842,-3.5345,0.3645808,Cc1ccnc2[nH]c(C(=O)NC3(C(=O)O)N=CCN=N3)cc12,1,0.2544177,0.2544,0.7754504,0.7755,0.9999990,300.2780,21
23.4087,26.8274,16.5194,0.3612234,COc1cc(NC(=O)CN2C(=O)C(C)Oc3ccccc32)cc(OC)c1OC,1,0.2470306,0.2470,0.8208384,0.8208,0.9999714,386.4040,21
37.3162,40.2105,-6.0810,0.2844120,Cc1ccc(-n2c(CN)nc3c2CN(C(=O)c2ccc(O)cc2)CC3)cc1,1,0.1801542,0.1802,0.7498688,0.7499,0.9999968,362.4330,21
26.0153,30.2510,49.0408,0.6607651,COc1ccc2cccc(C=NNc3cccc(C(=O)O)c3)c2c1,1,0.6561040,0.6561,0.5505937,0.5506,0.9999998,320.3480,21
38.7923,48.6891,-23.4157,0.2106119,O=C(NN1C(=O)NC(c2ccccc2Cl)CC1c1cccc(Oc2ccccc2)c1)c1cccs1,1,0.1721886,0.1722,0.3059903,0.3060,0.4086798,504.0110,21
52.5689,62.3339,-56.5268,0.0483921,COC(=O)C1=C(N)N(c2nnc(SCc3ccc(CCC(=O)Nc4ccc(Cl)cc4)cc3)s2)C2=C(C(=O)OC2(C)C)C1c1ccccc1,1,0.3236313,0.3236,0.1376243,0.1376,0.0000000,702.2580,21
47.2007,50.2114,-32.2965,0.1492909,COc1ccc(S(=O)(=O)N2CCC3(C=Cc4cccc(OCc5cccc(CN6CCN(c7ccccc7)CC6)c5)c4O3)CC2)cc1,1,0.7593715,0.7594,0.2127513,0.2128,0.0000008,651.8290,21
31.3666,28.1596,-16.5176,0.0970166,CNC(CCc1cnn(C)c1)c1cc(C)cc(C)c1C,1,0.0367362,0.0367,0.9044887,0.9045,0.9999861,271.4080,21
34.1739,40.3598,-21.0857,0.1606173,O=C1C(NC2CC2)OC(c2ccccc2)CN1Cc1ccco1,1,0.0750920,0.0751,0.9212609,0.9213,0.9999997,312.3690,22
53.0003,60.5103,-60.5103,0.0000003,CCCOC(=O)C1=C(SCc2ccccc2Cl)NC2=C(C(=O)CC(C)(C)C2)C1c1ccc(CN(Cc2ccc(OC)cc2)C(=O)c2ccccc2)o1,1,0.0000000,0.0000,0.1357100,0.1357,0.0000000,739.3340,22
53.0827,60.0782,-45.5795,0.1208227,CN(C)C(=O)c1ccc(F)cc1Oc1ccc(C2(c3ccc(Cl)c(F)c3)OC(=O)c3ccc(Cl)cc32)cc1NS(C)(=O)=O,1,0.5199341,0.5199,0.2270777,0.2271,0.0000013,647.4830,22
38.3395,40.9528,35.1703,0.6343597,COC(=O)c1ccc(C(=O)OCc2nc3cc(NC(=O)c4ccccc4C)ccc3n2C)cc1,1,0.6643467,0.6643,0.4340910,0.4341,0.9804624,457.4860,22
30.8034,32.8018,23.6633,0.4705425,COc1ccccc1-c1nnc(Sc2sc(C)cc2C(=O)O)n1C,1,0.3703239,0.3703,0.7463779,0.7464,0.9999971,361.4480,22
38.7552,42.3779,13.5264,0.4658691,CC1(C)C(=O)N2C(=O)Nc3ccccc3C2(C)CN1c1ccc(C(=O)O)cc1,1,0.3534645,0.3535,0.8358197,0.8358,0.9999850,379.4160,22
26.4136,26.7585,-15.8045,0.0912831,N#Cc1cc(Nc2cccnc2Cl)ccc1N,1,0.0373548,0.0374,0.6291817,0.6292,0.9998369,244.6850,22
35.2814,38.3068,24.9371,0.5270322,COc1ccc(Nc2nnc(-c3nc(OC)cc(=O)[nH]3)o2)cc1,1,0.4383951,0.4384,0.7288795,0.7289,0.9999998,315.2890,22
51.1804,52.4098,-52.4097,0.0000005,CC(C=CC=C(C)C=CC=C(C)C(=O)OCCOCCN)=CC=CC=C(C)C=CC=C(C)C(C)OC(=O)C=Cc1ccccc1,1,0.0000000,0.0000,0.0781016,0.0781,0.0000337,611.8230,22
34.3701,40.5811,-10.2074,0.2531141,Cc1cc(N2CCN(c3ccccn3)CC2)cc(C)c1NS(=O)(=O)c1c(C)[nH]c(=O)[nH]c1=O,1,0.1713608,0.1714,0.5150539,0.5151,0.9377302,470.5550,22
25.0997,27.5770,-0.4134,0.2263631,CN(C)S(=O)(=O)N1CCN(c2ccc([N+](=O)[O-])c(Cl)c2)CC1,1,0.1384450,0.1384,0.6019476,0.6019,0.9999991,348.8120,22
49.6617,53.0610,-11.6939,0.3447260,O=C1NC(=O)c2cc(N(CCN3CCN(c4ccccc4Cc4ccccc4)CC3)c3ccc4ccoc4c3)ccc21,1,0.6914724,0.6915,0.2413517,0.2414,0.0053829,556.6660,22
29.5760,30.0515,38.1238,0.5681274,CN(C)C(=O)COc1ccc(NC(=O)C2CCN(c3ccccc3F)CC2)cc1,1,0.4734246,0.4734,0.8107206,0.8107,0.9999048,399.4660,22
32.3811,31.0061,-14.8138,0.1349358,CCOc1cc(N2CCNC(=O)C2)c([N+](=O)[O-])cc1[N+](=O)[O-],1,0.0652649,0.0653,0.6298800,0.6299,0.9999996,310.2660,22
31.8788,34.9359,52.1475,0.7256947,O=C(O)c1ccn2cc(C(=O)N3CCCC3c3ccccn3)nc2c1,1,0.6757726,0.6758,0.7933554,0.7934,0.9999997,336.3510,22
39.9635,40.7757,22.0963,0.5239331,CN(Cc1cncn1-c1ccccc1)C1CC12CCN(Cc1cnn(C)c1)CC2,1,0.4494431,0.4494,0.6486741,0.6487,0.9999582,390.5350,22
37.3969,43.4327,38.2936,0.6810524,O=C(CN(C(=O)NN=Cc1ccccc1F)c1ccc(F)cc1)NCc1ccc2c(c1)OCO2,1,0.7492361,0.7492,0.4115226,0.4115,0.9565042,466.4440,22
35.5103,38.6771,10.7325,0.4117472,CC(c1nc2ccccc2n1C1CCCC1)N(Cc1cccs1)C(=O)c1ccc2c(c1)OCO2,1,0.3918878,0.3919,0.3276263,0.3276,0.9192140,473.5980,22
35.6947,35.2876,-20.4187,0.1239074,CC(CC1CCOC(=O)N1)c1ccc(O)cc1,1,0.0531260,0.0531,0.8452703,0.8453,0.9996123,235.2830,22
38.3325,36.0254,19.4561,0.4623457,CCOC(=O)Cc1csc(NC(=O)c2cc(S(=O)(=O)N(CC)c3ccccc3C)ccc2C)n1,1,0.4696467,0.4696,0.4375834,0.4376,0.4625381,501.6300,22
28.2662,27.0106,-10.3228,0.1390654,CCN(CC)C(=O)C(O)Cc1cc(Cl)cc(Cl)c1,1,0.0614245,0.0614,0.9055226,0.9055,0.9999976,290.1900,22
35.0578,38.0415,14.5670,0.4384045,CN(C(=O)c1ccc(NS(=O)(=O)c2ccccc2)cc1)C1CN(S(=O)(=O)C2CC2)C1,1,0.3423065,0.3423,0.6934195,0.6934,0.9904937,449.5540,22
51.0548,51.0635,-51.0632,0.0000022,O=C1c2cccc(Br)c2C(=O)N1CC1(F)CC(=O)N(c2cccc(B(O)O)c2)C1=O,1,0.0000000,0.0000,0.4891671,0.4892,0.9088241,475.0350,22
58.1391,54.6712,-54.6712,0.0000000,c12c(cccc1)-c1n(-c3ccc(c4c3cccc4)OC)nc([C@@H]3[C@@H](CO)CN(C3)Cc3ccccc3)n1C2,0,0.0000000,0.0000,0.0000000,0.0000,0.0000000,0.0000,22
35.3719,36.5221,43.4703,0.6666038,O=C1c2ccccc2C(=O)N1N1CCc2ccc(CCO)cc2C1,1,0.5819592,0.5820,0.8754176,0.8754,0.9999999,322.3640,22
34.2396,36.1303,17.8040,0.4494525,O=C(O)CC1CN(C(=O)c2cccc(-c3cccc(CN4CCOCC4)c3)c2)C1,1,0.3381321,0.3381,0.8158864,0.8159,0.9999399,394.4710,22
46.7421,61.0171,-32.8790,0.2344840,O=C(O)COc1cc(O)c2c(c1)OC(=O)NC2c1ccc(-c2ccccc2OCC(=O)Nc2ccc3c(c2)OCCO3)cc1,1,0.7139195,0.7139,0.2158089,0.2158,0.0001141,598.5640,22
29.3342,40.5878,-1.4218,0.3263832,Cc1ccc(I)cc1NC(=O)C(=CNc1cccc([N+](=O)[O-])c1C)NC(=O)c1ccccc1,1,0.7143458,0.7143,0.1615717,0.1616,0.0055359,556.3600,22
32.2699,33.3475,-33.3475,0.0000000,[nH]1c2c(nc1SCc1nc3c4c(sc(c4[nH]c(=O)c3)C)n1)cccc2,0,0.0000000,0.0000,0.0000000,0.0000,0.0000000,0.0000,22
33.7817,38.3079,-3.9634,0.2862046,COCCOCCCNc1cc(NC2CCS(=O)(=O)C2)nc(-c2cccnc2)n1,1,0.2016216,0.2016,0.5219885,0.5220,0.9992746,421.5230,22
38.8520,47.4491,-6.2888,0.3430025,Cc1ccccc1NC(=O)N1CCN(c2nc3ccccc3nc2SCC(=O)Nc2ccc(NC#N)cc2)CC1,1,0.7230415,0.7230,0.1676439,0.1676,0.0077634,552.6640,22
40.6453,47.0053,-14.2799,0.2727113,O=C(CC(c1cccs1)N1CCN(C(=O)c2ccccc2F)CC1)Nc1cc(Cl)ccc1NC(=O)c1ccco1,1,0.6601211,0.6601,0.2699783,0.2700,0.0005715,581.0690,22
29.2921,29.4733,-15.7827,0.1140879,Cc1nnsc1C(=O)N(C)c1ccc(CO)cn1,1,0.0464531,0.0465,0.8946523,0.8947,0.9999732,264.3100,22
29.8394,33.2365,26.4992,0.4977976,O=C(Nc1ccccc1-n1cncn1)C1CCN(S(=O)(=O)c2ccccc2[N+](=O)[O-])CC1,1,0.4671087,0.4671,0.4428036,0.4428,0.9821540,456.4840,22
37.7107,41.3883,40.6242,0.6834381,CC(Oc1ccc(CN2CCCc3ccccc32)cn1)C(=O)N1CCN(c2ccc(F)cc2)CC1,1,0.7038778,0.7039,0.5335824,0.5336,0.9122378,474.5800,22
32.7852,35.4333,-0.9463,0.2873921,CC1(C)C(=O)NC(=O)N1CCc1cc(N)nc(N)n1,1,0.1919933,0.1920,0.6322347,0.6322,0.9999732,264.2890,22
39.4711,40.9365,-28.9286,0.1000654,O=C(NC1CCOCC1Cl)C1(c2ccccc2O)CC1,1,0.0392437,0.0392,0.8379669,0.8380,0.9999985,295.7660,22
41.0200,44.6830,44.9014,0.7465362,CC(C)c1ccc(N2CC(C(=O)Nc3nc4cc(CO)ccc4s3)NC2=O)cc1,1,0.7619973,0.7620,0.6004468,0.6004,0.9997371,410.4990,22
35.7832,34.2214,1.9544,0.3014649,Cc1cccc(F)c1NC(=O)C(C)OC1CC(N)C1,1,0.1873157,0.1873,0.8753444,0.8753,0.9999778,266.3160,22
52.5254,71.4931,-71.4931,0.0000003,O=C(O)CCOc1ccc(N(CC(=O)Nc2cc(Cl)ccc2N2CCN(C(=O)C(=Cc3ccco3)c3ccccc3)C2)S(=O)(=O)c2ccccc2)cc1,1,0.0000000,0.0000,0.1217604,0.1218,0.0000000,755.2490,22
39.9564,46.3551,4.1353,0.4207534,COC1CN(C(N)=S)C(C(=O)N2CCN(c3ccccc3F)CC2)C1C(=O)O,1,0.3247697,0.3248,0.6755865,0.6756,0.9997377,410.4710,22
32.6310,41.7342,-10.2615,0.2622723,NS(=O)(=O)c1ccc(N2CC(Oc3cccc(N4C(=O)CCC4=O)c3)CC2=O)cc1,1,0.1629474,0.1629,0.7110871,0.7111,0.9984951,429.4540,22
41.6092,48.9429,-1.7920,0.3929240,COc1cccc(N2CN(Cc3ccccc3F)CC2C2C=C(c3ccccc3)NC(=O)N2)c1,1,0.3083873,0.3084,0.5813274,0.5813,0.9785193,458.5370,22
43.2136,47.2509,-36.2835,0.0913952,C=[N+](CC(=O)N1CCN(Cc2ccc(OC)cc2)Cc2ccccc21)SC,1,0.0415610,0.0416,0.4357332,0.4357,0.9999760,384.5250,22
29.7932,29.2144,-13.7202,0.1291184,COC(=O)CNc1ncnc2oc3c(c12)CCCC3,1,0.0563099,0.0563,0.8470377,0.8470,0.9999646,261.2810,22
35.6850,35.1388,0.8224,0.2996767,COc1cccc(Cn2ccc(NS(=O)(=O)CCC3CCOC3)n2)c1,1,0.1923283,0.1923,0.7746654,0.7747,0.9999958,365.4550,22
37.9158,37.7069,30.6601,0.5697251,Cc1nc2cc(OCCn3c(=O)c4ccccc4n(C)c3=O)ccc2n1C,1,0.5296453,0.5296,0.5551107,0.5551,0.9999962,364.4050,22
29.2774,35.3180,3.8904,0.3267368,COc1ncc(C(=O)NC2(C(=O)O)CCSC2)cc1N1CCCC1,1,0.2135209,0.2135,0.8278449,0.8278,0.9999989,351.4280,22
33.3109,37.8963,-0.0711,0.3152100,CCOc1ccc(Br)cc1C=C1C(=O)NC(=O)N(c2ccc(F)c(SC)c2)C1=O,1,0.2562293,0.2562,0.3916989,0.3917,0.8703496,479.3270,22
35.3252,36.8822,31.8801,0.5730191,CN(C(=O)c1nc(-c2ccc(-n3ccnc3)cc2)no1)c1ccc(Cl)cc1,1,0.5388657,0.5389,0.5378574,0.5379,0.9999844,379.8070,22
40.5510,48.7769,-12.5265,0.3020870,Cc1ccc(C(=O)Nc2cccc(C(=O)N3CCN(c4ccc(NC(=O)N5CCOCC5)cc4C(=O)O)CC3)c2)cc1,1,0.5987354,0.5987,0.4104986,0.4105,0.0013616,571.6340,22
27.4011,27.8619,29.5179,0.4781647,COc1ccc(Nc2nccc(Nc3cccc(F)c3)n2)cc1Cl,1,0.3862259,0.3862,0.6981404,0.6981,0.9999994,344.7770,22
23.5712,25.8090,3.3984,0.2433946,O=C(NC1CCCCC1)C(Cc1ccccc1)N(Cc1ccc(Cl)cc1)C(=O)CSc1ccc(Cl)cc1,1,0.4015355,0.4015,0.2699212,0.2699,0.0059507,555.5710,22
34.0799,38.2584,-12.3847,0.2156145,O=C1CSC(c2ccc(OCc3ccc(Cl)cc3)cc2)N1N=Cc1ccc2ccccc2c1,1,0.1603486,0.1603,0.2937691,0.2938,0.9232302,472.9970,22
28.5018,28.5265,7.1138,0.2970023,N#Cc1ccc(NC(=O)COC(=O)COc2ccc3ccccc3c2)cc1Cl,1,0.2005465,0.2005,0.6398224,0.6398,0.9999380,394.8140,22
24.0078,23.7066,-13.0964,0.0884187,CN(Cc1ncc[nH]1)c1nccnc1C#N,1,0.0331814,0.0332,0.8131545,0.8132,0.9973112,214.2320,22
34.8582,36.4031,11.7688,0.4014328,CN(Cc1ccco1)c1nn(CCc2ccc(F)cc2)c(=S)s1,1,0.3109169,0.3109,0.6220273,0.6220,0.9999990,349.4560,22
38.8542,42.6358,-13.0841,0.2462639,COc1cccc(Nc2ccc(N3C(=O)CC(NCc4ccc5c(c4)OCO5)C3=O)cc2)c1,1,0.1614441,0.1614,0.5374681,0.5375,0.9934514,445.4750,22
61.6504,65.5303,-63.9331,0.0133105,CC1C(C)(Cc2ccccc2)NC(c2cccc(Br)c2)C12C(c1ccc(Cl)cc1Cl)ON2c1ccc(Cl)cc1,1,0.0207593,0.0208,0.2346962,0.2347,0.0000019,642.8520,22
29.3007,30.0785,-7.5355,0.1878582,COCC1(C(=O)N2CCN(C(=O)CC#N)CC2)CCNC1,1,0.1002563,0.1003,0.7332625,0.7333,0.9999983,294.3550,22
46.9028,49.4874,-49.4874,0.0000003,Cn1c(-c2cccc3c4ccccc4n(-c4cccc(N(c5ccc(-c6ccc(-c7ccccc7)cc6)cc5)c5ccc(N(c6ccccc6)c6ccccc6)cc5)c4)c23)nc2ccccc21,1,0.0000000,0.0000,0.1371850,0.1372,0.0000000,860.0770,22
37.3991,42.8478,3.6574,0.3875434,CN1C(=O)N(CC2CCCCC2)C(CCN2CCC(Cc3ccccc3)CC2)(N(C)C)C1=O,1,0.3059751,0.3060,0.5559170,0.5559,0.9848734,454.6590,22
32.1528,31.1393,43.4774,0.6218060,Cc1ncc(-c2cccc(NC(=O)C=Cc3ccc(Cl)cc3)c2)o1,1,0.5653354,0.5653,0.6842312,0.6842,0.9999996,338.7940,22
38.7708,45.0221,50.7027,0.7977067,CC(Nc1cc(C(=O)N2CCCC2)ccn1)C1CCN(C(=O)C2(N)CCC2)CC1,1,0.7738832,0.7739,0.7922694,0.7923,0.9999042,399.5390,22
35.3341,41.7510,-11.3762,0.2531233,O=C(NC1Sc2ccccc2NC1=Nc1ncccc1O)OCc1ccccc1,1,0.1626934,0.1627,0.5982804,0.5983,0.9998186,406.4670,23
56.8418,77.8664,-77.8664,0.0000003,Cc1ccccc1NC(=O)C1=C(CN2CCN(Cc3ccccc3)C(=O)C2)NC(=O)NN1c1ccc(NC(=O)C2(c3ccsc3)CCCCC2)cc1,1,0.0000000,0.0000,0.1566281,0.1566,0.0000000,717.8960,23
54.5169,59.4727,-28.4767,0.2582999,COc1ccc(NC(=O)N(c2nccc3c(N4CCSCC4)nc(-c4cccc(OC)c4)nc23)N2CCOCC2)cc1,1,0.6287768,0.6288,0.3311883,0.3312,0.0003102,587.7060,23
33.1698,43.7215,-14.0390,0.2473542,COc1ccc(OC)c(N2N=C(Nc3ccc(C(=O)Nc4ccc(C(N)=O)cc4)cc3)CC2=O)c1,1,0.1694325,0.1694,0.4821967,0.4822,0.9199562,473.4890,23
35.9462,36.7347,-16.5636,0.1680930,NC(Cc1cc(O)c(Br)cc1Br)C(=O)Nc1ccc(Br)cc1,1,0.0962561,0.0963,0.5988363,0.5988,0.6559658,492.9930,23
31.9521,36.7043,17.3014,0.4500472,CCCCCOc1ccc(-c2cc(C(=O)NN3C(=O)NC(C)(c4ccccc4)C3=O)[nH]n2)cc1,1,0.4400002,0.4400,0.3314300,0.3314,0.9719129,461.5220,23
38.6142,45.1905,30.1868,0.6281448,Cc1cc(C)c(NC(=O)C2NN(Cc3ccccc3)C(=O)NC2c2ccc([N+](=O)[O-])cc2)c(C)c1,1,0.6948685,0.6949,0.3646083,0.3646,0.9196575,473.5330,23
40.5159,49.7272,17.6243,0.5612619,CC(Oc1cc(C2C(C)C=NN2C(=O)c2ccccn2)ccc1O)C(=O)O,1,0.4610258,0.4610,0.8371260,0.8371,0.9999940,369.3770,23
43.3572,46.8474,19.2230,0.5505874,O=C(C=Cc1ccc2ncccc2c1)N(CCc1ccco1)Cc1ccc2nc[nH]c2c1,1,0.5642496,0.5642,0.3751061,0.3751,0.9992072,422.4880,23
42.7139,46.6349,23.7551,0.5865832,CCN1C(=O)C(C=NNC(=O)NN)N(c2ccc(C)cc2)c2nc3ccccc3nc21,1,0.6880233,0.6880,0.2571319,0.2571,0.9994527,418.4610,23
30.6033,33.2981,-4.3141,0.2415331,O=NN(NC(O)(c1ccccc1)C(F)(F)F)c1ccccc1,1,0.1596280,0.1596,0.5058262,0.5058,0.9999996,311.2630,23
28.2619,32.5089,1.9010,0.2867490,O=C(c1cccc(NS(=O)(=O)c2ccc(F)cc2)c1)N(Cc1ccccc1)c1nc2ccc(Cl)cc2s1,1,0.4995050,0.4995,0.2429126,0.2429,0.0082099,552.0520,23
37.0623,38.9818,9.8027,0.4065374,Cc1cccc(C(=O)NC(=Cc2ccc3c(c2)OCO3)C(=O)n2cnc3ccccc32)c1,1,0.3377644,0.3378,0.4961122,0.4961,0.9989594,425.4440,23
32.2426,35.4119,-20.9346,0.1206441,Nc1ccccc1-c1cccc(Nc2cc(F)cc(Cl)c2)c1,1,0.0556388,0.0556,0.6290854,0.6291,0.9999997,312.7750,23
32.9247,39.6085,-11.3484,0.2355008,Cc1cc(NC(=O)NC23CC4CC(CC(C4)C2)C3)ccc1N1CCN(c2ccccc2C#N)CC1,1,0.1452539,0.1453,0.6388112,0.6388,0.9425083,469.6330,23
38.3778,42.2988,42.9023,0.7100095,NC(=O)c1ccc(CN2C3CN(Cc4ccccc4)CC2c2ccccc2N3)cc1,1,0.6818108,0.6818,0.6894712,0.6895,0.9999129,398.5100,23
32.5419,33.9047,-33.9047,0.0000000,c12cccc3c4c(cccc4)ccc3c1sc(NC(=O)c1cccs1)n2,0,0.0000000,0.0000,0.0000000,0.0000,0.0000000,0.0000,23
70.6856,85.7613,-85.7612,0.0000002,CCOc1cc(C=C2SC(=S)N(c3ccccc3OC3=Nc4c(C)nnn4C(CC)C4CN3c3cccc(=O)n3C4)C2=O)cc(I)c1OS(=O)(=O)c1ccccc1,1,0.0000000,0.0000,0.0642811,0.0643,0.0000000,935.8480,23
34.2256,32.6476,3.4008,0.3004030,O=C1CN=C(C(=O)Nc2cnn(CCO)c2)N1,1,0.2094272,0.2094,0.5820713,0.5821,0.9996756,237.2190,23
55.3393,69.9213,-69.9213,0.0000002,COc1ccc(C=NNC(O)COc2ccc(NC(=O)c3ccc(F)cc3)cc2C=NNC(=O)c2cccnc2)c(N2CCN(c3ccc(F)cc3)CC2)c1,1,0.0000000,0.0000,0.0696283,0.0696,0.0000000,748.7910,23
43.0926,55.9324,-55.9324,0.0000003,CCOC(=O)c1ccc(NC(=O)C(OC(=O)c2ccc(Nc3c(C)[nH]n(-c4cccc(F)c4)c3=O)cc2)=C2Sc3ccccc3N2C)cc1,1,0.0000000,0.0000,0.0879735,0.0880,0.0000001,679.7300,23
27.7668,25.5417,-14.9144,0.0885606,O=C1SC(=Cc2ccc(Cl)cc2)C(=O)N1CC1CCCO1,1,0.0334241,0.0334,0.7979821,0.7980,0.9999999,323.8010,23
39.0353,44.0841,-16.3077,0.2314705,O=C1CN2CC(O)CC2(c2cccnc2)CN1Cc1ccoc1,1,0.1268296,0.1268,0.9145472,0.9145,0.9999997,313.3570,23
31.6646,29.6669,25.1100,0.4564737,CCCCOc1ccc(CNc2nnc(-c3ccccc3)s2)cc1OC,1,0.3894405,0.3894,0.5376948,0.5377,0.9999940,369.4900,23
28.2492,30.9576,-1.6634,0.2441179,CC(=O)Nc1ccc(Oc2ccc(NC(=O)c3nn(C(C)C)c(=O)c4ccccc34)cc2)cc1,1,0.1706657,0.1707,0.4259934,0.4260,0.9821249,456.5020,23
48.3344,57.6534,-57.6533,0.0000006,O=C(C1CCCN(C(=O)c2cccc([N+](=O)[O-])c2)N1c1ccc(F)cc1)N1CCC(CCN2CCN(c3ccccn3)CC2)CC1,1,0.0000000,0.0000,0.2629773,0.2630,0.0000064,629.7370,23
30.9257,36.9521,5.4562,0.3534018,COc1ccc(OC)c(N(c2cnc3ccccc3c2)S(=O)(=O)c2ccc(F)cc2)c1,1,0.2886181,0.2886,0.4275252,0.4275,0.9965509,438.4800,23
37.8414,38.4233,39.6686,0.6507657,CC1(C)CCC(NC(=O)C2CCN(c3ccc(F)cc3F)C(=O)O2)CC1,1,0.5603796,0.5604,0.8860046,0.8860,0.9999955,366.4080,23
35.9451,36.5047,46.4503,0.6912921,Cc1c(C(=O)N2CCN(CC(O)c3ccc(Br)cc3)CC2)oc2ccc(F)cc12,1,0.6745513,0.6746,0.6350900,0.6351,0.9723892,461.3310,23
28.5987,29.5019,18.5443,0.4003850,Cc1cc(C(=O)COc2ccc(F)cc2Br)c(C)n1-c1ccc(F)cc1,1,0.3263792,0.3264,0.5182038,0.5182,0.9993546,420.2530,23
39.1210,38.0053,-6.8013,0.2600331,O=C(O)C1=C(SC2CCCC2)CC2N(OS(=O)(=O)O)C(=O)N12,1,0.1611417,0.1611,0.7078090,0.7078,0.9999990,350.3740,23
31.8101,33.6041,-6.8207,0.2231950,CCOC(=O)CN(C)C(C)c1ccc(-c2noc(C)n2)cc1,1,0.1267473,0.1267,0.7640780,0.7641,0.9999993,303.3620,23
27.8861,27.8348,-13.5561,0.1189888,CS(=O)(=O)Nc1cncc(NC(=O)CCl)c1,1,0.0512980,0.0513,0.7801627,0.7802,0.9999717,263.7060,23
34.3328,38.9612,-1.0246,0.3161379,Cc1cc(CN2CCN(Cc3ccc(CN=C(N(C)C)N(C)C)cc3F)CC2)no1,1,0.2310698,0.2311,0.5325758,0.5326,0.9995412,416.5450,23
43.1049,52.3120,-38.5615,0.1145872,Cc1ccc(-n2c(N3CCOCC3)cc(C(=O)NC(c3ccccc3)c3ncc(-c4ccccc4)[nH]3)c2C)c(Cl)c1,1,0.1632259,0.1632,0.2363270,0.2363,0.0022637,566.1050,23
24.5450,26.0971,50.2390,0.6361346,Cc1cccc(C)c1NC(=O)COC(=O)CC1Sc2ccccc2NC1=O,1,0.5640275,0.5640,0.7730354,0.7730,0.9999761,384.4570,23
50.0824,56.6823,12.2023,0.5740376,Cc1ccccc1CN1C2(CN(C(=O)C3CCN(C)CC3)C2)C(C(=O)Nc2cccc(F)c2)CS1(=O)=O,1,0.7554340,0.7554,0.6441697,0.6442,0.0666849,528.6500,23
35.1308,38.2986,-20.4737,0.1485410,Cc1ccc(CN2CC(C(=O)N3CCN(C(C)C(=O)NC4CC4)C3)CC2=O)cc1,1,0.0704483,0.0704,0.7792964,0.7793,0.9999129,398.5070,23
28.8671,28.9866,12.4363,0.3451905,CC(C)(C)c1ccc(C=NCC(O)c2ccc(F)cc2)cc1,1,0.2300014,0.2300,0.8399194,0.8399,0.9999989,299.3890,23
48.2993,54.6600,-39.7851,0.1239569,CC1(C)CC(NC(=O)Nc2cc(Cl)ccc2N2CCN(C(=O)CCc3ccccc3F)CC2)c2ccccc2N1,1,0.1613151,0.1613,0.3327994,0.3328,0.0027203,564.1050,23
31.5213,34.8196,30.2011,0.5418395,CCN(c1ccccc1C)S(=O)(=O)c1ccc(O)c(NC(=O)c2ccccc2)c1,1,0.4827938,0.4828,0.5973715,0.5974,0.9997371,410.4950,23
37.7640,43.4431,18.6008,0.5170325,O=c1c(NS(=O)(=O)c2cccnc2)c(Cl)cnn1-c1cccc(S(=O)(=O)N2CCCCC2)c1,1,0.5564505,0.5565,0.5386712,0.5387,0.2848034,509.9970,23
43.7068,47.1902,-15.7996,0.2615882,O=C(c1cccs1)C(Nc1ccc(F)cc1)C(CS(=O)(=O)c1ccccc1)[N+](=O)[O-],1,0.2071400,0.2071,0.3041232,0.3041,0.9913679,448.4970,23
31.7187,38.5540,-36.5020,0.0171000,COC(=O)c1ccccc1Nc1ccc(C(=O)NC2CCC(=O)NC2)cc1N,1,0.0037284,0.0037,0.4620177,0.4620,0.9999802,382.4200,23
41.2091,48.4296,11.9363,0.5030496,CCc1nnc(S(=O)(=O)Nc2cnn(-c3ccccc3F)c(=O)c2Oc2ccccc2F)o1,1,0.4831360,0.4831,0.4318266,0.4318,0.9057406,475.4330,23
46.1819,52.6298,9.5487,0.5181538,COc1ccc(NC2C(C(=O)N3CSC4CS(=O)(=O)CC43)c3ccccc3C(=O)N2C2CC2)cc1,1,0.5467632,0.5468,0.6564679,0.6565,0.2215974,513.6410,23
32.8324,32.5336,-9.7077,0.1902162,COc1ccc2c(c1)Cc1cc(C(C)=O)c3ccccc3c1-2,1,0.1136669,0.1137,0.5029439,0.5029,0.9999971,288.3460,23
50.3523,56.3453,-56.3453,0.0000000,C1(NC(=O)C(N2CCN(Cc3ccc(c(c3)Cl)OC)CC2)=N1C#N)c1c(C)ccs1,0,0.0000000,0.0000,0.0000000,0.0000,0.0000000,0.0000,23
54.2078,60.2405,-45.4529,0.1232300,O=C(Oc1ccc(OCC=NN=C2SCC(=O)N2c2cccc(Cl)c2)c(F)c1)N1CCN(S(=O)(=O)c2ccccc2)CC1,1,0.5039374,0.5039,0.2615279,0.2615,0.0000014,646.1220,23
30.8265,35.6890,-12.4523,0.1936393,Cn1nc(-c2cccc(NC(=O)c3cccc(OCc4ccccc4Cl)c3)c2)ccc1=O,1,0.1200057,0.1200,0.4562947,0.4563,0.9931880,445.9060,23
49.9861,49.2657,-49.2656,0.0000013,CC(C)(C)c1cc(C#Cc2cc(B3OC(C)(C)C(C)(C)O3)ccc2C(N)=O)c(NS(C)(=O)=O)c(C(C)(C)C)c1,1,0.0000000,0.0000,0.4306321,0.4306,0.0078476,552.5460,23
27.8284,28.8422,54.9973,0.6986630,Cc1cc(N(C)C)nc(NCCNC(=O)C2CC2c2ccc(F)cc2)n1,1,0.6518369,0.6518,0.7444801,0.7445,0.9999980,357.4330,23
29.7986,31.7835,37.0899,0.5739453,CC1CC(C)CN(C(=O)CSc2nnc(Nc3ccc(-n4cccc4)cc3)s2)C1,1,0.5288446,0.5288,0.5794022,0.5794,0.9987311,427.5990,23
32.9380,35.5005,25.1224,0.5051905,Nc1c(Nc2ccc(C(=O)Nc3ccc(Cl)cc3Cl)cc2)ncnc1Nc1ccccc1Cl,1,0.6298402,0.6298,0.2335526,0.2336,0.5048583,499.7890,23
29.7518,32.5501,-4.7887,0.2313453,Cc1cccc(CN2CCN(c3nc(-c4cccs4)nc4sccc34)CC2)c1,1,0.1528533,0.1529,0.4746584,0.4747,0.9998167,406.5800,23
38.9350,45.1376,22.7512,0.5657400,O=C(ONc1cccc(Oc2cccc(F)c2)c1)N(Cc1ccco1)c1ccccc1,1,0.5968875,0.5969,0.3528411,0.3528,0.9994546,418.4240,23
34.1670,38.4966,-19.3652,0.1594284,Cc1ccc(CNc2ccc(NC(=S)Nc3cccc(C(=O)NC(C)(C)C)c3)cc2)cc1,1,0.0978460,0.0978,0.3527862,0.3528,0.9927284,446.6200,23
46.9460,59.3126,-59.3126,0.0000000,c12ccccc2n2C[C@H](C(N([C@@H](C(=O)NCc3ccccc3OC)c3ccc(Cl)cc3)=O)c2cc1=O)NC(=O)OC(C)(C)C,0,0.0000000,0.0000,0.0000000,0.0000,0.0000000,0.0000,23
40.1155,38.4930,26.9908,0.5456977,N#Cc1cccnc1N1CCN(C(=O)CNc2cc3c4c(c2)CCC(=O)N4CCC3)CC1,1,0.4492297,0.4492,0.7970429,0.7970,0.9983413,430.5120,23
26.1113,25.4275,-15.4477,0.0831648,O=Cc1ccncc1N1CCNC(=O)C1,1,0.0319995,0.0320,0.6808210,0.6808,0.9938533,205.2170,23
35.1677,35.1239,9.2467,0.3697548,c1cc(-c2ccc3c(c2)oc2ccccc23)cc(-c2ccccc2-c2ccc(-n3c4ccccc4c4ccccc43)cc2)c1,1,0.8505370,0.8505,0.2089593,0.2090,0.0033975,561.6840,23
31.6192,33.7555,30.8588,0.5384523,COc1cccc(C2c3c(oc4cc(C)c(C)cc4c3=O)C(=O)N2Cc2cccnc2)c1,1,0.5098980,0.5099,0.4784022,0.4784,0.9988561,426.4720,23
38.2703,39.1104,39.1710,0.6523454,O=S(=O)(c1ccc(F)cc1)N1CCC(n2nc(C(F)(F)F)c3cccnc32)C(O)C1,1,0.6210210,0.6210,0.6277834,0.6278,0.9940596,444.4100,23
38.7168,41.9210,10.7186,0.4386634,COc1ccc(C(F)(F)F)cc1NC1c2ccccc2CC12C(=O)Nc1ccccc12,1,0.3567957,0.3568,0.5989547,0.5990,0.9990528,424.4220,23
53.3220,53.7178,30.5276,0.7020451,Cc1cc(C(=O)O)cnc1N1CC(c2ccccc2F)N(c2cc(N(C)C)ncn2)C1,1,0.6760853,0.6761,0.6714161,0.6714,0.9992089,422.4640,24
34.5445,34.4037,-24.1362,0.0855623,COc1cc(C2CC2NS(=O)O)ccc1O,1,0.0331864,0.0332,0.6888020,0.6888,0.9998144,243.2840,24
33.4940,37.2410,49.5692,0.7234185,COc1ccc(CN2C(=O)N(Cc3ccccc3C)c3ccccc3S2(=O)=O)c(C)c1,1,0.7344998,0.7345,0.5842578,0.5843,0.9971156,436.5330,24
30.7305,36.7510,13.5879,0.4194907,NC(=NO)c1ccc(N(Cc2ccccc2Cl)c2ncccn2)cc1,1,0.4015111,0.4015,0.3167165,0.3167,0.9999986,353.8130,24
43.9969,57.6551,-27.0385,0.2551383,Cc1cccc(C(=O)Nc2ccc(N(C(C(=O)NC3CCCC3)c3cccc(O)c3)S(=O)(=O)N(C)C)cc2F)c1,1,0.4730413,0.4730,0.3511866,0.3512,0.0017881,568.6710,24
63.1075,76.2287,-76.2287,0.0000002,CCOc1ccc(NC(=O)N(Cc2ccccc2C(=O)Oc2ccc(CCc3ccc(Cl)cc3)cc2)N2N=C(N(C)Cc3ccccc3)CC2=O)cc1,1,0.0000000,0.0000,0.0965293,0.0965,0.0000000,730.2650,24
46.6738,52.1598,-30.2779,0.1823496,COc1ccc(C(=C2C(=O)C(=O)N(Cc3ccccc3Cl)C23C(=O)Nc2ccccc23)N(C)C)cc1O,1,0.1489652,0.1490,0.3945298,0.3945,0.1604336,517.9690,24
30.5899,32.8348,-11.8782,0.1746385,Cc1cccc(NC(=O)C(=O)NN=Cc2ccc(OCc3c(C)noc3C)cc2)c1,1,0.1097232,0.1097,0.3712741,0.3713,0.9998190,406.4420,24
45.0638,52.5863,-9.2480,0.3611526,Cc1cccc(N2CC(C3c4cc(Cl)ccc4ON3Cc3cccc(F)c3)C(=O)O2)c1,1,0.2759773,0.2760,0.5574113,0.5574,0.9964200,438.8860,24
33.1457,34.5858,22.3033,0.4740758,Cn1cc(C(=O)N2CCN(C(CCc3ccccc3)c3ccc(F)cc3)CC2)cn1,1,0.3934260,0.3934,0.6269853,0.6270,0.9998180,406.5050,24
74.4869,85.9294,-85.9294,0.0000000,OS(=O)(=O)C(C(OCCCCCCCCCC[N+](C)(C)C(COCCCn1cc(CN2C(=O)C(N2)N)nn1)O)O)(=O)O,0,0.0000000,0.0000,0.0000000,0.0000,0.0000000,0.0000,24
36.2887,38.2508,40.5574,0.6567348,CC(C(=O)Nc1ccccc1Cl)N(C)C(=O)c1nnn2c1COC(c1ccccc1)C2,1,0.6183454,0.6183,0.6584100,0.6584,0.9960698,439.9030,24
27.5299,28.6147,4.8663,0.2790086,CCOc1ccc(N2C(=O)C(=O)C(=C(O)c3ccccc3)C2c2ccc(C(C)(C)C)cc2)cc1,1,0.2303354,0.2303,0.2906814,0.2907,0.9835950,455.5540,24
38.0660,50.7357,-26.3942,0.2028457,COc1ccc(N2CCC(N)(NC(=O)Nc3cccc(N4CCC(N5CCCC5)C4)c3)C2)cc1,1,0.1208721,0.1209,0.5700007,0.5700,0.9630012,464.6140,24
33.8830,36.7489,-25.3775,0.0947612,C[N+](C)(CC(=O)ON1C(=O)CCC1=O)OC(=O)NCC(=O)O,1,0.0470276,0.0470,0.3387796,0.3388,0.9999998,318.2620,24
39.1111,41.1429,17.2202,0.4863594,Cc1c(C=NO)cccc1N1CCN(Cc2ccc3c(N)nccc3c2)CC1,1,0.4588832,0.4589,0.4157491,0.4157,0.9999896,375.4760,24
32.9587,33.6279,30.0687,0.5308054,CC(Sc1nnc(CC2CC2)n1C1CCCCC1)C(=O)Nc1ccccc1C#N,1,0.4539498,0.4539,0.6686548,0.6687,0.9997588,409.5590,24
34.5406,36.6630,25.0093,0.5139353,CC(=O)Nc1cc(C(=O)OCc2nc3c(sc(=O)n3-c3ccccc3)c(=O)[nH]2)ccc1Cl,1,0.4957977,0.4958,0.4318826,0.4319,0.9358818,470.8940,24
28.9671,33.9324,6.3585,0.3357572,Cc1ccc(C2C3CCCN3C23C(=O)Nc2ccccc23)cc1,1,0.2184709,0.2185,0.8754857,0.8755,0.9999993,304.3930,24
27.8349,29.5892,36.5205,0.5509140,COc1cc([N+](=O)[O-])ccc1NC(=O)Nc1cc(C(C)(C)C)[nH]n1,1,0.4972806,0.4973,0.5852129,0.5852,0.9999998,333.3480,24
24.5925,26.2302,25.8869,0.4343095,Cc1ccc(S(=O)(=O)N2CCN(Cc3ccncc3)CC2)cc1[N+](=O)[O-],1,0.3544044,0.3544,0.5831129,0.5831,0.9999886,376.4380,24
29.0030,33.6992,-10.7225,0.1914728,CN1CCN(c2nccnc2C2CCN(C(=O)Nc3cccc(F)c3)C2)CC1,1,0.0977794,0.0978,0.8803895,0.8804,0.9999761,384.4590,24
29.7887,26.8278,27.3660,0.4516151,Cc1nc2c(C(=O)O)cccc2n1CC1CCCO1,1,0.3291117,0.3291,0.9186481,0.9186,0.9999613,260.2930,24
40.8374,47.6688,-47.6685,0.0000022,O=C(Nc1cn2c3ccc(c2n1)NC(=O)C3c1ccc(F)cc1)c1ccc(F)cc1,1,0.0000000,0.0000,0.5430197,0.5430,0.9998504,404.3760,24
45.5821,46.0922,2.4152,0.4042281,Cc1ccc(OCC(=O)O)c(S(=O)(=O)NC2CCN(C(=O)c3c(Cl)sc(Cl)c3Cl)CC2)c1,1,0.5669296,0.5669,0.5464714,0.5465,0.0207217,541.8620,24
43.0468,46.1463,17.6389,0.5315438,O=C(Nc1ccnc(-c2cc3c(O)cccc3[nH]2)c1)C1(O)c2ccccc2-c2ccccc21,1,0.5572747,0.5573,0.3287952,0.3288,0.9978236,433.4670,24
33.3412,39.1443,-1.1432,0.3166759,O=C(NCc1cccs1)NCC(Cc1ccc(Cl)cc1)N1Cc2ccccc2C1=O,1,0.2272670,0.2273,0.5702405,0.5702,0.9960464,439.9680,24
35.3552,35.3446,23.4911,0.4902976,NS(=O)(=O)c1cc(CNc2cccc(N3CCOCC3)c2)ccc1Cl,1,0.3809356,0.3809,0.8304670,0.8305,0.9999812,381.8850,24
32.5208,35.6377,10.6054,0.3853597,COc1ccc(N(Cc2ccc(F)cc2)C(c2ccc(F)cc2)c2nnnn2CCc2ccccc2)cc1,1,0.4732599,0.4733,0.2302784,0.2303,0.2561287,511.5760,24
33.7646,38.7520,-1.4097,0.3111857,COc1cc(C(=O)NCC(=O)NCCC2(C)N=N2)ccc1OCc1ccncc1,1,0.2146296,0.2146,0.6370909,0.6371,0.9999210,397.4350,24
21.6898,21.4393,-21.4390,0.0000024,CC1(C)OB(c2ccc(-c3ccncc3)cc2)OC1(C)C,1,0.0000000,0.0000,0.7927604,0.7928,0.9999943,281.1640,24
54.0757,58.2694,6.5603,0.5402470,NC(=O)C(Cc1ccccc1)NC(=O)c1ccc(-c2cn3c(n2)NC2c4ccccc4CCC2(O)C3=O)cc1,1,0.7861171,0.7861,0.3077436,0.3077,0.1205409,521.5770,24
34.0699,37.5985,33.3166,0.5909588,O=C(O)NC(=NCc1cccc(NC(=O)c2ccco2)c1)Nc1ccccc1,1,0.6135626,0.6136,0.3983665,0.3984,0.9999864,378.3880,24
31.6435,33.4458,15.5986,0.4087035,COc1ccc2nc(NC(=O)c3ccc(CSCc4ccc(Cl)c(Cl)c4)cc3)sc2c1,1,0.4128688,0.4129,0.2960662,0.2961,0.7254747,489.4490,24
24.6222,25.0025,-13.5789,0.0951969,COc1ccc(NC(=O)COC(=O)CSc2ccc(F)cc2)cc1,1,0.0399294,0.0399,0.6145921,0.6146,0.9999990,349.3830,24
34.5921,35.0218,-28.0217,0.0583344,O=C(Nc1ccccc1C(F)(F)F)NC1CC2C3C=CC2C1C3,1,0.0184428,0.0184,0.7929190,0.7929,0.9999999,322.3300,24
40.1356,42.0806,-25.3130,0.1397301,CN1CCC(=O)N(C2c3cnccc3CN2C2CC2)C1=O,1,0.0635545,0.0636,0.8230723,0.8231,0.9999965,286.3350,24
42.2082,44.0554,-32.7974,0.0938170,CC(C)Cn1nnnc1CSc1nc2cccnc2n1Cc1ccc(-c2ccccc2C(=O)O)cc1,1,0.0534501,0.0535,0.2884969,0.2885,0.5092092,499.6000,24
38.4053,43.8515,-32.2887,0.0963570,CC(C)(C#N)ON(N=C(N)c1cccs1)C(=O)O,1,0.0433728,0.0434,0.4888324,0.4888,0.9999815,268.2980,24
36.1214,43.0090,32.2379,0.6270577,O=C(Nc1ccnc(N2Cc3ccccc3C2)n1)N(Cc1ccco1)Cc1ccccc1Cl,1,0.6632425,0.6632,0.4130861,0.4131,0.9756349,459.9370,24
41.2029,47.8762,-27.4257,0.1704210,Cc1cc(C2NC(Nc3nc4c(s3)CCCC4)C(=O)NC2=O)c2ccccc2n1,1,0.0933780,0.0934,0.5778340,0.5778,0.9998005,407.4990,24
40.1481,44.5550,18.0175,0.5214380,Cc1ccc(-n2c(Sc3cc(NC4CCS(=O)(=O)C4)ncn3)cnc2N2CCCC2)cc1,1,0.4726098,0.4726,0.5486571,0.5487,0.9373580,470.6240,24
45.4495,42.6143,6.8643,0.4123220,O=C(NCCC#Cc1ccc(N2CCCCC2=O)cc1)NS(=O)(=O)c1cccc([N+](=O)[O-])c1,1,0.4062690,0.4063,0.2878963,0.2879,0.9379879,470.5070,24
32.1639,33.5961,33.8460,0.5620178,Cc1ccc(NC(=O)C(c2ccccc2)N(Cc2ccc(F)cc2)C(=O)c2cccc(C)c2)cc1,1,0.6015958,0.6016,0.3395766,0.3396,0.9560730,466.5560,24
38.2110,45.6376,14.8278,0.5038786,Cc1c(NC(=O)c2c(NC(=O)c3ccc(N4CCCC4=O)o3)cnn2C)cnn1Cc1cccc(Cl)c1,1,0.6730061,0.6730,0.3800450,0.3800,0.1168036,521.9650,24
26.2807,28.3786,-1.9492,0.2202449,COc1ccc(C(NCC(=O)Nc2ccccc2C(F)(F)F)c2ccccc2)cc1,1,0.1352209,0.1352,0.5701085,0.5701,0.9996225,414.4270,24
38.0432,41.2390,37.5009,0.6561660,CN1Cc2cc3c(c(C(O)Nc4ccc(S(N)(=O)=O)cc4)c2C1)OCO3,1,0.6105440,0.6105,0.6840095,0.6840,0.9999875,377.4220,24
39.6623,53.1785,-53.1785,0.0000000,c1(cc(COC)nc(NC(=O)Nc2ccc(F)cc2)n1-c1ccccc1C)NCC,0,0.0000000,0.0000,0.0000000,0.0000,0.0000000,0.0000,24
40.4415,50.1548,-0.5523,0.4133535,COc1ccccc1CN(C)c1nc(CN2CCC(C)CC2)nc2sc(C(=O)Nc3cc(C)ccc3C)cc12,1,0.7289400,0.7289,0.2759047,0.2759,0.0174927,543.7370,24
38.2254,46.8073,8.7252,0.4627710,COc1ccccc1NC(=O)C1Sc2c(cc(-c3cccs3)n2NC(=O)c2cccnc2)C1=O,1,0.4573325,0.4573,0.3909063,0.3909,0.7045173,490.5660,24
34.7161,37.0218,32.8603,0.5823511,COc1ccc(C(=O)Nc2cccc(C(C)=NNc3ccc(C(=O)O)cc3[N+](=O)[O-])c2)cc1,1,0.6770988,0.6771,0.2633384,0.2633,0.9914167,448.4350,24
35.9807,40.3669,27.5033,0.5655844,CC(C)(C)N(NC(=O)c1ccc(C(F)(F)F)cc1)C(=O)c1ccc(CCNC(N)=O)cc1,1,0.5115824,0.5116,0.6074862,0.6075,0.9896740,450.4610,24
36.4531,49.1031,-28.6174,0.1707139,O=C1C(=Cc2ccc(OCc3cccc([N+](=O)[O-])c3)cc2)N(c2cccc(C(F)(F)F)c2)C(=O)N1c1ccccc1Cl,1,0.5411853,0.5412,0.0940935,0.0941,0.0001746,593.9450,24
40.0327,38.6335,36.2730,0.6242210,COCCNS(=O)(=O)c1cc(NC(=O)C2=Cc3ccc(C)cc3OC2)ccc1O,1,0.6335370,0.6335,0.4683914,0.4684,0.9994522,418.4710,24
32.7869,34.5665,3.2248,0.3149279,COc1cc(C)c(CN(C)C(=O)Nc2ccc(Oc3ccc(Cl)cc3)cc2)cc1OC,1,0.2368254,0.2368,0.4802817,0.4803,0.9956828,440.9270,24
25.5828,24.8970,-16.1998,0.0724769,Cn1cc(CN=O)c(=O)n(C)c1=O,1,0.0277943,0.0278,0.5716789,0.5717,0.9549891,183.1670,24
50.4855,55.1400,-17.8033,0.3111397,Cc1ccccc1CN(C)C1CC2(CCc3c(F)cccc31)CN(C(=O)c1n[nH]nc1C)C2,1,0.2135314,0.2135,0.6507107,0.6507,0.9920774,447.5580,24
36.5679,43.0350,31.0570,0.6174334,O=C(Nc1ccccc1)NN(CCC(=O)c1ccc(F)cc1)C(=O)C=Cc1ccc([N+](=O)[O-])cc1,1,0.7930943,0.7931,0.2132265,0.2132,0.8973155,476.4640,24
34.7289,44.2921,19.4607,0.5312737,O=C(CN1NC(Cn2cnnc2)(C(F)(F)F)NC1=O)Nc1ccccc1-c1ccccc1,1,0.4834154,0.4834,0.5406141,0.5406,0.9934933,445.4050,24
64.9902,68.5357,-53.5516,0.1248677,Cc1nnc2ccc(NC3CC=C(F)C4(NS(=O)(=O)c5ccc(Cl)cc5)C=CCN(C3)C4)cn12,1,0.0695866,0.0696,0.5200276,0.5200,0.4312910,503.0030,24
35.1051,40.6566,-4.8640,0.2982714,CCOc1ccc(NC(=O)C(C)NC(C(=O)N2CCc3ccccc3C2)c2ccccc2)cc1,1,0.2137203,0.2137,0.5283443,0.5283,0.9803065,457.5740,24
28.5707,28.8535,-15.3884,0.1122091,O=c1cc(CN2CCOc3ccccc32)nc2ccc(Cl)cn12,1,0.0481561,0.0482,0.7258694,0.7259,0.9999999,327.7710,24
25.3256,28.6967,-13.3296,0.1280599,Cc1cccc(Nc2nccc(Nc3ccc(F)cc3)n2)c1Cl,1,0.0587165,0.0587,0.7021101,0.7021,0.9999999,328.7780,24
29.4846,31.7874,50.1837,0.6830928,O=C(O)c1cccc(CN2CCN(c3ccc(-c4ncccn4)cc3)CC2)c1,1,0.6323239,0.6323,0.7397963,0.7398,0.9999905,374.4440,24
39.3760,48.3906,12.0942,0.5040399,COc1cccc(NC(=O)SCc2nc(Nc3ccc(OC)cc3OC)cc(-c3cccnc3)n2)c1,1,0.6038233,0.6038,0.2940625,0.2941,0.4182163,503.5840,25
25.3052,27.4845,-10.4964,0.1415676,Cc1ccc(NC(=O)CN2C(=O)NC(=Cc3cccs3)C2=O)cc1,1,0.0688900,0.0689,0.6626306,0.6626,0.9999995,341.3920,25
33.6918,36.7524,-22.4460,0.1192200,CC1CC(C(=O)Nc2nc(-c3ccc(N4CCCC4)c(F)c3)cs2)CCN1,1,0.0504570,0.0505,0.8346976,0.8347,0.9999653,388.5120,25
30.2222,35.6519,-13.8889,0.1813578,CN1C(=O)NC(Nc2cccc(Cl)c2)(c2ccc(F)cc2)C1=O,1,0.0914284,0.0914,0.8489796,0.8490,0.9999998,333.7500,25
36.0004,40.4226,-17.4431,0.1914962,COC(=O)C1=C(C)N=c2sc(=Cc3ccc(O)c(OC)c3)c(Nc3ccc(OC)cc3)c2C1,1,0.1129717,0.1130,0.5414284,0.5414,0.9632335,464.5430,25
31.8698,41.9696,-19.5207,0.1870738,CC(=O)NC(Cc1c[nH]c2ccccc12)C(=O)N(Cc1cccc(Cl)c1)C(C)C(=O)NCC(C)C,1,0.1289586,0.1290,0.3948267,0.3948,0.5677601,497.0390,25
30.3942,31.1640,19.0489,0.4184405,O=C(CSc1nnc(Cn2cncn2)[nH]1)Nc1ccc(S(=O)(=O)N2CCOCC2)cc1,1,0.3647771,0.3648,0.4458604,0.4459,0.9632662,464.5330,25
30.0114,35.1558,-17.8351,0.1443396,NC(=O)c1ccc(Nc2nc3ccc(NS(=O)(=O)c4ccccc4Cl)cc3s2)cc1,1,0.0826385,0.0826,0.3905580,0.3906,0.9777009,458.9520,25
35.6443,42.2208,39.7933,0.6834510,O=C(OC1CCS(=O)(=O)C1)C1=CN2CCN(c3ccc(F)cc3)C2S1,1,0.6345396,0.6345,0.7327177,0.7327,0.9999761,384.4540,25
33.9713,38.2510,21.0259,0.4939744,Nc1nccc(Sc2nnc(Nc3ccc(Br)cc3F)s2)c1[N+](=O)[O-],1,0.4606790,0.4607,0.4444208,0.4444,0.9946422,443.2830,25
43.7935,49.6878,-49.6878,0.0000003,Cc1ccccc1CN(C(=O)CN(c1ccccc1C(=O)NC1CCCCC1)S(=O)(=O)c1ccccc1)C(Cc1ccccc1)c1ccc(Cl)cc1,1,0.0000000,0.0000,0.1310030,0.1310,0.0000000,734.3620,25
34.5299,37.8943,45.5347,0.6952422,Cc1ccc(C)c(OCCNC(=O)c2csc(-c3csc(C(=O)O)c3)n2)c1,1,0.6939881,0.6940,0.5834127,0.5834,0.9998742,402.4970,25
29.8698,33.7094,32.1421,0.5487621,Cc1nc(Nc2ccc(NC(=O)C3CNc4ccccc4O3)cc2)cc(N(C)C)n1,1,0.4909551,0.4910,0.6002151,0.6002,0.9998490,404.4740,25
30.9072,36.5729,9.6697,0.3853556,CS(=O)(=O)N(Cc1ccc(F)cc1)c1ccc(C(=O)C(C#N)=CNc2ccccc2)cc1,1,0.3580725,0.3581,0.3107957,0.3108,0.9905344,449.5070,25
29.8912,34.2931,8.3742,0.3555612,O=C(O)C(C(O)Nc1ccc(Oc2ccccc2)cc1)=P(c1ccccc1)(c1ccccc1)c1ccccc1,1,0.5895134,0.5895,0.1732902,0.1733,0.0434650,533.5640,25
32.5786,34.7702,-18.5168,0.1354455,CN(CC=Cc1ccc(O)c(N2CCCCC2)c1)c1ccccc1,1,0.0597209,0.0597,0.8757527,0.8758,0.9999999,322.4520,25
42.2097,45.3274,-45.3272,0.0000024,COc1ccccc1C=c1sc2c3c1CC1CC(CC3C1)N=2,1,0.0000000,0.0000,0.8354465,0.8354,0.9999996,309.4340,25
27.5147,34.2610,46.8981,0.6763256,O=C(Nc1ccccc1F)N1CCN(c2nccc(N3CCN(c4ccccc4F)CC3)n2)CC1,1,0.6694686,0.6695,0.6186149,0.6186,0.8681725,479.5350,25
37.0000,43.2920,-35.2361,0.0671321,COc1ccccc1CN1C(=O)c2ccccc2NC12CC2C(=O)Nc1ccc(C(F)(F)F)cc1,1,0.0259036,0.0259,0.5298044,0.5298,0.8463567,481.4740,25
25.5912,23.6605,-14.9534,0.0725586,O=[N+]([O-])c1ccc2ncnc(Cl)c2c1,1,0.0304267,0.0304,0.4101522,0.4102,0.9958835,209.5920,25
32.4660,46.8203,1.6273,0.4037302,Cc1ccccc1N1NC(c2ccc(Oc3ccc(-c4ccccc4)cc3[N+](=O)[O-])cc2)CC1=O,1,0.4023019,0.4023,0.2650938,0.2651,0.9599494,465.5090,25
44.2572,52.2231,-17.9609,0.2855180,COc1cccc(C(=O)COC(=O)c2ccc(C3OC(=Cc4cccc(O)c4)c4cc(OC)ccc43)cc2)c1,1,0.3510105,0.3510,0.2219408,0.2219,0.1113321,522.5530,25
25.6536,25.0886,-17.9521,0.0594708,CCC(Cl)CNc1ccncc1C,1,0.0192700,0.0193,0.7531277,0.7531,0.9888507,198.6970,25
29.8848,34.3745,-13.3923,0.1748520,COc1cc(O)c(C=NOCc2cccc([N+](=O)[O-])c2)c(OC)c1,1,0.1024494,0.1024,0.4748659,0.4749,0.9999998,332.3120,25
35.0914,47.5176,4.5302,0.4337324,COc1ccc(C(=O)NC(C)=NN(CC(=O)Nc2cc(C)ccc2OC)NC(=O)c2ccccc2)cc1,1,0.5200070,0.5200,0.2339297,0.2339,0.4187772,503.5590,25
24.8258,32.7645,29.2621,0.5168889,COc1ccccc1C=C(NC(=O)c1ccccc1)NC(=O)c1ccc(Br)cc1,1,0.4569709,0.4570,0.5751942,0.5752,0.9888333,451.3200,25
30.8555,36.1380,-8.1435,0.2332876,Cc1ccc(N(CC(=O)N2CCc3ccccc32)C2CCS(=O)(=O)C2)c(Cl)c1,1,0.1350068,0.1350,0.7644297,0.7644,0.9994277,418.9460,25
29.1112,30.4061,-23.2933,0.0592735,CC(CCc1cncnc1)Nc1ccccc1,1,0.0184804,0.0185,0.8530698,0.8531,0.9991924,227.3110,25
28.7404,35.8201,-2.0738,0.2812195,COc1cc(N(Cc2ccccc2N2CCOCC2)S(C)(=O)=O)ccc1N(C)C,1,0.1817443,0.1817,0.6874576,0.6875,0.9993952,419.5470,25
56.5567,56.2897,16.0593,0.6029090,C=C(CC(=O)O)n1cc(-c2cccc(-n3nc(O)[nH]c3=S)c2)cn1,1,0.5579423,0.5579,0.6140394,0.6140,0.9999995,343.3680,25
39.3301,47.4031,28.5052,0.6325689,COc1ccccc1CN1CC(NC(=O)N2CCN(C(=O)N(C)C)CC2)CC1c1ccccc1OC,1,0.6279329,0.6279,0.6667722,0.6668,0.5994191,495.6240,25
38.4799,55.9710,-41.4917,0.1206611,CC1CCN(C2(c3ccc(Oc4ccccc4)cc3)NC(=O)N(NC(=O)CN(C)Cc3ccc4c(c3)OCO4)C2=O)CC1,1,0.2007005,0.2007,0.3649452,0.3649,0.0003744,585.6610,25
27.7604,30.7203,49.2749,0.6666271,O=C(CN1CCN(c2ccc(F)cc2)CC1)N1CCN(C(=O)Nc2cccc(F)c2)CC1,1,0.6000042,0.6000,0.7889779,0.7890,0.9945356,443.4980,25
36.7756,41.1383,31.8270,0.6080441,Cc1cc(S(N)(=O)=O)ccc1NC(=O)NC(c1ccccc1)C1CC=CC1,1,0.5469356,0.5469,0.6869171,0.6869,0.9999737,385.4890,25
37.3195,44.9982,7.8753,0.4406123,O=C(c1ccco1)N(Cc1ccccn1)CC1CCN(c2cccc(-c3ccc(F)cc3)n2)CC1,1,0.4189798,0.4190,0.3602130,0.3602,0.9377677,470.5480,25
32.9758,39.7471,-27.8174,0.0994135,CC(Sc1ccc([N+](=O)[O-])cc1)C(=O)NN=Cc1ccc(OC(=O)OC(C)(C)C)cc1,1,0.0618208,0.0618,0.1658386,0.1658,0.9934382,445.4970,25
46.1315,51.1987,-46.0958,0.0425238,O=CC1(c2ccc3c(c2)OC(F)(Cl)O3)N=NN1CNc1ccccc1,1,0.0124183,0.0124,0.6515333,0.6515,0.9999968,362.7480,25
27.3677,30.5003,-22.5651,0.0661270,COC(=O)c1cc2ccccc2oc1=NNC(=O)c1ccccc1,1,0.0239685,0.0240,0.5931330,0.5931,0.9999999,322.3200,25
59.4084,59.2848,-59.2848,0.0000000,c1ccc2c(c3c(o2)c2c4c(ccc(c4)-c4ccc(cc4)N(c4ccccc4F)c4ccccc4)s2)ccc2nc(n(c2c13)-c1ccccc1)-c1cccs1,0,0.0000000,0.0000,0.0000000,0.0000,0.0000000,0.0000,25
38.6736,42.3619,-33.8363,0.0710466,COc1ccc(C(=O)Nc2ccccc2C(=O)N2CCN(c3ccc(NC(=O)Nc4ccc(Cl)cc4Cl)cc3)CC2)cc1,1,0.1698769,0.1699,0.2101149,0.2101,0.0000182,618.5210,25
33.8754,39.8643,-31.9514,0.0659408,COc1ccc(OCc2c(C(=O)Nc3ccc(CSc4ccccc4)cc3)oc3ccccc23)c([N+](=O)[O-])c1,1,0.0659154,0.0659,0.1112651,0.1113,0.0232229,540.5970,25
31.9863,32.9305,19.3581,0.4357377,Nc1c(N2CC3CCC(N)C3C2)oc2ccccc12,1,0.3228704,0.3229,0.8213689,0.8214,0.9999491,257.3370,25
35.1790,36.2016,-22.4742,0.1143956,CCc1ccccc1N(CC)c1nc(Nc2ccc(NC(C)=O)cc2)ncc1N,1,0.0535775,0.0536,0.5503210,0.5503,0.9999583,390.4910,25
44.2760,55.4240,-49.4187,0.0500438,CN1C(=O)NC2N(Cc3cccnc3)S(=O)(=O)CCC21c1ccccc1Cl,1,0.0145436,0.0145,0.8461404,0.8461,0.9998114,406.8950,25
25.3403,27.8970,-8.8930,0.1583664,O=C1NC(=S)N(Cc2ccccc2)C1c1ccccn1,1,0.0746685,0.0747,0.8756564,0.8757,0.9999954,283.3560,25
34.3876,44.8023,-14.9133,0.2490749,O=C(C=Cc1ccccc1Cl)N1CCN(c2cc(N3CCCC3)nc(N3CCN(Cc4ccc(F)cc4)CC3)n2)CC1,1,0.5950237,0.5950,0.3747574,0.3748,0.0002478,590.1470,25
33.0965,34.8689,-19.5662,0.1275227,Cc1cc(N(C)C)ccc1-c1ccc2c(ccc(N(C)C)[n+]2C)c1,1,0.0588987,0.0589,0.6800897,0.6801,0.9999998,320.4600,25
41.4054,43.7254,-34.0804,0.0803746,C1C2NC2ON2C1C1OC1C21CC1,1,0.0332551,0.0333,0.5153868,0.5154,0.9417046,180.2070,25
53.9149,57.1041,-35.1764,0.1827307,CCSP(=O)(SCSC(=O)NC1CS(=O)(=O)CC1N)SC(C)CC,1,0.1147662,0.1148,0.4003720,0.4004,0.9873953,452.6510,25
48.6160,49.0207,1.1170,0.4178140,CCOC(=O)COc1ccc(C(=NNC(N)=O)c2ccccc2)cc1COc1ccc(Cl)c(C)c1,1,0.4643764,0.4644,0.2425189,0.2425,0.5918987,495.9630,25
35.3114,39.9258,-17.5053,0.1868373,NC(=NN(c1ccccc1)C1CC1)c1cccnc1Nc1ccccc1Cl,1,0.1210704,0.1211,0.3687131,0.3687,0.9999869,377.8790,25
39.8288,45.1530,16.3603,0.5126109,CC(C)(NC(=O)c1ccc(C(N)=O)cc1)C1C(=O)NC(=O)C2CCCN21,1,0.4367713,0.4368,0.6427618,0.6428,0.9999979,358.3980,25
45.4883,51.6718,-28.5945,0.1923108,COc1ccc(C2CC(=O)C3=C(C2)N([O-])C(N)=C(NC(=O)C(c2ccccc2)c2ccccc2)C3c2ccc([N+](=O)[O-])cc2)cc1,1,0.7076962,0.7077,0.1815792,0.1816,0.0000236,615.6660,25
27.2099,27.3407,-14.3770,0.1080305,Cc1cccc(C)c1N(C)c1ncnc(Nc2ccccc2)c1[N+](=O)[O-],1,0.0496733,0.0497,0.5386413,0.5386,0.9999990,349.3940,25
33.0949,34.4065,-12.6394,0.1813933,CSc1ccc(C(=O)Nc2cc([N+](=O)[O-])cnc2-n2ccnc2)cc1,1,0.1111981,0.1112,0.4283166,0.4283,0.9999983,355.3790,25
28.6491,27.4483,24.7990,0.4353948,O=C(C=Cc1ccc(F)cc1)N1CCN(c2ccc(C(F)(F)F)cn2)CC1,1,0.3521042,0.3521,0.6040458,0.6040,0.9999850,379.3570,25
37.0184,45.1690,-45.1690,0.0000000,C=CCOc1ccc(CN2CCO[C@@H](c3nc(cc(C)n3)N)=O)cc2cc1,0,0.0000000,0.0000,0.0000000,0.0000,0.0000000,0.0000,25
39.7663,45.6184,16.1216,0.5145005,Cc1ccccc1C1NCc2c([nH]c3ccccc23)N1Cc1cccc([N+](=O)[O-])c1,1,0.5156075,0.5156,0.3662947,0.3663,0.9999132,398.4660,25
36.9122,40.3164,35.9446,0.6355087,CC(=O)SC1=C(c2cccc(OCc3ccccc3)c2)C(=O)N(c2ccc(C(C)(C)C)cc2)C1=O,1,0.7065658,0.7066,0.3932952,0.3933,0.7901496,485.6050,25
45.1797,51.0345,-19.5997,0.2619566,CC1CN(C(=O)c2ccc(CN3CCCC3CN(C)C)cc2)CCN(c2ccccc2O)S1(=O)=O,1,0.1845200,0.1845,0.6565413,0.6565,0.4846924,500.6650,25
33.8940,38.0983,8.0404,0.3844891,COc1ccc(C=NNC(=O)Nc2cccc(OC(C)C)c2)c(OC)c1O,1,0.3093588,0.3094,0.5102739,0.5103,0.9999914,373.4090,25
37.2406,40.5402,6.4716,0.3917653,COc1nc(NC2(c3ccc(Cl)cc3)CC2)nc(N(C)c2ccc(F)cc2)n1,1,0.2957437,0.2957,0.6560652,0.6561,0.9999013,399.8570,25
32.4941,36.1506,-31.9530,0.0349801,NC(=O)N(c1ccc(Cl)cc1N)c1cccc(Cl)c1F,1,0.0087845,0.0088,0.8243348,0.8243,0.9999997,314.1470,25
28.0179,27.2141,8.2153,0.2952451,CCOc1cc(CCNC(=O)c2c(C)noc2C)ccc1OC,1,0.1833894,0.1834,0.8493820,0.8494,0.9999998,318.3730,25
41.0805,42.2215,-29.8808,0.1028396,O=C(OC1=C2Nc3ccc(Cl)cc3C2c2ccccc2C1)c1ccccc1,1,0.0448788,0.0449,0.6007038,0.6007,0.9999910,373.8390,26
34.2759,37.5593,7.4439,0.3750270,COc1ccc(-c2csc(C(C)NC(=O)N(C)c3ncccn3)n2)cc1,1,0.2680218,0.2680,0.7442492,0.7442,0.9999940,369.4500,26
34.7704,39.6702,39.6631,0.6611107,O=C(COc1ccc(Cl)c(F)c1)Nc1nc(-c2ccc(O)c(O)c2)n[nH]1,1,0.6724411,0.6724,0.5065054,0.5065,0.9999859,378.7470,26
51.8097,61.4893,-11.0393,0.4204160,CS(=O)(=O)N1CC2SCC(O)(c3ccc4ccncc4c3)C(c3cccc(O)c3)N2C1,1,0.3327709,0.3328,0.6240327,0.6240,0.9803012,457.5770,26
27.7867,29.8820,41.8347,0.5976390,COc1ccc(-c2nnc(SC(=O)c3cc(F)cc(F)c3)o2)cc1,1,0.5385339,0.5385,0.6651952,0.6652,0.9999992,348.3300,26
31.0662,33.4750,-16.8221,0.1387743,Cc1cc(NC(=O)Nc2ccc(N3CCN(C(=O)c4cccc(Br)c4)CC3)cc2)no1,1,0.0718788,0.0719,0.5748716,0.5749,0.8086171,484.3540,26
33.3060,32.2687,-26.5536,0.0476255,[C-]#[N+]c1cccc(OC(=O)C=CCl)c1,1,0.0178513,0.0179,0.3231680,0.3232,0.9950659,207.6160,26
32.4316,36.1797,-31.8438,0.0361320,CN(CCC#N)C(=NCc1ccccn1)Sc1ccccc1,1,0.0107310,0.0107,0.4810768,0.4811,0.9999996,310.4260,26
25.2009,27.1694,26.8338,0.4500268,COCCNc1ncnc(Nc2ccccc2Oc2ccccc2)c1N,1,0.3825182,0.3825,0.5332240,0.5332,0.9999989,351.4100,26
40.3182,51.0447,19.2416,0.5857188,Cc1cccc(Oc2ccnc(NCC3CN(c4ccccc4)CCN3c3ccc4c(c3)OCO4)n2)c1,1,0.6608716,0.6609,0.3791777,0.3792,0.6003251,495.5830,26
41.6969,46.3989,-46.3989,0.0000003,COc1ccc(N(CC(=O)N(Cc2ccc(Cl)c(C)c2)C(Cc2ccccc2)C(=O)NCC(C)C)S(=O)(=O)c2ccccc2)c(S(=O)(=O)N(C)C)c1,1,0.0000000,0.0000,0.1589439,0.1589,0.0000000,769.3860,26
37.2295,45.4821,36.8482,0.6860856,O=C1CC(N2CCN(C(=O)c3ccccc3)C(c3ccccc3)C2)c2c1c1ccccc1[nH]c2=O,1,0.7191894,0.7192,0.4901924,0.4902,0.9663778,463.5370,26
31.5153,30.5447,14.5320,0.3756392,CCOC(=O)C(Cc1ccccc1)NC(=O)CSc1nnc(-c2ccccn2)o1,1,0.3159460,0.3159,0.4219665,0.4220,0.9996847,412.4710,26
31.6210,33.4293,-24.0634,0.0780488,Cc1cc(N)c(N(C)Cc2ccc([N+](=O)[O-])cc2)cc1[N+](=O)[O-],1,0.0316292,0.0316,0.5146618,0.5147,0.9999998,316.3170,26
30.3402,37.2511,18.4056,0.4638062,Nc1ccccc1Nc1ccc(NC(=O)c2cccnc2N2CCN(c3ccccc3)CC2)cc1,1,0.4532702,0.4533,0.3488098,0.3488,0.9631356,464.5730,26
24.4119,28.9456,20.6577,0.4133609,CN(C)S(=O)(=O)N(C)c1cccc(C(=O)Nc2ccc(F)cc2)c1,1,0.2918431,0.2918,0.8987191,0.8987,0.9999989,351.4030,26
32.2739,38.0109,36.2715,0.6190202,COc1ccc([N+](=O)[O-])cc1OCC(O)CN1CCc2ccc(NC(C)=O)cc2C1,1,0.6135814,0.6136,0.5024139,0.5024,0.9995854,415.4460,26
27.2293,25.8007,-15.6260,0.0847890,Cc1cc(N2CCC(N(C)C)C2)ncn1,1,0.0323693,0.0324,0.7201851,0.7202,0.9944300,206.2930,26
34.1915,41.5690,-32.2495,0.0776632,CCN1C(=O)CCC(N)C1c1nncn1CC(=O)O,1,0.0281967,0.0282,0.7505573,0.7506,0.9999797,267.2890,26
43.2009,41.6878,-30.3701,0.0943137,CN(C)C(=O)n1cnc(C(=NO)C(F)(F)Cl)n1,1,0.0454770,0.0455,0.3720530,0.3721,0.9999803,267.6230,26
37.3031,41.0453,-1.0793,0.3330504,O=S(=O)(c1cccc(Br)c1)N1CCN(Cc2nc(-c3ncccn3)sc2-c2ccccc2)CC1,1,0.5920474,0.5920,0.3473038,0.3473,0.0054599,556.5110,26
46.4882,49.2909,-15.3326,0.2829858,COc1c(O)cc(Br)cc1NC(=O)C1CC(O)CN1C(=O)C(NC(=O)c1ccccc1)c1ccccc1,1,0.5486985,0.5487,0.3467611,0.3468,0.0018291,568.4240,26
44.8091,44.6598,18.6448,0.5275381,CC(C(=O)NCCN(C)c1ccccc1)n1cc(-c2nc3c(s2)CCCC3)c2ccccc21,1,0.5226455,0.5226,0.4002207,0.4002,0.9783365,458.6310,26
31.4847,33.1611,-19.2884,0.1156053,Cc1cccc(CC(CO)NC(=O)Nc2ccc(F)cc2Cl)c1,1,0.0491921,0.0492,0.7820892,0.7821,0.9999997,336.7940,26
39.5522,43.3402,6.2300,0.4130853,CN1CCN(NC(=O)c2ccc(NC(=O)NCc3ccc(CN4CCC(Oc5ccccc5)CC4)cc3)cc2)CC1,1,0.7928933,0.7929,0.3701141,0.3701,0.0053607,556.7110,26
33.1126,40.6047,16.3733,0.4748164,Cn1cccc1C1CCCN1CCNC(=O)CN1C(=O)NC2(CCS(=O)(=O)C2)C1=O,1,0.4047728,0.4048,0.5728963,0.5729,0.9968413,437.5220,26
36.4308,39.7210,-7.6842,0.2669731,Cc1c(N2OC(=O)CC2=N[N+](=O)[O-])cccc1[N+](=O)[O-],1,0.1754443,0.1754,0.5995863,0.5996,0.9999938,280.1960,26
32.3363,33.8128,-12.8381,0.1747889,Cc1cc(NCCO)nc(NC(=O)C2CCOc3ccccc32)n1,1,0.0890941,0.0891,0.7728555,0.7729,0.9999999,328.3720,26
42.3926,59.6274,-59.6274,0.0000000,C[C@H]1CN(c2ccccc2N1C(CN(S(=O)(=O)c1ccc(cc1)NC(=O)C)=O)CC)C(N1CCN(C(=O)Nc2ccccc2)CC1)=O,0,0.0000000,0.0000,0.0000000,0.0000,0.0000000,0.0000,26
46.2302,56.1413,11.1393,0.5606723,CC1(CC(NC(N)=O)C(=O)N(Cc2ccccc2)Cc2cccnc2)NC(=O)Nc2ccccc21,1,0.5741705,0.5742,0.4013955,0.4014,0.9261041,472.5490,26
45.5594,47.3162,-26.3287,0.1748957,CC(=O)NC1C(O)OC(CO)C(OC2OC(CO)C(NC(C)=O)C(OC3OC(CO)C(O)C(O)C3O)C2O)C1O,1,0.4746056,0.4746,0.1195848,0.1196,0.0003452,586.5440,26
32.9385,35.3032,29.5344,0.5403133,COc1ccc(Cl)cc1NC(=O)Cn1nc(-c2ccccc2C)nc1-c1ccc(C)cc1,1,0.5314251,0.5314,0.4224865,0.4225,0.9925139,446.9380,26
39.1679,43.0497,-15.3149,0.2311232,COc1ccc(Oc2ccc(NC(=O)C3CCN(c4ccc(N)c(C)n4)CC3)cc2Cl)cc1,1,0.1502687,0.1503,0.5132176,0.5132,0.9544475,466.9690,26
23.7248,24.2923,33.3252,0.4801456,CCC(C(=O)NC1CCCC1)N(Cc1cccc(OC)c1)C(=O)Cc1ccccc1,1,0.3915466,0.3915,0.6794700,0.6795,0.9997804,408.5420,26
32.0048,31.8709,42.0028,0.6156147,O=C(C1CCN(Cn2c(=S)oc3ccccc32)CC1)N1CCN(Cc2ccccc2)CC1,1,0.5939336,0.5939,0.5504865,0.5505,0.9895347,450.6080,26
29.6094,33.2611,-16.3329,0.1410684,CCN(Cc1ccccn1)S(=O)(=O)c1cccc(C(=O)Cl)c1,1,0.0659265,0.0659,0.7593449,0.7593,0.9999996,338.8160,26
31.5142,30.6431,22.8727,0.4459646,CCNC(=O)C(C)N(C(=O)CSc1nc(C)cc(C)n1)c1ccc(F)cc1,1,0.3684179,0.3684,0.5811904,0.5812,0.9999584,390.4840,26
38.3285,37.8435,-29.3807,0.0705237,CC=Cc1cc(NC=O)cc([N+](=O)[O-])c1OC,1,0.0278768,0.0279,0.4823958,0.4824,0.9996446,236.2270,26
30.2173,32.1654,-11.3710,0.1732872,ClC12c3ccccc3C(c3ccccc3)(c3ccccc31)C1OC12,1,0.1014941,0.1015,0.4691258,0.4691,0.9999998,330.8140,26
32.0106,36.9905,-1.4865,0.2958661,C=CCn1c(SCc2ccc([N+](=O)[O-])cc2)nnc1-c1ccc(OCc2ccc(F)cc2)c(Cl)c1,1,0.4070035,0.4070,0.1020517,0.1021,0.2667625,510.9780,26
30.8456,32.1188,-12.8005,0.1609861,CN(Cc1cccc(F)c1F)C(=O)c1ccccc1-c1nccn1C,1,0.0806244,0.0806,0.7266244,0.7266,0.9999995,341.3610,26
34.0537,38.1782,26.4711,0.5387446,Cc1ccc(CN2c3ccc(NC(=O)NCc4ccccc4F)cc3NC(=O)CS2(=O)=O)cc1,1,0.5128095,0.5128,0.5148683,0.5149,0.8331895,482.5370,26
33.9466,36.6115,8.8824,0.3791164,CCCCCOc1ccc(-c2cc(C)n(N=Cc3c(O)ccc4ccccc34)c2C)cc1,1,0.3754732,0.3755,0.2415946,0.2416,0.9988468,426.5600,26
29.9806,35.5447,8.1931,0.3644822,COc1cc(C(=O)NN=Cc2cccc(NC(=O)Nc3ccccc3F)c2)cc(OC)c1OC,1,0.3240771,0.3241,0.3394615,0.3395,0.9564084,466.4690,26
52.6129,54.2376,18.7083,0.6078824,Cc1ccc2c(c1)c(N=NC(=O)c1c(N)ccc3c(=O)n(-c4ccccc4)ccc13)c(O)n2C(C)(C)C,1,0.7966440,0.7966,0.2292189,0.2292,0.6439391,493.5670,26
28.1033,31.3311,-8.7667,0.1880361,O=C(Nc1ccc2sc3ccccc3c2c1)c1cccnc1Nc1ccccc1,1,0.1222681,0.1223,0.3678103,0.3678,0.9999340,395.4870,26
29.9152,33.3909,48.9878,0.6864889,NC(=O)c1ccc2nc(NS(=O)(=O)c3ccc(F)cc3)cn2n1,1,0.6393655,0.6394,0.7295341,0.7295,0.9999998,335.3200,26
37.9372,44.4589,2.7564,0.3934608,COc1ccc(C)cc1NC(=O)c1ccc(Nc2ncnc(N3CCN(C(=O)C4CC4)CC3)c2[N+](=O)[O-])cc1,1,0.5537561,0.5538,0.3280147,0.3280,0.0517604,531.5730,26
30.6150,32.0670,23.7456,0.4651052,CCCCCOc1nc(NCc2ccccc2)nc(Nc2ccc(OCC)cc2)n1,1,0.4354103,0.4354,0.3996263,0.3996,0.9998002,407.5180,26
30.7545,32.6393,-6.7117,0.2160638,COCc1cccc(NC(=O)N2CCC(COc3ncccn3)C2)c1,1,0.1164836,0.1165,0.8729393,0.8729,0.9999995,342.3990,26
42.2986,43.7980,-28.8936,0.1242027,NC(=O)c1cc(Br)c2c3c(oc2c1)N(C1CNC1)CC3,1,0.0527893,0.0528,0.8744725,0.8745,0.9999997,336.1890,26
28.6848,34.9447,49.6775,0.7051844,O=C(NC1CC1)c1ccc(N2CCN(c3ccccc3)CC2)c(NS(=O)(=O)c2ccccc2F)c1,1,0.7825206,0.7825,0.5216496,0.5216,0.6220114,494.5920,26
28.1158,33.0902,-11.3815,0.1809053,CC(C)Oc1ccc(Nc2cncc(C(=O)Nc3cccc(Cl)c3Br)c2)cc1,1,0.1093438,0.1093,0.4542011,0.4542,0.9737689,460.7590,26
34.6572,33.7752,11.0823,0.3738123,Cc1ccc(C(C)N2CCN(CC(C)OCCO)CC2)cc1,1,0.2580255,0.2580,0.8364668,0.8365,0.9999995,306.4500,26
27.5696,31.3869,-31.3866,0.0000022,NC(=O)C1=NN(c2ccc([N+](=O)[O-])cn2)C(=O)C1,1,0.0000000,0.0000,0.5727749,0.5728,0.9998922,249.1860,26
48.7758,56.7281,-16.9776,0.3312548,CC1(C(=O)NC(=O)c2ccccc2)CCC2C3CCC(C31)C1C(=O)Cc3ccccc3CC21C,1,0.2340887,0.2341,0.6480154,0.6480,0.9835295,455.5980,26
34.3356,38.9144,12.7139,0.4302366,N#Cc1ccccc1S(=O)(=O)N1CC(NC(=O)N2Cc3cccnc3C2)C1,1,0.3136902,0.3137,0.8526842,0.8527,0.9999782,383.4330,26
33.7353,42.2360,-27.0420,0.1266164,CCN(Cc1ccccc1CN=C(N)Nc1cccc(OC)c1)CC1C(=O)Nc2ccccc21,1,0.0718121,0.0718,0.3311909,0.3312,0.9802994,457.5780,26
43.6140,45.5447,9.9982,0.4628571,COc1ccc(Cn2c(=O)c(SCC(C)C)nc3[nH]cc(NC(=O)c4ccc(C)cc4)c32)cc1,1,0.4577205,0.4577,0.3458961,0.3459,0.8961385,476.6020,26
35.2516,35.5004,33.9769,0.5789776,Cc1nc(CN2CCN(CCn3cc(-c4ccccc4C)cn3)CC2)no1,1,0.5141910,0.5142,0.6673812,0.6674,0.9999955,366.4690,26
31.9756,35.9010,41.7223,0.6468608,CC(=O)N(c1ccc(C)c(C)c1)c1nc(COc2ccc(-c3csc(C)n3)cc2)cs1,1,0.7320018,0.7320,0.3391132,0.3391,0.9904528,449.6010,26
26.7871,28.9912,-19.8851,0.0758842,Fc1cccc(N2C(=S)NC(c3ccccn3)C2c2ccc(Br)s2)c1,1,0.0294839,0.0295,0.5724326,0.5724,0.9976377,434.3590,26
49.8882,56.2087,-15.7015,0.3375602,S=C(NC(c1ccc(Cl)cc1)c1ccnn1-c1ccc(OC2CNC2)cn1)N1CCN(c2ccccc2)CC1,1,0.6428689,0.6429,0.3286396,0.3286,0.0039194,560.1270,26
62.9361,72.7546,-9.7127,0.5253498,CC(=CCON1CC1(C)NC(N)=O)OC1CC2(C)C(=O)OC=C2C1(C)O,1,0.5360006,0.5360,0.3549485,0.3549,0.9999951,367.4020,26
26.4603,29.7806,-7.4275,0.1862755,Cc1cc(C)c(NC(=O)NC(C)c2ccsc2)c(N)c1,1,0.0983521,0.0984,0.7516861,0.7517,0.9999973,289.4040,27
33.8382,39.9492,25.3258,0.5439579,Cc1ccc(C(CC(=O)Nc2ccccc2C)NS(=O)(=O)c2ccc3oc(=O)ccc3c2)cc1,1,0.5597512,0.5598,0.3833159,0.3833,0.8965493,476.5540,27
42.4010,47.2954,4.4287,0.4310342,O=C(c1cc(-c2cc(NS(=O)(=O)c3ccc(Cl)s3)on2)c[nH]1)N1CCc2ccccc21,1,0.3837478,0.3837,0.4456620,0.4457,0.9094633,474.9510,27
34.2886,46.1253,14.4449,0.5047516,CC(C)(C(=O)N1CC(=O)Nc2ccccc21)n1cnc(SCc2cccs2)c1N,1,0.4342171,0.4342,0.6076999,0.6077,0.9987363,427.5550,27
54.2014,54.0541,-36.5230,0.1460926,O=S(=O)(NC1CC(SSCCCc2ccc(F)cc2)OC1CO)c1ccccc1,1,0.0823454,0.0823,0.4195058,0.4195,0.9802353,457.6140,27
35.6585,39.6321,22.7886,0.5201727,COc1c(C)cc(NC(=O)Nc2ccc(-c3ncc(C(N)=O)cn3)cc2)cc1C,1,0.4517193,0.4517,0.6147628,0.6148,0.9999546,391.4310,27
28.1785,35.3865,-18.1064,0.1440008,O=C1CN(C(=O)Nc2ccc(Nc3ccccc3)cc2)CC(c2ccccc2)O1,1,0.0711674,0.0712,0.6439417,0.6439,0.9999685,387.4390,27
42.5417,49.5596,-14.5068,0.2921073,CN(C)CCN1C(=S)NC(c2ccccn2)C12CCN(c1ccc(C(C)(C)O)cc1)CC2,1,0.1951821,0.1952,0.6519158,0.6519,0.9861898,453.6560,27
25.4781,25.6314,3.2805,0.2409326,Nc1ccc(F)cc1S(=O)(=O)Nc1ccc(F)c(Cl)c1,1,0.1369323,0.1369,0.8544891,0.8545,0.9999998,318.7320,27
38.1689,47.0379,21.9108,0.5745729,CC1CC(S(=O)(=O)N2CCCC2)=NN1c1cccc(C(=O)Nc2nnc3n2CCCC3)c1,1,0.4927309,0.4927,0.7531907,0.7532,0.9803314,457.5600,27
34.7330,45.1913,-10.4165,0.2897905,Cc1cccc(COc2cc(I)cc(C=C3C(=N)N(c4cccc(C(=O)O)c4)C(=O)NC3=O)c2)c1,1,0.7153128,0.7153,0.2799802,0.2800,0.0005561,581.3660,27
35.6602,43.0048,30.2398,0.6103716,Cc1c(NC(=O)N(CCN2CCCC2)Cc2ccc(Cl)cc2)cccc1N1CC(=O)NC1=O,1,0.5757006,0.5757,0.6033057,0.6033,0.9407878,469.9730,27
56.6687,62.9029,-62.9028,0.0000006,CCOC1(OCC)C(=O)N(N2C(=O)c3ccccc3C2=O)C(=O)N(c2ccc(CC)cc2)C1NS(=O)(=O)Cc1ccccc1,1,0.0000000,0.0000,0.2538346,0.2538,0.0000149,620.6840,27
26.5614,30.2222,-13.6613,0.1380073,Cc1csc(NN=Cc2ccccc2-c2ccc(C(F)(F)Cl)cc2)n1,1,0.0801371,0.0801,0.3436334,0.3436,0.9999870,377.8470,27
32.3485,32.5226,8.7607,0.3440279,c1cc(-c2ccn[nH]2)c2cccc(-c3ccncc3)c2c1,1,0.2531348,0.2531,0.5905276,0.5905,0.9999860,271.3230,27
42.6855,46.4324,25.3624,0.5982901,Cc1nc2ncnn2c(N2CCC(OC(F)(F)P(=O)([O-])O)CC2)c1C,1,0.5153640,0.5154,0.7801214,0.7801,0.9999887,376.2800,27
41.7857,45.0607,15.7149,0.5064628,COCCN(Cc1c(C)c2c([nH]c1=O)[nH]c(=O)c1[nH]ccc12)C(=O)Nc1ccccc1F,1,0.5033953,0.5034,0.3688722,0.3689,0.9962309,439.4470,27
25.6663,29.0770,32.9770,0.5171164,CC(NC(=O)Nc1ccc(C(=O)O)nc1)c1ccc(Cl)cc1,1,0.4145978,0.4146,0.8058367,0.8058,0.9999998,319.7480,27
32.8592,33.2924,38.2018,0.5957850,COc1cccc(-n2cc(C(=O)Nc3ccc4sc(C)nc4c3)nn2)c1,1,0.5524614,0.5525,0.5989520,0.5990,0.9999959,365.4180,27
39.5745,42.1620,-12.8095,0.2446041,Cc1cc(C(=O)N2CCN(S(=O)(=O)c3ccccc3)CC2)n2nc(-c3ccc(Cl)c(C(F)(F)F)c3)nc2n1,1,0.4172506,0.4173,0.3724034,0.3724,0.0025109,564.9770,27
49.9677,57.9198,-3.5810,0.4528240,CCOC(=O)OC(OC(=O)c1ccc(N(Nc2ccccc2)C(=O)Nc2cccc(Cl)c2)cc1)[N+](=O)[O-],1,0.7994489,0.7994,0.1631660,0.1632,0.0652379,528.9050,27
44.5892,53.7354,-5.7801,0.3996276,Cc1ccccc1NC(=O)C1=NN(N=Cc2ccc(Cl)cc2)C(SCCc2c[nH]c3ccccc23)N1C,1,0.5905616,0.5906,0.2770808,0.2771,0.0540113,531.0850,27
25.7733,29.4097,49.4793,0.6574089,CN(C(=O)COc1ccc(C=CC(=O)O)cc1)c1ccc(F)cc1,1,0.5797643,0.5798,0.8275570,0.8276,0.9999999,329.3270,27
31.3418,38.0092,21.3319,0.4945088,COc1cc(Nc2nc(-c3ccncc3)cc(N3CCN(c4ccccc4F)CC3)n2)c(OC)cc1Cl,1,0.6654444,0.6654,0.3461184,0.3461,0.1263306,520.9960,27
37.0987,45.4376,25.0908,0.5877363,CC1(O)C(=O)Nc2ccc(OCC(=O)Oc3ccc(F)cc3[N+](=O)[O-])cc21,1,0.6302892,0.6303,0.3527976,0.3528,0.9999887,376.2960,27
42.5661,46.9716,22.2699,0.5770120,Fc1ccccc1N1CCN(C2CNC3C(c4nc5ccccc5[nH]4)CCN3C2)CC1,1,0.5085174,0.5085,0.6823348,0.6823,0.9993376,420.5360,27
31.8109,29.7947,-9.8413,0.1662785,c1ccc2c(c1)ccc1c2c2ccccc2c2nc3ccccc3n12,1,0.1070746,0.1071,0.3164297,0.3164,0.9999998,318.3790,27
29.1063,30.6449,-16.6106,0.1169528,COc1cc(C=NN=c2sc3ccccc3n2C)ccc1OCc1ccc(F)cc1,1,0.0640935,0.0641,0.3283690,0.3284,0.9992763,421.4970,27
34.0470,34.9136,-25.0876,0.0818835,FC(F)(F)c1cccc(N(c2ccc(-c3ccccc3)cc2)c2ccc(-c3cccc4c3c3ccccc3n4-c3ccccc3)cc2)c1,1,0.2564339,0.2564,0.1774637,0.1775,0.0000059,630.7130,27
41.5427,46.4191,35.3712,0.6815859,Cc1ccccc1Nc1ncc(CCCC(=O)NC2CCNCC2)c(Oc2cccc(F)c2)n1,1,0.7405518,0.7406,0.4281529,0.4282,0.9663178,463.5570,27
82.2240,83.0481,-74.4447,0.0716953,[C-]#[N+]C1(OC(=O)NC=CC(O)OCc2ccc(Cl)cc2)Cc2cc3c(cc2O1)C1(CC(C)(C)CC(C)(C)C1)c1ccccc1-3,1,0.1589013,0.1589,0.2169618,0.2170,0.0000298,613.1540,27
22.4726,26.7972,27.9486,0.4562150,O=S(=O)(Nc1ccc(NCc2c(F)cccc2Cl)cc1)c1ccccc1,1,0.3719951,0.3720,0.6294726,0.6295,0.9999569,390.8670,27
26.1216,24.4632,-16.4747,0.0665706,CCCc1ccc(C(CCOc2ccccc2)NN)cc1,1,0.0244167,0.0244,0.5747946,0.5748,0.9999958,284.4030,27
29.6475,28.2044,31.5253,0.4977475,CCOc1ccccc1C(=O)N1CCN(S(=O)(=O)c2ccc(F)c(Cl)c2)CC1,1,0.4028577,0.4029,0.7366700,0.7367,0.9988105,426.8970,27
41.8265,45.9180,8.9510,0.4572415,Nc1ccc2c(c1)ncn2CC(=O)Nc1ccccc1C(=O)Nc1nc(C2CC2)cs1,1,0.4247718,0.4248,0.4005129,0.4005,0.9980071,432.5090,27
36.5194,41.1178,8.7197,0.4153125,CN1CCN(C2=Nc3ccccc3CN2NS(=O)(=O)c2ccc3c(c2)OCCCO3)CC1,1,0.3100345,0.3100,0.7520584,0.7521,0.9803385,457.5560,27
32.6411,40.3858,37.0080,0.6449483,COc1ccc(NC(=O)c2ccc(N3CCN4C(=O)S(=O)(=O)CC43)cc2)c([N+](=O)[O-])c1,1,0.6372197,0.6372,0.5422146,0.5422,0.9928464,446.4410,27
45.3185,46.9410,28.5093,0.6287529,O=S(=O)(NN=Cc1ccccc1C1=NOC(c2cccc(F)c2F)C1)c1ccc(Cl)cc1,1,0.6744381,0.6744,0.4106828,0.4107,0.9019715,475.9040,27
39.5443,49.6737,35.4739,0.7095633,CC(C)NC(=O)NC(=O)N1CCN(Cc2nc(N3CCCC3)cc(N3CCNC(=O)C3)n2)CC1,1,0.7377533,0.7378,0.5439170,0.5439,0.9193233,473.5820,27
30.2712,32.0157,15.1665,0.3931855,O=C(Oc1cccc([N+](=O)[O-])c1)Oc1c(Cl)cccc1[N+](=O)[O-],1,0.3529107,0.3529,0.3598826,0.3599,0.9999996,338.6590,27
29.3003,31.9981,23.2280,0.4602174,Cc1ccc(NC(=O)C2CCN(C(=O)c3cccc(-n4cnnn4)c3)CC2)nc1,1,0.3613929,0.3614,0.7276061,0.7276,0.9999546,391.4350,27
29.7274,33.7428,53.8349,0.7298140,CN1CCN(c2ccc(NC(=O)Cc3ccc(-c4ccccc4)nn3)cc2)CC1,1,0.6979165,0.6979,0.7290472,0.7290,0.9999684,387.4870,27
28.6934,30.5262,6.1855,0.3059307,COc1ccc(N(CC(=O)Nc2ccccc2C(=O)N(C)C)S(=O)(=O)c2ccc(Cl)cc2)cc1,1,0.2505611,0.2506,0.5049691,0.5050,0.4542606,501.9920,27
24.3798,24.5804,-14.6313,0.0829093,O=C(NCc1ccco1)NN1CCOCC1,1,0.0306513,0.0307,0.7774212,0.7774,0.9990236,225.2480,27
26.1194,30.6614,-8.6004,0.1838415,NC(=O)c1ccc(S(=O)(=O)Nc2ccc(CN3CCc4ccccc4C3)cc2)cc1,1,0.1010928,0.1011,0.6395218,0.6395,0.9992746,421.5220,27
24.5296,24.8286,-10.1327,0.1224658,O=C(CN1CCN(c2ncccn2)CC1)Nc1cc(Cl)ccc1Cl,1,0.0512929,0.0513,0.9013107,0.9013,0.9999955,366.2520,27
41.5875,42.0882,-17.5995,0.2040723,O=C(Oc1ccccc1C=CC=NNC(=O)c1ccc(COc2ccc([N+](=O)[O-])cc2)o1)c1ccc([N+](=O)[O-])cc1,1,0.4408130,0.4408,0.0841321,0.0841,0.0054719,556.4870,27
30.1073,31.2815,-21.1155,0.0847169,CCCOc1ccc2cc(C=NNC(C)=O)ccc2c1,1,0.0329758,0.0330,0.6701461,0.6701,0.9999846,270.3320,27
41.1115,46.4174,-2.4097,0.3667303,CC(C)=C(NCC(=O)Nc1ccc(F)c(F)c1)c1cccs1,1,0.2480033,0.2480,0.8732386,0.8732,0.9999999,322.3800,27
38.4119,44.8376,-44.8373,0.0000023,CN1CCN(C(=O)c2c3cccc2N(CCCn2cccn2)c2ccccc2S3)CC1,1,0.0000000,0.0000,0.6093957,0.6094,0.9978007,433.5810,27
47.8635,48.5479,27.1384,0.6307192,CC(Oc1ccnc(CO)c1)C(=O)NCC(N)c1ccc(F)cc1Cl,1,0.5744858,0.5745,0.6945508,0.6946,0.9999948,367.8080,27
31.9078,31.6260,-22.5936,0.0752703,CCNc1nnc(Br)n1C1CCNCC1,1,0.0258126,0.0258,0.8743943,0.8744,0.9999892,274.1660,27
55.1368,59.5270,-37.8284,0.1808217,Cc1ccc([N+](=O)[O-])cc1S(=O)(=O)N1CCn2c(-c3ccc(-n4cnc5ccccc5c4=O)cc3)nc(-c3ccncc3)c2C1,1,0.6721931,0.6722,0.1920914,0.1921,0.0000163,619.6630,27
29.4271,32.8157,9.1670,0.3498558,Cc1nn(Cc2c(F)cccc2Cl)c(C)c1N1CCN(C2CCCC2)CC1,1,0.2401220,0.2401,0.7725798,0.7726,0.9999566,390.9340,27
28.4985,29.8489,14.9594,0.3734021,CN1CCN(CCc2ccccc2)CC1C(C)(C)N,1,0.2528499,0.2528,0.8930418,0.8930,0.9999651,261.4130,27
63.2466,68.3108,-68.3108,0.0000000,C[C@@]12[C@@H](CC[C@H]2C(=O)CCC2(C)Cc3cnn(c3C=2)-c2ccc(Cl)cc2)[C@H](CC2[C@@]1(CCC(=O)N2)C)NCc1ccc(F)cc1,0,0.0000000,0.0000,0.0000000,0.0000,0.0000000,0.0000,27
37.2715,41.5232,-19.2244,0.1858230,NC1CCCCCC1NC(=O)CCn1ccnc1N1CCN(c2ccccc2F)CC1,1,0.1003963,0.1004,0.6914922,0.6915,0.9986144,428.5560,27
31.5258,33.5437,-13.8883,0.1637950,COc1cc(C=O)cc(-c2ccc3cccc(C=O)c3c2)c1,1,0.0842873,0.0843,0.6781659,0.6782,0.9999976,290.3180,27
31.0707,31.8070,38.9782,0.5898763,O=C1CCC(N2Cc3ccc(-c4ccc(N5CCOCC5)nn4)cc3C2=O)C(=O)N1,1,0.5110536,0.5111,0.7485401,0.7485,0.9998018,407.4300,27
27.2107,28.6635,10.4754,0.3261575,COc1cc(OC)c(OC)cc1C=C1SC(=O)N(CC(=O)Nc2ccc(F)cc2)C1=O,1,0.2284005,0.2284,0.6505168,0.6505,0.9928367,446.4560,27
30.7077,35.6666,41.2612,0.6410648,CCOc1cc(C(=O)Oc2cccc(C(=O)O)c2)ccc1OCc1ccccn1,1,0.6627692,0.6628,0.4568285,0.4568,0.9999456,393.3950,27
43.2619,50.2135,20.4135,0.5885581,Cc1c(NS(C)(=O)=O)cccc1N1C(=O)C2C(N=NN2Cc2ccc3c(c2)OCO3)c2ccccc21,1,0.6369079,0.6369,0.5594810,0.5595,0.3747889,505.5560,27
47.3582,53.4460,-4.1119,0.4111172,Cc1cccc(NC(=O)c2ccc(NS(=O)(=O)c3cccs3)cc2)c1COC1OC(C)C(O)C(O)C1O,1,0.7616794,0.7617,0.2876419,0.2876,0.0112085,548.6390,27
27.0714,31.5737,-8.0489,0.1960398,O=C(Nc1ccc(F)cc1)Nc1ccc(OCC(=O)N2CCc3sccc3C2)cc1,1,0.1111602,0.1112,0.6325954,0.6326,0.9989554,425.4850,27
30.0726,39.7651,-21.5552,0.1517493,CC(C)(C)c1ccc(NN=C(N)c2cccc(N=Nc3ccccc3)c2)cc1,1,0.1011101,0.1011,0.2448244,0.2448,0.9999928,371.4880,28
30.1408,32.3748,21.8907,0.4522128,COc1ccc(OCC(=O)NNC(=S)NC(=O)c2cc(Br)ccc2OC)c(OC)c1,1,0.4587770,0.4588,0.3942720,0.3943,0.5378050,498.3550,28
43.9762,53.0487,-19.9355,0.2759427,CSc1cncc(N2CCC(N(C)C)(N(N3CCOCC3)S(C)(=O)=O)C2)n1,1,0.1964588,0.1965,0.4761502,0.4762,0.9995400,416.5730,28
25.3199,26.1404,-9.8800,0.1355034,Nc1ccc(Cl)c(S(=O)(=O)NCc2ccc(F)cc2)c1,1,0.0602319,0.0602,0.8518402,0.8518,0.9999998,314.7690,28
36.6367,41.5238,39.3430,0.6738904,COc1ccc(-n2cc(-c3cc(-c4nc(-c5cc(F)cc(F)c5)no4)cs3)nn2)cc1,1,0.7477188,0.7477,0.3850734,0.3851,0.9968676,437.4310,28
31.1970,35.5041,20.4326,0.4661387,CCOC(=O)c1c(NC(=O)c2ccc(-c3nn[nH]n3)cc2)sc(N)c1C,1,0.3918574,0.3919,0.5842913,0.5843,0.9999921,372.4100,28
35.9669,38.6240,36.5005,0.6260372,O=C(NC(Cc1ccc(F)cc1)C(=O)Nc1ccc2c(c1)OCCO2)c1ccccc1[N+](=O)[O-],1,0.6659093,0.6659,0.4072548,0.4073,0.9602036,465.4370,28
32.9276,41.8680,-4.1607,0.3142274,CS(=O)(=O)N1CCCC1CCC(=O)N(Cc1ccc(F)cc1)C(C(=O)Nc1ccccc1F)c1ccccc1,1,0.5224763,0.5225,0.3865575,0.3866,0.0059094,555.6470,28
36.7908,39.9754,31.6636,0.5969918,CC1Cc2ccc(-c3cnc(N4CCCC4)nc3)cc2N1S(=O)(=O)Cc1ccccc1,1,0.5522209,0.5522,0.6066952,0.6067,0.9975926,434.5650,28
32.8552,39.7934,25.4367,0.5435840,COc1ccc(N(C)S(=O)(=O)c2ccc(NC(=O)Nc3cccc(Cl)c3)cc2)cc1NC(C)=O,1,0.6007788,0.6008,0.4297202,0.4297,0.4318103,502.9800,28
28.1508,31.1772,20.2915,0.4289059,CC(NC(=S)Nc1ccc(N(C)C)cc1)c1cccc(OCc2ccccc2)c1,1,0.3604456,0.3604,0.5163057,0.5163,0.9998330,405.5670,28
34.4312,44.8217,-30.1384,0.1223601,CCOc1cc(C=NNC(=O)Nc2ccccc2[N+](=O)[O-])c(O)cc1NS(=O)(=O)c1ccc(Cl)cc1,1,0.1276610,0.1277,0.1800177,0.1800,0.0420107,533.9500,28
25.3573,28.1464,41.5496,0.5807999,CN(C(=O)c1cccc(C(=O)NCc2ccc3c(c2)OCO3)c1)c1ccccc1,1,0.5044454,0.5044,0.7249204,0.7249,0.9999655,388.4230,28
40.4852,43.9325,20.1997,0.5344353,COc1ccccc1C(=O)N1CCN(c2nc(C=Cc3ccc(N(C)C)c(F)c3)nc3ccccc23)CC1,1,0.6625961,0.6626,0.3641227,0.3641,0.2556898,511.6010,28
34.5251,41.6673,31.5923,0.6104967,Cc1nccn1-c1ccc(NC(=O)C2CC(=O)N(c3ccc(Br)cc3)C2)c(C(N)=O)c1,1,0.5915517,0.5916,0.5826546,0.5827,0.8357211,482.3380,28
40.2056,43.2719,13.9037,0.4764631,COc1ccc(NC(=O)CCC(NC(=O)Nc2ccc(C)c(CO)c2)C(=O)O)cc1,1,0.4423256,0.4423,0.4267159,0.4267,0.9995854,415.4460,28
28.7700,34.9864,-4.7694,0.2518085,CS(=O)(=O)N(Cc1ccc(Cl)cc1)c1ccccc1C(=O)NN=Cc1ccc(-c2ccccc2[N+](=O)[O-])o1,1,0.4641022,0.4641,0.1713027,0.1713,0.0075315,552.9960,28
36.7748,39.1717,-12.7882,0.2198628,O=C(Nc1ccccc1F)N1CCN(c2ncnc3sc(C=Cc4cccnc4)nc23)CC1,1,0.1412950,0.1413,0.4914777,0.4915,0.9719028,461.5260,28
34.9819,37.8371,49.2902,0.7260607,Cc1ccc(C(=O)Nc2cc(N)cc(C(=O)O)c2)cc1N1CCCC1=O,1,0.6921198,0.6921,0.7315270,0.7315,0.9999986,353.3780,28
29.4072,29.3081,-8.2942,0.1751153,Cc1cc(C)c(NC(=O)NCCc2cn3ccccc3n2)c(C)c1,1,0.0894098,0.0894,0.7704986,0.7705,0.9999999,322.4120,28
37.7139,47.4334,22.6370,0.5839197,Cc1cc(C(=O)Nc2ccc(OC3CCOC4(C3)CS(=O)(=O)C4)c(C(F)(F)F)c2)ccc1[N+](=O)[O-],1,0.7179749,0.7180,0.4739600,0.4740,0.2085851,514.4780,28
35.8432,40.7177,30.5431,0.5938401,COC(=O)c1ccc2nc(NC(=O)c3ccc4c(c3)nc(COc3ccccc3F)n4C)sc2c1,1,0.6800964,0.6801,0.3389300,0.3389,0.7054754,490.5160,28
32.9397,35.8781,-29.0830,0.0566255,Cc1ccc(N(NOS(=O)(=O)O)C(=S)S)cc1,1,0.0226340,0.0226,0.3337326,0.3337,0.9999983,294.3790,28
37.6459,42.1789,20.5280,0.5225578,Cn1c(CSc2nnc(-c3cccc(Cl)c3)n2N=Cc2ccc(O)c(O)c2)nc2ccccc21,1,0.6640975,0.6641,0.1956004,0.1956,0.6965959,490.9760,28
32.0936,33.6112,26.5855,0.5016387,CCc1ccccc1NC(=O)CN1CCC(N(C)Cc2nccs2)C1,1,0.3940833,0.3941,0.8267943,0.8268,0.9999978,358.5110,28
24.0609,26.1784,-12.1516,0.1168904,CN(Cc1cncn1C)S(=O)(=O)c1ccccc1N,1,0.0489520,0.0490,0.8408109,0.8408,0.9999939,280.3530,28
31.4639,36.0820,47.4485,0.6960874,NC(=O)c1ccc(C(=O)Nc2cccc(NS(=O)(=O)c3ccc4[nH]c(=O)oc4c3)c2)cc1,1,0.8056519,0.8057,0.3503535,0.3504,0.9876260,452.4480,28
31.9457,34.4871,-7.6720,0.2234596,Nc1c(C(=O)NCCCCCCCOc2ccccc2)sc2ccccc12,1,0.1457680,0.1458,0.4711744,0.4712,0.9999800,382.5290,28
38.1040,39.1769,-24.4646,0.1226028,COc1ccc(C(=O)OCC(C[N+](=O)[O-])Oc2ccc(C(F)(F)F)cc2)cc1,1,0.0656082,0.0656,0.3829736,0.3830,0.9999061,399.3210,28
28.4740,34.1933,-13.5957,0.1716462,COc1cc(C=NNC(=O)c2ccc(NC(=O)Nc3ccccc3Cl)cc2)ccc1OCc1ccc(Cl)cc1,1,0.3190877,0.3191,0.1509852,0.1510,0.0028914,563.4410,28
27.2271,36.1885,31.8967,0.5673762,Cc1ccc(O)c(-c2nnc(NN=Cc3cccc(O)c3)n2N)c1,1,0.6109614,0.6110,0.3298431,0.3298,0.9999999,324.3440,28
29.1912,32.0971,-14.6400,0.1454765,O=C(Nc1cccc(Cl)c1)Nc1cccc(OCCCCCO)c1,1,0.0732057,0.0732,0.6138431,0.6138,0.9999991,348.8300,28
35.2185,35.9660,42.2828,0.6520737,CS(=O)(=O)c1cc(NC(=O)COc2ccc(Cc3ccccc3)cc2)c[nH]1,1,0.6125566,0.6126,0.6553551,0.6554,0.9999761,384.4570,28
29.2900,38.5647,21.5991,0.5013647,COc1ccc(C(=O)Nc2ccc(N3CCN(Cc4ccc(F)cc4)CC3)c(Br)c2)cc1F,1,0.5862185,0.5862,0.4826735,0.4827,0.1810566,516.3860,28
34.1151,39.2948,-13.2067,0.2174009,O=C1Nc2ccc(Cl)cc2Nc2nc(NCc3ccccc3F)ncc21,1,0.1281393,0.1281,0.6447923,0.6448,0.9999938,369.7870,28
41.9891,47.3862,15.7273,0.5259461,COc1ccc(S(=O)(=O)Nc2ccc3ccc(Cl)nc3c2N(C)C2CCN(C(C)=O)CC2)cc1,1,0.5462042,0.5462,0.5091166,0.5091,0.4308168,503.0240,28
36.3301,38.0305,-31.9622,0.0505691,N[SH](=NCl)=NNC(=O)O,1,0.0196683,0.0197,0.3286788,0.3287,0.8890684,172.5970,28
40.7892,48.4474,-25.4965,0.1912577,CN(C)c1ccc(CN(C)C2CN(C(=O)Nc3ccc4c(c3)OCO4)CC2c2ncc[nH]2)cc1,1,0.1102319,0.1102,0.5845374,0.5845,0.9691985,462.5540,28
34.9127,39.3974,1.1150,0.3376033,COc1cc(CN2CCN(c3ncnc4sc(-c5ccccn5)cc34)CC2)ccc1OC(C)C,1,0.2840079,0.2840,0.3777692,0.3778,0.9042759,475.6180,28
33.3806,31.6132,-22.4630,0.0762517,COC(=O)c1cn(-c2ccccc2C(F)(F)F)c(C(=O)OC)c1C(=O)OC,1,0.0293586,0.0294,0.5945430,0.5945,0.9999742,385.2940,28
45.6454,50.0184,-0.6182,0.4116685,CC(=O)NC1(C(=O)O)C(N)CC1c1cnc(-c2cccc(Cl)c2)[nH]1,1,0.3159573,0.3160,0.6668668,0.6669,0.9999991,348.7900,28
38.6894,43.6918,9.0991,0.4399241,CC1CC1C(=O)Nc1cccc(N2C(=S)NC(c3ccccn3)C2c2ccccc2O)c1,1,0.3772756,0.3773,0.5010663,0.5011,0.9939775,444.5600,28
31.7048,37.9052,29.6785,0.5631976,O=C(COc1ccccc1[N+](=O)[O-])ON=C(NC(=O)c1ccccc1)c1ccc(Cl)cc1,1,0.7092578,0.7093,0.1899153,0.1899,0.9859596,453.8380,28
39.5315,42.3254,2.7382,0.3755296,O=C(NC(=S)Nc1ccc2c(c1)c1ncccc1n2-c1ccccc1)c1cc2cc(Br)ccc2o1,1,0.6412774,0.6413,0.2409291,0.2409,0.0215448,541.4300,28
34.8118,41.1081,21.1391,0.5187263,CN(C)c1ccc(CN(c2cccc(O)c2)C(C(=O)NC2CCCCC2)c2ccccc2O)cc1,1,0.5110386,0.5110,0.4106066,0.4106,0.9190838,473.6170,28
28.1301,31.8228,30.4910,0.5192813,CSc1cccc(NC(=O)N2CCN(c3cc(C)nc(-n4ccnc4)n3)CC2)c1,1,0.4401556,0.4402,0.6674883,0.6675,0.9997597,409.5190,28
28.5408,28.6649,-7.0253,0.1803300,O=C(Nc1cccc(-c2cnco2)c1)Nc1ccc2c(c1)OCO2,1,0.0933550,0.0934,0.7671106,0.7671,0.9999999,323.3080,28
27.6711,28.3497,-14.1832,0.1180544,CN(c1ccccc1)c1ccc(C(=O)NCc2ccc3c(c2)OCO3)cc1,1,0.0514195,0.0514,0.7438124,0.7438,0.9999974,360.4130,28
37.1624,38.4859,-22.9802,0.1292145,c1ccc(C2=NC(c3cccc(-c4ccc5sc6ccccc6c5c4)n3)=NC(c3cccc4sc5ccccc5c34)N2)cc1,1,0.3126135,0.3126,0.2185487,0.2185,0.0000931,600.7720,28
50.4939,58.5420,-38.2715,0.1689203,CN1C(=O)NC2(NC(=O)Nc3ccccc3)CC1CC(=O)N(C(=O)c1ccnc(Cl)c1)C2,1,0.0974032,0.0974,0.4813491,0.4813,0.9814867,456.8900,28
48.5683,58.6728,-35.1501,0.1960230,COc1ccc(NC(=O)CN2CCN(S(=O)(=O)C3CCC(O)C3)CC2)cc1S(=O)(=O)N1CCN(c2ccccc2)C(=O)C1,1,0.7556807,0.7557,0.4013425,0.4013,0.0000037,635.7650,28
36.0796,39.3089,44.1344,0.6953607,COc1ccc(-c2n[nH]c(=O)c3ccccc23)cc1NC(=O)c1sccc1Cc1ccccc1,1,0.8120930,0.8121,0.3452213,0.3452,0.9520636,467.5500,28
37.4826,41.1905,-8.3098,0.2740053,CCNC(=NCc1cccc(C(N)=O)c1)N1CC(OCCOC)C2CCOCC21,1,0.2072538,0.2073,0.3811263,0.3811,0.9998485,404.5110,28
42.2386,47.8231,-40.0415,0.0648464,Cc1ccc(N2C(=O)c3ccccc3NC2c2ccc(-c3ccnn3C)cc2)cc1[N+](=O)[O-],1,0.0270317,0.0270,0.3537473,0.3537,0.9962212,439.4750,28
37.0534,37.4582,-5.0030,0.2704599,O=C(CC(=O)NC1CCCN(c2cnccn2)C1)Cc1cccc(Cl)c1,1,0.1653045,0.1653,0.7879884,0.7880,0.9999918,372.8560,28
31.9931,36.0658,12.5154,0.4048429,Cc1cc(Br)ccc1N(C)CCn1cc(CNC2CC2)nn1,1,0.2907246,0.2907,0.8208183,0.8208,0.9999962,364.2910,28
34.5107,37.1975,-24.9710,0.1018869,O=C(CCN1CCN(c2cccc(Cl)c2)c2ccccc21)Nc1ccc(F)cc1F,1,0.0448534,0.0449,0.5748976,0.5749,0.9986977,427.8820,28
27.8729,34.7161,34.8057,0.5793482,CN(CC(=O)O)c1cccc(NS(=O)(=O)NC(=O)OCc2ccccc2)c1,1,0.5245850,0.5246,0.6242439,0.6242,0.9999455,393.4210,28
40.1869,52.0721,18.0141,0.5840516,Cc1ccc(NCN2C(=O)N(c3cccc(F)c3)C3(CCC(=O)N3)c3ccccc32)c(F)c1,1,0.5374518,0.5375,0.5997167,0.5997,0.9913868,448.4730,28
27.8340,27.7574,-15.4759,0.1023460,CC(C)CNCc1ccc(Oc2cc(F)cc(Br)c2)c(Br)c1,1,0.0442550,0.0443,0.6164086,0.6164,0.9982423,431.1430,28
31.0080,37.2494,-23.7717,0.1123139,COc1ccc(-n2cccc2C2C(c3ccccn3)NC(=S)N2c2ncccc2N2CCC(C)CC2)cc1,1,0.0851132,0.0851,0.3253246,0.3253,0.0932656,524.6940,28
29.5347,31.4037,-14.8500,0.1379476,Cn1c(-c2ccc3c(N)ccnc3c2)cc2cccnc21,1,0.0690073,0.0690,0.5786827,0.5787,0.9999894,274.3270,28
37.4950,50.8855,10.1656,0.5087586,Cc1ccc(-n2c(=O)n(C3NS(=O)(=O)Nc4ccc(Cl)cc43)c(=S)n2-c2ccccc2)cc1,1,0.5395383,0.5395,0.4178747,0.4179,0.4998848,500.0050,28
32.9671,37.2823,49.8819,0.7263687,COc1ccc(S(=O)(=O)Nc2ccc(NC(=O)c3ccc4c(c3)CCCC4)cc2C)cc1C,1,0.7666523,0.7667,0.5222250,0.5222,0.9630898,464.5870,28
36.4300,43.0507,-12.1722,0.2573206,COc1ccc(NC(=O)C(Oc2cc(Cl)ccc2Cl)C(C)C)cc1NC(=O)c1ccc(C)cc1,1,0.2138967,0.2139,0.3645281,0.3645,0.4675790,501.4100,29
43.4898,49.0675,10.0365,0.4925335,COc1ccc(N2CCN(C3(Cc4ccc5c(c4)OCO5)NC(=O)N(N=Cc4ccncc4)C3=O)CC2)cc1,1,0.7115065,0.7115,0.3681515,0.3682,0.0671510,528.5690,29
39.4074,43.3504,-34.9133,0.0703096,CN1CCCC(C)(Nc2ccn3nc(N)c([N+](=O)[O-])c3c2)C1,1,0.0253654,0.0254,0.6610402,0.6610,0.9999993,304.3540,29
39.7688,45.2267,1.6998,0.3910540,COc1ccc(S(=O)(=O)N(C)Cc2ccc(OC)c(C(=O)NNC(N)=O)c2)cc1OC,1,0.3188761,0.3189,0.5025984,0.5026,0.9875797,452.4890,29
33.8682,36.8677,0.9301,0.3149817,O=C(Nc1ccc(Cl)cn1)c1cc(-c2ccc3c(c2)OCO3)n(-c2ccccc2Cl)n1,1,0.2403613,0.2404,0.4584790,0.4585,0.9866475,453.2850,29
33.3933,40.3948,41.6285,0.6835277,Cc1ccccc1C1CCN(C(=O)c2cc(NS(C)(=O)=O)c(O)cc2O)C1,1,0.6892211,0.6892,0.5489522,0.5490,0.9999585,390.4610,29
35.8190,47.0544,-13.7329,0.2776796,COc1cc(Nc2ccnc(Nc3ccc(Cl)cc3C)n2)ccc1N1CCN(S(=O)(=O)c2ccc(C)cc2)CC1,1,0.6585824,0.6586,0.2724315,0.2724,0.0006834,579.1260,29
39.7053,47.7187,22.2251,0.5828646,COc1cccc(NC(=O)CN(C(=O)c2ccc(Cl)nc2Cl)c2ccc3ccccc3c2)c1,1,0.6366486,0.6366,0.3524594,0.3525,0.8593303,480.3510,29
29.6258,32.1416,57.1260,0.7438966,O=S(=O)(c1ccccc1)N1CCN(c2cc(-c3cccc(C(F)(F)F)c3)[nH]n2)CC1,1,0.7323749,0.7324,0.6786079,0.6786,0.9971350,436.4590,29
34.1311,43.9212,-0.1385,0.3648561,O=C(Nc1ccc(N2CCN(C(=O)c3ccco3)CC2)cc1)NC(C(=O)Nc1ccc(F)cc1)c1ccc(F)cc1,1,0.7356528,0.7357,0.2948561,0.2949,0.0041237,559.5730,29
35.2513,43.7053,-13.2026,0.2541897,COc1ccc(N2CCN(c3ccc(NS(=O)(=O)c4ccc(OC)cc4)cc3C(=O)Nc3cc(C)ccc3O)CC2)cc1,1,0.8343884,0.8344,0.2265806,0.2266,0.0000779,602.7130,29
29.7752,34.9907,-10.6614,0.2027443,Cc1ccc(O)c(CNS(=O)(=O)N2CCc3ccccc3C2)c1,1,0.1054172,0.1054,0.9006462,0.9006,0.9999998,332.4250,29
36.3409,42.2394,0.6219,0.3571775,COc1ccc(N2C(=O)CC3Nc4cc(Cl)ccc4N(CC(C)(C)C)C32)cc1,1,0.2442028,0.2442,0.8078206,0.8078,0.9999007,399.9220,29
28.7377,37.0016,-37.0016,0.0000000,c1cccc(c1)COc1ccc(cc1OC)C1N(CCc2ccccc2)C(NC1c1ncccc1)=S)c1cccn1C,0,0.0000000,0.0000,0.0000000,0.0000,0.0000000,0.0000,29
39.5556,40.1242,37.6766,0.6483394,COc1ccc(-c2noc(CNC(=O)C(Cc3ccc(C)cc3)NC(=O)c3ccoc3)n2)cc1,1,0.7056227,0.7056,0.3932247,0.3932,0.9743944,460.4900,29
42.6668,41.6845,10.0217,0.4308848,CCN(CC)C(=O)c1ccc(Cc2nc3cc(F)ccc3n2CCN(C)C)o1,1,0.3483355,0.3483,0.5954153,0.5954,0.9999712,386.4710,29
37.6663,39.2371,32.1374,0.5947874,N#CN1C2CC1CN(c1nccc(Nc3cccc(Cl)c3)n1)C2,1,0.4946560,0.4947,0.8744754,0.8745,0.9999999,326.7910,29
32.0451,33.3501,20.6103,0.4496698,Cn1cccc1N1CCN(S(=O)(=O)c2ccccc2OC(F)(F)F)CC1,1,0.3395259,0.3395,0.8061607,0.8062,0.9999623,389.3990,29
36.9309,39.4824,30.5483,0.5835894,O=C(CC(Sc1nc2ccccc2s1)C(=O)Nc1ccc([N+](=O)[O-])cc1)Nc1cccnc1,1,0.7359664,0.7360,0.2124477,0.2124,0.8680881,479.5430,29
31.8809,35.4281,28.6462,0.5339522,Cc1nn(C)cc1S(=O)(=O)Nc1cccc(OC2CCN(C(=O)OC(C)(C)C)CC2)c1,1,0.4437193,0.4437,0.7497345,0.7497,0.9895794,450.5610,29
39.4790,42.8574,-33.0693,0.0815676,c1cnc(Nc2ccc3c(c2)C(c2ccn[nH]2)CO3)nn1,1,0.0301245,0.0301,0.7609721,0.7610,0.9999939,280.2910,29
29.6848,31.8247,-6.1241,0.2141724,S=C(N1CCN(c2ccccc2)CC1)N1N=C(c2ccco2)CC1c1ccccc1Cl,1,0.1341178,0.1341,0.5128399,0.5128,0.9891591,450.9950,29
33.1710,34.5866,23.8539,0.4870040,COc1ccc(OCc2nnc(SCC(=O)N3N=C(c4ccco4)CC3c3cccs3)o2)cc1,1,0.5431411,0.5431,0.3050571,0.3051,0.5783281,496.5700,29
32.4876,39.4426,7.4048,0.3903953,CC(C)(N)Cc1ccccc1NC(=O)c1cnc2n(c1=O)CCS2,1,0.2754534,0.2755,0.8267124,0.8267,0.9999994,344.4400,29
31.3039,38.9379,34.6811,0.6134918,CC(=O)Nc1ccc(S(=O)(=O)Nc2cc(C(=O)N3CCC(C)(O)C3)ccc2F)cc1,1,0.5591111,0.5591,0.6658397,0.6658,0.9973822,435.4770,29
33.8247,39.7480,-4.8985,0.2904127,COc1cc(C=C2NN(Cc3cccc(F)c3F)C(=O)S2)c(Br)cc1OCc1ccccc1Cl,1,0.5736417,0.5736,0.3288797,0.3289,0.0019302,567.8390,29
38.2426,45.8478,-19.7214,0.2177201,Cc1ccc(C2N(CCN3c4ccccc4N=S3(=O)c3ccc(Cl)cc3)CCN2Cc2ccccc2)cc1,1,0.2974373,0.2974,0.2508285,0.2508,0.0184699,543.1360,29
25.6729,31.2971,40.5801,0.5989767,COc1ccccc1N=NNc1nc(Nc2ccccc2)nc(N2CCCCC2)n1,1,0.6104585,0.6105,0.4337966,0.4338,0.9998490,404.4780,29
31.8281,40.1324,19.9431,0.5006288,CN(C)c1ccc(C=NNC(=O)N2CCN(c3nccn3-c3ncccn3)CC2)cc1,1,0.4540762,0.4541,0.4986083,0.4986,0.9993982,419.4930,29
44.9690,57.2722,-51.4538,0.0484859,O=C(NN1C(=O)NC(c2ccccn2)C1C1=CC(c2ccc(Br)cc2)NC(=O)N1c1ccc(F)cc1)c1ccccc1,1,0.1043584,0.1044,0.2582497,0.2582,0.0000080,627.4740,29
38.5620,39.6878,-29.6186,0.0839104,C1CCN(CCN2CCC(N3CC4C5CCN4CC53)CC2)C1,1,0.0313087,0.0313,0.7660394,0.7660,0.9999993,304.4820,29
42.8065,45.4479,28.1366,0.6132042,COc1ccc(N2CCc3nc(-c4ccc(CC=O)cc4)oc3C2)cc1,1,0.5602141,0.5602,0.6588501,0.6589,0.9999992,348.4020,29
31.0479,40.1273,34.1536,0.6190074,O=C(Nc1ccc([N+](=O)[O-])cc1)C(NCc1ccccn1)c1ccc(-c2ccccc2)cc1,1,0.7155749,0.7156,0.2937223,0.2937,0.9965487,438.4870,29
32.6902,32.5462,-18.6005,0.1162139,Nc1cnn2c1C(O)NC=C2,1,0.0625357,0.0625,0.4675793,0.4676,0.5495040,152.1570,29
42.2351,45.6187,-26.6429,0.1581309,CN1C(=O)C2C3C=CC(C3)C2C=CC(OC(=O)C2Oc3ccccc3O2)=CC2=C1C=C2,1,0.0852591,0.0853,0.5464874,0.5465,0.9995854,415.4450,29
39.6789,43.1700,0.4194,0.3632454,CC(C)(C)OC(=O)NC(CSSC(C)(C)C)C(=O)Nc1ccc(Nc2ccc(F)c(Cl)c2)nc1,1,0.4778821,0.4779,0.3310028,0.3310,0.0641346,529.1030,29
44.9373,45.8375,12.1997,0.4836438,CCc1[nH]nc2sc(-c3nc(C(=O)Nc4cccc(-n5nnnc5C)c4)cs3)cc12,1,0.4502974,0.4503,0.4325206,0.4325,0.9971174,436.5260,29
48.4713,54.3206,-16.9920,0.3110720,COc1cc(NC(N)=O)cc(NC(=O)C=Cc2ccc(-c3cccc(OC)c3OC(F)Cl)o2)c1,1,0.2823719,0.2824,0.2874473,0.2874,0.7173678,489.8870,29
26.3842,30.0085,22.1605,0.4347418,COc1cc(C=C2C(=O)NC(=O)N(c3cc(C)ccc3C)C2=O)ccc1O,1,0.3451110,0.3451,0.6431349,0.6431,0.9999955,366.3730,29
31.7669,36.7024,-19.1298,0.1464386,CC(C(=O)NCCCC(=O)N1CCOC(c2ccc(F)cc2)C1)c1ccc(F)cc1,1,0.0711102,0.0711,0.7024509,0.7025,0.9995444,416.4680,29
28.3050,34.5797,20.3890,0.4580725,Nc1ccn(CC(=O)Nc2ccc3c(c2)Sc2ccccc2N3)n1,1,0.3921757,0.3922,0.5339352,0.5339,0.9999997,337.4080,29
32.0684,34.4970,-20.0104,0.1207219,CN1CCC(CCNC(=O)Nc2cnc(Oc3ccccc3)s2)CC1,1,0.0515845,0.0516,0.8224604,0.8225,0.9999974,360.4830,29
46.1820,47.2308,1.9707,0.4100119,CN1CCN(c2nc(Oc3ccc4c(c3)OC(F)(F)O4)c3ccc(-c4ccccc4Cl)cc3n2)CC1,1,0.4586159,0.4586,0.3428591,0.3429,0.2676640,510.9280,29
31.3015,33.0405,31.3114,0.5362661,O=C(Nc1ccc(NCc2ccc(Cl)cc2Cl)cc1Cl)c1ccccn1,1,0.4860964,0.4861,0.5538771,0.5539,0.9998147,406.7000,29
32.3653,34.7678,5.4592,0.3352254,Cc1ccc(C(NC(=O)Cc2ccc(C(N)=O)cc2)c2ccc(Cl)cc2)cc1,1,0.2363488,0.2363,0.6595670,0.6596,0.9999481,392.8860,29
35.3901,41.1973,49.3297,0.7543918,Cc1cc(NS(=O)(=O)c2ccc3c(c2)NC(=O)CO3)ccc1N1Cc2ccc(Cl)cc2C1,1,0.7824484,0.7824,0.5944521,0.5945,0.9409056,469.9500,29
37.1676,42.4203,10.5419,0.4413517,COC(=Nc1cccnc1)NC(C)c1cc2ccccc2oc1=O,1,0.3892852,0.3893,0.4549736,0.4550,0.9999999,323.3520,29
28.2737,35.0479,7.4292,0.3539754,CN(C(=O)COC(=O)c1ccc(Cl)cc1F)C1CS(=O)(=O)CN1,1,0.2437579,0.2438,0.7771611,0.7772,0.9999961,364.7820,29
40.8878,42.8653,3.3070,0.3847689,CC1(C)Oc2ccc(CNC3CC(c4ccc(F)cc4)n4nccc4NC3=O)cc2O1,1,0.2863271,0.2863,0.6716650,0.6717,0.9992092,422.4600,29
41.8729,47.7474,22.7764,0.5876977,Cc1cccc(-n2c(C)cc3c(c2=O)C(c2ccc(F)cc2)CC(Nc2ccccc2O)O3)c1,1,0.6141872,0.6142,0.3896183,0.3896,0.9821007,456.5170,29
33.3753,31.5820,-18.9996,0.1048531,Cc1cc(-c2ccc(CNC(=O)C3CC3C)cc2)ccn1,1,0.0406843,0.0407,0.9330662,0.9331,0.9999939,280.3710,29
70.8382,74.5151,-34.6420,0.3322760,CC(O)OC1C(O)OC(C(C)O)C(OS(=O)(=O)O)C1OC(C)C(=O)N1CC=CN=N1,1,0.3103742,0.3104,0.2451604,0.2452,0.9837607,455.4420,29
34.8873,37.8886,-16.4998,0.1782399,CC=C1CCC(N(NC(=O)OCc2ccccc2)C(=O)NC)CC1,1,0.0958897,0.0959,0.6589047,0.6589,0.9999998,331.4160,29
43.4593,43.1746,-27.5081,0.1305546,Cc1c(N(c2ccc3c(c2)C(C)(C)c2ccccc2-3)c2ncccc2-c2ccccc2)ccc2c1C(C)(C)c1ccccc1-2,1,0.2105768,0.2106,0.2102282,0.2102,0.0017728,568.7640,29
31.1321,36.4283,-21.0838,0.1278702,Cc1ccc(Nc2nc3c(Cl)cccn3c2CO)cc1C,1,0.0570138,0.0570,0.7725313,0.7725,0.9999992,301.7770,29
29.2900,38.3686,-23.3821,0.1248871,COC(=O)c1cccc(Nc2cnc(NCCc3ccccn3)cn2)c1,1,0.0583331,0.0583,0.6337046,0.6337,0.9999990,349.3940,29
39.2069,44.2135,8.7682,0.4415141,Cc1nn(-c2ccccc2)nc1-c1ccnc(Nc2ccc(N[S+]([O-])N3CCCC3)cc2)n1,1,0.4054528,0.4055,0.4005012,0.4005,0.9742169,460.5670,29
26.2666,27.5961,37.1299,0.5393829,COc1cccc(CSc2nnc(-c3cccc([N+](=O)[O-])c3)o2)c1,1,0.5458173,0.5458,0.3800323,0.3800,0.9999995,343.3640,29
42.1234,43.4065,9.9770,0.4448624,CCCCOc1ccc(C(=O)Nc2cc(OC(C)C)c(C(N)=O)c(-c3ccc(C)cc3)n2)cc1,1,0.4116479,0.4116,0.3949085,0.3949,0.9718121,461.5620,29
30.5545,32.4947,6.1170,0.3217639,CCOc1ccc(NC(=O)c2cn[nH]c2-n2cccc2)cc1C(=O)O,1,0.2249595,0.2250,0.6387367,0.6387,0.9999996,340.3390,29
37.0934,39.7939,28.5768,0.5697559,Cc1ccc(C2(c3ccccc3)Cc3ccc(OCc4ccc(Cl)cc4Cl)cc3O2)cc1,1,0.6325785,0.6326,0.3024509,0.3025,0.9722478,461.3880,29
24.8411,26.8295,-8.9571,0.1489360,Cc1nc(C(=O)Nc2ccncc2)cc(N2CCN(C)CC2)n1,1,0.0674960,0.0675,0.9173285,0.9173,0.9999997,312.3770,29
34.9132,36.9461,-25.1596,0.0982206,CSc1cc(C(=O)N2CCNC(C(N)=O)C2)c[nH]c1=O,1,0.0416530,0.0417,0.6197967,0.6198,0.9999986,296.3520,29
29.4811,31.3416,-5.1375,0.2183676,CCOc1ccccc1Oc1nc(N)c(I)c(=O)[nH]1,1,0.1211590,0.1212,0.8020432,0.8020,0.9999916,373.1500,29
35.0728,48.1770,-13.9761,0.2850069,CC(NC(=O)Nc1ccc(F)cc1)c1cccnc1N1CCN(S(=O)(=O)N2CCN(Cc3ccccc3)CC2)CC1,1,0.6234204,0.6234,0.4236539,0.4237,0.0005383,581.7180,30
30.2807,34.1308,-15.0096,0.1593435,CCC1(CN)Cc2sccc2CN1Cc1ccccn1,1,0.0738174,0.0738,0.9399768,0.9400,0.9999968,287.4320,30
44.7956,56.8856,-53.0603,0.0318770,O=C1C(=O)N(Cc2ccco2)C(=O)N1CCn1c(C2CCNC2)nn2cccc12,1,0.0089355,0.0089,0.4880695,0.4881,0.9999282,396.4070,30
34.9964,41.1742,-17.0257,0.2012369,COc1ccc(C)cc1NC(=S)Nc1cccc(CN(c2ccc(C)cc2)S(=O)(=O)N(C)C)c1,1,0.1411334,0.1411,0.4290349,0.4290,0.5304941,498.6740,30
25.4809,25.9715,-9.3086,0.1388578,c1cc2c3c(c1)CC1Nc4ccccc4C31CC2,1,0.0650352,0.0650,0.7360927,0.7361,0.9995352,233.3140,30
35.5473,44.6426,-44.6424,0.0000015,Cn1nccc1CNC(=O)Nc1ccc2c(c1)CCN(C(=O)OC(C)(C)C)C(=O)N2Cc1ccccc1Cl,1,0.0000000,0.0000,0.4570534,0.4571,0.0267177,539.0360,30
40.5212,47.4556,-26.7436,0.1726004,O=C(Nc1cccc(C(F)(F)F)c1)C1CCN(Cn2nc(-c3cccnc3)n(N3CCN(c4ccc(F)cc4)CC3)c2=S)CC1,1,0.8053436,0.8053,0.2143399,0.2143,0.0000023,640.7110,30
52.1634,56.0955,-56.0955,0.0000000,O(SC(C)(C)C)c1ccc(cc1(F)F)C(=O)N1c2c(cccc2)CN(C(=O)O)CC1,0,0.0000000,0.0000,0.0000000,0.0000,0.0000000,0.0000,30
29.3523,30.4031,60.3936,0.7566392,O=S(=O)(Nc1ncccn1)c1ccc(Nc2nc3ccccc3s2)cc1,1,0.7980573,0.7981,0.5461720,0.5462,0.9999782,383.4580,30
35.9595,42.5371,33.2877,0.6318737,Cc1c(F)cccc1OCc1nc(C(=O)N2CCCC(c3ncnn3C)C2)cs1,1,0.5898490,0.5898,0.6392176,0.6392,0.9995835,415.4940,30
35.0197,39.1645,-9.0819,0.2506878,Cc1cc(S(=O)(=O)NC(C)c2ccccn2)ccc1Oc1ccc(F)cc1[N+](=O)[O-],1,0.1750335,0.1750,0.4417070,0.4417,0.9981928,431.4450,30
25.4778,27.2717,24.0647,0.4278035,O=C(C1CC1)N1CC(Oc2cnc3ccccc3c2)C1,1,0.3107106,0.3107,0.8569969,0.8570,0.9999815,268.3160,30
35.4267,36.6699,47.7689,0.7036564,CC1CN(C(=O)COc2ccc(C(F)(F)F)cc2)CCN1S(=O)(=O)c1ccccc1F,1,0.6890604,0.6891,0.6434491,0.6434,0.9744884,460.4490,30
24.8187,29.8380,-29.8378,0.0000012,CCNC(=O)C(Cc1ccccc1)N(CCc1ccccc1)C(=O)CN(c1ccccc1F)S(=O)(=O)N(C)C,1,0.0000000,0.0000,0.3513518,0.3514,0.0064516,554.6880,30
37.7802,41.5399,13.7369,0.4606399,CCOC(=O)Oc1ccc(NC(=O)C(C#N)=Cc2cc(C)n(-c3ccc(O)cc3)c2C)c(C)c1,1,0.5064824,0.5065,0.2269766,0.2270,0.9765694,459.5020,30
30.2082,30.9266,-20.2195,0.0892253,O=C1Nc2ncnn2C(c2ccc(Cl)cc2Cl)C1Cl,1,0.0334892,0.0335,0.8227614,0.8228,0.9999998,317.5630,30
18.0345,20.5618,-8.0506,0.1042602,Cc1ccc(CC(=O)NN)cc1,1,0.0539651,0.0540,0.3803048,0.3803,0.7872795,164.2080,30
33.2374,39.7102,-18.4005,0.1775803,COc1ccc(NC(=O)C2CCN(S(=O)(=O)c3ccc(F)cc3)CC2)cc1-c1ccc(F)cc1F,1,0.1162900,0.1163,0.5224945,0.5225,0.3971802,504.5300,30
30.8305,34.9316,50.3986,0.7110851,Cc1ccc(Nc2ccc(N3CCN(c4ccc5nc(C)cc(=O)n5n4)CC3)nn2)cc1,1,0.7366146,0.7366,0.5303544,0.5304,0.9986215,428.5000,30
23.2889,26.3881,43.7111,0.5841599,Cc1ccc(-c2cn3nc(N4CCCC4=O)sc3n2)cc1,1,0.5074630,0.5075,0.7307077,0.7307,0.9999989,298.3710,30
34.0776,35.0705,3.1994,0.3189155,CC(=O)Nc1ccn(C2CCC(C=CP(=O)(O)O)O2)c(=O)n1,1,0.2174341,0.2174,0.6882265,0.6882,0.9999999,329.2490,30
25.6204,29.4310,-13.6883,0.1311889,CC1(c2ccc(F)cc2)NC(=O)N(CC(=O)OCC(=O)Nc2ccc(F)cc2)C1=O,1,0.0651047,0.0651,0.5520126,0.5520,0.9995051,417.3680,30
32.6593,34.8559,12.8026,0.3971543,CNc1ncc(-c2nc3ccccc3s2)c(Nc2ccccc2O)n1,1,0.3301294,0.3301,0.4779712,0.4780,0.9999990,349.4190,30
25.7094,27.6358,3.3633,0.2583259,COc1ccc(OC)c(NC(=O)CN(C)Cc2ccc(Cl)cc2Cl)c1,1,0.1550960,0.1551,0.7829653,0.7830,0.9999785,383.2750,30
31.1067,41.7046,14.0640,0.4647385,O=C(O)c1ccc(CN2CC3N=NN3C(=O)C2=O)cc1,1,0.3568774,0.3569,0.7984154,0.7984,0.9999893,274.2360,30
28.0277,31.2270,32.0460,0.5272748,O=C(S)c1ccc(S(=O)(=O)N2CCN(c3ccccc3)CC2)cc1,1,0.4201161,0.4201,0.8479943,0.8480,0.9999968,362.4760,30
28.7400,30.5719,-8.0127,0.1879938,C=CCn1nnnc1NC(c1ccc(OC)cc1)c1ccc(OC)cc1,1,0.1048635,0.1049,0.6288304,0.6288,0.9999989,351.4100,30
36.2046,43.5643,15.4067,0.4914246,Cc1ccnc(N2CCN(Cc3ccccn3)C(c3nccc(-c4ccco4)n3)C2)n1,1,0.4436617,0.4437,0.4928080,0.4928,0.9996539,413.4850,30
42.5692,48.3814,-1.2326,0.3929065,COc1ccc(N2C(=O)N(CCC(=O)O)C3(Cc4ccccc4N(Cc4ccc(Cl)cc4Cl)C3)C2=O)cc1,1,0.6998329,0.6998,0.4017955,0.4018,0.0066057,554.4300,30
46.0739,53.0549,-47.4218,0.0469429,CS(=O)(=O)N(Cc1ccc2c(c1)N(NC(=O)COc1ccc(Br)cc1)C(=O)CO2)c1c(Cl)cccc1Cl,1,0.0906105,0.0906,0.3922339,0.3922,0.0000067,629.3160,30
32.9048,36.8748,-36.8747,0.0000012,CC(COP(=O)([O-])OCC[N+](C)(C)C)OC(=O)CCCCCCCCCCCCNc1ccccn1,1,0.0000000,0.0000,0.0975143,0.0975,0.0611289,529.6590,30
30.6965,30.8523,-16.8542,0.1166510,Cc1cc(Oc2ocnc2CNC2CC2)cc(C)c1Cl,1,0.0477936,0.0478,0.9050027,0.9050,0.9999980,292.7660,30
34.8842,36.8435,21.2004,0.4836990,OC(CN1CCN(c2cnccn2)CC1)c1cccc(CN2CCOCC2)n1,1,0.3811982,0.3812,0.7742006,0.7742,0.9999760,384.4840,30
26.8588,29.0208,26.5265,0.4628939,O=C(NCc1ccn[nH]1)N1CCC(Cc2ccccc2)C1,1,0.3425121,0.3425,0.9037376,0.9037,0.9999958,284.3630,30
32.1940,39.5589,-0.6930,0.3238823,CC1CN(C(=O)c2cc(Sc3ccc(F)cc3)cc(Br)c2N)CC(C)O1,1,0.2202253,0.2202,0.7123831,0.7124,0.9962643,439.3500,30
31.8047,38.8146,-12.5455,0.2189097,O=C1NC(c2ccccn2)C(c2cc(Br)ccc2OCc2ccccc2)N1Cc1ccco1,1,0.1779544,0.1780,0.3341918,0.3342,0.4004041,504.3840,30
32.7709,38.8524,12.1545,0.4250578,O=C(Nc1cccc(F)c1)N(Cc1cccs1)S(=O)(=O)c1cccc(F)c1,1,0.3291412,0.3291,0.6783432,0.6783,0.9997823,408.4510,30
35.1517,40.4420,-3.1115,0.3110875,CC1CN(CC(=O)N2CC(=O)Sc3ccccc32)CCN1S(C)(=O)=O,1,0.2038771,0.2039,0.7614266,0.7614,0.9999781,383.4950,30
40.9497,41.1935,24.4625,0.5471337,COc1ccc(CCn2c(N=Nc3ccccn3)nc3ccccc3c2=O)cc1,1,0.5278086,0.5278,0.4589922,0.4590,0.9999739,385.4270,30
29.5150,34.6789,50.9804,0.7138280,CCc1cc(CC(=O)N2CCN(c3ncccn3)CC2)nc(-c2ccc(C)cc2)n1,1,0.6977423,0.6977,0.6532246,0.6532,0.9998741,402.5020,30
25.9002,31.1814,55.6078,0.7232436,O=C1CN(C(=O)CN2CCN(c3ccc(-c4ccc(F)cc4)nn3)CC2)c2ccccc2N1,1,0.7086460,0.7086,0.6629575,0.6630,0.9928169,446.4860,30
27.0271,28.3706,38.2939,0.5555375,COc1cccc(CNC(=O)CC(=O)N(C)Cc2ccccc2)c1,1,0.4611119,0.4611,0.7947760,0.7948,0.9999999,326.3960,30
24.9043,25.4989,-16.0196,0.0789940,CN1CCN(c2nccnc2Nc2ccc(F)cc2)CC1,1,0.0271195,0.0271,0.9364476,0.9364,0.9999968,287.3420,30
46.2993,51.5585,1.4708,0.4419111,CCn1c(SC(C(N)=O)c2cccs2)nc(C)c1N(C)S(=O)(=O)c1ccc(OC)cc1,1,0.3949796,0.3950,0.4703238,0.4703,0.8561161,480.6370,30
52.5962,56.0556,-25.7589,0.2524726,CCN(CC)C(=O)c1ccc(NC(=O)CSc2nc3cc(C)oc3cc2OC(=O)c2ccccc2F)cc1,1,0.3480393,0.3480,0.2164431,0.2164,0.0363126,535.5970,30
39.3294,40.7344,-3.5041,0.3102518,COc1ncc(-c2ccc(-c3cncnc3)c(CN)c2)nc1N,1,0.2037419,0.2037,0.7529925,0.7530,0.9999995,308.3450,30
33.0774,35.8206,-14.9552,0.1738787,COC(=O)C(NC(C)=O)C(OC(=O)c1cccc(N)c1)c1ccccc1,1,0.0948857,0.0949,0.6039902,0.6040,0.9999982,356.3780,30
53.9309,56.4500,-43.9355,0.1042875,[N-]=[N+]=NC1(O[P+]([O-])(O)O)OC2COC(n3cc(N)c(=O)[nH]c3=S)C(O)C21,1,0.0715441,0.0715,0.1259502,0.1260,0.9997855,408.2890,30
26.0476,31.8875,-19.5014,0.1032174,COc1ccc(N2C(=O)NC(C(C)N)C2=O)c(OC)c1,1,0.0418458,0.0418,0.7815997,0.7816,0.9999933,279.2960,30
39.0933,49.1344,-1.3236,0.3984227,COc1cccc(Nc2cc(N(c3ccccc3)S(C)(=O)=O)cnc2Nc2ccc(F)c(F)c2)c1,1,0.4044648,0.4045,0.3135374,0.3135,0.5790244,496.5390,30
33.9225,39.5000,14.8258,0.4527149,COCCOc1ccc(C(=O)NC(=S)Nc2ccccc2ONC(=O)c2ccco2)cc1,1,0.4766795,0.4767,0.2563909,0.2564,0.9836869,455.4920,30
33.8827,44.7597,19.8443,0.5383663,CN1C(NC(C)(C)C)=NCC1CN1CCN(C(=O)Nc2ccc(F)cc2F)CC1,1,0.4393165,0.4393,0.8048511,0.8049,0.9997813,408.4970,30
43.9497,50.9616,-15.9151,0.2920539,O=C(COc1cccc2ccccc12)Oc1cc(C(=O)NNC(=O)c2cc3cc(Cl)ccc3o2)cc2ccccc12,1,0.7157834,0.7158,0.1366931,0.1367,0.0025100,564.9810,30
35.0494,39.5443,10.3438,0.4157340,Cc1csc2nc(COc3cccc(NC(=O)c4coc(C5CC5)n4)c3)cc(=O)n12,1,0.3463754,0.3464,0.5079665,0.5080,0.9992088,422.4660,30
30.8545,32.6189,6.8297,0.3287380,CCOc1ccccc1NS(=O)(=O)c1ccc(OC2CCC2)c(C)c1,1,0.2170919,0.2171,0.8053742,0.8054,0.9999971,361.4630,30
25.3982,31.2027,-4.3728,0.2235825,CC(=O)Nc1cc(NC(=O)Nc2ccc(Cl)cc2)ccc1N1CCC(Cc2ccccc2)CC1,1,0.1570792,0.1571,0.3849850,0.3850,0.8926061,477.0080,30
24.8208,28.0878,17.8972,0.3832083,O=C1C(=O)N(Cc2cccc(Cl)c2)C(=O)N1CCCN1CCOCC1,1,0.2995141,0.2995,0.5619721,0.5620,0.9999957,365.8170,30
38.5192,41.3814,-2.9967,0.3198721,Cc1ccccc1NS(=O)(=O)c1cccc(-c2csc(N3CCN(S(=O)(=O)c4c(C)noc4C)CC3)n2)c1,1,0.6982051,0.6982,0.3512549,0.3513,0.0011237,573.7220,30
29.4420,34.9158,-0.4129,0.2875242,Fc1ccc(NC(=S)N(Cc2c(F)cccc2Cl)c2ccc3c(c2)OCCO3)cc1,1,0.2041986,0.2042,0.5126425,0.5126,0.9925358,446.9060,30
31.9515,31.4054,15.0739,0.3873277,C#CCOC(=O)CNC(=O)c1cccc(S(=O)(=O)N(CC)CC)c1,1,0.3064896,0.3065,0.5469382,0.5469,0.9999987,352.4120,30
30.8862,32.0109,0.3164,0.2693935,Cn1ccnc1CN(c1nc2cc(Cl)ccc2s1)C1CCCC1,1,0.1707205,0.1707,0.6901386,0.6901,0.9999992,346.8870,30
29.8040,31.3406,13.7015,0.3753504,Cc1nn(Cc2nc(C(=O)Nc3ccccc3)co2)c(C)c1Br,1,0.2670454,0.2670,0.7570747,0.7571,0.9999898,375.2260,30
31.2960,34.0998,46.6794,0.6731602,COc1cccc2cc(C(=O)Nc3nc4ccccc4n3Cc3ccc(Cl)cc3)oc12,1,0.7466564,0.7467,0.3846609,0.3847,0.9981192,431.8790,30
31.8323,39.1826,-19.6629,0.1626643,COc1ccc(S(=O)Nc2ccccc2OC)cc1NC(=O)COc1cc(C)c(Br)c(C)c1,1,0.1523832,0.1524,0.3933821,0.3934,0.0439271,533.4440,30
36.6119,41.0566,-41.0566,0.0000000,c1c(F)cc(CN(C)S(C2CCN(C(=O)CNC(=O)OC(C)(C)C)(C)C2)(=O)=O)cc1,0,0.0000000,0.0000,0.0000000,0.0000,0.0000000,0.0000,31
35.6618,37.1501,-26.4363,0.0892816,O=C(Cc1ccc2c(c1)CCCN2)N1CCCN(c2ccc(F)cn2)CC1,1,0.0326181,0.0326,0.9051245,0.9051,0.9999945,368.4560,31
29.3883,34.1232,32.7154,0.5569881,O=C(Nc1ccc(F)c(F)c1)N1CCN(c2nn3c(=O)ccnc3s2)CC1,1,0.4762772,0.4763,0.7190035,0.7190,0.9999504,392.3910,31
43.4366,51.7847,1.7860,0.4464222,CCc1nc(N2CCN(C(=O)NC(C)(C)C)CC2)nc(COC)c1CNc1cc(Cl)c(OC)cc1OC,1,0.6160661,0.6161,0.4957042,0.4957,0.0379859,535.0890,31
44.9336,56.8854,-18.8528,0.3169385,CCCN1CCC(NS(=O)(=O)C(CN2CCN(S(=O)(=O)c3ccc(F)cc3)CC2)NC(N)=O)CC1,1,0.4051395,0.4051,0.3807012,0.3807,0.0393866,534.6800,31
36.7196,47.2600,-2.1556,0.3758702,Cc1ccc(N2C3=NCC(C(=O)Nc4ccccc4C(=O)Nc4ccc(Cl)cn4)C2C(=O)N3)cc1,1,0.3130839,0.3131,0.5096731,0.5097,0.7348020,488.9350,31
34.7726,40.5981,-16.2476,0.2029207,COc1ccc(S(=O)(=O)N2CCN(c3ccc(NS(=O)(=O)c4ccc(C)cc4)cc3NC(=O)c3cccs3)CC2)cc1,1,0.7836215,0.7836,0.2776359,0.2776,0.0000085,626.7820,31
53.5747,58.8149,19.9184,0.6561111,COc1ccc(Nc2nnc(N)c3ccc(N4CCC5(C4)CN5C(=O)NC(N)=O)cc23)cc1Cl,1,0.7238668,0.7239,0.4140452,0.4140,0.8280714,482.9320,31
24.3110,25.4667,49.4653,0.6244329,COc1cccc(C(=O)NNC(=O)c2ccc(F)cc2)c1,1,0.5349692,0.5350,0.8477718,0.8478,0.9999971,288.2780,31
26.4675,32.8540,-20.0604,0.1066131,COc1cccc(NC(=O)c2ccc(NC(=O)c3ccc(NS(=O)(=O)c4ccc(C)cc4)cc3)cc2)c1,1,0.0733226,0.0733,0.2943607,0.2944,0.1921679,515.5910,31
38.1558,40.3083,37.7848,0.6507759,Clc1ccc(C2CCc3c2nc(N2CCc4ccccc4C2)nc3N2CCOCC2)s1,1,0.6345428,0.6345,0.5772857,0.5773,0.9869760,453.0110,31
39.3623,43.1342,36.5869,0.6643427,O=C(O)OCC(Cc1nn(Cc2ccccc2Cl)c2ccccc12)NC(=O)c1ccccc1,1,0.7462688,0.7463,0.3668736,0.3669,0.9652095,463.9210,31
42.3004,43.3462,-23.7939,0.1629357,CCc1cccc(NC(=O)N(Cc2cc(Br)ccc2O)c2ccccc2C(C)C)c1,1,0.0974595,0.0975,0.4071242,0.4071,0.9526610,467.4070,31
31.6817,34.3889,-16.0868,0.1525180,O=C(C[N+](=O)[O-])Nc1c2ccccc2cc2cc(Br)ccc12,1,0.0863077,0.0863,0.4369518,0.4370,0.9999977,359.1790,31
33.2677,37.9717,-17.0569,0.1742903,O=NN1CC(=O)N(CCc2c[nH]c3ccccc23)C(c2ccc(F)cc2)C1,1,0.0911390,0.0911,0.7037234,0.7037,0.9999955,366.3960,31
50.5267,58.4936,-15.4160,0.3589800,CC1CCCN1OC(=O)N(C(C)C)N(N=O)N=Nc1cccc([N+](=O)[O-])c1,1,0.3249628,0.3250,0.3047451,0.3047,0.9999850,379.3770,31
35.3013,38.4413,-16.4993,0.1828505,COc1cc(CCNC(=O)C(=Cc2ccc(F)cc2)NC(=O)c2ccc(Cl)cc2Cl)cc(OC)c1,1,0.1502980,0.1503,0.3790672,0.3791,0.1678247,517.3840,31
43.3747,50.8470,-22.2671,0.2381658,CSc1nnc(CN(C)C(=O)c2ccccc2NS(=O)(=O)c2ccc3c(c2)Sc2ccccc2C(=O)N3)o1,1,0.4394388,0.4394,0.3077229,0.3077,0.0019597,567.6740,31
35.8991,34.9024,21.3116,0.4684499,Nc1nc2c(nnn2C2CC(O)C(COP(=O)(O)OP(=O)(O)OP(=O)(O)O)O2)c(=O)[nH]1,1,0.6388254,0.6388,0.1912993,0.1913,0.3202798,508.1700,31
39.1096,40.9193,5.7161,0.3886290,Cc1ccc2c(C(=O)NCC(c3ccco3)N3CCCC(C)C3)c(C)nn2c1,1,0.2833275,0.2833,0.7322664,0.7323,0.9999834,380.4920,31
31.3961,36.5332,48.6325,0.7097143,Cc1ccc(N(Cc2cccnc2)c2nc(-c3ccc(C(=O)O)cc3)no2)cc1,1,0.7376837,0.7377,0.5222497,0.5222,0.9999714,386.4110,31
35.6141,38.1592,18.7872,0.4745533,COc1ccc(CSc2nnc(C(CCS(C)(=O)=O)NC(=O)c3ccncc3)o2)cc1,1,0.4343328,0.4343,0.4527297,0.4527,0.9692011,462.5530,31
33.1747,34.4960,26.6411,0.5094760,O=C(NC1CCS(=O)(=O)C1)C1CCCN(C(=O)Nc2ccc(SC(F)(F)F)cc2)C1,1,0.4308961,0.4309,0.6671117,0.6671,0.9599140,465.5190,31
26.0351,29.4095,61.0310,0.7536705,Fc1ccc(-c2cc(CN3CCN(c4ncnc5nc[nH]c45)CC3)on2)cc1,1,0.7790181,0.7790,0.5827662,0.5828,0.9999850,379.3990,31
31.5032,36.9072,-17.0335,0.1656144,Cc1cccnc1CNC(=O)c1ccc(-c2nc(-c3ccco3)c(C)o2)cc1,1,0.0906646,0.0907,0.5552141,0.5552,0.9999914,373.4120,31
27.3281,29.4227,-6.8918,0.1877573,O=C(O)c1ccc(-c2ccc(C(=O)Nc3cccc4ccccc34)cc2)cc1,1,0.1115434,0.1115,0.5034204,0.5034,0.9999951,367.4040,31
29.2273,31.7650,18.9749,0.4228322,COc1ccc(-c2csc(NC(=O)c3cccc4ccccc34)n2)cc1[N+](=O)[O-],1,0.3894343,0.3894,0.3667384,0.3667,0.9998351,405.4350,31
32.6444,36.9899,-14.3930,0.1883078,CN(C)CC1CC2CN(Cc3nccn3C)N=C2O1,1,0.0983332,0.0983,0.7941408,0.7941,0.9999707,263.3450,31
28.3737,30.7753,-15.3425,0.1286071,CCc1nn(C)c(N=Nc2cccc(C(F)(F)F)c2)c1N,1,0.0555668,0.0556,0.8699060,0.8699,0.9999987,297.2840,31
25.0885,28.5043,-10.5562,0.1495672,Cc1ccc(S(=O)(=O)Nc2ccc(Nc3cccc(Cl)c3F)cc2)cc1,1,0.0760020,0.0760,0.6184480,0.6184,0.9999569,390.8670,31
28.2902,30.0288,-15.9225,0.1175529,CC(=NNC(=O)CNc1cccc(Br)c1)c1cccc(N)c1,1,0.0595647,0.0596,0.4352161,0.4352,0.9999972,361.2430,31
26.0021,31.7871,17.7202,0.4125606,COCCOc1cccc(Nc2nc(C)cc(N3CCN(c4ccccc4)CC3)n2)c1,1,0.3338537,0.3339,0.5560624,0.5561,0.9993962,419.5290,31
37.8396,45.8907,-15.1210,0.2564144,COc1cc(C=NNC(=O)COc2ccccc2[N+](=O)[O-])ccc1OCC1C2CCCCC2NN1c1ccccc1,1,0.4967525,0.4968,0.2002516,0.2003,0.0041048,559.6230,31
45.0495,51.4128,38.1170,0.7460817,Cc1ccc(CN2C(=O)N=C3CCCCC3C2C(=O)Nc2cncc(NC(=O)O)c2)cc1,1,0.7434058,0.7434,0.6534474,0.6534,0.9973805,435.4840,31
35.1952,37.2523,-5.8019,0.2620863,CON=C(C(=O)OOc1ccc(OC)cc1)c1cnco1,1,0.1851279,0.1851,0.4529710,0.4530,0.9999980,292.2470,31
42.7492,48.4853,20.1533,0.5719882,Cc1ccc(C=NN=c2s[nH]nc2N=Nc2c(N)[nH]c3ccccc23)cc1,1,0.6470501,0.6471,0.2809670,0.2810,0.9999886,376.4490,31
28.1375,30.2101,35.2059,0.5451331,Cn1cc(NC(=O)c2cnc(-c3ccccc3)s2)c(N)n1,1,0.4517054,0.4517,0.7771767,0.7772,0.9999989,299.3590,31
27.5031,34.9588,21.6511,0.4717489,COc1ccc2c(=O)c(NC(=O)c3cccc(Br)c3)c(-c3ccc(F)cc3)oc2c1,1,0.4406764,0.4407,0.4222047,0.4222,0.9489089,468.2780,31
38.4186,41.5094,8.4956,0.4167082,O=C(Oc1cccc(N2C(=O)C3C4CCC(C4)C3C2=O)c1)c1cc(-c2ccc(Cl)cc2)n(-c2ccccc2)n1,1,0.7757706,0.7758,0.1784894,0.1785,0.0293064,538.0030,31
43.7389,49.7446,28.7417,0.6540524,Cc1ccc(NC(=O)c2cccc(C(=O)N3CCc4ccccc43)n2)cc1-n1cc(S(N)(=O)=O)cn1,1,0.7799337,0.7799,0.4299686,0.4300,0.4414163,502.5560,31
45.2758,58.3875,-58.3875,0.0000000,S(=O)(=O)(N1CCN(CC(Nc2sc3C[C@H](CCC3)Cc2n1)=O)NN)Nc1ccc(OC)cc1,0,0.0000000,0.0000,0.0000000,0.0000,0.0000000,0.0000,31
24.8233,26.1284,37.4931,0.5301785,COc1ccccc1C(=O)N1CCC(C(=O)N2CCN(c3ncccn3)CC2)CC1,1,0.4361336,0.4361,0.7647059,0.7647,0.9997604,409.4900,31
28.8332,38.3310,26.0920,0.5368578,COc1ccc(C2=C(Nc3ccccc3O)CN(c3cccc(C(F)(F)Cl)c3)C2=O)cc1,1,0.5451087,0.5451,0.3764074,0.3764,0.9815101,456.8760,31
30.6042,38.6776,47.2033,0.7156742,O=C1CN(c2ccc([N+](=O)[O-])cc2)c2ncc(NS(=O)(=O)c3ccccc3)cc2N1,1,0.7676528,0.7677,0.4739425,0.4739,0.9989611,425.4260,31
31.7948,36.1403,45.7113,0.6820960,COc1ccc(-n2nnnc2CNS(=O)(=O)N2C3CCC2CC(O)C3)cc1,1,0.6393571,0.6394,0.7065428,0.7065,0.9999400,394.4570,31
28.4734,28.5584,2.1044,0.2555233,O=C(Nc1ccccc1C=Cc1ccccc1)c1cccc(Br)c1,1,0.1675893,0.1676,0.5653189,0.5653,0.9999865,378.2690,31
47.9013,54.5954,-12.1069,0.3540714,CC1CN(C)C2(OC(=N)c3ccccc32)N1NC(=O)c1ccc(F)cc1F,1,0.2377196,0.2377,0.8496267,0.8496,0.9999921,372.3750,31
32.0625,34.0271,-15.5393,0.1540649,Cc1ccc(-c2ccn3ncc(N=O)c3c2)cc1F,1,0.0780719,0.0781,0.6528309,0.6528,0.9999384,255.2520,31
36.3840,39.9031,15.0509,0.4579500,Cc1nccn1-c1ccc(CN(CC2CCNCC2)C(=O)Nc2ccc(F)c(Cl)c2)cc1,1,0.3898704,0.3899,0.5490329,0.5490,0.9829729,455.9650,31
44.7269,49.3252,4.1932,0.4459862,CS(=O)(=O)NCC1CCN(C(=O)CC2=CC(n3cnc4c(N)ncnc43)OC2)CC1,1,0.3643588,0.3644,0.6050980,0.6051,0.9973742,435.5100,31
30.2926,38.0076,-26.2351,0.0981043,Cc1ccccc1On1ccnc1CN(C)Cc1ccccc1Cl,1,0.0406919,0.0407,0.6685908,0.6686,0.9999995,341.8420,31
47.7675,62.3944,-62.3944,0.0000000,C=C(C(N1NC(=CC(=NNC(=O)c2cc(ccc2)[N+](=O)[O-])S1)=O)c1ccc(cc1)[N+](=O)[O-])=O,0,0.0000000,0.0000,0.0000000,0.0000,0.0000000,0.0000,31
33.4640,36.5710,9.2317,0.3816899,COc1ccc(F)cc1NC(=O)Cn1c(NCCc2cccs2)nc2ccccc21,1,0.3202990,0.3203,0.4358287,0.4358,0.9990458,424.5010,31
33.8273,32.5194,-19.8256,0.1057809,Cc1cnc(C)c(C(=O)Nc2nc(-c3ccccc3C)cs2)n1,1,0.0431139,0.0431,0.7959337,0.7959,0.9999999,324.4090,31
30.4335,35.1533,1.6376,0.3065907,O=C(OCc1cc(=O)oc2ccccc12)c1ccc([N+](=O)[O-])c(NS(=O)(=O)c2ccccc2)c1,1,0.3073979,0.3074,0.1815735,0.1816,0.8581796,480.4540,31
32.4559,38.0465,-22.1981,0.1320700,CN(CCC(C)(C)O)Cc1cc([N+](=O)[O-])ccc1N1CCNC(=O)C1,1,0.0652975,0.0653,0.5647855,0.5648,0.9999990,350.4190,31
44.2717,50.7605,-47.1232,0.0303106,COCc1c(CSc2nnc(Cl)n2N)nc2cc(C)nn2c1N,1,0.0081930,0.0082,0.5139473,0.5139,0.9999985,354.8270,31
30.3453,32.6524,-20.9991,0.0971102,CNC(N)Cc1ccc(NCC(=O)O)cc1,1,0.0431321,0.0431,0.5185350,0.5185,0.9988293,223.2760,31
36.1296,38.5277,10.2680,0.4066307,C1=CCC(Nc2ccccc2-c2ccccc2NC=Nc2ccccc2)C=C1,1,0.3617729,0.3618,0.3903695,0.3904,0.9999958,365.4800,31
26.2371,25.2780,-10.3089,0.1247419,Fc1c(Cl)cccc1NCc1ccc(Cl)o1,1,0.0528927,0.0529,0.8875384,0.8875,0.9999605,260.0950,31
36.7748,39.2505,24.2279,0.5289869,Cn1ncc2c(N3CCN(NC(=O)CCc4ccc([N+](=O)[O-])cc4)CC3)ncnc21,1,0.4987762,0.4988,0.4727281,0.4727,0.9997385,410.4380,31
27.9255,27.2206,8.6210,0.2986805,COc1ccccc1C1(C(=O)NCc2cccs2)CC1,1,0.1823883,0.1824,0.9173721,0.9174,0.9999968,287.3840,31
39.9427,47.2065,-38.0285,0.0764841,CCN(Cc1ccccn1)c1nnc(SCC(=O)Nc2ccc3c(c2)OCO3)n1N=Cc1ccc([N+](=O)[O-])cc1,1,0.1025708,0.1026,0.1235977,0.1236,0.0037543,560.5960,31
21.2859,29.7151,-18.0878,0.0968937,Cc1ccc(NN=C(N(C)C)N(C)C)c([N+](=O)[O-])c1,1,0.0466468,0.0466,0.3895896,0.3896,0.9999756,265.3170,31
41.0944,43.8905,-14.6328,0.2438139,CCN(CC)c1ccc(OC(N)C(=O)Nc2ccc(-c3nc4ccc(C)cc4s3)cc2)cc1,1,0.1814149,0.1814,0.3432631,0.3433,0.9741334,460.6030,32
29.0442,38.2386,-13.7718,0.2038907,O=C(Nc1cccc(F)c1)Nc1ccc(Cl)cc1NC(=O)N1CCc2ccccc21,1,0.1255400,0.1255,0.5028798,0.5029,0.9990135,424.8630,32
52.8465,53.4768,2.3875,0.4655361,CC(C)(C)OC(=O)N1CCC(C=NOCc2ccccn2)(c2nnc(NCc3ccccn3)o2)CC1,1,0.4759446,0.4759,0.3663567,0.3664,0.6439179,493.5680,32
31.1127,38.7691,6.2507,0.3751651,O=C(N1CCN(Cc2ccccc2)CC1)n1c(-c2ccc3ccccc3c2Br)nc2ccccc21,1,0.5054143,0.5054,0.2736776,0.2737,0.0875413,525.4500,32
34.2988,40.5298,-36.0840,0.0370491,O=C(CN(c1ccccc1OC(F)(F)F)S(=O)(=O)c1ccc(O)cc1)NCc1cccnc1,1,0.0111912,0.0112,0.5116541,0.5117,0.8466201,481.4520,32
30.0361,40.1579,23.7824,0.5328358,COc1cccc(NC(=O)CNc2cccc(NC(=O)Nc3ccccc3OC(F)(F)F)c2)c1,1,0.5537851,0.5538,0.3556089,0.3556,0.9132719,474.4390,32
23.3273,29.3275,41.6056,0.5911090,CN(c1ccc(NC(=O)N(Cc2ccccc2)Cc2cccn2C)cc1)S(C)(=O)=O,1,0.5393694,0.5394,0.6265939,0.6266,0.9988487,426.5420,32
37.1984,48.3590,-24.0964,0.2021884,COc1ccc(N2CC3(C2)N(Cc2ccccn2)C(=O)CS(=O)(=O)N3Cc2ccccc2)cc1,1,0.1237152,0.1237,0.5414507,0.5415,0.8779766,478.5740,32
31.6671,30.4233,-19.0090,0.0951196,CN(C(C)(C)C(=O)O)S(=O)(=O)c1ccc(N)c(Cl)c1,1,0.0367420,0.0367,0.8189950,0.8190,0.9999995,306.7710,32
23.5030,27.3490,30.5525,0.4825127,O=[N+]([O-])c1cc(S(=O)(=O)N2CCCC2)ccc1NN=Cc1ccccc1F,1,0.4401746,0.4402,0.4622397,0.4622,0.9999503,392.4120,32
37.1302,40.3083,45.8335,0.7178484,COC(=O)Cc1cc(NC(=O)c2ccc(C(=O)OC)cc2)ccc1N1C(=O)c2ccccc2C1=O,1,0.8001707,0.8002,0.4320691,0.4321,0.9267070,472.4530,32
26.9080,25.4490,16.1115,0.3463376,COCCNC(=O)Cn1ccc2c(Br)cccc2c1=O,1,0.2310296,0.2310,0.8407388,0.8407,0.9999996,339.1890,32
33.9935,31.7279,-19.3671,0.1030071,CN(Cc1cccc(F)c1)C(=O)c1ccc2c(c1)CCCS2,1,0.0407581,0.0408,0.8483718,0.8484,0.9999998,315.4130,32
51.9000,57.1354,-57.1353,0.0000008,COc1ccc(NC(=O)C(C)Sc2nnc(CN(C)Cc3c(O)ccc4c3CC(C)OC4C)n2-c2ccccc2)cc1,1,0.0000000,0.0000,0.2261548,0.2262,0.0003091,587.7460,32
29.9682,39.3069,-15.5072,0.1983311,Cc1ccc(C(=O)N2CCN(c3ccc([N+](=O)[O-])cc3)CC2)cc1[N+](=O)NC1CC1,1,0.1248267,0.1248,0.4466162,0.4466,0.9997382,410.4540,32
28.6085,34.0683,38.5910,0.6054941,O=C(Cc1ccccc1N1CCNC1=O)Nc1ccc(CO)cc1,1,0.5233127,0.5233,0.7850282,0.7850,0.9999999,325.3680,32
39.1590,44.8158,-26.1717,0.1553682,O=C(Nc1cccc(CON=NNI)c1)c1ccc(C(F)(F)F)cc1,1,0.1009567,0.1010,0.2819768,0.2820,0.9643836,464.1850,32
43.1311,47.3752,9.7298,0.4758754,COc1ccc(NCc2cn(Cc3ccc(N(C)CCN(C)C)nc3)c3ccccc23)c(OC)c1,1,0.4766513,0.4767,0.3404806,0.3405,0.9190564,473.6210,32
35.9210,39.4975,11.4593,0.4246405,O=S(=O)(Nc1nc(-c2ccccc2)ncc1OS(=O)(=O)c1ccc(Cl)cc1)c1ccc(F)cc1,1,0.5243041,0.5243,0.3571684,0.3572,0.1372097,519.9630,32
52.5775,54.9025,-54.9025,0.0000000,N(=[N+]=[N-])[C@H]1Cn2cc(C(=O)N)c3c([C@H](N(c4ccccc4)C3=O)c3ccc(OC)cc3)c2C1,0,0.0000000,0.0000,0.0000000,0.0000,0.0000000,0.0000,32
39.2980,41.6050,-18.5428,0.1921854,CCN(CC)S(=O)(=O)c1ccc(NC(=O)CSC2=NC(c3ccnc4ccccc34)CC(=O)N2)cc1,1,0.1675748,0.1676,0.4640094,0.4640,0.0860376,525.6560,32
31.0964,32.9970,-14.0956,0.1575122,O=C(NCc1cccc(Cl)c1)c1ccc(NS(=O)(=O)Cc2cccc(F)c2)cc1,1,0.0832750,0.0833,0.5823960,0.5824,0.9979334,432.9040,32
32.0132,33.8277,29.1558,0.5248624,COc1ccccc1NC(=O)C(Sc1ccc(NC(=O)c2cc3cc(C)ccc3o2)cc1)c1ccccc1,1,0.8556474,0.8556,0.2066252,0.2066,0.1106687,522.6260,32
33.8702,36.1472,-19.6950,0.1371014,c1cnc2c(CN3CCC(Nc4ccc(-n5cccc5)cc4)C3)cccc2c1,1,0.0692730,0.0693,0.5536524,0.5537,0.9999945,368.4840,32
36.7082,44.4885,42.6247,0.7259437,O=C(O)CCN1N=C(c2ccccc2F)CC1c1ccc(-c2cccc([N+](=O)[O-])c2)o1,1,0.8009156,0.8009,0.4386806,0.4387,0.9991378,423.4000,32
43.9551,48.5771,39.5317,0.7342400,COc1ccc(C)cc1NC(=O)Nc1ccc2c(c1O)OC1(O)CCCC21,1,0.7381813,0.7382,0.6174771,0.6175,0.9999934,370.4050,32
39.6729,35.8412,-23.1124,0.1060730,Cc1cc(F)ncc1Nc1ncc(Cl)cc1[N+](=O)[O-],1,0.0485942,0.0486,0.5308587,0.5309,0.9999951,282.6620,32
27.6036,30.1210,11.3435,0.3455381,CCc1nnc(NC(=O)N2CCc3ccc(O)cc3C2)s1,1,0.2263546,0.2264,0.8927245,0.8927,0.9999993,304.3750,32
31.7352,38.6176,-8.2222,0.2532950,O=C(Nc1c(N2CCN(c3ccccc3)CC2)nc2ccccn2c1=O)c1ccc(Oc2ccccc2)cc1,1,0.2477164,0.2477,0.3390631,0.3391,0.1652040,517.5890,32
39.6131,48.2244,14.5008,0.5227102,COc1ccc(NC(=O)c2ccc(CN3NC(=Cc4cccnc4)NC3=O)cc2)c(OC)c1,1,0.4789014,0.4789,0.5150752,0.5151,0.9934490,445.4790,32
28.5497,36.9133,14.6903,0.4300294,Cc1ccc(N)cc1S(=O)(=O)Nc1nc(C)c(N2CCC(C)CC2)s1,1,0.3199256,0.3199,0.7940044,0.7940,0.9999834,380.5390,32
33.1209,34.0415,-3.6499,0.2532634,COc1ccc2c(c1)CN(c1ccc(Cl)cc1Cl)C=C2c1ccc(Cl)cc1,1,0.1763304,0.1763,0.4527080,0.4527,0.9995331,416.7350,32
32.0632,34.9539,41.7390,0.6391077,Cc1cc(C(=O)N2CCNC(c3nc4ccccc4s3)C2)cc(=O)[nH]1,1,0.5752444,0.5752,0.7385628,0.7386,0.9999985,354.4350,32
22.8935,27.4030,39.1768,0.5548314,Cc1ccc(CN(c2ccc(C(=O)O)cc2)S(=O)(=O)c2ccc(F)cc2)cc1,1,0.4826402,0.4826,0.6731988,0.6732,0.9999050,399.4430,32
26.9529,33.6673,-25.9910,0.0639690,O=C(O)c1cccc(NN=Cc2c(OCc3ccc(F)cc3)ccc3ccccc23)c1,1,0.0277620,0.0278,0.3005038,0.3005,0.9996222,414.4360,32
28.2892,33.9194,36.9284,0.5903987,NC(=O)c1csc(NC(=O)c2ccc(NC(=O)c3cnccn3)cc2)n1,1,0.5390385,0.5390,0.6238194,0.6238,0.9999946,368.3780,32
34.6056,41.9565,41.3665,0.6943585,Cc1ccnc(NC(=O)N2CC(c3cccc(F)c3)Nc3ccc(F)cc32)c1,1,0.6668187,0.6668,0.6666458,0.6666,0.9999835,380.3980,32
28.4936,33.0596,-33.0593,0.0000023,CN(c1nc(CN2CCN(Cc3nc4ccccc4o3)CC2)cs1)C1CC1,1,0.0000000,0.0000,0.6514966,0.6515,0.9999781,383.5210,32
25.4529,27.0345,1.8866,0.2410090,c1cn(CC2CCN(Cc3ccc(-n4ccnc4)cc3)CC2)cn1,1,0.1435775,0.1436,0.7250425,0.7250,0.9999999,321.4280,32
37.1503,39.6266,-6.1740,0.2787714,COc1cc(OC)c(OC)c(-c2nnc(SC(C)c3nc(-c4cccc(Cl)c4)no3)n2Cc2ccccc2)c1,1,0.6171403,0.6171,0.1745136,0.1745,0.0027298,564.0670,32
40.9358,48.9854,42.1410,0.7593871,Cc1cccc(NC(=O)c2cc(-c3cc(C(=O)N4CC(C)(N)C4)no3)ccc2F)c1,1,0.7503069,0.7503,0.6902826,0.6903,0.9997826,408.4330,32
28.3538,29.5176,-19.8281,0.0807459,COc1ccccc1NC(=O)c1ccccc1NC(=O)CSc1nnnn1C,1,0.0319779,0.0320,0.5870090,0.5870,0.9999133,398.4480,32
35.2074,46.9049,10.5080,0.4784403,COc1cc2c(cc1NC(=O)C1c3ccccc3CCN1C1CCCCC1C)N(S(C)(=O)=O)CC2,1,0.4252253,0.4252,0.6719765,0.6720,0.5536499,497.6610,32
25.5328,27.1800,24.1997,0.4281643,O=Cc1ccc(ON2CCN(c3ccccc3)CC2)cc1,1,0.3164655,0.3165,0.8070701,0.8071,0.9999949,282.3430,32
28.1057,33.4536,3.8793,0.3111074,Cc1ccc(O)c(NC(=S)NC(=O)c2ccc(C(N)=O)cc2)c1,1,0.2288065,0.2288,0.5086424,0.5086,0.9999998,329.3810,32
36.0688,45.8715,8.8852,0.4563056,COc1ccc(C=NN2C(=O)C3C4CC(C3C2=O)C2(C)SC42)cc1OC,1,0.4069145,0.4069,0.4602776,0.4603,0.9999921,372.4460,32
24.0860,32.6030,-15.7165,0.1407215,CNC(=O)C(C)N(Cc1ccc(Cl)cc1)C(=O)NC(C)Cc1ccc(F)cc1,1,0.0662752,0.0663,0.7363962,0.7364,0.9998278,405.9010,32
31.3552,34.0796,-15.0821,0.1583124,CCC(C(=O)NC)N(Cc1ccccc1C)C(=O)CN(c1ccc(OC)cc1Br)S(C)(=O)=O,1,0.1497079,0.1497,0.5000055,0.5000,0.0234686,540.4800,32
34.0930,39.2510,10.4533,0.4142025,CN(C)c1ccc(C2NC(=O)N(c3ccccc3)N=C2C(=O)NNC(=O)c2ccc(Cl)cc2)cc1,1,0.3695818,0.3696,0.4758105,0.4758,0.6970828,490.9510,32
27.7233,32.3798,38.4764,0.5904686,Cc1ccc(CN(Cc2ccccc2)Cc2csc(NC(=O)c3ccc(F)cc3)n2)cc1,1,0.6317605,0.6318,0.3593258,0.3593,0.9933985,445.5630,32
29.5109,33.4095,-13.4781,0.1660948,COc1ccccc1CNC(=O)c1ccc(N)c(NCc2ccncc2)c1,1,0.0907385,0.0907,0.5617057,0.5617,0.9999968,362.4330,32
42.2041,41.9986,-41.9986,0.0000000,c1c2c(ccc1-n1c3ccc(S(=O)(Nc4c(OC)cc(OC)cc4)=O)cc3cnn1)OCO2,0,0.0000000,0.0000,0.0000000,0.0000,0.0000000,0.0000,32
28.4364,26.3568,-17.0033,0.0779462,COc1cccc2oc3sccc3c(=O)c12,1,0.0295732,0.0296,0.6470526,0.6471,0.9994879,232.2600,32
23.5030,26.8095,3.2597,0.2505766,O=C(c1cn2ccsc2n1)N1CCN(c2cnccn2)CC1,1,0.1527208,0.1527,0.7096749,0.7097,0.9999998,314.3740,32
43.0109,49.8902,-4.9756,0.3742887,CCCOc1cc(C=C2C(=O)NC(=NN=C(Br)C(F)(F)F)N2C)ccc1OC,1,0.3210654,0.3211,0.3982862,0.3983,0.9672144,463.2540,32
40.8074,43.3640,22.1291,0.5457760,Cc1ccc(Cl)nc1NS(=O)(=O)c1cnn(C)c1N1CCN(Cc2ccccc2)CC1,1,0.4964651,0.4965,0.5693203,0.5693,0.9732176,460.9910,32
25.5616,32.4110,20.1229,0.4377823,COc1ccc(C(=O)Nc2cc(Cl)ccc2NC(=O)c2ccco2)c(O)c1,1,0.3536940,0.3537,0.6110836,0.6111,0.9999704,386.7910,32
30.4400,29.7124,39.3416,0.5754498,Cc1ccc(OCC(=O)NN=Cc2cccc([N+](=O)[O-])c2O)c(Br)c1,1,0.5766007,0.5766,0.4335313,0.4335,0.9997871,408.2080,32
31.2570,39.4275,15.3672,0.4566227,Cc1ccnc(C(=O)NS(=O)(=O)Nc2ccccc2CN)c1,1,0.3531852,0.3532,0.7581914,0.7582,0.9999998,320.3740,32
37.1474,40.1857,-11.2550,0.2410894,O=C(CSc1cn(C(=O)c2cccc3ccccc23)cn1)Nc1ccccc1Cl,1,0.1641510,0.1642,0.4546760,0.4547,0.9992483,421.9090,32
32.5797,30.7541,19.6294,0.4198630,CC1CCc2c(sc3ncn(-c4cccc5cnccc45)c(=O)c23)C1,1,0.3488656,0.3489,0.5202769,0.5203,0.9999992,347.4430,32
31.6110,35.6943,25.1091,0.5066947,COc1cccc(NC(=O)CCS(=O)(=O)Nc2ccc(Br)c(C)c2)c1,1,0.4179188,0.4179,0.7082371,0.7082,0.9987633,427.3200,32
38.1435,35.0200,25.4225,0.5036875,COc1c(F)cc(CNC2CC2c2cccc(C(F)(F)F)c2)cc1F,1,0.4019245,0.4019,0.7875908,0.7876,0.9999980,357.3220,32
33.6330,42.7004,-16.3193,0.2198426,COc1ccc(CNc2c(N)cccc2C(=O)Nc2cc([N+](=O)[O-])ccc2C)cc1,1,0.1613084,0.1613,0.3046482,0.3046,0.9998190,406.4420,32
33.6912,34.2173,-10.1371,0.2006686,CCC1(C(=O)O)CCN1C(=O)c1cccc(F)c1[N+](=O)[O-],1,0.1128384,0.1128,0.6742145,0.6742,0.9999986,296.2540,33
29.3627,36.3396,-17.5261,0.1567794,Cc1ccc(N)cc1C(=O)Nc1ccc(F)cc1OCC(N)=O,1,0.0774947,0.0775,0.7311270,0.7311,0.9999998,317.3200,33
40.3012,47.2701,24.3043,0.5964528,Cc1ccc(NC(C(=O)Nc2cc(C)ccc2C)=C2SC(=Nc3ccc(Cl)cc3)NC2=O)cc1,1,0.6644488,0.6644,0.3784580,0.3785,0.6958171,491.0160,33
31.7720,32.5689,-16.5468,0.1335174,Nc1ccccc1-c1ccc(C=NO)c(C(=O)O)c1,1,0.0766776,0.0767,0.3399084,0.3399,0.9999439,256.2610,33
38.3401,39.4266,-1.4823,0.3162022,Cn1ncc2c(-c3cccc(N)c3)nc(C3(O)CCNC3)nc21,1,0.2228528,0.2229,0.6050081,0.6050,0.9999996,310.3610,33
28.3929,32.3533,-9.7868,0.1880543,Cn1ccnc1CNC(=O)N1CCN(c2ccc(-n3ccnc3)nn2)CC1,1,0.1010042,0.1010,0.7181730,0.7182,0.9999951,367.4170,33
29.0620,30.9469,39.6579,0.5883740,CN1CCOc2ccc(S(=O)(=O)N3CCN(c4ccc([N+](=O)[O-])cc4)CC3)cc21,1,0.5552610,0.5553,0.5528993,0.5529,0.9994520,418.4750,33
25.8165,31.1045,22.3647,0.4455767,Nc1ccc(Cl)c(C(=O)Nc2cccc(S(=O)(=O)N3CCCCC3)c2)n1,1,0.3324695,0.3325,0.8288857,0.8289,0.9999376,394.8840,33
49.3186,52.7855,0.3459,0.4427620,C[S+]([O-])NC12COCC1CN(C(=O)c1cccnc1OC1CC3OCCC31)C2,1,0.3451668,0.3452,0.7043581,0.7044,0.9998007,407.4920,33
30.6126,26.8342,-17.5132,0.0776748,COc1c(C)cc(C2CC2)cc1CN,1,0.0278255,0.0278,0.7955143,0.7955,0.9781503,191.2740,33
34.9766,36.3154,-14.0550,0.1855035,COc1ccc(S(=O)(=O)Nc2ccc(C(=O)OCC(=O)N3CCNC(=O)C3)cc2)cc1OC,1,0.1100278,0.1100,0.5275200,0.5275,0.8882300,477.4950,33
39.6254,46.1619,22.2420,0.5700331,NC(=O)c1cc(NC(=O)NNC(=O)c2ccccc2OCc2ccccc2Br)ccc1O,1,0.7225626,0.7226,0.2613770,0.2614,0.5156291,499.3210,33
27.4944,29.9661,40.6363,0.5883532,COc1ccc(NS(=O)(=O)c2c[nH]c(C(=O)Nc3cc(C)cc(C)c3)c2)cc1,1,0.5454188,0.5454,0.5883774,0.5884,0.9999048,399.4720,33
24.5599,25.0515,13.5989,0.3220863,O=C(O)C1CC1C(=O)Nc1ccc([N+](=O)[O-])cc1,1,0.2275309,0.2275,0.6169374,0.6169,0.9999020,250.2100,33
33.9051,31.4006,-19.3565,0.1003675,CN(C)C(c1cccc(F)c1)C(C)(C)S(N)(=O)=O,1,0.0385610,0.0386,0.9045809,0.9046,0.9999894,274.3610,33
33.3777,36.3789,19.7459,0.4677067,Oc1ccc2c(O)c(-c3cc4ccccc4nn3)n(Cc3ccccc3)c2c1,1,0.4154185,0.4154,0.4843601,0.4844,0.9999951,367.4080,33
26.6147,34.2891,-8.3143,0.2164570,CN(C)C(=O)NC1(CN2CCN(Cc3ccccc3)CC2)CCc2ccccc21,1,0.1176628,0.1177,0.8504174,0.8504,0.9999497,392.5470,33
34.3474,44.3911,24.3393,0.5727530,Cc1ccc(N2OC3C(=O)N(c4ccccc4NC(=O)c4ccccc4Cl)C(=O)C3C2C)cc1,1,0.5408595,0.5409,0.5578273,0.5578,0.9017431,475.9320,33
35.3990,40.5160,-19.1722,0.1778650,CC1C(=O)N(Cc2ccc(-c3ccc(F)cc3)cc2)CCN1C(=O)N1CCC(Cc2ccccc2)CC1,1,0.1167758,0.1168,0.4587375,0.4587,0.5085186,499.6300,33
39.2312,51.8054,-23.1196,0.2390484,Cc1ccc(N2CC3=C(C2=O)c2[nH]c(=O)sc2C(c2ccc(OCC(=O)N4CCCCC4)cc2)N3c2ccc(C)cc2)cc1,1,0.7442927,0.7443,0.2994498,0.2994,0.0000537,606.7480,33
36.9138,41.1651,-41.1649,0.0000017,Cc1ccc(S(=O)(=O)N(CC(=O)Nc2nc(-c3ccncc3)oc2C)c2ccc3c(c2)OCCO3)cc1,1,0.0000000,0.0000,0.3884161,0.3884,0.1307558,520.5670,33
37.3100,41.6038,27.4605,0.5755353,CCc1ccc(NC(=O)CCC(=O)NN(CCc2cccc(F)c2)C(C)=O)cc1,1,0.5094363,0.5094,0.6692155,0.6692,0.9999048,399.4660,33
29.1732,32.8045,-10.9160,0.1824045,CN1C(=O)Cc2cc(-c3ccc4nc(N)nc(N)c4c3)ccc21,1,0.0967790,0.0968,0.7160508,0.7161,0.9999994,305.3410,33
41.0959,45.3071,-18.1979,0.2259101,COC1OC(C(NC(C)=O)C(=O)NNC(=O)c2ccncc2)C(OC(C)=O)C(O)C1OC(C)=O,1,0.1827697,0.1828,0.2467966,0.2468,0.8343508,482.4460,33
34.1013,40.1878,30.7971,0.5915408,COc1ccc(CNC(=O)NC2CCN(C(=O)c3ccc(N)[nH]c3=O)C2)cc1,1,0.5462127,0.5462,0.6013989,0.6014,0.9999739,385.4240,33
32.1548,32.6523,35.4880,0.5678364,Cc1cccc(Cn2c(SCC(=O)NN=Cc3cccs3)nc3ccccc32)c1,1,0.6492000,0.6492,0.2678772,0.2679,0.9993359,420.5630,33
39.5387,44.3165,28.9741,0.6107545,CN1CCN(S(=O)(=O)C2=NN3C(=N)C(=Cc4cc(F)c(O)c(C(C)(C)C)c4)C(=O)N=C3S2)CC1,1,0.6808506,0.6809,0.5844984,0.5845,0.3117002,508.6010,33
28.4822,32.2987,-20.4866,0.0984336,Cc1ncc(CNc2ncnc(Nc3ccc(Br)cc3)n2)s1,1,0.0402659,0.0403,0.7054020,0.7054,0.9999877,377.2710,33
38.7214,41.4482,13.5188,0.4580578,COc1cc(C(=O)NCCn2c(-c3ccncc3)nn(-c3ccccc3)c2=S)cc(OC)c1O,1,0.4416863,0.4417,0.3737268,0.3737,0.8877628,477.5460,33
36.8054,42.9181,24.5613,0.5623288,COc1cccc(NC(=O)N(Cc2ccco2)Cn2c(=O)[nH]c3cc([N+](=O)[O-])ccc32)c1,1,0.6006513,0.6007,0.3353151,0.3353,0.9968731,437.4120,33
38.4920,48.7358,-16.1474,0.2715701,CCOc1cc(OCc2cc3c(cc2Br)OCO3)ccc1-n1c(C)cc(C=NNC(N)=O)c1C,1,0.3172107,0.3172,0.3285038,0.3285,0.0625610,529.3910,33
32.8128,44.1617,15.4272,0.4965742,Cc1cc(C)c(NC(=O)Nc2ccc(NC(=O)Nc3ccccc3)c(N3CCOCC3)c2)s1,1,0.4805145,0.4805,0.4007557,0.4008,0.9597008,465.5790,33
32.9333,34.7771,16.8190,0.4299675,Cc1ccc2ncnc(Nc3ccc(S(=O)(=O)N(C)C)c(C)c3)c2c1,1,0.3218911,0.3219,0.7765997,0.7766,0.9999982,356.4510,33
27.5614,32.4991,-2.2000,0.2524921,COc1ccc(Cl)cc1S(=O)(=O)Nc1nc(-c2ccccc2)c2ccccc2n1,1,0.1708406,0.1708,0.4982024,0.4982,0.9989151,425.8970,33
24.8639,30.6971,-7.7412,0.1912997,CCSc1nc2n(n1)C(c1ccc(N(C)C)cc1)C1=C(CC(C)(C)CC1=O)N2,1,0.1009637,0.1010,0.7834488,0.7834,0.9999202,397.5480,33
43.0031,46.9663,-30.8100,0.1346358,N=NC1=NC2(F)NC2N1N(O)O,1,0.0940480,0.0940,0.1810699,0.1811,0.9172010,176.1110,33
29.6086,28.9881,57.3259,0.7192833,O=C1c2ccccc2S(=O)(=O)N1CCCCN1CCc2ccccc2C1,1,0.6756133,0.6756,0.7595525,0.7596,0.9999934,370.4740,33
32.1565,35.6728,-9.2696,0.2200264,Cc1ccc(-n2nnnc2CN2CCN(S(=O)(=O)c3ccc(I)s3)CC2)cc1,1,0.2146259,0.2146,0.4705722,0.4706,0.0572427,530.4170,33
33.7388,36.6064,19.0752,0.4640125,Cc1ccc(Oc2ccc(NS(=O)(=O)c3ccc(F)cc3)cc2)c(NC(=O)C(C)(C)C)c1,1,0.4086809,0.4087,0.4974315,0.4974,0.9820650,456.5390,33
39.9573,47.4312,4.4663,0.4324790,Cc1ccc(-n2cnnn2)cc1NC(C(=O)N1CCN(c2ccccc2)CC1)c1c(C)nc2ccccn2c1=O,1,0.6529261,0.6529,0.3532336,0.3532,0.0362642,535.6120,33
30.0743,40.1376,-5.7297,0.2867320,Cc1ccc(N2C(=O)c3ccccc3NC2SC(=O)Nc2ccccc2Cl)cc1,1,0.1997435,0.1997,0.5444066,0.5444,0.9990951,423.9250,33
30.7508,33.7455,-16.4611,0.1440367,O=S(=O)(Nc1ccc(-c2nc3ccccc3nc2-c2ccccc2)cc1)c1ccc(Cl)s1,1,0.0889524,0.0890,0.3141946,0.3142,0.8835474,477.9980,33
28.4971,30.2526,-12.4552,0.1483121,CCNc1nccc(NS(=O)(=O)c2ccc(F)cc2[N+](=O)[O-])n1,1,0.0755649,0.0756,0.6050112,0.6050,0.9999995,341.3240,33
35.8589,44.7215,32.4571,0.6431551,COc1ccc(C(=O)NC(=S)Nc2cc(C3=NOC(O)(C(F)(F)F)C3)ccc2Cl)cc1Cl,1,0.7529439,0.7529,0.5272096,0.5272,0.3175794,508.3050,33
42.2207,48.1040,-48.1040,0.0000000,CC(S(=NS(=O)(=O)c1cc(Br)cnc1N)(=O)=O)(C)C(Nc1ccccc1F)=O,0,0.0000000,0.0000,0.0000000,0.0000,0.0000000,0.0000,33
27.4046,31.2168,30.5669,0.5148645,O=C1Nc2ccccc2C1=NNc1cccc(C(=O)N2CCOCC2)c1,1,0.4087215,0.4087,0.8288359,0.8288,0.9999990,350.3780,33
44.3854,50.9026,-33.8799,0.1418564,CCc1ccc2c(c1)sc(=NC(=O)c1ccc(S(=O)(=O)N3Cc4cc(Cl)cc(NC(C)=O)c4C3)cc1)n2C,1,0.2024288,0.2024,0.3713876,0.3714,0.0017176,569.1080,33
31.2709,39.7049,5.3935,0.3758201,Cc1cccc(N2CCN(c3ccnc(NC(=O)c4ccc(S(=O)(=O)N5CCN(C)CC5)cc4)c3)CC2)c1C,1,0.5706697,0.5707,0.5061094,0.5061,0.0111331,548.7130,33
27.0021,29.5476,-16.0058,0.1128483,Fc1ccc(-n2ncc3c(NCCc4ccc(F)cc4Cl)ncnc32)cc1,1,0.0524760,0.0525,0.5528644,0.5529,0.9999729,385.8050,33
42.6522,48.5487,-9.8083,0.3228365,C=NN(C(=NC=CC)ON=Cc1ccccc1)c1cc(Cl)cnc1C,1,0.2493135,0.2493,0.4532138,0.4532,0.9999983,355.8290,33
52.3902,53.0784,-14.7888,0.3190803,Cc1cccc(NC(=O)N2C3CS(=O)(=O)CC3N(Cc3ccccn3)C2C(=O)NCc2c[nH]c3ccccc23)c1C,1,0.7015775,0.7016,0.3253322,0.3253,0.0012354,572.6910,33
28.9557,30.6530,36.0939,0.5562246,Cc1cc(=O)oc2ccc(OCc3ccc(OCCN)cc3)cc12,1,0.4779849,0.4780,0.7051820,0.7052,0.9999999,325.3640,33
29.7947,32.3503,0.2589,0.2717434,CCCNC(=O)c1cc(OCc2cccnc2)c(OC)cc1N,1,0.1677662,0.1678,0.7661776,0.7662,0.9999998,315.3730,33
36.3106,47.5318,22.0108,0.5795219,Cc1nc(NC(=O)N(CC(=O)O)C(C)(C)C)cc(N2CCN(Cc3ccccc3)C(C)C2)n1,1,0.5109037,0.5109,0.6909510,0.6910,0.9849882,454.5750,33
52.0694,66.2743,7.9131,0.6182281,O=C1NC(OC2(N3CCCC3)C3OC2N2C(=O)OCC32)C(=O)N1c1ccccc1,1,0.5499774,0.5500,0.7320810,0.7321,0.9998963,400.3910,33
27.6172,25.6478,-16.3050,0.0778566,O=C(O)N1CCCC1Cc1ccncc1,1,0.0277900,0.0278,0.8018343,0.8018,0.9944054,206.2450,33
31.3874,41.2076,-29.7266,0.0956749,CSc1nc2sc3c(c2c(=O)n1N=Cc1cc([N+](=O)[O-])ccc1N1CCN(Cc2ccccc2)CC1)CCN(Cc1ccccc1)C3,1,0.6791465,0.6791,0.0635988,0.0636,0.0000002,665.8450,33
32.0381,32.8527,6.8592,0.3309330,Cc1ccc(N(C(C)C(=O)Nc2nnc(-c3ccccn3)s2)S(C)(=O)=O)cc1C,1,0.2337704,0.2338,0.6431807,0.6432,0.9981764,431.5430,33
42.6240,54.9775,-48.9883,0.0499095,COc1ccc(C(NC(=O)Nc2c#cccc2C)C(=O)N(C)Cc2cccc(OC)c2)cc1,1,0.0164314,0.0164,0.5463673,0.5464,0.9934250,445.5190,33
29.4098,30.4705,18.5385,0.4084085,Cc1ccc(OC(=O)c2cccs2)c(C=NNC(=O)COc2ccccc2)c1,1,0.3978184,0.3978,0.2861475,0.2861,0.9999400,394.4520,33
28.7148,34.3127,47.9788,0.6857631,CC(C)c1ccc(C(=O)Nc2nc3ccc(F)cc3s2)cc1S(=O)(=O)N(C)C,1,0.6531451,0.6531,0.6737430,0.6737,0.9992748,421.5190,33
27.1644,26.4050,-18.7596,0.0637117,CCOC(=O)Nc1cc(Cl)sc1C(=O)OC,1,0.0204942,0.0205,0.8519063,0.8519,0.9999717,263.7020,33
25.6654,29.9336,27.6213,0.4796249,CC(=O)N1CC(CNS(=O)(=O)c2ccc(F)cc2)Oc2ccccc21,1,0.3608346,0.3608,0.8993538,0.8994,0.9999962,364.3980,33
34.8307,39.3903,-2.1827,0.3100632,Cc1ccccc1C1CN(C(=O)c2c(C)nn(-c3ccc(F)cc3)c2C)CCN1CCO,1,0.2109353,0.2109,0.6658179,0.6658,0.9971161,436.5310,33
40.6348,52.1719,-15.1020,0.3089155,COc1ccc(C(=O)N2CCC(C)C2C(=O)N(C(=O)Nc2cc(OC)ccc2OC)C2CC2)cc1,1,0.2166476,0.2166,0.6464188,0.6464,0.8454562,481.5490,34
29.5258,32.0262,43.9575,0.6331978,Cc1ccc(C(=O)N2CCN(CC(=O)N3CCCC3)CC2)c(NC(=O)c2ccco2)c1,1,0.5558123,0.5558,0.7955289,0.7955,0.9990458,424.5010,34
32.2112,41.5958,32.5084,0.6175351,COc1ccccc1CNC(=O)N(Cc1ccncc1)C1CC(=O)N(c2cccc(F)c2)C1,1,0.5826074,0.5826,0.5975511,0.5976,0.9913672,448.4980,34
29.6458,32.0131,-10.4487,0.1797028,Cn1cc(C(=O)NC2CCN(Cc3ccc(S(N)(=O)=O)cc3)CC2)nn1,1,0.0936276,0.0936,0.7462160,0.7462,0.9999862,378.4580,34
46.4370,56.4553,-34.5078,0.1828958,Cc1ccc(Cl)cc1-c1ccc(C=NN2NC(=O)N3C(=O)N(Cc4ccccc4F)NC23)o1,1,0.1055355,0.1055,0.5509840,0.5510,0.9461718,468.8760,34
30.9553,37.6551,-16.2012,0.1787822,CC(NC(=O)Nc1ccc(Oc2ccc(F)c(F)c2)cc1)c1ccc(NC(N)=O)cc1,1,0.1081713,0.1082,0.4390124,0.4390,0.9988613,426.4230,34
35.5993,41.9696,-7.7816,0.2849003,CCC(NC(=O)c1sccc1O)C(=O)Nc1cccnc1N1CCN(C)CC1,1,0.1857296,0.1857,0.6798451,0.6798,0.9998619,403.5080,34
37.7609,44.6987,-34.9880,0.0809223,CC1CC(C2OC=CN2c2ccn(C)n2)CN1,1,0.0290530,0.0291,0.8303614,0.8304,0.9995757,234.3030,34
34.9968,38.8135,-8.9620,0.2487618,O=C(Nc1ccc(Br)cc1)Nc1ccc(C=C2SC(N3CCN(c4cccc(Cl)c4)CC3)=NC2=O)cc1,1,0.6708050,0.6708,0.3346756,0.3347,0.0001326,596.9380,34
33.0002,33.5700,-0.1386,0.2785953,O=C(OCC(F)(P(=O)(O)O)P(=O)(O)O)c1ccc(F)cc1,1,0.2015919,0.2016,0.4562608,0.4563,0.9999993,346.1150,34
44.1274,53.0814,0.4715,0.4462739,Cc1ccccc1C(=O)N1CCN(c2nc(N3CCCC3)c(C#N)c3c2CN(C)CC3)C(c2ccc(F)cc2)=N1,1,0.6368631,0.6369,0.4936047,0.4936,0.0302645,537.6430,34
26.8301,31.2977,35.3242,0.5551822,Oc1cccc2c1OCC2CN1CCN(c2cccc(Cl)c2)CC1,1,0.4410092,0.4410,0.9259999,0.9260,0.9999994,344.8420,34
34.4736,41.6329,5.5657,0.3933213,CCOc1ccc(C(NC(=O)CN2C(=O)NC(C)(c3ccccc3)C2=O)Nc2ccccc2)cc1OCC,1,0.4953497,0.4953,0.2606860,0.2607,0.1781790,516.5980,34
29.7298,34.7906,-16.4114,0.1531606,COc1cc(-c2nc(N)c(I)c(NN)n2)cc(OC)c1OC,1,0.0902302,0.0902,0.3820403,0.3820,0.9995124,417.2070,34
33.6239,41.5634,10.2434,0.4317233,Cc1ccc(NC(=O)N(Cc2ccncc2)c2cc(N)ccn2)cc1F,1,0.3270421,0.3270,0.7497470,0.7497,0.9999989,351.3850,34
30.1062,35.7084,12.5452,0.4021129,COc1ccc(CN=C2CN3Cc4ccccc4N=C3N2)cc1,1,0.2762937,0.2763,0.9482920,0.9483,0.9999995,306.3690,34
36.8820,42.8192,-17.8984,0.2076728,COc1ccccc1N(c1ccc2c(c1)CCN2C(=O)N1CCN(C)CC1)S(C)(=O)=O,1,0.1161888,0.1162,0.7246597,0.7247,0.9939792,444.5570,34
32.8805,38.7088,40.7670,0.6622981,Cc1cc(C)cc(C(=O)Nc2ccc(NC(=O)N3CCN(Cc4ccc(Cl)cc4)CC3)nc2)c1,1,0.6721669,0.6722,0.5444750,0.5445,0.8835661,477.9960,34
36.4983,38.9318,-9.5498,0.2448503,Cc1ccc2nc(Cl)c(C)c(C(=O)N3CCN(c4ccc(C(N)=O)cc4[N+](=O)[O-])CC3)c2c1,1,0.1812956,0.1813,0.3557688,0.3558,0.9505144,467.9130,34
33.3975,34.0308,55.8810,0.7492651,COc1ccc(-c2nc3c(Cc4ccc(Cl)cc4)cccc3c(=O)[nH]2)cc1,1,0.7837964,0.7838,0.5539476,0.5539,0.9999881,376.8430,34
41.2269,53.8389,-39.1563,0.1223553,COc1cc(C=Nn2c(-c3ccc(O)cc3)nc3ccccc32)ccc1OS(=O)c1ccc(NS(=O)(=O)c2ccc(Cl)cc2)cc1,1,0.8306054,0.8306,0.1520820,0.1521,0.0000001,673.1720,34
39.5346,37.0457,-20.5615,0.1373680,O=S1(=O)CCCCN1C1C=Cc2ccccc2C1N1CCCCC1,1,0.0619547,0.0620,0.8263591,0.8264,0.9999993,346.4960,34
38.0548,44.6657,2.9962,0.3971822,Cc1nc(CSc2nc3ncccc3[nH]2)cc(N2CCN(C(=O)c3ccccc3C)CC2)n1,1,0.3357923,0.3358,0.4559174,0.4559,0.9764066,459.5790,34
33.1585,41.3008,30.2450,0.5962149,O=C(NNC(=S)NC(=O)c1cc2ccccc2cc1OCc1ccccc1)c1ccc(O)c(O)c1,1,0.8312833,0.8313,0.1650958,0.1651,0.7591245,487.5370,34
27.8968,30.3713,-10.7650,0.1633859,COc1cccc(NC(=O)Cc2csc(N(c3ccccc3)c3ccccc3)n2)c1,1,0.0966941,0.0967,0.4142514,0.4143,0.9995826,415.5180,34
37.4783,40.6681,23.6800,0.5362343,COc1ccc(-c2ncc(N=Nc3ccc(N(C)Cc4ccccc4)cc3)c3ccccc23)cc1,1,0.6248368,0.6248,0.2324436,0.2324,0.9784650,458.5650,34
39.3231,49.7356,12.4300,0.5180461,CN(C(=O)NN=Cc1cccc(OCc2ccc(Cl)cc2)c1)C1NC(=O)C2CS(=O)(=O)CC2S1,1,0.6780484,0.6780,0.4443505,0.4444,0.1070060,523.0360,34
26.1507,31.9663,32.0847,0.5337582,O=C(CN1CCN(c2ccccc2)CC1)Nc1cc(N2CCNC2=O)ccc1Cl,1,0.4362295,0.4362,0.7903117,0.7903,0.9996401,413.9090,34
26.6809,28.7220,-15.8831,0.1069908,CC1CC(N(C)C(C)C(N)=NO)C1,1,0.0584239,0.0584,0.2964408,0.2964,0.9626220,185.2710,34
33.1567,37.4528,-24.4749,0.1081495,COc1ccc(O)c(CC=C(C)CC(=O)NC(N)=O)c1,1,0.0459813,0.0460,0.7097227,0.7097,0.9999926,278.3080,34
32.6233,36.8510,3.3531,0.3350337,O=C(COc1ccccc1CN1CCN(CC(=O)N2CCC(c3ccccc3)=N2)CC1)Nc1ccccc1,1,0.3150051,0.3150,0.4762624,0.4763,0.2552519,511.6260,34
29.2897,35.9007,45.5503,0.6787589,O=C1NN(C2CCN(S(=O)(=O)c3ccccc3)CC2)C(=O)CN1Cc1ccccc1,1,0.6158467,0.6158,0.7865446,0.7865,0.9986197,428.5140,34
32.7815,39.3064,28.2801,0.5632201,CN(C)c1ccc2nnc(-c3ccc(NS(=O)(=O)N(C)C)c(Cl)c3)n2n1,1,0.4863684,0.4864,0.7063607,0.7064,0.9999316,395.8760,34
36.9343,41.3008,25.6962,0.5583086,O=c1c2ccccc2sc2ccc(CN(c3ccc(Cl)cc3)S(=O)(=O)c3ccccc3)cc12,1,0.6722800,0.6723,0.2648573,0.2649,0.6758782,492.0210,34
42.8932,45.6883,-42.0467,0.0303468,C#CCNc1ncccc1C(=NO)N(N)CC1CCC(N)CC1,1,0.0114414,0.0114,0.1606516,0.1607,0.9999998,316.4090,34
35.9052,40.6878,-5.3660,0.2943487,COc1ccc(Cl)cc1Oc1nc(NC(=O)NC(C)(C)C)nc2sccc12,1,0.1987268,0.1987,0.6316178,0.6316,0.9998114,406.8950,34
27.2375,32.4786,-12.4601,0.1668213,CCN(CC)c1ccc(Nc2nc(C)cc(C(=O)Nc3cccc(C)c3C)n2)c(C)c1,1,0.0929834,0.0930,0.5271653,0.5272,0.9994964,417.5570,34
41.7652,47.1009,-42.0251,0.0422983,Cc1nccn1Cc1cc(-c2cc(O)c(F)cc2NC(=O)OC(C)(C)C)c(=O)n(C)c1,1,0.0125246,0.0125,0.6162234,0.6162,0.9986261,428.4640,34
29.7706,33.4803,14.7835,0.4021988,COc1ccc(C2Cn3cccc3CN2C(=O)Nc2c(C)cccc2C)cc1,1,0.3005061,0.3005,0.7074886,0.7075,0.9999896,375.4720,34
26.2751,29.3283,36.3038,0.5469346,Cc1ccc([N+](=O)[O-])cc1NC(=S)N1CCN(c2ccc([N+](=O)[O-])cc2)CC1,1,0.5231865,0.5232,0.4725024,0.4725,0.9998857,401.4480,34
38.7007,46.9126,29.4877,0.6366694,CN1CCN(c2cc(C(=O)N3CC4C(C3)C4(C(=O)O)C(=O)O)cc(=O)[nH]2)CC1,1,0.6202618,0.6203,0.5566294,0.5566,0.9999587,390.3960,34
35.9274,43.2569,-10.2546,0.2750193,C1=NC2C(=N1)N(C1CCN(Cc3ccccn3)C1)c1ccccc12,1,0.1643613,0.1644,0.8740114,0.8740,0.9999998,317.3960,34
32.0982,37.7689,28.6318,0.5533391,CCCOc1cc(N2Cc3ccccc3C2)ccc1NC(=S)Nc1ccc(C(F)(F)F)cc1,1,0.5693489,0.5693,0.3858198,0.3858,0.9321709,471.5480,34
36.8395,36.6459,44.8850,0.6794245,O=C(NCc1ccc(F)cc1)C1CCCN(CC2CCc3cc(F)ccc3O2)C1,1,0.6066765,0.6067,0.8324892,0.8325,0.9998956,400.4690,34
31.4587,35.0159,5.4557,0.3372635,CCN(CC)c1ccc(N=Nc2c(N)cc(C)cc2N=Nc2ccc(Nc3ccccc3)cc2)cc1,1,0.3481709,0.3482,0.1860296,0.1860,0.8871188,477.6160,34
37.1976,42.2211,31.6248,0.6153822,Nc1ccc(-n2c(-c3ccc(C(F)(F)F)cc3)nnc2N2CCS(=O)(=O)CC2)nc1,1,0.5611610,0.5612,0.6678294,0.6678,0.9965652,438.4350,34
27.8581,32.5895,19.4019,0.4332622,N#Cc1ccccc1NC(=O)C(=O)Nc1ccccc1NC(=O)Nc1ccccc1,1,0.3693529,0.3694,0.4985737,0.4986,0.9999053,399.4100,34
28.4116,28.8404,26.2246,0.4588753,NC(=O)NC(CC(=O)NCc1ccc2c(c1)OCCO2)c1ccccc1,1,0.3587180,0.3587,0.7359319,0.7359,0.9999983,355.3940,34
50.4702,58.8258,-18.3288,0.3374748,CCC1CN(C(=O)CN(Cc2ccc(F)cc2)S(=O)(=O)c2ccc(C)cc2)c2c(Cl)ccc(NC(C)=O)c2O1,1,0.7283736,0.7284,0.4024237,0.4024,0.0010878,574.0740,34
27.2107,32.7213,-4.3751,0.2362186,Cc1ccc(S(=O)(=O)Nc2ccc(C(=O)N3CCN(c4cnccc4C#N)CC3)cc2)cc1,1,0.1460901,0.1461,0.6260336,0.6260,0.9718499,461.5470,34
28.4197,29.9026,-11.6088,0.1524486,COc1ccc(C=NNC(=O)c2ccc(OCc3ccccc3)cc2)c(OC)c1Cl,1,0.0872407,0.0872,0.4200642,0.4201,0.9990116,424.8840,34
24.8598,27.5176,-1.2602,0.2188122,NC(=O)NN=Cc1ccc(OCc2cccc3ccccc23)c(Cl)c1,1,0.1363861,0.1364,0.5353814,0.5354,0.9999986,353.8090,34
37.2942,44.4382,5.7663,0.4183708,CNC(=O)OC(O)(CC=Nc1ccccn1)c1ccccc1,1,0.3249160,0.3249,0.6555535,0.6556,0.9999989,299.3300,34
31.8182,35.7757,27.5087,0.5273703,c1ccc(CN2CC(NCc3ccc(CN4CCCCC4)cc3)C3CCCC32)cc1,1,0.4411700,0.4412,0.7152986,0.7153,0.9998605,403.6140,34
22.5903,28.0460,-17.6772,0.0864070,CN(C)c1ccc(C=NNN=Cc2cccc([N+](=O)[O-])c2)cc1,1,0.0367798,0.0368,0.5047921,0.5048,0.9999996,311.3450,34
45.5547,51.6659,-42.3852,0.0773389,Cc1ccc(C2NC3CC(N(C)Cc4ccc(F)cc4)CC3CCO2)cc1O,1,0.0272148,0.0272,0.8321067,0.8321,0.9999760,384.4950,34
39.2227,42.8843,-6.9037,0.2998388,Cc1ccc(O)c(-c2[nH]nc3[nH]c4ccc(N(C)S(C)(=O)=O)cc4c23)c1,1,0.2162321,0.2162,0.5154896,0.5155,0.9999934,370.4340,34
43.8295,48.5655,-5.1737,0.3615981,Cc1ccc(C(=O)N2CCCC(C(=O)Nc3ccc(S(=O)(=O)Oc4ccc5ccc(=O)oc5c4C)cc3)C2)cc1C,1,0.9232339,0.9232,0.2546031,0.2546,0.0010312,574.6550,34
34.9764,37.5153,29.7911,0.5608865,O=C(NC1(c2ccc(F)cc2)CC1)c1cnn(-c2nc3ccccc3o2)c1C(F)(F)F,1,0.5397399,0.5397,0.4809330,0.4809,0.9983642,430.3610,34
37.3375,43.6321,-29.2258,0.1200526,Cc1noc(CSc2nnc(N=C3NC(=O)C(=Cc4cccc(OCc5ccccc5)c4)S3)s2)n1,1,0.0982545,0.0983,0.2522371,0.2522,0.1105685,522.6370,34
27.6717,30.6206,-12.7434,0.1489766,Cc1cc(F)cc(NC(=O)c2ccc(N3CCC(C)CC3)nc2)c1,1,0.0673413,0.0673,0.9259851,0.9260,0.9999999,327.4030,34
26.6762,28.2811,4.5197,0.2733404,Cc1noc(C(=O)Nc2ccc(Cl)cc2[N+](=O)[O-])n1,1,0.1748959,0.1749,0.6820111,0.6820,0.9999951,282.6430,34
24.2079,26.8311,8.3643,0.2932953,COc1ccc(OC)c(NC(=O)CN2CCC(N)C2)c1,1,0.1829639,0.1830,0.8284151,0.8284,0.9999933,279.3400,34
29.9735,34.3376,-14.3712,0.1663872,CCOc1ccc(S(=O)(=O)NC(=O)N2CCN(c3ccc(OC)cc3)C(=O)C2)cc1,1,0.0839296,0.0839,0.7453674,0.7454,0.9978198,433.4860,34
34.9610,38.0686,37.5172,0.6298817,O=C(NN=C1SC(=O)N(CCCOc2ccccc2)C1=O)c1ccco1,1,0.6004671,0.6005,0.5909958,0.5910,0.9999914,373.3900,35
45.0867,54.8711,8.2625,0.5261134,C=CCC(=O)NC1C(O)C(N(Cc2ccc(F)cc2)C2CC2)SC2CCN21,1,0.4426204,0.4426,0.6987097,0.6987,0.9999542,391.5120,35
34.7131,34.5689,-14.7200,0.1654074,Cc1ccc(CNC(=O)Cn2cc(C=C3NC(=O)N(Cc4ccccc4)C3=O)c3ccccc32)cc1,1,0.1093190,0.1093,0.3058751,0.3059,0.8781936,478.5520,35
23.5864,22.1122,-9.7772,0.1027917,O=S(O)CCCS(=O)(=O)O,1,0.0486799,0.0487,0.4575041,0.4575,0.9712723,188.2260,35
32.3051,38.6611,-5.5924,0.2755721,COc1ccc(S(=O)(=O)N(CC(=O)N(Cc2cccc(C)c2)c2ccc3c(c2)OCO3)c2cccc(Cl)c2)cc1,1,0.6679892,0.6680,0.2489527,0.2490,0.0006866,579.0740,35
30.3020,33.6005,34.6604,0.5688415,O=C1CC(Nc2cc(Cl)cc(Cl)c2)c2ccccc2N1Cc1ccccc1Cl,1,0.5458774,0.5459,0.4960521,0.4961,0.9981413,431.7500,35
34.6274,36.4023,-15.7426,0.1721642,CN(Cc1nc2ccncc2o1)C(=O)c1cccc2c1CCNC2,1,0.0863404,0.0863,0.7997697,0.7998,0.9999999,322.3680,35
42.1681,47.0282,-22.2361,0.2066003,O=C(CC(=O)N1CC2COCCN2CC1CCc1ccccc1)Nc1cccc(Cl)c1,1,0.1165021,0.1165,0.6990667,0.6991,0.9952543,441.9590,35
32.9507,35.7566,-18.7545,0.1416842,Cc1ccc(-n2ncc3nc(Nc4nccc(N(C)C)n4)ccc32)cc1,1,0.0705682,0.0706,0.6116116,0.6116,0.9999993,345.4100,35
61.1260,72.9869,-15.7539,0.4769420,CCn1c(CN2C(=NN=C(NN=C(N)NOC)OC)CSC2=NN=N)nc2ccccc21,1,0.5473444,0.5473,0.2060950,0.2061,0.9743069,460.5280,35
37.5952,40.2675,30.7633,0.5919233,COc1cc(OC)c(C=NNC(=O)CCCC(=O)Nc2cccc(C(=O)N3CCCC3)c2)c(OC)c1,1,0.6822004,0.6822,0.3643321,0.3643,0.5784632,496.5640,35
28.5805,32.8611,-17.2383,0.1301894,S=C(Nc1ccc(-c2ncc(-c3ccc(Cl)cc3)o2)cc1)Nc1cccc(Cl)c1,1,0.0745723,0.0746,0.3309400,0.3309,0.9959034,440.3550,35
23.6220,26.0410,45.2673,0.5942353,Cc1ccc(NC(=O)Nc2nnc(SCc3ccc(F)cc3)s2)cc1,1,0.5824993,0.5825,0.4912024,0.4912,0.9999905,374.4660,35
25.5125,32.2093,31.8004,0.5334140,Cc1ccc(C(C)NC(=O)C(c2ccccc2)N(Cc2ccccc2F)S(C)(=O)=O)c(C)c1,1,0.4962486,0.4962,0.5153351,0.5153,0.9474794,468.5940,35
36.9836,42.9067,19.4095,0.5193015,O=C(NO)c1ccc(-c2cc(N3CCCCC3)nc(N3CCN(C(=O)Nc4ccc(F)cc4)CC3)n2)cc1,1,0.7013522,0.7014,0.3475785,0.3476,0.1414285,519.5810,35
30.9690,35.9071,-16.5767,0.1610870,Cc1nnc(Cn2ncc3cccc(C(=O)Nc4cccc([N+](=O)[O-])c4)c32)o1,1,0.0945506,0.0946,0.4173307,0.4173,0.9999864,378.3480,35
25.3441,33.7779,23.5723,0.4779186,COc1cc(C=NNS(=O)(=O)c2ccccc2)ccc1OCc1ccccc1N(C)C,1,0.4506358,0.4506,0.4066368,0.4066,0.9961996,439.5370,35
63.7782,68.4456,-68.4454,0.0000010,NC1C(O)C(CO)OC(OCC2OC(OC3CN(CCCN4CCOCC4)C3(O)O)C(O)C(O)C2O)C1O,1,0.0000000,0.0000,0.1138497,0.1138,0.0059469,555.5780,35
27.7428,29.7657,27.8782,0.4803661,Cn1c(-c2ccc3c(c2)OCO3)nc2cc([N+](=O)[O-])ccc21,1,0.4191527,0.4192,0.5364870,0.5365,0.9999987,297.2700,35
31.6491,36.1661,-1.3107,0.2904617,CN(C)C(CCN1CCNCC1)CN1CCN(c2ccncc2)CC1,1,0.1841280,0.1841,0.7718362,0.7718,0.9999993,346.5230,35
44.9704,50.7423,22.6472,0.6115784,COC(=O)CN(C)c1cc(C)nc(Oc2ccc(-c3ccnc(OCc4ccc(C)cc4)n3)cc2)n1,1,0.7115346,0.7115,0.3165663,0.3166,0.7910798,485.5440,35
23.4624,28.0319,48.0757,0.6342298,CC(Nc1cc(N2CCC(Cc3ccccc3)CC2)ncn1)C(=O)O,1,0.5481051,0.5481,0.8418020,0.8418,0.9999996,340.4270,35
43.2713,54.3839,4.7574,0.4928444,COC(=O)c1c(C)csc1N(Cc1ccccn1)C(=O)CN1C(=O)NC2(CCCC2)C1(C)O,1,0.4207215,0.4207,0.6255533,0.6256,0.9259908,472.5670,35
26.6944,32.4554,-14.4328,0.1501885,NC(CC(=O)O)C(=O)NC(CS)C(=O)NC(=O)C(O)Cc1cnc[nH]1,1,0.1019923,0.1020,0.2255271,0.2255,0.9999914,373.3910,35
27.8015,29.5973,31.7284,0.5110472,COc1nccnc1OC1CCN(Cc2cc(F)ccc2F)C1,1,0.4020010,0.4020,0.8462728,0.8463,0.9999999,321.3270,35
44.5672,55.1984,-21.9520,0.2770529,CCOc1ccccc1NS(=O)(=O)c1ccc2c(c1)c(=O)n(C)c(=O)n2NC(C)CS(=O)(=O)c1ccccc1,1,0.5897390,0.5897,0.2944914,0.2945,0.0012384,572.6650,35
39.5670,42.8838,31.5978,0.6206802,COc1cccc(Oc2nc3c(cnn3-c3cccc(C)c3)c(=O)n2CC(=O)Nc2cc(C)on2)c1,1,0.6971166,0.6971,0.3696091,0.3696,0.7763464,486.4880,35
29.5930,34.9652,35.9940,0.5913265,O=C(Nc1nnc(SCC(=O)c2ccccc2)o1)C(=Cc1ccco1)NC(=O)c1ccccc1,1,0.7457249,0.7457,0.2113069,0.2113,0.9128406,474.4980,35
36.0908,45.9696,28.3039,0.6189453,CCN(c1nc2c(OC)ccc(C)c2s1)C1CN(C(=O)Nc2nnc(C)s2)C1,1,0.5620513,0.5621,0.6825983,0.6826,0.9994483,418.5480,35
27.5887,33.6873,16.8681,0.4212951,O=C(Cc1ccc2ccccc2c1)NC(=O)c1ccccc1NS(=O)(=O)c1ccc(F)cc1,1,0.3676321,0.3676,0.4474523,0.4475,0.9693410,462.5020,35
33.1451,39.8615,22.3702,0.5185975,CCCCN1CCC(O)(c2cccc(NC(=O)Nc3ccc(OC)cc3OC)c2)CC1,1,0.4572837,0.4573,0.5804658,0.5805,0.9987375,427.5450,35
29.3159,30.5679,42.9584,0.6127187,OCC1CCCN(c2cc(NCc3cccc(Cl)c3)ncn2)C1,1,0.5149773,0.5150,0.8811452,0.8811,0.9999998,332.8350,35
22.6463,28.1189,-11.2583,0.1405051,COc1ccc(C(=O)N(Cc2cccn2C)C2CC2)c(O)c1,1,0.0619959,0.0620,0.9229775,0.9230,0.9999990,300.3580,35
39.2326,45.7261,-45.7258,0.0000022,COc1cccc(C2C(C(=O)Nc3ccc(O)cc3)=NN3C(=O)NC(=O)C2C3=O)c1,1,0.0000000,0.0000,0.5132723,0.5133,0.9997839,408.3700,35
32.3442,33.7883,-26.7459,0.0586865,CCC(Br)=C(F)c1cc(F)ccc1Cl,1,0.0191112,0.0191,0.7214074,0.7214,0.9999945,281.5270,35
52.6847,55.3978,-55.3976,0.0000024,CCc1ccc(N2CN=C3NN(CCN3C(=O)C(C)(C)OC(=O)O)C2=O)cc1,1,0.0000000,0.0000,0.7565597,0.7566,0.9999623,389.4120,35
43.6111,49.4364,-10.4512,0.3248764,CCc1nccn1CC1CCCN(C(=O)N2CCN(c3ccc(Cl)cc3NS(=O)(=O)c3ccccc3)CC2)C1,1,0.6430327,0.6430,0.4498075,0.4498,0.0014240,571.1470,35
32.6276,40.3933,10.9340,0.4277279,CN(Cc1ccccc1Oc1ccccc1F)C(=O)CCCN1C(=O)NC2(CCc3ccccc32)C1=O,1,0.4161220,0.4161,0.4520839,0.4521,0.4641868,501.5580,35
33.6340,34.8070,-22.0174,0.1065796,Cc1cnc(S(=O)(=O)NC2CCCCC2Cl)c(N)c1,1,0.0430036,0.0430,0.8338776,0.8339,0.9999993,303.8150,35
47.1463,51.2137,-33.6224,0.1465946,CN(C)C(N1C=CN(CC(=O)Nc2cccc(C(F)(F)F)c2)C1)P(=O)(c1ccccc1)c1ccccc1,1,0.1200183,0.1200,0.4352023,0.4352,0.0674630,528.5150,35
27.5622,34.8067,24.0922,0.4908239,COc1ccc(NC(=O)C(C)N2C(=O)C(c3ccc(OC)cc3)Nc3ccccc32)cc1,1,0.4166654,0.4167,0.6106144,0.6106,0.9981849,431.4920,35
30.8047,36.0105,25.4742,0.5123724,CN1CCN(CC2CCN(Cc3ccc(-c4ccc(S(=O)(=O)N(C)C)cc4)o3)CC2)CC1,1,0.4400007,0.4400,0.6332188,0.6332,0.9740381,460.6440,35
31.2143,36.7795,-17.6926,0.1590575,Cc1ccc(C=Nc2ccc(Sc3ccc(NC(=O)c4ccccc4Cl)cc3)cc2)s1,1,0.1029038,0.1029,0.2960409,0.2960,0.9678710,463.0270,35
30.4835,31.7035,5.3607,0.3088681,Cc1ccc(S(=O)(=O)N(C)c2ccccc2C(=O)N2CCN(c3ccc(F)c(F)c3)CC2)cc1,1,0.2293611,0.2294,0.5469986,0.5470,0.7908971,485.5560,35
22.9737,24.6732,4.0298,0.2391917,Oc1ccc(Cl)c(-c2nc3ccccc3[nH]2)c1,1,0.1442227,0.1442,0.6873025,0.6873,0.9998368,244.6810,35
32.5012,45.2865,-22.3538,0.1911060,COc1ccc(NC(=O)COC(=O)c2ccc(NC(=O)NC(C)c3ccc(C)c(F)c3)cc2)cc1,1,0.1244867,0.1245,0.4018531,0.4019,0.8684569,479.5080,35
36.6991,34.4265,-29.6110,0.0401286,CC1OC(=O)c2c(N3CCN(C)CC3)ccc(CO)c21,1,0.0106983,0.0107,0.8216129,0.8216,0.9999912,276.3360,35
31.5457,35.0769,42.5236,0.6466712,O=C(c1ccc2c(c1)OCO2)N(N=Cc1ccc(O)c(O)c1)c1nc2ccccc2s1,1,0.7680987,0.7681,0.2850560,0.2851,0.9978280,433.4450,35
35.1576,41.9371,-27.8185,0.1176547,COCCN(Cc1ccccc1)S(=O)(=O)N(N)c1ccc(O)cc1,1,0.0556517,0.0557,0.5544634,0.5545,0.9999989,351.4280,35
27.2417,31.3155,-2.8569,0.2371546,Cc1ccc(N=Nc2cc(=O)[nH]c3cc4c(cc23)OCO4)cc1C,1,0.1408496,0.1408,0.7153403,0.7153,0.9999999,321.3360,35
36.6217,38.1957,-21.8141,0.1365133,S=c1n(Nc2ccc(Cl)cc2Cl)nc2cnc3ccccc3n12,1,0.0697186,0.0697,0.5298529,0.5299,0.9999969,362.2450,35
34.4938,40.5164,-22.9349,0.1465130,Cc1cc(Nc2cncc(S(N)(=O)=O)c2)ccc1NS(=O)(=O)c1ccc(F)cc1,1,0.0765620,0.0766,0.5444524,0.5445,0.9971269,436.4900,35
28.0269,26.6842,-11.5831,0.1258425,CCCS(=O)(=O)NCc1ccc(C(=O)O)nc1,1,0.0555967,0.0556,0.7788872,0.7789,0.9999534,258.2990,35
34.2411,39.3223,18.4547,0.4814754,Cc1cc(C2CCCN(CCC(=O)N3N=CCC3c3ccc(F)cc3)C2)n[nH]1,1,0.3673965,0.3674,0.8608001,0.8608,0.9999782,383.4710,35
46.0511,49.4386,-6.3042,0.3594541,Cc1ccc(C=C2C(=O)N=C3C2S(=O)(=O)N(c2cccc(C)c2)N3c2ccc(Cl)cc2)cc1,1,0.2873408,0.2873,0.5019418,0.5019,0.8837841,477.9730,35
39.9875,43.5254,-35.0930,0.0702702,CCC(C)NC(=S)N1CC2CCC1N2c1cc(C)cc(C)c1,1,0.0235212,0.0235,0.8585104,0.8585,0.9999998,317.5020,35
39.7764,43.4570,28.6871,0.6012006,O=C(NC1CC1)c1cc(NCc2cccnc2)nc(N=Cc2ccc(Br)cc2)n1,1,0.5797992,0.5798,0.5321889,0.5322,0.9888252,451.3280,35
46.0877,49.5069,-37.4029,0.1008661,CCn1c(=NS(C)(=O)=O)c(Nc2ccc(C)cc2)nc(=O)c2ccccc21,1,0.0410479,0.0410,0.7450963,0.7451,0.9999761,384.4610,35
27.1340,31.5428,36.1419,0.5640390,CC1CNCCN1Cc1cc(-c2ccccc2)nc2ccccc12,1,0.4706358,0.4706,0.7982670,0.7983,0.9999998,317.4360,35
33.5058,46.2121,24.3868,0.5883238,COC(=O)c1ccccc1Nc1cc(NC(C)(N)COc2ccccc2Cl)ncn1,1,0.6241669,0.6242,0.3671239,0.3671,0.9986965,427.8920,35
39.3317,45.3105,19.7538,0.5422025,COc1cc(N2C(=O)NC(CCc3ccc(O)cc3)C2=O)ccc1C(=O)NN,1,0.6165362,0.6165,0.2546581,0.2547,0.9999763,384.3920,35
36.0110,39.5872,-22.7056,0.1406806,CN(Cc1ccn(-c2ccccn2)n1)C(=O)C(N)Cc1ccc2ccccc2c1,1,0.0718738,0.0719,0.5535779,0.5536,0.9999738,385.4710,35
37.3933,39.5311,4.7813,0.3692702,Cc1cccc(C)c1Nc1c(-c2ccc(C(=O)NO)cc2)ccc[n+]1[O-],1,0.3427698,0.3428,0.2912140,0.2912,0.9999990,349.3900,35
30.4889,38.7988,43.7676,0.6880537,COC(=O)C1=C(N)Nc2ncnn2C1c1cccc(NS(=O)(=O)c2ccc(C)cc2)c1,1,0.7111025,0.7111,0.5096252,0.5096,0.9958543,440.4850,35
33.4768,40.1093,-6.0010,0.2842359,COc1cc(-c2csc(N3CCN(C(=O)C(F)(F)F)CC3)n2)ccc1OCCOc1ccccc1,1,0.2486905,0.2487,0.4190425,0.4190,0.3331646,507.5340,36
39.9098,42.8214,5.6306,0.4037667,Cc1ccccc1NS(=O)(=O)c1ccc2c(c1)CC(C(=O)Nc1ccc(F)cc1)=C(NC(=O)c1ccccc1)O2,1,0.8317633,0.8318,0.2909298,0.2909,0.0049400,557.6030,36
34.3015,42.6331,22.1608,0.5399491,Cc1nc(CN)cc(Br)c1S(=O)(=O)NC1CCN(CC(F)(F)F)C1,1,0.4522209,0.4522,0.7386249,0.7386,0.9982203,431.2780,36
28.8429,32.4290,45.8326,0.6521792,COc1ccc(C(=O)Nc2ccc(N3CCC(c4nnc(N)s4)CC3)nc2)cc1,1,0.6100916,0.6101,0.6652872,0.6653,0.9997370,410.5030,36
25.0494,33.8372,-33.8372,0.0000005,CS(=O)(=O)N(CCN(Cc1ccc(F)cc1)C(=O)CN(c1ccc(Cl)cc1)S(=O)(=O)c1ccccc1)c1ccc(F)cc1,1,0.0000000,0.0000,0.2078314,0.2078,0.0000012,648.1530,36
32.3859,35.2872,16.1586,0.4287147,O=c1[nH]c2ccccc2n1-c1cccc(-n2cncn2)n1,1,0.3452647,0.3453,0.5988402,0.5988,0.9999926,278.2750,36
29.4600,37.6723,36.7321,0.6200374,NC1(COc2ccc(Nc3ncc4cnn(-c5ccc(F)cc5)c4n3)cc2)CC1,1,0.6079554,0.6080,0.5230549,0.5231,0.9999586,390.4220,36
55.4481,60.7387,1.0829,0.5151796,CC(C)c1cc(NC(=CN(C)C)C=C(N=N)Nc2ccc(NS(C)(=O)=O)cc2)c2ccccc2n1,1,0.6385996,0.6386,0.2175556,0.2176,0.6424594,493.6370,36
50.3074,56.6383,-2.7067,0.4494302,O=C1NC(=O)C2CN(C(=O)N3CCCCC3CNOP(=O)(O)O)CC2(C2CC2)N1,1,0.4556191,0.4556,0.2874718,0.2875,0.9982026,431.3860,36
29.6898,42.6212,-5.9994,0.3051816,O=Cc1cccc(CN2C(=O)NC(c3ccccc3)(N3CCN(Cc4ccccc4)CC3)C2=O)c1,1,0.2359970,0.2360,0.4258874,0.4259,0.9476487,468.5570,36
32.0191,45.6446,23.1368,0.5731778,Cc1ccc(-n2c(C(=NN=Cc3ccc(Cl)cc3)Nc3ccc(C)c(Cl)c3)n[nH]c2=O)cc1C,1,0.7474782,0.7475,0.2129277,0.2129,0.6474994,493.3980,36
35.5401,38.0520,22.9009,0.5079409,COc1cc(N2CCN(C(=S)NN=Cc3ccccc3)CC2)nc(N2CCCCC2)n1,1,0.4828559,0.4829,0.4330474,0.4330,0.9961814,439.5890,36
28.3993,34.7794,51.6192,0.7199888,Cc1ccc(N2CCN(S(=O)(=O)c3ccc4nc(C)cc(=O)n4c3)CC2)nn1,1,0.7121196,0.7121,0.6349156,0.6349,0.9998956,400.4640,36
40.6073,46.6392,-46.6392,0.0000000,c1cc(CN(CC)C(=O)c2ccc(cc2)N2C(=O)Nc3c(C2)cccc3)cn(Cc2ccc(cc2)Cl)n1,0,0.0000000,0.0000,0.0000000,0.0000,0.0000000,0.0000,36
35.0174,38.3045,-8.1814,0.2510266,Cc1nc(CN2CCCC2Cc2c[nH]c(C(=O)N(C)C)c2)cs1,1,0.1423564,0.1424,0.9157547,0.9158,0.9999998,332.4730,36
29.0375,32.3861,-3.5124,0.2406142,Cc1cc(NC(=O)c2ccc(S(=O)(=O)Nc3cccc(F)c3)cc2)n(-c2nc3ccccc3s2)n1,1,0.2086541,0.2087,0.3371240,0.3371,0.3323876,507.5720,36
23.6064,30.4733,17.3477,0.3985085,CN(C)S(=O)(=O)NCCN1CCN(c2ccc3c(c2)OCO3)CC1,1,0.2895498,0.2895,0.7694082,0.7694,0.9999982,356.4480,36
39.8176,35.6899,-26.9341,0.0729644,COCC1CCN(Cc2ccccc2)C1(Cc1ccccc1)C(N)=O,1,0.0249393,0.0249,0.8442284,0.8442,0.9999996,338.4510,36
28.9976,28.1445,-18.5123,0.0802684,Cc1cccc(N2CCCN(C(C)C(=O)O)CC2)c1,1,0.0280247,0.0280,0.9043521,0.9044,0.9999679,262.3530,36
30.1079,36.9081,-19.2255,0.1473555,COc1ccc(NS(C)(=O)=O)cc1CN1CCN(Cc2csc(-c3ccc(C)cc3)n2)CC1,1,0.0810174,0.0810,0.5218757,0.5219,0.7735355,486.6630,36
38.6914,42.8720,41.4515,0.7026958,Cc1cccc(-c2cc(-c3ccccn3)nn2-c2ncc(S(=O)(=O)N3CCCCC3)cn2)c1,1,0.7623396,0.7623,0.4487321,0.4487,0.9742261,460.5630,36
48.6677,49.4721,-31.7781,0.1474503,COc1cccc(C2(NC(=O)c3ccccc3)CCCC3CC32OCC2CC2)c1,1,0.0706168,0.0706,0.7448357,0.7448,0.9999542,391.5110,36
25.8765,28.5503,31.3072,0.4988122,CN1CCN(c2ccc(C(=O)N3CCNC(=O)C3)cc2[N+](=O)[O-])CC1,1,0.4271150,0.4271,0.6064270,0.6064,0.9999992,347.3750,36
37.4231,41.3972,24.7519,0.5512430,O=C1CCC(N2Cc3c(SCc4nc(C(=O)NC5CCCCC5)no4)cccc3C2=O)C(=O)N1,1,0.5445939,0.5446,0.4716312,0.4716,0.8198161,483.5500,36
37.2153,49.8064,0.9992,0.4233797,CS(=O)(=O)Nc1ccccc1CN1CCc2nc(N3CCCC3)nc(NC(=O)c3ccc(Cl)cc3)c2C1,1,0.6269317,0.6269,0.4675242,0.4675,0.0222408,541.0770,36
41.9865,48.1566,-20.2394,0.2326433,COc1ccc(C(=O)NC(C)c2ccc3c(c2)cc(N)n3Cc2ccc(C)cc2)cc1,1,0.1551722,0.1552,0.4631043,0.4631,0.9996527,413.5210,36
30.3226,39.1024,-12.4397,0.2221894,Cc1cc(C)cc(N2CC(NC(=O)N3CCN(c4ccc(Cl)cn4)CC3)C2)c1,1,0.1216967,0.1217,0.8613166,0.8613,0.9999007,399.9260,36
39.5916,50.1475,3.6275,0.4481252,CN1CCN(C2(C(=O)Nc3ccc(Cl)cc3Cl)CSC(N3CCN(S(C)(=O)=O)CC3)=N2)CC1,1,0.5825838,0.5826,0.6263088,0.6263,0.0365517,535.5230,36
25.5812,33.8462,-33.8462,0.0000000,CC(C)(OC(=O)N1CCC(N2CC(c3ccccc3)NC2=O)CC1)(C)C,0,0.0000000,0.0000,0.0000000,0.0000,0.0000000,0.0000,36
28.6736,31.8974,36.4441,0.5695125,Cc1ccc(Cc2cnc(NC(=O)Nc3cc(C)cc(F)c3)s2)cc1,1,0.4992916,0.4993,0.6812034,0.6812,0.9999983,355.4380,36
30.3306,32.0921,-4.4901,0.2300166,O=C(CN(CCCl)C(=O)c1cc(Cl)ccc1F)N1CCCC1,1,0.1320814,0.1321,0.7688657,0.7689,0.9999992,347.2170,36
31.8801,32.4507,44.4434,0.6407843,Cc1cccc(NC(=O)c2ccccc2NC(=O)CNc2ccc(N3CCCC3=O)cc2)c1,1,0.6440756,0.6441,0.5050889,0.5051,0.9950044,442.5190,36
35.0477,38.1773,-5.3367,0.2736719,Cc1ccccc1-n1c(C)cc(C=NNC(=O)CN(c2c(C)cc(Cl)cc2C)S(C)(=O)=O)c1C,1,0.2302158,0.2302,0.3801612,0.3802,0.4757957,501.0520,36
36.1422,44.3898,-0.3503,0.3669953,O=C(C=Cc1ccco1)N1CN=C1NN=Cc1ccc(Cl)cc1Cl,1,0.2887829,0.2888,0.5144022,0.5144,0.9999966,363.2040,36
30.7363,35.0936,-15.9846,0.1592421,O=C(NNC(=O)c1cccc2ccccc12)c1cc(-c2ccc(F)cc2)n(-c2cccc(Cl)c2)n1,1,0.1028674,0.1029,0.3278310,0.3278,0.8004491,484.9180,36
41.6059,51.3638,-9.6388,0.3477079,Nc1ccc(N2CC3c4ccc(F)cc4Nc4nccn4N3C2=O)cc1,1,0.2488150,0.2488,0.6614621,0.6615,0.9999990,350.3570,36
50.9477,57.0187,-35.1730,0.1820467,O=C1NC2(CC2)c2ccc(-c3nnc4n3CCC(NCc3ccccc3O)C4)cc2O1,1,0.1013468,0.1013,0.6035131,0.6035,0.9995005,417.4690,36
29.5768,33.1058,-16.1390,0.1413897,COc1ccc(C(C)NC(=O)CSc2nnc(-c3ccc(F)cc3F)o2)cc1,1,0.0707763,0.0708,0.5991263,0.5991,0.9998352,405.4260,36
57.1197,70.5865,-5.6567,0.5410818,Cc1ccccc1N1N=C2N(C(N)NS2=NN=NNC(N)=S)C1c1scnc1C,1,0.5806797,0.5807,0.3123332,0.3123,0.9904581,449.5950,36
36.6321,39.1344,43.1817,0.6859669,O=C(CCc1nc2ccccc2[nH]1)Nc1ccc2c(c1)OCC1Cc3ccccc3N21,1,0.7050010,0.7050,0.5163080,0.5163,0.9997376,410.4770,36
27.3992,33.2050,49.5330,0.6894836,O=C(Nc1ccc(-n2cnnn2)cc1)Nc1cccc(-c2n[nH]c(C3CC3)n2)c1,1,0.7237276,0.7237,0.4831850,0.4832,0.9999686,387.4070,36
33.2677,32.5393,-32.5392,0.0000007,Cc1ccccc1CN(C(=O)CN(c1cccc(C(F)(F)F)c1)S(=O)(=O)c1ccc(F)cc1)C(C)C(=O)NCC(C)C,1,0.0000000,0.0000,0.2903715,0.2904,0.0000494,607.6700,36
36.1006,44.4241,9.4815,0.4492130,COC(=O)C(Cc1ccc(NC(=O)OC(C)c2cccs2)cc1)NC(=O)c1ccco1,1,0.3872614,0.3873,0.5073784,0.5074,0.9950163,442.4930,36
28.6706,31.1579,41.6813,0.6069932,COc1ccc(-c2nc(C(=O)NNc3nnnn3C)cs2)cc1,1,0.5485231,0.5485,0.6741195,0.6741,0.9999998,331.3610,36
26.8089,36.6885,34.0054,0.5891165,COc1ccc(S(=O)(=O)N2CCCCC2)cc1NC=C(C#N)NC(=O)c1ccccc1,1,0.5337099,0.5337,0.6402400,0.6402,0.9958391,440.5250,36
36.7255,45.9426,23.1598,0.5758536,CC(=O)Nc1ccc(Nc2ccc(Oc3nccnc3N)cn2)cc1,1,0.5127922,0.5128,0.6557908,0.6558,0.9999997,336.3550,36
30.4329,33.7994,5.8156,0.3301246,O=C(NCc1ccccc1OC(F)(F)F)c1cncc(C(=O)Nc2cc(Cl)cc(Cl)c2)c1,1,0.2599249,0.2599,0.4866262,0.4866,0.8099394,484.2610,36
36.6237,41.9699,-28.3549,0.1134582,COCCN1Cc2ncn(C)c2NC1c1ccc(O)cc1O,1,0.0477214,0.0477,0.7919235,0.7919,0.9999993,304.3500,36
28.4202,31.8971,-10.7084,0.1765724,O=C(Nc1cccnc1)C1CCCN1C(=O)NC12CC3CC(CC(C3)C1)C2,1,0.0876623,0.0877,0.8605407,0.8605,0.9999945,368.4810,36
28.4452,30.9158,46.5427,0.6454874,Cc1ccc(-c2cc(C(=O)NN=Cc3c(O)cccc3F)[nH]n2)cc1,1,0.6506164,0.6506,0.5044307,0.5044,0.9999996,338.3420,36
29.0599,33.9931,16.9628,0.4246325,COc1ccc(N(C(C)C(=O)Nc2cc(C)ccc2OC)S(=O)(=O)c2ccc(OC)c(OC)c2)cc1,1,0.4685106,0.4685,0.4313594,0.4314,0.2067370,514.6000,36
34.8781,45.1483,-1.6964,0.3620989,CCN(c1ccc(OC)cc1)c1nc(N)nc2sc3c(c12)CCN(NC(C)=O)C3,1,0.2632628,0.2633,0.6650313,0.6650,0.9996833,412.5190,36
31.1136,31.3284,-7.6227,0.1975481,CCOC(=O)c1nc(SC)n(-c2cccc(Cl)c2Cl)c1N,1,0.1102665,0.1103,0.6757904,0.6758,0.9999993,346.2390,36
26.8388,30.2500,28.7282,0.4914849,Cc1ccccc1NC(=S)Nc1ccccc1Sc1ccc([N+](=O)[O-])cc1,1,0.5018989,0.5019,0.3201903,0.3202,0.9999339,395.5090,36
32.1755,36.7005,44.7603,0.6788395,CC(=O)Nc1cc(NC(=O)c2ccc(Cl)cc2)n(-c2nc3ccccc3s2)n1,1,0.6923071,0.6923,0.5222215,0.5222,0.9997016,411.8740,36
26.6060,28.1388,21.8818,0.4168384,Cc1cc(C)cc(N(CC(=O)NN=Cc2cccc(F)c2)S(C)(=O)=O)c1,1,0.3284105,0.3284,0.6199857,0.6200,0.9999875,377.4410,36
27.4647,30.7874,-1.2837,0.2458643,CC(NC(=O)Nc1ccc2cccnc2c1)c1ccc(Cl)cc1,1,0.1475349,0.1475,0.7283599,0.7284,0.9999999,325.7990,36
27.1732,31.4015,47.1273,0.6544068,COc1ccc(-c2noc(CNC(=O)NC3COc4ccccc43)n2)cc1,1,0.5992817,0.5993,0.7203297,0.7203,0.9999955,366.3770,36
42.0562,49.6858,4.4568,0.4511882,COc1ccccc1NC(=O)N1CCN(CCCCCc2ccc(OC(C)=O)c(N)n2)CC1,1,0.4061920,0.4062,0.4413899,0.4414,0.9835876,455.5590,36
28.3234,34.2138,-11.3224,0.1907612,O=C(NCc1ccc(NC(=O)N2Cc3ccccc3C2)cc1)Nc1ccccc1F,1,0.1090472,0.1090,0.5899740,0.5900,0.9998494,404.4450,36
30.4315,40.6216,32.6862,0.6108990,Cc1ccc(S(=O)(=O)Nc2cc(N(C)Cc3c(C)noc3C)ccc2C(=N)N)cc1,1,0.6463101,0.6463,0.3922633,0.3923,0.9987392,427.5300,36
38.0584,39.6120,-21.9580,0.1471169,COc1cc(Cl)c(CN2C(=O)c3cc(Cl)ccc3NC23CCCCCC3)cc1OC,1,0.0746088,0.0746,0.6103653,0.6104,0.9906451,449.3780,36
28.5644,27.5644,-21.2514,0.0526079,O=C(C=CCCl)Nc1ccc(Cl)cc1Cl,1,0.0168120,0.0168,0.6540209,0.6540,0.9999738,264.5390,36
39.8454,45.0237,42.5417,0.7297111,NC1(Cc2ccccc2)CC(C(F)(F)F)OC(NC(=O)NCc2ccc(F)cc2)=N1,1,0.7183634,0.7184,0.6588027,0.6588,0.9990548,424.3980,36
24.1165,22.7173,-11.2764,0.0953407,CN(C)C(=O)Nc1cccc(C(F)(F)F)c1,1,0.0372097,0.0372,0.7928812,0.7929,0.9994853,232.2050,37
25.4689,29.8151,-9.8326,0.1665206,COc1ccccc1N1CCN(C(=O)Nc2ccc3c(c2)CC(=O)N3)CC1,1,0.0802236,0.0802,0.8755539,0.8756,0.9999955,366.4210,37
36.3870,39.6438,30.6244,0.5855681,CC1(N2CCCC(N3CCN(c4ccccc4F)CC3)C2)CCOC1,1,0.4899165,0.4899,0.8364883,0.8365,0.9999992,347.4780,37
30.8851,34.2346,-6.1257,0.2342409,COc1ccc(-c2nc3ccccc3c(=O)n2N=Cc2cc(Br)cc(OC)c2OC(C)C(=O)O)cc1,1,0.3476958,0.3477,0.3187655,0.3188,0.0079669,552.3810,37
32.5922,32.9378,32.0389,0.5414718,O=C(Cn1nnc2ccccc2c1=O)Nc1ccc(SN2CCCC2)cc1,1,0.4639353,0.4639,0.6843560,0.6844,0.9999819,381.4610,37
30.6413,33.6308,-21.5085,0.1010190,COc1ccc(-n2nnnc2CSc2nc(SC)cc(C(F)(F)F)n2)cc1,1,0.0512790,0.0513,0.3445943,0.3446,0.9996221,414.4380,37
42.2584,46.1777,-46.1776,0.0000007,CCn1c(=O)c(=O)n(Cc2cccc([N+](=O)[O-])c2)c2cc(NC(=O)c3ccc(S(=O)(=O)N4CCCCCC4)cc3)ccc21,1,0.0000000,0.0000,0.1812044,0.1812,0.0000593,605.6730,37
37.4558,38.1229,21.6081,0.4977583,O=C(Nc1ccccc1)OCC1C2NC(CS2)C1C(=O)O,1,0.3958624,0.3959,0.7828669,0.7829,0.9999995,308.3590,37
37.0664,38.9058,-11.2884,0.2301444,COc1ccc(C2(C)NC(=O)N(CCCOc3cccc(C(=O)N(C)C)c3)C2=O)cc1,1,0.1479223,0.1479,0.5189327,0.5189,0.9989554,425.4850,37
29.7475,38.3186,35.5999,0.6159875,COc1ccc(NNC(=O)c2coc(-c3ncccn3)n2)c([N+](=O)[O-])c1,1,0.6106642,0.6107,0.4983696,0.4984,0.9999982,356.2980,37
36.9196,49.9228,24.7958,0.6226554,Cc1ccc(NC(=O)C2CC(S(N)(=O)=O)CN2S(=O)(=O)c2ccc(N)cn2)cc1Cl,1,0.6031381,0.6031,0.5736838,0.5737,0.9166750,473.9640,37
26.7485,30.6190,36.1377,0.5563066,O=C(Nc1ccc(Sc2ncc[nH]2)cc1)c1cccc(N2CCCC2=O)c1,1,0.4781473,0.4781,0.7048684,0.7049,0.9999862,378.4570,37
30.0503,30.5027,-19.1263,0.0948039,COc1ccc(OCCc2nnc(N)s2)cc1[N+](=O)[O-],1,0.0392991,0.0393,0.6364905,0.6365,0.9999986,296.3080,37
33.8003,40.1917,2.2798,0.3539289,CN(C)c1noc(CN2CCN(Cc3cscn3)CC2c2nccn2C)n1,1,0.2591635,0.2592,0.6267282,0.6267,0.9999653,388.5010,37
40.9898,45.1962,-22.8279,0.1864028,O=[N+]([O-])c1cccc(C2N=CC(=CNO)N2OCc2ccccc2)c1,1,0.1040497,0.1040,0.6193255,0.6193,0.9999996,340.3390,37
32.8450,35.9233,11.7284,0.3970972,Cc1cc(C)nc(SCC(=O)Nc2cnnn2Cc2c(Cl)cccc2Cl)n1,1,0.3297025,0.3297,0.4800012,0.4800,0.9991434,423.3290,37
30.7804,39.5810,-18.9096,0.1722612,COc1ccc(C(=O)NC(=S)Nc2sc3c(c2C(=O)Nc2ccc(Cl)cc2)CCN(Cc2ccccc2)C3)cc1OC,1,0.6348003,0.6348,0.1975963,0.1976,0.0000142,621.1840,37
37.1399,44.2113,1.1359,0.3778935,Cc1nc(-c2ccc(C(=O)N(Cc3ccccn3)CC3CCN(Cc4cccc(F)c4)C3)cc2)n[nH]1,1,0.3339265,0.3339,0.3990856,0.3991,0.8053895,484.5790,37
24.7688,26.7389,-8.6246,0.1509525,Cn1cc(CC(=O)N2CCc3ccccc3C2)cn1,1,0.0711393,0.0711,0.8162649,0.8163,0.9999387,255.3210,37
27.6366,27.7309,-12.3371,0.1282811,NC1(Cn2c(=O)[nH]c3cc(Cl)ccc32)CCCC1,1,0.0552771,0.0553,0.8748013,0.8748,0.9999765,265.7440,37
28.3563,34.8325,-4.1341,0.2558200,CN(C)c1ccc(NC(=O)CN(c2ccncc2)S(=O)(=O)N(C)C)cc1,1,0.1526570,0.1527,0.7882541,0.7883,0.9999874,377.4700,37
28.0342,41.5209,19.1316,0.5054379,Cc1c(NC(=O)Nc2ccccc2)cccc1Nc1ccc(NS(N)(=O)=O)cc1[N+](=O)[O-],1,0.5518353,0.5518,0.2666344,0.2666,0.9821540,456.4840,37
44.5621,52.7590,11.6387,0.5366478,CCC(C)(NC(=O)COC(=O)N1CCc2ccccc2C1)C(=O)OC(=O)ON1C(=O)CCC1=O,1,0.5564552,0.5565,0.3638975,0.3639,0.9055754,475.4540,37
29.3478,33.2708,-16.1362,0.1427883,O=C(NCCN1CCN(c2cccc(Cl)c2F)CC1)c1cnn(-c2ccccc2)c1,1,0.0699552,0.0700,0.6559605,0.6560,0.9986942,427.9110,37
30.0183,27.7665,-19.6559,0.0675878,COc1cc(F)cc(C)c1C1CC(N)C1,1,0.0226274,0.0226,0.8110463,0.8110,0.9957578,209.2640,37
54.8424,59.8597,21.3974,0.6771425,CC(C)(OS(=O)(=O)ONC(=O)OC1CCC2C3CCC4CCCC4(C)C3CCC12C)C(N)=O,1,0.7057231,0.7057,0.5480185,0.5480,0.7740511,486.6310,37
34.6371,37.7684,-8.7799,0.2415707,Cc1ccc(S(=O)(=O)Nc2ccc(C(=O)Nc3ccc4nn(-c5ccc(OCc6ccccc6)cc5)nc4c3)cc2)cc1,1,0.6746443,0.6746,0.2028029,0.2028,0.0002587,589.6770,37
30.6461,37.8168,16.4736,0.4524201,O=C1NN(c2cc(-n3ccnc3)ncn2)CCN1Cc1ccc(Br)cc1,1,0.3552480,0.3552,0.7094625,0.7095,0.9996280,414.2670,37
36.7733,39.9987,2.8713,0.3572498,O=C(NCCc1ccoc1)Oc1ccc(Oc2nc3ccccc3o2)cc1,1,0.2740251,0.2740,0.5402499,0.5402,0.9999962,364.3570,37
40.5980,43.3961,-9.3384,0.2838144,O=C1CCCN1c1nc(CN2CCn3c(nc4ccccc43)C2)cc2c1CCCCC2,1,0.1905282,0.1905,0.6101057,0.6101,0.9995818,415.5410,37
39.9517,47.3863,7.1896,0.4547995,Cc1ccccc1S(=O)(=O)N1CCc2c(C)c(C)nc(N(C)Cc3cccnc3)c2C1,1,0.3740357,0.3740,0.6088839,0.6089,0.9971028,436.5810,37
33.2647,37.6569,25.0299,0.5223894,O=C(OCc1ccc(F)c(Cl)c1)c1c(-c2cccnc2)nnn1-c1ccccc1,1,0.4952062,0.4952,0.4552705,0.4553,0.9997748,408.8200,37
29.4413,43.7343,-19.3911,0.2028596,COc1cc(N(CC(=O)NC2CCCC2)S(=O)(=O)c2ccc(C)cc2)cc(OC)c1OCc1ccc(Cl)cc1,1,0.3691438,0.3691,0.3260381,0.3260,0.0011886,573.1110,37
26.5356,31.3870,41.4010,0.6065671,Cc1c(S(=O)(=O)Nc2ccc(Oc3ccc(F)cc3F)nc2)cnn1C,1,0.5345182,0.5345,0.7354090,0.7354,0.9999836,380.3760,37
24.2456,26.6416,39.1372,0.5481570,Cc1ccc([N+](=O)[O-])cc1NN1C(=O)c2ccccc2C1=O,1,0.5069289,0.5069,0.5335931,0.5336,0.9999987,297.2700,37
39.1750,40.0065,-30.4680,0.0794870,ON=C(O)C#CC(O)c1ccccc1CF,1,0.0406747,0.0407,0.2339388,0.2339,0.9988214,223.2030,37
32.0522,34.6702,-21.3255,0.1112061,COc1cc(C=NNC(=O)c2ccccc2NS(=O)(=O)c2ccc(C)cc2)ccc1OCC(=O)Nc1ccc(C(F)(F)F)cc1,1,0.4795136,0.4795,0.1442680,0.1443,0.0000024,640.6400,37
31.6020,33.4755,24.2067,0.4806844,CCNC(=NCc1nnc2ccccn12)NC1CC(SC)C12CCC2,1,0.3998550,0.3999,0.6348069,0.6348,0.9999978,358.5150,37
33.0123,35.5623,35.1803,0.5895212,COc1ccc(C=C2C(=O)N(C)c3ccccc32)cc1OC(=O)C(=O)O,1,0.6135706,0.6136,0.3935243,0.3935,0.9999986,353.3300,37
29.9193,33.9055,0.0505,0.2829667,CN(C(=O)CN(c1ccccc1F)S(=O)(=O)N(C)C)C1CCc2ccccc21,1,0.1793747,0.1794,0.7422473,0.7422,0.9998341,405.4950,37
43.2706,43.7832,-11.9753,0.2650657,COc1ccccc1N(Cc1scnc1C)C(=O)C(C)NC(=O)CCC(=O)O,1,0.1687487,0.1687,0.6629215,0.6629,0.9998344,405.4760,37
22.9788,26.0312,68.1565,0.7848976,O=C(Nc1ccc(N2CCN(C(=O)Nc3ccccc3)CC2)cc1)c1ccccc1F,1,0.7971739,0.7972,0.6587920,0.6588,0.9994522,418.4720,37
39.1733,45.4806,29.0555,0.6211338,Cc1ccc(C)c(CN2c3nc(=O)n(C4OC(CO)C(O)C4O)cc3CC2C)c1,1,0.5651079,0.5651,0.6815391,0.6815,0.9998856,401.4630,37
23.6380,30.3155,-4.5472,0.2147359,COc1ccc(NC(=O)NN=Cc2ccc(OC(=O)c3ccc(Br)cc3)c(OC)c2)cc1,1,0.1894321,0.1894,0.2103389,0.2103,0.5383087,498.3330,37
37.0717,45.6376,22.3195,0.5663097,Cn1ccc(NC(=O)c2cc(N)n(CCN3CCN(c4cccc(Cl)c4)CC3)c2)n1,1,0.5063050,0.5063,0.6311197,0.6311,0.9986907,427.9400,37
42.9397,49.9795,27.2551,0.6436213,NC(=O)CC1CN(c2ccc(-n3cccn3)nn2)CCN1C1Cc2ccccc21,1,0.5882184,0.5882,0.7075795,0.7076,0.9999621,389.4630,37
40.4912,44.5082,15.1225,0.4969230,Cc1c(NC(=O)c2ccco2)n(-c2ccc3c(c2)OCO3)c2ccc(C(=O)N3CCCC3)cc12,1,0.4559580,0.4560,0.4780718,0.4781,0.9804624,457.4860,37
44.8799,49.8997,-18.1260,0.2647810,CCOP(=O)(OCC)C(Nc1ccc(Nc2nc(Cl)nc(N3CCOCC3)n2)c(Cl)c1)c1ccc(C)cc1,1,0.6535199,0.6535,0.2454512,0.2455,0.0005522,581.4410,37
42.0355,44.3895,28.5618,0.6079275,OC(O)Nc1sc(N2CCc3ccccc3C2)nc1-c1ccccc1,1,0.5606762,0.5607,0.6291683,0.6292,0.9999986,353.4470,37
30.4446,33.2674,36.6297,0.5824757,COc1ccccc1C=CC(=O)Nc1ccc(S(=O)(=O)Nc2cccc(F)c2F)cc1,1,0.5548829,0.5549,0.5284259,0.5284,0.9940329,444.4590,37
31.9136,33.2439,3.8702,0.3092840,CCN(c1cc(C)ccc1C)S(=O)(=O)c1ccc(N(C)C)c(C(=O)OC)c1,1,0.2064652,0.2065,0.7076731,0.7077,0.9999583,390.5050,37
39.9422,46.2649,-14.9630,0.2608494,COC(=O)c1c(NC(=S)Nc2cccc(Cl)c2C)sc2c1CCN(OC(=O)Nc1cccc(Cl)c1)C2,1,0.5226110,0.5226,0.2392887,0.2393,0.0023922,565.5040,37
36.7422,45.8424,-3.0813,0.3563430,Cc1cc(CCNc2ncccc2N)n(-c2cc(C)on2)n1,1,0.2487172,0.2487,0.7488095,0.7488,0.9999988,298.3500,37
34.7896,38.9895,16.4466,0.4619677,COc1ccccc1OCC(C(=O)Nc1nc2c(OC)cccc2s1)N1C(=O)c2ccccc2C1=O,1,0.5020622,0.5021,0.3623666,0.3624,0.4192924,503.5360,37
34.0376,48.3372,13.5492,0.5157206,COC(=O)NCC12CN(Cc3ccccc3F)CCN1C(=O)N(c1ccc(F)cc1)C2,1,0.4150697,0.4151,0.7925144,0.7925,0.9983500,430.4550,37
34.3947,36.8714,9.1306,0.3833504,O=C(O)CC1(NC(=O)Nc2ccc3c(c2)CN(C(=O)C2CC2)C3)CCC1,1,0.2755656,0.2756,0.7536893,0.7537,0.9999980,357.4100,37
33.3417,37.5589,31.1096,0.5722375,CCC(NC(=O)N1CCN(c2ccc(Cl)c(N)c2)CC1)c1ccccc1,1,0.4801774,0.4802,0.7997931,0.7998,0.9999918,372.9000,37
32.6992,40.1758,8.5990,0.4064573,COc1ccccc1NC(=O)Nc1nn(-c2ccc(Cl)cc2)nc1C(=O)Nc1nccs1,1,0.3656161,0.3656,0.3869636,0.3870,0.9410897,469.9140,37
32.8556,34.7419,-10.1503,0.2049299,O=C1OC(COCC2CCN(Cc3ccccc3)CC2)CN1c1ccc(Cl)cc1,1,0.1167974,0.1168,0.6638891,0.6639,0.9996045,414.9330,37
25.5533,27.0958,29.6784,0.4731178,Cc1ccc(NC(=O)C(=O)NCCN2CCNCC2)cc1C,1,0.3804438,0.3804,0.6979592,0.6980,0.9999993,304.3940,37
46.7460,61.1118,0.9314,0.5170263,COc1ccccc1NC(=O)OC1NC2(N=C(N)Nc3ccccc32)NC1c1ncn[nH]1,1,0.5249638,0.5250,0.3529216,0.3529,0.9973891,435.4480,37
22.6979,30.0688,58.4397,0.7375703,O=C(CCN1C(=O)NC2(CCCC2)C1=O)N1CCc2ccccc2C1,1,0.6774749,0.6775,0.8528862,0.8529,0.9999995,341.4110,37
28.5757,31.1040,-22.6656,0.0703202,O=C1NC(=S)N=C2N=NC=C12,1,0.0279680,0.0280,0.5203119,0.5203,0.8159057,166.1650,37
23.8769,28.1189,11.5142,0.3302758,CC(=O)Nc1ccc(S(=O)(=O)NCc2ccc(NS(C)(=O)=O)cc2)cc1,1,0.2319883,0.2320,0.6535360,0.6535,0.9999207,397.4780,37
41.7430,44.3459,4.6966,0.4086878,CC1(C)CN(CCC2(N)c3ccccc3NC2c2ccc(Cl)cc2)CCN1,1,0.3022262,0.3022,0.7512797,0.7513,0.9999750,384.9550,38
31.0564,32.6086,39.5385,0.6012256,O=C(Cc1ccc(NC(=O)c2cccc(CN3CCCCC3)c2)cc1)NO,1,0.5760325,0.5760,0.5415321,0.5415,0.9999950,367.4490,38
34.1573,40.1201,-22.9265,0.1432796,CC(C)(C)NC(=O)N1C(c2cccs2)CC(=O)N1CCc1ccc(F)cc1,1,0.0651639,0.0652,0.8548798,0.8549,0.9999620,389.4960,38
52.1439,54.9698,13.2103,0.5681670,C=C(N=Nc1cc(C)ccc1O)C(=O)Nc1ccc(-n2nc(N3CCc4ccccc4C3)ccc2=O)cc1,1,0.7436430,0.7436,0.2809044,0.2809,0.3532573,506.5660,38
33.8557,42.0144,29.9961,0.6000880,CN(C)c1ccc(C=Nn2c(CCc3ccccc3)csc2=NCc2nc3ccccc3n2C)cc1,1,0.7456171,0.7456,0.2760234,0.2760,0.6203644,494.6680,38
30.1603,28.9189,-28.9188,0.0000007,CCC(C)NC(=O)C(C)N(Cc1ccc(OC)cc1)C(=O)CN(c1ccc(Cl)cc1Cl)S(=O)(=O)c1ccccc1,1,0.0000000,0.0000,0.2927215,0.2927,0.0000546,606.5720,38
24.9188,26.9088,-2.6162,0.2024385,Cc1ccc(CN(c2ccc(Br)cc2)S(=O)(=O)c2ccc(C)cc2)cc1,1,0.1218314,0.1218,0.5390931,0.5391,0.9983633,430.3670,38
28.6407,30.5644,14.5531,0.3759794,CC1(CC(=O)NN=Cc2ccc(C(=O)O)cc2)Oc2ccccc2O1,1,0.2804223,0.2804,0.6433926,0.6434,0.9999996,340.3350,38
31.2153,35.6851,-4.9214,0.2563638,CCNC(=O)c1ccccc1NCc1ccc(OCc2cccc(Cl)c2)c(O)c1,1,0.1754962,0.1755,0.4891094,0.4891,0.9997271,410.9010,38
35.3179,43.4777,3.0557,0.3877784,CN1CCN(c2nc(N3CCN(c4ccccc4)CC3)c3cnn(CC(=O)N4CCCc5ccccc54)c3n2)CC1,1,0.6759697,0.6760,0.3749734,0.3750,0.0084790,551.6990,38
41.5305,49.7293,-12.5801,0.3095771,Cc1ccc(C(=O)Nc2cccc(-c3ccc(F)cc3)n2)cc1S(=O)(=O)Nc1cc(Cl)c(Cl)cc1O,1,0.5150106,0.5150,0.2475309,0.2475,0.0137314,546.4070,38
28.7116,35.3054,43.1966,0.6541834,NC(=O)NCc1ccccc1NC(=O)Cc1ccc(NS(=O)(=O)c2ccc(F)cc2)cc1,1,0.7029861,0.7030,0.4150493,0.4150,0.9821298,456.4990,38
30.3381,33.9871,6.0442,0.3335945,O=C(Nc1ccccc1)OC(c1ccc(Br)cc1)c1ccnc2ccccc12,1,0.2691300,0.2691,0.4089720,0.4090,0.9978558,433.3050,38
25.4650,32.1702,9.0841,0.3437859,CS(=O)(=O)N(Cc1ccc(Cl)cc1)c1ccc(OCC(=O)Nc2ccc([N+](=O)[O-])cc2)cc1,1,0.3068303,0.3068,0.3545754,0.3546,0.7164328,489.9370,38
29.7699,31.8821,-3.5704,0.2359311,O=C(CCSc1ccc(Cl)cc1)Nc1ccc2oc(=O)n(-c3ccccc3)c2c1,1,0.1624661,0.1625,0.4231277,0.4231,0.9990093,424.9090,38
36.4858,43.0655,32.5890,0.6304536,Cc1ccc(NC(=O)C2NN=C(Nc3nc4c(s3)CN(C)CC4)S2)cc1,1,0.5618415,0.5618,0.7492468,0.7492,0.9999653,388.5220,38
34.5205,34.3444,-19.3885,0.1246320,O=c1[nH]cnn2nc(-c3cnccc3Br)cc12,1,0.0558178,0.0558,0.7318865,0.7319,0.9999979,292.0960,38
31.0378,35.8954,47.6414,0.6961402,Cc1ccc(NC2CC(=O)N(c3ccc(OCc4ccccc4)cc3)C2=O)cc1C#N,1,0.6848120,0.6848,0.6152423,0.6152,0.9997127,411.4610,38
34.9465,42.0297,-15.1768,0.2237734,COc1ccc(C23CCN(Cc4cccnc4)C2CN(C(=O)c2ccc(F)cc2)C3)cc1,1,0.1354001,0.1354,0.6148537,0.6149,0.9981818,431.5110,38
26.8605,30.5812,-18.7954,0.0982146,Cc1ccc(CN=CNCCc2c(C)[nH]c3ccccc23)cn1,1,0.0466866,0.0467,0.4156309,0.4156,0.9999995,306.4130,38
33.7490,35.6132,-35.6132,0.0000000,c1cc2=C(CCc2cc1)c1c(cccc1)Nc1ccccc1C,0,0.0000000,0.0000,0.0000000,0.0000,0.0000000,0.0000,38
34.9444,42.6233,-7.4300,0.2932777,Cc1nc(Cn2cnc3c2C2(C(=O)Nc4ccccc42)N(Cc2ccccn2)C3=O)no1,1,0.2081122,0.2081,0.5279893,0.5280,0.9987514,427.4240,38
39.3963,38.2868,-15.0241,0.1938556,NS(=O)(=O)N(c1ccc(Oc2cccc(Cl)c2Cl)cc1)C1CCOCC1,1,0.1023535,0.1024,0.7982504,0.7983,0.9995075,417.3140,38
33.6189,38.0166,26.8166,0.5402767,CC(C)(C)OC(=O)Nc1cc2c(c(-c3ccncc3)n1)CC1CCC2C1,1,0.4372182,0.4372,0.8329854,0.8330,0.9999989,351.4500,38
30.7443,35.0129,35.9958,0.5917392,CC(N)C(=O)Nc1cc(C(=O)Nc2ccccn2)ccc1F,1,0.5034498,0.5034,0.8013188,0.8013,0.9999992,302.3090,38
33.3712,34.1364,-29.3961,0.0395021,Cc1ccccc1C(NC(=O)N(CCC#N)Cc1ccco1)C(=O)O,1,0.0105212,0.0105,0.8051281,0.8051,0.9999995,341.3670,38
37.5012,38.2927,46.8789,0.7097638,CN(c1ccc(NC(N)=O)cc1)c1ccnc(Nc2ccc3c(c2)CCCC3)n1,1,0.7078971,0.7079,0.6035054,0.6035,0.9999654,388.4750,38
33.4463,37.7760,27.7170,0.5457748,Cc1cc(C)n(-c2cc(NC(=O)N3CCC(O)C3)nc(N(C)C)n2)n1,1,0.4397161,0.4397,0.8589433,0.8589,0.9999993,345.4070,38
25.7685,26.2311,-17.3812,0.0737491,COCCN(c1ccccc1)c1cncc(N)c1,1,0.0250581,0.0251,0.8759948,0.8760,0.9998149,243.3100,38
44.5539,46.9167,9.6389,0.4712971,CCOC(=O)N(O)C1OC(Oc2ccc(OCc3ccccc3)cc2)C(O)C(O)C1O,1,0.4523877,0.4524,0.3738974,0.3739,0.9973937,435.4290,38
35.4952,39.8393,25.1752,0.5417879,Cc1ccc(N(CC(=O)NC2CC2c2ccccc2)S(=O)(=O)N2CCNCC2)cc1,1,0.4609851,0.4610,0.7023338,0.7023,0.9986141,428.5580,38
29.0869,32.9211,-5.1459,0.2314602,COc1ccc(NC(=O)c2ccc(-c3cccc(N)n3)cc2)c(OC)c1,1,0.1350018,0.1350,0.7348412,0.7348,0.9999990,349.3900,38
32.1143,39.4387,18.6235,0.4838516,CN=C(NCc1cc(-c2ccccc2)n(Cc2ccccc2)n1)Nc1ccc(N2CCN(C)CC2)cc1,1,0.5365690,0.5366,0.2924868,0.2925,0.6419938,493.6590,38
37.1397,40.9681,-0.1180,0.3404173,Cc1nnc(-c2nnn(C)c2CN2CCc3c(nnn3C)C2)o1,1,0.2417943,0.2418,0.6576538,0.6577,0.9999998,315.3410,38
29.5153,34.5249,-7.5169,0.2250669,O=C(Nc1ccccc1)Nc1ccc(CN2CCCC(C(=O)O)C2)c(F)c1,1,0.1290832,0.1291,0.7473352,0.7473,0.9999928,371.4120,38
35.1625,39.9720,-39.9720,0.0000000,O=c1n2c(c(C3CCN(C(Nc4ccc(OC)cc4)=O)CC3)ccc2)oc1-c1ccc(cc1)C,0,0.0000000,0.0000,0.0000000,0.0000,0.0000000,0.0000,38
39.2628,45.6884,35.2848,0.6747764,COc1cccc(C)c1Nc1ccc(Nc2ccc(S(N)(=O)=O)cc2C)nn1,1,0.6654624,0.6655,0.5819527,0.5820,0.9999047,399.4760,38
43.7075,56.7623,-56.7623,0.0000004,COc1ccc(CNC(=O)C(Nc2cccc(C)c2C)c2ccc(NS(=O)(=O)c3ccc(NC(=O)c4ccc(F)cc4)cc3)cc2)cc1,1,0.0000000,0.0000,0.1139825,0.1140,0.0000002,666.7750,38
35.6508,35.4301,26.9231,0.5196099,O=C(CCn1nc(-c2cccnc2)oc1=O)Nc1cccc(S(=O)(=O)N2CCCC2)c1,1,0.4569869,0.4570,0.5887252,0.5887,0.9945421,443.4850,38
28.1969,30.2519,-19.4418,0.0900835,CCOc1cccc(C=NNc2ccc(Br)cc2C)c1,1,0.0364654,0.0365,0.6406825,0.6407,0.9999998,333.2290,38
34.1653,37.3074,39.7878,0.6424600,O=C(O)CC1(c2ccc(F)cc2)CCCN1C(=O)Nc1ccc(-c2ccccc2)cc1,1,0.6224010,0.6224,0.5755767,0.5756,0.9994524,418.4680,38
27.6433,37.8082,-17.0450,0.1730263,Cc1ccccc1N1N=C(c2ccc(NS(=O)(=O)c3ccc4ccccc4c3)cc2)C1=O,1,0.1002307,0.1002,0.4875829,0.4876,0.9954449,441.5120,38
27.5939,31.5135,51.7486,0.6938508,O=C(c1cncc(N2CCN(C(=O)c3ccco3)CC2)c1)N1CCc2sccc2C1,1,0.6712592,0.6713,0.6492130,0.6492,0.9992056,422.5100,38
33.2506,40.2582,22.3437,0.5216824,Nc1nc(Nc2ccccc2F)nc2c1CN(c1ccc(S(N)(=O)=O)cc1)CC2,1,0.4574767,0.4575,0.5967903,0.5968,0.9996212,414.4660,38
25.4930,28.2453,-8.4610,0.1648694,Fc1ccccc1C=NNc1nc(-c2cccnc2)nc2ccccc12,1,0.0960396,0.0960,0.4437354,0.4437,0.9999995,343.3650,38
25.8937,29.6928,50.7063,0.6699928,Cc1ccc(S(=O)(=O)Nc2cccc(-c3nc4ccccn4c3-c3ccccc3)c2)cc1,1,0.7457473,0.7457,0.3776650,0.3777,0.9961986,439.5400,38
30.1142,28.7346,3.5147,0.2687436,Cc1cccc2sc(NC(=O)c3ccc(N4CCCC4)s3)nc12,1,0.1654852,0.1655,0.7603851,0.7604,0.9999995,343.4770,38
24.6716,32.9359,39.9624,0.6074851,COc1ccc(NC(=O)Nc2ccc(-n3ccc(C(F)(F)F)n3)nn2)c(OC)c1,1,0.5498357,0.5498,0.6712894,0.6713,0.9997845,408.3400,38
40.3983,50.4511,13.3392,0.5315855,Cc1ccc(S(=O)(=O)Nc2ccc(NC(=O)C(=O)Nc3ncnn3-c3nccc(C)n3)c(Cl)c2)cc1,1,0.8077122,0.8077,0.3229902,0.3230,0.0770116,526.9660,38
29.9255,40.2465,16.3549,0.4716787,C=C(NNc1ccc(F)cc1)N1CCN(S(=O)(=O)c2ccc(OC)cc2)CC1,1,0.3804711,0.3805,0.6872982,0.6873,0.9998183,406.4830,38
42.0452,51.4399,-51.4399,0.0000000,c1(C(F)(F)F)cc(-c2ccc(OC)cc2)n2c1c(S(=O)(N(C)Cc1ccncc1)=O)nc2,0,0.0000000,0.0000,0.0000000,0.0000,0.0000000,0.0000,38
33.9994,34.8938,-11.3275,0.1963858,O=C(Nc1ccc(CNc2ncnc3sc4c(c23)CCCC4)cc1)c1cc2ccccc2o1,1,0.1343183,0.1343,0.3314024,0.3314,0.9850155,454.5550,38
25.5176,37.5715,48.2450,0.7151377,COc1ccc(S(=O)(=O)Nc2cc(C(=O)N3CCN(S(N)(=O)=O)CC3)ccc2Cl)cc1,1,0.7407782,0.7408,0.6239750,0.6240,0.7340833,488.9750,38
27.8117,30.4060,-18.2970,0.1009085,C=CCOc1ccc(C=NNc2ccc(O)c(Cl)c2)cc1,1,0.0503179,0.0503,0.3661067,0.3661,0.9999992,302.7610,38
32.5685,38.4861,56.5763,0.7921869,Cc1ccc(C(=O)Nc2ccc3c(c2)NC(=O)N(c2cc(C)cc(C)c2)C3)cc1,1,0.8171207,0.8171,0.6326188,0.6326,0.9999738,385.4670,38
31.0144,36.5748,21.0157,0.4799213,O=C(Nc1cccc(Cl)c1)Nc1cc(Cl)ccc1S(=O)(=O)NCc1ccco1,1,0.4232981,0.4233,0.5169821,0.5170,0.9959211,440.3080,38
32.2135,37.9716,9.7444,0.3976336,COc1ccc(C(=O)N2CCC3(CC2)CN=C(NC(=O)c2cccc(F)c2)N3)cc1,1,0.2841616,0.2842,0.8128182,0.8128,0.9997383,410.4490,38
39.5068,50.7148,2.2683,0.4415255,CC(C)C(=O)N1C(=S)NN(C(=O)Nc2ncccn2)C1c1cccs1,1,0.3315620,0.3316,0.7994743,0.7995,0.9999886,376.4670,38
30.7854,34.5326,20.5373,0.4589154,CC(Sc1nccn1C)C(=O)Nc1ccc(S(=O)(=O)N2CCN(C)CC2)cc1Cl,1,0.3698556,0.3699,0.6684122,0.6684,0.9795180,458.0090,38
29.1658,31.9726,-31.9723,0.0000022,O=c1nc2cc([nH]1)C(=N[N+](=O)[O-])CC2,1,0.0000000,0.0000,0.4892047,0.4892,0.9831492,194.1500,38
30.9824,34.9080,-34.9080,0.0000002,CCC=CCC=CCC=CCC=CCC=CCCC(=O)OCC(C=CCCCCCCCCCCC)OC(=O)CCCCCCCCC=CC=CCCCCC,1,0.0000000,0.0000,0.0269227,0.0269,0.0000000,775.2560,38
29.3471,32.7885,33.6202,0.5534059,O=C(NCc1ccc(N2CCCCC2)nc1)NC(C(=O)O)c1cccs1,1,0.4712128,0.4712,0.7227050,0.7227,0.9999905,374.4660,38
41.5953,48.0221,-48.0218,0.0000024,CC1CC2OC13CCC(C1=C(C(=O)O)C4(C)CCC(O)CC4=CC1)C23C,1,0.0000000,0.0000,0.7361302,0.7361,0.9999978,358.4780,38
42.0935,52.0025,7.3863,0.4949073,CN(C)c1nc(-c2cccnc2)nc(C2C(O)C3CN2CN3C)n1,1,0.3844278,0.3844,0.8428835,0.8429,0.9999999,327.3920,38
32.2928,45.6706,29.1903,0.6238411,Cc1ccc(S(=O)(=O)Nc2ccccc2OC(=O)c2ccc(N3CN(C)C(=O)NC3=O)cc2)cc1,1,0.7089785,0.7090,0.3988222,0.3988,0.6233751,494.5290,39
28.1429,29.9633,10.8671,0.3402529,Cn1nc(N2Cc3ccccc3C2=O)c2ccccc21,1,0.2396597,0.2397,0.6767574,0.6768,0.9999706,263.3000,39
36.1345,39.3288,-24.1429,0.1265488,O=C(Nc1ccnnc1)N1CC(=O)N(Cc2ccccn2)C2(CCOC2)C1,1,0.0544033,0.0544,0.8641752,0.8642,0.9999946,368.3970,39
24.0012,29.2530,-1.1103,0.2345225,O=C(c1ccc(F)cc1Cl)N1CCN(C2CCc3ccccc32)CC1,1,0.1336987,0.1337,0.8118526,0.8119,0.9999977,358.8440,39
28.8273,30.3768,-16.3683,0.1167372,CC1CN(c2sc(C#N)c(N)c2C=O)C(C)CO1,1,0.0491767,0.0492,0.8220419,0.8220,0.9999757,265.3380,39
39.4617,42.2637,43.7997,0.7171951,O=C(Nc1nnc2c3ccccc3n(Cc3ccccn3)c2n1)c1ccc(CO)o1,1,0.7738554,0.7739,0.4654787,0.4655,0.9998963,400.3980,39
29.6693,30.6844,-12.4761,0.1517353,Fc1cccc(Nc2ncnc3nc(-c4ccc(Cl)cc4)[nH]c23)c1,1,0.0792477,0.0792,0.5740916,0.5741,0.9999996,339.7610,39
36.7130,44.5377,12.3474,0.4740423,CCN1CN(Cc2cccc([N+](=O)[O-])c2)C2(N=NN=N2)c2ccccc21,1,0.3951948,0.3952,0.6169448,0.6169,0.9999989,351.3700,39
29.5631,34.9140,30.7592,0.5472769,COc1cc(OC)c(OC)cc1C=C1C(=O)NC(=O)N(c2ccccc2OC(F)(F)F)C1=O,1,0.5141838,0.5142,0.5148867,0.5149,0.9567945,466.3680,39
35.7297,36.0482,-16.2656,0.1648558,O=C(Nc1ccc(Oc2ccc3ncccc3c2)cc1)c1cnc2ccccc2c1Cl,1,0.1021548,0.1022,0.3575611,0.3576,0.9989172,425.8750,39
35.7163,40.2742,44.1528,0.7035578,O=C(Nc1cn(-c2nc(-c3cccc([N+](=O)[O-])c3)cs2)nn1)c1cccc2ccccc12,1,0.8451502,0.8452,0.3113953,0.3114,0.9950314,442.4600,39
32.7455,34.8013,21.5111,0.4692701,O=C(Nc1ccccc1Cl)N1CC2C(C1)C2NS(=O)(=O)c1ccc(F)cc1,1,0.3598139,0.3598,0.8145080,0.8145,0.9997519,409.8700,39
30.4823,36.2535,29.6794,0.5494413,COc1ccc2onc(NC(=O)c3ccc(S(=O)(=O)N4CC(C)OC(C)C4)cc3)c2c1,1,0.4827405,0.4827,0.6427438,0.6427,0.9934382,445.4970,39
34.6737,46.9426,-18.2934,0.2387431,COc1ccc(O)c(C(=O)NN=Cc2cccc(Oc3ccc(C(=O)Nc4ccc(Cl)c(Cl)c4)cc3[N+](=O)[O-])c2)c1,1,0.8418058,0.8418,0.1146339,0.1146,0.0001528,595.3950,39
30.9063,36.9557,-15.3218,0.1802820,COc1cc(C)c(CC(=O)N2C3CCC2CC(O)(c2cccc(F)c2)C3)cc1OC,1,0.0918365,0.0918,0.8114890,0.8115,0.9996538,413.4890,39
34.5258,40.8060,-26.7989,0.1167258,Cc1ccc(-n2nc(SC(C)C(=O)Nc3nccs3)nc2CC(C)C)cc1C,1,0.0546408,0.0546,0.5683526,0.5684,0.9995799,415.5880,39
25.4025,31.9188,52.6015,0.7043359,Nc1cccnc1NC(=O)c1cccc(NS(=O)(=O)c2ccc(F)cc2)c1,1,0.6935874,0.6936,0.6238082,0.6238,0.9999714,386.4080,39
34.7272,33.4673,-7.1761,0.2190930,Cc1nc2ccc(Cl)cn2c1C(=O)NCc1ccc(OC2CCC2)nc1,1,0.1243144,0.1243,0.7452792,0.7453,0.9999932,370.8400,39
46.3972,50.3722,31.4424,0.6817882,Cc1cc(C(=O)N(Cc2cccc(O)c2)C23CC(CC(NC(=O)c4c(C)noc4C)C2)C3)on1,1,0.6827976,0.6828,0.5706164,0.5706,0.9633020,464.5220,39
27.1321,25.1735,40.9784,0.5512656,O=C(Nc1nnc(-c2ccccc2)o1)c1ccc(Cl)c(Cl)c1,1,0.4592641,0.4593,0.7755076,0.7755,0.9999998,334.1620,39
28.4842,31.8332,21.6936,0.4460563,COc1cccc(-c2csc(C(C)NC(=O)CN3CCN(C)CC3)n2)c1,1,0.3316680,0.3317,0.8404038,0.8404,0.9999905,374.5100,39
28.4986,30.2667,-7.7634,0.1875273,CC(NC(=O)NCc1ccc(OC(F)F)cc1)c1cc2ccccc2o1,1,0.1023760,0.1024,0.6755070,0.6755,0.9999974,360.3600,39
44.0541,53.2069,-26.9495,0.2188117,Cc1nc(NCCn2c(C)cc(C(=O)OCC(=O)Nc3cccc(C(F)(F)F)c3)c2C)nc(N2CCCC2)n1,1,0.2732781,0.2733,0.3861878,0.3862,0.0148209,545.5660,39
29.3547,40.6522,-21.5145,0.1594807,Cc1ccc(N(c2ccc(C)cc2)N2C(=O)NC(=O)C2=Cc2ccncc2)cc1,1,0.0867451,0.0867,0.5366463,0.5366,0.9999762,384.4390,39
33.1293,44.2646,-25.0633,0.1600111,COc1cc(NC(=O)CN(c2ccc(C(=O)N(C)C)cc2)S(=O)(=O)c2ccccc2)c(N(C)S(C)(=O)=O)cc1Cl,1,0.4063523,0.4064,0.3733202,0.3733,0.0000432,609.1260,39
36.8396,41.1759,-15.6143,0.2130135,COC(=O)c1ccc(-c2nc3cc(NC(=O)Nc4ccc(C)c(C)c4)ccc3o2)cc1F,1,0.1423000,0.1423,0.4039153,0.4039,0.9978292,433.4390,39
42.1238,51.0251,21.8560,0.6073425,Cc1nn(CN2CCN(Cc3ccc(Cl)cc3)CC2)c2cc3c(cc12)NS(=O)(=O)N3C,1,0.5574418,0.5574,0.6476870,0.6477,0.9732176,460.9910,39
29.2326,35.8953,28.6742,0.5380790,COc1cc(C(=O)NN)ccc1OCC(=O)NN1C(=O)NC(C)(c2ccccc2)C1=O,1,0.6420887,0.6421,0.2127741,0.2128,0.9987522,427.4170,39
32.4923,37.2268,39.5700,0.6399728,O=C(Cc1c(F)cccc1Cl)Nc1ccc(C2Oc3ccccc3O2)cc1Cl,1,0.6163426,0.6163,0.5841799,0.5842,0.9994632,418.2510,39
42.2636,44.0405,-31.2133,0.1068935,CCOc1cc(C=C2SC(=O)N(CC(=O)Nc3cccc(Cl)c3Cl)S2)cc(Cl)c1OC,1,0.0703948,0.0704,0.4053934,0.4054,0.1383476,519.8590,39
33.2546,36.1290,-8.9289,0.2266679,O=S(=O)(NCC1Cc2cccc(OS(=O)(=O)c3ccccc3)c2O1)c1ccccc1,1,0.1416131,0.1416,0.5617208,0.5617,0.9934256,445.5180,39
63.8369,71.9745,-7.8979,0.5339718,CN1C=NOC1C12C(=Nc3ccccc31)OC(C1COC(C)(C)O1)N2C(=O)OC1CCCCC1,1,0.4621598,0.4622,0.6679504,0.6680,0.9378859,470.5260,39
30.5336,38.6265,40.2141,0.6570049,CCOc1cc(NC(=O)c2ccccc2)nc(N2CCN(c3ccc(O)cc3)CC2)n1,1,0.6250751,0.6251,0.6341777,0.6342,0.9993986,419.4850,39
30.4170,30.1187,-11.1799,0.1578236,CN1CCc2cc(F)ccc2C1c1cccc(C(=O)O)c1,1,0.0732296,0.0732,0.9214194,0.9214,0.9999961,285.3180,39
30.6592,32.9630,-2.3912,0.2547652,Cc1ccccc1-c1nnc2ccc(-c3cnco3)nn12,1,0.1670589,0.1671,0.5631956,0.5632,0.9999919,277.2870,39
24.6091,31.3918,44.6969,0.6340723,Cc1cccc(NC(=O)CN(C)C(=O)Nc2ccc(Nc3ccccc3)cc2)c1C,1,0.6240698,0.6241,0.5338324,0.5338,0.9998742,402.4980,39
38.5667,47.2969,-25.9210,0.1781326,Cc1ccc(Nc2cn(-c3ccc(NC(=O)c4ccc(C(=O)Oc5ccccc5)cc4)cc3)oc2=O)cc1,1,0.1529494,0.1529,0.2092093,0.2092,0.3753502,505.5300,39
26.6315,31.9032,28.1112,0.5001200,Cc1ccc2nnc(C(=O)Nc3ccc(S(=O)(=O)Nc4ncccn4)cc3)n2c1,1,0.4493892,0.4494,0.5143321,0.5143,0.9997617,409.4310,39
24.0712,26.2572,-12.6931,0.1130336,O=C(ONN(c1ccccc1)c1ccccc1)c1ccco1,1,0.0486371,0.0486,0.7271951,0.7272,0.9999983,294.3100,39
41.7158,48.4377,18.3778,0.5567956,Cc1ccccc1CN1CCN(C2NC(=O)C(=O)N2NNC(=S)Nc2ccccc2)CC1,1,0.6184907,0.6185,0.2896074,0.2896,0.9862947,453.5720,39
24.8528,27.5100,50.8202,0.6527514,Cc1ccc(CN2CCN(Cc3cc4ccccc4[nH]c3=O)CC2)cc1,1,0.5819987,0.5820,0.7879743,0.7880,0.9999992,347.4620,39
26.1968,28.6085,2.6743,0.2606896,COc1ccccc1Nc1cc(C)nc(N2CCOc3ccccc3C2)n1,1,0.1585485,0.1585,0.7586677,0.7587,0.9999968,362.4330,39
28.6932,33.3646,31.1961,0.5380057,CCN1CCN(C(=O)C(C)OC(=O)c2ccc3c(c2)NC(=O)CN3)CC1,1,0.4443572,0.4444,0.7706769,0.7707,0.9999974,360.4140,39
21.2308,23.5178,-3.2086,0.1692438,CN1CCN(c2nc(-c3ccccc3)nc3ccccc23)CC1,1,0.0865420,0.0865,0.7282318,0.7282,0.9999993,304.3970,39
28.1241,34.1900,-14.5419,0.1637348,Cc1nc(NC2CC2)cc(-n2nnc3ccccc32)n1,1,0.0807706,0.0808,0.7858209,0.7858,0.9999777,266.3080,39
25.7200,29.2006,26.6118,0.4651030,CC(=O)Nc1ccc(S(=O)(=O)NCCCN2CCC(O)C2)cc1,1,0.3835356,0.3835,0.6229109,0.6229,0.9999995,341.4330,39
29.8268,32.0686,-17.4433,0.1218770,CC(NS(=O)(=O)c1ccc(F)cc1)C(C)OC(N)=O,1,0.0519071,0.0519,0.8439485,0.8439,0.9999976,290.3160,39
28.4118,33.5478,16.6491,0.4183075,COc1cccc(C=NN=C(N)NNC(=S)Nc2ccccc2)c1,1,0.4088830,0.4089,0.2930097,0.2930,0.9999995,342.4280,39
26.1868,30.5035,49.0317,0.6627935,O=S(=O)(Nc1ccc(CN2CC=C(c3ccccc3)CC2)cc1)c1ccc(F)cc1,1,0.6389348,0.6389,0.6137143,0.6137,0.9992045,422.5250,39
39.6519,55.9228,-11.4749,0.3703994,COc1cccc(CN(CC(N)=CNc2cccc(Cl)c2C)C(=O)Nc2ccccc2F)c1,1,0.3184416,0.3184,0.3934171,0.3934,0.9457764,468.9600,39
36.3076,44.4544,25.4550,0.5825790,COc1ccc(S(=O)(=O)Nc2cccc([N+](=O)N3CCOCC3)c2)cc1NC(=O)O,1,0.5453905,0.5454,0.5610226,0.5610,0.9968610,437.4540,39
29.6545,34.0413,-13.5291,0.1709351,COc1ccc(C)cc1Nc1cc(-c2ccccc2O)nc2ccccc12,1,0.0980344,0.0980,0.4946898,0.4947,0.9999982,356.4250,39
68.1650,70.6159,-70.6159,0.0000000,n1nc(-c2ncn3c2nc2-c4c([nH]c(n4)Nc4ccc(cc4)C)N(Cc3cc2)O)nc(c1)N1CCOCC1,0,0.0000000,0.0000,0.0000000,0.0000,0.0000000,0.0000,39
30.5619,37.7937,-5.5145,0.2689932,Cc1cccnc1NC(=O)N1CC2(CCN(Cc3ccncc3)CC2)c2ccccc21,1,0.1701924,0.1702,0.6926142,0.6926,0.9996526,413.5250,39
26.9487,28.2720,33.6999,0.5164331,O=C(Cc1nnc2ccccn12)NNC(=O)c1ccccn1,1,0.4364367,0.4364,0.6688772,0.6689,0.9999986,296.2900,39
41.6353,40.3770,-8.6827,0.2641195,COc1ccc(CNC(=O)C(COCc2ccccc2)N(C(=O)c2ccncc2)c2ccc(OC)cc2)cc1,1,0.3017416,0.3017,0.2897361,0.2897,0.0864078,525.6050,39
25.7145,37.3787,-28.4370,0.0745148,Cc1ccc(CN(C(=O)CN(c2cccc(C)c2)S(C)(=O)=O)C(C)CN(C)Cc2ccccc2)cc1,1,0.0378255,0.0378,0.3800657,0.3801,0.3297762,507.7000,39
28.2447,29.1081,-16.2111,0.1074749,O=C(c1cc(-n2cncn2)ncn1)N1CCN(Cc2ccsc2)CC1,1,0.0458154,0.0458,0.6966157,0.6966,0.9999983,355.4270,39
32.8242,45.0013,-10.7754,0.2852155,COc1ccc(C)c2sc(N(Cc3ccccn3)Cc3ccccc3NS(=O)(=O)c3ccc(C)cc3)nc12,1,0.4555486,0.4555,0.2336380,0.2336,0.0160288,544.7020,39
23.6619,23.5629,-16.2930,0.0605827,CCC(Sc1ccc(N)cc1)C(=O)O,1,0.0211741,0.0212,0.5918196,0.5918,0.9964761,211.2860,39
29.6545,33.9450,39.0943,0.6086613,O=C(Nc1ccccc1)Nc1ccc(-c2ccc3nccnc3c2)c(F)c1,1,0.5877737,0.5878,0.5365911,0.5366,0.9999979,358.3760,39
28.0164,28.1172,-10.2773,0.1486661,O=C(Cn1cnnn1)N(CCN1CCOCC1)Cc1cccc(F)c1,1,0.0724296,0.0724,0.7101540,0.7102,0.9999992,348.3820,39
32.4567,33.3559,2.7864,0.3011854,O=C(Nc1cccc(C[S+]([O-])c2ccccc2)c1)c1ccc(-c2nc3ccccc3[nH]2)cc1,1,0.2496328,0.2496,0.3207042,0.3207,0.9885960,451.5510,39
30.1611,36.5674,-14.5131,0.1837863,Cn1ccnc1C1(NS(=O)(=O)c2cccs2)CCN(Cc2cccs2)CC1,1,0.1000100,0.1000,0.6631121,0.6631,0.9991989,422.6010,39
26.7175,22.4104,-12.3717,0.0836563,Cc1ccc(C2CC(O)CN2)cc1,1,0.0326271,0.0326,0.6791148,0.6791,0.9248080,177.2470,40
35.9458,37.3453,-30.0502,0.0607927,Cc1cn2cc(Br)nc(Oc3ccc(C(=O)NC4CCCCCC4)cc3)c2n1,1,0.0214746,0.0215,0.5737135,0.5737,0.9946117,443.3450,40
33.1145,39.0865,3.6872,0.3564476,Cc1ccc(CN(C)C2CCN(c3ccc(N=O)cn3)C2)s1,1,0.2449162,0.2449,0.7914385,0.7914,0.9999998,316.4300,40
40.5725,47.9111,-33.0644,0.1237223,O=C1OCc2c(O)ccc(OC3OC(=O)C(O)(O)C(O)C3O)c21,1,0.0715956,0.0716,0.2952147,0.2952,0.9999999,328.2290,40
43.6012,43.4720,34.6985,0.6514203,CN(Cc1nc2ccc(Br)cc2c(=O)[nH]1)c1ccc(CN2CCC(O)C2)cn1,1,0.6195706,0.6196,0.6284537,0.6285,0.9941013,444.3330,40
34.4832,34.6841,-21.6060,0.1089848,CN(CC(=O)NO)S(=O)(=O)c1ccc(O)c(CO)c1,1,0.0544884,0.0545,0.4071600,0.4072,0.9999976,290.2970,40
28.5008,37.5314,22.1662,0.4974797,Cc1nc(NN2CCN(Cc3ccccc3)CC2)oc1N1CCOCC1,1,0.3828217,0.3828,0.8777872,0.8778,0.9999980,357.4580,40
29.4181,33.1606,20.9743,0.4511240,NC(=O)Nc1ccc(NC(=O)c2ccc(Cl)cc2N)nc1,1,0.3630746,0.3631,0.6478794,0.6479,0.9999994,305.7250,40
36.3568,46.9308,-0.5519,0.3864903,Cc1c(C(=O)N2CC(C)C(N(C)Cc3cccnc3N3CCCC3)C2)cnn1-c1ccccc1,1,0.3039900,0.3040,0.5629013,0.5629,0.9783775,458.6100,40
35.2790,35.7274,-11.1535,0.2047822,Oc1cccc2c1CCCC2c1nc(CSc2nc3ccccc3o2)no1,1,0.1254220,0.1254,0.5154150,0.5154,0.9999849,379.4410,40
38.1321,45.1747,16.4905,0.5138768,COc1cccc(C(=O)N2CCC(C(C)N3CCN(c4cc(C)ccc4C)CC3)C2)c1OC,1,0.4348771,0.4349,0.6645329,0.6645,0.9885335,451.6110,40
26.0282,32.7071,48.1365,0.6736966,O=C1NC2(CCCC2)C(=O)N1C=Cc1nc2ccccc2s1,1,0.5925622,0.5926,0.8664688,0.8665,0.9999997,313.3820,40
25.8057,26.3293,-15.8219,0.0875622,Nc1cnccc1NC(=O)c1cccc(F)c1Cl,1,0.0320099,0.0320,0.8771858,0.8772,0.9999764,265.6750,40
29.5737,32.0242,-1.1268,0.2574779,Cc1cc(C)n(C2CCN(C(=O)C3Cc4ccccc4CN3)C2)n1,1,0.1474633,0.1475,0.9189805,0.9190,0.9999999,324.4280,40
25.7234,33.3806,56.5625,0.7495261,Cc1ccc(Nc2ccnc(Nc3ccc(C(=O)O)c(F)c3)n2)cc1,1,0.7495458,0.7495,0.6488442,0.6488,0.9999996,338.3420,40
33.9233,32.6427,-21.3171,0.0943805,Cc1cc(Oc2cc(N)ncn2)c(C)nc1Br,1,0.0358070,0.0358,0.8620284,0.8620,0.9999985,295.1400,40
43.0992,43.2313,5.4778,0.4059094,COc1ccc(N(NC(=O)c2ccccc2)C(=O)CC(C)C(C)CC(C)C)cc1,1,0.3143073,0.3143,0.6330247,0.6330,0.9999273,396.5310,40
34.7156,39.4565,27.0506,0.5542252,COc1ccc(OC)c(-n2c(SCC(=O)NC3CCN(C(=O)O)CC3)nc3ccccc3c2=O)c1,1,0.6223527,0.6224,0.3766212,0.3766,0.5330857,498.5610,40
32.9593,40.0600,-12.4751,0.2298735,Cc1nc(N2CCN(Cc3ccccc3)CC2)cc(N2CCCn3cccc3C2c2cccc(F)c2)n1,1,0.1736987,0.1737,0.3869097,0.3869,0.5768901,496.6340,40
31.2267,40.5715,49.0438,0.7467945,Cc1nsc(NC(=O)c2ccc(OC(C)c3nnc(-c4ccccc4)n3C)cc2)n1,1,0.8006497,0.8006,0.5059411,0.5059,0.9993399,420.4980,40
40.1714,56.2338,12.8135,0.5753941,Cc1cccc(NC(=O)c2cccc(NC3=NC(=Cc4cc([N+](=O)[O-])ccc4N(C)C)OC(=O)N3)c2)c1,1,0.6913478,0.6913,0.3285604,0.3286,0.4881436,500.5150,40
33.0278,35.1110,45.1413,0.6687692,Cc1cc(NC(=O)c2cc(NC(=O)c3ccc(F)cc3)ccc2N2CCc3ccccc3C2)no1,1,0.7281732,0.7282,0.4192352,0.4192,0.9380039,470.5040,40
37.5447,43.2774,-23.3603,0.1659751,Cc1ccccc1N1CCCN(c2cccc(NC(=O)NCCCc3ccc(F)cc3)c2)C1=O,1,0.0973857,0.0974,0.4427367,0.4427,0.9742492,460.5530,40
34.4442,39.5786,-36.7838,0.0232900,C1CC2C1C1C3CCC1C31CC21,1,0.0059034,0.0059,0.5108443,0.5108,0.7201046,160.2600,40
39.3889,50.2722,22.0497,0.6026824,COc1ccc(-c2nc(C(=O)NN3CCCC3)cc3c2CN(Cc2ccc(C)cc2)C(=O)C3)cc1OC,1,0.6447425,0.6447,0.5298809,0.5299,0.4862111,500.5990,40
25.1154,30.0678,44.7095,0.6231435,Cc1cc(C)cc(NC(=O)NNc2ccc(S(N)(=O)=O)cc2)c1,1,0.5777049,0.5777,0.6411640,0.6412,0.9999998,334.4010,40
28.3303,30.2722,-22.5349,0.0644774,CN1C(=O)c2ccccc2Sc2ccc(N3CCOCC3)cc21,1,0.0211858,0.0212,0.8051545,0.8052,0.9999999,326.4210,40
37.7242,42.3333,47.1195,0.7454398,Cc1cccc(NC(=O)c2noc(C3CN(S(=O)(=O)c4ccccc4)C3)n2)c1F,1,0.7322278,0.7322,0.6853299,0.6853,0.9995459,416.4340,40
32.1954,38.7703,17.3046,0.4672907,CN(C)C1CC(Cc2cccc3ccccc23)N(Cc2ncccn2)C1,1,0.3721093,0.3721,0.7089062,0.7089,0.9999993,346.4780,40
35.9671,44.0707,25.2910,0.5780144,CC(=O)Nc1ccc(C2(c3nc(-c4ccc(F)cc4)cs3)NC(=O)N(c3ccc(C)cc3)C2=O)cc1,1,0.6738905,0.6739,0.3679311,0.3679,0.4872236,500.5550,40
27.9040,31.9167,-20.1830,0.0977810,CSc1ccc(S(=O)(=O)N(CC(=O)NCCSc2ccccc2)c2ccccc2C(F)(F)F)cc1,1,0.0898367,0.0898,0.2706077,0.2706,0.0231041,540.6540,40
32.1691,34.1051,28.5784,0.5223620,COc1cccc(-c2nc(CSc3nnc(Nc4cccc(N(C)C)c4)s3)cs2)c1,1,0.5402880,0.5403,0.3382888,0.3383,0.9834757,455.6340,40
30.0508,39.6753,-4.3651,0.2942517,CN1CCN(CC2(c3ccccc3)CN(c3ncccn3)Cc3nccn32)CC1,1,0.1947398,0.1947,0.6768799,0.6769,0.9999620,389.5070,40
20.9769,24.9319,26.2555,0.4265615,Cc1ccc(Nc2ccnc(NCc3ccco3)n2)cc1,1,0.3220298,0.3220,0.7452013,0.7452,0.9999939,280.3310,40
26.8477,33.7888,8.0876,0.3489705,O=C(Nc1ccc(S(=O)(=O)NCc2cscn2)cc1)c1ccc([N+](=O)[O-])cc1Cl,1,0.2859480,0.2859,0.4166360,0.4166,0.9871055,452.9010,40
34.4212,38.0282,-11.7244,0.2191987,Cc1ccc2nc(COc3ccc(N4CCN(C(=O)C(F)(F)F)CC4)cc3)c(=O)[nH]c2c1,1,0.1285507,0.1286,0.6667858,0.6668,0.9928543,446.4290,40
29.7244,28.0861,-19.6729,0.0701102,CC(C(=O)Nc1ccc(N(C)C)cc1)N1CCN(C2CCCC2)CC1,1,0.0231956,0.0232,0.8912218,0.8912,0.9999994,344.5030,40
46.4457,62.9959,-24.3814,0.3217871,Cc1ccccc1NC(=O)c1ccc(Oc2cccc3c2C=CC2N3C(C3CC3)NS2(=O)=O)c([N+](=O)[O-])c1,1,0.4146658,0.4147,0.3451472,0.3451,0.0474012,532.5780,40
26.3596,28.1393,-17.7243,0.0867919,Cn1cc([N+](=O)[O-])c(C(=O)NNC(N)=S)n1,1,0.0414895,0.0415,0.3385700,0.3386,0.9998300,244.2360,40
33.9273,38.0808,39.2051,0.6440491,COc1ccccc1C(=O)NOC(=O)c1cccc(N(C)S(C)(=O)=O)c1,1,0.5699018,0.5699,0.7930449,0.7930,0.9999863,378.4060,40
25.5793,26.5677,40.8049,0.5614381,CN1CCN(C(=O)c2ccnc(NCc3ccccc3F)n2)CC1,1,0.4484793,0.4485,0.9234450,0.9234,0.9999998,329.3790,40
33.7208,38.9035,33.0486,0.5996008,COc1ccc(CN2CCN(C(=O)CCN(C)C3C(=O)N(C)c4ccccc43)CC2)cc1,1,0.5408255,0.5408,0.6671742,0.6672,0.9971094,436.5560,40
24.4081,27.1329,-11.4377,0.1307927,Cc1ccc(C=NNc2nc(-c3ccc(F)cc3)cs2)o1,1,0.0639969,0.0640,0.5772444,0.5772,0.9999991,301.3460,40
27.5056,28.9355,-17.2743,0.0971769,CN1CCN(Cc2c(O)ccc3cc(O)ccc23)CC1,1,0.0371421,0.0371,0.8775775,0.8776,0.9999872,272.3480,40
32.2607,32.8565,33.3727,0.5519096,Cc1ccc(N2C(=O)Nc3c(cnn3-c3nc(C)cc(C)n3)C2c2ccc(F)cc2)cc1,1,0.5200465,0.5200,0.5052318,0.5052,0.9986252,428.4710,40
32.7176,38.9009,9.2710,0.4014332,O=C(Nc1ccc(N(Cc2cccc(O)c2)S(=O)(=O)c2ccccc2)cc1)Nc1cccc(F)c1,1,0.3986738,0.3987,0.3147199,0.3147,0.6854270,491.5440,40
35.3102,39.6460,-28.7644,0.0906804,O=C(NCCCN1C(=O)c2ccccc2C1=O)Nc1cc(NC(=O)OCC2c3ccccc3-c3ccccc32)ccc1F,1,0.1499516,0.1500,0.1753448,0.1753,0.0007173,578.6000,40
22.8022,26.5525,39.6167,0.5514101,Cc1ccc(C)c(NC(=O)N2CCN(c3ccccc3F)CC2)c1,1,0.4388351,0.4388,0.9105814,0.9106,0.9999999,327.4030,40
50.2259,55.2478,4.5508,0.4983216,Cc1ccc(OCC(=O)NN=Cc2ccc(N3CCC(C(N)=O)c4cc(C)nn43)c(Cl)c2)c(C)c1,1,0.5202463,0.5202,0.3862840,0.3863,0.6135081,494.9830,40
40.6325,38.8311,37.6143,0.6370444,O=C(O)NC(CC(=O)N1CCC(N2CCCCC2)CC1)Cc1coc2ccccc12,1,0.5685434,0.5685,0.7572705,0.7573,0.9996528,413.5180,40
28.0052,27.8578,-15.3278,0.1044173,c1ccc(P(CNc2cccnc2)c2ccccc2)cc1,1,0.0434316,0.0434,0.7270151,0.7270,0.9999980,292.3220,40
36.9769,47.7560,-3.2026,0.3712781,COc1ccc(NC(=O)c2sc(Nc3cccnc3)nc2N)cc1N(C)S(=O)(=O)c1ccc(Cl)cc1,1,0.6256703,0.6257,0.2921512,0.2922,0.0155367,545.0460,40
22.2982,23.4885,20.7241,0.3684384,Cc1ccc(S(=O)(=O)N2CCN(C(=O)Nc3ccccc3)CC2)cc1,1,0.2463071,0.2463,0.9154944,0.9155,0.9999976,359.4510,40
32.9143,37.5316,16.0459,0.4464788,Nc1cnc(C(=O)N2CCC(Oc3cccc(F)c3)CC2)cc1C1CC1,1,0.3243454,0.3243,0.9130139,0.9130,0.9999983,355.4130,40
41.2348,44.1065,-4.9522,0.3262857,Cc1cc(C)nc(-n2nc(C)cc2NC(=O)CCCn2nc(C(F)(F)F)cc2-c2cccc(F)c2)n1,1,0.3017517,0.3018,0.3590219,0.3590,0.4657909,501.4880,40
25.6025,29.0778,58.7551,0.7319406,O=c1[nH]cc(CN2CCN(S(=O)(=O)c3ccc(F)cc3)CC2)c(=O)[nH]1,1,0.6896262,0.6896,0.7713158,0.7713,0.9999946,368.3900,40
40.2472,40.2773,31.0882,0.5947121,Cc1nc(NC(=O)CSc2nnc(CCc3ccc(Cl)cc3)[nH]2)sc1C(N)=O,1,0.5923439,0.5923,0.4657760,0.4658,0.9970029,436.9500,40
27.9167,37.5993,20.5550,0.4846191,O=C(Nc1ccc(Br)cc1)NC1(CN2CCN(c3ccccn3)CC2)CCCC1,1,0.3932253,0.3932,0.7086240,0.7086,0.9787753,458.4040,40
23.4170,27.6380,30.5189,0.4846404,COc1ccc(-c2cc(NC(=O)c3ccncc3)no2)cc1OC,1,0.3820343,0.3820,0.7757827,0.7758,0.9999999,325.3240,40
34.5179,38.3089,4.9398,0.3604058,COc1cc([N+](=O)[O-])ccc1NC(=O)C(C)N(c1cc(Cl)ccc1OC)S(=O)(=O)c1ccc(F)cc1,1,0.5375743,0.5376,0.3111518,0.3112,0.0294377,537.9530,40
27.7121,35.4825,53.0446,0.7377256,Cc1cccc(N2CN(C(=O)Cn3c(=O)oc4ccccc43)CC2=O)c1,1,0.7112235,0.7112,0.7202003,0.7202,0.9999989,351.3620,40
44.0461,49.9770,16.9704,0.5578952,COc1cccc(CNC2(CNc3cc(N4CCOCC4)ncn3)CCN(C(=O)c3ccccc3)C2)c1,1,0.6092097,0.6092,0.4616999,0.4617,0.4399863,502.6190,40
30.6254,37.6197,4.9556,0.3547945,NC(=O)c1ccc(CN2CCC3(C2)N=C(N)N=C(N)N3c2cc(Cl)cc(Cl)c2)cc1,1,0.2561180,0.2561,0.6635733,0.6636,0.9929109,446.3420,40
30.9588,30.6761,-11.2856,0.1615873,O=C1Cc2cc(C(=O)Nc3ccc(Br)c(F)c3)ccc2N1,1,0.0768927,0.0769,0.8738534,0.8739,0.9999990,349.1590,40
32.3044,37.3272,28.9817,0.5525747,O=[N+]([O-])c1cnn(Cc2noc(-c3ccccc3)n2)n1,1,0.5168937,0.5169,0.5188640,0.5189,0.9999871,272.2240,41
46.3615,46.6065,7.8291,0.4536300,CC(=O)Oc1cc(-c2c(F)cc3c(N4CC5CC4CN5)nc(OCC4CCCN4C)nc3c2F)ccc1O,1,0.6084263,0.6084,0.3712017,0.3712,0.0867644,525.5560,41
30.1510,30.4294,-18.8441,0.0965439,CCOC(=O)N1CC(C)c2cc(-c3ccccc3)ccc21,1,0.0375905,0.0376,0.8144251,0.8144,0.9999945,281.3550,41
33.8005,36.1704,13.3419,0.4126022,c1ccc(-n2c(SCSc3nc4ccccc4s3)nnc2-c2ccon2)cc1,1,0.4111797,0.4112,0.2683717,0.2684,0.9991260,423.5480,41
42.7686,45.7274,-19.7379,0.2165790,N=CC(F)(F)C1CCCN1C(=O)c1cc(F)cc([N+](=O)[O-])c1,1,0.1350728,0.1351,0.5261306,0.5261,0.9999998,315.2510,41
25.0251,29.5816,38.3997,0.5665105,Nc1nc2ccc(NC(=O)Nc3ccccc3Oc3ccccc3)cc2s1,1,0.5578984,0.5579,0.4498829,0.4499,0.9999886,376.4410,41
30.0838,36.2911,36.1063,0.6033110,Cc1ccc(C)c(S(=O)(=O)Nc2ccnc(Oc3cc(-n4ccnc4)ncn3)c2)c1,1,0.5898225,0.5898,0.5074034,0.5074,0.9992085,422.4700,41
27.8756,30.7521,39.6508,0.5866915,Cc1cc(C)c2sc(N3CCN(C(=O)c4ccc(F)cc4F)CC3)nc2c1,1,0.5250550,0.5251,0.6627334,0.6627,0.9999685,387.4550,41
28.4247,41.9214,-17.1667,0.2062895,O=C1NC(=O)N(c2ccc(NC(=O)c3ccc4c(c3)OCCO4)cc2)C(C=Cc2ccccc2)N1,1,0.1274016,0.1274,0.5225750,0.5226,0.9381056,470.4850,41
50.8774,58.2090,-58.2090,0.0000000,O=C(O)[C@]1(C)[C@@H]2[C@@](C)(CC1)[C@H]1N(C)c3cc(ccc3N1)=C2,0,0.0000000,0.0000,0.0000000,0.0000,0.0000000,0.0000,41
24.1343,26.3320,5.3357,0.2638976,Cn1ccnc1N1CCN(C(=O)C2CSCN2)CC1,1,0.1584242,0.1584,0.8087294,0.8087,0.9999945,281.3850,41
34.1603,39.1407,-2.5682,0.3047714,C#CC1(N(C)Cc2ccccn2)CCCN(c2cnccn2)C1,1,0.1946401,0.1946,0.8082739,0.8083,0.9999995,307.4010,41
25.0998,25.7656,-19.3992,0.0530534,O=C(OC(=S)Sc1ccccc1)c1ccccc1,1,0.0186907,0.0187,0.4708489,0.4708,0.9999894,274.3660,41
27.6898,33.2822,-17.1030,0.1348271,COc1ccc(C(=O)Nc2ccc(-c3csc(NN=Cc4ccc(N(C)C)cc4)n3)cc2)cc1,1,0.0848876,0.0849,0.2589609,0.2590,0.9319494,471.5860,41
29.7036,29.4387,6.2363,0.2972918,NC(=O)c1ccc(N2CC(C(=O)O)Oc3ccccc32)cc1,1,0.1821423,0.1821,0.9004854,0.9005,0.9999988,298.2980,41
36.3790,40.2562,32.1614,0.6034798,O=C(Nc1ccc(Cl)cc1)C1(c2ccc(NCc3ccc(O)cc3)cc2)CNC1,1,0.5941038,0.5941,0.4952681,0.4953,0.9997930,407.9010,41
25.2087,32.3913,38.3388,0.5894178,CC1CCCN(c2ccnc(Nc3ccc(N4CCN(C(=O)O)CC4)cc3)n2)C1,1,0.4972748,0.4973,0.8204355,0.8204,0.9999276,396.4950,41
43.4553,47.1244,-16.1214,0.2583587,CC(CCC1CN1c1ccccn1)N(C)C(=O)Cc1cccc(F)c1,1,0.1585509,0.1586,0.7253118,0.7253,0.9999995,341.4300,41
27.6780,33.1745,36.0872,0.5771804,COc1ccccc1OCC(=O)Nn1c(=O)nnn(-c2ccccc2C)c1=O,1,0.5161296,0.5161,0.6484953,0.6485,0.9999784,383.3640,41
28.5583,33.2707,1.7858,0.2921377,Cc1cccc(-c2noc(CSCC(=O)N(C)c3ccc(F)cc3)n2)c1,1,0.1946986,0.1947,0.6533850,0.6534,0.9999928,371.4370,41
46.4880,54.6441,30.5616,0.7100475,CC(C)(Oc1ccnc(Nc2cccc(C(N)=O)c2)n1)C1(O)OC(=O)O1,1,0.6939465,0.6939,0.6483309,0.6483,0.9999974,360.3260,41
21.3434,19.3323,-15.8684,0.0288658,CCCCCCCCCCCC1CO1,1,0.0083663,0.0084,0.3763190,0.3763,0.9884927,198.3500,41
25.8646,32.2281,29.7691,0.5166434,O=S(=O)(c1ccc(-n2cccn2)nc1)N1CCN(Cc2ccc(Br)cc2)CC1,1,0.4561554,0.4562,0.5830994,0.5831,0.9696923,462.3730,41
31.7414,36.3016,-0.4023,0.2991604,COc1ccc2c(c1)nc(C(C)(C)N)n2CCOc1ccccc1OC,1,0.1971874,0.1972,0.7037920,0.7038,0.9999983,355.4380,41
38.9105,47.9287,26.2741,0.6183570,Cn1ncc(N2CCN(c3ccccc3F)CC2)c1CNC(=O)N1CCN(c2cccc(F)c2)CC1,1,0.6293957,0.6294,0.5898339,0.5898,0.6004357,495.5780,41
27.1938,32.9741,38.8351,0.5984100,O=C(NCc1ccc(NC(=O)Nc2cccc(Cl)c2)cc1)NCc1ccco1,1,0.5890551,0.5891,0.4891793,0.4892,0.9999101,398.8500,41
23.3515,31.7294,-1.1556,0.2547817,O=C(NC(=O)N1CCc2ccccc21)Nc1ccc(Cl)cc1Cl,1,0.1508273,0.1508,0.8056770,0.8057,0.9999990,350.2050,41
26.1071,32.9044,31.1831,0.5340618,Cc1ccc(S(=O)(=O)Nc2ccc(CC3NC(=O)NC3=O)cc2)cc1[N+](=O)[O-],1,0.5393554,0.5394,0.3770750,0.3771,0.9998500,404.4040,41
27.6624,34.9958,9.8060,0.3733482,COc1ccccc1NC(=O)c1ccc(Nc2cncc(C(=O)O)n2)cc1,1,0.2811743,0.2812,0.6153987,0.6154,0.9999962,364.3610,41
36.1570,39.4118,-39.4118,0.0000000,c1c(N/N=c2/c3ccccc3nc(c2)-c2ccc(F)cc2)cc(C(F)(F)F)cc1,0,0.0000000,0.0000,0.0000000,0.0000,0.0000000,0.0000,41
45.7621,51.2709,-9.4542,0.3484718,Cc1nn(C)c(O)c1CN(Cc1ccc(Cl)cc1Cl)NC(=O)OCC1CCOC1,1,0.2523768,0.2524,0.6380238,0.6380,0.9946186,443.3310,41
33.3928,35.6845,17.8311,0.4459632,Cc1ccc(-n2ccsc2=NNC(=O)c2ccoc2)cc1C,1,0.3417878,0.3418,0.7556962,0.7557,0.9999997,313.3820,41
34.4957,42.8678,-29.0588,0.1150745,Cn1nccc1C(CN1CCN2CC(C1)NC2=O)N1CCOCC1,1,0.0484786,0.0485,0.8044005,0.8044,0.9999998,334.4240,41
24.9866,26.9989,11.3676,0.3197210,COc1cc(NS(C)(=O)=O)ccc1NC(=O)c1ccco1,1,0.2034951,0.2035,0.8788547,0.8789,0.9999996,310.3310,41
30.1354,31.7287,-24.3633,0.0613787,NC(=O)Cn1nc(-c2cc(Cl)cc(Cl)c2)c2ccccc2c1=O,1,0.0198496,0.0198,0.7905985,0.7906,0.9999992,348.1890,41
39.8202,45.2237,-0.1324,0.3757604,COc1ccc2nc(Nc3ccc(Oc4ccc(F)c(C)c4)cc3)c(NS(=O)(=O)c3ccc(C)cc3)nc2c1,1,0.6834518,0.6835,0.2232420,0.2232,0.0161660,544.6080,41
41.9605,48.7558,-7.2315,0.3460360,COc1cc2c(cc1Oc1c(S(N)(=O)=O)cc(-n3cccc3)nc1N)OCO2,1,0.2479619,0.2480,0.6535691,0.6536,0.9998500,404.4040,41
26.9518,32.0140,-18.2109,0.1150257,Nc1cccc(NC(=O)NCCn2cncn2)n1,1,0.0502497,0.0502,0.7080009,0.7080,0.9998713,247.2620,41
39.0062,42.0873,22.8921,0.5414953,CCN(CC)S(=O)(=O)c1nc2cc(C(=O)NC3CCN(Cc4ccccc4)CC3)ccn2n1,1,0.5006329,0.5006,0.5415911,0.5416,0.9374931,470.5990,41
30.1046,33.8270,38.0511,0.5989840,O=C(Nc1ccc(N2CCCC2)c(C(=O)N2CCN(c3cccc(C(F)(F)F)c3)CC2)c1)c1ccco1,1,0.7129992,0.7130,0.5145363,0.5145,0.2397158,512.5320,41
29.7189,30.2995,-11.2814,0.1584845,CCc1ccc(OCC(=O)NN=C(C)c2ccc(NC(=O)c3ccc(F)cc3)cc2)cc1,1,0.0932819,0.0933,0.4037545,0.4038,0.9978204,433.4830,41
28.1297,35.6731,50.5275,0.7183383,CC(=O)Nc1ccc(NC=Nc2cccc(NC(=O)c3ccc(C)cc3)c2)cc1,1,0.8027061,0.8027,0.4127654,0.4128,0.9999713,386.4550,41
23.4928,27.6515,-13.3245,0.1193915,CN(C)S(=O)(=O)N1CCN(Cc2ccccc2)c2ccccc21,1,0.0500726,0.0501,0.8635099,0.8635,0.9999998,331.4410,41
27.4552,31.1169,-9.8145,0.1775202,O=C(NNC(=O)c1ccc2c(c1)OCCO2)c1ccc(OCc2cccnc2)cc1,1,0.0964311,0.0964,0.6331623,0.6332,0.9998354,405.4100,41
22.9428,27.6854,54.8857,0.6880928,NC(=O)c1ccnc(N2CCN(C(=O)Nc3ccc(Cl)cc3)CC2)c1,1,0.6083789,0.6084,0.8782663,0.8783,0.9999976,359.8170,41
29.5694,30.5253,46.7482,0.6439457,Cc1n[nH]c(C)c1S(=O)(=O)Nc1ccc(C(=O)N2CCN(c3ccccn3)CC2)cc1,1,0.6091025,0.6091,0.6291232,0.6291,0.9958376,440.5290,41
51.9430,67.3230,-67.3228,0.0000009,COc1ccc(N2CCN3CCC(C2)N2CCC4CCC3(C2)N(C(=O)N2CCN(c3ncccn3)CC2)S4(=O)=O)cc1,1,0.0000000,0.0000,0.5179994,0.5180,0.0001348,596.7580,41
26.2551,31.7363,12.0241,0.3646702,COc1ccc(CN(C)CC(=O)N2CCN(S(=O)(=O)N(C)C)CC2)c(OC)c1,1,0.2739365,0.2739,0.5995285,0.5995,0.9996189,414.5280,41
25.3739,25.3350,11.1166,0.3037639,O=C(COc1ccc(Cl)cc1)Nc1cccc(C(=O)NC2CCCCC2)c1,1,0.1963007,0.1963,0.7717213,0.7717,0.9999701,386.8790,41
34.2569,38.1629,5.8406,0.3666960,CS(=O)(=O)N(CCNCC(=O)O)CC(=O)Nc1ccc(Cl)cc1Cl,1,0.2857045,0.2857,0.5319114,0.5319,0.9999148,398.2680,41
46.6680,56.1242,6.0126,0.5178065,CC(=O)OC1(C)C(=CC=C(C)Nc2nc3ccccc3s2)Nc2nc(N)nc(N)c21,1,0.4861936,0.4862,0.4647229,0.4647,0.9991297,423.5020,41
26.2177,37.2023,43.8712,0.6756121,O=C(O)c1cc(N2CCN(Cc3ccccc3)CC2)cnc1N1CCc2ccccc21,1,0.6362103,0.6362,0.6854367,0.6854,0.9996197,414.5090,41
35.6255,41.3129,40.2536,0.6797206,CCOc1cc(C=C(C(=O)O)N2CCC(=O)NC2=O)ccc1OCc1ccc(C)cc1,1,0.6574575,0.6575,0.6299724,0.6300,0.9990500,424.4530,41
28.8730,36.0685,-16.1682,0.1658362,O=[N+]([O-])c1ccc(-c2cc(N=Nc3ccc(Cl)cc3[N+](=O)[O-])ccc2O)cc1,1,0.1061238,0.1061,0.3221602,0.3222,0.9999108,398.7620,41
29.0519,33.5867,26.8453,0.5036001,CN1CCN(c2ncc3c(n2)CN(C(=O)c2ccc(O)c(O)c2)C3)CC1,1,0.4044725,0.4045,0.7696937,0.7697,0.9999983,355.3980,41
29.3643,38.3398,-30.7878,0.0629338,CN(Cc1nc2ccccc2c(=O)[nH]1)C(=O)c1ccc(Cl)cc1N1Cc2ccccc2C1,1,0.0233748,0.0234,0.5071723,0.5072,0.9937746,444.9220,41
26.1649,27.7724,58.7638,0.7211350,CC(C)(C)C(=O)Nc1cccc(NC(=O)COC(=O)c2ccccc2)c1,1,0.6668338,0.6668,0.8054188,0.8054,0.9999985,354.4060,41
23.4826,29.0616,-7.3172,0.1812029,O=C(Nc1ccc2[nH]ccc2c1)c1ccc(NS(=O)(=O)c2ccc(F)cc2)cc1,1,0.1089723,0.1090,0.4573731,0.4574,0.9997615,409.4420,41
41.2659,46.0209,-14.5147,0.2625517,CN(C)CC1(CN(C)C2CN(Cc3ccc4c(c3)OCO4)Cc3ccccc32)CC1,1,0.1640889,0.1641,0.6971731,0.6972,0.9997994,407.5580,41
32.2709,37.9639,-24.0000,0.1163663,COc1ccc(OC)c(N2CC(Nc3cccc(N4CCN(C)CC4)c3)C2)c1,1,0.0488438,0.0488,0.8285287,0.8285,0.9999800,382.5080,41
32.7084,29.2221,19.1167,0.4028233,COc1cccc2sc(N(CCCN3CCOCC3)C(=O)c3ccccc3[N+](=O)[O-])nc12,1,0.3613458,0.3613,0.3773696,0.3774,0.9820894,456.5240,41
36.9529,40.6335,22.4456,0.5256591,CN(C(=O)c1cccc(-c2nnc(C(=O)Nc3ccccc3)o2)c1)N1C(=O)C2CCCCC2C1=O,1,0.4755309,0.4755,0.5643023,0.5643,0.9199562,473.4890,41
26.1090,30.4335,48.7884,0.6601828,O=C(Cc1cccc2ccccc12)Nc1ccc2c(c1)CCN2C(=O)O,1,0.5996173,0.5996,0.7512104,0.7512,0.9999993,346.3860,41
34.8184,38.0751,36.8644,0.6244964,CN(c1ccccc1CN1Cc2ccccc2C1=O)S(=O)(=O)c1ccccc1[N+](=O)[O-],1,0.6483955,0.6484,0.4334050,0.4334,0.9968544,437.4770,41
33.0605,34.1330,-24.5265,0.0800546,CC[n+]1c(N2CCC(N(C)C)C2)[nH]c2ccccc2c1=O,1,0.0283617,0.0284,0.8557915,0.8558,0.9999968,287.3870,42
33.9525,34.4332,-15.4129,0.1585026,CCN(CC)c1ccc2cc(C(=O)N=CN)oc2c1,1,0.0805083,0.0805,0.6756908,0.6757,0.9999576,259.3090,42
36.2600,43.4226,7.2587,0.4223435,CS(=O)(=O)N1CC(Oc2ccc(-c3ccc(NS(=O)(=O)c4ccc(Br)cc4)cc3)nc2)C1,1,0.5942261,0.5942,0.4949982,0.4950,0.0281702,538.4450,42
29.0194,29.6644,34.7178,0.5365184,CN(C)c1cccc(OCC(=O)Nc2ccc(F)c([N+](=O)[O-])c2)c1,1,0.4648944,0.4649,0.6489078,0.6489,0.9999998,333.3190,42
31.1872,31.7120,9.7861,0.3458175,CC1CN(C(=O)c2ccccc2NC(=O)Cn2ncc3ccccc3c2=O)CC(C)O1,1,0.2430421,0.2430,0.6990245,0.6990,0.9993416,420.4690,42
35.7076,43.8820,-13.6954,0.2515549,O=C(NCc1ccc(N2CCSCC2)nc1)NC1CNc2ccncc21,1,0.1503904,0.1504,0.7636510,0.7637,0.9999934,370.4820,42
35.4222,41.2527,-19.0116,0.1853419,NC1=NN(C2=NS(=O)(=O)c3ccccc32)CN1Cc1c[nH]c2ccccc12,1,0.0995547,0.0996,0.7025135,0.7025,0.9999835,380.4330,42
26.6781,27.9844,-3.6963,0.2024003,CC(C)N1CCN(S(=O)(=O)NCc2ccncc2)CC1,1,0.1066787,0.1067,0.8566099,0.8566,0.9999989,298.4120,42
27.1697,31.9195,-31.9195,0.0000002,CCC=CCC=CCC=CCC=CCC=CCC=CCC=CCC=CCCCCCC(=O)OC(COC(=O)CCCCCCC)COP(=O)([O-])OCC[N+](C)(C)C,1,0.0000000,0.0000,0.0200339,0.0200,0.0000000,816.1140,42
46.7013,69.1191,-42.4305,0.2224047,COc1ccc(NC(=NCc2cccc(CN(C)CC(C)(C)C)c2)NCc2nnc(N3CCNC3)n2N)cc1OC,1,0.4650165,0.4650,0.1566458,0.1566,0.0025664,564.7390,42
39.8644,44.6818,-34.9284,0.0812778,Cc1cccc2c(C=NN3C(=O)NCC3c3ccc(F)cc3)cccc12,1,0.0306715,0.0307,0.7019236,0.7019,0.9999992,347.3930,42
26.8866,30.7376,-11.2956,0.1620167,CC1Cc2ccccc2N1C(=O)c1ccc(S(=O)(=O)Nc2ccc(F)cc2)cc1,1,0.0822238,0.0822,0.7004302,0.7004,0.9997377,410.4700,42
46.4477,52.8851,-34.2044,0.1556720,CC(c1ccccc1[N+](=O)[O-])N1CC2CN3CCc4ccccc4N(C2=O)C3C1,1,0.0814266,0.0814,0.5934465,0.5934,0.9999501,392.4590,42
32.9407,38.7112,15.3043,0.4501288,Cc1cc(Nc2cc(N3CCCC3)nc(N3CCC(Oc4ccccc4)CC3)n2)no1,1,0.3637742,0.3638,0.6366724,0.6367,0.9993387,420.5170,42
35.2288,31.3427,43.1739,0.6209716,Cc1ccc(NC(=O)c2sc3ncn(C)c(=O)c3c2C)cc1S(=O)(=O)N1CCCC1,1,0.5697194,0.5697,0.6639272,0.6639,0.9927722,446.5540,42
24.4422,34.7374,30.5122,0.5437462,CC(=O)Nc1ccc(S(=O)(=O)Nc2ccccc2C(=O)NNC(=O)Nc2cccc(C)c2)cc1,1,0.5821879,0.5822,0.3432954,0.3433,0.8456368,481.5340,42
29.6256,35.9542,-13.2862,0.1889001,COc1ccc(S(=O)(=O)N2CCOC23CCN(Sc2ccccc2C)CC3)cc1,1,0.1036663,0.1037,0.6713576,0.6714,0.9975886,434.5830,42
29.1951,37.7464,5.6245,0.3614242,Cc1ccc(Nc2nc(Nc3ccc(S(N)(=O)=O)cc3)nc(Nc3ccccc3N=Nc3ccccc3)n2)cc1,1,0.7912438,0.7912,0.1515583,0.1516,0.0085279,551.6360,42
30.1581,34.9526,24.9900,0.4995214,COc1ccc(S(=O)(=O)N(C)c2cccc(C(=O)Nc3ccc(C(=O)Nc4nccs4)cc3)c2)cc1,1,0.6843580,0.6844,0.3523272,0.3523,0.1108320,522.6080,42
28.3519,27.3686,-20.4351,0.0577785,CN(C)C(C)(C(=O)O)C1CCS(=O)(=O)C1,1,0.0185949,0.0186,0.7345788,0.7346,0.9996130,235.3050,42
25.6719,27.7423,-17.2387,0.0875296,COC(=O)c1cc(NCc2nccn2C)ccc1O,1,0.0349403,0.0349,0.6443770,0.6444,0.9999646,261.2810,42
38.2148,43.8418,-32.1688,0.0972750,COc1ccccc1C(=O)NN1C(c2cccc([N+](=O)[O-])c2)OCN1Cc1ccccc1,1,0.0450966,0.0451,0.4477335,0.4477,0.9976174,434.4520,42
37.5293,46.7447,-30.1691,0.1381299,COc1ccc(Cl)cc1NC(=O)Cn1cnc2sc(N3CCC(Cc4ccco4)CC3)c(C)c2c1=O,1,0.1143723,0.1144,0.3593476,0.3593,0.0764894,527.0460,42
33.3669,40.2997,16.8520,0.4762638,Cc1cc(N2CCCC2)nc(NCc2ccnc(Nc3ncccc3C)n2)n1,1,0.3873569,0.3874,0.6774082,0.6774,0.9999886,376.4680,42
26.1822,29.0289,8.4491,0.3123166,Cc1ccc(-c2nnc(C(C)Sc3nnc(-c4cccc(C)c4)n3C)o2)cc1,1,0.2389045,0.2389,0.4458614,0.4459,0.9999543,391.5000,42
32.2945,32.4725,2.0111,0.2873639,Cc1cc(N)ccc1OC(=O)C=Cc1ccccc1Br,1,0.2186978,0.2187,0.4005953,0.4006,0.9999998,332.1970,42
33.1783,40.0870,23.4465,0.5294455,[N-]=[N+]=NC1C(ON=Cc2nc3ccccc3[nH]2)OC(CO)C(O)C1O,1,0.6429168,0.6429,0.1952381,0.1952,0.9999992,348.3190,42
28.5302,38.8089,-19.2996,0.1625770,NC(=O)NN=Cc1cc(Cl)ccc1NC(=O)NC(N)=O,1,0.0963706,0.0964,0.4087805,0.4088,0.9999989,298.6900,42
30.4412,42.0227,34.6613,0.6390331,COC1(C)CCN(c2nccc(C(=O)Nc3ccccc3C(N)=O)n2)C1,1,0.5544514,0.5545,0.8396436,0.8396,0.9999983,355.3980,42
26.0595,33.7188,-0.2598,0.2788248,COc1ccc(-c2nc(N3CCN(C)CC3)c3c(=O)c4ccccc4[nH]c3n2)cc1,1,0.1931339,0.1931,0.5323257,0.5323,0.9998855,401.4700,42
28.6379,37.1782,36.6749,0.6154425,O=C(O)c1c(O)cccc1OCCN1CCN(S(=O)(=O)c2ccc(F)cc2)CC1,1,0.5545928,0.5546,0.6953985,0.6954,0.9990503,424.4500,42
35.7832,38.5472,-19.9430,0.1550344,Cc1nc2ccc(NCC(C)(O)c3cncc(F)c3)cc2o1,1,0.0750091,0.0750,0.7748922,0.7749,0.9999991,301.3210,42
24.5236,30.6033,-21.9801,0.0718598,NC(N)=Cc1c(N)nc(N)nc1N,1,0.0316210,0.0316,0.3503059,0.3503,0.9465412,181.2030,42
30.4987,36.2908,-19.1337,0.1429760,CNC(=O)N(NCc1nc(N(C)C)no1)c1ccccc1,1,0.0662450,0.0662,0.7985115,0.7985,0.9999976,290.3270,42
39.3979,46.9039,8.1547,0.4588216,O=C1NN(S(=O)(=O)N2CCCCC2C(=O)NC2CCCC2)Cc2ccccc2O1,1,0.3544436,0.3544,0.7673203,0.7673,0.9992058,422.5070,42
25.9877,23.3267,14.1679,0.3124555,O=S(=O)(Oc1ccc(OS(=O)(=O)C(F)(F)F)cc1)C(F)(F)F,1,0.2375202,0.2375,0.4560271,0.4560,0.9999907,374.2360,42
29.5372,35.2736,25.3743,0.5053994,Cn1cnc(NC(=O)NC2CCN(S(C)(=O)=O)CC2)c1-c1ccc(F)cc1,1,0.3986069,0.3986,0.8246711,0.8247,0.9999342,395.4600,42
31.2338,42.3435,-35.1695,0.0597839,CN(C)c1ccc(NC(=O)C(Nc2ncccc2N)c2ccc(F)cc2)cc1,1,0.0205991,0.0206,0.6087725,0.6088,0.9999849,379.4390,42
35.5444,38.4527,-19.8738,0.1548241,CNC=CC(=N)N(Cc1ccccc1C)c1ccccc1F,1,0.0787292,0.0787,0.6497067,0.6497,0.9999987,297.3770,42
34.1169,43.8391,39.5802,0.6951610,Cc1ccc(S(=O)(=O)Nc2ccc(F)cc2-c2cncc(C(=O)Nc3cc(C)on3)c2)cc1,1,0.7613753,0.7614,0.4310539,0.4311,0.9563123,466.4940,42
27.8804,30.8519,42.1175,0.6080791,Cc1ccc(S(=O)(=O)N2CC(=O)N3CN(Cc4ccccc4)CC3C2)cc1,1,0.5230508,0.5231,0.8033453,0.8033,0.9999737,385.4890,42
27.2763,29.3234,44.2990,0.6135199,COc1ccc(-c2noc(CN3CCN(C(=O)c4cccc(F)c4)CC3)n2)cc1OC,1,0.5760304,0.5760,0.5995597,0.5996,0.9988586,426.4480,42
42.3117,51.1969,-11.4432,0.3312808,O=C(Nc1cc(N2CCN(Cc3ccc([N+](=O)[O-])cc3)CC2)[nH]c(=O)c1)c1ccccc1OCc1ccc(Cl)cc1,1,0.8523664,0.8524,0.2112368,0.2112,0.0010915,574.0370,42
33.1057,36.9210,-22.9377,0.1165280,COc1cccc(OC)c1CN1CCC(Nc2ccc3c(c2)CCC3)C1,1,0.0484962,0.0485,0.8554148,0.8554,0.9999987,352.4780,42
28.0181,37.3417,27.6179,0.5413296,Cc1ccc(S(=O)(=O)Nc2cc3c(cc2-c2csc(NC(N)=O)n2)OCO3)cc1,1,0.4894378,0.4894,0.5672829,0.5673,0.9980118,432.4830,42
24.6883,31.5427,44.2973,0.6320003,COc1ccc(NC(=O)c2ccc(C)c(NS(=O)(=O)c3ccc(Cl)cc3)c2)c(OC)c1,1,0.6242407,0.6242,0.5317669,0.5318,0.9733421,460.9390,42
31.1180,36.7142,-24.0802,0.1052833,Cc1cc(OCCOc2ccc(C=Nn3ccnc3C3CCCCC3)cc2)ccc1[N+](=O)[O-],1,0.0648724,0.0649,0.1868420,0.1868,0.9913474,448.5230,42
29.0211,31.9311,-16.8406,0.1257540,CCOc1ccc(C(=O)NN=Cc2ccc(OC(=O)c3ccc(OC(C)=O)cc3)c(OC)c2)cc1,1,0.0814893,0.0815,0.2149454,0.2149,0.8971372,476.4850,42
27.5566,33.2763,45.6796,0.6579658,Cc1ccc(C)c(S(=O)(=O)NCC2CCN(C(=O)Nc3nccs3)CC2)c1,1,0.5870503,0.5871,0.7956109,0.7956,0.9997803,408.5490,42
32.5938,35.9902,23.0485,0.4919892,COC(=O)N1CC2Cc3cc(-c4ccc(F)cc4)ccc3NC2C1,1,0.3775669,0.3776,0.8715631,0.8716,0.9999999,326.3710,42
29.6339,30.7536,3.9083,0.2888485,CCc1ccccc1OCC(=O)Nc1ccccc1C(=O)Nc1cccc(Cl)c1C,1,0.2034782,0.2035,0.5293182,0.5293,0.9991756,422.9120,42
25.3184,30.2095,39.3487,0.5796516,COC(=O)c1cn(C2CCCN(Cc3ccccc3C)C2)nn1,1,0.4873468,0.4873,0.8098448,0.8098,0.9999998,314.3890,42
32.8470,40.7893,-21.3203,0.1622415,O=C(Nc1ccc(CN2NS(=O)(=O)c3ccccc3NC2=O)cc1)c1cccc([N+](=O)[O-])c1,1,0.0982489,0.0982,0.3874774,0.3875,0.9524279,467.4630,42
36.5419,36.0726,31.8622,0.5661228,Cc1ccc(-c2nn(-c3ccc(Oc4ccccc4)cc3)cc2S(=O)(=O)c2ccc(C)cc2)cc1,1,0.6602091,0.6602,0.2686976,0.2687,0.8566598,480.5890,42
29.1214,31.9193,3.3142,0.2936122,O=Cc1cc(N2CCOCC2)sc1-c1ccc(Br)cc1,1,0.1859683,0.1860,0.7867456,0.7867,0.9999987,352.2530,42
27.8081,30.9191,39.7212,0.5886689,Cc1cc(-c2csc(NC(=O)c3ccc(C)o3)n2)on1,1,0.4999646,0.5000,0.7999608,0.8000,0.9999973,289.3160,42
22.9633,24.7880,18.7276,0.3626298,O=C(NCc1ccco1)N1CCN(C(=O)c2ccco2)CC1,1,0.2395107,0.2395,0.9325678,0.9326,0.9999993,303.3180,42
27.6671,31.4614,-7.0136,0.2037317,CCC(C)NC(=O)C(C)N(Cc1ccccc1)C(=O)CN(c1ccc(C)cc1C)S(=O)(=O)c1ccc(F)cc1,1,0.2791657,0.2792,0.3633414,0.3633,0.0070619,553.7000,42
31.0082,31.0390,36.2100,0.5604081,Cc1cc(Nc2ccc(OCc3cccc(Br)c3)cc2)n2ncnc2n1,1,0.5258247,0.5258,0.5243660,0.5244,0.9997424,410.2750,42
31.9195,32.5353,-13.2302,0.1608755,Cc1nc(-c2ccccc2)sc1C(=O)N1CCCN(C(=O)Cn2ccnc2)CC1,1,0.0826395,0.0826,0.6642713,0.6643,0.9997599,409.5150,42
38.8429,48.0228,8.0580,0.4673398,O=C(O)C1NC(c2ccc(Cl)cc2)N2Cc3cc(-c4ccco4)nn3CC12,1,0.3702166,0.3702,0.7220609,0.7221,0.9999753,384.8230,42
30.3587,32.4428,17.7267,0.4180794,COc1ccc(N(Cc2ccccc2)C(=O)c2ccc3cnccc3n2)cc1,1,0.3467600,0.3468,0.5202280,0.5202,0.9999940,369.4240,42
37.8721,47.5011,32.9565,0.6704802,Cc1ccc(NC(=O)Nc2ccnc(CN(Cc3ccc(F)cc3)S(=O)(=O)O)n2)cc1,1,0.6977452,0.6977,0.4790905,0.4791,0.9934508,445.4760,42
36.8844,57.7862,-27.4056,0.2531717,Cc1cccc(OCc2c(N3CCN(S(=O)(=O)c4ccccc4)CC3)noc2C(C)NC(=O)Nc2ccc(C)cc2C)c1,1,0.8114279,0.8114,0.2568342,0.2568,0.0000708,603.7450,42
38.4741,55.4552,-30.4875,0.2080644,CN(Cc1ccco1)CC(NS(C)(=O)=O)C(c1ccc(F)cc1)N(C)N1CCNC1=O,1,0.1252776,0.1253,0.5641834,0.5642,0.9863345,453.5400,43
35.6327,41.3104,13.6553,0.4580469,Cc1cccc(C)c1N1CCC(c2ccc(NC(=O)C(C)(C)C)cn2)C1=O,1,0.3392705,0.3393,0.8864204,0.8864,0.9999958,365.4770,43
28.0342,27.4029,13.0393,0.3370187,CC1CN2CCCC2CN1C(=O)C(N)CC(=O)O,1,0.2333275,0.2333,0.7086016,0.7086,0.9999387,255.3180,43
23.2704,25.9729,-16.8111,0.0763482,Cc1ccc(Nc2ccc(N3CCCC3)cc2)c(N)c1,1,0.0267549,0.0268,0.8281113,0.8281,0.9999798,267.3760,43
27.2517,35.7850,7.5101,0.3607930,COc1cccc(N(CC(=O)Nc2cc(C)nn2-c2ncccn2)S(=O)(=O)N(C)C)c1,1,0.2763015,0.2763,0.5531970,0.5532,0.9934334,445.5050,43
24.6729,25.1888,30.6394,0.4652345,Cn1cc(CNC(=O)c2ccc(C(=O)O)o2)cn1,1,0.3536971,0.3537,0.8282707,0.8283,0.9998927,249.2260,43
64.8040,71.8066,-61.6965,0.0842509,COC(=O)c1ccc(OC2(O)NC(c3ccc([N+](=O)[O-])cc3)N(Cc3ccccc3)C2(O)C(=O)N(C)N)cc1,1,0.0984737,0.0985,0.0810168,0.0810,0.0305742,537.5290,43
27.0169,30.5666,38.1857,0.5729358,O=C(NCc1cccnc1)c1cnc(N2CCOc3ccccc32)nc1,1,0.4844387,0.4844,0.7801789,0.7802,0.9999992,347.3780,43
30.6501,30.1850,-18.8396,0.0945454,NC1C2CCCC1CN(C(=O)NCC(=O)O)C2,1,0.0393400,0.0393,0.6256495,0.6256,0.9997770,241.2910,43
28.0732,31.7794,27.4241,0.4933623,O=C(Nc1noc(-c2cccs2)n1)c1nc2ccccc2s1,1,0.4177153,0.4177,0.6205094,0.6205,0.9999999,328.3780,43
23.8020,26.2210,24.8588,0.4256648,O=C(Nc1nccs1)C1CCCN(Cc2ccc(F)cc2)C1,1,0.3003137,0.3003,0.9415115,0.9415,0.9999998,319.4050,43
24.2262,26.2298,-14.7675,0.0955193,COc1cc(C=CC(=O)Nc2ccc(Cl)cn2)cc(OC)c1OC,1,0.0370798,0.0371,0.8099779,0.8100,0.9999991,348.7860,43
24.1164,24.2397,-9.6715,0.1214015,c1ccc(CCOc2nc3ccccc3[nH]2)cc1,1,0.0532360,0.0532,0.7576466,0.7576,0.9997060,238.2900,43
31.4799,46.9499,18.2490,0.5433248,CCOC(=O)N1CCN(Nc2[nH]c(=O)[nH]c2Nc2cccc(C)c2)CC1,1,0.4734126,0.4734,0.6485731,0.6486,0.9999974,360.4180,43
35.4605,42.1551,-21.0337,0.1760118,NC(Oc1nccc(N2CCN(c3ncc(F)cn3)CC2)n1)C(=O)O,1,0.0933453,0.0933,0.6798054,0.6798,0.9999990,349.3260,43
33.5098,35.1275,-6.9924,0.2344594,O=C(NN=Cc1c(O)ccc2ccccc12)c1cccc([N+](=O)[O-])c1-n1cncn1,1,0.1777451,0.1777,0.2992771,0.2993,0.9998756,402.3700,43
26.6628,34.2511,17.0424,0.4274461,Cc1cccc(NC(=O)Nc2cc(C)ccc2OCc2csc(C)n2)c1,1,0.3367716,0.3368,0.6437745,0.6438,0.9999950,367.4740,43
42.3355,50.4815,5.6193,0.4675065,COc1ccc(Nc2cc(-c3cccc(Cl)c3)nc3cc(NC(=O)Nc4cccc(C)c4C)sc23)cc1,1,0.7843558,0.7844,0.2060083,0.2060,0.0643451,529.0650,43
28.7252,29.2398,-24.6597,0.0381680,Oc1ccc(-c2cccc(C3COCCN3)n2)cc1,1,0.0098181,0.0098,0.8638144,0.8638,0.9999440,256.3050,43
40.4312,40.2151,-40.2149,0.0000022,Cc1cn2cc(Nc3cnc4ncccc4n3)nc(N3CCNCC3)c2n1,1,0.0000000,0.0000,0.5671148,0.5671,0.9999971,361.4130,43
30.4707,36.5007,-22.5443,0.1163035,CC(N)c1cc(NC(=O)C(F)(F)F)ccc1N1CCN(C)CC1,1,0.0478280,0.0478,0.8893537,0.8894,0.9999998,330.3540,43
26.5802,28.3504,-13.3656,0.1248734,CCC(NC(=O)c1cccc(N)c1)c1ccc(C)cc1,1,0.0539168,0.0539,0.8342950,0.8343,0.9999816,268.3600,43
31.4695,31.5977,7.3424,0.3245005,CC(=O)c1ccc(Nc2ccccc2NC(=O)c2sccc2C)cc1,1,0.2299052,0.2299,0.6175273,0.6175,0.9999990,350.4430,43
22.1198,26.6114,31.0034,0.4801237,COc1ccc(N2CCN(C(=O)c3ccc(OC)c(S(=O)(=O)N4CCCCC4)c3)CC2)cc1,1,0.4027127,0.4027,0.6420507,0.6421,0.9192344,473.5950,43
31.8486,38.7917,34.0864,0.6073179,O=C(Nc1ccc(Cl)cc1)Nc1cc(NCc2ccncc2)nn1O,1,0.5902282,0.5902,0.5230114,0.5230,0.9999977,358.7890,43
45.4858,46.9595,23.2158,0.5847941,O=C1OC(c2cccc(Cl)c2)=NC1CSc1nc(-c2cccnc2)cc(=O)[nH]1,1,0.6068845,0.6069,0.3928392,0.3928,0.9996733,412.8580,43
22.2376,31.3574,26.0422,0.4783301,CN1CCN(c2ccc(N3CCN(C(=O)Nc4ccc(F)cc4)CC3)c([N+](=O)[O-])c2)CC1,1,0.4079141,0.4079,0.5790726,0.5791,0.9950154,442.4950,43
26.0408,32.4271,3.4978,0.2993739,COc1ccccc1N(Cc1ccc(C)o1)S(=O)(=O)c1cccc(C(=O)O)c1,1,0.2020622,0.2021,0.6484799,0.6485,0.9998859,401.4400,43
38.7654,47.3591,-19.9652,0.2282820,COc1ccc(C2NC(=NCc3ccccc3)NN=C2c2ccc(NC(=O)NCC(=O)NCc3ccccc3)cc2)cc1,1,0.5254366,0.5254,0.1923987,0.1924,0.0009390,575.6730,43
28.1497,34.0314,0.4117,0.2870257,Cc1nnc2sc(N(CCN(C)C)Cc3ccc(F)cc3)nn12,1,0.1867900,0.1868,0.6916176,0.6916,0.9999998,334.4240,43
36.6524,39.0545,-32.0201,0.0586195,Cc1ccc2c(c1)C(=O)NCCC(c1noc(C)n1)N2,1,0.0183352,0.0183,0.8293085,0.8293,0.9999872,272.3080,43
30.7691,38.7592,26.8296,0.5465728,Cc1ccccc1C(=O)N1CCN(c2cc(S(=O)(=O)N(C)C)c(C)o2)CC1,1,0.4499894,0.4500,0.7980718,0.7981,0.9999543,391.4930,43
26.2678,26.1831,24.9893,0.4264364,CC(=O)c1ccc(NS(=O)(=O)Cc2cccc(Br)c2)cc1,1,0.3131368,0.3131,0.8207353,0.8207,0.9999946,368.2520,43
33.4636,37.7778,-17.2313,0.1712211,O=C1CN(c2ccc(NS(=O)(=O)c3ccc(NC(=O)c4ccc(F)cc4)cc3)cc2)S(=O)(=O)N1,1,0.1138231,0.1138,0.4692210,0.4692,0.3973787,504.5210,43
29.2184,31.5276,-23.4546,0.0672754,Cn1ncnc1NC(=O)C=Cc1ccc([N+](=O)[O-])cc1[N+](=O)[O-],1,0.0258547,0.0259,0.4958995,0.4959,0.9999998,318.2490,43
51.3527,57.2323,-36.5695,0.1721905,C=CC1(c2nc(N)[nH]c(=O)c2C=CC)CN1c1ccccc1Br,1,0.0921090,0.0921,0.6382503,0.6383,0.9999915,373.2540,43
30.5892,36.8747,17.1499,0.4502052,Cc1nn(Cc2ccccc2)c(C)c1NC(=O)Nc1ccc(S(=O)(=O)Nc2cccc(Cl)c2C)cc1,1,0.6420778,0.6421,0.2779189,0.2779,0.0984364,524.0460,43
27.2215,29.1778,-16.9884,0.1015782,CCc1nnc(NC(=O)c2cnoc2-c2cccc(F)c2)s1,1,0.0406438,0.0406,0.7989563,0.7990,0.9999998,318.3330,43
43.4763,58.8814,7.9617,0.5570260,CCNC(=O)N1CCC(C2(Cc3cccc(-c4cccnc4)c3)CCN(S(N)(=O)=O)CN2)C1,1,0.5098554,0.5099,0.5889529,0.5890,0.9256871,472.6150,43
39.4972,42.2134,25.7390,0.5662705,Cc1ccc(NC(=O)c2ccc(Cn3c(CCNC(=O)N4CCOCC4)nc4ccccc43)o2)cc1Cl,1,0.7995974,0.7996,0.3732913,0.3733,0.1164243,522.0050,43
34.4049,31.3481,3.8553,0.2933617,O=C(N1CCOCC1)N1CCc2nccc(N3CCCC3)c2C1,1,0.1856859,0.1857,0.7875736,0.7876,0.9999998,316.4050,43
34.9117,39.9862,-20.1223,0.1655322,CC(=O)N(Nc1ccc(C)cc1)c1ccc(N=Nc2ccccc2C)cc1C,1,0.0984185,0.0984,0.4155703,0.4156,0.9999921,372.4720,43
31.3304,37.9965,23.1807,0.5098102,CNc1cc(OC)nc(NC(=O)NC2CCN(c3ccc(OC)cc3)CC2)n1,1,0.4228665,0.4229,0.7003855,0.7004,0.9999713,386.4560,43
27.6580,30.0261,40.7365,0.5896885,O=C(CN1CCN(Cc2cccc(Cl)c2)CC1)N1CCN(c2ncccc2[N+](=O)[O-])CC1,1,0.5805525,0.5806,0.4836868,0.4837,0.9777049,458.9500,43
32.9067,38.0233,-24.0324,0.1165910,N=C(N)N1C(c2ccccc2F)CC2CC=NN21,1,0.0541653,0.0542,0.5825420,0.5825,0.9998715,247.2770,43
40.0023,37.6132,-30.8424,0.0564235,Cc1nnc2n1CCN(CC1CCCC3CC1N3)CC2,1,0.0171053,0.0171,0.8736564,0.8737,0.9999903,275.4000,43
27.7908,30.6840,-19.0758,0.0967350,C[S+]([O-])CC(C)(C)Nc1ccc(N)c2ncccc12,1,0.0399534,0.0400,0.6644770,0.6645,0.9999920,277.3930,43
45.9405,47.9224,16.8770,0.5399947,CS(=O)(=O)NCCN=C1Nc2cnccc2C2CN(S(C)(=O)=O)CC12,1,0.4683852,0.4684,0.6528952,0.6529,0.9999684,387.4870,43
23.2954,29.1728,32.4580,0.5135899,COc1ccc(Cl)cc1S(=O)(=O)NC(=O)Nc1cccc2ccccc12,1,0.4266558,0.4267,0.7044011,0.7044,0.9999570,390.8480,43
28.2812,31.4636,44.4208,0.6323699,O=C(C=Cc1ccccc1O)NC(=S)Nc1cccc2ccccc12,1,0.6359113,0.6359,0.4931377,0.4931,0.9999991,348.4270,43
27.5790,33.1015,-22.3512,0.0895859,COc1ccccc1CN1CCN(Cc2ccc(F)cc2)C(OC)C1,1,0.0339076,0.0339,0.8038186,0.8038,0.9999994,344.4300,43
29.8949,33.9695,-17.4871,0.1373530,O=C(CN1CC2CNCC2C1)Nc1ccc(NC(=O)c2ccco2)cc1,1,0.0634535,0.0635,0.7596188,0.7596,0.9999985,354.4100,43
62.5030,69.2269,-69.2269,0.0000000,c1c2c(ccc1)c1OC3(c4c-1cccc4)N(C(N(C3=O)c1ccc(cc1)OC)=O)NC(C(Oc1ccc(cc1)C)=O)=NC,0,0.0000000,0.0000,0.0000000,0.0000,0.0000000,0.0000,43
29.0063,32.3261,48.1728,0.6708240,Cc1ccc(S(=O)(=O)N(C)c2ccc(C(=O)NNC(=S)NC(=O)c3ccco3)cc2)cc1,1,0.7507288,0.7507,0.3850533,0.3851,0.9261104,472.5480,43
24.9134,31.3363,55.8635,0.7266646,Cc1cccc(N2CCN(Cc3ccc(C(=O)NC4CC4)cc3)CC2=O)c1,1,0.6554595,0.6555,0.8887105,0.8887,0.9999965,363.4610,43
34.8717,41.1412,24.7141,0.5487940,O=C(CSc1ncnc2ccc(F)cc12)Nc1ccc(F)c(S(=O)(=O)N2CCc3ccccc32)c1,1,0.7312585,0.7313,0.3043840,0.3044,0.2391957,512.5630,43
36.7319,42.8463,36.9254,0.6647647,Cc1oc(-c2ccc(F)cc2)nc1C(C)OC(=O)N1CC(C)Oc2ccccc21,1,0.6447984,0.6448,0.6030753,0.6031,0.9999281,396.4180,43
30.4347,35.5276,-22.5335,0.1082841,COc1ccc(OC)c(C2SCC(=O)N2COCCN)c1,1,0.0451205,0.0451,0.7629799,0.7630,0.9999997,312.3910,43
35.1928,38.7755,27.1801,0.5496304,Cc1ccccc1-n1nc(C(=O)Nc2cc(O)n(C)n2)cc1C,1,0.4572091,0.4572,0.7761606,0.7762,0.9999996,311.3450,43
31.9673,32.4566,-6.6012,0.2154613,Cc1ccc(S(=O)(=O)N(C(=O)O)c2cccc3ncccc23)cc1,1,0.1194707,0.1195,0.7878283,0.7878,0.9999995,342.3760,43
33.5190,37.2000,-19.7168,0.1456931,CS(=O)(=O)Nc1cccc(C2CC2NC(=O)C2CC3CCCCC3N2)c1,1,0.0697651,0.0698,0.7319206,0.7319,0.9999874,377.5100,43
25.5727,31.3642,29.9334,0.5108132,CC(C)(C)OC(=O)N1CCN(c2ncc([N+](=O)[O-])c(Nc3ccc(C(=O)O)cc3)n2)CC1,1,0.4621001,0.4621,0.5200351,0.5200,0.9940389,444.4480,43
34.1992,34.0526,-6.4524,0.2300013,CC1Cc2cc(NC(=O)CN3C(=O)SC(=Cc4ccc(N(C)C)cc4)C3=O)ccc2O1,1,0.1347344,0.1347,0.7180657,0.7181,0.9968416,437.5210,43
30.2221,39.9690,21.9133,0.5156857,CC1CCC2(CC1)CN(CC(=O)N1CCN(c3ccc(OC(F)(F)F)cc3)CC1)C(=O)N2,1,0.4209761,0.4210,0.7590750,0.7591,0.9850995,454.4930,43
21.7118,22.1431,-11.8025,0.0861718,Cc1cc(CNCc2ccccn2)no1,1,0.0319199,0.0319,0.8207588,0.8208,0.9926381,203.2450,44
37.4648,42.4452,-3.2642,0.3265081,CCOC(=O)c1c(C)nn(Cc2ccccc2F)c1NN=Cc1cn(CC)c2ccccc12,1,0.3060267,0.3060,0.2349809,0.2350,0.9921092,447.5140,44
40.3771,39.2811,19.8130,0.4924512,CCOC(=O)c1ccccc1NC(=O)NC(=O)c1ccccc1C(O)(F)F,1,0.4034657,0.4035,0.6942180,0.6942,0.9999864,378.3310,44
41.8694,42.3719,-19.9001,0.1872656,C[N+]1(CC(O)(O)O)NCCC1S(=O)(=O)[O-],1,0.1384321,0.1384,0.2333485,0.2333,0.9997959,242.2530,44
29.8671,33.1109,-12.4867,0.1718685,O=C(O)c1cn(Cc2ncnn2Cc2cccc(F)c2)nn1,1,0.0877808,0.0878,0.7483110,0.7483,0.9999992,302.2690,44
33.9546,39.4698,-9.9814,0.2457363,O=S(=O)(NCCN(c1ccccn1)c1ncccc1C(F)(F)F)c1ccccc1F,1,0.1584771,0.1585,0.5667099,0.5667,0.9958782,440.4220,44
26.7209,40.1465,-6.3296,0.2818075,COc1ccc(Cl)cc1NC(=S)Nc1cc(Cl)c(O)c(OCc2ccc(Cl)cc2)c1,1,0.2460558,0.2461,0.2662020,0.2662,0.8163345,483.8040,44
31.3987,34.1038,25.9916,0.5007946,COC(=O)N1CCOC(CNc2ncc(-c3ccncc3)cn2)C1,1,0.3828773,0.3829,0.9069634,0.9070,0.9999998,329.3600,44
31.8568,42.4864,37.7443,0.6685894,O=C1NC(=CO)C(Nc2ccc(S(=O)(=O)N3CCN(c4ccccc4)CC3)cc2)O1,1,0.6442615,0.6443,0.6229302,0.6229,0.9983453,430.4860,44
53.6765,55.0242,-19.3512,0.2972748,CC1(O)C(O)C(COP(=O)(NCCN2CCOCC2)ON2CCCCC2)OC1n1ccc2cccnc21,1,0.3937054,0.3937,0.3799205,0.3799,0.0254681,539.5700,44
31.7905,32.8999,-9.7649,0.1927924,CN1C(=O)c2ccccc2C12c1ccccc1-c1c2[nH]c2ccccc12,1,0.1158538,0.1159,0.5032265,0.5032,0.9999997,336.3940,44
26.3344,31.1340,-10.8546,0.1689952,CN(Cc1cccc(O)c1)c1nc(NN)nc2ccccc12,1,0.0958645,0.0959,0.5053241,0.5053,0.9999985,295.3460,44
32.8555,31.9565,-20.2429,0.0976133,C=C(OC(C)(C)C)[N+]1(C(=O)O)CCCC1,1,0.0423585,0.0424,0.5673302,0.5673,0.9973243,214.2850,44
25.4777,29.4310,46.3502,0.6315102,O=C(O)c1ccc(Nc2cc(Nc3ccc(OCc4ccccc4)cc3)ncn2)cc1,1,0.6922042,0.6922,0.3640411,0.3640,0.9996853,412.4490,44
32.7427,32.6812,-19.4741,0.1100590,CCc1cc(S(=O)(=O)NCCc2ccc(F)cc2)ccc1N1CCNCC1,1,0.0462239,0.0462,0.7605096,0.7605,0.9999542,391.5120,44
34.0644,37.1564,-35.7486,0.0117318,Cc1ccc(NCc2nccn2CCc2ccncc2)cc1N(C)C,1,0.0019192,0.0019,0.7176291,0.7176,0.9999998,335.4550,44
29.6985,35.1530,44.2421,0.6616254,COc1cc(OC)c(OC)cc1NC(=O)c1ccc(N2CCN(C)CC2)c(NC(C)=O)c1,1,0.6190076,0.6190,0.6811017,0.6811,0.9950058,442.5160,44
32.1983,36.3106,-13.9833,0.1860609,COC(=O)c1ccccc1Nc1nn2c(CCN3CCCC3=O)nnc2s1,1,0.1025589,0.1026,0.6454669,0.6455,0.9999713,386.4370,44
24.8710,29.3464,24.9248,0.4522596,O=C(C(NC1CC1)c1ccccc1)N1CCN(Cc2cccc(Cl)c2)CC1,1,0.3395909,0.3396,0.8290826,0.8291,0.9999772,383.9230,44
26.0020,28.2142,-13.6554,0.1213231,Cc1ccc(N2CCC3(CCNC3)C2)nn1,1,0.0531019,0.0531,0.7624892,0.7625,0.9981506,218.3040,44
26.1994,32.3476,-17.2206,0.1260586,Cc1nc(-c2ccc(F)cc2)c(C(=O)Nc2ccnn2Cc2cccnc2)s1,1,0.0614679,0.0615,0.5528476,0.5528,0.9999453,393.4470,44
25.9286,31.8168,14.1990,0.3834650,Cc1cc(N(C)C)nc(NCCCC(=O)NCc2ccccc2F)n1,1,0.2793579,0.2794,0.7195574,0.7196,0.9999993,345.4220,44
38.4391,40.6059,11.4037,0.4334140,CC(C)N=C1N=C(NC(=O)c2ccncc2)C(=Cc2ccc(-c3ccc(I)cc3)o2)S1,1,0.6735861,0.6736,0.4340172,0.4340,0.0197362,542.4020,44
27.2023,34.3007,14.2544,0.4046264,COc1cc(N2C(=O)CN(Cc3cccc(O)c3)C2=O)ccc1Cl,1,0.2862938,0.2863,0.8638329,0.8638,0.9999993,346.7700,44
34.1037,38.3373,2.6746,0.3417656,CCc1nc(-c2cccs2)ncc1C(=O)N1CCc2ncsc2C1,1,0.2368221,0.2368,0.7213813,0.7214,0.9999982,356.4760,44
27.9513,31.8562,-20.6250,0.0935935,NNc1c(Cl)ncnc1N1CCNC1=O,1,0.0448986,0.0449,0.3745998,0.3746,0.9992856,228.6430,44
26.1126,28.9208,32.3295,0.5104197,CC(OC(=O)c1ccc(NS(C)(=O)=O)cc1)c1cccc([N+](=O)[O-])c1,1,0.4722818,0.4723,0.4785570,0.4786,0.9999962,364.3790,44
40.8004,41.7311,-35.0427,0.0557368,Cc1sc2ncnc(NCCS(=O)(=O)NCCC34CC5CC(CC(C5)C3)C4)c2c1C,1,0.0184712,0.0185,0.6307891,0.6308,0.9912401,448.6580,44
42.6944,53.3985,-5.3531,0.4003778,CN1CCN(N2C(=O)C3CCCC4C3C(=O)N(NC(=O)c3ccc(Cl)cc3)C42)CC1,1,0.2906863,0.2907,0.7776325,0.7776,0.9981114,431.9240,44
24.4049,32.1059,59.7170,0.7651912,CN1CCN(c2nc(NC(=O)Nc3ccccc3)cc(-c3cccnc3)n2)CC1,1,0.7513422,0.7513,0.7135524,0.7136,0.9999621,389.4630,44
24.8532,31.0282,-28.0520,0.0248018,C=C(C(=O)O)N1CCCN(C(=O)c2cccs2)CC1,1,0.0053240,0.0053,0.8522944,0.8523,0.9999939,280.3490,44
33.8004,36.2210,-15.7277,0.1707774,CCCOc1ccc(NC(=O)c2ccc(OCc3nc4cc(C)ccc4n3C)cc2)cc1,1,0.1039411,0.1039,0.4015368,0.4015,0.9984859,429.5200,44
32.5733,37.1583,-1.1613,0.2999750,CSc1nnc(NC(=O)c2c(C)nc3sc(N)c(C)c3c2C)s1,1,0.2131114,0.2131,0.5436293,0.5436,0.9999958,365.5090,44
28.7281,33.9568,-21.7729,0.1015323,Cc1cccc(N=c2[nH]c(=O)n(C)c(=S)s2)c1C,1,0.0403921,0.0404,0.8146801,0.8147,0.9999933,279.3900,44
34.7327,39.3259,-26.4007,0.1077096,COc1cccc(N(CC(N)=O)C(=O)COC(=O)Cc2cccc3ccccc23)c1,1,0.0484400,0.0484,0.5795569,0.5796,0.9998191,406.4380,44
35.0391,39.9457,29.2176,0.5763609,COc1cc(NC(=O)NCc2cc3n(n2)CCN(C)C3)cc(NC(=O)OC(C)(C)C)c1OC,1,0.5270517,0.5271,0.6062366,0.6062,0.9742908,460.5350,44
28.4907,32.4277,16.2127,0.4053374,O=C(c1cc([N+](=O)[O-])ccc1F)N1c2ccccc2Nc2ccccc21,1,0.3292857,0.3293,0.5340457,0.5340,0.9999990,349.3210,44
27.1325,30.5326,-8.1145,0.1868177,O=c1[nH]c2ccccc2c(=O)n1N=Cc1ccc(OCc2cccc3ccccc23)cc1,1,0.1158662,0.1159,0.4299299,0.4299,0.9992790,421.4560,44
28.3937,27.9541,19.7522,0.3975524,COc1ccc(NC(=O)Cc2ccc(O)cc2)c(C#N)c1,1,0.2757434,0.2757,0.9019971,0.9020,0.9999949,282.2990,44
30.4011,30.8539,-27.2599,0.0299496,COc1cccc(N2CCCC23CN=N3)c1,1,0.0071972,0.0072,0.7626645,0.7627,0.9979665,217.2720,44
23.1993,23.6949,-16.5513,0.0595296,CN1Cc2ccnc3cccc1c23,1,0.0209667,0.0210,0.6021074,0.6021,0.8655148,170.2150,44
34.1278,41.2943,-6.2795,0.2917896,CCN(Cc1ccc(N2CCCC2)cc1)N1C(=O)NC(C)(CC)C1=O,1,0.1830249,0.1830,0.8064250,0.8064,0.9999994,344.4590,44
32.3917,35.2351,24.2840,0.4959925,CN=C(NCc1ccccc1Oc1cccc(OC)c1)N1CC2(CCC2)C1,1,0.4169393,0.4169,0.6413891,0.6414,0.9999958,365.4770,44
31.0073,29.4381,-21.0645,0.0697802,Nc1c(-c2cc[nH]c2)ncn1O,1,0.0274768,0.0275,0.5424837,0.5425,0.7866620,164.1680,44
30.0857,29.9711,61.2591,0.7602518,CC(=O)N1CCC(C(=O)Nc2ccc(S(=O)(=O)Nc3cccc(C)c3)cc2)CC1,1,0.7245134,0.7245,0.7847213,0.7847,0.9995827,415.5150,44
37.0035,44.2739,-18.7558,0.2126504,NC1=NC(C(=O)N2CCN(c3cccc(Cl)c3)CC2)CN1CC(=O)Nc1ccccc1,1,0.1196035,0.1196,0.7364913,0.7365,0.9956796,440.9350,44
37.2311,49.0558,24.8145,0.6155856,COC(=O)C1=C(N)N=c2sc(=CNc3cc(C(=O)O)ccc3C)c(=O)n2C1c1ccc(C)cc1,1,0.6303062,0.6303,0.4744199,0.4744,0.8784102,478.5300,44
28.5443,32.8410,18.3398,0.4265067,COc1ccc(NC(=O)c2ccc(NC(=O)c3ccccc3NCc3ccco3)cc2)cc1,1,0.4030716,0.4031,0.3402364,0.3402,0.9954553,441.4870,44
30.0026,42.4980,35.9219,0.6534987,O=S(=O)(Nc1ccc(Nc2cn3sccc3n2)nn1)c1ccc(F)cc1,1,0.6482659,0.6483,0.5433711,0.5434,0.9999586,390.4250,44
28.9370,31.5604,56.5564,0.7343065,Cc1cc(C(=O)N2CCc3c(nc(-c4ccc(Cl)cc4)[nH]c3=O)C2)no1,1,0.6988926,0.6989,0.7480865,0.7481,0.9999932,370.7960,44
27.3021,27.1592,-15.3610,0.0983187,c1ccc(OCNc2c[nH]c3ccccc23)cc1,1,0.0406053,0.0406,0.6810917,0.6811,0.9997060,238.2900,44
39.8474,46.2473,35.8882,0.6844627,NS(=O)(=O)c1ncc(C2=CSCN2C(=O)NCc2ccc(Cl)cc2)cn1,1,0.6335085,0.6335,0.7424724,0.7425,0.9997010,411.8960,44
26.4254,31.8976,60.1571,0.7671232,CCOc1ccc(S(=O)(=O)N2CCN(C(C)=O)CC2)cc1NC(=O)Nc1ccccc1,1,0.7561715,0.7562,0.7091304,0.7091,0.9927887,446.5290,44
32.1186,34.8067,-15.1559,0.1637568,CN(CC(=O)Nc1ccc(Cl)cc1Cl)C(=O)N1CCC(Sc2ccccc2)CC1,1,0.0845128,0.0845,0.6752436,0.6752,0.9876720,452.4070,44
25.6686,26.6246,-17.7556,0.0739086,CN(C)c1ccc(CCCNC(=O)NCc2ccccc2Cl)cc1,1,0.0262876,0.0263,0.7487689,0.7488,0.9999993,345.8740,44
25.4805,33.4439,39.8352,0.6106597,COc1ccccc1NC(=O)NN=Cc1cccc(NS(=O)(=O)c2cccs2)c1,1,0.6460863,0.6461,0.3920484,0.3920,0.9983415,430.5110,44
35.0372,40.1427,-9.2703,0.2572704,NC(C=CC1C(=O)Nc2ccccc21)Cc1ccnc2ccccc12,1,0.1578685,0.1579,0.7209660,0.7210,0.9999998,329.4030,44
35.5339,39.3020,13.3232,0.4385429,CC(c1nc(C2CC2)no1)n1nc(Nc2ccccc2)cc1[N+](=O)[O-],1,0.3672724,0.3673,0.5402582,0.5403,0.9999996,340.3430,44
34.5059,39.2758,13.7647,0.4420049,Cc1cccc2c(Nc3cccc(N4CCOCC4)c3)nc(Nc3ccccc3Cl)nc12,1,0.4058389,0.4058,0.3975470,0.3975,0.9931580,445.9540,44
39.9619,43.7533,-9.5472,0.2850509,COC(=NO)c1cccc(Cl)c1NS(=O)(=O)c1ccn(C)n1,1,0.2195525,0.2196,0.3795135,0.3795,0.9999994,344.7800,44
30.9443,30.8775,-27.5404,0.0278089,NCCC(CCN1CCCCC1)Nc1ccc(F)cc1,1,0.0063700,0.0064,0.8061803,0.8062,0.9999933,279.4030,44
40.8362,50.0713,-29.3562,0.1726255,N#CC12OC1=Nc1cc(C(=O)Nc3ccc(F)cc3N)ccc12,1,0.0917009,0.0917,0.6564734,0.6565,0.9999995,308.2720,44
29.9402,30.3685,-10.6605,0.1642332,CC(=O)Nc1ccc(=O)n(C(C)c2ccncc2)c1,1,0.0777518,0.0778,0.9116531,0.9117,0.9999489,257.2930,44
24.7612,28.3364,30.9691,0.4942124,Cc1cccc(NC(=O)c2cnc(N3CCCC3=O)cn2)c1,1,0.3717193,0.3717,0.9414898,0.9415,0.9999986,296.3300,44
25.4012,23.2798,-18.6942,0.0382129,NN=C(N)c1ncccn1,1,0.0177490,0.0177,0.2259468,0.2259,0.2343521,137.1460,45
52.4036,60.6553,-45.0394,0.1301329,Cc1cccn2c(-c3[nH]n4nc(-n5c(C)ccc5C)nc4c3[N+](=O)[O-])c(N3CCN(Cc4ccccc4)CC3)nc12,1,0.1586912,0.1587,0.2424264,0.2424,0.0093506,550.6270,45
39.5172,41.7845,38.1455,0.6660834,O=C(NNc1cc(N2CCCC2c2ccccn2)ncn1)c1cc(=O)c2ccccc2o1,1,0.6960037,0.6960,0.4664454,0.4664,0.9986276,428.4520,45
26.8148,35.5818,-30.1870,0.0449563,N#CC1(C#N)NC(=O)Nc2ncccc21,1,0.0135771,0.0136,0.6330752,0.6331,0.9893237,199.1730,45
35.0293,39.3404,-4.4538,0.2907214,CC(=O)Nc1ccc(S(=O)(=O)NC2CN(C(=O)OC(C)(C)C)C3CCCCC3O2)cc1,1,0.1880869,0.1881,0.7246425,0.7246,0.9863085,453.5610,45
27.2137,34.2315,35.8180,0.5837463,CC(=O)N1CCN(S(=O)(=O)N2CCN(Cc3ccc(Cl)nc3)CC2)CC1,1,0.5182889,0.5183,0.6763088,0.6763,0.9998807,401.9200,45
27.9487,25.3841,-4.7422,0.1720160,N#Cc1cc2ccccc2nc1C#Cc1ccccc1,1,0.0947343,0.0947,0.5755499,0.5755,0.9999326,254.2920,45
26.8409,30.3555,11.2243,0.3464981,CN1CCN(Cc2ccc(Sc3nn[nH]n3)nn2)CC1,1,0.2316374,0.2316,0.8349772,0.8350,0.9999980,292.3720,45
34.9386,45.9153,39.2456,0.7096741,CN(C)S(=O)(=O)Nc1cn(C2CCC3c4ccccc4NC(=O)N32)nn1,1,0.6448953,0.6449,0.8357668,0.8358,0.9999875,377.4300,45
30.3083,38.7140,-16.1166,0.1883116,Cc1nc(-c2cccc(NC(=O)c3cnc(C)n3-c3ncccc3C)c2)no1,1,0.1072074,0.1072,0.5869501,0.5870,0.9999905,374.4040,45
34.3990,40.5867,-5.9495,0.2886438,O=C(O)Nc1cc2ccc(C(=O)N3CCC(O)C3)cn2n1,1,0.1838673,0.1839,0.7517015,0.7517,0.9999976,290.2790,45
36.6657,45.1556,10.7092,0.4655396,CC(Nc1ccccc1C(=O)Nc1ccc(Cl)c(Cl)c1)C(=O)N1CCN(C(=O)N2CCOCC2)CC1,1,0.6110734,0.6111,0.6112932,0.6113,0.0402174,534.4440,45
35.1963,37.6997,-14.5069,0.1932735,CC(=O)N1CCCC1c1cc2c(c(NC3CC3)n1)OCC(=O)N2,1,0.0989139,0.0989,0.8860564,0.8861,0.9999998,316.3610,45
27.5176,37.5400,50.8709,0.7367578,Nc1cc(-c2ccc3c(c2)OCCO3)nc(N2CCN(C(=O)Nc3ccccc3)CC2)n1,1,0.7294466,0.7294,0.6555089,0.6555,0.9980116,432.4840,45
31.5998,39.7560,-1.3078,0.3204017,O=S(=O)(NCc1ccco1)N1CCN2CC(N3CCCC3)CC2C1,1,0.2073061,0.2073,0.8324009,0.8324,0.9999985,354.4760,45
26.0489,30.5855,-19.9098,0.0889644,CCNc1ccc(N(C)S(=O)(=O)N2CCOCC2)cn1,1,0.0329499,0.0329,0.8582037,0.8582,0.9999990,300.3840,45
49.0755,56.9134,-5.6669,0.4270544,CC1(C(=O)O)CCCCN1C(=O)C1CC2NC(NN2C2CCCC2)N1c1ccc(Br)cc1,1,0.4017990,0.4018,0.5791315,0.5791,0.3558077,506.4450,45
24.8941,26.0608,47.8979,0.6163226,O=C(NCc1ccc(N2CCCC2=O)cc1)C1Cc2ccccc2CN1,1,0.5179860,0.5180,0.8890533,0.8891,0.9999990,349.4340,45
31.5243,35.3621,-8.6125,0.2229131,Nc1nccc(-c2cccnc2Nc2cccc(CS(N)(=O)=O)c2)n1,1,0.1335787,0.1336,0.6318276,0.6318,0.9999982,356.4110,45
29.8065,35.1244,24.8531,0.4998118,Nc1cc(C(=O)NC2CCN(C(=O)c3ccco3)CC2)[nH]c(=O)n1,1,0.4073005,0.4073,0.7233195,0.7233,0.9999998,331.3320,45
25.8355,35.9300,38.7592,0.6224101,O=C(N1CCN(c2cccc(Nc3ccccn3)n2)CC1)n1cccn1,1,0.5451372,0.5451,0.7809317,0.7809,0.9999990,349.3980,45
38.9141,52.9667,-18.6068,0.2863326,Cc1cc(C(=O)Nc2c(C)nn(C)c2N)c(N2CC(C)OC(C)C2)c(S(N)(=O)=O)c1,1,0.1894625,0.1895,0.6511034,0.6511,0.9971142,436.5380,45
34.9570,44.8035,18.1166,0.5243340,Cc1ccc(Sc2nc(NN)cc(N(C)C3CCC(C)(O)CC3)n2)cc1,1,0.5091775,0.5092,0.4207262,0.4207,0.9999913,373.5260,45
31.9695,37.7588,-18.5744,0.1598704,CC1(C)CN(c2ccc(NC(=O)NC3CCCCC3N)cn2)CCN1,1,0.0817829,0.0818,0.6676070,0.6676,0.9999993,346.4790,45
35.2255,40.8021,28.3496,0.5762647,O=C(CS(=O)(=O)N1CCOCC1)Nc1cccc(OCC(=O)N2CCSCC2)c1,1,0.5164747,0.5165,0.6436258,0.6436,0.9945111,443.5470,45
30.5177,36.4047,36.6732,0.6089824,COc1ccc(-c2nnn(Cc3ccc(C(=O)NC(c4ccccc4)c4ccc(C)cc4)cc3)n2)cc1,1,0.7122580,0.7123,0.3229972,0.3230,0.7230835,489.5790,45
37.2140,45.8525,-33.5691,0.1023614,CN1CC(Nc2ccc(N3C=NN4CCCC43)cc2)C(=O)N1,1,0.0402756,0.0403,0.8571046,0.8571,0.9999990,300.3660,45
26.6849,30.4144,34.4223,0.5403054,O=C(Nc1ccccc1N=Nc1ccccc1)c1cc([N+](=O)[O-])cc([N+](=O)[O-])c1,1,0.5599753,0.5600,0.3504415,0.3504,0.9999549,391.3430,45
33.3574,43.1600,-11.3885,0.2647623,CC(NC(=O)c1ccccn1)(C(=O)Nc1cccc(F)c1)S(C)(=O)=O,1,0.1578771,0.1579,0.8320787,0.8321,0.9999959,365.3860,45
24.0153,28.1350,33.3421,0.5123094,Cn1nnnc1SCC(=O)Nc1cc(S(=O)(=O)N2CCCC2)ccc1N1CCCC1,1,0.4401537,0.4402,0.6273980,0.6274,0.9885679,451.5780,45
33.9105,36.9496,36.9873,0.6161405,O=C1NCCN1C1CCN(c2ccnc(Nc3ncc(C(F)(F)F)cn3)c2)CC1,1,0.5316403,0.5316,0.8105485,0.8105,0.9998024,407.4000,45
22.9349,23.1967,-12.5017,0.0891250,Nc1cccc(NCCc2ccncc2)c1[N+](=O)[O-],1,0.0388419,0.0388,0.4869177,0.4869,0.9999534,258.2810,45
47.6997,57.5677,-6.9223,0.4220448,Cc1cc(NC(=O)c2cccc3c2NC2CCC(NCCCN=Cc4ccccc4)C32C)no1,1,0.3976738,0.3977,0.3410113,0.3410,0.9802994,457.5780,45
29.2955,33.1376,36.0629,0.5766701,O=C(Nc1ccc(NS(=O)(=O)c2ccccc2)cc1)c1cccc(OCc2cccc([N+](=O)[O-])c2)c1,1,0.7772800,0.7773,0.2378798,0.2379,0.4192924,503.5360,45
36.1588,42.8059,21.8900,0.5391324,CCOc1ccc(NCc2ccc(F)cc2OC(C)C(=O)Nc2cccc(C)c2)cc1,1,0.5119596,0.5120,0.4745968,0.4746,0.9992063,422.5000,45
25.8938,28.0167,20.0875,0.4008685,CC(=O)N1CCN(S(=O)(=O)NC(C(=O)O)C(C)C)CC1,1,0.3019986,0.3020,0.6839004,0.6839,0.9999995,307.3720,45
36.4953,42.8830,54.4985,0.8115126,Cc1ccc(S(=O)(=O)NC(=O)N2CCC(NS(=O)(=O)c3ccccc3C(=O)O)C2)cc1,1,0.8746003,0.8746,0.5764819,0.5765,0.9521685,467.5250,45
32.8423,40.2004,-15.0312,0.2097429,Cn1ncc2cc(C(=O)N3CCc4ccc(NS(=O)(=O)N5CCCC5)cc4C3)ccc21,1,0.1201338,0.1201,0.6767601,0.6768,0.9961982,439.5410,45
34.4628,32.0498,-27.8686,0.0348441,COC(C)C(=O)ONCC(=O)O,1,0.0100115,0.0100,0.5321181,0.5321,0.9242231,177.1560,45
24.2637,31.4822,42.3760,0.6154852,O=C1COc2ccc(NC(=O)Nc3ccnn3Cc3cccnc3)cc2N1,1,0.5634225,0.5634,0.6579146,0.6579,0.9999962,364.3650,45
29.7507,33.7342,9.2134,0.3578972,COc1ccc(Cl)cc1N(C)CC(=O)NN=Cc1ccc(Cl)cc1,1,0.2631643,0.2632,0.6280555,0.6281,0.9999955,366.2480,45
23.3244,36.1001,8.7479,0.3737340,COc1ccc(N(C(C)C(=O)Nc2ccccc2Oc2ccccc2)S(=O)(=O)N(C)C)cc1,1,0.2997604,0.2998,0.5091902,0.5092,0.9428567,469.5630,45
21.7624,27.3468,48.0181,0.6280411,COc1cc(NC(=O)N2CCN(S(=O)(=O)c3ccc(C)cc3)CC2)cc(OC)c1,1,0.5475269,0.5475,0.8047336,0.8047,0.9993976,419.5030,45
24.0285,28.8118,-22.4698,0.0528501,CN(C)CC1CN(Cc2nc(N)nc(N(C)C)n2)C1,1,0.0161519,0.0162,0.7699347,0.7699,0.9999757,265.3650,45
34.2096,34.8319,-3.6994,0.2594370,COC(=O)OC1C(O)COC(Oc2ccc(F)cc2)C1O,1,0.1561036,0.1561,0.7820138,0.7820,0.9999992,302.2540,45
23.1899,26.8672,-14.9334,0.0994484,Cc1ccc(CN2CC(O)NC2=O)cc1,1,0.0401374,0.0401,0.7529779,0.7530,0.9944054,206.2450,45
24.1237,28.0135,-16.4742,0.0961613,CC(C)(C)NC(=O)Nc1cc(C(=O)O)ccc1N,1,0.0407454,0.0407,0.6022039,0.6022,0.9999112,251.2860,45
28.3807,36.9096,37.4182,0.6193983,Cc1ccc(NC(=O)Nc2cc(OC(=O)c3ccccc3Cl)ccc2Cl)cc1C,1,0.6709058,0.6709,0.3688563,0.3689,0.9985158,429.3030,45
28.9010,32.9024,21.0668,0.4497435,CS(=O)(=O)N(CC(=O)NN=Cc1ccc(Cl)cc1)c1ccc(Br)c(C(F)(F)F)c1,1,0.4872502,0.4873,0.4687461,0.4687,0.2363248,512.7350,45
29.7100,37.5279,45.7795,0.6942284,Cc1ccccc1CN1CCc2nc(NC(=O)CN3CC(=O)NC3=O)sc2C1,1,0.6462221,0.6462,0.7433549,0.7434,0.9999047,399.4760,45
32.6292,34.3087,11.1761,0.3790402,Cn1nc(CN2CC(Oc3cccc(Cl)c3)C2)n(C)c1=O,1,0.2622939,0.2623,0.8465793,0.8466,0.9999996,308.7690,45
41.2877,42.0461,-23.8876,0.1513208,COc1ccc(S(=O)(=O)N(c2cccc(Br)c2)C(C)C(=O)N2CCN(C(=O)c3ccc(C)cc3)CC2)cc1OC,1,0.4992780,0.4993,0.3677005,0.3677,0.0000060,630.5610,45
29.2243,30.9341,36.6114,0.5628788,CC(C)OC(=O)c1ccc(NC(=O)C2CN(S(C)(=O)=O)c3ccccc3O2)cc1,1,0.4780026,0.4780,0.7484924,0.7485,0.9994522,418.4710,45
32.5063,34.8615,39.3810,0.6186871,O=C(c1ccc(-n2cc(Cl)cn2)nc1)N1CCCC(Cc2cnccn2)C1,1,0.5592485,0.5592,0.6930154,0.6930,0.9999794,382.8550,45
27.4235,34.7193,7.8531,0.3547697,CCN(CC)C(=O)N1CCN(Cc2csc(-n3cccn3)n2)CC1,1,0.2401388,0.2401,0.8281615,0.8282,0.9999991,348.4760,45
33.7629,39.5089,-21.5618,0.1495592,Cc1noc(C(C)N2CCN(C(=O)c3ccc(-c4cc(N)on4)cc3)CC2)n1,1,0.0724869,0.0725,0.7297276,0.7297,0.9999802,382.4240,45
26.5359,28.0261,-17.5051,0.0876749,Nc1ccc(NS(=O)(=O)c2cncs2)c(Br)c1,1,0.0324282,0.0324,0.8436173,0.8436,0.9999998,334.2200,45
32.4552,32.9252,-18.6743,0.1187574,Cc1ccc(-c2noc(C)c2C(=O)OCO)cc1,1,0.0535782,0.0536,0.6635517,0.6636,0.9998712,247.2500,45
43.5365,56.4338,23.3387,0.6647712,Cc1cccc(F)c1NC(=O)C1C2(C)Cn3c(ccc(C(N)=O)c3=O)C1(C)N2,1,0.6081422,0.6081,0.7401986,0.7402,0.9999762,384.4110,45
37.8465,46.5574,4.1918,0.4229098,CC1CN(c2nccn2-c2ccccc2F)CCN1c1cc(-n2cccn2)ccn1,1,0.3519013,0.3519,0.5233535,0.5234,0.9998624,403.4650,45
24.0919,29.0361,11.7989,0.3402923,CNC(=S)N1CCN(c2ccc(Nc3ccccn3)nn2)CC1,1,0.2272646,0.2273,0.8154538,0.8155,0.9999998,329.4330,45
35.4688,40.2867,33.0222,0.6109073,COc1ccc(CNC(N)=O)cc1C(=O)Nc1ccc(F)c(C(=O)O)c1,1,0.5657956,0.5658,0.6245522,0.6246,0.9999971,361.3290,45
26.2714,31.0337,-7.8599,0.1931149,Cc1ccccc1Nc1ncc(C(=O)Nc2cccc(S(=O)(=O)N3CCOCC3)c2)cn1,1,0.1111924,0.1112,0.5899292,0.5899,0.9863544,453.5240,45
38.5446,41.5313,-19.2352,0.1858006,O=C(NCc1ccncc1)c1nnc(-n2ccccc2=O)n1-c1ccc([N+](=O)[O-])cc1,1,0.1198378,0.1198,0.3717619,0.3718,0.9995043,417.3850,45
20.7357,23.4666,-12.1466,0.0943333,CN(C)c1nc(N)nc(Cn2ccnn2)n1,1,0.0376861,0.0377,0.7194911,0.7195,0.9984521,220.2400,46
31.2616,39.6814,51.7830,0.7622041,COCc1nnc2n1-c1sc3c(c1CN(C(=O)Nc1cccc(OC)c1)N2)CCCC3,1,0.7704952,0.7705,0.6420477,0.6420,0.9958376,440.5290,46
31.5915,39.2954,35.1211,0.6201375,Cc1ccc(NC(=O)Nc2cc(C(F)(F)F)cc(S(=O)(=O)Nc3ccc(C(=O)O)cc3)c2)cc1,1,0.7103095,0.7103,0.3777572,0.3778,0.6461318,493.4630,46
40.8784,44.5722,-32.6499,0.0993527,Cn1ncnc1C(C)(O)c1ccc(-c2cc(F)ccc2N)c(F)c1,1,0.0405045,0.0405,0.7238271,0.7238,0.9999998,330.3380,46
31.5806,36.2283,-21.9814,0.1187243,Cc1nccn1Cc1cccc(CN2CCN(Cc3ccnc(N4CCCC4)n3)CC2)c1,1,0.0558525,0.0559,0.5733882,0.5734,0.9981688,431.5880,46
45.2710,47.0576,16.3900,0.5287299,NNC(=O)c1ccc2cc(C(=O)Nc3ccc(Br)c(O)c3)[nH]c2n1,1,0.5882675,0.5883,0.2646466,0.2646,0.9999595,390.1970,46
33.9234,43.6865,6.0438,0.4144190,COc1ccc(N2CCCCC2C(C)(C)NC(=O)N(C)Cc2ccc(C)cc2)cc1,1,0.3106608,0.3107,0.7315575,0.7316,0.9997585,409.5740,46
26.5799,31.4331,40.1538,0.5965572,Cn1cnnc1SCc1nc(CN2CCN(c3ccccc3F)CC2)cs1,1,0.5561840,0.5562,0.5888822,0.5889,0.9998481,404.5400,46
23.0066,25.8265,-9.8716,0.1329575,O=C(NCc1ccc(O)cc1)N1CCc2ccccc21,1,0.0580901,0.0581,0.8794475,0.8794,0.9999815,268.3160,46
27.2055,34.4819,10.4464,0.3744018,CN1CCN(C(=O)c2ccc(CS(N)(=O)=O)cc2)C(c2cccnc2)C1,1,0.2564700,0.2565,0.8611200,0.8611,0.9999905,374.4660,46
24.2731,27.3907,1.5282,0.2409906,Cc1cc(CN2C(=O)SC(=Cc3cccs3)C2=O)no1,1,0.1388793,0.1389,0.8142704,0.8143,0.9999995,306.3680,46
28.2424,35.8965,40.9655,0.6405166,COc1ccc(Nc2cc(Nc3cccc(F)c3)nc(N3CCN(c4cccc(C)c4)CC3)n2)cc1,1,0.7388972,0.7389,0.3464215,0.3464,0.8053895,484.5790,46
26.7039,30.3454,57.5231,0.7322372,COc1ccc(S(=O)(=O)N2CCCC2C(=O)Nc2nc3ccc(Cl)cc3s2)cc1,1,0.7297918,0.7298,0.6377455,0.6377,0.9881666,451.9570,46
31.5975,39.8673,-25.5786,0.1190730,COc1cc(C)cc(C)c1CN1CC(C(=O)Nc2cccc(F)c2)NC1=O,1,0.0501258,0.0501,0.8488896,0.8489,0.9999928,371.4120,46
62.8958,62.1782,-49.0074,0.1097563,CC(=O)NN1C2NCC=C(N2)C2CN(C(=O)c3ccc(F)cc3)CC(=O)N2CC1C(F)(F)F,1,0.0514429,0.0514,0.5324891,0.5325,0.9384150,470.4270,46
21.5379,23.4778,-14.7325,0.0728776,CN1CCc2ccccc2C1c1ccccc1,1,0.0260913,0.0261,0.7169444,0.7169,0.9988339,223.3190,46
22.9547,25.6917,-18.4442,0.0603963,NN=C(N)COc1cccc(Cl)c1,1,0.0249440,0.0249,0.3295362,0.3295,0.9897696,199.6410,46
68.2579,73.8447,-73.8447,0.0000000,C1N(C(=O)OCc2ccccc2)C(CO)CN(c2c(C3=NC4N(NNN=3)Cc3ccccc43)c3c(n2)sc(C)c3)C1,0,0.0000000,0.0000,0.0000000,0.0000,0.0000000,0.0000,46
26.3634,35.5530,33.0281,0.5715088,CN(C)S(=O)(=O)Nc1ccc(N=Nc2c(N)[nH]c3ccccc23)cc1,1,0.5186090,0.5186,0.6069806,0.6070,0.9999979,358.4270,46
34.5812,46.3211,-28.9761,0.1445423,CC(=O)N1CCN(C(=O)c2cc(Nc3cc(C)ccc3C)nc(N3CCCC3)n2)c2ccccc2C1,1,0.0756886,0.0757,0.5894693,0.5895,0.8050284,484.6040,46
28.8736,34.6643,40.2241,0.6240701,Cc1ccc(S(=O)(=O)N=C(Nc2ccc(F)cc2)C(=O)Nc2ccc(F)cc2)cc1,1,0.6279957,0.6280,0.4826645,0.4827,0.9984959,429.4480,46
26.1405,29.3111,49.8735,0.6598714,Cc1ccc(S(=O)(=O)N(CC(=O)N2CCN(c3cccc(C)c3)CC2)c2cccc(C)c2)cc1,1,0.6716206,0.6716,0.5350612,0.5351,0.8869895,477.6300,46
36.1328,42.5154,5.3023,0.3984804,Cn1cc(Br)c(NC(=O)CN2CCN(C(=O)Nc3ccc(Cl)c(Cl)c3)CC2)cc1=O,1,0.3908452,0.3908,0.6527025,0.6527,0.1700615,517.2110,46
28.7546,33.8821,20.0332,0.4492944,c1ccc2c(c1)CCN(C1=NC3CCSCC3N1)C2,1,0.3420880,0.3421,0.7819427,0.7819,0.9999884,273.4050,46
30.3943,35.8911,-22.1856,0.1142130,O=S(=O)(NCc1cccc(O)c1)NC1C=CCC1,1,0.0499446,0.0499,0.6980269,0.6980,0.9999815,268.3380,46
32.9696,38.4462,44.2375,0.6890306,Cc1ccc(-c2cnn(-c3ccc(N4CCN(S(=O)(=O)c5cccc(Cl)c5)CC4)nn3)c2)cc1,1,0.8074630,0.8075,0.4193210,0.4193,0.6129621,495.0080,46
39.1384,43.3090,40.2575,0.6963871,Cc1ccc(S(=O)(=O)NN2C=NN(c3ccc(Br)cc3F)c3ccccc32)cc1,1,0.7015170,0.7015,0.5949069,0.5949,0.9064462,475.3430,46
32.8975,43.4017,28.0779,0.5956629,CC(=O)Nc1cnc(-c2cc(N3CCN(C(=O)N4CCCC4)CC3)on2)nc1,1,0.4995117,0.4995,0.8513308,0.8513,0.9999739,385.4280,46
30.1684,38.1941,37.0218,0.6267990,CN(C)c1ccc(C2C3Nc4ccccc4C3=NN2S(=O)(=O)c2ccc(F)cc2)cc1,1,0.5742614,0.5743,0.6751241,0.6751,0.9971211,436.5120,46
28.4004,30.3011,8.1465,0.3203969,CN(C1CCN(Cc2ccc(Cl)c(F)c2)C1)S(C)(=O)=O,1,0.2059904,0.2060,0.8510942,0.8511,0.9999999,320.8170,46
32.4392,31.3629,27.7157,0.4923219,NCc1ccc2c(N)c(C(=O)Nc3ccccc3)sc2c1,1,0.4033286,0.4033,0.6941278,0.6941,0.9999987,297.3830,46
24.4498,28.0167,8.9241,0.3078403,COCCNC(=O)c1ccc(N2CCC(C)=N2)nc1,1,0.1976595,0.1977,0.8052342,0.8052,0.9999678,262.3130,46
30.4508,38.1404,32.3804,0.5876731,CN(Cc1ccccn1)c1nc(-c2cccnc2)nc2c1CN(S(=O)(=O)N(C)C)CC2,1,0.5478068,0.5478,0.5771792,0.5772,0.9961968,439.5450,46
32.0048,34.7116,-22.4901,0.1018462,CN1C=CCC1n1cc(N)c(N)n1,1,0.0436062,0.0436,0.6539417,0.6539,0.9365474,179.2270,46
39.2445,43.3046,-31.7478,0.0963062,COc1ccc2c(c1)N(C)C1N=C(NN3CCOCC3)CSC1=N2,1,0.0367046,0.0367,0.8744834,0.8745,0.9999992,347.4440,46
42.4871,42.8101,-42.8098,0.0000021,O=c1c2c3cccc(c4c(ccc3-4)C=CC=2)c(=O)n1CCCn1cc(-c2ccc(F)cc2)nn1,1,0.0000000,0.0000,0.4111900,0.4112,0.9896627,450.4730,46
42.0042,44.2035,40.7457,0.7079103,O=C(COc1cccc(C2NNC3CNNC3N2)c1)Nc1ccc(Cl)cc1,1,0.7661218,0.7661,0.4517066,0.4517,0.9999642,388.8590,46
32.3309,40.5030,36.8876,0.6449211,N[S+](=O)([O-])N1CCC(Nc2cccc(-c3cccnc3)c2)CC1,1,0.5621151,0.5621,0.8378081,0.8378,0.9999998,332.4290,46
37.7084,51.7626,-35.0336,0.1394085,Cc1ccc2ncnc(Sc3cccc(NC(=O)Nc4cnccc4C)c3C(=O)O)c2c1,1,0.0800287,0.0800,0.3643482,0.3643,0.9934340,445.5040,46
27.9480,38.6895,5.5883,0.3689816,CC(=O)Nc1cccc(NS(=O)(=O)N(C)c2ccccc2C)n1,1,0.2499406,0.2499,0.8761827,0.8762,0.9999998,334.4010,46
29.1366,35.6776,20.7336,0.4700931,O=S(=O)(c1ccccc1)N1CN(c2cccc(O)c2)CN1,1,0.3511599,0.3512,0.8946482,0.8946,0.9999994,305.3590,46
31.8981,37.9237,4.8215,0.3562101,CN1CCN(c2cc(-c3ccccc3)nn2Cc2cccc(N)c2)C1=O,1,0.2496448,0.2496,0.7377385,0.7377,0.9999992,347.4220,46
30.8210,35.5511,-20.3474,0.1266972,CCOC1CCN(C(=O)c2cnc3c(c2)CN(Cc2cccnc2)C3)CC1,1,0.0554306,0.0554,0.8141655,0.8142,0.9999955,366.4650,46
25.5028,35.9700,-24.8850,0.0923753,CC12CC(O)c3ccccc3NC1NNC2=O,1,0.0399834,0.0400,0.5263803,0.5264,0.9995334,233.2710,46
33.1815,39.8871,14.0508,0.4494826,CSc1ncc(-c2ccc([N+](=O)[O-])cc2)n1-c1ccc(OC(=O)NC(=O)c2ccccc2)cc1,1,0.4890561,0.4891,0.2347531,0.2348,0.9128406,474.4980,46
38.8445,49.4530,-49.4530,0.0000000,C(N(Cc1ccc(OC)cc1)C)(=O)COC(=O)c1c(OS(=O)(=O)c2ccc(cc2)C(F)(F)F)cccc1)C,0,0.0000000,0.0000,0.0000000,0.0000,0.0000000,0.0000,46
33.8514,33.4854,-29.6226,0.0321897,O=C1CN(CC2CC2)CCC2CN1Cc1nccn12,1,0.0078891,0.0079,0.7925089,0.7925,0.9999614,260.3410,46
33.4325,32.6737,-27.7591,0.0409546,COC(=O)c1ccc2c(c1)N(CCNS(=O)(=O)c1ccccc1)CCC2,1,0.0111594,0.0112,0.7848118,0.7848,0.9999905,374.4620,46
22.0293,27.9763,-6.2388,0.1811455,CN(Cc1ccc(F)cc1)c1cc(N2CCN(Cc3ccccc3)CC2)ncn1,1,0.0988660,0.0989,0.6419238,0.6419,0.9999543,391.4940,46
33.1814,34.8355,25.4691,0.5025380,Cc1cccc(-c2nc(-c3ccccc3)c(C)c(N3CCN(C)CC3)n2)n1,1,0.4117964,0.4118,0.7152472,0.7152,0.9999976,359.4770,46
21.4319,25.4134,-9.3203,0.1341089,Cc1ccc(NC(=O)NC(=O)c2ccc(C)cc2)cc1,1,0.0588405,0.0588,0.8778568,0.8779,0.9999815,268.3160,46
21.8112,23.0596,-5.9239,0.1427977,O=c1[nH]c2ccccc2nc1-c1ccc(F)cc1,1,0.0683746,0.0684,0.7104382,0.7104,0.9997543,240.2370,46
26.9786,35.5735,35.9578,0.5960945,Cc1ccc(NC(=O)N2CCN(c3cc(Nn4cccn4)ncn3)CC2)cc1,1,0.5238564,0.5239,0.7233285,0.7233,0.9999863,378.4400,46
31.6693,39.2592,26.6568,0.5492995,NC(=O)NC(=NCc1ccco1)Nc1ccn(-c2ccc(Cl)cc2)n1,1,0.5205053,0.5205,0.4915396,0.4915,0.9999977,358.7890,46
27.0807,30.7265,-13.1778,0.1462389,CC(NC(=O)Nc1ccc(OCc2nccn2C)cc1)c1cccs1,1,0.0709586,0.0710,0.7027447,0.7027,0.9999982,356.4510,46
40.5710,42.5329,3.9353,0.3872356,Cc1cc(NC(=O)NC2C(=O)N3C(Cl)SCC23)ccc1Cl,1,0.3158552,0.3159,0.4916639,0.4917,0.9999993,346.2390,46
33.4496,31.9485,-25.0866,0.0571828,COC(=O)CNC1=C(NNc2ccccc2)C(=O)c2ccccc2C1=O,1,0.0200272,0.0200,0.5378442,0.5378,0.9999989,351.3620,46
44.5290,50.8073,-45.6235,0.0431981,CC(Sc1n[nH]c(=O)n1CCC1=CCCCC1)C(=O)n1c(NC(=O)Nc2ccccc2)nc2ccccc21,1,0.0268230,0.0268,0.2098253,0.2098,0.0514493,531.6420,46
28.6243,35.2034,24.6100,0.4984450,CN(c1ccc(NC(=O)c2cn(C)nn2)cc1)S(N)(=O)=O,1,0.3938193,0.3938,0.8026879,0.8027,0.9999996,310.3390,46
37.6056,46.6298,-30.6371,0.1332732,CC(C)N(CC(O)c1ccc(O)cc1)C(=O)N1NC(=O)CC1=O,1,0.0622059,0.0622,0.7003321,0.7003,0.9999999,321.3330,46
24.2898,28.6121,44.2111,0.6068596,O=C(NCc1ccc(Cl)cc1)Nc1cccc(N2CCNC2=O)c1,1,0.5228219,0.5228,0.7965317,0.7965,0.9999994,344.8020,46
30.5992,27.2331,-22.2116,0.0418455,Cc1cccc(O)c1C(O)CF,1,0.0120953,0.0121,0.7088105,0.7088,0.8651714,170.1830,46
27.0100,31.2957,3.9343,0.2935835,O=Cc1cnc(NC2CCN(C(=O)N3CCCC3)CC2)nc1,1,0.1816624,0.1817,0.8535539,0.8536,0.9999993,303.3660,46
24.4628,33.9200,38.9922,0.6076015,Cc1ccc(C=C2NN(NC(=O)c3ccc(Br)cc3)C(=S)S2)cc1,1,0.5374619,0.5375,0.7278114,0.7278,0.9993484,420.3570,46
37.6857,45.5412,-20.0958,0.2120451,Cn1cncc1CN1CCN(C2CC2)C(c2nccn2C)C1C(=O)N1CCCCC1,1,0.1185574,0.1186,0.7472303,0.7472,0.9997103,411.5540,47
26.5775,29.0850,33.3674,0.5204363,Cn1ccc2cc(C(=O)Nc3ccc4n[nH]nc4c3)ccc21,1,0.4560745,0.4561,0.5959548,0.5960,0.9999978,291.3140,47
47.7312,48.4389,6.1693,0.4550684,NS(=O)(=O)N1CC(NSCc2ccccc2)C(=O)N1c1cccs1,1,0.3549343,0.3549,0.7326060,0.7326,0.9999760,384.5080,47
30.8995,40.4126,7.9196,0.4027685,COc1ccc(-n2c(N3c4ccccc4CC3C)nnc2S(N)(=O)=O)cc1,1,0.2976461,0.2976,0.7367701,0.7368,0.9999738,385.4490,47
30.3338,37.2411,19.3321,0.4714432,Cc1ccc2nc3cc(O)c(CN(Cc4cccnc4)Cc4ccccn4)cc3c(=O)n2c1,1,0.4419779,0.4420,0.4063783,0.4064,0.9968468,437.5030,47
26.5008,29.5634,56.1953,0.7146556,O=C(c1ccc(N2CCC(N3CCCCC3)CC2)nc1)N1CCc2ccccc21,1,0.6594565,0.6595,0.8004635,0.8005,0.9999582,390.5310,47
26.4532,31.6737,43.1757,0.6237443,Cc1ccc(N(C)c2cc(Nc3ccccc3)nc(Nc3ccccc3)n2)cc1,1,0.6500384,0.6500,0.4263344,0.4263,0.9999818,381.4830,47
28.8981,32.6172,-13.8139,0.1566943,CN1CCN(C(CNS(=O)(=O)c2cccc(F)c2)c2nccs2)CC1,1,0.0749730,0.0750,0.8186603,0.8187,0.9999760,384.5020,47
21.2762,25.1525,-12.6543,0.1041517,CCCNC(=O)c1ccc(NS(=O)(=O)c2ccc(OC)cc2)cc1,1,0.0420250,0.0420,0.8054834,0.8055,0.9999991,348.4240,47
36.0879,40.8641,49.3141,0.7514855,Cc1ccc(C)c(N2CC3(CCN(Cc4cc(-c5ccccc5)no4)CC3)C2)n1,1,0.7485508,0.7486,0.6604440,0.6604,0.9999653,388.5150,47
24.5936,29.3175,54.6739,0.6999280,O=C1CN(c2cccc(C(=O)N3CCN(Cc4ccccc4)CC3)c2)C(=O)N1,1,0.6352230,0.6352,0.8222957,0.8223,0.9999863,378.4320,47
28.8011,34.3983,24.7432,0.4928455,Cc1cccc(C2(NC(=O)c3c(C)nn(-c4ncccn4)c3C)CC2)c1,1,0.3896609,0.3897,0.7873179,0.7873,0.9999992,347.4220,47
25.6951,33.4317,20.0227,0.4454531,CC(C)(C)OC(=O)N1CCN(C(=O)N2CCc3cc(NS(C)(=O)=O)ccc32)CC1,1,0.3377372,0.3377,0.7837754,0.7838,0.9990439,424.5230,47
23.8084,24.9667,-24.9665,0.0000023,O=C(OCc1cc(=O)n2ccsc2n1)c1ccc(Cl)cc1Cl,1,0.0000000,0.0000,0.6757672,0.6758,0.9999984,355.2020,47
27.2313,36.3454,32.8105,0.5762993,COc1cc(Nc2ncnc3sc(C)c(C)c23)ccc1OS(N)(=O)=O,1,0.5041607,0.5042,0.6986386,0.6986,0.9999835,380.4510,47
45.6559,60.9120,-60.9120,0.0000000,c1(N(c2ccccc2)c2ccccc2)ccc(cc1)N1[C@@]2(c3ccccc3NC2=O)N=c2n1c(/c(=C\c1cc(c(cc1C)C)C)n2)=O,0,0.0000000,0.0000,0.0000000,0.0000,0.0000000,0.0000,47
32.5316,36.4914,-18.9596,0.1460986,COc1ccccc1C(=O)Oc1cc(C=O)cc(O)c1F,1,0.0767266,0.0767,0.5320108,0.5320,0.9999976,290.2460,47
31.3246,44.3586,-27.3696,0.1415755,CN(c1ccccc1)c1cccc(C2CNCCN2Cc2cccnc2)c1N,1,0.0686868,0.0687,0.6697097,0.6697,0.9999913,373.5040,47
29.1279,27.3959,-13.1465,0.1187455,Cc1ccccc1OCc1coc(N2CCNCC2)n1,1,0.0487537,0.0488,0.9227044,0.9227,0.9999883,273.3360,47
34.8541,33.5279,-33.5278,0.0000003,CCNC(=O)C(Cc1ccccc1)N(Cc1cccc(C)c1)C(=O)CN(c1cccc(Br)c1)S(=O)(=O)c1ccc(OC)cc1,1,0.0000000,0.0000,0.1948445,0.1948,0.0000001,678.6490,47
35.4026,41.3334,37.5609,0.6574523,CN(C)c1nc(COc2ccc(F)cc2)nc2cc(C(=O)NCc3ccccc3F)nn12,1,0.6787290,0.6787,0.4776737,0.4777,0.9965642,438.4380,47
24.5136,25.7195,21.6730,0.3949375,O=C(O)CC1CCCN1c1cc(N2CCCC2)ncn1,1,0.2734273,0.2734,0.8988703,0.8989,0.9999912,276.3400,47
40.7028,41.4589,-14.7551,0.2225317,C=CC(=N)C(Nc1ccc(C(=NN)NN)cc1)N(C)C,1,0.1945463,0.1945,0.1680277,0.1680,0.9999903,275.3600,47
37.3484,46.2253,32.3994,0.6552057,COc1cc(C=Nn2c(C(=O)O)cc3c(C)cc(C)nc32)c(Cl)cc1O,1,0.6100759,0.6101,0.6808425,0.6808,0.9999911,373.7960,47
24.7483,28.6893,57.1323,0.7151799,Cc1ccc(-c2noc(CSc3nc4c(c(=O)n3N)CCC4)n2)cc1,1,0.7861066,0.7861,0.4344019,0.4344,0.9999983,355.4230,47
33.6885,36.7997,-8.3846,0.2367919,Cc1ccc(CCN2C(=O)NC(=O)C(=NNc3ccc(C)cc3)C2=O)cc1,1,0.1362557,0.1363,0.7972479,0.7972,0.9999962,364.4050,47
30.5420,35.5102,19.7177,0.4602324,Cc1ccc(N(N)C(=O)c2ccc(S(=O)(=O)N3CCN(C)CC3)cc2)c(C)c1,1,0.4074153,0.4074,0.4783906,0.4784,0.9998739,402.5200,47
36.9815,47.6217,14.4669,0.5174057,CN1CCN(c2ccc(CN3CC(C)(C)C4NNC(=O)N43)cc2)CC1,1,0.4074902,0.4075,0.8585113,0.8585,0.9999994,344.4630,47
28.0834,25.5335,-10.9040,0.1219124,Cc1cncc(-c2n[nH]nc2C#N)c1,1,0.0546457,0.0546,0.7196568,0.7197,0.9623527,185.1900,47
24.8393,31.4968,5.7272,0.3101999,Cc1cccc(NC(=O)NC(=O)c2cc(N3CCN(c4ccccc4)CC3)ccn2)c1,1,0.2097451,0.2097,0.6797942,0.6798,0.9995834,415.4970,47
24.4778,34.9229,10.8444,0.3813939,CC(=O)N(NC(=S)Nc1ccc(C)cc1C)c1ccc2c(c1)OCO2,1,0.2872528,0.2873,0.6352493,0.6352,0.9999980,357.4350,47
40.4768,42.1611,35.1277,0.6440731,CN(C)c1cccc(OCC(=O)Nc2nnc(N3CCCC(N)C3)s2)c1,1,0.5706880,0.5707,0.7893733,0.7894,0.9999886,376.4860,47
27.6359,34.9488,49.7818,0.7060880,Cc1cccc(Nc2cc(NN=Cc3ccc4c(c3)OCO4)nc(N3CCCCC3)n2)c1,1,0.7725858,0.7726,0.4333525,0.4334,0.9983413,430.5120,47
29.0502,33.9061,9.1594,0.3588787,O=C(NC1CC1)C1CS(=O)(=O)CN1Cc1nnc(-c2ccsc2)o1,1,0.2443797,0.2444,0.8251100,0.8251,0.9999945,368.4400,47
35.5927,44.8868,-10.0095,0.2906446,Cc1nc(NNC(=O)Nc2ccccc2)nc2c(N)c(N)nc(N)c12,1,0.2245154,0.2245,0.3867674,0.3868,0.9999996,339.3630,47
44.6292,44.1841,-3.1077,0.3423028,COc1ccc(C=C(N)c2nnc3cc(C(=O)O)[nH]n23)cc1OC,1,0.2453986,0.2454,0.6419485,0.6419,0.9999999,329.3160,47
30.1441,43.4262,39.0832,0.6875786,CN(Cc1ccccc1)C1(O)CN(C(=O)Nc2cccc(-c3nn[nH]n3)c2)C1,1,0.6841710,0.6842,0.5801477,0.5801,0.9999850,379.4240,47
31.6568,39.0491,-4.8919,0.2846432,Cc1cc(N2CCNC(=O)CC2)nc2nc(Cc3cccc(Cl)c3)cn12,1,0.1789717,0.1790,0.7704777,0.7705,0.9999938,369.8560,47
34.7437,38.7779,42.5456,0.6776952,CN1CCN(c2ccc(Nc3nccc(N(O)Nc4nc5ccccc5o4)n3)cc2)CC1,1,0.7493289,0.7493,0.3928717,0.3929,0.9980109,432.4880,47
23.8268,28.9708,43.9466,0.6076455,c1ccc(CN2CCC(Nc3ccnc(N4CCC4)n3)CC2)cc1,1,0.5032125,0.5032,0.9164768,0.9165,0.9999999,323.4440,47
23.6028,30.7703,-12.3807,0.1532466,Cc1ccc(CN2CCN(C)c3c(N)ncnc32)cc1,1,0.0706669,0.0707,0.9009506,0.9010,0.9999832,269.3520,47
28.8789,31.3078,-21.5456,0.0813520,CCc1nc(CN(C)Cn2nnc(-c3ccncc3)n2)cs1,1,0.0308498,0.0308,0.6909695,0.6910,0.9999998,315.4060,47
32.6491,39.7754,48.7570,0.7377703,Cc1ccc(C)c(S(=O)(=O)NCCn2nnc(-c3cccc(N)n3)n2)c1,1,0.7302301,0.7302,0.6568991,0.6569,0.9999914,373.4420,47
28.3407,39.1496,1.9375,0.3423920,Cc1cc(NN)nc(OC2Cc3ccccc3CN2)n1,1,0.2536126,0.2536,0.5728264,0.5728,0.9999860,271.3240,47
28.5065,33.4252,11.1073,0.3711047,COc1ccc(C(=O)OCC(=O)Nc2ccc(F)cc2F)cc1N(C)S(=O)(=O)c1ccccc1,1,0.3136967,0.3137,0.4844717,0.4845,0.7060871,490.4840,47
28.4954,34.0672,-14.9033,0.1596995,Clc1ccc(-c2nc3c(N4CCN(Cc5ccco5)CC4)ncnc3s2)cc1,1,0.0887918,0.0888,0.4980565,0.4981,0.9997004,411.9180,47
46.4954,46.6424,31.7590,0.6533444,Cc1nnn2c1c(C1CCCN1C(=O)c1ccc3c(c1)OCO3)cn1cccc12,1,0.6537455,0.6537,0.5269735,0.5270,0.9999623,389.4150,47
31.4158,37.6893,19.5543,0.4770300,COc1cccc(-c2cnc(SC(=O)Nc3ccc(F)cc3)n2-c2ccccc2)c1,1,0.4505378,0.4505,0.4025313,0.4025,0.9993988,419.4810,47
25.0017,29.3887,-3.8676,0.2126760,CN1CCN(c2ccc(NC(=O)c3cc(F)ccc3N3CCNCC3)cc2)CC1,1,0.1155827,0.1156,0.8288667,0.8289,0.9999206,397.4980,47
26.4282,27.1910,-3.2675,0.1993623,CN(C)CCCNC(=O)C1CCN(C(=O)c2ccccn2)CC1,1,0.1066520,0.1067,0.7949209,0.7949,0.9999998,318.4210,47
30.2188,36.5143,-21.1933,0.1276747,c1ccc2c(C3=NNN4CCNC34)c[nH]c2c1,1,0.0592785,0.0593,0.6692064,0.6692,0.9991894,227.2710,47
34.6206,41.5868,7.2468,0.4069467,N#Cc1ccc(OOS(=O)(=O)O)c(Nc2nccc3ccccc23)c1,1,0.3581537,0.3582,0.4059245,0.4059,0.9999980,357.3470,47
30.6186,33.2054,-8.1053,0.2091680,CN1CC2CCC1CN2C(=O)C1CNc2ccccc21,1,0.1124155,0.1124,0.8405968,0.8406,0.9999860,271.3640,47
26.7151,31.6352,-9.9093,0.1810489,COc1ccc(NC(=O)NC(C)c2ccc3c(c2)CCC3)cc1OC,1,0.0908032,0.0908,0.8622351,0.8622,0.9999996,340.4230,47
31.4657,31.8055,-15.1610,0.1387038,c1ccc(-c2cc3c(cn2)-c2[nH]ccc2CC3)nc1,1,0.0654212,0.0654,0.7168916,0.7169,0.9998718,247.3010,47
24.0936,26.1897,-15.3393,0.0904197,CN(C)S(=O)(=O)N1CCOC2(C1)OCCO2,1,0.0370234,0.0370,0.6189638,0.6190,0.9999191,252.2920,47
27.0110,36.9362,41.1916,0.6510647,O=C(OC1CCc2ccccc21)N1CCN(c2ccc(Nc3ccncc3)nn2)CC1,1,0.6007875,0.6008,0.6961403,0.6961,0.9995437,416.4850,47
36.5182,37.1847,19.3339,0.4709890,Cc1occc1-c1cnc(SCC(=O)Nc2ccc(C(N)=O)cc2)n1-c1ccc(F)cc1,1,0.4419039,0.4419,0.4061323,0.4061,0.9896420,450.4950,47
41.4571,47.4011,-2.7341,0.3722253,O=C1CCC(Cn2cncn2)(N2CCN(c3ccc(Cl)cc3)CC2)CN1Cc1ccccn1,1,0.2897948,0.2898,0.5571611,0.5572,0.9582147,465.9890,47
34.9172,35.5652,-35.5652,0.0000000,[n+]1(c(-c2ccc(C)cc2)cc2ccccc2n1CCN1CCOCC1)[O-],0,0.0000000,0.0000,0.0000000,0.0000,0.0000000,0.0000,47
33.3109,34.5977,12.8375,0.3952936,Cc1ccc(CNC(=O)C2Cc3cc(N)ccc3N2C(=O)OC(C)(C)C)cc1,1,0.2834158,0.2834,0.7963772,0.7964,0.9999818,381.4760,47
25.1569,31.7610,10.2111,0.3497679,CC(=O)c1ccc(OC(=O)Nc2ccccc2N2CCN(C)CC2)cc1,1,0.2331699,0.2332,0.8551577,0.8552,0.9999986,353.4220,47
42.7585,51.1880,3.5964,0.4565364,Cc1c(Cl)cccc1NC(=O)c1sc(Nc2nc(Nc3ccccn3)nc(N3CCCCC3)n2)cc1O,1,0.8081330,0.8081,0.2339968,0.2340,0.0319120,537.0490,47
19.2060,25.2448,-11.6631,0.1131809,CS(=O)(=O)N(CC(=O)N1CCc2ccccc21)c1ccccc1,1,0.0464183,0.0464,0.8618928,0.8619,0.9999998,330.4090,47
25.6210,31.2307,21.1351,0.4363813,COc1ccc(Cl)cc1NC(=O)Nc1cc(-n2ccnc2)ncn1,1,0.3310012,0.3310,0.7584499,0.7584,0.9999994,344.7620,48
28.9436,36.5495,39.3126,0.6321838,Cc1c(NC(=O)c2ccccc2S(=O)(=O)N2CCCC2)cccc1NS(=O)(=O)c1ccccc1,1,0.6921776,0.6922,0.5130324,0.5130,0.5088867,499.6140,48
27.5397,33.7615,43.2586,0.6418340,CS(=O)(=O)Nc1ccc(NC(=O)NCC2Cc3ccccc3N2)cc1,1,0.5984665,0.5985,0.6568629,0.6569,0.9999974,360.4390,48
34.9749,47.4941,2.0541,0.4129020,CN1C2(CCN(S(=O)(=O)c3ccc(F)cc3)CC2)N(C(=O)Nc2cccc3ccccc23)CCS1(=O)=O,1,0.6228925,0.6229,0.5428075,0.5428,0.0134365,546.6460,48
33.1519,39.7349,18.7708,0.4875472,COc1ccccc1[S+]([O-])Nc1ccc(-c2nc(N(C)C)nc(N3CCOCC3)n2)cc1,1,0.4282303,0.4282,0.5401216,0.5401,0.9850141,454.5560,48
24.8834,28.8139,-10.2653,0.1545717,O=C(c1ccc(Cl)c(Cl)c1)N1CCN(c2ccc(F)cc2F)CC1,1,0.0743097,0.0743,0.7888474,0.7888,0.9999930,371.2140,48
25.7351,27.7629,47.8188,0.6298474,COc1ccc(N2CCN(c3ccc(C(=O)Nc4nccs4)nn3)CC2)cc1,1,0.5699043,0.5699,0.7093909,0.7094,0.9999277,396.4760,48
24.9043,26.8076,-12.6163,0.1182615,CC(=O)Nc1ncccc1C=Cc1ccccc1,1,0.0489479,0.0489,0.8916850,0.8917,0.9997060,238.2900,48
23.7452,23.7984,-3.9733,0.1652094,O=C1c2ccccc2C(=O)N1CCc1ccccc1F,1,0.0812998,0.0813,0.8032743,0.8033,0.9999831,269.2750,48
43.6120,46.3627,5.1722,0.4294573,CC(O)c1ccc(-c2ccc3c(c2)C(F)(F)C2OCCC2O3)cn1,1,0.3066765,0.3067,0.9145732,0.9146,0.9999998,333.3340,48
34.1950,33.8305,6.4346,0.3355418,COC1(C)CCN(S(=O)(=O)c2cc(F)ccc2C(=N)N)C1,1,0.2389949,0.2390,0.6373428,0.6373,0.9999998,315.3700,48
32.6834,33.3890,-21.1257,0.1021938,COc1cccc([N+](=O)[O-])c1Oc1ccccc1CNC(C)=O,1,0.0434259,0.0434,0.6531346,0.6531,0.9999998,316.3130,48
29.2040,38.1573,-17.5387,0.1718218,CN(C)c1nc(NN)cc(NC2CCc3nccnc32)n1,1,0.0954446,0.0954,0.5575219,0.5575,0.9999965,286.3430,48
28.1385,33.6481,8.4992,0.3512274,Clc1ccccc1-c1noc(CN2CCCC(N3CCc4ccccc43)C2)n1,1,0.2531165,0.2531,0.6551397,0.6551,0.9999375,394.9060,48
39.9423,45.7754,-11.7019,0.2839456,COc1ccc(O)c(CN2CNC3CN(c4ncnc5sccc45)CCC3C2)c1,1,0.1845462,0.1845,0.6837082,0.6837,0.9997109,411.5310,48
28.7148,30.6678,3.4532,0.2843415,Cc1ccc(C2CCCN2S(=O)(=O)c2cnn(C)c2C)cc1,1,0.1724079,0.1724,0.8734777,0.8735,0.9999998,319.4300,48
40.3098,48.0875,-26.4738,0.1801137,Cc1ccc2nc(NC3CC3)c(C=C(C(=O)NN(C)C)c3ccccc3)n2c1,1,0.1045868,0.1046,0.5123495,0.5123,0.9999896,375.4760,48
31.5955,37.8995,-27.6138,0.0857145,Cc1csc(N2CCN(C(=O)NC(C)C34CC5CC(CC3C5)C4)CC2)n1,1,0.0310121,0.0310,0.8808725,0.8809,0.9999904,374.5540,48
24.6139,29.1772,10.3274,0.3292051,Cc1onc(-c2ccccc2)c1C(=O)N1CCN(c2cc(N(C)C)ncn2)CC1,1,0.2288112,0.2288,0.6747978,0.6748,0.9999501,392.4630,48
32.8696,31.0535,-19.1830,0.0989204,NNC(CC1CCC1)CC1CNC(=O)C1,1,0.0458718,0.0459,0.4589700,0.4590,0.9964835,211.3090,48
33.1515,38.2671,-36.4421,0.0152090,COc1ccc(-c2cn(C)c(Nc3ccccc3O)n2)c(O)c1,1,0.0028675,0.0029,0.6445594,0.6446,0.9999996,311.3410,48
25.3225,28.4916,28.8698,0.4780116,CC(=O)c1ccc(NC(=O)N2CCN(S(=O)(=O)N(C)C)CC2)cc1,1,0.3697784,0.3698,0.8117026,0.8117,0.9999985,354.4320,48
33.3425,37.1942,17.3780,0.4547686,Nc1cc(N2CCNC(Cc3ccc(Cl)nc3)C2)ncn1,1,0.3424654,0.3425,0.8275487,0.8275,0.9999993,304.7850,48
36.5616,44.6212,-23.3623,0.1771574,Cc1ccc2c(c1)N(c1ccc(F)cc1)C(Nc1noc(N)n1)N2,1,0.0941691,0.0942,0.6809515,0.6810,0.9999999,326.3350,48
32.0361,35.5541,37.4786,0.6086064,CC1CCN(C(=O)c2cc(Nc3ccc(C(N)=O)cc3)n(C)n2)CC1,1,0.5084674,0.5085,0.8907617,0.8908,0.9999995,341.4150,48
42.1500,46.6149,-43.9537,0.0221773,CN1CC2(C1)N(C1CCCc3ccccc31)C(=S)N2C(C)(C)C,1,0.0047426,0.0047,0.7302426,0.7302,0.9999998,329.5130,48
33.4406,48.5029,19.0301,0.5627754,O=C(Nc1cccc(Cl)c1)NC1COC2(CN(c3ncccn3)C2)N1Cc1ccccn1,1,0.5062001,0.5062,0.6153516,0.6154,0.9882085,451.9180,48
31.7332,34.7805,-11.9364,0.1903674,Oc1ccc(-c2ccc(NCc3c(F)cccc3F)cc2)c(F)c1F,1,0.1065230,0.1065,0.6337400,0.6337,0.9999992,347.3110,48
34.5289,40.3549,-30.2429,0.0842668,O=C(O)CC1(O)CN(c2ccncc2Cl)NS1,1,0.0322438,0.0322,0.7058625,0.7059,0.9999906,275.7170,48
28.5371,40.9129,20.9604,0.5156111,CCN(c1cccc(C)c1)c1ccc(NS(=O)(=O)c2ccc(F)cc2)c(NC)n1,1,0.4504515,0.4505,0.5941909,0.5942,0.9996197,414.5060,48
26.9077,38.4401,5.7278,0.3680660,Nc1nnc(SCC(=O)NC2CCS(=O)(=O)N(c3ccccc3)C2)n1N,1,0.3019143,0.3019,0.4467378,0.4467,0.9999207,397.4860,48
22.4064,26.1504,-19.5508,0.0549967,Cc1ccc(S(=O)(=O)N2CC3CC=CCC3C2)cc1,1,0.0170388,0.0170,0.7791969,0.7792,0.9999920,277.3890,48
30.3971,34.2062,-9.7668,0.2036617,Cc1ccc(N2CCC(CNC(=O)c3cc(-c4ccccc4)n[nH]3)C2)nn1,1,0.1127550,0.1128,0.7279009,0.7279,0.9999968,362.4370,48
29.9526,34.5611,38.8818,0.6120247,CN(C(=O)CN1CC(NC(=O)c2ccc3c(c2)OCO3)C1)c1ccccc1,1,0.5165084,0.5165,0.8671113,0.8671,0.9999951,367.4050,48
30.2892,38.8115,41.0863,0.6658157,COc1ccc(C2CCN(S(=O)(=O)c3ccc(F)cc3)C2)cc1COc1ccc(F)cc1,1,0.6792429,0.6792,0.5126680,0.5127,0.9765441,459.5140,48
26.9695,29.5472,-12.0816,0.1455466,c1ccc(C(c2cccnc2)N2CCN(c3nccs3)CC2)cc1,1,0.0697069,0.0697,0.7303734,0.7304,0.9999997,336.4640,48
33.1708,35.8167,-5.2917,0.2543749,CCC(C)(C)NC(=O)c1ncsc1NC(=O)CN,1,0.1540665,0.1541,0.7419874,0.7420,0.9999847,270.3580,48
35.4894,47.7533,39.7682,0.7293451,O=C(NC1=NN2CC3CC(CN3Cc3ccc(F)cc3)C2C1)Nc1ccc(F)cc1,1,0.6756259,0.6756,0.8142461,0.8142,0.9997128,411.4560,48
26.8382,36.1848,-13.3723,0.1901047,Cc1ccc(Cl)cc1Nc1cc(Nc2ccc(C#N)c(Oc3ccccc3)c2)ncn1,1,0.1248960,0.1249,0.3608512,0.3609,0.9986961,427.8950,48
30.2136,33.7715,36.5262,0.5858146,CC(NC(=O)c1ccc(Cl)cc1)C(=O)Nc1cccc(N2C(=O)CNC2=O)c1,1,0.5227284,0.5227,0.6681253,0.6681,0.9998922,400.8220,48
32.8747,35.4961,-19.8251,0.1305916,CC(C(=O)N1CCN(c2ccc(Cl)cc2)CC1)N1CCN(C(=O)C=Cc2ccc(Cl)cc2)CC1,1,0.0709735,0.0710,0.5838815,0.5839,0.4664785,501.4580,48
38.9726,38.0573,-19.6869,0.1530860,N#Cc1nccnc1N1CC2Cn3c(nccc3=O)COC2C1,1,0.0750046,0.0750,0.7275625,0.7276,0.9999996,310.3170,48
34.4235,47.4642,-29.0921,0.1531003,Nc1ccnc(N2CC(OCc3cccc(F)c3)(N3CCNCC3)C2)c1,1,0.0718942,0.0719,0.8442122,0.8442,0.9999980,357.4330,48
27.8982,34.3848,43.7057,0.6507547,O=C(Nc1ccccc1)Nc1ccc(-n2nc(CO)c3c2CCC3)nc1,1,0.6055976,0.6056,0.6752155,0.6752,0.9999990,349.3940,48
25.2272,34.4554,30.4875,0.5411906,CCCNc1cc(NCc2ccc(C)cc2)nc(Nc2ccccc2OC)n1,1,0.5103424,0.5103,0.4889201,0.4889,0.9999874,377.4920,48
39.9241,44.6489,-14.1214,0.2543963,NC12CCC(C1)N(c1nc(CN3CCOCC3)nc3nc(-c4ccc(F)cc4)ccc13)C2,1,0.1582752,0.1583,0.6762849,0.6763,0.9976027,434.5190,48
37.0192,38.4907,-21.3835,0.1425594,CN1CCN(c2ccnc3nnc(Nc4ccc(F)cc4Cl)n23)CC1,1,0.0665916,0.0666,0.7727010,0.7727,0.9999970,361.8120,48
27.7966,36.5999,13.8801,0.4206661,CC(NC(=O)Nc1cccnc1N1CCN(c2ccccn2)CC1)c1nccn1C,1,0.3245785,0.3246,0.6762513,0.6763,0.9998181,406.4940,48
34.7651,39.2808,4.6939,0.3664554,Cc1ccc(S(=O)(=O)NC=C(C(=O)Nc2ccccc2)N(C)N)cc1,1,0.3070661,0.3071,0.4119024,0.4119,0.9999974,360.4390,48
23.9238,36.8432,-9.9286,0.2242879,Cn1nc(Nc2cccnc2)c(N)c1N1CCN(c2ncccn2)CC1,1,0.1295968,0.1296,0.7243519,0.7244,0.9999989,351.4180,48
31.4157,40.4425,6.4160,0.3904876,COCC1(C(=O)N2CCc3ncnc(N4CCN(C)CC4)c3C2)CCN1,1,0.2806463,0.2806,0.7753162,0.7753,0.9999974,360.4620,48
23.4756,23.1823,16.5665,0.3312404,O=C(Nn1cnc2ccccc2c1=O)c1ccco1,1,0.2239790,0.2240,0.7499018,0.7499,0.9999382,255.2330,48
33.9125,34.7633,35.4709,0.5852855,O=S1(=O)CC(O)C(NCc2ccc3c(c2)OC2(CCCC2)O3)C1,1,0.4867278,0.4867,0.8537631,0.8538,0.9999996,339.4130,48
32.6938,35.1999,13.9257,0.4093801,COc1ccc(S(=O)(=O)N(c2ccc(C)c(Cl)c2)C(C)C(=O)NC2CCCCC2)cc1OC,1,0.3508144,0.3508,0.5746473,0.5746,0.6122410,495.0410,48
27.9454,26.9632,30.6581,0.4801780,COCCNC(=O)c1cnc(Nc2cccc(C(F)(F)F)c2)cn1,1,0.3749599,0.3750,0.7907960,0.7908,0.9999996,340.3050,48
42.8483,51.9812,27.4900,0.6622599,CC1CC(Nc2ccc(N3CCN(C)CC3)cc2)N(C2NN3NNC23)N1,1,0.6851484,0.6851,0.4785162,0.4785,0.9999976,359.4820,48
30.7636,27.7936,24.3948,0.4349030,Cc1cc(C)cc(OCCn2c(COc3ccccc3C)nc3ccccc32)c1,1,0.3917264,0.3917,0.4135504,0.4136,0.9999712,386.4950,48
28.4518,30.6906,2.6410,0.2777635,COc1ccc(C(=O)NC2(C(=O)NC(C)c3ccc(F)cc3)CCCC2)cc1,1,0.1711610,0.1712,0.7970117,0.7970,0.9999761,384.4510,48
23.5594,28.6746,-21.2502,0.0618703,CC(=O)NCc1ccoc1CN(C)CC(N)=O,1,0.0206121,0.0206,0.7211792,0.7212,0.9997315,239.2750,48
27.2649,32.7647,46.8837,0.6637368,COc1cc(NC(=O)c2nnn(-c3ccc(C)c(C)c3)c2N)cc(OC)c1OC,1,0.6277433,0.6277,0.6572932,0.6573,0.9999210,397.4350,48
31.1803,30.0008,25.0551,0.4587999,Cc1cc(F)cc(-c2ccc(CC(N)CO)cc2)c1,1,0.3400735,0.3401,0.8863816,0.8864,0.9999576,259.3240,48
36.8324,37.2624,1.0099,0.3189357,O=C(C1CC1)N1CC(N2C(=O)COc3ccc(Cc4ccccc4)cc32)C1,1,0.2054087,0.2054,0.8401376,0.8401,0.9999968,362.4290,48
31.7850,30.4578,-12.2265,0.1519271,COc1ccccc1CNC(=O)C(C)=NN1CCCC1=O,1,0.0714351,0.0714,0.8307795,0.8308,0.9999973,289.3350,48
26.8918,38.4524,48.8668,0.7276600,COc1ccc(-c2nc(C(=O)N3CCN(S(N)(=O)=O)CC3)cc(-c3ccccc3)n2)cc1,1,0.7263149,0.7263,0.6290551,0.6291,0.9863544,453.5240,48
38.4693,43.7877,-43.7874,0.0000022,CNCCC1=COC(O)(OB2OC(C)(C)C(C)(C)O2)O1,1,0.0000000,0.0000,0.5687255,0.5687,0.9999967,287.1210,49
30.0772,39.5289,13.1822,0.4392592,COc1cccc(C(=O)N2CCN(c3cc(-n4ccnc4C)c([N+](=O)[O-])cn3)CC2)c1,1,0.3856908,0.3857,0.4591328,0.4591,0.9992103,422.4450,49
32.1091,31.4784,-23.2710,0.0683949,O=C1NC(=O)C(=NN=Cc2ccc(O)c(I)c2)S1,1,0.0269146,0.0269,0.4679144,0.4679,0.9999899,375.1470,49
39.9822,53.8712,16.9775,0.5904053,Cc1ccnc(Nc2nc(N3CCc4ccccc4C3)c3c(n2)N(C2CCN(Cc4ccccc4)C2)CC3)c1,1,0.8035708,0.8036,0.3807974,0.3808,0.1640383,517.6810,49
22.5541,22.3756,-18.9805,0.0282924,NC(=O)CNC1COC1,1,0.0100053,0.0100,0.4863558,0.4864,0.1384137,130.1470,49
33.5046,39.0031,45.3803,0.7031946,Cc1ccc(S(=O)(=O)Nc2ccc(S(=O)(=O)Nc3cccnc3C)cn2)c(C)c1,1,0.6939859,0.6940,0.6181363,0.6181,0.9980038,432.5270,49
35.2945,47.1965,-27.4157,0.1648402,COc1ccc(N2CC(Sc3nnc(N(C)C4CC4)n3-c3ccccc3C)CC2=O)cc1Cl,1,0.0964903,0.0965,0.4836234,0.4836,0.8132629,484.0250,49
37.9629,43.9482,47.3623,0.7609211,Cn1ccnc1SCC1=NN(C2CCCCC2)C(=O)C1N1CCN(C(=O)O)CC1,1,0.7408664,0.7409,0.7290419,0.7290,0.9993374,420.5390,49
43.9989,52.6969,35.0618,0.7313229,Cc1cc(C)c(O)c(S(=O)(=O)NC2COC(=O)c3ccc(NC(=O)c4ccco4)cc32)c1,1,0.7805933,0.7806,0.5023036,0.5023,0.9821669,456.4760,49
30.0457,35.2381,-35.2381,0.0000000,N1(C(c2c(n(c(=O)cc2)C)=O)NCC1)Cc1c(C)cccc1,0,0.0000000,0.0000,0.0000000,0.0000,0.0000000,0.0000,49
30.2429,37.5199,-8.0580,0.2455157,O=C(Nc1ccc2c(c1)C(C1CC=CC1)Nc1ccccc1N2)c1ccc(F)cc1,1,0.1683080,0.1683,0.4560898,0.4561,0.9999048,399.4690,49
29.7281,35.5223,13.0424,0.4047059,O=C1NCCC1Sc1cn(-c2ccc([N+](=O)[O-])cc2)nn1,1,0.3077753,0.3078,0.6712429,0.6712,0.9999994,305.3190,49
35.8291,42.4387,29.9597,0.6033196,COc1ccc(CN(Cc2ccc(F)cc2)C2CCN(c3cc(C)nc(N)n3)CC2O)cc1,1,0.5712683,0.5713,0.5705399,0.5705,0.9886011,451.5460,49
22.4231,27.7227,57.9976,0.7143354,Cc1cc(S(N)(=O)=O)ccc1NC(=O)Nc1ccc(F)cc1,1,0.6572294,0.6572,0.8081680,0.8082,0.9999999,323.3490,49
30.5760,33.3410,-26.7711,0.0547498,CC1CCCN(Cc2ccccc2COS(N)(=O)=O)C1,1,0.0162640,0.0163,0.8966432,0.8966,0.9999989,298.4080,49
44.0608,50.1000,-11.7680,0.3194331,O=Nc1o[nH]c1CC12COC(CN1Cc1ccccc1)C2,1,0.2046329,0.2046,0.8579982,0.8580,0.9999968,287.3190,49
18.8572,21.7557,-14.8257,0.0577500,Cc1ccccc1CN(C)S(C)(=O)=O,1,0.0184051,0.0184,0.7605189,0.7605,0.9970715,213.3020,49
38.9484,44.2829,-19.7901,0.2041070,Fc1ccc(-c2cc(CC3CN(Cc4nccc(N5CCCCC5)n4)CCO3)ccn2)cc1,1,0.1216193,0.1216,0.5669032,0.5669,0.9920774,447.5580,49
29.1262,37.3295,25.1221,0.5204305,Cc1ccc(C)c(NC(=O)N2CCN(c3noc4cccnc34)CC2)c1,1,0.4242877,0.4243,0.7673662,0.7674,0.9999989,351.4100,49
32.2452,31.9874,-23.3965,0.0715910,CC(=NNN=CO)c1ccc(C)cc1,1,0.0294342,0.0294,0.4346338,0.4346,0.9780714,191.2340,49
34.2496,42.8319,42.2022,0.7086180,CN1CCN(c2ccc(N3C(=O)N(Cc4ccccc4)Cc4ccccc43)cc2S(N)(=O)=O)CC1,1,0.7500504,0.7501,0.5911859,0.5912,0.6839755,491.6170,49
29.1904,33.2694,-14.9653,0.1525341,Cc1ccnc(Nc2nnc(C(=O)Nc3ccc4c(c3)OCO4)s2)n1,1,0.0744678,0.0745,0.7327332,0.7327,0.9999982,356.3670,49
33.0984,42.9246,-23.7759,0.1595726,COc1cc(C=C(C=NNc2ccccc2)NC(N)=O)cc(I)c1OCc1cccc([N+](=O)[O-])c1,1,0.4078546,0.4079,0.1335236,0.1335,0.0003198,587.3740,49
31.4034,32.2577,11.0734,0.3610927,O=C(Cc1cn(-c2ccc(F)cc2)c(=O)[nH]c1=O)NNC(=O)c1cccs1,1,0.2737415,0.2737,0.5720161,0.5720,0.9999657,388.3800,49
29.9918,33.5088,16.0253,0.4127836,O=C(NC1CC1)N1CC(n2cnc(-c3ccccn3)n2)C1,1,0.2898270,0.2898,0.9143807,0.9144,0.9999958,284.3230,49
43.7469,54.1784,19.8971,0.6172957,Cc1cc2n(c1)CC(NS(=O)(=O)c1ccccc1)C(O)C2NC(=O)c1c(C)nn(C)c1C,1,0.6021309,0.6021,0.5343921,0.5344,0.9803385,457.5560,49
39.5706,46.6174,-18.5106,0.2342230,CN(NC(=O)c1ccccn1)c1cc(-c2ccc(NC(=O)c3ccoc3)cc2)ncn1,1,0.1564029,0.1564,0.4659861,0.4660,0.9996226,414.4250,49
29.0192,34.4845,0.6073,0.2924319,O=C(Cc1ccc(Cl)cc1)Nc1ccccc1C1CCCN1S(=O)(=O)c1ccc(F)cc1,1,0.2086043,0.2086,0.5367772,0.5368,0.9234129,472.9690,49
44.5770,47.7106,-36.9760,0.0894548,CSc1ccc2c(c1)N(Cc1ccccc1C)CCCN2c1ccc(C)cc1[N+](=O)[O-],1,0.0466406,0.0466,0.2617106,0.2617,0.9978015,433.5770,49
31.1494,38.7024,-4.0901,0.2884359,NC1NC(=O)C(=Nc2ncc(-c3ccc(F)cc3)o2)S1,1,0.1757726,0.1758,0.8768351,0.8768,0.9999980,292.2950,49
26.0929,31.8891,-8.2018,0.1973939,COc1c(N)cccc1N1CCN(C(=O)c2ccccc2C)CC1,1,0.1020986,0.1021,0.8812502,0.8813,0.9999999,325.4120,49
36.7106,42.3995,-21.1595,0.1769998,Cc1ccccc1-n1nc2ccc(C3=NN(C)C(c4cccnc4)C3)cc2n1,1,0.0999591,0.1000,0.5501572,0.5502,0.9999945,368.4440,49
45.0815,49.1862,-39.9710,0.0767935,CCOC(=O)c1c(C)n(S(=O)(=O)c2ccc(OC)cc2)c2ccc(C(=O)Nc3nc4ccc(SC)cc4s3)cc12,1,0.1487811,0.1488,0.1726741,0.1727,0.0001482,595.7240,49
26.8361,27.6300,-20.1752,0.0621232,CCOc1ccc(CN2CCNC(CN(C)C)C2)cc1,1,0.0197743,0.0198,0.8509759,0.8510,0.9999920,277.4120,49
29.6299,29.4784,-13.2950,0.1348622,Nc1cccc(OCc2cnccc2C(F)(F)F)n1,1,0.0583419,0.0583,0.9300835,0.9301,0.9999830,269.2260,49
28.0083,33.1479,-11.3667,0.1815094,NNC(Cc1ccc(F)cc1Cl)c1cccc(NC(N)=O)c1,1,0.1062773,0.1063,0.5034458,0.5034,0.9999999,322.7710,49
29.4416,36.9217,35.9650,0.6073891,Cc1ccccc1NC(=O)N1CCN(C(CO)c2nc(C3CC3)no2)CC1,1,0.5162604,0.5163,0.8361719,0.8362,0.9999928,371.4410,49
36.5611,38.3172,22.1279,0.5037098,COc1ccc2nc(CCN3CCNCC3)cc(Nc3ccc(C(C)(C)C)cc3)c2c1,1,0.4332506,0.4333,0.6059475,0.6059,0.9994465,418.5850,49
28.3013,38.8615,30.9165,0.5814836,Cc1cc(NC(=O)C2(NC(=O)c3ccc(Cl)cc3)CCN(c3ccccc3)C2)no1,1,0.5208329,0.5208,0.6523156,0.6523,0.9990112,424.8880,49
33.6713,36.2941,-35.6800,0.0051175,Oc1cc(O)c2c(c1)CN(O)c1cc(Cl)ccc1-2,1,0.0005950,0.0006,0.6832714,0.6833,0.9999716,263.6800,49
29.7645,34.4458,33.8390,0.5690393,Cc1ccc(N(C)N=Cc2ccc(S(=O)(=O)N3CCCC3)cc2)cc1,1,0.5147694,0.5148,0.6096312,0.6096,0.9999980,357.4790,49
27.5693,31.4382,25.9815,0.4784977,COC(=O)c1cc(C(=O)OC)c(NC(=O)Nc2cccc(Cl)c2Cl)s1,1,0.3796537,0.3797,0.7439984,0.7440,0.9998652,403.2430,49
37.7622,40.1087,-40.1087,0.0000000,c1(C(=O)N2Cc3ccsc3CC2)c2-c(cn(C)c(=O)c2)cs1,0,0.0000000,0.0000,0.0000000,0.0000,0.0000000,0.0000,49
31.1467,31.7264,4.3602,0.3007213,Cc1cc(Br)cc(C(CN)Nc2ccc(F)c(Br)c2)c1,1,0.1933635,0.1934,0.7736354,0.7736,0.9998786,402.1050,49
30.5767,33.8277,-9.1574,0.2055858,O=C(NCc1ccccc1Cl)C1CCCN1C(=O)N1CCc2ccccc21,1,0.1082531,0.1083,0.8798921,0.8799,0.9999774,383.8790,49
34.0447,37.4579,30.4104,0.5655694,COc1ccc(Nc2nnc(SCc3nc(N)nc(-c4cccc(OC)c4)n3)s2)cc1,1,0.5860068,0.5860,0.3782349,0.3782,0.9863184,453.5530,49
30.6492,36.7777,10.9489,0.3977221,COc1cc(Cl)cc(C=NNc2ccc3c(c2)C=CC3)c1O,1,0.3016090,0.3016,0.6604559,0.6605,0.9999998,314.7720,49
31.4782,37.6962,14.9851,0.4390106,CC1CN(Nc2ccccn2)CCN1S(=O)(=O)N1CCOCC1,1,0.3253580,0.3254,0.8300605,0.8301,0.9999995,341.4370,49
30.1550,34.2456,-23.1885,0.0921431,CC1(C)COCN1C(=O)c1ccc(C=CCN)cc1,1,0.0341526,0.0342,0.9022744,0.9023,0.9999614,260.3370,49
31.1988,34.9208,16.2391,0.4263328,CC(=O)Nc1cccc(CN(C)C(=O)c2ccc(NC(N)=S)cc2)c1,1,0.3253629,0.3254,0.7168957,0.7169,0.9999982,356.4510,49
23.8109,27.5768,-11.0389,0.1378160,O=C(Nc1ccc(F)cc1)c1nc2ccccc2nc1N1CCCC1,1,0.0629689,0.0630,0.7935172,0.7935,0.9999997,336.3700,49
33.1009,40.3524,0.6113,0.3413642,CN(c1ccc([N+](=O)[O-])c(N2CCN(C3C4CCCC3CCC4)CC2)n1)S(C)(=O)=O,1,0.2604080,0.2604,0.5152158,0.5152,0.9968286,437.5660,49
34.2525,39.4943,-9.5688,0.2493795,Cc1ccc(Oc2cc(F)ccc2OC(C)Nc2ccccc2Cl)cc1,1,0.1669612,0.1670,0.5071673,0.5072,0.9999925,371.8390,49
27.1335,31.4182,-17.3812,0.1169751,Cc1ccccc1NC(=O)C(=O)c1ccc(F)cc1O,1,0.0523531,0.0524,0.6670729,0.6671,0.9999883,273.2630,49
26.8390,29.9182,-2.2623,0.2304658,c1ccc(-c2nc(-c3ccc(-n4c5ccccc5c5c6ccccc6ccc54)cc3)c3ccccc3n2)cc1,1,0.2000966,0.2001,0.2435236,0.2435,0.5550151,497.6010,49
49.6327,56.1597,-56.1597,0.0000000,C(C(=O)N=O)(NC1CC=NN=1Nc1ccc(cc1)F)c1ccccc1F,0,0.0000000,0.0000,0.0000000,0.0000,0.0000000,0.0000,49
39.1079,37.7313,44.5409,0.6856018,O=C(NCC1CCCN(S(=O)(=O)N2CCCC2)C1)N(c1ccccc1)c1ccccc1,1,0.6352846,0.6353,0.7431299,0.7431,0.9949741,442.5850,49
26.9795,39.2405,-11.9737,0.2272240,CNc1ncc(Cl)cc1NS(=O)(=O)N(C)Cc1cccnc1,1,0.1266303,0.1266,0.8382804,0.8383,0.9999995,341.8240,49
31.2610,36.1108,-16.1631,0.1662307,Cc1cc(C)cc(NC(=O)Nc2nc(C=NN=C(N)N)cs2)c1,1,0.1010096,0.1010,0.3875141,0.3875,0.9999998,331.4050,49
40.5711,50.5111,1.7446,0.4354636,NC(=O)C1=NN(c2ncc(I)c3cnccc23)C2(CCCCC2)S1,1,0.3374334,0.3374,0.7063601,0.7064,0.9866184,453.3090,49
36.2023,43.7295,-19.9243,0.1983770,CC(N=S(C)(=O)C(=N)N)c1nc2ccc(F)cc2n1C,1,0.1120409,0.1120,0.6525884,0.6526,0.9999987,297.3590,49
24.2502,23.8209,-22.0576,0.0146942,C=C(N)N(CC)NC,1,0.0046582,0.0047,0.5034578,0.5035,0.0389016,115.1800,49
27.8016,28.1757,7.0887,0.2938698,CCN(C)CCNC(=O)c1ccc(-c2ccc(Cl)cc2)o1,1,0.1797226,0.1797,0.8905643,0.8906,0.9999995,306.7930,49
34.3559,38.2181,-13.8884,0.2027472,CC(=O)N1CCC(C(=O)N2CCN(C(=O)C(O)c3ccc(F)cc3)CC2)C1,1,0.1080271,0.1080,0.8268241,0.8268,0.9999875,377.4160,49
23.1125,31.4440,61.0481,0.7707675,COc1ccc(C(=O)N2CCN(c3ccc(NS(=O)(=O)c4ccc(C)cc4)nn3)CC2)cc1,1,0.8056343,0.8056,0.5940217,0.5940,0.9520593,467.5510,50
35.5040,49.4043,-34.7776,0.1218895,CNC(=O)C1SC2(NCCN2c2ccc(C)cc2)N1Cc1cccc(Cl)c1,1,0.0522927,0.0523,0.8228411,0.8228,0.9998688,402.9510,50
27.2915,35.4028,53.6046,0.7417282,Cc1nc(C(=O)Nc2ccc(CC(=O)N3CCN(c4ccccc4)CC3)cc2)c(N)s1,1,0.7408509,0.7409,0.6423020,0.6423,0.9973638,435.5530,50
35.4698,31.5732,-7.5615,0.2000977,O=C(NCC1CC1)C1COCN1C(=O)CCOCC(F)(F)F,1,0.1112264,0.1112,0.6990095,0.6990,0.9999999,324.2990,50
24.5830,30.4828,-14.2670,0.1351316,COc1ccc(N2CCN(C)CC2)cc1Nc1nccc(N2CCCC2)n1,1,0.0596281,0.0596,0.8703760,0.8704,0.9999945,368.4850,50
34.1920,41.2752,27.0956,0.5697562,NS(=O)(=O)Nc1cccnc1CCNC(=O)Nc1cccc([N+](=O)[O-])c1,1,0.5768818,0.5769,0.4117608,0.4118,0.9999835,380.3860,50
25.7414,30.4854,-8.5014,0.1832002,Cc1ccc(NC(=O)NNC(=O)Cn2nnc(-c3cccs3)n2)cc1,1,0.1017886,0.1018,0.6133149,0.6133,0.9999980,357.3990,50
37.6559,44.6347,-26.0111,0.1551969,Cc1ccccc1N1C=C(n2nc(Nc3ccc(F)cc3F)c3c(N)ncnc32)CC1,1,0.0847359,0.0847,0.5085221,0.5085,0.9994012,419.4390,50
34.0335,37.0008,25.5966,0.5216450,CCOC(=O)c1cccc(NS(=O)(=O)c2cccc(C(=O)N3CCC(N4CCNCC4)CC3)c2)c1,1,0.5160969,0.5161,0.5612152,0.5612,0.4857048,500.6210,50
30.8771,35.5451,41.4448,0.6415831,CC(=O)c1ccc(Nc2ccnc(Nc3ccc(N4CCN(c5ccccc5)CC4)nc3)n2)cc1,1,0.7070466,0.7070,0.3733481,0.3733,0.9597649,465.5610,50
30.5397,40.5660,-7.5138,0.2754345,O=C1CC(N2CCN(c3ccc(Cl)cc3)CC2)CN1c1ccc(Nc2ccncc2)cc1,1,0.1812761,0.1813,0.6276154,0.6276,0.9917735,447.9700,50
32.2613,36.1417,-15.7654,0.1698020,CS(=O)(=O)Nc1ccc2c(c1)CC1(CCN(C(=O)c3ccncc3)C1)C2,1,0.0819511,0.0820,0.8959273,0.8959,0.9999928,371.4620,50
37.3926,43.1774,-9.3834,0.2816167,CC1(C)N(NC(c2ccc(F)cc2)c2ccc(F)cc2)C(=S)NS1(=O)=O,1,0.1758198,0.1758,0.7772700,0.7773,0.9999208,397.4720,50
40.0334,45.9452,13.8132,0.4979868,NC12N=CC=CC1NCN2Cc1cccc(Oc2cccnc2)c1,1,0.3807971,0.3808,0.8987965,0.8988,0.9999999,321.3840,50
24.7906,30.7335,-14.3089,0.1368717,CC1CN(CN2CCN(c3ccccc3)CC2)c2ccccc2O1,1,0.0608567,0.0609,0.8639505,0.8640,0.9999999,323.4400,50
34.5995,42.4353,-27.7181,0.1226428,Cc1ccc(-c2cc(N)nc(NC(=O)c3cc(O)ccc3[N+](=O)[O-])n2)o1,1,0.0617040,0.0617,0.4754607,0.4755,0.9999984,355.3100,50
26.5620,31.5712,39.2551,0.5902192,O=C(Nc1ccc(F)cc1)c1cccc(Nc2ccccc2Oc2ccccc2)n1,1,0.6046033,0.6046,0.4168123,0.4168,0.9999052,399.4250,50
27.2352,32.2096,-14.6392,0.1464199,Cc1c(NC(=O)NN=Cc2ccc3c(c2)OCO3)cccc1[N+](=O)[O-],1,0.0781895,0.0782,0.5034783,0.5035,0.9999995,342.3110,50
32.0769,37.0026,9.9680,0.3914218,Cn1c(CCN(Cc2ccc(F)cc2)C(=O)Nc2nccs2)nc2ccccc21,1,0.3170816,0.3171,0.5118922,0.5119,0.9997604,409.4900,50
29.4530,29.8749,-17.1820,0.1057741,Cc1ccn2c(CNCc3cc(F)cc(F)c3)cnc2c1,1,0.0430761,0.0431,0.7981254,0.7981,0.9999968,287.3130,50
25.8293,25.7039,-18.5065,0.0599784,CSSC(=S)S(=O)(=O)O,1,0.0234743,0.0235,0.3929648,0.3930,0.9933268,204.3190,50
38.3654,50.8817,-1.3853,0.4124706,Cc1ccc(C(=O)N2c3ccccc3NC23CN(C(=O)c2cnn(-c4ccccc4)c2C)CCC3O)cc1,1,0.4191674,0.4192,0.4345906,0.4346,0.3319380,507.5940,50
30.3034,47.1580,3.2256,0.4198626,COc1cccc(NC(=O)C(=O)NC2=CC=C(CN3CCN(C)c4ccccc43)CC2)c1,1,0.3193676,0.3194,0.7094986,0.7095,0.9980043,432.5240,50
29.5047,34.4896,-10.2874,0.2016851,COc1cccc(C(=O)N2CCN(Cc3ccc(OCC4CCCO4)c(F)c3)CC2)c1,1,0.1135397,0.1135,0.6770979,0.6771,0.9986210,428.5040,50
23.9481,34.4665,8.7349,0.3600119,Cc1ccccc1N=Nc1ccc(N(C)C)cc1NC(=O)c1ccco1,1,0.2646484,0.2646,0.6342227,0.6342,0.9999992,348.4060,50
45.3505,51.2800,24.9493,0.6352444,Cc1nc(Cc2ccc(C(=O)NC3CN4CCCCC34)nc2)nn1-c1ncccn1,1,0.5828997,0.5829,0.6841617,0.6842,0.9998490,404.4780,50
34.0683,37.3468,32.5026,0.5820783,COc1cc(NC(=O)C(C)n2cnc3sc(C)c(C)c3c2=O)ccc1-n1cnnn1,1,0.5561593,0.5562,0.5211185,0.5211,0.9989564,425.4740,50
24.5839,33.8626,-19.2981,0.1213712,Cc1ccc(NC(=S)N2CCN(c3ccncc3)C(=O)N2)cc1,1,0.0518419,0.0518,0.8302266,0.8302,0.9999999,327.4130,50
28.2451,35.9310,-18.5917,0.1444940,CS(=O)(=O)Nc1cc(N)ccc1NCC(=O)N1CCNCC1,1,0.0751633,0.0752,0.5410382,0.5410,0.9999999,327.4100,50
27.6913,37.2792,1.5870,0.3238855,CN(Cc1ccccc1N1CCCC1)S(=O)(=O)NC1CCCCC1N,1,0.2125612,0.2126,0.8049421,0.8049,0.9999954,366.5310,50
31.6312,36.0659,-4.8715,0.2599534,Cc1cccn2cc(-c3ccc(-c4ncc(-c5ccc(F)cc5)[nH]4)cc3)nc12,1,0.1825635,0.1826,0.4565933,0.4566,0.9999946,368.4150,50
26.1107,38.4363,35.0678,0.6125344,Cc1ccc(S(=O)(=O)N(C)c2n[nH]c(N3CCN(Cc4ccc(F)cc4)CC3)n2)cc1,1,0.5674094,0.5674,0.6285266,0.6285,0.9939907,444.5360,50
35.8218,39.9182,39.2198,0.6594835,O=C(NOc1ccc2cc(C(=O)O)c(=O)[nH]c2c1)Nc1ccc(C(F)(F)F)cc1,1,0.6746991,0.6747,0.4945120,0.4945,0.9998041,407.3040,50
31.8129,32.4975,21.2628,0.4480019,COc1cc(C(=O)NC(N)=NCCc2ccc(S(N)(=O)=O)cc2)cc(OC)c1OC,1,0.4112869,0.4113,0.4050581,0.4051,0.9971269,436.4900,50
32.1896,34.2450,-1.9043,0.2695063,COc1ccc(C(=C2CN(C(=O)OC(C)(C)C)C2)c2cccc(OC)c2)cc1,1,0.1657871,0.1658,0.7663383,0.7663,0.9999818,381.4720,50
29.5723,33.8938,-14.7749,0.1593246,NCCc1cccc(C(=O)N2CC(=O)Oc3ccccc32)c1,1,0.0805664,0.0806,0.6916317,0.6916,0.9999986,296.3260,50
48.8643,61.4646,11.6022,0.6088896,CN(C)C(=O)N1CC(c2ccc(O)cc2)C(c2cc3ccccc3cc2C2CCN(S(N)(=O)=O)C2)=N1,1,0.6788179,0.6788,0.5640557,0.5641,0.3314888,507.6160,50
27.1563,29.6077,-1.1681,0.2369966,O=C(NCc1ccc(N2CCCCC2)nc1)NC(CO)c1ccccc1,1,0.1390839,0.1391,0.7451473,0.7451,0.9999985,354.4540,50
30.2416,33.1766,27.7592,0.5077987,COc1ccc(NS(=O)(=O)c2cc(C(=O)N3CCOCC3)ccc2N2CCCC2)cc1OC,1,0.4343398,0.4343,0.6573640,0.6574,0.9046819,475.5670,50
25.7321,30.0480,23.2041,0.4437674,CCN1CCN(c2ccc(NC(=O)Nc3ccccc3I)cc2)CC1,1,0.3487029,0.3487,0.6908886,0.6909,0.9898021,450.3240,50
29.9522,37.7348,-30.8706,0.0572013,CC(=O)NC(O)COP(=O)(O)OCC(O)COP(=O)(O)OCCN,1,0.0289718,0.0290,0.1479555,0.1480,0.9999294,396.2260,50
22.0273,28.9990,-9.6090,0.1615832,O=c1[nH]c2ccccc2n1NNc1ccc([N+](=O)[O-])cc1,1,0.0901589,0.0902,0.5005553,0.5006,0.9999961,285.2630,50
37.4417,41.7649,37.0729,0.6569820,CC1(C)Cc2cc(NC3CCN(S(=O)(=O)c4cccc5cnccc45)CC3)ncc2O1,1,0.6155745,0.6156,0.6699470,0.6699,0.9965277,438.5530,50
29.4013,32.4349,22.1694,0.4550356,NS(=O)(=O)c1ccc(NC(=O)NC2CCCc3ncsc32)cc1,1,0.3481631,0.3482,0.7834072,0.7834,0.9999987,352.4410,50
26.1306,28.6332,34.9669,0.5300006,COc1cc(C=NO)ccc1OCc1nc2ccccc2s1,1,0.5094915,0.5095,0.4429989,0.4430,0.9999998,314.3660,50
32.6228,33.0054,-15.2093,0.1483013,O=C(Nc1ccc(N2CCCC2=O)cc1)N1CCCN(C(=O)c2cccnc2)CC1,1,0.0686233,0.0686,0.8474574,0.8475,0.9998010,407.4740,50
22.1196,27.6317,-5.7891,0.1820220,COc1ccc(C(=O)NNC(=O)Nc2cccc(C)c2C)cc1,1,0.0947772,0.0948,0.7623548,0.7624,0.9999997,313.3570,50
24.8677,26.7684,-5.3000,0.1789032,Cc1ccc(NC(=O)CCCCCN2C(=O)C(=Cc3ccc(Cl)cc3)SC2=S)cc1,1,0.1214417,0.1214,0.2969874,0.2970,0.9775317,459.0360,50
49.3139,49.5826,-40.5670,0.0751300,O=C1NC2NC3NCCC3N3C2C(O)CCCN13,1,0.0318155,0.0318,0.4167220,0.4167,0.9999263,253.3060,50
33.1788,39.5503,-24.8121,0.1228188,O=c1[nH]c(=O)n(-c2ccc3[nH]c(Br)nc3c2)[nH]1,1,0.0576047,0.0576,0.6091472,0.6091,0.9999986,296.0840,50
29.4032,36.9590,-6.4131,0.2545490,Cc1ccc(S(=O)(=O)NC2CC(C(=O)Nc3c(C)cc(C)cc3C)N(C(=O)OC(C)(C)C)C2)cc1,1,0.1797501,0.1798,0.6384775,0.6385,0.4621035,501.6490,50
33.0204,35.6821,-25.6762,0.0833824,COCc1nc(-c2[nH]ncc2N)nc(N)c1I,1,0.0317377,0.0317,0.7077124,0.7077,0.9999993,346.1320,50
29.2116,31.5252,-13.4916,0.1502801,CC(=O)Nc1ccc(-c2ccc(C(O)CN3CCN(C)CC3)cc2)cc1,1,0.0694668,0.0695,0.8675350,0.8675,0.9999986,353.4660,50
34.7267,39.3280,15.1083,0.4536356,O=C(Nc1cccc(CN2CCOCC2)c1)c1ccc(-c2ccc3c(c2)COc2ccccc2-3)cc1,1,0.4316453,0.4316,0.3840162,0.3840,0.8963611,476.5760,50
29.2108,30.0888,18.4792,0.4047337,Cc1ccc(NC(=O)CN2CCn3nccc3C2)cc1F,1,0.2798727,0.2799,0.9364516,0.9365,0.9999971,288.3260,50
23.9028,27.6444,16.6879,0.3694357,Cc1ccoc1C(=O)Nc1ccc(CC(N)=NO)cc1,1,0.3271692,0.3272,0.3435526,0.3436,0.9999883,273.2920,50
30.4023,36.0464,45.6034,0.6804151,NS(=O)(=O)c1cc(NC(=O)NCC2CCN(c3cccc(Cl)c3)C2)ccc1F,1,0.6433515,0.6434,0.6832177,0.6832,0.9988101,426.9010,50
24.6590,28.3220,-16.4308,0.0990934,O=C(NC1CCCC1)C1Cc2ccccc2CN1S(=O)(=O)c1ccc(F)cc1,1,0.0384788,0.0385,0.8550217,0.8550,0.9998742,402.4910,50
31.4848,35.4503,-12.9660,0.1873697,Cc1cc(NC(=O)c2cccc(Nc3ccccc3[N+](=O)[O-])c2)ccc1N,1,0.1231881,0.1232,0.3519708,0.3520,0.9999968,362.3890,50
23.7936,33.1598,19.4089,0.4380723,CN(C)S(=O)(=O)Nc1ccc2c3ccccc3c(=O)n(C)c2c1,1,0.3344965,0.3345,0.7453468,0.7453,0.9999998,331.3970,50
27.1055,28.8971,20.6750,0.4131008,COc1cccc(C=NNC(=O)CN(c2ccc3c(c2)OCO3)S(=O)(=O)c2ccccc2)c1,1,0.3691453,0.3691,0.4033777,0.4034,0.9522607,467.5030,50
38.7059,45.7524,-0.5182,0.3769516,NC(=O)Nc1ncc(NC(=O)NCC(O)N2CCOCC2)s1,1,0.3045623,0.3046,0.4881591,0.4882,0.9999998,330.3700,50
25.6833,25.4423,44.6340,0.5839693,Cc1ccc(-n2c(SCC(=O)N(C)Cc3ccccc3)nnc2-c2ccncc2)cc1,1,0.5993030,0.5993,0.4078660,0.4079,0.9984819,429.5490,50
30.0127,41.2157,-41.2157,0.0000000,c1cccc(c1)C1(NC(=O)N(CC(Nc2cccc(c2C)NC(=O)C)=O)=O)CCOCC1,0,0.0000000,0.0000,0.0000000,0.0000,0.0000000,0.0000,50
30.0313,27.5454,23.3429,0.4240692,CCOc1ccc(NC(=O)CN2CCN(c3ncnc4sccc34)CC2)cc1,1,0.3264835,0.3265,0.6897412,0.6897,0.9999205,397.5040,51
35.9690,40.3971,-4.7790,0.2968180,O=C(O)c1nnn(-c2ccccc2)c1COc1ccccc1CNCc1ccco1,1,0.2229172,0.2229,0.4405360,0.4405,0.9998497,404.4260,51
32.5850,48.2296,21.8392,0.5839070,CCOc1ccc(NC(=NC)Nc2cc(NC(=O)c3cccc(F)c3)ccc2O)cc1OC,1,0.7589980,0.7590,0.1793037,0.1793,0.9875831,452.4860,51
35.5480,43.3468,-38.8460,0.0375067,CC(Sc1nc2c(c(=O)ccn2N)c(=O)n1Cc1ccco1)C(N)=O,1,0.0122320,0.0122,0.3666913,0.3667,0.9999971,361.3830,51
47.0929,56.8657,-2.0293,0.4569705,O=C(Nc1ccc(F)cc1)N1CC(F)(F)C1N1C(=O)C2C1CN2Cc1ccc(Cl)cc1,1,0.3584536,0.3585,0.7265417,0.7265,0.9893033,450.8480,51
19.0533,20.0167,-0.9252,0.1590955,c1ccc(-c2nc3ccccc3nc2-c2ccccc2)cc1,1,0.0872839,0.0873,0.5188267,0.5188,0.9999949,282.3460,51
37.1347,44.0453,19.1197,0.5263750,O=C(CC1COc2ccccc2N1C(=O)NCc1cccs1)Nn1ccnc1,1,0.4440415,0.4440,0.6926455,0.6926,0.9999208,397.4600,51
39.2793,49.3837,-5.1691,0.3684549,Cc1ccc(N2C(=O)NC(=O)C2c2c3cc(NC(=O)c4ccccc4)ccc3nc3ncnn23)cc1,1,0.3217455,0.3217,0.3813647,0.3814,0.8883304,477.4840,51
38.9157,45.3694,-3.5603,0.3484095,Nc1ncnc2c1ncn2C1c2cc(Cl)ccc2CN1Cc1cccs1,1,0.2584888,0.2585,0.5846664,0.5847,0.9999793,382.8800,51
36.1486,38.2308,-29.0397,0.0765929,NC(=S)C1(Cc2ccc(F)cc2)CN(CCc2cccs2)C1,1,0.0269308,0.0269,0.8223718,0.8224,0.9999998,334.4850,51
29.1929,39.1162,30.7600,0.5823018,COc1ccccc1-c1cnc(CN2CC(C)(c3ccccc3)NC2=O)s1,1,0.5071674,0.5072,0.7206332,0.7206,0.9999849,379.4850,51
26.0501,32.2093,-19.7830,0.1035523,COc1ccc(-n2nccc2NC(=S)Nc2ccc(Cl)cc2C)cc1,1,0.0442632,0.0443,0.6526069,0.6526,0.9999918,372.8810,51
26.3063,34.1270,9.8172,0.3662015,O=C(Nc1cnn(Cc2ccc(Cl)cc2)n1)c1ccc(-c2ccccn2)o1,1,0.2798245,0.2798,0.5682036,0.5682,0.9999844,379.8070,51
24.2405,27.2154,14.7343,0.3495809,O=C(NNC(=S)Nc1ccc(F)cc1)c1cc(-c2ccccc2)n[nH]1,1,0.2837430,0.2837,0.4290427,0.4290,0.9999983,355.3980,51
33.1698,37.9132,-14.6691,0.1937007,Cc1cc(C)c([N+](=O)[O-])c(Nc2ccc(N3CCN(Cc4ccccc4)CC3)cn2)c1,1,0.1193823,0.1194,0.4639541,0.4640,0.9994985,417.5130,51
31.6527,32.6181,51.2353,0.6987784,O=C(c1n[nH]c2c1CCC2)N1CCN(Cc2cc(=O)c3ccccc3[nH]2)CC1,1,0.6562894,0.6563,0.7275554,0.7276,0.9999875,377.4480,51
39.6421,46.0739,22.0305,0.5675364,COc1ccccc1C1(O)Oc2ccc(Cl)cc2NC1Nc1cccc(C(=O)O)c1,1,0.5471385,0.5471,0.4862789,0.4863,0.9988150,426.8560,51
27.0663,28.3153,-13.6983,0.1218080,CC(=O)Oc1ccc(C(=O)C2COc3ccccc32)cc1,1,0.0604698,0.0605,0.4931693,0.4932,0.9999949,282.2950,51
43.6281,42.2844,-12.0058,0.2523217,COc1ccc(OCC(=O)Nc2cc(CNC(=O)OCc3ccccc3)ccc2I)cc1,1,0.3402623,0.3403,0.3790180,0.3790,0.0137889,546.3610,51
37.0381,42.4137,-42.4137,0.0000000,C1[C@@]2([C@@H]3[C@@H](C(=O)NC3)N1)N2C,0,0.0000000,0.0000,0.0000000,0.0000,0.0000000,0.0000,51
41.2930,44.0295,34.5913,0.6551737,COC(=O)c1ccc2c(c1)n1cc(-c3ccc(C)cc3)nc1n2Cc1ccccc1O,1,0.6950651,0.6951,0.4312761,0.4313,0.9997127,411.4610,51
36.1784,47.4527,34.6479,0.6841717,Clc1ccc(CN2N=NN3C(NNc4ncccn4)=NNN23)cc1,1,0.6422802,0.6423,0.7059758,0.7060,0.9999993,345.7580,51
37.2902,47.1893,-26.3796,0.1734149,Cc1cccc(NC(=O)Nc2ccc3c(c2)CN(c2nc4ccccc4n2Cc2ccc4c(c2)OCO4)CC3)c1,1,0.1803696,0.1804,0.2771264,0.2771,0.0515663,531.6160,51
32.0762,34.5670,59.8242,0.7865931,COc1ccc(C)cc1NC(=O)c1cc(N2C3CCC2CC(O)C3)ccn1,1,0.7389047,0.7389,0.8683450,0.8683,0.9999950,367.4490,51
26.1081,33.0848,19.4424,0.4377270,COC(=O)c1cc(NCc2ccccc2Cl)nc(N2CCN(C)CC2)n1,1,0.3270071,0.3270,0.8036535,0.8037,0.9999892,375.8600,51
18.2506,22.7088,39.7991,0.5208990,O=C(NN=C1CCN(Cc2ccccc2)CC1)c1ccc(Cl)cc1,1,0.4110497,0.4110,0.8612667,0.8613,0.9999995,341.8420,51
51.1349,55.4830,12.7170,0.5683337,CN(C)c1ccc(-c2c3c(nn2-c2ccc(F)cc2)N(S(=O)(=O)O)C2CNCC32)cc1,1,0.5160601,0.5161,0.6022219,0.6022,0.9945326,443.5040,51
30.4971,32.3635,-8.8883,0.1956261,CCOc1ccc(N=c2c(C)cc(C)nn2-c2ccccc2)cc1,1,0.1065571,0.1066,0.7254311,0.7254,0.9999998,319.4080,51
22.2789,25.0344,-11.5024,0.1127671,CN(C)C1CCN(S(=O)(=O)c2ccc(CN)s2)C1,1,0.0459333,0.0459,0.8779421,0.8779,0.9999974,289.4260,51
26.9139,25.7755,-9.2011,0.1381199,O=C(O)c1sc2ccccc2c1COc1ccccc1F,1,0.0634662,0.0635,0.7805173,0.7805,0.9999992,302.3260,51
31.9392,39.6689,-11.1568,0.2376009,Cc1ccc([N+](=O)[O-])cc1NC(=O)c1ccc2c(c1)C(c1ccc([N+](=O)[O-])cc1)C(=O)N2,1,0.1604972,0.1605,0.4576499,0.4576,0.9980284,432.3920,51
26.6371,29.0441,27.1091,0.4679433,Cc1ccc(C)n1NC(=O)C(=O)NNC(=O)c1c[nH]c2ccccc12,1,0.4345264,0.4345,0.4148675,0.4149,0.9999996,339.3550,51
52.7416,52.4759,10.3588,0.5236226,C=C(Nc1nccs1)C(=O)N1N=C(c2ccc(OCC3CO3)cc2)CC1c1ccc(O)cc1,1,0.5221238,0.5221,0.3887444,0.3887,0.9692616,462.5310,51
27.9751,29.7252,-11.7817,0.1495293,O=C(Nc1cccc(-c2cncs2)c1)c1ccc2c(c1)OCCO2,1,0.0708864,0.0709,0.7882431,0.7882,0.9999996,338.3880,51
34.7840,44.0505,-29.6876,0.1196910,[N-]=[N+]=NCCOc1ccnc(C2(NC(N)=O)CC2)c1,1,0.0651437,0.0651,0.3481445,0.3481,0.9999677,262.2730,51
30.5241,39.6518,-27.3449,0.1025574,Cc1cccc(N(C)C(=O)N2C3CS(=O)(=O)CC3N(C)C2c2ccccc2)c1,1,0.0415037,0.0415,0.7790248,0.7790,0.9999044,399.5160,51
29.1323,35.7320,-10.5526,0.2098282,O=C(Nc1cnn(-c2ccccc2F)c1)N1CCCN(c2cnccn2)CC1,1,0.1164718,0.1165,0.7543103,0.7543,0.9999819,381.4150,51
29.1938,34.3034,18.6136,0.4409750,Cc1nnc(N2CCN(C(=O)Cn3nc(-n4cccn4)ccc3=O)CC2)o1,1,0.3589412,0.3589,0.6018516,0.6019,0.9999934,370.3730,51
24.3098,30.0214,2.9153,0.2744719,NCC(=O)N1Cc2ccccc2C(C(=O)N2CCOCC2)C1,1,0.1663512,0.1664,0.8296567,0.8297,0.9999993,303.3620,51
42.6109,45.2809,-19.8916,0.2115772,COc1ccc2cc(C3CN(S(=O)(=O)c4cccc(O)c4)C(N)=N3)ccc2c1,1,0.1202083,0.1202,0.7040299,0.7040,0.9999209,397.4560,51
33.0252,39.4987,-18.5377,0.1746746,Cc1cc(S(=O)(=O)N(C)CCN(c2ccc(Cl)cc2)S(C)(=O)=O)c(C)s1,1,0.0928425,0.0928,0.6678663,0.6679,0.9969869,437.0080,51
35.0211,36.4743,38.5006,0.6247906,Cc1cc(N2CCCC2=O)ccc1NS(=O)(=O)c1ccc2c(c1)CN(C)C2=O,1,0.5339638,0.5340,0.8558580,0.8559,0.9999048,399.4720,51
24.4973,24.8935,-14.9130,0.0831706,CCc1nnc(NC(=O)Cc2cnn(C)c2)s1,1,0.0297143,0.0297,0.8800135,0.8800,0.9999114,251.3150,51
47.5753,47.8219,3.0391,0.4238418,COc1ccc(S(=O)(=O)[N+]2(CCO)C=CC=N2)cc1-c1nc2ccccc2[nH]1,1,0.3365074,0.3365,0.6188119,0.6188,0.9999049,399.4520,51
30.5220,44.7340,-7.3286,0.3117115,COc1ccc(NC(=O)C2CN(S(=O)(=O)N(C)c3cnn(C)c3)CCN2)cc1,1,0.2096340,0.2096,0.6977429,0.6977,0.9997816,408.4840,51
34.1922,44.1729,-0.3008,0.3656009,Cc1ccc(C)c2c(N3CCN(Cc4cccc(Cl)c4)CC3)nc(N(C)CCN(C)C)nc12,1,0.2884555,0.2885,0.5187630,0.5188,0.9540777,467.0610,51
24.7649,34.3166,1.6398,0.2996364,Cc1ccc(CN(C(=O)CN(c2ccc(Cl)cc2)S(=O)(=O)c2ccccc2)C(C)CN(C)C)cc1,1,0.2915637,0.2916,0.3896379,0.3896,0.2145306,514.0910,51
25.0336,32.7423,-10.1146,0.1885645,COc1ccc(N2CCN(CC(O)c3cccc(NC(N)=O)c3)CC2)cc1,1,0.1011676,0.1012,0.7238631,0.7239,0.9999934,370.4530,51
36.1054,40.7918,29.0924,0.5823681,CCOC(=O)c1oc2nc(N3CCN(S(C)(=O)=O)CC3)cc(C)c2c1COC,1,0.5202036,0.5202,0.6598477,0.6598,0.9997122,411.4800,51
31.4056,38.3377,-18.5795,0.1646519,COc1ccc(S(=O)(=O)Nc2nn(C)c3c2CN(C(=O)c2cc(C)nn2C)CC3)cc1,1,0.0864878,0.0865,0.6379666,0.6380,0.9940012,444.5170,51
21.5793,26.0950,-12.3683,0.1143892,Cc1cccc(N2CCN(c3cc(=O)[nH]cn3)CC2)c1,1,0.0466069,0.0466,0.8960901,0.8961,0.9999846,270.3360,51
44.3044,52.2042,1.1695,0.4447801,CN(CCCOc1cccc(C#N)c1)C1NCC2(CN(Cc3ccc(F)cc3)C2)N1,1,0.3552298,0.3552,0.6516220,0.6516,0.9997600,409.5090,51
31.1920,35.1936,18.1884,0.4448500,COc1ccc(CC(NC(=O)Nc2ccccc2OC)c2ccccc2O)cc1,1,0.3724542,0.3725,0.5524889,0.5525,0.9999501,392.4550,51
56.7954,58.0886,-1.4246,0.4721993,Cc1ccc(NC(=O)NC2C(O)C(Nc3c(C)cc(C)nc3Cl)CC3C(=O)NC(=O)OC32)cc1,1,0.4577319,0.4577,0.4171769,0.4172,0.7522034,487.9440,51
47.6082,52.3973,26.2438,0.6553425,Cc1nc2n(n1)CCN(c1cc(CN3CCOc4ccc(Cl)cc43)cc3c1OCCO3)C2,1,0.6335218,0.6335,0.6015513,0.6016,0.9858418,453.9300,51
28.8167,34.5588,5.0268,0.3298795,COC(=O)c1ccc2n1CCN(C(=O)Nc1ccc(F)cc1)C2c1ccc(F)cc1,1,0.2311803,0.2312,0.6576745,0.6577,0.9997141,411.4080,51
32.7333,39.8157,-14.3927,0.2118585,CCOC(=O)c1ccc(S(=O)(=O)N2c3ccccc3CC2C(=O)Nc2cc(F)ccc2C)cc1,1,0.1337057,0.1337,0.5349574,0.5350,0.8332407,482.5330,51
33.8283,40.3263,-16.1716,0.2012888,Cc1ccc(O)c(Nc2c(NS(=O)(=O)c3ccc(F)cc3)cnc3ccccc23)c1,1,0.1319682,0.1320,0.3959533,0.3960,0.9991323,423.4690,51
27.9379,33.9899,-18.1148,0.1322919,Cc1ccccc1NC(=O)C(C)NC1COc2ccccc21,1,0.0570884,0.0571,0.9114845,0.9115,0.9999986,296.3700,51
36.2710,32.4985,-14.5987,0.1491652,O=C(c1nccnc1-c1cccs1)N1CCC2CNCC2C1,1,0.0675995,0.0676,0.9194620,0.9195,0.9999998,314.4140,51
25.6260,34.4917,18.4260,0.4409809,O=S(=O)(Nc1cccnc1N1CCN(Cc2ccc(F)cc2)CC1)N1CCOCC1,1,0.3382763,0.3383,0.7416854,0.7417,0.9973706,435.5250,51
28.7314,32.6014,19.6996,0.4358412,CC1CCCN(c2ccc(NC(=O)c3cc([N+](=O)[O-])ccc3N3CCN(C)CC3)cc2)C1,1,0.3594933,0.3595,0.5654730,0.5655,0.9968349,437.5440,51
39.3560,52.5500,-31.6168,0.1744433,Cc1ccccc1N1CC(C2(C)N=NN(c3ccccc3)N2)SC1=Nc1cccnc1,1,0.0944498,0.0944,0.6243052,0.6243,0.9984813,429.5530,51
25.7496,31.5090,40.2207,0.5977482,Oc1ccccc1CNc1ccc(N2CCN(c3ccccn3)CC2)nn1,1,0.5262063,0.5262,0.7220148,0.7220,0.9999968,362.4370,51
45.2094,47.7616,14.8178,0.5214949,Cc1ccc(NP(=S)(NCc2cccnc2)OCC2OCC(n3cnc4c(N)ncnc43)O2)cc1,1,0.6921616,0.6922,0.2855861,0.2856,0.2396482,512.5360,52
32.7356,43.1103,-20.7017,0.1867384,Cc1cc(NC(=O)N2CC(N(C)C(=O)Nc3ccccc3)C2)c(C)n1C,1,0.0940977,0.0941,0.8884682,0.8885,0.9999983,355.4420,52
41.9834,49.2334,-49.2331,0.0000024,CC12CN(C1=O)N(c1ccccc1Cc1ccccc1Cl)C(=O)N2,1,0.0000000,0.0000,0.8725462,0.8725,0.9999995,341.7980,52
30.2678,36.8191,9.6701,0.3874097,Cc1ccc(NS(=O)(=O)c2c(C)nn(C)c2C)cc1C(O)C(=O)O,1,0.2807865,0.2808,0.7439371,0.7439,0.9999986,353.4000,52
28.4145,33.1741,31.9480,0.5426845,COc1ccccc1N1CCN(C(=O)c2n[nH]c3ccc(Cl)cc3c2=O)CC1,1,0.4563590,0.4564,0.7331336,0.7331,0.9999101,398.8500,52
31.5015,35.7979,32.1681,0.5663839,CCN1CCN(c2ccc(N3CCN(Cc4cccnc4)C3=O)nn2)CC1,1,0.4736647,0.4737,0.7969058,0.7969,0.9999950,367.4570,52
31.7716,32.9502,24.1734,0.4760305,COC1OC2OCC(OS(=O)(=O)c3ccc(C)cc3)C2C1O,1,0.3692123,0.3692,0.7992956,0.7993,0.9999998,330.3580,52
24.1117,26.3614,40.2247,0.5548839,Cc1ccc(CSC(N)=NN=Cc2ccc([N+](=O)[O-])cc2)cc1,1,0.5628198,0.5628,0.3932943,0.3933,0.9999999,328.3970,52
49.9936,53.0598,19.2748,0.6027885,COC(=O)C1Oc2ccccc2C12CC(Cc1nnc(-c3ccc([N+](=O)[O-])cc3)o1)N2,1,0.6427216,0.6427,0.3740377,0.3740,0.9992138,422.3970,52
29.1303,34.5607,49.9601,0.7043404,Cc1ccc(S(=O)(=O)NC(C)C(c2ccccc2)N2CCN(c3cnccn3)CC2)cc1,1,0.7041769,0.7042,0.5950149,0.5950,0.9885491,451.5960,52
39.7884,41.6498,1.8154,0.3622096,O=C(c1ccc(-c2cn(-c3ccccc3)c(S(=O)(=O)NO)n2)cc1)N1CCOCC1,1,0.2715401,0.2715,0.5979700,0.5980,0.9986253,428.4700,52
24.1344,31.5177,-15.8486,0.1305760,O=C(O)c1ccc(NC(=O)N2CCN(S(=O)(=O)N3CCOCC3)CC2)cc1,1,0.0594029,0.0594,0.7430340,0.7430,0.9999134,398.4410,52
38.3743,41.4533,-41.4533,0.0000000,C(C)(C)C(=O)OCOP(=O)(OC(CC)(O)OO)(O)O,0,0.0000000,0.0000,0.0000000,0.0000,0.0000000,0.0000,52
23.5123,24.8839,-14.3845,0.0874943,CCc1ccc2nc(N)[nH]c2c1,1,0.0360923,0.0361,0.6685099,0.6685,0.7373604,161.2080,52
23.1371,24.7583,-19.4986,0.0438311,CC(=O)Nc1ccc(C(C)=NNC(=O)c2ccc(Cl)cc2)cc1,1,0.0128869,0.0129,0.6658793,0.6659,0.9999998,329.7870,52
29.4740,31.0420,15.3906,0.3869382,CN1CCCC(Nc2ncc(S(N)(=O)=O)cc2[N+](=O)[O-])C1,1,0.2985624,0.2986,0.5964656,0.5965,0.9999998,315.3550,52
39.0907,43.7123,7.9739,0.4307181,Nc1nocc1CN1CN(c2ccc(C(F)(F)F)cc2)C(=O)c2ccccc21,1,0.3276106,0.3276,0.7365809,0.7366,0.9999658,388.3490,52
41.0377,48.1127,-33.9414,0.1180943,CCn1c(C(=O)N2CC23Cc2ccccc2N3)nc2ccccc21,1,0.0515344,0.0515,0.7392714,0.7393,0.9999998,318.3800,52
30.4020,32.2149,11.9809,0.3682985,O=C(NC1CCCN(Cc2ccc(O)cc2)C1)c1cc(F)ccc1F,1,0.2478023,0.2478,0.8946046,0.8946,0.9999993,346.3770,52
33.2793,38.7560,-2.9768,0.2981593,Cc1cc(N2CC(C)CC(C)C2)nc(NC(=O)Nc2ccc3nc(C)oc3c2)n1,1,0.1977640,0.1978,0.6850781,0.6851,0.9999399,394.4790,52
37.6633,41.9968,44.3824,0.7198262,CN1c2ccccc2-c2sc(=O)n(CC(=O)Nc3cccc(-n4cnnn4)c3)c2S1(=O)=O,1,0.7790738,0.7791,0.4767907,0.4768,0.9431290,469.5080,52
28.4294,33.7769,16.0710,0.4153995,CN1CCN(c2ccc(NC(=O)c3ccc(S(N)(=O)=O)cc3)cc2C(N)=O)CC1,1,0.3231418,0.3231,0.6450040,0.6450,0.9994995,417.4910,52
23.6586,30.8663,29.0335,0.4991652,COc1ccc(S(=O)(=O)Nc2ccc3c(c2)CCN3C(=O)O)cc1,1,0.3837705,0.3838,0.8850560,0.8851,0.9999992,348.3800,52
28.8720,33.5519,34.6255,0.5681447,COc1cccc(-n2cc(SC(C(=O)NC(N)=O)c3ccccc3)nn2)c1,1,0.5083932,0.5084,0.6318302,0.6318,0.9999782,383.4330,52
45.7226,50.4977,22.5527,0.6087533,COc1ccc(OC(=O)c2ccc(OC(=O)CC3(C)OC4C5CC(=O)OC4C5O3)cc2)cc1,1,0.6078904,0.6079,0.4809054,0.4809,0.9851831,454.4310,52
30.1516,36.1880,40.4434,0.6385949,O=C(NN=C1C(=O)N(Cc2ccccn2)c2ccccc21)Nc1ccc(Br)cc1,1,0.6131760,0.6132,0.5912883,0.5913,0.9898282,450.2960,52
26.5088,30.7920,35.3552,0.5512263,Cc1ccc(-c2csc(NC(=O)OCc3ccc([N+](=O)[O-])cc3)n2)cc1,1,0.5159131,0.5159,0.5159802,0.5160,0.9999940,369.4020,52
26.2253,28.8196,-7.3841,0.1786289,Fc1cc(Nc2ccc3nnc(C(F)(F)F)n3n2)cc(F)c1F,1,0.0998838,0.0999,0.5774658,0.5775,0.9999998,333.1950,52
45.8307,60.8883,-1.1796,0.4975733,Cc1cccc(NC(=O)Nc2ccc(N[S+](N)([O-])O)c(CN(CC3CC3)C3CCCC3)c2)c1C,1,0.5321269,0.5321,0.3154914,0.3155,0.7735518,486.6620,52
34.2311,39.7183,-19.8475,0.1655895,CCC(OC(=O)C(=NOC)c1ccc(-n2cnnn2)cc1)c1ccccc1,1,0.1023361,0.1023,0.3631305,0.3631,0.9999959,365.3930,52
26.7146,32.7559,24.7563,0.4792685,CN(C)c1nc(CN2CCC(NC(=O)c3ccccc3O)CC2)cs1,1,0.3655321,0.3655,0.8563590,0.8564,0.9999974,360.4830,52
37.1245,56.0632,-56.0632,0.0000000,c12sc(nc1cc(Oc1ccnc(NC(=O)Nc3cc(OC)ccc3)=O)cc1n2C)NC(=O)C,0,0.0000000,0.0000,0.0000000,0.0000,0.0000000,0.0000,52
23.7280,26.0286,54.8855,0.6742843,Cc1ccc(S(=O)(=O)NC(C)c2nc3ccccc3[nH]2)cc1,1,0.6120439,0.6120,0.7770989,0.7771,0.9999998,315.3980,52
29.0960,37.0110,-21.7949,0.1268009,O=C(NCC1CCCN1Cc1ccccc1)NNC(=S)Nc1ccc(F)cc1,1,0.0654029,0.0654,0.4581911,0.4582,0.9998851,401.5110,52
33.9044,45.9957,-22.0313,0.1997033,CCC(=O)N1N=C(NC(=O)c2ccc(NS(=O)(=O)c3ccc(Cl)cc3)cc2)Nc2ccccc21,1,0.1336946,0.1337,0.4916259,0.4916,0.5467440,497.9640,52
33.7777,39.0478,21.3291,0.5031407,COc1ccc(N2CCN(c3nnc(SCc4ccc(N5CCCS5(=O)=O)cc4)n3C)CC2)cc1,1,0.5920908,0.5921,0.4452481,0.4452,0.2055759,514.6770,52
32.5686,36.2550,30.9117,0.5597228,COc1ccc(OCc2csc(N3N=C(c4ccc(O)cc4)CC3c3ccccc3)n2)cc1,1,0.5769570,0.5770,0.3803422,0.3803,0.9803403,457.5550,52
36.6616,41.4124,-27.1443,0.1189013,Cn1cc(NCC2C(c3ccccc3)CCN2C(=O)O)cn1,1,0.0490516,0.0491,0.9091724,0.9092,0.9999990,300.3620,52
32.4506,48.2860,-1.2914,0.3916220,Cn1cccc1C1NC(=O)NC(=NC2CCCC2)N1c1cc2ccccc2o1,1,0.2870231,0.2870,0.7271579,0.7272,0.9999875,377.4480,52
24.6020,31.9083,-1.4245,0.2540313,COCCNC(=NCc1ccc(N(C)c2ccccc2)cc1)NN,1,0.2126820,0.2127,0.2384397,0.2384,0.9999999,327.4320,52
33.5915,36.9363,18.4333,0.4614130,Cc1cc(Br)ccc1Nc1nc2cnc(N3CCNCC3)nc2s1,1,0.3671828,0.3672,0.6972627,0.6973,0.9998367,405.3250,52
25.7326,28.2514,-20.1493,0.0675175,O=C(O)C(=O)N1CCCN(C(=O)c2cccc(F)c2)CC1,1,0.0229280,0.0229,0.7687723,0.7688,0.9999983,294.2820,52
29.4462,35.3761,1.0621,0.3036517,Cc1nnc(Sc2nc(NC3CC3)cc(N3CCN(C)CC3)n2)s1,1,0.1934838,0.1935,0.8102581,0.8103,0.9999965,363.5160,52
29.5501,33.1893,-10.4303,0.1896587,Cc1cccc(-c2nc(NC(=O)c3ccccc3Br)c3ccccc3n2)c1,1,0.1154146,0.1154,0.4699669,0.4700,0.9994611,418.2940,52
33.9719,38.3382,-15.5961,0.1895173,Cc1nn(C)c2nc(-c3cccs3)nc(C(=O)Nc3ccc(N4CCNCC4)cc3)c12,1,0.1123837,0.1124,0.5143491,0.5143,0.9978088,433.5410,52
29.4970,37.9114,-29.8178,0.0674463,NC(=O)C1=NNC(=S)N(C(=O)c2ccccc2O)CC1,1,0.0238872,0.0239,0.6625369,0.6625,0.9999980,292.3200,52
41.7150,54.5264,-54.5263,0.0000006,CC(NC(=O)C(Cc1c[nH]c2ccccc12)NC(=O)C(N)Cc1cnc[nH]1)C(=O)NC(CC(N)=O)NC(=O)c1ccccn1,1,0.0000000,0.0000,0.0841840,0.0842,0.0000783,602.6560,52
25.9829,31.6308,40.0052,0.5969669,O=C1NC(=Cc2ccc(O)c(O)c2)C(=O)N1CCc1ccc(Cl)cc1,1,0.6030679,0.6031,0.4451125,0.4451,0.9999977,358.7810,52
32.0913,38.8351,16.5887,0.4618647,Cc1ccc(CNC(=O)Nc2ncnc3c2nc(NC(=O)c2ccccc2)n3C2OC(CO)C(O)C2O)cc1,1,0.8175102,0.8175,0.2038984,0.2039,0.0435380,533.5450,52
28.5724,30.3914,-30.3911,0.0000024,Cc1cc(C)cc(N(O)c2ccc(C(=O)O)cc2)c1,1,0.0000000,0.0000,0.8256552,0.8257,0.9999489,257.2890,52
35.7363,33.6650,-10.3079,0.1946423,Cc1sc(CNC(=O)c2ccc(CN)cc2)nc1-c1ccccn1,1,0.1048150,0.1048,0.7493831,0.7494,0.9999996,338.4360,52
33.8268,37.3491,-24.0103,0.1111566,Cc1ncsc1C(C)NC(=O)N1CCNN1,1,0.0478743,0.0479,0.7069122,0.7069,0.9997776,241.3200,52
31.1818,42.5606,-26.5336,0.1335579,NC(=O)NNc1nc(N2CCN(C(=O)c3ccc(F)cc3)CC2)nc2sc3c(c12)CCCC3,1,0.0690405,0.0690,0.5061076,0.5061,0.9429410,469.5460,52
32.3235,39.8606,35.2212,0.6256814,CC(=O)Nc1cccc(S(=O)(=O)N(CC(=O)Nc2cccc(O)c2)Cc2ccc(Cl)cc2)c1,1,0.6712688,0.6713,0.4462364,0.4462,0.7518428,487.9650,52
30.4319,34.0510,-4.5945,0.2454712,Fc1ccc(-c2nc3cnccn3c2N2CCC(N3CCNCC3)C2)cc1,1,0.1449540,0.1450,0.7685964,0.7686,0.9999955,366.4440,52
36.0279,36.7318,26.3866,0.5259871,N#Cc1cc(-c2cccnc2)c(=O)n(CN2CCN(c3ccccc3)CC2)c1N,1,0.4354809,0.4355,0.7387368,0.7387,0.9999713,386.4590,52
29.3775,33.2222,16.4181,0.4136694,O=C(NNC(=O)c1ccc2cccnc2c1O)c1cc2c(F)cccc2s1,1,0.3527972,0.3528,0.4644433,0.4644,0.9999820,381.3880,52
25.8090,31.1079,31.3959,0.5208644,COc1ccc(N2C(=O)NC(=O)C(=Cc3cc(Br)ccc3O)C2=O)c(OC)c1,1,0.4672396,0.4672,0.5519658,0.5520,0.9923037,447.2410,52
25.3764,25.2997,38.9080,0.5350641,Brc1ccc(N2CCN(Cc3ccc4c(c3)OCO4)CC2)nc1,1,0.4325708,0.4326,0.8238177,0.8238,0.9999888,376.2540,52
28.1301,33.0421,48.7268,0.6814077,Cc1ccc(CNC(=O)N2CCN(c3nn4cc(-c5ccc(F)cc5)nc4s3)CC2)cc1,1,0.7011622,0.7012,0.5116126,0.5116,0.9895965,450.5430,52
31.8325,40.9449,-14.2146,0.2227522,CC(NC(=O)NC1C=CC(N(C)N)C1)c1cccs1,1,0.1474340,0.1474,0.4456765,0.4457,0.9999939,280.3970,52
37.4589,43.0495,-43.0495,0.0000000,[N+](=O)(C)=NC1N=C2NC=CC2N1,0,0.0000000,0.0000,0.0000000,0.0000,0.0000000,0.0000,52
30.6416,38.1592,-32.0057,0.0512793,Cc1sc(NC(=O)C(=Cc2cccs2)NC(N)=O)c(C)c1C,1,0.0155965,0.0156,0.7483681,0.7484,0.9999998,335.4540,52
35.7337,40.4283,16.1656,0.4716158,Cc1ccc(N)cc1N=Nc1c(N)c(N)n(-c2ccccc2)c(=O)c1C#N,1,0.4202824,0.4203,0.4847837,0.4848,0.9999976,359.3930,52
38.2406,44.4669,-24.0863,0.1698384,CN(C)C(=O)c1cn(C2CC(C)(N)NC(=O)N2)nn1,1,0.0908433,0.0908,0.6254027,0.6254,0.9999797,267.2930,53
35.2218,41.1682,10.3423,0.4292546,O=C1C2C3CCC(C3)C2C(=O)N1N(C(=O)c1cnccn1)c1ccc2c(c1)OCO2,1,0.3286257,0.3286,0.7164044,0.7164,0.9998198,406.3980,53
26.5758,30.6236,25.0034,0.4635581,CN(Cc1cccc(NS(C)(=O)=O)c1)C(=O)CSc1nc2ccccc2o1,1,0.3844243,0.3844,0.6077415,0.6077,0.9998341,405.5010,53
29.5769,34.4802,-12.0331,0.1870592,NCc1ccccc1Oc1nc2ccccc2nc1-c1ccccc1O,1,0.1066210,0.1066,0.5786907,0.5787,0.9999995,343.3860,53
25.3771,34.4151,47.4181,0.6819429,CC(=O)Nc1cccc(Oc2nccc(N3CCN(S(=O)(=O)c4ccccc4)CC3)n2)c1,1,0.6672825,0.6673,0.6118421,0.6118,0.9863544,453.5240,53
24.1890,33.2496,-10.8435,0.1867172,CN(C)c1ccc(NC(=O)Nc2ccc3c(nnn3C)n2)cc1,1,0.0979044,0.0979,0.7728855,0.7729,0.9999996,311.3490,53
40.0752,50.2963,28.3019,0.6549856,Cc1ccc2c(c1)CN(C(=O)c1noc(N(CC(N)=O)C3CCOC3)n1)CC2,1,0.5815522,0.5816,0.8037185,0.8037,0.9999739,385.4240,53
25.5976,24.7520,-24.7518,0.0000016,CCCC=CCCCCCCCCC(=O)OC(CO)COC(=O)CCCCCCCC,1,0.0000000,0.0000,0.1156922,0.1157,0.9957853,440.6650,53
37.3271,40.8678,-5.3070,0.2963397,Nn1c(=O)[nH]c2cc(-c3c(C(F)(F)F)cc[nH]c3=O)ccc21,1,0.2042975,0.2043,0.5929636,0.5930,0.9999996,310.2350,53
37.4459,45.4900,32.8063,0.6524690,Cc1cccc(S(=O)(=O)Nc2nc(N(C)C)cc(N(CC(=O)O)C3CCCC3)n2)c1,1,0.6140921,0.6141,0.6523161,0.6523,0.9978102,433.5340,53
25.3343,30.7884,44.2037,0.6249341,CN1CCN(S(=O)(=O)N2CCN(CC(=O)Nc3ccc(-c4ccccc4)cc3)CC2)CC1,1,0.5650632,0.5651,0.7098407,0.7098,0.9802603,457.6000,53
28.1470,39.5658,48.1679,0.7311142,O=C(NC(=O)N1CCc2ccccc2C1)NC1CCN(Cc2cccc(F)c2)CC1,1,0.6774511,0.6775,0.8164141,0.8164,0.9997372,410.4930,53
31.6035,40.9348,21.8142,0.5229084,CC(=O)N1CCN(C(=O)Nc2ccc(C)c(Cl)c2)C1c1ccc(NS(=O)(=O)c2ccccc2)cc1,1,0.5914671,0.5915,0.5104669,0.5105,0.2316367,513.0190,53
30.6439,39.8566,-7.4502,0.2700533,COc1cc(NC(N)=O)cc(Nc2ccccc2C(F)(F)F)c1ON,1,0.1770650,0.1771,0.6148698,0.6149,0.9999982,356.3040,53
23.8388,28.8191,-13.5638,0.1271277,Cc1ccccc1N1CCCC(NC(=O)Nc2ccc(F)cc2)C1,1,0.0541768,0.0542,0.8971279,0.8971,0.9999999,327.4030,53
26.3705,26.9359,29.2657,0.4683463,CC(=O)Nc1ccc(S(=O)(=O)Nc2nc3ccccc3[nH]2)cc1,1,0.3773642,0.3774,0.6826103,0.6826,0.9999998,330.3690,53
33.0455,36.5227,34.1731,0.5891315,CC(C)(C)c1ccccc1NC(=S)Nc1cccc(Oc2ccc([N+](=O)[O-])cn2)c1,1,0.6618543,0.6619,0.3009992,0.3010,0.9992056,422.5100,53
24.9484,34.1090,34.0812,0.5682511,O=C(Nc1ccc(Cl)cc1)N(Cc1ccccn1)C1CCN(c2cnccn2)CC1,1,0.5010754,0.5011,0.6656101,0.6656,0.9991750,422.9200,53
34.8417,35.8751,-35.8750,0.0000002,CCCCCCCCCCCCCC(=O)OC(COC(=O)CCCCCCCCC(=O)O)COP(=O)(O)OC1C(O)C(O)C(O)C(O)C1O,1,0.0000000,0.0000,0.0329911,0.0330,0.0000000,728.8100,53
33.5477,38.9230,24.6457,0.5297394,CN(C)c1nc2c(c(C3CCN(Cc4nc(-c5ccccc5)no4)CC3)n1)CCCN2,1,0.4515884,0.4516,0.6742841,0.6743,0.9993960,419.5330,53
25.0623,23.6878,-21.4889,0.0183240,C=CC(N)=C[N+](=O)[O-],1,0.0073842,0.0074,0.3175299,0.3175,0.0353610,114.1040,53
43.4543,52.3064,16.9795,0.5773825,Cc1cc(NC(=O)C2(O)CCSC2)cc(C)c1ON1CC(C)NS1(=O)=O,1,0.5066701,0.5067,0.6931138,0.6931,0.9998851,401.5100,53
33.3789,52.0045,0.4360,0.4370043,Cc1ccc(N2CC(=Cc3cccs3)N=C2SC2CN(C)S(=O)(=O)C2)cc1C,1,0.3347370,0.3347,0.7352675,0.7353,0.9977920,433.6240,53
58.0188,70.5469,-37.8038,0.2728592,Cc1ccc(CCC(=O)NCc2cccc(-c3ccc(C4NC(O)C(O)C(SC5NCC(N)C5O)O4)cc3)c2)cc1,1,0.6959364,0.6959,0.2020971,0.2021,0.0007084,578.7350,53
24.7080,36.4687,-18.3867,0.1506832,O=C1Cc2cc(Oc3ccc(NC(=O)Nc4ccccc4)nn3)ccc2N1,1,0.0753872,0.0754,0.6603627,0.6604,0.9999971,361.3610,53
33.1460,33.7936,-10.5343,0.1938270,COc1ccc(S(=O)(=O)N(Cc2ccccc2)Cc2ccc(CN)o2)cc1OC,1,0.1123429,0.1123,0.5757853,0.5758,0.9995432,416.4990,53
28.6095,31.7272,-12.5295,0.1599807,COc1ccccc1-c1cc2c([nH]1)CCN(S(=O)(=O)c1ccccc1)C2,1,0.0786720,0.0787,0.7673053,0.7673,0.9999945,368.4580,53
28.4211,33.1665,-15.4481,0.1476539,CN1CCN(c2cccc3nnc(NCc4cccs4)n23)CC1,1,0.0694455,0.0694,0.7951899,0.7952,0.9999999,328.4450,53
22.6378,31.9033,30.9687,0.5239333,NC(=O)Nc1ccc(-c2nnc(SCc3ccc(F)cc3)n2N)cc1,1,0.4900264,0.4900,0.4793056,0.4793,0.9999979,358.4020,53
48.8974,57.5570,-11.4831,0.3839484,COc1cc(NC(=O)OC2COC3OCCN(C(=O)c4ccoc4C)C23)cnc1OC,1,0.2764204,0.2764,0.7522114,0.7522,0.9978336,433.4170,53
27.2240,32.5290,6.7682,0.3274765,COCCn1c(=NC(=O)N2CCOCC2)sc2cc(NC(C)=O)ccc21,1,0.2107215,0.2107,0.8768446,0.8768,0.9999862,378.4540,53
27.9545,33.7020,-19.4715,0.1185873,CN(C)N1C(=O)NC(C)(Cc2ccc(F)cc2)C1=O,1,0.0500823,0.0501,0.8342576,0.8343,0.9999756,265.2880,53
28.5936,33.1186,25.0971,0.4851312,COc1cc(C(=O)N(Cc2ccccc2)c2cccc(C)c2)ccc1O,1,0.3883617,0.3884,0.7361540,0.7362,0.9999992,347.4140,53
30.7649,39.6883,10.4334,0.4176809,CC(=O)N1CCN(c2ccccc2NC(=O)Nc2ccccc2C)C(C)(C)C1,1,0.3016735,0.3017,0.8430376,0.8430,0.9999834,380.4920,53
32.2035,32.8721,-6.4294,0.2203560,Cc1ccc(C2c3c([nH]c4ccccc34)CCN2CC(N)=O)cc1,1,0.1237401,0.1237,0.7795379,0.7795,0.9999998,319.4080,53
34.8690,36.4205,48.3260,0.7062210,COc1ccc(OC)c(-c2nc3c(c(-c4cccc(C)c4)n2)CNC3)c1,1,0.6533997,0.6534,0.7790710,0.7791,0.9999992,347.4180,53
22.9764,30.5180,-11.2190,0.1608249,CN(C)S(=O)(=O)N1CCCN(Cc2cccc(N)n2)CC1,1,0.0771265,0.0771,0.8444103,0.8444,0.9999997,313.4270,53
48.6590,47.6603,33.2277,0.6740671,CN1Cc2ncn(C3OC(COP(=O)(O)OP(=O)(O)O)C4OC(C)(C)OC43)c2N=N1,1,0.6988434,0.6988,0.5019359,0.5019,0.9442255,469.2840,53
27.3194,28.8077,17.2256,0.3836114,COc1ccccc1OC(C)C(=O)NNC(=O)c1ccc(O)cc1,1,0.2790049,0.2790,0.7241292,0.7241,0.9999998,330.3400,53
41.8946,49.4670,22.2359,0.5975240,O=C(c1cc(-c2ccc(F)cc2)no1)N1Cc2nc[nH]c2C(OCn2cccn2)C1,1,0.5699942,0.5700,0.5448505,0.5449,0.9997834,408.3930,53
35.7289,42.6167,9.6539,0.4355883,O=NN1CCN(C=CC=NCc2ccccc2F)NC1,1,0.3440076,0.3440,0.6567418,0.6567,0.9999919,277.3030,53
34.8656,38.2803,-20.6753,0.1467083,CN(C)c1ccc(N(C=O)c2cccc(N3CCNCC3)n2)s1,1,0.0675480,0.0675,0.8484563,0.8485,0.9999998,331.4450,53
25.2205,25.4598,-12.6967,0.1063593,CC(Cl)C(=O)NC12CC3CC(CC(C3)C1)C2,1,0.0443590,0.0444,0.7404343,0.7404,0.9997865,241.7620,53
31.9958,38.2723,-3.6556,0.2884724,CC(=O)Nc1ccc(SN2CCN(CCNC(=O)NC34CC5CC(CC(C5)C3)C4)CC2)cc1,1,0.2050105,0.2050,0.5305480,0.5305,0.9314512,471.6710,53
41.1956,52.3281,-35.7406,0.1382290,Cc1ccc(C2(c3ccc(C)cc3)NC(=O)SN2N2Cc3ccccc3N=C2N)cc1,1,0.0685929,0.0686,0.5975143,0.5975,0.9984819,429.5490,53
44.9425,49.1984,-11.4315,0.3147241,COc1ncc2c(n1)N(C(=O)c1ccc(F)cc1)CN(S(=O)(=O)c1ccc(=O)[nH]c1)CC2,1,0.2205031,0.2205,0.6206219,0.6206,0.9766598,459.4590,53
28.0573,32.1160,-13.5453,0.1547561,Cc1noc(C)c1S(=O)(=O)NCC(O)c1cccc([N+](=O)[O-])c1,1,0.0806790,0.0807,0.5950807,0.5951,0.9999995,341.3450,53
27.0963,36.8418,16.7712,0.4467751,CNCCNc1cc(Nc2cccc(C)c2)nc(Nc2ccc(C)cc2)n1,1,0.3974008,0.3974,0.4499300,0.4499,0.9999968,362.4810,53
28.9527,30.3848,37.6260,0.5667564,CC(C)(C)c1nnc2ccc(N3CCCC(C(=O)Nc4ccccn4)C3)nn12,1,0.4819133,0.4819,0.7526522,0.7527,0.9999849,379.4680,53
31.7214,32.3755,-2.5920,0.2481957,CN(C)c1ncnc(NC(=O)CCC2CCNC2)c1N,1,0.1498185,0.1498,0.7235919,0.7236,0.9999927,278.3600,53
29.3861,33.6857,-12.9874,0.1724860,Cc1ccc(C(=O)Nc2ccccc2NC(=O)Cn2cccn2)c(C)n1,1,0.0884741,0.0885,0.7411604,0.7412,0.9999990,349.3940,53
28.7078,31.4485,30.8589,0.5192282,COc1ccc(CN2CCN(c3cc([N+](=O)[O-])ccn3)CC2)cc1F,1,0.4511889,0.4512,0.6116981,0.6117,0.9999993,346.3620,53
24.5723,31.1683,43.7760,0.6245359,COc1ccc(-c2cc(C(=O)N3CCN(Cc4cccc(Cl)c4)CC3)n[nH]2)cc1,1,0.5660666,0.5661,0.6963219,0.6963,0.9997271,410.9050,53
53.4430,67.0606,-35.7996,0.2605083,Cc1ccccc1C1CC2=N[N+]34N=CNC(=NCN2C)c2ccccc2NC3=NN14,1,0.1607373,0.1607,0.7206466,0.7206,0.9998956,400.4700,53
33.4360,36.3199,-21.0832,0.1269724,Cc1cc(N2CCOC(CNc3cc(Cl)ccn3)C2)n[nH]1,1,0.0539450,0.0539,0.9051449,0.9051,0.9999995,307.7850,53
22.4855,26.9529,-17.0621,0.0824230,NC1CCN(Cc2nccn2-c2ccccc2)C1,1,0.0292883,0.0293,0.8848285,0.8848,0.9997973,242.3260,53
25.8080,33.9962,-12.5064,0.1790816,CCc1nn(C)c(N)c1NC(=O)N(C)Cc1nccn1C,1,0.0889634,0.0890,0.8770331,0.8770,0.9999978,291.3590,53
33.5973,37.5683,56.1060,0.7806190,Cc1cc(-c2ccc(C(F)(F)F)cc2)nc(C2CCN(S(N)(=O)=O)C2)n1,1,0.7286914,0.7287,0.8776048,0.8776,0.9999714,386.3990,53
44.8849,54.6025,4.6556,0.4938180,O=C(c1ccc(Cl)cc1)N1CCC(C(=O)NO)(N(C(=O)O)C(=O)NC2COc3ccccc32)CC1,1,0.5460833,0.5461,0.3706800,0.3707,0.4333702,502.9110,53
23.0342,25.2294,-11.5287,0.1141724,Cc1ccc(S(=O)(=O)NC2CCN(c3nccs3)CC2)cc1,1,0.0459834,0.0460,0.9304662,0.9305,0.9999997,337.4700,53
29.6654,35.0550,-13.9843,0.1755887,COc1ccc(S(=O)(=O)NCC(=O)Nc2ccccc2C(=O)Nc2ccc(OC)c(Cl)c2)cc1,1,0.1220695,0.1221,0.4103091,0.4103,0.4097263,503.9640,53
25.1868,30.6556,11.7095,0.3530425,COc1ccc(NC(=O)NNc2nc(C)c(C)s2)cc1,1,0.2446353,0.2446,0.7573880,0.7574,0.9999980,292.3640,53
25.2119,36.8367,14.3681,0.4267065,Cc1ccc(NC(=O)C2CN(c3ccccc3C(F)(F)F)C(=O)N2)nc1,1,0.3072934,0.3073,0.8794486,0.8794,0.9999962,364.3270,53
30.1012,35.9523,43.1543,0.6592214,Cc1ccc(-c2noc(CN(C)C(=O)Nc3ccc(S(=O)(=O)Cl)cc3)n2)cc1,1,0.6288567,0.6289,0.6315007,0.6315,0.9993164,420.8780,53
27.9355,30.8280,-21.6429,0.0765419,CCOc1ccccc1NC(=O)C1(C)CN1,1,0.0275908,0.0276,0.7536310,0.7536,0.9984567,220.2720,54
41.2696,44.9497,10.1638,0.4592791,Cc1ccc(N2NN(C3CC3)C3=C(C(=O)NCC3)C2=O)cc1C,1,0.3496726,0.3497,0.8082913,0.8083,0.9999997,312.3730,54
33.9939,38.5101,26.7357,0.5437150,COc1ccc(CCNc2nc3c(s2)CN(Cc2ccccc2)C(C)C3)cc1OC,1,0.4927836,0.4928,0.5659138,0.5659,0.9991232,423.5820,54
29.1499,40.3960,-15.3031,0.2091074,Cc1ccccc1NC(=O)Nc1ccc(O)c(C=C2Nc3ccccc3O2)c1,1,0.1319754,0.1320,0.4787666,0.4788,0.9999914,373.4120,54
28.8208,40.2692,-17.8701,0.1866594,CC(=O)Nc1ccc(S(=O)(=O)Nc2ccc(-n3cnnn3)c(C(=O)Nc3ccncc3)c2)cc1,1,0.1236431,0.1236,0.3636787,0.3637,0.8787640,478.4940,54
39.6033,46.4390,18.4110,0.5404165,Cc1ccc(CN2CN(c3ccc(C)c(C)c3)c3c(N)nc(-c4ccccn4)nc32)cc1,1,0.5091330,0.5091,0.4896735,0.4897,0.9992037,422.5360,54
29.5400,35.4960,10.0164,0.3792702,Cn1cc(NCc2cccc(CN3CCn4ccnc4C3)c2)cn1,1,0.2684795,0.2685,0.7826273,0.7826,0.9999999,322.4160,54
19.7967,25.0575,-7.2631,0.1482870,O=C(Nc1ccncc1)NC1CCN(Cc2ccccc2)C1,1,0.0672078,0.0672,0.9110593,0.9111,0.9999986,296.3740,54
29.8434,30.5977,43.8026,0.6200031,Cc1cc(C)n(CCn2cc(-c3ccc(F)cc3)nn2)n1,1,0.5505266,0.5505,0.7400240,0.7400,0.9999961,285.3260,54
24.6263,30.2288,18.3935,0.4051863,Nc1cc(C(=O)Nc2cnn(Cc3ccccc3)c2)n[nH]1,1,0.3078964,0.3079,0.6743088,0.6743,0.9999949,282.3070,54
25.8651,34.0008,15.5159,0.4126387,O=C1NC(=NNc2ccccc2)C(=O)N1CCN1CCCC1,1,0.3222738,0.3223,0.6295967,0.6296,0.9999991,301.3500,54
33.9322,43.9662,-11.5341,0.2702675,CC1CN(C(=O)c2ccccc2)CCN1c1nc(N2CCN(c3ccccc3)CC2)nc2c1CN(C)CC2,1,0.2244761,0.2245,0.5334633,0.5335,0.2544124,511.6740,54
37.5507,46.7825,-17.3037,0.2456565,Cc1ccc(CN(C(=O)c2ccccc2OS(=O)(=O)c2ccc(Cl)cc2)C(C)c2ccc(C)cc2)cc1,1,0.3243105,0.3243,0.2259601,0.2260,0.0415424,534.0770,54
23.7231,29.3356,27.1843,0.4709990,Cc1nn(C)c(C)c1S(=O)(=O)N1CCN(C(=O)Nc2ccccc2Cl)CC1,1,0.3587361,0.3587,0.8384021,0.8384,0.9997004,411.9150,54
39.0373,42.1256,5.2318,0.3946453,COc1ccc2nc(N3CCC(c4ncn[nH]4)CC3)c(N)nc2c1,1,0.2871041,0.2871,0.7549127,0.7549,0.9999999,325.3760,54
29.6505,40.5753,-0.5567,0.3334880,Cc1ccc(NC(=O)OCc2csc(-c3ccc(-c4ccc(Br)cc4)o3)n2)c(C)c1,1,0.2950281,0.2950,0.3261649,0.3262,0.8220230,483.3870,54
37.4318,45.2292,-45.2292,0.0000000,c1(cc2nccc(N(Cc3ccccc3)C)nc2cc1)NS(=O)(c1[nH]ncc1)=O,0,0.0000000,0.0000,0.0000000,0.0000,0.0000000,0.0000,54
35.9310,45.9628,-3.3277,0.3552928,CN(Cc1nc2c(cc1NS(=O)(=O)c1cccs1)OCC2)c1cnccn1,1,0.2551983,0.2552,0.6743567,0.6744,0.9998621,403.4890,54
25.6911,29.6432,-21.2317,0.0700958,NCOc1ccc(NC(N)=O)cc1F,1,0.0257291,0.0257,0.6227357,0.6227,0.9893354,199.1850,54
29.0984,36.8756,36.3144,0.6099169,O=C(Nc1nc2c(o1)CN(C(=O)O)C2)Nc1ccccc1F,1,0.5279189,0.5279,0.7895290,0.7895,0.9999995,306.2530,54
39.4441,53.6238,-5.2684,0.4029621,Cc1cnc(-c2ccccn2)nc1CS(=O)(=O)N1CCN(c2nc(N)nc3sc(-c4ccccc4)cc23)CC1,1,0.8109245,0.8109,0.3309192,0.3309,0.0044703,558.6930,54
27.2373,32.8224,33.7678,0.5549179,CCN1CCN(C(=O)Nc2ccc(Nc3ccnc(N(C)C)n3)cc2)CC1,1,0.4526748,0.4527,0.8431268,0.8431,0.9999940,369.4730,54
32.1967,35.5672,29.0852,0.5387697,O=C(Nc1cccc(C(=O)N2CCCC2)c1)C1CCCN1C(=O)NCCO,1,0.4546749,0.4547,0.7162495,0.7162,0.9999905,374.4410,54
47.3097,62.1998,-54.3573,0.0653543,COc1ccc(NC(=O)NC2OC(Nc3cc(OC)ccc3[N+](=O)[O-])C(OC(C)=O)CC2OC(=O)Cl)cc1,1,0.0666539,0.0667,0.1791083,0.1791,0.0075811,552.9240,54
29.7797,38.0010,-20.6814,0.1443295,Cc1ccc(C)c(NC(=O)c2ccccc2S(=O)(=O)N2CCN(Cc3ccccc3C)CC2)c1,1,0.0751178,0.0751,0.5724229,0.5724,0.8869895,477.6300,54
29.2554,41.5132,45.8382,0.7279280,COc1ccc(NC(=O)c2cc(Nc3cccc(C)c3)nc(N3CCN(C(N)=O)CC3)n2)cc1,1,0.7710001,0.7710,0.5151576,0.5152,0.9719028,461.5260,54
29.2291,33.5828,-9.2415,0.2028444,Cc1ccc(C2(Cc3ccc(O)cc3)NC(=O)N(CC(N)=O)C2=O)cc1,1,0.1133446,0.1133,0.7005059,0.7005,0.9999986,353.3780,54
40.0234,46.9904,-46.9904,0.0000000,C1(NC(=O)c2ccc2c(=O)n(c1)C)NC(=O)Nc1nnc(C)s1,0,0.0000000,0.0000,0.0000000,0.0000,0.0000000,0.0000,54
26.6567,32.0786,-5.0887,0.2249156,COc1ccc(C(N)c2ccc(F)cc2)cc1OCCN(C)C,1,0.1241919,0.1242,0.8526513,0.8527,0.9999998,318.3920,54
25.3074,30.8325,25.6550,0.4707292,O=C(O)c1ccc(NC(=S)N2CCN(Cc3ccccc3)CC2)c(O)c1,1,0.4015543,0.4016,0.5633160,0.5633,0.9999928,371.4620,54
30.3813,35.7741,38.7709,0.6212089,Cc1cccc(CSc2nnc(Nc3c[nH]c(=O)[nH]c3=O)s2)n1,1,0.5860716,0.5861,0.6002904,0.6003,0.9999992,348.4130,54
25.1040,25.1592,-14.5365,0.0885229,CSc1nc2ccc(C(=O)O)cc2[nH]1,1,0.0341481,0.0341,0.7404729,0.7405,0.9953410,208.2420,54
26.1194,28.9766,38.7416,0.5643182,Cc1ccc(-c2nc(NC(=O)Cc3ccc(O)cc3)sc2C)cc1,1,0.4803909,0.4804,0.7447982,0.7448,0.9999996,338.4320,54
21.8453,29.9960,-16.6317,0.1113695,Cc1ccc(S(=O)(=O)Nc2ccc(NC(C)c3ccc(F)cc3)nc2)cc1,1,0.0490569,0.0491,0.6552196,0.6552,0.9999738,385.4640,54
24.8274,32.0657,-23.9900,0.0672968,CN(C)S(=O)(=O)N(C)c1cc(N)cn1C,1,0.0226665,0.0227,0.7874830,0.7875,0.9994902,232.3090,54
31.2835,34.9655,13.6606,0.4052179,Nc1nccn2c(CN3CCN(C4CCOCC4)CC3)nnc12,1,0.2879425,0.2879,0.8528511,0.8529,0.9999998,317.3970,54
33.0790,34.1080,29.4964,0.5300365,COc1ccc(CCC(=O)Nc2cccc(NC(=O)C3CC3)c2)cc1C#N,1,0.4322808,0.4323,0.7876784,0.7877,0.9999965,363.4170,54
26.3556,29.4776,28.4473,0.4827074,Cc1cc(C)cc(-n2c(SCc3nc(-c4cccs4)no3)nc3ccccc3c2=O)c1,1,0.5165174,0.5165,0.2655818,0.2656,0.9927701,446.5570,54
29.6894,31.9830,-25.4554,0.0543964,CCCCCCCCCCCCC(=O)NC(=S)Nc1ccc(NC(=O)c2ccc(OC)cc2)cc1,1,0.0277013,0.0277,0.1810837,0.1811,0.5526488,497.7050,54
27.4492,29.5168,-23.8571,0.0471641,O=C(Nc1cccnc1NC1CCCC1)c1ccccc1Cl,1,0.0132051,0.0132,0.8819922,0.8820,0.9999998,315.8040,54
32.1506,40.3052,35.3897,0.6307913,O=C(COC(=O)c1ccc(NS(=O)(=O)c2ccc(F)cc2)cc1)Nc1cccc(C(=O)O)c1O,1,0.7785006,0.7785,0.2782284,0.2782,0.7434325,488.4490,54
38.1288,50.4639,6.0993,0.4713593,CC1CC(NS(N)(=O)=O)CN1S(=O)(=O)Nc1ccc(NN)nc1,1,0.4842993,0.4843,0.2943492,0.2943,0.9999958,365.4410,54
34.5091,46.4779,-19.3417,0.2261346,COc1cnc(N2CCc3ccccc32)nc1CC(C)NS(=O)(=O)c1ccc(C)cc1,1,0.1378743,0.1379,0.6086939,0.6087,0.9965277,438.5530,54
53.9325,64.5517,-27.7962,0.3062959,C=C1NC(=NC)c2nnc(CN3CCNCC3)n2N2NC(c3ccc(F)cc3)=NC12,1,0.2104773,0.2105,0.6302958,0.6303,0.9997380,410.4610,54
35.2408,42.6279,-14.1283,0.2374967,CS(=O)(=O)Nc1ccc(-c2cc3c(c(N)n2)CCN(C(=O)Nc2nccs2)C3)cc1,1,0.1509463,0.1509,0.5671777,0.5672,0.9939874,444.5420,54
25.8413,32.4729,59.9370,0.7700824,CN(Cc1ccccc1O)C(=O)Nc1cccc(S(=O)(=O)N2CCCC2)c1,1,0.7279720,0.7280,0.8227973,0.8228,0.9999621,389.4770,54
36.5367,38.1206,-21.0978,0.1418566,CC(=O)OCc1nc(Cl)nc(NCc2cc(F)cc(F)c2)n1,1,0.0643534,0.0644,0.8496648,0.8497,0.9999999,328.7060,54
28.6137,32.3350,-21.7374,0.0883130,COc1ccc(NC(=S)NNC(=O)c2ccc3c(c2)N(C)C(=O)CCO3)cc1,1,0.0372880,0.0373,0.5366048,0.5366,0.9998957,400.4600,54
34.6412,37.7861,-21.9392,0.1320575,CS(=O)(=O)Nc1cc(-c2ccc(Cl)cc2)c2c(n1)OCC2,1,0.0564072,0.0564,0.9422038,0.9422,0.9999999,324.7890,54
30.2678,33.1248,34.7259,0.5654222,Cc1nc2ccccn2c1C(=O)Nc1nnc(C2CCCNC2)s1,1,0.4785481,0.4785,0.7622977,0.7623,0.9999995,342.4280,54
44.7418,48.9254,-12.7241,0.3016773,COC1(O)CCC2C3CCC4CC(N(C)C)CCC4(C)C3(O)C(O)CC21C,1,0.2049898,0.2050,0.6407000,0.6407,0.9999817,381.5570,54
39.1060,44.0461,23.4836,0.5627476,NS(=O)(=O)c1ccc(NC(=O)Nc2ccn(-c3ccc4c(n3)OCCN4)n2)cc1,1,0.5357091,0.5357,0.5016566,0.5017,0.9995858,415.4350,54
34.6270,38.8921,-12.9260,0.2163840,Nc1ccc(C(N)(O)C(=O)O)cc1-c1cccc(F)c1,1,0.1370197,0.1370,0.4981813,0.4982,0.9999911,276.2670,54
26.7299,26.4093,-26.4091,0.0000024,Cn1c(=O)n(CCOc2ccc(Br)cc2)c2ccccc21,1,0.0000000,0.0000,0.7268434,0.7268,0.9999992,347.2120,54
49.7574,54.5832,-17.4821,0.3091761,CC1(C)CN(C(=O)N2CCCC([N+](=O)[O-])C2NS(N)(=O)=O)CC(O)O1,1,0.2446112,0.2446,0.3902709,0.3903,0.9999819,381.4110,54
62.8293,72.9142,-34.2524,0.3221820,CC1(CNC(=O)C2CN(CC(=O)NC3CCN(Cc4ccccc4)C3)CCN2)OCC(n2cnc3ncnc(N)c32)O1,1,0.8227483,0.8227,0.2575043,0.2575,0.0007122,578.6780,54
26.5788,30.4107,32.7327,0.5261950,O=S(=O)(Nc1cccc(S(=O)(=O)N2CCN(Cc3ccccc3)CC2)c1)c1cccs1,1,0.4784857,0.4785,0.5652488,0.5652,0.8869619,477.6330,54
31.2935,36.4385,36.1396,0.6048171,O=C(c1ccccc1Cl)N1Cc2ccccc2C(C(=O)N2CCN(c3cnccn3)CC2)C1,1,0.5669339,0.5669,0.5986733,0.5987,0.9708087,461.9530,54
26.1671,30.7312,56.2000,0.7244269,Cc1nc(N2CCN(S(=O)(=O)c3ccccc3F)CC2)cc(N(C)c2ccccc2)n1,1,0.7285896,0.7286,0.6057251,0.6057,0.9954365,441.5320,54
25.7755,27.7232,54.6512,0.6864534,Cc1cccc(NC(=O)N2CCC(C(=O)Nc3cccnc3)CC2)c1C,1,0.6046923,0.6047,0.8865128,0.8865,0.9999987,352.4380,54
33.4649,48.7636,37.0827,0.7153863,COc1ccc(-c2coc(S(=O)(=O)N3CCN(c4nccc(C)n4)CC3)n2)cc1O,1,0.7034041,0.7034,0.6425096,0.6425,0.9981880,431.4740,54
39.9974,46.7513,-30.9156,0.1319639,CC(N)c1cnnc(N2CCCC2CN(C)S(N)(=O)=O)c1,1,0.0598474,0.0598,0.7631642,0.7632,0.9999998,314.4150,54
36.8358,40.5428,-11.7133,0.2402454,CC(Cc1ccccc1)Oc1ccc(S(=O)(=O)Nc2ncnc3ccc(F)cc23)cc1,1,0.1630740,0.1631,0.4577350,0.4577,0.9968488,437.4960,54
34.0755,38.8944,44.1078,0.6916844,Cc1ccc(CNc2nccc(NC3COCC3(C)O)n2)cc1,1,0.6334081,0.6334,0.7827936,0.7828,0.9999998,314.3890,54
32.5602,36.6217,1.6149,0.3186376,COc1ccc(OC)c2sc(N(N)C(=O)c3cncn3-c3ccccc3)nc12,1,0.2710010,0.2710,0.3170310,0.3170,0.9999343,395.4440,55
43.9482,50.8324,-33.4294,0.1450247,CN1CCN(C(=O)N2CN(c3ccncn3)C3CCOCC32)C(c2ccccc2)C1,1,0.0686870,0.0687,0.7554334,0.7554,0.9997811,408.5060,55
27.1682,27.7083,27.2876,0.4582995,O=c1c2ccccc2nc(SCc2ccc(F)cc2)n1-c1cccc(F)c1,1,0.4355110,0.4355,0.3708974,0.3709,0.9999835,380.4190,55
39.8014,40.0642,0.2265,0.3357553,COc1ccc(CN2CC(c3c(C)noc3C)N(C(=O)OC(C)(C)C)CC2C)cc1,1,0.2298324,0.2298,0.7332738,0.7333,0.9995820,415.5340,55
31.8957,42.8815,23.2299,0.5509286,O=C1CN(c2ncccc2N2c3ccccc3NS2(=O)=O)CCN1c1ccccc1,1,0.4719827,0.4720,0.7028976,0.7029,0.9992773,421.4820,55
26.1922,30.7352,28.9864,0.4976797,CN(C)C(=O)Nc1ccc2c(c1)NC(=O)c1ccccc1CO2,1,0.3865236,0.3865,0.8504198,0.8504,0.9999996,311.3410,55
37.4318,46.3822,-6.6091,0.3314427,CCOC(=O)N1CCN(C(=O)CCC(C)Oc2nccnc2N2CCN(C)CC2)CC1,1,0.2357354,0.2357,0.6296187,0.6296,0.9975979,434.5410,55
33.1578,44.2592,3.5372,0.3983033,Cc1ccccc1N1CCN(C(=O)c2cc(N3CCc4ccccc4C3)nn2C2CCS(=O)(=O)C2)CC1,1,0.4266562,0.4267,0.5273208,0.5273,0.1404246,519.6710,55
26.6708,28.3966,-10.8092,0.1465620,CN(Cc1cc2ccccc2[nH]c1=O)S(=O)(=O)c1cccs1,1,0.0686839,0.0687,0.7963686,0.7964,0.9999998,334.4220,55
28.3034,27.6550,25.2777,0.4411063,OCC1OC(O)C(OCCc2ccc(O)cc2)C(O)C1O,1,0.3875717,0.3876,0.4607699,0.4608,0.9999990,300.3070,55
33.9257,40.0887,2.3789,0.3538967,O=C(Nc1cccc(C(=O)Nc2ccccn2)c1)C(=O)Nc1ccccc1OCCOc1ccccc1,1,0.3712379,0.3712,0.2339463,0.2339,0.5793834,496.5230,55
32.3061,46.1025,19.1306,0.5436087,COc1cc(NS(=O)(=O)c2ccc(C)cc2)cc(C(=O)N2CC(=O)N(S(=O)(=O)c3ccccc3)C2)c1,1,0.7612460,0.7612,0.4974952,0.4975,0.0614626,529.5960,55
22.6406,30.5397,-9.3994,0.1761694,CN1CCN(S(=O)(=O)Nc2cc(C#N)n(C)c2)CC1,1,0.0881990,0.0882,0.8327800,0.8328,0.9999954,283.3570,55
28.2660,35.5341,39.1501,0.6223685,NC(=O)Nc1c(Cl)cccc1NC(=O)Cn1cnc2ccccc2c1=O,1,0.5742666,0.5743,0.6506423,0.6506,0.9999925,371.7840,55
29.6988,41.1399,10.3359,0.4289645,CN(c1ccc(F)cc1)C1CN(c2ncc(Br)nc2N)C1,1,0.3057842,0.3058,0.9186597,0.9187,0.9999987,352.2110,55
64.0210,72.8439,-59.2952,0.1129062,CN(C)CCNC(=O)C12CCC3(C)C4CCC5C(C)(O)C(NC(=O)N6CCC(F)(F)C6)CCC5(C)C4CCC1C3(C)CN2C,1,0.2805938,0.2806,0.4290935,0.4291,0.0000134,621.8580,55
33.4273,37.4244,37.5320,0.6246365,CC(=NNC(=O)c1ccncc1)c1nn(-c2cccc(C)c2)c2ncccc12,1,0.6450012,0.6450,0.4412414,0.4412,0.9999934,370.4160,55
32.6326,42.0924,25.7017,0.5649503,Cc1ccc(S(=O)(=O)Nc2ccc3oc(-c4cn(S(=O)(=O)N(C)C)cn4)cc3c2)cc1,1,0.5498627,0.5499,0.4729529,0.4730,0.9742862,460.5370,55
24.6877,28.1489,54.0357,0.6848712,Cn1nnnc1-c1cccc(NC(=O)c2nc(-c3ccccc3)cs2)c1,1,0.6731139,0.6731,0.6021925,0.6022,0.9999968,362.4180,55
27.0252,35.1371,-1.5403,0.2799734,NC(=O)NN=Cc1cc(Br)ccc1OC(=O)c1ccc([N+](=O)[O-])cc1Cl,1,0.2437421,0.2437,0.2411728,0.2412,0.9953974,441.6250,55
27.2221,33.9898,2.7053,0.3057928,O=S(=O)(NN1N=CCC1c1ccccc1)c1cc(Cl)ccc1Cl,1,0.1899986,0.1900,0.8943580,0.8944,0.9999936,370.2610,55
42.9277,52.7744,-7.6738,0.3758381,CNc1cccc(C2CN(Cc3cc(OC)cc(OC)n3)c3ccccc3N2C(C)=O)n1,1,0.2813396,0.2813,0.6355812,0.6356,0.9978146,433.5120,55
26.6246,30.7557,20.6896,0.4287103,CN1CCN(C(=O)c2ccc(NC(=O)Cn3ccc(N)n3)cc2)CC1,1,0.3131249,0.3131,0.8429619,0.8430,0.9999995,342.4030,55
29.2397,26.3538,-23.9533,0.0200048,CCC1CN(C)C2OC12,1,0.0063282,0.0063,0.4813896,0.4814,0.1089846,127.1870,55
40.3979,45.9536,-20.4105,0.2128590,CC(=O)N1CC(N2CCN3C(=O)NCCC3C2)c2cc(C)ccc21,1,0.1148957,0.1149,0.8499568,0.8500,0.9999999,328.4160,55
39.3428,48.4635,-30.5214,0.1495179,COc1cc(OC)cc(OC2CCN(c3nc4c(cc3C)c(C)nn4C)N2C)c1,1,0.0747140,0.0747,0.6555063,0.6555,0.9999207,397.4790,55
51.9939,61.9429,-10.2390,0.4308655,CNN(SN)C(C=NNC1=NCCN1CC1CCN(C)CC1)=Nc1ccccc1C,1,0.4410077,0.4410,0.2609433,0.2609,0.9981645,431.6140,55
27.6936,36.9765,54.4300,0.7617209,Cc1ccnc(Nc2cc(N3CCN(C(=O)c4ccco4)CC3)nc3ccnn23)c1,1,0.7999680,0.8000,0.5600865,0.5601,0.9998627,403.4460,55
25.9949,33.1268,39.2869,0.6034476,CS(=O)(=O)Nc1ccc(NCc2ccc3ccccc3n2)c(C(=O)O)c1,1,0.5584718,0.5585,0.6147452,0.6147,0.9999928,371.4180,55
30.9948,32.2986,-17.6164,0.1223516,CCOc1ccccc1NS(=O)(=O)c1ccc(-c2cnc3ccccc3c2)cc1,1,0.0611360,0.0611,0.4853356,0.4853,0.9998488,404.4910,55
31.5828,39.7455,13.0480,0.4399462,O=c1ccc(N2CCN(S(=O)(=O)c3ccc(F)cc3)CC2)nn1Cc1nc(-c2ccco2)no1,1,0.4171380,0.4171,0.3990044,0.3990,0.7763947,486.4850,55
23.4699,30.2718,28.7679,0.4919972,Cc1ccc(C(=O)N2CCN(c3nccc(C)c3[N+](=O)[O-])CC2)cc1,1,0.4135871,0.4136,0.6336200,0.6336,0.9999996,340.3830,55
29.3618,35.6091,23.3448,0.4912827,Cc1nc(C(=O)Nc2ccc(N3C(=O)CN(C)C3=O)nc2)cs1,1,0.3782385,0.3782,0.8599576,0.8600,0.9999998,331.3570,55
60.3232,62.1031,-62.1028,0.0000024,COc1ccc2c(c1)C13C4CN(CCc5ccccc5)C5(CCN1CCC4C5C3OC)N2,1,0.0000000,0.0000,0.7836310,0.7836,0.9981702,431.5800,55
27.9808,30.3475,48.6022,0.6579142,Cc1ccc(S(=O)(=O)NC(C(=O)Nc2ccccc2N)c2ccccc2)cc1,1,0.6496512,0.6497,0.5578018,0.5578,0.9999340,395.4840,55
33.1058,38.1725,35.8941,0.6172212,COc1ccc(NS(=O)(=O)N2CCC(NC3CCc4ccc(F)cc43)CC2)cc1,1,0.5440752,0.5441,0.7542737,0.7543,0.9993966,419.5220,55
51.1883,65.8319,20.1751,0.7167255,Cc1ccc(C(=O)Nc2ccc3c(n2)OC2(C)CCC(C4NC(=O)NC4O)C2(C)N3)cn1,1,0.7611840,0.7612,0.4923810,0.4924,0.9965484,438.4880,55
48.0120,51.5959,-26.0430,0.2129415,COCN1C(=C2Oc3ccccc3N2CCCc2ccc(N)cc2)N(C)c2ccccc21,1,0.1288795,0.1289,0.5701097,0.5701,0.9986169,428.5360,55
34.5143,43.7162,19.7681,0.5290355,O=C(Nc1cc(C(=O)N2CCCC2)ccc1N1CCCC1)Nc1c(-c2ccc(F)cc2)nc2ccccn12,1,0.6597026,0.6597,0.3636841,0.3637,0.2387602,512.5890,55
36.2522,43.6963,24.4670,0.5680279,COc1ccc(CN2CN(c3ccc(Cl)cc3)C(=O)C(Nc3ccc(C)cn3)C2=O)cc1,1,0.5224148,0.5224,0.5769603,0.5770,0.9892270,450.9260,55
34.2138,35.5749,-30.2081,0.0447236,COc1ccc(N(Cc2ccco2)C(=O)c2ccc(-c3ccc(N(C)C)cc3)o2)cc1,1,0.0153401,0.0153,0.4002933,0.4003,0.9995441,416.4770,55
37.2816,43.2637,28.3977,0.5971783,CC(=O)Nc1ccc(OCc2ccc([N+](=O)[O-])cc2)c(C(=O)N(C)C2CCNCC2)n1,1,0.5795401,0.5795,0.5128616,0.5129,0.9987472,427.4610,55
46.4473,59.0864,-59.0864,0.0000004,Cc1ccc(S(=O)(=O)Nc2cccc(C3OC4OC(Oc5ccccc5-c5ccc(F)cc5)C(O3)C4OC(=O)N3CCOCC3)c2)cc1,1,0.0000000,0.0000,0.2537389,0.2537,0.0000001,676.7190,55
30.2862,34.9840,-19.5915,0.1282701,CN(Cc1cc2c(=O)[nH]cnc2s1)Cc1ccccc1O,1,0.0572010,0.0572,0.7757374,0.7757,0.9999991,301.3710,55
29.1181,39.0203,37.0513,0.6339304,Cc1ccccc1C1(NS(=O)(=O)N2CCN(S(=O)(=O)c3ccccc3)CC2)CCC1,1,0.5706893,0.5707,0.7326410,0.7326,0.9904554,449.5980,55
35.4793,41.1516,-12.2984,0.2404432,COc1cc(S(=O)(=O)Nc2ccc(C)cc2C)cc2c1N(C(=O)Cc1ccc(NC(C)=O)cc1)CC2,1,0.1864440,0.1864,0.4987176,0.4987,0.3315704,507.6120,55
28.5674,36.9483,20.5179,0.4788851,COc1cc(C=NNC(=O)OCc2nnnn2C)cc(Cl)c1O,1,0.4022688,0.4023,0.6100276,0.6100,0.9999996,340.7270,55
30.2041,28.9227,-4.8610,0.2005146,O=c1[nH]c2ccc(S(=O)(=O)N3CCN(Cc4ccc(Cl)s4)CC3)cc2[nH]1,1,0.1121573,0.1122,0.6861288,0.6861,0.9996713,412.9240,55
28.1922,30.8713,37.7358,0.5717259,CS(=O)(=O)Nc1cnn(CCC(N)c2ccccc2)c1,1,0.4727206,0.4727,0.8410540,0.8411,0.9999983,294.3800,55
27.3775,32.5871,22.2507,0.4569813,COc1cc(C(=O)N2CCN(c3nc(C)cc(N4CCCC4)n3)CC2)ccc1OCc1cccnc1,1,0.4154652,0.4155,0.5008843,0.5009,0.7409121,488.5920,55
26.7160,37.6398,5.7045,0.3612031,COc1ccc(NC(=O)c2ccc(CNC(=O)Nc3cc(Cl)ccc3N)cc2)cc1,1,0.2958378,0.2958,0.4368016,0.4368,0.9990112,424.8880,55
26.1957,28.5607,21.2484,0.4150754,COc1ccc(CC(=O)Nc2ccc(S(=O)(=O)NC(C)c3ccccc3)cc2)cc1,1,0.3337225,0.3337,0.5741082,0.5741,0.9990440,424.5220,55
35.0030,46.5602,20.8986,0.5621572,C=C(Nc1c(C)nc2nc(-c3ccccc3)cc(Nc3cccnc3)n12)C(N)=O,1,0.5554613,0.5555,0.4395479,0.4395,0.9999739,385.4310,55
30.5420,35.1188,-15.2425,0.1656357,CC(NC(=O)Oc1cccc(N)c1)c1ccc(C(C)(C)C)cc1,1,0.0809861,0.0810,0.8247693,0.8248,0.9999997,312.4130,55
27.5412,32.5772,-25.8779,0.0558273,Cn1ccnc1Cn1nnnc1-c1cc(N)cc(Cl)c1,1,0.0176963,0.0177,0.7356030,0.7356,0.9999974,289.7300,55
44.7516,50.2725,-0.5447,0.4143981,O=S1(=O)Oc2ccccc2C(N2Cc3ccc(Cl)cc3C2)N1c1cccc(O)c1,1,0.3197024,0.3197,0.6618944,0.6619,0.9985703,428.8970,55
31.1563,35.8427,34.6350,0.5873136,O=C(COc1ccc2cc[nH]c2c1)NNC(=O)c1ccc(NS(=O)(=O)c2ccccc2)cc1,1,0.6552191,0.6552,0.3126816,0.3127,0.9633638,464.5030,55
42.0593,55.2409,-11.4397,0.3650105,CN1CC2OC1(C)C1(O)CCN(Cc3cccn3-c3ncccn3)CC21,1,0.2456608,0.2457,0.8817620,0.8818,0.9999983,355.4420,55
32.4974,32.6759,-25.8890,0.0565573,O=C(NCc1cccc(CN2CCc3ccccc3C2=O)c1)c1cccs1,1,0.0180341,0.0180,0.7347035,0.7347,0.9999886,376.4810,55
28.1353,36.8805,41.1958,0.6506357,CCOc1ccccc1N1CCN(S(=O)(=O)N2CCN(C(=O)Nc3cccc(F)c3)CC2)CC1,1,0.6402406,0.6402,0.6711056,0.6711,0.6845330,491.5890,55
49.9473,57.9530,-57.9527,0.0000021,CN1Cc2cc(NC(=O)Nc3ccc(N4CCN(Cc5cccc(N)n5)C4=O)nc3)ccc2B1O,1,0.0000000,0.0000,0.4103675,0.4104,0.9275471,472.3180,55
27.6902,31.5016,26.0291,0.4794229,O=C(Nc1ccncc1)N1CCN(S(=O)(=O)c2ccc(Br)cn2)CC1,1,0.3719395,0.3719,0.8075791,0.8076,0.9988745,426.2960,55
30.0090,39.5811,32.2376,0.5984890,NC(=O)c1nnc(NC(=O)N2CCN(c3cccc4ccccc34)CC2)o1,1,0.5258836,0.5259,0.7280614,0.7281,0.9999955,366.3810,55
26.9056,35.0231,14.7077,0.4144233,NC(=O)Nc1ccc(S(=O)(=O)NC2NC(C(=O)O)CS2)cc1,1,0.3497266,0.3497,0.4832488,0.4832,0.9999993,346.3900,55
32.2155,36.7341,-21.1232,0.1300907,Oc1ccc2cccc(C3c4cccn4CCN3Cc3ccccc3Cl)c2c1,1,0.0663942,0.0664,0.4940656,0.4941,0.9999641,388.8980,56
32.2852,33.2256,17.1299,0.4196289,O=C(O)C=Cc1cnc(NC(=O)Oc2ccc(Cl)cc2Cl)s1,1,0.3081980,0.3082,0.8006142,0.8006,0.9999977,359.1900,56
30.8310,32.6439,37.3023,0.5828849,CS(=O)(=O)c1cccc(S(=O)(=O)N2CCCC(Nc3ncccn3)C2)c1,1,0.4917227,0.4917,0.8070654,0.8071,0.9999276,396.4940,56
43.3122,48.3391,-48.3391,0.0000000,C(C(N)=O)Cc1n2c(c(NC3CCN(S(C)(=O)=O)CC3)nc(-c3cnccc3)n2)ncc1,0,0.0000000,0.0000,0.0000000,0.0000,0.0000000,0.0000,56
31.2372,39.6752,21.3225,0.5083139,COc1ccc(NC(=O)c2cc(NC(=S)Nc3ccc([N+](=O)[O-])cc3Cl)ccc2O)cc1,1,0.6378848,0.6379,0.1703232,0.1703,0.9237962,472.9100,56
34.1469,43.1225,2.6924,0.3817910,CC1CCCC1N1CCSC1=NN=Cc1ccccn1,1,0.2878507,0.2879,0.6339333,0.6339,0.9999971,288.4200,56
35.6285,41.4480,-39.7253,0.0143556,NCc1ccc(F)c(N2CCCN(c3nc(N)cc(=O)[nH]3)CC2)c1,1,0.0025162,0.0025,0.7629239,0.7629,0.9999998,332.3830,56
28.2270,36.4473,34.1818,0.5885757,COc1ccc(OC)c(Nc2nc(NNC(=O)c3ccccc3)nc(NNc3ccccc3)n2)c1,1,0.7338270,0.7338,0.2167928,0.2168,0.9263559,472.5090,56
28.5877,36.7155,-16.9640,0.1645953,Cc1cc(NC(=O)NCCN(C)c2ccc(C)c(C)c2)n(-c2ccccc2)n1,1,0.0847739,0.0848,0.6810375,0.6810,0.9999874,377.4920,56
27.0992,25.9268,-2.8557,0.1922594,Cc1cc(S(=O)(=O)NC2Cc3ccccc3C2)c(C)s1,1,0.0963092,0.0963,0.9475489,0.9475,0.9999995,307.4400,56
31.7383,43.2591,-39.6594,0.0299978,Cc1ccc(NCC2(N(C)C)CCCCN2S(=O)(=O)N(C)C)nn1,1,0.0070889,0.0071,0.8098823,0.8099,0.9999982,356.4960,56
28.4989,34.4980,-26.0554,0.0703549,Cc1cc(C)c(NC(=O)Cn2nc(C)c3c(C)nn(C(C)(C)C)c(=O)c32)c(C)c1,1,0.0246265,0.0246,0.7354888,0.7355,0.9999339,395.5070,56
29.6618,37.5259,22.0014,0.4960613,O=C(Nc1ccc(Br)cc1)NN(CCN1CCNCC1)C(=O)Nc1ccccc1,1,0.4455347,0.4455,0.5160474,0.5160,0.9723074,461.3640,56
38.9840,41.7410,37.3508,0.6590983,Oc1cccc(Cn2ncc3oc(N4CCN(c5ccccn5)CC4)nc32)c1,1,0.6422738,0.6423,0.5857776,0.5858,0.9999886,376.4200,56
32.6629,33.0856,-1.2210,0.2655388,Cc1nc2ccccc2n1Cc1nc(C(=O)NCCc2ccccn2)co1,1,0.1765781,0.1766,0.5706389,0.5706,0.9999971,361.4050,56
30.7574,35.9383,-29.4581,0.0540015,Nn1cnnc1SCC(=O)Nc1ccccc1CN1CCN(c2ccc(Cl)cc2)CC1,1,0.0199199,0.0199,0.4159198,0.4159,0.9795513,457.9910,56
34.5394,44.5444,34.8469,0.6615939,CCc1ccc(NS(=O)(=O)N(C)C2CCN(C(=O)c3ccc4ncccc4c3)C2)cc1,1,0.6298807,0.6299,0.6401894,0.6402,0.9965277,438.5530,56
31.5990,33.6510,-10.2377,0.1951108,O=S(=O)(Nc1cnn(CCN2CCOCC2)c1)c1ccc2c(c1)Cc1ccccc1-2,1,0.1170950,0.1171,0.5149089,0.5149,0.9990436,424.5260,56
33.8610,36.1624,-18.9567,0.1433811,Cc1cnc(-c2ccccc2F)c(SCC(=O)Nc2nnc(C)s2)n1,1,0.0694102,0.0694,0.6878280,0.6878,0.9999896,375.4540,56
35.8327,40.2944,-29.9206,0.0864487,CCN(C=NC(C#N)=CNc1ccc(O)cc1C)CC,1,0.0404937,0.0405,0.3613593,0.3614,0.9999872,272.3520,56
31.1228,37.6800,-27.9913,0.0807391,CNc1cccc(C2NCCN2Cc2ccc(F)c(F)c2)c1,1,0.0282218,0.0282,0.9086034,0.9086,0.9999993,303.3560,56
27.7792,31.1404,-27.2778,0.0321888,O=S(=O)(Nc1cc(Oc2ccccc2)ccn1)c1ccc(OC(F)(F)F)cc1,1,0.0083707,0.0084,0.6440508,0.6441,0.9997401,410.3730,56
40.1645,46.6404,29.7808,0.6368435,Cc1cccc2cc(C(=O)NNC(=O)c3cc(N)n(Cc4cccnc4)n3)[nH]c12,1,0.6842828,0.6843,0.3952274,0.3952,0.9999623,389.4190,56
38.6539,47.8996,12.5235,0.5035257,Cc1ccc(S(=O)(=O)N(C)N=Cc2cnc3c(n2)NCCN3c2cc(C)cc(C)c2)cc1,1,0.4658253,0.4658,0.4716323,0.4716,0.9895728,450.5680,56
33.7239,39.1510,-25.4407,0.1142526,Cc1ccccc1N1NC=NC1N1CCNN1,1,0.0506121,0.0506,0.6676519,0.6677,0.9994893,232.2910,56
24.0403,25.6766,41.5517,0.5602365,O=[N+]([O-])c1ccc(CSc2nnc(NCc3ccc(F)cc3)s2)cc1,1,0.5798823,0.5799,0.3716805,0.3717,0.9999886,376.4380,56
28.6236,31.3501,-5.2551,0.2174588,COc1ccc(-c2cc(=O)c3ccc(Cl)cc3[nH]2)cc1O,1,0.1222840,0.1223,0.7604852,0.7605,0.9999992,301.7290,56
30.1229,38.9837,47.9234,0.7242255,NS(=O)(=O)c1ccc(Oc2cccc(N3Cc4ccccc4C3)n2)nc1,1,0.6822992,0.6823,0.7593784,0.7594,0.9999945,368.4180,56
32.3916,35.6354,15.5743,0.4267468,Cc1ccc(Cn2c(N)c(N3CCN(Cc4ccc(N(C)C)cc4)CC3)c(=O)[nH]c2=O)cc1,1,0.3435089,0.3435,0.5983618,0.5984,0.9913094,448.5710,56
36.4194,45.0499,18.9894,0.5336611,NNc1cc(-c2ccc(F)cc2)nc2c(-c3ccccc3)c(CS(N)(=O)=O)nn12,1,0.5546268,0.5546,0.3407164,0.3407,0.9996853,412.4500,56
28.4576,32.6837,-18.7805,0.1158605,COc1ccc(N2CCN(C)CC2)cc1NC(=O)N1CCn2cccc2C1,1,0.0473756,0.0474,0.9020587,0.9021,0.9999940,369.4690,56
35.4206,37.4856,30.0026,0.5624016,Fc1cccc(Nc2nnc3ccccc3c2N=Nc2cccc(C(F)(F)F)c2)c1,1,0.6247114,0.6247,0.2920226,0.2920,0.9997153,411.3620,56
26.9024,34.4023,26.9407,0.5111916,Cc1onc(N2CCN(C)CC2)c1CSCc1nc2ccccc2c(=O)[nH]1,1,0.4207604,0.4208,0.7224405,0.7224,0.9999737,385.4930,56
21.8671,26.4292,52.3063,0.6561291,Fc1ccc(C2=NOC(c3nc4ccccc4s3)C2)cc1,1,0.6048509,0.6049,0.7066064,0.7066,0.9999988,298.3420,56
22.3638,31.1293,-29.8709,0.0104863,Cc1ccc(S(=O)(=O)Nc2ccc(NC(=O)N3CCN(Cc4ccc(Cl)cc4)CC3)cc2)cc1,1,0.0019764,0.0020,0.5112252,0.5112,0.5221821,499.0360,56
34.7593,38.2600,22.4537,0.5059476,O=C(Nc1cc(Cl)ccc1O)c1ccc(Cl)c(S(=O)(=O)NC(=O)c2cnccn2)c1,1,0.4662260,0.4662,0.4907502,0.4908,0.9531447,467.2900,56
32.1928,35.7249,10.0747,0.3816634,CC(c1ccc(F)cc1)N(C)CCNc1ccc(S(=O)(=O)N(C)C)cc1[N+](=O)[O-],1,0.3095576,0.3096,0.4909245,0.4909,0.9990461,424.4980,56
32.2502,45.6033,14.1277,0.4977584,Cc1ccc(NC(=O)Nc2ccc(C=Nn3c(Cc4ccccn4)nc4cccnc43)cc2)cc1,1,0.5054879,0.5055,0.3375170,0.3375,0.9718953,461.5290,56
33.1885,37.5751,14.4582,0.4336104,CC(=O)NCC(Cc1ccccc1F)N1CCN(S(=O)(=O)N(C)C)CC1,1,0.3314114,0.3314,0.7315074,0.7315,0.9999712,386.4930,56
27.3705,30.0142,-9.8084,0.1683812,COc1ccc(NC(=O)Nc2cc(C)nn2Cc2ccccc2C)cc1,1,0.0860396,0.0860,0.7244739,0.7245,0.9999990,350.4220,56
43.2880,59.2115,-35.9269,0.1940382,Cc1cc(N)c(C(CN(c2cccc(Br)c2)S(=O)(=O)c2ccccc2)N2CCN(C(N)=O)CC2)c(=O)[nH]1,1,0.4094434,0.4094,0.3864955,0.3865,0.0002626,589.5160,56
29.7458,31.9970,-21.7237,0.0856107,CCOC(=O)N1NN=C(c2ccc([N+](=O)[O-])cc2)N1,1,0.0342927,0.0343,0.6158024,0.6158,0.9999754,265.2290,56
35.4736,44.4687,-1.1969,0.3605983,COc1cccc(N2CCN(Cc3cccnc3)C(NS(C)(=O)=O)C2)n1,1,0.2489451,0.2489,0.7920608,0.7921,0.9999874,377.4700,56
29.5454,38.7181,41.4445,0.6680213,COC(=O)c1cccc(Nc2nc(Nc3ccc(C)cc3)cc(Nc3cc(C)ccn3)n2)c1,1,0.7761214,0.7761,0.3236694,0.3237,0.9958460,440.5070,56
33.2250,39.4888,28.1802,0.5639078,CCc1cc(SCc2cccc([N+](=O)[O-])c2)nn2c(=O)cc(N)nc12,1,0.5639910,0.5640,0.4232415,0.4232,0.9999980,357.3950,56
39.4248,46.2500,-26.3582,0.1657646,NC(=O)Nc1ccc(NC(=O)ONC(=O)Oc2cccc(F)c2)cn1,1,0.0878267,0.0878,0.6234006,0.6234,0.9999990,349.2780,56
36.5081,47.9898,-29.7589,0.1519243,Cc1ccccc1C1=NOC(N2CC(C)(c3ccccc3)N=C2N)N1,1,0.0698028,0.0698,0.9006993,0.9007,0.9999998,335.4110,56
24.6293,31.8660,57.1202,0.7415516,N#Cc1ccnc(N2CCN(S(=O)(=O)N3Cc4ccccc4C3)CC2)c1,1,0.6915038,0.6915,0.8155059,0.8155,0.9999940,369.4500,56
35.3954,37.9969,-7.0774,0.2576630,Cc1ccc(NC(=O)Nc2ccc(N(CC(N)=O)C(=O)Nc3ccc(C)cc3)cc2)cc1,1,0.1798009,0.1798,0.4611931,0.4612,0.9981843,431.4960,56
41.8545,53.5730,-53.5730,0.0000000,N1(c2cc(nc(n2)N2CCN(CC2)S(=O)(=O)c2ccccc2)C)NC2=NC(N)=NC=N2C1,0,0.0000000,0.0000,0.0000000,0.0000,0.0000000,0.0000,56
39.9641,37.0866,-3.3454,0.2811772,O=C(NCCc1c(Cl)cccc1Cl)Nc1cc(OC(F)F)ccc1O,1,0.1864951,0.1865,0.6274437,0.6274,0.9999555,391.2010,56
37.3570,45.9114,29.0647,0.6248009,Cc1ccc(Oc2c(F)c(Cl)cc3[nH]c(N4CCN(Cc5cccc(Cl)c5)CC4)nc23)cc1,1,0.7103201,0.7103,0.3538905,0.3539,0.7934142,485.3900,56
30.4382,34.9997,1.1404,0.3011676,CS(=O)(=O)N(Cc1ccc(NS(=O)(=O)c2cccc(F)c2)cc1)c1ccccc1Cl,1,0.2140371,0.2140,0.5616094,0.5616,0.9457811,468.9590,56
53.8570,60.0883,-9.5488,0.4211625,COC1OC(O)C(N(Cc2ccccc2)CC(C)NC(=O)c2ccc(-n3cnnn3)cc2)C(O)C1O,1,0.4449002,0.4449,0.3088411,0.3088,0.5335670,498.5400,56
35.2034,43.9543,-6.6754,0.3106576,CN1CCC(N2CCN(Cc3csc(N4CCc5ccccc5NC4=O)n3)CC2)C1=O,1,0.2015849,0.2016,0.7883446,0.7883,0.9958207,440.5730,56
25.6319,27.7079,45.5927,0.6108385,Cc1nc(CN2CCN(c3nnnn3-c3ccccc3)CC2)sc1C,1,0.5445230,0.5445,0.7137988,0.7138,0.9999983,355.4710,56
33.2924,38.1466,-21.4002,0.1395536,Cc1ccc(C(C)NC(=O)c2ccc(CN(C)S(=O)(=O)c3ccc(NS(C)(=O)=O)cc3)cc2)cc1,1,0.0953918,0.0954,0.4514843,0.4515,0.1912264,515.6570,56
36.5362,38.4613,-20.9773,0.1457000,O=S1(=O)CN(Cc2ccccc2)C2CN(Cc3cccc(F)c3Br)CC21,1,0.0697292,0.0697,0.7347848,0.7348,0.9962643,439.3500,56
31.3848,46.0457,28.9929,0.6253213,CCc1ccc(N(CC(=O)NN2C(=O)NCN(C)C2=O)S(=O)(=O)N(C)C)cc1,1,0.5786052,0.5786,0.6490027,0.6490,0.9996847,412.4720,56
38.5421,42.1666,-29.4421,0.1060375,NCCc1ccc2c(c1)ONC(c1nnc(N)o1)C2,1,0.0443539,0.0444,0.7295324,0.7295,0.9999647,261.2850,56
21.5812,24.3337,-7.9575,0.1364680,Cc1ccc(S(=O)(=O)NCc2ccn(-c3ccccc3)n2)cc1,1,0.0623188,0.0623,0.7834045,0.7834,0.9999999,327.4090,56
27.4144,26.3326,-1.9480,0.2032049,NCc1ccccc1CC(=O)N1CCC(C(N)=O)CC1,1,0.1081166,0.1081,0.8337785,0.8338,0.9999903,275.3520,56
31.2048,41.6583,51.8964,0.7796226,Cc1ccc(S(=O)(=O)Nc2ccc3c(n2)CN(C(=O)NCC2(O)CCC2)CC3)cc1,1,0.7847981,0.7848,0.6731786,0.6732,0.9983386,430.5300,56
26.1781,29.7169,-1.4480,0.2355740,Cc1cc(Nc2cc(Nc3ccc(-c4nc5ccccc5[nH]4)cc3)ncn2)no1,1,0.1647009,0.1647,0.4001347,0.4001,0.9999783,383.4150,56
48.9126,51.9591,-3.8167,0.4011863,CCOC(=O)C(CCC(=O)NC1CCCc2sc(N)nc21)NC(=O)Nc1ccc(Cl)c(Cl)c1,1,0.4430035,0.4430,0.3926296,0.3926,0.2092400,514.4350,57
21.8743,28.5736,30.6556,0.4935765,O=C(NN1C(=O)NC2(CCCC2)C1=O)c1cccc(O)c1,1,0.4031041,0.4031,0.7043891,0.7044,0.9999973,289.2910,57
50.5751,55.7625,-42.2180,0.1128710,CC1CN(C(=O)O)C(C2N=NC(=O)N2ON)CC1O,1,0.0514648,0.0515,0.5924173,0.5924,0.9999883,273.2490,57
41.2182,38.8426,-17.3826,0.1788334,Cc1cc(Cl)c(NC(=S)N2CCC(c3cccc(Cl)c3)C2)cc1Cl,1,0.0984768,0.0985,0.6103730,0.6104,0.9999021,399.7740,57
44.6754,54.1375,25.4777,0.6634599,O=C(Nc1cccc(OCc2csc(N3CC(c4cccc(F)c4)NC3=O)n2)n1)c1cccnc1,1,0.7586621,0.7587,0.4024265,0.4024,0.7053989,490.5200,57
36.9789,41.9640,-10.7241,0.2603331,Cc1ccc(N(CCNc2ccccc2C(=O)Nc2cccc3cccnc23)S(C)(=O)=O)c(C)c1,1,0.2035919,0.2036,0.3649310,0.3649,0.7405407,488.6130,57
24.9522,27.3205,-7.0595,0.1688415,CCCn1c(-c2ccc(F)cc2)cnc1CN(C)C,1,0.0832559,0.0833,0.8240444,0.8240,0.9999648,261.3440,57
31.6322,49.2120,-3.3614,0.3820883,COc1cccc(C(O)=C2CCN(Cc3ccco3)C2=O)c1OC(=O)OC(C)(C)C,1,0.3454080,0.3454,0.3363143,0.3363,0.9995855,415.4420,57
27.6875,30.1107,44.6624,0.6231087,Cc1ccc(OC(C)C(=O)Nc2ccc(-c3nc4ccccc4s3)cc2)c(C)c1,1,0.6406871,0.6407,0.4462574,0.4463,0.9998739,402.5190,57
26.3727,30.3322,28.1283,0.4871702,O=C(CSc1nc2ccccc2c(=O)n1N=Cc1c(O)ccc2ccccc12)Nc1ccccc1,1,0.5751831,0.5752,0.2053825,0.2054,0.8571113,480.5490,57
32.6556,38.5626,25.9784,0.5378418,Cc1ccccc1S(=O)(=O)Nc1cc(C(=O)Nc2cnc3n2CCC3)ccc1Cl,1,0.4679525,0.4680,0.6425995,0.6426,0.9982784,430.9170,57
29.2439,34.4821,34.0894,0.5714292,Cc1ccc(CN2Cc3ccccc3CC2CNC(=O)C=Cc2ccc(F)cc2)cc1,1,0.5246286,0.5246,0.5826571,0.5827,0.9996191,414.5240,57
26.8881,35.5195,45.2432,0.6730222,Cc1ccc(S(=O)(=O)Nc2nc(C)cc(CN3CCn4ccnc4C3)n2)cc1,1,0.6269901,0.6270,0.7075443,0.7075,0.9999130,398.4920,57
29.3819,36.7275,50.0545,0.7231835,Cc1ccc(-n2nnnc2COC(=O)N2CCN(c3ccc(C(=O)O)cc3)CC2)cc1,1,0.7072274,0.7072,0.6652076,0.6652,0.9992103,422.4450,57
27.1017,41.1377,18.6157,0.4979457,Cc1ccc(C(=O)NN(C(=O)Nc2ccccc2C(=O)NCC2CCCO2)C(C)(C)C)cc1,1,0.4282023,0.4282,0.5996101,0.5996,0.9875049,452.5550,57
39.5741,43.1652,14.7467,0.4825990,O=C(CCSc1nc(-c2ccccn2)nc(-c2cccs2)n1)N1CCc2ccccc21,1,0.4594407,0.4594,0.3995475,0.3995,0.9933925,445.5730,57
30.1023,36.0019,2.1145,0.3176359,CC1CN(C(=O)c2ncccc2Nc2cccc(Cl)c2)CCN1,1,0.1997172,0.1997,0.9082260,0.9082,0.9999998,330.8190,57
31.6122,34.2547,46.1752,0.6702490,Cc1ccc(S(=O)(=O)Oc2cc(-c3ncccn3)c3cccnc3c2)cc1,1,0.6868635,0.6869,0.5036596,0.5037,0.9999875,377.4250,57
36.2146,42.7775,25.5126,0.5690841,O=C(Nc1ccc2c(c1)C(NCc1ccccc1O)CN2)c1cccs1,1,0.5296068,0.5296,0.5521359,0.5521,0.9999958,365.4580,57
28.5198,36.9925,24.3138,0.5108857,CCCN(Cc1ccc(OC)cc1)C(=O)c1ccc(CN2CCN(C(N)=O)CC2)cc1,1,0.4231135,0.4231,0.7066879,0.7067,0.9990420,424.5450,57
32.8550,42.4719,29.9504,0.6035193,Cc1ccccc1-n1cnnc1CN1C(=O)COc2ccc(NS(=O)(=O)c3ccc(Cl)cc3)cc21,1,0.7442770,0.7443,0.4215001,0.4215,0.2852163,509.9750,57
35.6574,41.3511,16.6705,0.4835139,CN1CCN(n2c(=O)c3ncn(Cc4ccc(F)cc4)c3n(N)c2=O)CC1,1,0.4095792,0.4096,0.6009856,0.6010,0.9999914,373.3920,57
28.4704,30.4483,35.4594,0.5492310,O=C(Nc1nc2ccccc2o1)c1ccc(COc2ccccc2F)o1,1,0.4973022,0.4973,0.5762405,0.5762,0.9999987,352.3210,57
33.6406,32.4914,-7.1111,0.2115025,NC(c1cc(Cl)cc(Cl)c1)C1COC2(CCSC2)C1,1,0.1120795,0.1121,0.8979157,0.8979,0.9999998,318.2690,57
40.4710,41.9136,5.4759,0.3949128,Cn1nc(NC(=S)Nc2ccn(C34CC5CC(CC(C5)C3)C4)n2)cc1C1CC1,1,0.2870873,0.2871,0.7576573,0.7577,0.9999272,396.5640,57
31.6049,36.6425,-24.8846,0.0979822,COc1ccc(O)c(CNC(=O)NCC2CN(S(C)(=O)=O)C2)c1,1,0.0404500,0.0405,0.6784521,0.6785,0.9999995,343.4050,57
31.1279,40.4699,28.0412,0.5709262,CN(c1ccc(Oc2cc(CC#N)ccn2)nn1)S(=O)(=O)c1ccccc1,1,0.5088919,0.5089,0.6452294,0.6452,0.9999819,381.4170,57
30.8887,39.2402,3.7037,0.3578659,O=C(Nc1c[nH]c(=O)n1-c1cccc2ccccc12)c1cccc(NS(=O)(=O)c2ccccc2)c1,1,0.3255553,0.3256,0.3320846,0.3321,0.8059954,484.5370,57
39.3115,56.1223,6.4297,0.5212663,Cc1ccc(N2C(=N)NC(N)C2c2cccn2-c2ccccc2)cc1-c1nc2ccccc2o1,1,0.5281760,0.5282,0.3609619,0.3610,0.9913419,448.5300,57
26.1706,28.2329,-12.5580,0.1306244,Cc1ccccc1OCCn1c(=O)cc(C(=O)O)c2ccccc21,1,0.0585454,0.0585,0.7832427,0.7832,0.9999999,323.3480,57
22.3585,30.9846,37.7402,0.5727069,Cc1cccc(NC(=O)N2CCN(c3ccnc(NCCN(C)C)n3)CC2)c1,1,0.4814422,0.4814,0.7957236,0.7957,0.9999781,383.5000,57
35.0844,40.6228,46.5266,0.7262454,COCC1CN(c2cnc(C(=O)NS(=O)(=O)c3ccccc3)cn2)CC1O,1,0.6992610,0.6993,0.7066268,0.7066,0.9999502,392.4370,57
25.5733,36.1666,6.4456,0.3551021,Cc1cc(C(=O)NNC(=O)NC(=O)NC23CC4CC(CC(C4)C2)C3)c(C)o1,1,0.2641731,0.2642,0.5958788,0.5959,0.9999905,374.4410,57
26.0401,36.4385,-11.9130,0.2043790,OC12CN(Cc3ccco3)CC1CN(Cc1ccccc1F)C2,1,0.1054153,0.1054,0.9376024,0.9376,0.9999998,316.3760,57
34.5017,44.0067,-23.7363,0.1689203,Cc1nc(C2COCCN2CC2(Cc3cccc(F)c3)CCCN2)n[nH]1,1,0.0824458,0.0824,0.8547125,0.8547,0.9999976,359.4490,57
21.9904,29.0432,-10.8382,0.1517084,O=C(O)c1ccccc1Nc1nccc(N2CCc3ccccc32)n1,1,0.0731331,0.0731,0.7597129,0.7597,0.9999998,332.3630,57
40.5813,45.0416,11.8917,0.4744444,O=C(Nc1ccc(N2CCCC2)cc1)Nc1nccnc1C(=O)NCC1(N2CCOCC2)CCOCC1,1,0.4952840,0.4953,0.5202000,0.5202,0.2921003,509.6110,57
26.8081,33.9247,-20.9026,0.1085175,NS(=O)(=O)OCC1CC2CN(Cc3ccccc3)CCN2C1,1,0.0439042,0.0439,0.8486487,0.8486,0.9999999,325.4340,57
28.8389,34.1689,29.7693,0.5328186,CN1CCN(c2nc(NC3C(=O)Nc4ccccc43)c3ccccc3n2)CC1,1,0.4444255,0.4444,0.7338420,0.7338,0.9999905,374.4480,57
24.3886,28.9511,54.5063,0.6954785,Cc1ccc(S(=O)(=O)NC2CCN(C(=O)Nc3cc(Cl)ccc3C)CC2)cc1,1,0.6380531,0.6381,0.7844830,0.7845,0.9992455,421.9500,57
34.6237,44.2574,-0.0249,0.3686040,CN(C)c1nnc(CN2CCC3C2NC(=O)N3CC2CC2)s1,1,0.2497590,0.2498,0.8739291,0.8739,0.9999999,322.4380,57
22.6546,28.1055,47.7227,0.6319017,COc1ccc(C(=O)Nc2cccc(NC(=O)Nc3ccccc3OC)c2)cc1,1,0.6086003,0.6086,0.5729210,0.5729,0.9999546,391.4270,57
27.1396,29.5856,-7.9192,0.1805538,COc1nc(NN=Cc2cccc3ccccc23)nc(N2CCOCC2)n1,1,0.1028895,0.1029,0.5492050,0.5492,0.9999962,364.4090,57
25.5538,32.0851,43.6237,0.6309066,COc1ccccc1Nc1ncc(C(=O)N2CCN(C(=O)Nc3cccc(C)c3)CC2)cn1,1,0.5937207,0.5937,0.6220953,0.6221,0.9928005,446.5110,57
32.0873,40.5111,41.1020,0.6801091,O=C(Nc1ccc2c(c1)CN(Cc1nc3ccccc3o1)CC2O)c1ccccc1,1,0.6877110,0.6877,0.5395017,0.5395,0.9999049,399.4500,57
27.7590,38.8806,9.4172,0.4024817,Cc1cccc(N2CCN(S(=O)(=O)c3ccc(NC(=O)CN4CCN(Cc5ccccc5)CC4)nc3)CC2)c1,1,0.6455541,0.6456,0.4630819,0.4631,0.0111331,548.7130,57
31.9959,42.8953,-6.2817,0.3051134,CC(C)(C)OC(=O)Nc1ccc(N)c(NN=NNN=N)c1,1,0.2537559,0.2538,0.3212551,0.3213,0.9999983,294.3190,57
28.3935,30.9718,-16.3629,0.1217408,NC(=O)N(N)CC(=O)Nc1ccc(OC(F)(F)F)cc1,1,0.0627392,0.0627,0.4323079,0.4323,0.9999980,292.2170,57
25.5882,27.5601,26.3947,0.4496236,O=C(Cn1ccc(=O)[nH]c1=O)Nc1nc2c(s1)CCC2,1,0.3355751,0.3356,0.8394244,0.8394,0.9999980,292.3200,57
35.7512,45.4126,0.7859,0.3849876,Cc1ccc(CN2CCN(C)C(c3cc(N)nc(N(C)C)n3)C2)c(N)c1,1,0.2721995,0.2722,0.8037642,0.8038,0.9999983,355.4900,57
26.0565,35.9959,48.9877,0.7081968,Cc1ccc(Nc2nc(Nc3cccc(C)c3)cc(N3CCN(C(=O)OC(C)(C)C)CC3)n2)cc1,1,0.7565576,0.7566,0.4952444,0.4952,0.9120235,474.6090,57
29.3786,36.6086,2.6864,0.3274580,Nc1n[nH]c(NC2CN(c3ccccc3Cl)C2)c1N,1,0.2263163,0.2263,0.6827699,0.6828,0.9999929,278.7470,57
40.6776,47.3418,19.0957,0.5536465,c1cc(-c2nc(-c3cnc(N4CC(N5CCCC5)C4)s3)nc(N3CCCC3)n2)ccn1,1,0.4958053,0.4958,0.6068728,0.6069,0.9975908,434.5730,57
27.2954,28.3036,51.3157,0.6634943,COc1ccccc1NC(=O)N1CCN(c2nc(Cc3ccc(C)cc3)ns2)CC1,1,0.6224907,0.6225,0.6759441,0.6759,0.9991264,423.5420,57
34.6289,35.0951,47.1208,0.6851323,O=C(Nc1cccc([N+](=O)[O-])c1)c1nnc(CNS(=O)(=O)c2ccc(Cl)cc2)o1,1,0.7464807,0.7465,0.4207395,0.4207,0.9967534,437.8210,57
31.6281,41.3185,-22.2323,0.1590514,CN(Cc1ccc(Cl)cc1)S(=O)(=O)N1CC2CCC(C1)N2c1ccccn1,1,0.0780693,0.0781,0.7656815,0.7657,0.9998106,406.9390,57
50.1008,59.5910,-18.0066,0.3465370,CC1=NC2NCN(C(=O)Nc3nc(C(C)n4cccn4)cc(=O)[nH]3)C2=CN1,1,0.2535083,0.2535,0.6092235,0.6092,0.9999940,369.3890,57
38.0532,43.4644,25.7855,0.5770819,CC1(c2ccc(-n3cccn3)cc2)NC(=O)N(CC(NC(N)=O)c2ccc(F)cc2)C1=O,1,0.5520317,0.5520,0.5127853,0.5128,0.9971382,436.4470,57
39.5922,48.4587,25.6465,0.6175431,Cc1cccc(-c2cn(Cc3cccc(C)n3)c3nccc(NC(=O)Nc4ccccc4C)c23)c1,1,0.7078764,0.7079,0.3052799,0.3053,0.9717944,461.5690,57
29.6643,35.6230,32.0958,0.5643236,CN(C)S(=O)(=O)N1CCN(c2nccn3c(-c4ccn(C)n4)nnc23)CC1,1,0.5140322,0.5140,0.5877395,0.5877,0.9999545,391.4610,57
33.3369,36.4180,-27.0071,0.0784242,CNC(=CC=CC(=O)OC)Nc1ccc(Cl)cc1Cl,1,0.0321471,0.0321,0.4980282,0.4980,0.9999991,301.1730,57
28.1621,36.2857,19.9971,0.4690226,Cc1nc(-c2ccc(OCC(=O)O)c(NC(=O)Nc3ccccc3F)c2)cs1,1,0.3982171,0.3982,0.5696052,0.5696,0.9998860,401.4190,57
27.3218,39.8940,-18.7217,0.1764354,Cc1ccccc1CN1CCN(c2ccc(S(=O)(=O)Nc3cnn(-c4ccccc4)c3)cc2)CC1,1,0.1117656,0.1118,0.4208613,0.4209,0.7575716,487.6290,57
29.4137,37.1438,47.2311,0.7031246,Cc1cc(NC(=O)CN2C(=O)NC3(CCCC3)C2=O)nn1-c1ccc(Cl)c(Cl)c1,1,0.6645256,0.6645,0.7194230,0.7194,0.9971769,436.2990,57
29.5763,33.3801,8.3588,0.3478242,N#CCCN(Cc1cccc(Cl)c1)C(=O)Nc1cccc2ccccc12,1,0.2495645,0.2496,0.6556323,0.6556,0.9999964,363.8480,58
35.6590,42.7124,37.0663,0.6648224,Cc1c(Cl)cccc1N1C(N)=NC(N2CCN(Cc3ccccc3F)CC2)=Nc2ccccc21,1,0.6648207,0.6648,0.5737033,0.5737,0.8927913,476.9870,58
24.9831,34.8069,49.0556,0.6988539,Cc1cccc(NC(=O)N2CCN(c3ccc(NS(=O)(=O)c4cccs4)cc3C)CC2)c1,1,0.7087371,0.7087,0.5744816,0.5745,0.9373797,470.6200,58
27.3684,38.2838,10.0531,0.4028079,Nc1cc(NS(=O)(=O)N2CCCCC2)ccc1Nc1ccc(F)c(Cl)c1,1,0.3064952,0.3065,0.6653138,0.6653,0.9999097,398.8910,58
30.2816,30.1489,-14.7296,0.1284942,O=C(NCCc1nccs1)NC1(c2cccc(Cl)c2)CC1,1,0.0551857,0.0552,0.8872052,0.8872,0.9999999,321.8330,58
29.2183,36.4058,51.9668,0.7364385,CS(=O)(=O)Nc1cccc(NC(=O)N2CCN(CC3CCc4ccccc43)CC2)c1,1,0.6968742,0.6969,0.7672614,0.7673,0.9986141,428.5580,58
35.7083,38.0155,-20.0510,0.1497046,Nc1nc(-c2ccc(C(Br)Br)cc2)nc2c1oc1ccccc12,1,0.0844770,0.0845,0.4295839,0.4296,0.9978952,433.1030,58
28.5814,33.5632,-3.8772,0.2473836,COc1ccc(C2SCCCS2)c(NC(=O)Nc2ccccc2OC)c1,1,0.1485582,0.1486,0.7332043,0.7332,0.9999582,390.5300,58
59.3455,66.5817,14.8174,0.6783254,CN1C2CCC1C1(C2)C(N2CCN(c3ccc(O)cc3)CC2)=NC(O)(Cc2cccc(Cl)c2)CN1C,1,0.7735816,0.7736,0.6627707,0.6628,0.2832115,510.0820,58
29.5753,34.0103,-1.7918,0.2684876,CN(CCOC(=O)c1ccc(N2CCNC2=O)cc1)S(=O)(=O)c1ccccc1,1,0.1685279,0.1685,0.7100687,0.7101,0.9998625,403.4600,58
40.2048,48.7063,12.8904,0.5133062,COc1cc(OC)cc(N2CN3C(=O)C(C(=O)O)C3N=N2)c1,1,0.4364219,0.4364,0.6489481,0.6489,0.9999995,306.2780,58
25.9873,27.6697,-11.3893,0.1356701,Nc1cc(-c2ccc(-c3ccnc(N)n3)cc2)ccn1,1,0.0628067,0.0628,0.7402984,0.7403,0.9999706,263.3040,58
31.8875,38.1630,-12.1628,0.2166681,Cc1cccc(NC(=O)Nc2cccc(S(=O)(=O)N3CC4C=CC3C4)c2)c1,1,0.1202371,0.1202,0.7922186,0.7922,0.9999782,383.4730,58
37.5102,39.3858,-28.3141,0.0922640,CSc1nsc(NC(=O)Nc2nc3n(n2)CCCCCC3)n1,1,0.0349908,0.0350,0.8343000,0.8343,0.9999996,339.4500,58
27.6866,36.8492,13.7907,0.4219990,COc1ccc(S(=O)(=O)N(Cc2ccco2)c2ccc(O)c(-n3cnnn3)c2)cc1,1,0.3603577,0.3604,0.4767169,0.4767,0.9987494,427.4420,58
39.1410,42.5443,42.8880,0.7119357,Cc1ccc(S(N)(=O)=O)cc1NC(=O)NCCc1nc(Cc2cccc(F)c2)no1,1,0.7415975,0.7416,0.5213002,0.5213,0.9978240,433.4650,58
29.1748,37.7567,39.7182,0.6456238,O=C1CN(c2cccc(C(=O)NCCN3CCN(C(=O)c4ccco4)CC3)c2)S(=O)(=O)N1,1,0.6216105,0.6216,0.6008381,0.6008,0.9719681,461.5000,58
37.5664,42.6230,3.6839,0.3858908,O=S(=O)(c1cccc(Nc2ccc3ncnc(N4CCN(c5ccccn5)CC4)c3c2)c1)N1CCCCC1,1,0.4985199,0.4985,0.3958373,0.3958,0.0610708,529.6700,58
37.3259,43.2504,43.1623,0.7201065,CS(=O)(=O)N1CCN(S(=O)(=O)c2cccc(C(=O)N3CCCC(N)C3)c2)C(c2ccccc2)C1,1,0.8208717,0.8209,0.6517223,0.6517,0.3514920,506.6500,58
38.8613,52.2679,13.1473,0.5451265,Cc1ccccc1N(C(=O)c1cn(Cc2cccc(Cl)c2)nn1)C(C)N1CCc2sccc2C1,1,0.5942590,0.5943,0.3620865,0.3621,0.6753330,492.0480,58
22.0037,21.6936,-20.5245,0.0097425,CCCNC#N,1,0.0044957,0.0045,0.2996481,0.2996,0.0023114,84.1220,58
40.2047,44.3101,-8.6460,0.2972014,NN1c2ccc(N3CCCC3)cc2CC1N1CC=C(c2ccc(F)cc2)CC1,1,0.1866808,0.1867,0.8249130,0.8249,0.9999862,378.4950,58
27.8986,34.9131,31.3087,0.5518490,Cc1nc(Nc2ccccn2)cc(Nc2cccc(C3CC3)n2)n1,1,0.4658188,0.4658,0.7418937,0.7419,0.9999998,318.3840,58
27.9416,33.1903,24.2607,0.4787588,Cc1ccc(-c2cc(CN3CCOc4ccccc4C3=O)on2)cc1,1,0.3815663,0.3816,0.7329745,0.7330,0.9999998,334.3750,58
42.1790,45.9266,-15.9888,0.2494821,Nc1ncc(F)c(-c2ccc3c(c2)CN(C(=O)C2(c4ccc(F)cc4)CCC(=O)N2)C3)n1,1,0.1550858,0.1551,0.6588136,0.6588,0.9973925,435.4340,58
31.7249,38.9706,-15.3100,0.1971711,Cc1ccc(NC(=O)c2ccc(CN3CCC(n4ccc(C(N)=O)n4)CC3)cc2)nc1,1,0.1116856,0.1117,0.6402436,0.6402,0.9994507,418.5010,58
25.5670,34.2776,3.6531,0.3160893,Cc1cccc(NC(=O)NN=Cc2ccccc2NC(=O)c2ccc(Cl)cc2)c1,1,0.2491683,0.2492,0.4086631,0.4087,0.9998117,406.8730,58
28.9994,36.6276,-18.6929,0.1494553,Cc1nnc2n1N=C(N1CCN(S(=O)(=O)c3ccc(Cl)s3)CC1)CS2,1,0.0722519,0.0723,0.7357112,0.7357,0.9994271,418.9570,58
33.5209,39.4883,-10.1240,0.2447020,COc1ccc(NC(=O)c2cccc(NC(=O)c3ccc(CSc4nc5ccccc5[nH]4)cc3)c2)cc1OC,1,0.3600283,0.3600,0.1882313,0.1882,0.0277099,538.6290,58
38.1127,43.1800,-33.7030,0.0789754,Cc1nc(=S)[nH]c(N2CCC(CN3CCc4ccccc4NC3=O)CC2)c1C,1,0.0287040,0.0287,0.7667921,0.7668,0.9999202,397.5480,58
30.2889,35.8176,29.2917,0.5425779,COc1ccccc1C1Nc2ccccc2C(=O)N1c1cccc(OCCO)c1,1,0.4682655,0.4683,0.6692627,0.6693,0.9999586,390.4390,58
28.9577,31.3842,-18.8389,0.1045436,NS(=O)(=O)CNc1ccccc1CC(F)(F)F,1,0.0413621,0.0414,0.8677292,0.8677,0.9999814,268.2600,58
36.7363,46.6007,26.0551,0.6054656,O=C(Nc1nncs1)c1ccc(N2CCN(c3nnc(-c4cccc(F)c4)[nH]3)CC2)nc1,1,0.6048918,0.6049,0.4753926,0.4754,0.9886581,451.4910,58
31.1157,42.8135,-11.2950,0.2626548,COC(=O)C(NS(C)(=O)=O)C(=O)Oc1ccc(NC(N)=O)cc1OC,1,0.2058102,0.2058,0.3160782,0.3161,0.9999897,375.3590,58
31.0108,32.5449,-10.1581,0.1865566,Cc1ccc(N(Cc2cccc(Cl)c2)C(=O)CN2C(=O)CNC2=O)c(C)c1,1,0.0966856,0.0967,0.8040696,0.8041,0.9999728,385.8510,58
30.9602,40.9171,5.9360,0.3904425,COc1cc(-n2nnnc2SCc2ccc(C(N)=O)cc2)cc(O)c1C,1,0.2967774,0.2968,0.6372050,0.6372,0.9999928,371.4220,58
39.1586,43.8530,41.1938,0.7087236,Cc1ccnc(N2CCN(C(=O)C(C)n3nc(Oc4ccccc4)nc3N)CC2)n1,1,0.6834117,0.6834,0.6777092,0.6777,0.9997820,408.4660,58
25.7472,31.5156,-0.2417,0.2606160,Cc1cc(NS(=O)(=O)N(C)C)cc(OCCO)c1,1,0.1563650,0.1564,0.7952795,0.7953,0.9999894,274.3420,58
48.2375,52.8114,33.8492,0.7221717,COC(=O)Nc1ccc(CNC2CNc3nnc4c(F)cccc4c3N2)cn1,1,0.7479427,0.7479,0.5428349,0.5428,0.9999784,383.3870,58
29.5361,40.5542,48.1606,0.7392903,O=C(CN1CC(=Nc2ccc(F)cc2)NC1=O)N1CCN(C(=O)c2ccc(F)cc2)CC1,1,0.6957697,0.6958,0.7878263,0.7878,0.9954757,441.4380,58
34.6334,33.1695,58.2278,0.7616440,CS(=O)(=O)Nc1cccc(S(=O)(=O)NCc2nc(-c3ccccc3F)no2)c1,1,0.7889314,0.7889,0.5879912,0.5880,0.9988583,426.4510,58
35.8688,41.7414,-32.1212,0.0801682,Cc1cc(NC(=O)Cc2nonc2C)n(-c2cc3ccccc3[nH]2)n1,1,0.0315121,0.0315,0.5961288,0.5961,0.9999997,336.3550,58
33.9199,42.7872,-27.3169,0.1289193,O=Cc1ccc(-c2ccc(CN3CCC(F)C3)cc2)nc1Nc1cccnc1,1,0.0605428,0.0605,0.6521879,0.6522,0.9999886,376.4350,58
31.7271,37.8494,28.6242,0.5539466,COc1ccc(-c2cnc(C3CCN(c4ccc(C)nn4)C3)n2C2CC2)cc1,1,0.4811783,0.4812,0.6749484,0.6749,0.9999896,375.4760,58
28.4031,35.2493,9.8140,0.3755275,CC(C)(C)c1nc(C(=O)N2CCC3(CC2)OCCO3)cc(-n2ccnc2)n1,1,0.2628283,0.2628,0.8023392,0.8023,0.9999928,371.4410,58
35.4963,38.5790,42.3700,0.6745751,CN1CCN(c2ccc(Nc3nc(NCc4ccc5c(c4)OCO5)cc(-n4ccnc4)n3)cc2)CC1,1,0.7588449,0.7588,0.4088410,0.4088,0.8056061,484.5640,58
51.2963,54.7944,-51.6475,0.0262247,N#Cc1ccc(N2C3CN(CO)CC4CCN4C2O3)cc1Cl,1,0.0057190,0.0057,0.8768589,0.8769,0.9999999,320.7800,58
27.4031,35.3245,-12.6305,0.1891162,CCN(C(C)=O)c1cc(C)nc(N2CCN(C(=O)Nc3ccc(F)cc3)CC2)n1,1,0.0969255,0.0969,0.8533596,0.8534,0.9998957,400.4580,58
39.9523,42.6187,11.5192,0.4511497,CC(C(=O)Nc1ccn(CC(=O)N2CCN(CC(=O)N(C)C)CC2)n1)n1cc(Br)cn1,1,0.4004751,0.4005,0.5912863,0.5913,0.6047591,495.3820,58
34.2192,38.8352,-18.5555,0.1689977,CCN1CCN(c2ncc(N)s2)C(c2ccc(Cl)cc2)C1,1,0.0802445,0.0802,0.9417815,0.9418,0.9999999,322.8650,58
26.4517,35.3681,-16.0331,0.1611247,O=C(Nc1cccc(F)c1)N1CCN(c2cccc3c2CCN3)CC1,1,0.0763541,0.0764,0.8828709,0.8829,0.9999996,340.4020,58
40.7648,44.5849,23.0213,0.5633850,O=C1C2C(CN1Cc1ccco1)OC1(CN(Cc3ccccc3)C1)N2Cc1cccc(F)c1,1,0.5151323,0.5151,0.5808053,0.5808,0.9921121,447.5100,58
29.8407,33.7610,23.6158,0.4781401,CS(=O)(=O)Nc1cccc(Nc2nccc(Nc3cc(C(F)(F)F)ccc3Cl)n2)c1,1,0.4307292,0.4307,0.4813886,0.4814,0.9797824,457.8650,58
23.1081,30.4487,25.2420,0.4640894,O=C(Nc1nnc(N2CCCC2)s1)c1cc(Cl)ncn1,1,0.3474432,0.3474,0.8707922,0.8708,0.9999996,310.7700,58
25.1273,28.8848,55.9839,0.7072392,O=C(Nc1ccc(Cl)cc1)Nc1ccc(C(=O)NS(=O)(=O)c2ccccc2)cc1,1,0.7169934,0.7170,0.5673733,0.5674,0.9984342,429.8850,58
37.9326,42.6225,41.3093,0.6994313,COc1cc2c3ccccc3n(-c3cc(C)ccn3)c2cc1C(=O)Nc1ccc(C(=O)O)cc1,1,0.7980140,0.7980,0.3708203,0.3708,0.9886674,451.4820,58
32.0821,34.2513,18.3368,0.4382343,COc1cc(CN2CCN(C(=O)c3cc4sccc4[nH]3)CC2)ccc1Cl,1,0.3357698,0.3358,0.7368768,0.7369,0.9999605,389.9080,58
23.9157,33.6585,49.3952,0.6921143,Cc1cc(Nc2ccc(C(=O)O)cc2)nc(Nc2ccc(N3CCCC3)cn2)n1,1,0.6903517,0.6904,0.5809676,0.5810,0.9999585,390.4470,58
32.9600,37.6038,5.4584,0.3588523,Cc1cc(N(Cc2ccc(C(=O)NN=Cc3ccccc3O)cc2)S(=O)(=O)c2ccccc2)ccc1[N+](=O)[O-],1,0.6840970,0.6841,0.1766004,0.1766,0.0161939,544.5890,58
27.7032,30.6009,10.3930,0.3416158,S=c1[nH]nc(Nc2ccc(N3CCCC3)nn2)s1,1,0.2265228,0.2265,0.8410063,0.8410,0.9999939,280.3820,58
32.6146,39.6004,14.4345,0.4502910,CC1CN(Cc2nc(C(=O)N(C)C3CCN(C(=O)OC(C)(C)C)CC3)co2)CC(C)O1,1,0.3519261,0.3519,0.7169927,0.7170,0.9971102,436.5530,58
31.6865,35.4946,43.6573,0.6595993,COc1ccc(-c2noc(CNc3ncc4cc(C)cnc4n3)n2)cc1,1,0.6424339,0.6424,0.5874912,0.5875,0.9999992,348.3660,58
37.7489,42.9832,32.0140,0.6249762,CC(C)(C)c1ccc(-c2nc(-c3cc(Br)cc(NC(N)=O)n3)no2)cc1,1,0.5753132,0.5753,0.6603122,0.6603,0.9995523,416.2790,58
38.9555,45.6312,-13.8288,0.2650196,O=C(c1ccc(Oc2ccc(CNC3CC3)nn2)cc1)N1CCN(S(=O)(=O)c2ccccc2[N+](=O)[O-])CC1,1,0.3463797,0.3464,0.3204811,0.3205,0.0278169,538.5860,58
28.4658,34.7791,45.8834,0.6721875,Cc1ccccc1Cn1ccc(NC(=O)Nc2ccc(S(=O)(=O)O)cc2)n1,1,0.6614220,0.6614,0.5831538,0.5832,0.9999713,386.4330,59
27.3695,36.6300,-18.3390,0.1524248,N=C(N)n1ccc(N2Cc3ccccc3NC2=O)n1,1,0.0817298,0.0817,0.5271801,0.5272,0.9999439,256.2690,59
45.3364,50.9035,-13.4454,0.3121505,COc1c(N)ccc2sc(NC3NS(=O)(=O)NC3(C)C)nc12,1,0.2179196,0.2179,0.6134556,0.6135,0.9999995,343.4340,59
33.9091,35.9106,60.2432,0.8012812,Cc1cccc(C(=O)N2CCc3nc(Nc4ccc(C)c(F)c4)[nH]c(=O)c3C2)c1,1,0.8018398,0.8018,0.7155319,0.7155,0.9999502,392.4340,59
22.4791,29.3085,22.6782,0.4332220,CCCNc1nccc(N2CCN(Cc3cccc(F)c3)CC2)n1,1,0.3136829,0.3137,0.8827436,0.8827,0.9999998,329.4230,59
36.5168,45.0351,-13.9855,0.2587468,CC1CN(c2nc3c(NC(=O)Nc4cccc(F)c4)cc(F)cc3o2)CCN1,1,0.1646505,0.1647,0.6403403,0.6403,0.9999687,387.3900,59
26.2025,33.8821,-18.4539,0.1285683,O=C(NCC1CCCN1Cc1ccccn1)Nc1ccccc1O,1,0.0582117,0.0582,0.7381315,0.7381,0.9999999,326.4000,59
32.6618,37.0293,24.4010,0.5119189,COc1ccc(-c2cc3c(N4CCC(OC=O)CC4)nc(C)nc3s2)cc1,1,0.4395702,0.4396,0.6243265,0.6243,0.9999782,383.4730,59
28.7398,31.9913,56.2194,0.7350885,CC(C)(C)OC(=O)N1CCN(Cc2ccc(CN3C(N)=NC(N)=NC34CCCCC4)cc2)CC1,1,0.7190962,0.7191,0.7011361,0.7011,0.9425033,469.6340,59
31.0766,36.5620,40.9698,0.6460989,Cc1ccccc1COc1cccc(Nc2ncnc(N3CCN(C)CC3)c2N)c1,1,0.6056172,0.6056,0.6513797,0.6514,0.9998484,404.5180,59
36.3575,40.7122,-31.9298,0.0731867,CC(=O)Nc1c(CC(=O)O)c2nc3ccccc3nc2n1Cc1cccc(C)c1,1,0.0283824,0.0284,0.5451216,0.5451,0.9999655,388.4270,59
25.2667,29.4518,20.1948,0.4137216,NCC1(NS(=O)(=O)N2CCOCC2)CCCC(O)C1,1,0.3275273,0.3275,0.6028026,0.6028,0.9999982,293.3890,59
30.1548,26.0971,-7.1434,0.1579479,CCc1ccccc1NC(=O)c1ccc(=O)n(CC(C)C)n1,1,0.0732774,0.0733,0.9229442,0.9229,0.9999989,299.3740,59
28.9702,33.5786,-9.3985,0.2015010,COc1ccc(-c2nnn(CC(=O)Nc3cnn(-c4ccc(C)cc4)c3C)n2)cc1,1,0.1214982,0.1215,0.5314000,0.5314,0.9998627,403.4460,59
28.3504,35.7803,39.5219,0.6275184,Cc1ccc([N+](=O)[O-])cc1NC(=O)Nc1nc(N2CCOCC2)n(-c2ccccc2)n1,1,0.6350727,0.6351,0.4769119,0.4769,0.9991351,423.4330,59
31.7531,31.4428,50.5060,0.6829063,NC1CCN(C(=O)NCC2CCCN(CCc3ccccc3)C2)C1,1,0.6047707,0.6048,0.8634518,0.8635,0.9999998,330.4760,59
26.7869,32.8897,-19.3912,0.1124874,N=C(N)N1CCN(C(=O)Nc2cccc(CN)c2)CC1,1,0.0551899,0.0552,0.4560492,0.4560,0.9999912,276.3440,59
26.1611,32.7169,7.4211,0.3344833,COc1ccc(Br)cc1C(=O)N1CCN(S(=O)(=O)c2nc(C)cs2)CC1,1,0.2324535,0.2325,0.7002770,0.7003,0.9746574,460.3750,59
33.4740,48.4664,27.7063,0.6347727,COC(=O)NC1CCN(Cc2ccc(C(=O)Nc3cnc(N)c(Cl)c3)nc2)C1,1,0.5796915,0.5797,0.6949219,0.6949,0.9998436,404.8580,59
30.0746,37.6347,-1.3857,0.3020751,COC(=O)c1cc(NC(=O)c2sc(C)nc2-c2ccccc2)nc(N(C)C)c1,1,0.2033511,0.2034,0.6633265,0.6633,0.9999278,396.4720,59
36.2602,44.4297,-4.5131,0.3326383,Cc1ccc(S(=O)(=O)NCCn2ccnc(N3CCN(S(=O)(=O)c4ccc([N+](=O)[O-])cc4)CC3)c2=O)cc1,1,0.6707972,0.6708,0.2951693,0.2952,0.0031149,562.6300,59
50.7153,50.5253,-5.1245,0.3783403,NCCCC(OC(N)=O)C(=O)NC(Cc1ccccc1)C(=O)N1CCN(c2ccc(-c3ncon3)cc2)CC1,1,0.5510932,0.5511,0.3275299,0.3275,0.0362868,535.6050,59
26.0274,32.4086,24.6120,0.4751716,Cn1nnnc1SCC(=O)N1CCN(c2ccc(N)cc2Cl)CC1,1,0.3936290,0.3936,0.6330658,0.6331,0.9999948,367.8660,59
42.2485,53.2137,27.8184,0.6752677,CCC1c2ccccc2CCN1C(=O)C1(c2cccc(NS(N)(=O)=O)c2)NC(=O)NC1=O,1,0.7500477,0.7500,0.3880282,0.3880,0.9804165,457.5120,59
38.5541,36.5885,30.4959,0.5590365,COc1ccc(C=NNc2nc(-c3ccc(F)cc3)cc(=O)s2)c(OC)c1,1,0.5262369,0.5262,0.5165020,0.5165,0.9999739,385.4200,59
27.5343,30.5893,30.4619,0.5087604,Cc1ccc(OCC(=O)Nc2nc(-c3ccnn3C)cs2)cc1C,1,0.4098926,0.4099,0.7730740,0.7731,0.9999995,342.4240,59
40.3993,47.2138,-47.2137,0.0000006,COc1ccc(OC)c(N(C(=O)CN(c2cccc(C)c2)S(=O)(=O)N(C)C)C(C(=O)NCc2ccncc2)c2ccccc2)c1,1,0.0000000,0.0000,0.2358061,0.2358,0.0000054,631.7550,59
38.6802,49.8898,-36.6597,0.1102513,O=C(NC1CCN2CCN(Cc3cccs3)C2C1)c1ccccc1SC(F)F,1,0.0472644,0.0473,0.7099680,0.7100,0.9991255,423.5540,59
35.3769,42.9030,-23.0275,0.1656287,Cc1csc(N2CNc3c(N)ncnc3N2Cc2ccc(F)cc2)n1,1,0.0833508,0.0834,0.7455803,0.7456,0.9999980,357.4180,59
30.6936,31.0862,-14.9855,0.1341724,O=C(Nc1ccc(-c2cc(=O)[nH][nH]2)cc1)c1cc(Cl)sc1Cl,1,0.0637406,0.0637,0.6650574,0.6651,0.9999985,354.2180,59
26.8502,31.1403,-7.5692,0.1964263,CC(=O)Nc1cccc2ncnc(N3CCN(c4ccccc4C)CC3)c12,1,0.1051338,0.1051,0.7760698,0.7761,0.9999971,361.4490,59
31.7689,42.1197,-26.4676,0.1304344,Cc1ccc(-n2nc(C(=O)NN3CCN(S(=O)(=O)c4ccc(Cl)cc4)CC3)cc2-c2ccccc2C)cc1,1,0.1386735,0.1387,0.3835364,0.3835,0.0098255,550.0840,59
34.4830,40.3800,27.6608,0.5670067,CCc1nc(NC(=O)c2ccco2)sc1N(C)c1cccc(C)c1,1,0.4854866,0.4855,0.7350562,0.7351,0.9999995,341.4360,59
23.4094,35.4160,-15.2269,0.1682425,CN1CCN(c2ccc(NC(=O)N3CCC(NS(N)(=O)=O)CC3)cn2)CC1,1,0.0891805,0.0892,0.6364290,0.6364,0.9999205,397.5050,59
28.9142,33.8473,-3.4746,0.2531057,CCN1CCN(c2cc(NCc3ccccc3Cl)nc(Nc3ccccn3)n2)CC1,1,0.1630083,0.1630,0.5942545,0.5943,0.9990928,423.9520,59
44.7353,46.1738,31.0427,0.6434715,COc1cccc2nn(-c3ccc(NC(=O)Nc4ccc5c(=O)[nH]cnc5c4)cc3)nc12,1,0.6903229,0.6903,0.4038639,0.4039,0.9987514,427.4240,59
31.1073,35.8696,47.1247,0.6916193,COc1ccc(C=C2N=C(c3cc(-c4ccc(F)cc4)[nH]n3)OC2=O)cc1,1,0.6941452,0.6941,0.5678845,0.5679,0.9999966,363.3480,59
29.9621,34.8749,-30.8995,0.0331278,CC(=O)Nc1cccc(OCC(=O)N2CCCNCC2)c1N,1,0.0085129,0.0085,0.7009418,0.7009,0.9999995,306.3660,59
31.8556,35.8767,38.5317,0.6200701,COc1ccc2nc(N3CCN(S(=O)(=O)c4cnc5n4CCNC5)CC3)sc2c1,1,0.5696795,0.5697,0.6576876,0.6577,0.9975966,434.5470,59
42.9231,52.4664,5.5562,0.4835216,CN1CCN(c2cc(N=Cc3ccc([N+](=O)[O-])o3)cc(N=Nc3ccc(NS(C)(=O)=O)cc3)c2)CC1,1,0.6783844,0.6784,0.2030048,0.2030,0.2563393,511.5640,59
46.9095,47.2099,28.2661,0.6289662,Cc1cn(C)nc1-n1cc(-c2cccc(CNC3CC3)c2O)nn1,1,0.5599053,0.5599,0.7494380,0.7494,0.9999999,324.3880,59
38.9174,41.9486,39.4546,0.6783600,c1ccc(C2COc3ccc(-c4ccc5nccn5n4)nc3N2)nc1,1,0.6619133,0.6619,0.6088316,0.6088,0.9999998,330.3510,59
39.8691,51.9932,-35.1800,0.1401101,CC(C)(C)NC(=O)N1CCCC1(C)c1nc(-c2ccccn2)cc(N2CCN(C3CCC3)CC2)n1,1,0.0675316,0.0675,0.7164309,0.7164,0.8867399,477.6570,59
43.7269,55.0303,-21.0102,0.2835010,Cc1ccc(S(=O)(=O)N2CCN(c3cc(C#N)c(Oc4cccc(-c5cc(C)on5)c4)o3)CC2)cc1,1,0.2503588,0.2504,0.3704823,0.3705,0.3963426,504.5680,59
37.3065,38.7172,-9.1896,0.2460630,FC1(F)CN(CC2C3CCC(C3)CN2Cc2ccc(Cl)cc2)C1,1,0.1427830,0.1428,0.8200940,0.8201,0.9999996,340.8450,59
27.8599,30.9569,59.7730,0.7560827,O=C(Nc1ccc(N2CCN(S(=O)(=O)c3ccccc3)CC2)cc1)c1cccc2ccccc12,1,0.8448246,0.8448,0.4618087,0.4618,0.9319727,471.5820,59
30.6786,30.5256,30.5494,0.5089586,COc1ccc2[nH]cc(C3CCN(C(=O)Nc4cccs4)CC3)c2c1,1,0.4188081,0.4188,0.7183892,0.7184,0.9999983,355.4630,59
25.4558,29.6204,-11.1350,0.1540446,CCN1CCN(c2ncccc2CNc2ccnc(-c3ccccc3)n2)CC1,1,0.0760694,0.0761,0.7144961,0.7145,0.9999905,374.4920,59
25.4632,33.3338,35.8914,0.5768771,O=C(O)c1ccc(NN=Cc2ccc(N3CCN(S(=O)(=O)c4ccccc4)CC3)cc2)cc1,1,0.5907712,0.5908,0.4107579,0.4108,0.9632205,464.5470,59
27.0911,35.4401,-29.1076,0.0527713,COc1ccc(NC(=S)Nc2ccnn2-c2nc(-c3ccc(F)cc3)cs2)c(OC)c1,1,0.0195049,0.0195,0.3981753,0.3982,0.9836158,455.5400,59
29.5206,31.1145,24.4982,0.4634399,NC(=O)c1cc(NC(=O)COC(=O)c2cc([N+](=O)[O-])ccc2N2CCCC2)ccc1Cl,1,0.4407595,0.4408,0.3774673,0.3775,0.9925759,446.8470,59
40.0915,43.7709,14.0088,0.4814974,CCC1(CC)C(=O)N(NC(=O)CN2CCN(Cc3ccccc3)CC2)C2OCCCN21,1,0.3892954,0.3893,0.7035950,0.7036,0.9984797,429.5650,59
29.0320,35.5288,-25.8656,0.0805268,Cn1cncc1CN1c2ccccc2NCC1CO,1,0.0284788,0.0285,0.8687388,0.8687,0.9999536,258.3250,59
33.1674,45.2879,-1.4849,0.3650254,CCCCCCCCc1nc2ccccc2n1N=Cc1cnc(-c2cc(C)ccc2C)o1,1,0.3754457,0.3754,0.1999871,0.2000,0.9986113,428.5800,59
52.7554,57.1291,-57.1291,0.0000000,c1c2Nc3n(Cc2c(C2N(C)CCS2)n1)cc(n3)N1CCC(CC1)NS(=O)(C)=O,0,0.0000000,0.0000,0.0000000,0.0000,0.0000000,0.0000,59
28.9054,35.8299,13.2299,0.4088315,Cc1ccc(C)c(S(=O)(=O)Nc2ccc(C(=O)N3CCN(c4nc5ccc(Cl)cc5s4)CC3)cc2)c1,1,0.6378846,0.6379,0.3697939,0.3698,0.0221988,541.0980,59
28.1429,35.2585,4.4736,0.3311009,Cc1ccc(NC(=O)NC(=O)NNP(=O)(c2ccccc2)c2ccccc2)cc1,1,0.2708848,0.2709,0.3846824,0.3847,0.9997833,408.3980,59
44.3482,52.9284,-28.6251,0.2025271,CC1CCc2c(c(S(=O)(=O)NC(C)c3ccc(O)cc3)cc3c2OCCC3)N1,1,0.1118336,0.1118,0.7285165,0.7285,0.9998739,402.5160,59
37.5246,45.2273,11.8147,0.4753497,O=C(NCc1ccc(N2CCCC2)cc1)c1cc(S(=O)(=O)Br)ccc1OC(F)(F)F,1,0.4684456,0.4684,0.5938700,0.5939,0.3373929,507.3280,59
30.5052,36.0177,-18.0544,0.1496938,NC1=NNNN1CC(O)(O)CO,1,0.1003665,0.1004,0.2440940,0.2441,0.9242747,177.1640,59
24.5923,27.1838,-13.8030,0.1115065,COc1ccc(Cl)cc1NC(=O)Nc1c(C)n[nH]c1C,1,0.0462192,0.0462,0.8121242,0.8121,0.9999984,294.7420,59
31.5614,37.1781,55.1115,0.7690794,Cc1ccc(OCC(=O)N2CCN(C3CN(c4ccccc4)C3=O)CC2)cc1C,1,0.7514639,0.7515,0.7314578,0.7315,0.9999451,393.4870,59
30.7782,38.1344,-7.7892,0.2528768,COCc1ncc(CNc2nccc(-n3ccnc3N)n2)[nH]1,1,0.1613111,0.1613,0.6133669,0.6134,0.9999990,300.3260,59
33.5192,39.9661,33.3457,0.6109311,CS(=O)(=O)Nc1cccc(NC(=O)c2ccnc(Nc3cccc4nsnc34)n2)c1,1,0.6363122,0.6363,0.4150547,0.4151,0.9954507,441.4980,59
23.9264,31.8427,-11.9054,0.1661437,CCc1ccccc1NC(=O)NNC(=O)c1ccc(O)c(OC)c1,1,0.0871700,0.0872,0.6473451,0.6473,0.9999998,329.3560,60
27.3073,39.4353,30.0461,0.5790119,O=C(Nc1ccccc1C(=O)O)NN1c2cc(Cl)ccc2NS1(=O)=O,1,0.5188341,0.5188,0.6469074,0.6469,0.9999795,382.7850,60
26.9709,34.9650,32.8593,0.5652032,Cc1ccc(S(=O)(=O)Nc2ccc(Nc3ccc(N=[N+]=[N-])cc3[N+](=O)[O-])cc2)cc1,1,0.7328287,0.7328,0.1712855,0.1713,0.9990510,424.4420,60
32.3821,30.7339,29.9920,0.5060491,CN(C=C(NC(=O)c1ccccc1)C(=O)Nc1ccc(F)c(F)c1)Cc1ccccc1,1,0.4462453,0.4462,0.5592575,0.5593,0.9992796,421.4470,60
27.7759,31.6732,35.3051,0.5581522,COc1ccc(NCc2ccc(C)cc2O)cc1S(=O)(=O)N1CCOCC1,1,0.4659317,0.4659,0.7845958,0.7846,0.9999500,392.4770,60
51.8688,63.8943,15.5001,0.6616206,Cc1nc(C2NC(=O)CN2C)c2ccccc2c1NC(=O)Cc1cccc2nsnc12,1,0.6703957,0.6704,0.5144214,0.5144,0.9980071,432.5090,60
31.3340,41.1134,-3.5064,0.3133918,CN1CCN(c2nccc(Nc3cc(-n4cccn4)cn(C)c3=O)n2)CC1,1,0.2082952,0.2083,0.7329284,0.7329,0.9999955,366.4290,60
31.3066,39.1901,27.1904,0.5531714,O=C(CCNc1ccc(F)cc1)NCC1CNc2nccnc2O1,1,0.4674574,0.4675,0.7416541,0.7417,0.9999998,331.3510,60
50.0942,58.2744,-4.1822,0.4507680,Cc1cc(O)c(S(=O)(=O)N(C)c2ccc(Cl)cc2)cc1N=NC1(C)CCS(=O)(=O)N1,1,0.3673195,0.3673,0.6447987,0.6448,0.9233671,472.9760,60
36.4943,39.6381,25.2369,0.5406256,Cn1c(=O)c(=O)n(Cc2cccc(F)c2)c2cc(-c3ccc(C(F)(F)F)cc3)ccc21,1,0.5587421,0.5587,0.3544374,0.3544,0.9986360,428.3850,60
38.1099,44.8119,43.5014,0.7359440,Cc1[nH]c(C(=O)OC(C)C(=O)Nn2c(C)c(C)c(=O)[nH]c2=O)c2c1CCCC2,1,0.7225121,0.7225,0.6734007,0.6734,0.9999655,388.4240,60
25.0296,36.4749,-15.5871,0.1740652,Cc1ccc(NC(=O)N2CCN(c3cnc(NS(=O)(=O)c4ccc(C)cc4)cn3)CC2)cc1,1,0.0959277,0.0959,0.5977510,0.5978,0.9560305,466.5670,60
31.3278,34.5469,-7.4273,0.2259966,O=C(Nc1ccc(NS(=O)(=O)c2cc(Cl)ccc2Cl)cc1)Nc1ccc(Cl)c(Cl)c1,1,0.1836921,0.1837,0.3589205,0.3589,0.3822857,505.2100,60
43.1145,48.5888,18.0951,0.5556989,O=C(NN=Cc1ccc(O)cc1O)NC1NN=C(N2CCN(c3cccc(C(F)(F)F)c3)CC2)S1,1,0.7145947,0.7146,0.3168482,0.3168,0.2939508,509.5140,60
36.7060,45.4254,-23.2949,0.1844208,Cc1cc(C)nc(-n2c(C)cnc2-c2cnc(C(=O)Nc3ccncc3)o2)n1,1,0.1042325,0.1042,0.5834994,0.5835,0.9999896,375.3920,60
38.0878,49.3811,19.9526,0.5777810,COc1ccc(C=NN2C(=O)N3CC2CC3C(=O)NC2CCS(=O)(=O)C2)cc1O,1,0.5191951,0.5192,0.6387500,0.6388,0.9992090,422.4630,60
28.7339,33.9620,44.1823,0.6512026,O=S(=O)(NC(=NCc1cccnc1)Nc1cccc2ccccc12)c1ccccc1,1,0.7157404,0.7157,0.3776031,0.3776,0.9995429,416.5060,60
26.5377,35.5135,-35.5135,0.0000000,c1c(C)c(cc2c1oc(cc2CN(C)Cc1ccco1)=N)=O,0,0.0000000,0.0000,0.0000000,0.0000,0.0000000,0.0000,60
62.5478,65.6905,-31.6729,0.2834806,COc1ccc(N2C(=O)NC(=O)C2(C)C2C3NC(=O)N(CCc4ccccc4)CN2CN3c2ccc(Cl)cc2)cc1,1,0.5698280,0.5698,0.4160199,0.4160,0.0009927,575.0690,60
31.6815,41.4133,7.0595,0.4039405,CN(C)c1ccc(NC(=NCc2cccnc2)NNC(=O)OC(C)(C)C)cc1F,1,0.3526262,0.3526,0.4130601,0.4131,0.9998744,402.4740,60
23.5266,26.5889,43.4705,0.5838283,Cc1ccc(Nc2ncnc(Nc3ccc(C(N)=O)cc3)c2N)cc1,1,0.5445080,0.5445,0.5693910,0.5694,0.9999998,334.3830,60
29.2248,36.3443,-36.3442,0.0000008,CCC(C(=O)NC1CCCC1)N(Cc1ccc(O)cc1)C(=O)CN(c1ccccc1OC)S(=O)(=O)c1ccc(C)cc1,1,0.0000000,0.0000,0.3126193,0.3126,0.0001779,593.7460,60
34.3541,38.6319,36.4039,0.6252978,N#Cc1cccc(S(=O)(=O)N2CCCC2C(=O)Nc2cccc(N)n2)c1,1,0.5385688,0.5386,0.8338580,0.8339,0.9999928,371.4220,60
24.1200,38.8226,-8.4522,0.2530872,Cc1ccc(CN(C)c2ccc(NS(=O)(=O)N(C)C)cc2N)cc1,1,0.1504525,0.1505,0.7860544,0.7861,0.9999991,348.4720,60
39.8852,41.6348,32.0512,0.6140498,Cc1cnc(CC(=O)N2CCN(Cc3cccc(F)c3)C(Cc3ccccc3)C2)cc1C,1,0.5815003,0.5815,0.5827604,0.5828,0.9981744,431.5550,60
29.3890,32.6778,48.1305,0.6734027,Cc1cccc(-c2nnc(SCC(=O)N3CCN(c4cccc5ccccc45)CC3)o2)c1,1,0.7298956,0.7299,0.4180933,0.4181,0.9939775,444.5600,60
29.2885,32.8925,-20.1481,0.1062029,Cc1ccc(N(CC(=O)N(Cc2ccccc2)Cc2ccc(Cl)cc2)S(=O)(=O)c2ccc(Br)cc2)cc1,1,0.2295055,0.2295,0.2124029,0.2124,0.0001206,597.9620,60
27.6634,29.2677,36.2190,0.5457230,COc1cc2nc(Nc3nc4ccccn4n3)sc2cc1OC,1,0.4824092,0.4824,0.6207355,0.6207,0.9999999,327.3690,60
34.0348,43.3984,48.7504,0.7679066,O=S(=O)(Oc1ccc(N2CCc3ccccc32)nc1)N1CCc2ccccc2C1,1,0.7712423,0.7712,0.6628534,0.6629,0.9998006,407.4950,60
35.9013,34.7997,-26.0887,0.0725913,CCOc1ccc(C=NNC(=O)CNC(=O)C=Cc2ccc(N)cc2)cc1,1,0.0336873,0.0337,0.2872708,0.2873,0.9999955,366.4210,60
31.3531,44.0379,-7.2781,0.3063310,Cc1ccc(NC(=O)Nc2nc(C(=O)N3CCN(S(=O)(=O)c4ccc(Cl)cc4)CC3)cc(N3CCCC3)n2)cc1,1,0.7003861,0.7004,0.4512370,0.4512,0.0004323,584.1020,60
40.8765,44.4977,32.5321,0.6419149,COc1ccc(C)cc1NC(=O)Nc1ccc(S(=O)(=O)NCCC2(N)CCCCC2)cc1,1,0.6592928,0.6593,0.4745723,0.4746,0.9741404,460.6000,60
31.2607,35.3958,52.1529,0.7295729,Cc1ccc(NC(=O)Nc2ncn(Cc3ccc(F)c(C)c3)n2)c(C)c1,1,0.6936538,0.6937,0.7436078,0.7436,0.9999986,353.4010,60
36.8473,39.6638,-23.3784,0.1357119,CC(=O)N(NN=Cc1cccc(C)c1)c1ccc(C(N)=O)cc1,1,0.0651092,0.0651,0.6536465,0.6536,0.9999996,310.3570,60
34.5249,49.8545,-18.0988,0.2646303,COc1cccc(NC(=O)N2CCOc3ccc(NS(=O)(=O)c4cccc(NC(=O)Nc5ccc(C)cc5)c4)cc32)c1,1,0.7378255,0.7378,0.2131052,0.2131,0.0003116,587.6580,60
30.5484,35.8936,3.5926,0.3290518,Cc1ccc(NC(=O)Nc2ccc3c(-c4cccc(C)c4)nc4ccccc4c3c2)cc1,1,0.2876500,0.2876,0.3022770,0.3023,0.9994985,417.5120,60
26.5304,34.5287,33.8632,0.5699324,COc1ccc(S(=O)(=O)Nc2cccc(C(=O)Nc3ccc(S(N)(=O)=O)cc3)c2)c(C)c1,1,0.5606492,0.5606,0.4790860,0.4791,0.9048325,475.5480,60
26.7855,35.6503,32.1845,0.5652896,O=C1NC2(CCCCC2)C(=O)N1Nc1ccc(S(=O)(=O)N2CCCCC2)cc1N1CCOCC1,1,0.5387528,0.5388,0.6080681,0.6081,0.6840351,491.6140,60
49.0031,67.1184,10.1561,0.6439535,Cc1cccc(OCC2CN(Oc3ccn[nH]3)CC(NC(=O)Nc3ccc(C)cc3C)N2)c1,1,0.6747745,0.6748,0.4410503,0.4411,0.9895965,450.5430,60
30.7823,39.0140,30.2421,0.5771344,CN(c1ccc(OC(F)(F)F)cc1)S(=O)(=O)c1ccc(NC(=O)Nc2ccccc2Cl)nc1,1,0.6209547,0.6210,0.4900389,0.4900,0.4796107,500.8860,60
19.4260,25.2112,-9.6691,0.1295170,CNc1ccc(NS(=O)(=O)N(C)C)nc1,1,0.0578695,0.0579,0.7819748,0.7820,0.9993862,230.2930,60
38.8499,47.1574,-47.1574,0.0000000,c1(c2ccc(Cl)cc2nc(C(N/N=C/c2cccc(OC)c2)=O)n1NC(c1cc(c(cc1)O)O)=O)N,0,0.0000000,0.0000,0.0000000,0.0000,0.0000000,0.0000,60
35.8202,42.8006,29.2529,0.6004460,Cc1cnc(Nc2cc(OCc3ncon3)nc(N3CCN(C)CC3)c2)s1,1,0.5379255,0.5379,0.6836739,0.6837,0.9999685,387.4690,60
46.8181,64.8354,-64.8354,0.0000000,c1(ccc2c(c1-c1c(C)cc(C)cc1)C(N(C12CC(N2Cc3ccccc3C2)C1)=O)=O)NS(=O)(N)=O,0,0.0000000,0.0000,0.0000000,0.0000,0.0000000,0.0000,60
40.7984,50.8580,16.3237,0.5598473,COc1cccc(C2(C)CNCC(Cc3ccc(N4CCN(C)CC4)nn3)N2)c1,1,0.4672603,0.4673,0.7886918,0.7887,0.9999273,396.5390,60
37.1870,46.7652,-13.0865,0.2806558,NS(=O)(=O)NC1CN(C2CN(c3ncccn3)C2)CC1Oc1ccccn1,1,0.1848638,0.1849,0.6410598,0.6411,0.9999545,391.4570,60
44.1127,51.2586,13.9936,0.5437684,COc1ccc(-c2sc(CN(CC3CCCO3)c3nc(=O)[nH]c(=O)[nH]3)nc2N)cc1,1,0.5076364,0.5076,0.5104989,0.5105,0.9983447,430.4900,60
35.8188,47.2424,21.7437,0.5748842,O=C1N(c2ccc(O)cc2)CCN1c1nc(-c2cncc(-n3cccc3)c2)cs1,1,0.5364031,0.5364,0.5555361,0.5555,0.9998624,403.4670,60
29.2603,29.0240,-19.9125,0.0759288,NC(=O)c1cc(CNCc2cccs2)ccc1O,1,0.0271096,0.0271,0.7693264,0.7693,0.9999679,262.3340,60
26.5264,29.9218,8.2694,0.3182605,Cc1noc(C)c1-c1ccc(S(=O)(=O)N2CCN(C)CC2)cn1,1,0.2047840,0.2048,0.8401901,0.8402,0.9999997,336.4170,60
27.9240,29.4148,28.4327,0.4820620,O=C(O)C1CCN(C(=O)c2ccc(-c3nc(-c4ccc(Cl)cc4)no3)cc2)CC1,1,0.3909800,0.3910,0.6966878,0.6967,0.9997024,411.8450,60
34.5521,42.7783,-12.7226,0.2504643,COc1ccc(-c2nc(CN3CCC(NC(C)=O)C3)cc(-c3cccc(C)c3)n2)cc1,1,0.1557385,0.1557,0.6613677,0.6614,0.9995421,416.5250,60
28.6701,36.5922,40.9790,0.6464272,Cc1ccc(S(=O)(=O)Nc2cnc(N3CCOCC3)c(CO)c2)cc1C,1,0.5662906,0.5663,0.8259678,0.8260,0.9999874,377.4660,60
39.2016,44.6765,-18.0097,0.2222232,COc1cc(CN2CCC3(CC2)CN(c2cnccn2)CN(C2CCSCC2)C3)ccc1O,1,0.1294909,0.1295,0.7144836,0.7145,0.9423984,469.6550,60
30.1595,38.0109,20.6623,0.4889438,CC(=O)Nc1ccc2nc(CN3CCC(N4CCN(C)CC4)C3)cn2c1,1,0.3720514,0.3721,0.8895792,0.8896,0.9999982,356.4740,60
31.7469,39.1296,40.1057,0.6602941,CC(=O)Nc1cccc(Nc2nc(N(C)C)nc(N3CCN(C(=O)c4cc5ccccc5o4)CC3)n2)c1,1,0.7898748,0.7899,0.4106303,0.4106,0.4870396,500.5630,60
49.3960,55.1821,22.2137,0.6449649,COc1ccc(Nc2cc(-c3cnn(C)c3)nc(C3(O)CCN4C(c5ccccc5)CCC43)n2)cc1,1,0.7027519,0.7028,0.4204089,0.4204,0.8325353,482.5880,60
42.5101,53.4795,25.9071,0.6615551,O=C(Oc1ccc(N2N=NS2(=O)=O)cn1)c1cccc2c1OCC2,1,0.5945870,0.5946,0.7817652,0.7818,0.9999993,346.3240,60
38.8151,40.1548,-40.1548,0.0000000,Brc1ccc(cc1)C(N1N=C2CCCC(C=2[C@H]1c1cc(Cl)ccc1)=O)=O,0,0.0000000,0.0000,0.0000000,0.0000,0.0000000,0.0000,60
25.1563,29.2184,-8.9580,0.1688367,O=C(O)c1ccc(C(=O)N(Cc2cccnc2)c2ccccc2)cc1,1,0.0847433,0.0847,0.7744006,0.7744,0.9999998,332.3590,60
51.9267,53.0683,-11.4051,0.3471932,COc1ccc2c(c1)CN(C1CCCN(CCN3CCCC4C(=O)NNC4C3=O)C1)CC2,1,0.2441913,0.2442,0.7027441,0.7027,0.9954181,441.5760,60
23.7333,26.9599,15.0600,0.3501660,CC(C(=O)O)N1CCN(Cc2cccc(Br)c2)CC1,1,0.2287828,0.2288,0.9191536,0.9192,0.9999999,327.2220,60
37.1796,44.3561,16.4933,0.5070779,O=C(Nc1ccc(NC(=O)c2ccccc2)c([N+](=O)[O-])c1)c1cncc(N2CCN(c3ncccn3)CC2)c1,1,0.7691866,0.7692,0.2732938,0.2733,0.0944638,524.5410,60
34.5665,36.3923,-10.2639,0.2177367,CC=CC(=CNS(=O)(=O)c1ccc(C)cc1)S(=O)(=O)OC,1,0.1291346,0.1291,0.6324253,0.6324,0.9999998,331.4150,60
42.5483,53.4102,10.5042,0.5326197,Cc1cccc(N2CCN(c3ccc(NNN=Cc4ccncc4)c(C)c3)C2=O)c1,1,0.5006567,0.5007,0.4827457,0.4827,0.9998955,400.4860,61
32.6462,36.9390,-25.8526,0.0923868,Cn1ccc(-c2cc3c(cn2)C(=O)N(Cc2nccs2)C3)n1,1,0.0362401,0.0362,0.7428256,0.7428,0.9999996,311.3700,61
27.9483,32.9668,38.2086,0.5931284,Cc1cc(NS(=O)(=O)c2ccc(Cl)cc2)ccc1N1CCN(Cc2ccc(Cl)cc2)CC1,1,0.6069792,0.6070,0.5012352,0.5012,0.7066223,490.4560,61
28.5795,33.7271,43.5415,0.6439048,COc1cccc(C(=O)N2CCN(CCc3nnc4ccccc4n3)CC2)c1,1,0.5959143,0.5959,0.6775911,0.6776,0.9999875,377.4480,61
32.0865,31.4616,-18.6231,0.1069875,NCCOc1cn(-c2ccccc2F)nc1N,1,0.0433391,0.0433,0.8272970,0.8273,0.9996453,236.2500,61
40.5294,43.9895,-16.3980,0.2299285,Cc1cc(OCC(=O)NC(C)(C)C)ccc1N1CC(N2CCc3ccccc3C2)CC1=O,1,0.1314449,0.1314,0.7815107,0.7815,0.9973602,435.5680,61
57.2880,63.8031,13.5138,0.6443075,CN(C(=O)OC(O)C1=NOC(CCF)(c2ncc(Cl)cn2)C1)N1Cc2ccccc2C1,1,0.5975509,0.5976,0.6765330,0.6765,0.9902157,449.8700,61
34.5202,37.2578,-26.6188,0.0886578,Fc1cc2ccoc2cc1Nc1nc(-c2ccncc2)nc2c1CNCC2,1,0.0367107,0.0367,0.5778420,0.5778,0.9999971,361.3800,61
31.5051,36.0918,-12.0584,0.2002782,Cc1ccc2c(COC(=O)Nc3ccccc3CN(C)C)cc(=O)oc2c1C,1,0.1126703,0.1127,0.6711790,0.6712,0.9999835,380.4440,61
42.8961,45.1958,21.9485,0.5595359,CC1CN(C(=O)c2cc3c(s2)CCN(C(=O)c2ccccc2Cl)C3)CCN1C(N)=O,1,0.4707768,0.4708,0.7689929,0.7690,0.9924988,446.9600,61
32.0287,38.2088,-0.5379,0.3139240,O=C(Nc1ccc(Cl)c(Cl)c1)c1ccc(N2CCS(=O)(=O)CC2)c(NS(=O)(=O)c2cccs2)c1,1,0.5277628,0.5278,0.4640120,0.4640,0.0037854,560.5060,61
42.8954,46.7213,23.5409,0.5855186,O=C(C1CC(NS(=O)(=O)c2cccs2)CN1)N1CCN(c2ccc3c(c2)OC(F)(F)O3)CC1,1,0.5857747,0.5858,0.6407974,0.6408,0.4873613,500.5490,61
30.0119,28.9215,-14.7484,0.1181089,O=C(CN1C(=O)CNC1=O)N1CCC(NC2CC2)CC1,1,0.0531033,0.0531,0.6660224,0.6660,0.9999939,280.3280,61
23.6570,24.6508,-20.0935,0.0379776,O=S(=O)(Cl)Nc1cncs1,1,0.0102737,0.0103,0.7228296,0.7228,0.9888089,198.6560,61
27.3340,28.7998,-7.3166,0.1790271,O=C(c1cc(Cl)ccc1Cl)N1CCN(C(=O)N2CCCC2)CC1,1,0.0920680,0.0921,0.7766294,0.7766,0.9999982,356.2530,61
26.7888,33.2094,31.5173,0.5393894,O=C(Nc1cccc(Cl)c1)Nc1cnc(-c2ccc([N+](=O)[O-])cc2)s1,1,0.5062031,0.5062,0.4947403,0.4947,0.9999902,374.8090,61
32.5058,39.5996,45.6101,0.7100806,COc1cccc(NC(=O)NC(C)c2nnc(NC(=O)Nc3ccc(C)cc3)o2)c1,1,0.7530150,0.7530,0.4872840,0.4873,0.9997386,410.4340,61
28.2692,39.4954,17.6990,0.4766196,COC(=O)Nc1ccc(NC(=O)NCc2cccc(NS(=O)(=O)c3ccc(C)cc3)c2)cc1,1,0.4505778,0.4506,0.4114514,0.4115,0.9477491,468.5350,61
27.9807,36.0546,17.9750,0.4502468,COc1ccc(N(CC(=O)Nc2cnc(N3CCCCC3)nn2)S(=O)(=O)c2ccc(C)cc2)cc1,1,0.4202937,0.4203,0.5057370,0.5057,0.5778120,496.5930,61
48.3439,67.6292,-67.6289,0.0000021,CN1CCCC1CN1CN2C(=O)Nc3ccc(cc3C(N3CCN(c4ccccc4)CC3)C2CO)C1=O,1,0.0000000,0.0000,0.6503172,0.6503,0.3948668,504.6350,61
29.1717,36.5147,12.1203,0.4052923,CC1CN(S(=O)(=O)NC(CO)Cc2ccncc2)CCN1C,1,0.3008528,0.3009,0.7321547,0.7322,0.9999999,328.4380,61
25.3534,32.2732,-12.6708,0.1633536,CC(C)(C)OC(=O)N1CCN(c2cc(NCCc3ccc(C(=O)O)cc3)ncn2)CC1,1,0.0824049,0.0824,0.7245714,0.7246,0.9987421,427.5050,61
37.7817,47.2445,23.2543,0.5874907,CCN1C(=O)NCC12CCN(C(=O)N1Cc3ccc(NC(C)=O)cc3C1)C2,1,0.4937268,0.4937,0.8275669,0.8276,0.9999928,371.4410,61
29.8185,33.8840,60.6614,0.7878784,Cc1ccc(NC2CCN(Cc3nc(-c4cccc(Cl)c4)no3)CC2)nc1,1,0.7836082,0.7836,0.7127785,0.7128,0.9999774,383.8830,61
31.3819,37.3303,-8.1816,0.2429062,Cc1ccc(OCCN2CCN(c3cc(N)nc(Nc4cccc(C)c4)n3)CC2)cc1,1,0.1528007,0.1528,0.6065602,0.6066,0.9994485,418.5450,61
47.7305,58.0893,-58.0893,0.0000000,N(c1nccc(NCC(N2Cc3ccccc3C2)=O)n1)n1c2ccccn2c(c1)-c1ccc(cc1)C,0,0.0000000,0.0000,0.0000000,0.0000,0.0000000,0.0000,61
33.0347,40.2523,-0.6685,0.3298651,COc1ccc(C(=O)NCCC(=O)CC(C)NC(N)=O)cc1,1,0.2308941,0.2309,0.6602934,0.6603,0.9999995,307.3500,61
29.5811,34.8774,-17.4706,0.1450566,O=S1(=O)CCCN1N(Cc1ccccc1Cl)c1ccccc1,1,0.0662125,0.0662,0.8597982,0.8598,0.9999997,336.8440,61
22.7652,29.2354,-14.9206,0.1192897,O=C1NCN(S(=O)(=O)C(F)(F)F)C(=O)N1,1,0.0541399,0.0541,0.6542322,0.6542,0.9998701,247.1540,61
27.3771,38.6397,-16.4100,0.1852479,COc1ccc(NC(=NCc2ccc(F)cc2)NC2CCCN(c3ncccn3)C2)c(OC)c1,1,0.1169965,0.1170,0.4057860,0.4058,0.9632270,464.5450,61
26.2585,30.5776,-9.4981,0.1756620,Cc1ncccc1Nc1ccnc(Nc2ccc(N3CCCC3)cc2)n1,1,0.0915946,0.0916,0.7191922,0.7192,0.9999993,346.4380,61
32.0952,31.4361,-23.8286,0.0633960,CCCOc1ncnc(N2CC(N)C2)c1Br,1,0.0200298,0.0200,0.9004106,0.9004,0.9999967,287.1610,61
34.9845,40.1185,-19.4349,0.1723630,O=C(O)c1ccc(NC(=O)c2ccc(-n3cnc(=O)c(-c4ccccc4F)c3)cc2)cc1,1,0.0989470,0.0989,0.4996163,0.4996,0.9985016,429.4070,61
36.3443,39.5690,-18.2416,0.1777288,Cc1nn(-c2ccc(Cl)cc2)c(Cl)c1C=NNC(=O)c1cc(-n2cnc3ccccc32)ccc1O,1,0.1446185,0.1446,0.2504566,0.2505,0.3789202,505.3650,61
29.7688,29.8902,-15.5172,0.1197748,COc1ccccc1C1N=C(N)Nc2c(C#N)cnn21,1,0.0505756,0.0506,0.8472977,0.8473,0.9999814,268.2800,61
27.6227,36.6373,30.9835,0.5635069,COc1ccc(NS(C)(=O)=O)cc1NC(=O)N1CCN(S(=O)(=O)c2ccccc2OC)CC1,1,0.5600503,0.5601,0.5922550,0.5923,0.5325812,498.5830,61
33.1466,43.5929,4.5186,0.4009285,COc1ccc(C2CCCN2C(=O)N2CCN(Cc3ccc(Cl)cc3)CC2)cc1NC(=O)Nc1ccccc1,1,0.6675169,0.6675,0.3926723,0.3927,0.0117862,548.0870,61
28.6662,31.9300,-10.9256,0.1750372,O=S(=O)(Nc1cccc(Cc2nc3ccccc3[nH]2)c1)c1ccc2c(c1)OCCO2,1,0.1004177,0.1004,0.5122396,0.5122,0.9992775,421.4780,61
37.2186,48.7742,-4.0095,0.3730390,NC(=O)C(Cc1ccc(F)cc1)NC(=O)N1CCN2C(=O)Nc3ccccc3C2C(O)C1,1,0.2874840,0.2875,0.5683427,0.5683,0.9954653,441.4630,61
31.2200,33.5091,26.8379,0.5028913,Cc1ccc(Cl)cc1OCC(=O)N=Nc1c(O)n(C)c2nc3ccccc3nc12,1,0.4564935,0.4565,0.5004989,0.5005,0.9997527,409.8330,61
28.7220,32.0457,21.4785,0.4460350,Cc1ccc(C(=O)Nc2ccc(N3CCN=N3)cc2)o1,1,0.3220409,0.3220,0.9314492,0.9314,0.9999846,270.2920,61
48.2002,49.3305,-24.0123,0.2109849,O=C1NN(C(=O)c2cn[nH]c2-c2ccc(-c3ccccc3)cc2)C(c2ccc(Cl)cc2Cl)CO1,1,0.1529078,0.1529,0.3713605,0.3714,0.6485080,493.3500,61
33.0190,36.7509,26.0800,0.5235907,N#Cc1ccc(N2CCNCC2CN2CCN(C(=O)c3ccco3)CC2)cc1,1,0.4135429,0.4135,0.8652482,0.8652,0.9999849,379.4640,61
26.0915,32.2223,46.6557,0.6573165,O=C(Nc1ccc(C(=O)N2CCCC2)cc1)N1CCN(c2ncnc3ccccc23)CC1,1,0.6106787,0.6107,0.6900625,0.6901,0.9983413,430.5120,61
35.0747,36.1623,-15.6647,0.1708135,O=C(NN1CCOCC1)N1CC2(CNC2)CC1c1ccccc1,1,0.0837908,0.0838,0.8539331,0.8539,0.9999998,316.4050,61
43.3432,47.2624,-47.2624,0.0000000,C12(Cc3cc(ccc33)N=CN1)NNN=N2,0,0.0000000,0.0000,0.0000000,0.0000,0.0000000,0.0000,61
43.4144,46.9412,7.6314,0.4547716,Cc1cc(NC(=S)Nc2c(-c3ccccc3)nn3ccc(C4CC4)nc23)cc([N+](=O)[O-])c1,1,0.4854028,0.4854,0.2448588,0.2449,0.9939995,444.5200,61
32.3615,35.2219,4.0568,0.3273222,COc1ccccc1-n1nc(C(N)C(=O)O)nc1-c1cccs1,1,0.2208475,0.2208,0.7422565,0.7423,0.9999998,330.3690,61
28.9653,29.5763,-11.3178,0.1521540,Cc1ccc(S(=O)(=O)N(CC(=O)N(Cc2ccccc2)C(C)C(=O)NCC(C)C)c2cccc(Cl)c2)cc1,1,0.1905238,0.1905,0.3592406,0.3592,0.0056548,556.1280,61
38.3205,44.7246,-31.4393,0.1107110,COc1cc(N2CCC(NC(=O)CN3CCOc4ccccc4C3)CC2)nc(-c2ccccc2C)n1,1,0.0526465,0.0526,0.5705937,0.5706,0.7579941,487.6040,61
28.2292,32.0145,35.5792,0.5632809,CN1CC(Oc2cccc(S(=O)(=O)Nc3ccc(F)cc3)c2)C1,1,0.4524326,0.4524,0.9103044,0.9103,0.9999997,336.3880,61
32.7346,39.6005,28.4128,0.5667777,CN1CCN(c2ccc(NC(=O)C3CC(Oc4ccccc4)CN3Cc3ccc(Cl)cc3)cc2)CC1,1,0.6197041,0.6197,0.5028066,0.5028,0.3855093,505.0620,61
34.4830,42.3103,-0.3698,0.3495041,COc1ccc(Oc2ccc([N+](=O)[O-])c(N3CCCCC3)n2)c(NS(=O)(=O)c2cccc([N+](=O)[O-])c2)c1,1,0.4641467,0.4641,0.3079230,0.3079,0.0618089,529.5310,61
31.2459,39.3234,18.8433,0.4847220,CC(Cc1cccc(Cl)c1)NC(=O)Nc1cccc(N(C)S(N)(=O)=O)c1,1,0.3937450,0.3937,0.6985978,0.6986,0.9999248,396.9000,61
34.2557,41.0862,33.9204,0.6250549,Cc1cc(Oc2ccc(F)cc2)cc2nc(N3CCN(C(=O)C4CC4)CC3)cc(=O)n12,1,0.5788614,0.5789,0.6467728,0.6468,0.9992092,422.4600,61
27.8737,31.0157,19.9937,0.4250788,O=C1CCC(C(=O)Nc2cccc([N+](=O)[O-])c2-n2ccnc2)=NN1,1,0.3350102,0.3350,0.6377402,0.6377,0.9999999,328.2880,61
33.6145,45.9183,32.1935,0.6509318,COc1ccc(NC(=Nc2ccc(C)cc2)NC(=O)c2occc2N2CCOCC2)cc1,1,0.6734416,0.6734,0.4668184,0.4668,0.9976078,434.4960,61
42.8454,50.6810,23.9308,0.6217646,CN1NN=NC1Nc1cc(NC(=O)N2CCN(c3ncnc4sccc34)CC2)cc(C(F)(F)F)c1,1,0.7188044,0.7188,0.4958225,0.4958,0.3542681,506.5180,61
30.4531,34.6709,7.1132,0.3482009,CCN(c1ccccc1C)S(=O)(=O)N1CCN(S(=O)(=O)c2ccccc2Cl)CC1,1,0.2493831,0.2494,0.6677398,0.6677,0.9795254,458.0050,61
37.5880,40.0220,-18.7119,0.1775845,CCC(NC(=O)N1CCN(Cc2cccc(C(F)(F)F)c2)CC1)(c1ccccc1)c1ccco1,1,0.1031980,0.1032,0.5180765,0.5181,0.9323164,471.5230,61
40.6003,56.7026,5.8522,0.5212905,Cc1cc(N2N=C(N)N3C4OC5(CCCC5)CC4SC23)nc(-n2ccnc2)n1,1,0.4176672,0.4177,0.8175447,0.8175,0.9999129,398.4960,61
35.3869,44.4798,29.1702,0.6137497,COc1ccc(NC(=O)C2CN(S(=O)(=O)N3CCN(C(=O)c4ccccc4)CC3)CC23CC3)cc1,1,0.6142353,0.6142,0.6573516,0.6574,0.5320767,498.6050,61
22.7064,27.2947,-14.2098,0.1090402,Cc1nc(NCCC(=O)NC2CC2)cc(N2CCN(C)CC2)n1,1,0.0449445,0.0449,0.8008726,0.8009,0.9999998,318.4250,61
49.7884,55.5871,24.8049,0.6699333,COc1cc(C)ccc1Nc1nc(NC2CCN(S(C)(=O)=O)CC2)nc2c1C1CNCC(N2)N1C,1,0.7902666,0.7903,0.4640042,0.4640,0.4393963,502.6450,61
33.4541,39.9778,24.7341,0.5392665,Cc1nc2nnc(SCc3cccc(F)c3)n2c(N)c1S(=O)(=O)N(C)C,1,0.4672165,0.4672,0.6542130,0.6542,0.9999278,396.4730,62
23.6168,38.0051,5.7399,0.3645417,CN=C(NCCN(C)C1CC1)N1CCN(c2ccccc2OC)CN1,1,0.2749251,0.2749,0.5908617,0.5909,0.9999993,346.4790,62
42.7560,40.7375,-24.8750,0.1321868,CNc1c(F)cccc1C1C=NC(=O)C2C=CC=CC21,1,0.0572784,0.0573,0.8973776,0.8974,0.9999846,270.3070,62
36.7747,39.3681,18.7011,0.4839100,CS(=O)(=O)Nc1cc(Cl)cc(Nc2ccc(S(=O)(=O)N3CCCC3)cn2)c1,1,0.3881821,0.3882,0.7287421,0.7287,0.9982749,430.9390,62
32.2276,36.0720,-17.6893,0.1531894,CN1CCC(NC(=O)c2ccc(Cl)cc2)(C(=O)Nc2ccc(C#N)cn2)CC1,1,0.0724247,0.0724,0.8251992,0.8252,0.9999179,397.8660,62
42.2279,51.6678,-44.0459,0.0635158,COc1ccccc1CN=C1CC(=O)N2C3COC(CN(S(C)(=O)=O)C3)C2N1,1,0.0212452,0.0212,0.7396818,0.7397,0.9997817,408.4800,62
34.7099,39.8989,15.8787,0.4648133,COc1ccc(C(=O)Nc2cccc(S(=O)(=O)N3CCN(c4cccc(Cl)c4)CC3)c2)c([N+](=O)[O-])c1,1,0.6785027,0.6785,0.3613450,0.3613,0.0544603,530.9900,62
35.0855,41.8491,-41.8490,0.0000004,CCC(C)NC(=O)C(Cc1ccccc1)N(Cc1cccc(OC)c1)C(=O)CN(C)c1ccc(OS(=O)(=O)c2ccc(C)cc2)cc1,1,0.0000000,0.0000,0.1621510,0.1622,0.0000005,657.8330,62
36.0368,34.9188,-1.0562,0.2821879,Cc1ccccc1CC(NC(=O)CCN1C(=O)C(C)Oc2ccccc21)C(N)=O,1,0.1784732,0.1785,0.7450760,0.7451,0.9999342,395.4590,62
30.9252,43.9766,29.0283,0.6083742,Cc1cccc(N2CCC(Nc3cnc(N(C)c4ccc(Cl)cc4)cn3)C2)c1,1,0.5518325,0.5518,0.6676376,0.6676,0.9999429,393.9220,62
36.8288,44.2544,-0.9466,0.3608986,CCc1ccc(N(c2ccc(Nc3ccc(C)cc3)cc2)c2ccc(-c3cccc(Nc4ccccc4)n3)cc2)cc1,1,0.6951603,0.6952,0.1891939,0.1892,0.0133488,546.7180,62
41.6466,45.7398,-4.2187,0.3460094,CN=C(NN=C(N)Sc1nc2ccc(Cl)cc2s1)Nc1ccc(F)cc1,1,0.3217030,0.3217,0.2626612,0.2627,0.9997727,408.9150,62
29.4254,38.6493,6.4888,0.3761507,CN1CCN(c2ccc(Nc3ccc(N)c(NC(=O)c4nn[nH]n4)c3)cc2)CC1,1,0.3049979,0.3050,0.4805984,0.4806,0.9999453,393.4550,62
23.2600,28.2748,-6.8128,0.1788504,O=C1CN(C(=O)c2ccoc(=O)c2)c2ccccc2N1,1,0.0897473,0.0897,0.8450421,0.8450,0.9999845,270.2440,62
29.8488,35.3035,20.2373,0.4628402,Cc1ccc(NC(=O)Nc2cc(NN)ccc2O)cc1C,1,0.4893520,0.4894,0.2591083,0.2591,0.9999965,286.3350,62
38.1754,39.0971,13.0541,0.4345937,COc1ccc(OC)c(Oc2ccc(S(=O)(=O)N3CCN(N=O)CC3)cc2)c1,1,0.3438358,0.3438,0.6504756,0.6505,0.9998015,407.4480,62
29.4482,32.2416,-17.1439,0.1258140,CCN(c1cc(Nc2ccc(C)cc2)nc(C)n1)c1ccc(C)cc1C,1,0.0584866,0.0585,0.6515496,0.6515,0.9999993,346.4780,62
34.4016,38.9976,17.1907,0.4682361,O=C(Nc1cccc(O)c1)Nc1ncnc2cnn(-c3ccc(F)cc3)c12,1,0.4083527,0.4084,0.5172512,0.5173,0.9999962,364.3400,62
29.9988,34.6475,8.8701,0.3626464,CC(Cc1nnc(-c2cc(C)cc(C)c2)o1)=NNC(N)=S,1,0.2845041,0.2845,0.5106311,0.5106,0.9999993,303.3910,62
25.6502,31.4866,-5.6534,0.2152761,O=C(Nc1ccc(-n2ccnc2)cc1)N1CCN(c2ccc(Br)cn2)CC1,1,0.1236325,0.1236,0.6962795,0.6963,0.9987649,427.3060,62
47.5115,50.1497,-50.1497,0.0000000,C(Nc1nc(C)nc2NC(=O)C[C@H](C#N)N3CCN(C)CC31)COC2,0,0.0000000,0.0000,0.0000000,0.0000,0.0000000,0.0000,62
38.3972,41.5595,32.2259,0.6148777,COc1ccc(S(=O)(=O)Nc2ccc(C(=O)NC3CCN4CCCC4C3)nc2)cc1OC,1,0.5661536,0.5662,0.6521389,0.6521,0.9742423,460.5560,62
39.8182,54.5919,-47.0405,0.0629291,Cc1cc(-c2ccc3c(c2)CN(C(=O)Nc2cccc(Cl)c2)CC2NNCN2C3)c(C)o1,1,0.0230216,0.0230,0.5362482,0.5362,0.9881655,451.9580,62
24.1033,24.3805,-11.8760,0.1042046,Clc1cccc(Nc2cc(Nc3ccccc3)ncn2)c1,1,0.0431282,0.0431,0.7375147,0.7375,0.9999986,296.7610,62
31.3677,32.9171,-23.2931,0.0801999,CCCCCC1CN=C(Nc2ccnc3ccccc23)S1,1,0.0288531,0.0289,0.8131966,0.8132,0.9999989,299.4430,62
41.7768,43.1949,1.8548,0.3754138,Cc1cccc(NC(=O)N2C(c3cc(C)n(C)c3C)NS(=O)(=O)CC2(C)C)c1,1,0.2623543,0.2624,0.8062605,0.8063,0.9998482,404.5360,62
26.8524,36.1886,32.5728,0.5730117,CN=C(NCc1ccccn1)N1CCN(Cc2ccccc2C(=O)NC2CC2)CC1,1,0.5310648,0.5311,0.5660316,0.5660,0.9998175,406.5340,62
25.8139,25.2323,20.0116,0.3770326,Cc1ccc(-c2nn(-c3ccc(C)cc3)c(N)c2C#N)cc1,1,0.2661943,0.2662,0.7828877,0.7829,0.9999971,288.3540,62
32.7871,44.7824,-18.3721,0.2200860,Cc1cccc(C2C(NC(=O)Nc3ccccc3)=C(N)Oc3nc4ccccc4n32)c1,1,0.1428204,0.1428,0.4690933,0.4691,0.9997126,411.4650,62
29.2116,28.9881,21.2372,0.4185440,NC(=O)C1CCCN1Cc1ccc(C(=O)Nc2nccs2)cc1,1,0.2993199,0.2993,0.8754498,0.8754,0.9999998,330.4130,62
37.2570,45.3886,-33.7270,0.0971799,Cn1cc(S(=O)(=O)Nc2cc(C(N)=NO)nn2-n2cccc2)cn1,1,0.0533254,0.0533,0.2475211,0.2475,0.9999990,350.3640,62
37.5052,37.7816,35.2718,0.6087784,COc1ccccc1NC(=O)NC(=O)COC(=O)c1cc(-c2nc(-c3ccccc3)no2)cs1,1,0.6603007,0.6603,0.3812805,0.3813,0.8788424,478.4860,62
24.4716,30.3782,56.4761,0.7237856,Cc1ccc(S(=O)(=O)N(C)CC(=O)N2CCN(c3nnc(-c4ccccc4)o3)CC2)cc1,1,0.7452373,0.7452,0.5605392,0.5605,0.9836158,455.5400,62
31.8672,38.3934,-20.1179,0.1522954,CN1C(=O)NC2(N)SC(N)=NN12,1,0.0871701,0.0872,0.4250909,0.4251,0.9712466,188.2160,62
43.1523,42.0757,33.1658,0.6270128,Cc1cc(N2CC3CC2CC3NC(=O)COc2ccccc2C)ncn1,1,0.5300337,0.5300,0.8939644,0.8940,0.9999987,352.4380,62
33.4080,41.0885,8.0493,0.4094823,Cc1ccccc1CN1CCN(c2cc(C(=O)Nc3cccc(Cl)c3C)cc(S(N)(=O)=O)c2)CC1,1,0.4159241,0.4159,0.5162966,0.5163,0.2309161,513.0630,62
31.0913,31.4103,17.8337,0.4103663,O=C(O)CCC(=O)Nc1ccnc2cc(F)c(F)cc12,1,0.2886792,0.2887,0.9003387,0.9003,0.9999938,280.2300,62
36.6266,46.0740,33.3097,0.6615306,Cc1ccc(Nc2cc(N)nc(Nc3nc4c(s3)-c3ccccc3C4=O)n2)c(C)c1,1,0.7270898,0.7271,0.3866109,0.3866,0.9996201,414.4940,62
28.1953,34.1831,-16.9610,0.1435178,Cc1ccccc1COC(=O)NC(=O)Nc1ccc(N)cc1,1,0.0675690,0.0676,0.7592989,0.7593,0.9999989,299.3300,62
30.5835,34.4093,42.0416,0.6370913,COc1ccc(OC)c(S(=O)(=O)Nc2ccc(-n3nnc(C)c3C)nn2)c1,1,0.5883506,0.5884,0.6718788,0.6719,0.9999586,390.4250,62
27.8378,41.3361,33.4605,0.6233048,Cc1cnc(-c2ccc(F)cc2)nc1C(=O)OCc1csc(NC(N)=O)n1,1,0.5757558,0.5758,0.6496435,0.6496,0.9999687,387.3960,62
37.0465,39.2556,20.2851,0.4961727,CC1(C)COC(=O)N1c1ccc(C2CSC(N)=N2)cc1C(F)(F)F,1,0.3814908,0.3815,0.8769409,0.8769,0.9999976,359.3730,62
37.1433,34.3529,-11.6734,0.1889955,CC1(C)Cc2n[nH]c(-c3ncc(Br)cn3)c2O1,1,0.0960895,0.0961,0.8767799,0.8768,0.9999985,295.1400,62
36.4391,42.2648,-5.3241,0.3078387,COc1ccc2cc(C=NNc3nc(N4CCOCC4)nc(N)c3S(N)(=O)=O)c(Cl)nc2c1,1,0.2906564,0.2907,0.2576578,0.2577,0.6568799,492.9490,62
23.7924,32.8955,27.8769,0.5064371,Nc1nc(N)nc(COC(=O)N2CCN(C(=O)c3ccco3)CC2)n1,1,0.4088039,0.4088,0.7626495,0.7626,0.9999992,347.3350,62
27.9669,39.5961,20.5574,0.5012795,COc1ccc(-c2nnc(N3CCN(C(=O)c4cc(O)cc(O)c4)CC3)n2-c2ccccc2)cc1,1,0.4700995,0.4701,0.4601989,0.4602,0.9323513,471.5170,62
42.4060,43.5339,-13.7130,0.2485073,Cc1ccc(-c2nn(C)c3[n+]2Cc2ccc4ccccc4c2-c2ccccc2-3)c(C)c1,1,0.1900575,0.1901,0.3166837,0.3167,0.9998739,402.5210,62
36.3367,43.0790,27.0175,0.5841373,CCn1c(CN2CCN(S(=O)(=O)c3cc(N)sc3C)CC2)nc2ccc(OC)cc2c1=O,1,0.5522064,0.5522,0.5770586,0.5771,0.8871557,477.6120,62
28.9133,31.1041,52.8499,0.6996169,Cc1c(Cl)cccc1NC(=O)C(=O)NCCN1CCN(S(C)(=O)=O)CC1,1,0.6676961,0.6677,0.6891346,0.6891,0.9998693,402.9040,62
38.2298,44.8083,-44.8083,0.0000000,N(C(=O)O)c1noc(C(S(Cc2nc(C)sc2)=O)(=O)=O)n1,0,0.0000000,0.0000,0.0000000,0.0000,0.0000000,0.0000,62
32.3836,32.0789,27.9343,0.5001098,COc1ccc(OCc2noc(C(N)c3ccccc3OC)n2)cc1,1,0.4104781,0.4105,0.7060115,0.7060,0.9999995,341.3670,62
25.8864,35.3133,34.0454,0.5779893,Cc1ccc(NN=C2NC(=O)N(c3ccc(OC(F)(F)F)cc3)C2=O)cc1,1,0.5211591,0.5212,0.6312561,0.6313,0.9999864,378.3100,62
32.3551,43.3554,6.0978,0.4121099,Cc1ccc(-c2nnc(NC(=O)C(NC(=O)N3CCN(S(=O)(=O)c4ccccc4)CC3)C(C)(C)C)s2)cc1,1,0.7344343,0.7344,0.4782733,0.4783,0.0053593,556.7140,62
28.7019,34.2152,-24.7740,0.0786770,O=C(O)c1ccccc1NC(=O)c1cc2cccnc2n1Cc1ccc(F)cc1,1,0.0316167,0.0316,0.5364619,0.5365,0.9999624,389.3860,62
33.6476,39.0834,-7.6545,0.2619081,CN(Cc1cc(Nc2ccc(F)c(Cl)c2)nc(N)n1)Cc1nccn1C,1,0.1640866,0.1641,0.6886382,0.6886,0.9999892,375.8390,62
39.0001,39.5723,53.8592,0.7785956,Cc1ccc(-n2nnnc2SCC(=O)NC(=O)N(C)c2ccccc2F)cc1C,1,0.7925982,0.7926,0.6455890,0.6456,0.9996212,414.4660,62
34.3684,41.9220,18.0479,0.4997492,Cc1cc(NS(=O)(=O)c2ccc(Cl)cc2)n(-c2cccc(C(=O)NC(C)c3ccc(F)cc3)c2)n1,1,0.6159658,0.6160,0.3527972,0.3528,0.2320462,512.9940,62
35.0316,38.7654,-33.3502,0.0451264,CC(C)C1NCCC12CN(Cc1ccsc1)CCO2,1,0.0122508,0.0123,0.9195535,0.9196,0.9999939,280.4370,62
29.7095,35.5563,30.6919,0.5520682,CCCC(=O)Nc1cccc(NC(=O)COc2ccc(F)cc2C(N)=O)c1,1,0.4818154,0.4818,0.6605155,0.6605,0.9999914,373.3840,62
38.1821,49.9048,-49.9048,0.0000000,Cc1ccc(N(S(c2c(C)[nH]c(c2C)/C=N/Nc2ccc(C(F)(F)F)cc2)=O)(=O)=O)cc1,0,0.0000000,0.0000,0.0000000,0.0000,0.0000000,0.0000,62
43.5561,52.6584,-21.3535,0.2608741,CC=CC(C=N)=NN(N=N)c1ccnc(C(=O)NN(C)C)c1,1,0.1902465,0.1902,0.4022973,0.4023,0.9999992,302.3420,62
37.8823,46.4362,-0.3010,0.3844603,NS(=O)(=O)c1ccc(NC(=S)NC(N=Nc2ccccc2)Nc2nc3ccc(Cl)cc3s2)cc1,1,0.6760107,0.6760,0.1485837,0.1486,0.0495333,532.0760,62
29.9927,36.7032,-13.3134,0.1949149,Cc1nc(N2CCN(Cc3cccc(N)c3)CC2)c2c(n1)sc1ccccc12,1,0.1155986,0.1156,0.5356735,0.5357,0.9999619,389.5280,62
37.3556,40.4805,-24.7996,0.1306739,Cn1cncc1N1c2ccc3ccccc3c2NC1c1cccnc1,1,0.0632627,0.0633,0.5983119,0.5983,0.9999999,327.3910,62
33.2620,45.6733,28.7125,0.6198815,CCN(NC(=O)c1ccc(O)c(O)c1)C1CCN(c2ccc(C)c(C)c2)C1=O,1,0.6006799,0.6007,0.5448755,0.5449,0.9999782,383.4480,63
33.0645,40.0157,25.1745,0.5432513,CN(C)S(=O)(=O)Nc1ccc2c(c1)CN(S(C)(=O)=O)c1ccc(Cl)cc1-2,1,0.4410433,0.4410,0.8306409,0.8306,0.9995667,415.9240,63
27.8375,30.7123,14.4309,0.3761929,Cc1c(Cl)cccc1NC(=O)Nc1ccc(O)nc1,1,0.2649017,0.2649,0.7875132,0.7875,0.9999922,277.7110,63
40.2357,44.9495,41.5673,0.7209729,CC1=NNC2C(=O)CC(C(=O)Nc3ccc(-n4cnnn4)c(C)c3)N12,1,0.6690262,0.6690,0.7953236,0.7953,0.9999996,340.3470,63
39.2881,48.9491,-24.8775,0.2005961,Cc1cccc2c(=O)c(N3CCN(Cc4ccc(F)cc4)CC3)cn(NC(=O)Nc3ccccc3)c12,1,0.1321489,0.1321,0.4353703,0.4354,0.7907907,485.5630,63
28.7856,32.9768,33.4194,0.5533014,CCN1CCN(c2cc(N3CCN(CC)CC3)nc(Nc3ccccc3C)n2)CC1,1,0.4597265,0.4597,0.7872502,0.7873,0.9997584,409.5820,63
35.7119,43.9572,45.4691,0.7452190,Cc1ccc(-c2nnc(Sc3nc(N4CCC(N)CC4)cc(=O)[nH]3)o2)cc1C,1,0.7448241,0.7448,0.6445408,0.6445,0.9999130,398.4920,63
28.6160,31.3563,18.8798,0.4186341,COc1ccc(S(=O)(=O)Nc2cc(C(N)=O)ccc2OC)cc1Cl,1,0.3060931,0.3061,0.8103768,0.8104,0.9999932,370.8140,63
36.3127,41.1586,21.7849,0.5245285,CCOc1ccc(NC(=O)c2ccc(-c3ccc(C)cc3)o2)cc1NC(=O)Nc1ccc(OC)cc1,1,0.6028872,0.6029,0.2623567,0.2624,0.7911406,485.5400,63
37.7778,36.3662,-15.6721,0.1724512,Cc1ccccc1C(Cc1ccc(F)c(F)c1)Oc1ccccc1,1,0.0943918,0.0944,0.5902840,0.5903,0.9999999,324.3700,63
31.6092,40.5958,43.3230,0.6993236,Cc1cccc(Nc2nc(C)cc(NCCN3CCN(c4nccnn4)CC3)n2)c1,1,0.6898351,0.6898,0.6135055,0.6135,0.9998339,405.5100,63
34.1028,42.2594,34.2610,0.6376700,Cc1cc(C)c(Cl)c(OCCCN2C(=O)NCC23CCN(S(N)(=O)=O)CC3)c1,1,0.5895082,0.5895,0.6708744,0.6709,0.9982719,430.9580,63
33.9626,42.2189,18.7795,0.5083202,CCNC(=S)Nc1cc(C)c(N=Nn2c(N)nc3ccccc3c2=O)cc1OC,1,0.4822681,0.4823,0.4357523,0.4358,0.9997119,411.4910,63
42.6961,46.2899,-14.1803,0.2675795,NC(=O)c1cn2nc(-c3nc4cccc(-c5ccc(Cl)cc5)c4o3)cc(N)c2n1,1,0.1883162,0.1883,0.4733596,0.4734,0.9998442,404.8170,63
35.4712,40.2668,-9.0493,0.2601457,COc1ccc(-c2nnc(N)o2)cc1-c1ccc(Br)cc1[N+](=O)[O-],1,0.1748868,0.1749,0.5326523,0.5327,0.9999556,391.1810,63
23.2420,30.5568,-12.4525,0.1508694,CN(C)S(=O)(=O)Nc1ccnc(Nc2ccc(F)c(Cl)c2)c1,1,0.0697018,0.0697,0.8742809,0.8743,0.9999994,344.7990,63
30.8305,33.4142,42.1311,0.6295435,O=C(CSc1nnc(N2CCCC2)n1Cc1ccccc1)Nc1ccc2cc[nH]c2c1,1,0.6575763,0.6576,0.4292913,0.4293,0.9979990,432.5530,63
36.2515,41.4014,-18.1785,0.1935247,COc1ccccc1C1OC2c3ccccc3N=C(NS(=O)(=O)c3ccc(C)cc3)N21,1,0.1073869,0.1074,0.6697665,0.6698,0.9973754,435.5050,63
31.2599,38.0227,-21.0088,0.1417826,NC(=O)c1ccc(NCC(O)C2CNC(=O)N2)cc1,1,0.0756879,0.0757,0.4803175,0.4803,0.9999732,264.2850,63
42.8235,58.7095,11.7174,0.5868909,NC(=O)NC(=O)OC1CN(S(=O)(=O)N2CCC(N3CCNC3=O)CC2)CC2CCCN21,1,0.5821948,0.5822,0.4679601,0.4680,0.9765125,459.5290,63
32.9358,37.8203,-23.2163,0.1217001,CCN(Cc1ccccc1NC(=O)Nc1nncs1)C1CCOC1,1,0.0518709,0.0519,0.8398863,0.8399,0.9999992,347.4440,63
25.0053,31.0852,16.1674,0.3937719,CN(C)S(=O)(=O)N1CCN(S(=O)(=O)c2cn(C)nc2-c2ccccc2)CC1,1,0.2927201,0.2927,0.6977743,0.6978,0.9996526,413.5250,63
35.4178,44.5589,-21.4141,0.1928727,Nc1nc(N2CCCC2)nc(N2CCN(CCNC(=O)NCc3ccccc3)S(=O)(=O)N2)n1,1,0.1248721,0.1249,0.4096996,0.4097,0.8964381,476.5670,63
42.6159,44.2590,-6.7018,0.3129768,O=C(CN1CCc2ccccc2OC1=O)NNC(=O)Cn1c(=O)ccc2ccccc21,1,0.2184254,0.2184,0.6167961,0.6168,0.9993443,420.4250,63
28.3054,36.8807,21.3996,0.4856694,N=C(N)c1ccc(Nc2ncc(-c3ccc(NS(N)(=O)=O)cc3)cn2)cc1,1,0.4926181,0.4926,0.3220491,0.3220,0.9999782,383.4370,63
30.8958,39.8723,45.0273,0.7074963,COc1ccc(N2CC(C(=O)NCc3nnc4n3CN(Cc3ccc(F)cc3)C4)CC2=O)cc1,1,0.7180609,0.7181,0.5756518,0.5757,0.9633703,464.5010,63
26.9375,39.1195,26.8117,0.5494262,Cc1ccc(NC(=O)N2CCc3cc(NS(=O)(=O)c4cccc(C(=O)O)c4)ccc3C2)cc1,1,0.5139628,0.5140,0.5250241,0.5250,0.9598715,465.5310,63
26.2211,29.9894,30.6819,0.5055947,NCc1cccc2c1C(=O)N(C(=O)C1Cc3ccccc3N1)C2,1,0.3984242,0.3984,0.8275661,0.8276,0.9999995,307.3530,63
27.2521,33.3726,52.1069,0.7123296,O=C(CN1CCc2ccccc2C1)N1CCN(c2nccn3nc(-c4ccccc4)cc23)CC1,1,0.7626886,0.7627,0.4763453,0.4763,0.9874969,452.5620,63
30.3426,38.5162,-20.1577,0.1529880,NC(=O)c1cccc(COC(=O)C=Cc2cccc(NS(=O)(=O)c3ccc(F)cc3)c2)c1,1,0.0891340,0.0891,0.3993836,0.3994,0.9851184,454.4790,63
26.6961,31.2280,15.9990,0.3935585,O=C(CCCNS(=O)(=O)c1ccc(F)cc1)Nc1cccc(-c2nc3ccccc3[nH]2)c1,1,0.3566416,0.3566,0.3507147,0.3507,0.9875548,452.5110,63
26.2927,31.5950,40.7256,0.6026722,CC(=O)Nc1ccc(S(=O)(=O)Nc2nnc(-c3ccc(C)s3)s2)cc1,1,0.5391104,0.5391,0.6911095,0.6911,0.9999397,394.5030,63
41.7836,43.3156,-5.1471,0.3180707,CN(C)Cc1ccc(Oc2ccc(-c3cnn(-c4ccnc(N)c4)c3)nc2)cc1,1,0.2317616,0.2318,0.5432246,0.5432,0.9999713,386.4590,63
43.3878,51.1454,-19.6577,0.2623976,Cc1ccc(NCc2nc(-c3ccncc3)nc(CSc3ncccn3)c2-c2ccncc2)cc1,1,0.2295001,0.2295,0.2280476,0.2280,0.8872941,477.5970,63
31.0806,36.2901,27.6214,0.5325954,COc1cc(NC(=O)Nc2ccc(Cl)c(C(F)(F)F)c2)ccc1OS(=O)(=O)O,1,0.4706358,0.4706,0.6005055,0.6005,0.9957395,440.7830,63
31.4917,34.7097,-17.4858,0.1435322,COc1ccc(-c2nnc(NC(=O)Cn3nnc(-c4ccc(-c5ccccc5)cc4)n3)s2)cc1,1,0.0829861,0.0830,0.3810371,0.3810,0.9430202,469.5300,63
36.9721,43.1321,23.0586,0.5515895,Cc1ccc(O)c(CC(NC(N)=O)C(=O)Nc2ccc(F)cn2)c1,1,0.4807716,0.4808,0.6626653,0.6627,0.9999998,332.3350,63
36.5551,41.2595,4.1966,0.3788009,CN(C)S(=O)(=O)c1cccc(NC(=O)Nc2ccc(C(=O)NC3CCCCO3)cc2)c1,1,0.2853250,0.2853,0.6308665,0.6309,0.9927887,446.5290,63
28.1261,38.7012,25.1583,0.5321625,Cc1ccc(-c2nc(N)c(C(=O)Nc3ccc(C(N)=NO)cc3)s2)cc1,1,0.6077338,0.6077,0.2439077,0.2439,0.9999950,367.4340,63
34.4472,44.0335,-16.5357,0.2291479,CCC(O)C(O)C1NC(=O)NC1NS(=O)(=O)c1ccccc1,1,0.1519267,0.1519,0.4622313,0.4622,0.9999998,329.3780,63
35.4944,37.5162,44.4177,0.6827828,CN1CCC(c2nc3nc(-c4ccc(F)cc4)nc(N4CCNCC4)c3c(=O)[nH]2)CC1,1,0.6520357,0.6520,0.6632114,0.6632,0.9991301,423.4960,63
32.1814,33.9057,27.7920,0.5141482,CC(C)Oc1nc(NCc2ccc(Oc3ccncc3)cc2)nc(N2CCOCC2)n1,1,0.4503111,0.4503,0.5865695,0.5866,0.9992071,422.4890,63
33.1642,36.7446,35.6979,0.6036878,O=C(Nc1c(-c2ccc(F)cc2)noc1C(=O)O)c1cc(=O)c2ccccc2o1,1,0.5790681,0.5791,0.5426519,0.5427,0.9999408,394.3140,63
32.8361,50.2562,24.6794,0.6244628,Cc1ccc(S(=O)(=O)Nc2ccc(N3CC(O)CC3N3CCN(C)CC3)cn2)cc1,1,0.5566831,0.5567,0.7384168,0.7384,0.9981732,431.5620,63
26.0173,31.5995,-6.8525,0.2062251,Cc1ccccc1CN1CC2CN(C(=O)Nc3ccc(Cl)cc3)CC2C1,1,0.1088132,0.1088,0.8776531,0.8777,0.9999937,369.8960,63
34.2569,35.0490,-23.4222,0.0968897,Cc1cc(Cl)c(NC(=S)Nc2ccnnc2)cc1Cl,1,0.0376624,0.0377,0.8235873,0.8236,0.9999997,313.2130,63
29.0849,36.3220,15.9195,0.4353458,COc1ccc(C(=O)N2CCN(S(=O)(=O)N3CCC(O)C3)CC2)cc1Br,1,0.3344289,0.3344,0.7260453,0.7260,0.9914916,448.3390,63
53.0825,62.5917,-5.2577,0.4777834,COCCOC(=O)N1CCN(C2N=CN3C(=O)NCCC3(N)N2c2cc(C)cc(F)c2)CC1,1,0.4014846,0.4015,0.6176254,0.6176,0.9664465,463.5140,63
33.4094,41.2628,30.9258,0.6015719,Fc1cccc(CN2CCc3nc4c(nc3C2)CN(Cc2cccc(Br)c2)CC4)c1,1,0.5731822,0.5732,0.5661403,0.5661,0.9527483,467.3860,63
45.8320,52.4694,21.6840,0.6179444,Cc1ccc(Nc2nc3nonc3nc2Nc2ccc(Cl)cn2)cc1N1Cc2ccccc2OC1=O,1,0.7706079,0.7706,0.3240363,0.3240,0.4791505,500.9060,63
35.6738,41.0618,-2.4233,0.3219876,CSc1nnc(-c2ccncc2)n1-c1ccc(N(C)CCON)cc1,1,0.2396132,0.2396,0.5139352,0.5139,0.9999982,356.4550,63
50.6389,55.2618,-3.6510,0.4300906,CC(=O)Nc1ccc(-c2ccc(NC(=O)c3ncn4c3C[S+]([O-])C4N(C)Cc3ccc(F)cc3)cc2)cc1,1,0.6252426,0.6252,0.3352655,0.3353,0.0515801,531.6130,63
26.4658,35.2597,52.6662,0.7327157,CC(=O)N1CCc2cc(NS(=O)(=O)N3CCN(c4ccc(C)cc4)CC3)ccc21,1,0.6754975,0.6755,0.8338293,0.8338,0.9996189,414.5310,63
38.3302,43.6066,-0.5753,0.3585945,NNc1cc(N2CCN(C3=NCc4ccccc4CN3)CC2)nc(N)n1,1,0.2913958,0.2914,0.4439428,0.4439,0.9999986,353.4340,63
36.2905,36.7679,4.1373,0.3408769,Cc1ccc2n1CC(C(=O)Nc1ccc(NC(=O)C3CC3)cc1)=NNC2=O,1,0.2315559,0.2316,0.7703589,0.7704,0.9999959,365.3930,63
32.1020,30.6043,44.3878,0.6249340,Cc1ccccc1C(=O)NCCC(=O)N1CCc2[nH]ncc2C1,1,0.5271646,0.5272,0.8961053,0.8961,0.9999997,312.3730,63
22.9585,37.4343,8.1622,0.3799713,Cc1ccc(S(=O)(=O)Nc2ccc(Nc3cc(Nc4ccccn4)ccn3)cn2)cc1,1,0.3272924,0.3273,0.3952862,0.3953,0.9980071,432.5090,63
39.8356,45.4525,3.1601,0.4051055,CSCc1cc(C(=O)N2Cc3nc(NS(N)(=O)=O)sc3C2)no1,1,0.2943511,0.2944,0.7885209,0.7885,0.9999896,375.4570,63
22.8103,31.1946,47.7664,0.6580088,O=C(Nc1ccccc1)Nc1nnc(CN2CCN(C(=O)Nc3ccccc3)CC2)s1,1,0.6471390,0.6471,0.5667015,0.5667,0.9968393,437.5290,63
33.0923,43.3266,36.8519,0.6681544,Cc1ccc(CCN(c2ccccc2)c2nc(NS(=O)(=O)c3ccc(F)cc3)cc(=O)[nH]2)cc1,1,0.7486011,0.7486,0.3914762,0.3915,0.8782230,478.5490,63
47.0305,61.4762,20.9669,0.6870258,Cc1ccc(OCC2CN(C3=NN(c4ccc(N5CCCC5=O)nn4)CC3)c3ccccc3O2)cc1C,1,0.7698450,0.7698,0.5239601,0.5240,0.5324895,498.5870,63
30.6921,44.8159,16.4600,0.5106325,COc1cc(NC(=O)NC(=S)Nc2ccc(C(=O)O)cc2)cc(OCc2cccc(C)c2)c1OC,1,0.5656334,0.5656,0.3290551,0.3291,0.6008996,495.5570,63
35.8996,46.1607,-20.5800,0.2131726,Cc1ccc(C(=O)NC2COc3ncc(-c4ccc(-n5ccnc5)cc4)n32)cc1,1,0.1281345,0.1281,0.5845629,0.5846,0.9999739,385.4270,63
28.9057,30.9933,-9.1728,0.1818376,Cc1cccc2c(C(=O)N3CCN(C)CC3c3ccccc3)c[nH]c12,1,0.0940889,0.0941,0.7780958,0.7781,0.9999998,333.4350,63
33.5397,39.9141,-22.6967,0.1434784,COc1cccc(OC)c1C(=O)N1CCCC(Nc2cc(Oc3ccc(C)cc3C)ncn2)C1,1,0.0744592,0.0745,0.5482886,0.5483,0.9692095,462.5500,64
38.3177,39.3617,31.9814,0.5945256,CC(=O)Nc1ccc(OCC(=O)NCCN(C)C)cc1NS(=O)(=O)c1ccc(C)cc1,1,0.5772632,0.5773,0.5104287,0.5104,0.9913300,448.5450,64
38.7177,48.1131,23.9972,0.6009188,Cc1cccc(Nc2nc(C)cc(N3CCN(C(=O)Cc4ccc(-c5ccc(Cl)cc5)nn4)CC3)n2)n1,1,0.7853460,0.7853,0.4077203,0.4077,0.2004499,515.0210,64
33.5885,38.7189,14.4187,0.4428134,O=C(NN=Cc1sc(=S)n(Cc2ccccn2)c1O)c1ccc(Br)o1,1,0.4182426,0.4182,0.3605080,0.3605,0.9962759,439.3160,64
35.6525,51.1677,5.6192,0.4732246,CC1CN(Cc2cc(NS(=O)(=O)c3ccccc3)n(-c3cccc4ccccc34)n2)CCN1S(C)(=O)=O,1,0.7622465,0.7622,0.3865508,0.3866,0.0252111,539.6830,64
25.8550,24.0566,-18.6717,0.0448738,COCCOCCOCCNCc1ccon1,1,0.0139335,0.0139,0.5698908,0.5699,0.9998308,244.2910,64
35.2123,42.5946,30.7297,0.6110354,Cc1ccccc1Nc1cc(N)cc(CCc2nc3ccc(F)cc3[nH]2)n1,1,0.6071880,0.6072,0.4883165,0.4883,0.9999971,361.4240,64
42.4104,45.6873,40.9658,0.7221088,O=C(NCC1NCC(c2ccccc2O)NC1=O)c1cnc2ccccc2n1,1,0.7502659,0.7503,0.5367383,0.5367,0.9999875,377.4040,64
35.9801,41.8245,15.2984,0.4760240,CCn1c(NC(=O)c2cc(N3CCOCC3)nc3c(-c4ccc(OC)cc4)cccc23)nc2ccccc21,1,0.5551072,0.5551,0.3328867,0.3329,0.3319380,507.5940,64
33.9081,47.3345,19.3357,0.5555849,Cc1nnc(Nc2ccc(O)c(NC(=O)NCc3ccco3)c2)cc1N,1,0.5826672,0.5827,0.3505748,0.3506,0.9999985,354.3700,64
42.3289,47.3701,4.2358,0.4300488,CC=C(N)c1cc(-c2ccnc(N)c2)cc2c1CCN(C(=O)c1ccccc1)C2,1,0.3292490,0.3292,0.7182211,0.7182,0.9999760,384.4830,64
32.6556,43.7484,29.9134,0.6138484,Cc1cc(NC(=O)Nc2ccc(O)c(C(=O)Nc3nc(C(N)=O)cs3)c2)no1,1,0.6440808,0.6441,0.4064820,0.4065,0.9998754,402.3920,64
32.3514,36.6478,-16.3499,0.1691491,Cc1cc(C)n(-c2ccc(NC3NNc4ccccc43)cn2)n1,1,0.0876676,0.0877,0.6940828,0.6941,0.9999995,306.3730,64
31.0194,36.0300,-4.6324,0.2616470,O=S(=O)(Nc1ccc2c(NCc3ccco3)ncnc2c1)c1ccc(Cl)c(Cl)c1,1,0.1873514,0.1874,0.4328221,0.4328,0.9906954,449.3190,64
41.3754,46.5746,-12.2023,0.2864357,Cc1cc(C(=O)N(Cc2ccncc2)C(=O)OCc2ccccc2)nc(Nc2ccc3c(c2)OCO3)n1,1,0.2384872,0.2385,0.3899921,0.3900,0.5570620,497.5110,64
39.2262,44.9017,-30.6661,0.1186305,COc1ccc(S(=O)(=O)N2CCC(N3C(=O)C(Cl)NC3(C)Cl)CC2)cc1,1,0.0552969,0.0553,0.5911538,0.5912,0.9992183,422.3340,64
27.5121,34.5320,50.8949,0.7118913,CN1CCN(C(=O)c2cc(NCC(=O)N3CCc4ccccc4C3)ccn2)CC1,1,0.6442324,0.6442,0.8519842,0.8520,0.9999451,393.4910,64
29.6558,36.9022,42.2370,0.6594930,COC(=O)N1CCN(c2cc3ncnc(-c4cccc(Cl)c4)c3cn2)CC1,1,0.6170014,0.6170,0.6761677,0.6762,0.9999774,383.8390,64
30.8456,46.6192,21.8394,0.5704886,Cc1cccc(Nc2cc(N(Cc3ccccc3)CN(C)C)nc(Nc3cc(C)ccn3)n2)c1,1,0.6199745,0.6200,0.3242865,0.3243,0.9862673,453.5940,64
33.1489,41.6556,17.3330,0.4915718,Cc1c(NC(=O)c2cccc(OC3CN(S(=O)(=O)N(C)C)C3)c2)c(=O)n(-c2ccccc2)n1C,1,0.4453986,0.4454,0.5473885,0.5474,0.7907446,485.5660,64
38.4026,46.8579,-1.4126,0.3787116,Cc1cccc(NC(=O)c2nnc3c4ccccc4nc(N4CCN(C(=O)Nc5cccc(F)c5)C(C)C4)n23)c1,1,0.5657435,0.5657,0.3429566,0.3430,0.0278144,538.5870,64
44.7492,52.7011,-3.2145,0.4123880,NC12CC(C(=O)N3N=CCC3c3cccc(F)c3)N=S(=O)(N1)c1ccccc12,1,0.2998581,0.2999,0.8078765,0.8079,0.9999049,399.4510,64
39.5284,49.0878,-35.0028,0.1173751,COc1ccccc1NC(=Nc1ccccc1)Nc1nnc(CN2C(=O)CNC2=O)n1N,1,0.0747371,0.0747,0.1954656,0.1955,0.9973891,435.4480,64
41.6540,59.6034,-59.6033,0.0000004,Cc1ccc(S(=O)(=O)Nc2cc(N3CCN(S(=O)(=O)c4ccccc4)CC3)cc(-c3cncc(N4CCCN(C)CC4)n3)n2)cc1,1,0.0000000,0.0000,0.2999022,0.2999,0.0000003,662.8420,64
34.1649,39.0875,0.6572,0.3312065,Cc1cc(N2CCNC2=O)ccc1C(=O)Nc1cccc(S(=O)(=O)Nc2ccn(C)n2)c1,1,0.2482150,0.2482,0.5270623,0.5271,0.9850738,454.5120,64
36.6011,37.6692,32.4563,0.5843795,COc1ccc(S(=O)(=O)Nc2nnc(S(=O)(=O)NC3CCN(c4ncccn4)CC3)s2)cc1,1,0.7093508,0.7094,0.4484903,0.4485,0.2555149,511.6110,64
28.4844,31.3265,-1.6502,0.2473025,CN(CC1(N(C)C)CCC1)C(=O)Nc1ccc(NC(N)=O)cc1,1,0.1460894,0.1461,0.7762052,0.7762,0.9999998,319.4090,64
26.3794,38.9957,47.4269,0.7201887,CC1(c2ccccc2)CN(NC(=O)Nc2ccc(C(=O)N3CCOCC3)cc2)C(=O)N1,1,0.6925993,0.6926,0.7010240,0.7010,0.9991320,423.4730,64
64.5305,82.1967,-61.9295,0.1688931,CN1CN2C(=N1)C(COP(=O)(O)NC1CC(OP(N)(=O)O)OC1n1cnc3c(N)nc(N)nc31)OC2N=[N+]=[N-],1,0.5197040,0.5197,0.0872669,0.0873,0.0002422,590.3950,64
29.6848,35.2428,21.6409,0.4740308,Cc1cccc(NC(=O)Nc2ccc(N(Cc3ccccc3C)S(=O)(=O)c3ccccc3)cc2)c1,1,0.4928309,0.4928,0.3204440,0.3204,0.7900885,485.6090,64
25.9985,30.0382,25.6892,0.4643949,COc1cc(NC(=O)C(C)NS(=O)(=O)c2cc(C)ccc2C)cc(OC)c1,1,0.3621785,0.3622,0.7554723,0.7555,0.9999500,392.4770,64
24.8474,35.2346,12.9542,0.4015735,CCN(c1ccc(OC)cc1)S(=O)(=O)N1CCN(S(=O)(=O)N2CCCC2)CC1,1,0.3095481,0.3095,0.6334499,0.6334,0.9979962,432.5680,64
30.7135,35.3443,27.9015,0.5270486,O=C(Nc1ccc(-n2cnnn2)cc1F)N1CCN(Cc2cccc3ccccc23)CC1,1,0.4786720,0.4787,0.5364313,0.5364,0.9981878,431.4750,64
29.6558,37.0347,5.9749,0.3584132,CN(CC(=O)Nc1cccc(N(C)S(=O)(=O)N(C)C)c1)S(=O)(=O)c1ccc(Br)cc1,1,0.3572319,0.3572,0.5740619,0.5741,0.1429788,519.4430,64
51.0830,56.0762,-35.2008,0.1739613,O=C(O)CN1CCc2cnc(Oc3cccc(COc4ccc5ccccc5c4F)n3)cc2C1=O,1,0.1059701,0.1060,0.4287375,0.4287,0.9201528,473.4600,64
27.6612,30.1538,30.7109,0.5072060,COCC(=O)Nc1cccc(NC(=O)CNc2cc(C)cc(C)c2)c1,1,0.4159343,0.4159,0.7233283,0.7233,0.9999995,341.4110,64
39.8985,44.0962,41.2549,0.7112595,CN1CCN(C2Cc3ccccc3N(C(=O)c3ccc(COc4cccc(F)c4)o3)C2)CC1,1,0.7146030,0.7146,0.5929013,0.5929,0.9905180,449.5260,64
30.6623,36.1823,27.6991,0.5323444,COc1ccc(S(=O)(=O)N2CCN(c3nc4ccccc4n3-c3ccc(Cl)cn3)CC2)cc1,1,0.5320841,0.5321,0.4312735,0.4313,0.8138776,483.9810,64
28.1223,32.9547,35.6089,0.5713629,O=S(=O)(Nc1ccc(N2CCN(S(=O)(=O)c3ccc(F)cc3)CC2)nn1)c1ccc2ccccc2c1,1,0.8428858,0.8429,0.4100882,0.4101,0.0729433,527.6030,64
44.2396,49.4224,-7.3264,0.3508002,NC(=O)c1cccc2c1CCCC2N1CCN(C(=O)O)C(c2nc3ccccc3[nH]2)C1,1,0.2587074,0.2587,0.6033904,0.6034,0.9993986,419.4850,64
41.1773,44.9127,11.3443,0.4688083,CC(C)(C)OC(=O)Nc1nc(C=NN=C2NC3=CC=CCC3S2)cs1,1,0.3886215,0.3886,0.6189209,0.6189,0.9999874,377.4950,64
40.6913,37.5996,20.5789,0.4848204,CC(=NNc1ccc(C)c(C)c1)c1sc(NC(=O)c2ccccc2)cc1C,1,0.4499128,0.4499,0.4384883,0.4385,0.9999874,377.5130,64
34.1490,34.5767,2.3758,0.3079373,CCSc1nsc(NC(=O)NCc2ccc(C)c(OC)c2)n1,1,0.1987906,0.1988,0.7905430,0.7905,0.9999996,338.4580,64
42.6772,47.9088,-5.1439,0.3563744,CN(C1CCN(Cc2ccccc2)CC1)C1NOCC1c1nc(CCl)cs1,1,0.2492016,0.2492,0.7441248,0.7441,0.9998098,406.9830,64
33.9262,43.1582,31.1713,0.6194128,Cc1ccc(NC(=O)Nc2ccccc2NC(=O)COc2cccc(NS(C)(=O)=O)c2)cc1Cl,1,0.7642576,0.7643,0.3555620,0.3556,0.4318103,502.9800,64
34.7845,39.8582,46.9443,0.7233544,Cc1cccc(C(=O)Nc2cccc(-c3cc4c(N5CCN(c6ncccn6)CC5)ccnc4[nH]3)c2)c1,1,0.8797045,0.8797,0.3647578,0.3648,0.7230098,489.5830,64
27.4511,34.3003,39.8673,0.6180634,COc1cccc(C(=O)N2CCc3nc(N4CCN(c5ccc(F)cc5)CC4)ncc3C2)c1,1,0.5791562,0.5792,0.6124918,0.6125,0.9921092,447.5140,64
38.0129,49.5699,-19.9573,0.2467716,CN1CCN(c2cc(NC(=O)c3ccc(O)c(S(=O)(=O)N4CCCC4)c3)ccc2C(=O)Nc2ccccc2F)CC1,1,0.5192714,0.5193,0.3900349,0.3900,0.0005407,581.6700,64
35.0999,37.0588,23.7667,0.5068791,Cc1cc(S(=O)(=O)n2ccc3cc(S(N)(=O)=O)c(C)cc32)ccc1F,1,0.4111093,0.4111,0.7510618,0.7511,0.9999802,382.4380,64
38.4909,47.4178,31.0675,0.6540445,Cc1ccc(S(=O)(=O)NN=C2CN3C(=S)NCC3CN2Cc2ccccc2)cc1,1,0.6448680,0.6449,0.5561848,0.5562,0.9984788,429.5710,64
29.3135,31.7989,58.5951,0.7532840,Cc1[nH]c(=O)c2ccccc2c1C(=O)Nc1cccc(C(=O)N2CCOCC2)c1,1,0.7334323,0.7334,0.7178660,0.7179,0.9999546,391.4270,64
32.1243,39.1308,-15.4557,0.1972920,O=C(NC1CC(O)CCN1Cc1ccccc1)N1CCC2(CC1)OCCO2,1,0.1035026,0.1035,0.8379533,0.8380,0.9999896,375.4690,64
34.3475,47.4382,-9.1819,0.3188028,Cc1cccc(NC(=O)N2CCC(NC(=O)NN=Cc3cc4ccccc4o3)CC2)c1C,1,0.2502415,0.2502,0.4205596,0.4206,0.9978146,433.5120,64
23.0472,30.2691,27.2565,0.4793797,COc1cc(Nc2ccc(NC(=O)Nc3ccccc3C)nc2)cc(OC)c1OC,1,0.4217363,0.4217,0.5197589,0.5198,0.9997821,408.4580,64
33.4887,38.8511,28.5933,0.5620366,CN(C)c1cc(C(N)c2ccccc2)nc(N(C)C2CCS(=O)(=O)C2)n1,1,0.4615410,0.4615,0.8396323,0.8396,0.9999895,375.4980,64
41.1003,43.8795,-33.8365,0.0836916,CC1(C)Oc2ccccc2-c2c3ccccc3c(C(=O)NCc3ccc(F)cc3)c(=O)n21,1,0.0350658,0.0351,0.5088772,0.5089,0.9986262,428.4630,64
37.9310,37.8545,-10.2954,0.2296592,COc1ccc(CCN(C2CCOCC2)S(=O)(=O)c2ccc(NC(C)=O)cc2)cc1O,1,0.1388401,0.1388,0.6434387,0.6434,0.9913332,448.5410,64
38.8847,49.7102,12.0569,0.5147259,CN1CCN(S(=O)(=O)N(C)C)C(CNC(=O)c2cc(-c3ccco3)nc3c2CCC3)C1,1,0.4277044,0.4277,0.7089318,0.7089,0.9920753,447.5610,64
33.4371,42.4836,-9.1730,0.2775883,Cc1ccc(NC(=O)NC(=O)C(c2ccc(C)cc2)n2nnnc2-c2ccc(F)cc2)cc1,1,0.1973798,0.1974,0.4838910,0.4839,0.9940269,444.4700,64
42.0030,47.9182,26.4484,0.6197217,Cc1cccc(N2CCN(C(=O)c3cc(F)ccc3S(=O)(=O)Nc3cnccc3C(=O)O)CC2)c1,1,0.6598569,0.6599,0.5361394,0.5361,0.5336586,498.5360,64
45.9723,57.3416,-34.9279,0.1867807,CNN1C(=O)Nc2cc(C)ccc2C12N=NC(C)Nc1c(C)cccc12,1,0.0994372,0.0994,0.7332279,0.7332,0.9999990,350.4260,64
32.7612,37.1828,-13.0035,0.2014944,CNc1ccc(S(=O)(=O)Nc2ccc(Cc3ccccc3C)cc2)cc1[N+](=O)[O-],1,0.1278227,0.1278,0.4448869,0.4449,0.9997121,411.4830,64
55.2890,57.5913,-28.6787,0.2409379,COc1ccc2c(c1)CN(C1NCCN1C(=O)Cc1cnc[nH]1)C(c1cc(F)cc(F)c1)C2,1,0.1502558,0.1503,0.6217145,0.6217,0.9863927,453.4930,64
44.3732,54.5367,-7.9964,0.3878355,Cc1ccc(NC(=O)Nc2cccc(N=S3(=O)CCCCN4C=CNN43)c2)cc1,1,0.2847872,0.2848,0.7120078,0.7120,0.9996833,412.5190,64
34.7152,46.5406,-28.9040,0.1469713,COc1ccc(C(O)=C2C(=O)N(c3cccc([N+](=O)[O-])c3)C2c2ccc(OC)c(OC)c2)cc1,1,0.1062021,0.1062,0.1784148,0.1784,0.9694613,462.4580,65
36.1874,44.7920,2.6084,0.3950032,COc1ccc(Cl)cc1NC(=O)Nc1c(C)cccc1NC(=O)c1nccnc1N,1,0.3255977,0.3256,0.4885130,0.4885,0.9988141,426.8640,65
33.3133,46.3214,-2.8118,0.3625799,Cc1ccc(O)c(N(Cc2cc(N3CCN(C)CC3)ncn2)S(=O)(=O)c2ccc(Oc3ccccc3)cc2)c1,1,0.5803263,0.5803,0.3472791,0.3473,0.0146884,545.6650,65
32.3364,39.8032,5.3541,0.3763113,Cc1ccnc(NC(=O)c2ccccc2OC2CCN(Cc3ccco3)C2=O)c1,1,0.2745401,0.2745,0.6960269,0.6960,0.9999546,391.4270,65
35.8967,45.6835,24.1140,0.5816452,COc1ccc(C)cc1NC(=O)N1CCN(c2ccc(NC(=O)c3cccn(C)c3=O)cc2OC)CC1,1,0.6351964,0.6352,0.5326684,0.5327,0.3743787,505.5750,65
45.4726,49.2941,22.8581,0.6012680,CC(N)C(=O)N1CCC(C)(NS(=O)(=O)c2ccc(Nc3ccccc3O)cc2)C1,1,0.5797158,0.5797,0.5299159,0.5299,0.9994498,418.5190,65
36.5455,39.4805,9.6283,0.4092396,CCn1c(NC(=O)c2cccc(NN)n2)nc2ncccc21,1,0.3410585,0.3411,0.4954359,0.4954,0.9999987,297.3220,65
24.6209,27.8977,21.5539,0.4120967,COc1ccccc1-n1c(SCC(=O)NN)nnc1-c1ccccc1,1,0.3960508,0.3961,0.3039960,0.3040,0.9999983,355.4230,65
53.7373,57.6053,-1.5079,0.4674780,Cc1nn(-c2ccc(NC(N)=NC=N)cc2)cc1C(=O)OCC(=O)Nc1cc(Cl)ccc1O,1,0.5817758,0.5818,0.1532203,0.1532,0.9412172,469.8890,65
37.3295,45.0942,-37.8394,0.0604568,Cc1ccc(N2C(=O)C(CCN(Cc3ccc(F)cc3)Cc3nc4ccccc4c(=O)[nH]3)N(C)C2=O)cc1,1,0.0302288,0.0302,0.3563786,0.3564,0.2226795,513.5730,65
28.3057,31.5287,27.3921,0.4910066,O=C(Nc1ncn[nH]1)N1CCN(S(=O)(=O)c2cccs2)CC1,1,0.3806377,0.3806,0.8387744,0.8388,0.9999995,342.4060,65
38.1330,47.2235,18.3722,0.5466310,Cc1cccc(C=NNC(=O)c2c[nH]c3ccc(C(=O)Nc4cccc(C(=O)O)c4)cc3c2=O)c1,1,0.6296882,0.6297,0.2529975,0.2530,0.9480494,468.4690,65
40.3224,46.6163,34.9043,0.6793378,[O-][P+](NO)(c1ccccc1)C1CCN(C2CCN(Cc3ccc(Cl)cc3)CC2)C1,1,0.6860675,0.6861,0.5415496,0.5415,0.9977311,433.9200,65
29.2089,27.2271,38.6870,0.5492846,NCCCc1ccc(-n2ccc3ccccc3c2=O)cc1,1,0.4532869,0.4533,0.7974119,0.7974,0.9999927,278.3550,65
28.5432,34.5435,20.3155,0.4571584,COc1ccc(S(=O)(=O)Nc2ccc(F)cc2C(=O)Nc2ccn(C)n2)cc1,1,0.3684760,0.3685,0.6575578,0.6576,0.9998497,404.4230,65
30.0834,39.7575,47.8050,0.7296875,Cc1ccc(NC(=O)c2cccc(NC(=O)N(C)C3CCN(C)CC3)n2)cc1Cl,1,0.6808515,0.6809,0.7945024,0.7945,0.9995667,415.9250,65
40.3710,40.5362,-22.0356,0.1541719,Cc1cc(CN(C)C(=O)c2ccc(-c3ccccc3Cl)nc2C(C)(C)C)on1,1,0.0800037,0.0800,0.6013930,0.6014,0.9999176,397.9060,65
38.8569,38.9326,-38.9323,0.0000024,CC1=Cc2cccc3oc(c(NCCN)c23)C=C1,1,0.0000000,0.0000,0.8655717,0.8656,0.9997559,240.3060,65
26.7499,35.2573,35.9835,0.5936733,Cc1ccnc(Nc2nc(C(=O)N3CCN(C(=N)N)CC3)cs2)c1,1,0.5574981,0.5575,0.5700145,0.5700,0.9999993,345.4320,65
45.1747,50.7994,-5.4062,0.3782771,COc1ccc(S(=O)(=O)Nc2cc(Oc3cccc(C)c3)cc(-c3cc(Cl)cc(Cl)c3)n2)cc1Cl,1,0.7099974,0.7100,0.2565066,0.2565,0.0100255,549.8630,65
30.4605,39.0161,-39.0161,0.0000000,c1c(C)c(N2NC(=O)/C(=C/c3c4ccccc4ccc3)N=2)ccc1C,0,0.0000000,0.0000,0.0000000,0.0000,0.0000000,0.0000,65
33.2234,34.8268,47.1659,0.6832718,COC(=O)c1ncnc2c1ncn2C1CC(O)C(COC(=O)c2ccc(Cl)cc2)O1,1,0.6717973,0.6718,0.5999009,0.5999,0.9979492,432.8200,65
28.0878,34.4305,8.2054,0.3552990,CN1CCN(C(=O)c2ccc(Cl)c(S(=O)(=O)Nc3ccc4ncsc4c3)c2)CC1,1,0.2571894,0.2572,0.6598510,0.6599,0.9891808,450.9730,65
22.4952,28.3601,31.9570,0.5026426,O=S(=O)(Nc1ccc(S(=O)(=O)N2CCN(c3ncccn3)CC2)cc1)c1cccs1,1,0.4375460,0.4375,0.5910825,0.5911,0.9596902,465.5820,65
26.8192,42.2549,-18.3720,0.1990237,Cc1cccc(NC(=O)Nc2cc(N3C(=S)NC(c4ccccn4)C3c3ccccn3)ccc2F)c1,1,0.1531619,0.1532,0.3043273,0.3043,0.5324895,498.5870,65
26.7825,38.8312,37.2824,0.6342796,O=C1NC(=O)N(c2ccc(N3CCN(S(=O)(=O)c4ccccc4)CC3)cc2)CN1Cc1ccccc1,1,0.7106473,0.7106,0.5549729,0.5550,0.3738396,505.6000,65
40.4611,48.8756,9.7123,0.4882329,CC(=O)Nc1cccc(-c2ncc3ncnc(N(Cc4ccccc4)Cc4cscn4)c3n2)c1,1,0.4803148,0.4803,0.3702280,0.3702,0.9520298,467.5580,65
37.3349,43.6250,-26.2996,0.1443783,COc1cccc(CN2CCC(N3CCC(O)(CN(C)C4=NS(=O)(=O)c5ccccc54)CC3)CC2)c1,1,0.0880101,0.0880,0.6367828,0.6368,0.2373062,512.6760,65
28.2655,32.7860,16.4858,0.4105980,CC(C)(C)n1nc(CC(=O)NCCN2CCNCC2)c2ccccc2c1=O,1,0.2978220,0.2978,0.8095375,0.8095,0.9999928,371.4850,65
34.8540,42.0540,32.1597,0.6184480,NC(=O)N1CCN(c2cccc(Cl)c2)C1CNS(=O)(=O)c1ccc(Cl)cc1,1,0.5437601,0.5438,0.7636838,0.7637,0.9985123,429.3290,65
27.0250,30.7804,-9.3544,0.1785504,CNC(=O)C(Cc1ccccc1)N(Cc1ccc(Br)cc1)C(=O)CN(c1cccc(C)c1)S(=O)(=O)N(C)C,1,0.4338103,0.4338,0.3627695,0.3628,0.0000865,601.5670,65
43.3798,49.7269,-16.3904,0.2778038,COc1ccc2sc(N3C(=O)CSC3c3ccc(NS(=O)(=O)c4ccc(Cl)s4)cc3OC)nc2c1,1,0.5496663,0.5497,0.3098928,0.3099,0.0018805,568.1230,65
28.4474,35.7750,-20.7234,0.1254300,Cc1ccc(Nc2nc(CSc3nnc(-c4cccc(F)c4)n3-c3cccc(C)c3)cs2)cc1,1,0.0799898,0.0800,0.2464189,0.2464,0.7575716,487.6290,65
32.1710,35.4513,3.3770,0.3235696,NC1=NNNC1NC(=O)Nc1ccc(Cl)c(Cl)c1,1,0.2359585,0.2360,0.5557952,0.5558,0.9999973,289.1260,65
32.6037,40.9050,-40.9048,0.0000024,O=C(Nc1ccccn1)Nc1ccccc1NC(=O)C1C2CCC3(CCC13)S2,1,0.0000000,0.0000,0.7203797,0.7204,0.9999397,394.5000,65
36.0187,41.3833,-41.3833,0.0000000,c1cc(N2CCN(CC2)C(=S)Nc2cc(ccc2OC)Cl)nc2-c3c(CCn12)cccc3,0,0.0000000,0.0000,0.0000000,0.0000,0.0000000,0.0000,65
40.7743,44.2550,6.2311,0.4207176,CC(=CC(=O)N(Cc1ccc(C)o1)c1ccc(F)cc1)CC(=O)N1CCOCC1,1,0.3218378,0.3218,0.6970218,0.6970,0.9998958,400.4500,65
31.5791,37.1168,-8.4339,0.2390241,Cc1cnc(Nc2cc(NCc3cccnc3)nc(-c3ccccc3)n2)c(C)c1,1,0.1583663,0.1584,0.4936210,0.4936,0.9999801,382.4710,65
45.2330,54.3285,-54.3285,0.0000000,c1c(NS(=O)(=O)c2ccccc2)nnc2n(c(c3scc(c3n21)C)=O)-c1cc(C(=O)N2CCOCC2)ccc1,0,0.0000000,0.0000,0.0000000,0.0000,0.0000000,0.0000,65
29.4897,39.9116,26.8633,0.5564575,Cc1cc(OCC(=O)Nc2ccc(Nc3ccccn3)cc2)ccc1N1CCNC1=O,1,0.5148264,0.5148,0.5450741,0.5451,0.9995005,417.4690,65
31.6998,35.5864,46.7047,0.6857594,CN(CCc1ccc2ccccc2c1)c1nccc(-n2cccn2)n1,1,0.6877463,0.6877,0.5621602,0.5622,0.9999998,329.4070,65
36.5450,45.4361,26.5577,0.5999478,O=C1NC2C1N(C(=O)CN1Cc3ccccc3Oc3ccccc31)CS2(=O)=O,1,0.5228405,0.5228,0.7521344,0.7521,0.9999052,399.4280,65
27.2001,33.8653,40.1707,0.6169669,CC(C)(C)NS(=O)(=O)N1CCC(Nc2nccc(-c3ccc(Cl)cc3)n2)CC1,1,0.5406099,0.5406,0.7698615,0.7699,0.9990913,423.9700,65
25.6419,27.3156,3.4030,0.2559881,O=C(c1ccc(S(=O)(=O)Nc2ccc(Cl)cc2)cc1)N1CCCc2ccccc21,1,0.1611201,0.1611,0.6551395,0.6551,0.9988074,426.9250,65
48.2472,57.0380,25.1680,0.6850508,COc1cc(C2CC(CN(C)c3nnc(C(N)=O)o3)CN2c2ncc(C)cn2)on1,1,0.6777582,0.6778,0.5887545,0.5888,0.9996225,414.4260,65
31.7090,37.4255,-24.5022,0.1076942,CCN(CC)C(=O)c1ccc(NC(=O)c2cc(N)c(F)cc2N(C)C)cc1,1,0.0447619,0.0448,0.7634560,0.7635,0.9999921,372.4440,65
35.3417,43.5231,16.3215,0.4987048,CCOC(=O)N1CCN(c2ncc(C(=O)NS(=O)(=O)c3cccc([N+](=O)[O-])c3)nc2C2CC2)CC1,1,0.5364649,0.5365,0.4327819,0.4328,0.3972905,504.5250,65
29.4904,30.7117,13.2050,0.3659731,COc1ccc(-n2c(SCC(=O)Nc3nc(-c4ccc(Cl)cc4)cs3)nc3ccccc3c2=O)cc1,1,0.5953862,0.5954,0.2064851,0.2065,0.0381173,535.0500,65
35.0677,40.4498,48.2996,0.7395785,Cc1nc(Nc2nc3ccccc3[nH]2)cc(N2Cc3ccccc3S2(=O)=O)n1,1,0.7688852,0.7689,0.5551586,0.5552,0.9999502,392.4440,65
35.3585,40.8144,-10.0765,0.2561496,NC(=S)n1c2ccccc2c2cc(N3CCN(c4ncccn4)CC3)ccc21,1,0.1710462,0.1710,0.5328181,0.5328,0.9999653,388.5000,65
39.0582,44.0452,41.7564,0.7150132,CC1CN(c2ccc(C=C3Cc4cc(F)ccc4O3)c(O)c2)C(=O)O1,1,0.6379412,0.6379,0.9012351,0.9012,0.9999995,341.3380,65
35.0850,41.7490,-23.7798,0.1497431,CN(C(=O)On1c(=O)cc(O)c2cc(Br)ccc21)c1ccc(F)cc1,1,0.0732456,0.0732,0.7080107,0.7080,0.9998060,407.1950,65
43.6417,48.5692,-7.7908,0.3398200,CC#CCN(C)c1cc(Nc2cc(F)cc([N+](=O)[O-])c2)nc(-c2ccncc2)n1,1,0.2806097,0.2806,0.3871647,0.3872,0.9999503,392.3940,65
32.8813,35.1439,-15.9244,0.1601626,CC(=O)NCc1ccc(S(=O)(=O)NC(Cc2ccccc2)c2ccccc2C)cc1,1,0.0854435,0.0854,0.5782320,0.5782,0.9992027,422.5500,65
34.1870,38.3798,52.5866,0.7580533,COc1ccc(S(N)(=O)=O)cc1NS(=O)(=O)c1cccc(C(=O)Nc2ccc(C#N)cc2)c1,1,0.8715128,0.8715,0.4599444,0.4599,0.7756580,486.5310,65
26.2132,34.7559,-11.1206,0.1969609,Cc1ccc(-c2csc(NC(=O)Nc3ccc(N4CCN(C)CC4)c(C)c3)n2)cc1,1,0.1118368,0.1118,0.6338865,0.6339,0.9992714,421.5700,65
33.7676,35.0588,-4.8738,0.2515412,Cc1cnc(Oc2cccc(NC(=O)NCc3cccc(Cl)c3Cl)c2)nc1,1,0.1600769,0.1601,0.6136550,0.6137,0.9998649,403.2690,65
38.5202,43.2390,28.3974,0.5969698,COc1nc(N)nc(Nc2ccc(OCc3csc(=O)n3-c3ccccc3)cc2)n1,1,0.5950163,0.5950,0.4667483,0.4667,0.9992085,422.4700,65
32.4489,35.5545,14.3029,0.4154788,O=C(Cc1ccc(-n2cncn2)cc1)Nc1ccccc1NC(=O)Nc1ccccn1,1,0.3587543,0.3588,0.4477436,0.4477,0.9996552,413.4410,65
32.3006,42.6658,11.1289,0.4482893,CS(=O)(=O)Nc1ccc(C=NNc2ncnc3sc4c(c23)CCN(S(=O)(=O)c2ccccc2)C4)cc1,1,0.8119251,0.8119,0.2704402,0.2704,0.0192677,542.6680,65
44.2753,55.5327,-0.6075,0.4577099,O=C1NC(CNCc2ccc(N3CCCC3)cc2O)C2(CN(S(=O)(=O)c3ccccc3)CCO2)N1,1,0.4593769,0.4594,0.4493249,0.4493,0.4630188,501.6090,65
31.1886,32.6193,17.6379,0.4188099,Cc1nn(Cc2cccc(C(=O)Nc3cccc(F)c3)n2)c(C)c1C,1,0.3085244,0.3085,0.7898992,0.7899,0.9999996,338.3860,65
32.3490,34.1941,8.4753,0.3555778,Cc1ccc(C)c(C(=O)Nc2cc(-n3cnnn3)cc(C(F)(F)F)c2)c1,1,0.2455913,0.2456,0.7743340,0.7743,0.9999971,361.3270,65
36.2361,46.4883,31.1738,0.6471837,Cc1cc(NC(=O)c2cn(C3CN(Cc4cncs4)C3)nn2)cc(-n2cnnn2)c1,1,0.6569868,0.6570,0.4941534,0.4942,0.9992079,422.4780,65
35.1770,40.3421,-23.8091,0.1377751,O=C(Nc1ccc(N2CCN(C(=O)Cn3cccc3-c3ccccn3)CC2)cc1)C1CCC1,1,0.0672366,0.0672,0.6315793,0.6316,0.9945090,443.5510,66
30.7938,32.4568,-23.3159,0.0761737,O=C(CSc1ccc(Cl)cc1)NN=Cc1ccc(-c2cccs2)s1,1,0.0341725,0.0342,0.3476708,0.3477,0.9999477,392.9580,66
39.3006,53.4923,3.5765,0.4755734,Cc1cccc(NC(=O)NC2NC(=O)NC23CN(C2CCN(c4ccccn4)CC2)CS3)c1,1,0.4128813,0.4129,0.5513322,0.5513,0.9518571,467.5990,66
28.5094,31.2423,35.1210,0.5530280,O=C(Nc1ccc(-c2ccco2)nc1)N1CCCc2ccccc21,1,0.4632089,0.4632,0.7647446,0.7647,0.9999998,319.3640,66
44.7181,47.0788,-30.9555,0.1343605,CCC=CCCCCCCCC(=O)OC(=O)C1C2CCC1C1(C2)SCCS1,1,0.0911034,0.0911,0.1918873,0.1919,0.9997335,410.6450,66
34.8243,44.8926,9.6700,0.4546884,O=C(NCC1CN(C(=O)N2CCN(c3ccccc3)CC2)CN1S(=O)(=O)c1ccccc1)c1ccc(F)cc1,1,0.7771416,0.7771,0.5088108,0.5088,0.0085217,551.6440,66
30.4595,40.0442,29.3541,0.5783189,Cc1nc(NCCN2CCN(S(N)(=O)=O)CC2)c(C(=O)O)s1,1,0.5232693,0.5233,0.6241636,0.6242,0.9999990,349.4380,66
29.7424,39.2401,42.5646,0.6817056,Cc1ccc(-c2nc3ccccn3c2CNC(=O)N2CCN(Cc3cccc(Cl)c3)CC2)cc1,1,0.7386879,0.7387,0.4439526,0.4440,0.9163650,474.0080,66
25.0181,29.8196,64.4362,0.7854654,O=S(=O)(N1CCCCC1)N1CCN(Cc2nnc(-c3ccc(Cl)cc3)o2)CC1,1,0.7749591,0.7750,0.7301233,0.7301,0.9989105,425.9420,66
36.6404,47.2432,31.2924,0.6544635,Cc1ccc(C(=O)N2CCC(N3NN4C(O)NNC4C3=O)CC2)cc1C,1,0.6484339,0.6484,0.5468871,0.5469,0.9999974,360.4180,66
25.2200,26.8444,5.7881,0.2719380,CC(Sc1nc2ccccc2c(=O)n1-c1ccccc1F)C(=O)NC1CC1,1,0.1853494,0.1853,0.5424824,0.5425,0.9999782,383.4480,66
30.6494,35.7831,20.7219,0.4708747,CN(C)C(CNC(=O)c1cc(Cl)cc(Cl)c1)c1ccc(N2CCNC2=O)cc1,1,0.3702180,0.3702,0.7500334,0.7500,0.9992875,421.3280,66
32.8022,34.3099,-19.3827,0.1243927,O=C(NCc1cn2cc(Cl)ccc2n1)c1ccc(F)nc1N1CCCC1,1,0.0560623,0.0561,0.7138819,0.7139,0.9999911,373.8190,66
50.0568,56.5897,28.9719,0.7130133,CC(C(O)C(=O)N1CCN(c2ccccc2O)CC1)N(N)C1Cc2cccnc21,1,0.7507704,0.7508,0.5026091,0.5026,0.9999207,397.4790,66
27.2136,38.1157,20.9262,0.4920161,CN(C)S(=O)(=O)Nc1ccc2c(c1)CN(Cc1ccc(N)nc1)C2=O,1,0.3833044,0.3833,0.8269777,0.8270,0.9999971,361.4270,66
34.5482,34.0111,36.5456,0.5879724,O=C(NCc1nnc2ccccn12)C1Cc2cc(Cl)ccc2CN1,1,0.5063724,0.5064,0.7605709,0.7606,0.9999995,341.8020,66
39.1500,43.4405,-29.5986,0.1153488,Nc1cnc2ccccc2c1N1CCc2ccc(NN3CCCC3)cc2C1,1,0.0497249,0.0497,0.7448279,0.7448,0.9999976,359.4770,66
25.9947,25.9191,33.5253,0.4953700,CCc1ccc(NC(=O)COC(=O)C=Cc2ccc(C)o2)cc1,1,0.4135677,0.4136,0.6557452,0.6557,0.9999997,313.3530,66
38.3745,49.2129,22.6079,0.5985068,COC(=O)NN1C(=O)N2C(C(=O)O)=C(N3CCN(Cc4ccc([N+](=O)[O-])cc4)CC3)SC12,1,0.6023652,0.6024,0.4612211,0.4612,0.9635034,464.4600,66
28.2247,31.4047,28.2677,0.4972699,CC1CN(c2cccc(Cl)c2)CCN1Cc1cccc(C#N)c1,1,0.3852940,0.3853,0.8564226,0.8564,0.9999999,325.8430,66
26.4354,32.0734,61.6695,0.7811912,O=C(O)C1CCCN1C(=O)Nc1cccc(-c2nc3ccccc3[nH]2)c1,1,0.7863433,0.7863,0.6747521,0.6748,0.9999990,350.3780,66
34.2292,40.0961,20.8211,0.5076426,Cc1cc(-c2nc(C)cc(N3CC(O)(Cn4ccnc4)C3)n2)ccn1,1,0.4076428,0.4076,0.7794912,0.7795,0.9999997,336.3990,66
61.5865,72.3719,-20.1429,0.4352413,Cc1cccc(NC(=O)N2C3(C)Cc4nncn4N=C3C(C)C23CC(c2ccc(NS(C)(=O)=O)cc2)=NO3)c1,1,0.7004643,0.7005,0.5126608,0.5127,0.0112186,548.6290,66
32.8623,40.1683,22.5702,0.5228209,COc1cccc2c(=O)[nH]c(Sc3nccc(N4CCN(C)CC4)n3)cc12,1,0.4397609,0.4398,0.6926461,0.6926,0.9999782,383.4770,66
42.1513,44.4524,23.1433,0.5632979,CC12CC3CC(NCc4cc([N+](=O)[O-])ccc4O)(C1)CC(n1cncn1)(C3)C2,1,0.5080217,0.5080,0.6068866,0.6069,0.9999782,383.4520,66
30.3421,34.9516,-20.7599,0.1182637,COc1ccc(CN2CCN(C(=O)NCc3ccc(Cl)cc3N3CCOCC3)CC2)cc1,1,0.0522008,0.0522,0.7199497,0.7199,0.9776245,458.9900,66
30.4669,38.3224,37.5844,0.6325559,O=C(Nc1cc(O)cc(O)c1)c1ccc(CN2CCN(S(=O)(=O)N3CCCC3)CC2)cc1,1,0.6020362,0.6020,0.6060128,0.6060,0.9742423,460.5560,66
30.0943,33.7579,-13.7306,0.1668934,Cc1nc2n(n1)CC(NCc1ccc(C(=O)Nc3ccccn3)cc1)CC2,1,0.0848482,0.0848,0.7276912,0.7277,0.9999968,362.4370,66
34.5224,39.6186,1.1621,0.3398388,CN1CCN(c2ccc(C(=O)Nc3ccc4cc(C(=O)O)c(=O)n(C)c4c3)cn2)CC1,1,0.2410611,0.2411,0.6592896,0.6593,0.9992790,421.4570,66
33.2644,42.0374,27.6075,0.5803746,Cc1ccc(S(=O)(=O)Nc2cc(Cl)c(O)c(NC(=O)c3ccc(C(=O)N4CCCC4)cc3)c2)cc1,1,0.7869904,0.7870,0.3277351,0.3277,0.2158997,514.0030,66
33.7999,37.6255,-17.7159,0.1659134,COc1ccc(N(NC(=O)c2ccc(OCCC#N)c(OC)c2)C(N)=O)cc1,1,0.0908343,0.0908,0.5565929,0.5566,0.9999763,384.3920,66
34.2511,43.2715,-8.2268,0.2920394,CN(C)c1ncccc1NC(=O)N(C)C1(C)CN(S(=O)(=O)N2CCOCC2)C1,1,0.1874412,0.1874,0.7451583,0.7452,0.9996834,412.5160,66
35.8711,42.0816,-16.6425,0.2119921,NC1COC(=O)N1Cc1ccc(-c2noc(-c3cc(Cl)cc(Cl)c3)n2)cc1,1,0.1204216,0.1204,0.7065900,0.7066,0.9998380,405.2410,66
35.0316,40.8885,22.1632,0.5254315,COc1cc(OC)c(CC(=O)N2CCN(c3ccc(NS(=O)(=O)c4ccc(C)cc4)cc3)CC2)cn1,1,0.5860992,0.5861,0.4969748,0.4970,0.2733346,510.6160,66
39.3173,45.2981,18.4545,0.5312717,Cc1ccc(Nc2cc3c(nn2)C2CCC(NC(=O)O)CN2C3)nc1,1,0.4338570,0.4339,0.7868107,0.7868,0.9999996,340.3870,66
34.1875,42.8364,29.4371,0.6022785,CCN1CCN(C(=O)c2cccc(Nc3cc(OCc4ccccc4)nc(-c4ncccn4)n3)c2)CC1,1,0.6815307,0.6815,0.3914052,0.3914,0.6002368,495.5870,66
33.3473,38.5984,40.7877,0.6615511,Cc1ccc(N2CCN(CC(=O)N3CCN(c4ccc5ccccc5c4Cl)CC3)C2=O)cc1,1,0.6514084,0.6514,0.5772874,0.5773,0.9680025,462.9810,66
28.2557,33.4586,32.0173,0.5456325,CN1CCN(c2ccc(NC(=O)NNS(=O)(=O)c3cc(Cl)ccc3Cl)cc2)CC1,1,0.4885790,0.4886,0.5996169,0.5996,0.9788383,458.3710,66
43.3737,46.7743,-26.2575,0.1709731,Nc1cn(NC2=NC=NCN2S(=O)(=O)c2ccccc2)c2ccccc12,1,0.0875631,0.0876,0.7353865,0.7354,0.9999945,368.4220,66
32.3339,36.8349,32.6953,0.5794176,COc1ccc(C(=O)N2CCN(c3nc4ccc(C)cc4nc3C)CC2)cc1[N+](=O)[O-],1,0.5686878,0.5687,0.4710384,0.4710,0.9992790,421.4570,66
31.9550,33.8816,41.1551,0.6253058,O=C(Nc1ccc(-c2nnc(Nc3ccc(F)c(F)c3)o2)cc1)c1cccs1,1,0.6267559,0.6268,0.4904974,0.4905,0.9999138,398.3940,66
34.5910,43.3051,29.7208,0.6085495,NS(=O)(=O)c1ccc(NC(=O)N2CCC(n3nc(-c4cc(Cl)cc(Cl)c4)ccc3=O)C2)cc1,1,0.6847031,0.6847,0.5590055,0.5590,0.3159449,508.3870,66
33.7084,33.8776,-16.1121,0.1480458,Cc1c(Br)cnn1Cc1ccc(NC(=O)c2cc(-c3ccccc3)nc3ccccc23)cc1,1,0.0997852,0.0998,0.3028875,0.3029,0.5596737,497.3960,66
29.5324,33.3973,-5.1344,0.2355249,Cc1cc(Br)c(N)cc1N1CCN(CC(N)=O)C1=O,1,0.1344425,0.1344,0.8134041,0.8134,0.9999999,327.1820,66
39.7094,47.7227,44.5154,0.7686505,NC1NCCN1c1cc(F)c2c(=O)[nH]c(Nc3ccc(F)cc3F)nc2c1,1,0.8121371,0.8121,0.5558331,0.5558,0.9999887,376.3420,66
53.0623,62.8601,-2.0647,0.5066283,Cc1nccnc1N1CCN(Cc2cc(CNC(C)N3N=NC4N=NN=CC43)ccc2O)CC1,1,0.4315858,0.4316,0.6429063,0.6429,0.9663389,463.5500,66
32.2041,39.1798,11.2578,0.4203135,Cc1ccc(-n2nc(C)c3c2N(c2cc(C)cc(C)c2)C(=O)NC3c2cccc(C)c2)cc1,1,0.3752391,0.3752,0.4058985,0.4059,0.9971086,436.5590,66
34.7469,45.6164,-8.2122,0.3117019,Cc1cccc(NC(=O)c2ccc3c(c2)CN2C(=O)c4ccc(C#N)cc4CC2N3)n1,1,0.2115801,0.2116,0.6754399,0.6754,0.9997613,409.4490,66
35.3728,43.9469,-11.3737,0.2714434,O=S(=O)(N1CCNCC1)N1CCCC(N2CCCc3cncn32)C1,1,0.1664454,0.1664,0.7833325,0.7833,0.9999985,354.4800,66
44.0012,42.3592,15.6176,0.4831396,Cc1ccccc1C(=O)N=S1C=CC(c2cccnc2)N1C,1,0.3701560,0.3702,0.8531328,0.8531,0.9999996,311.4100,66
38.3520,39.8526,-27.7213,0.1010944,CN=C1NCCN1c1ccc(-c2ccc(O)cc2)c(C)n1,1,0.0391941,0.0392,0.8858525,0.8859,0.9999949,282.3470,66
28.5955,32.8868,53.1736,0.7171704,CC1CCCCC12NC(=O)N(NC(=O)c1ccc(N(C)S(=O)(=O)c3ccccc3)cc1)C2=O,1,0.7092416,0.7092,0.6520607,0.6521,0.9377517,470.5510,66
31.9998,44.8144,-24.4497,0.1697065,O=C(NNC(=O)c1ccncc1)NC(=O)c1cnc(Nc2cccc(C(=O)O)c2)nc1,1,0.1048229,0.1048,0.3776163,0.3776,0.9992845,421.3730,66
28.5971,35.8390,-13.5051,0.1861158,COc1ccc(Nc2cc(-c3cccc(NS(=O)(=O)c4ccc(C)cc4)c3)no2)cc1,1,0.1165065,0.1165,0.4142496,0.4142,0.9973754,435.5050,66
36.0848,37.4418,-14.0445,0.1949773,COc1cc(F)cc2sc3nc(N4CCN(C)CC4)ccc3c12,1,0.1062826,0.1063,0.7199513,0.7200,0.9999998,331.4160,66
37.5980,42.1799,-11.6404,0.2544961,CCN1CCc2cc3cccc(NC(=O)Nc4ccc(C(=O)NC)cc4)c3nc2C1,1,0.1622121,0.1622,0.6210747,0.6211,0.9998621,403.4860,66
35.2923,49.0491,-27.1382,0.1825908,Cc1nc(CN2CCN(C(=O)NC(NC(=O)Nc3c(C)noc3C)C(=O)O)CC2)cs1,1,0.1090472,0.1090,0.4766777,0.4767,0.9886395,451.5090,66
32.1639,39.5771,-10.3372,0.2436661,Cc1ccc(CNc2nc(NC(=O)Nc3ccccc3)cc(C(F)(F)F)n2)s1,1,0.1579573,0.1580,0.5484401,0.5484,0.9998019,407.4210,66
52.7951,65.4502,-54.1445,0.0942146,Cc1nccn1-c1ccccc1Cn1ccnc1C1CN(S(=O)(=O)c2cc(Cl)ccc2O)CCN1CC(=O)O,1,0.1196978,0.1197,0.3302053,0.3302,0.0014355,571.0590,66
35.5976,45.2860,-25.1635,0.1676874,COc1cccc(OCc2cccc(Cl)c2)c1C(=O)N1CC(=O)NC2CCNN21,1,0.0839123,0.0839,0.7748462,0.7748,0.9995275,416.8650,66
37.0140,44.4736,5.8705,0.4195336,CC1CNCCN1CCCn1c(=O)c(N2CCN(S(=O)(=O)c3ccc(F)cc3)CC2)nc2ccccc21,1,0.5190651,0.5191,0.4995948,0.4996,0.0666621,528.6540,66
43.1050,56.1705,14.3680,0.5878210,COC(=O)N1C2CCN(C(=O)O)C1CC2NC(=O)Nc1cc(C)nn1-c1ccc(C)cc1,1,0.5252419,0.5252,0.6699631,0.6700,0.9950241,442.4760,66
31.0504,40.4448,49.3994,0.7487019,Cc1ccc(N(C(N)=O)C2CN(Cc3nc(-c4cccc(C)c4)no3)C2)cc1,1,0.7213630,0.7214,0.7379192,0.7379,0.9999875,377.4480,66
39.5558,41.8301,-24.9273,0.1408570,CN1CCN(C2=CC3C(C=C2)N2CC3N(Cc3ccccc3)C2)CC1,1,0.0640290,0.0640,0.8347836,0.8348,0.9999997,336.4830,66
34.7925,39.2402,-12.9136,0.2193888,Cc1cc(C)n(CC(Cc2ccc(Cl)cc2)N2CC(=O)Nc3ccccc32)n1,1,0.1265837,0.1266,0.7043093,0.7043,0.9999375,394.9060,67
31.1723,36.4877,36.0645,0.6046020,c1ccc(N2CCN(c3cc(N4CCN(c5cc(-n6ccnc6)ncn5)CC4)ncn3)CC2)nc1,1,0.6263279,0.6263,0.4278700,0.4279,0.9428864,469.5570,67
34.8893,47.1991,27.4672,0.6222190,Cc1cccc(CN=C(NCC2COc3ccccc3C2)Nc2cc(S(N)(=O)=O)ccc2C)c1,1,0.6874903,0.6875,0.3695298,0.3695,0.8775417,478.6180,67
37.1549,41.5457,32.9428,0.6207374,O=[N+]([O-])c1ccccc1NN=Nc1ccc2c(c1)N(S(=O)(=O)c1ccc(F)cc1)CC2,1,0.6886223,0.6886,0.3408717,0.3409,0.9954732,441.4440,67
51.9145,61.2799,-17.7844,0.3624622,Cc1cccc(CN2CC3(O)C4=NN=C(c5cccc(Cl)c5)C3=C(N=CN4C)C2=O)n1,1,0.2501106,0.2501,0.8005530,0.8006,0.9975203,434.8870,67
23.8431,40.2709,-11.0371,0.2436153,O=C(O)c1cccc(Nc2nccnc2N2CCN(C(=O)Nc3nccs3)CC2)c1,1,0.1561911,0.1562,0.5701017,0.5701,0.9989564,425.4740,67
39.0120,46.9458,34.5445,0.6790860,CC(c1ccccc1)N1CCC(N2CN(C(=O)c3ccc(O)c(O)c3)C2=O)CC1,1,0.6182645,0.6183,0.7771913,0.7772,0.9999342,395.4590,67
37.4914,47.8188,25.9204,0.6144933,Cc1cccc(CS(=O)(=O)Nc2ccc(NC3CC4NNC4C3)c(C(=O)O)c2)c1,1,0.6194005,0.6194,0.4685808,0.4686,0.9995430,416.5030,67
32.2711,40.3873,29.4806,0.5822325,Cc1ccc(Nc2cc(C(=O)N3CCC3c3ccnc(C)n3)ncn2)cc1,1,0.4977509,0.4978,0.7690255,0.7690,0.9999974,360.4210,67
27.4082,37.7638,37.9522,0.6309669,CN(Cc1nc2ccccc2[nH]1)C(=O)Nc1nc2c(s1)CN(S(=O)(=O)c1ccc(F)cc1)CC2,1,0.7281098,0.7281,0.4352578,0.4353,0.4866253,500.5810,67
44.2574,51.8271,-11.2619,0.3380439,CC(C)(C)OC(=O)NC(=O)NN(Cc1cc(F)cc(Cl)c1)C(=O)N1CCN(S)CC1,1,0.2654859,0.2655,0.4646759,0.4647,0.9708244,461.9470,67
50.7777,55.1457,-6.1790,0.4080554,Cc1ccccc1-c1ccc(OCCNOc2cc(C)c(N)c(C)c2)c(CN2CCN(C)CC2)c1,1,0.4097236,0.4097,0.2691191,0.2691,0.9117277,474.6490,67
43.7709,52.2584,-12.4330,0.3318788,O=C(c1ccccc1)N1CCN(c2n[nH]c3cc(NC4=NC=NC5=CN5N=CC=C4)nnc23)CC1,1,0.2409446,0.2409,0.6009022,0.6009,0.9522858,467.4970,67
29.1645,36.6707,33.8890,0.5879970,COc1ccc(C=C(NC(=O)Nc2ccccc2)C(=O)NCc2ccc(OC)c(OC)c2)cc1,1,0.6044338,0.6044,0.4152780,0.4153,0.9719229,461.5180,67
46.4528,51.2627,28.0191,0.6606813,COc1ccccc1NC1CCN(C(=O)C2COC(c3ccc(F)cc3O)O2)C1,1,0.5894543,0.5895,0.8005930,0.8006,0.9998750,402.4220,67
32.1479,35.4195,41.5770,0.6416374,Cc1ccc([S+]([O-])N2CCN(CC(=O)NCc3ccc(F)cc3)CC2)cc1,1,0.5718725,0.5719,0.7689699,0.7690,0.9999620,389.4960,67
31.5803,29.9218,-17.8493,0.1006050,CC1(C)COC(ON)N=C1N,1,0.0479965,0.0480,0.5086015,0.5086,0.6997983,159.1890,67
38.5374,42.9044,-20.8423,0.1838511,Cc1ncc2c(C)ccc(N3CC4CN(C(=O)OC(C)(C)C)C4C3)c2n1,1,0.0952938,0.0953,0.7863289,0.7863,0.9999985,354.4540,67
33.8966,40.4208,10.4495,0.4239196,C=C1c2ccccc2C(=O)N1c1ccc(C(=O)Nc2sc3c(c2C)CCN(Cc2ccccc2)C3)cc1,1,0.4610306,0.4610,0.3369454,0.3369,0.3729131,505.6430,67
31.4001,37.4617,-8.2198,0.2436829,CC1(C)OCC(Cc2cccc(F)c2)N1C(=O)Nc1ccc(C(N)=O)cc1,1,0.1386452,0.1386,0.8658847,0.8659,0.9999928,371.4120,67
45.1631,46.1750,-4.2203,0.3496219,Cc1ccc2oc(C)c(-c3nc(-[n+]4cnn(C)c4)nc(=O)[nH]3)c2c1,1,0.2630479,0.2630,0.5595910,0.5596,0.9999999,323.3360,67
32.3515,37.7681,20.9492,0.4893112,Cc1ccc(S(=O)(=O)Nc2ccc(C(=O)N=c3sc4cc(C)ccc4n3Cc3ccco3)cc2C)cc1,1,0.7770938,0.7771,0.2991581,0.2992,0.0513731,531.6590,67
36.0406,43.9931,12.1921,0.4682097,Cc1ccc(S(=O)(=O)N2CC(N3CC(Nc4ccc(C(N)=O)cc4[N+](=O)[O-])C3)C2)s1,1,0.4186362,0.4186,0.4767155,0.4767,0.9886177,451.5300,67
35.7370,47.3215,17.1422,0.5371976,CS(=O)(=O)Nc1cccc(Oc2cc(N3CC(CNC(=O)O)OC3=O)cc(C(F)(F)F)n2)c1,1,0.5165687,0.5166,0.5369007,0.5369,0.7073857,490.4160,67
30.6540,29.4584,12.6638,0.3510185,CN(C)c1cccc(NC(=O)c2nnc3cnccn23)c1,1,0.2400378,0.2400,0.7864528,0.7865,0.9999949,282.3070,67
34.3469,37.3045,25.2840,0.5215715,O=C1CCN(Cc2ccc(-c3ccc4scnc4c3)cc2O)CC1,1,0.4223477,0.4223,0.7883583,0.7884,0.9999996,338.4320,67
32.8423,41.1169,32.0538,0.6097563,Cc1ccc(-c2ccccc2S(=O)(=O)Nc2cc(C)ccc2N2CCN(CC(N)=O)CC2)cc1,1,0.5984022,0.5984,0.5428392,0.5428,0.8775417,478.6180,67
38.6152,44.8590,29.5314,0.6199198,O=C(CN1CC2(CCN(C(=O)Nc3ccc(F)cc3)CC2)NS1(=O)=O)Nc1ccc(F)c(Cl)c1,1,0.7329377,0.7329,0.5835104,0.5835,0.2166649,513.9540,67
40.0620,49.4041,29.0446,0.6537391,O=C(O)c1cc(-c2cccs2)nc(N(Cc2ccc(F)c(Cl)c2)C2CCS(=O)(=O)C2)c1,1,0.6583007,0.6583,0.5587813,0.5588,0.8522965,480.9700,67
27.3611,37.0043,30.8728,0.5656427,Cc1ccc(S(=O)(=O)N(c2ccc(S(=O)(=O)N3CCCCC3)cc2)C2CC(=O)NC2=O)cc1,1,0.5373991,0.5374,0.6151587,0.6152,0.6844929,491.5910,67
33.5328,37.4149,12.1566,0.4130958,O=S(=O)(Nc1ccc(-c2cc(Br)cc3[nH]ncc23)cc1)c1cccc(Cl)c1,1,0.3631483,0.3631,0.4235251,0.4235,0.9686381,462.7560,67
29.3662,39.5008,31.2739,0.5897898,Clc1cccc(CN2CCN(c3nc(Nc4ccccc4)nc(Nc4cccc(Cl)c4)n3)CC2)c1,1,0.7554035,0.7554,0.3193014,0.3193,0.3558921,506.4410,67
25.6467,25.8425,-10.4671,0.1281288,CNC(=O)CN1CCN(Cc2cccc(F)c2N)CC1,1,0.0570764,0.0571,0.7773856,0.7774,0.9999939,280.3470,67
35.0209,45.5287,17.0493,0.5214833,CC(NC(=O)ON1Cc2ccccc2C1=O)c1ccc(Oc2ccc([N+](=O)[O-])cc2)cc1,1,0.4977416,0.4977,0.4437711,0.4438,0.9978330,433.4200,67
29.4554,29.7218,-7.6189,0.1841915,Cc1cc(NS(=O)(=O)Cc2ccccc2)n(Cc2ccccc2F)n1,1,0.0974350,0.0974,0.7342535,0.7343,0.9999976,359.4260,67
26.1563,33.3555,41.5820,0.6244796,O=C(COc1cccc(F)c1)NNC(=O)Nc1ccc(C(=O)O)cc1,1,0.5864105,0.5864,0.6150147,0.6150,0.9999992,347.3020,67
37.9262,51.9954,-1.5775,0.4201493,CC1CN(c2ccc(NS(=O)(=O)N(C)C)cn2)CC2C(n3cccn3)CCN12,1,0.3088896,0.3089,0.7993608,0.7994,0.9998336,405.5280,67
36.5662,39.0451,35.0574,0.6175214,NCc1ccccc1NC(=O)CN1CC(=O)c2nc3ccccc3n2C1,1,0.5461197,0.5461,0.7460241,0.7460,0.9999990,349.3940,67
32.9426,38.8804,58.0456,0.8077163,Cc1ccc(C(=O)Nc2cccc(C(=O)N3CCC4(C3)C(=O)Nc3ccccc34)c2)cc1,1,0.8278822,0.8279,0.6662412,0.6662,0.9989551,425.4880,67
35.6946,41.0618,30.9211,0.5998570,Cc1ccc2c(=O)n(-c3ccccc3)c(C)c(C(=O)N3CCN(c4ccc([N+](=O)[O-])cn4)CC3)c2c1,1,0.6848782,0.6849,0.3225929,0.3226,0.8201149,483.5280,67
26.6010,27.0232,8.6392,0.2971870,Cc1cccc([N+](=O)[O-])c1NC1CCCN(C(=O)OC(C)(C)C)C1,1,0.1979239,0.1979,0.6720559,0.6721,0.9999998,335.4040,67
31.4167,33.9255,40.9940,0.6243291,CS(=O)(=O)N1CCN(Cc2ccc(CNC(=O)Nc3ccc(OC(F)F)cc3)cc2)CC1,1,0.5888633,0.5889,0.6218147,0.6218,0.9477901,468.5260,67
37.8238,44.6829,36.3870,0.6755822,COc1cccc(NC(=O)NC2CCCN(C(=O)c3cccc(NS(=O)(=O)C(F)(F)F)n3)C2)c1,1,0.7523252,0.7523,0.5582970,0.5583,0.4658140,501.4870,67
32.9617,40.4227,22.7664,0.5265756,NC(=O)NCc1ccc(OC(=O)Nc2ccc(N)c([N+](=O)[O-])c2)cc1,1,0.5324964,0.5325,0.3674478,0.3674,0.9999993,345.3150,67
35.4348,40.8760,29.0204,0.5824696,Cc1ccc(C)c(NC(=O)CN2CCN3C(=O)N(NCc4ccccc4)C(=O)C3C2)c1,1,0.5124475,0.5124,0.6962270,0.6962,0.9992760,421.5010,67
32.5440,40.9105,31.2007,0.6009263,COc1ccc(OC)c(S(=O)(=O)Nc2cccc(C)c2Oc2cc(C(=O)O)ccn2)c1,1,0.5768990,0.5769,0.5389609,0.5390,0.9940296,444.4650,67
31.1278,39.7858,9.1254,0.4075933,COC(C)N1CCN(c2ccc(C(=O)Nc3ccc(N4CCN(C)CC4)cc3)cc2)C1=O,1,0.3010396,0.3010,0.7527324,0.7527,0.9968349,437.5440,67
62.1281,60.6528,-60.6528,0.0000000,N(=Nc1ccc(NC(N,0,0.0000000,0.0000,0.0000000,0.0000,0.0000000,0.0000,67
40.3871,42.7588,-23.2866,0.1622683,Cc1cccc(C2(c3cnc[nH]3)CCN(C(=O)Nc3nc4ccccc4[nH]3)CC2)c1,1,0.0917345,0.0917,0.4812014,0.4812,0.9998955,400.4860,67
32.8620,45.5541,36.3365,0.6824214,NC(=O)c1ccc(NC(=O)NC(=O)c2ccc(C(=O)NN=Cc3cccc(O)c3)o2)cc1,1,0.8244910,0.8245,0.2911907,0.2912,0.9974016,435.3960,67
33.2089,43.8833,14.2945,0.4848146,COc1ccc(CNc2cc(Nc3cccc(C(F)(F)F)c3)cc(C(=O)Nc3ccccc3O)n2)cc1,1,0.6595855,0.6596,0.2051977,0.2052,0.3136997,508.5000,67
31.0159,36.8193,-22.5674,0.1187657,CN1CCNc2ccc(NS(=O)(=O)c3cn[nH]c3N)cc21,1,0.0536289,0.0536,0.6615444,0.6615,0.9999995,308.3670,67
31.6500,33.8082,-4.4664,0.2445149,Cc1ccccc1C(=O)N1CCC(N(Cc2ccco2)c2ccccn2)CC1,1,0.1500872,0.1501,0.6673083,0.6673,0.9999896,375.4720,67
55.1384,63.4587,-36.7620,0.2224725,Cc1ccc2nc(SC3CN4C(=O)C(Nc5ccccc5-c5ccccc5)SC4(C)N3)sc2c1,1,0.1803688,0.1804,0.3486999,0.3487,0.3933057,504.7060,67
32.1515,43.2218,-29.5268,0.1141253,Cc1ccccc1N(CCn1cc(C(N)=O)c(N)n1)Cc1ccccn1,1,0.0503062,0.0503,0.6780061,0.6780,0.9999990,350.4260,67
23.8583,26.0921,-9.0071,0.1423753,O=C(c1cccc2ncccc12)N1CCN(C2CNC2)CC1,1,0.0636996,0.0637,0.8968001,0.8968,0.9999986,296.3740,67
44.2461,50.2355,-37.3967,0.1069901,Cc1ccc(NC2C(c3ccccc3-n3cc(C)cn3)CN(C)C(=O)N2C)nc1,1,0.0447166,0.0447,0.7414613,0.7415,0.9999583,390.4910,67
29.2171,31.1889,8.5004,0.3307448,COc1ccccc1OCCNC(=O)c1ccc(CN2CCN(C(=O)c3cccs3)CC2)cc1,1,0.2597536,0.2598,0.4757442,0.4757,0.8674648,479.6020,67
33.1340,42.4637,27.1551,0.5801566,O=S(=O)(c1ccc(OCc2csc(-c3cn(-c4ccc(F)cc4)cn3)n2)cc1)N1CCCC1,1,0.6219019,0.6219,0.3860937,0.3861,0.8054040,484.5780,67
34.5986,38.7882,23.6005,0.5199054,CCOc1ccc(NC(=O)Nc2ccc(Oc3nc(NC4CC4)ncc3N)cc2)cc1,1,0.5020306,0.5020,0.4238468,0.4238,0.9993414,420.4730,67
46.6984,55.9141,-24.1280,0.2648844,CSc1nc(Nc2cccc(C(=O)OCC(=O)Nc3cccc(N4CCNCC4)c3)c2)c2cccc(C(=O)O)c2n1,1,0.6967464,0.6967,0.1311396,0.1311,0.0012404,572.6470,67
27.8654,32.2092,38.5241,0.5894444,CN(C(=O)c1cccc(Nc2cnccn2)c1)C1CCN(Cc2ccccc2)CC1,1,0.5252624,0.5253,0.6775201,0.6775,0.9998850,401.5140,67
40.7129,42.9932,-4.3662,0.3218917,CNC(=O)C(CCCNC(=O)c1ccc(C)nc1C)N1Cc2ccccc2C1,1,0.2172305,0.2172,0.7233188,0.7233,0.9999834,380.4920,67
36.7427,39.0921,10.3208,0.4117739,CCc1nc(NC(C)=O)cc(Sc2ncc(-c3ccccc3)o2)n1,1,0.3102741,0.3103,0.7115162,0.7115,0.9999996,340.4080,67
28.1731,37.3403,41.2725,0.6551067,Cc1ccccc1-c1ccc(CN2CC(N3CCc4ccccc4C3)C2)cn1,1,0.6092674,0.6093,0.6834924,0.6835,0.9999940,369.5120,68
32.1437,33.3138,29.2378,0.5212631,CCn1c(CNC(C)c2ccc(S(N)(=O)=O)cc2)n[nH]c1=S,1,0.4384001,0.4384,0.6898233,0.6898,0.9999995,341.4620,68
30.6561,39.6660,0.0865,0.3312707,COc1ccc(CNC(=O)Nc2ccnc(Nc3ccc(NS(=O)(=O)c4ccc(C)cc4)cc3)c2)cc1,1,0.4012016,0.4012,0.2401615,0.2402,0.1649244,517.6110,68
35.4777,40.3726,4.2790,0.3720965,Cc1ccc(-c2nc(N)c(Nc3ccnn3C)nc2-c2cccs2)cc1,1,0.2864031,0.2864,0.5673567,0.5674,0.9999968,362.4620,68
33.7960,41.3871,-4.3439,0.3086938,Cc1ccc(N2CC3Cc4cc(-c5ccc(F)cc5)ccc4N3C2=O)c(C)c1,1,0.2175009,0.2175,0.5841537,0.5842,0.9999921,372.4430,68
37.1230,39.6258,25.0874,0.5392771,CC1(C)C(N2Cc3ccc(C(=O)O)cc3C2=O)C(=O)N1Cc1ccccc1,1,0.4341431,0.4341,0.8459521,0.8460,0.9999962,364.4010,68
36.4017,49.8494,-26.1482,0.1975097,CCc1ccc(NC(=O)NC(=O)c2cccc(S(=O)(=O)Nc3ccc(OC)c(CS(N)(=O)=O)c3)c2)cc1,1,0.2527566,0.2528,0.3191288,0.3191,0.0134597,546.6270,68
39.1673,49.5552,43.7838,0.7778252,CNc1cncc(N2CCC3(O)CCN(Cc4cc(-c5ccc(F)cc5)on4)C3C2)n1,1,0.7914413,0.7914,0.6458794,0.6459,0.9990477,424.4800,68
28.5834,31.5697,15.8363,0.3950497,O=C1CN(C(=O)c2c[nH]c3ccc(F)cc3c2=O)c2ccccc2N1,1,0.2920781,0.2921,0.7145170,0.7145,0.9999997,337.3100,68
38.8527,46.9511,0.6810,0.3969346,CN1CCN(c2c(Nc3ncc(C(F)(F)F)c(NC4CCNC4)n3)cccc2C2(N)CC2)CC1,1,0.3296714,0.3297,0.5058449,0.5058,0.8965748,476.5510,68
67.1825,76.4865,-76.4865,0.0000000,C(c1ccccc1)N1CCN(CC1)C(=O)C1NNN(C2C1C[N+]1(C2)N[C@H](C(=O)N2CCN(CC2)C)CON=1)NC,0,0.0000000,0.0000,0.0000000,0.0000,0.0000000,0.0000,68
29.4449,35.6618,22.4345,0.4841360,COc1ccc(NC(=O)Nc2ccccc2F)cc1S(=O)(=O)N1CCN(c2ccc(C)cc2)CC1,1,0.4656343,0.4656,0.5290033,0.5290,0.5326505,498.5800,68
28.8182,33.0485,25.8465,0.4907921,Cc1ccc(Br)c(Nc2ccc(S(=O)(=O)N3CCN(C)CC3)cn2)c1,1,0.3834008,0.3834,0.8164441,0.8164,0.9989681,425.3520,68
33.3744,34.8262,-0.0951,0.2894251,O=C1CN(c2ccc(C(=O)Nc3cc(C(F)(F)F)cc(C(F)(F)F)c3)s2)S(=O)(=O)N1,1,0.1930345,0.1930,0.6697234,0.6697,0.9207193,473.3760,68
43.1815,48.5342,-32.3257,0.1350711,OC1(Nc2ccncn2)c2ccc(N3CC4(CNC4)C3)cc2CC12CC2,1,0.0626794,0.0627,0.7292470,0.7292,0.9999990,349.4380,68
32.4986,35.8347,40.7266,0.6380115,CNc1cc(C(=O)N2CCN(Cc3cccc(OCc4ccc(F)cc4)c3)CC2)ccn1,1,0.6053904,0.6054,0.6131111,0.6131,0.9976036,434.5150,68
29.5714,32.8652,-20.8931,0.0997676,CN1CCN(c2ccccc2-c2nc3sccn3c2C=O)CC1,1,0.0412403,0.0412,0.6939364,0.6939,0.9999999,326.4250,68
32.9511,39.6198,45.0772,0.7058081,COc1cc(C(=O)Nc2cc(C)ccn2)cc(N2CCN(C(=O)c3cnccn3)CC2)n1,1,0.6883400,0.6883,0.6480314,0.6480,0.9978226,433.4720,68
28.9473,36.6336,17.4943,0.4510665,CN(C)S(=O)(=O)Nc1ccc(S(=O)(=O)N2CCN(c3nc4ccccc4o3)CC2)cc1,1,0.3755527,0.3756,0.5871768,0.5872,0.9597791,465.5570,68
36.5969,35.3429,35.4271,0.5897495,Cc1nc(N2CCOCC2)cc(-n2cc(C(=O)Nc3cccc4cccnc34)cn2)n1,1,0.5588072,0.5588,0.5470300,0.5470,0.9995850,415.4570,68
28.7372,38.3659,-16.9860,0.1781658,CN(C)CCN(Cc1ccccc1NS(N)(=O)=O)c1nc2ccccc2o1,1,0.0979399,0.0979,0.6106214,0.6106,0.9999620,389.4810,68
38.2703,45.6239,20.4648,0.5507385,NS(=O)(=O)N1C2CC1(COc1ccc(N3CC(CN4CCOCC4)OC3=O)cc1)C2,1,0.4838624,0.4839,0.6440988,0.6441,0.9965427,438.5060,68
26.1502,29.2438,46.3720,0.6301313,Cc1cc(NC(=O)Nc2cccc(-n3cnnn3)c2)on1,1,0.5600371,0.5600,0.7557837,0.7558,0.9999961,285.2670,68
29.3502,27.9319,-10.5653,0.1447212,Cc1ccc(NS(=O)(=O)c2ccc(C(=O)O)cc2)c(O)c1,1,0.0685893,0.0686,0.7512144,0.7512,0.9999995,307.3270,68
52.6950,54.7138,17.2250,0.5994901,CC(C)COc1ccc(N2C(=O)C3(NC(c4ccc5c(c4)OCO5)CO3)C2CO)cc1,1,0.5365192,0.5365,0.6848731,0.6849,0.9988564,426.4690,68
24.5529,30.8574,12.4750,0.3611036,Cc1ccc(S(=O)(=O)Nc2ccc(C(=O)N(CCN3CCOCC3)c3nc4ccc(C)cc4s3)cc2)cc1,1,0.6186198,0.6186,0.3422315,0.3422,0.0092835,550.7060,68
34.0830,32.2931,-28.1987,0.0341201,CCC(C(=O)O)N1C(=O)SC(=Cc2ccccc2Br)C1=O,1,0.0084810,0.0085,0.8231833,0.8232,0.9999936,370.2240,68
39.0419,37.8347,16.5147,0.4529116,CCc1ccc2oc3oc(=Nc4ccc(Cl)c(Cl)c4)ccc3c2c1,1,0.4124604,0.4125,0.4228925,0.4229,0.9999979,358.2240,68
28.0305,36.2149,28.7979,0.5417732,COc1cc(NC(=O)Nc2ccc(Nc3cc(C)ccc3OC)cn2)cc(OC)c1,1,0.5022874,0.5023,0.5197589,0.5198,0.9997821,408.4580,68
29.8117,34.8677,30.3519,0.5434971,COc1ccc(-c2ccc(NCc3nncn3C)nn2)c(O)c1,1,0.4564633,0.4565,0.7380158,0.7380,0.9999997,312.3330,68
28.6006,34.2940,42.5196,0.6401131,COc1cc(C=NNc2ccc(C(=O)O)cn2)ccc1OCC(=O)Nc1ccc(C)cc1C,1,0.7232546,0.7233,0.3354624,0.3355,0.9913821,448.4790,68
40.8091,44.1312,-30.2502,0.1156750,CC1(CNc2ccc(N)c(N)n2)OCN2CCCC21,1,0.0498370,0.0498,0.7495003,0.7495,0.9999707,263.3450,68
39.5728,49.3810,-19.6726,0.2475696,NC(=O)Nc1ccc(CN2CCN(Cc3ccnc(C4CNNC4)c3)CC2O)cc1,1,0.1691971,0.1692,0.4668466,0.4668,0.9997114,411.5100,68
29.1965,40.1964,28.7492,0.5745466,CN(Cc1cccc(NC(N)=O)c1)C(=O)c1ccc(S(=O)(=O)N2CCNC(=O)C2)cc1,1,0.5258017,0.5258,0.5959085,0.5959,0.9934358,445.5010,68
24.4420,32.8890,26.8837,0.4981058,Cc1nccnc1N1CCN(C(=O)Nc2ccc(CC(N)=O)cc2)CC1,1,0.3860882,0.3861,0.8574435,0.8574,0.9999985,354.4140,68
28.1705,37.4754,20.1040,0.4798285,Cc1ccc(S(=O)(=O)N2CCN(C(=O)c3ccc(Oc4cc(C)nc(N5CCOCC5)n4)cc3)CC2)cc1,1,0.7150766,0.7151,0.4728362,0.4728,0.0302671,537.6420,68
35.6031,43.3889,-15.5331,0.2321311,Cc1ccc2nc(-c3cnn(C)c3N3CCN(S(=O)(=O)N4CCCC4)CC3)[nH]c2c1,1,0.1384989,0.1385,0.6822359,0.6822,0.9984818,429.5500,68
25.4006,41.9373,20.9702,0.5242290,CCC(CN1CCN(C)CC1)N(Cc1ccc(F)cc1)C(=O)Nc1cccc(C)c1,1,0.4330377,0.4330,0.7410277,0.7410,0.9996823,412.5530,68
39.0020,38.9790,20.3631,0.4945179,CC(OC(=O)c1ccc(N(C)S(C)(=O)=O)c(Cl)c1)C(=O)Nc1nc2ccc(Cl)cc2s1,1,0.4983923,0.4984,0.5072945,0.5073,0.4449391,502.4010,68
30.9749,37.3634,-9.9453,0.2284844,Cc1ccc(C(C)NS(=O)(=O)c2ccc(NC(=O)c3cccc(NS(=O)(=O)c4ccc(Cl)cc4)c3)cc2)cc1,1,0.5573724,0.5574,0.2318647,0.2319,0.0004316,584.1190,68
33.3005,34.7097,8.4347,0.3595367,COC(=O)c1cc(-c2ncc(C(F)(F)F)nc2Cl)ccc1N,1,0.2594719,0.2595,0.6751502,0.6752,0.9999998,331.6810,68
25.3528,34.3826,29.5381,0.5326719,COc1ccc(Cl)cc1NC(=O)N1CCN(c2nccnc2N2CCN(C)CC2)CC1,1,0.4381541,0.4382,0.7728514,0.7729,0.9931574,445.9550,68
27.9866,28.6242,-14.5600,0.1172017,COc1ccc(NC(=O)C(C)Nc2ccc(F)cc2C)cc1,1,0.0483888,0.0484,0.8872814,0.8873,0.9999992,302.3490,68
35.0293,45.5566,5.8276,0.4282020,CN(CCN1CCCC1)c1ccc(-c2nc(C3(C)CN3)no2)cc1,1,0.3151172,0.3151,0.8195799,0.8196,0.9999999,327.4320,68
34.0480,40.9697,-0.8322,0.3344795,Cc1ccc(S(=O)(=O)N2CCC(NC(=O)C(=CNc3cccc([N+](=O)[O-])c3)NC(=O)c3ccccc3)CC2)cc1,1,0.7607130,0.7607,0.2046030,0.2046,0.0028400,563.6360,68
43.4384,52.8785,-3.4440,0.4119544,Cc1cc(C)nc(NC(=NC(=O)Nc2c(C)cccc2C)N2SC(Nc3ccc(C)c(C)c3)CC2=O)n1,1,0.5527967,0.5528,0.2330373,0.2330,0.1643168,517.6590,68
26.9183,32.0122,19.7979,0.4317506,O=C(Nc1nccs1)c1ccc(CSc2nnc(-c3ccc(F)cc3)n2-c2ccccc2)cc1,1,0.4499277,0.4499,0.2819944,0.2820,0.7583151,487.5850,68
32.9564,39.7948,4.5597,0.3696212,COc1ccc(N2CCC(N3C(=O)NC(C)N3C)C2)nn1,1,0.2516869,0.2517,0.8625266,0.8625,0.9999980,292.3430,68
33.4236,37.7477,36.8248,0.6214376,COc1ccc(C(=O)Nc2cccc(NC(=O)Nc3ccc(C(=O)O)cc3[N+](=O)[O-])c2)cc1,1,0.7093689,0.7094,0.3098690,0.3099,0.9897247,450.4070,68
36.0620,41.4060,3.0494,0.3704611,Cc1nn(C(=O)N2Cc3cccc(-c4ccncc4)c3C2)cc1CO,1,0.2596662,0.2597,0.7820941,0.7821,0.9999998,334.3790,68
37.0511,44.5228,3.1602,0.3973587,CC(=O)Nc1ccc(S(=O)(=O)N2CCN(Cc3ccc(C(=O)Nc4cc(C)[nH]n4)o3)CC2)cc1C,1,0.3720289,0.3720,0.4521661,0.4522,0.4866253,500.5810,68
36.2824,44.9248,-17.1515,0.2314445,Cc1ccc(S(=O)(=O)Nc2cccc(C(=O)Nc3ccc(Nc4nc5cc(Cl)ccc5o4)cc3)c2)cc1,1,0.2969466,0.2969,0.2178629,0.2179,0.0456408,533.0090,68
72.5671,86.4676,-86.4676,0.0000000,C[C@@]12CC([C@@H]3C[C@H](O)[C@@H](C[C@@]3([C@H]1CC[C@]1(C2=O)[C@@H](C(=O)OC2N1C(=O)O2)O)O)=O)NC(Nc1ccc(cc1)C)=O,0,0.0000000,0.0000,0.0000000,0.0000,0.0000000,0.0000,68
38.0294,46.0520,20.5484,0.5550034,Cc1ccc(S(=O)(=O)Nc2cc(-n3ccc(-c4ccncc4)n3)c3ccoc3c2)s1,1,0.5507865,0.5508,0.4252684,0.4253,0.9971195,436.5180,68
29.7524,33.4716,-8.7959,0.2056302,Cc1ccc(S(=O)(=O)Nc2ccc(C3SCC(=O)N3CCc3cccs3)cc2)cc1C,1,0.1267942,0.1268,0.5265224,0.5265,0.9254205,472.6570,68
31.9396,40.7304,4.6741,0.3783708,Nc1nccc(Nc2nc(-c3ccco3)nc(-n3ccnc3)n2)n1,1,0.2926372,0.2926,0.5720513,0.5721,0.9999999,321.3040,68
31.3040,40.5553,45.5549,0.7175854,Cc1ccc(N2CN(C)c3nc(NCc4cnc(-n5cccn5)nc4)ncc32)cc1,1,0.7391400,0.7391,0.5480816,0.5481,0.9999049,399.4620,68
45.0786,61.4955,-38.7887,0.1892233,O=C(Nc1nnc(-c2ccccc2)s1)c1ccc(N2CC3(CCN(C(=O)O)CC3)N(S(=O)(=O)c3ccc(Cl)cc3)C2=O)o1,1,0.8591044,0.8591,0.2988801,0.2989,0.0000019,643.1030,68
33.4423,38.0067,-21.8918,0.1342916,O=C(O)c1ccc(Nc2ncc(-c3ccc(N4C(=O)c5ccccc5C4=O)cc3)[nH]2)cc1,1,0.0732326,0.0732,0.4111345,0.4111,0.9990532,424.4160,68
28.0986,35.1139,33.7211,0.5736249,CN1CCN(c2ccc(NC(N)=O)cc2NC(=O)c2ccc(Cl)c(Cl)c2)CC1,1,0.4998214,0.4998,0.7038131,0.7038,0.9992197,422.3160,68
39.0375,43.8431,2.4664,0.3859126,CCOC(=O)c1ccc(N)c(NCc2cc(N3CCN(C)CC3)n3ncnc3n2)c1,1,0.3208478,0.3208,0.4575674,0.4576,0.9997375,410.4820,68
49.5941,57.2602,0.4224,0.4806885,CCC1(O)CCC2C3CCc4cc(O)ccc4C3C(NCCN(C)C(=O)Nc3ccccc3C)CC21C,1,0.5176561,0.5177,0.4218165,0.4218,0.3716217,505.7030,68
32.1891,40.2679,30.2963,0.5880355,Cc1cccc(N(C(C)C)S(=O)(=O)c2cccc(N3CCN(C(=O)c4ccccc4)CC3)n2)c1,1,0.5701558,0.5702,0.5362983,0.5363,0.8775417,478.6180,68
44.0361,52.2646,16.8243,0.5757406,COCc1cc(-c2ccc(O)c(-c3ccccc3CNS(N)(=O)=O)c2)nc(-c2ccccn2)n1,1,0.6217677,0.6218,0.3542316,0.3542,0.8877628,477.5460,68
31.5333,40.6761,19.3996,0.5006309,Cc1nnnn1-c1cccc(-c2cnc(C(N)=NO)n2-c2ccccc2)c1,1,0.5541671,0.5542,0.2482254,0.2482,0.9999974,360.3810,69
33.3591,42.3576,45.4007,0.7313196,CCc1cc(O)cc(CNc2nnc(C(=O)Nc3cccc(C)c3)s2)c1,1,0.7356777,0.7357,0.6125344,0.6125,0.9999945,368.4620,69
35.1983,37.6780,6.2706,0.3662381,Cc1ccc(CN(Cc2ccc(Cl)c(Cl)c2)NC(=O)CCCCCN)cc1,1,0.3018015,0.3018,0.4363550,0.4364,0.9997838,408.3730,69
30.1248,39.1688,6.9552,0.3843662,Cn1cc(S(=O)(=O)Nc2ccccc2I)cc1C(=O)N1CCN(c2ncccn2)CC1,1,0.6248847,0.6249,0.4876636,0.4877,0.0079545,552.3980,69
65.8099,76.5247,-76.5247,0.0000000,c1cccc(-n2c(C)cc([C@H]3N(C(N4C[C@@H](N(C[C@@]44O[C@@H](C)CN4C3)O)O)=O)C)c(C)n2)c1,0,0.0000000,0.0000,0.0000000,0.0000,0.0000000,0.0000,69
33.9617,48.2449,17.6225,0.5488954,NS(=O)(=O)Nc1nc(-n2cccn2)ccc1S(=O)(=O)Nc1ccc(C(=O)O)cc1,1,0.5489065,0.5489,0.4073351,0.4073,0.9965614,438.4470,69
33.0047,44.3454,38.9894,0.6944564,Cc1cccc(NC(=O)C2CN(C(=O)Nc3nc4ccccc4s3)CCN2Cc2ccccc2)c1,1,0.7877519,0.7878,0.4188327,0.4188,0.7900275,485.6130,69
31.8448,39.9556,15.1443,0.4591661,Fc1ccc(NC2CN(C3CN(c4cncc(C(F)(F)F)c4)C3)C2)nc1,1,0.3454850,0.3455,0.8420694,0.8421,0.9999951,367.3500,69
31.4739,37.8352,-24.0655,0.1147479,NC(=O)COc1ccc(C(=O)Nc2sc3c(c2N)CCN(Cc2ccccc2)C3)cc1Br,1,0.0723017,0.0723,0.4439313,0.4439,0.1944374,515.4330,69
38.7880,50.1480,30.0377,0.6682147,O=C(CCCn1ccnc1)N1CCN(C2NC3NNC(N2)N3Cc2ccc(Cl)cc2)CC1,1,0.7027304,0.7027,0.4636601,0.4637,0.9755275,459.9860,69
30.7662,35.3828,-35.3825,0.0000022,CCC(C)Nc1cc(Nc2cccc(C)c2)nc(NS(=O)(=O)c2ccc(C)cc2)n1,1,0.0000000,0.0000,0.4774796,0.4775,0.9989484,425.5580,69
34.7055,32.6259,-24.1872,0.0703223,CCCNCc1cc(Cl)c(OCCOc2cccc3ccccc23)c(Br)c1,1,0.0294404,0.0294,0.3945427,0.3945,0.9911355,448.7880,69
31.7145,33.9634,7.4741,0.3453128,Cn1cc([N+](=O)[O-])nc1C(=O)Nc1ncc([N+](=O)[O-])s1,1,0.2473621,0.2474,0.6522250,0.6522,0.9999988,298.2400,69
32.9131,37.8757,39.3430,0.6434897,Cc1cc(C)cc(S(=O)(=O)Nc2ccc(N(Cc3ccccc3)c3ccccn3)cc2)c1,1,0.6977625,0.6978,0.3898784,0.3899,0.9944985,443.5720,69
52.5761,61.1522,-58.5661,0.0215510,COc1cc(OC)c2c(c1)C1CN3CC(C(c4ccccc4)Nc4cc(NC(=O)c5ccc(F)cc5)ccc43)N1CC2,1,0.0136490,0.0136,0.3077961,0.3078,0.0025849,564.6610,69
32.6684,42.8520,21.9460,0.5399839,COc1cc(C)c(C)cc1S(=O)(=O)Nc1sc(-c2ccccc2O)nc1N,1,0.4802307,0.4802,0.5982261,0.5982,0.9998341,405.5010,69
34.4127,42.7184,6.8468,0.4130426,CC(CCN(C)C(=O)Nc1cc(N2CCN(C)CC2)ccn1)Nc1ccccn1,1,0.3072352,0.3072,0.7478987,0.7479,0.9999204,397.5270,69
38.1697,50.5467,21.9674,0.6042845,COc1cc(C2N3C(=O)CC(C)CC3=Nc3nc(SCc4ccc(F)cc4)nn32)ccc1O,1,0.5776925,0.5777,0.5635245,0.5635,0.9521643,467.5260,69
34.7509,46.1306,16.0526,0.5181935,CC(=O)N1CCN(C(=O)c2ccc(NS(=O)(=O)c3ccc(C)cc3C)c(Nc3ncccn3)c2)CC1,1,0.5553151,0.5553,0.5244984,0.5245,0.3116412,508.6040,69
34.9702,39.6856,-39.6856,0.0000000,O1CCc2c(cc(=O)n(C(C)C(Nc3ccccc3C)=O)nc2C1)=O,0,0.0000000,0.0000,0.0000000,0.0000,0.0000000,0.0000,69
52.7797,59.1676,-59.1676,0.0000000,c1cn(C2CN(C2)S(=O)(N2[C@@H]3[C@](CN(C(=O)Nc4c(C)c(ccc4)C)(C)C3)C2)=O)nc1,0,0.0000000,0.0000,0.0000000,0.0000,0.0000000,0.0000,69
29.2653,34.4367,-5.2814,0.2429612,Oc1ccccc1N1CCN(Cc2nc3ccccc3n2-c2ccc(F)cc2F)CC1,1,0.1585345,0.1585,0.5338191,0.5338,0.9993420,420.4630,69
34.3438,42.0537,31.1937,0.6103943,CC1NS(=O)(=O)OC1CNS(=O)(=O)c1ccc2c(c1)NC(=O)CO2,1,0.5700024,0.5700,0.6060194,0.6060,0.9999875,377.4000,69
32.9904,34.3838,-19.2543,0.1260790,Cc1ccccc1CSC(N)=NNc1ncnc2ccccc12,1,0.0657817,0.0658,0.4363617,0.4364,0.9999999,323.4250,69
40.3994,48.2793,-27.2108,0.1755705,NCC1(C(=O)NS(=O)(=O)C2CC(=O)N(Nc3ccccc3)C2)CCC1,1,0.0937739,0.0938,0.6606509,0.6607,0.9999955,366.4430,69
53.9186,60.1993,19.3747,0.6631167,Cc1cc(F)cc(OCCC2=NN3CCc4cc(C)ccc4C3N2C2CCN(C)CC2)c1,1,0.6182282,0.6182,0.6911284,0.6911,0.9971044,436.5750,69
36.5064,45.0036,39.1906,0.7016184,CN(C)c1cc(NCC(=O)N2CC3CCC(C2)N3Cc2ccccc2)nc(-c2ccccn2)n1,1,0.7046961,0.7047,0.5845487,0.5845,0.9802923,457.5820,69
32.9989,47.8997,-29.9433,0.1496367,Cc1ccnc(Nc2cnc(C(=O)Nc3ccccc3C)nc2Nc2cccc(C)n2)c1,1,0.0860169,0.0860,0.4021374,0.4021,0.9989544,425.4960,69
32.3406,48.1158,31.2576,0.6614448,Cc1nn(C)c2ncc(C(=O)O)c(NC(=O)Nc3cccc(CN4C(=O)CNC4=O)c3)c12,1,0.6999787,0.7000,0.4419281,0.4419,0.9968719,437.4160,69
37.3441,44.5519,37.0794,0.6802607,Cc1ccc2c(c1)C=CCN2c1nc2c(N3CCN(C)CC3)nc(C)nc2s1,1,0.6483319,0.6483,0.6638915,0.6639,0.9999498,392.5320,69
29.0214,34.7107,11.1318,0.3820211,Nc1nc(N)c(N=Nc2ccc(N=Nc3ccccc3)c(O)c2)c(=O)[nH]1,1,0.3036593,0.3037,0.5273319,0.5273,0.9999990,350.3420,69
26.9885,30.5463,-4.7471,0.2149930,Cc1cc(N2CCN(c3nccn4nc(-c5ccc(F)cc5)cc34)CC2)ncn1,1,0.1328913,0.1329,0.5368982,0.5369,0.9999622,389.4380,69
36.3625,39.6395,7.2190,0.3904881,O=C(c1cccc(Br)c1)N1CCC(c2nc(-c3ccncc3)cc(N3CCc4ccccc4C3)n2)CC1,1,0.7440335,0.7440,0.3153089,0.3153,0.0065684,554.4920,69
27.8918,35.8762,28.1202,0.5333033,COc1ccc(NC(=O)Nc2ccccc2C(=O)N2CCN(c3ccc(OC)c(OC)c3)CC2)cc1,1,0.5183195,0.5183,0.5126236,0.5126,0.7046326,490.5600,69
31.3682,38.5222,-22.7200,0.1316849,O=C(O)N1CCN(S(=O)(=O)Nc2ncc[nH]2)CC1=O,1,0.0626011,0.0626,0.6451244,0.6451,0.9999973,289.2730,69
55.6840,70.5927,-13.4924,0.4758359,CN(N(N)C1NNNN1)[n+]1ccc2[n+](c1)NC(Nc1ccc(C(=O)NN)cc1)N2,1,0.6754376,0.6754,0.0963319,0.0963,0.9998494,404.4430,69
39.3267,44.2129,23.5009,0.5642819,Cc1ccc(Nc2c(C)cc(C)c3c(=O)c(Oc4ccc(Br)cc4C)coc23)cc1,1,0.6022513,0.6023,0.3437625,0.3438,0.9638290,464.3590,69
29.3450,42.1562,-3.0289,0.3260610,COc1ccc(NC(=O)CN(c2ccc(C)cc2)S(=O)(=O)c2ccc(NC(=O)Nc3cccc(C)c3)cc2)cc1,1,0.6562134,0.6562,0.2404432,0.2404,0.0044838,558.6600,69
44.2504,53.5351,-12.9147,0.3385031,Cc1ccc(-c2nnn(-c3ccccc3)c2C(=O)OCC(=O)Nc2nc(-c3ccc(S(N)(=O)=O)cc3)cs2)cn1,1,0.8426877,0.8427,0.2635234,0.2635,0.0009426,575.6320,69
26.9418,38.2685,-2.5583,0.2975849,Cc1n[nH]c(C)c1NC(=O)Nc1ccc(N2CCN(C(=O)Nc3ccccc3Cl)CC2)cc1,1,0.2244684,0.2245,0.4467652,0.4468,0.9503061,467.9610,69
37.1711,46.0243,-10.8612,0.2930263,CCS(=O)(=O)N1CCN(Cc2ccc(OC)cc2)C(CN(c2ccccn2)S(=O)(=O)N(C)C)C1,1,0.2607933,0.2608,0.4727879,0.4728,0.2544822,511.6700,69
44.6818,49.5069,-7.9813,0.3460465,CN(C)C(=O)c1n[nH]c2ccc(Nc3nnc4n3Cc3ccsc3N4)cc12,1,0.2768170,0.2768,0.4446322,0.4446,0.9999835,380.4370,69
38.8687,44.0064,42.9852,0.7249301,Cc1ccc(S(=O)(=O)Nc2n[nH]c(COC(=O)c3c(C)cc(C)nc3N)n2)cc1,1,0.7635804,0.7636,0.5147400,0.5147,0.9995447,416.4630,69
32.1222,37.4442,37.5867,0.6252571,O=C(NCC(=O)N1CCOCC1)c1ccc(S(=O)(=O)N2CCN(Cc3ccccc3)CC2)c(F)c1,1,0.6745892,0.6746,0.6023006,0.6023,0.3959896,504.5840,69
43.6178,56.3153,20.8661,0.6431784,CN1C(=O)c2cc(Cl)ccc2C(C)(NC(N)=O)C1C(=O)Nc1nc2ccc(Cl)cc2s1,1,0.6487401,0.6487,0.5335227,0.5335,0.8800629,478.3610,69
32.0197,31.4852,-21.4212,0.0838669,Cc1ccc(C(N)=S)cc1Oc1nnco1,1,0.0307104,0.0307,0.8176006,0.8176,0.9996117,235.2680,69
35.8695,38.3171,-19.7748,0.1545197,COc1cc2nc3n(c(=O)c2cc1OC)CCCN3C1CCCN(C)C1,1,0.0731358,0.0731,0.8326555,0.8327,0.9999978,358.4420,69
31.9672,36.1041,19.3276,0.4619307,CN(C)c1ccc(C=NN=C(N)N2CCc3ccsc3C2)cc1,1,0.3966148,0.3966,0.5352947,0.5353,0.9999999,327.4570,69
38.9969,45.8249,-33.9260,0.0991574,O=C1Nc2cc(NC=S)ccc2C12c1ccccc1NC1CNCCN12,1,0.0424166,0.0424,0.6098903,0.6099,0.9999958,365.4620,69
53.0598,57.0170,5.7214,0.5228202,O=C1CC(=NOC2c3cn[nH]c3CC2CO)c2ccc(C(F)(F)F)cc2N1,1,0.4362701,0.4363,0.7122312,0.7122,0.9999837,380.3260,69
28.2148,30.5553,24.3485,0.4575314,Cc1ccc(-n2c(SC(C)C(=O)Nc3cccc(Cl)c3C)nnc2-c2cccnc2)cc1,1,0.4369546,0.4370,0.3700988,0.3701,0.9649830,463.9940,69
23.4326,31.1560,41.1640,0.6026668,CN(C)S(=O)(=O)Nc1ccc(NC(=O)Nc2ccc(F)c(F)c2)cc1,1,0.5254734,0.5255,0.7558928,0.7559,0.9999934,370.3810,69
34.4047,39.9189,23.3299,0.5270740,O=C(CSc1nc(-c2ccncc2)nc2[nH]c3ccccc3c12)Nc1ncc(Cl)cn1,1,0.5634309,0.5634,0.3042284,0.3042,0.9918178,447.9110,69
28.1404,28.1831,18.1440,0.3860594,CC(C)Sc1nnc(NC(=O)c2ccc(S(=O)(=O)NC3CC3)cc2)s1,1,0.3046871,0.3047,0.5492881,0.5493,0.9999126,398.5350,69
33.6508,48.2684,35.7264,0.6999564,Cc1cccc(NC(=O)N2CCN(c3nccc(N4CCN(c5ccn[nH]5)C(=O)C4)n3)CC2)c1,1,0.6952807,0.6953,0.6081142,0.6081,0.9718928,461.5300,69
31.5562,44.9456,-13.8402,0.2592114,Cc1cccc(N2CC(N(Nc3ccccc3)S(=O)(=O)c3ccc(C)cc3C)C2)c1,1,0.1686021,0.1686,0.5948511,0.5949,0.9992717,421.5660,69
25.9888,35.7369,43.5964,0.6611114,Cc1ccc(Nc2cc(Nc3ccccc3C)nc(Nc3ccc(C(=O)O)cc3)n2)c(C)c1,1,0.8079377,0.8079,0.2669168,0.2669,0.9962059,439.5190,69
53.2987,62.7302,-3.8441,0.4907171,Cc1cccc2cc(C#N)c(N3CCN(C4=NC5=C(Nc6ccc(Br)cc64)OCC4CN54)CC3)nc12,1,0.7886071,0.7886,0.4658823,0.4659,0.0196669,542.4410,69
32.9841,42.2394,38.3965,0.6719660,O=C(Nc1ccccc1N1CCN(C(=O)O)CC1)c1cccnc1Nc1cc(F)ccc1O,1,0.7191802,0.7192,0.4367912,0.4368,0.9886921,451.4580,69
34.7807,48.2045,-11.1729,0.3085962,COc1ccc(CCNC(=O)Nc2ccc(S(=O)(=O)N3CCCC(C)C3)cc2)cc1OS(N)(=O)=O,1,0.3362271,0.3362,0.4512260,0.4512,0.0791932,526.6370,69
39.0152,45.9717,-34.4363,0.0961282,Cc1occc1C(=NCC(=O)N1CCN(C)CC1)N1CC(O)C1,1,0.0404624,0.0405,0.6159899,0.6160,0.9999998,320.3930,69
32.2601,36.2391,50.2002,0.7203274,Cc1ccccc1NC(=O)Nc1cc2ccc(Cl)cc2c(=O)o1,1,0.6841759,0.6842,0.7320867,0.7321,0.9999999,328.7550,69
37.0633,42.3859,35.1838,0.6464138,Cc1cccc(COc2nc3sc4c(c3c(=O)n2-c2cccc(F)c2)CCN(C)C4)c1,1,0.6635465,0.6635,0.4748703,0.4749,0.9973708,435.5240,69
35.6731,37.9436,35.1479,0.6090959,Cc1cnn(-c2ccccc2)c1-n1cc(C(=O)Nc2ccc(N3CCN(C)CC3)cc2)c(C)n1,1,0.6027676,0.6028,0.4971640,0.4972,0.9835771,455.5660,69
28.4075,39.7876,-1.8133,0.3164524,CN1CCN(c2ccnc(N3CC(NC(=O)Nc4ccc(F)c(Cl)c4)C3)n2)CC1,1,0.2067973,0.2068,0.7893516,0.7894,0.9993757,419.8920,70
42.1976,49.2174,6.5468,0.4647016,c1coc(CN2CC3CCC2C3NCCN2CCc3ccsc3C2)c1,1,0.3491855,0.3492,0.8613400,0.8613,0.9999980,357.5230,70
50.7117,53.4378,7.3938,0.5069305,CN1CCN(c2cnc3ccc(-c4ccc(OCC(F)(F)F)nc4)cc3n2)C(CN2COCC23CC3)C1,1,0.5799214,0.5799,0.4948579,0.4949,0.2074625,514.5520,70
42.3275,48.3149,-20.8476,0.2288948,CCn1c(=C2C(=O)Nc3ccccc32)sc(=C2C(=O)ONN2c2cccc(C)c2)c1=O,1,0.1392155,0.1392,0.6248734,0.6249,0.9976119,434.4770,70
35.8944,44.0105,22.2524,0.5521904,O=C(NCc1cccc(N2CCNCC2)n1)N1C2CCC1CN(S(=O)(=O)c1ccc3ccccc3c1)C2,1,0.6847613,0.6848,0.5363229,0.5363,0.1297960,520.6590,70
32.9321,42.6044,29.6881,0.6024372,CCc1ccc(C2CC(c3ccc(F)cc3)=NN2NC(=O)Nc2ccc(C)cc2)s1,1,0.5726747,0.5727,0.5585396,0.5585,0.9992042,422.5290,70
26.1034,34.5999,9.1343,0.3644522,Cc1ccc(C(C)N)c(OC2CCN(S(N)(=O)=O)C2)c1,1,0.2474286,0.2474,0.8533523,0.8534,0.9999989,299.3960,70
36.1709,38.8858,-27.9332,0.0912715,Cc1ccc(S(=O)(=O)N(CC(=O)NCCOc2cccc(S(=O)(=O)N3CCCC3)c2)c2cccnc2)cc1,1,0.0949762,0.0950,0.3586228,0.3586,0.0044748,558.6820,70
29.7127,31.5450,-17.0466,0.1208200,COc1ccnc(CN2CCc3nccc(N)c3C2)c1,1,0.0500488,0.0500,0.9179510,0.9180,0.9999846,270.3360,70
32.6911,40.7892,27.8836,0.5722732,CCNC(=O)c1cccc(CNC(=O)Nc2ccc(N3CCNC(=O)C3)c([N+](=O)[O-])c2)c1,1,0.5943325,0.5943,0.3800264,0.3800,0.9958638,440.4600,70
29.3760,33.9974,9.8170,0.3651205,NNc1nc(Oc2cnn(CC(N)=O)c2)ccc1[N+](=O)[O-],1,0.3144190,0.3144,0.3723065,0.3723,0.9999982,293.2430,70
35.5806,42.3874,-14.2086,0.2348233,CN1CCN(c2cc(-c3ccc4c(c3)CN(S(C)(=O)=O)c3ccccc3-4)nc(N)n2)CC1,1,0.1426503,0.1427,0.6546789,0.6547,0.9895728,450.5680,70
32.4226,34.3495,6.7579,0.3425623,Cc1cccc(C)c1-n1c(NP(=O)(c2ccccc2)c2ccccc2)nc2ccccc21,1,0.2937229,0.2937,0.3440328,0.3440,0.9968526,437.4830,70
31.7784,38.6441,9.8593,0.4041952,O=C(NC1CCN(CC2CCOC2)CC1)NC1CCN(Cc2ccc(F)cc2)C1,1,0.2961443,0.2961,0.7633556,0.7634,0.9998482,404.5300,70
38.0441,53.0031,-12.8770,0.3343844,CC(=O)Nc1cccc(NC(=O)c2ccc(NC(=O)CC3CN(c4ccc(-n5ccnc5)nn4)CCN3C)cc2)c1,1,0.5962661,0.5963,0.3028855,0.3029,0.0071092,553.6270,70
28.3692,36.6815,2.0112,0.3224392,Cc1cc(C)cc(N(CC(=O)NN=Cc2ccc(O)cc2)S(=O)(=O)N2CCOCC2)c1,1,0.2429210,0.2429,0.4950882,0.4951,0.9927887,446.5290,70
29.6981,34.4718,-18.4071,0.1338726,O=C(CNc1ccc2c(c1)CCO2)NN=Cc1ccc(O)cc1O,1,0.0692015,0.0692,0.4932351,0.4932,0.9999999,327.3400,70
56.7592,62.6305,7.7758,0.5867194,Fc1ccc(CCN2CCN(CC3CCCN3CC34COCC3C3CNC3C4)CC2)cc1,1,0.5175568,0.5176,0.6988712,0.6989,0.9949566,442.6230,70
37.3498,42.5793,38.2615,0.6736734,Cc1ccnc(Nc2nncc(N3CCCC3c3ccc(F)c(O)c3)n2)c1,1,0.6221423,0.6221,0.7305230,0.7305,0.9999955,366.4000,70
31.7629,38.6517,21.3358,0.4998962,COc1ccc(C=NNC(=O)Nc2cccc(S(=O)(=O)N(C)C)c2)cc1C,1,0.4330297,0.4330,0.5842466,0.5842,0.9999585,390.4650,70
31.6595,37.9016,38.2136,0.6342938,CCc1ccc(NC(=O)C2CCN(c3cc(Nc4ccccc4C)nc(N)n3)CC2)cc1,1,0.6252157,0.6252,0.5317524,0.5318,0.9983346,430.5560,70
32.1900,39.8134,4.0088,0.3651850,O=C(Nc1nc2ccc([N+](=O)[O-])cc2s1)c1cccc(S(=O)(=O)N2CCN(C(=O)Nc3ccccc3)CC2)c1,1,0.8338346,0.8338,0.2640406,0.2640,0.0021589,566.6210,70
32.5408,37.0384,-23.6060,0.1119368,NC1=NN(c2ccc(C(F)(F)F)cc2)C2(Cc3ccccc3C2)S1,1,0.0459257,0.0459,0.8465816,0.8466,0.9999990,349.3810,70
53.8850,63.0983,-63.0983,0.0000000,C1=CC2C=CC=NC2NN1Cc1nc2n(cc(s2)-c2ccc(F)cc2)cc1-c1nnc(o1)C,0,0.0000000,0.0000,0.0000000,0.0000,0.0000000,0.0000,70
21.3507,21.6244,-9.9090,0.0976280,O=C1Nc2cccc3cccc1c23,1,0.0417719,0.0418,0.6442149,0.6442,0.8540617,169.1830,70
42.0482,46.4707,28.0759,0.6212210,COc1ccc(-c2cc(NC(=O)N3CCNCC3)cc(NC3CCCN(Cc4ccccc4)C3)c2)cn1,1,0.7058500,0.7058,0.4495919,0.4496,0.4851066,500.6470,70
30.1013,38.1526,17.6686,0.4651768,Cc1ccc(-c2nc(SC(C)C(=O)Nc3cc(C)n(-c4cccc(C)c4)n3)n[nH]2)cc1,1,0.4262603,0.4263,0.4311846,0.4312,0.9979990,432.5530,70
31.1803,31.0834,-9.0044,0.1839915,C=CCS(=O)(=O)Nc1ccccc1C(=O)Nc1ccc(C(F)(F)F)cc1,1,0.0969795,0.0970,0.7423595,0.7424,0.9999763,384.3790,70
37.9523,51.5619,16.2820,0.5653657,CCOC(=O)N1CCN(C(=O)c2cccc(N3CC(C(=O)N4CCc5ccccc5C4)NC3=O)c2C)CC1,1,0.6570723,0.6571,0.6684873,0.6685,0.1411938,519.6020,70
33.9751,38.6563,-6.4452,0.2684260,Cc1ccc(C(C)C(=O)NNc2ncc(-c3cccc(Cl)c3)cn2)cc1,1,0.1721360,0.1721,0.6585253,0.6585,0.9999953,366.8520,70
31.6421,35.8404,45.0577,0.6741515,O=C(NCc1ccccc1O)c1cc2n(n1)CCN(S(=O)(=O)c1cccnc1)C2,1,0.6447099,0.6447,0.6472727,0.6473,0.9996547,413.4590,70
50.6293,59.4386,18.1745,0.6467759,Cn1cc(CN(C(=O)NC2C(N)CC3CC32)c2nccc(-c3ccco3)n2)cn1,1,0.5980313,0.5980,0.6843016,0.6843,0.9999453,393.4510,70
30.1949,30.4028,20.3682,0.4230921,CC(=O)Nc1ccc(Cn2cc(NC(N)=O)cn2)cc1,1,0.3137437,0.3137,0.7837266,0.7837,0.9999883,273.2960,70
33.4735,33.0201,-11.0470,0.1831093,COc1nc(-c2ncccc2F)nc(N2CCCC2)n1,1,0.0926953,0.0927,0.8488897,0.8489,0.9999903,275.2870,70
33.8826,36.1321,38.5793,0.6225950,Cc1nn(-c2ccccc2)c2ncn(N=Cc3ccc(OCC(N)=O)c(Cl)c3)c(=O)c12,1,0.6326562,0.6327,0.4651437,0.4651,0.9970279,436.8590,70
39.9694,46.0056,19.9739,0.5498290,CC1CN(Cc2nc(C3CN(S(=O)(=O)c4ccc(F)cc4)C3)no2)C(C)C1N,1,0.4551639,0.4552,0.7899562,0.7900,0.9997604,409.4870,70
24.8772,31.2363,39.3880,0.5885364,Cc1nc(CN2CCN(C(=O)c3ccc(C)c(NS(=O)(=O)c4ccccc4)c3)CC2)cs1,1,0.5486663,0.5487,0.5961144,0.5961,0.9373797,470.6200,70
27.2962,33.4710,53.0050,0.7206330,Nc1ccc(S(=O)(=O)NC(=O)Nc2cccc(-c3nn[nH]n3)c2)cc1,1,0.7610592,0.7611,0.5053669,0.5054,0.9999976,359.3710,70
27.5767,33.5768,-14.5424,0.1586204,Cc1ccc(S(=O)(=O)Nc2ccccc2C(=O)N2CCN(C(=O)COc3ccc4ccccc4c3)CC2)cc1,1,0.1697962,0.1698,0.3748104,0.3748,0.0176389,543.6450,70
42.4220,42.7445,-32.6230,0.0843453,CC1CN(c2cnc(N)[nH]2)C(=S)N1c1ccccc1F,1,0.0308254,0.0308,0.8300843,0.8301,0.9999978,291.3550,70
30.0515,42.4168,-5.5895,0.3068944,COc1ccc(S(=O)(=O)Nc2ccc(Cl)cc2C(=O)N2CCC(c3ccc(O)cc3)=N2)cc1OC,1,0.2884697,0.2885,0.4886281,0.4886,0.1867376,515.9750,70
35.6296,36.4374,-18.8570,0.1465035,O=C(Nc1ccc([N+](=O)[O-])cc1)OC(CC=CNO)c1ccc(O)cc1,1,0.0813759,0.0814,0.4390423,0.4390,0.9999976,359.3380,70
41.2510,49.3390,15.2223,0.5380112,O=C(COC(=O)N1CCN(c2nc3ccc([N+](=O)[O-])cc3o2)CC1)Nc1ccc2c(c1)CNCC2,1,0.5420259,0.5420,0.4151203,0.4151,0.8578770,480.4810,70
39.1321,46.7545,32.0953,0.6570812,CCc1cc(C(=O)Nc2ccc(O)c(-c3nc4ncccn4n3)c2)c(O)cc1C,1,0.6845010,0.6845,0.4616302,0.4616,0.9999623,389.4150,70
25.9300,36.4034,-13.9445,0.1871581,Cc1ccc(Nc2ccc(N3CC(CNC(=O)Nc4ccccc4)OC3=O)cc2)cc1,1,0.1091551,0.1092,0.5345489,0.5345,0.9995439,416.4810,70
27.1978,30.2612,8.5718,0.3236087,CN(Cc1cccs1)c1cc(NN)nc(-c2cccnc2)n1,1,0.2359151,0.2359,0.5564877,0.5565,0.9999997,312.4020,70
32.2558,35.1387,35.7225,0.5905094,Oc1ccc(CCN2CCCC(c3nnc(-c4ccncc4)n3C3CC3)C2)cc1,1,0.5229038,0.5229,0.6944901,0.6945,0.9999620,389.5030,70
50.6786,61.9006,-20.0678,0.3486065,NC(=O)c1cn(C2OC(n3cnc(N)c(N)c3=O)C(O)C2NC(=O)Nc2cccc(Br)c2)nn1,1,0.5360708,0.5361,0.2366006,0.2366,0.0372193,535.3190,70
33.7800,36.7035,45.2650,0.6830706,O=C1CC(C(=O)N2CCN(C(=O)C3CC3)CC2)n2ncc(-c3ccc(F)cc3)c2N1,1,0.6114175,0.6114,0.8321618,0.8322,0.9997134,411.4370,70
32.1605,39.8793,50.5136,0.7532742,Cc1ccc(CN(Cc2cccc(C)c2)Cc2ccc3[nH]c(=O)[nH]c(=O)c3c2)cc1,1,0.8067805,0.8068,0.5142120,0.5142,0.9999046,399.4940,70
33.0140,33.1968,37.9089,0.5925472,O=C(CCN1CN(c2ccccc2)CC1=O)Nc1nncs1,1,0.4886667,0.4887,0.8955093,0.8955,0.9999998,317.3740,70
36.7211,44.3392,-2.2687,0.3505877,Cc1cc(N(C(=O)O)C2(C)CC2)nc(N2CCN(C(=O)Nc3nccs3)CC2)n1,1,0.2397006,0.2397,0.7856875,0.7857,0.9994993,417.4950,70
36.5000,43.0197,5.3048,0.4027041,CCOC(=O)N(NC(=O)c1cc(-c2ccco2)nc2ccc(F)cc12)c1ccccn1,1,0.3337028,0.3337,0.4935292,0.4935,0.9993458,420.4000,70
48.6932,64.4089,-55.0705,0.0778198,COC(=O)C1(Nc2ccc(C)cc2)N2CN(c3ccc(OC)cc3)SC2=NC(=O)N1NCc1ccccc1F,1,0.0706872,0.0707,0.3141373,0.3141,0.0093600,550.6160,70
41.3469,50.9914,21.0293,0.6001722,CN(C)S(=O)(=O)N1CCc2nc(C(O)N3CCC4(CCN(c5cnccn5)C4)CC3)cnc2C1,1,0.5722642,0.5723,0.6383266,0.6383,0.7404522,488.6180,70
34.6681,37.8181,19.9753,0.4816110,NC(=O)NN=Cn1nc(-c2cccc(Br)c2)c2ccccc21,1,0.4485820,0.4486,0.4285840,0.4286,0.9999979,358.1990,70
26.8189,28.5356,44.2272,0.6063567,COc1ccc([N+](=O)[O-])cc1OCC(=O)Nc1c(C)cc(C)cc1C,1,0.5561124,0.5561,0.6391050,0.6391,0.9999994,344.3670,70
40.2277,44.2262,11.4326,0.4638229,CN1CCCC1=NS(=O)(=O)c1cccc(NC(=O)C(c2ccccc2)N2CCN(CC(N)=NO)CC2)c1,1,0.7654210,0.7654,0.2030049,0.2030,0.0726451,527.6510,70
37.7332,46.1942,-24.2528,0.1828450,Cc1ccc(N2CC(=O)N3CCN(C(C)Cc4ccc(-c5cccs5)cc4)C3C2)cc1,1,0.1027335,0.1027,0.5886018,0.5886,0.9981660,431.6050,70
33.0606,46.2504,-27.9390,0.1525953,O=c1[nH]c(=NN=S(=O)=O)[nH]n1-c1ccc(-c2ncon2)cc1,1,0.0783069,0.0783,0.6157534,0.6158,0.9999999,321.2780,70
36.1599,44.6518,41.1627,0.7151211,Cc1cccc(C(=O)N2CCC(NC(=O)Nc3cccc(C(=O)O)c3O)c3ccccc32)c1,1,0.7806906,0.7807,0.4463221,0.4463,0.9934514,445.4750,70
26.4120,26.1270,-14.3193,0.0983976,Oc1ccc(Oc2ncc(Cl)cn2)cc1F,1,0.0378187,0.0378,0.8770011,0.8770,0.9997628,240.6210,70
31.4494,35.1204,3.7896,0.3242502,CC1=C(C(=O)Nc2ccccc2)C(c2ccccc2NS(=O)(=O)c2ccc(C)cc2)NC(=O)N1,1,0.2588118,0.2588,0.4292182,0.4292,0.8965148,476.5580,70
26.9820,30.8291,-13.8410,0.1415677,COc1ccc(-n2cnc(C3CNc4ccccc43)n2)cc1,1,0.0651351,0.0651,0.8062484,0.8062,0.9999980,292.3420,70
34.1323,41.8491,33.2613,0.6259203,Cc1ccc(NC(=O)CSc2ncc3c(N4CCCCC4)nn(-c4ccccc4)c(=O)c3n2)c(C)c1,1,0.7952148,0.7952,0.3074577,0.3075,0.4855440,500.6280,71
32.5202,31.0669,0.3113,0.2614851,c1ccc2c(c1)oc1cc(N(c3ccc(-c4cccc5c4oc4ccccc45)cc3)c3cccc4c3oc3ccccc34)ccc12,1,0.7740204,0.7740,0.2041584,0.2042,0.0002154,591.6660,71
39.5182,43.8192,-43.8192,0.0000000,O=S(=O)(/N=c1/nc2ccc(OC(=O)NC)cc2[nH]1)c1ccc(cc1)C,0,0.0000000,0.0000,0.0000000,0.0000,0.0000000,0.0000,71
46.2977,51.6808,7.8176,0.4958200,CN(C(=O)C1CCN(C(N)=O)C1)c1cc(N)c2nc(C(N)=O)sc2n1,1,0.4098298,0.4098,0.6799997,0.6800,0.9999965,363.4030,71
38.5479,40.7960,-11.3667,0.2452441,Cc1ccc(CN2CN(Cc3cccc(Br)c3)Nc3ccccc32)cc1C,1,0.1579077,0.1579,0.5672199,0.5672,0.9992157,422.3700,71
33.0932,38.7784,27.9267,0.5558757,O=C(Nc1ccc(-c2ccc(OCCCO)nn2)s1)c1cccnc1,1,0.4928038,0.4928,0.6317272,0.6317,0.9999982,356.4070,71
28.4186,31.2514,22.3992,0.4470879,CN1CCC(=NNC(=O)CCCN(c2ccccc2F)S(C)(=O)=O)CC1,1,0.3472846,0.3473,0.7237196,0.7237,0.9999760,384.4770,71
35.8916,41.3412,20.0477,0.5115742,O=S(=O)(c1cccs1)N1CCN(Cc2ccc(Oc3ncccn3)cc2)C(c2ccccc2F)C1,1,0.6194246,0.6194,0.3582912,0.3583,0.2733346,510.6160,71
26.4260,31.6066,42.3086,0.6159598,Cc1ccc(S(=O)(=O)Nc2ccc(C(=O)N3CCN(C(=O)c4cccs4)CC3)c(Cl)c2)cc1,1,0.6687737,0.6688,0.5673530,0.5674,0.4081902,504.0330,71
55.9623,63.9580,12.7041,0.6388506,Cn1cc(C23CC2CN(Cc2ccc(-c4cccc(CO)c4F)c(N)c2)C(=O)N3O)cn1,1,0.6757030,0.6757,0.4202766,0.4203,0.9968549,437.4750,71
23.0541,24.2659,-7.6174,0.1387370,Nc1ncnc2sc(C(=O)O)c(-c3ccc(F)cc3)c12,1,0.0644362,0.0644,0.7568469,0.7568,0.9999973,289.2910,71
48.5108,59.1776,-13.4865,0.3807595,Cc1ccc(N2NSC(CC(=O)Nc3cc(C)ccc3C)(c3ccccc3)OC2=O)nc1,1,0.3013982,0.3014,0.5347524,0.5348,0.9913276,448.5480,71
36.8891,41.7371,23.5858,0.5443572,Cc1nc(-c2cc(NC(=O)CC(=O)Nc3cc(Cl)ccc3Cl)ccc2O)n[nH]1,1,0.5572423,0.5572,0.3701740,0.3702,0.9993544,420.2560,71
44.3209,47.9793,-17.8391,0.2511684,COc1nc(N2CCN(c3ccccc3)CC2)c(C=NNC(=O)C(C)NC(=O)OCc2ccccc2)cc1[N+](=O)[O-],1,0.4843068,0.4843,0.2160873,0.2161,0.0034241,561.5990,71
28.8323,31.8704,6.9632,0.3236133,N#Cc1ccc(N2CCN(c3nccn4nc(-c5ccco5)cc34)CC2)nc1,1,0.2370911,0.2371,0.5469275,0.5469,0.9999928,371.4040,71
40.4300,43.0237,-43.0237,0.0000000,C(=O)(OC)c1oc(CNc2nc3c(c(N4CCN(CC4)CCC)nn2)cccc3)cc1,0,0.0000000,0.0000,0.0000000,0.0000,0.0000000,0.0000,71
64.7754,75.1406,-37.2785,0.3155171,CN(C(=O)C1CC1)C12Cc3ccc4ccc(O)cc4c3CC1C(OC(=O)O)C(NCc1ccccn1)=CC2O,1,0.3845681,0.3846,0.3575576,0.3576,0.0614786,529.5930,71
34.7957,39.8131,29.2028,0.5751324,CCC(Oc1cccc(NC(=O)c2ccccc2)c1)C(=O)Nc1ccccc1C(=O)Nc1nccs1,1,0.7210458,0.7210,0.2833751,0.2834,0.4866485,500.5800,71
30.3503,37.2146,49.0413,0.7187986,Cc1ccc(F)c(CN2CCN(Cc3ccc(O)c(S(=O)(=O)N(C)C)c3)CC2)c1,1,0.6708765,0.6709,0.7761487,0.7761,0.9992735,421.5380,71
28.1183,44.6042,44.7514,0.7446301,Cc1cc(C)cc(NC(=O)c2ccc(N3CN(C(=O)O)C(=O)NC3=O)cc2)c1,1,0.7115362,0.7115,0.7533863,0.7534,0.9999803,382.3760,71
40.0591,44.2420,-6.2784,0.3163634,O=C(OCc1ccc2nnc(-c3ccc(F)cc3)n2n1)c1cc2ccccc2c(=O)cc1O,1,0.2469268,0.2469,0.4246375,0.4246,0.9950559,442.4060,71
35.3150,35.7827,-8.9772,0.2233790,CN(C)c1ncc(CN2CCCN(Cc3ccccn3)C2c2cccc(F)c2)cn1,1,0.1344167,0.1344,0.6246903,0.6247,0.9998179,406.5090,71
46.2196,46.8604,-33.7790,0.1090121,O=C(OC1CC[N+]1([O-])Cc1ccccc1)c1cccc(-c2ccc(I)cc2)c1,1,0.0678999,0.0679,0.2117369,0.2117,0.7944539,485.3210,71
35.4714,49.2916,6.0752,0.4613896,Cc1cc(C)cc(NC(=S)N2Cc3ccccc3CC2C(=O)Nc2cccc(C(=O)Nc3cc(C)on3)c2)c1,1,0.8030991,0.8031,0.2834150,0.2834,0.0252609,539.6610,71
32.7665,38.3203,-38.3203,0.0000000,c12ccc3c4c2c(ccc4ccc3)C(N(C1=O)NS(=O)(c1c(C)c(Cl)ccc1)=O)=O,0,0.0000000,0.0000,0.0000000,0.0000,0.0000000,0.0000,71
37.6657,43.6177,35.7707,0.6615700,Cc1cccc(-c2noc(CN(Cc3cccc(CO)n3)C(=O)OCc3ccccc3)n2)c1,1,0.7045844,0.7046,0.4329293,0.4329,0.9940155,444.4910,71
38.7447,50.2385,33.6202,0.6988227,Cc1cccc(CN2CCC(N3CC4(CC(=O)N(C(=O)N5CCN(C)CC5)C4)C3)CC2)c1,1,0.6587411,0.6587,0.7197226,0.7197,0.9961762,439.6040,71
37.9209,43.1196,19.2630,0.5198551,O=C1CC(c2ccc(F)cc2)N(C(=O)CSc2n[nH]c(=O)n2CCc2ccncc2)N1,1,0.4697563,0.4698,0.5357233,0.5357,0.9950241,442.4760,71
30.8796,43.6204,-4.1926,0.3285650,Cc1cc(NC(=O)N(C)C(C)(C)C)cnc1NCC(N)=NO,1,0.2896239,0.2896,0.2928778,0.2929,0.9999995,308.3860,71
35.3531,44.9346,-21.8615,0.1922760,Cc1ccc(NC(=O)N2CC(O)CN3CC(N(C)C)C2C3)nc1,1,0.1005423,0.1005,0.8154640,0.8155,0.9999998,319.4090,71
27.7570,31.6750,-15.9459,0.1310751,CCOc1ccc(S(=O)(=O)N(C)CC(=O)NN2C(=O)NC3(CCCC3)C2=O)cc1,1,0.0629700,0.0630,0.6177888,0.6178,0.9990478,424.4790,71
46.4539,51.9534,6.5806,0.4877837,Cc1cccc(NC(=O)NCC2CNC(=O)C(Cc3ccc(NC(=O)c4ccc(C)[nH]c4=O)cc3)N2)c1,1,0.5723962,0.5724,0.2930801,0.2931,0.4409845,502.5750,71
30.4611,44.0603,-1.1631,0.3574770,COc1ccc(S(=O)(=O)Nc2cccc(N3CCN(C(=O)N4CCc5ccccc5NC4=O)CC3)c2)cc1,1,0.4469555,0.4470,0.5138613,0.5139,0.0362192,535.6260,71
31.3398,34.5944,-11.4862,0.1925682,Cc1ccc2oc(C(=O)N(C)Cc3ccc(OCc4ccccn4)cc3)cc(=O)c2c1,1,0.1180127,0.1180,0.4690878,0.4691,0.9996213,414.4610,71
29.5251,41.0228,-30.3519,0.0889240,Cc1ccc(C)c(S(=O)(=O)Nc2ccnc(N3CCN(C(=O)c4ccc(S(=O)(=O)N5CCCC5)cc4)CC3)c2)c1,1,0.1189176,0.1189,0.4534854,0.4535,0.0004470,583.7360,71
35.1219,36.8718,25.5857,0.5204793,CN(C)C(=O)c1cccc(NC(=O)c2cc(NS(=O)(=O)c3cc(Cl)ccc3Cl)ccc2Cl)c1,1,0.7119731,0.7120,0.4493540,0.4494,0.0779135,526.8290,71
45.7125,52.9885,-23.5201,0.2455703,O=[N+]([O-])c1cn2c(n1)OC1OC3COC4OCC3C(O4)C1C2O,1,0.1613850,0.1614,0.5288808,0.5289,0.9999999,327.2490,71
35.1462,38.6555,-0.8576,0.3149819,COc1ccc(Nc2ncccc2NC(=O)NCc2ccc3c(c2)OCO3)c(C)c1,1,0.2256315,0.2256,0.5682876,0.5683,0.9998190,406.4420,71
47.4568,50.6647,1.3790,0.4336975,Cc1cnc(-c2cc(-c3ccccn3)ccc2O)nc1N1CCCC1Cn1cccn1,1,0.3631133,0.3631,0.5319317,0.5319,0.9996840,412.4970,71
39.3065,46.1052,10.0984,0.4683627,O=C(Nc1ncn[nH]1)c1ccccc1-n1nc(Cl)cc1C(=O)N1CCN(c2ccc(C(F)(F)F)cn2)CC1,1,0.8094378,0.8094,0.3941588,0.3942,0.0143614,545.9130,71
39.3364,41.3518,-22.5759,0.1564659,[N-]=[N+]=NCCNc1nsnc1N(N)c1ncccn1,1,0.1117945,0.1118,0.2007373,0.2007,0.9999926,278.3050,71
34.8345,43.8774,25.8992,0.5814723,CCC(C)Nc1nc(Nc2cccc(F)c2)cc(Nc2nc3cc(C)ccc3o2)n1,1,0.6174751,0.6175,0.3593490,0.3593,0.9998186,406.4650,71
29.6492,33.6641,38.4410,0.6008755,CSc1nnc(C(C)OC(=O)c2cc(-c3ccc(Cl)cc3)nc3ccccc23)n1C,1,0.6754474,0.6754,0.3098382,0.3098,0.9964022,438.9400,71
29.1218,30.8856,22.9954,0.4490085,Cc1cc(C)cc(-c2nnc(SC(C)C(=O)Nc3ccc4ccccc4c3)o2)c1,1,0.4034094,0.4034,0.4377150,0.4377,0.9998619,403.5070,71
33.1361,41.8700,-0.6310,0.3436588,Cc1cc(N2CCN(C(=O)Nc3cccc(C(=O)NCCN)c3)CC2)nc(Nc2ccc(F)cc2)n1,1,0.2996324,0.2996,0.3991982,0.3992,0.6649300,492.5590,71
52.8861,55.6276,16.7853,0.6034405,CC1(C)c2ccccc2C(Nc2ncc(C(=O)O)c3nccnc23)CC1Oc1ccc([N+](=O)[O-])cc1,1,0.7173251,0.7173,0.2876554,0.2877,0.7917488,485.5000,71
29.4996,33.2310,37.9971,0.5935674,Cc1nc2c(c(NCc3cccnc3)n1)CN(C(=O)Nc1ccc(F)cc1)CC2,1,0.5234935,0.5235,0.7098579,0.7099,0.9999502,392.4380,71
47.7969,66.2180,-66.2180,0.0000000,N12CCN(C(=O)NC(C)c3cn(-c4ccc(OC)cc4)C)nc3C(Cc3cccc(c3)F)C2CNC1=O,0,0.0000000,0.0000,0.0000000,0.0000,0.0000000,0.0000,71
38.1356,44.7278,32.3248,0.6421044,CC(=O)Nc1ncc(-c2cc(NS(=O)(=O)c3ccc(C)cc3)nc(S(N)(=O)=O)c2)s1,1,0.6524227,0.6524,0.4987092,0.4987,0.9520468,467.5540,71
32.1375,35.1465,-17.5388,0.1467308,Cc1cc(C(=O)Nc2ccc(S(=O)(=O)Nc3ccc(N4CCN(C)CC4)cc3)cc2)ccc1[N+](=O)[O-],1,0.1022863,0.1023,0.3674137,0.3674,0.2925382,509.5880,71
44.5281,52.8211,12.7414,0.5463543,Cc1cc(C(=O)Nc2nccn2Cc2cc(C)c3c(c2)OCO3)c2c(N)nc(C)nc2n1,1,0.5128521,0.5129,0.5044202,0.5044,0.9981909,431.4560,71
42.9056,52.4448,14.7950,0.5603319,Cc1cc(OC2CCN(c3nc4c(=O)n(N)c(C)nc4s3)C2)nc(N2CCCC2)n1,1,0.5029496,0.5029,0.6126201,0.6126,0.9986187,428.5220,71
28.3281,35.7940,39.0399,0.6236161,Cc1cc(N2CCOCC2)ccc1NCc1ccc2c(c1)N(C)CC(=O)N2,1,0.5297788,0.5298,0.8714781,0.8715,0.9999955,366.4650,71
44.3325,56.3250,2.9332,0.4938183,Cn1nc(NS(=O)(=O)c2cccc(F)c2)cc1N1CCN(S(=O)(=O)c2ccc([N+](=O)[O-])cc2)CN1,1,0.7032390,0.7032,0.3416529,0.3417,0.0868522,525.5440,71
34.8640,39.4210,35.1446,0.6213798,CC(C)(O)c1ccc(C=NNC(=O)CN2CCN(S(=O)(=O)c3ccc(F)cc3)CC2)cc1,1,0.6278627,0.6279,0.4797870,0.4798,0.9692177,462.5470,71
30.3400,38.2026,-18.6398,0.1630238,COc1ccc(CNC2CNc3ccccc3C2)cc1-c1ncn[nH]1,1,0.0840755,0.0841,0.6682094,0.6682,0.9999998,335.4110,71
31.6462,33.2588,6.6790,0.3328154,Nc1nc(-c2ccc(OC3OC(CO)C(O)C(O)C3O)c(Cl)c2)cs1,1,0.2530108,0.2530,0.5012315,0.5012,0.9999642,388.8290,71
38.6837,41.5448,-18.2739,0.1939238,Cc1cc(-c2cccc(-n3c4ccccc4c4cc(N(c5ccccc5)c5cccc(-c6c(C)cccc6C)c5)ccc43)c2)cc(C)n1,1,0.7525100,0.7525,0.1846026,0.1846,0.0000162,619.8120,71
32.0859,37.9168,-13.6005,0.2026362,Cc1cc(NC(=O)Nc2nc3ccc(CN)cc3s2)ccc1O,1,0.1210586,0.1211,0.5534770,0.5535,0.9999999,328.3970,71
35.9039,46.2819,-5.3270,0.3412910,CCn1c(N)nnc1COC(=O)c1ccc(N2CCN(S(=O)(=O)c3ccc(C)cc3)CC2)c([N+](=O)[O-])c1,1,0.4717989,0.4718,0.2587316,0.2587,0.0615532,529.5790,71
40.4675,47.1013,8.2188,0.4610005,COc1cc2ncnc(Nc3ccc(S(=O)(=O)NN4CCc5cc(Cl)ccc54)c(F)c3)c2cc1OC,1,0.6619585,0.6620,0.3618497,0.3618,0.0594486,529.9810,71
37.4597,34.6104,7.0147,0.3468757,CCc1ccc(-c2cn(C)c(=O)c3c(C)c(C(=O)NC4CC4)sc23)cc1,1,0.2385138,0.2385,0.7578321,0.7578,0.9999954,366.4860,71
29.9540,33.9480,25.7073,0.4971278,CN=C(NCc1cccnc1N1CCN(C2CC2)CC1)N1CCN(c2ccccn2)CC1,1,0.4334016,0.4334,0.5672155,0.5672,0.9975866,434.5920,71
33.9412,43.9097,23.9213,0.5652585,COC(=O)c1ccc(NC(=O)c2cnc(S(=O)(=O)Nc3ccc(C)c(C)c3)n2N)cc1,1,0.5796113,0.5796,0.3903416,0.3903,0.9945421,443.4850,71
29.0832,31.6071,44.9673,0.6381198,O=C(Nc1ccccc1)NC1CCN(C(=O)Nc2ccc3c(c2)OCCO3)C1,1,0.5690526,0.5691,0.7611704,0.7612,0.9999802,382.4200,72
43.3141,46.9583,-20.7571,0.2183434,COc1ccc(NC(=O)c2cc(C)c(O)c(-c3nc(N4CCN(C)CC4)c4ccccc4n3)c2)cc1,1,0.1482662,0.1483,0.4367919,0.4368,0.8195165,483.5720,72
49.7396,59.3973,-8.2524,0.4262077,Nc1nc(COC(=O)N(CCO)NC(=O)Nc2cccc(-c3cnco3)c2)nc(Nc2cccnc2)n1,1,0.5303908,0.5304,0.2172214,0.2172,0.3550060,506.4830,72
36.4136,44.2640,20.3475,0.5384295,Cc1cc(NC(=O)NCC(c2cccs2)N2CCC(C)CC2)ccc1NS(=O)(=O)N1CCCC1,1,0.5813560,0.5814,0.4956029,0.4956,0.3714714,505.7100,72
32.0303,43.0040,14.1509,0.4762904,CC(=NNC(N)=O)c1nc2ccccn2c1Nc1cc(Cl)ccc1O,1,0.4775680,0.4776,0.3256389,0.3256,0.9999977,358.7890,72
29.3894,31.5773,22.1241,0.4475113,Cc1ccc(OCCNc2ccc(N)c(N3CCOCC3)n2)cc1,1,0.3387990,0.3388,0.7929079,0.7929,0.9999999,328.4160,72
43.1122,54.7274,3.4174,0.4845398,CN(C)S(=O)(=O)N(C(N)=O)c1nc(COc2ccc(C(=O)OCc3cccc(C#N)c3)cc2)cs1,1,0.5734593,0.5735,0.4263406,0.4263,0.1924255,515.5730,72
28.1945,31.2918,-6.3029,0.2082405,Cc1ccc(-n2ccnc2Sc2ccccc2C(=O)N2CCN(C)CC2)cc1,1,0.1187495,0.1187,0.6786170,0.6786,0.9999498,392.5280,72
32.0547,34.2786,8.6072,0.3573817,COc1ccc(C)cc1NC(=O)Cn1c(CNC(=O)c2ccccc2I)nc2ccccc21,1,0.6466620,0.6467,0.3292266,0.3292,0.0066312,554.3880,72
31.2835,43.7025,13.6779,0.4781706,CS(=O)(=O)Nc1ccc(OCCN2CCN(CC(=O)NN3C(=O)NC4(CCCC4)C3=O)CC2)cc1,1,0.5369808,0.5370,0.3946301,0.3946,0.3117002,508.6010,72
33.0294,35.8983,4.7184,0.3384723,Cc1ccc(C)c(-n2nnnc2CN2CCCN(S(=O)(=O)c3ccc(F)c(F)c3)CC2)c1,1,0.2497876,0.2498,0.5792873,0.5793,0.9692754,462.5260,72
28.8735,40.6921,26.4856,0.5598143,COc1cc(C=NNc2cc(N)nc(N3CCN(C)CC3)n2)cc(OC)c1OCc1ccc(C)cc1,1,0.6249653,0.6250,0.3444066,0.3444,0.6843933,491.5960,72
32.2814,40.0064,39.2163,0.6601892,O=C1CN(S(=O)(=O)c2cccnc2)CCN1c1nnc(N2CCN(c3ccc(F)cc3)CC2)s1,1,0.7563152,0.7563,0.5154579,0.5155,0.4181944,503.5850,72
32.7580,35.0767,-20.9782,0.1174880,CCN1C2CN(S(=O)(=O)c3cc(Cl)cc(Cl)c3)CC21,1,0.0500081,0.0500,0.8004341,0.8004,0.9999999,321.2290,72
34.6069,43.3153,-10.8878,0.2702293,CC(C)(C)Nc1nc(-n2cccn2)nc2sc(CNS(=O)(=O)c3ccc(F)cc3)cc12,1,0.1938856,0.1939,0.4549057,0.4549,0.9742331,460.5600,72
36.0405,46.5084,-21.7813,0.2060589,CC1CN(Cc2cccc(Cl)c2)CCN1C(=O)c1ccc(NC(=O)c2ccc(C(N)=O)[nH]2)cc1,1,0.1301326,0.1301,0.5028797,0.5029,0.8635409,479.9680,72
32.9487,40.0926,43.8209,0.6992791,O=C(O)c1cc(S(=O)(=O)Nc2ccc3c(c2)NC(=O)C(C(=O)O)S3)ccc1F,1,0.7197225,0.7197,0.5289588,0.5290,0.9988633,426.4030,72
33.2355,39.3957,28.9342,0.5694155,COc1ccc(-c2csc(Nc3ccc(C(=O)Nc4ncccc4O)cc3)n2)cc1F,1,0.5851069,0.5851,0.3912430,0.3912,0.9971327,436.4680,72
42.3761,59.3168,26.7636,0.7173369,O=C(NN1C(=O)N(c2cccc(-n3cnc4ccccc43)c2)N2NNC12)c1cccs1,1,0.7781192,0.7781,0.4574945,0.4575,0.9980144,432.4690,72
30.4911,44.1406,24.1506,0.5690931,COc1cc(C2CNC(=S)N2c2ccc(C)cc2)ccc1OC(=O)Nc1c(C)cccc1C,1,0.5542413,0.5542,0.4777421,0.4777,0.9717489,461.5870,72
33.8813,38.5332,-20.1471,0.1532171,COc1ccc(-c2noc(Cc3ccc(NC(=O)C4CN(Cc5ccccc5)CCN4C)cc3)n2)cc1,1,0.0974325,0.0974,0.3925573,0.3926,0.5550609,497.5990,72
31.5782,41.0941,14.4006,0.4624564,CN(C)S(=O)(=NS(=O)(=O)c1cccc([N+](=O)[O-])c1)N(C)Cc1ccncc1,1,0.4046603,0.4047,0.5018938,0.5019,0.9996540,413.4810,72
42.4878,49.0038,-41.7821,0.0601812,COc1ccnc(SNc2ccc3ccccc3c2NS(=O)(=O)c2ccc(Cl)c(Cl)c2)c1,1,0.0300939,0.0301,0.2798381,0.2798,0.3559977,506.4360,72
45.3627,50.3645,1.7680,0.4344375,COc1cccc(-c2nc3ccccc3c(N3CCC(Cn4ccnc4)CC3)c2C(=O)Nc2ccccc2C)c1,1,0.6849620,0.6850,0.2567171,0.2567,0.0513687,531.6600,72
37.4221,48.0174,6.0879,0.4508776,O=C1CN(c2ccccc2)CCN1CN1C(=O)NC2CC3CC1CCN3C2,1,0.3344781,0.3345,0.8610089,0.8610,0.9999940,369.4690,72
28.7437,41.7255,14.1616,0.4657256,Cc1cccc(N2CCN(S(=O)(=O)N3CCN(c4cc(C(=O)N5CCCC5)nc(C)n4)CC3)CC2)c1,1,0.4821744,0.4822,0.5985146,0.5985,0.2211682,513.6680,72
32.3642,39.4412,4.4409,0.3656841,O=C1NC2CN(c3ccnc(N4CCCC4)n3)CC2N1c1cccc(Cl)c1,1,0.2464134,0.2464,0.8804628,0.8805,0.9999752,384.8710,72
34.8924,36.1626,-7.6385,0.2377014,O=c1nc(CSc2nnnn2-c2ccc3ccccc3c2)c2ccccc2o1,1,0.1628506,0.1629,0.4354149,0.4354,0.9999686,387.4240,72
33.5206,36.6170,50.2725,0.7240790,O=C(NCc1ccc(O)c(O)c1)c1ccc2nnc(Cc3ccccc3)n2c1,1,0.7839823,0.7840,0.4665090,0.4665,0.9999905,374.4000,72
28.7539,39.7142,23.3183,0.5252708,NC(=O)c1ccc(NC(=O)NS(=O)(=O)Nc2ccc(S(=O)(=O)N3CCOCC3)cc2)cc1,1,0.5195016,0.5195,0.4369431,0.4369,0.8201149,483.5280,72
40.5747,48.9795,22.4520,0.5952631,COc1cccc(CN2CC(N)C(COc3ccc(Cc4noc(N(C)C)n4)cc3)C2)c1,1,0.5667059,0.5667,0.5463624,0.5464,0.9968349,437.5440,72
34.6969,38.8549,58.9569,0.8150985,O=C(O)N1CCC(Oc2cccc(C(=O)N3CCC(c4cnccn4)CC3)n2)CC1,1,0.7895502,0.7896,0.8227797,0.8228,0.9997127,411.4620,72
29.3287,34.9538,24.6809,0.4969563,O=S(=O)(Cc1ccc(Cl)cc1)N1CCC(N2CCN(S(=O)(=O)c3ccc(Cl)cc3)CC2)CC1,1,0.6676533,0.6677,0.5709102,0.5709,0.0476639,532.5150,72
33.7865,40.2726,-21.0426,0.1602504,O=C(O)c1cc(N2CN(CC3CCNCC3)N=N2)ccc1O,1,0.0785451,0.0785,0.7781767,0.7782,0.9999994,305.3380,72
40.9340,49.8025,12.4209,0.5185282,NC1COC2Oc3nc(N4CCN(c5cccnn5)CC4)ccc3C12,1,0.4115850,0.4116,0.8380180,0.8380,0.9999996,340.3870,72
40.2922,47.8402,-15.4053,0.2702904,Cc1nc(NN)nc(N(Cc2ccccn2)C2SC(=O)NC2=O)c1C,1,0.1848851,0.1849,0.5308807,0.5309,0.9999976,359.4150,72
42.3862,51.0588,20.8752,0.5994500,Cc1cc(Cl)ccc1NC(=O)CN1CCN(CC(=O)c2ccc(-n3cnnn3)cc2)c2ccccc21,1,0.7077608,0.7078,0.3849076,0.3849,0.4545805,501.9780,72
34.0520,41.7317,36.3289,0.6505057,NC(=O)NCc1sc(NC(=O)Nc2cccc(F)c2)nc1C(=O)O,1,0.6398305,0.6398,0.5559406,0.5559,0.9999986,353.3350,72
33.6866,41.3063,49.9978,0.7608675,Cc1ccc(N2CCN(C(=O)c3cc(C(=O)O)cn3-c3cccc(C)c3)CC2)nc1,1,0.7425741,0.7426,0.7227512,0.7228,0.9998491,404.4700,72
44.0094,45.0622,-36.9288,0.0677783,NCCCC(C(O)O)N1CC1Pc1ccccc1,1,0.0283859,0.0284,0.3711911,0.3712,0.9999815,268.2970,72
42.5149,51.7466,-2.4181,0.4110709,COc1ccc(C(=O)Oc2ccc(N3CC(P(=O)(c4ccccc4)c4ccccc4)N(O)C3=O)cc2)cc1,1,0.6980385,0.6980,0.1589321,0.1589,0.0675443,528.5010,72
51.0986,63.0838,-43.5648,0.1626588,CS(=O)(=O)N(c1cccc(Nc2nc(N)cc(N3CCc4cnc(C(=O)Nc5ccccn5)cc43)n2)c1)S(=O)(=O)O,1,0.4190368,0.4190,0.2144433,0.2144,0.0001243,597.6390,72
37.3487,40.7981,17.9147,0.4892732,COC(=O)Nc1ccc(OCc2nc3ccccc3c(=O)n2CCO)c(C)c1,1,0.4024900,0.4025,0.6778271,0.6778,0.9999783,383.4040,72
36.7480,45.5756,37.2737,0.6904107,CS(=O)(=O)Nc1cc(CN)cc(C2CCN(C(=O)Nc3cccc(F)c3)C2)n1,1,0.6518950,0.6519,0.7013891,0.7014,0.9998010,407.4710,72
37.9936,37.0592,-21.0207,0.1336541,O=C(NS(=O)(=O)c1nccs1)c1c(Cl)ccc(Cl)c1F,1,0.0589134,0.0589,0.8593354,0.8593,0.9999984,355.1990,72
45.6993,61.1123,-19.6659,0.3453874,Cc1ccc(C)c(Nc2cc(Nc3ccc(Cl)cn3)nc(N(Nc3ccccc3O)N3CCN(C)CC3)n2)c1,1,0.6660272,0.6660,0.1713894,0.1714,0.0141466,546.0790,72
57.5108,61.8281,-61.8281,0.0000002,O=C(Nc1ccccc1)Nc1ccc(N=NC(=O)c2ccc(-c3ccc(Nc4ccc(N=Nc5ccc6c(S(=O)(=O)O)c(O)ccc6c5)cc4)c([N+](=O)[O-])c3)cc2)cc1,1,0.0000000,0.0000,0.0360912,0.0361,0.0000000,806.8170,72
44.3672,57.2136,-9.7223,0.3957613,Cc1cc(NC(=O)N2CN(C)C(Cc3ccc(F)cc3)CC2n2nc(C)cc2C)on1,1,0.2964157,0.2964,0.6851118,0.6851,0.9988536,426.4960,72
27.7279,30.5509,3.0448,0.2799644,COC(=O)CN1CCN(S(=O)(=O)c2cc(C)[nH]c2C)CC1,1,0.1730649,0.1731,0.7975946,0.7976,0.9999998,315.3950,72
40.6680,55.1706,24.7199,0.6657541,Cc1cc(NC(=O)C(=O)Nc2nnc(-c3ccccc3)s2)nc(N(C)C(=O)Nc2ccccc2)c1,1,0.7771961,0.7772,0.3627391,0.3627,0.7589893,487.5450,72
33.1272,37.1549,-17.2125,0.1661867,COc1cc(Cl)ccc1NC(=O)N1CC(N(C)c2ccc(C)cc2)C1,1,0.0794521,0.0795,0.8966278,0.8966,0.9999975,359.8570,72
34.3227,39.6111,7.4079,0.3918247,Cc1ccc(-c2cccn3c(=O)n(CC(=O)Nc4cc(F)ccc4N4CCOCC4)nc23)cc1,1,0.3220581,0.3221,0.4941535,0.4942,0.9719756,461.4970,72
32.3500,41.7769,27.8774,0.5804530,NS(=O)(=O)N(Cc1ccc(F)cc1)C1(O)CCN(Cc2ccc(F)cc2)CC1,1,0.5066827,0.5067,0.7117402,0.7117,0.9997123,411.4740,72
43.8734,46.7835,20.4619,0.5603784,Cc1ccc(-n2c(O)c(C)c(N)c(C=NNc3ccc([N+](=O)[O-])cc3S(=O)(=O)O)c2=O)cc1,1,0.7221292,0.7221,0.1800263,0.1800,0.9201053,473.4670,72
24.7862,31.2476,13.1403,0.3698993,COc1cc(Br)c(NC(=O)Nc2cc(C)no2)cc1OC,1,0.2507624,0.2508,0.8769996,0.8770,0.9999982,356.1760,72
30.3236,37.3127,34.3329,0.5970465,Cc1cnc(NN)nc1Sc1ccc(NS(=O)(=O)c2ccccc2F)cc1,1,0.6580778,0.6581,0.3281757,0.3282,0.9998344,405.4800,72
27.9639,31.0311,-6.3449,0.2057184,CCCOc1ccc(C(=O)N2CCN(C(=O)C3COc4ccccc4O3)CC2)cc1OC,1,0.1163429,0.1163,0.6873509,0.6874,0.9958501,440.4960,72
33.7226,43.1918,0.3940,0.3632144,COc1ccc(N2C(=O)NC3c4cc(-c5cccc(C)c5)ccc4OC32C)cc1C,1,0.2668519,0.2669,0.6440094,0.6440,0.9998955,400.4780,72
39.8381,50.2678,-12.5257,0.3145174,CN(C)Cc1nc(C(=O)N2CCN(S(=O)(=O)N(C)C)C(CNS(C)(=O)=O)C2)co1,1,0.2354799,0.2355,0.4887838,0.4888,0.9875004,452.5590,72
36.4982,40.7116,-16.1707,0.2045081,CCC(C)NC(=O)NNC(=O)N(CC(=O)N(C)C)c1ccccc1,1,0.1143197,0.1143,0.7081542,0.7082,0.9999998,335.4080,72
30.4736,34.9526,47.4284,0.6865081,O=S(=O)(Nc1ccc(-c2nc3ccc(C(F)(F)F)cc3[nH]2)cc1)c1nc2ccccc2[nH]1,1,0.7869648,0.7870,0.3561642,0.3562,0.9805487,457.4370,72
41.3030,50.5320,-25.5337,0.2083193,Cc1cccc(NC(=O)N2CCN(c3ccc(NC(=O)Nc4ccnn4C4CCN(C(=O)c5ccco5)CC4)cc3)CC2)c1,1,0.5467971,0.5468,0.2786924,0.2787,0.0001356,596.6920,72
35.3960,43.7770,-3.2690,0.3375661,Cc1cc(NS(=O)(=O)c2ccc(N3CCNCC3)c(S(=O)(=O)N3CCN(C(=O)OC(C)(C)C)CC3)c2)no1,1,0.6473357,0.6473,0.5212427,0.5212,0.0014846,570.6940,72
32.9587,38.6725,24.5487,0.5268440,COc1ccc(C(=O)N2CCC(OC(=O)c3ccccc3S(=O)(=O)N3CCOCC3)C2)cc1,1,0.4719544,0.4720,0.5883385,0.5883,0.9125689,474.5350,72
35.9892,39.5072,-39.5072,0.0000000,c1(OC)c(OC)cc([C@H]2[C@@H](S(c3ccccc3)=O)(=O)C2(Cl)Cl)cc1,0,0.0000000,0.0000,0.0000000,0.0000,0.0000000,0.0000,73
39.7864,57.2528,9.7197,0.5581042,O=C(NC1CNS(=O)(=O)C1)c1cc(N2CCN(Cc3ccc(F)cc3)CC2)c([N+](=O)[O-])cc1O,1,0.6031146,0.6031,0.3957301,0.3957,0.6449940,493.5170,73
31.4996,34.5136,40.6858,0.6266616,Cc1ccc(Cl)cc1Nc1cc(Nc2ccccc2C#N)nc(-c2cccnc2)n1,1,0.6542916,0.6543,0.4266160,0.4266,0.9996725,412.8840,73
48.5677,49.5618,-13.0387,0.3043587,COC(=O)c1cc2cc(O)c(OC(O)C3CCCNC3)cc2s1,1,0.2130815,0.2131,0.5848145,0.5848,0.9999997,337.3970,73
26.2469,34.0090,45.7269,0.6644657,CC(C)c1noc(-c2ccc(N3CCN(C(=O)Nc4ccc(F)c(F)c4)CC3)nc2)n1,1,0.6231558,0.6232,0.6785354,0.6785,0.9986287,428.4430,73
24.3268,33.2292,-11.8573,0.1780992,COc1ccccc1NC(=O)N1CCN(C(=O)NCc2ccc(S(N)(=O)=O)cc2)CC1,1,0.0968213,0.0968,0.6369914,0.6370,0.9921070,447.5170,73
33.6539,38.5005,34.4789,0.6081620,CCN(Cc1ccccc1)c1ccc2cc(NS(=O)(=O)c3ccc(C)c(Cl)c3)ccc2n1,1,0.6609916,0.6610,0.3619871,0.3620,0.9581520,466.0060,73
38.8904,48.2742,20.7833,0.5754792,Cc1cccc(NC(=O)NN=Cc2c(C)nc(-c3cccc(C)c3)nc2N2CCNCC2)c1,1,0.5849336,0.5849,0.4134959,0.4135,0.9945070,443.5550,73
42.7170,46.3319,29.1304,0.6288525,Nc1cc(Br)c2nc(-c3ccccn3)nc(Nc3ccc(Cc4ncn[nH]4)cc3)c2c1,1,0.7209536,0.7210,0.3220659,0.3221,0.9209744,473.3380,73
27.0387,38.9132,-1.5477,0.3113792,Cc1ccc(N2CCCC2)cc1NC(=O)N1CCN(C(=O)N2CCc3ccccc3C2)CC1,1,0.2045573,0.2046,0.7591481,0.7591,0.9920593,447.5830,73
33.4656,41.1970,44.5877,0.7148729,CC(=O)N(c1ccc(C)cc1)c1nc2cc(C(=O)NC3CNNC3)sc2s1,1,0.7079042,0.7079,0.6255446,0.6255,0.9998850,401.5170,73
26.9711,31.3207,30.8027,0.5176953,COc1ccc(C(=O)Nc2ccc(S(=O)(=O)Nc3ccc(S(=O)(=O)N4CCCC4)cc3)cc2)cc1,1,0.6120331,0.6120,0.4733404,0.4733,0.1918540,515.6130,73
42.4123,49.7059,-33.6915,0.1334540,Cc1oc2ncn(S(=O)(=O)N(CCc3ccccc3)Cc3ccc(F)cc3)c(=O)c2c1C(=O)NCCN(C)C,1,0.1648877,0.1649,0.3022930,0.3023,0.0059175,555.6320,73
31.1352,36.2174,-21.1451,0.1256024,Cc1ccc2c(c1)C(c1nnc(N)o1)C(O)N2,1,0.0577984,0.0578,0.6735894,0.6736,0.9994870,232.2430,73
35.5738,46.1002,13.6247,0.4977081,COc1ccc(C(CNC(=O)Nc2cccc(C)c2)N2Cc3c(F)cccc3NC2=O)cc1,1,0.4521806,0.4522,0.4933608,0.4934,0.9913672,448.4980,73
27.1870,40.8738,37.0268,0.6491718,Cc1cc(NC(=O)c2cccc(S(=O)(=O)Nc3ccc(C(=O)N4CCc5ccccc54)cc3)c2)no1,1,0.7839216,0.7839,0.4067948,0.4068,0.4415070,502.5520,73
28.1844,35.2246,-1.3748,0.2820815,CCS(=O)(=O)Nc1ccc(C(=O)Nc2cc(C)nc(CN3CCOCC3)n2)cc1,1,0.1815184,0.1815,0.7011020,0.7011,0.9993974,419.5070,73
27.9258,39.7048,36.6875,0.6366022,NC(=O)c1ccc(NC(=O)N2CCCC2C(=O)N2CCc3c(N)cccc3C2)cc1,1,0.5873770,0.5874,0.6732476,0.6732,0.9998010,407.4740,73
35.6380,37.3945,4.2835,0.3473167,Cc1cccc2nc(CCNC(N)=NCc3ccc(NS(C)(=O)=O)cc3)cn12,1,0.2843525,0.2844,0.4122410,0.4122,0.9998952,400.5080,73
40.6976,39.4253,41.5120,0.6744775,CC1(C(N)=O)CCCN(S(=O)(=O)c2ccc(S(=O)(=O)N3CCc4ccccc4C3)cc2)C1,1,0.6408383,0.6408,0.7034106,0.7034,0.8871925,477.6080,73
37.0159,39.4181,20.1955,0.4967807,COc1cc(C=C2SC(=O)N(c3nc4cc(C)cc(C)c4o3)C2=O)cc(Cl)c1OC,1,0.4488558,0.4489,0.5009592,0.5010,0.9937894,444.8960,73
45.3723,51.1763,24.1204,0.6274731,CC(=O)Nc1ccc2c(c1)CCN(C(=O)c1cc3c(N(C)C)ccc([N+](=O)[O-])c3nn1)C2,1,0.6284784,0.6285,0.4948545,0.4949,0.9976166,434.4560,73
31.3738,33.6933,-16.9731,0.1393354,CSc1nc(C(=O)N(C)c2cccc(C)c2)c(C)o1,1,0.0636557,0.0637,0.8070127,0.8070,0.9999912,276.3610,73
41.1071,50.5212,18.0841,0.5717110,Cc1cc(C(=O)N2CCCC2CNc2ncc(N)s2)cc(Nc2ccccc2C)n1,1,0.5334782,0.5335,0.5509953,0.5510,0.9992021,422.5580,73
32.6208,40.0235,30.0800,0.5841953,CC(=O)N1CCN(c2cc(NCc3cccc(NC(=O)Nc4cccc(C)c4)c3)nc(C)n2)CC1,1,0.5725041,0.5725,0.4998384,0.4998,0.9193301,473.5810,73
39.3253,45.0536,11.6232,0.4723067,COc1cc(=O)cc(-c2ccccc2)c(N2CCN(S(=O)(=O)c3c(C)cc(C)cc3C)CC2)n1,1,0.4131133,0.4131,0.5568682,0.5569,0.8674648,479.6020,73
47.1731,51.3171,-5.4886,0.3819042,Cc1cnc(-c2ccccc2NC(=O)COCCNC(=O)c2cccc([N+](=O)[O-])c2Cl)nc1,1,0.3675616,0.3676,0.2781422,0.2781,0.9412376,469.8850,73
29.6266,28.5531,-13.7908,0.1230190,c1ccc2c(c1)NCN2Cc1ccc2ncccc2c1,1,0.0541355,0.0541,0.7632753,0.7633,0.9999648,261.3280,73
42.5098,42.4706,0.9570,0.3618966,COc1ccc(OC(C=CCC(=O)O)N2C(=O)c3ccccc3C2=O)c(C)c1,1,0.2728132,0.2728,0.5853257,0.5853,0.9999820,381.3840,73
34.6128,39.8403,14.2162,0.4504702,Cc1nc(N2CCN(c3nc(N)ccc3C)CC2)nc(-n2cccc2)n1,1,0.3452717,0.3453,0.7669499,0.7669,0.9999990,350.4300,73
43.8012,51.9095,13.3927,0.5441854,Cc1cc(C)nc(N2CCCC23CCCN(CC2(O)CN(Cc4ccc(F)c(F)c4)C2)C3)n1,1,0.4573512,0.4574,0.7450356,0.7450,0.9803154,457.5690,73
31.6476,31.0621,-18.5946,0.1038958,NC(=NNc1ccccc1[N+](=O)[O-])C(=O)c1ccccc1O,1,0.0582469,0.0582,0.2538257,0.2538,0.9999990,300.2740,73
30.9653,38.6987,42.2622,0.6746739,Cc1ccc(Nc2ccnc(CNC(=O)Nc3c(Cl)cccc3Cl)n2)cc1,1,0.6757456,0.6757,0.5511313,0.5511,0.9998766,402.2850,73
35.0794,34.9029,-0.7074,0.2849630,Cc1csc2c(NC34CCOCC3CN(C)C4)ncnc12,1,0.1703519,0.1704,0.9209328,0.9209,0.9999993,304.4190,73
37.9676,41.4569,21.0539,0.5209232,CCOC(=O)CN1C(=O)C(=NN=C(N)Nc2nc(C)cc(C)n2)c2cc([N+](=O)[O-])ccc21,1,0.6089357,0.6089,0.2181550,0.2182,0.9958789,440.4200,73
34.1648,37.2914,20.3485,0.4803328,CNc1nc(C2CCN(C)CC2)nc2c1CCN(C(=O)c1ncccc1C)C2,1,0.3638245,0.3638,0.8802233,0.8802,0.9999834,380.4960,73
37.3437,49.0775,15.3074,0.5365411,Cc1ccc(C)c(N2C(=O)NC(=C(O)c3ccc(OC(=O)c4ccncc4)c(C)c3)C2=O)c1,1,0.6461653,0.6462,0.2055881,0.2056,0.9945551,443.4590,73
32.6033,44.4737,18.6978,0.5264291,Cc1cccc(Nc2ccc(S(=O)(=O)N3CCN(C)CC3)cc2C(=O)N(C)CCN)c1,1,0.4481568,0.4482,0.6731879,0.6732,0.9933828,445.5890,73
29.3176,31.5746,20.7321,0.4358891,O=C(N1CCN(c2ccccn2)CC1)N(Cc1ccc(F)cc1)Cc1ccccn1,1,0.3451594,0.3452,0.6513993,0.6514,0.9998344,405.4770,73
36.8719,40.5580,9.0254,0.4131954,CN(NC(=O)c1ccc(NCc2cccs2)cc1[N+](=O)[O-])C(=O)O,1,0.3335529,0.3336,0.5619546,0.5620,0.9999990,350.3560,73
36.9118,41.4732,-21.1338,0.1694949,NC(=NCCc1ccc(-n2cccn2)nc1)Nc1ccc(S(=O)(=O)NC2CCCC2)cc1,1,0.1066885,0.1067,0.3551142,0.3551,0.9862947,453.5720,73
35.0730,37.6658,1.8349,0.3291722,CS(=O)(=O)Nc1ccc(NCCCCOc2ccc([N+](=O)[O-])cc2[N+](=O)[O-])cc1,1,0.2840180,0.2840,0.3166732,0.3167,0.9990516,424.4350,73
42.0031,49.8018,35.8248,0.7135549,NN1NOc2ccccc2CN1C(=O)C1CN(Cc2ccccc2)C1,1,0.6547286,0.6547,0.8145585,0.8146,0.9999996,339.3990,73
34.8891,44.0659,39.3712,0.6953090,Cc1cccc(CC2C3CN(C(=O)NC(C)C)CC3C(=O)N2c2ccccc2C)c1,1,0.6258564,0.6259,0.8380388,0.8380,0.9998334,405.5420,73
33.3096,40.5317,22.7752,0.5275572,COc1ccc(NC(=O)NNc2nc(Cl)c3c(C)c(N)sc3n2)cc1,1,0.5180341,0.5180,0.4084101,0.4084,0.9999858,378.8450,73
46.9349,65.4084,14.9049,0.6692777,CC(=CCC1COC2(CC(NC(N)=O)=NO2)O1)NC(=O)Nc1ccc(C)cc1Cl,1,0.6553991,0.6554,0.5894631,0.5895,0.9991007,423.8570,73
31.3131,40.3352,26.7899,0.5593760,O=C(NC(=NNc1ccc(C(=O)O)cc1)c1cccs1)Nc1ccc(F)cc1,1,0.6186708,0.6187,0.2940555,0.2941,0.9999136,398.4190,73
36.5395,39.2765,25.1484,0.5368740,O=C(COc1ccccc1C(=O)Nc1ccc(CN2C(=O)CNC2=O)cc1)NCCCc1ccccc1,1,0.6581142,0.6581,0.2763395,0.2763,0.4872236,500.5550,73
29.8572,32.6203,26.5040,0.4927030,NS(=O)(=O)c1cc(NC(=O)c2ccc(CO)o2)ccc1N1CCCCC1,1,0.3987425,0.3987,0.7252795,0.7253,0.9999850,379.4380,73
34.4576,42.7486,42.6776,0.7118850,Cc1cccc(N2CCN(c3cc(N4CCN(C)CC4)nc(Nc4ccncc4)n3)CC2O)c1,1,0.7161740,0.7162,0.5958904,0.5959,0.9741729,460.5860,73
25.6675,34.7855,-24.5796,0.0850492,Cc1ccc(Cl)cc1Oc1c(N)c(N)nn1N,1,0.0326990,0.0327,0.7038791,0.7039,0.9999288,253.6930,73
36.8967,49.0160,21.1864,0.5850196,NS(=O)(=O)Nc1ccc2cc(NC(=O)NCCN3CC=NN3)ccc2c1,1,0.5684116,0.5684,0.4949196,0.4949,0.9999875,377.4300,73
33.4168,41.2960,22.0291,0.5277089,O=C(NN=Cc1cc(Br)ccc1O)c1ccc(S(=O)(=O)NCCN2CCOC2=O)cc1,1,0.6490807,0.6491,0.3642534,0.3643,0.2600435,511.3540,73
47.2216,51.0552,37.1297,0.7348742,Cc1c(-c2cc(Nc3ccn(C)n3)ccc2O)nn(C2CCN(C(=O)O)CC2)c1F,1,0.7584553,0.7585,0.5641467,0.5641,0.9996220,414.4410,73
32.2249,41.1632,31.2920,0.6037929,CC(=O)c1cnc(N2C(=O)CSC2c2cccc(NC(=O)Nc3ccc(C)cc3)c2)s1,1,0.5850825,0.5851,0.5271232,0.5271,0.9874981,452.5610,73
32.5799,40.1217,35.6089,0.6310888,O=C(Nc1nc2cc(Cl)c([N+](=O)[O-])cc2s1)C1C2CCC(C2)N1C(=O)O,1,0.5981190,0.5981,0.6049394,0.6049,0.9999254,396.8120,73
37.6638,47.0143,9.8276,0.4736830,Cc1ccc(S(=O)(=O)NC(C(=O)N2Cc3ccccc3C2)C(c2ccc(O)c(O)c2)N2CCNCC2)cc1,1,0.7605922,0.7606,0.3418112,0.3418,0.0330554,536.6540,73
34.9729,46.8300,8.3538,0.4598650,Cc1ccc(-c2cc(-c3ccccc3)c(Cl)c(NC(=O)C(=O)NN=Cc3ccc(O)c(Cl)c3)n2)cc1,1,0.7150820,0.7151,0.1755206,0.1755,0.1436006,519.3880,73
56.9715,61.5721,-61.5721,0.0000000,C(CC1CN(C(=O)[C@H](N)Cc2ccccc2)CCN1Cc1oc2cccc(Nc3c(cccc3)N)n2c1=O)(O)=O,0,0.0000000,0.0000,0.0000000,0.0000,0.0000000,0.0000,73
33.0097,43.7764,2.8118,0.3882352,COc1cccc(CNCc2cccc(NS(=O)(=O)c3ccccc3)c2)c1NS(N)(=O)=O,1,0.3536239,0.3536,0.3542790,0.3543,0.8963270,476.5800,73
38.6711,46.2636,16.5674,0.5235912,Cc1cc(NC(=O)c2ccc(N3C(=O)C4C5CC6C(ON(c7ccccc7)C6C5)C4C3=O)cc2)no1,1,0.4817588,0.4818,0.5646702,0.5647,0.8063551,484.5120,73
38.7340,48.2167,17.0489,0.5438795,O=C(CCOC(=O)CN1CC2(CCN(C(=O)O)CC2)NC1=O)NC12CC3CC(CC(C3)C1)C2,1,0.5089664,0.5090,0.5139148,0.5139,0.9692177,462.5470,73
29.9307,38.6243,32.1995,0.5901986,Cc1cc2[nH]c(=O)[nH]c(=O)c2cc1C(=O)NNC(=O)c1ccc(NS(=O)(=O)c2ccccc2)cc1,1,0.7339738,0.7340,0.2631586,0.2632,0.6453312,493.5010,73
32.7310,40.5470,-17.6420,0.1908748,Cc1noc(C)c1C(=O)Nc1ccc(F)c(NC(=O)c2ccc(NS(=O)(=O)c3ccccc3)cc2)c1,1,0.1520026,0.1520,0.3306990,0.3307,0.3130853,508.5310,73
30.1944,39.6454,46.8906,0.7211337,COc1cc(NC(=O)C2CCc3cc(NS(=O)(=O)c4cccc(F)c4)ccc3O2)ncn1,1,0.7336449,0.7336,0.5828612,0.5829,0.9786466,458.4710,74
39.8800,47.8980,10.3245,0.4851878,Cc1cc(NC(=O)Nc2ccc(F)cc2)ccc1NC(=O)N1CCC(Nc2ccc(F)c(Cl)c2)C1,1,0.5379418,0.5379,0.3326454,0.3326,0.5011742,499.9490,74
45.4810,50.6220,-15.2468,0.2947929,Cc1ccc2c(c1)N(c1ncnc3c1C(C(C)(C)C)NC(=O)N3)Cc1ccccc1S2,1,0.2119048,0.2119,0.5087318,0.5087,0.9981727,431.5650,74
30.2217,37.7720,48.6934,0.7205448,CS(=O)(=O)NC1CCN(S(=O)(=O)NCc2cc(-c3ccc(F)cc3)no2)CC1,1,0.7027097,0.7027,0.6683777,0.6684,0.9980089,432.4990,74
48.5539,52.5738,-17.2333,0.2945040,Cc1ccc(S(=O)(=O)n2ccc3c(N4CCN(CCn5c(S(N)(=O)=O)cccc5=O)CC4)nc(Cl)nc32)cc1,1,0.8167329,0.8167,0.3128302,0.3128,0.0002069,592.1030,74
37.3948,44.8170,-20.7775,0.2003285,Cc1cc(-n2c(CNS(=O)(=O)N3CCCC3)n[nH]c2=S)c(C)cc1F,1,0.1082705,0.1083,0.7725636,0.7726,0.9999737,385.4900,74
33.6189,40.5567,7.2338,0.3982547,Cc1ccc(S(=O)(=O)NCCOc2ccc(C(=O)Nc3ccccc3C(=O)Nc3cccnc3)cc2)cc1,1,0.5927986,0.5928,0.2632300,0.2632,0.0563104,530.6060,74
42.4439,44.6309,22.2528,0.5573639,COc1n[nH]c2ccc(-c3nccc4c3CN(S(=O)(=O)c3ccc(C)cc3)CC4)cc12,1,0.5205245,0.5205,0.5292625,0.5293,0.9976023,434.5210,74
52.0742,67.2749,0.9892,0.5688674,COc1cc(C2C3C(=O)N(c4ccc(C#N)cc4C)CC3N3CN=C(c4ccccc4)CN23)cc(OC)c1O,1,0.7360351,0.7360,0.5447299,0.5447,0.1022017,523.5930,74
32.0309,36.9476,4.9492,0.3491400,Cc1ccc(-c2noc(C)c2CN2C(=O)CN(Cc3ccccc3)S2(=O)=O)cc1,1,0.2521717,0.2522,0.6443518,0.6444,0.9997121,411.4830,74
48.3131,52.6721,-11.1272,0.3462077,O=C(Nc1cc(Cn2ccnc2)cn2ccnc12)c1occc1CN1CCS(=O)(=O)CC1,1,0.2730489,0.2730,0.4710942,0.4711,0.9850738,454.5120,74
27.6422,36.6094,39.8741,0.6373627,O=C(Nc1cccc(N2CCNC2=O)c1)c1cnc(NCc2ccccn2)cn1,1,0.6091543,0.6092,0.5962052,0.5962,0.9999623,389.4190,74
37.7873,50.9597,15.9163,0.5572998,COc1ccc(S(=O)(=O)Nc2ccc(C(=O)O)c(NC(=O)N(C)c3ccc(C)c(C)c3)c2)cc1Cl,1,0.7328969,0.7329,0.3985810,0.3986,0.1601604,517.9910,74
37.0490,51.3845,10.9403,0.5193735,COc1ccc(-n2nc(C)c3c(c(C)nn3C(NC(N)=O)C(=O)O)c2=O)cc1,1,0.4593788,0.4594,0.5751836,0.5752,0.9999715,386.3680,74
29.6579,30.6924,24.0824,0.4564564,COc1cccc(C=C2C(=O)NC(=S)N(c3cc(Cl)ccc3OC)C2=O)c1,1,0.4015467,0.4015,0.4830014,0.4830,0.9998699,402.8590,74
29.9567,32.4871,22.1392,0.4552190,CCOc1c(Cl)cc(C=NNC(N)=O)cc1OCc1cccc(F)c1,1,0.3793057,0.3793,0.5816211,0.5816,0.9999957,365.7920,74
40.3383,47.8145,-30.4175,0.1449747,CN1NC(c2ccc(Cl)cc2F)NNC1=Nc1ccc(O)c(O)c1,1,0.0758727,0.0759,0.5323077,0.5323,0.9999988,351.7690,74
32.2529,35.8631,45.4669,0.6777498,Cc1nccn1-c1ccnc(N2CCC(c3nnc(-c4ccc(Cl)cc4)o3)CC2)n1,1,0.7031469,0.7031,0.4907372,0.4907,0.9992495,421.8920,74
34.6644,42.6531,25.5607,0.5684482,CCn1nc(C)cc1-c1cc(C(=O)Nc2ccc(CN3CCN(C(=O)O)CC3)cc2)no1,1,0.5147352,0.5147,0.6076617,0.6077,0.9965484,438.4880,74
34.9231,35.6744,-17.5318,0.1511885,CC1(C2CCCN2Cc2nc(-c3ccccn3)no2)COCCN1,1,0.0691155,0.0691,0.9100825,0.9101,0.9999998,329.4040,74
29.1049,40.7018,15.8582,0.4713335,NC(=O)c1ccc(NS(=O)(=O)c2cccc(C(=O)Nc3cccc(C(=O)N4CCc5ccccc54)c3)c2)cc1,1,0.8060271,0.8060,0.3247421,0.3247,0.0232145,540.6010,74
38.8225,44.1828,16.5171,0.5058326,O=C(Nc1ccc2[nH]c(=O)sc2c1)NC12CC1C(=O)Nc1ccc(Cl)cc12,1,0.4526932,0.4527,0.5305709,0.5306,0.9998919,400.8470,74
34.0046,35.0100,5.7637,0.3397806,COC(=O)CCCCN1CCN(C(=O)c2ccc3sc(C)nc3c2)CC1,1,0.2507330,0.2507,0.5737932,0.5738,0.9999895,375.4940,74
36.0008,44.9466,9.3132,0.4521649,Cc1nnc(CN(C)c2ccc(N3CCN(C(=O)Nc4cccc(C(F)(F)F)c4)CC3)cc2[N+](=O)[O-])n1C,1,0.6570815,0.6571,0.3766602,0.3767,0.0476139,532.5270,74
45.1035,61.6256,-30.8119,0.2567805,COc1ccc(C2CN(C(C)c3ccccn3)C3N(NC(=O)Nc4cc(C)ccc4C)C=CN23)cc1OC,1,0.2240002,0.2240,0.4620700,0.4621,0.2062837,514.6300,74
43.2310,53.7540,-13.1753,0.3381564,COc1ccc(-c2ccc([N+](=O)[O-])c(N)n2)c(OS(=O)(=O)c2ccc(NC(=O)c3ccc(F)cc3)cc2)c1,1,0.5710100,0.5710,0.1878286,0.1878,0.0279993,538.5130,74
36.9342,44.4796,36.1885,0.6722335,Cc1cccc(Nc2cccc(NC3CN(S(=O)(=O)c4cc(F)cc(F)c4)C3)n2)c1,1,0.6499727,0.6500,0.6206220,0.6206,0.9983462,430.4800,74
32.3910,34.9053,-23.7810,0.0927023,CN1CCC=CP1(=O)NC(=O)O,1,0.0386405,0.0386,0.6111131,0.6111,0.9758008,190.1390,74
34.0700,39.5599,9.1559,0.4059647,O=C(CNC1CCN(c2ccccn2)C1)Nc1cccc(NC(=O)c2cccs2)c1,1,0.3280613,0.3281,0.5454517,0.5455,0.9992744,421.5260,74
38.7086,42.1537,14.3131,0.4705562,COc1ccc(S(=O)(=O)NC2(C)CCN(c3ccc([N+](=O)[O-])c(C)c3)C2)cc1OC,1,0.4094926,0.4095,0.5257347,0.5257,0.9973761,435.5020,74
45.1157,55.0431,-36.7790,0.1522006,Cc1ccc(NC(=O)N2CCN(c3cc(-c4cc(C(=O)N(C)S(=O)(=O)N(C)C)no4)ccn3)CC2)cc1C,1,0.1433340,0.1433,0.5037105,0.5037,0.0211523,541.6340,74
26.8348,33.3158,-0.7480,0.2713978,COc1ccc(CC(NS(=O)(=O)c2ccccc2)C(=O)Nc2cc(C)ccn2)cc1,1,0.1814984,0.1815,0.5783686,0.5784,0.9989530,425.5100,74
34.7956,38.8900,-10.9647,0.2327108,Cc1ccc(S(=O)(=O)N2CCC(C(=O)N3CCN(Cc4cccc5c4N(C)CCC5)CC3)CC2)cc1,1,0.1721418,0.1721,0.6186052,0.6186,0.2717274,510.7040,74
28.5336,30.7448,-19.0327,0.0976008,COc1cc(C=NNC(N)=S)ccc1Oc1ccc(C)cc1[N+](=O)[O-],1,0.0485038,0.0485,0.3524132,0.3524,0.9999974,360.3950,74
29.9445,41.7491,-16.3544,0.2116230,Cc1csc(-c2ccc(N3CCN(C)CC3)c(NC(=O)NC3CCC(=O)NC3)c2)n1,1,0.1207017,0.1207,0.6952138,0.6952,0.9986137,428.5620,74
40.2123,49.3515,7.5091,0.4738384,CS(=O)(=O)N1CCC2(CC1)CN(C(=O)c1cccc(N3CCNC3=O)c1)C2c1nc2ccccc2s1,1,0.5752357,0.5752,0.5640875,0.5641,0.0860376,525.6560,74
27.9275,35.0410,50.1312,0.7097683,O=C(Nc1cccc(-n2cnnn2)c1)N(Cc1ccc(F)cc1)Cc1ccc(F)cc1,1,0.7437163,0.7437,0.5079253,0.5079,0.9993444,420.4230,74
39.2160,38.8711,24.4047,0.5272987,FC(F)(F)Oc1ccc2nc(N3CC(N4CCN(c5cc(Cl)cc(Cl)c5)CC4)C3)sc2c1,1,0.5627455,0.5627,0.4689128,0.4689,0.4228622,503.3770,74
36.6647,40.2365,-15.3559,0.2073384,Cc1cccc(OC(C)c2nnc(SCc3nc4ccccc4n3Cc3cccc(Cl)c3)n2C)c1C,1,0.2148373,0.2148,0.2090900,0.2091,0.1589873,518.0860,74
35.3315,44.1348,32.4858,0.6385044,Nc1ncnc2c(N3CCN(c4nnc(NS(=O)(=O)c5ccc(F)cc5)s4)CC3)cccc12,1,0.6924153,0.6924,0.4363372,0.4363,0.7752249,486.5580,74
34.7999,37.8189,42.2619,0.6673403,Cc1[nH]c(C=C2C(=O)NN(c3ccccc3)C2=O)c(O)c1C(=O)Nc1ccc(C(=O)O)cc1,1,0.7924294,0.7924,0.2998684,0.2999,0.9928608,446.4190,74
43.4472,50.4065,14.0341,0.5370052,CC(=O)NCc1cc2c(c(-c3cc(F)ccc3C(=O)Nc3cccc(-c4nnnn4C)c3)c1)OCO2,1,0.5472723,0.5473,0.4272811,0.4273,0.7429051,488.4790,74
37.0204,41.5807,24.6622,0.5520239,Nc1c(C(=O)Nc2ncccc2O)sc2nccc(-c3cccc(OCc4ccc(F)cc4)c3)c12,1,0.6335906,0.6336,0.2874818,0.2875,0.7757059,486.5280,74
30.0900,34.3857,24.7756,0.4930112,O=S1(=O)CCN(S(=O)(=O)NCC2CCCN(S(=O)(=O)c3cccs3)C2)CC1,1,0.4172754,0.4173,0.6268183,0.6268,0.9802228,457.6210,74
44.8362,50.1148,-24.5040,0.2134237,O=C(Cn1nnnc1Cl)N1CCC(Nc2nc3c(-c4ccc(Cl)cc4)cccc3s2)C1,1,0.1382832,0.1383,0.4711006,0.4711,0.9137230,474.3770,74
35.8663,41.2183,-18.0598,0.1929872,NS(=O)(=O)NCCCOc1ccc2c(=O)sc(=S)[nH]c2c1,1,0.1143125,0.1143,0.5300472,0.5300,0.9999992,347.4430,74
35.6447,43.3549,-18.0033,0.2112631,Nc1ncc(-c2ccc(CN3CCC4(C3)ONC(=O)O4)cc2)cc1Cl,1,0.1127677,0.1128,0.8739231,0.8739,0.9999973,360.8010,74
56.2374,63.6417,18.4515,0.6841100,Cc1cccc2nc(Cl)c(S(=O)(=O)N3CC4(C3)OCCN4c3cc(O)c(=O)n(C)c3)n12,1,0.6728350,0.6728,0.6125760,0.6126,0.9584721,465.9190,74
31.2859,37.3303,14.0057,0.4278001,Cc1ccccc1Nc1nccc(Cn2ccnc2-c2ccsc2)n1,1,0.3478325,0.3478,0.5773096,0.5773,0.9999992,347.4470,74
35.8705,39.6215,-19.4472,0.1681189,Cc1cc(C)n(-c2ccc(C(=O)Nc3cc(C#N)ccc3-c3cccs3)cn2)n1,1,0.0935018,0.0935,0.5373205,0.5373,0.9999047,399.4790,74
36.9387,41.8616,7.7573,0.4134903,Cc1ccc(C)c(CN(c2nc3ccccc3s2)S(=O)(=O)c2ccc(NC(=O)Nc3ccccc3)cc2)c1,1,0.7552899,0.7553,0.2327375,0.2327,0.0192364,542.6860,74
31.0438,37.4176,5.4509,0.3572379,CC1CN(S(=O)(=O)NCCC(=O)Nc2ccc(C(=O)N3CCN(C)CC3)cc2)CC(C)O1,1,0.2679825,0.2680,0.5985802,0.5986,0.9518867,467.5920,74
33.6759,44.3105,36.3289,0.6719951,COc1cccc(CNC(=O)Nc2cccc(C(=O)Nc3ccc(N4CCNS4(=O)=O)cc3)c2)c1,1,0.7915608,0.7916,0.4006513,0.4007,0.6008112,495.5610,74
30.8087,30.6667,-13.9524,0.1392861,CCNC(=O)C(C)N(Cc1ccc(C)cc1)C(=O)CN(c1cccc(C)c1C)S(=O)(=O)c1ccccc1,1,0.1031970,0.1032,0.4295375,0.4295,0.1195102,521.6830,74
39.5756,44.9879,50.8346,0.7985207,COc1cccc(C2c3cc(C)ccc3NC3=CN(S(=O)(=O)c4cccc(C)c4)CCN32)c1,1,0.8370591,0.8371,0.6137726,0.6138,0.9717489,461.5870,74
31.7898,34.1667,42.2730,0.6369975,COc1ccc(C(=O)NN=CC=Cc2cc(-c3ccccc3)on2)cc1,1,0.6248951,0.6249,0.5437056,0.5437,0.9999992,347.3740,74
33.7872,42.0985,32.0340,0.6177706,COc1ccc(C(=O)N2CCN(C(=O)NCc3ccc(Cl)cc3)c3ccccc32)cc1[N+](=O)[O-],1,0.6573571,0.6574,0.4230127,0.4230,0.8530141,480.9080,74
29.3675,33.9320,46.5865,0.6709873,O=C(Nc1ccc(NS(=O)(=O)c2ccc(F)cc2)cc1Cl)c1cccc2ncccc12,1,0.7172701,0.7173,0.4389229,0.4389,0.9830759,455.8980,74
28.7696,35.1507,17.4130,0.4380306,CN1CCN(c2ccc3c(=O)n(Cc4nc(N)nc(N)n4)cnc3c2)CC1,1,0.3507357,0.3507,0.6310935,0.6311,0.9999951,367.4170,74
29.1277,25.8230,4.2346,0.2504800,Cc1noc(C)c1CC(=O)NCc1ncn[nH]1,1,0.1479153,0.1479,0.7923248,0.7923,0.9996110,235.2470,74
24.8873,33.9994,9.1396,0.3594910,O=C(O)c1ccccc1NC(=O)N1CCN(c2ccc(I)cn2)CC1,1,0.2571820,0.2572,0.7002515,0.7003,0.9878446,452.2520,74
35.6726,41.7445,12.6318,0.4531358,O=C(NC1CCN(C(=O)Nc2ccccc2)C1)c1ccc(Cl)c2c1CSC2,1,0.3424910,0.3425,0.8126353,0.8126,0.9998807,401.9190,74
27.2534,29.8017,46.7930,0.6382896,Cc1cc(C)cc(-c2noc(Cn3cnc4ccccc4c3=O)n2)c1,1,0.6164121,0.6164,0.5761559,0.5762,0.9999998,332.3630,74
28.4533,37.5169,23.2091,0.5060497,Cc1ccc(NC(=O)CNc2cc(N)nc(-c3ccc(F)cc3)n2)nc1,1,0.4271161,0.4271,0.6517113,0.6517,0.9999987,352.3730,74
43.0061,48.0362,30.8339,0.6572512,COc1ccc(N2CCN3C(=O)OC(c4ccc(Nc5c(O)c(=O)c5=O)cc4)C3C2)cc1,1,0.6395447,0.6395,0.5870510,0.5871,0.9973920,435.4360,75
22.7855,34.2335,-16.6037,0.1469150,COc1ccc(NC(=O)Nc2ccc(NS(N)(=O)=O)cc2C)cc1OC,1,0.0743654,0.0744,0.6102891,0.6103,0.9999835,380.4260,75
28.2862,40.0066,23.9079,0.5326211,COc1ccc(C=NN=C2NC(=O)N(c3ccc(C(=O)O)cc3)C2=O)cc1,1,0.5028400,0.5028,0.4754320,0.4754,0.9999955,366.3330,75
37.5201,37.0500,44.3803,0.6785853,COc1cccc(C2CCCN2C(=O)CN2CCC3(CC2)N=C(c2ccccc2)C(=O)N3)c1,1,0.6206759,0.6207,0.7666020,0.7666,0.9927741,446.5510,75
33.4607,40.1987,28.8297,0.5752369,NC(=O)c1ccc(S(=O)(=O)N2CCN(c3nc(C4CC4)nn3C(F)F)CC2)cc1,1,0.4944414,0.4944,0.7414463,0.7414,0.9988585,426.4490,75
34.4313,38.6889,29.0444,0.5644449,Cc1oc(-c2csc(N)n2)nc1-c1nc(-c2cnccn2)no1,1,0.5108596,0.5109,0.6012464,0.6012,0.9999999,327.3290,75
40.6415,52.8813,21.6711,0.6212699,Cc1ccc(S(=O)(=O)Nc2cnn(C3(c4ccccc4)CCN(c4cccc(N)n4)C3)c2)cc1,1,0.6481374,0.6481,0.4421101,0.4421,0.9121640,474.5900,75
34.3329,44.1594,20.2171,0.5364706,CNCc1nc(C)c(CN2CCN(S(=O)(=O)N3CC(C)OC(C)C3)CC2)o1,1,0.4500411,0.4500,0.7267279,0.7267,0.9998848,401.5330,75
39.5662,42.8422,-37.9593,0.0406907,Cc1nc2cc(S(=O)(=O)NCC(C)N3CCc4ccccc43)ccc2c(=O)[nH]1,1,0.0114948,0.0115,0.6850810,0.6851,0.9999130,398.4880,75
30.3239,35.7900,11.8803,0.3972519,Cc1cccn2cc(C(=O)N3Cc4cc(N)cnc4C3)nc12,1,0.2912897,0.2913,0.7416386,0.7416,0.9999982,293.3300,75
28.3587,40.2684,49.9498,0.7518182,Cc1ccc(C2CC(C(=O)Nc3ccc(NS(=O)(=O)c4ccc(C)cc4C)cn3)NN2)cc1,1,0.8438472,0.8438,0.4441942,0.4442,0.9597008,465.5790,75
37.0549,49.5229,19.2044,0.5727277,O=C(O)c1cccc(N2NC3C(C(=O)NCc4cccc(O)c4)NNC32)c1,1,0.5734057,0.5734,0.4316436,0.4316,0.9999940,369.3810,75
31.8320,36.3789,32.0736,0.5704371,CN1C(=O)Cc2cc(S(=O)(=O)N3CCN(Cc4csc(-c5ccoc5)n4)CC3)ccc21,1,0.5246576,0.5247,0.5837145,0.5837,0.9784650,458.5650,75
47.0647,46.4840,22.4602,0.5745348,CCCc1cc(Nc2cc3cnc4c(c3cn2)COC4)ccn1,1,0.4837351,0.4837,0.7951609,0.7952,0.9999995,306.3690,75
37.6034,49.1609,-17.2180,0.2661907,CCCCN1CCCc2cc(C=C3NC(NC(=O)Nc4cccc(C)c4)C(=O)S3)ccc21,1,0.1760934,0.1761,0.5863377,0.5863,0.9895347,450.6080,75
38.4091,48.3692,39.8012,0.7347537,Cc1noc(-c2cc(S(=O)(=O)N3CCN=C3Nc3ccc4ccccc4c3)c(C)o2)n1,1,0.7768671,0.7769,0.5190150,0.5190,0.9968532,437.4810,75
24.9957,32.8622,20.1865,0.4420724,Cc1cccnc1N1CCN(C(=O)N2CCc3nc(N)sc3C2)CC1,1,0.3275055,0.3275,0.8398512,0.8399,0.9999978,358.4710,75
30.5205,39.2698,21.9755,0.5103774,CSc1nnc(CN(C)C(C)C(=O)Nc2ccc(C)cc2C)n1N,1,0.4403763,0.4404,0.6110457,0.6110,0.9999991,348.4760,75
34.7983,38.7761,29.1774,0.5662798,Cc1cc(C)cc(NC(=O)c2nc(-c3cccc4c3NC(=O)C4)n[nH]2)c1,1,0.4958885,0.4959,0.6781273,0.6781,0.9999992,347.3780,75
36.9228,43.7266,45.0257,0.7396022,O=C1CNC2NNNC2N1C(=O)Nc1ccn(-c2cccc(Cl)c2)n1,1,0.7921283,0.7921,0.5002731,0.5003,0.9999968,362.7810,75
39.6064,47.5115,20.7011,0.5684391,O=C1CN(S(=O)(=O)N2CCC3(CC2)C(=O)N(c2ccc(Cl)cc2)C3c2ccc(O)cc2)CCN1,1,0.5864271,0.5864,0.6177929,0.6178,0.3869506,504.9960,75
25.9131,31.5922,52.2115,0.6983646,O=C(CC12CC3CC(CC(C3)C1)C2)NNC(=O)Nc1cccc(C(=O)O)c1,1,0.6896346,0.6896,0.6098825,0.6099,0.9999928,371.4370,75
37.9404,42.5646,0.9367,0.3625108,Cc1ccc(S(=O)(=O)Nc2ccccc2NC2NC(=Cc3ccccc3)C(=O)N2C)cc1,1,0.2861661,0.2862,0.5015711,0.5016,0.9913276,448.5480,75
39.8701,43.0328,-43.0328,0.0000000,c1nc2n(nc(c(c2=O)C)N2CCN(C(C3CCN(C(C4CC4)=O)CC3)=O)CC2)cc1,0,0.0000000,0.0000,0.0000000,0.0000,0.0000000,0.0000,75
32.0850,48.7670,-6.6631,0.3508654,COc1cc(NS(=O)(=O)N2CCN(c3ncccn3)CC2)cc(OC)c1OC(=O)c1ccc([N+](=O)[O-])cc1,1,0.6571134,0.6571,0.1813183,0.1813,0.0162570,544.5460,75
36.6837,48.3993,8.7854,0.4765392,Cc1cc(NS(=O)(=O)c2ccc(NC(=O)c3ccc(N=NN)c(F)c3F)cc2)nc(C)n1,1,0.4956846,0.4957,0.2906848,0.2907,0.9720833,461.4540,75
31.8634,39.6304,-0.8372,0.3232767,Nc1ccnc(N2CC3c4ccccc4CCN3CC2O)c1,1,0.2099549,0.2100,0.8325908,0.8326,0.9999986,296.3740,75
36.3037,45.2599,42.7298,0.7332475,Cc1cccc(S(=O)(=O)Nc2nc(C(=O)N3CC(N)C4CCCCC4C3)cs2)c1,1,0.6920264,0.6920,0.7697472,0.7697,0.9975877,434.5870,75
39.7630,45.8814,39.9468,0.7152345,NS(=O)(=O)c1cc(C2CON(C(=O)Nc3ccc(F)cc3)O2)ccn1,1,0.6507447,0.6507,0.8419884,0.8420,0.9999946,368.3460,75
52.2951,52.5761,-30.1496,0.1868875,Cc1ncsc1C(=O)N1CCC(Sc2cc([N+](=O)[O-])c3c(n2)NCCCCC3)CC1,1,0.1081106,0.1081,0.5509275,0.5509,0.9920571,447.5860,75
39.5800,49.8292,-18.4290,0.2616684,COc1ccc(C(=O)Nc2ccc(CN3CCN(CC(=O)N(C)Cc4cccc(Cl)c4)CC3)c(F)c2)cc1OC,1,0.4793893,0.4794,0.3874952,0.3875,0.0017225,569.0770,75
35.1654,42.0175,27.4469,0.5788693,COc1ccc(Oc2nc(Nc3nnc(C)s3)nc(Oc3cccc(C)c3)n2)c(F)c1,1,0.5819940,0.5820,0.4330995,0.4331,0.9958638,440.4600,75
42.4717,46.8656,27.9156,0.6231764,Cc1cc(-c2noc(CNC(=O)c3cccc(F)c3)n2)ccc1CN1CCC(C(=O)c2ccccc2)CC1,1,0.8598176,0.8598,0.3262807,0.3263,0.2388266,512.5850,75
29.8605,39.1858,-20.3748,0.1567589,Cc1ccc(S(=O)(=O)Nc2ccc3oc(-c4ccc(NS(=O)(=O)c5ccccc5F)cc4)nc3c2)cc1,1,0.1676697,0.1677,0.2812893,0.2813,0.0303972,537.5940,75
33.9883,40.4914,4.1280,0.3718283,Cc1ccccc1C(O)CN1C(=O)NC2(CNc3ccccc32)C1=O,1,0.2644440,0.2644,0.7473850,0.7474,0.9999997,337.3790,75
30.6463,38.0380,41.5904,0.6635698,Cc1ccc(Cl)cc1NC(=O)N1CCc2cc(NS(=O)(=O)c3ccccc3F)ccc2C1,1,0.6693256,0.6693,0.5477503,0.5478,0.9167242,473.9570,75
29.3076,34.9798,43.5016,0.6540117,Cc1cc(S(=O)(=O)N2CCOCC2)cn1Cc1ccc(NS(=O)(=O)c2ccccc2)cc1,1,0.6505203,0.6505,0.5666492,0.5666,0.9044830,475.5920,75
31.2436,38.4083,-20.3238,0.1507046,Fc1ccc(COc2ccc(NC(=S)Nc3cnn(Cc4cccnc4)c3)nc2)cc1,1,0.0857662,0.0858,0.4212555,0.4213,0.9976069,434.5000,75
27.9560,30.4795,-20.6289,0.0820882,Cc1cc(C=NNc2nc3ccccc3o2)ccc1Cl,1,0.0328781,0.0329,0.5784021,0.5784,0.9999963,285.7340,75
31.3349,37.9132,41.6393,0.6629371,O=C(NCc1ccc(-n2cccc2)nc1)N1CCN(c2nc3ccccc3s2)CC1,1,0.6591713,0.6592,0.5507914,0.5508,0.9994494,418.5260,75
41.8664,57.8617,-2.3407,0.4626747,CN1C(=O)N(c2cc(C(=O)O)cc(C(=O)O)c2)C(=O)C12NNC2C=NNc1ccc([N+](=O)[O-])cc1,1,0.5773831,0.5774,0.1598998,0.1599,0.8218881,483.3970,75
41.1379,52.3990,-12.1683,0.3352557,CC1(C)OC2C(O1)C1C=CC2C12C1C=CC2N2C(=O)N(O)C(=O)C12,1,0.2716268,0.2716,0.4054866,0.4055,0.9999998,330.3400,75
43.9297,51.2222,11.7237,0.5245490,Cc1cc(Oc2ccc(CC(CO)NC(=O)c3ccccc3Cl)cc2)nc2c1NC(=O)CN2,1,0.5119138,0.5119,0.4234727,0.4235,0.9546235,466.9250,75
31.4739,39.5044,20.8952,0.5033298,CSc1nnc(NC(=O)c2ccc3c(c2)N(C)C(c2ccc(C)cc2)N3)s1,1,0.4564380,0.4564,0.5028568,0.5029,0.9999204,397.5290,75
23.0443,25.1601,49.0027,0.6180236,Cc1ccc(OCC(=O)NN=Cc2ccc(C(=O)O)cc2)cc1,1,0.5732452,0.5732,0.6321700,0.6322,0.9999997,312.3250,75
30.3178,41.2048,28.8779,0.5840224,COc1ccc(NCc2ccc(NS(=O)(=O)N3CCCC3)cc2)cc1O,1,0.5156312,0.5156,0.6901812,0.6902,0.9999874,377.4660,75
35.6971,46.7975,29.1672,0.6330391,N=c1sc2c(C(N)=O)nc(Nc3ccc(F)cc3)nc2c(=O)n1-c1ccc(F)cc1,1,0.6489583,0.6490,0.4619989,0.4620,0.9988628,426.4080,75
34.9461,46.0762,1.2869,0.3946928,CNC(=O)c1ccccc1NC(=O)c1nccnc1NCC(C)(C)N1CCN(C)CC1,1,0.3040730,0.3041,0.6181614,0.6182,0.9989504,425.5370,75
35.7598,48.0958,-33.1777,0.1243180,Cc1ccc(NC2C(C(=O)Nc3ccc(C(=O)O)cc3)C3CCC2N3Cc2cccc(C)c2)cc1,1,0.0644734,0.0645,0.4494082,0.4494,0.9427474,469.5850,75
33.7986,39.5887,-0.9945,0.3216184,Cc1ccc(C2(CNC(=O)Nc3ccc(C)c(C)c3)Nc3ccccc3O2)cc1,1,0.2306207,0.2306,0.5842071,0.5842,0.9999684,387.4830,75
26.3620,33.9048,-11.1077,0.1899758,Cc1cc(C)c2nc(N3CCN(C(=O)Nc4nnc(C)s4)CC3)c(C)cc2c1,1,0.1026001,0.1026,0.7153021,0.7153,0.9999274,396.5200,75
37.4435,51.5571,-3.6170,0.3995012,Cc1cccc(N2CCN(C3CN(c4cccc(C(=O)Nc5ccc6oc(=O)n(C)c6c5)c4)S(=O)(=O)C3)CC2)c1,1,0.7893719,0.7894,0.3991386,0.3991,0.0034038,561.6640,75
40.4718,56.7340,-56.7340,0.0000000,n12c(cc(C(=O)NC(NS(=O)(=O)c3ccc(c(c3)C)C)=O)nc1cccc2)N1CCN(CC1)c1ncccn1,0,0.0000000,0.0000,0.0000000,0.0000,0.0000000,0.0000,75
30.4847,33.4460,3.1250,0.3047583,CC(NC(=O)c1ccc(S(=O)(=O)N(C)Cc2ccccn2)cc1)c1ccccc1,1,0.2072583,0.2073,0.6486913,0.6487,0.9997599,409.5110,75
34.4392,43.5994,29.2272,0.6068889,CC1=CN(C2CCN(Cc3ccccn3)C2)NC1c1ccc(F)cc1,1,0.5006571,0.5007,0.9271602,0.9272,0.9999996,338.4300,75
37.6399,39.9668,-6.5640,0.2783568,COc1ccccc1C(NC(=O)C1Cc2ccccc2N1S(=O)(=O)N(C)C)c1ccccc1,1,0.1889676,0.1890,0.5815435,0.5815,0.9597151,465.5750,75
33.1892,36.5689,-19.9579,0.1384251,C#Cc1ccc(NC=C2Nc3ccccc3N2)cc1,1,0.0653715,0.0654,0.7116105,0.7116,0.9998718,247.3010,75
25.9523,38.0586,3.9929,0.3504291,Cc1nc(NCc2ccc(CN3CCCC3)cc2)cc(N2CCN(C(=O)NC(C)(C)C)CC2)n1,1,0.2512460,0.2512,0.6786407,0.6786,0.9594615,465.6460,75
30.4390,42.2045,13.0309,0.4602957,Cc1ccc(C(=O)Nc2ccc(Cl)cc2C(=O)N(C)N2C(=O)NC3(CCCCC3)C2=O)cc1,1,0.3749066,0.3749,0.6584745,0.6585,0.9458660,468.9410,75
38.8757,47.6122,18.1029,0.5476257,Cn1ncnc1CN(CC1CCN(c2nc3ccccc3o2)C1)C1CO1,1,0.4843176,0.4843,0.6229650,0.6230,0.9999985,354.4140,75
37.0647,47.2281,21.5894,0.5734786,CC(=O)NC1(c2ccccc2)NC(=O)N(NC(=O)c2cc(-c3ccc(Cl)c([N+](=O)[O-])c3)n[nH]2)C1=O,1,0.7514809,0.7515,0.2275077,0.2275,0.5492302,497.8550,75
39.3864,41.3714,-21.2968,0.1672885,CN(CCc1ccccc1)CC1CCN1C(=O)c1ccc(C(N)=O)cc1O,1,0.0833948,0.0834,0.7822485,0.7822,0.9999950,367.4490,75
30.4178,35.4468,26.6650,0.5175984,Cc1ccccc1Nc1nc(Nc2ncccn2)nc(Nc2ccccc2F)n1,1,0.4908301,0.4908,0.4484488,0.4484,0.9999656,388.4100,75
34.8687,36.9080,47.0073,0.6992939,NCc1cccc(-c2ccc(-c3ccccc3)c(CCON)c2)c1,1,0.6705350,0.6705,0.6773663,0.6774,0.9999998,318.4200,75
27.7059,34.1102,8.3985,0.3542390,NC(CC(=O)N1CCN(C(=O)Nc2ccc(OC(F)(F)F)cc2)CC1)=NO,1,0.3169645,0.3170,0.3111380,0.3111,0.9999626,389.3340,76
29.8937,29.5353,-17.0309,0.1042030,COc1cc(Br)cc(NCc2cncs2)c1N,1,0.0413930,0.0414,0.8514464,0.8514,0.9999997,314.2080,76
31.6260,42.1080,3.4913,0.3799938,CN(CCNC(=O)Nc1ccc(N2CCOCC2)cc1NS(=O)(=O)c1ccc(F)cc1)c1ccccc1,1,0.4768599,0.4769,0.3920795,0.3921,0.0728251,527.6220,76
32.5571,42.6721,-20.1535,0.1876554,Cc1ccc(C(=O)O)cc1S(=O)(=O)Nc1cc(C(N)=O)ccc1N1CCN(Cc2cccs2)CC1,1,0.1469829,0.1470,0.4208455,0.4208,0.2062985,514.6290,76
32.7788,36.6318,48.7612,0.7116087,CN(C)S(=O)(=O)c1nnc(CN2CCN(C(=O)c3ccc4ccccc4c3)CC2)n1C,1,0.7158988,0.7159,0.5892719,0.5893,0.9949925,442.5450,76
34.4016,33.2773,-33.2772,0.0000007,CNC(=O)C(Cc1ccccc1)N(Cc1c(Cl)cccc1Cl)C(=O)CN(c1c(C)cccc1[N+](=O)[O-])S(C)(=O)=O,1,0.0000000,0.0000,0.2547863,0.2548,0.0000501,607.5160,76
27.2157,33.4210,15.1574,0.4048199,Cc1ccc(S(=O)(=O)N2CCN(c3ncc(C)c(Nc4ccc(C#N)cc4)n3)CC2)cc1,1,0.3126138,0.3126,0.6392527,0.6393,0.9913245,448.5520,76
40.4382,52.3059,-16.1877,0.3009849,O=C(O)CN(CC1(c2cccs2)CC1)C(=O)NCc1cc(-c2cccs2)[nH]n1,1,0.2165143,0.2165,0.5231420,0.5231,0.9995419,416.5280,76
37.4202,49.6135,32.9442,0.6879807,Cc1ccc(NC2CCN(S(=O)(=O)c3ccc(N4CCNC4=O)cn3)CC2O)nc1,1,0.6691486,0.6691,0.6294851,0.6295,0.9980076,432.5060,76
34.0163,42.0534,25.8370,0.5657533,Cc1ccc(NC(=O)N2CCN(Cc3sccc3C)C(c3cccs3)C2)cc1Cl,1,0.5345882,0.5346,0.5206798,0.5207,0.9931034,446.0410,76
34.9425,44.1079,-11.4607,0.2720605,Cc1ccc(S(=O)(=O)Nc2cccc(C3N(Cc4cccc(Br)c4)CCN3C(C)C)c2)cc1,1,0.2928124,0.2928,0.4224249,0.4224,0.0674573,528.5160,76
28.9255,29.1943,-3.0588,0.2177959,Cc1cccc(OC(C)C(=O)Nc2ccccc2C(=O)NC(C)c2ccccc2)c1,1,0.1317046,0.1317,0.5911153,0.5911,0.9998742,402.4940,76
36.9022,56.3386,-11.7637,0.3714571,Cc1ccc(NC(=O)N2CCN(c3cc(C4=NN(S(=O)(=O)c5ccc(C)cc5)CCN4C)nc(C)n3)CC2)cc1,1,0.6729671,0.6730,0.5084364,0.5084,0.0030950,562.7000,76
38.1897,41.1982,22.2398,0.5286497,CNc1cc(NCc2nn(-c3ccccc3)cc(C)c2=O)nc(C)n1,1,0.4378191,0.4378,0.7435473,0.7435,0.9999997,336.3990,76
25.4184,30.7849,-21.7131,0.0755980,O=C(CCl)N1CCN(Cc2nccn2-c2ncccn2)CC1,1,0.0269393,0.0269,0.7694813,0.7695,0.9999999,320.7840,76
44.1266,50.6849,-10.6679,0.3334755,Cc1ccc(NC(=O)NCCc2cccc3[nH]c(S(=O)(=O)N4CCN(c5cc(C)ccc5C)CC4)cc23)cc1,1,0.5344307,0.5344,0.3055484,0.3055,0.0146298,545.7090,76
45.2606,53.3918,-8.7985,0.3716111,Cc1ccc(S(=O)(=O)Nc2cc(Cl)ccc2OC2CCN(C3Cc4ccc(N=O)cc4C3)C2)cc1,1,0.3788604,0.3789,0.4249544,0.4250,0.2482259,512.0310,76
29.7686,38.4518,25.1394,0.5299265,Cc1ccc(C)c(NC(=O)N2CCN(CC(=O)NC3CC3)C(c3ccccn3)C2)c1,1,0.4303995,0.4304,0.7990434,0.7990,0.9998002,407.5180,76
34.2889,36.7369,31.2910,0.5668996,CN1CCN(c2ccc(-c3ccnc(N)n3)cc2NC(=O)Cc2cccnc2)CC1,1,0.4978757,0.4979,0.6724154,0.6724,0.9998621,403.4900,76
40.4893,53.7449,-21.9256,0.2651603,O=C(O)C(CSC1N=NNC1=O)N=Nc1cc(Cl)cc(Cl)c1,1,0.1625751,0.1626,0.7565787,0.7566,0.9999969,362.1980,76
35.3529,41.4645,27.5057,0.5747517,COc1cc(-c2oc(-c3ccc(Cl)cc3)nc2C)ccc1Oc1ccc(N)cn1,1,0.5683459,0.5683,0.4532120,0.4532,0.9997938,407.8570,76
35.8178,42.6247,-30.2200,0.1033725,Cc1ccc(NC(=O)c2cccnc2N(CCBr)CC(N)=O)cc1Cl,1,0.0438751,0.0439,0.6675629,0.6676,0.9989332,425.7140,76
50.0805,55.3488,-48.6337,0.0559596,CC12CCC(C[N+]3(CCCC3)C1)OC(N)=NC2C=Cc1cccc(Cl)c1,1,0.0173410,0.0173,0.7991342,0.7991,0.9999900,374.9360,76
37.3090,46.1261,10.3014,0.4702300,COc1ccc(N2c3ccccc3CN(S(=O)(=O)c3ccc(C)cc3)C2C(=O)NCc2cc(C)no2)cc1,1,0.6946600,0.6947,0.3786971,0.3787,0.0472186,532.6220,76
35.3783,40.0900,-22.9125,0.1431459,CC(=O)Nc1ccc(N=Nc2ccc(NC(=O)CSc3nc(N)cc(N4CCOCC4)n3)cc2)cc1,1,0.1091029,0.1091,0.2359167,0.2359,0.3527104,506.5920,76
30.0293,42.2773,35.0725,0.6445813,COc1ccc(CN(C)C(=O)c2cnc(N3CCN(C(=O)Nc4cccc(C)c4)CC3)cn2)cc1,1,0.6294381,0.6294,0.5888066,0.5888,0.9123482,474.5650,76
24.9111,35.0907,-19.9909,0.1258324,NN=NN=NN=C1C(=O)Nc2ccccc21,1,0.0655914,0.0656,0.4369606,0.4370,0.9979515,217.1920,76
29.0600,31.4792,33.1513,0.5385875,O=C(Cc1cn2ccccc2n1)NNc1ncnc2ccsc12,1,0.4872702,0.4873,0.5611602,0.5612,0.9999999,324.3690,76
54.5807,64.8740,-64.8739,0.0000005,NC(=O)Nc1cccc(N2CCC(CC(=O)N3CC4(CCN(S(=O)(=O)c5ccccc5)CC4)CC3CC(=O)N3CCOCC3)CC2)c1,1,0.0000000,0.0000,0.4405642,0.4406,0.0000002,666.8450,76
45.2342,56.7931,25.0674,0.6821712,Cc1cccc(C(=O)N2CC3(C2)SC2(C)SC3C2C(=O)OC(C)C(=O)Nc2ccccc2C)c1,1,0.7169261,0.7169,0.6236332,0.6236,0.5764407,496.6540,76
35.7803,47.1380,40.9463,0.7340365,Cc1ccc(-c2nnc(CNC3CCCN(c4nnc(S(N)(=O)=O)s4)C3)o2)cc1,1,0.7493012,0.7493,0.5859533,0.5860,0.9973682,435.5350,76
34.9278,40.4110,-14.6677,0.2145277,CC(=O)Nc1ccccc1C(=O)N(C)c1c(C)cccc1NS(=O)(=O)c1ccccc1,1,0.1278775,0.1279,0.6085890,0.6086,0.9968416,437.5210,76
34.8155,45.7322,-26.2424,0.1624155,Cn1c(-c2cccc(CO)c2)nnc1N1CCN(c2ccc(NC(=O)c3cccs3)cc2)CC1,1,0.0952288,0.0952,0.4440298,0.4440,0.9121640,474.5900,76
34.0639,44.6381,41.2596,0.7158138,CN(C1CN(C(=O)NN2c3ccccc3Oc3ccccc32)C1)S(N)(=O)=O,1,0.6554492,0.6554,0.8243694,0.8244,0.9999622,389.4370,76
31.7254,30.4750,40.5669,0.5920156,CN(CCCc1ccccc1)C(=O)NC(Cc1ccc(O)cc1)C(=O)O,1,0.5283703,0.5284,0.6782371,0.6782,0.9999982,356.4220,76
36.0389,48.2033,-34.2142,0.1165756,COc1ccc(C(C)=NNC(=O)c2cc(N)c(N=Nc3ccc(Cl)cn3)c(O)c2)cc1,1,0.0712398,0.0712,0.2235052,0.2235,0.9964236,438.8750,76
44.4433,56.4500,13.1927,0.5803562,Nc1ncc(-c2cc3nc(NC4CN(S(N)(=O)=O)C4)ncc3c(N3CCSCC3)n2)cc1O,1,0.6321310,0.6321,0.3855657,0.3856,0.7229360,489.5870,76
34.0573,43.6807,25.2815,0.5746853,COc1cccc(OC(=O)c2cc(C)n(-c3cccc(-c4ccc(F)cc4)n3)n2)c1,1,0.6070608,0.6071,0.3596395,0.3596,0.9998631,403.4130,76
34.1129,40.3631,-34.5688,0.0482856,COc1ccc(NC(=O)Cc2nc3c(C)cccc3s2)cc1S,1,0.0145808,0.0146,0.7012152,0.7012,0.9999994,344.4610,76
45.0170,46.4774,-27.2728,0.1600379,CC(C(O)c1cnn(C)c1)N(C)Cc1cc2ccccc2nc1-n1cncn1,1,0.0863930,0.0864,0.5539139,0.5539,0.9999875,377.4520,76
33.0066,38.8038,-7.9133,0.2574207,COc1cc(C=C2NC(=S)N(c3nc(C)cs3)C2=O)cc(I)c1OCc1ccc(C)cc1,1,0.5949607,0.5950,0.2466393,0.2466,0.0007960,577.4690,76
29.0415,33.3217,8.9118,0.3519456,Cc1cccc(-c2nc(N3CCN(C(=O)Nc4cccc(C)c4C)CC3)n[nH]2)c1,1,0.2476901,0.2477,0.7140139,0.7140,0.9999583,390.4910,76
27.7491,29.9194,6.2658,0.3015437,COc1ccc2cc(-c3n[nH]c(=S)n3N)c(=O)[nH]c2c1,1,0.2217750,0.2218,0.4853529,0.4854,0.9999973,289.3200,76
38.5098,52.3088,-52.3088,0.0000000,c1(c(nccc1)NC(Nc1nc(cc(n1)N1CCN(C(Nc2cc(c(C)cc2)C)=O)CC1)=O)Cl)=O,0,0.0000000,0.0000,0.0000000,0.0000,0.0000000,0.0000,76
43.5703,49.8324,18.3244,0.5679731,CCc1ccc(N2C(=O)N3N=C(NC(=O)c4ccccc4NC(C)=O)SC3(c3ccc(C)cc3)C2=O)cc1,1,0.8029213,0.8029,0.4718960,0.4719,0.0729247,527.6060,76
42.4485,52.6277,-44.1996,0.0702345,O=c1c(Cc2cccc(Cl)c2)nc2ccncc2n1-c1ccc(S(=O)(=O)N2CCN(S(=O)(=O)c3ccccc3)CC2)cc1,1,0.1968313,0.1968,0.2671210,0.2671,0.0000036,636.1550,76
38.4673,43.6552,-19.9899,0.1972109,O=c1n(Cc2ccc(I)cc2)c(=O)n(-c2ccccc2Cl)c(=O)n1-c1cccc(Cl)c1,1,0.3172544,0.3173,0.3498275,0.3498,0.0022478,566.1820,76
28.5707,35.4932,-12.3176,0.1931299,CC(NC1=NCCS1)c1ccc(NC(=O)Nc2cccc(F)c2)cc1,1,0.1029878,0.1030,0.7664750,0.7665,0.9999978,358.4420,76
35.5509,48.5998,-24.3867,0.2017755,O=C1CN(Cc2ccc(C(=O)Nc3ccc(-c4nc(-c5cccnc5)nc5ccccc45)cc3)cc2)C(=O)N1,1,0.1764092,0.1764,0.3183732,0.3184,0.2075689,514.5450,76
29.2564,35.2944,31.7136,0.5584003,CC(=O)Nc1ccc(S(=O)(=O)Nc2cc(S(=O)(=O)Nc3cc(C)ccc3C)ccc2O)cc1,1,0.6034789,0.6035,0.3739338,0.3739,0.7231572,489.5750,76
37.3602,44.5708,7.8872,0.4371505,Cc1noc(C)c1CCNC(=O)Nc1ccc(N2CCN(C)CC2CO)nc1,1,0.3421069,0.3421,0.6817046,0.6817,0.9999654,388.4720,76
27.3107,33.1521,-12.0027,0.1762454,Cc1cc(C)cc(NC(=O)Nc2ccc(NC(=S)NC(=O)c3cccc(C)c3)cc2)c1,1,0.1075562,0.1076,0.4171571,0.4172,0.9979997,432.5490,76
29.5599,36.4093,42.9682,0.6614787,Cc1cccc(Cn2c(CNc3cccnc3N3CCN(C)CC3)nc3ccccc32)c1,1,0.6748387,0.6748,0.5019152,0.5019,0.9988460,426.5680,76
53.9240,61.3823,-8.2844,0.4424822,O=C(O)C(CN1CCSCC1)Nc1cc(=O)[nH]c2nc(-c3cccc(N4CCNS4(=O)=O)c3)ccc12,1,0.6337535,0.6338,0.3531460,0.3531,0.0561833,530.6320,76
31.4938,39.8058,3.6521,0.3621495,N#Cc1cccc(NC(=O)Cc2nc(-c3cccs3)no2)c1N1CCN(Cc2ccccc2)CC1,1,0.3096238,0.3096,0.4202806,0.4203,0.8053031,484.5850,76
42.8578,55.3213,-30.7290,0.2049363,O=C(Nn1cnc2ccccc2c1=O)c1ccc(F)cc1Oc1cccc(NS(=O)(=O)c2ccc(Cl)c(Cl)c2)n1,1,0.5708941,0.5709,0.2620739,0.2621,0.0000963,600.4150,76
29.1380,41.5436,35.7515,0.6441262,Cc1csc(CNS(=O)(=O)N2CCN(C(=O)Nc3ccc(C(C)(C)C)cc3)CC2)c1,1,0.5842864,0.5843,0.7310610,0.7311,0.9895137,450.6300,76
29.0251,32.7707,-5.9396,0.2235931,CN1C(=O)CCc2cc(NC(=O)Nc3ccccc3C(=O)O)ccc21,1,0.1253936,0.1254,0.8004388,0.8004,0.9999996,339.3510,76
41.4143,46.2623,19.5834,0.5487140,CN1CCC(CNS(=O)(=O)N2Cc3ccccc3OC2(C)CC(=O)O)CC1,1,0.4606984,0.4607,0.7495300,0.7495,0.9999206,397.4970,76
49.4260,53.6621,-42.0856,0.0964710,O=C(O)c1ccc2c(c1)c1ccccc1n2-c1ccc(-c2ccc(-c3cc(-c4ccc(-c5nc(-c6ccccc6)nc(-c6ccccc6)n5)cc4)c4cccc5c4c3-c3ccccc3-5)cc2)cc1,1,0.8240575,0.8241,0.1644874,0.1645,0.0000000,871.0120,76
37.4229,42.3756,-5.0829,0.3107722,Cc1ccc2nc(SCC(=O)OC(=O)C(=O)Nc3ccc(C(N)=O)cc3)cc(=O)n2n1,1,0.3046011,0.3046,0.1862662,0.1863,0.9954811,441.4250,76
29.0325,32.8420,43.6905,0.6377708,CC1Cc2ccccc2N1C(=O)Nc1cnn(Cc2c(F)cccc2F)c1,1,0.5702466,0.5702,0.7535375,0.7535,0.9999946,368.3870,76
36.8958,39.6109,29.0957,0.5725548,COc1cc(S(N)(=O)=O)c(C)cc1S(=O)(=O)N1CCN(C(=O)c2ccc(F)cc2Cl)CC1,1,0.5868738,0.5869,0.6570334,0.6570,0.3657482,505.9770,76
42.8679,53.7023,36.0766,0.7481572,O=C1CN=NN1c1ncc2c(n1)CCN(S(=O)(=O)Nc1ccc(-c3ccc(F)cc3)cc1)C2,1,0.7631477,0.7631,0.6186431,0.6186,0.9523319,467.4860,76
29.4817,40.2765,30.6574,0.5911162,COc1ccc(NCc2nnc(-c3ccc(OC)c(NS(=O)(=O)c4ccccc4)c3)o2)cc1,1,0.6272136,0.6272,0.3776871,0.3777,0.9562159,466.5190,77
31.3060,44.0053,41.5070,0.7126025,Cc1cccc(C(=O)N2CCc3nc(Nc4ccc(C(N)=O)cc4)n(N)c(=O)c3C2)c1,1,0.7324393,0.7324,0.5465813,0.5466,0.9994529,418.4570,77
36.4759,38.8566,36.4712,0.6277315,Cc1ccc(-n2nnc(C(=O)NN=Cc3cncc([N+](=O)[O-])c3)c2C)c(C)c1,1,0.6627664,0.6628,0.4112551,0.4113,0.9999850,379.3800,77
33.0699,37.3649,-15.6449,0.1810002,COc1ccc(C(=O)Nc2cccc(-c3ccc(N)c(=O)o3)c2)cc1,1,0.0939946,0.0940,0.7630175,0.7630,0.9999997,336.3470,77
35.4921,45.2074,21.8519,0.5588271,O=C(Nc1nccs1)C1CCCN1C(=O)c1ccc(-c2ccccn2)nc1NCc1ccncc1,1,0.5815047,0.5815,0.4087540,0.4088,0.7906381,485.5730,77
23.9572,28.8345,48.4859,0.6443374,Cc1cc(Cl)ccc1Nc1ccnc(Nc2ccc(N3CCN(C)CC3)cc2)n1,1,0.6065829,0.6066,0.6389992,0.6390,0.9997723,408.9370,77
38.9841,47.7914,35.0415,0.6902744,O=C(Nc1cccnc1)c1cnn(C2CN(Cn3nnc4ccccc4c3=O)C2)c1,1,0.7048784,0.7049,0.5330112,0.5330,0.9998751,402.4180,77
32.3654,44.6644,3.7840,0.4037367,Cc1ccc(OC2CN(Cc3ncccc3C)CC2Nc2ncccn2)c(C)c1,1,0.3035996,0.3036,0.6957368,0.6957,0.9999620,389.5030,77
43.9995,49.9048,28.2121,0.6509744,NC(=O)C1CC2(CCOc3ccccc32)CN1C(=O)C1CCCCN1S(=O)(=O)c1ccc(F)cc1,1,0.6718462,0.6718,0.6906598,0.6907,0.4636835,501.5800,77
32.5888,33.3126,22.6753,0.4665651,Nc1ncccc1Sc1nc2c(cnn2-c2ccc(Cl)cc2)c(=O)[nH]1,1,0.4018612,0.4019,0.5373984,0.5374,0.9999932,370.8250,77
46.8880,53.6748,1.3815,0.4588024,Cc1cccc(Cl)c1Nc1ccnc2cc(NC(=O)OC3CCN(c4ncc(F)s4)CC3)ccc12,1,0.5610688,0.5611,0.3082000,0.3082,0.2485870,512.0100,77
34.0871,36.9541,4.0618,0.3417988,CC1CN(c2cc(Nc3cnn(CCN(C)C)c3)ncn2)CCN1C,1,0.2266053,0.2266,0.8421843,0.8422,0.9999994,344.4670,77
29.2877,38.1498,-11.2744,0.2239616,COc1cc(CN2CCCC3(C2)NC(=O)N(NC(=O)c2ccccc2)C3=O)cc(OC)c1,1,0.1323677,0.1324,0.6689302,0.6689,0.9965497,438.4840,77
34.7972,44.0922,27.3499,0.5953504,Cc1cccc(C(CNc2nnc(-n3c(N)nc(N)nc3=O)s2)N2CCOCC2)c1,1,0.5801346,0.5801,0.5033167,0.5033,0.9984874,429.5100,77
42.0367,48.7304,-42.0659,0.0555375,Cc1cc(C)cc(NS(=O)(=O)c2cc3c(NN)ccc([N+](=O)[O-])c3cc2O)c1,1,0.0228956,0.0229,0.2909562,0.2910,0.9998749,402.4320,77
34.4940,42.7389,-14.4742,0.2355387,COC(=O)c1ccc(C)c(NC(=O)NCc2ccc(-c3ccc(C)cc3F)cn2)c1,1,0.1462984,0.1463,0.6053628,0.6054,0.9998015,407.4450,77
28.5710,39.8648,51.0598,0.7577051,Cc1cc(N2CC3CC2CN3Cc2ccccc2)nc(Nc2ccc(C(=O)O)cc2)n1,1,0.7658773,0.7659,0.6353814,0.6354,0.9995834,415.4970,77
39.5303,48.0523,-23.5566,0.2041306,COc1ccc(C=C(c2ccc(O)cc2)C2NC(=O)N(c3ccc(Cl)c(Cl)c3)N2)cc1,1,0.1296768,0.1297,0.4553844,0.4554,0.9824026,456.3290,77
40.0899,46.0355,-34.7343,0.0941765,CN1C(=O)N(C2CC2)C2(CN(Cc3ccc(N(C)C)nc3)CCN2)C1=O,1,0.0367154,0.0367,0.7811702,0.7812,0.9999978,358.4460,77
32.6123,36.5991,11.4524,0.4004293,Nc1ccc2c(=O)cc(C(=O)N3CC(=O)NC3=O)oc2c1,1,0.3184747,0.3185,0.5647643,0.5648,0.9999968,287.2310,77
32.3748,39.4728,25.5873,0.5421675,Cc1ccc(C)c(S(=O)(=O)N(CC(=O)NN=Cc2ccc(Br)cc2)c2ccccc2O)c1,1,0.7103945,0.7104,0.3647703,0.3648,0.1806335,516.4170,77
36.1544,40.4152,20.3893,0.5067040,CN(C)c1ccc(C(=O)CN2CCN(C3CNCC3O)C2=O)cc1,1,0.4121936,0.4122,0.7428776,0.7429,0.9999998,332.4040,77
40.5071,44.9757,20.5126,0.5457358,NC1C2OCC(OC(=O)N3CCC(N4CCc5ccccc5C4)C3)C12,1,0.4385011,0.4385,0.8669916,0.8670,0.9999995,343.4270,77
27.4649,32.4346,7.8470,0.3356801,CC(CN1CCN(Cc2ccsc2)CC1)N(C)Cc1ccccc1F,1,0.2285314,0.2285,0.7469955,0.7470,0.9999971,361.5300,77
24.5568,28.3321,48.8596,0.6432639,Cc1ccc(Nc2ncnc(Nc3ccc(C(=O)O)cc3)c2N)cc1C,1,0.6306680,0.6307,0.5528957,0.5529,0.9999990,349.3940,77
32.3980,42.5012,-21.8586,0.1720211,Cc1cc(N2CCNCC2)cc(N2CCN(C(=O)N3CCC(N)C3)CC2)n1,1,0.0873742,0.0874,0.7639579,0.7640,0.9999913,373.5050,77
42.5495,48.5111,13.2145,0.5143807,CC(=O)Nc1cc(C(=O)N2CCCC(Nc3ncccn3)C2)cc(N2CCCN2C(C)=O)c1,1,0.4262329,0.4262,0.7163827,0.7164,0.9886167,451.5310,77
37.7845,37.2098,46.9070,0.7009737,COc1ccc(-c2noc3nc(N4CCN(C(=O)CC(C)C)CC4)[nH]c(=O)c23)c(OC)c1,1,0.6905689,0.6906,0.6198308,0.6198,0.9954549,441.4880,77
30.7579,29.6031,20.9055,0.4209046,Nc1ccc(=O)n(CCNCc2ccccc2O)c1,1,0.3219527,0.3220,0.6976778,0.6977,0.9999576,259.3090,77
34.0438,42.1206,21.2968,0.5284787,COc1ccccc1NC(=NCCN1CCN(c2nc(C)cc(C)n2)CC1)NC(=O)Nc1ccc(C)cc1,1,0.7104619,0.7105,0.3237216,0.3237,0.1774787,516.6500,77
38.1607,38.0247,-12.1892,0.2152959,Cc1ccc(NC(N)=O)cc1-c1ccc2[nH]cc(C=N)c2c1,1,0.1325939,0.1326,0.5449373,0.5449,0.9999980,292.3420,77
37.7945,42.2588,28.1999,0.5871557,O=C(NC(c1ccccc1)S(=O)(=O)N1Cc2ccccc2C1)ON1CCOCC1,1,0.4980275,0.4980,0.8007338,0.8007,0.9994997,417.4870,77
27.7314,31.8352,-7.0596,0.2064633,Cc1ccc(Nc2cc(C(=O)Nc3ccc(O)cc3)ncn2)cc1F,1,0.1196870,0.1197,0.6324849,0.6325,0.9999996,338.3420,77
36.0469,40.5046,-11.5099,0.2416224,CN(C)C(=O)N1CCC(O)C(N2CCN(S(=O)(=O)c3ccc4ccccc4c3)CC2)C1,1,0.1419189,0.1419,0.7675778,0.7676,0.9927596,446.5730,77
33.4651,32.9214,33.1601,0.5506791,O=S(=O)(Oc1ccc(Cl)c(-c2nc3ccccc3s2)c1)C(F)(F)F,1,0.5286467,0.5286,0.4714395,0.4714,0.9999436,393.7950,77
30.7538,44.6001,-15.0128,0.2465607,Cc1ccc(S(=O)(=O)Nc2cccc(NC(=O)NCc3ccc(COc4ccc(F)cc4)s3)c2)cc1,1,0.2841794,0.2842,0.2536129,0.2536,0.0862478,525.6270,77
44.4560,49.1210,-4.1232,0.3749817,Cc1ccccc1C1SC(C2CC2)N2CN(Cc3cccc(Cl)c3)C(=O)N12,1,0.2724140,0.2724,0.7026983,0.7027,0.9999005,399.9470,77
32.2603,40.9552,15.7452,0.4725034,COc1cccc(CN2CC3(C2)CN(c2ccc(-c4cccnc4)cn2)C(=O)CO3)c1,1,0.3897673,0.3898,0.6372427,0.6372,0.9995439,416.4810,77
35.4832,46.7772,-46.7772,0.0000000,c1cc(-n2nc([C@H]3N(C(=O)Nc4cccc(F)c4)CCC3)ncc2-c2ccc(F)cc2)ccc1C,0,0.0000000,0.0000,0.0000000,0.0000,0.0000000,0.0000,77
33.9088,44.0493,16.0879,0.5011431,NC1=NN(c2cccc(O)c2)C2(CCN(C(=O)Oc3ccc(F)cc3)CC2)N1,1,0.4074521,0.4075,0.7320598,0.7321,0.9999740,385.3990,77
36.2006,43.6984,-8.3093,0.2949093,CC(=O)Nc1cc(C(=O)N2CCN(C(=O)Nc3ccccc3C)CC2)ccc1N1CCN(C(=O)c2cccc(F)c2)CC1,1,0.6783411,0.6783,0.4696866,0.4697,0.0003413,586.6680,77
36.2289,43.2235,43.4067,0.7219180,Cc1ccc(C2CN3CCN(C(=O)Nc4cc(C)on4)C3CO2)cc1,1,0.6453680,0.6454,0.9080579,0.9081,0.9999995,342.3990,77
33.4749,36.0835,41.8660,0.6495795,NC(=O)NC(=O)c1cccc(NC(=O)c2cccc(S(=O)(=O)N3CCCc4ccccc43)c2)c1,1,0.6639096,0.6639,0.5175254,0.5175,0.8784102,478.5300,77
34.1847,40.1050,26.0326,0.5511465,CCOc1ccc(-c2nc3c(s2)CN(C(=O)Nc2cccc(Cl)c2)CC3)cc1O,1,0.4940611,0.4941,0.6004055,0.6004,0.9984279,429.9290,77
28.0778,30.8392,56.0512,0.7240864,O=C(Nc1ccc(CN2CCNC2=O)cc1)Nc1ccccc1Oc1ccccc1,1,0.7436367,0.7436,0.5613273,0.5613,0.9998747,402.4540,77
31.7069,36.1997,43.3918,0.6632620,CC1(O)CN(Cc2ccc(NC(=O)Cc3ccc(F)cc3)cc2)CC1O,1,0.6007656,0.6008,0.7637624,0.7638,0.9999979,358.4130,77
37.8059,41.1790,41.3949,0.6881156,O=C(OCC1=NNNN1)c1ccc(S(=O)(=O)Nc2ccc3c(c2)OCCO3)cc1,1,0.7196321,0.7196,0.4881463,0.4881,0.9994023,419.4190,77
43.9246,64.0240,-11.5736,0.4370865,Cc1ccc(CN2CCN3C(C2)C2CN(S(=O)(=O)N(C)C)COC2C3NC(=O)NCc2ccco2)cc1C,1,0.6775171,0.6775,0.5387905,0.5388,0.0133780,546.6940,77
29.4763,38.8000,-38.8000,0.0000000,c12n(cc(NC(=O)c3cccs3)nc2cccc1)S(=O)(c1ccccc1C)=O,0,0.0000000,0.0000,0.0000000,0.0000,0.0000000,0.0000,77
29.4437,31.1875,37.2825,0.5705835,Cc1ccc(-c2nc(CNC(=O)CN3CCN(Cc4cccnc4)CC3)cs2)cc1,1,0.5106951,0.5107,0.6356065,0.6356,0.9992714,421.5700,77
29.1040,30.8557,-15.1526,0.1308596,COP(=O)(Nc1ccc(C=O)cc1)OC(C)(C)C,1,0.0617537,0.0618,0.6557085,0.6557,0.9999859,271.2530,77
60.2310,73.3725,-73.3725,0.0000000,[C@@H]12Cc3ccc(c4CCN(CC5CN(C)C5)C[C@@H]4CN2CCc3c1cc(c(=O)n1C2CN(CC2)C1)N)O,0,0.0000000,0.0000,0.0000000,0.0000,0.0000000,0.0000,77
31.4825,39.9900,18.2651,0.4854590,Cc1cnc(N2CCN(C(=O)C3CCN(c4nc5c(C)cccc5s4)CC3)CC2)c([N+](=O)[O-])c1,1,0.4684209,0.4684,0.4141386,0.4141,0.8566032,480.5940,77
30.2466,36.0385,-19.2389,0.1399969,Cc1ccc(N2c3nc4ccccc4nc3NC2c2ccccn2)cc1C,1,0.0713176,0.0713,0.5551414,0.5551,0.9999986,353.4290,77
47.9227,63.5265,-63.5264,0.0000008,CN(C(=O)CN1CCN(S(C)(=O)=O)Cc2ccc(OS(=O)(=O)c3ccc(Cl)cc3)c(c2)NC1=O)S(N)(=O)=O,1,0.0000000,0.0000,0.4172023,0.4172,0.0000395,610.0920,77
46.6367,53.9750,-1.4488,0.4377184,NC1CCN(C(=O)c2ccc([N+](=O)[O-])c(N3CCS(=O)(=O)CC3=NNc3ccccc3)c2)C1,1,0.3808455,0.3808,0.4897685,0.4898,0.9262426,472.5270,77
40.9870,46.3009,-21.2305,0.2089206,COc1ccc(C(=O)N2CCN(S(=O)(=O)c3cc4c(cc3NS(=O)(=O)c3cc(Cl)ccc3Cl)OCO4)CC2)cc1,1,0.7428065,0.7428,0.4195742,0.4196,0.0000072,628.5120,77
38.3257,50.9328,-27.9037,0.1919088,Cc1ccc(S(=O)(=O)NC(=O)C2CN(Cc3ccc(F)cc3)CCN2C(=O)c2ccc(CCNS(C)(=O)=O)cc2)cc1,1,0.5901285,0.5901,0.3564298,0.3564,0.0000214,616.7370,77
44.9121,49.8262,0.8486,0.4222899,Cc1ccccc1CC1COC(=O)N1c1ccc2cccc3c2c1S(=O)(=O)N3C,1,0.3286236,0.3286,0.6601686,0.6602,0.9997817,408.4790,77
38.5281,41.0247,39.4389,0.6705304,COc1cccc(CC(NC(=O)OCc2ccncc2)C(=O)N2CCN(C(=N)N)CC2)c1,1,0.7188403,0.7188,0.4313031,0.4313,0.9958471,440.5040,77
32.9700,42.2442,21.9557,0.5349989,Cc1ccc(S(=O)(=O)N2CCC(NS(=O)(=O)c3ccc(C)cc3C)(C(=O)Nc3ccccc3)C2)cc1,1,0.7301147,0.7301,0.4893376,0.4893,0.0725394,527.6680,77
33.3161,37.3373,-14.7533,0.1882000,CCOC(=O)c1csc(NC(=O)c2ccc(S(=O)(=O)NCC3COc4ccccc4C3)cc2)n1,1,0.1285995,0.1286,0.4546893,0.4547,0.4635459,501.5860,77
34.7199,40.2985,33.3726,0.6139254,NC(=O)c1ccc(-c2noc(-c3nc4ccsc4nc3CO)n2)cc1,1,0.5837161,0.5837,0.5739479,0.5739,0.9999986,353.3630,77
31.3973,37.4042,45.9571,0.6946778,Cc1ccc(-c2cc(N(C)C)nc(N3CCN(S(=O)(=O)NC4CC4)CC3)n2)cc1,1,0.6401379,0.6401,0.7710091,0.7710,0.9995410,416.5510,77
31.5254,37.8632,24.5113,0.5197878,COc1ccc(-c2nc(C(=O)NCCN3CCN(S(=O)(=O)c4c(C)noc4C)CC3)cs2)cc1,1,0.5526325,0.5526,0.4949211,0.4949,0.3733653,505.6220,78
39.3402,47.8141,-7.6085,0.3350463,CCC(=O)N(Cc1ccccc1)CC1CN(C(=O)C2(C)Cc3ccccc3CN2)Cc2ccccc21,1,0.2538597,0.2539,0.5574202,0.5574,0.8443578,481.6400,78
30.5619,34.6032,23.4769,0.4840004,CSc1nsc(Nc2ccc(OC(=O)c3ccccc3)cc2)n1,1,0.4528623,0.4529,0.4249591,0.4250,0.9999995,343.4330,78
45.1693,49.4767,-49.4765,0.0000015,CCOC(=O)c1ccc(NC(=O)OC2C(C)OC(O)C3NS(=O)(=O)OC3C2OCc2ccccc2)cc1,1,0.0000000,0.0000,0.4447774,0.4448,0.0333361,536.5590,78
48.6450,57.6368,4.9901,0.5218911,Cc1ccc(Cl)cc1NC(=O)N1CCN(c2nnccc2-c2noc(C3CCCN3C(=O)C(N)=O)n2)CC1,1,0.8314564,0.8315,0.4715595,0.4716,0.0245386,539.9840,78
33.1307,40.7055,28.0535,0.5729910,CN1CCN(N=Cc2cc(F)c(N3CCCC3)cc2NC(=O)c2ccccc2F)CC1,1,0.4912951,0.4913,0.7435559,0.7436,0.9987428,427.4990,78
27.5561,34.6574,18.5409,0.4433196,COc1ccc(CN2CN=C2NN=Cc2ccc(N(C)C)cc2)cc1OC,1,0.3616658,0.3617,0.6018798,0.6019,0.9999950,367.4530,78
40.2368,42.5749,-21.2856,0.1774107,CCC(=O)OC(=N)C(=O)Oc1ccc(C#N)c(C)c1,1,0.1117045,0.1117,0.3772766,0.3773,0.9999611,260.2490,78
36.5729,47.8690,13.5322,0.5116768,O=C(O)c1ccc2c(c1)NC(=O)N(c1ccc(Oc3cccc(C(=O)Nc4cccc(Cl)c4)c3)cc1)C2,1,0.6959236,0.6959,0.2678262,0.2678,0.2169302,513.9370,78
23.3111,33.1204,49.6628,0.6898602,Cc1cccc(NC(=O)N2CCN(c3cc(C(F)(F)F)nc(Nc4cccc(C)c4)n3)CC2)c1,1,0.7052040,0.7052,0.5477661,0.5478,0.9380307,470.4990,78
39.3131,47.2888,38.9634,0.7187687,O=C1Nc2ccccc2CC1N1CCCC(NC(=O)C(F)(Cl)S(=O)(=O)O)C1,1,0.7638878,0.7639,0.4925808,0.4926,0.9993774,419.8620,78
30.2421,38.9080,-22.2025,0.1392118,Cc1cc(NS(=O)(=O)c2ccc(Cl)cc2)ccc1C(=O)N1CCN(Cc2ccc(C(N)=O)cc2)CC1,1,0.1059120,0.1059,0.4889583,0.4890,0.0764894,527.0460,78
46.7633,58.3031,26.3985,0.7058467,Cc1nc2n(n1)CCN(Cc1cccc(Cc3cccc(CN4CC5CNCC5OC4=O)c3)c1)C2,1,0.7130709,0.7131,0.5947338,0.5947,0.9258264,472.5930,78
36.7555,42.2649,33.1772,0.6286847,CC(C(=O)O)N1CCc2c(nc(-c3ccccn3)nc2N2CCNC(=O)C2)C1,1,0.5538078,0.5538,0.7769836,0.7770,0.9999802,382.4240,78
34.8348,43.6209,0.0511,0.3639333,NC(CN1CC(Oc2cc(S(=O)O)ncn2)C1)=NO,1,0.4023520,0.4024,0.1545211,0.1545,0.9999968,287.3010,78
28.3989,35.9129,37.7874,0.6141698,NC(=O)c1cccc(S(=O)(=O)Nc2ccc3nc(-c4ccccn4)[nH]c3c2)c1,1,0.6148642,0.6149,0.4794319,0.4794,0.9999454,393.4280,78
35.6513,36.4957,-24.2628,0.1019407,Cc1cc(N=c2sccn2C)c(C)c(N=C=O)c1C,1,0.0440864,0.0441,0.6118923,0.6119,0.9999884,273.3610,78
32.7545,36.9504,-10.6151,0.2194613,CC(C)(C)c1noc(-c2ccc(CN3CCN(c4ccc(OC(F)(F)F)cc4)CC3)o2)n1,1,0.1360740,0.1361,0.5505929,0.5506,0.9896740,450.4610,78
38.8991,41.1539,-41.1539,0.0000000,c1(-n2c3c(c4nc(-c5c6c(cccc6)ccc5)nc(C)c4cc3)ccc2)ccncc1,0,0.0000000,0.0000,0.0000000,0.0000,0.0000000,0.0000,78
30.7770,43.0796,-12.7972,0.2523529,CN1CCN(S(=O)(=O)c2ccc(NC(=O)NCc3ccc(NS(=O)(=O)c4ccc(F)cc4)cc3)nc2)CC1,1,0.4198870,0.4199,0.3825918,0.3826,0.0031095,562.6490,78
35.0161,39.8488,13.4294,0.4439855,COc1cc(C(=O)NC(Cc2csc(-c3cccc(C)c3)n2)C(=O)O)cc(OC)c1OC,1,0.3816636,0.3817,0.5068558,0.5069,0.9820958,456.5200,78
40.2855,46.6119,23.6647,0.5856383,N#Cc1ccc(OS(=O)(=O)N2CCOCC2)c(NC(=O)CNS(=O)(=O)c2cccc(F)c2)c1,1,0.6088239,0.6088,0.5352902,0.5353,0.5341629,498.5140,78
33.4108,42.0119,44.6660,0.7223153,Cc1ccc(-c2ccn(-c3ccc(NCc4ccc(C)nc4)cc3)c(=O)n2)cc1,1,0.7449162,0.7449,0.5511408,0.5511,0.9999801,382.4670,78
31.9758,34.2537,13.1400,0.3949481,COC(=O)Nc1ccc(-c2ccnc(NS(N)(=O)=O)c2)cc1,1,0.2839693,0.2840,0.7875001,0.7875,0.9999999,322.3460,78
35.5003,37.6397,27.3313,0.5414249,Cc1ccc(C(=O)Nc2cc(C3CC3)[nH]n2)cc1S(=O)(=O)N1CCS(=O)(=O)C1,1,0.4532589,0.4533,0.7424826,0.7425,0.9990456,424.5040,78
36.1706,39.8891,25.5215,0.5450886,CC1CN(c2cc(Nc3ccccc3Cl)nc(-c3ccc(F)cc3)n2)CCS1,1,0.4864591,0.4865,0.5994587,0.5995,0.9996043,414.9370,78
26.0797,30.6084,50.3865,0.6749575,CC(C(=O)Nc1nc2ccccc2n1Cc1ccccc1)N1C(=O)c2ccccc2C1=O,1,0.6972130,0.6972,0.4952328,0.4952,0.9990494,424.4600,78
47.3601,52.2780,-7.4384,0.3736630,Nc1nccn(C(=O)Nc2ccccc2C=NNc2c(F)c(F)c(F)c(F)c2F)c1=O,1,0.3937322,0.3937,0.1905182,0.1905,0.9966025,438.3160,78
30.2985,38.9915,-4.4213,0.2880853,O=C(NC1=NNS(=O)(=O)C1)Nc1ccc(O)cc1,1,0.2030256,0.2030,0.5262366,0.5262,0.9999846,270.2700,78
41.1989,43.3606,-30.1630,0.1099800,COc1ccc2c(c1)C(=O)N(Cc1ccccn1)CC(OCc1cccc(C)c1)N2,1,0.0478022,0.0478,0.6737983,0.6738,0.9998622,403.4820,78
30.4042,34.8498,31.1253,0.5497926,Cc1c(-c2ccc(F)cc2)nc2c(N3CCN(C(=O)c4ccc(C(F)(F)F)cc4)CC3)nccn12,1,0.5717993,0.5718,0.3921864,0.3922,0.8209154,483.4690,78
32.4836,40.5473,44.2721,0.7068285,CCc1ccc(NC(=O)N2CC(N3CCN(c4cccc(-c5nn[nH]n5)c4)CC3)C2)cc1,1,0.6911453,0.6911,0.6434453,0.6434,0.9980028,432.5320,78
32.7514,37.2400,42.5556,0.6649628,Cc1nc(-c2cccc([N+](=O)[O-])c2)n2nc(Nc3ccc(C(=O)O)cc3)ncc12,1,0.7303219,0.7303,0.3905671,0.3906,0.9999589,390.3590,78
31.8848,38.7854,48.7859,0.7297612,O=C(Nc1cnc(Nc2ccc(F)c(F)c2)nc1)c1cccc2c1NCC2,1,0.7195115,0.7195,0.6550475,0.6550,0.9999951,367.3590,78
32.5872,35.6391,31.4522,0.5590938,Cc1nn(C)cc1S(=O)(=O)Nc1ccc(N2CCN(C(=O)OC(C)(C)C)CC2)cn1,1,0.4679775,0.4680,0.7803033,0.7803,0.9971142,436.5380,78
35.1893,48.0957,36.5999,0.7057966,NC1=NCN(c2nccc(C(=O)N3CCC(N4Cc5ccccc5C4=O)C3)n2)C(N)=N1,1,0.6738654,0.6739,0.6974643,0.6975,0.9994006,419.4490,78
39.9811,48.5735,-4.4016,0.3680992,Cc1ccc(-n2c(C)cc(NS(=O)(=O)N(C)C)c(CN=C(N)N)c2=O)cc1C,1,0.2957474,0.2957,0.4804417,0.4804,0.9998178,406.5120,78
35.7456,48.2650,27.7823,0.6337275,Cc1ccc(NC(=O)N2Cc3cccc(C)c3C(Oc3nccc(N)n3)C2)cc1C,1,0.5806762,0.5807,0.6851311,0.6851,0.9998621,403.4860,78
47.3203,50.6136,-20.5887,0.2502074,Cc1ccc(NC2=NC(N)=NC(NC3CCN(C)CC3)N=C2)c(S(C)(=O)=O)c1,1,0.1547428,0.1547,0.6728222,0.6728,0.9998336,405.5280,78
53.8904,65.2824,-48.7423,0.1378337,Cc1ccc(S(=O)(=O)Nc2cc(C)c(Oc3nc4cc(C)c(C)cn4c(=O)c3C(C)N3CCc4ccccc4C3)c(Cl)c2)cc1,1,0.6152302,0.6152,0.2003663,0.2004,0.0000018,643.2090,78
30.7728,35.7559,28.0145,0.5314200,CC(C)(C)NC(=O)c1nnc(N2CC3(CN(c4ncccn4)C3)C2)s1,1,0.4203127,0.4203,0.8804119,0.8804,0.9999976,359.4590,78
34.1835,41.7064,40.4610,0.6847279,Cc1cccc(N2C(=O)N(Cc3ccc(C(=O)N4CCN(C)CC4)cc3)CC2c2ccccc2F)c1,1,0.7257584,0.7258,0.5251126,0.5251,0.7746950,486.5910,78
42.0429,54.8752,-15.8388,0.3253031,NS(=O)(=O)c1cc(F)ccc1NC(=O)c1cc(F)ccc1NN1c2ccccc2NC(=O)c2ccccc21,1,0.4570396,0.4570,0.2953395,0.2953,0.0365226,535.5320,78
31.6883,39.5868,-11.7054,0.2323453,Cc1cc(N2CCCC2)nc(N2CC(N3CCN(C(=O)NCc4ccccc4)CC3)C2)n1,1,0.1336956,0.1337,0.7759507,0.7760,0.9973583,435.5760,78
34.4607,37.9799,35.8740,0.6154497,O=C(c1ccc2c(c1)OCO2)N1CC2(CCN(Cc3nncn3C3CC3)C2)C1,1,0.5322718,0.5323,0.8026006,0.8026,0.9999819,381.4360,78
32.3226,36.3639,-29.7051,0.0554899,CN1CCN(c2nc(N)c(-c3cccn3C)[nH]2)CC1,1,0.0169142,0.0169,0.8359798,0.8360,0.9999614,260.3450,78
29.8999,33.9469,11.0156,0.3746880,Cc1ccc(S(=O)(=O)N2CCc3ccc(NC(=O)C=Cc4ccc([N+](=O)[O-])cc4)cc32)cc1,1,0.3385130,0.3385,0.3328487,0.3328,0.9664435,463.5150,78
30.7499,40.3523,-2.0569,0.3191286,COc1cc(N=C2NC(=O)C(=NN=N)S2)cc(O)c1OC,1,0.2291723,0.2292,0.5744621,0.5745,0.9999996,309.3070,78
23.3171,23.6075,16.3056,0.3326095,Cc1ccc2nc(Nc3ccccc3)oc2c1,1,0.2282047,0.2282,0.7174128,0.7174,0.9989309,224.2630,78
28.6519,26.4528,-11.5291,0.1243648,OC1CCCC1NCc1ccc2ncccc2c1,1,0.0530139,0.0530,0.8672939,0.8673,0.9997972,242.3220,78
37.5165,36.3896,-21.1163,0.1272771,CCc1cccc(-n2c(SCCCC(=O)Nc3nccs3)nnc2C2CC2)c1,1,0.0679996,0.0680,0.4074323,0.4074,0.9996511,413.5720,78
34.8055,37.7433,24.1278,0.5155918,CC(Nc1nc(CC(=O)Oc2cccc(NC(=O)c3ccccc3)c2)cs1)c1ccccc1,1,0.5711164,0.5711,0.2613998,0.2614,0.9803403,457.5550,78
38.9154,50.4907,-31.3504,0.1595018,O=C(c1ccc(-c2cccc(CN3C(=S)NC4NCCNC43)c2)cc1)N1CCCC1,1,0.0818657,0.0819,0.6578521,0.6579,0.9992714,421.5700,78
35.8679,41.0955,38.2641,0.6613300,Cc1cc(-n2cc(C(=O)NN3C(=O)c4ccccc4C3=O)nn2)ccc1NS(C)(=O)=O,1,0.6538451,0.6538,0.5608252,0.5608,0.9958710,440.4410,78
39.0492,51.2132,-29.1551,0.1838174,NC(=O)c1cccc(CNC(=O)N2Cc3nccn3C(N3CCNC3=O)C2)c1,1,0.0985410,0.0985,0.6986805,0.6987,0.9999783,383.4120,78
38.2091,44.3416,39.9098,0.7020952,COc1ccc(C(=O)Nc2ncc(-c3ccc(N4CCNC(C)C4)nc3)nc2C)cc1,1,0.6800025,0.6800,0.6581310,0.6581,0.9994507,418.5010,78
32.3116,36.5411,-3.6403,0.2741730,NCc1ccccc1Nc1cnc(C23CCN(CC2)CC3)nc1,1,0.1618820,0.1619,0.9076723,0.9077,0.9999996,309.4170,78
38.5082,40.4769,1.1016,0.3464878,O=c1c2c(-c3cccc(S(=O)(=O)N4CCOCC4)c3)coc2ncn1Cc1cccc(Br)c1,1,0.4323940,0.4324,0.3923566,0.3924,0.0573271,530.4000,78
33.2206,36.1137,17.5370,0.4470889,COc1ccc(CN2CCN(S(=O)(=O)c3ccc(F)c(C)c3)CC2)cc1OS(=O)(=O)c1ccccc1,1,0.6484512,0.6485,0.4090559,0.4091,0.0395578,534.6310,78
39.1606,48.8217,23.7248,0.6045543,NS(=O)(=O)Nc1cnc(-c2cccc3c2OCCN3Cc2ccccn2)cn1,1,0.5467573,0.5468,0.6682119,0.6682,0.9999133,398.4480,78
40.0286,51.5980,-48.3970,0.0266751,Cc1cccc(S(=O)(=O)N2CCN(C(=O)c3ccc(CN4CCN(S(=O)(=O)c5cccs5)C5CCCC5C4)cc3)CC2)c1,1,0.0485340,0.0485,0.3882913,0.3883,0.0000019,642.8690,78
40.9915,47.3449,20.8259,0.5680897,Cc1ccc(C)c(S(=O)(=O)N(C)c2cc(CO)c3c(=O)[nH]c(N)nc3c2)c1,1,0.5110587,0.5111,0.6200753,0.6201,0.9999655,388.4490,78
34.9380,40.9332,-17.6859,0.1937279,Cc1noc(C)c1-c1cnc(N(C)C)nc1CNc1ncc(Cl)cc1N,1,0.1060579,0.1061,0.7023639,0.7024,0.9999910,373.8480,78
35.3709,44.7742,13.3825,0.4846391,Cc1ccc(N2CCN(S(C)(=O)=O)C(Cc3ccc(N)nn3)C2)nc1,1,0.3732151,0.3732,0.8418525,0.8419,0.9999968,362.4590,78
65.5663,87.3854,-87.3854,0.0000000,[C@H]12[C@@](C1)(N(c1ccccc12)C(=O)c1nn2C[C@H](Oc3ccccc32)Cc2nccc12)NCC(=O)N,0,0.0000000,0.0000,0.0000000,0.0000,0.0000000,0.0000,79
41.7797,46.5996,32.4234,0.6585254,Cc1ccc(-c2sc(NC(=O)c3cc(C)ccc3C)nc2-c2ccc3c(c2)N(C)CCO3)cc1,1,0.7368198,0.7368,0.3714747,0.3715,0.9426231,469.6100,79
39.5131,46.5546,23.4963,0.5837575,COC(=O)c1nc(-c2ccccn2)nc2c1c(C(=O)NC1CCNC1)cn2-c1ccccc1,1,0.5802793,0.5803,0.4565795,0.4566,0.9950227,442.4790,79
44.2523,50.3014,-1.0015,0.4108331,Cc1nc(N2CCCC2)oc1Nc1nc(CN2CCN(C(=O)c3ccccc3)CC2)nc2sc(C)c(C)c12,1,0.5674736,0.5675,0.3755443,0.3755,0.0512521,531.6860,79
83.3335,99.0831,-99.0831,0.0000000,C12[C@H]3[C@@H](C2N(C2OC(N4C5(COc6nc7cc(cc(c7nc6C)F)F)C[C@@H](F)C5C4)O2)C2C2C3)C1,0,0.0000000,0.0000,0.0000000,0.0000,0.0000000,0.0000,79
28.0989,35.9863,-7.7148,0.2355964,CCc1ccc(NC(=O)Nc2ccnc(-c3cccc4ccccc34)n2)cc1,1,0.1546102,0.1546,0.4994715,0.4995,0.9999945,368.4400,79
36.1826,42.0557,2.2038,0.3688295,CS(=O)(=O)Nc1ccc(Cl)cc1NC(=O)N=Cc1cccc(F)c1,1,0.2556161,0.2556,0.8082965,0.8083,0.9999938,369.8050,79
35.0779,43.4568,-21.2305,0.1852191,Cc1cc(=O)[nH]c(NC(=O)c2cn(-c3ccc(NS(=O)(=O)c4ccccc4)cc3)cn2)n1,1,0.1160144,0.1160,0.4119982,0.4120,0.9896561,450.4800,79
33.4984,36.6872,-7.0934,0.2466151,COc1nc(OC)c(-n2c(NS(C)(=O)=O)nc3ccccc32)c(OC)n1,1,0.1511750,0.1512,0.6790812,0.6791,0.9999850,379.3980,79
38.3591,47.9887,35.3629,0.6945973,O=C(NCC(O)n1c(-c2cccc(F)c2)nc2ccccc21)Nc1ccc2[nH]c(=O)[nH]c2c1,1,0.8524559,0.8525,0.2837087,0.2837,0.9928458,446.4420,79
37.4402,47.7533,18.1235,0.5489731,COc1cc(-c2cnn(C)c2)c(NC(=O)Nc2ccccc2F)cc1NS(=O)(=O)c1cccc(C)c1,1,0.6976022,0.6976,0.3248499,0.3248,0.2930154,509.5630,79
35.4194,38.4109,0.5717,0.3248550,Cc1nnc(-c2sc3nc4ncnc(N)c4n3c2C)s1,1,0.2346500,0.2346,0.5780645,0.5781,0.9999993,303.3760,79
41.8323,48.6383,35.6231,0.7021779,CC(=O)N1Cc2ccc(NC(=O)C3CNc4ccccc4N3)cc2C1N,1,0.6790064,0.6790,0.6617249,0.6617,0.9999989,351.4100,79
30.1746,38.9423,47.7807,0.7226916,O=C(O)c1ccc(NC(=O)C2CN(S(=O)(=O)c3cccc(C(F)(F)F)c3)CCN2)cc1,1,0.7186388,0.7186,0.6327621,0.6328,0.9805610,457.4300,79
29.8192,32.6766,-15.2047,0.1455988,N#Cc1ccc(N2CCN(C(=O)CN3CCN(S(=O)(=O)c4ccccc4)CC3)CC2)cc1C(F)(F)F,1,0.0997953,0.0998,0.5999640,0.6000,0.1206584,521.5650,79
42.5916,45.9880,10.2020,0.4682501,NN=C1C2C3CC(C4C(=O)N(Cc5ccccc5)C(=O)C34)C2C(=O)N1c1ccccc1,1,0.4192226,0.4192,0.4719713,0.4720,0.9996212,414.4650,79
41.0293,52.4603,2.9454,0.4617147,O=S(=O)(Nc1ccc(Nc2cccc(CN3CCN([P+]([O-])(O)O)CC3)c2)nc1)c1ccc(F)cc1,1,0.6167173,0.6167,0.3272188,0.3272,0.1211873,521.5110,79
52.6708,61.5134,-61.5134,0.0000000,N1(n2c3c(c(F)cnc3N)c(-c3cccc(NS)c3)nc2)CCN(CC1)C(=O)OC,0,0.0000000,0.0000,0.0000000,0.0000,0.0000000,0.0000,79
29.2953,38.1803,51.2182,0.7449872,Cc1ccc(C)c(S(=O)(=O)Nc2ccc(C)c(NC(=O)Nc3c(C)noc3C)c2)c1,1,0.7804425,0.7804,0.5468279,0.5468,0.9986197,428.5140,79
33.5813,40.4245,23.9806,0.5367092,COc1ccc(S(=O)(=O)N2CCN(C(=O)c3ccc(C)cc3)CC2c2nccs2)cc1C,1,0.4881972,0.4882,0.5674662,0.5675,0.9318441,471.6040,79
29.6739,35.1470,17.4981,0.4387097,Cc1cc(C)c(C2(C(=O)N3CCN(Cc4csc(C5CC5)n4)CC3)CC2)c(C)c1,1,0.3361780,0.3362,0.7378126,0.7378,0.9997580,409.5990,79
33.6798,40.9714,-5.7796,0.2932648,COc1ccc(S(=O)(=O)Nc2cnc3c(c2)CN(Cc2c(Cl)cnn2C)CC3)cc1,1,0.1985430,0.1985,0.6245959,0.6246,0.9917901,447.9480,79
35.4211,41.8039,0.7438,0.3545643,Cc1cccc(CN2CCN(C(=O)Nc3ccc(S(=O)(=O)N(C)c4ccccc4)cc3Br)CC2)c1,1,0.6028751,0.6029,0.4667053,0.4667,0.0049805,557.5140,79
35.9158,39.8292,-2.5599,0.3105775,Cc1nc(CN2CCN(C(=O)Nc3ccc(Cl)c(-c4ncc[nH]4)c3)CC2)cs1,1,0.2103702,0.2104,0.6768755,0.6769,0.9995243,416.9380,79
30.3884,37.0229,41.4670,0.6540820,Cc1ccc2oc(-c3ccc(C(=O)Nc4cc(C)nn4-c4ccccn4)s3)nc2c1,1,0.6867742,0.6868,0.4460692,0.4461,0.9995841,415.4780,79
29.4119,31.0862,24.6766,0.4646899,COc1cc(C=NNc2ccc([N+](=O)[O-])cc2)cc(Cl)c1OS(=O)(=O)c1ccccc1,1,0.5131496,0.5131,0.2271720,0.2272,0.9709908,461.8830,79
45.1305,55.0641,-6.7492,0.4026243,Cc1ccc(Br)cc1-n1cc(CN2CCOC(C3NCCO3)C2)c(N)nc1=O,1,0.3000236,0.3000,0.7189266,0.7189,0.9897901,450.3370,79
49.3119,48.6778,-12.7930,0.2990399,CC(=O)c1ccc(Sc2ccc(C(=O)N3CCN(C(=O)C4CC5CC4C4CC54)CC3)cc2)cc1,1,0.2096240,0.2096,0.5937856,0.5938,0.9118978,474.6260,79
42.6135,52.3091,-7.0868,0.3768530,Cc1nc(NCCN(C)c2cnc3c(n2)NS(=O)(=O)N3)cc(Nc2ccccn2)n1,1,0.3149160,0.3149,0.4339874,0.4340,0.9986238,428.4820,79
27.2793,32.2046,21.8523,0.4504737,COc1ccc(-c2cc(C(=O)N3CCn4nccc4C3)c3ccccc3n2)cc1,1,0.3817663,0.3818,0.5395865,0.5396,0.9999762,384.4390,79
44.2689,56.3469,5.7824,0.5177439,Cc1ccc(S(=O)(=O)Nc2ccc3c(c2)CC2(COCO2)N=C3OCc2cc(C)cc(C)c2)cc1,1,0.4882807,0.4883,0.5611752,0.5612,0.6641499,492.5970,79
29.3094,36.9435,38.6407,0.6298678,O=C(O)c1c[nH]c(C(=O)NNC(=O)c2ccc(-c3ccc([N+](=O)[O-])cc3)o2)c1,1,0.6787098,0.6787,0.3849089,0.3849,0.9999765,384.3040,79
34.3408,45.2770,19.0134,0.5357532,O=C1CN(Cc2sc(N3CCN(C(=O)c4cccs4)CC3)nc2-c2ccc(F)cc2)c2ccccc2N1,1,0.8383213,0.8383,0.3940384,0.3940,0.0431218,533.6540,79
46.1923,47.7544,-5.7300,0.3502040,C=C1NNC(NC(CN2CCC(N3CCCC3=O)CC2)=NN)N1,1,0.3627457,0.3627,0.1832305,0.1832,0.9999999,322.4170,79
28.7368,38.7000,16.4243,0.4593695,Cc1cccc(Nc2cc(-c3ccccc3)nc(Nc3ccc(NS(=O)(=O)c4ccc(C)c(C)c4)cc3)n2)c1,1,0.8475741,0.8476,0.1921433,0.1921,0.0360684,535.6730,79
35.1592,41.3560,13.6667,0.4585225,Cc1ccc(C)c(N2CCN(c3nc(NS(=O)(=O)c4ccccc4[N+](=O)[O-])c4cnn(C)c4n3)CC2)c1,1,0.6345739,0.6346,0.2988695,0.2989,0.1109861,522.5910,79
48.3683,53.3501,-34.4644,0.1573811,CCC(C)(C)N1NC(Nc2ccc(C(=O)NCc3cnc(OC)cn3)cc2)NC1=O,1,0.0858458,0.0858,0.5209800,0.5210,0.9996539,413.4820,79
24.5569,28.2707,21.4649,0.4144632,O=c1[nH]c2ccccc2c(=O)n1-c1ccccc1-c1nn[nH]n1,1,0.3335615,0.3336,0.5705774,0.5706,0.9999995,306.2850,79
28.5017,39.0551,30.9704,0.5835453,Cc1ccccc1NC(=O)c1ccc(NC(=O)NN=Cc2ccccc2F)cc1,1,0.5851850,0.5852,0.4414240,0.4414,0.9999586,390.4180,79
38.6653,47.1103,-47.1103,0.0000000,C1CN(CCN1c1cc(ccc1C)Cl)S(=O)(C1CN(C(=O)c2c(oc3c(cccc3)n2)C)C1)=O,0,0.0000000,0.0000,0.0000000,0.0000,0.0000000,0.0000,79
29.2538,29.3912,33.2333,0.5218710,Cc1cc(CC(=O)N2CCN(C(=O)c3ccco3)CC2)ccc1F,1,0.4113252,0.4113,0.8672961,0.8673,0.9999998,330.3590,79
39.2602,46.2096,37.5935,0.6983597,CN1Cc2ccc3nc(-c4ccc(CN5CCc6ccccc6C5)cc4)ccc3c2NC1=O,1,0.7444162,0.7444,0.4672645,0.4673,0.9975975,434.5430,79
41.6861,51.0468,-44.9168,0.0510833,O=C(O)c1ccc(NC2CN3Cc4cc([N+](=O)[O-])ccc4CCC3C2=O)cc1,1,0.0163851,0.0164,0.6177754,0.6178,0.9999820,381.3880,79
38.5242,46.9365,16.0440,0.5248372,CSc1nnc(C2CCCN2Cc2ccc(C)cc2)n1N=Cc1cc2c(cc1C)OCO2,1,0.5158303,0.5158,0.4059085,0.4059,0.9904711,449.5800,79
52.9016,70.1355,-70.1355,0.0000000,C1CN(CCC1N1C2CN(Cc3ccc4OCOc4cc3)CC2CN(C1)S(=O)(=O)c1ccc(F)cc1)C1CN(C(=O)c2ccc(cc2)O)C1,0,0.0000000,0.0000,0.0000000,0.0000,0.0000000,0.0000,79
30.6779,40.9767,2.8022,0.3648240,CN1CCN(NC(=O)c2cc(F)c(N)cc2Nc2cc(Cl)cc(Cl)c2)CC1,1,0.2652824,0.2653,0.6722102,0.6722,0.9996898,412.2960,79
41.1057,53.2053,19.7142,0.6076628,Cc1ccc(C)c(NC(=O)Nc2ccc(C3CCN3S(=O)(=O)NC(=O)Nc3ccccc3)cc2)c1,1,0.6813057,0.6813,0.3956860,0.3957,0.6434743,493.5890,79
33.5821,38.3658,49.4973,0.7321929,O=C(NC1CCCN1C(=O)Nc1ccc(Cl)cc1)c1cc(-c2ccc(F)cc2)on1,1,0.7281437,0.7281,0.6392594,0.6393,0.9985763,428.8510,79
24.4941,24.2450,-24.2449,0.0000005,CCC=CCC=CCC=CCC=CCC=CCCCC(=O)OC(CO)COC(=O)CCCCCCCCCCCCCC,1,0.0000000,0.0000,0.0504285,0.0504,0.0000919,600.9250,79
30.2636,39.0929,-2.2545,0.3069866,Cc1ccc(O)c(Nc2ccnc(Nc3ccc(N4CCN(CC(=O)O)CC4)cc3)n2)c1,1,0.2377873,0.2378,0.4163483,0.4163,0.9976069,434.5000,79
31.2719,35.4165,4.1518,0.3297354,Cc1cc(Cl)ccc1NC(=O)c1cc(Cl)nc(Nc2ccc(F)cc2C)n1,1,0.2418875,0.2419,0.5600360,0.5600,0.9998377,405.2600,79
50.0359,58.0819,36.3131,0.7866242,Cc1ccc(-c2noc3c(C4N(C)C(C)CN4S(=O)(=O)N4CC4)cccc23)cc1,1,0.8149982,0.8150,0.6163921,0.6164,0.9996834,412.5150,79
31.5181,41.8934,47.5102,0.7450303,Cc1cccc(CCC(=O)NC(=O)N2CCN(C(=O)N3CCCc4ccccc43)CC2)c1,1,0.6989068,0.6989,0.8052380,0.8052,0.9975981,434.5400,79
32.7195,41.7778,40.1406,0.6826537,CNS(=O)(=O)N1CCC(n2cc(NS(=O)(=O)c3ccc(C)cc3)cn2)C1,1,0.6311121,0.6311,0.7424210,0.7424,0.9999045,399.4980,79
34.7261,43.8970,36.3567,0.6687809,O=S(=O)(C1CCCN(c2nnnn2-c2ccc(O)cc2)C1)N1CCc2ccccc21,1,0.6292325,0.6292,0.6773754,0.6774,0.9988530,426.5020,79
43.2981,49.4659,4.7565,0.4518534,COc1ncc(-c2ccc(SOON)cc2)cc1C(N)=NON=O,1,0.5232001,0.5232,0.1818238,0.1818,0.9999989,351.3440,79
34.5737,50.4463,46.1640,0.8050859,Cc1cc(C(=O)Nc2sc3c(c2C(=O)O)CCN(C)C3)nn1-c1cccc(C(=O)O)c1,1,0.8676515,0.8677,0.5570629,0.5571,0.9958559,440.4810,79
38.3828,46.2181,37.9747,0.7016069,Cc1nc(N)cc(-c2cn(CC(=O)NN3C(=O)NC4(CCCC4)C3=O)nn2)n1,1,0.6992350,0.6992,0.5946943,0.5947,0.9999740,385.3880,79
34.7895,37.5102,-7.1331,0.2531428,Cc1ccc(NC(=O)CN)cc1S(=O)(=O)NC1SCCS1,1,0.1535634,0.1536,0.7325213,0.7325,0.9999992,347.4870,79
32.4656,43.9026,-6.4257,0.3123079,Cc1cccc2c1CCC(NC(=O)Nc1nnc(-n3cccn3)s1)C(=O)N2,1,0.2153665,0.2154,0.6409089,0.6409,0.9999782,383.4370,79
40.0010,52.6275,-18.1564,0.2872591,Cc1cnc(CN2CCOCC2)nc1N1CC(NC(=O)C(N)CCO)C1,1,0.2004241,0.2004,0.5426813,0.5427,0.9999962,364.4500,79
33.7449,50.4861,14.7133,0.5433284,COc1ccc(-c2nc(C3(C)NC(=O)N(C4CN(S(=O)(=O)c5ccc(C)cc5)C4)C3=O)cs2)cc1,1,0.6227293,0.6227,0.5089191,0.5089,0.2383589,512.6130,79
42.5286,47.9735,-33.3511,0.1218535,COc1cccc(N2CCN(C(=O)N3CCN([S+]([O-])c4ccccc4Cl)C(C)C3)CC2)n1,1,0.0574180,0.0574,0.6301653,0.6302,0.8833575,478.0180,79
37.9839,49.9503,8.6108,0.4880091,CN(Cc1ccc(F)cc1)C1=NC(=O)CN1c1ccc(NS(N)(=O)=O)cc1Br,1,0.4016283,0.4016,0.6957136,0.6957,0.9389610,470.3240,79
30.4282,36.4778,-1.8724,0.2883779,NNc1ncc(-c2ccc(C(=O)Nc3nncs3)s2)cn1,1,0.2071080,0.2071,0.4933114,0.4933,0.9999998,319.3750,80
25.4129,35.1371,42.3164,0.6454460,O=C(O)c1cccc(Nc2ccnc(N3CCN(c4nc5ccccc5s4)CC3)n2)c1,1,0.6557557,0.6558,0.4910613,0.4911,0.9980071,432.5090,80
32.0658,32.7538,31.9704,0.5393689,COC(=O)c1cc(NC(=O)c2ccnc(-c3cccnc3)n2)ccc1Cl,1,0.4564760,0.4565,0.7103427,0.7103,0.9999943,368.7800,80
34.6148,41.6512,4.9469,0.3883175,COc1cccc(-c2nc(NN)nc(NCCCOc3cccnc3)n2)c1,1,0.3664124,0.3664,0.2965106,0.2965,0.9999951,367.4130,80
47.5591,53.2144,-6.1419,0.3922704,Cc1ccccc1CN1CCN(C(=O)C2=C(CCCNc3ccccn3)CC(C)(C)N2c2ccc(F)cc2)CC1,1,0.6226470,0.6226,0.3365036,0.3365,0.0209982,541.7150,80
41.8502,44.0655,33.2071,0.6439384,COc1ccc(-c2ccc(C(Cc3ccccc3C)NC(=O)OC(C)(C)C)cc2)c(C(N)=O)c1,1,0.6594604,0.6595,0.4816556,0.4817,0.9742007,460.5740,80
29.4266,39.4230,22.3942,0.5151430,CC(N)c1ccnc(N2C(=O)NC(C)(c3ccc(F)cc3)C2=O)c1,1,0.4066965,0.4067,0.8456532,0.8457,0.9999999,328.3470,80
29.1635,31.6758,-21.9716,0.0808687,O=C(S)Nc1n[nH]c2ccc(-c3cn[nH]c3)cc12,1,0.0329440,0.0329,0.5329618,0.5330,0.9999575,259.2940,80
31.7852,41.9730,-23.4965,0.1539701,COc1ccc(OC)c(NC(=O)NC2(c3ccc(NS(C)(=O)=O)cc3C)CC2)c1,1,0.0784840,0.0785,0.6391144,0.6391,0.9993976,419.5030,80
32.3333,41.8569,36.6484,0.6542108,Cc1nc(-c2ccccn2)ncc1C(=O)Nc1cccc(S(=O)(=O)N(C)c2cccc(Cl)c2)c1,1,0.7450016,0.7450,0.4212736,0.4213,0.6352554,493.9760,80
35.1001,45.3893,-16.0546,0.2444561,O=C(c1ccc(S(=O)(=O)Nc2ccnc(N3CCCCC3)n2)cc1)N1CCC2CNCC21,1,0.1480754,0.1481,0.7051075,0.7051,0.9820114,456.5720,80
31.9469,38.2464,42.2962,0.6711886,O=S(=O)(N1Cc2ccccc2C1)N1CCC2c3ccccc3CC21,1,0.5940095,0.5940,0.8432301,0.8432,0.9999996,340.4480,80
34.6128,35.3518,-22.5753,0.1064710,NN1CC=C(CNc2ccc(SC(F)(F)F)cc2)CC1,1,0.0494457,0.0494,0.5089864,0.5090,0.9999993,303.3530,80
31.7910,40.4981,15.5958,0.4674489,O=C(Nc1ccccc1F)N1CCC(c2nc(N3CCNC3)no2)C1,1,0.3502329,0.3502,0.8778532,0.8779,0.9999993,346.3660,80
27.7990,35.2734,-15.9560,0.1609783,COc1ccc(S(=O)(=O)Nc2ccc(CC(=O)Nc3ccccc3N)cc2)c(C)c1,1,0.0896486,0.0896,0.5013743,0.5014,0.9989530,425.5100,80
29.7247,35.8124,-25.6860,0.0843871,Cc1cccc(-n2cnnc2SCC(=O)Nc2nc(-c3cccc(N)c3)cs2)c1,1,0.0391751,0.0392,0.3597633,0.3598,0.9992034,422.5390,80
33.2217,39.3060,43.5911,0.6908092,CC1(C)c2cc(C(=O)Nc3ccc(-n4nccn4)cc3)nn2CC1N,1,0.6399589,0.6400,0.7503402,0.7503,0.9999997,337.3870,80
29.9988,36.9240,15.5444,0.4372370,COC(=O)c1cccc(NC(=O)N2CCC(c3cccs3)=N2)c1,1,0.3182030,0.3182,0.8792638,0.8793,0.9999998,329.3810,80
46.1769,56.8783,-34.8185,0.1838321,Cc1ccc(NC(=O)N2CCC2CNC(=O)NSc2cccc(-c3nn[nH]n3)c2)c(C)c1,1,0.1137456,0.1137,0.4256611,0.4257,0.9875174,452.5440,80
30.9809,36.6523,35.2082,0.5988371,Cc1cc(S(N)(=O)=O)cc(NC(=O)NCNc2ccccc2)c1C,1,0.5510583,0.5511,0.6199440,0.6199,0.9999991,348.4280,80
38.4769,40.4201,30.7419,0.5930173,CC(C)(C)OC(=O)N1CCN(C2CCN(C(=O)c3cnc(N4CCOc5ccccc54)nc3)CC2)CC1,1,0.6406537,0.6407,0.6245818,0.6246,0.3112662,508.6230,80
33.2733,43.0335,-21.3048,0.1810727,Cc1cc(Cl)ccc1Nc1nn(C)n(-c2cc(C#N)ccn2)c1=O,1,0.0930821,0.0931,0.7911026,0.7911,0.9999996,340.7740,80
39.0193,48.8142,-18.3117,0.2541878,COc1cc(C=NNC(N)=O)ccc1OC(=O)c1c(-c2ccccc2)cc(-c2ccccc2)nc1-n1nc(C)cc1C,1,0.5864332,0.5864,0.1122291,0.1122,0.0037481,560.6140,80
38.4727,43.9403,3.3537,0.3941167,CC(C)(C)NC(=O)N1CCc2ccc(CNCc3ccc(C(=O)Nc4ccc(C(C)(C)C)cc4)cc3)cc2C1,1,0.5140069,0.5140,0.3483449,0.3483,0.0786045,526.7250,80
31.4523,39.2173,12.2505,0.4288985,Cc1ccc(-n2c(Cc3ccccc3)nnc2N2CCN(c3ccc(N4CCN(C)CC4)nn3)CC2)cc1,1,0.4647714,0.4648,0.3929987,0.3930,0.2911301,509.6620,80
38.4062,46.2175,34.2544,0.6705995,CN1CCN(S(=O)(=O)NCc2ccc(-c3ccc(C(=O)N4CCNCC4)cc3)cc2)CC1(C)C,1,0.6605935,0.6606,0.6514744,0.6515,0.7894006,485.6540,80
44.5979,51.2586,-16.3963,0.2905192,COc1cc(N2CCN(C(=O)Nc3cccc(F)c3)CC2)c(OC)cc1C(=O)Nc1nc(C)c(C(N)=O)s1,1,0.3858891,0.3859,0.4162641,0.4163,0.0193987,542.5930,80
30.4743,39.0736,-21.7815,0.1441011,Cc1cc(S(=O)(=O)NC(=O)Nc2ccccc2C(N)=O)c[nH]c1=O,1,0.0718621,0.0719,0.6245801,0.6246,0.9999990,350.3560,80
41.3563,46.6099,-42.1908,0.0368257,COc1ccc2c(NC(=O)COC(=O)c3ccccc4nc(C)cc3-4)ccnc2c1,1,0.0108379,0.0108,0.5110631,0.5111,0.9998860,401.4220,80
29.0530,39.2537,40.7434,0.6666420,Cc1cc(-c2cnc(C)nc2C2CCN2C(=O)N2CCc3ccccc3C2)on1,1,0.6286554,0.6287,0.6683860,0.6684,0.9999622,389.4590,80
32.5703,42.0669,9.9806,0.4337299,CN(C)S(=O)(=O)NCCOc1ccc(NS(=O)(=O)c2ccc(Cl)c(Cl)c2)nn1,1,0.3669212,0.3669,0.5294345,0.5294,0.9387707,470.3600,80
30.9078,32.0430,45.6193,0.6471861,CN(C)c1nc(NC(=O)c2ccc3c(c2)NC(=O)CO3)nc(N2CCOCC2)n1,1,0.5830814,0.5831,0.7500916,0.7501,0.9999053,399.4110,80
32.7139,38.8909,43.2357,0.6843887,COc1cc(C=NNc2ccc(C(F)(F)F)cn2)cc(OCc2ccc(C)c(C)c2)c1O,1,0.7715873,0.7716,0.3733265,0.3733,0.9934717,445.4410,80
27.3440,36.8827,44.3664,0.6770764,O=C1COc2cc(NS(=O)(=O)c3cccc(Nc4cnccn4)c3)ccc2N1,1,0.6616711,0.6617,0.6038899,0.6039,0.9999212,397.4160,80
32.5948,33.5278,26.6006,0.5010694,Cc1ccccc1NC(=O)N1CCN(c2ccncc2)CC1Cc1ccccc1,1,0.4085052,0.4085,0.7249433,0.7249,0.9999712,386.4990,80
28.9007,36.9052,42.7431,0.6637362,Cc1cncc(Oc2ccccc2Nc2nccc(N3CCN(C)CC3)n2)c1,1,0.6089016,0.6089,0.7312484,0.7312,0.9999886,376.4640,80
28.9117,43.3740,-18.0642,0.2109146,Cc1ccc(NC(=O)Nc2cc(C)nc(NC3CCN(c4ccc(F)cc4)C3=O)c2)cc1,1,0.1288275,0.1288,0.5444734,0.5445,0.9978196,433.4870,80
38.7088,47.2454,-25.5944,0.1804248,Cc1nc(-c2cccc(NC(=O)c3cccc(NC4=NC(C)(C)CN4c4ccccc4Cl)c3)c2)n[nH]1,1,0.1319099,0.1319,0.3244032,0.3244,0.4998616,500.0060,80
45.6876,52.7166,-35.2604,0.1454682,Cc1ccc(-c2ccnc(NS(=O)(=O)c3ccc(N4CCC(CNS(=O)(=O)c5cc(C)ccc5C)CC4)c([N+](=O)[O-])c3)n2)cc1,1,0.7554055,0.7554,0.1780368,0.1780,0.0000010,650.7830,80
39.7521,49.9081,-49.9081,0.0000000,c1c2c(C(Nc3ccc(cc3)C(=O)O)=O)c(CO)nn(c2c(cc1)F)Cc1cc(ccc1)C,0,0.0000000,0.0000,0.0000000,0.0000,0.0000000,0.0000,80
32.1311,40.6408,-22.8720,0.1480731,NC(=NCc1cc(F)ccc1F)N1CC(n2cnc3cccnc32)C1,1,0.0761465,0.0761,0.5842581,0.5843,0.9999995,342.3530,80
31.4885,42.6370,31.6613,0.6191526,COc1ccc(C)cc1NC(=O)N1Cc2nc(-c3ccc(C)cc3)nc(-c3ccc(F)cc3)c2C1,1,0.6640556,0.6641,0.3916725,0.3917,0.9477628,468.5320,80
29.9548,24.1510,13.1129,0.3105328,OCCc1coc(-c2ccc(C(F)(F)F)cc2)n1,1,0.1927109,0.1927,0.9191286,0.9191,0.9999486,257.2110,80
39.7598,45.8069,20.9960,0.5566908,Cc1ccc(NC(=O)c2ccc(C=NNC(=O)c3cc(N(C)c4ccc(Cl)cc4)ncn3)cc2)cc1,1,0.6916280,0.6916,0.2685429,0.2685,0.5236070,498.9740,80
30.0500,30.9282,-15.1399,0.1315692,O=C(O)c1cc(O)ccc1NCc1ccnc2ccccc12,1,0.0625715,0.0626,0.6433603,0.6434,0.9999983,294.3100,80
31.6332,41.2773,27.6255,0.5741903,COc1ccccc1Nc1cc(-c2ccccc2)nc(NC(=O)c2sc(N)nc2C)n1,1,0.5838125,0.5838,0.4109181,0.4109,0.9980071,432.5090,80
40.7630,45.9967,4.9297,0.4243865,Cc1cccc(C)c1NC(=O)C(=O)Nc1ccc(N2CCOCC2)c(C(=O)Nc2cccc(-n3nnnc3C)c2)c1,1,0.8446600,0.8447,0.3083599,0.3084,0.0064972,554.6110,80
26.8850,26.3294,41.7037,0.5669432,Cc1cccc(CN(C)C(=O)Cn2cc(CN)nn2)c1,1,0.4626177,0.4626,0.8698057,0.8698,0.9999884,273.3400,80
44.2135,49.6057,-9.4212,0.3348709,Nc1c(Cl)cc(C(=O)OC(=O)N[N+]2(O)CCNC2=O)cc1Cl,1,0.3277219,0.3277,0.2089864,0.2090,0.9999990,350.1380,80
28.0408,37.8556,28.5105,0.5530507,Cc1nccc(C2CCCN2c2nc(NN)nc(N(C)C)n2)n1,1,0.4916635,0.4917,0.6208500,0.6209,0.9999998,315.3850,80
52.6805,57.1604,-27.0266,0.2511153,Cc1cncc(C(=O)Nc2ccc(C3=C(NC(=O)N4CC5=C(C4)NNN5)C=NC3)cc2)c1,1,0.1695244,0.1695,0.4982097,0.4982,0.9983474,430.4720,80
37.0087,42.1079,8.6870,0.4232907,Nc1ncc(S(=O)(=O)Nc2ccc(Cl)c(-c3nc4c(N)nccc4s3)c2)cn1,1,0.3693831,0.3694,0.4441368,0.4441,0.9977340,433.9060,80
35.3254,39.4025,-20.6040,0.1566540,O=C(c1ccc2c(c1)S(=O)(=O)c1c(ccc3ccccc13)N2)N1CCN(c2ccc([N+](=O)[O-])cc2)CC1,1,0.1279518,0.1280,0.2765349,0.2765,0.2072963,514.5630,80
32.4630,35.3413,37.5781,0.6076613,CN1CCN(S(=O)(=O)c2ccc(NC(=O)CNC(=O)Nc3ccc(F)c(Cl)c3)cc2)CC1,1,0.5897454,0.5897,0.5829057,0.5829,0.8142678,483.9530,80
41.0526,54.1133,-21.6657,0.2703973,COc1cc(C2N3C=CC=NC3=NC(=O)N2CCN2CCOCC2)cc(OC)c1OCCCl,1,0.1910665,0.1911,0.5042396,0.5042,0.8840107,477.9490,80
29.5425,40.4393,48.6054,0.7420389,Cc1cccc(NC(=O)N2CCN(c3ccnc(Nc4cc(C(C)C)on4)n3)CC2)c1C,1,0.7501396,0.7501,0.6161808,0.6162,0.9973689,435.5320,80
28.2320,40.0144,42.7331,0.6895623,Cc1cccc(NC(=O)N2c3ccccc3NC2CC(=O)N2CCN(Cc3cccs3)CC2)c1,1,0.7015659,0.7016,0.5668618,0.5669,0.9042759,475.6180,80
36.4381,41.7719,-6.3249,0.2953910,CSc1nc2nc(-c3ccc(Cl)cc3)cc(C(=O)N3CCN(c4cccc([N+](=O)[O-])c4)CC3)c2c(=O)[nH]1,1,0.4721230,0.4721,0.1737345,0.1737,0.0320490,537.0010,80
46.6381,54.6650,-16.7926,0.3156041,CC(C)(C)OC(=O)NN(N=C(N)SN)NC(=O)CSc1ccc(C(F)(F)F)cn1,1,0.3225645,0.3226,0.1656247,0.1656,0.9836928,455.4880,80
40.3410,53.6075,-23.6542,0.2496107,COc1ccc(NC(=O)c2cc(NC(=O)NC3CN(C(=O)N4CCN(S(C)(=O)=O)CC4)C3)ccc2C)cc1,1,0.3016152,0.3016,0.5063379,0.5063,0.0161279,544.6340,80
35.7442,46.4922,-28.0479,0.1537024,Cc1cc(NC(=O)N(C)C2NN=NN2Cc2ccccc2)ccc1[N+](=O)[O-],1,0.0789390,0.0789,0.6207034,0.6207,0.9999940,369.3850,80
55.7805,69.4958,-69.4958,0.0000000,C(c1ccccc1)(=O)O[C@H]1[C@@H]2OC3(N(C2CN(C1)CCN1CCN(c2ccc(cc2)C)CC1)nccc3=O)CO,0,0.0000000,0.0000,0.0000000,0.0000,0.0000000,0.0000,80
39.0396,43.5565,-6.2361,0.3110034,CN(C)c1ccc2cccc(C=NNc3ccc(S(=O)(=O)Nc4cccc(C(F)(F)F)c4)cc3[N+](=O)[O-])c2n1,1,0.6801702,0.6802,0.1665296,0.1665,0.0045326,558.5420,80
40.2387,38.4597,4.9611,0.3618401,Cc1cccc(N2CCN(Cc3nc4[nH]c(=O)c=4c(-c4ccccc4)cs3)CC2)c1,1,0.2778067,0.2778,0.5490146,0.5490,0.9995410,416.5500,80
36.8194,54.0597,8.0444,0.5175348,Cc1cc(Cl)ccc1OC(=O)N1CCN(C(O)C(C)NC(=O)c2cccc(F)c2)CC1,1,0.4270936,0.4271,0.7328411,0.7328,0.9901800,449.9100,81
25.1045,31.5718,-4.9828,0.2215750,Cc1cccc(NC(=O)c2ccc(NCC(=O)Nc3ccc4ccccc4c3)cc2)c1,1,0.1512992,0.1513,0.3964854,0.3965,0.9997604,409.4890,81
35.4131,40.6525,45.4408,0.7174444,Cc1cccc(N(C)c2nc(N3CCN(C(=O)c4ccccc4Cl)CC3)nc(C(F)(F)F)n2)c1,1,0.7841083,0.7841,0.5330611,0.5331,0.6977435,490.9170,81
34.5480,40.9906,22.9636,0.5329513,Cc1ccc(CC(N)=NO)cc1NC(=O)C1CCN(C2CCCC2)C1,1,0.5580599,0.5581,0.3311731,0.3312,0.9999994,344.4590,81
34.9113,44.4539,18.4696,0.5243620,CNc1cc(NC2CCN(c3ncc(F)cn3)C2)nc(Oc2ccc(F)cc2)n1,1,0.4489298,0.4489,0.6539615,0.6540,0.9999053,399.4050,81
26.6448,34.0442,50.1729,0.7018097,COc1ccc(C(=O)Nc2nc(C)c(NS(=O)(=O)c3ccc(C)c(C)c3)s2)cc1,1,0.6941286,0.6941,0.6115799,0.6116,0.9981771,431.5390,81
31.1630,39.6348,-29.2744,0.0863359,Cc1cnc(N)c(NC2CNC(=O)N(C)C2=O)c1,1,0.0337233,0.0337,0.6811202,0.6811,0.9998931,249.2740,81
31.5201,41.5284,-0.9107,0.3384809,CN1CCN(CC2CN(c3ncccn3)CCN2C(=O)c2ccc3nccn3c2)CC1,1,0.2444603,0.2445,0.6152979,0.6153,0.9993384,420.5210,81
59.9907,58.1408,-4.0637,0.4506425,NC1CNCC1CNCc1c(Nc2ccc(N3CCCC3)c(C(F)(F)F)c2)cc(F)c(F)c1F,1,0.4495492,0.4495,0.3499995,0.3500,0.7598813,487.4920,81
62.1764,71.7627,-71.7626,0.0000003,CNC(=O)NC(C(=O)NC1C(=O)N(C(C(=O)O)C2OC3=C(C(N)=O)NS(=O)(=O)N(C3)S2(=O)=O)C1Sc1nnnn1C)c1ccccc1,1,0.0000000,0.0000,0.1265999,0.1266,0.0000000,715.7090,81
27.6215,33.3742,-19.7917,0.1131873,COc1cc(N(CC(=O)NN=Cc2cc(C)n(-c3cccc(C)c3)c2C)S(C)(=O)=O)cc(OC)c1OC,1,0.0907573,0.0908,0.3191792,0.3192,0.0667941,528.6310,81
22.9781,28.1706,56.8958,0.7088865,CS(=O)(=O)Nc1ccc(Nc2ccnc(Nc3ccc(F)cc3)n2)cc1,1,0.7037538,0.7038,0.6122277,0.6122,0.9999914,373.4130,81
28.9553,34.2999,12.0110,0.3859246,Cc1ccc(CN=C(NCc2ncc(C)s2)NCC2CCCN2Cc2ccccc2)cc1,1,0.3363377,0.3363,0.3895293,0.3895,0.9920091,447.6520,81
50.8431,70.8156,-54.0309,0.1398718,Cc1ccc(S(=O)(=O)Nc2ccc3c(c2)CN(Cc2ccccc2C)C(=O)N3c2ccc(-n3c(=O)[nH]c4ccccc43)c(F)c2)c(C)c1,1,0.8123648,0.8124,0.1852708,0.1853,0.0000004,661.7590,81
37.4388,43.3771,13.4414,0.4734877,COc1cccc(-c2noc(-c3cc(C(=O)Nc4cc(Br)ccc4OC)n[nH]3)n2)c1,1,0.4398934,0.4399,0.4349643,0.4350,0.9391771,470.2830,81
33.9243,38.5832,23.6595,0.5186894,COc1cnc(OC)c(CN2CCc3sc(C(=O)NN)cc3C2)c1,1,0.4824884,0.4825,0.4812079,0.4812,0.9999991,348.4280,81
29.1233,34.2965,-17.0596,0.1436411,Nn1cnnc1SCC1=NN(Cc2ccco2)C(c2ccccc2)C1,1,0.0745318,0.0745,0.5410016,0.5410,0.9999985,354.4390,81
37.6024,41.9509,-24.0787,0.1489343,Cc1ccc(N2CCOC(C(=O)NC3CCN(S(=O)(=O)c4cccc(Cl)c4)CC3)C2)cc1,1,0.0737412,0.0737,0.7159956,0.7160,0.8833954,478.0140,81
32.3890,39.6888,-1.0239,0.3222074,O=C(Nc1ccnc([N+](=O)[O-])c1)N1CCNc2ncccc21,1,0.2246743,0.2247,0.6460122,0.6460,0.9999990,300.2780,81
29.3848,33.9454,41.9675,0.6326073,O=c1cc(-c2ccc(S(=O)(=O)N3CCCC3)cc2)nc(-c2ccc(Cl)cc2)o1,1,0.5891437,0.5891,0.6456535,0.6457,0.9995266,416.8860,81
33.4437,39.5256,8.3948,0.3993368,CC(CN1CCc2cnc(-c3ccccc3)nc2C1)NC(=O)Nc1ccc(OC(F)(F)F)cc1,1,0.3230127,0.3230,0.5490250,0.5490,0.9325485,471.4830,81
32.2039,37.8880,33.8858,0.5981149,NS(=O)(=O)c1ccc(NC(=O)NC2CC(F)(F)Oc3c(F)cccc32)cc1,1,0.5241254,0.5241,0.7343862,0.7344,0.9998866,401.3660,81
35.5753,44.5595,-22.8935,0.1805498,CCc1ccc(NC(=S)Nc2ccc(N3CC4NC(C)C4C3)cc2)cc1,1,0.0953379,0.0953,0.7170606,0.7171,0.9999954,366.5340,81
26.0175,38.8548,23.2325,0.5173942,CCOC(=O)NC(=O)NC(=O)NN1CCN(Cc2ccc(Cl)cc2)CC1,1,0.4270763,0.4271,0.7283563,0.7284,0.9999774,383.8360,81
26.7204,34.8777,8.9229,0.3650052,NC(=O)NNCC(=O)OCC(=O)Nc1ccc(S(N)(=O)=O)cc1,1,0.3412562,0.3413,0.2790701,0.2791,0.9999993,345.3370,81
33.5965,43.5108,26.0298,0.5795051,CN1CCN(c2ccc(CNC(=O)C(C)(C)N3CCN(S(N)(=O)=O)CC3)cc2F)CC1,1,0.5285221,0.5285,0.6144870,0.6145,0.9819853,456.5880,81
44.1196,48.9099,4.4125,0.4443531,CC1CNCC1C(=O)Nc1ccn2cc(COC(=O)c3cccs3)nc2c1,1,0.3533434,0.3533,0.6606279,0.6606,0.9999761,384.4610,81
32.1831,33.4965,6.5864,0.3340242,COc1cc(C=NNC(=O)CN2CCN(Cc3c(F)cccc3Cl)CC2)cc(OC)c1OC,1,0.2689087,0.2689,0.4410296,0.4410,0.8741975,478.9520,81
31.3147,34.6668,10.8526,0.3793287,CCNc1cc(N2CCN(C(=O)Nc3nc(C)cs3)CC2)ncn1,1,0.2596900,0.2597,0.8800050,0.8800,0.9999992,347.4480,81
46.7101,55.5267,12.2126,0.5644947,NCCCc1nc(-c2cc(S(=O)(=O)Nc3ccc(C(N)=O)cc3C(=O)O)ccn2)n[nH]1,1,0.6194918,0.6195,0.3073262,0.3073,0.9934598,445.4610,81
39.4317,49.4295,-28.5160,0.1742787,O=C(O)c1cc(O)ccc1N1CC(Nc2ccnc(=O)[nH]2)NC1=O,1,0.0985536,0.0986,0.5350173,0.5350,0.9999998,331.2880,81
44.3245,59.1051,-1.2285,0.4823047,COc1cccc(CN2CC3(C2)Oc2ccc(F)cc2CN3c2ccc(NC(=O)c3ccc(C)cc3C)cc2)c1,1,0.8109348,0.8109,0.3122735,0.3123,0.0302861,537.6350,81
37.6360,40.4206,-11.1940,0.2435552,CC1CN(CC(=O)N2CCN(C(C#N)c3ccccc3Cl)CC2)c2ccccc2O1,1,0.1442060,0.1442,0.7529415,0.7529,0.9990072,424.9320,81
37.3361,43.3809,-24.0103,0.1614216,CC1(C)N=C(N)NC(=O)N1c1cc(F)c(NC(=O)c2ccc(F)cc2F)cc1F,1,0.0825011,0.0825,0.6795952,0.6796,0.9997636,409.3430,81
31.5535,33.5524,38.0526,0.5967083,CNC1CCCN(C(=O)c2cccn(Cc3cccc(F)c3)c2=O)C1,1,0.4894926,0.4895,0.9219318,0.9219,0.9999995,343.4020,81
35.3857,40.7778,-21.2033,0.1631210,COCc1ccc(C(=O)Nc2ccc3oc(-c4nc5cc(C)ccc5n4C)cc3c2)cc1,1,0.0979766,0.0980,0.3925071,0.3925,0.9989551,425.4880,81
30.1007,36.2633,44.3781,0.6720120,COc1ccc(Nc2nc3n(n2)C(C(=O)Nc2cc(C)ccc2C)CC(=O)N3)cc1,1,0.6557287,0.6557,0.6003295,0.6003,0.9998190,406.4460,81
26.9356,33.3449,35.1673,0.5709349,Cc1ccc(S(=O)(=O)N2CC(O)(CN3CCN(c4ncccn4)CC3)C2)cc1,1,0.4838326,0.4838,0.7700693,0.7701,0.9998619,403.5080,81
39.2075,53.5341,-33.2226,0.1692620,Cc1cccc(N2CC(C(=O)N3CCc4ccccc43)NC23CS(=O)(=O)C3)c1,1,0.0833371,0.0833,0.8315336,0.8315,0.9999205,397.5000,81
42.1714,49.3629,-6.4217,0.3578440,CS(=O)(=O)NCc1ccc(Cl)c(C(=O)NCC2CN(S(=O)(=O)c3cccc(F)c3)Cc3ccccc32)c1,1,0.6971670,0.6972,0.4353128,0.4353,0.0022697,566.0760,81
42.1167,50.3037,-38.8080,0.0957969,O=C(Cc1ccc(O)cc1O)N1Cc2[nH]c(=O)ncc2CN(C(=O)c2ccccc2)C1,1,0.0408183,0.0408,0.5873644,0.5874,0.9993443,420.4250,81
33.5967,34.3919,27.2955,0.5140615,c1ccc(-c2nc(-c3cncc(-c4cnc[nH]4)c3)cs2)nc1,1,0.4416568,0.4417,0.6270158,0.6270,0.9999994,305.3660,81
44.7328,54.4325,10.2982,0.5394230,NS(=O)(=O)NCC1OC(C(=O)NO)C2C1C(=O)N1CN(S(N)(=O)=O)CC21,1,0.6414157,0.6414,0.2161429,0.2161,0.9996227,414.4220,81
46.1937,49.6846,9.2640,0.4912384,Cc1ccccc1CNn1c(=O)n(-c2ccccc2)c(=O)c2cnc(N3CCN(C)CC3c3ccccc3)nc21,1,0.7612892,0.7613,0.3575564,0.3576,0.0431903,533.6360,81
38.1670,41.0736,-17.2345,0.1986590,CCC(c1ccc(OC)cc1)N1CCN(S(=O)(=O)N(C)C2CCC(C)CC2)CC1,1,0.1112821,0.1113,0.6733533,0.6734,0.9991199,423.6230,81
29.1982,31.8624,4.2856,0.3012331,Cc1cccc(-n2ncc(C(=O)NCc3cn4cccnc4n3)c2C)c1,1,0.2068967,0.2069,0.6157096,0.6157,0.9999993,346.3940,81
30.6027,32.0419,-7.4462,0.2049635,COc1ccc(OC)c(C=NNC(=O)Cc2cccc(N)c2)c1,1,0.1277883,0.1278,0.4849131,0.4849,0.9999997,313.3570,81
39.7720,50.2383,-21.8259,0.2367701,CC(C)N(C)C(=O)c1ccc(NC(=O)NC(=O)Nc2ccc(S(=O)(=O)Nc3ccc(Br)cn3)cc2)cc1,1,0.5742298,0.5742,0.3194007,0.3194,0.0002636,589.4720,81
38.9702,43.1107,-27.7127,0.1283162,Cc1ccc(C)c(CN(C)C(=O)c2ccc(Cc3nc(C)c(C)c(=O)[nH]3)cc2)c1,1,0.0584537,0.0585,0.7203988,0.7204,0.9999620,389.4990,81
40.6711,48.7063,-48.7063,0.0000000,c1(-c2ncc3c(N4CCN(C(NC5NC5CN=4)=O)CC3)n2)ccc(cc1)C,0,0.0000000,0.0000,0.0000000,0.0000,0.0000000,0.0000,81
32.9554,41.6110,49.9098,0.7626736,Cc1nc(CN)oc1-c1ccc(NC(=O)CN2Cc3ccccc3NC2=O)cc1,1,0.7790160,0.7790,0.6184307,0.6184,0.9999546,391.4310,81
49.3390,53.8014,19.3902,0.6099296,Cc1cccc(NC(=O)CC(=O)NC2(C(=O)O)CCSC2)c1-c1onc(C)c1C,1,0.5662897,0.5663,0.6178340,0.6178,0.9994997,417.4870,81
33.4185,41.2678,50.2538,0.7626793,CC(=O)N(c1ccc(C)cc1)c1nc(N)cc(C(=O)Nc2cccc(C#N)c2)n1,1,0.7490952,0.7491,0.7093108,0.7093,0.9999714,386.4150,81
25.3232,27.1869,-20.8670,0.0526657,Cc1cccc(NC(=O)CNS(=O)(=O)c2c(C)cc(C)cc2C)c1,1,0.0154996,0.0155,0.8740119,0.8740,0.9999993,346.4520,81
35.6847,40.1678,-16.1979,0.1997493,CC(=O)c1cccc(NC(=O)c2cnc(Nc3cccc(C)c3C)c(N)c2)c1,1,0.1174795,0.1175,0.5722170,0.5722,0.9999905,374.4440,81
41.8670,47.0571,-20.7693,0.2190654,CN1C(=O)C2(CN(CC3CC3)CC2Nc2ccc3c(n2)CCNC3)c2ccccc21,1,0.1209778,0.1210,0.8192726,0.8193,0.9998616,403.5300,81
35.8824,40.9310,-22.2857,0.1553773,Cc1c(O)cccc1-c1[nH]c(=O)[nH]c1C1C(=O)Nc2ccccc21,1,0.0816034,0.0816,0.5833903,0.5834,0.9999999,321.3360,81
35.1452,38.4360,15.6256,0.4505133,CCC(NC(=O)NC(C)C(=O)Nc1ccc(F)cc1)c1nc(C)cs1,1,0.3495685,0.3496,0.7348119,0.7348,0.9999962,364.4460,81
33.5339,37.6602,48.2780,0.7161516,COc1cc(Cl)c(C)cc1NC(=O)C(NS(=O)(=O)c1ccc(C(=O)O)cc1)c1ccccc1,1,0.8200851,0.8201,0.4400560,0.4401,0.7345505,488.9490,81
41.6308,44.1671,-44.1671,0.0000000,c1ccc2c3ccc(cc3n3c2c1c1c2c2cccc1c(c3)-c1ccc(-c2ccccc2)cc1)-c1cccc(-c2ccccc2)n1,0,0.0000000,0.0000,0.0000000,0.0000,0.0000000,0.0000,81
33.6573,46.8436,10.3360,0.4764962,Cc1ccc(NC(=O)N2CCC3(CC2)c2cc(NS(C)(=O)=O)ccc2NC(=O)N3Cc2cccc(C)c2)cc1,1,0.8420737,0.8421,0.4053819,0.4054,0.0122297,547.6810,81
33.9168,42.8664,23.7427,0.5550762,Cc1cc(N2CCOC(F)(F)C2)nc(NC2CN(S(C)(=O)=O)C2)n1,1,0.4562335,0.4562,0.8215022,0.8215,0.9999965,363.3900,81
36.9778,43.1592,44.4098,0.7297417,O=C(NCc1ccc(C2CNC(=O)N2CCO)cc1)Nc1cc2ccccc2cn1,1,0.7747067,0.7747,0.5057093,0.5057,0.9998347,405.4580,81
29.1926,34.3175,26.9494,0.5105571,O=C(NCCN1CCN(c2ccc(C(=O)O)cc2)CC1)Nc1cccs1,1,0.4199269,0.4199,0.7229623,0.7230,0.9999905,374.4660,81
35.7476,48.2464,22.2090,0.5871286,Nn1c(Nc2ccc(NC(=O)c3ccco3)cc2)nnc1-c1cnn(C(F)F)c1,1,0.5969543,0.5970,0.4245165,0.4245,0.9998968,400.3490,82
34.9358,39.1394,-17.4189,0.1810041,Cc1cccc(-n2cc(CCN)c(=O)c3ccc(-c4cccc(F)c4)cc32)c1,1,0.1022276,0.1022,0.5687946,0.5688,0.9999921,372.4430,82
35.4729,49.0454,-49.0454,0.0000000,O=C(OC)c1c(snc1N)N1CCN(C(=O)N2CCN(c3ccnn3)CC2)CC1,0,0.0000000,0.0000,0.0000000,0.0000,0.0000000,0.0000,82
37.2087,47.2219,21.3627,0.5715388,Cc1ccc(N2CCN(S(=O)(=O)N3C4CN(C)CC3c3ncccc34)CC2)nn1,1,0.4929582,0.4930,0.7252438,0.7252,0.9995824,415.5230,82
47.1638,57.7215,-50.3303,0.0615928,O=C(NC1CC1)c1ccc(C=NN2C(=O)NC(c3cccc(Oc4ccccc4)c3)C2c2ccc(Cl)cc2Cl)cc1,1,0.0897355,0.0897,0.2099857,0.2100,0.0003803,585.4910,82
48.1984,50.9623,7.2128,0.4847918,O=C(Nc1ccc(-c2cc(C(=O)N3CCC(c4cccn4-c4ccccc4)C3)no2)cc1)c1ccc(F)cc1,1,0.6762726,0.6763,0.2911170,0.2911,0.1307871,520.5640,82
32.8921,39.6861,36.4099,0.6341333,Cc1cc(C)c(S(=O)(=O)Nc2ccc([N+](=O)[O-])cc2C(=O)N(C)Cc2ccccc2O)c(C)c1,1,0.7072401,0.7072,0.3806676,0.3807,0.8198705,483.5460,82
34.6506,36.2342,-24.3221,0.0992672,[C-]#[N+]C(C(=O)O)=C1N=CN=C1c1ccccc1,1,0.0423909,0.0424,0.6148742,0.6149,0.9990199,225.2070,82
41.2861,56.0352,-1.5226,0.4542717,Cc1ccc(N2C3CN(Cc4cccc(-c5cccc(C)c5)c4)CC3N2C(=O)Nc2ccc(F)cc2)cc1,1,0.5160956,0.5161,0.3301726,0.3302,0.3520170,506.6250,82
45.1027,49.4482,-11.2726,0.3181296,Cc1ccc(S(=O)(=O)Nc2nc(C(=O)N3CCCC3)c(C)s2)cc1N1CCCNS1(=O)=O,1,0.2430224,0.2430,0.6459563,0.6460,0.5082882,499.6400,82
43.2673,51.1255,17.7245,0.5737501,Cc1c(CN2CC3Cc4ccc(NC(=O)C5(N)CCOCC5)cc4CN3CC2=O)cnn1C,1,0.4984698,0.4985,0.7154991,0.7155,0.9875004,452.5590,82
33.3313,48.2061,20.7424,0.5745712,Cc1cccc(N2CCC(C(=O)Oc3cccc(N4C(=O)C5C6C=CC(CC6)C5C4=O)c3)C2)c1,1,0.6410465,0.6410,0.2995964,0.2996,0.9820602,456.5420,82
42.0096,49.6182,27.5066,0.6427069,CN(C)C(=O)c1c(NC(=O)Nc2ccc(F)cc2)c(CN2CCN(C(=O)c3cccs3)CC2)cn1C,1,0.7829261,0.7829,0.5289284,0.5289,0.2383915,512.6110,82
30.7111,35.8605,-9.6901,0.2180863,Cc1cc(C(=O)O)ccc1N1CC(=O)N(Cc2ccccc2)C1=N,1,0.1168326,0.1168,0.9050395,0.9050,0.9999999,323.3520,82
28.2577,35.1851,-7.2010,0.2332015,Cc1cccc(N2CCN(C)CC2)c1CNC(=O)Nc1ccc(O)cc1,1,0.1362456,0.1362,0.7388030,0.7388,0.9999985,354.4540,82
31.7197,45.5679,42.6005,0.7347367,Cc1cccc(S(=O)(=O)Nc2ccc(CN3C(N)NNC3N3CCOCC3)cc2)c1,1,0.7745453,0.7745,0.5241184,0.5241,0.9979995,432.5500,82
34.7348,42.1240,27.6881,0.5817678,Cc1ccccc1NC(=O)Nc1ccncc1N1CCN(C(=O)Nc2ccccc2C)CC1,1,0.5492551,0.5493,0.5443127,0.5443,0.9939891,444.5390,82
36.1796,40.3929,-0.5236,0.3322439,Cc1ccc(NC(=O)Nc2c(S(=O)(=O)N3CCN(c4ccc(Cl)cc4)CC3)ccc(Cl)c2Cl)cc1,1,0.5478769,0.5479,0.3993780,0.3994,0.0069346,553.8990,82
35.9202,38.8023,-18.6107,0.1682628,Cn1c(C(=O)Nc2ccc3c(Nc4ccccc4)n[nH]c3c2)cc2cc(F)ccc21,1,0.1026428,0.1026,0.3893248,0.3893,0.9999051,399.4290,82
26.7779,30.0357,17.9696,0.4000440,COc1cc(C)nc(N2CCN(S(=O)(=O)c3cccnc3Cl)CC2)n1,1,0.2948538,0.2949,0.7360715,0.7361,0.9999774,383.8610,82
32.2580,33.9570,10.9136,0.3739212,COc1ccc(C2=NN(S(N)(=O)=O)CC2c2ccc(C)cc2)cc1,1,0.2512329,0.2512,0.9196720,0.9197,0.9999993,345.4240,82
32.4558,37.2727,-12.7642,0.2042375,COc1ccc(CN2CCc3n[nH]c(NS(=O)(=O)c4ccc5ccccc5c4)c3C2)cc1,1,0.1286995,0.1287,0.4667132,0.4667,0.9913276,448.5480,82
31.7626,37.5173,-24.7371,0.1065021,CC(=O)N(CCN(c1cc(C)cc(C)c1)S(=O)(=O)c1ccccc1)Cc1ccc(C)cc1,1,0.0500047,0.0500,0.4926490,0.4926,0.9895386,450.6040,82
29.8911,41.2717,-19.4276,0.1820343,CCN(CCO)c1ccc(NS(=O)(=O)N2CCN(C(=O)Nc3ccccc3C)CC2)cc1,1,0.1039646,0.1040,0.5596170,0.5596,0.9717464,461.5880,82
37.0288,47.5345,37.0957,0.7052518,Cc1cccc(S(=O)(=O)Nc2ccc3c(c2)C(=O)NC2(CCN(c4ccc(C)nc4)C2)O3)c1,1,0.7014577,0.7015,0.6149683,0.6150,0.9632205,464.5470,82
36.1181,34.5146,-7.7336,0.2231747,COC(=O)c1c(C)[nH]c(C(=O)OCC(=O)N2CCCC2c2ccc[nH]2)c1C,1,0.1258699,0.1259,0.7825279,0.7825,0.9999914,373.4090,82
29.2893,34.4786,29.3771,0.5321308,Cc1cccc(-c2ncc(=O)n(CC(=O)NCCc3ccc(S(N)(=O)=O)cc3)n2)c1,1,0.4776081,0.4776,0.5670400,0.5670,0.9987442,427.4860,82
29.9447,41.9456,-20.4662,0.1789947,CN1CCN(c2ccc(N)c(NC(=O)Nc3ncc(-c4cccc([N+](=O)[O-])c4)s3)c2)CC1,1,0.1204491,0.1204,0.3050510,0.3051,0.9863494,453.5280,82
24.8296,36.8551,-36.8551,0.0000000,C1C(Nc2cc(N3c4ccccc4CC3)nc(-c3ccccn3)nc2C1)=O,0,0.0000000,0.0000,0.0000000,0.0000,0.0000000,0.0000,82
28.2308,31.7219,38.7445,0.5872196,Cc1cc(C)c(NC(=O)NNC(=O)Cc2ccc(Br)cc2)c(C)c1,1,0.5178535,0.5179,0.6986951,0.6987,0.9999592,390.2810,82
39.9244,42.1804,-5.9323,0.3020673,N=c1ccc2c(Oc3cccc(Cl)c3)nc3nc2n1-c1ccccc1CC3,1,0.2130275,0.2130,0.5636325,0.5636,0.9999902,374.8310,82
42.8699,44.8795,-25.5014,0.1614840,Cc1cccnc1-c1nc2ccc(F)cc2n1-c1ccc(Sc2ncc[nH]2)cc1,1,0.0936173,0.0936,0.4374488,0.4374,0.9998855,401.4700,82
33.1135,38.3567,-15.0178,0.1944906,CC1Oc2cc(NC(=O)c3ccccc3)ccc2C2CC(c3ccccc3F)=NN12,1,0.1079026,0.1079,0.6743823,0.6744,0.9998858,401.4410,82
48.9004,54.9125,5.9164,0.5069079,COc1ccc(NC(=O)OC2Cc3c(nc(Oc4ccc(F)cc4)nc3-c3ccccc3F)OC2=O)cc1,1,0.6797752,0.6798,0.3419973,0.3420,0.1427868,519.4600,82
45.1270,47.9655,-47.9655,0.0000000,O=c1n([C@@H]2O[C@@H]([C@@H](O)[C@H]2O)COP(O)(=O)OP(O)(=O)OC[C@@]2(OC2)CN)c2ncnc(N)c2n1,0,0.0000000,0.0000,0.0000000,0.0000,0.0000000,0.0000,82
35.1826,55.4101,7.2817,0.5224319,Cc1cccc(N2CC(NS(N)(=O)=O)C2N2CCN(C(=O)c3ccc(F)cc3)CC2)c1,1,0.4367401,0.4367,0.7097268,0.7097,0.9920933,447.5360,82
27.7584,32.5975,45.0312,0.6469064,O=C(Nc1cccc2ccccc12)c1cc(COc2cccc(F)c2)no1,1,0.6354416,0.6354,0.5539148,0.5539,0.9999969,362.3600,82
28.1161,32.5489,-8.9634,0.1965455,O=C(NCc1cc(-c2ccccc2)ncn1)c1ccc(-c2ccccc2)cn1,1,0.1145548,0.1146,0.5764619,0.5765,0.9999955,366.4240,82
35.6127,38.5180,38.0830,0.6383412,Cc1cccc(S(=O)(=O)NC(=O)c2cc(-c3cccnc3)nc3onc(C)c23)c1,1,0.6241744,0.6242,0.5517482,0.5517,0.9997825,408.4390,82
36.2004,41.0178,47.7709,0.7399058,Cc1ccc2c(=O)[nH]c(CN(C)C(=O)c3ccc(OCC(N)=O)c(O)c3)nc2c1,1,0.7637234,0.7637,0.5696675,0.5697,0.9999282,396.4030,82
42.6880,48.0206,-40.5266,0.0624508,COc1ccc(C2CC(Cn3nccn3)CN2c2ccc(N)cn2)cc1,1,0.0205670,0.0206,0.7613582,0.7614,0.9999990,350.4260,82
35.0696,43.7155,34.0446,0.6480008,Cc1ccc(NC2CN(c3cc(C)on3)CCN2Nc2ccc(C)cc2)cc1,1,0.5968910,0.5969,0.6954208,0.6954,0.9999874,377.4920,82
30.3290,39.5309,-18.2435,0.1773951,O=C1COc2c(cccc2S(=O)(=O)N2CCC(N3CCN(Cc4ccc(F)cc4)CC3)CC2)N1,1,0.0979200,0.0979,0.6946058,0.6946,0.7410362,488.5850,82
31.9608,36.5848,-6.8286,0.2479681,COc1ccc(-c2n[nH]c(=O)c(Sc3ncccn3)c2N)cc1OC,1,0.1532138,0.1532,0.6659419,0.6659,0.9999980,357.3950,82
29.9789,32.0201,-18.2364,0.1148639,Clc1cc(Cl)cc(CN2CCN(c3cccc4scnc34)CC2)c1,1,0.0515096,0.0515,0.6446354,0.6446,0.9999864,378.3280,82
33.7886,45.1235,39.9430,0.7088873,Cc1cccc(Nc2cc(-c3cccc(CNC(N)=O)c3)nc(-c3cccc(C)c3)n2)c1,1,0.8004934,0.8005,0.3902322,0.3902,0.9991282,423.5200,82
33.3456,39.3904,20.0784,0.4955732,CN1CCN(c2cc(-c3ccccn3)nc(C3CCCN3S(=O)(=O)c3cccs3)n2)CC1,1,0.4353660,0.4354,0.5670161,0.5670,0.9373580,470.6240,82
31.3577,30.8854,15.6083,0.3874478,COc1ccc(C)c2sc(N(CCN3CCOCC3)C(=O)c3cccc(C(F)(F)F)c3)nc12,1,0.3179591,0.3180,0.5169333,0.5169,0.8682885,479.5240,82
33.5332,44.7844,25.5794,0.5863653,CN(Cc1nc(-c2cccs2)no1)S(=O)(=O)N1CCN(Cc2ccc(O)c(F)c2)CC1,1,0.5521786,0.5522,0.5678423,0.5678,0.9520719,467.5480,82
35.0795,42.0068,-23.4611,0.1545475,CCN(c1cc(C)ccc1C)S(=O)(=O)n1ccoc1=O,1,0.0724785,0.0725,0.8601564,0.8602,0.9999986,296.3480,82
48.6509,57.2497,-11.2897,0.3829997,Cc1ccc(S(=O)(=O)N(Cc2cc(CN3CCCCC3C(N)=O)cc(-c3ccc(C(=O)O)cc3)c2)N=O)cc1,1,0.7082288,0.7082,0.2852086,0.2852,0.0093421,550.6370,82
32.9547,43.8198,-32.5686,0.0937601,Cc1ccc(NC(=O)Nc2ccc(S(=O)(=O)Nc3ccc(F)c(C(=O)Nc4ccccc4)c3)cc2)cc1[N+](=O)[O-],1,0.1329934,0.1330,0.1579962,0.1580,0.0028581,563.5670,82
26.6548,33.5024,9.2807,0.3565263,Cc1cc(Nc2ccc(Oc3ccccc3)cc2Br)nc(N2CCN(C)CC2)n1,1,0.2662370,0.2662,0.5959951,0.5960,0.9852622,454.3720,82
44.6636,41.8130,-21.0590,0.1729505,CC[S+]([O-])Nc1ccc(N2CCC(N3CCN(C(=O)C(C)C)CC3)CC2)nc1,1,0.0893171,0.0893,0.7267431,0.7267,0.9997990,407.5840,82
35.4042,40.6610,30.1693,0.5902523,O=C(Cc1ccncc1)Nc1ccc(N2CCN(C(=O)C3NNNN3)CC2)nc1,1,0.6031043,0.6031,0.4205640,0.4206,0.9999210,397.4430,82
36.1146,36.9281,22.2430,0.4930925,Nc1cc(O)c(N(c2ccccc2)c2ccc(Oc3ccccc3)cc2)c(O)c1,1,0.4834486,0.4834,0.3710401,0.3710,0.9999762,384.4350,82
37.2890,42.0157,27.2892,0.5775411,Cc1cc(NS(=O)(=O)c2ccc(CS(N)(=O)=O)cc2)nn1C1CCS(=O)(=O)C1,1,0.5201783,0.5202,0.6357304,0.6357,0.9913276,448.5480,82
34.7621,36.5833,41.3296,0.6492742,NC(=O)Nc1ccc(OCC(=O)NC2CCCc3ccc(O)cc32)cc1,1,0.6077102,0.6077,0.6594825,0.6595,0.9999983,355.3940,82
35.5321,45.1319,17.2622,0.5199504,Cc1cc(C)cc(NC(=O)c2oc(-c3ccc(O)cc3O)cc2[N+](=O)[O-])c1,1,0.4876377,0.4876,0.4693213,0.4693,0.9999946,368.3450,82
34.7794,41.1094,-0.7658,0.3361967,Cc1cc(C(=CC(=O)O)Nc2ccc(CO)cc2)ccc1F,1,0.2294762,0.2295,0.7419681,0.7420,0.9999991,301.3170,82
34.9676,41.9301,17.2561,0.4932190,Cc1ccc(C(=O)N2CCN(C(=O)c3ccccc3OCc3ccnc(N)c3)CC2)cc1F,1,0.4130670,0.4131,0.6471572,0.6472,0.9913672,448.4980,82
40.3593,36.4748,16.6434,0.4426522,CNS(=O)(=O)c1cccc(C(=O)N(C)C(C)c2ccc(C)cc2)c1F,1,0.3230270,0.3230,0.8871102,0.8871,0.9999962,364.4420,82
35.7890,43.3282,8.5756,0.4325321,NCc1ncc(CNc2nc(N)cc(N3CCNC(=O)C3)n2)s1,1,0.3536100,0.3536,0.5757787,0.5758,0.9999998,334.4090,82
45.5231,49.9514,9.1506,0.4925168,C=CC(=O)N1Cc2cc(F)c(F)c(Nc3nc(Nc4ccccc4S(C)(=O)=O)ncc3C(N)=O)c2C1,1,0.5878453,0.5878,0.4079549,0.4080,0.2080390,514.5140,82
40.6448,47.3756,-47.3756,0.0000000,[C@@H]1(C)N(Cc2ccc(Cl)nc2)CCN([C@@H](NCc2ccc(cc2)OC)=O)C1,0,0.0000000,0.0000,0.0000000,0.0000,0.0000000,0.0000,83
39.7420,53.2701,-53.2701,0.0000000,c1cc2c(cc1NC(=O)Nc1cc(F)cc(F)c1)nc(-c1cc(N)ccc1)ncc2C(N)=O,0,0.0000000,0.0000,0.0000000,0.0000,0.0000000,0.0000,83
25.2070,28.1620,-4.8165,0.1945453,O=C(NC1CCN(Cc2ccccn2)CC1)c1cc(-c2ccc(F)cc2)n[nH]1,1,0.1061667,0.1062,0.7147391,0.7147,0.9999849,379.4390,83
31.4734,37.3246,42.7925,0.6676426,Cc1cc(Nc2nc3ccc(F)cc3s2)nc(NCc2ccccc2C)n1,1,0.6848361,0.6848,0.4990800,0.4991,0.9999849,379.4640,83
31.4012,40.1185,52.0829,0.7683451,Cc1ccc(NC(=O)Nc2ccc(-n3nc(C)c(C)c3C#N)cn2)cc1C,1,0.7487336,0.7487,0.7372869,0.7373,0.9999974,360.4210,83
42.7071,53.6964,17.6694,0.5947147,Cc1nc2c(c(N3CCN(C4CN(N)CC4O)CC3)n1)CCN(Cc1ccncc1)C2,1,0.5394302,0.5394,0.6456222,0.6456,0.9990413,424.5530,83
43.4499,51.1751,21.4289,0.6050329,Cc1ccc(OCc2ccn(C)c(=O)c2)c(CNc2ncn(Cc3cccc([N+](=O)[O-])c3)n2)c1,1,0.6904427,0.6904,0.3003190,0.3003,0.9743853,460.4940,83
36.5489,43.4767,-10.7132,0.2730297,O=S(=O)(Nc1cc2c(nn1)OC(c1ccccn1)c1ccccc1-2)c1cc(Cl)ccc1Cl,1,0.2057471,0.2057,0.4309974,0.4310,0.7939876,485.3520,83
28.3914,33.4259,32.7724,0.5516523,Cc1cc(C)nc(N2CCN(C(=O)CN3C(=O)NC(=Cc4ccccc4)C3=O)CC2)n1,1,0.4966362,0.4966,0.5920195,0.5920,0.9993414,420.4730,83
30.0345,37.1295,47.1785,0.7025666,O=C(Cc1c(Cl)cccc1Cl)Nc1cccc(N2NNNC2=O)c1,1,0.6770392,0.6770,0.6703322,0.6703,0.9999955,366.2080,83
34.3751,46.8893,-6.5530,0.3361355,COc1cc(Nc2nc(C)nc(C(=O)O)c2Nc2cccc(NS(C)(=O)=O)c2)cc(OC)c1,1,0.2845873,0.2846,0.3638893,0.3639,0.9198071,473.5110,83
30.2463,32.2115,-2.5689,0.2470216,O=C(Nc1nc2ccccc2s1)c1cc(-c2cccc(F)c2)ccn1,1,0.1584677,0.1585,0.5806070,0.5806,0.9999990,349.3900,83
27.9740,34.5371,-11.0283,0.1959072,Cc1ccc(CN(CC(=O)O)C(=O)N2CCSS2)cc1,1,0.1085914,0.1086,0.6838619,0.6839,0.9999997,312.4160,83
36.4374,45.2352,-45.2352,0.0000005,Cc1ccc(S(=O)(=O)N(CC(=O)NN=Cc2cn(Cc3cc(C)ccc3C)c3ccccc23)S(=O)(=O)c2ccccc2)cc1,1,0.0000000,0.0000,0.1697224,0.1697,0.0000070,628.7760,83
32.0879,29.9048,2.3090,0.2684490,COc1ccccc1NC(=O)COC(=O)c1cc(Cl)cc2ccccc12,1,0.1705171,0.1705,0.6809612,0.6810,0.9999938,369.8040,83
34.1924,44.6472,19.9283,0.5381299,CC1(NC(N)=O)C(=O)Nc2ccc(NC(=O)C=Cc3ccccc3N)cc21,1,0.5301750,0.5302,0.4158810,0.4159,0.9999959,365.3930,83
31.2647,34.8846,-18.1085,0.1398008,Cc1ccc(NCc2c(CCN)[nH]c3ccccc23)c(C)c1,1,0.0675083,0.0675,0.6680342,0.6680,0.9999982,293.4140,83
32.4835,37.3981,-19.4598,0.1494860,Cc1ccc(C)c(N2C(=O)NC3(CC3C(=O)O)C2=O)c1,1,0.0707266,0.0707,0.7933494,0.7933,0.9999893,274.2760,83
41.2657,47.1411,-26.4988,0.1720193,COC(=O)c1nnn(CCN)c1CN(C)Cc1nccc2c1COC2,1,0.0894983,0.0895,0.7023183,0.7023,0.9999993,346.3910,83
33.6614,42.1247,-25.2356,0.1407428,CC(=O)c1cccc(NC(=O)COc2ccc(N3C(=O)C4CNCCN4C3=O)cc2)c1,1,0.0723851,0.0724,0.5414149,0.5414,0.9992106,422.4410,83
32.5675,47.2300,24.2381,0.5955677,CCN1CN(c2cc(N3CCOCC3)nc(C)n2)CCN1C(=O)CN1C(=O)NC2(CCCC2)C1=O,1,0.5756405,0.5756,0.5881627,0.5882,0.7749200,486.5770,83
36.7970,46.2674,-13.5380,0.2727448,O=C(O)c1ccc(NC2=NC(Nc3ncnc4ncccc34)N=N2)cc1,1,0.1761651,0.1762,0.6577526,0.6578,0.9999992,348.3260,83
36.4269,44.0681,2.7649,0.3902749,Cc1cc(NC(=O)NC(=O)CSc2nccc(Oc3ccc(F)cc3)n2)ccc1Br,1,0.3637063,0.3637,0.3758217,0.3758,0.6894245,491.3420,83
34.2015,40.5541,38.9493,0.6625285,CNC(=O)Nc1ccc(C(=O)Nc2cccc(CNC(=O)c3ccc(NS(C)(=O)=O)cc3)c2)cc1,1,0.8226400,0.8226,0.3261514,0.3262,0.6008112,495.5610,83
25.9957,38.4631,35.9654,0.6202378,CCN(Cc1cccc(C)c1)c1nncc(N2CCN(S(=O)(=O)N(C)C)CC2)n1,1,0.5679448,0.5679,0.6650453,0.6650,0.9993948,419.5550,83
47.1559,52.2295,28.0740,0.6691958,Cc1ccc(-n2nc(C(=O)N3CCC(OC(=O)C=CC(=O)O)C3)c3cccnc32)cc1C,1,0.6932205,0.6932,0.4844335,0.4844,0.9976174,434.4520,83
28.5005,30.3477,-18.8828,0.0955407,CS(=O)(=O)N1CCN(CC(N)=NCc2ccco2)CC1,1,0.0404907,0.0405,0.5959367,0.5959,0.9999990,300.3840,83
35.0830,39.1134,-2.3179,0.3066297,COc1ccc(CCN(Cc2ccc(S(N)(=O)=O)cc2)Cc2cccnc2OC)cc1OC,1,0.2332110,0.2332,0.4583992,0.4584,0.9319901,471.5790,83
32.7417,34.0217,-13.9378,0.1673659,Cc1ccc(S(=O)(=O)Nc2ccc(CNC3CCN(c4ccccc4)C3=O)cc2)cc1,1,0.0903418,0.0903,0.5933305,0.5933,0.9973648,435.5490,83
52.5751,65.1710,-34.2423,0.2577390,Cc1ccc(S(=O)(=O)Nc2c(C)cc(OC(C)(Nc3c(C)cccc3Cl)C3CCN(C)N3)cc2C)cc1,1,0.3554676,0.3555,0.3124712,0.3125,0.0184749,543.1330,83
28.9383,38.7425,8.1029,0.3903787,COc1c(C)ccnc1NC1CN(C(=O)c2ccc(C)nc2)C1,1,0.2658755,0.2659,0.9355273,0.9355,0.9999997,312.3730,83
28.0220,28.4980,7.9811,0.3039918,COC(=O)c1ccc(NC(=O)N2CCCC2c2cccs2)cc1,1,0.1899998,0.1900,0.8683061,0.8683,0.9999998,330.4090,83
44.8527,55.8727,13.4333,0.5775500,CN1CNNC1N1CC(c2cc(F)cc(C#N)c2)C(N2CCOCC2=O)C1,1,0.4964900,0.4965,0.7451835,0.7452,0.9999905,374.4200,83
26.1796,33.1196,16.3822,0.4125149,Cc1ccc(C)c(S(=O)(=O)NCCCNS(=O)(=O)c2ccc(N)cc2)c1,1,0.3521259,0.3521,0.4610757,0.4611,0.9999204,397.5220,83
26.3803,28.3071,15.7011,0.3667347,COc1ccc(C=NNC(=O)CSc2nnc(-c3cccc(OC)c3)n2-c2ccccc2)cc1,1,0.3708802,0.3709,0.2226738,0.2227,0.9194870,473.5580,83
31.3012,38.4240,20.4746,0.4908220,COc1ccc(C(=O)N2CCN(C(=O)Nc3ccc4cc([N+](=O)[O-])ccc4n3)CC2)cc1,1,0.4419893,0.4420,0.4968738,0.4969,0.9973910,435.4400,83
29.2967,38.3993,-22.9504,0.1287408,Nc1ncnc(-c2cccnc2Oc2ccc(NS(=O)(=O)c3ccc(C(=O)O)cc3)cc2)n1,1,0.0714636,0.0715,0.3692823,0.3693,0.9634936,464.4630,83
33.6350,44.1026,8.4098,0.4376031,CCC(C)N1CCN(C2CN(c3ccc(NS(=O)(=O)c4cc(C)ccc4C)cn3)C2)CC1,1,0.3425310,0.3425,0.6891262,0.6891,0.9801817,457.6440,83
29.9882,41.3733,-19.3663,0.1833921,Cc1ccc(C)c(Nc2cc(C)nc(Nc3ccc(N4CCN(Cc5ccco5)CC4)cc3)n2)c1,1,0.1201050,0.1201,0.3549491,0.3549,0.9474289,468.6050,83
32.7369,31.9691,3.6257,0.2966229,CCCCOc1ccc(CCC(=O)Nc2ccc(C(=O)Nc3ccc(OC)cc3)cc2)cc1,1,0.2342109,0.2342,0.3706571,0.3707,0.9927768,446.5470,83
41.4256,47.8970,17.1666,0.5421973,[C-]#[N+]c1ccc(Oc2cnn(-c3ccc(-n4cnn(C(N)=O)c4=O)cc3)c2)nc1,1,0.4995291,0.4995,0.5319017,0.5319,0.9999658,388.3470,83
38.2050,48.2649,-27.9809,0.1690337,O=C(Nc1cccc(-c2cc3c(nn2)CCN(Cc2ccccc2O)C3)c1)N1CCOc2ccccc21,1,0.1074470,0.1074,0.4229261,0.4229,0.6439391,493.5670,83
30.5950,37.4222,40.1474,0.6464134,O=C(Nc1cccc(NS(=O)(=O)c2ccccc2)c1)C1CSc2nc3ccccc3c(=O)n21,1,0.6974239,0.6974,0.4251332,0.4251,0.8781641,478.5550,83
34.5653,43.9640,29.4982,0.6121845,COc1cc(NS(=O)(=O)c2ccc(C)cc2)c(NC(=O)Nc2ccccc2O)cc1N,1,0.7065838,0.7066,0.2906859,0.2907,0.9950145,442.4970,83
36.7155,42.3298,-3.9659,0.3196994,COc1cc(OC)c(N)c(NC(=O)C(=O)Nc2cc(C)cc(C)c2)c1C,1,0.2295061,0.2295,0.5766731,0.5767,0.9999980,357.4100,83
34.6668,39.6558,19.2175,0.4906109,COc1ccc(S(=O)(=O)N2CCc3cc(NC(=O)N(C)Cc4cn(C)nc4C)ccc32)cc1,1,0.4222720,0.4223,0.5982668,0.5983,0.9428369,469.5670,83
38.6313,48.9375,32.7561,0.6807798,Cc1ccc(C)c(CNc2cccc(CN3CCN(C(=O)c4cn[nH]c4C)CC3)n2)c1,1,0.6552373,0.6552,0.6423297,0.6423,0.9994485,418.5450,83
32.9295,34.7313,33.8685,0.5716649,CCOC(=O)N1CCc2nc3cc(Nc4ccc(F)cc4)ccc3nc2C1,1,0.4868858,0.4869,0.7580777,0.7581,0.9999955,366.3960,83
40.7095,42.5437,23.0394,0.5465258,COc1ccc(NC(=O)N2N=C3C(CCCN3Cc3ccccc3)C2c2cccc(C(F)(F)F)c2)cc1,1,0.6353258,0.6353,0.4264939,0.4265,0.3128278,508.5440,83
24.3385,29.7328,46.3024,0.6336272,O=C(O)C1CN(Cc2nc(-c3ccc(F)cc3)no2)CCN1Cc1ccccc1,1,0.5803725,0.5804,0.6858209,0.6858,0.9999281,396.4220,83
38.6704,48.1866,3.0814,0.4272329,Cc1ccc(N2CCCC(N3C(=O)NC4CN(C5CCN(C)CC5)CC43)C2)cn1,1,0.3122226,0.3122,0.8369837,0.8370,0.9999124,398.5550,83
38.7309,44.7375,-30.5409,0.1183053,Cc1ccc(CNc2cc(OC(C)(C)C)ccc2NNc2ccccc2)o1,1,0.0591351,0.0591,0.4608552,0.4609,0.9999958,365.4770,83
36.3756,42.2970,-17.0514,0.2103803,Cc1ccc(COc2ccc(NC(=O)N(C)CCC(=O)Nc3ccc([N+](=O)[O-])cc3)cc2)cc1,1,0.1469565,0.1470,0.3440556,0.3441,0.9693301,462.5060,83
35.6668,41.8104,-22.7997,0.1584221,Cc1coc(CN2CCC(CNC(=O)Nc3cccc4ccccc34)C2)c1,1,0.0794157,0.0794,0.7069805,0.7070,0.9999965,363.4610,83
46.5495,50.6379,2.6323,0.4439185,Cc1ncsc1-c1ccc(CN2CCC(O)(C(=O)NC3CCN(c4ncccn4)C3CO)CC2)cc1,1,0.4670827,0.4671,0.4440345,0.4440,0.3107723,508.6480,83
35.1120,44.9684,-27.1713,0.1483091,COc1ccc(C2NC(=O)C3=C2C(c2c(OC)ccc4ccccc24)Nc2ccccc2N3)cc1O,1,0.0925803,0.0926,0.3189507,0.3190,0.8681618,479.5360,83
40.8115,43.1289,-24.2421,0.1573896,[N-]=[N+]=NC1CCN2C(=O)OC(c3ccccc3)C2C1(CO)N=[N+]=[N-],1,0.0861850,0.0862,0.5138886,0.5139,0.9999999,329.3200,83
36.7494,40.4006,39.6620,0.6671882,CN(C)Cc1cc(NC(=O)Nc2ccccc2)cc(Nc2nncc(N3CCCC3)n2)c1,1,0.6762290,0.6762,0.5204123,0.5204,0.9980028,432.5320,83
34.7262,35.0927,45.1508,0.6686964,CCN1CCN(C(=O)c2ccc(S(=O)(=O)Nc3cccc(NC(=O)c4cccs4)c3)cc2)CC1,1,0.7429275,0.7429,0.5188947,0.5189,0.5315036,498.6300,83
38.2420,44.7994,17.3759,0.5181274,Cc1ccccc1Nc1nc(C(=O)N2CCN(c3ncccc3Cl)CC2)ccc1N1CCOCC1,1,0.4858121,0.4858,0.5770676,0.5771,0.6555921,493.0110,83
39.8877,41.8766,-4.4168,0.3121650,Cc1ccc(S(=O)(=O)N2CCC(c3nc(C(=O)N4CCN(CCc5c[nH]c6ccccc56)CC4)cs3)CC2)s1,1,0.7741176,0.7741,0.3445807,0.3446,0.0004442,583.8050,83
29.8615,35.6201,0.9221,0.3045181,CNc1cc(Cl)c(NC(=O)NCc2ncn[nH]2)c(Cl)c1,1,0.2028178,0.2028,0.6969379,0.6969,0.9999998,315.1640,83
46.4297,49.1755,-10.7044,0.3205927,COc1cc([N+](=O)[O-])ccc1Sc1nc2cc(C(=O)NCC(=O)NCCO)ccc2n1C,1,0.2731335,0.2731,0.3218073,0.3218,0.9766073,459.4840,83
31.8924,41.3840,20.2666,0.5137544,COc1ccnc(CSc2nnc(Nc3cc(OC)ccc3C(=O)O)s2)c1,1,0.4596548,0.4597,0.5436245,0.5436,0.9998490,404.4730,83
24.9977,29.9785,12.3802,0.3529891,NS(=O)(=O)N1CCN(c2noc(CCl)n2)CC1,1,0.2479087,0.2479,0.7224144,0.7224,0.9999946,281.7250,84
45.3858,49.8444,10.7356,0.5048328,Cc1c(CC2c3[nH]c4ccccc4c3CC3CC(=O)NC(=O)N32)c2ccccc2n1Cc1ccc(F)cc1,1,0.6025583,0.6026,0.3250044,0.3250,0.3529420,506.5810,84
34.7629,47.8358,-3.2753,0.3713372,Cc1nnc(NC(=O)CC2CN2C(=O)c2cccc(-c3nc(C4CC4)no3)c2)s1,1,0.2782509,0.2783,0.6213999,0.6214,0.9997380,410.4590,84
36.1288,41.1827,15.9825,0.4763770,Clc1cnc(OCCn2c(CN3CCNCC3)nc3ccc(Cl)cc32)c(Cl)c1,1,0.3957816,0.3958,0.6303544,0.6304,0.9957476,440.7620,84
33.4714,38.8320,-25.0105,0.1151796,Cc1cc(-c2nnc(-c3nc4c(c(=O)[nH]3)CNCC4)o2)ccc1[N+](=O)[O-],1,0.0546759,0.0547,0.5303855,0.5304,0.9999985,354.3260,84
38.7852,44.0066,4.1709,0.4014790,O=C(CNc1ccc(N2CCNC2=O)c(Cl)c1)Nc1ccc(NC(=O)Cc2ccc(F)cc2)cc1,1,0.3872195,0.3872,0.3751185,0.3751,0.5923665,495.9420,84
28.9734,31.1395,53.7593,0.7074892,Cc1ccc(S(=O)(=O)N2CCN(C(=O)c3ccc(NC(=O)c4cccc(Cl)c4)cc3)CC2)cc1,1,0.7786784,0.7787,0.5758599,0.5759,0.5458306,498.0040,84
24.6917,28.3963,56.1594,0.7046312,Cc1cc(N2CCOCC2)nc(Nc2ccc(NC(=O)Nc3ccccc3F)cc2)n1,1,0.7113863,0.7114,0.5722846,0.5723,0.9992089,422.4640,84
47.9099,54.0315,21.4930,0.6293711,Cc1cccc(C(N)C(C)OC(O)(OC(=O)O)c2ccc(Oc3ccccc3)cc2)c1,1,0.6933614,0.6934,0.3559291,0.3559,0.9991326,423.4650,84
41.7032,48.3966,27.7815,0.6348173,CCOC1CCC(NC2C(=O)Nc3c(CN4CCN(C(=O)O)CC4)cccc32)C1,1,0.5848116,0.5848,0.6740858,0.6741,0.9998742,402.4950,84
28.7846,30.5336,19.5420,0.4172964,O=C(CN(c1ccc(Br)cc1)S(=O)(=O)c1ccccc1)NN=Cc1ccc(O)c(Cl)c1,1,0.5274552,0.5275,0.3595854,0.3596,0.1090295,522.8080,84
40.1951,41.2872,29.3038,0.5882585,Cc1ccc2oc3c(C(=O)OCc4oc(=O)oc4C)cc(C)cc3c2c1,1,0.5687193,0.5687,0.5078069,0.5078,0.9999987,352.3420,84
28.0481,41.2318,31.4226,0.6054534,CCNC(=NCCC(=O)N1CCN(S(N)(=O)=O)CC1)NC1CCN(c2cccc(C)c2)C1,1,0.6472763,0.6473,0.3806782,0.3807,0.9595402,465.6240,84
49.7993,62.9681,-18.0344,0.3744476,Cc1ccc(C(=O)Nc2cccc(CN3CC=C(c4nc(C5=NC6N(C)NNN6N5)cs4)CC3)c2)cc1,1,0.4050604,0.4051,0.3978325,0.3978,0.1913690,515.6470,84
30.3931,40.9769,8.8462,0.4151925,Cc1ccccc1S(=O)(=O)N(C)c1ccccc1NC(=O)COc1cccc(C(N)=O)c1,1,0.3397319,0.3397,0.5435665,0.5436,0.9863594,453.5200,84
30.4232,46.5757,21.5785,0.5679517,COc1ccc(NC(=O)N2N=C(c3cccs3)CC2c2nc(N)nc(N3CCOCC3)n2)cc1,1,0.5349976,0.5350,0.5699297,0.5699,0.8570552,480.5540,84
29.9486,39.8787,15.8325,0.4642599,Cc1sc2ncnc(N3CCN(c4ncccc4NS(=O)(=O)c4cccc(F)c4)CC3)c2c1C,1,0.4608018,0.4608,0.4452014,0.4452,0.5319850,498.6090,84
28.5036,40.3792,-17.9748,0.1867035,Cc1ccc(Nc2ccnc(CN(CCN)Cc3cccc(C)c3)n2)cc1,1,0.1033741,0.1034,0.6387351,0.6387,0.9999971,361.4930,84
28.4024,34.4917,12.0309,0.3876889,Cc1ccc(S(=O)(=O)Nc2cccc(C(=O)Nc3ccc(-c4nc5ccccc5s4)cc3[N+](=O)[O-])c2)cc1,1,0.7548974,0.7549,0.1843429,0.1843,0.0161572,544.6140,84
35.8818,44.6397,-17.0116,0.2302345,CCOc1cc(C)c(NC(=O)Nc2ccc(C(=O)NC3CCN(Cc4cccc(C)c4)CC3)cc2)cc1C,1,0.2089922,0.2090,0.3418212,0.3418,0.2056816,514.6700,84
34.3927,41.6398,-41.3135,0.0027188,COC(=O)c1cc(NC(=O)C(=O)N2CCN(C(=O)c3cccc(OC)c3)CC2)ccc1[N+](=O)[O-],1,0.0003084,0.0003,0.2976201,0.2976,0.9383565,470.4380,84
40.4829,49.2118,6.9906,0.4683530,Cc1cccc(-n2ncc(C(=O)Nc3ccc(NC(=O)C=Cc4cccc(O)c4)cc3Br)c2C)c1,1,0.7480002,0.7480,0.2717196,0.2717,0.0525024,531.4100,84
67.4257,82.2151,-8.8082,0.6117242,NCC1OC(O)(C(N)C2CN(C(=O)O)CN2)OC2C1OC(O)(C#Cc1ccccc1)C2O,1,0.7517269,0.7517,0.2337863,0.2338,0.9896863,450.4480,84
37.5151,43.5873,22.6809,0.5522349,COc1ccc(N(C)S(=O)(=O)Nc2ccc(NCC(=O)Nc3ccc(C)c(C)c3)cc2)cc1,1,0.5462363,0.5462,0.4380129,0.4380,0.9475480,468.5790,84
37.3396,44.3376,19.2414,0.5298252,CS(=O)(=O)N1CCC1CNc1nc(-c2cccc(C(N)=O)c2)ns1,1,0.4336171,0.4336,0.7776632,0.7777,0.9999950,367.4560,84
37.1721,44.9814,0.2834,0.3772070,COC(=O)CN1C=C2NC(c3ccc(F)cc3F)NC(C1)N2C,1,0.2648587,0.2649,0.7986363,0.7986,0.9999999,324.3310,84
31.6907,41.7631,-6.6167,0.2928869,NC(=O)c1ccc(NC(=O)N2Cc3ccccc3CC2Nc2ccc(Cl)cc2)cc1,1,0.2020400,0.2020,0.5815907,0.5816,0.9993150,420.9000,84
35.0797,50.9761,15.6939,0.5555829,Cc1ccc(CN2CCN(C)C2C2NNCN2C(=O)c2ccc(O)cc2)cc1,1,0.4703289,0.4703,0.7418951,0.7419,0.9999818,381.4800,84
34.3394,38.2995,42.2265,0.6710496,Nc1cc(F)cc(-c2noc(-c3cc(Cl)cc(C(=O)O)c3)n2)c1,1,0.6234135,0.6234,0.7113063,0.7113,0.9999998,333.7060,84
38.2036,42.8549,11.1145,0.4497453,Cc1nn2cc(C(=O)N3CC(=O)c4ccc(-n5cnnc5)cc43)nc2s1,1,0.3819918,0.3820,0.5341275,0.5341,0.9999959,365.3780,84
31.0807,31.3428,-4.7189,0.2218659,Cc1ccc(OCCN(C)C(=O)NCc2cccc(Cl)c2F)cc1,1,0.1217017,0.1217,0.8548983,0.8549,0.9999989,350.8210,84
41.0663,41.7274,-13.4620,0.2355449,Nc1cc(NC(=O)C(c2ccccc2)c2ccccc2)cc2ccc(CN3CCC(N)CC3)cc12,1,0.1725697,0.1726,0.3460814,0.3461,0.9630045,464.6130,84
27.6596,30.6625,7.6449,0.3192285,COc1ccc(C(=O)Nc2nc3c(N)cccc3s2)c(O)c1,1,0.2217465,0.2217,0.6456682,0.6457,0.9999998,315.3540,84
35.4875,43.6916,18.5493,0.5186741,Cc1ccc(NC(=O)COC(=O)c2csc(NC(=O)c3ccccc3O)n2)cc1NS(C)(=O)=O,1,0.6079883,0.6080,0.3400466,0.3400,0.3968276,504.5460,84
36.6158,45.6810,51.2078,0.8074066,Cc1cccc(Cc2nc(C)c3c(n2)CN(C(=O)C2CN(S(N)(=O)=O)CCO2)CC3)c1,1,0.8064444,0.8064,0.7309486,0.7309,0.9934093,445.5450,84
40.7445,48.6150,19.3134,0.5660705,CCn1ccnc1N1CC(c2ncc(C=NNS(=O)(=O)c3ccc(C)cc3)o2)C1,1,0.5507565,0.5508,0.4688956,0.4689,0.9996203,414.4910,84
33.9654,35.4486,17.4335,0.4406839,Cc1cccc(OCC(=O)NNC(=O)c2ccc(S(=O)(=O)N3CCOc4ccccc43)cc2)c1C,1,0.4046743,0.4047,0.5085872,0.5086,0.6008996,495.5570,84
22.4111,24.9474,31.4074,0.4696229,COc1ccccc1Nc1ccnc(Nc2ccc(OC)c(OC)c2)n1,1,0.3815885,0.3816,0.6655235,0.6655,0.9999987,352.3940,84
34.5671,45.9421,-37.5316,0.0700872,O=C(C1CNCCN1Cc1cccc(Cl)c1)N1CCN(c2cccc(C(F)(F)F)c2)C(CO)O1,1,0.0276940,0.0277,0.6606177,0.6606,0.5245485,498.9330,84
34.1848,37.2194,22.6049,0.4985357,Nc1c(-c2ccc3[nH]c(=O)ccc3c2)nn(-c2ccc(Cl)cc2)c1N,1,0.4470214,0.4470,0.5156233,0.5156,0.9999988,351.7970,84
36.7947,38.3732,3.1950,0.3464022,CC1=C(CNC(=O)CCN2C(=O)NC3(CCCCC3)C2=O)Nc2ccccc2N1,1,0.2579765,0.2580,0.5719922,0.5720,0.9999207,397.4790,84
24.4248,34.0778,33.4861,0.5630326,Cc1ccc(C)c(NC(=O)N2CCN(S(=O)(=O)c3ccccc3)C2c2ccc(F)cc2)c1,1,0.5047263,0.5047,0.6236765,0.6237,0.9863358,453.5390,84
32.5434,41.7417,17.7893,0.4960921,Cc1cccc(NC(=O)Nc2cnn(CCN(C)C)c2)c1NCc1ccc(F)cc1,1,0.4424457,0.4424,0.5216251,0.5216,0.9997371,410.4970,84
37.0122,42.4337,-22.4453,0.1665706,CC(C)(Nc1ccccc1Cl)OC(=O)N1CCN(Cc2cccnc2)CC1,1,0.0826963,0.0827,0.7884936,0.7885,0.9999641,388.8990,84
39.3579,43.7343,19.5083,0.5270220,CCN1CCN(c2nc(Cn3cc(-c4ccc(F)c(F)c4)nn3)nc3sc(C)cc23)CC1,1,0.5020864,0.5021,0.4570943,0.4571,0.9836187,455.5380,84
41.8732,53.8525,16.5104,0.5863574,CS(=O)(=O)NC1C(c2nc(-c3ccccc3)no2)OC2CN(c3cnccn3)CC21,1,0.5313733,0.5314,0.6341790,0.6342,0.9986248,428.4740,84
41.1953,41.5586,-16.3522,0.2100533,Cc1ccc(-n2c(C)c(C)c(C#N)c2NC(=O)CNCCN)c(Cl)c1,1,0.1196610,0.1197,0.6899431,0.6899,0.9999975,359.8610,84
32.0334,36.7689,39.7732,0.6378507,Cc1ccc(N)cc1S(=O)(=O)Nc1cccc(Sc2cccc(Cl)c2)c1,1,0.6164033,0.6164,0.5742513,0.5743,0.9998423,404.9440,84
30.5235,37.6297,15.0494,0.4389925,Cc1ccc(CN2CCN(c3ccc(C(=O)Nc4ccc(C(=O)NCc5ccco5)cc4)cc3)C2=O)cc1,1,0.4951818,0.4952,0.3415262,0.3415,0.3121551,508.5780,84
32.3830,29.3086,1.4710,0.2564970,Cc1ccc(NS(=O)(=O)c2cnc(Cl)cc2C)cc1Br,1,0.1511306,0.1511,0.8273326,0.8273,0.9999893,375.6750,84
35.4770,37.2193,-14.0471,0.1931016,Cc1nc(-c2ccc(S(=O)(=O)NC3CCc4c3cnn4C)cc2)no1,1,0.1031749,0.1032,0.7610633,0.7611,0.9999976,359.4110,84
30.3786,38.7743,38.5083,0.6440218,Cc1ccc(C(C)NS(=O)(=O)c2nnc(NC(=O)c3ccc(O)cc3)s2)cc1,1,0.6396694,0.6397,0.5293923,0.5294,0.9994507,418.5000,84
34.2290,40.4842,25.9626,0.5537239,Cc1cc(C)cc(OCC(=O)Nc2nnc(C(=O)N3CCCC3c3cccs3)s2)c1,1,0.4934904,0.4935,0.6181350,0.6181,0.9949828,442.5660,84
39.8886,43.0105,22.9728,0.5498612,Cc1nc(-c2ccc(S(=O)(=O)NC(=O)Nc3ncnc4ccccc34)cn2)no1,1,0.5151668,0.5152,0.5122832,0.5123,0.9997143,411.4030,84
44.1928,51.4689,-9.4402,0.3502391,CN(C(=O)c1cc([N+](=O)[O-])ccc1N)c1nc(Nc2ccc3c(c2)OCO3)n(C)c1N,1,0.3106045,0.3106,0.3157339,0.3157,0.9989631,425.4050,84
33.4297,33.8020,-11.3019,0.1875013,O=C(NCc1ccc(-c2nnco2)cc1)c1ccc(-n2ccc(C(F)(F)F)n2)cc1,1,0.1093031,0.1093,0.5368855,0.5369,0.9996579,413.3590,84
28.1565,36.7184,-36.7181,0.0000022,Cc1cc(NS(C)(=O)=O)ccc1NC(=O)NCc1ccc(B(O)O)cc1,1,0.0000000,0.0000,0.4649382,0.4649,0.9999877,377.2310,84
34.6837,46.5006,31.8178,0.6526532,Cc1ccsc1C1Nc2ccc(C(=O)Nc3ccc4ccccc4c3)cc2C2C3CC(C4CC43)C12,1,0.7651178,0.7651,0.3193487,0.3193,0.8957693,476.6450,84
27.5959,37.5385,35.0216,0.6046672,Cc1cccc(NC(=O)c2ccnc(C(=O)N3CC(N4CCN(C)CC4)C3)c2)c1,1,0.5094305,0.5094,0.8566372,0.8566,0.9999451,393.4910,84
33.7676,45.9625,-25.7199,0.1686884,Cc1ccc(NC(=O)Nc2ccc(F)cc2)cc1S(=O)(=O)Nc1c(Cl)n(C)c(=O)n(C)c1=O,1,0.1053052,0.1053,0.4681425,0.4681,0.5928550,495.9200,84
35.4045,42.4949,27.9360,0.5869241,Cc1cc([N+](=O)[O-])ccc1NC(=O)Nc1ccc(O)c(-c2nnnn2-c2ccc(F)cc2)c1,1,0.7061082,0.7061,0.2365407,0.2365,0.9906246,449.4020,84
31.8015,44.6339,36.9293,0.6796933,Cc1ccnc(-n2nc(C)c(NS(=O)(=O)N3CCN(c4nc5ccccc5s4)CC3)c2C)c1,1,0.7363036,0.7363,0.4680274,0.4680,0.8188208,483.6230,84
33.1857,38.6733,51.7167,0.7532503,Cc1ccc(-c2noc(-c3cnn4c3CN(C(=O)c3cccc(=O)[nH]3)CC4)n2)cc1,1,0.7861897,0.7862,0.5628311,0.5628,0.9998751,402.4140,84
29.8304,36.1651,27.1963,0.5280119,Nc1nc(OC2CCN(S(=O)(=O)c3cccc(Cl)c3)C2)nc(-n2ccnc2)n1,1,0.4545097,0.4545,0.6486051,0.6486,0.9992510,421.8700,84
33.4668,39.2691,-15.2230,0.2003843,Cc1nc(-c2cccnc2)nc(N2CCCC(CNc3ccc(=O)[nH]n3)C2)c1C,1,0.1118976,0.1119,0.6893750,0.6894,0.9999544,391.4790,85
27.5751,29.4289,50.6998,0.6677395,COc1ccc(N2CCN(C(=O)CNS(=O)(=O)c3ccc4c(c3)OCCO4)CC2)cc1,1,0.6205265,0.6205,0.7080991,0.7081,0.9921100,447.5130,85
40.5459,41.8581,-22.5930,0.1605427,CCN(CC(N)=O)S(=O)(=O)n1nc(Cl)c(C)c1CNC1CC1,1,0.0816436,0.0816,0.6858445,0.6858,0.9999990,349.8440,85
63.4641,63.2170,-63.2170,0.0000000,c1c(SN2CCC3C=2C=NC=N3)cc(N(C)c2ccc(cc2)C)c2[nH]cc(c21)Cl,0,0.0000000,0.0000,0.0000000,0.0000,0.0000000,0.0000,85
45.2720,51.4009,19.5951,0.5916334,COc1ccc(NC2c3occc3CN(NC(=O)c3cccc4ccccc34)C2C)cc1,1,0.5893901,0.5894,0.4614522,0.4615,0.9987422,427.5040,85
40.5281,44.1601,-1.9089,0.3520940,N#CN1CCN(Cc2cc(O)c3ccccc3c2N=Nc2ccccc2)C1,1,0.2669922,0.2670,0.5502359,0.5502,0.9999980,357.4170,85
41.1766,46.3145,-10.5348,0.2981641,O=C1C2C3CCC(C3)C2CN1CCCN1CCOC(c2ccc(F)cc2)C1,1,0.1894470,0.1894,0.7962901,0.7963,0.9999921,372.4840,85
32.7412,38.5793,9.7865,0.4030482,Nc1ccc(S(=O)(=O)Nc2ccc3nc[nH]c3c2)cc1N1CCCNC1=O,1,0.3313234,0.3313,0.5080525,0.5081,0.9999713,386.4370,85
38.0848,42.2989,-4.6465,0.3137699,COc1cccc(Oc2cc(C(=O)NNC(=O)c3ccc(-n4ccnn4)cc3)ccn2)c1,1,0.2397465,0.2397,0.4511082,0.4511,0.9983547,430.4240,85
33.4729,32.5520,-22.3448,0.0850600,Cn1ncc2nc(OCCN3CCCC3)c(N)cc21,1,0.0305870,0.0306,0.8897289,0.8897,0.9999648,261.3290,85
31.4440,42.4309,14.6245,0.4754617,NC(=NO)C(=O)Nc1ccnc(Oc2ccc(NC(=O)O)cc2)c1,1,0.5159523,0.5160,0.2462886,0.2463,0.9999998,331.2880,85
30.9886,37.1031,-31.0525,0.0504210,Cn1c(-c2c(N)cccc2-c2nc3ccccc3s2)nc2ccccc21,1,0.0176314,0.0176,0.4477666,0.4478,0.9999982,356.4540,85
29.3991,39.4423,16.2898,0.4644337,CCC(NN1CCN(C)CC1)C(=O)Nc1ccc(C)c(C(=O)O)c1,1,0.3666584,0.3667,0.7239409,0.7239,0.9999998,334.4200,85
36.3562,35.5432,-6.7681,0.2397930,Cc1cc(C)cc(NC(=O)Nc2oc(C)c3c2CCCC3)c1,1,0.1365843,0.1366,0.8419365,0.8419,0.9999989,298.3860,85
43.5653,51.5829,-51.5829,0.0000000,[C@]12(CO)COc3c(N1CCN(c1ccccn1)C2)ccc(NS(=O)(C)=O)cc3,0,0.0000000,0.0000,0.0000000,0.0000,0.0000000,0.0000,85
34.1763,44.7421,4.7567,0.4124906,NS(=O)(=O)Nc1ccc(Cl)cc1C(=O)N1CCN(c2c(Cl)cccc2C(=O)O)CC1,1,0.3288116,0.3288,0.6104241,0.6104,0.9209744,473.3380,85
33.1255,43.4219,-15.0046,0.2368114,Cc1cc(NC(=O)Nc2ccc3[nH]c(-c4ccc(F)cc4)cc(=O)c3c2)n(-c2ncccn2)n1,1,0.1695330,0.1695,0.3742676,0.3743,0.9837444,455.4530,85
28.9430,35.3102,-11.2974,0.2001066,Cc1ccc(-c2nc(C)c(C(=O)NC(=O)Nc3cccc(CN(C)C)c3)s2)cc1,1,0.1133699,0.1134,0.6540527,0.6541,0.9997807,408.5270,85
39.4105,41.5602,-1.3125,0.3353979,Cc1ccc2nc(N3CCNC3=O)nc(Nc3cc[nH]n3)c2c1,1,0.2338392,0.2338,0.6864212,0.6864,0.9999996,309.3330,85
36.0722,45.7150,10.3547,0.4672481,COc1cc(-n2nc(-c3ccccn3)c(N)c2Nc2nccc(C)n2)cc(OC)c1OC,1,0.4234091,0.4234,0.4513883,0.4514,0.9978226,433.4720,85
59.2435,66.2225,-21.5559,0.3722215,O=C1Nc2cc(N3C(N4CCN5C(=O)NC(=O)C54)=NC4CN(C5=NCCO5)CC43)ccc2C1=O,1,0.3221798,0.3222,0.3834630,0.3835,0.9635617,464.4420,85
56.5675,66.4404,-22.7542,0.3640522,O=C(OC(=O)N1Cc2ccc(C3=NN4c5ccccc5CC4CN(Cc4ccco4)C3)nc2C1)C1CC1,1,0.3333807,0.3334,0.4008344,0.4008,0.5560616,497.5550,85
34.8948,41.6805,-41.6803,0.0000024,CN(C)S(=O)(=O)N1C=CC(Oc2ccc(B3OC(C)(C)C(C)(C)O3)cc2)N1,1,0.0000000,0.0000,0.7445194,0.7445,0.9999352,395.2900,85
50.8408,54.1141,-54.1141,0.0000000,c1(c(F)c(F)c(c2c1C(N(C2=O)N1C2N(C(c3n2ccn3)=O)CCC1)=O)=O)F,0,0.0000000,0.0000,0.0000000,0.0000,0.0000000,0.0000,85
38.9720,39.9759,37.4579,0.6452812,COc1cc2cc3ccc(OC4OC(C(=O)O)C(O)C(O)C4O)cc3c(O)c2cc1O,1,0.7389584,0.7390,0.3228517,0.3229,0.9980304,432.3810,85
32.3255,38.9828,-26.9857,0.0999754,CS(=O)(=O)Nc1ccc2c(c1)CCN2C(=O)N=NN=O,1,0.0449719,0.0450,0.5178113,0.5178,0.9999987,297.2960,85
26.7680,29.3295,28.4878,0.4818110,COc1ccc(OC)c(NC(=O)CN2CCN(S(=O)(=O)c3ccccc3[N+](=O)[O-])CC2)c1,1,0.4422423,0.4422,0.4599125,0.4599,0.9633735,464.5000,85
25.8603,27.4794,35.7542,0.5269465,COc1ccc2nc(N3CCN(C(=O)COc4cccc(C)c4C)CC3)sc2c1,1,0.4545964,0.4546,0.6415115,0.6415,0.9997110,411.5270,85
38.2360,50.8712,34.0435,0.7076222,Cc1ccc(NCc2cc(N3CCC(N)C3)nc(Nc3cccc(C)c3C)n2)cc1Cl,1,0.7411081,0.7411,0.5070794,0.5071,0.9969916,436.9910,85
29.4574,31.4101,-13.9251,0.1457086,Cc1nccn1-c1cc(Nc2ccc(C(=O)OCc3ccccc3)cc2)ncn1,1,0.0776266,0.0776,0.5039593,0.5040,0.9999739,385.4270,85
27.1069,27.8994,43.1498,0.5920766,COc1ccc(NC(=O)c2nnc(C(=O)Nc3cccc(Cl)c3)s2)cc1OC,1,0.5392238,0.5392,0.6321515,0.6322,0.9994321,418.8620,85
34.5173,39.0079,-19.4562,0.1629309,Nc1nc(SCc2cccc(Cl)c2)nc2nc(-c3ccccc3)n(Cc3ccccc3)c(=O)c12,1,0.1145719,0.1146,0.2547246,0.2547,0.7840537,486.0000,85
27.0650,31.4232,24.2982,0.4643457,COc1ccc(C(=O)Nc2nc3c(C)cc(C)cc3s2)cc1OC(C)=O,1,0.3959713,0.3960,0.5525680,0.5526,0.9999934,370.4300,85
39.7852,49.6152,-4.6535,0.3746810,Cc1ccccc1CN(C)Cc1ccc2c(c1)N1CCNCC1CN2Cc1ccc(Br)cc1,1,0.3452490,0.3452,0.4980830,0.4981,0.3759118,505.5040,85
28.8843,36.6978,44.1807,0.6739873,NC(=O)c1cc(Nc2ccccc2)cc(NS(=O)(=O)c2cccc(C(=O)O)c2)c1,1,0.7056340,0.7056,0.4712946,0.4713,0.9997133,411.4390,85
35.8868,35.3395,-25.7580,0.0798457,O=C(Cn1ccc(-c2cccc([N+](=O)[O-])c2)n1)Nc1ccc(-c2ccccc2)cc1,1,0.0357864,0.0358,0.3743369,0.3743,0.9999135,398.4220,85
33.3121,46.7605,14.8798,0.5136690,COc1ccc(N2CC3(CN(c4ccc(F)cc4)S(=O)(=O)C3)N(Cc3ccc(F)cc3)C2=O)cc1,1,0.5089258,0.5089,0.5322065,0.5322,0.5106133,499.5390,85
31.0226,36.7339,11.0680,0.3983493,O=S(=O)(Nc1cccc(Cc2nccc(-c3ccc(F)cc3)n2)c1)c1ccc(F)cc1,1,0.3333391,0.3333,0.4697884,0.4698,0.9968561,437.4710,85
37.8857,43.2764,16.7993,0.5006303,CC(=O)Nc1ccc(S(=O)(=O)N2C(C)C(O)C3OC3C2O)cc1,1,0.4234819,0.4235,0.6363029,0.6363,0.9999995,342.3730,85
37.6837,49.6396,-0.2071,0.4119369,O=C(c1ncn[nH]1)N1CC2(C1)OCC(CNCc1ccc(N3CCNC3=O)cc1)O2,1,0.3269945,0.3270,0.5933852,0.5934,0.9996554,413.4380,85
34.0181,39.5932,34.9606,0.6212823,CC(=O)N1CCN(C(=O)c2nc(NS(=O)(=O)c3cccs3)n(-c3ccc(C)cc3)n2)CC1,1,0.5934288,0.5934,0.6019766,0.6020,0.9123262,474.5680,85
49.8674,53.7923,28.3116,0.6841986,Cc1cccc(Nc2ccc(-c3cn4c(n3)C(=O)N(C)C3CCCC34)cc2O)n1,1,0.6535601,0.6536,0.6643852,0.6644,0.9999622,389.4590,85
32.7143,37.2378,23.4016,0.5053285,O=c1cc(C2CCCCN2S(=O)(=O)Nc2cccc(F)c2)cc[nH]1,1,0.3902772,0.3903,0.8872843,0.8873,0.9999989,351.4030,85
32.2020,40.3222,40.7738,0.6757998,Cc1cccc(-c2ccc(NC(=O)N3CCN(C)CC3)c(-n3cc(C)cn3)c2)c1,1,0.6230606,0.6231,0.7383163,0.7383,0.9999620,389.5030,85
32.5735,39.3854,-35.0261,0.0363274,O=C1NC(=O)N(c2ccccc2)N2CCN(Cc3ccc(F)cc3)CC1C2=O,1,0.0092812,0.0093,0.8214145,0.8214,0.9999802,382.3950,85
33.7114,43.7468,-19.9228,0.1985332,Cc1cccc(NS(=O)(=O)c2cccc(NC(=O)Nc3ccc4c(C)nc(C)n4c3)c2)c1,1,0.1282247,0.1282,0.4105216,0.4105,0.9905093,449.5360,85
33.1760,37.8989,26.3205,0.5351612,Cc1cc2nc(C(=O)N3CC(c4ccc(Cl)cc4)C3)cc(C)c2o1,1,0.4538718,0.4539,0.6968783,0.6969,0.9999996,340.8100,85
31.1034,36.7949,44.8716,0.6805538,O=C(c1n[nH]c2c1CCCC2)N1CCN(c2ncnc3nc(-c4ccccc4)ncc23)CC1,1,0.6951822,0.6952,0.5222415,0.5222,0.9958444,440.5110,85
26.7799,28.9177,-18.2777,0.0886663,NCc1ccncc1N1CCN(S(N)(=O)=O)CC1,1,0.0344375,0.0344,0.7230769,0.7231,0.9999860,271.3460,85
36.0502,39.7633,36.5464,0.6359144,Cc1ccc(NC(=Cc2ccc3c(c2)OCO3)C(=O)Nc2cc(Cl)cc(Cl)c2)c(C)c1,1,0.6657064,0.6657,0.4355384,0.4355,0.9839085,455.3410,85
31.9365,46.0724,10.8098,0.4740183,COc1ccc(NC(=O)N2Cc3nc(CNS(=O)(=O)c4cc(C)ccc4C)sc3C2)cc1Cl,1,0.4849598,0.4850,0.5141598,0.5142,0.3434110,507.0370,85
34.9935,46.8409,7.2193,0.4505013,Cc1cnc(-c2cccc(COC3CN(S(=O)(=O)N4CCC4)C3)c2)s1,1,0.3446051,0.3446,0.7724267,0.7724,0.9999849,379.5070,85
34.4562,41.7300,26.9765,0.5725544,Cc1cc(C)cc(Cc2cnc(NC(=O)c3ccc(N(C)Cc4ncnn4C)cc3)s2)c1,1,0.5647293,0.5647,0.4562696,0.4563,0.9927549,446.5800,85
39.1835,51.1041,-17.1482,0.2829659,CS(=O)(=O)N1CCc2nc(NC(=O)c3csc(N4CCN(C(=O)c5ccco5)CC4)n3)nc(-c3ccccc3)c2C1,1,0.7584435,0.7584,0.3571171,0.3571,0.0001788,593.6910,85
30.0300,39.5243,31.1753,0.5891626,CCN1CCN(c2ncc(NS(=O)(=O)c3ccc(F)cc3)cc2C(=O)Nc2cccc(C)c2)CC1,1,0.6168780,0.6169,0.5167512,0.5168,0.5551289,497.5960,85
39.9292,45.6059,1.7879,0.3949484,CSc1ncc(S(=O)(=O)N2CCN(C3SC(N4CCOCC4)=NC3=O)CC2)c(C)n1,1,0.3386028,0.3386,0.4421376,0.4421,0.9256680,472.6180,85
27.1827,28.9211,23.5638,0.4373742,CCOc1ccccc1Nc1cc(Nc2ccc(F)c(Cl)c2)nc(C)n1,1,0.3549084,0.3549,0.6009807,0.6010,0.9999918,372.8310,85
35.1792,43.7221,14.5776,0.4858311,Cc1ccc(S(=O)(=O)Nc2ccc(=O)n(CC(=O)Nc3cnc4ccccc4n3)n2)cc1C,1,0.4513132,0.4513,0.4465408,0.4465,0.9633508,464.5070,85
30.3516,34.8471,-1.3291,0.2793167,Cc1cc(C)c(S(=O)(=O)Nc2ccc(Oc3ccnc(C(=O)N4CCCC4)c3)cc2)cc1C,1,0.1916699,0.1917,0.5629563,0.5630,0.9597151,465.5750,85
35.8694,41.2510,29.0202,0.5855934,O=S(=O)(Nc1ccc(N=Nc2ccccc2)cc1)c1ccc(-c2nccc(N3CCCC3)n2)cc1,1,0.6612952,0.6613,0.3263002,0.3263,0.8053031,484.5850,85
49.5597,61.7497,-21.8831,0.3322219,O=C(O)c1scnc1S(=O)(=O)N1C2CCn3c(-c4ccccn4)nnc3C1NS(=O)(=O)C2,1,0.2755452,0.2755,0.4940507,0.4941,0.5564023,497.5400,85
39.0077,42.1540,-14.8207,0.2277780,COc1ccc(C(=O)Nc2cc(F)c(F)c(F)c2)cc1S(=O)(=O)N1CCN(CC=Cc2ccccc2)CC1,1,0.2816125,0.2816,0.4252801,0.4253,0.0147980,545.5830,85
35.7185,40.6797,36.9728,0.6471040,Cc1cccnc1CN1C(=O)OC(CN2C(=O)C=CC2=O)c2ccccc21,1,0.5764824,0.5765,0.7800451,0.7800,0.9999966,363.3730,85
40.5708,56.1014,-35.9266,0.1681228,Cc1cc(C)cc(NC(=O)NN2C(=O)NC(=O)C2c2ccc(C)c(C(=O)NN)c2)c1,1,0.1199679,0.1200,0.2246271,0.2246,0.9997386,410.4340,85
25.7811,29.6435,-9.5811,0.1671869,CCN(c1ccc(C(=O)Nc2cc(C)cc(C)c2)nc1)c1cccc(C)c1,1,0.0874045,0.0874,0.6616741,0.6617,0.9999976,359.4730,86
30.8822,36.8246,-20.3901,0.1369540,CN=C(NCc1cc(C)no1)N1CCN(c2ccc([N+](=O)[O-])c(F)c2)CC1,1,0.0772190,0.0772,0.3765667,0.3766,0.9999886,376.3920,86
34.0378,33.7851,-17.8266,0.1329880,CC(=O)Nc1ccc(NC(C)C(=O)Nc2ccc(NC(=O)c3ccccc3C)cc2)cc1,1,0.0709048,0.0709,0.4385895,0.4386,0.9983419,430.5080,86
30.5162,33.8135,-15.7183,0.1507938,COc1cc(C=NNC(C)=O)ccc1OC(=O)Nc1ccccc1Cl,1,0.0764755,0.0765,0.6303634,0.6304,0.9999970,361.7850,86
39.9308,43.2562,-15.8026,0.2287805,Cc1ccc(NC(=O)Nc2ncc3cc4n(c3n2)CC(C)N(C)C4=O)cc1F,1,0.1339414,0.1339,0.7126855,0.7127,0.9999802,382.3990,86
32.2739,42.2645,23.7087,0.5497771,CC(=O)NCc1nc(C2NCCN2Cc2ccc(C)cc2)no1,1,0.4441595,0.4442,0.8600958,0.8601,0.9999998,315.3770,86
22.4902,25.6860,-14.7589,0.0910599,Cc1cn(CC(N)=NO)c(=O)[nH]c1=O,1,0.0494454,0.0494,0.2342862,0.2343,0.9883153,198.1820,86
38.2904,43.7416,16.4249,0.5013878,CC(=O)N1CCN(S(=O)(=O)N2CCN(C3CCOC3)C(F)C2)CC1,1,0.4301631,0.4302,0.6069510,0.6070,0.9999962,364.4430,86
38.9828,43.3177,-3.4827,0.3319583,CSc1nnc(NC(=O)Cc2c(C)nn(-c3nn(C)c(C)c3Cl)c2C)s1,1,0.2505115,0.2505,0.5123725,0.5124,0.9996997,411.9440,86
33.4314,33.2226,-15.3285,0.1491176,CN1C(=O)c2ccc(C(=O)NCC(c3cccc(F)c3)N(C)C)cc2C1=O,1,0.0698237,0.0698,0.8196653,0.8197,0.9999940,369.3960,86
28.2986,34.0004,18.9687,0.4414090,CN(C)S(=O)(=O)NC(CN1CCN(C(=O)c2ccc(Cl)cc2)CC1)c1ccccc1,1,0.3445582,0.3446,0.7017023,0.7017,0.9891620,450.9920,86
42.4250,50.2003,-6.1933,0.3667246,Cc1cccc(Nc2cc(C)nc(C(=O)N3CCCC3c3ccc(NC4COC4)nc3)n2)c1,1,0.2772075,0.2772,0.5931874,0.5932,0.9939891,444.5390,86
33.6553,41.5646,-24.5555,0.1417427,Cc1cc([N+](=O)[O-])cc(C(=O)N2CCN(S(=O)(=O)N3CCCCC3)CC2)c1N1CCNCC1,1,0.0769525,0.0770,0.4890170,0.4890,0.8566370,480.5910,86
39.9747,38.2464,44.9782,0.6935381,N#Cc1cccc(Nc2nc(NCC3=CCOCC3)nc3c(Br)cnn23)c1,1,0.6847085,0.6847,0.6044020,0.6044,0.9988763,426.2780,86
46.9419,52.0260,32.5503,0.7048020,Cc1ccc(C)c(S(=O)(=O)NC(=NN=Cc2nnc(-c3ccc(C)c(C)c3)o2)N(C)C)c1,1,0.8141838,0.8142,0.3598204,0.3598,0.9850141,454.5560,86
36.9658,40.2697,-3.7712,0.3041545,Cc1cc(Nc2nn(C)c3ccc(NC(=O)CN4CCN(C)CC4)cc23)n[nH]1,1,0.2093853,0.2094,0.6196745,0.6197,0.9999801,382.4720,86
35.6877,44.6799,26.5474,0.5935607,NC(=O)Oc1ccccc1Nc1ccc2cnc(NCc3cccc(F)c3)[n+]([O-])c2n1,1,0.6558637,0.6559,0.3225671,0.3226,0.9993455,420.4040,86
29.6378,29.5858,-19.2665,0.0859935,COc1cc(C[S+]([O-])c2ccc(N)cc2)n(C)n1,1,0.0337206,0.0337,0.6678792,0.6679,0.9999757,265.3380,86
42.5690,51.3956,-26.2923,0.2091937,Cc1cccc(C2COC3(CCCN(C(=O)Nc4cncc(C(=O)N5CCCC5)c4)CC3)O2)c1,1,0.1172981,0.1173,0.7385442,0.7385,0.9631584,464.5660,86
26.1529,37.5959,26.1183,0.5309519,CC(C)CN(C(=O)c1cn(C2CNC2)nn1)C1CN(Cc2ccccc2)C1,1,0.4313741,0.4314,0.8003644,0.8004,0.9999945,368.4850,86
39.5669,45.0491,-16.1139,0.2411263,O=NN1CC2NNN(Cc3cc(F)cc(F)c3)C2C1=O,1,0.1414095,0.1414,0.7665645,0.7666,0.9999953,283.2380,86
29.4618,33.6021,-17.4002,0.1350157,NC(=NNc1nnc(-c2ccccc2)s1)c1cccc(N)c1,1,0.0809487,0.0809,0.2972945,0.2973,0.9999996,310.3860,86
33.7186,36.2410,37.7078,0.6162405,CC1CN(C(=O)c2ccc(NC(=O)N(C)Cc3nnc4ccccn34)cc2)CC(C)O1,1,0.5550385,0.5550,0.6978992,0.6979,0.9992071,422.4890,86
27.9593,34.7208,11.2143,0.3827931,Cc1ccc(N2CCC(NC(=O)Nc3ccccc3N3CCN(C)CC3)C2)cc1,1,0.2667934,0.2668,0.8379529,0.8380,0.9999449,393.5350,86
29.6047,37.2311,38.1807,0.6284315,O=C(Nc1ccccc1Cl)N1CCn2c(CNS(=O)(=O)N3CCOCC3)nnc2C1,1,0.5758738,0.5759,0.6821197,0.6821,0.9830298,455.9280,86
34.6862,38.2403,29.6604,0.5658395,O=C(CC1Cc2ccccc2S1)NCC1(N2CCCC2)CCS(=O)(=O)C1,1,0.4682307,0.4682,0.8257903,0.8258,0.9999394,394.5620,86
35.7893,40.5454,-19.3587,0.1765562,Cc1cc(N2C(=O)N(C)CC23CCN(Cc2ccnn2C)CC3)ccc1F,1,0.0884560,0.0885,0.8334316,0.8334,0.9999928,371.4600,86
34.6993,41.5125,5.6864,0.3933238,Cc1cc(C(=O)N2CCN(Cc3nc(-c4ccco4)no3)CC2)ccc1NS(=O)(=O)c1ccccc1[N+](=O)[O-],1,0.7805925,0.7806,0.2531353,0.2531,0.0078312,552.5690,86
46.0095,57.5673,-25.3520,0.2684607,Cc1ccccc1CN1Cc2cc(N3CCN(C)CC3)ccc2C(=O)C1N1C(=O)N2CCNCC21,1,0.1693194,0.1693,0.7310156,0.7310,0.9120235,474.6090,86
28.1354,31.8865,12.1592,0.3670475,COc1cc(N(C)C(=O)Nc2ccc(CC(=O)O)cc2)cc(OC)c1OC,1,0.2570935,0.2571,0.7732051,0.7732,0.9999905,374.3930,86
23.7532,28.5113,44.9288,0.6120006,Cc1cc(C(=O)Nc2ccc(N3CCN(C)CC3)cn2)ccc1O,1,0.5103793,0.5104,0.9039275,0.9039,0.9999999,326.4000,86
41.9553,45.8072,-38.9908,0.0568035,O=S(=O)(NCCCN(CCS)CCCl)c1c(Cl)nc2ccccn12,1,0.0222989,0.0223,0.3572254,0.3572,0.9997149,411.3800,86
29.2767,39.1385,2.9135,0.3504330,O=C1CC2N(NOC3NNNN32)N1,1,0.3271983,0.3272,0.2680133,0.2680,0.9684107,187.1630,86
23.3785,27.8810,-7.5910,0.1690832,Cc1ccc(CN(C)C(=O)c2ccc(NS(=O)(=O)c3ccc(F)cc3)cc2)cc1,1,0.0889058,0.0889,0.6596525,0.6597,0.9996843,412.4860,86
32.4138,33.0687,-23.6202,0.0787375,[C-]#[N+]c1cccc(C(=O)N2CNCC2C)c1,1,0.0290775,0.0291,0.7227562,0.7228,0.9975526,215.2560,86
31.1341,40.8344,37.0512,0.6490472,Cc1nn(-c2ccccc2)c(C)c1C(=O)Nc1ccc(S(=O)(=O)NN2C(=O)COC2=O)cc1,1,0.6411362,0.6411,0.5620008,0.5620,0.9432721,469.4790,86
33.4284,33.9325,-33.9322,0.0000021,[B]c1ccccc1C=NNc1ccc(C)cc1N,1,0.0000000,0.0000,0.3686969,0.3687,0.9996057,235.0990,86
26.9308,30.9710,25.4656,0.4703048,Cc1cc(Nc2nn(Cc3ccc(F)cc3)cc2N)n[nH]1,1,0.3788633,0.3789,0.6873992,0.6874,0.9999965,286.3140,86
35.2153,32.3277,36.9152,0.5770246,CC(C)c1ccc(-c2nnc(SCC(=O)Nc3ccc(F)c(Cl)c3)n2-c2ccc(F)cc2)cc1,1,0.7141945,0.7142,0.2872271,0.2872,0.5233314,498.9860,86
32.6363,41.4487,41.7804,0.6935757,Cc1nc(-c2ccc(NS(=O)(=O)c3cc(C#N)c(-c4cccc(Cl)c4)o3)cc2)n[nH]1,1,0.7336738,0.7337,0.4754035,0.4754,0.9960767,439.8840,86
28.5055,31.8904,13.9797,0.3822514,CC(C)(C)OC(=O)N1CCN(C(=O)CSc2nnc(COc3cccc(F)c3)o2)CC1,1,0.2910662,0.2911,0.6172948,0.6173,0.9875582,452.5080,86
36.8161,39.2075,21.3365,0.5045337,CC(C)(C)OC(=O)N1CCC2(CC1)c1ccc(NS(=O)(=O)c3ccccc3)cc1CC2C(=O)O,1,0.4366575,0.4367,0.6751308,0.6751,0.7747111,486.5900,86
39.0912,41.2048,-16.5772,0.2052294,NC(=O)CN1CCC(n2c(=O)sc3c(=O)[nH]c(-c4cccc(O)c4)nc32)CC1,1,0.1212082,0.1212,0.5873004,0.5873,0.9998857,401.4480,86
30.2561,38.0694,-14.6856,0.1948656,COc1ccc(S(=O)(=O)Nc2ccc(-c3ccnc(Nc4ccccc4)n3)cc2O)cc1,1,0.1297032,0.1297,0.3591135,0.3591,0.9913624,448.5040,86
38.8443,44.9932,-13.3462,0.2637252,Cc1ccc(CC(=O)NCc2ccc(CN3CCN(Cc4c(C)cccc4F)CC3)cc2)cc1C,1,0.1833650,0.1834,0.5040850,0.5041,0.9189537,473.6360,86
30.8538,35.8387,49.7155,0.7129516,CC(OC(=O)c1ccc(NC(=O)Nc2ccc(F)cc2)cc1)C(=O)NC1CCS(=O)(=O)C1,1,0.7299634,0.7300,0.5638188,0.5638,0.9665270,463.4870,86
35.3719,37.0304,-18.5383,0.1541011,Cc1cccc(-c2nc(C)c(C3Nc4ccccc4C(=O)N3C)s2)c1,1,0.0755279,0.0755,0.7339251,0.7339,0.9999990,349.4590,86
25.7404,33.5079,4.9498,0.3204814,COc1ccc(C=NNC(=O)Nc2cccc([N+](=O)[O-])c2C)cc1O,1,0.2493635,0.2494,0.4366156,0.4366,0.9999994,344.3270,86
35.2505,45.9727,33.2823,0.6604586,COC(=O)c1ccc(Nc2nn(Cc3ccc(F)cc3)c(=O)n(-c3ccc(C)c(C)c3)c2=O)cc1,1,0.7137620,0.7138,0.4281372,0.4281,0.9128844,474.4920,86
38.8613,52.5327,39.1827,0.7642952,Cc1nc(NC2(C)CCN(Cc3noc(C)n3)C2)cc(C(=O)Nc2cc(Cl)ccc2C)n1,1,0.7986853,0.7987,0.5777168,0.5777,0.9829959,455.9500,86
32.6536,39.6708,-31.0924,0.0714865,Cc1nc(NC(=O)Cc2cc(O)no2)cc(-n2cccn2)n1,1,0.0252239,0.0252,0.7324502,0.7325,0.9999990,300.2780,86
34.2166,38.0054,21.6184,0.4968653,NS(=O)(=O)Oc1ccccc1CN1CCC(n2cc[nH]c2=O)CC1,1,0.3898691,0.3899,0.8184230,0.8184,0.9999987,352.4160,86
32.7728,38.4073,2.4484,0.3404639,Cc1ccc(CN(Cc2ccccc2Cl)C(=O)c2cc3nccc(C)n3n2)o1,1,0.2612737,0.2613,0.5018038,0.5018,0.9999377,394.8620,86
39.2133,48.1955,10.5590,0.4896208,COc1ccc(OC)c(-c2ccc3c(c2)[nH]c(=O)n3CC=NNS(=O)(=O)c2ccc(C)cc2)c1,1,0.5215268,0.5215,0.2966907,0.2967,0.8571454,480.5460,86
28.2047,30.4538,27.8878,0.4861803,Cc1cccc(N)c1NS(=O)(=O)c1ccc(NS(C)(=O)=O)cc1,1,0.3942181,0.3942,0.7061703,0.7062,0.9999983,355.4410,86
36.0673,40.1206,47.9804,0.7341747,O=C(O)c1cccc(Nc2nc(S(=O)(=O)c3ccccc3)nc3cc4c(cc23)OCO4)c1,1,0.8147768,0.8148,0.4389502,0.4390,0.9905886,449.4440,86
56.3828,57.6301,-21.8456,0.2982046,NS(=O)(=O)Oc1ccc2c(c1)NC(CCO)C1C(=O)N(CC3NC(=O)NC3=O)C21,1,0.2608847,0.2609,0.2601519,0.2602,0.9989613,425.4230,86
35.8321,42.4291,-18.9868,0.1953526,CCC(C)c1ccc(NC(=S)Nc2cc(C)c(C)c(NC3CC3)c2)cc1,1,0.1162437,0.1162,0.5312567,0.5313,0.9999949,367.5620,86
38.6145,42.4221,-15.2670,0.2262922,CNC(=O)c1ccc(CN2OC3CN(Cc4ccc(F)cc4)C(=O)C3C2C)cc1,1,0.1257535,0.1258,0.8414804,0.8415,0.9999210,397.4500,86
30.9288,40.4885,-11.3382,0.2429193,O=C(O)c1ccc(NC(=O)c2ccc(C(=O)NN3C(=O)NC4(CCc5ccccc54)C3=O)cc2)cc1,1,0.1762165,0.1762,0.4099336,0.4099,0.8069872,484.4680,86
35.6626,40.8282,32.6534,0.6123473,O=C(NCc1cc(F)ccc1O)Nc1cccc(CS(=O)(=O)O)c1,1,0.5702824,0.5703,0.6147161,0.6147,0.9999985,354.3590,86
38.5399,44.9320,-27.1767,0.1479610,COc1ccc(-c2cncc(CN3Cc4cc(-c5ccc(Cl)cc5)nn4CC3=O)n2)cc1,1,0.0815346,0.0815,0.4597515,0.4598,0.9931856,445.9100,86
37.5147,50.9576,-4.9181,0.3836627,Cc1ccc(C)c(S(=O)(=O)N2CCCC(NC(=O)C3NNC3c3nc(C)cs3)C2)c1,1,0.2894644,0.2895,0.6401001,0.6401,0.9904520,449.6020,86
33.3497,34.7914,-12.1201,0.1889279,Cc1cccc(C)c1Oc1cc(NC(=O)c2ccoc2C)ncn1,1,0.0991665,0.0992,0.7837955,0.7838,0.9999999,323.3520,86
37.0639,44.3262,-24.0201,0.1692174,Cc1ccc(NC(=O)c2c(C)cc(-c3ccc(-c4ccccc4C)cc3)nc2N)cc1,1,0.1009418,0.1009,0.4246392,0.4246,0.9998002,407.5170,87
39.4936,40.0903,15.1521,0.4603528,O=S(=O)(O)CC1CCN(S(=O)(=O)c2ccc(NS(=O)(=O)c3ccc(Cl)c(Cl)c3)cc2)CC1,1,0.7100042,0.7100,0.5121605,0.5122,0.0179172,543.4720,87
35.2642,34.4810,-30.7613,0.0309969,CCC(C)n1nc(C)c(N)c1N(C)Cc1cc(C)no1,1,0.0071870,0.0072,0.9092134,0.9092,0.9999920,277.3720,87
26.9732,28.5852,46.7372,0.6276863,COc1ccc(C(=O)NNC(=O)C23CC4CC(CC(C4)C2)C3)c(O)c1,1,0.5614321,0.5614,0.7348068,0.7348,0.9999994,344.4110,87
42.9835,51.8109,23.8129,0.6301980,COc1cc(Cn2nc(C)c3ccccc3c2=O)cc(-n2cnc(NC(=O)Nc3ccccc3C)c2)c1,1,0.7470456,0.7470,0.3495355,0.3495,0.6228126,494.5550,87
28.7543,32.7433,8.6848,0.3452344,Cc1cc(C)cc(OCC(=O)NNC(=O)c2ccc(COc3ccc(C)c(C)c3)o2)c1,1,0.2578893,0.2579,0.5632820,0.5633,0.9992077,422.4810,87
24.9663,29.7874,48.6567,0.6537005,Cc1ccc(-c2noc(CN3CCN(c4ccc(S(=O)(=O)N(C)C)cc4)CC3)n2)cc1,1,0.6365324,0.6365,0.5814573,0.5815,0.9954261,441.5570,87
35.7264,50.0189,-22.2270,0.2315988,Cc1ccc(C2(C)NC(=O)N(CC(=O)N3CCN(c4cc(=O)n5c(C)cc(N6CCOCC6)nc5n4)CC3)C2=O)cc1,1,0.4187085,0.4187,0.4365676,0.4366,0.0010325,574.6420,87
39.9688,47.7658,17.6938,0.5454963,Cc1ccc(Nc2ccnc(NCCC3c4ccccc4CCN3C(=O)Cc3ccc(O)cc3)n2)cc1,1,0.6295181,0.6295,0.3043137,0.3043,0.6430093,493.6110,87
45.7540,48.8839,30.6274,0.6625938,CN1C(=O)CCC1COc1cc(Nc2ccc3c(c2)C(=O)NC3)nc(-c2ccccn2)n1,1,0.6373482,0.6373,0.6184110,0.6184,0.9983481,430.4680,87
36.0298,41.1534,26.3668,0.5626682,COc1ccc(OC)c(CCNc2cc(C(=O)NNS(=O)(=O)c3ccc(C)cc3)ncn2)c1,1,0.5842699,0.5843,0.3831376,0.3831,0.9322233,471.5390,87
34.5460,45.7701,29.7542,0.6293695,CCN(Cc1ccc(C)o1)c1cc(C(=O)Nc2ccccc2NS(N)(=O)=O)ccn1,1,0.6275956,0.6276,0.5046348,0.5046,0.9984884,429.5020,87
32.1926,33.9393,-9.5509,0.2032365,CN(C(=O)Nc1ccccc1OC(F)(F)F)C(=O)c1ccc(O)cc1,1,0.1063885,0.1064,0.8828312,0.8828,0.9999985,354.2840,87
27.1912,41.9232,-16.1130,0.2150855,Cc1cc2c(cc1NC(=O)OCC(=O)N1CCC(c3cccs3)=N1)OCO2,1,0.1157979,0.1158,0.8711825,0.8712,0.9999686,387.4170,87
38.9354,44.7560,-26.2905,0.1538791,COc1cc(C2CC3Nc4c(F)cccc4N3C2)cc([N+](=O)[O-])c1O,1,0.0778271,0.0778,0.6560554,0.6561,0.9999993,345.3300,87
33.5393,39.7185,48.3239,0.7336864,CC(C)(C)c1nnc2n1CCN(C(=O)C1CN(Cc3ccccc3)CCN1C(=O)O)C2,1,0.6839163,0.6839,0.8040662,0.8041,0.9988509,426.5210,87
56.6446,66.8832,-5.2283,0.5137915,COc1ccc(CCN2C(=O)NC(C=CCN3CCN(c4ccc(C)cc4)CC3)c3ncncc32)cc1OC,1,0.7283244,0.7283,0.4206433,0.4206,0.0666450,528.6570,87
26.6451,34.0265,13.6898,0.3976352,CN1CCN(c2nc(N)c3c(n2)CN(C(=O)c2ccc(C(F)(F)F)cc2)C3)CC1,1,0.2832537,0.2833,0.8219563,0.8220,0.9998195,406.4120,87
51.1311,61.5807,6.9852,0.5713818,Cc1cc(NC(=O)CCOC2OC(O)C(N)C2O)c(-c2ccnc(N)n2)cn1,1,0.5774024,0.5774,0.4163568,0.4164,0.9999587,390.4000,87
27.5123,29.6782,28.2208,0.4824919,Cc1ccc(C(=O)NC(=S)Nc2ccc(N3CCN(C(=O)c4ccc(Cl)cc4)CC3)cc2)cc1,1,0.4533284,0.4533,0.5150309,0.5150,0.6551547,493.0320,87
26.8826,36.7868,48.2956,0.7090201,Cc1cc(C)cc(NC(=O)c2ccc(CN3CCC(N4CCc5ccccc5C4)CC3)cc2)c1,1,0.7280679,0.7281,0.5479032,0.5479,0.9862223,453.6300,87
33.2082,38.6949,32.4766,0.5930958,O=C(Nc1nc2cc(F)cc(F)c2s1)Nc1ccc(Br)cc1C(=O)O,1,0.5581697,0.5582,0.5652415,0.5652,0.9986573,428.2140,87
21.7579,32.1928,53.9949,0.7182311,Cc1ccnc(Nc2cnc(NS(=O)(=O)c3cc(C)ccc3C)cn2)c1,1,0.6857155,0.6857,0.7158439,0.7158,0.9999940,369.4500,87
40.2810,42.1371,6.2958,0.4036072,Cc1cc(CN(C)C)cc(CN2CCOC3(CCC(=O)NC3)C2)c1,1,0.2811457,0.2811,0.9089388,0.9089,0.9999998,331.4600,87
36.1405,38.7783,42.1180,0.6741356,O=C(c1cccc(NS(=O)(=O)c2ccc(Cl)s2)c1)N1CCCC(O)(CO)C1,1,0.6375625,0.6376,0.6734129,0.6734,0.9982756,430.9350,87
23.5412,26.2120,34.5451,0.5063090,Cc1ccc(C)c(S(=O)(=O)N2CCN(c3cc(-n4ccnc4)ncn3)CC2)c1,1,0.4247524,0.4248,0.6662265,0.6662,0.9999130,398.4920,87
33.0076,38.8546,10.9315,0.4148846,Nc1cc(Cl)cnc1N1CCC(N2CCN(Cc3ccc(Cl)cc3)CC2)C1,1,0.2987005,0.2987,0.8440141,0.8440,0.9998204,406.3610,87
47.2489,52.6268,-31.3455,0.1773441,Cc1cccc2c1OC1C(=O)N(C(=O)N3CCCC4(CC3)C(=O)Nc3ccccc34)CC21,1,0.0937864,0.0938,0.6950080,0.6950,0.9981849,431.4920,87
27.7928,30.7430,21.9136,0.4388043,Cc1cccc(C(=O)NCCn2c(-c3cccc(Br)c3)nc3ccccc32)c1,1,0.3828133,0.3828,0.4692584,0.4693,0.9976425,434.3370,87
26.6175,31.9826,30.8688,0.5237615,O=C(NO)c1ccc(N2CCN(S(=O)(=O)Cc3ccc(Cl)cc3)CC2)nc1,1,0.4657509,0.4658,0.5717273,0.5717,0.9997276,410.8830,87
40.1465,52.2542,-32.6485,0.1633816,Cc1ccc(NC(=O)Nc2c(I)cc(NC(=O)Nc3c(C)nn(-c4ccccc4)c3C)cc2[N+](=O)[O-])cc1,1,0.7385784,0.7386,0.1085360,0.1085,0.0000096,625.4270,87
31.1678,35.0985,26.5732,0.5139310,CCc1ccc(CNc2ncc(Cl)c(Nc3ccc(OC)cc3OC)n2)cc1,1,0.4578625,0.4579,0.5520407,0.5520,0.9999097,398.8940,87
31.3523,33.3427,-13.8105,0.1627683,Cc1cnn(-c2ccc(NC(=O)Nc3cnn(-c4ccccc4)c3)cc2)c1,1,0.0874115,0.0874,0.5785736,0.5786,0.9999979,358.4050,87
38.5490,42.8788,27.4662,0.5862081,COc1cc(N(C)C)ccc1-c1ncc(-c2ccc(F)cc2)c(Nc2ccc(C(N)=O)cc2)n1,1,0.6026603,0.6027,0.4114325,0.4114,0.9804218,457.5090,87
32.1195,35.8857,11.6069,0.3957717,CN(CCC(=O)O)C(=O)c1ccc(-c2nc(CN)no2)cc1,1,0.2828852,0.2829,0.8064697,0.8065,0.9999993,304.3060,87
30.9735,34.2314,-25.4147,0.0734733,COc1ccc(-c2csc(NC(=O)CS(=O)(=O)Nc3ccccc3Cl)n2)cc1,1,0.0279893,0.0280,0.5846397,0.5846,0.9967207,437.9300,87
41.9416,45.3484,29.8527,0.6266763,Cc1ncc2c(n1)C(C)N(c1cc(C(O)c3ccccc3)ccn1)C2,1,0.5473183,0.5473,0.7968502,0.7969,0.9999998,332.4070,87
27.4966,33.7128,21.5142,0.4602247,CNc1ccc([N+](=O)[O-])cc1C(=O)N1CCN(Cc2c(C)nn(C)c2C)CC1,1,0.3777618,0.3778,0.6231501,0.6232,0.9999713,386.4560,87
44.3943,50.5766,-46.7930,0.0315296,Cc1ccc(C2c3cc(Cl)cnc3NC(=O)CN2N2Oc3ccccc3O2)cc1,1,0.0079578,0.0080,0.6932006,0.6932,0.9997742,408.8450,87
34.5485,47.4604,-14.9869,0.2706124,CCCNC1(C(=O)Nc2cccc(COC(N)=O)c2)COCC1NC,1,0.1838061,0.1838,0.5451034,0.5451,0.9999990,350.4190,87
29.9426,30.6555,-8.7668,0.1824062,Cc1c(C(=O)Nc2ccc(C(N)=O)cc2)oc2nc[nH]c(=O)c12,1,0.0987262,0.0987,0.6678585,0.6679,0.9999997,312.2850,87
30.0880,33.1077,13.1914,0.3858257,CN1CCN(C(=O)c2cccc(NC(=O)c3ccc(C4=NCCN4)cc3)c2)CC1,1,0.2704210,0.2704,0.8314270,0.8314,0.9999544,391.4750,87
33.7806,34.6619,-23.0880,0.0964496,NC(=NCCN1CCOCC1)NNc1ccc(Cl)cc1[N+](=O)[O-],1,0.0498007,0.0498,0.3028153,0.3028,0.9999995,342.7870,87
29.4009,33.3446,-29.0970,0.0353962,Cc1cccc(NC(=O)N(C=O)Cc2ccccc2Cl)c1C,1,0.0088223,0.0088,0.8614771,0.8615,0.9999998,316.7880,87
29.6590,41.2628,23.4172,0.5390003,Cc1cccc(Nc2nc(-c3ccc(NS(=O)(=O)N4CCS(=O)(=O)CC4)cc3)cs2)c1C,1,0.5217001,0.5217,0.5447309,0.5447,0.6631008,492.6480,87
43.0935,57.9369,16.4529,0.6199152,NC(=O)c1ccc(Nc2ncccc2NC(=O)c2ccc(N3CN4NNC4NC3=O)cc2)cc1,1,0.7006353,0.7006,0.3217902,0.3218,0.9766368,459.4700,87
39.8252,47.8673,20.1461,0.5667786,O=C(NC1CC1)OC(=O)c1cccc(Nc2nc(N3CCCC3)nc(-n3cccn3)n2)n1,1,0.5638573,0.5639,0.4350536,0.4351,0.9973891,435.4480,87
31.3676,33.1516,-5.5633,0.2299021,Cc1ccc(OCc2nc3c([nH]2)c(=O)n(C)c(=O)n3C)cc1F,1,0.1314216,0.1314,0.7805138,0.7805,0.9999998,318.3080,87
32.9879,43.6312,26.8670,0.5874851,Cc1ccc(Nc2cc(NCc3cccc(NC(=O)C4NCCc5ccccc54)c3)nc(C)n2)cc1,1,0.6792915,0.6793,0.2891409,0.2891,0.8777198,478.6000,87
44.0421,55.6443,-20.1262,0.2959839,Cc1ccc(N2CC(C)N(C3CN(C(=O)c4cccc(NS(=O)(=O)c5ccccn5)c4)C3)C2)cc1,1,0.2177474,0.2177,0.5701447,0.5701,0.6839755,491.6170,87
45.3528,53.9647,-32.7761,0.1765720,Cc1ccc(C)c(OCc2ccccc2NC(=O)CSc2nc(C)nc3c2-c2ccccc2OC3C)c1,1,0.1580708,0.1581,0.2164993,0.2165,0.2548845,511.6470,87
42.6414,48.3542,-28.2083,0.1678825,COc1cc(C(=O)NC2CCN(c3ncccn3)C2)cc(Cl)c1OCc1cc(Cl)ccc1-n1cnnn1,1,0.1812170,0.1812,0.3581407,0.3581,0.0216050,541.3990,87
36.9401,43.4285,13.4990,0.4743952,Cc1ccccc1NC(=O)NC1COC(c2ccncc2)C2OC(CO)OC12,1,0.3754023,0.3754,0.7412559,0.7413,0.9999739,385.4200,87
29.7822,35.4932,0.5465,0.3003311,Cc1cc(O)ccc1NC(=O)c1cc(N)cc(NS(C)(=O)=O)c1,1,0.2183752,0.2184,0.5020999,0.5021,0.9999998,335.3850,87
33.2335,44.0007,14.5712,0.4880986,O=C(c1cccc(S(=O)(=O)Nc2ccc(-n3cccc3)nc2)c1)N1CCN(C(=O)N2CCCC2)CC1,1,0.4977987,0.4978,0.5701935,0.5702,0.3116412,508.6040,87
35.0814,44.3671,24.2360,0.5716925,Cc1ccc(NC2SC(=NN=Cc3ccccc3)N3CCCCC23)cc1C,1,0.5208472,0.5208,0.5988655,0.5989,0.9999861,378.5450,87
54.2561,58.9728,6.2679,0.5436728,COc1nc(C(N)Nc2ncc(-c3ccc(F)c(C(=O)O)c3)cn2)c(-c2ccnc(N)n2)s1,1,0.5990217,0.5990,0.2932437,0.2932,0.9480267,468.4740,87
26.6716,29.9998,36.5735,0.5547775,CN1CCN(c2ccc(C(=O)NC3COc4ccccc43)cn2)CC1,1,0.4409521,0.4410,0.9230475,0.9230,0.9999996,338.4110,87
33.1385,43.4105,-18.9909,0.2034966,COc1cc(Nc2ncc(-n3cccc3)cn2)cc(-c2nc3ccccc3c(=O)[nH]2)c1,1,0.1287518,0.1288,0.4557283,0.4557,0.9997386,410.4370,87
38.9218,49.8759,11.5089,0.5115397,Cc1ccc(S(=O)(=O)NCc2cc(C(=O)N3CCOCC3)n3c2CN(Cc2ccccc2C)CC3)cc1C,1,0.7616105,0.7616,0.5006813,0.5007,0.0329261,536.6980,87
28.9176,38.8461,-3.5197,0.2943865,CNC(=O)C(C)N(Cc1cccc(C)c1)C(=O)Nc1ccccc1C(=O)NCc1ccc(F)cc1,1,0.2217921,0.2218,0.4544513,0.4545,0.8965662,476.5520,87
32.9348,38.5299,16.7179,0.4603978,COc1ccc(CNc2ccnc(Nc3ccc(C(=O)NCCCN4CCOCC4)cc3)n2)cc1OC,1,0.5312780,0.5313,0.3188044,0.3188,0.3523954,506.6070,87
46.4094,44.1601,20.6771,0.5403099,Oc1ccc(C2Cn3c(cc4occc43)C3C=Nc4cc(O)ccc4N32)cc1,1,0.5030139,0.5030,0.5101362,0.5101,0.9999928,371.3960,87
37.1998,44.8675,-39.8921,0.0414619,Cc1ccc(S(=O)(=O)N2NSN3Nc4cccc([N+](=O)[O-])c4C32)cc1,1,0.0131080,0.0131,0.4751916,0.4752,0.9999850,379.4230,87
48.9333,50.2653,-24.5397,0.2143804,O=C(Nc1ccc(N2CC(NS(=O)(=O)c3ccc4c(c3)OC(F)(F)O4)C3(CC3)C2)cc1)N1CCOCC1,1,0.2079241,0.2079,0.6050091,0.6050,0.0333421,536.5570,88
37.5699,43.9376,35.4193,0.6613076,Cc1ccc(NC(=O)C(CNC(=O)OC(C)(C)C)NC2=NS(=O)(=O)c3ccccc32)cc1C,1,0.6436578,0.6437,0.6143582,0.6144,0.9259908,472.5670,88
27.3919,32.0102,-18.8231,0.1098923,Cc1nc(NS(=O)(=O)N2CCNCC2)ccc1CN,1,0.0474948,0.0475,0.6863976,0.6864,0.9999961,285.3730,88
25.6233,33.6342,-6.7203,0.2242820,Cc1ccc(Oc2cc(Nc3ccc(N4CCN(C)CC4)nc3)ncn2)c(C)c1,1,0.1302786,0.1303,0.7110927,0.7111,0.9999583,390.4910,88
28.5682,31.2743,37.3152,0.5715793,CN(C)c1ccnc(OC2CN(C(=O)c3cc4ccccc4[nH]3)C2)n1,1,0.4815507,0.4816,0.7872907,0.7873,0.9999997,337.3830,88
32.5965,43.7268,-11.5262,0.2683381,Cc1cccnc1-n1c(C)cc(CNC(=O)NC(C)CN2CCN(C)CC2)c1C,1,0.1637385,0.1637,0.7832540,0.7833,0.9999124,398.5550,88
30.0006,36.7858,48.8647,0.7137542,COc1c(Cl)cc(NC(=O)c2ccc(C)c(C)c2)cc1NS(=O)(=O)c1ccccc1,1,0.7301250,0.7301,0.5587421,0.5587,0.9937643,444.9400,88
38.7316,39.7615,-27.2321,0.1044122,CC(C)=CC1(O)CCN(S(=O)(=O)c2ccc(O)c(C)c2)CC1,1,0.0417417,0.0417,0.8351414,0.8351,0.9999999,325.4300,88
24.1288,28.2983,15.1178,0.3618010,Cc1ccc(NS(=O)(=O)c2cccs2)cc1NC(=O)c1cccs1,1,0.2591698,0.2592,0.6995297,0.6995,0.9999862,378.5000,88
25.0672,40.2214,-1.4705,0.3229241,Cc1cccc(NC(=O)Nc2cc(N3CCN(C)CC3)cc(Nc3cccc(C)c3)n2)c1,1,0.2372466,0.2372,0.5403364,0.5403,0.9983346,430.5560,88
29.9792,37.2645,43.4520,0.6726369,Cc1nsc(NS(=O)(=O)c2cccc(NC(=O)CN3C(=O)NC4(CCCC4)C3=O)c2)n1,1,0.6777047,0.6777,0.5475019,0.5475,0.9632792,464.5290,88
32.3213,37.5264,39.0987,0.6385424,O=C(c1ccc(N2CCc3nc(-c4ncccn4)cnc3C2)nc1)N1CCOCC1,1,0.5967339,0.5967,0.6467644,0.6468,0.9998627,403.4460,88
28.2552,29.1585,44.3174,0.6122992,O=C1C(N2CCN(c3ccc(F)cc3)CC2)CCN1S(=O)(=O)c1ccccc1,1,0.5325439,0.5325,0.7809162,0.7809,0.9998623,403.4790,88
35.0421,45.7512,-7.4860,0.3188765,CC(=O)N1C2CN(Cc3ccccn3)CC1N(c1ccc(C#N)cc1)C2,1,0.2048355,0.2048,0.8476070,0.8476,0.9999992,347.4220,88
46.1573,53.2901,-27.3026,0.2165625,Cn1c(N2CC3CNC3C2)ccc(NS(=O)(=O)OCC(C)(C)C)c1=O,1,0.1204802,0.1205,0.7847173,0.7847,0.9999934,370.4750,88
33.5538,40.3189,22.1063,0.5202097,NS(=O)(=O)N1CCCc2ccc(Sc3cc(F)ccc3[N+](=O)[O-])cc21,1,0.4455494,0.4455,0.6452995,0.6453,0.9999782,383.4260,88
43.5053,52.3008,-52.3008,0.0000000,O=c1c(=O)[nH]c(n(C)c1O)NC(c1ccccc1NS(=O)(c1cc2c(OCO2)cc1C)=O)=O,0,0.0000000,0.0000,0.0000000,0.0000,0.0000000,0.0000,88
28.1620,33.3819,14.6650,0.4003903,Cc1ccc(S(=O)(=O)N(C)Cc2ccc(C(=O)Nc3nc(C)ccc3C)cc2)cc1,1,0.3062164,0.3062,0.6479000,0.6479,0.9991267,423.5380,88
42.3825,48.2123,-38.0046,0.0850647,O=C1NC2CC(C(O)O)(N1)N2Cc1nccs1,1,0.0356671,0.0357,0.5197819,0.5198,0.9999440,256.2870,88
31.1935,35.6964,36.7777,0.6039511,Cc1cc(C)nc(-n2nc(C)c(C(=O)O)c2NC(=O)Nc2ccccc2Cl)n1,1,0.5591366,0.5591,0.6147798,0.6148,0.9998921,400.8260,88
34.8366,39.1025,48.2735,0.7281340,Cc1ccc(CCC(=O)Nc2ccc(C)c(NC(=O)c3n[nH]c(C)c3N)c2)cc1,1,0.7693206,0.7693,0.5124962,0.5125,0.9999544,391.4750,88
27.1966,31.3753,45.8366,0.6434325,Cc1cc(Cl)ccc1NC(=O)N1CCN(c2nc3c(Cl)cccc3s2)CC1,1,0.6124132,0.6124,0.6137821,0.6138,0.9992858,421.3530,88
45.8556,48.5004,21.3037,0.5817012,CCC1CN(c2ccc(C)cc2OC)CCN1c1ccc2c(c1)CN(S(=O)(=O)c1ccc(C)cc1)C2,1,0.6608574,0.6609,0.4654076,0.4654,0.3720307,505.6840,88
42.1589,51.2789,-35.3702,0.1325729,CC1(C)c2ccccc2C2NC3C4CC(Nc5ccccc54)C3C21,1,0.0602957,0.0603,0.7608012,0.7608,0.9999998,316.4480,88
31.2466,40.0667,48.2432,0.7359164,Cc1ccc(-c2nc(NC(=O)c3ccc(F)cc3)cc(N(C)C3CCN(C)CC3)n2)cc1,1,0.7308913,0.7309,0.6473414,0.6473,0.9978108,433.5310,88
42.3402,53.9879,22.6399,0.6385645,Cc1cccc(-c2ccc3c(-c4cccc(C)c4)nn(C4CN(C(=O)Cc5ccccc5C)C4)c3n2)c1,1,0.7766819,0.7767,0.2922358,0.2922,0.7742448,486.6190,88
28.0154,35.5046,48.7427,0.7020609,Cc1ccc(S(=O)(=O)Nc2ccc(C)c(S(=O)(=O)Nc3cc(C)cc(Cl)c3)c2)cc1,1,0.7219155,0.7219,0.5440586,0.5441,0.9617270,464.9960,88
33.1755,32.9051,7.6006,0.3375477,Nc1ccc(N2CCCCC2)c(NS(=O)(=O)c2ccccc2)n1,1,0.2185696,0.2186,0.8976594,0.8977,0.9999998,332.4290,88
37.3842,41.3276,-15.8555,0.2122674,COc1ccc(-c2noc(C(=O)c3ccc4c(=O)n(N)c(=S)[nH]c4c3)n2)cc1,1,0.1533531,0.1534,0.3051455,0.3051,0.9999346,395.4000,88
43.0102,43.8172,29.6025,0.6118306,COc1cc(-c2csc(-c3noc(Cc4ccc(CC(=O)O)cc4)n3)n2)ccc1Cl,1,0.6263717,0.6264,0.4418458,0.4418,0.9952817,441.8960,88
41.0458,58.3585,-48.0535,0.0858747,Cc1cccc(NC(=O)N2CC3CC4C2CC3N4C(=O)OCc2cccc(C(N)=O)c2)c1,1,0.0323084,0.0323,0.7713328,0.7713,0.9976078,434.4960,88
34.9500,45.1799,0.7430,0.3826905,COc1cc(C2NCCN2S(=O)(=O)c2cccc([N+](=O)[O-])c2)ccc1OCCN1CCOCC1,1,0.3465934,0.3466,0.4106255,0.4106,0.6650327,492.5540,88
22.9515,26.6640,-12.1147,0.1212440,Cc1ccc(-c2nnc(C3(N)CC3)o2)nc1,1,0.0519607,0.0520,0.8202068,0.8202,0.9977651,216.2440,88
28.1423,33.7293,50.2586,0.6998989,Cc1cc(C)cc(OCc2csc(NC(=O)c3ccc(S(=O)(=O)N4CCOCC4)cc3)n2)c1,1,0.7425370,0.7425,0.5467961,0.5468,0.7580111,487.6030,88
28.6670,30.5933,24.3528,0.4578844,COc1cccc(-c2nc(-c3ccccc3F)n(CN3CCOCC3)n2)c1,1,0.3638275,0.3638,0.6928608,0.6929,0.9999946,368.4120,88
37.9403,45.3132,-8.9554,0.3029817,COc1ccc(C(NC(=O)Nc2ccc(C(N)=O)cc2)c2nnc3sccn23)cc1,1,0.2295426,0.2295,0.4407907,0.4408,0.9992085,422.4700,88
41.3053,47.1454,-13.8348,0.2775881,NNN(c1cnc([N+](=O)[O-])c(C(=O)O)c1)C1NNNN1,1,0.2665552,0.2666,0.1685581,0.1686,0.9999961,285.2240,88
29.8849,37.7170,29.3101,0.5585585,CN(c1ccc(F)cc1)c1ccnc(N2CCN(S(=O)(=O)c3ccc(Br)cc3)CC2)n1,1,0.6056493,0.6056,0.5264958,0.5265,0.3567372,506.4010,88
35.8756,49.3028,35.2443,0.7045590,Cc1ccccc1NC(=O)c1nc(NC(C)CC2CNNN2)c2c(C)c(C)sc2n1,1,0.7804731,0.7805,0.4135830,0.4136,0.9989480,425.5620,88
33.7763,46.4502,37.6382,0.7007368,Cc1cccc(CN2C(=O)NC3(CCN(C(=O)c4ccc(F)cc4)CC3)N(F)C2=O)c1C,1,0.6579790,0.6580,0.7330179,0.7330,0.9950286,442.4660,88
49.5469,59.8865,-36.1516,0.1977909,CC1(CO)CC(N2CC3CC(n4cccn4)N(C3)C2)CN1C(=O)OCc1ccccc1,1,0.1056054,0.1056,0.7913302,0.7913,0.9989508,425.5330,88
34.0140,35.9141,45.6034,0.6793129,Cc1ccnc(C(=O)Nc2cccc(NC(=O)Cn3nc(C)c(Br)c3C)c2)c1,1,0.6577506,0.6578,0.6283511,0.6284,0.9950961,442.3170,88
34.6643,39.5749,-39.5749,0.0000000,COc1c(nc(CCl)nc1N1C(N)=O)ccc1,0,0.0000000,0.0000,0.0000000,0.0000,0.0000000,0.0000,88
29.9387,39.7585,-14.7211,0.2086455,Cc1ccc(N(C(N)=O)c2ccc(C(=O)OCC(=O)Nc3c(C)cccc3C)cc2)cc1C,1,0.1282477,0.1282,0.5251752,0.5252,0.9934250,445.5190,88
31.8012,38.2298,-11.4383,0.2232628,Cc1cc(N2CCN(S(=O)(=O)c3ccc(C#N)cc3)CC2)nc(N(C)c2ccccc2C)n1,1,0.1381823,0.1382,0.5745233,0.5745,0.9691296,462.5790,88
28.7389,36.2273,-5.3586,0.2572385,Cc1ccc(C(NC(=O)C2CCCN2Cc2ccc([N+](=O)[O-])cc2)C(=O)O)cc1,1,0.1706497,0.1706,0.5486903,0.5487,0.9999211,397.4310,88
29.8627,44.3452,34.6406,0.6582155,O=C1CN(c2cccc(NC(=O)Nc3ccc(O)c(-n4cnnn4)c3)c2)S(=O)(=O)N1,1,0.7028182,0.7028,0.4248612,0.4249,0.9983574,430.4060,88
31.6987,37.9079,22.2212,0.5010755,Cc1cc2c(Nc3cc(C(N)=O)ccc3C)nc(-c3ccc(F)cc3)nc2s1,1,0.4505674,0.4506,0.5144787,0.5145,0.9999501,392.4590,88
27.4804,31.1554,5.6781,0.3069456,O=C(c1ccc2ccccc2c1)N1CCN(c2nc[nH]c(=O)c2Br)CC1,1,0.2047456,0.2047,0.7016653,0.7017,0.9996605,413.2750,88
30.1857,38.9156,31.3790,0.5857879,O=c1cc(NO)nc(N2CCN(Cc3cc(F)cc(F)c3)CC2)[nH]1,1,0.5103047,0.5103,0.7266053,0.7266,0.9999997,337.3300,88
33.6887,41.6284,-23.5023,0.1510509,CCOc1ccc(Nc2ccc3sc(NS(=O)(=O)c4ccc(F)cc4)nc3c2)cc1OC,1,0.0912849,0.0913,0.3568086,0.3568,0.9195348,473.5510,88
32.4444,39.6019,37.3874,0.6415771,Cc1c(NC(=O)Nc2ccc(-c3noc(-c4cccc(F)c4)n3)cc2)cnn1C,1,0.6320186,0.6320,0.5416273,0.5416,0.9999503,392.3940,88
29.9934,36.9003,-20.0751,0.1402098,O=C(O)c1cc(NC(=O)n2nc[nH]c2=O)ccc1F,1,0.0660750,0.0661,0.7307438,0.7307,0.9999775,266.1880,88
27.6653,36.8258,39.5397,0.6363790,Cc1ccc(NC(=O)NN=Cc2cc(C)n(-c3nncs3)c2C)cc1C,1,0.6240447,0.6240,0.5436576,0.5437,0.9999945,368.4660,88
30.2217,35.5877,29.5294,0.5426426,Cc1csc(NC(=O)Nc2ccc(Nc3ccc4nccnc4n3)cc2)n1,1,0.5111534,0.5112,0.4927684,0.4928,0.9999875,377.4330,88
43.3422,46.1269,24.5124,0.5886605,CC1CC(C)CN(C(=O)c2ccnc(NC(=O)c3cc(Br)ccc3OCC(=O)O)c2)C1,1,0.5597792,0.5598,0.6398461,0.6398,0.7085659,490.3540,88
31.7477,39.0640,45.4228,0.7040565,Cc1ccc(-n2c(=O)c(N3CC(C(=O)Nc4nncs4)CC3=O)c(C)n2C)cc1,1,0.6702703,0.6703,0.7018287,0.7018,0.9996846,412.4750,88
43.2292,46.4832,33.7709,0.6687845,Cc1cc(C)cc(NC(=O)c2c3c(nc4ccnn24)CCN(C(=O)c2cccc([N+](=O)[O-])c2C)C3)c1,1,0.7868056,0.7868,0.3448635,0.3449,0.8062976,484.5160,88
27.7967,29.9915,-14.9312,0.1255020,Nc1ccc(-c2oc(=O)nc3ccccc23)cc1,1,0.0580451,0.0580,0.6609026,0.6609,0.9997048,238.2460,88
29.0219,30.8750,54.8599,0.7144575,Cc1ccc(-c2cc(CCC(=O)Nc3cccc(C)c3C)on2)cc1,1,0.6777648,0.6778,0.7262827,0.7263,0.9999998,334.4190,88
36.3953,44.1830,-20.1589,0.2002006,CS(=O)(=O)N(CCNS(=O)(=O)c1ccc(F)cc1)c1ccc(C(=O)OCC(=O)NC23CC4CC(CC(C4)C2)C3)cc1,1,0.5489056,0.5489,0.3747532,0.3748,0.0000491,607.7260,88
33.2831,40.2890,-33.4062,0.0573564,CCc1nnc(Nc2ccnc(N3CCCN(c4ccc(C(=O)O)cn4)CC3)n2)s1,1,0.0194266,0.0194,0.6078111,0.6078,0.9988526,426.5060,88
48.9831,59.0464,29.5107,0.7379766,CC(=O)c1ccc(N2CCN(C(=O)N3CCC4(Cc5c(N)ccc(=O)n5C4)C(=O)O3)CC2)cc1,1,0.7325397,0.7325,0.6640190,0.6640,0.9599459,465.5100,88
42.0684,51.1623,11.3920,0.5212866,CN(C)S(=O)(=O)NC1OC(CO)CC1CNn1nnc(-c2ccccc2)n1,1,0.4762264,0.4762,0.5164791,0.5165,0.9999208,397.4610,88
25.8100,28.8357,25.7939,0.4552466,COC(=O)c1ccccc1Nc1nccc(Nc2cc(C)cc(C)c2)n1,1,0.3647766,0.3648,0.6670212,0.6670,0.9999992,348.4060,89
29.6199,37.5723,47.9432,0.7126295,Cc1ccc(S(=O)(=O)N2CCC(NC(=O)c3nnc(-c4ccc(F)cc4)s3)CC2)cc1,1,0.7055521,0.7056,0.6311515,0.6312,0.9742423,460.5560,89
30.4332,35.4835,37.1175,0.6050084,CNc1ncc(C)c(NCc2cn(CCOc3ccccc3)nn2)n1,1,0.5518194,0.5518,0.6494084,0.6494,0.9999996,339.4030,89
29.4499,31.0222,1.3526,0.2697904,CCC(C)(Nc1cnc2cc(C)c(C)cc2n1)C(=O)O,1,0.1588114,0.1588,0.8954656,0.8955,0.9999883,273.3360,89
38.8395,43.4880,12.3419,0.4652493,O=C(O)Nc1cnc2[nH]cc(CNC(=O)Nc3ccc(F)c(F)c3)c2c1,1,0.4109651,0.4110,0.4899052,0.4899,0.9999971,361.3080,89
33.5035,36.8271,45.9609,0.6898996,O=C(Cc1ccccc1[N+](=O)[O-])Nc1cccc(C(=O)NN2CCCC2)c1,1,0.6802112,0.6802,0.6021122,0.6021,0.9999946,368.3930,89
30.0666,34.3766,-1.5798,0.2733068,Cc1ccc(CC(=O)Nc2ccc(OCc3nc(C(=O)O)cs3)cc2)cc1C,1,0.1793455,0.1793,0.6242394,0.6242,0.9999278,396.4680,89
40.5189,49.2754,-27.6903,0.1798757,Cc1cc(CNC(=O)c2sc(-n3cccc3)nc2C)nc(N2CCN(C)C(C)(C)C2)c1,1,0.0970950,0.0971,0.6613523,0.6614,0.9965124,438.6010,89
30.4541,34.2930,-29.8450,0.0370660,Cc1cc(N=NNc2ccccc2S(N)(=O)=O)on1,1,0.0102024,0.0102,0.6522512,0.6523,0.9999944,281.2970,89
35.7780,43.1127,46.4326,0.7462107,CN1CC2CCC(C1)N2Cc1cc(O)c2cc(-c3ccc(F)cc3)c(O)cc2c1,1,0.7299365,0.7299,0.6963386,0.6963,0.9999500,392.4740,89
32.6258,35.7414,-9.5024,0.2186585,Cc1cc(C)c2nc(NC(=O)COc3ccc(NC(=O)C(C)(C)C)c(C)c3)sc2c1,1,0.1327349,0.1327,0.5869658,0.5870,0.9989488,425.5540,89
40.9256,45.1315,-23.0401,0.1840957,CN1CCN(c2ccccc2)CC1CN(C)S(=O)(=O)c1ccc(Cc2ccc(F)cc2)cc1,1,0.1076556,0.1077,0.5294372,0.5294,0.9518108,467.6100,89
59.8960,68.7356,-6.9242,0.5150948,Cc1ccc(CNC(=O)C(O)OC(=O)COc2ccccc2N(OCON)C(=O)O)cc1F,1,0.6080247,0.6080,0.2119538,0.2120,0.9526652,467.4060,89
35.9203,45.3612,24.2708,0.5802666,Cc1cccc(NC(=O)Oc2cc(-n3cncc3CO)ccc2O)c1C,1,0.5155484,0.5155,0.6686441,0.6686,0.9999986,353.3780,89
41.0693,48.7195,10.1223,0.4903483,CCOC(=O)Nc1nc(=O)ccn1Cc1ccc(-c2ccnc(C)n2)o1,1,0.3927800,0.3928,0.7464509,0.7465,0.9999984,355.3540,89
47.2519,56.2626,-28.6641,0.2299873,CC12CCC(c3noc(CO)n3)C1OC1NC(=O)N(c3ccc(C(F)(F)F)cc3)C12,1,0.1312431,0.1312,0.7860623,0.7861,0.9990565,424.3790,89
32.6134,39.2478,18.8231,0.4839242,Cc1ccccc1S(=O)(=O)Nc1c(F)cccc1Cc1nc(-c2ccc(Cl)cc2)no1,1,0.4530933,0.4531,0.4282375,0.4282,0.9796928,457.9140,89
33.1853,44.1912,21.2363,0.5452296,Cc1ccc(CN(C2CN(c3cc(-c4ccc(C)cc4)[nH]n3)C2)S(=O)(=O)c2ccc(F)cc2)cc1,1,0.5745012,0.5745,0.3996296,0.3996,0.7037883,490.6040,89
35.2185,45.8614,11.3626,0.4768670,Cc1ccc(C)c(S(=O)(=O)NCCc2sc(-c3cc(F)ccc3F)nc2-c2ccc(F)cc2)c1,1,0.5331583,0.5332,0.3356353,0.3356,0.4408030,502.5830,89
26.8791,35.9349,40.4489,0.6365316,Cc1ccc(C(=O)NNc2nc(Nc3ccccc3C)nc(Nc3c(C)cccc3C)n2)cc1,1,0.7562777,0.7563,0.2797087,0.2797,0.9863221,453.5500,89
30.1685,29.0637,-10.3277,0.1561329,CN(C)S(=O)(=O)c1cccc(C(=O)NN=Cc2cccc(I)c2)c1,1,0.0901771,0.0902,0.4254451,0.4254,0.9808000,457.2930,89
27.5521,42.4478,-20.4784,0.1830782,Cc1ccc(S(=O)(=O)Nc2ccc(OC3CN(c4ccc(NS(C)(=O)=O)cc4)C3)cc2)c(C)c1,1,0.1212473,0.1212,0.4872569,0.4873,0.4625381,501.6300,89
36.0607,40.7110,22.1580,0.5239081,COCC1(CNS(=O)(=O)c2ccc([N+](=O)[O-])cc2)CCCN1S(=O)(=O)c1ccccc1,1,0.5075711,0.5076,0.4363036,0.4363,0.9429658,469.5410,89
54.1809,59.7782,-28.6360,0.2595175,O=C(C1CN2c3cc4ccccc4cc3OC2CN1Cc1ccccn1)N1CCN(c2ccc(Cl)cc2)C1=O,1,0.3280864,0.3281,0.3721441,0.3721,0.0244527,540.0230,89
31.5249,37.2901,16.6666,0.4496388,CC(c1ccnn1C)N1C(=O)NC2(Cc3ccccc3N2)C1=O,1,0.3376410,0.3376,0.8217234,0.8217,0.9999996,311.3450,89
39.9036,50.2717,19.7012,0.5831070,Cc1ccc(Nc2nccc(N3CCN(S(=O)(=O)N4CCNCC4c4nccn4C)CC3)n2)cc1C,1,0.6806941,0.6807,0.5133005,0.5133,0.2547271,511.6560,89
27.6796,38.1371,45.4920,0.6969092,Cc1cccc(S(=O)(=O)N2CCC3(CC2)CSC(Nc2cc(C)ccn2)=N3)c1,1,0.6297494,0.6297,0.8296477,0.8296,0.9995401,416.5720,89
26.4869,36.6634,-17.4683,0.1599595,O=C(O)c1cccc(Nc2ccc(C(=O)Nc3ccc(-c4ccc(=O)[nH]n4)cc3)cc2)c1,1,0.0970873,0.0971,0.3674756,0.3675,0.9988603,426.4320,89
40.1038,42.2198,-19.3657,0.1904505,Cc1ccc(COc2cccc(NC(=O)c3cc(-c4nc5ccccc5s4)c(C)o3)c2)cc1,1,0.1322871,0.1323,0.2998311,0.2998,0.9850209,454.5510,89
33.7289,33.6543,-17.1881,0.1372185,CN1COC2(CCN(C(=O)Cc3ccc(F)cc3)CC2)NC1=O,1,0.0604944,0.0605,0.8934298,0.8934,0.9999999,321.3520,89
30.5536,37.9223,25.8319,0.5312850,O=C1CN(c2ccc(NC(=O)Nc3cc(C(=O)O)cc([N+](=O)[O-])c3)cc2)CCN1,1,0.5116192,0.5116,0.4419207,0.4419,0.9999057,399.3630,89
35.7242,41.4055,-16.7626,0.2053581,O=C(Nc1ccc(Cl)cc1)Nc1ccc(OC2OC(S(=O)(=O)O)C(O)C(O)C2O)cc1,1,0.1431067,0.1431,0.3453180,0.3453,0.9100379,474.8750,89
36.2714,46.8818,-26.6123,0.1689123,Cc1ccccc1NC(=O)N1CCN(C2=NN3CCC(O)(c4ccccc4)C3N2)CC1,1,0.0875863,0.0876,0.6917088,0.6917,0.9993387,420.5170,89
26.7611,34.7089,31.9493,0.5554850,O=C(O)c1ccc(CN2CCN(Cc3cc(O)c(O)c4ccccc34)CC2)cc1,1,0.5049204,0.5049,0.5782189,0.5782,0.9999501,392.4550,89
33.0893,37.5924,42.1737,0.6647179,Cc1ccc(-c2nc(-c3ccc(F)cc3)cc(N3CCS(=O)(=O)CC3)c2C#N)cc1,1,0.6339987,0.6340,0.6397858,0.6398,0.9992763,421.4970,89
34.0526,35.3414,42.6594,0.6500065,Cc1cc(C(=O)NCC(=O)N2CCC(Nc3ccc(C#N)cc3)CC2)c(C)o1,1,0.5698322,0.5698,0.8307642,0.8308,0.9999835,380.4480,89
24.2664,34.0691,38.3598,0.6035738,Cc1ccc(Nc2nc(NCc3cccc(C)c3)cc(Nc3ccc(C)cc3C)n2)cc1,1,0.6827641,0.6828,0.3047156,0.3047,0.9991246,423.5640,89
40.0628,42.8511,33.2016,0.6337720,N#CC1=CC(n2cnc3c(NCc4ccc(Cl)c(F)c4)ncnc32)OC1,1,0.5641521,0.5642,0.7581932,0.7582,0.9999932,370.7750,89
31.9287,36.1070,29.6575,0.5480379,COC(=O)c1csc(NC(=O)COC(=O)c2ccc3c(c2)CCO3)n1,1,0.4503139,0.4503,0.8067703,0.8068,0.9999969,362.3630,89
28.1257,34.4910,61.7257,0.8018057,Cc1cc(C)cc(NC(=O)c2cn(Cc3cccc(C(=O)O)c3)nn2)c1,1,0.7957385,0.7957,0.7373092,0.7373,0.9999990,350.3780,89
36.2476,47.0700,-5.0939,0.3498008,Cc1cc(NC(=O)NC(Cc2cccs2)(CN2CCNCC2)C(=O)O)ccc1F,1,0.2643565,0.2644,0.5515475,0.5515,0.9993392,420.5100,89
33.7059,38.6774,-20.3343,0.1528592,O=S(=O)(c1ccc(Cl)cc1)N1CC2C(=N1)C=CC2O,1,0.0705887,0.0706,0.8930662,0.8931,0.9999989,298.7510,89
28.2987,40.3665,-23.4447,0.1410157,CCOc1ccc(NC(=O)COc2ccc(NS(=O)(=O)c3ccc(F)cc3)cn2)cc1OC,1,0.0770582,0.0771,0.4614146,0.4614,0.9052285,475.4980,89
61.3715,66.9306,-25.9757,0.3412904,CC=CC=C(C)C(=O)OCC12Cc3cc(O)ccc3CC1(C)NS(=O)(=O)C2F,1,0.2699779,0.2700,0.4529220,0.4529,0.9997606,409.4790,89
27.3222,34.0246,40.8031,0.6235640,CC1(Cc2ccc(F)cc2)NC(=O)N(NC(=O)c2cc3c(s2)CCC3)C1=O,1,0.5444286,0.5444,0.7918064,0.7918,0.9999686,387.4360,89
31.0153,35.8337,42.1410,0.6497892,Cc1cccc(OCC(=O)NNC(=O)CN2CC3(CCCC3)NC2=O)c1C,1,0.6046899,0.6047,0.6737516,0.6738,0.9999905,374.4410,89
30.8082,36.0460,-4.4712,0.2631231,Cc1cccc(-c2cccc3[nH]c(Nc4ncccc4N)nc23)c1,1,0.1782405,0.1782,0.5275610,0.5276,0.9999998,315.3800,89
31.7622,39.5400,-19.0849,0.1704587,Cc1noc(C)c1C(=O)N1CCN(c2ccc(C(=O)NCCN3CCN(C)CC3)cn2)CC1,1,0.0894706,0.0895,0.6773452,0.6773,0.9835817,455.5630,89
27.4439,28.5508,-16.4179,0.1011075,C1=CN2C(=NC3N=NN=NC32)N=C1,1,0.0459034,0.0459,0.5344127,0.5344,0.9102639,175.1550,89
30.0233,35.6377,42.0421,0.6473316,Cc1cccc(CN2C(=O)c3ccccc3C2C(=O)Nc2ccc(C)c(C)c2)c1,1,0.5968473,0.5968,0.6920188,0.6920,0.9999760,384.4790,89
36.0699,30.5534,-26.1592,0.0366184,Cc1nc(CCNC(=O)c2ccc3ccsc3c2)no1,1,0.0094571,0.0095,0.8004587,0.8005,0.9999968,287.3440,89
43.9720,51.4529,13.4307,0.5406968,COc1ccc(CNc2cc(C(=O)N(C)CC3CCN3)cc(-n3ccnc3)n2)cc1O,1,0.5035763,0.5036,0.5101675,0.5102,0.9992071,422.4890,89
37.7351,38.8272,47.3183,0.7178793,Cc1cccc(C(=O)Nc2ccc(NC(=O)C3CC(=O)Nc4ccccc43)c(Cl)c2)n1,1,0.7324898,0.7325,0.5675322,0.5675,0.9975212,434.8830,89
28.3631,35.6783,40.3422,0.6335046,Cc1cccc(NC(=O)Nc2ccc(-c3nc(NCc4ccncc4)cc(=O)[nH]3)cc2)c1,1,0.6947853,0.6948,0.3651912,0.3652,0.9988553,426.4800,89
28.8068,28.8261,22.8017,0.4302317,O=C(CCCC1CC1)NC1CCN(C(=O)Nc2ccccc2)CC1,1,0.3149997,0.3150,0.8402849,0.8403,0.9999998,329.4440,89
49.7154,57.5733,-25.9379,0.2636283,COc1ccc(S(=O)(=O)N2Cc3ccc(-c4cc(C)ccc4O)cc3CN3CC3C2)cc1OC,1,0.1796037,0.1796,0.5603297,0.5603,0.8566936,480.5860,89
37.1267,42.4580,21.3121,0.5314175,Cc1cc(S(N)(=O)=O)c(C)cc1C(C)NCc1c(C)nn(C)c1Cl,1,0.4251885,0.4252,0.8455619,0.8456,0.9999931,370.9060,89
33.5831,34.9381,4.7406,0.3306556,Nc1c(Cl)cc(NC(=O)N2CCCC2CC(=O)O)cc1Cl,1,0.2241380,0.2241,0.7414385,0.7414,0.9999998,332.1870,89
38.8648,47.7297,37.3249,0.7087880,Cc1cc(C)cc(OCCCN2CSc3nnc(NC(=O)O)c(=O)n3C2)c1,1,0.6715029,0.6715,0.7209815,0.7210,0.9999545,391.4530,89
53.9642,53.8669,-15.4783,0.3199051,CN(C(=O)c1cccs1)C1CCN(c2nc3ccccc3cc2CN2NC(C)(C)c3cc(Cl)ccc32)CC1,1,0.5033784,0.5034,0.3121420,0.3121,0.0140684,546.1400,89
26.1397,29.1836,10.3643,0.3295662,CCN(CC)C(=O)OCc1nc2sc(C)c(C)c2c(=O)[nH]1,1,0.2083606,0.2084,0.9415835,0.9416,0.9999996,309.3910,89
51.6672,55.4474,-55.4474,0.0000000,c1(N2Cc3nc(nc(N4[C@H](CCN(C)C)CC4)c3CC2)OC[C@@H]23N(C[C@H](F)C2)CCC3)cccc(Cl)c1C(F)(F)F,0,0.0000000,0.0000,0.0000000,0.0000,0.0000000,0.0000,89
34.1770,41.2279,-26.6780,0.1212484,CNc1ncc(Br)cc1C(=O)NN1CC2CC1CN2,1,0.0531307,0.0531,0.7580053,0.7580,0.9999999,326.1980,89
37.0526,46.1806,13.9323,0.5009411,Cc1ccccc1Nc1cc(NC(C(=O)NC2CC2)c2ccc(Cl)cc2)nc(NN)n1,1,0.5430382,0.5430,0.2677569,0.2678,0.9967192,437.9350,89
33.8262,39.2332,-15.4827,0.1979209,Cc1ccccc1C(C)NC(=O)CS(=O)(=O)N1CCN(C(=O)c2ccc(F)cc2)CC1,1,0.1080709,0.1081,0.7348533,0.7349,0.9920962,447.5320,90
31.4461,40.2851,31.3378,0.5968571,Cc1ccc(Oc2ccc(NC(=O)N3CC(N)CO3)cc2)c(C)c1,1,0.4918956,0.4919,0.9073953,0.9074,0.9999999,327.3840,90
34.5057,46.1397,3.5039,0.4136964,COc1ccc2c(c1)C(=O)N(C(=O)CC1(N)CCCN(S(=O)(=O)c3cc(C)ccc3C)C1)C2,1,0.3148193,0.3148,0.7169489,0.7169,0.9319901,471.5790,90
32.7225,44.2469,14.4552,0.4891842,CN(C)c1cc(N(C)C2CCS(=O)(=O)C2)nc(C(=O)N2CCN(C(=O)C3CCCO3)CC2)n1,1,0.4352520,0.4353,0.5563796,0.5564,0.8566370,480.5910,90
40.9228,45.5248,17.0774,0.5216850,CC(=O)N1CCC(O)(C(=O)Nc2ccc(C(=O)N3CCC(N)C3)cc2)C1,1,0.4390140,0.4390,0.6892357,0.6892,0.9999974,360.4140,90
31.4677,34.3479,16.2845,0.4219368,O=C(Nc1ccc(F)cc1)c1cnn2c(C(F)(F)F)cc(C(=O)N3CCN(c4ncccn4)CC3)nc12,1,0.4678720,0.4679,0.4174425,0.4174,0.2091182,514.4430,90
38.8417,43.6965,15.5367,0.4936097,Cc1cc(C)cc(CSc2nc3ccccc3c(=O)n2CC(=O)N2CCC3CCC2N3)c1,1,0.4511825,0.4512,0.4770726,0.4771,0.9912927,448.5920,90
34.0802,41.1912,-14.0505,0.2261723,Cc1cc(NCc2cn(C)cc2Cl)nc(Nc2cc(C)[nH]n2)n1,1,0.1341946,0.1342,0.6685357,0.6685,0.9999998,331.8110,90
33.6378,39.9833,31.5690,0.5962689,NC(=O)c1cccc(Nc2ncc(-c3ccc(F)c(Br)c3)nc2Cl)c1,1,0.5408954,0.5409,0.6478490,0.6478,0.9992656,421.6570,90
27.0578,33.4111,51.7629,0.7097828,Cc1ccc(CNC(C)C(=O)Nc2cc(C(=O)O)ccc2C)cc1,1,0.6623029,0.6623,0.7619548,0.7620,0.9999999,326.3960,90
32.4873,42.1014,-36.3617,0.0478313,NC(C=Cc1nc2ccccc2[nH]1)=NNc1nc(-c2ccc(F)cc2)cs1,1,0.0187892,0.0188,0.2753490,0.2753,0.9999863,378.4360,90
36.9238,54.4523,-33.5211,0.1744264,O=C(c1cccc(NC(=O)N(C2=NS(=O)(=O)C2)c2cccc(Cl)c2)c1)N1CCCCC1,1,0.0898227,0.0898,0.7534930,0.7535,0.9733326,460.9430,90
39.6840,46.3026,4.6171,0.4243304,CC1(C)CCOP(=O)(N2CCN(c3cc(F)ccc3NC=O)CC2)N1,1,0.3358811,0.3359,0.6264304,0.6264,0.9999935,370.3650,90
34.1805,36.6833,53.3052,0.7499047,COc1ccc(C(=O)Nc2cccc(C)c2C)cc1COc1ccc([NH+]([O-])O)cc1,1,0.7991278,0.7991,0.5199012,0.5199,0.9997822,408.4540,90
43.1798,49.8246,22.1087,0.5994442,Cn1cnnc1S(=O)(=O)CC(O)(Nc1ccc(C(N)=O)cc1)c1cccc(Cl)c1,1,0.5957922,0.5958,0.4747921,0.4748,0.9972802,435.8930,90
33.7168,38.9250,48.4025,0.7277295,Cc1ccc(S(=O)(=O)Nc2ccccc2CC(=O)N2CCN(c3nnns3)CC2)cc1,1,0.7367160,0.7367,0.6012131,0.6012,0.9784572,458.5690,90
36.3514,42.8533,20.9636,0.5318071,CC(NC(=O)c1ccccc1OS(=O)(=O)N(C)C)C(=O)Nc1ccc(N2CCN(C)CC2)cc1,1,0.4974508,0.4975,0.5763101,0.5763,0.7227333,489.5980,90
26.4082,31.6043,30.0135,0.5134813,CC1(c2cccc(F)c2)NC(=O)N(NC(=O)c2ccc(F)cc2)C1=O,1,0.4061185,0.4061,0.8362545,0.8363,0.9999993,345.3050,90
40.1196,41.5097,-24.9877,0.1376829,COC(=O)CC1(COCc2ccccc2)COC2(NCCO2)OC1,1,0.0632571,0.0633,0.7771757,0.7772,0.9999997,337.3720,90
43.1727,45.6523,30.4109,0.6338594,NS(=O)(=O)NC1CN2CC(Cc3ccnc4ccccc34)OCC2C(O)C1O,1,0.6371858,0.6372,0.4955424,0.4955,0.9997817,408.4800,90
38.6620,44.9607,28.1669,0.6093965,Cc1nccn1-c1cccc(Nc2nccc(-c3ccc(OC4CC(N)C4)c(C#N)c3)n2)c1,1,0.6132285,0.6132,0.4661307,0.4661,0.9968457,437.5070,90
35.7106,42.5160,10.7192,0.4436269,O=C(NN1CC2(CCN(S(=O)(=O)c3ccc(F)cc3)CC2)NC1=O)c1nccc2ccccc12,1,0.3742895,0.3743,0.5914446,0.5914,0.8201559,483.5250,90
49.3888,48.7628,13.0773,0.5153336,O=P1(OCc2ccc(Sc3ccccn3)cc2)OC2CN(CC(F)(F)F)CC2O1,1,0.4482234,0.4482,0.6050097,0.6050,0.9928817,446.3870,90
30.3898,34.3535,42.0359,0.6365780,NC(=O)c1cccc(N2CCN(CC(=O)Oc3ccc(F)cc3)CC2)c1,1,0.5931219,0.5931,0.6505114,0.6505,0.9999980,357.3850,90
53.0411,54.0952,-28.0083,0.2173908,Cn1cc(CCN2CCC3C(C2)C3Oc2ccc3c4c2ccc(=O)n4CC3)cn1,1,0.1267079,0.1267,0.6705045,0.6705,0.9999583,390.4870,90
35.2790,45.2786,6.0401,0.4276556,CCCCCOc1ccc(NC(=O)NC2CN(c3ccc(C)cc3)C2)c(O)c1,1,0.3687412,0.3687,0.4698393,0.4698,0.9999781,383.4920,90
31.7433,36.6830,43.4046,0.6673970,Cc1nc(Nc2ccc(NS(=O)(=O)c3cc4ccccc4nc3Cl)cc2)cc(N2CCCC2)n1,1,0.8070455,0.8070,0.3581469,0.3581,0.6129621,495.0080,90
34.8715,43.9997,30.7041,0.6225314,Cc1ccc(-n2nc(C(=O)Nc3nc(-c4ccc(N)cc4O)cs3)cc2-c2cccnc2)cc1,1,0.7118663,0.7119,0.3155531,0.3156,0.9477172,468.5420,90
32.6220,41.5768,23.8044,0.5448431,Nc1ncc(Br)cc1Oc1ccc(Nc2cc(-n3ccnc3)ncn2)nc1,1,0.5119749,0.5120,0.5002753,0.5003,0.9989778,425.2500,90
33.9764,41.3375,-26.7893,0.1212354,CN1CCN(C)C(CC(N)c2ccc(O)c(C(=O)O)c2)C1,1,0.0531242,0.0531,0.7579208,0.7579,0.9999982,293.3670,90
27.8122,35.1180,26.6700,0.5149002,COc1ccc(-c2nnc(Sc3cc(-n4ccnc4)nc(C)n3)n2N)cc1OC,1,0.5122147,0.5122,0.3763484,0.3763,0.9997379,410.4630,90
38.2215,37.5178,17.7656,0.4606952,CCCc1cc(C(=O)NC(Cc2c[nH]c3ccccc23)C(=O)O)n(Cc2ccccc2)c1,1,0.4396328,0.4396,0.3686225,0.3686,0.9984859,429.5200,90
32.1872,34.5196,21.1112,0.4635898,O=C1CN(S(=O)(=O)c2ccc(Cl)cc2Cl)CCN1c1ccc(Cl)cn1,1,0.3600331,0.3600,0.7649218,0.7649,0.9993272,420.7050,90
43.1013,41.1775,-31.1224,0.0837926,CCC(CNC)c1noc(C2CNOC2)n1,1,0.0313566,0.0314,0.7569495,0.7569,0.9991120,226.2800,90
31.9457,36.7019,44.6914,0.6782774,Cc1ccc(S(=O)(=O)N2CCN(C(=S)NNC(=S)Nc3ccccc3C)CC2)cc1C,1,0.7293050,0.7293,0.4602682,0.4603,0.8865179,477.6810,90
36.5985,45.6268,21.6631,0.5607493,O=C(CNC(=O)c1ccc(S(=O)(=O)N(O)CC(F)(F)F)cc1)Nc1ccc(N2CCC2)cc1,1,0.5554461,0.5554,0.4926036,0.4926,0.7766026,486.4720,90
36.9229,42.2767,41.2645,0.6961767,Cc1ccccc1-c1nc(O)c(COc2cccc(-c3ccc(C#N)cc3)c2)s1,1,0.7481121,0.7481,0.4515783,0.4516,0.9999130,398.4870,90
41.6483,49.6976,26.9048,0.6383527,CN(C)C1=NN2C(=NCC2c2cccc(Oc3ccc(NC(=O)O)cn3)c2)S1,1,0.5583924,0.5584,0.8147680,0.8148,0.9999133,398.4480,90
27.4883,36.8289,-16.2237,0.1717094,COc1ccc(C)cc1NC(=O)Nc1nc(-c2ccc(NS(=O)(=O)c3ccc(C)cc3)cc2)cs1,1,0.1359533,0.1360,0.2887803,0.2888,0.3112264,508.6250,90
37.1146,47.0309,15.0882,0.5176588,COc1ccc(NC(=O)c2cccc(Nc3nc(S(=O)(=O)N(C)C)cn3C)n2)cc1OC,1,0.4715551,0.4716,0.5229983,0.5230,0.9743346,460.5160,90
29.4417,30.2539,9.0938,0.3278975,CS(=O)(=O)N(CC(=O)NN=Cc1ccc(O)c(Cl)c1)c1cccc(C(F)(F)F)c1,1,0.2450583,0.2451,0.5228494,0.5228,0.9902442,449.8380,90
28.2709,32.6652,38.9147,0.5964992,Cc1ccc(-c2nnco2)cc1NC(=O)COc1ccc(O)cc1,1,0.5192867,0.5193,0.7483837,0.7484,0.9999999,325.3240,90
24.1869,25.3285,47.7679,0.6091362,Cc1ccc(S(=O)(=O)Nc2ccc(C(=O)Nc3cccnc3)cc2)cc1,1,0.5403900,0.5404,0.7229321,0.7229,0.9999950,367.4300,90
42.0863,48.9325,19.4312,0.5696971,COc1cc(Cn2nc(-c3cc4c(c(N5CCNCC5)c3)NCC4)ccc2=O)cc(OC)c1,1,0.5184451,0.5184,0.6004603,0.6005,0.9920912,447.5390,90
25.2572,33.6556,40.2239,0.6156626,Cc1ccc(S(=O)(=O)Nc2ccc(N3COc4ccccc4C3)cc2)cc1C,1,0.5515793,0.5516,0.7097395,0.7097,0.9999398,394.4960,90
28.6229,34.5995,-8.3017,0.2191489,O=C(NC(=O)c1cccc(Br)c1)Nc1cccc(C(=O)Nc2ccc(F)cc2)c1,1,0.1376342,0.1376,0.5272163,0.5272,0.9824947,456.2710,90
47.5261,56.9878,-37.6481,0.1611638,COC1=c2ncnc(Nc3ccccc3)c2=C2N=CC=C(N=C1)N(CS(=O)(=O)O)N2,1,0.0875232,0.0875,0.5485018,0.5485,0.9987489,427.4460,90
33.8788,47.2333,42.2405,0.7456149,Cc1ccc(-c2cc(NN3C(=O)NC4(CCN(S(=O)(=O)N(C)C)CC4)C3=O)n[nH]2)cc1,1,0.7675199,0.7675,0.5840910,0.5841,0.9921042,447.5210,90
37.1215,49.4043,8.8683,0.4856049,Cc1ccccc1C(=O)N(CC(=O)Nc1ccncc1)C1CCN(C(=O)c2cnccn2)C1,1,0.4080004,0.4080,0.6243202,0.6243,0.9940132,444.4950,90
43.1765,55.4543,-41.4576,0.1166395,COc1cc(CO)cc(Br)c1Nc1ccc(C2CC(=O)OC(c3ccc(C)cc3)O2)cc1,1,0.0648237,0.0648,0.4246320,0.4246,0.5373935,498.3730,90
38.5149,41.4652,38.4487,0.6659488,CN1CCC(Nc2nccc(Oc3ccc(NC(=O)Nc4ccc[nH]c4=O)cc3F)n2)CC1,1,0.7034912,0.7035,0.4516166,0.4516,0.9864113,453.4780,90
31.3676,42.3956,44.6931,0.7257385,Cc1ccc(CS(=O)(=O)Nc2cccc(N3CC(=O)N(Cc4cccc(F)c4)C3=O)c2)cc1,1,0.7631064,0.7631,0.5314876,0.5315,0.9521811,467.5220,90
44.1617,49.4699,-11.1238,0.3195512,CNC(=O)c1ccc(Nc2ccnc3c(C)c(OC(=O)NCCNc4ccc(C)cc4)ccc23)cc1,1,0.2968250,0.2968,0.2583283,0.2583,0.8195165,483.5720,90
35.5364,39.7654,33.8189,0.6132030,Cc1ccc(C)c(C(=O)Nc2nnc3n(Cc4ccc(F)cc4)ncn23)c1,1,0.5743249,0.5743,0.6039079,0.6039,0.9999962,364.3840,90
40.1149,42.5759,12.8654,0.4620108,CN(C)Cc1ccccc1Nc1cc2cc(C(=O)O)ccc2n1Cc1cccc(Cl)c1,1,0.4364346,0.4364,0.3837406,0.3837,0.9977272,433.9390,90
27.7885,31.5409,56.0939,0.7302895,Cc1nnc(-c2cccc(NC(=S)Nc3cccc4ccccc34)c2)o1,1,0.7775976,0.7776,0.5009954,0.5010,0.9999974,360.4420,90
32.9789,45.9572,40.1495,0.7175553,COc1cccc(NS(=O)(=O)c2cnc(NC(=O)C3CCN(C(=O)c4ccc(C)cc4)C3)s2)c1,1,0.8346011,0.8346,0.5137111,0.5137,0.4861422,500.6020,90
31.3924,42.0129,35.5777,0.6465877,CN(C)c1nc(NC(=O)c2ccccc2O)sc1-c1ccc(S(N)(=O)=O)cc1,1,0.6253947,0.6254,0.5844091,0.5844,0.9994507,418.5000,90
34.8797,43.5832,43.4347,0.7251493,Cc1cc(-c2ccccc2)n2ncc(-c3noc(C4NNC5CCNCC54)n3)c2n1,1,0.7806196,0.7806,0.4771186,0.4771,0.9998746,402.4620,90
29.2081,30.4836,-22.5730,0.0659220,Cc1cc(C)nc(NC(=O)CSC2c3ccccc3-c3ccccc32)n1,1,0.0223887,0.0224,0.7413988,0.7414,0.9999971,361.4700,90
26.1227,31.8436,38.9347,0.5898194,NNC(=O)c1cc(Cl)ccc1OCc1nc(-c2cccs2)no1,1,0.6042338,0.6042,0.4162728,0.4163,0.9999989,350.7870,90
32.0506,36.7690,30.2109,0.5581653,CC(=O)NC1=NN(C(=O)c2cnc3ccccc3n2)C1,1,0.4604511,0.4605,0.8178533,0.8179,0.9999830,269.2640,90
32.9460,42.1677,24.9387,0.5592198,Nc1nc(Nc2ccccc2)nc(N)c1C(=O)OCC(=O)NC1CC2CCC1C2,1,0.5194875,0.5195,0.5412720,0.5413,0.9999279,396.4510,90
35.2246,39.9103,-7.8155,0.2674567,O=Nc1ccc(Cl)cc1C(=O)Nc1cccc(C(=O)N2CCNC(=O)CC2)c1,1,0.1638386,0.1638,0.7688365,0.7688,0.9998922,400.8220,90
44.5087,47.5384,44.8542,0.7699383,O=C1OC2CCN(C(=O)c3ccn[nH]3)CC2C2ON=C(c3ccc(F)cc3)C12,1,0.7365922,0.7366,0.7888416,0.7888,0.9999763,384.3670,91
32.6323,48.8076,37.3279,0.7177961,Cc1c(S(=O)(=O)NNC(=O)Nc2ccccc2C(N)=O)c(C)n(C)c1C,1,0.7284022,0.7284,0.5777092,0.5777,0.9999849,379.4420,91
32.2046,39.4924,27.8140,0.5608872,Cc1cc2c(c(S(=O)(=O)N3CCN(c4nsc5ncccc45)CC3)c1)OCCC2,1,0.4983015,0.4983,0.6360872,0.6361,0.9983348,430.5550,91
31.5710,39.7700,46.2634,0.7169448,COc1cc(CN2CCCC2)nc(NS(=O)(=O)c2ccc(NC(=O)c3ccc(C)cc3)cc2)n1,1,0.7733500,0.7734,0.5065897,0.5066,0.8451070,481.5780,91
37.1736,49.0830,-6.6002,0.3540235,Cc1cccc(S(=O)(=O)N2C(=O)N(c3ccc(F)cc3C)C(C)c3cc(N(C)C)ccc32)c1,1,0.2761319,0.2761,0.5151509,0.5152,0.9519962,467.5660,91
31.1542,34.3831,45.0738,0.6621411,O=C(NCCc1ccccc1)N1CCN(C(=O)c2cccc(-c3ccn[nH]3)c2)CC1,1,0.6176453,0.6176,0.6873782,0.6874,0.9998621,403.4860,91
27.0825,33.9411,44.9524,0.6574456,O=C(Nc1ccc(F)cc1)Nc1sc(-c2ccc(F)cc2)nc1C(=O)O,1,0.6270737,0.6271,0.6290518,0.6291,0.9999897,375.3560,91
33.0690,33.9233,-16.5592,0.1447008,Cc1ccncc1NCCc1ccc(C(=O)O)cc1[N+](=O)[O-],1,0.0721979,0.0722,0.6273637,0.6274,0.9999991,301.3020,91
34.2622,39.0445,27.4317,0.5539686,Cc1cccnc1C(=O)N1CCC(C(=O)NNC(=O)c2ccco2)C1,1,0.4572853,0.4573,0.8068083,0.8068,0.9999995,342.3550,91
36.4721,43.5334,33.8320,0.6447123,Cc1nc(Nc2ccc(F)cc2)nc(-c2c(NS(C)(=O)=O)oc3ccccc3c2=O)n1,1,0.6578989,0.6579,0.4833457,0.4833,0.9954732,441.4440,91
33.4234,35.1177,12.3706,0.3957360,COc1cc2c(cc1O)C(c1cc(F)ccc1O)c1ccccc1C=C2,1,0.3170101,0.3170,0.5410931,0.5411,0.9999992,348.3730,91
32.3750,40.0224,21.7650,0.5148950,NS(=O)(=O)c1ccc(OCc2ccc(C3=NNC(=O)SC3)cc2)c([N+](=O)[O-])c1,1,0.4638481,0.4638,0.5326593,0.5327,0.9992104,422.4440,91
31.8488,40.3958,-16.6536,0.1978514,Cc1cc(C(=O)N2Cc3c(N)cccc3CC2C)cc(-n2cnnn2)c1,1,0.1086668,0.1087,0.7167304,0.7167,0.9999992,348.4100,91
32.2741,33.7203,-10.5792,0.1928428,CC(Sc1nnnn1-c1cccc2nsnc12)C(=O)NC1CCCC1,1,0.1062277,0.1062,0.6826341,0.6826,0.9999896,375.4830,91
29.9830,37.1341,50.9466,0.7340060,Cc1ccc(-c2noc(CN3CCN(Cc4ccc5c(c4)CN(C)C5=O)CC3)n2)cc1,1,0.7316868,0.7317,0.6360169,0.6360,0.9994985,417.5130,91
44.6432,47.7120,-22.9905,0.2060126,Cc1cc(N)c(F)cc1S(=O)(=O)N1CCC(O)(c2cccc(F)c2)C1=O,1,0.1121032,0.1121,0.7867026,0.7867,0.9999803,382.3880,91
41.5967,45.6189,-15.1549,0.2538671,Cc1nc2c(n1C)CN(Cc1nccn1CC1CC1)C2C(C)O,1,0.1447672,0.1448,0.9134530,0.9135,0.9999998,315.4210,91
38.5071,43.4758,-13.6970,0.2481570,Oc1cccc2c(CNCC3(Cc4cccc(F)c4)CCN3)ccnc12,1,0.1552305,0.1552,0.6385773,0.6386,0.9999989,351.4250,91
44.6188,51.6344,2.3897,0.4502010,NC(=O)c1cccn1Cc1nc(CCNC(=O)N2CCN(C3CCS(=O)(=O)C3)CC2)no1,1,0.3853801,0.3854,0.5312727,0.5313,0.9598537,465.5360,91
47.1773,55.9253,-33.1987,0.1893883,O=C(Cn1cnc2c(sc3nc(O)cc(-c4cccc(Cl)c4)c32)c1=O)Nc1cc(I)ccc1O,1,0.5865097,0.5865,0.1968136,0.1968,0.0000642,604.8130,91
29.4996,42.7171,13.7921,0.4709102,Cc1ccc(C)c(NC(=O)N2CCN(c3cc(C)nc(NS(=O)(=O)c4ccc(N(C)C)cc4)n3)CC2)c1,1,0.5737876,0.5738,0.5076800,0.5077,0.1016116,523.6630,91
31.0844,34.0629,21.0840,0.4595576,COCCNc1ccn2nc(Nc3cccc(C)c3)nc2n1,1,0.3677414,0.3677,0.6796750,0.6797,0.9999988,298.3500,91
33.3338,49.2646,-31.8189,0.1453805,Cc1cccc(CN(C)C2CCN(C(N)=O)N2Cc2cc(C)ccc2C)c1,1,0.0659836,0.0660,0.8800478,0.8800,0.9999954,366.5090,91
34.7755,35.0221,29.2823,0.5358700,Cc1cc(C)n(CCOc2ccc(-c3cn[nH]c3N)cc2)c(=O)n1,1,0.4459022,0.4459,0.7463775,0.7464,0.9999999,325.3720,91
36.3833,43.5590,41.3814,0.7078371,Cc1ccc(S(=O)(=O)N2CCN3C(C2)C(=O)NC(=O)C3OC(=O)c2ccc(F)cc2)cc1,1,0.7365970,0.7366,0.5254356,0.5254,0.9720408,461.4710,91
27.3507,34.8533,19.1121,0.4497117,Cc1ccc(S(=O)(=O)Nc2cccc(C(=O)NN=Cc3cc(C)n(-c4cccc(C(=O)O)c4)c3C)c2)cc1,1,0.7372732,0.7373,0.2252563,0.2253,0.0563104,530.6060,91
36.2381,42.0587,26.8282,0.5740570,COc1cccc(C(=O)Nc2cccc(C3=CCCN3C(=O)Nc3ccc(C#N)cc3)c2)c1,1,0.5291132,0.5291,0.5795698,0.5796,0.9965487,438.4870,91
35.0218,37.4473,-17.1298,0.1693119,O=C(CN1CCN(Cc2ccc(-c3ccc(F)cc3F)cc2)CC1)NCCc1ccc(Cl)cc1,1,0.0992114,0.0992,0.5014486,0.5014,0.8137519,483.9900,91
29.2174,38.4265,-24.7752,0.1137612,Cc1nc(C)c(N2C(=O)N(C)NC2c2ccc(Cl)cc2)s1,1,0.0458894,0.0459,0.9203994,0.9204,0.9999999,322.8210,91
29.6864,31.5817,35.7572,0.5611580,COc1cc(COc2ccccc2)ccc1C(=O)NN=Cc1ccccc1C,1,0.5358332,0.5358,0.4941108,0.4941,0.9999905,374.4400,91
39.8249,46.2970,26.8866,0.6098633,O=C1CN(C(=O)Oc2cccc(-c3ccc(S(=O)(=O)NC4CC4)cc3)c2)CCO1,1,0.5357546,0.5358,0.7496878,0.7497,0.9995450,416.4550,91
25.1115,30.2224,-2.7100,0.2292701,Cc1ccc(S(=O)(=O)N(C)c2ccc(C(=O)NCc3ccc(-n4ccnc4)cc3)cc2)cc1,1,0.1535070,0.1535,0.4528517,0.4529,0.9742354,460.5590,91
27.1646,27.5873,16.2900,0.3656443,CC(=O)Nc1ccc2c(c1)S(=O)(=O)N(C)C(=O)N2,1,0.2542885,0.2543,0.7882320,0.7882,0.9999831,269.2820,91
31.2062,30.9757,22.4682,0.4453658,CCCNc1nc(-c2ccccc2)nc(Sc2ncc(C)cn2)c1F,1,0.3788234,0.3788,0.5236676,0.5237,0.9999983,355.4420,91
37.0302,45.3245,-5.6152,0.3309111,Cc1ccc(S(=O)(=O)NC(C)C(=O)Nc2c(C)cc3c(c2C)CO3)cc1C,1,0.2177028,0.2177,0.8242132,0.8242,0.9999654,388.4890,91
38.6369,43.9676,-20.3235,0.1970343,Cc1nc2sc3c(c2c(=O)n1-c1ccc(C(=O)NCc2ccc(F)cc2)cc1)CN(Cc1ccccc1)C3,1,0.1897616,0.1898,0.3256841,0.3257,0.0938357,524.6210,91
38.5164,42.9923,-19.5101,0.1956852,Cc1ccccc1Nc1c(N)cc(Oc2ccccc2C)c(F)c1Cl,1,0.1156317,0.1156,0.5457841,0.5458,0.9999982,356.8280,91
42.9787,50.7446,-7.0994,0.3637096,Nc1ccn(C2OC(OC3OCC(OC4OC(CO)C(O)C(O)C4O)C(O)C3O)C(O)C2O)c(=O)n1,1,0.5430683,0.5431,0.1676688,0.1677,0.1034338,523.4480,91
41.0632,45.1982,39.4773,0.7056293,CC1(C)CN(c2ccc(N3CCN(C(=O)c4ccc5c(c4)CCC(=O)N5)CC3)nn2)C(C)(C)O1,1,0.6641026,0.6641,0.7468168,0.7468,0.9631454,464.5700,91
33.5754,41.0523,39.3776,0.6702498,Cc1cnc(Nc2ccc(CN3CCNC(c4ccccn4)C3)cc2)nc1,1,0.6180108,0.6180,0.7289500,0.7290,0.9999974,360.4650,91
28.3382,30.1923,-12.0191,0.1514436,Cc1ccc(NC(=O)c2ccsc2-n2cccc2)c(F)c1,1,0.0726428,0.0726,0.7710477,0.7710,0.9999990,300.3580,91
24.8290,28.0246,-5.9581,0.1838880,CCNC(=NCc1ccc(-n2ccnc2)cc1)NCc1cccc(C)c1,1,0.1066672,0.1067,0.5304683,0.5305,0.9999992,347.4660,91
37.3468,46.6192,30.1422,0.6396789,NCC1(N2CCN(c3nc(Nc4cccc(F)c4)nnc3C(N)=O)CC2)CC1,1,0.5963822,0.5964,0.6538528,0.6539,0.9999713,386.4350,91
33.1012,43.2420,9.7008,0.4411902,CCc1cccc(NC(=O)N2CC3CN(c4cc(Nc5ccc(F)cc5)nc(C)n4)CC3C2)c1,1,0.3660666,0.3661,0.5706058,0.5706,0.9742400,460.5570,91
30.3617,44.2127,8.8843,0.4424751,Cc1cc(C)cc(Nc2cc(CN(C)C(C)C(=O)Nc3cc(C)on3)nc(C)n2)c1,1,0.3589973,0.3590,0.6118886,0.6119,0.9997811,408.5060,91
47.9675,56.7806,-10.3393,0.3870109,Cc1ccc(C2=NN3NNS(=O)(=O)C3=CN=C2c2ccc(C)c(C)c2)cc1,1,0.2712188,0.2712,0.8356046,0.8356,0.9999819,381.4610,91
45.9249,48.0826,-28.9857,0.1591409,Cc1nn(-c2ccccc2)c2nc(N3CCC(N4Cc5ccccc5C4)C(=O)C3C)[nH]c(=O)c12,1,0.0878279,0.0878,0.5122320,0.5122,0.9850440,454.5340,91
42.6447,47.1062,-22.2022,0.2075331,COc1ccccc1C(C)N(CC1CCCN1)S(=O)NCC(=O)O,1,0.1214752,0.1215,0.6162126,0.6162,0.9999983,355.4600,91
35.8616,39.5143,-20.5140,0.1583366,Cc1ccccc1Nc1nccc(-c2ncc3c(n2)CCN(Cc2ccc(Cl)cc2)C3)n1,1,0.0898995,0.0899,0.4580233,0.4580,0.9948013,442.9540,91
31.5363,35.1322,-14.9105,0.1685138,CC(=O)NC1CN(c2nc(C)c(Br)c(N)n2)C1,1,0.0828979,0.0829,0.8284642,0.8285,0.9999990,300.1600,91
34.2920,35.0872,-9.2483,0.2153239,Cc1ccc(NC(=O)N2CCCCC2c2nc3cc(Cl)ccc3s2)cc1F,1,0.1318103,0.1318,0.5567615,0.5568,0.9998567,403.9100,91
39.2713,41.2808,19.4740,0.5062893,Cc1c(SCc2ccc(C(=O)Nc3ncccc3O)o2)nc2sccn12,1,0.4597722,0.4598,0.5047782,0.5048,0.9999713,386.4580,91
27.5728,31.2272,36.8486,0.5672983,Cc1cccc(Nc2nc(Nc3ccc(C)c(Cl)c3)c3ccccc3n2)c1,1,0.5646483,0.5646,0.4343468,0.4343,0.9999901,374.8750,91
47.5364,54.5504,-34.4042,0.1678855,O=C1C2CNN(O)C2CN1Cc1nonc1-c1ccc(F)cc1,1,0.0819660,0.0820,0.8459569,0.8460,0.9999998,319.2960,91
26.8409,28.3958,35.8120,0.5350651,O=C(C1CCCN1S(=O)(=O)c1cccs1)N1CCN(Cc2ccc(F)cc2)CC1,1,0.4496113,0.4496,0.7207627,0.7208,0.9968297,437.5620,91
31.6112,35.4960,47.9875,0.6956960,O=C(O)c1cccc(CNC(=O)c2cc(Br)nc(N3CCOCC3)c2)c1,1,0.6536653,0.6537,0.7219280,0.7219,0.9993540,420.2630,91
37.8097,45.3874,-5.0432,0.3362018,Cc1ccc(C(=O)NC(=O)Nc2cccc(-c3cc4oc(=O)n(C)c4cc3C)c2)cc1,1,0.2541174,0.2541,0.5193616,0.5194,0.9995853,415.4490,91
42.1991,49.7459,25.8278,0.6297808,Nc1nccn1-c1cc(-c2nc(CO)cs2)cc(-c2cc(F)cc(Cl)c2)n1,1,0.6158583,0.6159,0.5404929,0.5405,0.9998814,401.8540,91
37.2884,41.9640,26.9841,0.5745679,Cc1cc(C2CN(C(=O)c3ccc4oc(-c5cnn(C)c5)nc4c3)CCO2)on1,1,0.5439498,0.5439,0.5275490,0.5275,0.9999455,393.4030,91
36.8034,45.4538,39.6055,0.7088279,Cc1cc(=O)[nH]c(CN2CCN(Cc3cc(-c4ccccn4)nc(-c4ccccc4)n3)CC2)n1,1,0.7558219,0.7558,0.4799835,0.4800,0.9863221,453.5500,91
36.4503,42.0218,39.8568,0.6823223,Nc1ccn2c(SCc3csc(NC(=O)c4ccc(Cl)cc4)n3)nnc2c1,1,0.7154603,0.7155,0.4775310,0.4775,0.9995251,416.9190,91
28.9969,29.6585,-11.8508,0.1483980,COCCn1c(=NC(=O)C=Cc2ccccc2F)sc2ccccc21,1,0.0739179,0.0739,0.6554152,0.6554,0.9999982,356.4220,91
38.3210,49.6656,12.6308,0.5191371,Cc1cc(-c2ncccn2)ccc1S(=O)(=O)NC1CC2C1N2C(N)=O,1,0.4213430,0.4213,0.7765791,0.7766,0.9999976,359.4110,91
35.0622,38.2926,50.0967,0.7365772,Cc1ccc(NC(=O)c2oc(-c3ccc(NC(=O)c4ccncc4)cc3)nc2C)c(C)c1,1,0.8072366,0.8072,0.4590258,0.4590,0.9988557,426.4760,91
34.3197,34.3777,35.4788,0.5821370,COc1ccc(NC(=O)C(C)Oc2ccc(C(C)O)cc2)c([N+](=O)[O-])c1,1,0.5394645,0.5395,0.5797711,0.5798,0.9999974,360.3660,92
34.4842,47.0901,31.8968,0.6582242,COc1cc(Cl)c(C)cc1NC(=O)N1CCN(C(=O)CN2C3CCN2C(=O)NC3)CC1,1,0.6049944,0.6050,0.7212598,0.7213,0.9892260,450.9270,92
32.9444,30.5395,-14.6774,0.1321836,CC(C)(C)OC(=O)Nc1ccccc1C(=O)OCC(=O)Nc1cccc(Br)c1,1,0.0628427,0.0628,0.6516623,0.6517,0.9907106,449.3010,92
34.0108,47.2020,33.8972,0.6758264,Cc1ccc(NC(=O)Nc2n[nH]c(C3CC3)n2)c(NS(=O)(=O)c2cc(C)ccc2C)c1,1,0.7139330,0.7139,0.4594946,0.4595,0.9958376,440.5290,92
27.1778,35.0380,41.6806,0.6393219,O=C(Nc1cccc(Cl)c1)c1cccc(S(=O)(=O)Nc2ccc(Cl)c(C(=O)O)c2)c1,1,0.6520626,0.6521,0.4867507,0.4868,0.9606343,465.3140,92
31.4016,36.5362,-6.1951,0.2528426,O=C(Nc1cccc(CN2C(=O)COc3ccccc32)c1)Nc1cccc(Cl)n1,1,0.1600495,0.1600,0.6301003,0.6301,0.9997742,408.8450,92
42.7784,50.6435,-29.2602,0.1781938,Cc1ncc(C(F)(F)F)nc1N1CCC2N(Cc3ccccc3O)CCC21CO,1,0.0903433,0.0903,0.8107256,0.8107,0.9997828,408.4240,92
30.7930,34.6273,-10.6413,0.1998837,CN=C(NCCc1ccc(S(N)(=O)=O)cc1)N1CCN(c2cc(N(C)C)nc(C)n2)CC1,1,0.1248097,0.1248,0.4706634,0.4707,0.9741219,460.6080,92
28.3550,38.2934,46.6037,0.7074756,O=S(=O)(c1ccccc1)N1CC(Nc2ccnc(N3CCN(Cc4ccccc4)CC3)n2)C1,1,0.7184666,0.7185,0.5745223,0.5745,0.9630635,464.5950,92
29.7674,33.8813,9.1181,0.3583287,Cc1cnn(-c2ccccc2)c1NC(=O)c1nccn1-c1ccccn1,1,0.2649323,0.2649,0.6172141,0.6172,0.9999994,344.3780,92
26.5242,26.9656,-10.5290,0.1369717,CN1CCC(N(C)C(CN)c2cccc(O)c2)CC1,1,0.0609517,0.0610,0.8624034,0.8624,0.9999709,263.3850,92
28.7570,37.6397,27.1497,0.5399116,CN1C(=O)N(c2ccc(Cl)cc2)CC1c1ccc(NS(N)(=O)=O)cc1,1,0.4338915,0.4339,0.8526739,0.8527,0.9999828,380.8570,92
30.5520,30.8905,30.0614,0.5079325,NS(=O)(=O)c1cc(NCCc2ccc(O)cc2)cc([N+](=O)[O-])c1,1,0.4528649,0.4529,0.5409287,0.5409,0.9999997,337.3570,92
43.2262,44.0218,39.1669,0.6932393,Cc1cccc(CC2(c3noc(-c4cnn5ccccc45)n3)CNC2=O)c1,1,0.6973861,0.6974,0.5652751,0.5653,0.9999976,359.3890,92
44.8968,60.5213,13.8721,0.6199454,Cc1ccc(C)c(CNCC2CC(O)C(OC3OCC(O)C3N3CCN(C)CC3)O2)c1,1,0.5960406,0.5960,0.5608871,0.5609,0.9973609,435.5650,92
27.5820,37.4566,46.8312,0.7023987,Cc1ccc(Cl)cc1Nc1cc(C(=O)O)nc(Nc2cccc(C(=O)O)c2)n1,1,0.7430669,0.7431,0.4834372,0.4834,0.9999104,398.8060,92
27.4992,31.3558,-7.5321,0.1985306,NS(=O)(=O)Cc1ccc(NC(=O)Nc2ccc3[nH]ncc3c2)cc1,1,0.1162475,0.1162,0.5758308,0.5758,0.9999993,345.3840,92
31.5194,46.1463,30.9386,0.6423744,Cc1cc(NCc2ccc3oc(N4CCN(S(N)(=O)=O)CC4)nc3c2)nc(C)n1,1,0.6057090,0.6057,0.6325949,0.6326,0.9994993,417.4950,92
36.9449,36.2578,-9.7029,0.2212909,Cc1ccc(-n2c(=O)n(CC(=O)Nc3ccc(F)cc3)c3ncccc32)c(C)c1,1,0.1355255,0.1355,0.5790999,0.5791,0.9999586,390.4180,92
36.4920,41.5638,27.3183,0.5740175,O=C(c1ccc(Cl)cc1)N1CCc2cc(C(O)CNS(=O)(=O)c3cccnc3)ccc21,1,0.5270306,0.5270,0.5924687,0.5925,0.9796470,457.9390,92
33.6075,41.7465,42.8043,0.7045895,Cc1cc(Nc2ccccc2C)c2ncc(C(=O)Nc3ccc(Cl)cc3C)c(=O)n2c1,1,0.7571061,0.7571,0.4603433,0.4603,0.9979320,432.9110,92
27.9001,34.0849,33.6991,0.5648666,CCOc1ccc(N2CCN(C3CC(CCN)NN3)CC2)cc1,1,0.4859267,0.4859,0.7190048,0.7190,0.9999998,319.4530,92
35.6024,45.5885,32.4201,0.6500713,Cc1ccc(C(=O)N2CC(CNS(=O)(=O)c3ccc(C)cc3)(S(N)(=O)=O)C2)cc1,1,0.6012298,0.6012,0.6900035,0.6900,0.9968352,437.5430,92
26.9221,34.0453,56.6865,0.7560991,Cc1ccc(-c2nnc(CN(C)C3CCN(c4ccc(C)nn4)C3)o2)cc1,1,0.7459834,0.7460,0.6891954,0.6892,0.9999962,364.4530,92
34.5980,38.0674,30.2646,0.5694334,Cc1ccc(C(=O)NN=Cc2ccc(OC(=O)c3ccc(F)cc3Cl)c(C)c2)cc1C,1,0.6641377,0.6641,0.2512406,0.2512,0.9964200,438.8860,92
28.4681,40.0020,9.7421,0.4145339,CN1CCN(CC(=O)Nc2ccc(C(=O)NC(=O)Nc3ccc(C(=O)O)cc3)cc2)CC1,1,0.3396867,0.3397,0.5368429,0.5368,0.9962223,439.4720,92
25.9198,35.5984,24.0519,0.4970854,Cc1cc(C)cc(NC(=O)NCCN2Cc3ccccc3C2(C)C)c1,1,0.3822306,0.3822,0.8790550,0.8791,0.9999997,337.4670,92
31.2914,36.6619,-4.7093,0.2662718,O=C(O)c1cccnc1N1CCn2c(nnc2C(=O)O)C1,1,0.1601177,0.1601,0.8148703,0.8149,0.9999973,289.2510,92
32.0608,40.7438,-11.3933,0.2445882,O=C1OC(O)(c2cccc(F)c2)CN1C(=O)c1ccc(-c2ccccc2)cc1,1,0.1451636,0.1452,0.7510663,0.7511,0.9999875,377.3710,92
26.5184,30.2690,56.5802,0.7237432,Cc1cc(C)cc(NC(=O)c2cccc(S(=O)(=O)Nc3cc(C)ccc3C)c2)c1,1,0.7204898,0.7205,0.6255653,0.6256,0.9997808,408.5230,92
35.8646,43.8163,25.4661,0.5773534,Cn1ccnc1CNC(=O)Nc1cccc(C(=O)NC2CCN(S(C)(=O)=O)C2)c1,1,0.5212241,0.5212,0.6277203,0.6277,0.9993401,420.4950,92
40.7303,43.5303,-28.7542,0.1231336,CC1NC(=O)CC(c2ccc(N(C)C)c(Cl)c2)C1(O)c1ccc(F)cc1,1,0.0523464,0.0523,0.8625423,0.8625,0.9999881,376.8590,92
37.1627,44.1663,7.0284,0.4266230,Cc1ccc(-c2oc(SC#N)nc2-c2ccc(NC3CC3)nc2)cc1,1,0.3561677,0.3562,0.5241195,0.5241,0.9999991,348.4310,92
25.6278,30.1083,47.8667,0.6497913,Cc1ccc(S(=O)(=O)Nc2ccc(C(=O)N3CCN(C(=O)c4ccco4)CC3)cc2)cc1C,1,0.6233841,0.6234,0.6207099,0.6207,0.9520762,467.5470,92
28.6090,27.7251,43.7769,0.5958503,CN(C(=O)NCCc1cccc(C(=O)O)c1)c1ccccc1,1,0.4932038,0.4932,0.8914435,0.8914,0.9999988,298.3420,92
39.8003,53.5385,2.0327,0.4630933,Cc1ccc(Nc2nc(C)nc3c2c(C(=O)OCC(=O)NC(C)c2cccc(C)c2)nn3C)cc1,1,0.4404819,0.4405,0.3901796,0.3902,0.9261041,472.5490,92
28.5296,27.3443,15.2868,0.3552587,NNc1ccc(C(=O)N2CCC(N3CCOCC3)C2)nc1,1,0.2640436,0.2640,0.5982181,0.5982,0.9999978,291.3550,92
36.8306,39.5122,23.7417,0.5271155,CC(Cc1ccccc1)NC(=O)C(NC(=O)NCc1ccc(Cl)cc1)C(C)O,1,0.4762848,0.4763,0.5457911,0.5458,0.9998567,403.9100,92
36.8522,40.0465,-29.5058,0.0878387,Cc1ccc(NC(=O)NCC2CC2NC(C)(C)C)nn1,1,0.0332252,0.0332,0.7821575,0.7822,0.9999920,277.3720,92
27.6816,34.5073,57.2866,0.7649490,O=C1CCN(Cc2cccc(CN3CCc4ccccc4C3)c2)C(=O)N1,1,0.6976880,0.6977,0.9233116,0.9233,0.9999990,349.4340,92
27.7636,32.5357,-11.0397,0.1791337,O=C(NC1CCN(C(=O)c2cc(Cl)c(O)c(Cl)c2)CC1)c1cccc(F)c1,1,0.0911807,0.0912,0.8059097,0.8059,0.9997180,411.2600,92
29.0609,36.9590,29.9506,0.5575803,Cc1cc(C)cc(-c2ccc3nccc(Nc4cccc(C(=O)O)c4)c3n2)c1,1,0.5271557,0.5272,0.5067016,0.5067,0.9999940,369.4240,92
24.4929,32.5654,43.3867,0.6329347,Cc1cc(C(=O)Nc2ccc(C)c(NC(N)=O)c2)nc(N2CCCC2)n1,1,0.5584881,0.5585,0.7802719,0.7803,0.9999985,354.4140,92
27.9630,34.5980,40.2352,0.6236106,Fc1ccc(CNc2nc(N3CCN(c4nccs4)CC3)nc(-n3cncn3)n2)cc1,1,0.6269396,0.6269,0.4842046,0.4842,0.9965459,438.4960,92
24.8249,27.2039,32.9819,0.5015485,CN1CCN(c2ccc(NC(=O)C3(N)CCOCC3)nc2)CC1,1,0.3932088,0.3932,0.8324987,0.8325,0.9999998,319.4090,92
31.9213,35.8131,43.7576,0.6630890,O=[N+]([O-])c1cccc(S(=O)(=O)Nc2ccc(S(=O)(=O)Nc3ccc4ncoc4c3)cc2)c1,1,0.7913394,0.7913,0.3043362,0.3043,0.9130015,474.4760,92
28.7243,35.8858,33.4930,0.5781568,Cc1ccc(S(=O)(=O)Nc2ccc(-c3nc4ccc(C(=O)O)cc4[nH]3)c(Cl)c2)cc1,1,0.5879238,0.5879,0.4155579,0.4156,0.9952817,441.8960,92
31.7354,39.5963,5.9973,0.3799466,Cc1ccc(O)c(NC(=O)c2cc(Nc3ccc(C)c(F)c3)ncc2N)c1,1,0.3024260,0.3024,0.5205311,0.5205,0.9999955,366.3960,92
34.5689,44.6319,13.9061,0.4878166,COc1cc(COc2cccc(NC(=O)Nc3cc(Cl)ccc3C)c2)nn(-c2ccc(C)cc2)c1=O,1,0.5614095,0.5614,0.3347389,0.3347,0.3874314,504.9740,92
32.9905,33.2722,16.1434,0.4117965,CCOc1ccc2nc(NS(=O)(=O)Cc3cccc(NC(C)=O)c3)sc2c1,1,0.3218761,0.3219,0.6259484,0.6259,0.9998341,405.5010,92
31.7003,49.2534,17.2179,0.5539269,Cc1cc(C)cc(N2C(=O)N(NS(=O)(=O)c3cccc(C)c3)C3NN=CC32)c1,1,0.4547180,0.4547,0.8225939,0.8226,0.9999047,399.4760,92
37.4719,43.5563,26.6336,0.5849160,Cc1ccc(-n2c3ccc(NC(=O)Nc4cccc(F)c4)cc3c3ccc(C=O)cc32)cc1,1,0.6511263,0.6511,0.3078385,0.3078,0.9968552,437.4740,92
35.7612,37.1612,20.1378,0.4774918,O=c1c2ccc(F)cc2c(S(=O)(=O)c2ccccc2)nn1-c1cccc(F)c1,1,0.4170787,0.4171,0.5297674,0.5298,0.9999138,398.3900,92
32.6896,39.6301,34.3333,0.6163614,Cn1nc(-c2ccc(S(=O)(=O)N3CCN(CC(=O)N4CCNC4=O)CC3)s2)ccc1=O,1,0.5774353,0.5774,0.6218139,0.6218,0.9561155,466.5450,92
42.9268,40.9481,-39.4159,0.0127680,CN1CC(CO)CN(C(=O)Cc2cccs2)CC1c1cccc(Cl)c1,1,0.0020375,0.0020,0.8887211,0.8887,0.9999856,378.9250,92
27.8789,33.2406,48.4218,0.6805197,Cc1ccc(S(=O)(=O)Nc2cc(Nc3ccc(C(=O)O)cc3)nc(C)n2)c(C)c1,1,0.6793378,0.6793,0.5649002,0.5649,0.9996847,412.4710,92
36.1525,41.0213,-3.4648,0.3129709,Cc1ccc(-n2c(-c3nc4ccccc4[nH]3)cc3c(Cl)csc3c2=O)cc1,1,0.2424170,0.2424,0.4281143,0.4281,0.9999527,391.8830,92
29.6768,38.3249,-5.7228,0.2716848,Cc1ccc(N(CC(=O)N2CCN(C(=O)c3ccccc3NS(C)(=O)=O)CC2)S(=O)(=O)c2ccccc2)cc1,1,0.4969526,0.4970,0.4440239,0.4440,0.0014847,570.6930,92
36.4796,44.1212,-20.2341,0.1990591,Cc1cccnc1OC1CNCC1N1C(=O)C2CCCCC2C1=O,1,0.1045387,0.1045,0.8461348,0.8461,0.9999998,329.4000,92
31.3276,38.1907,39.0916,0.6440185,COc1ccc(CCNc2cc(-n3nc(C)cc3C)nc(Nc3cccc(C(=O)O)c3)n2)cc1,1,0.7290535,0.7291,0.3384874,0.3385,0.9785483,458.5220,92
40.9496,51.5375,-2.6175,0.4076672,Cc1c(N)[nH]c2c(=O)[nH]c(N3CC(O)C(CN4CCN(C)CC4)C3)nc12,1,0.3267738,0.3268,0.5645008,0.5645,0.9999971,361.4500,92
28.2671,36.1004,45.9355,0.6836321,Fc1ccc(CN2CCN(C3CCN(c4ccc(-c5ccc(Cl)cc5)nn4)C3)CC2)cc1,1,0.6809384,0.6809,0.5765334,0.5765,0.9881451,451.9770,92
31.8354,45.8505,7.5508,0.4450104,COc1ccc(CN(C)S(=O)(=O)N2c3ccccc3CC2C(=O)Nc2cccc(C)c2)cc1OC,1,0.4091696,0.4092,0.5142090,0.5142,0.5999272,495.6010,92
28.2731,33.5457,46.9065,0.6704352,Cc1cccc(-c2noc(-c3ccn(-c4cccc(Cl)c4)n3)n2)c1,1,0.6699401,0.6699,0.5503743,0.5504,0.9999997,336.7820,92
37.9946,48.7273,-15.7114,0.2751325,CC(=O)Nc1sc(-c2cc(C=CC(=O)O)nc(-c3cccc(C)n3)n2)cc1C,1,0.1801618,0.1802,0.6351895,0.6352,0.9999400,394.4560,93
32.3879,44.5203,2.7696,0.3940824,Cc1cccc(Nc2cc3nc[nH]c3cc2C(=O)N(C)Cc2cccs2)c1,1,0.3190601,0.3191,0.5180644,0.5181,0.9999886,376.4850,93
30.7664,39.0972,18.4892,0.4798872,Cc1ccc(-c2nc(-c3cccc(C(N)=O)c3)cc(N3CCNCC3)n2)c(C)c1,1,0.3849549,0.3850,0.7190653,0.7191,0.9999684,387.4870,93
43.3722,44.7602,-44.7602,0.0000000,C(F)(Oc1cc(ccc1-c1onc(c1)Cn1c(=O)cn(C)c(=O)c1O)F)F,0,0.0000000,0.0000,0.0000000,0.0000,0.0000000,0.0000,93
54.2845,54.9190,-8.6462,0.3856066,COC(=O)NC1=NC(C)(Cc2cccc(-c3ccc(Cl)c(CN=C(N)N)c3)c2)C(c2cccc(C)c2)O1,1,0.4733838,0.4734,0.3162217,0.3162,0.1364481,520.0330,93
28.4876,22.4439,-14.7083,0.0644628,CC(Cc1ccccc1)Nc1nccn1C,1,0.0208698,0.0209,0.8487082,0.8487,0.9975625,215.3000,93
28.2369,29.0537,-8.6931,0.1696723,Nc1cc(-n2ccnc2)nc(-n2cnc3ccccc32)n1,1,0.0917637,0.0918,0.6007702,0.6008,0.9999919,277.2910,93
30.2929,32.1592,-22.9371,0.0768506,Cc1ccc(CN(CCc2ccccc2)C(=O)Nc2ccccc2C)c(C)c1,1,0.0299754,0.0300,0.5748570,0.5749,0.9999921,372.5120,93
28.6560,29.8914,2.5565,0.2703994,Cc1cc(Cl)ccc1-c1noc(C(C(=O)O)N(C)C)n1,1,0.1574805,0.1575,0.9326861,0.9327,0.9999985,295.7260,93
26.4497,30.2372,35.0581,0.5441270,Cc1ccc(C=C(NC(=O)c2ccccc2)C(=O)Nc2ccc(Oc3cccc(C(F)(F)F)c3)cc2)cc1,1,0.7917836,0.7918,0.2550658,0.2551,0.1792474,516.5190,93
34.1613,44.2839,19.7945,0.5339870,Cc1ccc(C(=O)O)cc1S(=O)(=O)Nc1ccc(C(=O)N2CC(O)(c3cccc(F)c3)C2)cc1,1,0.5146864,0.5147,0.4942695,0.4943,0.8064556,484.5050,93
29.2058,43.1769,-0.6543,0.3543558,CSc1nnc2c(n1)NC1N2NC(=O)N1c1ccc(N(C)C)cc1,1,0.2415975,0.2416,0.8060726,0.8061,0.9999994,344.4040,93
32.1440,39.8148,-26.1000,0.1142897,CC1CC(O)CN1CCN1CCN(Cc2ccnc(N)c2)CC1,1,0.0479106,0.0479,0.8100715,0.8101,0.9999998,319.4530,93
35.9899,35.6894,19.3636,0.4587747,CC(C)c1nc(C2CN(C(=O)NC(C)c3ccccc3F)CCO2)no1,1,0.3381937,0.3382,0.9034799,0.9035,0.9999968,362.4050,93
30.5457,37.3422,21.8816,0.4935319,Cc1cccc(Cn2ncc3c2CN(Cc2cccc(O)c2)C3)n1,1,0.3882455,0.3882,0.8029786,0.8030,0.9999998,320.3960,93
30.0380,33.1673,53.7874,0.7246229,Cc1cc(Cl)ccc1-c1csc(NC(=O)NCc2ccccn2)n1,1,0.6928341,0.6928,0.7217027,0.7217,0.9999977,358.8540,93
35.7002,44.6714,-20.3375,0.2027827,Cc1cccc(NC(=O)Nc2ccc(-n3c(C4CCCN4Cc4ccc(F)cc4)nc4ccccc43)cc2)c1,1,0.2023971,0.2024,0.2448558,0.2449,0.1409479,519.6240,93
32.6249,40.1009,-11.4022,0.2391557,COc1ccc(-c2ccc3oc(C(=O)Nc4cccc(C)c4)cc3c2N)cc1,1,0.1597989,0.1598,0.4796201,0.4796,0.9999921,372.4240,93
30.4456,43.2665,53.2180,0.8040375,Cc1ccc(O)c(NC(=O)N2CCN(Cc3cc(C(=O)N4CCNCC4)no3)CC2)c1,1,0.8378256,0.8378,0.6246595,0.6247,0.9986224,428.4930,93
27.1637,33.1158,25.7797,0.4907953,COc1ccc(S(=O)(=O)N2CCOCC2)cc1C(=O)Nc1cccc(C(=O)N2CCN(C)CC2)c1,1,0.4629770,0.4630,0.6353802,0.6354,0.4405764,502.5930,93
49.0991,61.5653,19.8632,0.6785709,Cc1ccc(-c2nc3ccccc3n2-c2ccc(CNC3COC(C4OC(=O)OC4O)O3)cc2)cc1,1,0.7779631,0.7780,0.3975053,0.3975,0.7595452,487.5120,93
39.2523,38.3809,18.4531,0.4736161,COc1ccc(N2C(=O)C3C=Cc4ccc(F)cc4N3C2=O)cc1OC,1,0.3671776,0.3672,0.7944482,0.7944,0.9999985,354.3370,93
26.6955,30.8697,24.1766,0.4587189,CN(C)C(CNS(=O)(=O)c1cccc(C(=O)O)c1)c1cccs1,1,0.3507990,0.3508,0.7943817,0.7944,0.9999985,354.4530,93
33.2647,37.6335,46.8331,0.7038885,NS(=O)(=O)c1ccc(NC(=O)CC2c3ccccc3CN2S(=O)(=O)c2ccc(F)cc2)cc1,1,0.7520981,0.7521,0.5505591,0.5506,0.7236184,489.5500,93
40.3906,50.3458,-9.4093,0.3411369,Cc1ccc(OCC(=O)n2cnc3nc(Nc4cccc(C(N)=O)c4)nc(C)c32)c(C)c1,1,0.2653244,0.2653,0.4805989,0.4806,0.9983481,430.4680,93
34.2209,37.5928,6.7031,0.3691324,Cc1cc(-c2cc3c(cc2[N+](=O)[O-])OCCO3)cc(C(=O)O)c1F,1,0.2684238,0.2684,0.6839700,0.6840,0.9999998,333.2710,93
30.3809,41.8376,8.3812,0.4184901,CN1CCN(c2ccccc2CN(C)C2CCN(S(N)(=O)=O)C2)CC1,1,0.3068607,0.3069,0.8019225,0.8019,0.9999950,367.5190,93
47.1835,50.7661,-50.7661,0.0000000,c12c(nc(n(c1=O)CC)SCC(Nc1sc(C)cn1)=O)n(cc(C)c2C)=Nc1ccc(OC)cc1,0,0.0000000,0.0000,0.0000000,0.0000,0.0000000,0.0000,93
35.6271,32.9991,-12.6841,0.1692918,CC1(C)OCC(COc2ccc(C(=O)N3CCc4ccccc4C3)cc2)O1,1,0.0833764,0.0834,0.8308639,0.8309,0.9999950,367.4450,93
31.3457,36.4831,-15.9185,0.1713711,CN(Cc1ccc(Br)cc1F)C(=O)c1ccc(CNC(N)=O)s1,1,0.0854743,0.0855,0.8096266,0.8096,0.9998975,400.2730,93
33.3502,36.8607,18.0677,0.4577371,Cc1ccc(Oc2nc(C)c([N+](=O)[O-])c(N3CCNCC3)n2)c([N+](=O)[O-])c1,1,0.3761148,0.3761,0.6158307,0.6158,0.9999906,374.3570,93
36.9884,44.3101,21.0526,0.5446892,Nc1ncnc2nc(NCCNC(=O)c3cc(Cl)ccc3O)nc(-c3ccc(F)cc3)c12,1,0.5791609,0.5792,0.3266062,0.3266,0.9859251,453.8650,93
33.6635,37.8121,21.3686,0.4931725,Cc1cccc(C)c1OCC(=O)N(C)N1Cc2ccc(F)cc2C1=O,1,0.3805103,0.3805,0.8584434,0.8584,0.9999995,342.3700,93
28.6126,32.6360,16.1831,0.4068265,NS(=O)(=O)N1CCCN(C(=O)c2ccc(CN3C(=O)c4ccccc4C3=O)cc2)CC1,1,0.3061793,0.3062,0.7034222,0.7034,0.9950145,442.4970,93
32.8064,49.4197,-49.4194,0.0000024,Cc1ccc(N2CC3c4cn(c(Nc5ccccc5C)n4)C3C2=O)cc1,1,0.0000000,0.0000,0.7831410,0.7831,0.9999994,344.4180,93
28.8874,36.4161,2.2654,0.3223456,CN(Cc1ccccc1)C(=O)C1NC(=O)N2CCN(Cc3ccc(F)cc3)CC12,1,0.2084308,0.2084,0.8418954,0.8419,0.9999278,396.4660,93
37.8470,47.0613,-25.1710,0.1824190,COc1cc(CNc2nc(Nc3ccc(Br)cc3C)cc(-c3ccccc3)n2)nc(N)n1,1,0.1276465,0.1276,0.3324643,0.3325,0.6685723,492.3810,93
28.0368,35.0019,-15.9785,0.1585287,Cc1cnc(N2CCN(C(=O)c3ccc(CNC(=O)OCc4ccccc4)cc3)CC2)c(C)c1,1,0.0834727,0.0835,0.6023647,0.6024,0.9784708,458.5620,93
22.5613,35.6326,18.2672,0.4491649,Cc1ccc(C)c(S(=O)(=O)N2CCN(c3ccc(S(=O)(=O)N4CCOCC4)cc3N)CC2)c1,1,0.3901243,0.3901,0.6255689,0.6256,0.6209931,494.6390,93
26.1522,24.5832,41.1271,0.5475854,O=C(NN=Cc1c2ccccc2cc2ccccc12)c1ccc(Cl)cc1,1,0.5985671,0.5986,0.2967323,0.2967,0.9999977,358.8280,93
24.3189,33.2298,38.6293,0.5988256,Cc1ccc(C)c(OCC(=O)NNC(=O)c2ccc(NS(=O)(=O)c3ccccc3C)cc2)c1,1,0.6036385,0.6036,0.4617920,0.4618,0.9520762,467.5470,93
29.6604,45.7599,35.8540,0.6801160,Cc1ccc(-c2nc(C)c(C(=O)N3CC(N)CC3C(=O)Nc3ccc(C)cn3)s2)cc1,1,0.6509589,0.6510,0.6547128,0.6547,0.9973638,435.5530,93
34.0921,35.0597,42.3417,0.6450116,CCCN1CCc2ncnc(NC(=O)Nc3cccc4ccccc34)c2C1,1,0.5835086,0.5835,0.7356527,0.7357,0.9999971,361.4490,93
42.1687,51.5124,13.0579,0.5380865,N#Cc1cc(Nc2cc(-n3ccnc3)ncn2)cnc1NCC1Cc2n[nH]c(=O)n2C1,1,0.5303761,0.5304,0.4152469,0.4152,0.9995863,415.4210,93
48.0050,59.0969,28.2668,0.7280305,Cc1ccc(S(=O)(=O)Nc2cccc(C(=O)NCC34OC5CC(C(C)C53)C4(C)O)c2)cc1,1,0.7303175,0.7303,0.6200058,0.6200,0.9820244,456.5640,93
31.8726,39.3768,5.7253,0.3758512,COCCOc1nc(NN)nc(Oc2ccc(C(=O)O)cc2C)n1,1,0.3301402,0.3301,0.3627736,0.3628,0.9999998,335.3200,93
31.6761,43.9898,5.2394,0.4102427,Cc1ccc(CN2CCc3c(nc(NS(=O)(=O)c4ccc([N+](=O)[O-])cc4)nc3Nc3cccc(C)c3)C2)cc1,1,0.7672331,0.7672,0.2313281,0.2313,0.0161235,544.6370,93
30.7987,35.3224,17.3728,0.4391267,Cc1ccc(C2=NOC(c3ccc(Cl)cc3)C2)c(S(N)(=O)=O)c1,1,0.3158023,0.3158,0.9225629,0.9226,0.9999989,350.8270,93
38.8339,44.4279,2.3339,0.3896815,Cc1cccc(-c2c(C(=O)N(C)CC(=O)Nc3cccc(Cl)c3)oc3cccnc23)c1,1,0.3227637,0.3228,0.4709172,0.4709,0.9977363,433.8950,93
38.6682,43.7803,-18.0892,0.2140922,CC1=NN(CCCN2Cc3ccc(F)cc3NC2=O)C(=O)NC1C,1,0.1144376,0.1144,0.8871816,0.8872,0.9999998,333.3670,93
36.6462,41.1186,31.8728,0.6082623,CN1CCN(c2ccccc2NC(=O)c2ccc(NC(=O)C3CC(=O)N=N3)cc2)CC1,1,0.5292138,0.5292,0.7724825,0.7725,0.9993414,420.4730,93
30.7648,34.1415,45.0701,0.6600962,COc1cccc(CN2CC(C)C(C(=O)N3CCN(c4ccccc4F)CC3)C2)c1,1,0.5982467,0.5982,0.7568641,0.7569,0.9997111,411.5210,93
35.7424,36.7014,-4.5384,0.2680251,O=C(C1=NN(C(=O)Nc2ccccc2)C2(CCN(Cc3ccccc3)CC2)C1)N1CCCC1,1,0.1641005,0.1641,0.7752305,0.7752,0.9933961,445.5670,93
43.8668,53.4614,32.7297,0.7182592,CC1CC2CNCC2N1C(=O)c1ccc(OS(C)(=O)=O)c(NS(=O)(=O)c2ccccc2)c1,1,0.7345055,0.7345,0.6042814,0.6043,0.8676976,479.5800,93
40.5527,52.7407,6.2441,0.4915403,Cc1cccc(N2C(N)C3CN(c4ccnc(-c5cccc(Cl)c5)n4)C2N3)c1,1,0.3992292,0.3992,0.7137214,0.7137,0.9999480,392.8940,93
32.9822,39.5539,-30.8883,0.0722129,COc1cccc(-c2nc(NC3CC3)cc(N3CCCN(S(=O)(=O)c4ccccc4)CC3)n2)c1,1,0.0282898,0.0283,0.5536716,0.5537,0.8674224,479.6060,93
40.3969,55.5078,-14.6069,0.3408406,Cc1ccc(Nc2nc(C3COCCN3C)nc(N3C4CCC3NC4)c2C)nc1,1,0.2278024,0.2278,0.8152990,0.8153,0.9999338,395.5110,93
33.2551,37.9677,12.4135,0.4198435,CN(CCNS(=O)(=O)c1cccc(C#N)c1)CC1CN(C)CCN1C,1,0.3162325,0.3162,0.7335253,0.7335,0.9999958,365.5030,93
34.8020,31.9487,-12.9217,0.1585576,Cc1coc(C)c1C(=O)OC(C)C(=O)Nc1ccccc1Cl,1,0.0749102,0.0749,0.8710481,0.8710,0.9999999,321.7600,93
32.1366,37.0356,16.8781,0.4492813,CN(C)C(C)(C)CNCc1ccc(-c2nc(-c3ccc([N+](=O)[O-])cc3)no2)o1,1,0.3970226,0.3970,0.4642415,0.4642,0.9999739,385.4240,93
28.8803,37.6528,42.4282,0.6673420,Cc1ccc(Nc2nc(Nc3ccccc3C)nc(-n3nnc(C)c3C)n2)cc1,1,0.6722202,0.6722,0.5314445,0.5314,0.9999713,386.4630,93
28.1095,33.2622,31.3689,0.5385929,Cc1ccc(N2CCCS2(=O)=O)cc1C(=O)Nc1ccc(N2CCN(C)CC2)cc1,1,0.4388079,0.4388,0.8102961,0.8103,0.9986141,428.5580,93
46.4975,51.1014,-15.3993,0.2975173,COC1C(OC2CC(OS(C)(=O)=O)S(=O)(=O)O2)OC(CO)C1O,1,0.2195452,0.2195,0.4701430,0.4701,0.9999864,378.3770,93
29.9506,37.5687,16.8962,0.4538743,Cc1cc(NS(=O)(=O)N2CCC(N)(C(N)=O)C2)ccc1Br,1,0.3583146,0.3583,0.6994472,0.6994,0.9999877,377.2640,93
26.2593,35.1843,26.4770,0.5138441,O=C1C(Nc2ncc(Cc3ccc(F)cc3)s2)CCN1Cc1ccco1,1,0.4246066,0.4246,0.7181332,0.7181,0.9999928,371.4370,94
38.1637,43.6298,-28.2361,0.1282806,Cc1nc(COC(C)C(=O)ONS(C)(=O)=O)no1,1,0.0594572,0.0595,0.6777822,0.6778,0.9999933,279.2740,94
29.4513,36.1069,21.1748,0.4773478,CC(=O)NC(=O)N1C(=O)c2ccccc2NC12CCN(Cc1ccccc1)CC2,1,0.3677977,0.3678,0.8213984,0.8214,0.9999501,392.4590,94
29.7917,37.0584,49.8580,0.7243037,Cc1ccc(NC(=O)NCCCN2c3ccccc3N(C)S2(=O)=O)c(C)c1,1,0.6790155,0.6790,0.7727381,0.7727,0.9999654,388.4930,94
30.5344,33.9125,-19.8348,0.1173135,Fc1ccccc1-n1ncc2c1N=C1Cc3ccccc3N2C1,1,0.0521710,0.0522,0.6850766,0.6851,0.9999993,304.3280,94
43.5092,49.0065,-23.4220,0.2132037,Cc1cccc(Cc2nnc(COc3ccc(C=C4SC(=O)N(c5ccc(C)cc5C)C4=O)cc3)s2)c1,1,0.2392551,0.2393,0.2441897,0.2442,0.0725209,527.6710,94
47.1218,54.3879,4.7814,0.4930774,Cc1ccc(C)c(NC(=O)C2OC3CC4C2C(O)C3N4C(=O)O)c1,1,0.3948204,0.3948,0.7536626,0.7537,0.9999998,332.3560,94
42.7631,51.8268,12.3358,0.5346889,Cc1ccnc(-n2ccnc2C2CN(C(=O)c3cccc(C(F)(F)F)c3)CCN2Cc2cnc(C)nc2)c1,1,0.7248959,0.7249,0.3876554,0.3877,0.1208345,521.5470,94
31.2905,30.5681,48.0959,0.6555336,Cc1cc(NC(=O)c2ccccc2)sc1C(=O)Nc1ccc(F)c(F)c1,1,0.6085632,0.6086,0.6885039,0.6885,0.9999921,372.3960,94
34.9854,42.5779,20.6169,0.5266240,Cc1cccc(CN2C3c4ccccc4OC2(C)C3C(=O)N2CCN(C)CC2)c1,1,0.4255346,0.4255,0.8058259,0.8058,0.9999542,391.5150,94
54.0042,63.1826,-34.7584,0.2368683,CSc1nc(C)cc(NC(C)c2ccc3nc(NC(=O)OCc4cccc(-c5ncc(C(=O)O)cn5)c4)sc3c2)n1,1,0.7200025,0.7200,0.1335618,0.1336,0.0003107,587.6870,94
36.1972,38.7637,29.8077,0.5714283,COc1ccc(-c2nnc(COC(=O)c3cc(-c4cccc(C)n4)nc4ccccc34)o2)cc1OC,1,0.6539715,0.6540,0.2950152,0.2950,0.8337135,482.4960,94
25.8153,34.1669,50.5368,0.7058636,Cn1nccc1N1CCN(c2nccc(N3CCc4ccccc4C3)n2)CC1,1,0.6735161,0.6735,0.6988571,0.6989,0.9999896,375.4800,94
36.0815,46.8188,24.8577,0.5973039,COC(=O)N(C)c1cc(NC(C)=O)cc(N2CCN(C(=O)c3ccc(C)cc3)CC2)n1,1,0.5089350,0.5089,0.8088826,0.8089,0.9989550,425.4890,94
43.5019,44.2152,25.7351,0.5829195,C=Nc1cc(OCc2cccc(-n3cnc(C(=O)OCC)c3)c2)ccc1C,1,0.5758694,0.5759,0.4644189,0.4644,0.9999965,363.4170,94
30.0204,37.3439,-37.3439,0.0000000,Clc1cc(F)c(C(=O)Nc2ccc(cc2)-c2nc3c(o2)cc(C)cc3)c1,0,0.0000000,0.0000,0.0000000,0.0000,0.0000000,0.0000,94
21.5524,27.0376,-0.1328,0.2242063,O=C(Nc1ccc(S(=O)(=O)N2CCCC2)cc1)c1ccc(NS(=O)(=O)c2ccccc2)cc1,1,0.1463275,0.1463,0.5317017,0.5317,0.7904245,485.5870,94
26.6515,25.1414,-17.6460,0.0624618,Cn1ncc2c1CCN(c1cnccn1)C2,1,0.0210389,0.0210,0.7047280,0.7047,0.9975535,215.2600,94
28.9028,37.7141,31.0816,0.5732977,CN1CCN(C(=O)c2ccnc(NC(=O)c3ccc(N(C)S(C)(=O)=O)cc3)c2)CC1,1,0.4884553,0.4885,0.7610435,0.7610,0.9981806,431.5180,94
33.5453,36.1771,-13.5137,0.1888624,NC(=O)c1nnc(-c2ccc(F)c3cccc(N)c23)o1,1,0.1027856,0.1028,0.6901876,0.6902,0.9999871,272.2390,94
32.0390,37.7089,38.8797,0.6382383,CC(=O)N1C(=O)N(C2Cc3ccccc3NC2=O)Cc2cc(C)ccc21,1,0.5495827,0.5496,0.8605951,0.8606,0.9999990,349.3900,94
34.7063,39.8170,30.1199,0.5828070,Cc1cc(C=O)cc2c1N(C1CCN(S(=O)(=O)c3cccc(F)c3)CC1)C(=O)C2,1,0.5082433,0.5082,0.7185749,0.7186,0.9995442,416.4740,94
34.2771,33.0240,8.3551,0.3448266,CN1C(=O)CN(C(=O)c2ccc(C(F)(F)F)cc2F)c2ccccc21,1,0.2383294,0.2383,0.7377042,0.7377,0.9999987,352.2870,94
38.4213,46.2011,18.9940,0.5432925,O=CN(CC(=O)O)c1nc(CC2CN(Cc3ccc(F)cc3)C2)no1,1,0.4615760,0.4616,0.7084637,0.7085,0.9999992,348.3340,94
31.3777,33.7298,-4.0455,0.2473695,Cc1cccnc1CN1C(=O)NC2(CCc3cccc(Cl)c32)C1=O,1,0.1422027,0.1422,0.8541878,0.8542,0.9999995,341.7980,94
40.4830,41.8435,15.1163,0.4746648,Cc1ccc(-c2nc3ccccc3c(C(=O)NNC(=O)c3cccc(F)c3)c2CN(C)C)o1,1,0.4333723,0.4334,0.4513217,0.4513,0.9928195,446.4820,94
28.6566,28.9725,11.1527,0.3343769,CCNc1nc(-c2ccc(O)c(OC)c2)nc(-n2ccnc2)n1,1,0.2277217,0.2277,0.7417646,0.7418,0.9999997,312.3330,94
27.9356,24.4748,-15.6448,0.0735834,CC=C(C)OS(=O)(=O)O,1,0.0325486,0.0325,0.4676563,0.4677,0.5498233,152.1710,94
33.7672,39.8078,31.6678,0.5956302,O=C(c1nc(N2CCCC2)ccc1Br)N1CCC(Oc2ccc(C(F)(F)F)cn2)CC1,1,0.6015190,0.6015,0.6186412,0.6186,0.5153996,499.3310,94
32.7001,40.3567,28.3640,0.5726722,Cc1cc([N+](=O)[O-])ccc1-c1ccc(C=NOc2ccc(NS(=O)(=O)c3ccccc3)cc2)o1,1,0.7198952,0.7199,0.2064582,0.2065,0.8882027,477.4980,94
38.4831,38.6230,26.4031,0.5418845,COC(=O)c1cc(C(=O)O)cc(C(=O)OC(C)C(=O)Nc2c(Cl)cc(Cl)cc2Cl)c1,1,0.4889990,0.4890,0.5985193,0.5985,0.9114975,474.6800,94
37.1978,46.4006,-24.7703,0.1802523,COc1ccc(Br)cc1NC(=O)Nc1ccc(C(=O)OCc2cn3ccc(C)c(C)c3n2)cc1,1,0.1661893,0.1662,0.3154054,0.3154,0.1039557,523.3870,94
29.2058,33.5317,-12.3687,0.1763581,Nc1ccc(C(=O)Nc2cccc(C(=O)Nc3nccs3)c2)cc1[N+](=O)[O-],1,0.1130563,0.1131,0.3511162,0.3511,0.9999784,383.3890,94
25.6186,33.0736,14.3960,0.3955800,O=C(Cc1ccc(F)cc1)Nc1c(C(=O)O)cccc1N1CCNCC1,1,0.2871324,0.2871,0.7636321,0.7636,0.9999980,357.3850,94
32.4085,37.1217,-27.8177,0.0775335,CCc1nc(SCCC=C(NC(C)=O)C(=O)O)n[nH]1,1,0.0338970,0.0339,0.3907359,0.3907,0.9999958,284.3410,94
35.5567,38.3880,-0.9367,0.3120942,COc1ccccc1NS(=O)(=O)NC(=O)c1cc(C)nc2ccc(Br)cc12,1,0.2173938,0.2174,0.6212795,0.6213,0.9898114,450.3140,94
44.8701,47.6445,-20.7842,0.2238359,Cc1ccc(-c2n[nH]nc2C(=O)N2CCN(CC(N)=O)CC2C2=CCCC2)cc1,1,0.1280734,0.1281,0.7474045,0.7474,0.9999399,394.4790,94
25.4901,28.4175,32.9459,0.5113614,Cc1ccnc(NS(=O)(=O)c2ccc(NC(=O)c3c(F)cccc3F)cc2)n1,1,0.4282229,0.4282,0.6804988,0.6805,0.9998501,404.3980,94
27.8011,35.6056,27.7163,0.5276825,Cc1ccc(C)c(NC(=O)Nc2ccc(C)nc2OCc2ccc(F)cc2)c1,1,0.4585903,0.4586,0.6264405,0.6264,0.9999850,379.4350,94
29.1626,39.8694,36.0169,0.6323859,CC(=O)CN1CCN(C(=O)c2cc(-c3ccc(C)cc3)nc3c2CCC3)CC1,1,0.5495242,0.5495,0.8221666,0.8222,0.9999874,377.4880,94
29.3021,34.1305,36.8324,0.5913582,Cc1nnc(CCNc2nccc(Nc3ccccc3C(F)(F)F)n2)s1,1,0.5289531,0.5290,0.6718874,0.6719,0.9999835,380.3990,94
31.8838,41.0592,12.0791,0.4428195,CN1N=CC2CN(S(=O)(=O)c3ccc(C(=O)O)cc3)C(=O)C21,1,0.3296944,0.3297,0.8274535,0.8275,0.9999999,323.3300,94
34.2868,35.1187,12.9337,0.4004368,CN1CCC(=NC2=CCN(Cc3ccc(F)cc3)CC2)CC1,1,0.2829740,0.2830,0.8541946,0.8542,0.9999991,301.4090,94
29.8163,37.2880,42.8912,0.6681595,Cc1ccc(C)c(S(=O)(=O)Nc2cc(NC(=O)C3CCCN(S(C)(=O)=O)C3)ccc2C)c1,1,0.6456186,0.6456,0.6613283,0.6613,0.8672316,479.6240,94
30.5332,34.5084,46.0919,0.6716684,Cc1ccc(-c2oc(NC(=O)c3cnn4cccnc34)nc2-c2cccnc2)cc1,1,0.6932173,0.6932,0.4928869,0.4929,0.9999282,396.4100,94
42.4261,44.1599,-31.1730,0.1082240,[N-]=[N+]=NNCC(O)C(=O)Oc1cc(F)ccc1N,1,0.0741403,0.0741,0.1337952,0.1338,0.9999381,255.2090,94
40.9952,44.1828,-23.4361,0.1728887,CC(=O)N1CCN(C(=O)c2ccc(CN3CCCC3=O)cc2)C1C(=O)NCCNC(=O)OC(C)(C)C,1,0.1085497,0.1085,0.5383505,0.5384,0.4635913,501.5840,94
39.4659,38.0838,-26.5940,0.0957478,Cc1cccnc1N1CCC(N2CC3CCC(C2)O3)C1,1,0.0370531,0.0371,0.8217915,0.8218,0.9999884,273.3800,94
68.5063,70.8442,-32.4697,0.3197874,CCN1N=C([S+](N)([O-])c2ccc(C)cc2)[O+]([O-])N=C1C(C)=NNS(=O)(=O)c1ccc(C)cc1,1,0.3059581,0.3060,0.2631711,0.2632,0.6434318,493.5910,94
34.4303,39.3992,-19.0199,0.1698275,Cc1ccc(Nc2nc(NS(=O)(=O)c3ccc(NS(=O)(=O)c4ccc([N+](=O)[O-])cc4)cc3)nc(N3CCOCC3)n2)cc1,1,0.6956668,0.6957,0.1717175,0.1717,0.0000086,626.6770,94
34.6048,38.3489,30.4264,0.5731277,Cc1cc(C(=O)N2CCN(c3ccc(F)cc3)CC2)cc(NS(=O)(=O)c2ccccc2Cl)c1C,1,0.6021461,0.6021,0.5418202,0.5418,0.4538273,502.0110,94
31.1764,35.8979,-22.2778,0.1135009,Cc1ccnc(SCc2cccc(-c3ccc(F)cc3F)n2)n1,1,0.0537091,0.0537,0.5246025,0.5246,0.9999998,329.3750,94
27.9938,34.4558,-22.3822,0.1006134,CN(C)c1ccc(CNC(=O)c2ccc(N3CCCC3)c([N+](=O)[O-])c2)c(O)c1,1,0.0437876,0.0438,0.5868888,0.5869,0.9999762,384.4360,94
28.9902,30.6167,-15.5265,0.1257514,Cc1cccc(N)c1N=Nc1ccc([N+](=O)[O-])cn1,1,0.0674984,0.0675,0.3935932,0.3936,0.9999487,257.2530,94
36.1735,51.4069,45.4382,0.8070421,Cc1cccc(Oc2ncccc2CNS(=O)(=O)N2CCC(C3CNN3)C2)c1,1,0.8343517,0.8344,0.6453408,0.6453,0.9998619,403.5080,94
29.0108,33.4315,15.6580,0.4090792,Cc1cccc(S(=O)(=O)NCCCNc2nc(Cl)nc(N(C)C)n2)c1,1,0.3130304,0.3130,0.6675589,0.6676,0.9999751,384.8930,94
31.0208,36.8645,10.1803,0.3920404,NC(=O)CN1CCN(C(=O)CN2CCC(N3CCNCC3=O)C2)CC1,1,0.3111396,0.3111,0.5512023,0.5512,0.9999987,352.4390,94
37.7859,47.4495,-22.4949,0.2079548,Cc1cccc(NC(=O)c2ccc(-c3ccc(CNn4cnnn4)c(F)c3)cc2)c1C,1,0.1297388,0.1297,0.4945382,0.4945,0.9995448,416.4600,94
41.9731,45.5683,-25.8209,0.1645610,CNc1nccc(-c2sc(NCCOSI)nc2CC(=O)OC)n1,1,0.1165377,0.1165,0.2425599,0.2426,0.8479429,481.3410,94
32.6584,35.7087,19.1715,0.4573350,Cc1ccc(-c2nc(-c3ccccc3)c(CNS(=O)(=O)c3ccccc3)o2)c(C)c1,1,0.4051922,0.4052,0.4725829,0.4726,0.9994498,418.5180,94
37.6786,47.8237,29.3635,0.6432269,O=C(c1cc2c(F)cccc2[nH]1)N1CC(c2c(O)nc(CS)[nH]c2=O)C1,1,0.6400686,0.6401,0.5248440,0.5248,0.9999905,374.3970,94
26.8905,40.2299,30.0515,0.5856788,CN1CCC(N2CC(Oc3nc(Oc4ccc(F)cc4)ccc3N)C2)CC1,1,0.4844571,0.4845,0.8707740,0.8708,0.9999921,372.4440,94
41.1344,44.6726,-44.6726,0.0000000,c1(F)c2nc(n(C)c2c(c(F)c1)Nc1c(cc(cc1)C)CO)=O,0,0.0000000,0.0000,0.0000000,0.0000,0.0000000,0.0000,94
27.8914,32.7027,40.0281,0.6060895,Cc1cccc(C=NOCn2nnc(-c3ccc(F)cc3)n2)c1,1,0.5842065,0.5842,0.5366629,0.5367,0.9999996,311.3200,94
29.7808,42.2537,8.8712,0.4260405,Cc1ccc(S(=O)(=O)Nc2ccc(C(=O)N3CCN(S(=O)(=O)c4cccc(C(N)=O)c4)CC3)c(C)c2)cc1,1,0.7798982,0.7799,0.4566818,0.4567,0.0053829,556.6660,95
28.5203,41.3631,28.6207,0.5831982,Cc1cccc(CN2CCN(C(=O)c3ccccc3Nc3nccc(-n4ccnc4C)n3)CC2)c1,1,0.5811423,0.5811,0.4621523,0.4622,0.9519500,467.5770,95
30.1052,44.6931,48.8614,0.7796208,Cc1cccc(Nc2cc(N3CCN(C(=O)CN4NNC5CCCCC54)CC3)nc(C)n2)c1,1,0.7977287,0.7977,0.6385645,0.6386,0.9895509,450.5910,95
36.7037,44.2748,-23.4499,0.1735412,Cc1ccc2c(c1)CN(S(=O)(=O)c1ccsc1)C2c1ccc(C)c(C)c1,1,0.0930518,0.0931,0.6404438,0.6404,0.9999781,383.5380,95
38.4293,53.4199,9.7168,0.5261386,Cc1ccc(S(=O)(=O)Nc2cc(O)ccc2C(=O)Nc2c(C)c(C)c(C)n2C2CCS(=O)(=O)C2)cc1,1,0.7707693,0.7708,0.4424263,0.4424,0.0513865,531.6560,95
28.4040,38.9015,36.3851,0.6273882,COc1ccc(C(=O)O)cc1NC(=O)Nc1ccc(C(=O)Nc2cccc(C)c2)cc1,1,0.6390963,0.6391,0.4659397,0.4659,0.9994013,419.4370,95
26.2584,29.3257,-10.3758,0.1579161,Cc1cc(C)cc(NC(=O)C(=O)NN=Cc2cccc(Br)c2)c1,1,0.0876639,0.0877,0.4923352,0.4923,0.9999907,374.2380,95
38.7650,56.3117,-10.1107,0.3850085,CN1CCN(C(=O)c2ccnc(OC3CCC4CN(CCN5CCOCC5)C(=O)N43)n2)CC1,1,0.3002023,0.3002,0.5775294,0.5775,0.9764659,459.5510,95
33.2036,39.9723,-16.7603,0.1934337,O=S(=O)(Nc1cccc(OCc2cccc(OCc3ccccn3)c2)c1)c1ccc(F)cc1,1,0.1278384,0.1278,0.3693708,0.3694,0.9633150,464.5180,95
25.4006,25.0369,30.5954,0.4636022,NC(=O)c1ccc(-c2csc(NC(=O)C3CC3)n2)cc1,1,0.3432232,0.3432,0.9040864,0.9041,0.9999968,287.3440,95
42.0345,42.3116,-31.3125,0.0916586,Nc1cc(C(O)c2ccc(I)c(Cl)c2)nc2ccncc12,1,0.0375150,0.0375,0.6327204,0.6327,0.9997082,411.6300,95
33.1510,35.5530,6.7198,0.3522730,Nc1nc(NCC(F)(F)F)sc1C(=O)Nc1ccc(Cn2ccnc2)cc1,1,0.2613486,0.2613,0.5944865,0.5945,0.9999282,396.3980,95
42.8948,57.9749,15.7193,0.6141186,Cc1ccc(NC(=O)NC2CC(N)CN2c2nc(C)c(C)c(Nc3ccc(C)cc3C)n2)cc1,1,0.6285518,0.6286,0.4490153,0.4490,0.9763663,459.5980,95
35.7218,45.0929,20.2113,0.5442013,CC(NC(=O)CN1C(=O)NC2(CCN(Cc3ccc(F)cc3)CC2)C1=O)C1=CCNCC1,1,0.5261814,0.5262,0.4529147,0.4529,0.9945231,443.5230,95
29.3781,32.3858,42.6749,0.6255054,Cc1cc(NC(=O)Nc2ccccc2OCC(=O)NC2CC2)on1,1,0.5546807,0.5547,0.7533633,0.7534,0.9999998,330.3440,95
48.4958,48.9777,15.6120,0.5382478,Cc1cc(Cc2cc(-c3cnc(C(N)=O)c(NCc4cccnc4)c3)on2)n[nH]1,1,0.5213359,0.5213,0.4415783,0.4416,0.9999623,389.4190,95
39.0268,46.5140,-9.9414,0.3047709,Cc1cc2c(NC3COCC3Nc3ccc(S(=O)(=O)N4CCCCC4)cc3[N+](=O)[O-])ncnc2s1,1,0.3219098,0.3219,0.3557541,0.3558,0.1525092,518.6210,95
22.1833,29.7156,63.3351,0.7754221,Cc1cc(C(=O)N2CCN(C(=O)Nc3ccc(C)c(C)c3)CC2)c(C)o1,1,0.7173905,0.7174,0.8964926,0.8965,0.9999983,355.4380,95
33.3813,42.3123,28.2812,0.5882793,CCCN(Cc1ccc(C(=O)Nc2cc(C)ccc2C)cc1)Cc1nc2c(C)cc(C)cc2[nH]1,1,0.6497492,0.6497,0.3210741,0.3211,0.9849296,454.6180,95
23.1358,25.9854,37.4486,0.5286164,Cc1ccc2nc(NC(=O)C=Cc3ccc([N+](=O)[O-])cc3)sc2c1,1,0.5088662,0.5089,0.4391276,0.4391,0.9999996,339.3760,95
34.8238,39.9379,-5.0534,0.2907040,Cc1ccc(C)c(S(=O)(=O)N2CCCN(c3nc(=O)n(-c4ccccc4)c4ccccc34)CC2)c1,1,0.2266069,0.2266,0.4355364,0.4355,0.7405407,488.6130,95
42.7335,45.1476,45.7181,0.7572143,CCc1ccc(C(=O)N2CCC(c3cc(-c4nncn4C)nc(N)n3)C2)cc1,1,0.7307372,0.7307,0.7463330,0.7463,0.9999875,377.4520,95
28.8168,32.5518,20.7788,0.4444215,CN(C)c1ccc(Nc2ncccc2C(=O)NC2CN3CCC2CC3)cc1,1,0.3285162,0.3285,0.8531535,0.8532,0.9999958,365.4810,95
39.3228,38.3885,-4.9323,0.2788018,O=C(c1cccs1)c1cnc(NCc2ccc[nH]2)nc1N1CCOCC1,1,0.1824023,0.1824,0.6499391,0.6499,0.9999940,369.4500,95
32.6999,37.9224,14.0993,0.4335145,COc1cccc(-c2c(O)[nH]n(-c3cccc(C)c3)c2=O)c1,1,0.3252035,0.3252,0.7806839,0.7807,0.9999986,296.3260,95
41.1362,45.6362,32.5301,0.6513860,Cc1nccc(Nc2nccc(OCc3cccc(-c4nc(C5CC5)no4)c3)n2)n1,1,0.6632493,0.6632,0.4935692,0.4936,0.9998859,401.4300,95
29.5746,30.7181,-8.0510,0.1888926,CC1(C)CSc2ccc(N3CC(=O)NC3=O)cc21,1,0.0989635,0.0990,0.7887128,0.7887,0.9999679,262.3340,95
30.4756,38.2897,38.4227,0.6392697,COc1cccc(Nc2nc(C)nc(N3CCN(S(=O)(=O)c4cccc(F)c4)CC3)n2)c1,1,0.6120518,0.6121,0.6016857,0.6017,0.9785541,458.5190,95
30.8039,40.8460,-19.7106,0.1761285,Cc1ccc(N2NNN2)cc1NC(=O)c1ccc(C(=O)O)cc1,1,0.0979044,0.0979,0.5772187,0.5772,0.9999997,313.3170,95
22.3308,32.1989,55.1992,0.7283181,Cc1ccc(N2CCN(c3cc(Nc4ccc(C(=O)O)cc4)ncn3)CC2)cc1,1,0.7067681,0.7068,0.6904693,0.6905,0.9999622,389.4590,95
36.5046,41.7688,-24.0224,0.1478869,Cc1ccc2[nH]c(C(=O)NN=Cc3cccc(OC(=O)Oc4ccc([N+](=O)[O-])cc4)c3)cc2c1,1,0.1144511,0.1145,0.1409771,0.1410,0.9787254,458.4300,95
29.2887,37.7103,39.4342,0.6428706,Cc1ccc(COc2cc(C(=O)N3CCN(c4ncccn4)CC3)ccc2O)c(Cl)c1,1,0.6008556,0.6009,0.6541890,0.6542,0.9964105,438.9150,95
42.0714,41.5166,0.6070,0.3510307,CCc1ccc([S+]([O-])N2CCC(N(Cc3ccccc3)C(=O)c3ccc([N+](=O)[O-])cc3)CC2)cc1,1,0.3509528,0.3510,0.2516571,0.2517,0.6840551,491.6130,95
31.1089,38.6459,53.8545,0.7708362,Cc1ccc(NC(=O)c2ccc(NC(=O)CC3(N)CCC3)c(C)c2)cc1C,1,0.7495457,0.7495,0.7464796,0.7465,0.9999958,365.4770,95
25.5173,28.9548,58.8988,0.7321138,COc1ccc(C(=O)OCc2nc(-c3ccc(C)c(C)c3)no2)cc1,1,0.7212275,0.7212,0.6601462,0.6601,0.9999996,338.3630,95
38.0191,52.3842,-1.7089,0.4222946,Cc1ccc(Cl)cc1Nc1nc(Nc2ccc(Cl)c(F)c2)cc(C(=O)OCCOc2ccccc2)n1,1,0.6906382,0.6906,0.1799414,0.1799,0.0743256,527.3830,95
28.6227,30.0564,3.4747,0.2794262,NN(c1ccccc1)c1nccc(-c2ccc(F)cc2)n1,1,0.1880651,0.1881,0.5905524,0.5906,0.9999939,280.3060,95
31.6225,39.1156,50.9323,0.7503991,Cc1ccc(C(C)NC(=O)c2cccc(NC(=O)c3ccccc3-n3cnnn3)c2)cc1C,1,0.8230049,0.8230,0.4714731,0.4715,0.9958460,440.5070,95
35.8546,41.2244,39.8883,0.6759389,COc1ccc(C)cc1C(=O)Nc1cccc(S(=O)(=O)NCc2ncno2)c1,1,0.6550666,0.6551,0.6202477,0.6202,0.9998749,402.4320,95
31.7235,38.1948,41.3220,0.6626397,Cc1cc(S(=O)(=O)Nc2cccc(C(=O)N3CCNCC3)c2)ccc1N1CCNCC1,1,0.6303776,0.6304,0.6441437,0.6441,0.9944980,443.5730,95
31.6722,38.8581,47.9213,0.7231622,Cc1cn(Cc2ccc(F)cc2)nc1NC(=O)NC1CCN(C(N)=O)CC1,1,0.6800736,0.6801,0.7624915,0.7625,0.9999905,374.4200,95
37.7886,44.7276,12.0507,0.4731527,Cc1ccc(-c2nc(N3CCN(C)CC3)nc3c2CCN(S(=O)(=O)c2ccccc2C)CC3)cc1C,1,0.4716414,0.4716,0.5396672,0.5397,0.3719447,505.6880,95
33.1688,38.2511,-0.3609,0.3157517,O=S(=O)(NCc1ccc(Br)o1)Nc1cc(-c2ccccc2)nn1-c1ccccc1,1,0.2500951,0.2501,0.4180793,0.4181,0.9208806,473.3520,95
24.3832,28.7817,37.8613,0.5553583,COc1ccc(C(=O)NNC(=O)CN(C)S(=O)(=O)c2ccccc2)cc1OC,1,0.4868712,0.4869,0.6560851,0.6561,0.9998015,407.4480,95
36.8849,45.8117,-7.8201,0.3165974,O=C(c1cccs1)N1CC(n2ccnc2CN2Cc3cnn(-c4ccccc4)c3C2)C1,1,0.2375425,0.2375,0.4873077,0.4873,0.9983375,430.5370,95
39.7903,44.0157,4.1608,0.4014708,Cc1csc(C2CCN(C(=O)c3cccc4c3N(Cc3cc(F)cc(Cl)c3)C(=O)C4)CC2)n1,1,0.3404618,0.3405,0.5021192,0.5021,0.8136680,483.9960,95
27.2658,31.2536,36.3616,0.5634594,Cc1ccc(-c2csc(NC(=O)c3sccc3S(=O)(=O)N3CCCC3)n2)cc1,1,0.4977650,0.4978,0.6534406,0.6534,0.9978009,433.5800,95
36.6054,39.3183,-7.3577,0.2663384,Cc1cc(CS(=O)(=O)NCc2ccccc2F)c(-c2ccccc2)n1C,1,0.1661880,0.1662,0.7162619,0.7163,0.9999921,372.4650,95
30.4669,39.5149,56.4122,0.7993928,Cc1cc(Cl)ccc1NC(=O)c1cccc(N2CCN(S(N)(=O)=O)C2=O)c1,1,0.7719551,0.7720,0.8077521,0.8078,0.9997737,408.8670,95
35.0928,36.0949,26.9006,0.5249628,O=C(NCCC(O)c1cccc(Cl)c1)Nc1cccc(NC(=O)C2CC2)c1,1,0.4654100,0.4654,0.5797284,0.5797,0.9999673,387.8670,95
24.9665,28.8959,42.1423,0.5919852,CN(Cc1nnc(-c2ccccc2)o1)C(=O)c1ccc(O)cc1,1,0.5037543,0.5038,0.8012878,0.8013,0.9999996,309.3250,95
41.2949,48.9050,17.1213,0.5502197,Cc1cccc2c1OC(C)(N1CCN(S(=O)(=O)c3ccccc3)CC1)C(=O)N2CCc1cccs1,1,0.6297768,0.6298,0.5042940,0.5043,0.2544999,511.6690,95
26.9621,29.0825,-4.4884,0.2049509,CN1CCC(N(C)c2cncc(C(=O)O)c2)C1,1,0.1090738,0.1091,0.8439403,0.8439,0.9996125,235.2870,95
38.8068,48.1146,-19.4394,0.2389593,Cc1nn(-c2ccccc2)c(CN(C)CC2CCN(C)C2)c1CNC(=O)c1ccc(Cl)cc1Cl,1,0.1764279,0.1764,0.4829932,0.4830,0.4890875,500.4740,95
27.4961,34.0231,53.0208,0.7253660,Cc1ccc(-c2noc(-c3cccc(NC(=O)C(=O)Nc4ccc(F)cc4)c3)n2)cc1,1,0.7796802,0.7797,0.4799287,0.4799,0.9995468,416.4120,95
31.6086,32.2284,-4.5253,0.2308592,CC(C)Oc1ccc(C(=O)Nc2cnc(Br)cn2)c(N)c1,1,0.1300362,0.1300,0.8270107,0.8270,0.9999989,351.2040,95
31.4909,40.1932,10.1863,0.4198291,CCC(CN1CCN(Cc2ccc(F)cc2)CC1)N(c1ccc(F)cc1)S(C)(=O)=O,1,0.3295837,0.3296,0.6355828,0.6356,0.9968314,437.5560,95
35.7411,39.3501,-10.0632,0.2440574,Cc1c(NC2(CN)CCCC2)nc(N)c(C(N)=O)c1C#N,1,0.1515433,0.1515,0.6391192,0.6391,0.9999971,288.3550,95
32.9518,36.5913,36.7079,0.6108267,Cn1c(=O)c2nc(NC3CCCN(C(=O)c4ccccc4)C3)sc2n(C)c1=O,1,0.5433062,0.5433,0.7193732,0.7194,0.9999047,399.4760,95
38.8666,45.1423,31.4458,0.6382338,Cc1cccc(-c2cc(NC3CN(Cc4ccccc4)CCN3C)nc(S(C)(=O)=O)n2)c1,1,0.6170033,0.6170,0.5772895,0.5773,0.9885491,451.5960,95
31.4683,33.5059,41.5409,0.6253906,Cc1ccc(Oc2ccc(S(=O)(=O)NNC(=O)c3cc(C)oc3C)cc2)cc1,1,0.5873514,0.5874,0.6160790,0.6161,0.9998957,400.4560,95
28.3150,34.1257,36.2746,0.5866697,COc1ccc(NC(=O)N2CCC(N3CCN(c4cccc(C)c4)CC3)C2)cc1OC,1,0.4981470,0.4981,0.7969391,0.7969,0.9990420,424.5450,95
31.1201,35.5164,-18.9568,0.1379963,Nc1ccc(-c2csc(SC3C(=O)Nc4ccccc43)n2)cc1,1,0.0653190,0.0653,0.7025841,0.7026,0.9999996,339.4450,95
28.6422,39.3357,-18.1531,0.1765215,Cc1ccc(NS(=O)(=O)N2CC(C)(C)Oc3ncc(Br)cc32)cc1Br,1,0.0980652,0.0981,0.6975798,0.6976,0.6921203,491.2050,95
33.2362,40.7761,29.1652,0.5828443,Cc1ccnn1-c1nc(N)nc2sc(C(=O)Nc3nc4ccccc4s3)cc12,1,0.5730136,0.5730,0.4723116,0.4723,0.9998008,407.4840,96
26.7457,33.4444,51.9072,0.7112637,Cc1ccccc1NC(=O)c1nccc(N2CCN(c3ccc(F)cc3)CC2)n1,1,0.6704734,0.6705,0.7376117,0.7376,0.9999545,391.4500,96
30.8742,28.7265,-21.4658,0.0605057,CC(=O)NCCCNS(=O)(=O)c1c(C)csc1CN,1,0.0207379,0.0207,0.6314015,0.6314,0.9999994,305.4250,96
31.7270,35.6956,22.3277,0.4835270,CN(C(=O)CN(C)S(=O)(=O)c1ccc(C(=O)NCc2ccc(Cl)cc2)cc1)c1ccccc1,1,0.4399886,0.4400,0.5282692,0.5283,0.7841626,485.9930,96
25.2322,28.2780,-5.6473,0.1885893,O=C1CN(C(=O)NCc2ccccc2CN2CCCC2=O)CCN1,1,0.0969441,0.0969,0.8409308,0.8409,0.9999998,330.3880,96
31.1471,30.6501,11.1646,0.3484553,O=Nc1ccccc1C(=O)NC1CCCc2ccccc21,1,0.2310166,0.2310,0.8669324,0.8669,0.9999939,280.3270,96
32.8459,38.9185,12.8405,0.4313254,Cc1nc(Nc2ccc(F)cc2)cc(N2CCN(c3ccc(S(=O)(=O)N4CCC(C)CC4)cn3)CC2)n1,1,0.5149504,0.5150,0.5193558,0.5194,0.0860522,525.6540,96
34.3672,34.7618,2.7001,0.3121828,Cc1nc(NC(=O)C(C)OC(=O)C2CCCC2)cs1,1,0.1977969,0.1978,0.8615445,0.8615,0.9999949,282.3650,96
36.9708,46.1560,24.5686,0.5893719,Cc1cccc(-c2cc3n(n2)CC(Sc2nnc(-c4ccccc4)c(C)n2)C(=O)N3)c1,1,0.5646644,0.5647,0.5259939,0.5260,0.9986188,428.5210,96
45.4696,51.4027,-51.4027,0.0000000,c1cc(O)ccc1[C@H]1N(c2nc(cnn21)Nc1cccc(c1C)C)CCc1ncccc1,0,0.0000000,0.0000,0.0000000,0.0000,0.0000000,0.0000,96
44.7755,45.3830,-26.9115,0.1539287,O=C(O)Cc1cc(-c2nc3ccc(CC(=O)O)cc3[nH]2)cc(C2CCCN2)c1,1,0.0830535,0.0831,0.5234167,0.5234,0.9999850,379.4160,96
29.6493,32.5821,38.2272,0.5900776,Cc1cc(Nc2ccc(NS(=O)(=O)c3cnn(C)c3)cc2)nc(-n2cccn2)n1,1,0.5737423,0.5737,0.5001421,0.5001,0.9997379,410.4630,96
30.9645,44.0891,14.8531,0.4911851,COc1ccc(C2(O)NC(=O)N(NC3CCS(=O)(=O)C3)C2=O)cc1OC,1,0.4285498,0.4285,0.5549156,0.5549,0.9999740,385.3980,96
33.2295,39.7515,22.7149,0.5205538,CS(=O)(=O)Nc1cccc(-c2oc3oc(=O)ccc3c2CO)c1,1,0.4266386,0.4266,0.7535596,0.7536,0.9999998,335.3370,96
26.3332,30.2111,45.2893,0.6291698,N#Cc1ccc(CSc2nnc(N3CCC(N)C3)o2)cc1,1,0.5385257,0.5385,0.8602350,0.8602,0.9999991,301.3750,96
30.4751,33.2455,-19.7244,0.1126753,Cc1nc(C)n(-c2ccc(Cl)c(NS(=O)(=O)c3c(C)noc3C)c2)n1,1,0.0480880,0.0481,0.7447641,0.7448,0.9999812,381.8450,96
30.9134,37.6191,54.8314,0.7704211,Cc1ccc(C(=O)Nc2nc(C(=O)N3CCN(c4cnccn4)CC3)cs2)cc1C,1,0.7644320,0.7644,0.6952284,0.6952,0.9992053,422.5140,96
35.3669,42.0662,27.8448,0.5825915,Cc1ccc2c(c1)C(=O)N(Cc1c(C(=O)Nc3ccc(C(=O)O)cc3)oc3ccccc13)C2=O,1,0.5897125,0.5897,0.4293614,0.4294,0.9851737,454.4380,96
28.0113,30.9876,-12.1755,0.1567673,COc1ccc2c(c1)CCC(Nc1ccc(C(=O)O)cc1)N2,1,0.0752939,0.0753,0.8083845,0.8084,0.9999988,298.3420,96
32.9299,38.2920,32.3600,0.5887670,Cc1ccc(NC(=O)c2cccc(S(=O)(=O)N3CCN(C(C)c4cccs4)CC3)c2)cc1,1,0.5523567,0.5524,0.5818413,0.5818,0.9425133,469.6320,96
40.2240,39.3871,-34.5479,0.0403271,CN(CC1Cc2[nH]c3ccc(Cl)cc3c2C1)N=O,1,0.0113577,0.0114,0.6830892,0.6831,0.9999717,263.7280,96
29.3201,37.9990,26.6946,0.5391135,COc1cc(C=NNC(N)=O)ccc1OCc1csc(Nc2ccccc2F)n1,1,0.5436750,0.5437,0.3844179,0.3844,0.9995852,415.4500,96
38.2872,43.8235,39.5563,0.6948317,Cc1ccc(NC(=O)c2ccc(NC(=O)c3ccc(Cl)cc3)c(-c3ncn[nH]3)c2)cc1C,1,0.7784610,0.7785,0.3904396,0.3904,0.9931856,445.9100,96
33.5691,39.4058,6.9552,0.3863418,CCCOc1cc(OC)nc(NS(=O)(=O)c2cc(C(=O)N3CCCCC3)ccc2C)n1,1,0.2896818,0.2897,0.6607317,0.6607,0.9913300,448.5450,96
30.1994,36.0553,23.5741,0.4969120,Cc1nn(C)c(C)c1C(=O)N1CCN(c2ccc(CNC(=O)c3ccncc3)cn2)CC1,1,0.4150835,0.4151,0.6582614,0.6583,0.9978138,433.5160,96
26.0517,26.4982,7.1064,0.2800380,O=C1CN(C(=O)c2cnc3ccccc3c2)CC(=O)N1,1,0.1757510,0.1758,0.7567385,0.7567,0.9999830,269.2600,96
28.4032,33.2726,54.7051,0.7331478,Cc1ccc(-c2cc(CN(C)Cc3nc4sc(C)c(C)c4c(=O)[nH]3)no2)cc1,1,0.7617368,0.7617,0.5491024,0.5491,0.9999397,394.5000,96
31.1194,39.0547,11.2530,0.4192307,CC(C)(C)c1ccc(O)c(NC(=O)C(=O)NN=Cc2cc(O)ccc2O)c1,1,0.4673855,0.4674,0.1855254,0.1855,0.9999928,371.3930,96
34.6165,46.7767,35.3578,0.6844540,Cc1cn(CCN2C(=O)NCC23CN(S(=O)(=O)c2cccc(F)c2)C3)c(=O)[nH]c1=O,1,0.6583818,0.6584,0.6497278,0.6497,0.9968613,437.4530,96
27.0488,36.6490,-14.6283,0.1835058,Cc1cc(C)nc(NC2CCN(Cc3cc(C)ccc3C)C2)c1,1,0.0907298,0.0907,0.9249615,0.9250,0.9999996,309.4570,96
28.4754,33.9045,19.2154,0.4426656,c1ccc(-c2cc(-n3ccnc3)nc(-c3ncccn3)n2)nc1,1,0.3653587,0.3654,0.5765819,0.5766,0.9999991,301.3130,96
34.2583,35.4700,-16.2469,0.1601921,Cc1ccc(NC(=O)c2oc(-c3ccc(F)cc3)nc2C)cc1S(=O)(=O)N1CCCC1,1,0.0830790,0.0831,0.6399940,0.6400,0.9945346,443.5000,96
35.1396,40.2284,26.9130,0.5595120,COc1ccccc1Nc1nc(-c2ccco2)nc2ccc(NS(=O)(=O)c3cccc(Cl)c3)cc12,1,0.7348027,0.7348,0.2745851,0.2746,0.3447825,506.9710,96
37.7922,44.6767,20.3180,0.5416224,Cc1ccc(C(=O)N2CCC(C3(Cc4ccc(F)cc4)COC(C)(C)O3)C2)s1,1,0.4506880,0.4507,0.7584852,0.7585,0.9998617,403.5190,96
35.6815,40.2121,17.2009,0.4784409,O=C(Nc1nnc(S(=O)(=O)N2CCOCC2)s1)c1ccc(C=C[N+](=O)[O-])s1,1,0.4511481,0.4511,0.4068351,0.4068,0.9981874,431.4770,96
49.0352,55.9065,14.7518,0.5888192,Cc1ccc(NC(=O)CN2CCc3cc(CNC(=O)c4ccc(F)cc4F)c(NC(=O)O)cc32)cc1C,1,0.7342581,0.7343,0.3728424,0.3728,0.3132043,508.5250,96
50.9160,52.2922,-25.7275,0.2213723,Fc1ccc(N(c2cnn(-c3ccc(-c4ccccc4)cc3)c2)[n+]2nccs2)cc1,1,0.1530669,0.1531,0.3789779,0.3790,0.9996203,414.4890,96
30.2256,33.9954,49.7709,0.6980527,CC1CCCN(S(=O)(=O)N2CCCC(C(=O)Nc3ccc(F)c(C#N)c3)C2)C1,1,0.6316984,0.6317,0.8273788,0.8274,0.9997813,408.4990,96
40.9238,47.7081,13.2780,0.5082177,CCc1cc(=O)nc(-c2ccnc(Oc3c(F)ccc(F)c3F)c2N)[nH]1,1,0.4218358,0.4218,0.6954201,0.6954,0.9999969,362.3110,96
39.4280,47.3154,-11.8776,0.2953154,COc1cccc(CN[N+](=O)Oc2ccc(C#N)cc2N)c1,1,0.2003369,0.2003,0.6241188,0.6241,0.9999989,299.3100,96
31.1377,34.9566,14.4710,0.4118965,NC(=O)c1nc2c(s1)CN(C(=O)c1ccc(F)c(Cl)c1)C2,1,0.2885076,0.2885,0.9191577,0.9192,0.9999999,325.7520,96
31.8409,40.1923,40.8813,0.6756133,N#CCn1c(=NOC(=O)C=Cc2ccc(C(=O)O)cc2)sc2ccccc21,1,0.7333485,0.7333,0.4167810,0.4168,0.9999850,379.3970,96
31.1625,37.6272,40.9757,0.6550241,COc1ccc(CNC(=O)CN2Cc3ccc(-c4noc(C5CC5)n4)cc3C2=O)cc1OC,1,0.6441272,0.6441,0.5646319,0.5646,0.9913821,448.4790,96
30.8960,45.0529,-0.0525,0.3750035,Cc1cccc(N2CC(NC(=O)NCc3cc(N)nc(N4CCCC4)n3)C2)c1,1,0.2696516,0.2697,0.7283998,0.7284,0.9999818,381.4840,96
30.1061,33.1938,-10.7187,0.1872927,Cc1cccc(Nc2nc(NC(c3ccccc3)(c3ccccc3)c3ccccc3)nc(-c3ccccc3)n2)c1,1,0.1916110,0.1916,0.1995650,0.1996,0.1406364,519.6520,96
36.1839,37.2634,52.6397,0.7491928,Cc1ccc(S(=O)(=O)Nc2ccc(F)c(N3C(=O)C4C5C=CC(C5)C4C3=O)c2)cc1,1,0.7657680,0.7658,0.6010022,0.6010,0.9988564,426.4690,96
45.4476,49.0597,25.8666,0.6243857,CCCOc1ccc(-c2nc3sccn3c2CNC23CC4CC(C)(CC(O)(C4)C2)C3)cc1,1,0.6216566,0.6217,0.5039039,0.5039,0.9885074,451.6360,96
29.1222,33.9448,15.9753,0.4160007,COc1ccc(C(=O)ON=Cc2ccc(OC)c(O)c2)c(OC)c1,1,0.3487598,0.3488,0.4973108,0.4973,0.9999998,331.3240,96
46.2846,48.8718,-13.9740,0.2908146,Nc1ncnc2c1N=CC2(N)CNC(=O)C(O)c1cccc(F)c1,1,0.1965477,0.1965,0.6179364,0.6179,0.9999998,330.3230,96
36.6998,43.3166,21.6571,0.5414480,COc1cc(CNC2NCCCN2)ccc1OCCOc1cccc(NC(=O)c2ccccc2)c1,1,0.5878909,0.5879,0.3155047,0.3155,0.8963525,476.5770,96
31.2268,42.6436,43.6875,0.7194255,O=C(NCc1nnnn1-c1ccc(F)cc1)Nc1nc(-n2ccnc2)ccc1Cl,1,0.7536875,0.7537,0.5186054,0.5186,0.9996436,413.8040,96
51.0951,60.0272,14.2500,0.6189768,O=C1C2N(CCN1c1ccccc1)C(=O)C2(O)N1c2nc(Nc3ccccc3)ccc2NC1O,1,0.6426282,0.6426,0.4317206,0.4317,0.9786332,458.4780,96
37.3743,41.3297,7.8444,0.4097840,CNc1c(O)cc(S(=O)(=O)Nc2cc(OC)c(Cl)cc2OC)cc1OC,1,0.3218290,0.3218,0.6111038,0.6111,0.9998699,402.8560,96
36.4670,43.1583,-17.6737,0.2123716,COc1c(C)cc(CNC(=O)NCc2ccc(C)cc2)cc1-c1cccc(O)c1,1,0.1282358,0.1282,0.5720835,0.5721,0.9999584,390.4830,96
22.9597,29.4102,28.4563,0.4822203,NNc1nc(N2CCN(Cc3cccs3)CC2)c2ccsc2n1,1,0.4167151,0.4167,0.5582002,0.5582,0.9999993,346.4850,96
38.4727,52.5343,-2.6543,0.4156667,Cc1ccc(S(=O)(=O)N(C)C2OC3(CCNCC3)c3cc(-c4nc(C)cs4)ccc32)c(C)c1,1,0.3423529,0.3424,0.5842561,0.5843,0.8183283,483.6590,96
38.6403,39.5714,-18.0604,0.1792582,Cc1csc(SCCN2CCC3(CC2)NNC(=O)N3c2ccc(F)cc2)n1,1,0.0933196,0.0933,0.7456467,0.7456,0.9997998,407.5400,96
34.0405,38.9668,41.7421,0.6725739,Cc1ccc(Br)c(N2CCN(C(=O)CNc3ccc(NS(C)(=O)=O)cc3)CC2)c1,1,0.6533031,0.6533,0.6635046,0.6635,0.8470503,481.4160,96
26.1726,30.8440,46.0492,0.6407760,Cc1cccc(Nc2cc(NC(=O)N3CCOCC3)nc(C)n2)c1,1,0.5446578,0.5447,0.9059375,0.9059,0.9999999,327.3880,96
38.5608,40.6653,-12.2742,0.2365920,Cc1cncnc1C1(O)CC2CCC(C1)N2S(C)(=O)=O,1,0.1330857,0.1331,0.8620676,0.8621,0.9999987,297.3800,96
37.1013,48.9800,39.3413,0.7360104,CC1=NNC(=O)N(CC(=O)Nc2c(C(=O)Nc3c(C)cccc3C)oc3ccccc23)C1,1,0.7582656,0.7583,0.5695319,0.5695,0.9978234,433.4680,96
25.9098,31.5677,38.6437,0.5850953,Cc1nonc1C(=O)N1CCN(c2cc(N3CCN(C)CC3)ncn2)CC1,1,0.5086287,0.5086,0.7306879,0.7307,0.9999921,372.4330,96
30.8643,32.5519,49.1658,0.6809809,NC1=C(C(=O)Nc2cccc(S(N)(=O)=O)c2)C(=O)C2CCCCC2O1,1,0.6476794,0.6477,0.6697538,0.6698,0.9999959,365.4110,96
39.2072,46.1479,-33.0447,0.1091939,Cc1ccnc(NC(=O)c2cc(N3C4CCC3C(O)C4)nc3ccc(F)cc23)c1,1,0.0465364,0.0465,0.7140499,0.7140,0.9999502,392.4340,96
34.1600,43.3544,30.5066,0.6155080,CCOC(=O)n1c(-c2ccc(C)cc2)cc2c1CN(C(=O)Nc1cccc(C)c1)C2,1,0.5670854,0.5671,0.6433227,0.6433,0.9998622,403.4820,97
46.2609,50.7489,7.3534,0.4841862,C=NS(=O)(=O)Oc1ncc(Nc2ncnc3sc(C)c(C)c23)c(C)c1C,1,0.3988003,0.3988,0.6643975,0.6644,0.9999544,391.4780,97
25.6416,37.5408,45.2072,0.6895669,Cc1cc(C)cc(NC(=O)N2CC(n3ccc(-c4cccc(C)c4)n3)C2)c1,1,0.6398554,0.6399,0.7440399,0.7440,0.9999974,360.4610,97
40.4496,42.9707,-16.7465,0.2185349,O=C1C(NS(=O)(=O)c2cccn2Cc2ccccc2)CCN1Cc1ccc(N2CCCC2)cc1,1,0.1383937,0.1384,0.5395889,0.5396,0.8775417,478.6180,97
31.4420,31.9441,9.5453,0.3457446,Cc1ccc(OCCCNCc2occc2Br)c(C)c1,1,0.2365085,0.2365,0.7679159,0.7679,0.9999996,338.2450,97
26.6438,35.7057,49.7017,0.7117285,Cc1ccc(Nc2cc(-c3ccccn3)nc(Nc3ccc(C)c(C)c3)n2)nc1,1,0.7566064,0.7566,0.4847647,0.4848,0.9999801,382.4710,97
40.4846,43.1417,39.3930,0.6877896,Cc1cccc(N2CCN(C(=O)Nc3ccc(-c4nc5ncncc5[nH]4)c(C)c3)CC2=O)c1,1,0.7122460,0.7122,0.5058977,0.5059,0.9954520,441.4950,97
32.6073,33.0142,21.4707,0.4540405,O=C(NCc1cn[nH]c1-c1ccccc1)c1ccn(-c2cccc([N+](=O)[O-])c2)n1,1,0.4240726,0.4241,0.3885434,0.3885,0.9999657,388.3870,97
31.9131,39.3861,46.7446,0.7177554,NS(=O)(=O)c1nnc(Nc2cc(-c3cccnc3)nc(N3CCCCC3)n2)s1,1,0.7093060,0.7093,0.6339923,0.6340,0.9994504,418.5080,97
38.9681,46.2828,-3.7982,0.3540385,Cc1ccc(-c2cc(CN3CCC4CCC(C3)N4C(=O)OCc3ccco3)on2)cc1,1,0.2627178,0.2627,0.5986822,0.5987,0.9992763,421.4970,97
34.1829,40.8002,46.9468,0.7312250,Cc1ccc2c(Nc3ccccc3C)nc(N3CCN(C(=O)c4cc(F)cc(F)c4)CC3)nc2c1,1,0.8182751,0.8183,0.4398300,0.4398,0.9196981,473.5270,97
37.2089,42.8118,43.8785,0.7224193,Cc1ccc(-c2nc(Nc3ncc(-c4cncc(C)c4)cc3C(N)=O)sc2C)cc1,1,0.7767692,0.7768,0.4764479,0.4764,0.9995825,415.5220,97
31.5752,41.0816,34.3086,0.6282517,CC(C)c1nc(NN)cc(Nc2cccc(NS(=O)(=O)c3ccc(F)cc3)n2)n1,1,0.7004602,0.7005,0.3403570,0.3404,0.9995005,417.4700,97
34.8453,39.4467,40.8850,0.6694315,Cc1cc(Oc2cccc(C(=O)NCCc3ccc(C(=O)O)cc3)c2)nc(N(C)C)n1,1,0.6599489,0.6599,0.5759535,0.5760,0.9993416,420.4690,97
54.5754,59.3509,-7.2241,0.4343900,COC(=O)c1cc(Nc2nc(Nc3ccccn3)nc(N3CCc4cc(C)ccc4C3)n2)ccc1C1=CC=CCC1,1,0.8115974,0.8116,0.2647677,0.2648,0.0147124,545.6470,97
25.9947,31.0681,12.6100,0.3639843,Cc1ccc(C(=O)Nc2cccc(F)c2)cc1S(=O)(=O)NCCc1cccs1,1,0.2719004,0.2719,0.6096754,0.6097,0.9994500,418.5150,97
40.6362,48.8395,33.1679,0.6833953,Cc1ccc(N2Cc3cn(-c4ccc(C)c(C)c4)c(=O)n3C3CN(S(C)(=O)=O)CC32)cc1C,1,0.6776853,0.6777,0.5950601,0.5951,0.9558754,466.6070,97
27.6902,31.8383,43.9398,0.6314844,NS(=O)(=O)N1CCN(C(=O)c2csc(Nc3ccc(F)cc3)n2)CC1,1,0.5496325,0.5496,0.8157655,0.8158,0.9999738,385.4460,97
40.5222,45.4137,22.0726,0.5623860,Cc1cc(C)c(S(=O)(=O)Nc2ccccc2N)cc1NC(=O)CC(=O)NN,1,0.7384823,0.7385,0.1625519,0.1626,0.9999545,391.4530,97
32.3946,36.2255,60.1558,0.8031773,NS(=O)(=O)c1ccc(F)c(N2CC(CNC(=O)c3ccc(Cl)cc3)OC2=O)c1,1,0.7925357,0.7925,0.7546977,0.7547,0.9987026,427.8410,97
32.1902,39.4536,24.9333,0.5365574,Cc1cccc(C)c1NC(=O)NS(=O)(=O)N1CCN(C=NN2CCOCC2)CC1,1,0.4930759,0.4931,0.5285554,0.5286,0.9990435,424.5270,97
41.9548,45.3792,19.6996,0.5423232,Cc1ccc(NC(=O)N(C)C2CCNc3c(Br)cncc32)cc1F,1,0.4447567,0.4448,0.7996024,0.7996,0.9999462,393.2600,97
32.9024,36.6529,17.2360,0.4490744,COc1ccccc1Oc1ncccc1NC(=S)Nc1ccc(C(=O)O)c(C)c1,1,0.3873986,0.3874,0.5047657,0.5048,0.9997609,409.4670,97
40.5108,48.7495,15.4976,0.5353924,CC(C)N(CCN1CCc2ncnc(OC3CCN(S(N)(=O)=O)CC3)c2C1)C(=O)O,1,0.4715182,0.4715,0.6126412,0.6126,0.9949939,442.5420,97
38.5163,48.6875,-10.7401,0.3162287,CC1=NC(NNc2ccccc2)N(c2cccc(C)c2)N=C1C(=O)Nc1nccs1,1,0.2314058,0.2314,0.5306735,0.5307,0.9993970,419.5140,97
33.1674,44.6881,28.6728,0.6113409,Cc1ccc(N2CN(c3cccc(C(F)(F)F)c3)N(S(=O)(=O)c3ccc(F)cc3)C2)cc1C,1,0.6244775,0.6245,0.4761139,0.4761,0.8685516,479.4990,97
35.5469,44.0215,-24.6214,0.1616677,Cc1ccccc1NC(=O)c1cccc(Nc2nccc(-c3cccc4sc5ccccc5c34)n2)c1,1,0.1127556,0.1128,0.2606800,0.2607,0.7745502,486.6000,97
33.6205,40.7356,8.5044,0.4103330,COc1ccc(CN2CCN(S(=O)(=O)c3ccc(C)cc3)CC2COc2ccccc2)cc1F,1,0.3559117,0.3559,0.4819875,0.4820,0.8051876,484.5930,97
32.9000,38.7757,18.0917,0.4738944,Cc1cc(NC(=O)CC2Oc3ccccc3N(N3CCOCC3)C2=O)n(C)n1,1,0.3607140,0.3607,0.8478967,0.8479,0.9999739,385.4240,97
27.8563,35.7347,35.3907,0.5927113,Cc1cc(C)c2c(c1)sc(=NC(=O)Nc1ccc(-c3csc(C)n3)cc1)n2C,1,0.5837844,0.5838,0.4812603,0.4813,0.9997802,408.5520,97
32.1949,44.6635,3.0095,0.3972746,Cc1ccc(Nc2cc(Sc3sc(N)nc3C)nc(NN)n2)cc1Cl,1,0.3801323,0.3801,0.2922099,0.2922,0.9999428,393.9290,97
31.5239,34.1206,-22.4148,0.0975480,Nc1c(O)cccc1NCC1CNCN1,1,0.0484372,0.0484,0.3539773,0.3540,0.9953508,208.2650,97
29.9846,34.0077,-10.2128,0.1982912,COc1ccc(-c2nnc(NC(=O)C(C)(C)Oc3ccc(C)cc3C)s2)cc1OC,1,0.1151704,0.1152,0.5916957,0.5917,0.9987397,427.5260,97
30.3067,31.6761,-27.6274,0.0337386,CC(=O)N1CCC(NC(C)CCBr)C1,1,0.0084850,0.0085,0.7768830,0.7769,0.9999703,263.1790,97
33.1843,39.7978,38.5554,0.6529430,CCOc1nc(NCc2cnc3[nH]ccc3c2)nc(Nc2ccc(C)cc2)n1,1,0.6827005,0.6827,0.4514118,0.4514,0.9999896,375.4360,97
25.2527,30.5280,43.8115,0.6194962,O=C(COc1ccc(F)c(F)c1)N1CCN(c2nc3ccccc3s2)CC1,1,0.5616996,0.5617,0.6869688,0.6870,0.9999622,389.4270,97
31.8292,44.1026,22.1494,0.5521002,Cc1ccc(C(=O)O)cc1NC(=O)c1cccc(CSc2nnnn2-c2c(C)cccc2F)c1,1,0.5772120,0.5772,0.3725728,0.3726,0.8879920,477.5210,97
35.0479,34.6326,-7.9292,0.2225279,CCc1ccc(N2CC(N)C2c2ccc(C(C)(C)C)cc2)cc1,1,0.1201236,0.1201,0.9082864,0.9083,0.9999995,308.4690,97
30.4022,27.9051,-7.4135,0.1707634,CC(N)C(O)Cc1cc(F)ccc1F,1,0.0863189,0.0863,0.7718560,0.7719,0.9911388,201.2160,97
35.6411,41.3659,60.2444,0.8467532,CNC(=O)c1ccc(N2CCC(N3CCN(C(=O)c4cc(C)cc(C)c4)CC3)C2)nc1,1,0.8348976,0.8349,0.8188905,0.8189,0.9992731,421.5450,97
34.2095,40.7721,41.3548,0.6843905,Cc1ccc(NC(=O)C23CC(CN2)N(C(=O)OCc2ccccc2)C3)cc1,1,0.6045528,0.6046,0.8739787,0.8740,0.9999958,365.4330,97
24.5304,30.1521,35.3487,0.5458401,CN1CCN(CC(=O)NCc2ccc(F)c(C(=O)O)c2)CC1,1,0.4452028,0.4452,0.8229521,0.8230,0.9999996,309.3410,97
47.0485,57.2783,-12.6511,0.3718933,Cc1ccc(C)c(NP(=O)(NC(C)C(=O)O)Oc2cccnc2NCCc2cn(C)cn2)c1,1,0.3444061,0.3444,0.3082625,0.3083,0.9265003,472.4860,97
30.2168,37.5785,-14.7248,0.1904475,COc1ccc(-c2ccc(C(=O)N3CCC(Nc4ncccc4C)CC3)[nH]2)cc1,1,0.1041234,0.1041,0.6878047,0.6878,0.9999583,390.4870,97
35.8357,36.3820,-31.5887,0.0399443,CC1(C)c2ccccc2OCCN1c1nc(CN2CCCCC2)cs1,1,0.0106326,0.0106,0.8204117,0.8204,0.9999980,357.5230,97
26.1259,33.8031,7.2021,0.3417099,O=S(=O)(NCCC1CCN(Cc2ccncc2)C1)N1CCOCC1,1,0.2323969,0.2324,0.7699840,0.7700,0.9999985,354.4760,97
49.0233,52.0636,-7.5126,0.3712585,Cc1ccc(C(=O)C2CNNC2C(=O)CNc2cc(C)c(C)c(C)c2)cc1,1,0.2703025,0.2703,0.6869221,0.6869,0.9999958,365.4770,97
33.7302,40.0807,41.4026,0.6790277,Cc1ccc(C#N)c(N(C)Cc2ccc(-c3ccc(C(N)=O)cc3)nc2)c1,1,0.6230798,0.6231,0.7560229,0.7560,0.9999982,356.4290,97
35.6028,41.7672,-20.5467,0.1768371,Cc1ccc(C(=O)O)cc1S(=O)(=O)NC(=O)N1CC2CC3CC(C2)C1C3,1,0.0884826,0.0885,0.8392021,0.8392,0.9999862,378.4500,97
24.9412,26.6553,-13.2112,0.1120338,CN(C)S(=O)(=O)N1c2ccccc2OCC1CN,1,0.0460762,0.0461,0.8405839,0.8406,0.9999860,271.3420,97
30.1985,35.3047,5.2422,0.3378908,O=C(c1ccc(F)cc1)N1CCN(c2nocc2-c2ccccc2F)CC1,1,0.2342343,0.2342,0.7081189,0.7081,0.9999940,369.3710,97
40.9508,48.9105,24.5352,0.6120470,O=C(Nc1nccs1)c1cnc(Nc2cccc(-c3cc4c(o3)NCC4)c2)nc1,1,0.6196275,0.6196,0.4586688,0.4587,0.9998493,404.4550,97
25.0879,29.3930,36.0656,0.5454876,COc1ccc(OS(=O)(=O)c2ccc(C)cc2)cc1C(N)=O,1,0.4409734,0.4410,0.8481667,0.8482,0.9999999,321.3540,97
30.6203,30.6820,-11.3532,0.1610727,Cc1cccc(C)c1NC(=S)NC(C)Cc1ccc(Cl)cc1,1,0.0790508,0.0791,0.7806156,0.7806,0.9999998,332.9000,97
28.8152,29.6902,1.0346,0.2560404,Cc1ccccc1CNC(=O)C1CCN(C(=O)c2ccc(OC(F)(F)F)cc2)CC1,1,0.1525571,0.1526,0.7937273,0.7937,0.9993439,420.4310,97
27.0528,37.1272,45.9238,0.6920920,CC(=O)N1CCN(c2nc(CN3CCN(C(=O)c4ccc(C)c(C)c4)CC3)cs2)CC1,1,0.6473346,0.6473,0.7292355,0.7292,0.9954076,441.6010,97
35.3269,46.7112,-32.0255,0.1223802,Cc1ccc(CN2CN3C(=O)C(SCC(N)=O)=NC3SCC2=O)cc1,1,0.0523754,0.0524,0.8348610,0.8349,0.9999862,378.4790,97
33.8440,36.9776,38.8791,0.6321393,Cc1cc(C)cc(-c2ncnc(N3CCN(CC(=O)Nc4cc(C)on4)CC3)c2N)c1,1,0.5885503,0.5886,0.6456229,0.6456,0.9992757,421.5050,97
32.1705,47.1443,37.6912,0.7069626,CC12NC(=O)NN1C(=O)c1ccc(NC(=O)c3cccc(CN4CCNCC4)c3)cc12,1,0.7068512,0.7069,0.5949457,0.5949,0.9993414,420.4730,97
46.7448,46.8431,-29.0697,0.1481115,Cc1cccc(-c2ccc3c(c2)c2cc(-c4ccccc4)ccc2n3-c2cccc3ccc(-n4c5ccccc5c5ncccc54)cc23)c1,1,0.5488971,0.5489,0.1907757,0.1908,0.0000093,625.7750,97
30.7773,34.9794,23.5185,0.4874821,CCc1cnc(CN2CCNCC2)c(Oc2ccc(F)cc2)c1,1,0.3668876,0.3669,0.9202964,0.9203,0.9999998,315.3920,97
31.7503,38.4301,42.2045,0.6719546,Cc1cc(Nc2ncccc2C)nc(C2CCCN2C(=O)c2cc(F)ccc2O)n1,1,0.6332707,0.6333,0.6779223,0.6779,0.9998015,407.4490,97
36.1920,40.0852,-17.3238,0.1896786,Cc1ccc(C)c(CN(c2ccccc2OCCCN)S(N)(=O)=O)c1,1,0.1028899,0.1029,0.7027297,0.7027,0.9999965,363.4830,97
32.7841,31.3423,-16.2338,0.1259040,O=C(NC(Cc1cnc[nH]1)C(=O)O)c1n[nH]c2c1CCC2,1,0.0594163,0.0594,0.6187704,0.6188,0.9999973,289.2950,97
25.9833,30.4626,27.5825,0.4837085,COc1ccc(S(=O)(=O)NCc2ccc(C(=O)N3CCN(c4ccc(F)cc4)CC3)cc2)cc1,1,0.4306284,0.4306,0.5581553,0.5582,0.8196117,483.5650,98
34.9844,41.9191,20.2889,0.5183994,COc1ccc(NC2C(=O)Nc3ccc(C)cc3S2(=O)=O)cc1[N+](=O)[O-],1,0.4491584,0.4492,0.6164911,0.6165,0.9999875,377.3780,98
34.3691,39.9292,-14.1670,0.2146843,Cc1ccnc(N2CC3CSC(N)=NC3(c3ccc(F)cc3F)C2)n1,1,0.1147864,0.1148,0.8899892,0.8900,0.9999971,361.4210,98
34.8439,39.3272,16.1456,0.4622735,COc1ccc(-c2nc(C)c(C(=O)NNC(=O)Nc3cccc(F)c3)s2)cc1C,1,0.3915734,0.3916,0.5619932,0.5620,0.9996213,414.4620,98
37.7587,42.9979,-3.7000,0.3274821,Cc1cc(C#N)ccc1Cn1c(=O)nnn(Nc2ccccc2)c1=O,1,0.2195267,0.2195,0.7598577,0.7599,0.9999998,334.3390,98
34.1460,35.0928,41.4061,0.6374905,O=C(O)C(=O)N1CCN(C(=O)c2c[nH]c3ncc(Br)cc23)CC1,1,0.5802375,0.5802,0.7075420,0.7075,0.9999823,381.1860,98
33.5462,40.7622,-25.5206,0.1270133,Cc1cccc(-c2ccc(C(=O)N(C)c3ccc(C(N)=NO)cc3)c(F)c2)c1,1,0.0733063,0.0733,0.3099230,0.3099,0.9999875,377.4190,98
59.9703,67.8794,-67.8794,0.0000000,C12C(N)=CCc3ccc(C[C@]14CN(C(=O)c1cc(ccc1O)C)CC4)c2CCN3,0,0.0000000,0.0000,0.0000000,0.0000,0.0000000,0.0000,98
37.5953,43.7593,8.0856,0.4320401,CC(C)(C)OC(=O)N1CC(CO)CN(c2ccc(S(N)(=O)=O)nc2)C1,1,0.3232514,0.3233,0.7838458,0.7838,0.9999921,372.4470,98
35.2702,40.6099,0.4737,0.3423638,COc1ccccc1NS(=O)(=O)c1cc(NC(=O)c2cc(S(C)(=O)=O)ccc2N)ccc1OC,1,0.3244883,0.3245,0.3949793,0.3950,0.3744004,505.5740,98
28.9396,29.5747,-29.5746,0.0000003,CCCCCCCCC=CCCCCCCCCCCCC(=O)OC(COP(=O)(O)O)COP(=O)([O-])OCC[N+](C)(C)C,1,0.0000000,0.0000,0.0276963,0.0277,0.0000005,657.7630,98
29.7176,39.6332,36.0768,0.6309171,Cc1cccc(N(Cc2ccc(C(=O)N3CCNCC3)cc2)C(=O)N2CCc3ccccc3C2)c1,1,0.5972695,0.5973,0.6237173,0.6237,0.9474472,468.6010,98
30.8065,36.3755,18.8723,0.4603976,O=C1OC(Cn2cccn2)CN1c1cc(N2CCNCC2)ncn1,1,0.3457248,0.3457,0.8513501,0.8514,0.9999998,329.3640,98
36.0137,43.7940,42.1022,0.7158019,Cc1ccc(Nc2nc(N(C)Cc3nnc(CO)o3)nc3ccccc23)cc1,1,0.7439520,0.7440,0.5291262,0.5291,0.9999886,376.4200,98
29.9977,37.5138,36.3811,0.6157908,COc1cccc(Nc2nc(C)cc(NC(=O)CC3CNNC3)n2)c1,1,0.5702314,0.5702,0.6323934,0.6324,0.9999995,342.4030,98
30.6151,33.2209,-18.8442,0.1198057,Cc1cc(Cn2nc3cccc(C)n3c2=O)n(-c2ccccc2)n1,1,0.0563176,0.0563,0.5822802,0.5823,0.9999998,319.3680,98
37.2684,42.7530,21.0418,0.5316229,Cc1cc(Cl)nc(NC2Cc3ccc([N+](=O)[O-])cc3N(C)S2(=O)=O)n1,1,0.4973705,0.4974,0.4893769,0.4894,0.9999775,383.8170,98
34.1191,38.4281,45.1790,0.6967258,Cc1ccc(-c2nc(C3CCN(S(C)(=O)=O)CC3)nc3c2CCN(Cc2ccc(F)cc2)C3)cc1,1,0.7660258,0.7660,0.5295308,0.5295,0.6210586,494.6360,98
28.1066,35.7255,34.5394,0.5855409,O=C(O)c1cccc(S(=O)(=O)Nc2c(Cl)cc(NS(=O)(=O)c3ccccc3)cc2Cl)c1,1,0.6546546,0.6547,0.4429755,0.4430,0.4685196,501.3690,98
29.9317,33.7826,-9.0848,0.2058151,O=C(O)c1cccc(CCC(=O)N2CCc3cc(C(=O)O)ccc32)c1,1,0.1086707,0.1087,0.8729550,0.8730,0.9999996,339.3470,98
28.5830,33.9506,50.6008,0.7045956,Cc1ccc(C(=O)Nc2ccc(-c3nc4c(C(N)=O)cccc4o3)cc2)o1,1,0.7103310,0.7103,0.5748938,0.5749,0.9999971,361.3570,98
31.7956,41.0903,31.6867,0.6064748,CC(=O)N1CCCC1S(=O)(=O)NC(C)C(=O)Nc1ccc(C)cc1C,1,0.5171930,0.5172,0.8246711,0.8247,0.9999950,367.4710,98
26.3171,35.4802,47.1216,0.6883485,Cc1ccc(C)c(C(=O)N2CCN(c3ccc(NS(=O)(=O)c4ccc(F)cc4)cn3)CC2)c1,1,0.6779401,0.6779,0.6187932,0.6188,0.9476625,468.5540,98
50.6474,52.0305,-15.0970,0.3077787,CS(=O)(=O)N1CCC2(CCN(C3C(c4ccccc4)NCN3CC3CCC3)C2=O)C1,1,0.2005560,0.2006,0.7652519,0.7653,0.9979922,432.5900,98
35.7068,49.0604,-28.0599,0.1750045,Cc1ccccc1N1C(CC(N)=O)CNC1C(=O)N1CCCC(C)C1,1,0.0865349,0.0865,0.8611459,0.8611,0.9999994,344.4590,98
23.7647,31.9418,-14.4410,0.1458396,Cc1nc(-c2ccc(NC(=O)N3CCNC3=O)cc2)n[nH]1,1,0.0687433,0.0687,0.7745903,0.7746,0.9999965,286.2950,98
31.8521,35.8919,57.3362,0.7769012,Cc1cc(NC(=O)NCC2Cc3ccc4ccccc4c3O2)no1,1,0.7497791,0.7498,0.7754651,0.7755,0.9999999,323.3520,98
34.6100,44.3570,30.3728,0.6227490,Cc1cccc(Nc2cc(Cl)cc3ncc(C(=O)NCc4cnn(C)c4)nc23)c1,1,0.6118040,0.6118,0.5229536,0.5230,0.9998116,406.8770,98
30.1028,34.9011,23.6979,0.4883251,CC(Nc1ccnc(N)n1)c1ccc2sc(N3CCN(C)CC3)nc2c1,1,0.3927792,0.3928,0.7311844,0.7312,0.9999940,369.4980,98
25.0915,28.7273,-8.9820,0.1645440,O=C(N1CCNCC1)N1CCN(Cc2cccc(O)c2)CC1,1,0.0798892,0.0799,0.8369556,0.8370,0.9999993,304.3940,98
27.3045,29.3333,49.7661,0.6591612,Cc1nc(S(=O)(=O)NCCc2ccc(S(N)(=O)=O)cc2)cn1C,1,0.5995229,0.5995,0.7458277,0.7458,0.9999978,358.4450,98
37.3364,40.7272,20.0487,0.5064655,O=C(O)C1CN(c2cc(F)c(-c3cc(N4CCOCC4)ncn3)c(F)c2)C(=O)O1,1,0.4007890,0.4008,0.8176791,0.8177,0.9998206,406.3450,98
28.4634,37.5232,18.4613,0.4665375,Cc1ccc(C)c(Nc2cc(C)nc(Nc3ccccc3Cc3ccncc3)n2)c1,1,0.4290911,0.4291,0.4270942,0.4271,0.9999339,395.5100,98
25.2677,30.1791,36.5557,0.5561236,O=C(O)c1cccc(Nc2ccnc(Nc3ccc(O)cc3)n2)c1,1,0.5175462,0.5175,0.5333774,0.5334,0.9999999,322.3240,98
31.4209,41.8880,18.3255,0.5017791,Cc1cccc(CC2(C)C(=O)N(CC(=O)O)C(=O)N2c2ccc(C)c(C)c2)c1,1,0.3971251,0.3971,0.8059736,0.8060,0.9999835,380.4440,98
34.5801,39.9519,14.9136,0.4572128,CCc1nc(-c2ccc(NC(=O)Cn3c(=O)n(C)c4ccc(S(N)(=O)=O)cc43)cc2)n[nH]1,1,0.4279143,0.4279,0.3930225,0.3930,0.9836751,455.5000,98
44.4897,48.7537,-3.0740,0.3806642,NC(=O)c1ccc2c(n1)N(Cc1cccc3cnnc(O)c13)CCN2,1,0.2834954,0.2835,0.6588686,0.6589,0.9999997,336.3550,98
44.4213,45.6965,-2.4962,0.3600023,NC(=O)C1CN(c2cc(F)ncn2)CCN1C(=O)c1ccncc1O,1,0.2552361,0.2552,0.7198288,0.7198,0.9999993,346.3220,98
27.3643,33.4163,-16.3065,0.1425818,Cc1cccc(CNc2nc(N)nc(Oc3ccccn3)n2)c1,1,0.0672560,0.0673,0.7468994,0.7469,0.9999995,308.3450,98
27.2909,31.0692,7.4171,0.3207191,O=C(N1CCN(Cc2ccc(F)cc2)CC1)C1(Cc2ccc(Br)cc2)CC1,1,0.2175854,0.2176,0.7068199,0.7068,0.9982086,431.3490,98
33.6610,42.2802,-22.4221,0.1654837,Cc1ccc(COc2ccc(-c3nc(N)c4c(N)c(C)ccc4n3)cc2)cc1,1,0.0927686,0.0928,0.5103560,0.5104,0.9999934,370.4560,98
25.5705,30.6997,-18.5430,0.1013058,CN1CNC2C1NNN2CCc1ccccc1,1,0.0426032,0.0426,0.6686935,0.6687,0.9995354,233.3190,98
32.0339,37.4635,-2.4440,0.2918295,CC(C)c1ccc(C(=O)N(C)C2CNC2)cc1NC(N)=O,1,0.1846909,0.1847,0.7817847,0.7818,0.9999976,290.3670,98
27.6185,31.5298,-15.0609,0.1372410,Cc1ccc(F)cc1S(=O)(=O)N1CC(=O)Nc2cc(Cl)ccc21,1,0.0603575,0.0604,0.9012797,0.9013,0.9999985,354.7900,98
33.7783,43.1889,41.1088,0.7024810,Cc1ccccc1COc1ccc(C2CC(C(=O)NC3CNC3)N2)cc1,1,0.6566592,0.6567,0.7455610,0.7456,0.9999989,351.4500,98
29.0687,27.5008,-13.3570,0.1178651,N#CCc1ccc(OCC(=O)NCc2ccc(Cl)c(Cl)c2)cc1,1,0.0491543,0.0492,0.8638928,0.8639,0.9999990,349.2170,98
26.6107,33.1946,7.4300,0.3385387,Cc1cccc(NC(=O)c2ccc(OCC(=O)N3CCN(S(=O)(=O)c4ccc(Cl)cc4)CC3)cc2)c1,1,0.3782469,0.3782,0.5038060,0.5038,0.0703281,528.0300,98
33.5026,36.2103,48.7818,0.7082674,Cc1ccc(F)c(NC(=O)c2ccc(C)c(NC(=O)C3(C(=O)O)CC3)c2)c1,1,0.6758835,0.6759,0.7021602,0.7022,0.9999934,370.3800,98
36.8247,39.9645,21.2650,0.5102461,O=C(c1ccccc1)N1CCN(C(=O)c2cccc(S(=O)(=O)N=Cc3ccc([N+](=O)[O-])cc3)c2)CC1,1,0.6337192,0.6337,0.2869973,0.2870,0.3538046,506.5400,98
36.8734,43.5641,31.5131,0.6256429,CC1(C(=O)Nc2ccc(Cn3cncn3)cc2)COc2ccc(C(=O)O)cc2N1,1,0.5898642,0.5899,0.6081525,0.6082,0.9999455,393.4030,98
35.6026,40.1163,26.1704,0.5523896,Cc1nnc(SCc2ccc(CNc3ccc(C(F)(F)F)cn3)o2)n1N,1,0.5228370,0.5228,0.4976804,0.4977,0.9999763,384.3870,98
35.6773,39.6941,-27.9741,0.0976666,CN(Cc1nc2ccccc2n1C)CC1CN(Cc2ccc(F)cc2)CC1c1cccc(F)c1,1,0.0477309,0.0477,0.3789722,0.3790,0.9742053,460.5720,98
36.8656,43.3397,7.8469,0.4265554,Cc1cc(C)cc(NS(=O)(=O)c2cc([N+](=O)[O-])ccc2NCCSc2ccc(C)cc2C)c1,1,0.5071811,0.5072,0.1710256,0.1710,0.7897522,485.6310,98
41.3906,46.9791,15.9143,0.5241114,COc1ccc(C)cc1-c1cc(-c2ccc(C)cc2)nc(-n2nc(-c3ccccc3)nc2SC)n1,1,0.5943042,0.5943,0.2624096,0.2624,0.8673904,479.6090,98
35.6948,41.3417,-28.8794,0.1038528,Cc1cn(-c2cc(C(=O)N3CCOc4ccc(S(N)(=O)=O)cc4C3)ccc2C)cn1,1,0.0437404,0.0437,0.6906408,0.6906,0.9988534,426.4980,98
29.4986,26.7521,-7.1190,0.1636093,O=C(O)C(F)(F)C(=O)Cc1cccc(C(F)(F)F)c1,1,0.0840262,0.0840,0.6816943,0.6817,0.9999948,282.1640,98
24.6809,34.5120,17.8290,0.4361742,CS(=O)(=O)N1CCC(N2CCN(C(=O)c3ccccc3)CC2)OC1,1,0.3272792,0.3273,0.7872015,0.7872,0.9999986,353.4440,98
40.7441,43.5993,-8.4216,0.2931479,Cc1ccc(S(=O)(=O)NC(c2c(C)n[nH]c2C)C2c3ccccc3C(=O)N2C)cc1,1,0.1953281,0.1953,0.6576048,0.6576,0.9990436,424.5260,98
26.9218,31.9001,28.4356,0.5027982,Cc1ccc(C)c(S(=O)(=O)NNC(=O)c2cc(S(=O)(=O)N3CCOCC3)ccc2C)c1,1,0.4329016,0.4329,0.6170089,0.6170,0.9519836,467.5690,98
27.9105,31.3333,28.4402,0.4981120,Cc1ccc(-c2c[nH]c(=O)[nH]c2=O)cc1NS(C)(=O)=O,1,0.3994946,0.3995,0.7609342,0.7609,0.9999985,295.3200,98
36.2695,44.1452,32.5468,0.6391005,Cc1ccnc(NC(=O)C(=O)N2CC(OC(=O)c3ccncc3)C2)c1,1,0.5953844,0.5954,0.6547187,0.6547,0.9999996,340.3390,98
39.2154,39.6806,11.9997,0.4306693,COC(=O)c1cccc(Nc2nc(-c3cc(OC)c(OC)cc3OC)nc3ccc(OC)cc23)c1,1,0.4083108,0.4083,0.3579959,0.3580,0.9052047,475.5010,98
25.3346,31.7361,12.2129,0.3662421,CSc1nc2n(n1)C(c1cccc(C)c1)C(C(=O)Nc1cc(C)cc(C)c1)=C(C)N2,1,0.2766984,0.2767,0.5914928,0.5915,0.9993948,419.5540,98
39.5633,41.3974,-41.3974,0.0000000,C1CN(c2nc(=S)n[nH]2)CCN1c1ccc(NC(c2ccccn2)=O)cc1,0,0.0000000,0.0000,0.0000000,0.0000,0.0000000,0.0000,98
27.0858,32.8446,34.1221,0.5580554,Cc1ccc(C)c(NC(=O)c2ccc(CSc3nnc(C(C)C)n3Cc3ccccc3)cc2)c1,1,0.6221263,0.6221,0.2943616,0.2944,0.9372606,470.6420,99
30.9252,40.2866,34.3845,0.6222592,O=C(O)c1ccc(=O)n(Cc2cc(C(=O)N3CCN(C4CC4)CC3)no2)c1,1,0.5385229,0.5385,0.8140360,0.8140,0.9999921,372.3810,99
36.7315,36.0751,12.1288,0.4016995,CNS(=O)(=O)OCC1CC(n2ccc3c(N)ncnc32)O1,1,0.2914752,0.2915,0.7823495,0.7823,0.9999997,313.3390,99
23.6431,25.2088,-12.8439,0.1030412,CCC(=O)Nc1cnn(Cc2ccc(C)cc2)c1,1,0.0401371,0.0401,0.8967778,0.8968,0.9998149,243.3100,99
45.6226,49.3941,16.5504,0.5495374,Cc1cc(C(=O)NC2CN(Cc3ccc([N+](=O)[O-])c(C)c3)CC(C)N2C(C)C)no1,1,0.4989758,0.4990,0.5712137,0.5712,0.9995835,415.4940,99
29.0089,32.2794,25.9461,0.4852118,Cc1cccc(CN2CCN(C(=O)CN(Cc3ccccc3Cl)S(=O)(=O)c3ccc(F)cc3)CC2)c1,1,0.6760230,0.6760,0.4358135,0.4358,0.0590176,530.0650,99
30.4595,32.1731,-26.5884,0.0465394,N#CC[SH]1(=O)NC(=O)NC1=O,1,0.0160262,0.0160,0.4391220,0.4391,0.9103692,175.1690,99
50.6716,51.6858,15.0185,0.5558693,Cn1c(CCC(=O)N2CC3CN(C(=O)NC4=NOC(C)(C)C4)C(C2)C3(C)C)nc2ccccc21,1,0.4717115,0.4717,0.7529682,0.7530,0.9559569,466.5860,99
46.8093,50.1756,-3.7750,0.3866715,O=C1COCC2=NNC(=Nc3ncc(CN4CCC4)[nH]3)C12,1,0.2738516,0.2739,0.8042810,0.8043,0.9999971,288.3110,99
40.0839,50.4268,32.3151,0.6895153,Cc1ccc(C)c(CN2CCC3(Cc4ccccc4S(=O)(=O)N3)C(Nc3cnccn3)C2)c1,1,0.6777986,0.6778,0.6185020,0.6185,0.9661676,463.6070,99
34.6043,38.4578,43.3354,0.6816100,O=C(O)c1ccc(Nc2nc3cc(Cl)ccc3c3ncn(C4CCCC4)c(=O)c23)cc1,1,0.7359975,0.7360,0.4306769,0.4307,0.9975212,434.8830,99
34.9220,42.4684,-27.7128,0.1229633,O=C(O)c1cc(CNC2COC(O)C2)cc([N+](=O)[O-])c1,1,0.0600339,0.0600,0.5302620,0.5303,0.9999949,282.2520,99
29.3947,40.8665,-19.8212,0.1753771,Cc1cccc(NC(=O)c2ccc(COC(=O)NNC(=O)c3ccccc3C)cc2)c1,1,0.0989730,0.0990,0.5440807,0.5441,0.9995007,417.4650,99
24.7000,30.0355,40.9325,0.5913999,Cc1ccc(S(=O)(=O)N2CCN(c3nnc(Cl)c(C)c3Cl)CC2)cc1,1,0.5048266,0.5048,0.7914673,0.7915,0.9998871,401.3190,99
30.2512,40.2038,-15.0633,0.2095048,NS(=O)(=O)c1ccc(CC(=O)Nc2ccc(C(=O)NCCN3C(=O)CNC3=O)cc2)cc1,1,0.1399161,0.1399,0.3986327,0.3986,0.9766073,459.4840,99
30.3272,35.4613,-1.0749,0.2865533,CC(=O)c1ccc(S(=O)(=O)NCCOc2ccc(C(=O)Nc3ccncc3)cc2)cc1,1,0.2193863,0.2194,0.3913968,0.3914,0.9962149,439.4930,99
33.8127,34.0053,-8.0666,0.2161561,COc1ccc2c(c1)CN(C(=O)NCC(=O)Nc1ccc(F)c(Cl)c1)CC2,1,0.1178265,0.1178,0.8404221,0.8404,0.9999529,391.8300,99
27.2723,31.2742,-8.6123,0.1888483,Cc1cccc(-c2nnc(SCC(=O)N3CCN(S(=O)(=O)c4ccc(F)cc4)CC3)n2-c2ccccc2)c1,1,0.2523326,0.2523,0.3227707,0.3228,0.0085022,551.6690,99
46.9112,53.1532,8.1795,0.5111057,Cc1ccc2c(n1)C(N1CCC(Cn3nc(CN)cc3-c3ccc([N+](=O)[O-])cc3)CC1)CC2,1,0.4811372,0.4811,0.4530933,0.4531,0.9927715,446.5550,99
30.7079,42.2208,36.9941,0.6601241,Cc1ccc(S(=O)(=O)Nc2nc(-c3cccc(C)c3)nc(NCCNC(=O)O)c2C)cc1,1,0.7291831,0.7292,0.3817572,0.3818,0.9836158,455.5400,99
29.8144,35.4290,-35.4290,0.0000000,N(S(C)(=O)=O)CCCNc1c(=O)n2c(C)ccc2nc1C,0,0.0000000,0.0000,0.0000000,0.0000,0.0000000,0.0000,99
27.2274,35.6748,54.1461,0.7485078,O=C1CN(S(=O)(=O)N2CCN(Cc3nc4ccccc4o3)CC2)c2ccccc2N1,1,0.7383186,0.7383,0.6798314,0.6798,0.9987442,427.4860,99
26.1870,33.4932,-6.2766,0.2268049,Cc1ccc(CN2CCn3c(CNC(=O)N4CCc5ccccc5C4)nnc3C2)cc1,1,0.1324260,0.1324,0.7103229,0.7103,0.9995419,416.5290,99
28.7132,37.1752,49.8974,0.7256048,Cc1ccc(S(=O)(=O)Nc2ccccc2Nc2cccc(C(=O)O)n2)cc1Cl,1,0.7495603,0.7496,0.5518109,0.5518,0.9994815,417.8740,99
26.1984,41.2692,38.5148,0.6648661,Cc1ccccc1OCc1ccc(C(=O)Nc2cccc(C(=O)NN3C(=O)NC4(CCCC4)C3=O)c2)o1,1,0.8036468,0.8036,0.4199474,0.4199,0.4420747,502.5270,99
26.4767,28.1611,53.2213,0.6781864,Cc1ccc(N2CC(C(=O)Nc3ccc(Br)cc3)CC2=O)cc1C,1,0.5987371,0.5987,0.8638242,0.8638,0.9999690,387.2770,99
31.3298,30.2930,-12.8076,0.1457120,CCCOc1cccc(C(=O)Nc2ccc(C(C)C)c([N+](=O)[O-])c2)c1,1,0.0745435,0.0745,0.5808223,0.5808,0.9999995,342.3950,99
36.7266,49.1281,-49.1281,0.0000000,O=c1n(c(NNc2cc(c(cc2)C)C)nc(c1)C)=Nc1ccc([N+](=O)[O-])cc1C,0,0.0000000,0.0000,0.0000000,0.0000,0.0000000,0.0000,99
31.7073,35.0280,-18.6039,0.1368676,COc1c(Cl)cc(C=C2SC(=O)NC2=O)cc1S(=O)(=O)N1CCCC1,1,0.0627178,0.0627,0.7774343,0.7774,0.9998696,402.8810,99
27.1107,32.5529,28.0180,0.5047575,Cc1ccccc1CNS(=O)(=O)c1cccc(C(=O)N(C)C2CCN(C)CC2)c1,1,0.4031806,0.4032,0.7875095,0.7875,0.9995810,415.5590,99
43.5426,47.3416,25.7922,0.6094479,NS(=O)(=O)c1ccccc1-c1cc(Cl)cc(CC2NNC3CCCNC32)c1,1,0.5649368,0.5649,0.6204754,0.6205,0.9998106,406.9390,99
40.8726,49.9049,28.4369,0.6528483,Cc1ccccc1Cn1c(OC2OC(=O)CC2O)nc2nc3ccccc3nc21,1,0.6505495,0.6505,0.5340591,0.5341,0.9999587,390.3990,99
32.8503,39.0561,23.9227,0.5248240,Cc1cc(C)cc(OC(C)C(=O)NNC(=O)C(=O)Oc2cccc(Cl)c2)c1,1,0.5323118,0.5323,0.3618232,0.3618,0.9999571,390.8230,99
39.4601,46.4321,33.7703,0.6683534,Cc1ccc(Nc2nc(ON=C(N)c3cc(C)cc(C)c3)cc(N3CCC(C)CC3)n2)cc1,1,0.7843161,0.7843,0.3130591,0.3131,0.9939648,444.5830,99
30.2528,37.7206,15.9891,0.4475813,Cc1cc(C)c(NC(=O)c2ccc(NNC(N)=S)c([N+](=O)[O-])c2)c(C)c1,1,0.4243227,0.4243,0.3609315,0.3609,0.9999914,373.4380,99
40.2650,47.6487,37.6575,0.7108846,Cc1nc(Nc2ccccn2)cc(N2CCC3CN(C(=O)c4ccnc(N)c4)CC32)n1,1,0.6898924,0.6899,0.6658244,0.6658,0.9995436,416.4890,99
37.3353,39.5003,46.7137,0.7184497,Cc1cc(C(=O)N2CCC(Oc3cc(C)nc(-c4ncc[nH]4)n3)CC2)on1,1,0.6766595,0.6767,0.7510819,0.7511,0.9999946,368.3970,99
27.2738,30.3671,12.2842,0.3554275,O=C1CN(c2cc(-c3ccncc3)nc(-c3ccncc3)n2)CC(=O)N1,1,0.2518284,0.2518,0.7077641,0.7078,0.9999993,346.3500,99
36.1999,47.2480,48.3549,0.7966906,O=C(O)N1CCN(c2cccc(-c3nc(-c4ccccc4)no3)n2)CC1c1ccccn1,1,0.8696226,0.8696,0.5237073,0.5237,0.9986276,428.4520,99
36.3424,41.1695,-6.5422,0.2885609,O=C(Nc1c(F)cccc1F)C1(c2ccccc2)CC(c2ccc(O)c(O)c2)=NO1,1,0.1992647,0.1993,0.5665486,0.5665,0.9997400,410.3760,99
31.2221,35.4892,13.9838,0.4122750,COc1c(Cl)cc(NC(=S)NNc2nc3ccc(C)cc3s2)cc1Cl,1,0.3658631,0.3659,0.4021557,0.4022,0.9996580,413.3550,99
34.3356,43.8406,-15.1643,0.2389691,Cc1cccc(-c2nc3n(n2)CCN(C(=O)c2cccc(-c4nnc(C)s4)c2)C3)c1,1,0.1569852,0.1570,0.5085143,0.5085,0.9995427,416.5100,99
28.2558,36.9644,35.7383,0.6058562,Cc1ccc(C)c(Nc2nc(C)nc(Nc3cc(F)c(C)cc3F)n2)c1,1,0.5414321,0.5414,0.6989470,0.6989,0.9999983,355.3920,99
32.1680,34.4702,-20.8561,0.1134511,O=S1(=O)CCC(N2CCCC2c2ccc(Cl)c(F)c2)C1,1,0.0468968,0.0469,0.8414760,0.8415,0.9999998,317.8130,99
35.3659,35.4352,15.7559,0.4265918,CCOc1ccc(Nc2nc(CN3CCN(C)CC3)nc3ccc(OCC)cc23)cc1,1,0.3440818,0.3441,0.5914312,0.5914,0.9992731,421.5450,99
31.4176,38.2931,24.4034,0.5224703,COc1cc(NC(=O)N2Cc3cc(S(N)(=O)=O)oc3C2)cc(OC)c1,1,0.4152762,0.4153,0.8435861,0.8436,0.9999951,367.3830,99
33.9786,36.1186,-19.4812,0.1386447,Cn1cc(CNC(CCc2cccc(F)c2)c2cccs2)cn1,1,0.0656254,0.0656,0.7075615,0.7076,0.9999998,329.4440,99
39.2155,47.6161,-8.1913,0.3285408,O=C(Nc1ccc(F)cc1)NC1CC(Nc2ccc(I)cc2)C(=O)N1c1cccc(Cl)c1,1,0.6399800,0.6400,0.3611122,0.3611,0.0025553,564.7860,99
22.6800,28.5368,-4.0474,0.2040783,Cc1ccc(NC(=O)C2CCN(C3CCCC3)C2)c(C)c1,1,0.1057001,0.1057,0.9219775,0.9220,0.9999965,286.4190,99
39.7453,44.5177,13.4275,0.4828764,O=C(O)c1cccc(-c2nc(SCc3ccccc3Cl)nnc2-c2nc3ccccc3s2)c1,1,0.5393602,0.5394,0.2730491,0.2730,0.6961870,490.9970,99
28.8495,33.6476,-5.6010,0.2337215,NC(=O)c1cc(NC(=O)COC(=O)C=Cc2ccccc2F)ccc1F,1,0.1443885,0.1444,0.6097200,0.6097,0.9999974,360.3160,99
38.2145,37.3070,14.2410,0.4295666,Cc1c(C(=O)NCC(C)(O)CC(C)C)sc2nnn(C(C)(C)C)c(=O)c12,1,0.3153800,0.3154,0.8303029,0.8303,0.9999834,380.5140,99
30.7084,33.9861,24.1561,0.4845189,COc1ccc(C(C)=NOCC(=O)NCCc2ccc(OC)c(OC)c2)cc1O,1,0.4412118,0.4412,0.4680753,0.4681,0.9998747,402.4470,99
28.9987,38.1452,43.9220,0.6838932,Cc1ccc(S(=O)(=O)Nc2cc(NC(=O)N3CCN(C)CC3c3ccccc3)ccc2F)cc1,1,0.7029892,0.7030,0.5628549,0.5629,0.8326254,482.5810,99
32.4282,46.7747,40.4669,0.7270135,COc1ccc(-c2nc(CN3C(=O)NC(c4cccnc4)C4NNC43)no2)cc1,1,0.7365952,0.7366,0.5921383,0.5921,0.9999455,393.4070,99
26.8979,28.3196,33.8517,0.5180937,Cc1cc(Nc2ccc(F)c(F)c2)nc(NC(C)CO)n1,1,0.4180074,0.4180,0.7904934,0.7905,0.9999983,294.3050,99
42.9141,49.3384,29.7679,0.6592194,Cn1cc(-c2cc(F)ccc2CNC2N=C(Nc3ccc(S(C)(=O)=O)cc3)NN2)cn1,1,0.6899499,0.6899,0.4575930,0.4576,0.9945306,443.5080,99
31.2610,36.0297,45.7012,0.6810914,COc1ccc(NS(=O)(=O)Cc2ccc(C)c(C(=O)c3ccccc3)c2)cc1,1,0.6655475,0.6655,0.6094170,0.6094,0.9999341,395.4800,99
32.6476,34.8207,51.6419,0.7205219,Cc1nccn1-c1ccc(NC(=O)c2nc(-c3ccc(F)c(F)c3)no2)cn1,1,0.7307583,0.7308,0.5821464,0.5821,0.9999803,382.3300,99
28.7473,33.1941,-5.4296,0.2313710,CCc1cc(C(=O)NNS(=O)(=O)c2ccc(C)c(C)c2)ccc1OC,1,0.1329669,0.1330,0.7734675,0.7735,0.9999968,362.4510,99
34.4991,39.9607,19.8957,0.4988032,Cc1ccc(NC(=O)NCc2cn(Cc3cccc(Br)c3)nc2-c2ccccc2)cn1,1,0.4911766,0.4912,0.3923428,0.3923,0.8980430,476.3780,99
32.1815,43.5188,31.3798,0.6241551,Cc1ccc(C)c(-c2ccc3c(=O)cc(C(=O)Nc4cc([N+](=O)[O-])ccc4F)oc3n2)c1,1,0.6798091,0.6798,0.3660817,0.3661,0.9978380,433.3950,99
35.2743,38.7254,-14.6086,0.2009741,Cc1ccc(C(=O)N2CCN(C(=O)c3ccc(CN4CCN(c5ccncc5)CC4)cc3)CC2)cc1C,1,0.1311607,0.1312,0.5390250,0.5390,0.5540596,497.6430,99
51.0084,54.8535,-44.0104,0.0903592,Fc1cc(F)cc(CN2Cc3[nH]c4c(c3CC2Cl)COC=C4)c1,1,0.0362393,0.0362,0.6648634,0.6649,0.9999997,336.7690,99
30.1112,32.0599,20.3459,0.4367151,Cc1ccccc1Nc1nc(NC(C)c2ccccc2)nn2ccnc12,1,0.3607589,0.3608,0.5632894,0.5633,0.9999994,344.4220,100
44.4969,52.5362,-52.5362,0.0000000,N12C[C@H](n3c(-c2cc(cc1)C(NO)=O)ncc3)OCc1cc2OCOc2cc1,0,0.0000000,0.0000,0.0000000,0.0000,0.0000000,0.0000,100
30.3147,32.9631,13.0241,0.3832261,CNc1nc(Nc2ccc(OC)c(C(F)(F)F)c2)nc(N2CCCC2)n1,1,0.2671499,0.2671,0.8387526,0.8388,0.9999946,368.3630,100
32.1715,42.0612,24.4489,0.5542505,COc1ccnc(NC2(CNc3nncc(N4CCCC4)n3)CCCC2)n1,1,0.4657687,0.4658,0.7584653,0.7585,0.9999934,370.4610,100
35.4225,46.9315,42.3470,0.7439874,Cc1cc(C)cc(NC(=O)N2CC3(CNC(=O)C3NCc3ccc(C(=O)O)cc3)C2)c1,1,0.7621523,0.7622,0.5900027,0.5900,0.9992074,422.4850,100
29.6196,37.9316,-17.3102,0.1718453,Cc1nc(NCCO)cc(N2CCCC2(N)C(=O)O)n1,1,0.0948320,0.0948,0.5706207,0.5706,0.9999944,281.3160,100
28.9243,29.3582,28.6149,0.4831096,COc1ccc(OC)c(NC(=O)CNC(=O)c2ccc(Cl)c([N+](=O)[O-])c2)c1,1,0.4194137,0.4194,0.5507970,0.5508,0.9999436,393.7830,100
29.5344,36.0373,45.4667,0.6791996,Cc1cc(C(=O)NC2CN(S(=O)(=O)c3cc(Cl)ccc3O)C2)no1,1,0.6062735,0.6063,0.8330066,0.8330,0.9999925,371.8020,100
35.1783,43.7187,35.9811,0.6641647,Cc1cnc(NC2CN(S(=O)(=O)N(C)C)C2)nc1-c1cc(-c2cccc(F)c2)n[nH]1,1,0.6398699,0.6399,0.6172380,0.6172,0.9981841,431.4970,100
28.2484,37.6494,-10.6285,0.2251740,O=C1NC(=O)N(Cc2ccc(F)cc2)C2Cc3ccccc3C2N1,1,0.1228138,0.1228,0.8917148,0.8917,0.9999999,325.3430,100
39.8040,48.2233,22.9481,0.5930955,CC1CN(c2cc(Oc3cccc(F)c3)ncn2)CCN1CC1(C)CCN(C)C1,1,0.5110679,0.5111,0.7690753,0.7691,0.9999044,399.5140,100
25.6229,28.1796,42.5345,0.5892843,Cc1cccc(-c2nnc(CSc3nc(C)c(C)s3)o2)c1,1,0.5273839,0.5274,0.6670838,0.6671,0.9999998,317.4390,100
28.7343,35.4833,-17.2332,0.1520837,N#Cc1ccc(NC2NN=C(C3CNC3)S2)cc1,1,0.0734247,0.0734,0.7585344,0.7585,0.9999577,259.3380,100
32.3140,39.8873,43.9028,0.6982508,Cc1cccc(OCc2cccc(NC(=O)N3CCc4nc(-c5ccccc5)ncc4C3)c2)c1,1,0.7637983,0.7638,0.4284523,0.4285,0.9895975,450.5420,100
36.7783,38.5206,35.7530,0.6189466,Cc1nc(S(=O)(=O)NCC2(c3ccccc3)CCOCC2)sc1C(=O)Nc1ccc(F)cc1,1,0.6344678,0.6345,0.5251959,0.5252,0.7228070,489.5940,100
29.3191,30.4272,39.2802,0.5808948,Cc1cc(NC(=O)CN(C(=O)c2cccs2)c2cccc(C(F)(F)F)c2)no1,1,0.5138981,0.5139,0.6799385,0.6799,0.9997626,409.3890,100
24.8374,33.5903,41.2741,0.6238694,Cc1ccc(S(=O)(=O)N2CCN(C(=O)c3cccc(Nc4ccccc4C(=O)O)c3)CC2)cc1,1,0.6138729,0.6139,0.5596950,0.5597,0.8679297,479.5580,100
31.4684,37.3004,20.3851,0.4807126,COc1ccc(OC(C)C(=O)Nc2ncc(C)s2)c(S(N)(=O)=O)c1,1,0.3751297,0.3751,0.7939521,0.7940,0.9999928,371.4400,100
29.3084,34.5937,5.9230,0.3376391,Cc1ccc(Cn2c(SCc3nc(-c4ccco4)oc3C)nc3ccccc3c2=O)cc1,1,0.3148936,0.3149,0.2511212,0.2511,0.9945206,443.5280,100
26.7387,32.9281,24.3964,0.4777045,NC(=O)c1cc2cc(Nc3nc(C(=O)O)cs3)ccc2s1,1,0.3877228,0.3877,0.6854436,0.6854,0.9999998,319.3670,100
27.3146,39.7757,16.8833,0.4721586,Cc1ccc(Nc2nc(C(=O)NCCCCCNS(=O)(=O)c3cc(C)ccc3C)cs2)cc1,1,0.4826814,0.4827,0.3414974,0.3415,0.7735355,486.6630,100
31.4023,32.8577,45.6041,0.6538485,COc1ccccc1NC(=O)N1CCN(c2nc3cc(C)cc(C)c3o2)CC1,1,0.5920959,0.5921,0.7481989,0.7482,0.9999835,380.4480,100
47.5017,52.2937,-42.6437,0.0804165,Cc1cccc(NC(=O)COP2(=O)N=C(NC#N)C(C#N)=Nc3ccccc32)c1,1,0.0342078,0.0342,0.4542805,0.4543,0.9998207,406.3420,100
30.1102,36.9533,-17.9531,0.1583350,Cc1c(S(=O)(=O)N2CCc3ccccc3C2)cnn1Cc1nnnn1C1CC1,1,0.0815915,0.0816,0.6414290,0.6414,0.9999047,399.4800,100
31.1529,33.3535,25.3149,0.4889030,Cc1ccccc1CC1NC(=O)N(c2ccc(Br)cc2)C1=O,1,0.3763560,0.3764,0.8541184,0.8541,0.9999977,359.2230,100
28.6659,33.2658,-14.4581,0.1567308,Cc1cccc(-c2nc(CSC(=O)Nc3ccc(F)cc3)cs2)c1,1,0.0801746,0.0802,0.6481017,0.6481,0.9999978,358.4630,100
41.2432,45.8642,34.7697,0.6719492,CCc1cc2c(cc1-c1cc(N3CCN(S(=O)(=O)c4ccc(C)cc4)CC3)nc(=O)[nH]1)CCO2,1,0.6692890,0.6693,0.6034384,0.6034,0.8566484,480.5900,100
33.4314,44.0989,-6.8545,0.3103696,CC(=O)Nc1cc(C)c(C(=O)NC2CN(C(=O)Nc3ccc(C)c(C)c3)Cc3ccccc32)s1,1,0.2346161,0.2346,0.4863580,0.4864,0.8961385,476.6020,100
32.0830,39.9314,23.3343,0.5272136,Cc1ccc(Nc2nc(OC(C)F)nc(N3CCN(C)CC3)n2)c(C)c1,1,0.4157352,0.4157,0.8791740,0.8792,0.9999974,360.4370,100
38.7995,43.2628,-27.9877,0.1272927,CCc1nc(SCC(O)C(Nc2cccc(C)c2)c2ccc(OC)cc2)n[nH]1,1,0.0651757,0.0652,0.4728635,0.4729,0.9999127,398.5320,100
27.0592,35.9085,50.9696,0.7239842,CC(=O)N1CCN(c2ccc(-c3nc(N)nc(Nc4ccc(C)cc4)n3)cn2)CC1,1,0.7036624,0.7037,0.6806175,0.6806,0.9998490,404.4780,100
31.6851,39.8354,25.1019,0.5411438,Cc1cccc(-c2ncc(Cl)c(C(=O)N3CCN(c4ccccc4N(C)C)CC3)n2)c1,1,0.4778156,0.4778,0.6162363,0.6162,0.9972637,435.9590,100
46.1402,57.0881,-22.6842,0.2866986,Cc1nc2c(n1C1CN(C3CC3)C1)N(Cc1ccc(F)cc1-c1ncccn1)C(=O)C2=O,1,0.1965071,0.1965,0.5764154,0.5764,0.9980162,432.4590,100
33.9830,35.6674,-16.1294,0.1628164,Cc1cc(=O)nc2n1CCN2C(=O)c1c(F)cccc1F,1,0.0797260,0.0797,0.7996330,0.7996,0.9999977,291.2570,100
38.5020,44.9443,-26.0860,0.1571528,Cn1cc(-c2ccc(C(N)=O)cc2)n(C2CN(C(=O)N3CCCC3)C2)c1=O,1,0.0738584,0.0739,0.8754097,0.8754,0.9999940,369.4250,100
43.0292,52.0356,14.3169,0.5529371,Cc1nc(NC(=O)CN2CCC(Nc3cccs3)C2)cc(-n2cccn2)n1,1,0.4792692,0.4793,0.6781957,0.6782,0.9999782,383.4810,100
34.1968,38.8659,50.5184,0.7448688,Cc1ccc(-c2ccc(C=CC(=O)OC3COC(O)C(O)C3O)o2)cc1,1,0.7764170,0.7764,0.5559896,0.5560,0.9999974,360.3620,100
39.0257,45.6852,-45.6849,0.0000024,O=C1c2sc3c(c2Br)CN(C3)C(=O)N1CP(=O)(O)O,1,0.0000000,0.0000,0.7731627,0.7732,0.9999952,367.1170,100
25.9917,31.1650,5.8448,0.3084148,Clc1cccc(Nc2nc(Cl)cc(N3CCc4ccccc4C3)n2)c1,1,0.2105563,0.2106,0.6514611,0.6515,0.9999929,371.2710,100
40.8758,45.5852,26.7715,0.6029725,N#Cc1ccc(OC2CN(C(=O)N3C(=O)CCN(OS(=O)(=O)O)C3=O)C2)cc1Cl,1,0.5466344,0.5466,0.6620492,0.6620,0.9938387,444.8090,100
29.2690,34.0891,24.0209,0.4842499,Cc1ccc(NC(=O)c2cc(Nc3cccc(C)c3C)nc(-c3ccccc3)n2)c(C)c1,1,0.4638521,0.4639,0.3919152,0.3919,0.9992040,422.5320,100
28.5440,39.4707,-10.3933,0.2423117,Cc1ccc(C)c(NC(=O)C(C)N2CCN(c3nc(-n4ccnc4)nc(C)c3C)CC2)c1,1,0.1482674,0.1483,0.6663285,0.6663,0.9978049,433.5600,100
47.4116,49.0656,34.3567,0.6951863,COc1cc(=O)n(-c2ccc(N3CCC4CNC(=O)C4C3)cn2)c(C)n1,1,0.6204016,0.6204,0.8632795,0.8633,0.9999983,355.3980,100
25.3232,31.3436,55.5102,0.7237818,CC(=O)N1CCc2ccccc2C1C(=O)N1CCN(Cc2ccc(C)cc2)CC1,1,0.6696774,0.6697,0.8081996,0.8082,0.9999542,391.5150,100
24.0871,25.8898,-8.8434,0.1420534,COc1ccc(C)cc1NCC(=O)Nc1cc(C)ccc1C,1,0.0637306,0.0637,0.8851956,0.8852,0.9999989,298.3860,100
41.3223,41.4069,24.9318,0.5528226,CCC(NC(=O)c1ccc2c(c1F)OCO2)c1n[nH]c(=O)o1,1,0.4453420,0.4453,0.8759939,0.8760,0.9999996,309.2530,100
25.9476,32.7135,56.2564,0.7414160,Cc1cccc(C(=O)Nc2ccc(C(=O)N3CCN(S(C)(=O)=O)CC3)cc2Cl)c1,1,0.6955803,0.6956,0.7992596,0.7993,0.9972702,435.9330,100
37.3020,46.1368,17.6016,0.5311531,Cc1nc(CN2CCN(Cc3ncn[nH]3)C3CS(=O)(=O)N(C)C32)cs1,1,0.4341059,0.4341,0.7843651,0.7844,0.9999781,383.5030,100
30.9472,34.9414,1.4409,0.3031852,O=C(CN1CC(Oc2ncc(I)cn2)C1)Nc1nccs1,1,0.1982871,0.1983,0.7381005,0.7381,0.9995112,417.2320,100
36.2373,44.5723,34.7099,0.6606851,Cc1ccc(-c2cc(N3CC(O)CCC3N)nc(-c3ccc(F)cc3)n2)cc1,1,0.6053098,0.6053,0.7295477,0.7295,0.9999862,378.4510,100
34.1756,39.1962,34.4710,0.6138932,Cc1cccc(-c2ccc(C=C3SC(=O)N(c4ccc(O)cc4C)C3=O)o2)c1,1,0.5773587,0.5774,0.5962303,0.5962,0.9999545,391.4480,100
32.6141,37.6403,-6.3672,0.2606087,Cc1cccc(CN2C(=O)CNC(=O)C23CCN(Cc2ccc(F)cc2)CC3)c1C,1,0.1536828,0.1537,0.8449055,0.8449,0.9997601,409.5050,100
33.6762,37.9664,39.8768,0.6486925,O=C(Nc1cc(Nc2nc3cn[nH]c3c(=O)[nH]2)ccc1F)c1ccccc1,1,0.6794008,0.6794,0.4443797,0.4444,0.9999962,364.3400,100
35.5271,42.8179,-2.4448,0.3364424,Cc1nc(CNC(=O)OC(C)(C)C)c(-c2nc(CCC3CNC3)no2)s1,1,0.2252064,0.2252,0.7952880,0.7953,0.9999849,379.4860,100
31.5903,39.4851,48.9515,0.7369720,Cc1ccc(C(=O)N2CCN(N3C(=O)COc4ccc(C(=O)O)cc43)CC2)cc1,1,0.6768310,0.6768,0.8522918,0.8523,0.9999344,395.4150,100
34.2060,36.1544,21.5364,0.4807563,Cc1ccc(S(=O)(=O)N2CCC(C(C(=O)NCCn3nc(C)cc3C)c3ccccc3)CC2)cc1,1,0.4542258,0.4542,0.5161750,0.5162,0.6205161,494.6610,100
31.9235,35.7760,-11.3230,0.2037752,CC(C)Oc1cccc(NC(=O)C(=O)N2CCN(c3cccc(N)c3)CC2)c1,1,0.1178141,0.1178,0.6259944,0.6260,0.9999801,382.4640,100
31.4468,42.8753,31.7670,0.6220191,Cc1cccc(-n2cnc3c(N4CCNCC4)nc(N4COC(c5ccccc5)C4)nc32)c1,1,0.6115231,0.6115,0.5218761,0.5219,0.9954336,441.5390,100
23.3980,28.8276,47.1892,0.6334729,CN(C)S(=O)(=O)c1ccc(CNC(=O)Nc2ccc(C(=O)O)cc2)cc1,1,0.5740858,0.5741,0.7115809,0.7116,0.9999875,377.4220,100
37.8275,44.5843,1.2740,0.3821530,O=S1(=O)NC2(CCC2)CN1Cc1ccc(Cn2cc(Br)cn2)s1,1,0.2668398,0.2668,0.8306475,0.8306,0.9995058,417.3540,100
33.8922,41.4649,32.2531,0.6143170,Cc1ccc(N2CCN(C(CNC(=O)NN)c3ccc(C)c(C)c3)CC2)cc1,1,0.6375162,0.6375,0.4229095,0.4229,0.9999818,381.5240,100
27.2271,26.6469,35.9842,0.5219260,NS(=O)(=O)CCSc1nc(-c2ccc(Cl)cc2)n[nH]1,1,0.4189877,0.4190,0.8134670,0.8135,0.9999998,318.8110,100
37.3260,46.0445,45.8617,0.7658856,Cc1ccc(-c2nc3c(o2)COCC3Oc2ccc(S(N)(=O)=O)cn2)cc1,1,0.7474786,0.7475,0.7298450,0.7298,0.9999686,387.4170,100
26.8221,31.5226,-8.4026,0.1926670,CC(C)Nc1nccc(N2CCN(C(=O)CN)CC2)n1,1,0.1013953,0.1014,0.7997911,0.7998,0.9999927,278.3600,100
