SMILES,affinity,QED,MW
C=CCNc1nc(OC)cn1N(C=O)CC,-5.335,0.5441257385204397,224.26399999999998
Cc1cnc(-c2ccccn2)nc1C(=O)Nc1ccc(OC(F)(F)F)cc1,-7.643,0.7470190521656326,374.32200000000006
COc1ccc(Br)cc1NCC(=O)c1c[nH]c2ccccc12,-6.907,0.6705100256869456,359.223
Cc1cc2c(c(C)c1OC(=O)NCc1ccc(C#N)cc1)CC1(CCN(C(=O)OC(C)(C)C)CC1)N(C1CCC(=O)NC1=O)C2=O,-8.217,0.47996335679481184,629.7140000000003
C=C(C)C(C)(C)c1ccc(-c2cccc(-c3ccncc3)c2)cc1,-7.479,0.5172508102171862,313.444
CN1C(=O)CC(NCc2cnc[nH]2)C1=O,-6.144,0.641001280703554,208.22100000000003
O=C(Nc1cccc(C(F)(F)F)c1)C(Sc1n[nH]c(=O)s1)c1ccccc1,-8.391,0.6133853132565208,411.43000000000006
Cn1ncc2ccc(C(=O)NC3(C(=O)O)CCCCCC3)cc21,-6.615,0.8522941198481374,315.3730000000001
CCN(c1ncc(C(=O)Nc2cccc(Br)c2)cn1)C1CCS(=O)(=O)C1,-6.704,0.7699999717917069,439.3350000000002
CC(OC(=O)C=Cc1cc(Br)cc2c1OCCO2)C(=O)Nc1ccccc1C(C)C,-7.687,0.4751028046137741,474.3510000000002
O=Cc1ccc(Oc2ccc(S(=O)(=O)NCC3CC3)cc2)c2ncccc12,-6.955,0.6320145469294871,382.44100000000014
c1ccc(-c2cc(-c3ccccc3)nc(-c3ccc(-n4c5ccccc5c5cc(-n6c7ccccc7c7ccccc76)ccc54)cc3)n2)cc1,-10.22,0.18801781327728498,638.7740000000001
CCCCCCCCCC(OC)(OCC1CO1)OC(C)C,-4.822,0.27286174150681203,302.45500000000004
C(Sc1c2ccccc2nc2cc3c(cccc3)c-21)#C,,,
COc1cc2c(c3c1OCCO3)OC1(CCNCC1)N2C(=O)OC(C)(C)C,-7.809,0.8048289682700543,378.4250000000001
CCCC(=O)N1CCC(c2ccc(NC(=O)CSc3ccc(F)cc3)cc2)CC1,-7.52,0.6442623386006927,414.54600000000016
O=[N+]([O-])c1ccc(Oc2ccc(NC3CCCCC3)cc2)cc1,-7.015,0.613601840487422,312.369
CNCCC1(C)CCN(c2ccc(S(=O)(=O)Nc3cscn3)s2)CC1,-6.663,0.7464002658479589,400.59500000000014
CNc1cc(N(C)CC(=O)N(C)C)nc(C(C)C)n1,-6.507,0.8655603037357422,265.361
CC(C)C1CCCN(C(=O)c2ccnc(N(C)C)c2)CC1,-4.716,0.857874641115993,289.4230000000001
O=c1c2ccccc2oc2ncnc(N3CCNCC3)c12,-6.52,0.6750074062383202,282.30300000000005
CCNC(C)(C)C(=O)Nc1cc(CC)on1,-5.7,0.7977382733982528,225.29199999999997
COc1ccc(NC(=O)OC2(C(C)NCc3ccc(OC)cc3OC)CCc3cc(C)ccc3C2)cc1,-7.191,0.39070368672462324,504.6270000000004
CCOc1cc(C=C2C(=O)NC(=O)N(c3ccc(C)cc3)C2=O)ccc1OC,-6.598,0.6365167207022017,380.4000000000001
C=CCN(CCN(C)C)C(=O)C1(C)CCCCN1,-5.545,0.7199829464827338,253.38999999999996
Cc1nn(C)c(C)c1NC(=O)C(=O)O,-5.799,0.6233101063441769,197.194
COc1c(O)cc2c(c1Br)OCO2,-4.811,0.8226651514882176,247.04399999999993
CCOc1ccc(CN2CCN(c3ccc(N4CC(CNC(C)=O)OC4=O)cc3Cl)CC2)cc1,-8.055,0.6150751662399413,487.0000000000002
CN1CCN(C2CCCC(C)(C)C2O)CC12CCCNC2=O,-6.872,0.7529798824435585,309.454
CCCOC(=O)C1=C2CC3CC(C1)CC2C3,-6.085,0.6831588824639663,220.31199999999995
COc1cncc2cc(CC(=O)NCC3CNNC(=O)C3)c(=O)oc12,-7.649,0.6666049341906841,346.34300000000013
CC1(CCCc2ccccc2)NC(=O)N(c2cccc(Cl)c2)C1=O,-7.3,0.8286229866242038,342.8260000000001
CC(C)(C)OC(=O)C=C(c1ccccc1)N1CCC(c2nc3cc(OC(F)(F)F)ccc3s2)N(C2CCN(C(=O)Oc3ccccc3)CC2)CC1,,,
CC=Cc1c(C2=CC(c3ccc(N(c4ccc(-c5ccccc5)cc4)c4ccc5ccccc5c4)cc3)=CCC2)ccc(C2CCC(N(C)C3=CC=CC4CC=CC=C34)CC2)c1C1=CCCC(C)=C1,,,
COc1cc(C2CCCN2)oc(=O)c1-c1cn2sc3ncccc3c2n1,-7.148,0.5986381301250303,368.41800000000006
CCCCCCC1=CC(C)c2sc(C)nc21,-5.953,0.65988315034568,235.396
CCC(CCCCCCC(C)(C)OC(=O)CCCN(C)C)OC(=O)NCCOC,-5.499,0.2835839957282275,416.6030000000002
CNC1CCCc2nc(Cl)c(Br)cc21,-5.929,0.7968140106652029,275.577
CC(C)CCNC(=O)c1snnc1-c1ccc(Cl)cc1Cl,-6.075,0.8803897297753458,344.26700000000005
CC(C)c1ccc(NC(=S)NCCCOC2CCCCC2)cc1,-6.448,0.5522676769740085,334.5290000000001
COC1=CCSC2=C1C=NC(NCc1c(C(=O)O)n(C)c3cc(OC)ccc13)=CC2,-5.669,0.7319243332046069,425.5100000000002
O=C1CC(c2ccc(OC(=O)c3ccccc3)cc2)c2cc3ccc(NS(=O)(=O)c4ccccc4)cc3cc2N1,-9.898,0.19064557638066057,548.6200000000002
COc1ccc(C2CC3c4ccccc4C=CN3C2=O)cc1OC,-7.762,0.8641397591646602,321.3760000000001
Cc1ccc(S(=O)(=O)OC2C(C)C(C)C(C)C(C)C2CCC2COC(c3ccccc3)OC2)cc1,-6.677,0.4126100947964642,500.7010000000003
O=C(NC1CCN(C2CCSC2)CC1)c1cc(F)ccc1F,-6.927,0.9267745446037443,326.412
CCCC(C)CCSc1cc2cc(C(=O)Nc3cc(N)nc(N)n3)ccc2cc1N=Nc1ccc(N2C(=O)c3ccccc3C2=O)cc1,-7.92,0.07247227266013694,658.7880000000002
CCCN1CCC(O)CC1C,-4.355,0.6516586100898675,157.25699999999998
Cn1ccc(CC(=O)NCc2ccn(CC(=O)Nc3ccccc3)n2)c1,-7.861,0.6800325077285547,351.41
O=C(NCc1cccnc1)c1ccc(CC23CCCN2C(=O)N(Cc2cccs2)C3)cc1,-7.802,0.5946371671902462,446.57600000000014
CC(C)(C)OC(=O)Nc1cc(F)ccc1NC(=O)c1ccc2c(c1)OCCO2,-6.763,0.8232260150407881,388.3950000000002
CC(O)CN(C)C(=O)C1CCN(S(=O)(=O)c2ccc3c(c2)OCCO3)CC1,-7.071,0.7843047426994167,398.4810000000002
CCCCC1CN(C2CCC(N)CC2)CCC1C,-6.377,0.8306224592991128,252.44599999999994
CCN(CCC#N)C(=O)c1cccc(N)n1,-5.672,0.8179813049505593,218.26000000000002
NC(=S)N(N)N=Cc1ccc(O)cc1,-5.573,0.2796616489483368,210.26200000000003
CC(SCc1nc2c(Cl)cccc2n1C)C(=O)O,-6.703,0.9377841372295238,284.76800000000003
CCOC1CCN(Cc2ccc(NC(=O)C3CC3)cc2)CC1,-5.813,0.8779649440768412,302.4180000000001
O=C1CCc2ccc(OCc3ccccc3)cc21,-7.282,0.8188469469733076,238.286
CCc1cc2ccc(-c3ccc(COC(=O)NC)cc3)nn2c1C(=O)OC(C)C,-6.983,0.6384954698152289,395.4590000000001
CCCC1NC(=O)CN(CC2CCCCO2)C1=O,-6.029,0.8024436987912088,254.32999999999993
COc1cc(C(O)Cc2ccncn2)ccc1Br,-6.313,0.9427326032074683,309.163
COc1cc(CSc2ccc(C)cc2)cc(C(=O)O)c1C,-6.935,0.8363617986369247,302.3950000000001
COCC(O)(O)C(C)=O,-3.746,0.48081021259413387,134.13099999999997
CC1CCCN(C(=O)c2cc(Nc3cccc(NC(=O)C(C)C)c3)n3nccc3n2)C1,-7.831,0.6523329544383796,420.5170000000002
CCOC(=O)C1=C(C)Nc2ncnn2C1c1ccc(OC)cc1,-5.988,0.8711916503179122,314.3450000000001
CC1(n2cnc3cccnc32)CCNCC1,-5.915,0.7857754184990331,216.28799999999993
O=C(NCCCN1CCOCC1)c1csc2nccn12,-5.437,0.8306240371503728,294.38
COCCN1c2c(Br)cccc2CC1C(=O)O,-5.116,0.9226353851605267,300.15200000000004
Cc1cccc(CN2CCc3c(nc4c5ccccc5ccn34)C2)n1,-7.792,0.5618052255362758,328.4190000000001
CC1C(N(NS(=O)(=O)c2coc3ccc(Cl)cc23)S(=O)(=O)c2ccc(Cl)s2)CC1(C)c1cc(C(F)(C(F)(F)F)C(F)(F)F)cs1,-7.301,0.14390219627478593,759.5960000000005
C(OCCOC)COCNC1CCN(CC1)c1ccc(CN2CCN(CC2)c2cc(Cc3ccccc3)c3c(N)non3n2)cc1,,,
CCC(C)NCC(=O)N1CCCC(C)C1C,-6.199,0.7951820545080535,226.36399999999995
Cc1ccc(S(=O)(=O)ON2CCC(c3nccn3C(=O)Oc3ccccc3)CC2)cc1,-7.488,0.5956505836695908,441.5090000000002
O=C1CC(c2ccc(F)cc2)C=NN1,-6.322,0.7177860840931615,192.19300000000004
CCCCCCCCCCCCCCCC(=O)CCC1OC(OC2C(CO)OC(OC(=O)CCCCCCCCCCCCCCC)C(C(=O)O)C2OC(C)C(O)OC(=O)CCC(=O)ON)C(O)C1O,,,
Cc1nn2ccccc2c1-c1cc(Cl)cc(Cl)c1Cl,-6.583,0.5595671586743299,311.59900000000005
NCCCNc1cccc2c1C(=O)N(CCc1ccc(F)cc1)C2=O,-7.296,0.5990189866572576,341.38599999999997
CC(Cc1ccccc1)NC(=O)CO,-5.949,0.7401324584250797,193.24599999999995
CC1COCCN1c1cc(C(=O)NCC2CN(C(=O)c3ccc4ccccc4c3)Cc3ccsc32)ccn1,-8.396,0.40845394283047803,526.6620000000001
CN=C(NC1CC1c1ccnc(F)c1)N(C)C,-6.471,0.47655474057871133,236.29399999999998
C#CCC=Cc1ccc(=O)[nH]c1,-5.782,0.6500788314120535,159.188
CSc1cccc(NC(=O)C(C)N(c2cccc(C)c2)S(=O)(=O)c2ccccc2)c1,-7.487,0.5286511023510185,440.59000000000015
O=C(Cc1csc(-c2ccccc2Br)n1)NCc1cccc(COCc2ccccc2)c1,-8.146,0.2958472985356956,507.45300000000026
COC(=O)c1cnn(C)c1S(=O)(=O)N1CCN(Cc2cnc(-c3ccccc3)o2)CC1,-7.248,0.5233150703067353,445.50100000000026
NCC(=O)Nc1ccc(C(=O)NNC(=O)C2CCCCC2)cc1,-6.781,0.6182769028960151,318.37700000000007
CCOC(=O)N1CCC(NC(=O)C2CN(C)c3ccccc3O2)CC1,-6.971,0.8996600654277169,347.41500000000013
CCC(=O)N1CCCCCC1c1nc(CS(C)(=O)=O)no1,-4.338,0.8349067569565338,315.39500000000004
c1ccsc1C(N1CCc2c(NS(=O)(=O)c3ccccc3C)nn3ccccc32C1)=O,,,
CCOc1ccc(C=C2Oc3c(cc4c(c3CNCCO)CN(Cc3cccnc3)CO4)C2=O)cc1,-6.438,0.34987806335533345,487.55600000000027
CCC(B1CC(C)CC(=O)N1C)C(CC)C(N)=O,,0.7576456422157577,252.16699999999997
CC(C)(C(=O)Nc1ccc(Br)cc1)C(=O)Nc1ccccc1C(F)(F)F,-7.539,0.6672178245895316,429.23600000000005
CC1(O)CCN(C(=O)c2ccnc(Nc3ccccc3C#N)c2)CC1,-7.239,0.8993417151903018,336.3950000000002
O=C(CCCS(=O)(=O)c1ccc(F)cc1)N(Cc1ccccc1)c1nc2c(Cl)cc(Cl)cc2s1,-6.514,0.23988615444059916,537.4650000000001
Cc1nc(-c2cc[nH]c2)sc1C(=O)Nc1c(Cl)cccc1Cl,-6.892,0.6964513819612962,352.246
COc1cc(NC(=O)CCl)cc(Br)c1OC,-5.793,0.8699602275799904,308.5590000000001
C=CCCSSC(OS(=O)(=O)C(F)(F)F)(C(=O)OCC)C(F)(F)F,-5.473,0.08214556714468892,422.3900000000001
CCc1cc(C(=O)O)c(Nc2cc(C(C)(C)C)ccc2O)s1,-6.454,0.71092552266212,319.426
CCc1ccc(S(=O)(=O)CC2CCCNC2)c(F)c1,-6.516,0.9218875389503056,285.38399999999996
CC(C)CN1CCN(CCC(=O)c2ccc(Cl)cc2)CC1,-6.52,0.7541400623342217,308.85300000000007
OC1CCC(Nc2cccc(C(F)(F)F)c2)CC1,-7.117,0.8525453627044267,259.27099999999996
CCC=CCC=CCC=CCC=CCC=CCCCCCCCCCCCCCCCC(=O)OC(COC(=O)CCCCCCCC=CCCCCCCCC)COP(=O)([O-])OCC[N+](C)(C)C,,,
C(OC(C)=O)Cn1c2N[C@@H]3C[C@@H](c4ccc(cc4)C(C)(C)C)CC(=O)N3n2c(=O)cc1=O,,,
c1ccc(COc2c(C(=O)C)n3c(c(C(=O)OCC(OC)=O)ccc3-c3ccc(Cl)c4ccccc34)c([B])c2)cc1,,,
CC(NCc1ccc(S(=O)(=O)N2CCCCC2(C)C#N)cc1)c1ccncc1,-7.377,0.8059865579364621,398.53200000000004
Cc1ccc(-c2noc(C3=NCCN3)n2)s1,-6.395,0.8539876777977945,234.28400000000002
COC(=O)C1CC(F)CN1,-5.183,0.5244601220877522,147.149
CCc1nnc(-c2ccc(C(=O)NCCCc3nccn3C)cc2)o1,-6.858,0.6680840012477819,339.399
COc1ccc(Cl)c(NC(=O)c2cccc(-c3cc(N4CCNCC4)c4c(=O)n(C)c(=O)n(C)c4n3)c2)c1,-8.539,0.4047772541475155,535.0040000000005
COCc1nc(-c2ccccc2C)oc1CNC1CC1,-6.301,0.8776756667294237,272.34800000000007
CCNCc1cc(N(C)CCCCCO)cnc1Cl,-5.745,0.5404343019130252,285.81899999999996
CCCNc1ccc(C)c(C(=O)N(CC(N)=O)C(C)C)c1,-6.811,0.8079728352864809,291.395
CCOc1ccc(NC(=O)CSc2nnc(C3CC3)n2CC)cc1,-6.637,0.7428086977154548,346.45600000000013
CC(C)N1CCN(C(=O)N2CC3NCCCC3C2c2ccccc2F)CC1,-7.697,0.8651256724938837,374.50400000000013
CC1CC(N)C(C(=O)O)C1,-4.544,0.5596355168708201,143.18599999999998
CC(C)CN(c1cncc(NN)n1)C1CC1,-5.542,0.5806587452652476,221.30799999999996
NNC(=O)c1ccsn1,-4.753,0.3232947514857065,143.171
O=c1c2ccccc2nc(CCCO)n1-c1ccc(C(F)(F)F)cc1F,-6.949,0.7197113189851757,366.31399999999996
CCCOc1ccc(C=NNC(=O)C2CSC(=S)N2)cc1,-5.918,0.47565400091840765,323.4429999999999
CN(Cc1cccc([N+](=O)[O-])c1Cl)CC(F)(F)F,-5.503,0.6289697759037506,282.64899999999994
CN=C(NCCc1coc(-c2ccccc2)n1)NCc1sc(C)nc1C,-6.96,0.5148938861007708,369.49400000000014
CC1(C2CCN(c3cnccn3)C2)C(=O)ON=C1OCc1ccccc1,-7.436,0.7865908651912357,352.3940000000001
Cc1cc(C)nc(N2CCN(Cc3cc(Cl)c4c(c3)OCO4)CC2)c1,-8.083,0.8392636950761957,359.8570000000002
Cn1cc(C=O)c(C2CCSC2)n1,-5.259,0.6714999664788898,196.27499999999998
CC(CC(C)C)=NOP(=O)(CCN)SCC(C)C,-5.251,0.3968718419010388,294.401
Cc1ccc(N)c2cn[nH]c12,-5.708,0.5539959138439055,147.181
COCCNc1[nH]nc2nccc(-c3ccc(CCCCN=C(N)NC(=O)c4cc(-c5ccccc5)on4)cc3)c12,-8.847,0.10075176279221305,552.6390000000002
COC(=O)c1ccc2nc(-c3ccccc3Cl)n(C)c2c1,-6.824,0.6781396645773649,300.74500000000006
CC(=O)NC(C(=O)O)N(CCC#N)S(C)(=O)=O,-5.0,0.5736551756101983,263.275
COc1ccc(Oc2c(C(=O)N3CCN(c4ccccc4)CC3)cnn2C)cc1,-6.482,0.667471766060955,392.4590000000001
CNC1CCC(C)(C)c2cc(N(CCCOC(C)C)C(=O)C(=C(C)O)C3=C(C(F)(F)F)NC(C)C3C(N)=O)ccc21,-6.921,0.17762155941861857,580.6920000000001
COC(=O)C(C)CN(CC(C)C)C(=O)C=Cc1cccc(F)c1,-6.058,0.5724295506470523,321.392
CC(C(=O)Nc1ccc(F)cc1)N1CCN(c2cccc(Cl)c2)CC1,-7.559,0.9028767701027512,361.84800000000007
COc1ccc(NN=CC=Cc2ccccc2)cc1,-6.338,0.6482214259782508,252.31700000000004
CC(C)C(Br)CNC(=O)c1ccc(Cl)cc1Br,-6.023,0.7739668862984769,383.511
COC(=O)CC1COCCN1S(=O)(=O)c1c(C)noc1C,-6.082,0.7333748014937752,318.35100000000006
CC1C(c2ccc(C(F)(F)F)c(F)c2)OC(=O)N1Cc1c(OC(F)(F)F)c(C(F)F)nn1C(C)C,-6.928,0.4070505115775145,519.3640000000001
CCN(CCOc1ccc(N)cc1)CC(F)(F)F,-5.615,0.8005806638745524,262.275
COc1ccc(F)cc1C1(CSc2c[nH]c3ccc(F)cc23)CCCN(C2CCC3(CC2)OCCO3)C1,-7.683,0.382522394550144,528.6650000000004
CC1C(C(=O)O)CCCN1Cc1nc2ccccc2c(=O)[nH]1,-8.16,0.8991638277614946,301.34600000000006
CCCCOc1cccc(C2c3c(oc4cc(OC)c(Cl)cc4c3=O)C(=O)N2c2cc(C)ccc2C)c1,-7.801,0.24675692452875597,518.0090000000002
CC(C)c1nc(C(N)=O)c(-c2cccc(C3CCCC3)c2)n1Cc1ccccc1,-7.564,0.6087759212184989,387.5270000000001
CCCNC(C1CC1)C(C)(C)C(=O)O,-4.873,0.6863381305434914,199.29399999999998
c1c(-c2ccc(C(=CCCBr)C)cc2)c[nH]c(=C/CCl)/c1=C\C(OCC)=O,,,
C=CCCC1N=C(C(c2ccccc2)c2ccccc2)OC1(Cl)Cl,-7.395,0.4773584098568486,360.284
CCCOc1ccnc(CSc2nnc(NCCCN3CC4C(C3=O)C3C5CC5C4C4C(=O)N(c5ccccc5)C(=O)C43)s2)c1C,-8.602,0.16477646383079753,658.8500000000003
CC(c1nn(C)c2c(N3CCC4CC4C3)ccnc12)N1CCN(c2ccc(F)cn2)CC1,-7.89,0.6272865539723129,435.5510000000002
CCCS(=O)(=O)c1ccccc1NCc1ccc(C)nc1,-6.562,0.8901536992492656,304.4150000000001
CN=C(NCCc1c[nH]c2ccc(Cl)cc12)NCC(=O)c1ccccc1,-7.902,0.35455714075470646,368.86800000000017
CN1CCN(C(=O)Cc2c(-c3ccc(-c4ccc(C(F)(F)F)cn4)cc3)nc3c(-c4ccccc4)cnc(N)n23)CC1,-8.615,0.3178135644378973,571.6069999999999
O=C1NC2CSC2C(c2ccc(COc3ccc(Cl)cc3)o2)N1,-7.941,0.8872142626587752,350.827
CCC(CNC(C)(C)C)CN(C)CC1CCCN1CC,-5.247,0.7388335750919318,283.50399999999996
CC(=O)c1ccccc1NS(=O)(=O)c1cccc(C(=O)Nc2nnc(C3CC3)s2)c1,-7.795,0.5391329476598932,442.52200000000016
CC(C)CN1Cc2cc(C(=O)Nc3ccc(OCc4ccc(CN(C)C)nc4)cc3)ccc2C1=O,-7.71,0.4932256304078186,472.5890000000002
Cc1cccc2c1OC(CN(Cc1ccccc1)S(=O)(=O)c1ccc(Br)cc1)CC2,-7.663,0.4726137664684146,486.4310000000002
CCNCc1ccc(N2CCC3CC(C2)N3)c(Cl)c1,-4.768,0.886236304949802,279.81499999999994
CC(OC(=O)COc1ccc2c(c1)CCC2)C(=O)Nc1cccc(C#N)c1,-7.228,0.7962193411019954,364.401
CCC(CBr)CSCC1(N)CC1c1ccccc1,-5.749,0.7650606146476853,328.319
CCCn1cc(CNC2CCC(CC)CC2)cn1,-6.218,0.8376077641660346,249.40199999999993
Cc1ccc(OCC(F)(F)F)c(NC(=O)NCC2(O)CCOCC2)c1,-6.728,0.7522831834970533,362.34800000000024
O=C(Cn1c(-c2ccncc2)nc2ccccc21)NN=Cc1ccco1,-6.992,0.4451022735366984,345.3620000000001
Cc1nc(NC(=O)OC(C)(C)C)sc1S(=O)(=O)Cl,-5.868,0.8485786317017346,312.80000000000007
CCOc1ccc(C(O)=C2C(=O)C(=O)N(c3nc(C)c(C(C)=O)s3)C2c2cccc(O)c2)cc1,-7.035,0.23358863829985432,478.5260000000002
CCCCCCCCC=CCCCCCCCCCCCCCCCCCCCCCCCCCNCCCCCCCCCCCCCCCCCCCCCCCCCCCCCCCCCCCCCCCCCCCCCCCNCCCCCCCCCCCCCCCCCCCCCCCCCCCCCCCCCCCCCC,,,
CC1CCC(C(Cl)c2nc3ccccc3s2)OC1,-6.237,0.7617561808396752,281.80800000000005
c1ccc2c(c1)CCCN2Cc1ccc(NC2=NCCO2)cc1,-7.022,0.943556645301353,307.39700000000005
O=C(NNCc1nc2cccnc2n1-c1cccc(Br)c1)c1ccc(Cl)cc1Cl,-7.808,0.3891057414839863,491.17600000000016
N#Cc1ccc(OC2CC3(C2)CC(c2nnc(C(F)F)o2)C3C(=O)Nc2ccc(-n3cnnn3)nc2)cc1F,-8.249,0.37055836828766164,537.4620000000002
Cc1cc2[nH]c(C(=O)O)cc2o1,-5.895,0.6761779155496968,165.148
Cc1ccc(Cc2ncc(C3CCCN3)[nH]2)c(C)c1,-7.705,0.8847269423662054,255.365
CC(NS(=O)(=O)c1ccc(C(=O)O)n(C)c1=O)c1ccccc1,-6.645,0.8510995307852568,336.369
CCN(CC)Cc1csc(C(=O)NCCc2c[nH]c3ccccc23)c1,-7.067,0.6404595492629834,355.507
CCCOc1nc(NCC)nc(OC)n1,-5.487,0.7611220771018924,212.253
O=C(NCc1ccccc1)c1ccnc(C(=O)Nc2ccc3c(c2)OCCO3)c1,-8.489,0.700149049912991,389.4110000000002
CC(CCC(O)C(F)(F)F)C1(O)CC1O,-5.213,0.6673061077518637,228.20999999999998
CCn1cc(Cc2ccccc2)c2[nH]c3ccc(NC(C)=O)cc3c(=O)c21,-7.932,0.5771270664556504,359.4290000000002
CCc1ccc(C2CC(CS(=O)(=O)Cl)OC(c3ccc([N+](=O)[O-])cc3)O2)cc1,-6.918,0.38925044516402035,425.8900000000001
CC1CCN(C(=O)CC2(N)CCCC2)CC1O,-6.208,0.7526329173923565,240.34699999999992
COc1cccc(F)c1CC(Cl)c1csc(C(F)(F)F)n1,-7.074,0.5875687725012264,339.741
CC(C)C(=O)N1CCC2CCC(C1)N2S(C)(=O)=O,-4.248,0.7433475537615287,274.386
Cc1ccc(S(=O)(=O)N(CC(=O)Nc2c(C)cccc2C)c2cc(C)cc(C)c2)cc1,-7.723,0.5871115258819568,436.57700000000017
COc1ccc(CNCc2cc(C)c(O)c(C)c2)cc1,-6.493,0.8763469999529303,271.36
CC(C)C1CC(Nc2cccc(C(=O)NC3CC3)c2)NN1,-7.36,0.6674093918360183,288.3949999999999
CN(C)S(=O)(=O)c1cccc(C(=O)NS(=O)(=O)c2ccc3c(c2)OCCO3)c1,-7.425,0.751916533333444,426.47200000000026
COc1cccc(OC)c1C(=O)Nc1ccc(Cn2ccnc2)nc1,-6.215,0.7473126025944999,338.367
O=C(O)c1ccc(CN2C(=O)CCC2C(O)c2ccc(O)cc2)cc1,-7.282,0.7751537532346939,341.363
Cc1cc(-c2ccccc2)nc(N2CCC(C(=O)NCc3ccc4c(c3)OCO4)CC2)n1,-8.963,0.6650247093339915,430.50800000000027
OCC1(NC2CCSC2)CCOCC1,-4.686,0.7271421257283279,217.33399999999992
Cc1nnc2c(N3CCC4(CC3)CCN(C(C)C(F)(F)F)C4)nc(Cl)nn12,-6.974,0.7679769960074568,403.84000000000003
CSCCOc1ccc2c(c1)[S+]([O-])c1ccc(F)cc1O2,-5.3,0.6328232980094938,324.3980000000001
O=C(NC1CC1)C1CC(O)CN1C(=O)c1cc2occc2o1,-7.043,0.8772801604115105,304.302
CS(=O)(=O)N1CCN(C(=O)Cc2ccccc2F)CC1,-6.162,0.8152917903261314,300.3550000000001
O=C(Nc1ccc(Cl)cc1)OCCCCCOc1ccccc1S(=O)(=O)N1CCNCC1,-6.985,0.5017258197191068,482.00200000000024
O=C1CCNCP1,-3.215,0.45714935103150234,117.088
c1c(C(N(C)C)=O)c[nH]c2c1c(ncn2)Nc1ccc(Oc2ccccc2)cc1,,,
N#Cc1ncc(C(F)F)c(Br)c1CN,-4.712,0.887252859509688,262.05699999999996
CCn1cnc2nc(SCC(=O)Nc3nnc(C)s3)n(C)c(=O)c21,-7.134,0.5315048464776972,365.44400000000013
CCC(C)N1C(=O)CC(c2ccc(Cl)cc2)C1C(=O)Nc1cccc(C)c1,-7.491,0.8066637471286938,384.90700000000015
CC1(C)C2CCC1(Oc1ccc(CN)cn1)CC2,-6.169,0.8917484695025198,246.35399999999998
CC(C)(C)C(N)C(=O)N1CCC1(C)C,-4.79,0.6914392211484178,198.30999999999995
Cc1ccccc1-c1ccc(C(=O)O)c(OCC2CCCCC2)c1,-7.196,0.8094263678165116,324.42000000000013
COCCCNCc1ccon1,-4.73,0.6413999118093873,170.21200000000002
CC=NC1=Cc2oc(=O)c(=O)c3cnc(n(C(C)c4ccccc4)c2-3)C=C1,,,
CNC1CCC(C)(C)CC1CN1CCC(COC)CC1,-5.956,0.83897148889338,282.47200000000004
O=C(O)C1=COCCc2ccoc21,-4.028,0.7066702648981213,180.159
CC(=O)c1[nH]c(C)c(C(=O)Nc2ccc(C)c(C)c2)c1C,-7.109,0.8440553827020173,284.35900000000004
C1=CC(c2ccc3oc4ccc(-c5ccc6oc7cccc(N(c8ccccc8)c8ccccc8)c7c6c5)cc4c3c2)=CCC1,-9.253,0.20308216243335833,579.699
C=C(Br)CCc1cnn(Cc2ccccc2Cl)c1,-6.446,0.7951287798002368,325.63700000000006
CC1CC(N)CCN1S(=O)(=O)c1ccc[nH]c1=O,-6.521,0.7831392164151662,271.34200000000004
NC(=O)C(Nc1cnc2n(-c3ccc(OC(=O)Cl)c(F)c3)c(=O)cc(C(=O)OCc3ccc([N+](=O)[O-])cc3)n12)c1ccccc1,-7.525,0.09706973234350644,634.9640000000003
CCC1CN(CCc2c(N)cccc2Br)C(CC)CN1,-5.879,0.8098517098596214,340.3090000000001
COc1ccc2c(c1)CC(Cc1cc(C)cc(C)c1)c1c-2n(Cc2ccc(F)c(F)c2)c2ccccc12,-8.251,0.24099633441861162,493.5970000000002
CCC1(C)CC1CNC(=NC)NCCOc1ccccc1F,-6.617,0.4624513549636153,307.41299999999995
COc1ccc(-c2[nH]c(=O)c(-c3ccccc3)c3c2CCC=C3)cc1,-7.305,0.7580768836471216,329.3990000000001
CCN(CCO)C(=O)c1cc(NC(=O)CCc2c(C)noc2C)ccc1Cl,-6.266,0.7183563771023705,393.8710000000001
CC(C)(C)c1csc(CC(=O)c2ccc(CCl)nn2)n1,-6.333,0.6414112087833305,309.82199999999995
CCNc1ncc(Br)c(N(C)CC2CCN(C)CC2)n1,-6.638,0.8905493988480045,342.28500000000014
COc1ccccc1OC(=O)c1cc2cc3c(cc2oc1=O)C(C)(C)CCC3(C)C,-7.373,0.3323261302470773,406.47800000000024
Cn1ccc(-c2nc3c(c(N4CCNCC4)n2)CCCCC3)n1,-5.435,0.8528669518166748,312.4210000000001
Nc1cc(Br)cc(-c2nnnn2Cc2ccc(Br)o2)c1,-6.887,0.6851015573737416,399.04600000000005
CCCC(CCC)Cc1cc2ccccc2c(=O)[nH]1,-7.024,0.8224864450949407,257.377
CCCC(CCCC(=O)N1CCC(c2ccc(Cn3nnc4ccc(C(C)C)cc43)cc2)CC1)N1C(O)=NS(=O)(=O)c2ccccc21,-9.525,0.18914340234094681,656.8530000000002
C#Cc1ccc2ccc(Cl)cc2c1Cl,-5.891,0.5864831609493808,221.08599999999998
CC1(CC=O)c2cc(F)ccc2-c2cnc(Cl)cc21,-6.333,0.6170921391651673,275.71000000000004
CCSN(C)c1ccc(-c2cc(N3CCOCC3)n3ncnc(N)c23)cc1,-6.679,0.6782130332083162,384.50900000000007
CCCCC(=O)Oc1c(C)c(C)c(O)c(O)c1C,-5.469,0.4905971114038807,252.30999999999997
CC(NCCOCC(F)F)c1cn[nH]c1,-5.102,0.6803138245522461,219.235
CC(=O)Nc1ccc(S(=O)(=O)N(C)C)cc1C(=O)NNC(=O)c1cccc(Cl)c1,-7.487,0.6116371900404985,438.89300000000003
O=C(CC(CCc1ccc(F)cc1)c1cccc(F)c1)Nc1cc2ccccc2nc1Cl,-7.84,0.3106310146662926,450.91600000000017
COc1nc2c(n1CC1CC(N3C4=CC(n5nnn(C)c5=O)=NC3=CC(Cl)=C(C3(C#N)CC3)C(Cl)=C4)CCC1O)CCCC2=O,,,
CCCC1CCC(O)(C(=O)NCCn2cccn2)CC1,-6.72,0.8329394717323361,279.38400000000007
COc1ccccc1-c1sc(C)nc1C(=O)OCC(=O)N(C)Cc1ccc(Cl)cc1,-5.941,0.49812280633508993,444.94000000000017
O=c1c(-c2ccno2)cc(CC2CCSCC2)cn1-c1ccccc1,-7.437,0.7066976751733107,352.45899999999995
CSc1nccc(-c2ccc(C)c(N3C(=O)OCC34CCC(NC(=O)OC(C)(C)C)=N4)c2)n1,-7.769,0.5193499478281194,469.5670000000003
CN(CC(=O)N(C)CCC#N)CC1CNCCO1,-5.215,0.6772145976568883,254.33399999999995
CC(C)(C)OC(=O)N1CCN(c2ccc(-c3ccc4c(c3)CCC4O)cc2CN)CC1,-6.799,0.7840059168113434,423.5570000000003
c1(c(OC)ccc2CC3[C@@]45c6c(c(ccc6C[C@@H](N(C(=O)N[C@@H](Cc6ccccc6)COCCO)[C@H](C=C)[C@H]5O3)C)OC(C[C@H](C(OC(C)(C)C)=O)CC(C)C)=O)CCCc4c21)OC,,,
C#CCCC(C)(O)Cc1ccccc1,-5.594,0.719255097365478,188.27
CCCCCOC(=O)C(C)S(=O)(=O)c1ccccc1,-6.257,0.5701218117500695,284.377
CC12C(c3nc(CCC(=O)O)no3)=CCC3CCC1CCC32,-8.115,0.9229627150964534,302.3740000000001
Clc1ccc(Cl)c(CSc2ncns2)n1,-5.874,0.6356128378889432,278.189
COc1ccc2c(c1)CCC1C2CCC2(C)C(c3ccccc3)=CCC12,-8.152,0.6259132818102255,344.498
CCC(CC)(CN)C(=O)NCc1ccc(F)cc1,-6.642,0.8152160640385281,252.333
O=C(O)C=Cc1cnc(Oc2cncc(Cl)c2)nc1,-7.186,0.8639316757707494,277.66700000000003
C([C@@H](O)CO)[C@H](N)CN1C[C@H]1Cc1cc(c2c3c1OC1[C@H]4Cc5c(O)c(C)c6c(c5O[C@H]4[C@H]1N(C)[C@H]3C)c(O)c1C(CCc6c(c1cc2)C(NC)=O)O)NC(=O)[C@@H](C)N,,,
Cc1ccccc1NC(=O)N1CCN(C(C)(Cl)C=O)CC1,-6.23,0.5293892357545712,309.7970000000001
CC(C)CCCCNC(C)Cc1ccc(Br)cc1,-5.498,0.6801852754753557,312.29499999999996
CC=CCn1c2c(c(=O)c(Cl)c1C(=O)OC)CCN(C(=O)c1ccc(Cl)cc1)C2,-6.917,0.54254738134607,435.30700000000013
CC(=NNC(=O)CN(C)S(=O)(=O)c1ccc(C)cc1)c1ccc(N(c2ccccc2)S(C)(=O)=O)cc1,-8.319,0.33808920236340007,528.6560000000002
COc1ccc(N2CCN(C(=O)C3(c4cccc(OC)c4)CC3)CC2)cc1,-7.693,0.8155617481063328,366.46100000000024
CCCc1sc(-c2ccc(-c3ccc(-c4ccc(COCC)c(F)c4)cc3)cc2)nc1F,-6.436,0.2725908832403297,449.5660000000002
CC1CN(S(=O)(=O)c2ccc(S(C)(=O)=O)c(C(F)(F)F)c2)CC(C)(C)O1,-6.673,0.7568284625473357,415.45500000000015
CC(C)(C)CCc1csc(COc2ccc(Cl)cc2)n1,-6.447,0.742003020337434,309.862
CCOc1ccc(CNCc2ccc(C)cc2OC)cc1OCC,-6.64,0.7519936543693415,329.4400000000001
O=C(OC)C(=O)COc1ccc2c(CC3C4(O)CC(CCl)(CCC3=O)O4)c3ccccc3c(=O)o2,,,
Cc1oc(-c2ccc(F)cc2F)cc1C(=O)NC1CCN(S(C)(=O)=O)C1,-7.685,0.8773002522895268,384.40400000000017
CCOc1ccccc1NC(=O)CCCN1C(=O)CSc2ccccc21,-7.3,0.8018883516225979,370.47400000000005
CC(C)c1cccc2c1c1nc3nc(-c4ccc(-c5ccc(-c6ccc(F)cc6)c(-n6c7ccccc7c7ccccc76)c5)cc4)cc2n1c3O,,,
CC1OCCC1Oc1cccnc1,-5.441,0.6911876704985096,179.219
COC(=O)c1ccc(-n2c(CO)c[nH]c2=S)cc1,-5.934,0.6551588709167159,264.306
CCn1nc(C)cc1C(=O)NC(CN(C(=O)C(=O)NC1CCC1)C1CC1)C1CCC(F)(F)CC1,-7.291,0.5606966027384825,479.57200000000034
Cc1ccc(S(=O)(=O)N(C)c2ccc(C#N)cc2)cc1,-6.578,0.8711914063885168,286.356
COc1ccc(C(=O)c2c(F)cccc2Br)cn1,-6.361,0.8172104027597167,310.122
NCc1ccccc1OCCNC(=O)Nc1ccccc1F,-6.99,0.7175750594685227,303.337
O=C(NC(CCc1ccccc1)c1ccccc1Cl)c1ccccn1,-7.038,0.6908287499136638,350.84900000000005
CN1CCC(c2cccc(C(=O)N3CCCc4cc(C(=O)NC5CCC(N)CC5)ccc43)c2)C1,-8.167,0.7293494089495525,460.62200000000024
O=Cc1nnnn1Cc1ccc(Cl)nc1,-6.052,0.5622672856909886,223.62300000000002
CCC(C)COc1ccc(C2N=C(N)c3ccc(O)cc3O2)cc1,-7.019,0.8796528676872365,326.396
COC(Cl)c1nc2cc([N+](=O)[O-])ccc2n1Cc1ccccc1C(=O)O,-6.446,0.40057734306192505,375.7680000000001
O=C1CC(c2cc(O)ccc2Cl)SC(=NCc2ccc(N3CCOCC3)cc2)N1,-6.961,0.7710663852284042,431.9450000000002
Cc1cccc(CC(=O)c2ccn[nH]2)c1,-6.59,0.7713954782441349,200.24100000000004
Cc1ccnc(N2CCC(CO)CC2)c1C(=O)NC1CCC(C)(C)c2c(Oc3ccnc(N4CCOCC4)n3)cc(Cl)cc21,-8.034,0.3672965828110702,621.1820000000002
C=CN=C(OC1(C)Cc2ccc(-c3noc(C)n3)nc2C1Cl)C(Cl)=CC,-7.246,0.42639034797161796,393.27400000000006
COC(=O)C1=C2CCC(C)(C)N2NC(C(C)=C(C)C(F)(F)F)C1C(=O)OC,-6.007,0.5904982365407636,390.4020000000001
CNC(c1cc(C)c(C)cc1C)c1cccnc1Cl,-7.066,0.8569525610099197,274.79499999999996
COC(=O)C1CC2CCCC2O1,-4.923,0.5530127964809578,170.208
CC1OC(c2ccc(F)c(F)c2)C(OCC(F)(F)F)C(O)C1ON1C2CC(NCc3ccccc3)NC2CN(CC(=O)O)C1N,-7.523,0.241847589893437,645.626
O=C(CCCNC(=O)c1oc2ccccc2c1-n1cccc1)NN=Cc1ccc(OCc2ccccc2)c(Br)c1,-8.489,0.10698172820878818,599.4850000000002
Cc1cc(CNC(=O)c2ccc(Br)nc2)on1,-7.134,0.8804106105193357,296.124
CCCCCCCCCCCOCC(O)C1OC(O)(CC(=O)NC(=O)CCCCCCC)C(O)C1O,-6.406,0.1460545266255147,517.7040000000004
CC1CCSCCN1C(=O)NC1(C(=O)O)CCOCC1,-3.976,0.7999804162010552,302.39600000000013
O=Cc1cc(C=O)c(C(F)F)nc1Cl,-5.842,0.5788974146322725,219.57399999999996
CCCCOc1ccc(NC2(C)CCOCC2)cc1,-6.278,0.7908296057571215,263.3809999999999
CCC(C)(C)c1cccc(NC(=O)COCC(=O)O)c1C,-6.354,0.8101904513513215,293.36299999999994
C=C(Cl)CNc1ccc(N)c(OC(C)C)n1,-6.07,0.8320940673972456,241.72199999999998
CC1=CC(C)(C)CN1NO,-4.625,0.5385384901748436,142.20200000000003
CC(C)c1cc(C(N)C2CC2(C)C)n(C)n1,-6.292,0.8522549026532518,221.34799999999996
C=C(CC1CCC(C(=O)Nc2ccc3c(c2)CCC3)CC1)NNC(=O)c1cccc(I)c1,-8.982,0.32537966110126887,543.4490000000001
c1c(Cl)c(CN2C(=O)C(CCC2)C2CCN(Cc3oc(-c4ccccc4F)on3)CC2)ccc1,,,
COCCOc1ccc(NCc2cc([N+](=O)[O-])ccc2OC)cn1,-6.227,0.4279221848558804,333.34400000000005
Cc1nn(CC2CCCCO2)cc1C=CC(=O)NCC(O)C1CCCC1,-6.806,0.7315636545845218,361.4860000000002
NC1CC2CCC(C1)N2c1ccc(C(F)(F)F)c(F)c1NC(=O)Nc1cccnc1,-7.398,0.6416064961686363,423.4140000000001
CCNC(c1ccc(OC)c(OC)c1C)C1(C)CCCC1,-5.288,0.8499361828524943,291.43500000000006
CC=C(S)c1ccc2c(c1)c(C#CSI)c(C(=O)OC)n2C1CCC1,-6.041,0.257875897666715,483.39600000000024
CC(C)(C)C(=O)N1CCC(N2CCOC3(CCN(C(=O)c4ccc(F)c(F)c4N4CCCCC4)CC3)C2)CC1,-8.014,0.566125472511666,546.7030000000002
Cc1cnc(C(NN)C2=CCCO2)cn1,-5.722,0.5591699822464804,206.249
C#CCOc1c(Br)cc(C=NNC(=O)CN(C(C)=O)c2ccccc2F)cc1OC,-6.365,0.36095662329452816,476.30200000000025
CC(=O)Nc1ccnc2cc(NS(=O)(=O)c3ccc(C)cc3)ccc12,-7.231,0.7514606794849436,355.4190000000001
c1c2c(C(CC2)NCc2cn[nH]2)ccc1,,,
CCOC(=O)c1ccccc1NC(=O)C1CCN(S(=O)(=O)c2ccc(N)cc2)CC1,-7.523,0.5357521868910937,431.5140000000002
CC(C)C(=O)NCC1(CCO)CCOCC1,-5.548,0.737302073188268,229.31999999999994
Cc1c(Br)cccc1C(=O)c1cc[nH]c1,-6.06,0.8290601009724242,264.122
N#Cc1cn(-c2ccc(-c3cn4ccnc4s3)cc2F)cn1,-6.392,0.570836816708625,309.329
CC1CCN(c2nc(OC3CCCC3)nc3c2CCCC3)C1,-6.742,0.85590912347453,301.4340000000001
CC(C)(C)C(=O)COc1nc2ccc(Br)cc2s1,-5.975,0.853082545565186,328.23100000000005
O=S(=O)(Cl)c1nnc(-c2cccs2)s1,-5.535,0.7820926250661376,266.75600000000003
Cc1noc(C)c1C(=O)OCC(=O)Nc1ccc(C(=O)N(C)C)cc1,-6.92,0.8290742766171416,345.3550000000001
C=CCC(CC=C)C1(C)NCCCC1CC,-5.151,0.6702636789633079,221.38799999999995
CS(=O)(=O)c1cnc2c(c1CC(=O)CCc1c(Cl)cccc1Cl)C(F)=NC(SCCO)C=C2,-5.733,0.5176798568198443,531.4580000000001
CCN1CCCC(CN=C(N)NCC(C)C)C1,-5.825,0.5620690064974656,240.39499999999998
O=C(NCCCn1c(CCCl)nc2ccc(Cl)cc21)C1CCCCC1,-7.552,0.5638592734231136,382.33500000000026
O=c1[nH]cc(F)c(C(F)F)c1Cl,-5.458,0.7349228844363727,197.54299999999998
CCN(CC)C(=O)CCNc1ccnc(C(=O)NC)c1,-5.848,0.7833300566132978,278.35600000000005
O=C(NCc1nnnn1-c1ccc(Cl)c(F)c1)c1ccc2n[nH]nc2c1,-7.787,0.56271589430197,372.7510000000001
CCNC1CC2CCCC(C1)N2CCCOC,-5.552,0.7189212152727704,240.39099999999996
CCC(=O)c1ccccc1-c1ccc(N)c2cncnc12,-6.036,0.5875878998901368,277.327
CC(=O)OCC(C)NC(=S)NNC(=O)C(C)N,-6.626,0.2857860812004684,262.33500000000004
NCc1cn(CCc2cccnc2)cn1,-6.344,0.8036456741440375,202.26100000000002
CC(NS(=O)(=O)c1cccc([N+](=O)[O-])c1)C(=O)Nc1ccc(S(=O)(=O)Nc2nccs2)cc1,-7.983,0.2888440100215293,511.56300000000016
O=C(NN=Cc1ccccc1[N+](=O)[O-])c1ccc2c(c1)sc1nccnc12,-7.391,0.33229549836193,377.38500000000005
CCn1c(SCC(=O)N2N=C(c3ccccc3)CC2c2ccc(F)cc2)nnc1-c1ccc(C)cc1,-8.638,0.2979047524170382,499.61500000000024
CSc1cccc(Oc2cc(C(=O)N3CCN(c4nc(=O)[nH]nc4F)CC3)ccn2)c1,-7.66,0.5998604466907546,442.4760000000001
CC1(C(=O)O)CCN(C(=O)CCc2ccc(Cl)c3c2OCCO3)C1,-7.495,0.8988890727235317,353.8020000000002
COc1ccc(OP(=O)(Oc2ccc(C)cc2OCCOC2CCCCC2)Oc2ccccc2C(C)C)cc1,-6.834,0.15490279379059976,554.6200000000003
COc1cc(OC)cc(C(N)Cc2ccc(Cl)cc2Cl)c1,-7.121,0.8930775420642392,326.22299999999996
CCOC(=O)Nc1cccc(OCC#Cc2ccc(Br)cc2)c1C,-7.293,0.768974346447456,388.261
COc1ccccc1C(=O)NCC(=O)OCC(=O)Nc1cccc2ccccc12,-5.752,0.6032729848952348,392.411
Cc1ccc(NC(=O)CCC(=O)NN=Cc2cc(Br)c(OCc3cccc4ccccc34)c(Br)c2)cc1,-8.591,0.15403648342227755,623.3450000000003
COc1c(Cl)cc(Cl)cc1S(=O)(=O)NC(CN)C1CCCCC1,-6.228,0.7931004590074854,381.3250000000003
COc1ccc(NC(=O)C(=O)Nc2ccc(Oc3ccc(C)nn3)c(Cl)c2)cc1OC,-7.98,0.5577834887312998,442.85900000000015
CN1C(=O)C2(NCC(=O)O2)c2cc(Cl)ccc21,-6.998,0.6878490117222816,252.657
COC1CCN(C(=O)N2CC(OC)CC2C(=O)O)C1,-5.91,0.7820853522351666,272.301
CCOC(=O)Cc1ccc(CN(c2ccccc2F)S(=O)(=O)c2ccccc2)cc1,-6.9,0.5022732369940841,427.4970000000001
CCOc1ccc(N(CCN(CC)CC)C(=O)C2CC3CC3C2)cc1,-6.096,0.6828568318209564,344.4990000000001
COCc1cc(Oc2ccc(NC(=O)N3CCCC3)cc2NC2CCOCC2)n2nccc2n1,-7.731,0.5446495197876732,466.54200000000026
COC1OC(CO)C(O)C1O,-4.574,0.4427756175776297,164.157
O=C(NC(c1ccccc1)c1ccccc1)C1C=CC=C1,-7.119,0.9066212328302348,275.351
[C@@H]1(O)Cc2ccc3c4c(c(=O)n(c23)C1)nc1ccccc1n4,,,
Cc1ccc(OCCCCc2ccccc2)c(CN)c1,-6.889,0.7747169939062786,269.38800000000003
CC(C)c1cccc(N(C)CCC2CCNCC2)c1,-6.644,0.869337369883794,260.4249999999999
O=C(Cn1c(=O)c2ccccc2c2ccccc21)NN=Cc1c2ccccc2c(Cl)c2ccccc12,-8.809,0.13728372274682316,489.9620000000002
COc1ccc2c3c1C=Cc1cc(-c4ccc5c(c4)c4ccccc4n5-c4ccccc4)ccc1-n2c1ccccc31,,,
CC(NCCNC=O)(Nc1ccc2oc(-c3cc(Cl)cc(Cl)c3)nc2c1)C(=O)NC(Cc1ccccc1)C(N)=O,-8.073,0.09186348316119643,583.4760000000001
COCCCNC1CCCC(O)(c2cc(F)cc(Nc3cc(S(=O)(=O)N(C)C)c(COC4C5=C(C)N4C=CC=C5)nn3)c2F)C1,-7.438,0.27466881771385215,646.7610000000001
CCCC=CC(c1c(CC)cnn1-c1ccccn1)N(C=O)CC,-5.965,0.5212892042183406,326.44400000000013
Cc1ccc(Cl)c(NC(=O)c2cccnc2Sc2nnc(N)s2)c1,-6.93,0.7160791280441093,377.8820000000001
COC(=O)C1CN(S(=O)(=O)c2ccccc2OC)c2ccccc2O1,-6.395,0.7709847522569063,363.39100000000013
CON(C)C(=O)NS(=O)(=O)c1ccc(C)cc1,-6.34,0.8167549914996979,258.299
CN(C)CCN(C)CC=Cc1cccc(Cl)c1,-5.829,0.7683483528756886,252.78900000000002
COCCn1c(-c2cc(C)cc(C)c2)nc2c(=O)[nH]c(SC)nc21,-7.094,0.569038846481969,344.44000000000005
O=C(NCCc1ccc(Cl)cc1)c1ccnc(Nc2cccc(F)c2)c1,-7.935,0.6677820592934464,369.82700000000006
O=C(CCc1ccccc1Cl)NCCCO,-6.079,0.7461963025455021,241.71799999999996
c12ccccc1c([C@H]1n3c(=O)/c(sc3=NC=C1C(OCC)=O)=C\c1ccccc1)c1c(cccc1)cc2,,,
CC(C)(C)C1(C)C=Cc2oc3ccc(-n4c5ccccc5c5cc6c7ccccc7n(-c7cccc8ccccc78)c6cc54)cc3c2C=C1,-8.459,0.18592264622888852,632.8070000000001
COC(=O)C1C2C(=O)N(c3ccccc3)C(c3ccccc3)OC2(Br)C(=O)NC1(C)c1ccccc1,-7.383,0.3879997988886816,549.4210000000003
CC1=CCC2C(CC#N)CCC12C,-5.448,0.5609309059950498,175.27499999999998
O=C(Nc1cccc(Cl)c1)C1CCCCO1,-6.527,0.8619943964142535,239.7019999999999
COc1ccc(O)c2c1CC1C3CC4C2CCCC3[N+](C)(CCS(C)(=O)=O)C41,,,
Cn1c(SCc2cccc(Br)c2)nc2cc(S(=O)(=O)NCC3CCCO3)ccc21,-7.728,0.49934308186166676,496.45200000000034
O=C(Nc1cccc(Cl)c1)C1CN=C(c2ccc3c(c2)OCO3)O1,-8.302,0.9291973586236411,344.75400000000013
O=C(CNC(=O)c1ccc(Cl)cc1)Nc1ccc(N2CCCCC2)cn1,-7.661,0.8453297053738416,372.8560000000003
CCOC(CC)C(O)c1ccc(C#N)cc1,-5.594,0.8269353501031863,219.28400000000002
C=CCc1ccc(OCC(=O)NCCc2ccc(Cl)cc2)c(Cl)c1,-7.265,0.7026884794910158,364.27200000000005
NC1(C2CCCOC2)CCN(c2nc3n(c2C(=O)O)CCc2cc(Cl)c(CC(=O)O)cc2-3)CC1,-7.45,0.5851574253983501,488.9720000000003
Oc1ccccc1C1=NN(c2ccc(F)cc2)C(c2ccc(Br)cc2)C1,-7.011,0.6048236900414657,411.27400000000006
CC(=O)NC(C)c1nc2ccccc2n1-c1ccc(C(C)=O)cc1,-6.527,0.7488593047039934,321.3800000000001
Cc1nnc(SCCCSc2nnc(C3CC3)o2)n1-c1ccccc1,-6.721,0.4345296227249714,373.5070000000001
Cc1cc(Br)c(OCC(=O)N(C)C)c(Br)c1,-5.245,0.838222163759558,351.038
[N-]=[N+]=NC1CCCCC1n1ccc(N)nc1=O,-6.256,0.4764565992015068,234.263
CCC(c1nnnn1C1CCCC1)N(Cc1ccccc1)Cc1csc2ccccc12,-7.303,0.3352960388670514,431.6090000000001
C=CCCC(=O)N1C(=O)C2C(C(=O)NCc3ccccc3)C3(C)CCC2(S3)C1C(CO)Cc1ccccc1,-6.883,0.44966045016237294,532.7060000000004
COc1ccc(CCN(CCC(=O)NC2CCN(C)CC2)C(C)=O)cc1,-6.571,0.765368784464605,361.48600000000016
Oc1ccc(Cl)cc1NCc1cc[nH]c1,-6.216,0.6996186039490713,222.675
CCCCCCCCCCNc1c2ccccc2cc2c1sc1ccccc12,-6.063,0.26722018113497464,389.6080000000001
O=S(=O)(Cl)C1CCNCC1c1nccs1,-5.252,0.8163875638101914,266.775
CCCC(CNC1CC1Cl)C(C)C,-4.732,0.6549058677939497,203.757
C[N+]1(Cc2ccc(-c3cccc(S(=O)(=O)c4ccc(OCc5ccccc5)cc4)c3)cc2)CCCCC1,-8.335,0.24136264959885706,512.6950000000003
Cn1nnn(-c2ccccc2)c1=O,-6.494,0.6125365434953182,176.17899999999997
CC(=O)c1c(OC2CC3(CC3)C(=O)n3c(C)nc4nc(OCC(F)(F)F)cc2c43)ccc(F)c1OC(F)F,-5.935,0.2843327361946538,543.4200000000002
CC(C)NCc1cnc(C2CCOC2C)s1,-5.603,0.8778973295284749,240.37199999999999
c1nc(OCC2CCCO2)ncc1CNC1CC1,-6.3,0.8229017581778229,249.314
N#CC(=NNc1ccccc1Br)c1nc(Oc2ccccc2)cs1,-6.888,0.48224311547304355,399.2730000000001
COc1ccc(NC(=O)c2ccc(CN)o2)cc1Br,-6.658,0.9060400014174625,325.162
Cc1ccc(Cl)cc1NC(=O)CCNc1ccc(Cl)cc1Cl,-6.749,0.7523296712392953,357.6680000000001
O=C(c1ccc(-c2c(F)cccc2F)cc1)N1CCN(C2CCCC2)C(CCO)C1,-7.467,0.8017996289815114,414.4960000000004
CCCCN(CCN)C(=O)C(CCC)CCC,-4.963,0.6400722432569806,242.40699999999995
Cc1nn(C)c(C)c1CC(C)C(=O)N1CCC(c2noc(-c3ccc(F)cc3)n2)CC1,-8.111,0.6212515377815911,425.50800000000015
CC1OC(C)(C)OC1CCCCCN,-5.703,0.6922790158913676,201.30999999999992
CCC(NC(=O)c1cc(Br)ccc1O)c1ccc(F)c(F)c1,-7.189,0.8426550406254797,370.19300000000004
CCOC(=O)c1cccc(NC(=O)c2ccc3c(c2)C2C=CCC2C(c2ccc(N=[N+]=[N-])cc2)N3)c1,-7.944,0.13166569241348808,479.54000000000013
CCCCC1(C(=O)OCC)CCCC2=C1CCCC2,-5.75,0.5273601253853373,264.40899999999993
Cc1nnc(SCC(=O)O)s1,-4.755,0.7209254081365785,190.24900000000002
CC(C=CC1C(O)CC2C=C(C=CC(O)C(F)(F)F)CC21)CCC(C)(C)C,-6.92,0.5979098266469338,386.4980000000002
CC(=O)NCC(=O)OCC(=O)c1ccc2c(c1)CCCC2,-7.036,0.6571637074767361,289.3310000000001
COc1ccc(N)c(OCCN)c1,-5.263,0.6693488478308341,182.22299999999998
O=S(=O)(F)Oc1cc(N2CCN(C3CCOCC3)CC2)nc(C(F)(F)F)c1,-7.129,0.552295194752212,413.39300000000014
CCCCc1ccc2oc(-c3ccc(Cl)cc3)nc2c1,-6.744,0.6332272191786125,285.774
COC(=O)C1CSCN1C(=O)CCNC(=O)c1cccs1,-5.172,0.8143895378632758,328.415
CCCC(CC)C(NCC)c1cnccn1,-4.895,0.7689313380710132,221.348
O=C(Nc1ccc(F)cc1)c1cc(=O)[nH]c2ccccc12,-7.487,0.75880643642798,282.274
CSCC1(c2nc(=S)[nH]n2C)CCCCCC1,-4.038,0.6752458824676988,271.455
CCCNC(=O)CC1CCCc2c1nn1c2CCC1CN(CC)C(C)C,-6.368,0.7725203155681573,360.5460000000001
CCNCCSCc1cccc(C#N)c1,-5.684,0.7477790497393576,220.34100000000004
COc1nc(CC2=NCCCC2)nc(Oc2ccc(N)cc2Nc2ccccc2Cl)n1,-6.885,0.508864820326207,438.91900000000015
CC(=O)NC1(c2noc(CCN(Cc3ccco3)C(=O)C3CCCC3)n2)CCCCC1,-7.134,0.6875592894563521,428.5330000000004
CCCn1ncc(CCN)c1C1(C)CCCO1,-5.104,0.8495671812833923,237.34699999999992
Cc1ccc2c(c1)c1ccccc1n2-c1ccc(-c2cccc(-c3ccc(C(F)(F)F)cn3)c2)c(C(=O)O)c1,-9.626,0.25242405187770844,522.5260000000002
O=CC1CCCC(c2ccc(F)cc2)C1,-6.526,0.6784123512594089,206.26
CSCCC(C#N)(NS(=O)(=O)c1ccc([N+](=O)[O-])cc1)c1ccccc1,-6.344,0.546460772311846,391.4740000000001
CC1Cn2c(-c3ccccc3)nc(C(C)(C)C)c2CN1,-7.406,0.860224398649029,269.39199999999994
CCOC(=O)CCCCN1CCC2(CCCC2)CC1,-6.24,0.5456256789720089,267.41299999999995
Cc1ccc(C2NCC(C)OC2C(C)(C)C)c(F)c1,-5.858,0.8374324714669832,265.37199999999996
COc1cc2c(cc1Nc1ncc(N)c(OC)n1)CCC1CC(CCO1)C(C)(C)C2,-5.685,0.7799741457386622,412.53400000000033
CC(c1cccc(C(F)(F)F)c1)C(C)c1ncn[nH]1,-7.316,0.9219755731856096,269.27
Cc1c(-c2ccccc2)sc2nc(SCCOC(=O)c3ccc(S(=O)(=O)N4CCOCC4)cc3)n(C)c(=O)c12,-6.675,0.1324910540551724,585.7290000000003
O=[N+]([O-])c1cccc(NN=Cc2ccc3c(c2)OCO3)c1,-7.133,0.5300195611566714,285.259
CC(=O)NCC1CCCN(C(=S)Nc2ccc(C)cc2)C1,-7.001,0.8424818244283211,305.44700000000006
CCOc1ccc(Cn2cc(C(=O)Nc3ccc(Cl)cc3)nn2)cc1OCC,-7.51,0.6172209063512533,400.86600000000016
CCCC(C)Oc1ccc(C(=O)Oc2ccc(C(=O)C=Cc3ccc(O)c(OC(=O)c4ccc(Br)cc4)c3)cc2C(=O)OCC(=O)C(C)C)cc1OC,,,
Cc1sc2nc(COC(=O)C3(c4c[nH]c5ccccc45)CCCC3)[nH]c(=O)c2c1C,-6.266,0.47009475975236675,421.52200000000033
COc1ccccc1Nc1ncc(C(F)(F)F)c(Nc2ccc(C)cc2OC)n1,-7.092,0.5805220413642805,404.3920000000001
Cc1nnc(SCC(c2ccc(Cl)c(Cl)c2)c2ccc3c(c2)OCO3)n1C,-7.426,0.5368411262152515,422.3370000000002
Cc1ccccc1CSCC(=O)N1CCN(CC(=O)Nc2c(C)cccc2C)CC1,-7.437,0.7360936740933565,425.5980000000002
Cc1[nH]ncc1C1SCC2CN(c3ncc(C#N)cc3F)CCN21,-7.351,0.8990694016056702,344.41900000000004
COc1cc(NC(=O)OC(C)(C)C)ccc1N1CC(CSC2=NCCO2)CC1=O,-7.172,0.7825294872405012,421.51900000000023
C(=O)(c1c2c3c4c5c(ccc6n5c5c(c6c(=O)c4c(-n5c4cc(C(c5ccccc5)(C)C)[nH]4)c2ccc1)ccc3)c1cn[nH]c1c(=O)[nH]c1=O)ccc(c1)-c1cscc1,,,
Cc1cccc2cc(CN(C(=O)c3cccc(O)c3)C3CCCCC3)c(=O)[nH]c12,-7.742,0.6879625671329631,390.4830000000003
COCc1cc(-c2ccc3c(c2)C(C2CC2)CCN3)on1,-6.929,0.9274017313785381,284.359
Cc1c(O)c(Cl)cc(O)c1Cl,-4.641,0.6214842436134175,193.029
Cn1cnnc1SCCNC(=O)c1ccccc1N1CCC1,-6.386,0.6467796934278787,317.4180000000001
COCOc1cc(N)cc(CSC)c1,-5.244,0.6007732301787974,213.302
CC=C1CCC(=O)N1C1CCN(CCOCC(=O)OC)CC1,-6.404,0.5442692441408383,310.39400000000006
Cc1cc(Cl)ccc1C(=O)N1C2CCC1C(C(=O)O)C2,-6.74,0.9119407178477792,293.75000000000006
CCCNC(CO)c1cccc2c1ccn2C,-5.423,0.8290539955727126,232.327
CC(C)c1nc(C(=O)Nc2ccc(Cl)cc2)n[nH]1,-6.736,0.895463044008796,264.716
CNC(=Nc1cc(-c2c(C)cccc2C)cc(N(c2cccc(N3C=C(C)c4c(-c5ccccc5)cccc4N3c3ccccc3)c2)c2ccccc2C)c1)N=C1N=C(Nc2ccc(-c3ccccc3)cc2)CO1,,,
CC1(C)CCCC(NC(=O)NC(CC(=O)NC2CCOC2)CC(=O)OC(C)(C)C)C1,-6.834,0.5439338680043058,425.57000000000033
COc1cc(Cl)cc(CNCCCN2CCC(C)CC2)c1,-6.369,0.7793805929149351,310.869
O=C(ON1C(=O)CCC1=O)c1ccncc1Cl,-6.014,0.7347831792418059,254.62900000000002
C=CCOC1OC(C(O)OC)C(COC2C(O)C(O)OC(CO)C2OC2OC(C(=O)O)C(O)C(O)C2O)C(O)C1COC(C)=O,-6.262,0.04784756885560057,658.6030000000003
CCC(=O)Nc1cccc(C(=O)Nc2ccc(N3CCOCC3)cc2)c1,-7.366,0.866373175160061,353.42200000000014
COc1ccc(C(=O)NCC2CCC(Oc3ncccc3F)CC2)cc1F,-7.854,0.8344768320213413,376.4030000000001
Cc1ncsc1CCCn1cc(CN)nn1,-6.033,0.8461246274541939,237.332
CCc1ncc(C(=O)Nc2cccc(CCC(=O)O)c2)s1,-6.969,0.8595806570963154,304.371
C=CC=C(F)OCC(=C)C,-4.84,0.33278245894812314,142.173
CC1(C)CN=C(NCC2CCCC2)S1,-4.919,0.7607479192821567,212.36199999999994
O=C(NC(=S)Nc1ccc(NC(=O)c2ccc(Cl)cc2)cc1)c1cccc(C(F)(F)F)c1,-8.435,0.41914514242002143,477.8950000000001
CCOC(=O)C1=C(C)N=c2sc(=Cc3cc(Br)c(OC)c(OC)c3[N+](=O)[O-])c(=O)n2C1c1ccc(Cl)cc1,-6.202,0.22054065215388752,622.8810000000002
CC(C)(C)OC(=O)NC1CNCC1F,-5.559,0.6645711141142486,204.24499999999998
CC(c1coc2ccc(Cl)cc2c1=O)c1nnnn1CC1CCCO1,-7.681,0.7110283676053966,360.80100000000016
Cc1ccc(OCCc2ccccc2N)cc1S(N)(=O)=O,-7.171,0.8239685446618846,306.3870000000001
CNCc1cc(N2CCCOCC2)ccc1OC,-3.797,0.880606504731212,250.34199999999996
CCN(CC)C(=O)CSc1nnc(CS(=O)(=O)c2c(C)cc(C)c(C)c2C)n1-c1ccccc1,-6.22,0.4040830580234181,500.6900000000003
CN(C)C(CNC(=O)c1ccnc2ccccc12)c1ccco1,-6.939,0.7871288235097506,309.369
CCCCCOCCCCN(CCCCC)C1CCCCC1,-5.182,0.375945110220714,311.5540000000001
CCOC(Cc1ccc(OCc2cccc(-c3ccncc3)c2)cc1)C(=O)O,-7.262,0.6000026763159635,377.44000000000005
Cc1ccc(C(=O)c2ccc(OCC(F)(F)F)nc2)c(F)c1NC(=O)c1c(C)c(C#N)cn1C,-8.456,0.4200475094654381,474.41400000000016
C=CCCC(=O)N(C)CCC(=O)OC,-4.923,0.47284855856150704,199.24999999999997
CCN(CC1CC1)c1ncc(CNCC(C)C)c(C)n1,-5.609,0.7924653835604282,276.428
N#Cc1ccccc1NS(=O)(=O)c1cc(Br)ccc1F,-7.132,0.9188645502958293,355.188
Cc1cccc(NC(C)C(=O)N2CCCc3ccccc32)c1,-7.316,0.9341672980587106,294.39799999999997
O=C(Nc1ccc(Cl)c(C(=O)O)c1)c1ccc(-c2ccccc2Br)o1,-8.088,0.5990383863916307,420.6460000000001
Cc1cc2c(cc1C(=O)c1ccc3c(c1)OCCO3)OCCO2,-7.411,0.7982018276074937,312.3210000000001
CNCC12CC1CCCN(C)C2,-3.535,0.6598637032023468,168.28399999999996
Nc1cnc(-c2cc(Cl)cc(C(F)(F)F)c2)s1,-6.929,0.8540460222119992,278.686
CCc1nn(-c2ccc(OCc3ccccc3)cc2)c2c1C(c1ccc(Cl)cc1)SCC(=O)N2,-6.22,0.33825878450731595,490.0280000000002
N#Cc1cc([N+](=O)[O-])ccc1S(=O)(=O)Nc1cccc(C(F)(F)F)c1,-7.534,0.6544128042606735,371.29600000000005
COc1ccc(C)cc1S(=O)(=O)CCn1ccnc1,-5.797,0.8356359107301591,280.34899999999993
CCC(c1cccs1)n1c(=S)[nH]c2c(OC)cccc21,-6.099,0.7037350129913817,304.44
CN(Cc1cc(Br)cs1)CC(O)COc1cccc2nc(-c3ccccc3)ccc12,-6.058,0.3546648377929422,483.4310000000002
CNC(=O)NC(c1cccc(NC(=O)N2CCCN(C(C)c3ccc(F)cc3)C2=O)c1)C1CCOCC1,-8.69,0.5256278807570555,511.5980000000003
Cc1nc2c(C#Cc3ccc(C4CCCCC4)cc3)cccc2[nH]1,-7.684,0.6051026544133761,314.4319999999999
Cc1cc(-n2nnc3c2CN(C(=O)C2C(Br)CCC2(C)F)CC3)ccc1F,-8.494,0.6736709568202787,439.30400000000026
CN(C(=O)c1ccc(C(=O)O)cc1)C1CC(c2ccc(OC3CNC(C(=O)N4CCOCC4)C3)cn2)C1,-8.539,0.5805653215403594,508.57500000000044
[nH]1nnc2ccc(OCCn3cccn3)cc2n1,,,
Cn1cnc(CNC(=O)C2CCCN2)n1,-6.035,0.6822357468011135,209.253
C[C@@H]1N(CCN(c2cc3c(c(c(C(=O)OCC)oc3cc2)=O)C)O1)Cc1ccccc1,,,
CC(C)CNC(=O)NC(=O)COC(=O)c1cc2c(c(C(C)C)c1)NC(C)C2,-6.899,0.6645529500771261,375.46900000000005
COC(=O)CSC(=NN=Cc1ccc(OS(=O)(=O)C(F)(F)F)c(O)c1)SC(=S)SC,-6.227,0.11303142198581329,522.5950000000001
CC(=O)N1CCCC(CCC(C)C)(C(=O)N2CCC(c3c[nH]c4ccccc34)CC2)C1,-7.49,0.7405693232571472,423.60100000000017
CC(C)(C)c1ccc(C(=O)N2CCCC(CN)C2)cc1,-7.127,0.9011049733288271,274.4079999999999
O=C1N=C(N2CCCC2)NC(=O)C1=Cc1ccc(OCc2ccc3c(c2)OCO3)c(Br)c1,-8.605,0.5146098794849663,498.33300000000025
Cn1cc(CC(NC(=O)C(N)Cc2c[nH]c3ccccc23)C(=O)N2CCCC2C(=O)O)c2ccc(O)cc21,-7.651,0.24104704698754176,517.5860000000004
CCNC(=O)C(CCSC)NC(=O)C1CCNCC1,-5.279,0.632220120730466,287.42900000000003
CCN(c1ncc(C(=O)NC2CC(OC)C2)s1)c1c(N)n(-c2c(C)cc(C)cc2C)c(=O)n1C,-7.122,0.5332995820153895,484.6260000000003
Cc1nc(N2CCCC(CNS(C)(=O)=O)C2)ccc1[N+](=O)[O-],-6.252,0.6398900890655139,328.39400000000006
CC(C)CNC(=O)C1Cc2ccccc2OC1=O,-6.688,0.5005062386707236,247.29399999999998
CC(=O)N(CC(=O)NCCSc1ccc(C)cc1)c1ccccc1Br,-6.759,0.5429002248813363,421.36000000000007
Fc1ccc(C2(c3cccc(OC(F)(F)F)c3)NCCS2)cc1F,-7.679,0.8190925658233773,361.33500000000004
Cc1ccc(C(=O)NC2CNCCN(c3nc(-n4ccnc4)nc(C)c3C)C2)cc1,-6.343,0.6882182015773134,405.50600000000014
COc1cc(C=CC(=O)c2ccc(NC(=O)OC(C)(C)C)cc2)cc(I)c1O,-7.152,0.3365248726010523,495.3130000000001
Cc1cnc(NCC(C)N(C)C)cc1C,-5.736,0.8188446698648899,207.32099999999997
O=C(NN=C1CC2CCC1C2)Nc1c(F)cccc1F,-7.175,0.8020581299799597,279.29
C=CCOC1CCN(C(=O)OC(C)(C)C)CCC1OC(=O)c1cccc(C#Cc2ccc(C(F)(F)C(F)(F)F)cc2)c1,-6.115,0.15841526032940836,593.5890000000004
NNc1ccc(Cc2cccc(I)c2)cn1,-6.509,0.5180441330338169,325.153
CN(CCNS(=O)(=O)c1cc(N)c(Cl)cc1Cl)C1CCC1,-5.837,0.7708985857156297,352.28700000000015
CC(=O)c1ccc(NC(=O)COC(=O)CNC(=O)CCc2ccccc2)cc1,-5.431,0.5109474645328062,382.41600000000005
Cc1cc(C2CCCC2)cc(-c2cccc3c2oc2ccccc23)c1C(C)(C)C,-8.286,0.33845213875602115,382.54700000000014
CC(C)CN(C(=O)CC1CCCN(Cc2ccc(Cl)c(Cl)c2)CC1)C1CCCNCC1,-3.942,0.5649629402722346,468.51300000000026
C=CCNC(=O)C(C)N(C)C1CCCCC1SC,-5.431,0.7516408371197415,270.44199999999995
COc1ccc(C2SCCN2S(=O)(=O)c2ccc(OC)c(Cl)c2)cc1C,-7.134,0.7380624276381841,413.9480000000001
CC(C)CNCc1ccccc1CN(C)CC1CCC1,-4.79,0.7779689658947737,274.452
CCCn1cc(CO)c(S(=O)(=O)N2CC(C)CC2C)c1,-6.911,0.9018210629090794,300.42400000000004
COc1ccc(-c2nnoc2N2CC3OCCN(CC4CC4)C3C2)cc1,-7.089,0.8122307730488455,356.42600000000016
CC1CCS(=O)(=O)CCN1c1cc([N+](=O)[O-])ccc1CCN,-4.952,0.6555815078600504,327.4060000000001
CCOC(=O)C(C#N)=Cc1c(C)cc(C)cc1C,-6.366,0.4654285157427742,243.30599999999998
O=c1n(Cc2ccc(-c3ncco3)cc2)c2cc(Br)ccc2n1CC1CCC(c2ccccc2)CC1,-8.535,0.2273211638730478,542.4770000000001
Cc1c(C(=O)N2CC3COCCC3(C(=O)O)C2)cnn1C1CCCC1,-6.407,0.9021900810100418,347.41500000000013
CCCCN1C(c2ccc(Cl)cc2)N(C(N)=NC#N)C1(c1ccccc1)c1ccccc1,-7.302,0.3120455857703887,443.98200000000014
CNCCSC(C)N1CC=CCC1,-5.007,0.5352838770886035,200.35099999999994
Cc1cc(C#N)ccc1N1CCCCCC1=O,-4.812,0.7414595970992942,228.2949999999999
O=C(CSc1nc2cc(Cl)ccc2o1)NCCC=Cc1ccccc1,-6.491,0.4780901726055826,372.87700000000007
O=C1NC(=O)C(=Cc2ccc(OCc3ccc(C(=O)O)cc3)cc2)S1,-7.181,0.7997283758816361,355.371
COc1cccc(C=CCN2CCN(CCNC(=O)C(=O)N3CCOCC3)CC2)c1,-6.92,0.6448958462860797,416.5220000000003
CC(C)(C)OC(=O)N1CC2(CCN(c3ccc(CNC(=O)c4cccc5c4CN=C5c4ccc(Cl)[nH]c4=O)cc3)CC2)C1,-8.92,0.3936275849565535,602.135
COc1ccc(CN(C)S(=O)(=O)CCN2CCNCC2)c(OC)c1,-5.801,0.7248924898337116,357.4760000000001
c1ccc(C2=CC=C(c3cc(C)ccc3)CC2c2cc3C(c4cc(c5c6c(C(C)(c7c(-c(c68)ccc4)cccc7)C(C)(C)C)cc5)C(C)(C)c3cc2)(C)C)c2c1cccc2,,,
Fc1ccccc1-c1nc2c(Br)cccc2[nH]1,-7.481,0.7171316576993234,291.123
NNc1ccccc1S(=O)(=O)NCCCC1CCCO1,-6.235,0.3996064339589479,299.396
COc1cccc(-c2cc(=O)n(CC3CCC3)cn2)c1,-6.778,0.8576832493914563,270.33199999999994
COc1ccc2sc(N(CCN(C)C)C(=O)c3c(C)noc3C)nc2c1,-6.614,0.6601138422493268,374.4660000000001
NCC1CCN(c2nc(Cc3cccs3)ns2)CC1,-5.749,0.9403272362828872,294.4490000000001
CCNC(=O)c1cccc2nc3c(cc12)C(=O)OC3,-7.778,0.8295214579091263,256.26099999999997
Cn1c(-c2cccc(C(=O)NCc3ccccn3)c2)nc2cc(Cl)c(Cl)cc21,-8.077,0.5212675647336094,411.2920000000001
COc1cc(C=NNC(=O)C2CC=CCC2C(=O)O)cc(Br)c1OCC(=O)Nc1ccccc1,-7.779,0.2585588260051098,530.3750000000002
CCCCC(CN)N1C(C)COCC1(C)C,-5.089,0.7820010251519762,228.37999999999997
O=C(NCC1CCCO1)c1cccc(NCc2nc(-c3ccncc3)n[nH]2)c1,-8.164,0.5830421539594453,378.4360000000001
S=c1[nH]c(-c2cccc3ccccc23)nc2c1CCC2,-8.197,0.666231545229999,278.38000000000005
CC(C)C(C(=O)Nc1ccc(OCC(F)F)c(F)c1)c1ccccc1,-6.32,0.7744831843459327,351.368
CN(C)C1CCN(Cc2ncc(-c3ccc4c(-c5cn6ncc(C(=O)O)c6cn5)ncn4c3)s2)C1,-7.918,0.38905338827140185,488.57700000000017
CCC(N)C(c1ccc(F)c(Br)c1)N1CCN(C)CC1,-6.42,0.9114660012301409,344.27200000000016
CCC1CCCN1c1nc(Cl)nc(OCC(C)C)n1,-6.082,0.8319603860141302,284.791
Cc1cc2cn[nH]c2nc1-c1cccc(C(=O)N2CCCC(OCCN3CCN(c4ccccc4Cl)CC3)C2)c1,-9.077,0.34271731490967233,559.1140000000001
CCN(CC)C(=O)Cc1csc(NC(=O)c2ccccc2F)n1,-6.244,0.8826990364495974,335.40400000000005
CCCC(=O)Nc1ccc(OC)c(OC)c1,-6.022,0.8335979393490036,223.27199999999996
Cc1onc(-c2ccccc2)c1C(C)N,-5.662,0.8140709890345796,202.25699999999998
CC(=CC=C(C)C(=O)NC1C(O)C(O)OC(CO)C1O)C(N)=O,-5.969,0.23552000036369952,330.3370000000001
CC(O)CC(=O)N1CCC2(CCCN(c3ccc(-c4cccc(Cl)c4)cn3)C2=O)CC1,-7.765,0.7801953408106823,441.9590000000002
c1ccc(-c2nc(-c3ccc4c(n3)c(-c3ccccc3)nc3sc5ccccc5c34)no2)cc1,-8.653,0.27744394819911194,456.53000000000014
Cc1cc2c(cc1-c1ccc(C(=O)O)cc1)OCCO2,-7.492,0.9104693104539383,270.28399999999993
Oc1cc(Cl)ccc1Oc1ccc(Cl)c(Cl)c1,-6.733,0.8286850628089901,289.54499999999996
NC1CCCC2CN(CCCc3ccccc3)CC12,-7.446,0.8994395854192749,258.409
CC1CCCCC1N(C)CCCCCCN,-5.467,0.6761787559488552,226.40799999999993
CC(C)(C)C1C(CCC(N)=NO)Cc2nc(-c3ccc(F)cc3)c(-c3ccc(Cl)c(Cl)c3)c(=O)n21,-7.642,0.17958468075651457,517.4320000000001
CCCn1c(COc2ccc(Cl)cc2Cl)nnc1SCC(=O)Nc1nc(CC(N)=O)cs1,-7.562,0.3724306854170885,515.4480000000002
[B]N1Cc2c(-c3ccc(C)cc3C)nn(-c3ccc(F)cc3F)c2C1,,0.663856234195285,335.16600000000005
CN1C(=O)CCC(Nc2ccc(CNC(=O)CCC(=O)c3ccc(Cl)cc3)cc2)C1=O,-8.226,0.48423789534205897,441.91500000000013
COC(=O)COC1OCCc2c(F)ccc(O)c21,-5.875,0.8254681800493563,256.229
Cc1cc(C)cc(-n2nnnc2SC(C)C(=O)NC2CCCCC2C)c1,-7.486,0.8127921792292752,373.5260000000002
CCCCOC(=O)C=Cc1ccc(OC2OC(CO)C(O)C(O)C2O)c(OC2OC(CO)C(O)C(O)C2O)c1,-6.628,0.07893633643763519,560.5490000000002
CC(C)(C)C(C)(C)OC(=O)N1CCN(c2nc(C(=O)c3ccc(N)c(F)c3N3CCOCC3)cs2)CC1,-7.119,0.45448425967714984,533.6700000000002
c1(c(ccc(c1)OC1C([C@@H](C(CO)OC1O)O)O)NC(Nc1cccc(c1)-c1ccc(OC[C@@H]2CCCO2)cc1)=O)S(NC(c1c(Oc2cc3c(cc2)ncn3C)cc(cc1)N1CCN(CC2CC3C(C)(CCC3),,,
C=C(C)COc1ccc(NC(=O)N(CCC)C2CCNCC2)cc1,-5.981,0.750159361148128,331.46000000000004
Cc1c(C(=O)O)cc(Br)c(Cl)c1Cl,-5.19,0.7969963737332881,283.936
c1csc(C2CC(C3CCCCC3)NN2)c1,-6.187,0.8235090840686058,236.38399999999996
CC12CCCN(C1)c1nc(-c3cccc(O)c3)c(Oc3cc(O)cc4ccccc34)nc12,-7.927,0.4593259418769163,425.4880000000002
CC(C)CCCC(C)C1CCC2C3CC=C4CC(O)CCC4(C)C3CCC12C,-7.251,0.4883117604002477,386.6640000000002
CN1CCCN(c2ccncc2Cl)CC1,-3.762,0.7277440957342006,225.72299999999996
Nc1ncc(Br)c2c1ccn2C1CCNCC1,-5.917,0.8485429500137623,295.184
CNC(=O)c1c(-c2ccc3c(c2)OCO3)c(-c2ccc(F)cc2)nc2ccc(F)cc12,-7.228,0.5123111272511197,418.39900000000006
CCOC(=O)c1ccc(C)cc1C(=N)NC(=O)C(CC(=O)C(N)COCc1ccccc1)c1ccc(S(C)(=O)=O)cc1,-6.539,0.1542414325385918,593.7020000000003
CCC1CCCC(C)N1C,-4.236,0.5412024558830382,141.258
CN(CC1CC=CCC1)C(=O)c1ccnc2ccccc12,-7.139,0.8038047025928582,280.37100000000004
O=C(Nc1ccc(OC(F)(F)F)cc1)c1cnc(Oc2ccc(F)c(Cl)c2)c(Cl)c1,-8.228,0.4427939553137879,461.1980000000001
CCNS(=O)(=O)c1scnc1Cl,-4.457,0.8397521729595309,226.71
Cc1cc(NC(=O)CCC(C)CCN)ccc1Br,-6.287,0.8448133975495303,313.239
COCc1ccc(CN(C)CCCCS(=O)(=O)C(C)(C)C)cc1,-5.71,0.6469144380456683,341.51700000000005
O=C(O)C=CC(O)CC(O)C(CC(=O)O)C(=O)O,-5.863,0.34593992268093204,262.21399999999994
Cn1cc[n+](Cc2cn(C(CF)CCN3CCC(N4CCN(C5CCCN(Cc6ccccc6O)C5=O)CC4)CC3)nn2)c1,-8.831,0.3325612415657648,608.787
c1ccc(-c2cc(-c3ccccc3)cc(-c3ccc(N(c4ccc(-c5c6ccccc6cc6c5oc5ccccc56)cc4)c4cccc(-c5ccccc5)c4)cc3)c2)cc1,-11.17,0.15316348493715937,765.9560000000002
COc1cc(OC)c(Cc2cccc(OC)c2OC)c(SCC(=O)c2c(OC)ccc(CN3CCOCC3)c2OC)c1C,-5.681,0.1734758383590246,611.7570000000002
Cc1cc(C)c(NC(=O)CN2CC(C)OC(C)C2)c(Cl)c1,-6.979,0.9328762145644685,310.82499999999993
COc1c(C2(O)CCOCC2)ccc(OCC(C)(C)CN2CCN(c3ccccc3C)CC2)c1C,-6.839,0.5964050762373823,482.6650000000003
CCc1ccc(OC(CN)c2ccc(CC)cc2)cc1,-6.58,0.863128993976887,269.388
CCOc1cccc(-c2ccc(C(N)=NO)cc2)c1,-6.124,0.3823400390864629,256.305
CCOc1ccccc1C1Cc2cnc(N)nc2N1C1CCSC1,-6.368,0.9211421160713159,342.4680000000001
Cc1cccc(C)c1NC(=O)CCCN(c1ccccc1F)S(C)(=O)=O,-6.372,0.800056675733606,378.46900000000005
CCC1SC(CC)(CC)CC1NN,-4.563,0.5424646815387081,202.367
Cc1cc(-c2cncn2C)nc(C2CCCN2S(=O)(=O)N2CCCCC2)n1,-7.348,0.7977333596435288,390.51300000000026
COCCCCN1CCN(S(=O)(=O)c2ccccc2[N+](=O)[O-])CC1,-5.807,0.3957828662372549,357.4320000000002
CCCN(Cc1c(C)nn(Cc2cc(Cl)ccc2OC)c1C)C(=O)Cn1cnc2ccccc2c1=O,-6.815,0.33600085405985997,508.02200000000033
Cc1ccc2c(c1)N(S(=O)(=O)c1ccc(Cl)c(C=CC(=O)O)c1C)CC2,-7.011,0.8040510035167959,391.8760000000002
Cc1ccccc1N1C=CN(C)CC1,-5.263,0.6664533180559077,188.27399999999997
CCOC(=O)CN(CC)CCSc1ccc(Cl)cc1Cl,-5.668,0.5306513878289574,336.284
CCC(C(N)=O)N1CCCC1=O,-4.724,0.6410492145588488,170.212
O=C(CCCOc1ccccc1)NCC(O)C(=O)NC1CC1,-6.437,0.5831088688639015,306.3620000000001
CCOc1cc(C=NNc2nnc(-c3ccccc3)o2)cc(OCC)c1Br,-5.898,0.40989061498866625,431.2900000000002
Cc1cc(CO)n(C(C)C(=O)N2CCN(c3cccc(Cl)c3)CC2)n1,-6.592,0.905746735037038,362.86100000000005
Cc1cc(C)nc(NCCS(=O)(=O)Nc2ccc(Cl)cc2Cl)n1,-6.8,0.8098372320789435,375.2810000000001
CCNCC1OCC(C)=CC1c1ccc2c(c1)OCO2,-6.563,0.8568654077973215,275.348
CC(C)N(C)C(CC(=O)O)C(N)=O,-4.89,0.6176269624936502,188.22699999999998
CC(=CCC(CC(=O)O)c1ccc(Cl)cc1)c1ccccc1,-6.059,0.7755819224299217,314.812
CCCn1c(SC(C)C(=O)Nc2ccc(F)cc2)nc2ccsc2c1=O,-6.749,0.5069590683363783,391.49300000000005
Cc1ccsc1CCN1CC(O)C2OCC(=O)C21,-6.25,0.8716809766962341,267.34999999999997
CC(C)c1ccc(C2(O)CCC(C)C(C)C2C)o1,-6.474,0.8489437879189294,250.38199999999995
C=CCOC(=O)CNC(=O)C(C)NC(=O)C(Cc1ccccc1)N1CCC(NC(=O)OCC2c3ccccc3-c3ccccc32)C1=O,-7.169,0.19295260729144173,638.7210000000002
CC1CCCC(CN(C)Cc2ccccc2CNC2CC2)C1,-5.813,0.8117572306707401,300.4900000000001
CC1CN(C(=O)CBr)C(C)CO1,-5.025,0.6358811214715263,236.10899999999998
CSc1c(C#N)c2c(C)c(c1NC(=O)CN(C)C(=O)CO)C1(C=C2)C(C)C2(C)C1CCN2C,,,
CC1=NCN2C1N(C(C)C)CN2C(C)C,-5.381,0.6867163405020509,210.32499999999996
C=CC(=O)OCCCCC(CC(F)=C(F)F)C(F)(F)C(F)(F)C(F)(F)C(F)(F)C(F)(F)C(F)(F)F,-6.593,0.10098031158286196,554.2650000000001
Cc1cc(NC2CC3C(NC(=O)N4CC(F)(F)C4)C(OC(=O)C(F)(F)F)CC3(C)N2c2ccc(Cl)c(Cl)c2)c(C(N)=O)c(C)n1,-8.273,0.2885828156289135,679.4739999999998
Cn1cc(Oc2ncncc2C(N)=S)cn1,-5.566,0.7862723124687498,235.27200000000002
CCCC1C(O)OC(OC23CCC4CCC(O)(CC)C4(O2)c2cc(NC(=O)OC(C)(C)C)ccc2C3)C(N(OCC(N)c2ccccc2)C(C)=O)C1O,-7.789,0.19212289401030494,739.9070000000002
CCN(CC)c1ccc(NCC(N)=O)c(N2C(=O)C(c3cc(C)cc(C(C)C)c3)C(C(=O)OC)=C2C)c1,-7.132,0.4618255804625292,506.6470000000003
COc1nn(C)cc1Nc1ncc(C)c(-c2cnn(Cc3cccc4c3C(=O)CO4)c2)n1,-8.162,0.49640261980825223,431.45600000000024
CC1CCN(Cc2ccccc2)C(=O)CCN1C1Cc2ccc(Cl)cc2C1,-5.146,0.7887662916135665,382.9350000000001
c1nc(=CC=C(C)C)ccc1,,,
Cc1csc(NC(=S)NC(c2ccccc2)c2cc3c(s2)CCCC3)n1,-6.981,0.5706898369137672,399.6100000000003
CCNC(=O)NCC1CCCCC1,-6.052,0.6906013320974614,184.28299999999993
COc1ccc(CCN2C(=O)C(NCC3CCCO3)=C(c3ccccc3C)C2=O)cc1,-6.793,0.6650138009175176,420.5090000000001
CC(C)(C)NC(=O)c1cc2cccc(OCC3CCN(Cc4ccc(Cl)cc4)C3)c2s1,-7.767,0.49536123515217223,457.03900000000016
CCCCOc1c(Cl)cc(CNC(C)CCO)cc1OCC,-5.614,0.6065931747032507,329.86800000000005
CC(C)(CO)Oc1ccc(C(=O)NCCCn2cc(Cl)cn2)cc1,-6.192,0.7163585842436654,351.834
CN(C)C1CCN(C(=O)C(c2ccccc2)n2cccn2)CC1,-6.392,0.8672234735863309,312.41700000000014
NCC(=O)Oc1cnccc1C(F)(F)F,-5.102,0.7537959696684214,220.14999999999995
Cc1ccccc1-c1nc2ccccc2c(C)c1NC(=O)NCc1ccc(Br)cc1,-8.192,0.3604922128896843,460.37500000000017
CCc1cnc(CNC2(C)CCC(N)CC2)s1,-6.397,0.8663802658445632,253.41499999999994
CCCOC1CN(C(=O)c2cc(Cl)c(-c3ccc(OCCOCCOCC(OCc4ccccc4)C(=O)OC(C)(C)C)cc3)cc2-c2ccnc(C)c2)CC1CCO,,,
COC(=O)c1ccccc1C=CCCSC(C)=O,-6.207,0.6049999093222558,264.34599999999995
C#CC1OC(OC2C(OC3C(COC(c4ccccc4)(c4ccc(OC)cc4)c4ccc(OC)cc4)OC(O)C(O)C3O)OC(CO)C(O)C2O)C(N)C(O)(C(=O)O)C1O,,,
O=C(NCC1Cc2ccccc2Oc2ccccc21)Nc1ccc(Cl)c(S(=O)(=O)N2CCOCC2)c1,-6.561,0.5046476300448995,528.0300000000002
CC1(C)CN(C(=O)c2cccnc2)C1,-5.406,0.6730120267536147,190.24599999999998
O=C(COc1ccccc1)N1CCCC(c2ccn[nH]2)C1,-6.977,0.936532023951758,285.347
c12c(cc(C(=O)Nc3n(-c4ccccc4)nc3C)cc1)CSCCS2,,,
COC(=O)C(=Cc1ccccc1)c1ccccc1[N+](=O)[O-],-6.464,0.2836431673938176,283.2830000000001
CCCN1CCC(c2cccn2C)C2C3C(=O)N(CCc4ccccc4)C(=O)C(=C3O)C21NC(=O)Nc1ccc2ccccc2c1,-7.736,0.22447748636824932,617.7500000000003
CCCNCc1cc(Cl)c(OCCOC(C)C)c(Cl)c1,-5.636,0.6883524362751955,320.26
CC(C)C#CCCC(=Cc1cc(C(F)(F)F)cc(C(F)(F)F)c1)SCC(=O)O,-6.848,0.4288019211875715,424.40600000000006
CN(C1CCN(C(=O)NCc2ccccc2F)CC1)C1CNC=C(c2nn[nH]n2)C1=N,-8.012,0.5635852158349662,427.4880000000001
NC(=O)c1cccc(C(=O)NCc2ccc(CCl)cc2)c1,-7.28,0.8327731019186797,302.76099999999997
Cc1ccccc1CC(=O)Nc1c(C#N)cnn1C,-6.841,0.9071579103740577,254.293
Cc1ccccc1N(C(=O)C1CCCN(S(=O)(=O)c2cn[nH]c2)C1)C1CC1,-6.836,0.851592891384842,388.49300000000017
CCC(=O)NC1CC(O)c2cc(N3CC4C(C3)C4C(=O)Nc3ccc(F)c(SC)c3)ccc21,-7.764,0.5598172409324252,469.58200000000016
CCC1CCCCN1C(=O)CCCN1c2ccc(C)cc2C(C)=CC1(C)C,-6.895,0.6783024452613784,368.56500000000017
CC1COCCN1c1nc(N)c2sc(-c3cccc(C(=O)C4CCCc5cc(F)cnc54)n3)c(C(N)=O)c2n1,-8.751,0.357881443925548,547.6160000000003
CC1(C2CCC(CO)NC2)OCCCO1,-5.251,0.7040660480723329,215.29299999999995
Cc1nc2n(n1)CCC(=O)N2CC(=O)N(C)C,-6.03,0.6890677313003333,237.26299999999998
COCCCn1c(C2CCN(C(=O)C3CC3)CC2)nc2ccccc21,-5.876,0.7582669702886912,341.455
CCCC1CN(CC(O)C2CCOC2)CCO1,-6.256,0.7783015274914437,243.34699999999992
CC(C)(C)OC(=O)NCC1SC(=Cc2ccc(F)cc2Sc2ccc(F)cc2)C(=O)NC1=O,-7.784,0.463431079234018,492.5690000000002
CCCCOC1CCC2C(=O)Oc3c(C)cccc3C2C1C,-6.878,0.47418245779671686,302.41400000000004
CC(CCO)NC(=O)C(C)Oc1ccc([N+](=O)[O-])cc1,-5.738,0.5785603167859045,282.296
COC(=O)c1sccc1CSc1nnc2ccccn12,-6.21,0.5477974912739254,305.384
Cc1ccc(-c2ccc3c(c2)c2cc(C(C)(C)C)ccc2n3-c2cccc(-c3ccc(F)cc3)c2-n2c3ccc(C(F)(F)F)cc3c3cc(C(F)(F)F)ccc32)c(C(F)(F)F)c1,,,
CCSCC(N)C(=O)Nc1ccc(COc2ccc(-c3nc(C4CC4)no3)cc2)cc1,-7.042,0.4885441330760526,438.5530000000002
CNC(CC(C)C)c1cc2cccc(C)c2o1,-6.612,0.8584396757893977,231.33899999999997
CC(C)(C)C(=O)NC(=O)CC1CCNCC1,-6.099,0.7400845831849899,226.31999999999994
Cc1cc(Br)cc(C)c1N(C)S(=O)(=O)CC(=O)O,-5.426,0.9115192623518977,336.20700000000016
N=C(N)CCc1ccc(N)cc1C(N)=O,-5.797,0.32057374277340805,206.24899999999997
CCCCNC(=O)c1nc(C2(CN)CCCCC2)no1,-7.274,0.774281358315826,280.3719999999999
N#Cc1nncn1-c1ccc(N)c([N+](=O)[O-])c1,-7.104,0.4579662691991826,230.18699999999998
O=S(=O)(Cc1cccc(F)c1)c1ccc2c(c1)CCC2,-7.431,0.8689915358070444,290.3590000000001
CCc1[nH]c2nc(Cl)[nH]c2c1-c1ccccc1Cl,-6.981,0.7163023664221942,280.158
NS(=O)(=O)c1ccc(Nc2nnc(CN3CCOCC3)o2)cc1,-6.849,0.7965844508525357,339.37700000000007
COC(=O)C1(O)CN(C(=O)OC(C)(C)C)C1,-5.792,0.6495688753147594,231.24799999999996
CCCCCC=CCC=CCC=CCCCCCCC(=O)OC(CO)COP(=O)(OCCCCCCCCCC=CCC=CCCCCC)OCC(CO)OC(=O)CCCCCCCCCCCCCCC,,,
NCc1nnc(CCCCC(=O)O)c(=O)[nH]1,-6.179,0.5576918356069094,226.236
Cc1cc(C(=O)N2CC3CCCC3C(Oc3ccccn3)C2)ccc1Cl,-7.549,0.8055392842447471,370.8800000000001
CC(COc1ccc(C2CCC2)cc1)C(N)=NO,-6.798,0.36417917621294865,248.32599999999994
[B]c1ccc(CNc2ccccn2)cc1,,0.7483206855050517,194.04600000000002
CNC(Cc1cc(C)cc(C)c1)c1ccnn1C(C)C,-7.462,0.9004447724597462,271.408
Cc1cc(C)cc(NS(=O)(=O)c2cccc(NC(=O)c3ccc(C(=O)NC(C)c4ccccc4)cc3Cl)c2)c1,-9.837,0.2282183621292988,562.0910000000002
CC1C2CC3CC1N(Cc1ccccc1)C(C(Oc1ccccc1)C(CC=CCCCc1ccccc1)[N+](=O)[O-])C2C3(C)O,-7.036,0.0969696392160608,594.7960000000003
C=CC(=O)N(c1ccccc1C)c1ccccc1OC(C)C,-5.36,0.7524354167149718,295.382
CCCCOc1ccc2[nH]c3ccccc3c2c1CCNC(=O)C=Cc1ccc(OC)cc1,-6.994,0.23807520994249348,442.55900000000014
COC(=O)c1cc(C)ccc1NC(=O)CN(Cc1cccs1)C(C)=O,-6.511,0.8039478288725102,360.43500000000006
O=C(CSc1n[nH]c(=O)n1CC1CCCO1)Nc1sc2c(c1C(=O)O)CCC2,-6.846,0.5778707408574931,424.5040000000002
Cc1ccc(-n2c(C)ccc2C(=O)N2CCn3cccc3C2C)cc1Cl,-6.364,0.6414953136515895,367.8800000000001
CC1(C)CN(C(=O)c2cccc(Br)c2)CC2CNCC21,-6.988,0.8547010893269239,337.2610000000001
NC(=O)C1(c2ccc3cc(-c4ccccc4)ccc3c2)CO1,-6.562,0.7526317559147108,289.33400000000006
CC(C)OCCn1c(=S)sc2ccc(F)cc21,-5.722,0.7803905026089032,271.382
CC(C(=O)NCCC(=O)N1CCC(CN)CC1)c1ccccc1,-6.92,0.8345668428266584,317.43299999999994
CCCOc1c(Cl)cc(C=CC(=O)Nc2sc3c(c2C#N)CCC(CC)C3)cc1OC,-6.84,0.4751720800320248,459.01100000000037
N#Cc1ccccc1Nc1nncc(NCc2ccc3c(c2)OCO3)n1,-7.616,0.7264547134833871,346.35000000000014
Cn1c(COC(=O)C2CC(=O)N(C3CCCc4ccccc43)C2)nc2ccccc21,-7.28,0.6252662026941624,403.4820000000001
CCC(C)(CNCC(C)CCC(=O)O)OC,-5.584,0.6359937025108614,231.33599999999996
CCCN1C(=O)c2c(NCCCCN)cccc2C1(C)c1cc(C(=O)O)ccc1OC,-6.328,0.5017820703351393,425.52900000000017
COc1cccc(CC(N)CCN)c1,-5.519,0.7321976948377613,194.27799999999993
CC(C)=CCCC(C)=Cc1cccc(Br)c1,-6.698,0.6292694826655332,279.221
COCCCNc1cc([N+](=O)[O-])c2nonc2c1N,-6.127,0.3449110917799875,267.245
CCn1cc(-c2cnc3c(Nc4cc(F)c(F)cc4C(=S)NC(C)(C)CO)nccn23)cn1,-7.044,0.3543406085727743,471.53700000000015
Cc1ccc(CNC(=O)c2cc3c(cc2F)OC(C)C(=O)N3C(=O)CCC2CCCC2)o1,-8.098,0.7218599214251115,442.4870000000004
COc1cc(C(NC(N)=O)c2ccnc3cc(-c4ccccc4OCC4CCCO4)[nH]c23)cc(OC)c1OC,-6.997,0.27273600272634074,532.5970000000003
CCN(C(=O)Cn1c(=O)oc2cc(OC)ccc2c1=O)C1CCS(=O)(=O)C1,-6.632,0.6982928982728721,396.4210000000002
CCCCCOc1ccc(C(=O)Nc2nnc(CC)s2)c(OC)c1,-6.277,0.6944340701366031,349.4560000000001
CCSc1nc(C)c2c(C)c(C(=O)Nc3c(C)cc(C)cc3Cl)sc2n1,-7.106,0.4305094324094555,405.9760000000001
Nc1cc(-c2cncc(Cl)c2Cl)nc2c1cnn2C1CCS(=O)(=O)CC1,-7.272,0.6937214919162559,412.30200000000025
CC(=O)c1nn(Cc2ccccc2)c2c1-c1ccccc1CC(=O)N2,-5.655,0.7490937408734215,331.3750000000001
CN1CCCC(C(=O)CN)C1,-4.688,0.604827492119557,156.22899999999996
Nc1cncc(NC(=O)Nc2ccc(Br)c(Br)c2)c1,-6.359,0.7342464034021483,386.047
CC(C)n1nccc1C(=O)N1CCn2c(nc(CN3C(=O)c4ccccc4C3=O)cc2=O)C1,-7.903,0.5615595752443001,446.4670000000002
CC(Cc1ccc(Cl)c(C(C)(C)C)c1)N=[N+]=[N-],-6.14,0.41770925004418047,251.761
O=C1C(=Cc2ccc3c(c2)OCO3)OCc2ccccc21,-8.531,0.7525957119210126,280.27899999999994
O=C(Cc1ccccc1)N1CCCN(C(=O)c2ccc(Cl)cc2[N+](=O)[O-])CC1,-5.067,0.5814994280017748,401.85000000000014
N1CC[C@H](CN=C2NC=NC3C(CC(c4cccc(OC)c4C3=2)N)=C2CCN(CC2)C(C)C)C1,,,
CC(OC(=O)C1=NNC(=O)CC1)C(=O)NCc1ccc2c(c1)OCO2,-8.441,0.7368857380176578,347.3270000000001
COCc1nc2sc(C(=O)N(C)CCOc3cccc(C)c3)c(C)c2c(=O)[nH]1,-7.584,0.6580454017955037,401.4880000000001
COC(=O)C(N)CCSCc1cc([N+](=O)[O-])ccc1Cl,-6.033,0.3587111827203729,318.78200000000004
COc1cc(-c2nn(C(CONC(C)=O)C(C)C)c(=O)[nH]2)cc(OC)c1OC,-6.654,0.6195406128450441,394.42800000000017
Cc1ccc2c(c1)NC(=O)CC(C)N2C(=O)c1cc([N+](=O)[O-])ccc1F,-6.639,0.6582741374671941,357.34100000000007
Cc1ccc(S(=O)(=O)C(C(=O)NCc2ccc(Cl)cc2Cl)c2ccco2)cc1,-6.426,0.6041004544087853,438.33200000000016
CC(C(=O)O)n1ccc2cccnc21,-5.483,0.7833720782311077,190.202
COc1cccc(-c2nc3ccccc3o2)n1,-7.069,0.6736906330520923,226.235
COc1cccc(C(CNC(=O)c2sccc2Cl)N2CCOCC2)c1,-7.034,0.8355917231613713,380.8970000000002
C=C(C)C(=O)OCC(=Cc1ccc(OC(=O)C2CCC(COC(=O)C(=C)C)CC2)c(-c2ccc(OC(=O)C(=C)C)c(OC(=O)C(=C)C)c2)c1)COC(=O)C(=C)C,,,
Cc1ccc(C2C(=C(O)c3ccc4c(c3)CC(C)O4)C(=O)C(=O)N2CCCN(C)C)cc1,-6.719,0.4266116616177876,434.5360000000003
CC(C)CN1CCCCC1CNCCCF,-5.763,0.6758505159617882,230.37099999999995
COc1ccc(-n2nc(C)c(C=C(C#N)C(=O)NN=C3NS(=O)(=O)c4ccccc43)c2Cl)cc1,-7.963,0.3159456852617336,496.93600000000015
CC(C)(C)c1ccn2c(SCC(=O)N3CCN(c4ccc(F)cc4)CC3)nnc2c1,-7.684,0.5956869828085528,427.5490000000001
COc1ccc2c(c1)C(Sc1nnc(-c3ccc(C)c(C)c3)o1)C(=O)N2C,-8.423,0.6755347999222179,381.45700000000016
CCC1C2CC(C2)C(C(=O)O)C1Br,-4.846,0.7610495039213875,247.132
CC(=O)NCc1ccc(N2CCCC2)cc1,-5.836,0.8403463802657103,218.29999999999993
COc1cc(C(=O)Nc2ccc3c(C)cc(=O)oc3c2)cc(Cl)c1OC,-6.798,0.6985784518493487,373.79200000000014
COCCCn1nnnc1CN1CCCC(c2nc3ccccc3o2)C1,-7.009,0.6004001294055135,356.4300000000001
Cc1ccc(-n2c(C)nnc2SCC(=O)NN=Cc2ccc(Cl)s2)cc1,-7.303,0.3839016566479424,405.93600000000004
CCOC(=O)NNC(=O)N1CCN(CC2Oc3ccccc3NC2=O)C(=O)C1C(c1ccccc1)c1ccccc1,-8.275,0.39972859200332844,557.6070000000002
CCOc1ccc(-c2nc3ccccc3n2CC(=O)Nc2cccc(Oc3ccc(C)cc3)c2)cc1,-7.155,0.26566550965246377,477.56400000000014
Cc1ccc(Cn2cc(N(Cc3ccccc3-c3ncco3)C(=O)CC3(C)CC3)c(C)n2)cc1,-7.023,0.3311401278378722,454.5740000000003
O=C(c1cnn2cc(F)ccc12)N1CCCC(CNCCc2ccc([N+](=O)[O-])cc2)C1,-7.612,0.3568032991467385,425.46400000000017
COc1ccc2cc(C=NNc3ccc([N+](=O)[O-])cc3[N+](=O)[O-])c(=O)[nH]c2c1,-7.462,0.3768152675835826,383.3200000000001
CC(=CC(=O)N1Cc2[nH]nc(C)c2C1c1ccncc1)C1CCCCC1,-7.217,0.8488699653598949,350.46600000000024
CC(=O)ON=CC1CCc2ccccc21,-6.231,0.4198814372337404,203.241
CC(Nc1cc([N+](=O)[O-])ccc1F)c1cccc(Cl)c1,-7.351,0.6640523426000537,294.71299999999997
CCc1cc(Cl)nc(C(C)C)n1,-5.708,0.6610362300556055,184.67000000000002
c1ccc(N2CCN(c3nc4c(c(NC5CCCC5)n3)CCCC4)CC2)cc1,-7.602,0.8712347559405398,377.53600000000023
O=C1C2Cc3c([nH]c4ccc(F)cc34)C(c3ccc(O)cc3)N2C(=O)N1CCC1CCCNC1,-8.52,0.5163699230333954,462.5250000000003
Cc1c(-c2nc3cccc(N)c3[nH]2)ccc(Br)c1O,-7.074,0.6002855537200541,318.174
O=C(Nc1ccccc1C(F)(F)F)N1CCC2(CC1)CCN(C(=O)OCc1ccccc1)CC2,-9.091,0.614803565482886,475.5110000000003
CC1CCCCN1S(=O)(=O)c1cccc(C(=O)NCCCn2cnc3ccccc32)c1,-6.766,0.5707565954579392,440.5690000000002
COc1ccc(C(=O)NC(CO)C(=O)O)cc1NC(=O)C(C(C)C)N(CCN(C)CC(=O)NC1CC1)C(=O)C(C)(C)C,-6.627,0.19839566349858942,591.7060000000002
CNC(CO)C(=O)N1CCCC1C(=O)NCC(=O)NC(C(=O)O)C(C)O,-5.196,0.24291900928588084,374.39400000000006
COC(=O)CC(C)CNC(=O)CN1CCNCC1,-6.101,0.6101085882219773,257.33399999999995
Nc1ccc(S(=O)(=O)N2CCCC2C(=O)O)cc1,-6.78,0.7791280736853988,270.30999999999995
CCC1CCC(C)(c2ccccc2)C1=O,-6.393,0.7185579906231291,202.297
COc1ccc(C=NNc2ccc(S(=O)(=O)N3CCCCC3)cc2[N+](=O)[O-])cc1,-7.56,0.41943773931795053,418.4750000000003
Cc1cccc(N(CCCC(=O)Nc2cccc(OCCCCCOc3cccc(C(C)(C)C)c3C)c2)S(C)(=O)=O)c1,-5.915,0.18523953927465828,594.8180000000004
Oc1[nH]c2cc(c3N[C@@H]([C@@H]([C@@H]4NCC[C@@H]([C@H]4N)c23)N)C1C(OC)=O)C1CCCC1,,,
COc1ccc(NC(=O)C(Cc2cnc[nH]2)N(C)C(=O)C2CCCc3c2ncn3C)cn1,-7.461,0.5806103215103936,437.5040000000003
CSC(C)C=CSC(=Nc1nc(C)cc(N2CCC(N)CC2)n1)c1ccncc1,-6.371,0.5457911630987061,428.63100000000026
CCOC(=O)c1ccc(N2C(=S)N(c3ccc(OCC)cc3)C(=O)C2C)cc1,-6.401,0.5450935692080616,398.48400000000015
O=C(O)CNC(=O)CNC(O)CNc1cccc2cc(=O)[nH]c(=O)n12,-7.044,0.2842213237023249,351.3190000000001
CC(=O)NCC(=O)N1CCN(c2ccc3c(c2)N(Cc2cc(F)cc(F)c2)C(C)C3)C1,-8.061,0.7957928842958306,428.48300000000023
OCc1cccnc1SCc1ccc(Cl)cc1,-5.922,0.858985703753853,265.765
CC(C)C(=O)CC1=CC=C(C(=O)c2ccccn2)CC1,-6.23,0.768199971182812,269.344
CC(C(=O)Nc1ccc(Cl)cc1)N1C(=O)C2=CC3CCC4C3CC(C1=O)C24,-8.783,0.8132651964829555,384.86300000000017
O=c1c(CNC(CO)c2ccccc2)cnc2n1CCC2,-6.526,0.8602750343205402,285.3470000000001
CCOC(=O)C(C#N)C(=O)c1csc(C)n1,-5.585,0.44891842763458156,238.268
O=C(O)c1cc(S(=O)(=O)NCC2(O)CCCC2)ccc1Cl,-7.12,0.7593152181869072,333.793
CC(C)(C)OC(=O)N1CCOCC1COc1cccc(OC(F)(F)F)c1,-6.942,0.802554816520724,377.359
COc1ccccc1NS(=O)(=O)c1cc(Cl)ccc1Cl,-6.81,0.9263924649093154,332.20799999999997
CNC(=O)NCCNC1CCc2c1[nH]c1ccccc21,-6.771,0.6395896712163971,272.35200000000003
COc1ccc(S(=O)(=O)Nc2ccc(C(=O)Nc3ccc(Cl)cc3Cl)cc2)cc1,-7.531,0.5492008001015106,451.33100000000013
CC1=C(C)CC(n2c3cc4c(cc3c3ncccc32)CCC4)=CC1,-7.931,0.5307105011726633,314.4320000000002
CC(c1ccccc1)N1CCN(C(=O)CCSCCC(F)(F)F)CC1,-6.502,0.6750215405397999,374.4720000000001
CC1=CCC(C=O)C(C)(C)C(C)=C1,-3.482,0.5637141270800958,178.27499999999998
NC(=O)Cc1ccc(OCCN2CCOCC2=O)cc1,-6.789,0.7908292518443931,278.3079999999999
CC(C)C(=Cc1ccc(Br)cc1)C(=N)N,-6.198,0.6394096445716998,267.17
COC(=O)c1ccc(CN2CCc3nc(C(O)C4CC4)nnc3C2)cc1OC,-6.91,0.7513585695082923,384.4360000000002
c1ccc(-c2ccccc2N(c2ccc(-c3cccc4c3OCC43c4ccccc4-c4ccccc43)cc2)c2ccc3ccc4ccccc4c3c2)cc1,-10.21,0.16682726522718927,689.8580000000002
CCCCOCSC1OC(n2cc(Br)c(N)nc2=O)C(OC)C1O,-6.394,0.47539430528647286,424.3170000000002
N[N+]1(CCOC2CCCCO2)CCOCC1,-4.887,0.5564743388690198,231.31599999999992
[C@H]1([C@@H](O)[C@@H](O)[C@H](OC[C@@H]2[C@@H](O)[C@@H]([C@@H](O)[C@H](Oc3c(O)cc4oc(c5cc(CC[C@H](O)CC=C(C)C)c(O)c5c4)=O)oc2c3)O)O[C@@H]1CO)O,,,
COc1cc(OC)c(S(=O)(=O)c2ccc(OCCOc3cccc(C(=N[O-])c4cc(OC)c(OC)c(OC)c4)c3)c(OC)c2)cc1OC,-7.959,0.08481388837996956,682.7240000000003
COc1cccc(NC(=O)C2(C)OCCS2)c1[N+](=O)[O-],-6.034,0.6752410894218316,298.32
CC1CCCC1CNC(=O)OCc1ccccc1,-6.509,0.8857112294909598,247.338
CC1CNCCN1c1cc(Cl)c2ccnn2c1,-7.02,0.8376860516857487,250.73300000000003
COc1c(C)cc(F)c2ncc(CC(=O)O)cc12,-6.748,0.9064037493454515,249.24099999999996
C=CCN(C(=O)OC(C)(C)C)C(Cc1ccc(OCCCC(=O)OC(C)(C)C)cc1F)C1=CCC(Cl)C=C1,-5.513,0.12679679377870562,550.1110000000003
CCCc1nc(COC(=O)c2cccc(S(=O)(=O)N(CCC)CCC)c2)cs1,-6.049,0.5037496969372284,424.58800000000025
CCN(CC)c1ccc(C2C(C#N)=C(NC(=O)c3ccccc3)N(C3CCS(=O)(=O)C3)C3=C2C(=O)CCC3)cc1,-7.94,0.5397526020543225,558.7040000000002
N#Cc1ccc(S(=O)(=O)Nc2ccccc2-c2nc3c(ccc4ccccc43)o2)cc1,-7.396,0.42030964395426645,425.46900000000016
CCN(CC)CCCN1C(=S)NC(c2ccccn2)C1c1cccn1-c1cccc(F)c1,-5.68,0.4767656945392456,451.6150000000001
COC(=O)c1ccc(C2(N)CC2)o1,-5.721,0.6914042281040856,181.19099999999995
COc1ccc(NC=C(C#N)C(=O)NCCc2c(C)[nH]c3ccccc23)cc1OC,-7.471,0.39295407369085616,404.4700000000001
CC(C)C(=O)NCc1ccc(CCNC(=O)c2cc3ccccc3[nH]c2=O)cc1,-8.321,0.5783574987011909,391.47100000000006
COc1cc2c(cn1)CCN(C(=O)c1ccccc1-c1c(F)cc(F)cc1OC)C2,-8.432,0.6456309850029454,410.4200000000002
COc1ccc(C2C=C(NS(=O)(=O)O)C(=O)N(c3ccc([N+](=O)[O-])cc3)C2=N)cc1,-7.464,0.356836535770031,432.4140000000001
COC(=O)CC(C#N)(C(=O)OC)c1ccc(OC)cc1,-5.974,0.7514511926403911,277.276
C(N[C@@H](CC1CCCCC1)C(=O)N(C)[C@H](C[C@H](c1scc(n1)C(N[C@H](CC(C(=O)O)CCC)=O)=O)OC(=O)[C@@H]1CCCN1C(=O)C(N(CCCCC(NC([C@H](C(C)C)N(C(=O)CNC(C(C(C)C)N(C(=O,,,
CCC(C)NC(=O)C1=NOC2(CCCC2)C1,-6.599,0.7966601993228479,224.30399999999992
CC(C)(C)n1ncc(-c2cc(Cl)ncn2)c1N,-6.187,0.7900723720784668,251.721
CCCCCCC(C)NC1CCCCN(CCC)C1,-3.75,0.6305175649666623,268.489
CC1(C)c2ccccc2-c2c1cc1c(c2-c2c3ccccc3c(-c3ccccc3N(c3ccccc3)c3ccccc3)c3ccccc23)-c2ccccc2-1,-7.616,0.16283421743159335,687.8860000000001
O=C(NCC1CN(CC2CCCCC2)C(=O)O1)c1cccs1,-6.467,0.9066245464603192,322.42999999999995
CC(C)N1CCC12CCN(c1ccccn1)C2,-6.108,0.7771672716468053,231.34300000000002
CC(C)NC(=O)c1cncc(NC2CCCCC2)c1,-6.295,0.8757953285797572,261.3689999999999
Fc1ccc(Oc2ccc(Nc3ncnc4sc5c(c34)CCCC5)cc2)cc1F,-7.899,0.4245571148175882,409.4610000000003
C#CCC(C[N+](=O)[O-])Oc1ccccc1Cc1ccccc1,-5.875,0.44709362255528334,295.338
CCNC(=NCC(C)Cc1cccs1)NCCSc1ccccc1F,-5.819,0.2931499012817434,379.57000000000005
CS(=O)(=O)c1cc(Cl)cc(C=O)c1,-5.521,0.7082191807037933,218.661
CN(C)C1=C(SSI)C2OC2C(=S)O1,-4.667,0.33173877542478,361.2510000000001
CCNC(=NCc1ccc(N(C)C)nc1)NCC(C)Cc1nc2ccccc2o1,-7.389,0.45114002032247214,394.5230000000002
CC(C)(C)N=C(N)N1C(C)(C)C(N)=NC1(C)c1ccc(-c2ncccc2F)cc1,-7.301,0.5988124342145053,396.51400000000007
CCN(CCCc1ccccc1)C(=O)c1cccc(S(=O)(=O)NC(C)c2ccccc2)c1,-6.401,0.4815046292529336,450.6040000000001
CCN1C2C(N=C(c3ccc(F)cc3)OC(=S)N2NC(=O)c2ccccc2OC)SC1(C)C,-6.813,0.6384294894719934,488.61000000000024
Fc1ccc(Cn2cccc2-c2ccco2)cc1F,-6.892,0.6928780171698332,259.255
CCC(NCc1ccccc1N)c1ccccc1F,-6.723,0.8033387204627858,258.34
Cc1ccc(OC(C)C(=O)NCc2noc(C3CCCO3)n2)cc1,-7.016,0.8739534864484434,331.37200000000007
[B]c1nc(C)nc2c1CCCN2,,0.5384150924651622,159.00099999999998
CC1CCCC(CN(C)CC(=O)NCc2ccccc2Cl)C1,-6.236,0.8654929310440393,322.8800000000001
CCC(Oc1ccccc1)C(=O)NCc1ccccc1OC(F)(F)F,-6.884,0.8166047935797225,353.34000000000003
COCCN1CCC(NS(=O)(=O)c2cc(Br)sc2Br)CC1,-6.117,0.7069078628767507,462.2290000000001
COc1ccc(CN(C(=O)CCl)C(C(=O)NC2CCCCC2)c2ccccc2)cc1,-6.601,0.6315783999249017,428.96000000000026
COC(=O)c1c(C)nc(N)c(C#N)c1-c1ccccc1,-5.496,0.8431116074465084,267.288
COc1ccc(CCC(C)n2ccc3c2C(C)CCC3NC(C)=O)cc1,-7.968,0.8122156903408985,354.4940000000001
CCCCc1cc2c(cc1O)C=CNC2,-5.904,0.7913634615263437,203.285
CC(C)(C)OC(=O)NCCC(O)c1cscc1[N+](=O)[O-],-5.55,0.6426985941136804,302.35200000000003
FC(F)(F)CNCCCC1CCCCC1,-5.801,0.7032987798376101,223.28199999999995
CCCCCOc1ccc(OC(C)CCCCCCCCCCN(CC)CC)cc1,-5.485,0.20062230453565413,419.69400000000024
CC(c1ccccc1N1CCC(O)C(N)C1)C1(C)CC1c1ccnc(N)c1C=NO,-6.902,0.34221764699358936,409.5340000000001
O=C(O)N(C1C2CCc3ccccc3C21)C1(CO)CCCCC1,-7.213,0.898571002112216,315.4130000000002
COCCn1c(C)cc(C(=O)COC(=O)c2nc(C)sc2C)c1C,-5.805,0.5671444452958218,350.44000000000005
CCCCC=C=C=CCCCCCC,-5.397,0.3742523967566381,192.34599999999992
O=C(O)c1cccnc1Sc1ccc(CO)cc1C(F)(F)F,-6.599,0.8990117929828785,329.299
CCNC(=O)C(C)NC(=O)CSc1nnc(Nc2cccc(Cl)c2C)s1,-6.706,0.575563459117343,413.95600000000013
CC(C)Oc1ccccc1CN1CCC(Oc2ccc(C(=O)OC(C)C(=O)Nc3cccc(C(F)(F)F)c3)cc2)CC1,-8.97,0.26680597085387264,584.6350000000001
CC(=O)Cc1ccc(-c2nc(N)nc(N)n2)cc1,-6.77,0.8263329224431135,243.26999999999998
COc1ccc(Cc2c(Cl)nc(-c3c(F)cccc3Cl)c3c(Cl)onc23)c(Cn2cccc(C(C)(C)C)c2=O)c1Cl,-8.06,0.17467610197192596,635.35
CCOc1ccc(C2COCCN2C(=O)CC2CCCCO2)cc1,-6.999,0.8311289970260456,333.42800000000005
CCC=C(Nc1ccc(Oc2ccc(C#N)cc2)cc1)C(=O)Cl,-6.746,0.610206139839202,326.783
O=C(c1cc(O)ccc1Br)N1CCNCc2ccccc21,-6.202,0.834153272158462,347.21200000000005
CC1(O)CCC2C3CCC4(C)C(NCCCN5CCOCC5)CCC4C3CC2(C)C1,-7.94,0.6607926616386074,418.66600000000034
CN1C2=Cc3c(csc3F)NC2(C(N)=O)C(NCc2cc(C(F)(F)F)cc(C(F)(F)F)c2)C1c1cc(F)ccc1SF,-7.636,0.25723494093302013,638.5810000000002
CC1=CC2=CCC3C(CCC4(C)C3CC(C)N(C)CCC3=C(C)C34CCc3ccccc3)C2(C)CC1,-5.026,0.3883109885664014,483.7840000000004
CCNC(=O)c1ccc(Cc2sc(=O)[nH]c2O)cc1O,-6.874,0.6798182740459838,294.332
C=C(C)N(C)C(C)C(C)C,-4.022,0.5834039077287771,141.25799999999998
CC1CCN(S(=O)(=O)Cc2ccccc2C#N)CC1C,-6.684,0.8589415297395522,292.40400000000005
Fc1cc(CNC2CCCCCCC2)sc1Br,-3.709,0.839125360963482,320.27099999999996
COc1cccc(C2CC(COC(O)c3ccccc3)CN(C(=O)c3ccccc3)C2)c1,-7.25,0.5535111953147507,431.5320000000002
C=CCN(Cc1ccc(-c2ccsc2)s1)C(=O)C(C)NC(=O)C=C,-6.102,0.5765721698193582,360.50400000000013
CCOC(=O)c1cnn(-c2ccc(C(=O)N3CC(C(=O)O)CC3=O)cc2)c1C,-6.849,0.610723321642447,385.3760000000002
CC=C(C)c1ccc(O[B]O)cc1,,0.7116056790730109,175.016
C=CCNCCNC1=CN2C(CC1)C1C(C3=C(N)C(=CC#N)N(C(=O)OCC)C(N)=C3CC)C(=O)C(=C(C)Cl)N12,-6.615,0.14118513001243158,569.1100000000004
COC(=O)c1ccccc1Cn1c2ccccc2c2cc(C(=O)c3ccc(C)cc3)ccc21,-7.829,0.24601408814970516,433.5070000000002
CCCn1c(SCC(=O)Nc2ccccc2CC)nc2ccccc2c1=O,-7.049,0.4942986803841078,381.50100000000015
O=C(Nc1ccccc1Cc1nn[nH]n1)c1ccc(-n2ccnn2)cc1,-7.631,0.5674582919795247,346.354
C=CCN(Cc1cccc(OC)c1)C(=O)CCCCn1c(=O)oc2ccccc21,-6.916,0.3852695359558717,394.4710000000001
COc1ccc(N2C(=O)CSC2c2ccc(Br)cc2OCc2c(F)cccc2Cl)cc1,-6.272,0.3652122144907743,522.8230000000002
C=CSC=C(c1ccccc1)c1ccccc1,-6.22,0.7256895003249321,238.35500000000002
O=[N+]([O-])c1ccccc1CSc1ncn(C2OC2P(=O)(O)O)n1,-6.247,0.25794928543329027,358.272
CCOC(=O)C(CC)N1CCC(C)C(C)C1,-5.671,0.6902214922370646,227.34799999999996
NC(CC(=O)Nc1ccc(Cc2ccc(NC(=O)C3CNCCO3)cc2)cc1)(C(=O)c1ccccc1)C1CC1,-8.366,0.29998239499731777,526.6370000000002
O=CN1CCOC(COc2ccc3c(c2)CS(=O)(=O)CC3)C1,-6.11,0.7491103799435669,325.38600000000014
NCc1c(-c2ccc(Cl)c(Cl)c2)noc1-c1ccccc1F,-7.521,0.7384820292071793,337.181
O=C(COC(F)(F)F)C(Cc1cccs1)NC(=O)C1CC2C1CCN2C(=O)COc1cccc(Cl)c1Cl,-7.436,0.4483625967948326,579.4240000000003
Cc1ccc(S(=O)(=O)NC(=NS(=O)(=O)c2c(C)cc(C)cc2C)N2CC(C)CC(C)C2)cc1,-7.126,0.5165634728438177,491.67900000000037
Cc1[nH]cnc1CNC(=O)Cc1c(C)c(=O)[nH]c2ccccc12,-7.178,0.6851448887366081,310.357
CNC(c1ccc(F)cc1F)C1CCCC1,-6.005,0.8307801469732498,225.28199999999993
CCOC(=O)C1=NNC(=O)C1,-5.269,0.5439513983360598,156.141
Oc1ccc(Cc2nc(-c3ccccc3)nc3c2CCN3CCCn2cncn2)cc1,-7.411,0.5005840631563582,412.49700000000024
COC(=O)C1(C)CCN(CC2OCCc3ccccc32)CC1NC(=O)OC(C)(C)C,-6.724,0.7575504452680292,418.5340000000002
CCCC(OC)C(NN)c1ccc(OC)c(C)c1,-6.277,0.5774034395637121,252.35799999999998
CCCCCCC1=C(Cc2ccccc2)CCC1=O,-6.094,0.6367032308795734,256.389
CCNC1CCC(C(C)C)CC1CCN1CCCC(C)C1,-6.6,0.7911241079682754,294.527
COCOC1(C)CC2CC3CC(C2)CC1C3,-4.734,0.6852967063112816,224.34399999999994
CN(C)c1n[nH]c(C2CCN(C(=O)Nc3cc(C(F)(F)F)ccc3C3CC3)C2)n1,-7.198,0.807135169223282,408.42800000000017
O=C(C=Cc1ccc(Cl)s1)N1CCCC(COc2ccc3nccn3n2)C1,-6.12,0.6092624346291609,402.9070000000001
COCCCN1CC2CC(C1)c1cc3ccccc3n1C2,-6.352,0.8027633813804046,284.4030000000001
Cc1ccc(P(C)(=O)C(F)(F)Oc2ccc(Oc3ccc(Cl)cc3)cc2)cc1,-6.985,0.41509871526759917,422.7950000000001
Cc1nc(C2CN(Cc3cncs3)CCO2)cc(N2CCN(c3cccc(F)c3)CC2)n1,-7.593,0.5864248708630484,454.5750000000003
Cc1ccc(S(=O)(=O)Nc2ccc(C=CC(=O)N3CCN(Cc4ccc5c(c4)OCO5)CC3)cc2)cc1,-8.611,0.47692361957131874,519.6230000000005
COC1CC(O)C(O)C(NC(C)=O)C1,-5.596,0.5388462342162705,203.23799999999997
CC(c1ncc(Br)s1)N1CCNC2(CCCC2)C1,-5.969,0.9026762226604587,330.2950000000002
CC(=O)C1=C(c2ccc(O)cc2)N(CCCN2CCN(C)CC2)C(=O)C(O)(c2ccc(Cl)cc2)S1,-6.819,0.584597565504615,516.0630000000002
CC(C)CC(N)C(=O)NC(CC(N)=O)C(=O)NC(C(=O)O)C(C)O,-6.188,0.25589097020066254,346.38400000000007
C=CCNC(=O)C(Cc1ccccc1)N(Cc1ccc(C)o1)C(=O)Cc1ccccc1,-6.626,0.5068935757740839,416.5210000000002
Cc1cccc(-c2cc(C(=O)NC(C)CC(F)(F)F)nn2C)c1,-7.404,0.9355393927097568,325.334
O=C(CCCSc1ccccc1)NNC(=S)NCC1CCCO1,-6.751,0.30241566878429155,353.51300000000026
Cc1ccc(CNc2nc(C)nc3c(-c4ccc(Cl)cc4)cnn23)nc1,-8.591,0.5908562024642036,364.8400000000001
CSCCC(NC(=O)C(CC(=O)O)NC(=O)C(N)C(C)C)C(=O)NC(CCCN=C(N)N)C(=O)O,-5.229,0.05803521540910113,519.6250000000003
CCC(C)(C)NC(=O)c1cc(COc2ccc(Cl)cc2Cl)cs1,-6.853,0.7217591351266767,372.317
[C-]#[N+]c1ccc([P+](=O)[O-])cc1,-4.831,0.45923257724057126,165.088
CCCOc1ccc(C2(NC(C)=O)CC3CCCCC3(NC(=O)O)C2)cc1,-6.677,0.7067048960558842,374.48100000000005
CCC=CC=CCCCCCCCCCCCCCCCCCCCCCCC,-4.96,0.11073431373632045,404.76700000000034
CCOC(=O)c1sc(N2C(=O)C(=O)C(=C(O)c3ccc4c(c3)OCCO4)C2c2ccc(F)cc2)nc1C,-7.979,0.2289943202146691,524.5260000000003
O=C(CCC1CCCCN1)c1ccc(Br)c(F)c1,-6.532,0.8588538113723709,314.19800000000004
CC(=O)NS(=O)(=O)N1CC(N)CC(O)C1,-5.838,0.5024567515035089,237.28099999999998
C=COCCCCCOCCCCOCCOCCOCCOCCC,-4.525,0.20062831925881885,376.5340000000002
CCOC(=O)C(C)N1C(=O)SC(=Cc2cc(Br)c(Oc3c(I)cc(C=O)cc3OCC)c(I)c2)C1=O,-6.122,0.1205167403309507,800.203
Cc1cccc(C(O)c2cccc(C=O)c2)c1Cl,-7.095,0.8573446415093569,260.72
CC1Cc2cc(Cl)c(Cl)c(C3=C4CCCN4CCc4ccccc43)c2C(C)O1,-5.895,0.5334735908597817,414.37600000000015
CCc1ccc(C(C)CNC(=O)C(C)Oc2ccccc2C(C)C)cc1,-7.381,0.7202172858618855,353.5060000000001
COCc1nnsc1C(=O)Nc1ccc(I)cc1I,-6.57,0.6549654363382039,501.08700000000005
C=CCCC(=O)OCCCc1ccc(O)c(OCC=C)c1,-5.905,0.4074751200490322,290.359
Cc1ccc(NC(=O)CN2CC(O)(C(C)C)C2)c(F)c1,-6.798,0.8836256259049625,280.34299999999996
CCCc1cc(NC(=O)CCNC(C)C)n(CC)n1,-6.21,0.7579703165613343,266.38899999999995
CN1CCN(Cc2cccc(C(F)F)c2)C(CC(=O)O)C1,-6.802,0.905005560881887,298.333
O=C(Nc1ccc(Cl)cc1)NC1c2ccnc(NC3CCC(F)(F)CC3)c2CC2c3ccccc3CN21,-8.724,0.3575573460083171,524.0150000000003
c1ccc2c3c([nH]c2c1)CN(CCN1CCCCC1)CC3,-6.932,0.9352226779537756,283.419
O=C(O)c1ccc(Cn2cc(-c3ccc(Br)cc3)nn2)o1,-7.452,0.7837959186692698,348.15600000000006
Cc1csc(Cc2cccc(Cl)c2C=O)c1,-6.093,0.7494799512558049,250.75
COc1cc2ncnc(Oc3ccc(CNC(=O)C4(C)CCC4)cc3)c2cc1OCC1CCCCC1,-7.624,0.38553268314692285,489.6160000000005
O=C(O)CC1CCNC(c2ccc3c(c2)OCO3)C1,-7.666,0.8718224492832127,263.293
CCOC(=O)OCOC(=O)c1cc(Cl)c(NC(=O)C(C)c2ccc([N+](=O)[O-])cc2)cc1Nc1ccccc1OCC,-7.238,0.10516052909606745,585.9970000000002
COc1ccc(-c2ccc(C=O)s2)c(O)c1OC,-5.5,0.8625186390851951,264.30199999999996
Nc1cc2sc(-c3cc(Br)c(Br)s3)cc2[nH]1,-6.137,0.6105345298329807,378.114
COC(=O)CCc1c(OCC(=O)O)ccc2c1C1CCCC1O2,-6.564,0.8098728736222638,320.3410000000001
CC(=O)N1CCC(C(C(N)=O)c2ccc(Oc3ccccc3)cc2)CC1,-7.279,0.8971600263797592,352.4340000000001
Sc1cccc(CBr)c1I,-4.224,0.4552844467334377,329.0
CC1(C)c2c3cc4c(c2-c2cccc5cccc1c25)C=CC=C1c2ccccc2C14C=C3,,,
CC1(C)OB(C2=CC=CCC2)OC2CCCCC21,,0.6569343979589916,246.1589999999999
Cc1cc2c(cc1C(=O)NCC(C)C)N(c1nc3[nH]ccc3c(=O)n1CC1CC1)CCO2,-7.362,0.619465972091447,435.5280000000003
CC(C)C1CC(C#N)N(C(=O)C2(C(=O)N(O)CC3CC4CCN4C3=O)N=C(c3ccccc3)c3ccccc32)C1,-7.929,0.3441629237674575,539.6360000000002
O=C(CC1NS(=O)(=O)c2ccccc21)N1CCCCC1c1nc2ccccc2s1,-7.065,0.6900203675290061,427.55100000000016
ONCCc1nc2cc(Cl)ccc2c2ccccc12,-7.163,0.565965130711282,272.735
C=CC=C(CC(=O)O)C[S+]([O-])c1ccc(Br)cc1,-5.789,0.6441877912335982,329.215
CC(C)(C)OC(=O)NC1CC(N2CC=CC2=O)C1,-5.659,0.808694948161766,252.31399999999996
Cc1cc(Sc2cc(F)c(NN)c(Cl)c2)cc(F)c1OC(F)(F)F,-7.417,0.4285116215446435,384.75700000000006
C1=CC(c2ccc3c(c2)C2(c4ccccc4-c4ccccc42)c2ccccc2-3)=CCC=C1c1ccc(-c2ccccc2)cc1,-8.121,0.2022864869141944,558.7240000000003
CCn1c(SCCN(C)C)nc2ccccc2c1=O,-5.549,0.6192774045034517,277.39300000000003
CC#CCC(Cc1ccc2ccccc2n1)NC,-6.939,0.8284720547129635,238.334
CC(Sc1ncccn1)C(N)c1ccccc1F,-6.516,0.6804724255340404,263.341
CC(=O)c1ccc(C)c(CO)c1,-5.86,0.6751969679887443,164.20399999999998
CCc1ccccc1C(NC(C)C)c1ncccn1,-5.665,0.8916598794691444,255.36499999999998
COc1cc(C(=O)Oc2ccc3ccccc3c2C=NNC(=O)CN(c2ccc(Cl)cc2Cl)S(C)(=O)=O)cc([N+](=O)[O-])c1,-7.695,0.08109645036156247,645.4770000000002
CC(CCc1ccccc1)n1c(Nc2c(-c3ccc(NC4=NC=CC4)c(O)c3)nnn2N)cccc1=O,-7.896,0.21211193674611323,496.57500000000016
CCOc1c(OC)cc(C(=O)NNC(=S)Nc2cccc(OC)c2N)cc1OC,-6.38,0.3041437134536946,420.4910000000002
C=CC(=NC)c1ccc(C(C)NC)cc1,-5.763,0.7455405455086194,202.301
COc1ccc(C(=O)NC(c2nnc(NCCSc3ccc(C)cc3)o2)C(C)(C)C)cc1OC,-8.24,0.3023368112970263,484.6220000000003
CCOc1ccc(F)c(C(OC)=C(C=CCOC)OC)c1,-5.352,0.544125266143836,296.338
Cc1nn(Cc2ccccc2)c(C)c1CCC(=O)c1ccc2c(ccn2COCc2ccccc2)c1,-8.328,0.21599091034865717,477.6080000000002
CNc1ccc2c(c1)[nH]c1nc3ncnc(N)c3cc12,-7.097,0.49022415473571934,264.29200000000003
Cc1ccc(Cn2c(C)cc(C(N)=O)c2NC(=O)C2CCCCN2)cc1,-7.212,0.7697787301719949,354.4540000000002
CCOC(=O)c1cn(C(C)C(=O)Nc2cccc(Cl)c2)nc1-c1ccc(F)cc1,-7.246,0.5910784995893906,415.8520000000001
O=S(=O)(Nc1ccc2c(c1)OCCCO2)c1cc(Cl)ccc1Cl,-5.725,0.8835891859016916,374.245
CCOP(=S)(OCCCCN1CCCCC1)SCC(F)(F)C(F)(F)C(F)(F)F,-5.372,0.19122775920774476,479.464
CC(C)c1noc(-c2ccc(O)c(O)c2)n1,-6.743,0.7587169866010527,220.228
CCN(C)CC1CCC(Nc2cc(C)ncn2)CC1,-6.015,0.8855718115954497,262.401
C=CCNS(=O)(=O)c1ccc2c(C(=O)OCC(=O)NC(CC)CC)cc(=O)oc2c1,-7.393,0.32919137614854765,436.4860000000002
CCCCCCCc1nc(-c2ccc(I)cc2)n[nH]1,-6.42,0.573042300315139,369.25
CC1(C)CC(c2nc(CCCO)cs2)C(C)(C)O1,-6.465,0.9128513633987803,269.40999999999997
CCOc1cc(CNCCC(=O)O)ccc1OC,-6.438,0.689560253043621,253.29799999999997
COC(C(=O)O)(c1cccc(OC(F)(F)C(F)F)c1)C(F)(F)F,-5.762,0.7992232116358436,350.1859999999999
CCCc1nccnc1C(C)C,-4.496,0.6857544248672783,164.25199999999998
CCNC(=O)C(Cc1ccccc1)N(Cc1ccc(Cl)cc1)C(=O)CN(c1ccc(F)c(C(F)(F)F)c1)S(C)(=O)=O,-6.893,0.30717428397203955,614.0610000000003
Cc1noc(C)c1NC(=O)c1oc2c(Cl)cc(Cl)cc2c1C,-7.959,0.7205543411372337,339.17800000000005
Cc1nnc(CN2CCC(N)(C(=O)O)C2)o1,-6.215,0.7060473461964779,226.236
CCN(CC)S(=O)(=O)c1ccc(C)c(C(=O)N2CSCC2C(=O)NCCc2ccccc2)c1,-6.925,0.5853671440766917,489.66300000000024
CC1CCc2c(cccc2CC(O)c2ccccc2)C1,-7.158,0.8869218974011462,266.384
CCS(=O)(=O)N1CCCC(C(=O)NCC(C)O)C1,-6.335,0.71261240850459,278.374
C=C(O)NCC(O)COC1OCC(O)C1O,-5.419,0.34049814247108773,235.236
CC(C)CCC(C)NC(=O)CSc1nnnn1-c1ccccc1,-6.464,0.7520269832309078,333.461
CCN=C(NN)NCCn1cc(Cl)cn1,-5.77,0.29367900191060253,230.70300000000003
CC1(C)c2ccccc2-c2ccc(-c3cccc(-c4c5ccccc5c(-c5ccc6ccccc6c5)c5ccccc45)c3)cc21,-9.135,0.18474836032093103,572.7510000000002
FC(F)(F)CN1CC2(CNC2)Oc2ccccc21,-5.94,0.8308164935566777,258.24300000000005
Cc1nc(O)c(C)c(=O)o1,-5.388,0.5660671772848704,141.12599999999998
COc1cc(NC(=O)C2(C)Cc3ccccc3O2)c(OC)cc1Cl,-7.394,0.9160316056967879,347.7980000000001
CCCC(C)(C)N1CCN(CC)CC1C,-4.985,0.7065602931237631,212.38099999999997
CCC=CCC=CCC=CCC=CCCCCCCC(=O)OC(COC(=O)CCCCCCCCCCCCCC)COC(=O)CCCCCCCCCCCCCC=CCCCCCCC,,,
COc1ccc(C(O)=C2C(=O)C(=O)N(CCCN(C)C)C2c2ccc(OCCCN(C)C)cc2)cc1,-6.262,0.2091669913661647,495.6200000000003
COc1cccc(C2CSCC(=O)O2)c1,-6.396,0.7199807077672582,224.28099999999995
CC1OCCC1N(C)c1ncnc(N)c1F,-5.867,0.8081169394133805,226.25499999999997
CCOC(=O)c1cn(C2CC2)c2c(F)c(N3CCN(C(=O)C4CCNCC4)CC3)c(CC(C)F)cc2c1=O,-6.744,0.5539730944567183,530.6160000000003
CC(=O)OCC1OC(OC2OC(CO)C(O)C(O)C2O)C(O)C(O)C1OCC1OC(CO)C(OSN)C1O,-6.182,0.06282395407728411,577.5580000000002
CC(c1ccccc1)N(Cc1ccccc1)CC(OCC(=O)O)C(=O)OCc1ccccc1,-6.684,0.41322764059934164,447.53100000000023
N#CC=Cc1ccc(-c2nc3ccccc3nc2-c2ccc(OCCF)c(O)c2)cc1,-7.509,0.42065728501040545,411.43600000000015
COC(OC)C(N)c1c(Br)cnn1CC(F)(F)F,-4.741,0.8359410124897186,332.12000000000006
Nc1nccc2cccc(Cn3cc(C(CC=O)c4ccc5ncccc5c4)nn3)c12,-8.695,0.42990889785532765,408.46500000000003
c1(n(C)c2c(O[C@]3(OCCO3)C)ccc(c2n1)C(NC1CC1)=O)=NC#N,,,
COCCn1ccnc1CN(Cc1nccn1C)C(=O)CCC(=O)NC(Cc1ccc(F)cc1)C(=O)N1CCOCC1,-6.874,0.30348644335420827,583.6650000000001
CC(=O)N1CCN(CCNC(=NCCc2ccc(F)cc2)N2CCN(C(C)=O)CC2)CC1,-6.924,0.5131311580891392,446.57100000000037
CC(C)(C)OC(=O)n1ncc2c(I)cc(N)cc21,-6.264,0.5800000811865459,359.16700000000003
O=C(C1CCCCC1c1ccccc1F)N1CCc2cnccc2C1,-8.128,0.8265494126416295,338.4260000000001
ClCc1ccns1,-3.573,0.5334696194982684,133.60299999999998
COC(=O)C(C)(NC(C)=O)C(=O)N1CC(CNC(=O)O)C(c2ccccc2)C1,-7.001,0.4807735835125608,391.4240000000001
C=COOC(c1ccc(Cl)cc1Cl)C(C)(C)OS(C)(=O)=O,-5.391,0.3214813216632053,355.2390000000001
CCCCc1cc(C)c(C(=O)c2ccccc2OC)cc1C(C)C,-6.747,0.6105625726282381,324.46400000000006
CC(=O)Nc1ccccc1CNC1=NCCS1,-5.606,0.8591031320706439,249.33899999999994
COc1cc(C)ccc1OCC(=O)Nc1cnn(CCN(C)C)c1,-6.046,0.797930715786337,332.4040000000001
NNc1ncc(Cl)c(SCCCO)n1,-5.592,0.23076765277306255,234.71199999999996
CC(O)C(=O)Nc1ncc(F)c(-c2cnn3c(-c4c(F)cc(OC5CCOCC5)cc4F)ccnc23)n1,-8.347,0.4023597583836861,514.4640000000003
CC1CC(=O)N(C23CC(O)C2(O)C(O)C(O)OC3C)C1=O,-5.83,0.40150092669804716,301.2950000000001
CC12CCC3CC(=O)CCC3(C)C1CCc1ccccc12,-7.293,0.6752000477959402,282.42699999999996
C=CC(CN(CC1CCCCCC1)CC(NC(=O)C(N)CC(C)C)C(F)(F)F)=C(C)C=C(C)O,-5.284,0.1890071340693636,487.6510000000002
C1CC(N2CC(C2)n2c3c(cc(cc3)-c3c4n(nc(n4)N[C@H]4CC=CN(C4)C(C(C)C)=O)c(=O)cn3)c3c2cccc3)CCN1C(C)C,,,
Cc1cc(N)ccc1S(=O)(=O)N1CCCC1C,-6.203,0.8177723937863831,254.35499999999996
Nc1ccc(NCCN2CCCC2)c2c1C(=O)c1ccccc1C2=O,-7.207,0.7168069581347486,335.40700000000004
Cc1nc(-c2ccc(CNC(=O)c3cnc(-c4cccnc4)s3)cc2)no1,-7.861,0.5720803370435439,377.42900000000003
CC(=O)NCc1ccc(C(=O)N(CC(=O)O)CC(=O)NC2(C(=O)NCc3ccccc3)CC2)cc1,-7.627,0.37467165748651177,480.5210000000002
C1CCC(C2(COC3CCC3)COC2)CC1,-6.161,0.7300406585758742,224.3439999999999
COCCCCNC(=O)C1N(C(C)C)c2cccc(OC)c2CC12C[B]C(=O)CC2,,0.5245409187823901,413.3470000000004
COc1cccc(N2C(=O)NC(c3n[nH]c4ccccc34)C2CNC(C)=O)c1,-7.324,0.6335635948257046,379.4200000000002
CCCCC(C)(C)C(CC)N(CCC)CCC,-4.316,0.5139311261456941,241.46299999999994
CN(C)C=C1COC(=O)C1=Cc1ccc(O)cc1O,-6.037,0.6231240142634882,261.277
Cc1ccc(CNC(=O)CN2C(=O)c3ccccc3S2(=O)=O)s1,-6.774,0.9060566493049349,350.42100000000005
CC=CC(=O)NC1CCN(C(=O)COc2c(C)cc(C)cc2C)CC1,-7.649,0.8356602565416276,344.45500000000015
Cc1ccc(NC(=O)c2c(NC(=O)C3COc4ccccc4O3)sc3c2CCC(C)C3)cc1,-8.307,0.5579253178624525,462.57100000000025
O=C(CCCOc1ccccc1C(F)(F)F)NCC(O)c1ccsc1,-6.017,0.6927006709566553,373.3960000000001
CCNC1CCCCCC1OCC(O)C(=O)OC,-4.273,0.5465216421020345,259.346
C=C(C)C(NC(CNC(=O)C(C)C(=O)C(C)(C)NC(=O)C(C(C)C)N(C)C)C(=O)N(C)C)C(=O)N1CC2C(C1C(=O)NC1CCOCC1)C2(C)C,,,
Cc1ccc(C(C)NC(=O)NCC(O)CO)cc1,-6.328,0.6226744102812513,252.31400000000002
O=C(NCc1nc(C(=O)N2CCN(c3ccc(F)cc3)CC2)cs1)c1ccco1,-8.392,0.6946646263447188,414.4620000000001
CCNC(=O)N1CC2C(C(=O)NC(=O)N2Nc2ccc(Br)cc2)N1C(C)(C)C,-7.913,0.651875551360976,453.3410000000001
CNC(C)C(=O)NC(C(=O)N1CCCC1C(=O)NC(CCCNC(N)=O)C(=O)Nc1ccc(CN(C)C)cc1)C(C)C,-5.948,0.16019305616666843,588.7540000000002
O=C(NCc1ccncn1)NC1CCN(c2cccs2)CC1,-6.585,0.9047930763946104,317.41800000000006
O=[N+]([O-])c1ccc(C2Nc3ccccc3C3C=CCC32)cc1,-7.374,0.5061329299981732,292.338
COc1ccc(OCC(=O)N2CCCN(C(=O)C3CCOC3)CC2)cc1,-5.094,0.7866053071246699,362.4260000000002
CCCCCCCCC[S+](C)[O-],-4.298,0.42583940572136425,190.352
O=C(O)C1CCCN(c2nc3n(n2)CCCN(C(=O)c2cnccn2)C3)C1,-6.166,0.824583958935951,371.4010000000001
CCCC1CCC(N(C)C(=O)c2cc(Cl)cc(Cl)c2)CC1,-6.855,0.7220738406627111,328.28300000000013
CC(Nc1ccc(F)cc1)c1ccc(OCCNC(=O)OC(C)(C)C)cc1,-6.811,0.6767657600833337,374.45600000000013
Cc1ccc(-c2nc(C(=O)NC(C)c3ccc(C#N)cc3)cs2)o1,-7.433,0.777964436068981,337.40400000000005
CN=C(NCC(C)Cn1cccn1)NCC(C)(C)c1ccccc1,-6.691,0.6071134700570706,327.47600000000006
Cc1ccc(C(=O)OCC(=O)N2CCCC(C)C2)c(=O)n1C,-6.449,0.7845291764929438,306.362
Cc1cc(C(CN)N2CCCC(=O)C2)ccc1F,-7.261,0.8894384871314971,250.31699999999998
Fc1cnc2c(c1)c1ccncc1n2-c1cccc(C(F)(F)F)c1,-7.996,0.4720962918703268,331.272
ClC1=C(CI)OC2OCCCC2C1,-4.57,0.5469704517682454,314.5500000000002
Cc1cc2n(n1)CC(CNC(=O)Nc1ccc3oncc3c1)CN2,-7.732,0.6853833271642088,326.36000000000007
C#Cc1cnc2c(OCc3cccc(F)c3)cccc2c1,-7.472,0.6765737395582734,277.298
CN(OC(=O)C(F)(F)F)c1ccc(Nc2nc3ccc(Cl)cc3s2)cc1,-6.922,0.6125842247164158,401.7970000000001
Cc1ccc(C(=O)NC2CCN(C(=O)OCc3ccccc3)CC2N(C)C)nc1,-7.403,0.8403882567978215,396.4910000000001
CC1CCc2c(sc3nc(CN(C)C)n(CC(=O)OC(C)C)c(=O)c23)C1,-6.013,0.7496290053296853,377.51000000000016
O=C(CCNc1ncnc2[nH]ccc(=O)c12)NCc1ccccc1,-6.953,0.6371883064323878,323.35600000000005
N#Cc1ccc(N(CC2CC2)C2CCCC2)c(CO)c1,-5.775,0.8933721862321107,270.3759999999999
COc1cncc(NCC(C)N2CCCC(C)C2)n1,-6.324,0.881435291546588,264.37299999999993
CCC=C1SC(=Nc2cccc([N+](=O)[O-])c2)N(C)C1=O,-6.244,0.486945905846048,291.33200000000005
COc1cncc(C(NN)c2scnc2C)c1,-6.322,0.6337322751296156,250.32699999999997
CC(C)n1c(-c2ccncc2)nc2c3ccccc3ncc21,-6.956,0.5542112492381456,288.35400000000004
Cc1cccc(CSc2nc3ccc(NC(=S)NC(C)c4ccccc4)cc3s2)c1,-8.237,0.2461352559828369,449.67000000000013
CNC(=S)NCCc1c(C)nn2ccccc12,-6.324,0.8029763757846143,248.35500000000002
Cc1nccc(Cn2ccc3cc(OC4CCC(NC(=O)C5=CCN(c6cc(C7CC7)[nH]n6)CC5)CC4)cnc32)n1,-10.41,0.33251133439021513,552.6830000000003
CC(C)C(=O)Nc1ccc(Oc2ccc(F)cc2C(F)(F)F)cc1,-6.764,0.7733245640028478,341.304
CCOC(=O)N1CC(F)CN(c2nc(C)cc(C)c2C#N)C1,-6.895,0.8370435305191939,306.34100000000007
O=C(NC1CCN(C(=O)C2CCCCCC2)CC1)c1ccccc1[N+](=O)[O-],-5.301,0.4978591464768887,373.45300000000003
CCc1nc(SCC(=O)NCCCSc2ccc(C)cc2)n[nH]1,-6.281,0.5371446382074321,350.51300000000003
CC(S)CCCCCc1ccccc1,-4.857,0.5277135763402644,208.37000000000003
O=[N+]([O-])c1cc(COC2CCCC2CBr)ccc1Cl,-6.052,0.45197339167141803,348.624
CCC1COCCN1C(=O)c1cncc(NC2CCC(C)CC2)c1,-6.576,0.9193788132025654,331.46000000000015
CN(c1ccccc1C(=O)Nc1ccc(Br)cc1)S(C)(=O)=O,-6.438,0.8825465072913846,383.2670000000001
Cc1nnc(Nc2ccc(F)c(Cl)c2)c(C#N)c1C,-7.029,0.9117566561662865,276.702
CCC(C)C(=O)N(CCc1nc2ccccc2s1)Cc1ccccc1,-5.989,0.6049238735254783,352.5030000000001
Nc1cc(S(N)(=O)=O)ccc1NCCc1ncn[nH]1,-7.394,0.5544121479385339,282.329
CN(CCCC1CCCO1)Cc1ccc(F)cc1,-6.134,0.7694434783291086,251.345
Cc1ccc(CCNC(=O)C(C)(C)n2nc(-c3cccc(Cl)c3)ccc2=O)cc1,-8.027,0.6696212895823385,409.9170000000001
CCCCCCCCCCCCCCCCC(OP(=O)(O)OC)C(=O)CCCCCCCCCCCC,-4.498,0.07161436084447113,546.8140000000003
CCCCCCCCCC(Oc1c(C(F)(F)F)c(C(F)(F)F)c(N)[nH]c1=O)C(C)(C)CC,-6.216,0.24738024911683346,472.5140000000002
N1(CC[N+](=c2cc3-c4cc(F)c(N5CCC(CC5)C#N)cc4c4c(cccc4)c3cc2OC)C2C=1C=Cc1cccnc12)C,,,
Cc1cc(OCC(=O)Nc2ccc(-n3ncc(-c4ccc5c(c4)OCO5)n3)cc2)ccc1Cl,-8.633,0.4487830656412884,462.89300000000026
O=C(c1c(F)cccc1Cl)N1CCN(c2n[nH]c3cc(F)c(Oc4ccccc4)cc23)CC1,-7.37,0.44418584754810947,468.89100000000025
CCC(NCc1cccc(CN(CC)CC)c1)C(C)C,-5.516,0.7316864272009064,276.46799999999996
O=C(CSc1nnnn1-c1ccccc1Cl)NCC1(N2CCOCC2)CCCCC1,-7.129,0.6485523992284062,450.9960000000005
Cc1cc(S(=O)(=O)N(Cc2cccs2)CC(F)(F)F)sc1Br,-6.8,0.6882521773141365,434.324
CC(NC(=O)c1ccc(Cl)c(S(=O)(=O)C(F)F)c1)c1ccc2c(c1)OCCO2,-7.684,0.7818506786110554,431.8440000000002
CC(C)C(C)(C#N)NC(=O)CSc1nc2sc3c(c2c(=O)n1CCc1ccccc1)CCCC3,-6.878,0.36142120899558655,494.68600000000043
CC1C(NC(=O)C2c3ccccc3CCN2S(=O)(=O)c2nccs2)C=C2C1CC1CCC2C1(C)C,-7.537,0.6104044734354196,511.7130000000003
CC(C)(C)CC(C)(C(=O)O)c1cccc(O)c1,-6.306,0.8470653975709391,236.311
COCc1nccc(C2CCCN(C(=O)Cc3ccccc3OC)C2)n1,-7.444,0.7968225503069583,355.43800000000005
COc1ccc(C2(O)CCC(C(C)(C)C)CC2)cc1,-6.232,0.8684497180971096,262.3929999999999
CCNC(Cc1cc(Cl)ccc1Cl)C1CCCC2CCCC21,-7.059,0.7216025355338873,340.3380000000002
CCCN(CCC)c1ccc(C(=N)N)c(CC)c1,-5.643,0.5741790338763635,247.38599999999997
COc1ccc(C=CC(=O)OCC(=O)NC(=O)NC2CCCCC2C)c(OC)c1,-7.619,0.5349976390271012,404.46300000000025
CC1CC(C)CN(C(=O)c2ccc(N=C3SCCCN3C)cc2)C1,-7.091,0.8164005761163273,345.51200000000017
CNCc1ccc(C(=O)c2ccc3c(c2)CCO3)cc1,-7.205,0.8652540110590756,267.3279999999999
CC(c1ccsc1)n1ncc(-c2ccc(F)c(F)c2)n1,-7.312,0.7325780315554019,291.32599999999996
C=CC(=O)NCc1ccc(C(=O)NCCO)cc1,-6.139,0.6297090115394643,248.28199999999998
COCN=c1n(C)ccn1C,-4.661,0.5849772359167787,155.20099999999996
CC(C)(C)c1nnc(CSc2nc3ccccc3[nH]2)o1,-6.843,0.7466006749109563,288.37600000000003
N#Cc1ccc(OCCNCC2(O)CCc3cc(F)cnc32)cn1,-6.594,0.7766305536505472,328.347
CCOC(=O)c1ccc(NC(=O)CCn2cnc3ccccc3c2=O)cc1,-7.841,0.6782827632780805,365.38900000000007
CC1(C(=O)O)CCN(C(=O)C2(C(N)=O)CCNCC2)C1,-6.29,0.5848243105009211,283.32800000000003
CC(C)(C)OC(=O)N1Cc2c(ccc3c2OCO3)C(c2ccccc2)C1,-7.29,0.7669391488734563,353.41800000000006
CNC(CSc1ccc(F)cc1)c1ccc(Cl)c(F)c1,-6.625,0.8049799053739356,313.8
CC1(C)OB(c2cnn(CCN3CCOCC3)c2)OC1(C)C,,0.7589494180905195,307.20300000000003
Cc1c(CN2CCn3cc(-c4ccccc4CO)nc3C2)cnn1C,-7.426,0.7920086255557436,337.4270000000001
CC(C)C(CO)Nc1cnnc(C2CC2)n1,-6.178,0.7823929956619186,222.29199999999997
CC(C)(C)OC(=O)NCc1nc2cccc(CONC(=O)c3ccc(Cc4cn5ccncc5n4)cc3)c2n1C1CCOCC1,-6.501,0.2248005727785951,611.7029999999999
CCN(Cc1ccccc1)C(=O)CN(CCc1ccccc1)C(N)=O,-6.583,0.8033104708386397,339.439
Fc1cccc(I)c1NCc1ccc(Br)cc1,-6.448,0.7226109102394185,406.03600000000006
O=C(NCCCN1CCCC1=O)C1NC(=O)N(Cc2ccccc2)C1=O,-7.529,0.41421459839660413,358.3980000000001
c1ccc(C2Nc3ncnn3-c3nnnn32)cc1,-7.023,0.6547064771834084,240.23000000000002
C=C(C(=O)CC1CC1)c1ccccc1NC(=O)c1cn2[nH]ccc2n1,-6.495,0.6789125086571705,334.379
CCOC(=O)C(C#N)=CNc1ccc2cc(Br)ccc2c1Br,-6.794,0.4375820029240375,424.09200000000004
CC(O)c1cc(-c2n[nH]c(C(NC(=O)c3ccnn(C)c3=O)C(C)C(F)(F)F)n2)ccn1,-7.934,0.5182661802195377,451.4090000000001
CC1(C)COC(c2cc(Cl)c(OCCCc3ccc(Cl)c(Cl)c3)c(Cl)c2)=N1,-7.368,0.453005910931099,447.189
CC#CCCCC(NCC)C1CC(C)C(C)OC1(C)C,-5.908,0.5859920036240664,279.468
Cc1ccc(-c2nc(CSc3nnc(-c4ccccc4)n3CC3CCCCC3)co2)cc1,-7.78,0.29404369517882045,444.6040000000003
CN1CCCC(c2ccc(C(=O)O)s2)C1,-5.777,0.8389301678339882,225.31299999999996
Cc1cccnc1C(N)c1ccc(Cl)c2ccccc12,-6.873,0.7632205422906712,282.77400000000006
N#Cc1c(Cl)c(Cl)c(-c2c(F)c(F)c(F)c(Cl)c2F)[nH]c1=O,-7.782,0.4579291669607257,371.50399999999996
Cc1[nH]c(C(=O)OCCC(=O)Nc2cc(F)ccc2F)c(C)c1C,-7.248,0.8221834711031764,336.3380000000001
CC(C)(C)OC(=O)N1CC=C(c2ccccc2S(C)(=O)=O)CC1,-6.307,0.831639640797847,337.44100000000014
COC(=O)c1ccc(NC(=S)NC(=O)c2ccc(Cl)c(Cl)c2)c(C(=O)OC)c1,-6.749,0.5522440611675734,441.2920000000002
Oc1[nH]c2ccccc2c1N=Nc1ncccn1,-6.995,0.6734649173914727,239.238
COc1ccc(-n2ccn(CCF)c2=NC2CN(Cc3nc(C)ccc3F)CCC2CO)c(OC)c1,-6.372,0.48809566359296813,501.5780000000003
Cc1ccc(C)c(NC(=O)CN2CCC(O)C(C)C2)c1,-7.039,0.8869055493985721,276.38
CC(=O)N1CCCC(C(=O)NC2C3CN(c4cccc(-c5nc6ccc(S(C)(=O)=O)cc6o5)c4Cl)CC32)C1C,-8.29,0.4968940380971295,571.0990000000002
C=CCn1cc(C)nc1N(C)Cc1cccc(F)c1,-6.541,0.7690643893091549,259.328
O=S(=O)(c1ccc(N2CCC2)nc1)c1ncc(-c2cc(F)ccc2F)s1,-7.757,0.678639290932191,393.44
CCOc1cccc(C(=O)Nc2cccc3c2CCC3)c1,-7.363,0.9246841419733034,281.355
C=CCN(CC)C(=O)NCC(C)SCCC,-4.772,0.6658824734182269,244.40399999999997
O=C(NC(Cc1ccccc1)c1ccccc1)OC1CNCCO1,-7.201,0.8867100400298574,326.39600000000013
CCC(C)(C)CNCc1ccc2ccn(C)c2c1,-5.294,0.8482286812470821,244.382
Cc1cc(-c2c(C)cnn2C)nc(NCCO)n1,-6.04,0.8391162726233475,247.302
Cc1cc(C)cc(N2CC(C(=O)N(C)c3ccccc3C)CC2=O)c1,-8.347,0.8586642275278096,336.4350000000002
C1(CC1)COC1=NC2C3C(CCC(=O)N3)=C3OCc4cnnnc4C3=C2C=1,,,
O=C(CSc1nnc(N2CCOCC2)s1)Nc1cccc(C(F)(F)F)c1,-7.497,0.7727495678384535,404.43899999999996
CCC(C)(C)C(N)CCc1cnn(C)c1,-5.878,0.806912997887448,209.337
CS(=O)(=O)c1cc(C(=O)Nc2cc(Cl)c(Cl)cc2Cl)ccc1Cl,-6.928,0.7244708208769294,413.10900000000015
ClCCCSN=P(c1ccccc1)(c1ccccc1)c1ccccc1,-5.458,0.22810613448995712,385.9000000000001
CCCn1c2c(c3cc(C(=O)O)cc(-c4ccc(OC(F)F)nc4)c31)-c1ccccc1C(F)(C(F)(F)CO)O2,-7.57,0.25404178196338345,548.464
CC1CC(c2ccc(F)cc2)=NN1C(=O)CN1CCS(=O)(=O)CC1,-7.408,0.8089080336376477,353.41900000000015
O=C1C=C2C3CCCC45CCC(O)CC4CCC(=C1O)C(C1OC21)C35,-5.672,0.6639267895767011,342.435
COC(C)CNC(CO)C(=O)NC(C)(C)C,-5.36,0.597258403695547,232.324
CC(C)C(C)NC(=O)C(=O)NCC(c1ccccc1)c1ccccc1,-7.04,0.795333046177388,338.4510000000001
CCCOC(=O)Nc1ccccc1C(=O)Oc1ccc(CCC)cc1,-6.862,0.5792515764578212,341.4070000000001
Nc1ccc(C(=O)O)cc1OCCCOC1CCNCC1,-5.938,0.5210704788735246,294.351
FC(F)(F)C1CNCCN1c1nc(-c2ccccc2)c2c(n1)sc1ccccc12,-7.563,0.5090822524707327,414.45600000000013
COC1CCC(OC(=O)CCCOc2ccc(S(=O)(=O)c3ccc(NC(=O)c4ccc(NC(C=N)=CC=N)cc4)cc3)cc2Cl)CC1,-8.544,0.07831298262801922,681.211
NC(=O)SC1=NC(NC(=O)Cl)CS1,-5.612,0.5315550488577273,239.70899999999997
CN(CC(=O)N(C)C1CCCC1)C(=O)c1cccc(C#N)c1,-6.423,0.8542223407356481,299.374
N#Cc1ccc(N(c2ccc(-c3ccccc3)cc2)c2cccc3ccc4c(Cl)cc5ccccc5c4c23)cc1,-7.729,0.21147987485687755,531.0580000000002
CCOC(c1nn(-c2cc(ccc2OC(C)C)F)c2c(n1)cccc2Cl)=O,,,
C=CCC1(C(=O)N(CC)C(C)C)CCCNC1,-5.243,0.7446681073288097,238.37499999999994
CC(C)CCOCCOCCCCNCCOC(C)CO,-3.977,0.42610233384564844,305.459
COc1ccc(C2=C(N(C)c3ccccc3)C(=O)N(CCN3CCCC3)C2=O)cc1,-6.97,0.6631384180696397,405.49800000000033
CC(C)C(=O)Nc1cc(-c2ccccc2)[nH]n1,-6.245,0.8496681949331789,229.28300000000002
Cc1cn(C2CC(O)C(COc3cccnc3)O2)c(=O)[nH]c1=O,-6.898,0.8193165438009914,319.31700000000006
[O-][S+](CC(F)(F)C(F)(F)F)c1ccc(O)cc1,-6.089,0.6799411052640764,274.21
CC(=O)c1cc(NC(=O)c2ccccc2C(=O)c2ccc(Cl)cc2Cl)ccc1O,-7.991,0.4220331420883812,428.2710000000001
CN=C(NCc1cccc(OCc2ccccn2)c1)NCC1(C)CCCN(C)C1,-7.422,0.5573283094204641,395.5510000000003
COc1ccc(OCC(=O)Nc2ccc(C)cc2)cc1CNCCNc1ccccc1,-7.752,0.4060093693718848,419.5250000000002
CCCCCC1CC(C)(C)CCCC1=O,-4.312,0.4977191573157959,210.36099999999993
CC1=C2N=CC(=O)N2C(C(=O)OCCCCO[N+](=O)[O-])C(N=[N+]=[N-])C1,-6.365,0.12087277533248696,352.307
N#Cc1cccc(S(=O)(=O)N2CCN(C(=O)CN3CCS(=O)(=O)CC3)CC2)c1,-7.115,0.6133520741589342,426.52000000000027
CC(C)c1ccc(C(N)c2cc(Cl)c(F)cc2F)cc1,-6.593,0.8095588672921396,295.76
C=[P+](O)OCC1OC(n2c(OC)nc3c(N)ncnc32)C(O)C1O,-7.155,0.47778993786452056,358.271
CCn1c(SCC(=O)Nc2nccn2COC)nnc1C1CCCCC1,-6.589,0.710917693551098,378.50200000000024
CC(C)(CC(N)=S)N1CCOCC1,-4.765,0.6862397350690053,202.32299999999995
CN=C1C=C(C)C2=C(C)C(C)CC(C)C2=C1,-5.702,0.5802071082131399,215.33999999999997
CC(C)(C)C(=O)NC1CC1c1ccccc1,-6.3,0.8104690549401723,217.312
C=CC(S)Cl,-3.115,0.2949417393251203,108.593
NC(Cc1ccc(O)cc1)C(=O)N1CCSC1c1ccc(C(=O)N2CCCC2C(=O)OC2OC(CO)C(O)C(O)C2O)cc1,-8.38,0.20396188531092532,631.7040000000006
CC(C)(C)OC(=O)NCCCc1nc(NC(=O)OC(C)(C)C)[nH]c1Br,-6.131,0.6265511840437993,419.32000000000005
S=C(Nc1cccc2c1CCCC2)N1CCc2ccccc2C1,-7.542,0.7872343155552343,322.477
CCCNC(C)Cn1nc(C)nc1C,-5.619,0.7712021660847611,196.29799999999997
C=C(C)C(=O)OCC1COC(C)(C2(C)OCC(C)(CO)CO2)OC1,-7.515,0.5933769247188244,344.4040000000001
CC(C)C=CC(C)(O)CCO,-4.722,0.6059190682960854,158.24099999999999
C(c1cccc2cc(cc(-c3c4c(N)nccn4c4nc(n(C)c(c43)=O)N3CCN(C)CC3)n12)F)#N,,,
c1(Cl)ncc(C2=CN3C4(N(C2=O)C2CN(CC2C4)Cc2ccncc2)OC(=O)C=3C)cc1,,,
OOC1=CC2CCC3CCCCC3C2CC1,-5.679,0.5367462544359816,222.32799999999995
CCOC(=O)CSC(C)C(=O)Nc1ccc(F)cc1F,-6.192,0.8207628077038445,303.33000000000004
Cc1nc(N)nc(NCCC2CCCCC2)c1C(C)(C)C,-6.269,0.8778502099940991,290.455
COc1ccc(F)c(C)c1NS(=O)(=O)c1cccc([N+](=O)[O-])c1,-6.98,0.6663955414345673,340.3320000000001
CCNC(c1nc(C2C3CCCC32)no1)C1CCCC1,-6.579,0.8942088011884529,275.396
CN(CCCSCC(O)CCOCC12CC3CC(CC(C3)C1)C2)C(N)=Nc1nccn1-c1ccncn1,-6.811,0.23048954465346314,527.7390000000003
CCn1nc(C(C)C)cc1NC(=O)c1cnn(CC2CCCCC2)c1,-8.22,0.8601430255715742,343.4750000000002
CN(CCN1CCN(c2nnc(C[N+](=O)[O-])s2)CC1)c1ccccc1C1CCC2CC1C2(C)C,-7.303,0.412017196506441,484.67000000000036
COc1ccc(Cl)cc1Br,-5.027,0.7079593222306657,221.481
COc1cccc2c(NC(=O)c3ccns3)c(C(=O)NC3CCC(C)CC3)sc12,-6.546,0.6027671444546104,429.56700000000023
CCc1ccc(C2NC(=O)NC(C)=C2C(=O)OCCc2cccnc2)cc1,-7.077,0.77124025163272,365.43300000000005
COC(=O)CN(C)CCN=C=O,-4.25,0.3162771481303823,172.184
c1cc(C(C)=C2C3(N[C@H]4CCCN(C=4C=C3)S(=O)(=O)c3ccc(cc3)C)C=CC=C2)ccc1,,,
CN(C)CCNC(=O)c1ccccc1NC1=NN=C(c2ccc3c(c2)CCN(C(=O)C(C)(C)Oc2ccc(Cl)cc2)C3)CS1,-8.93,0.3326191268509797,633.2180000000003
Cc1cc(C)c(NC(=O)c2ccccc2Cl)c(C#CCO)c1,-6.69,0.8329880937853553,313.7840000000001
COc1cc(C(C)(C)C)nn1Cc1nn2c(=O)cc(C)nc2s1,-6.45,0.7328411433687378,333.41700000000003
COCCCNC(=O)CN(C)C(=O)COc1ccc(Br)cc1Br,-5.227,0.5841585516360117,452.14300000000003
C=NC(=NCC1CCCN1C)c1cc(C(N=C)=C(C)C(NOCCNC(=O)OC(C)(C)C)c2cc(Br)c(C)n2N=C)cnc1F,-7.037,0.09645490947522284,688.647
O=C(C=Cc1ccc(Cl)cc1)NCC(c1ccccc1F)N1CCCC1,-7.153,0.7598357531249866,372.8710000000002
CCNC(=O)NC1NC(=O)c2cc(C3CC3)n(-c3cc(F)ccc3F)c(=O)c21,-7.472,0.7486551801554318,388.3740000000001
CC(C)(C)OC(=O)N1C(CO)OCC1C1OC(=O)c2ccccc21,-6.397,0.8304143955584401,335.35600000000005
O=C(C=Cc1ccccc1)NC=C1CCOC(c2ccccc2)C1,-7.368,0.8555635427524053,319.40400000000005
CN(C)CCN(CC(=O)O)C(=O)c1ccc(Cl)nc1,-5.287,0.7836302358155646,285.73100000000005
CCOC(=O)C1(CC(=O)NC(C)c2ccccc2)CCCC1,-6.473,0.8196917213232175,303.40200000000016
CCN(CCO)C(=O)c1cccc2c1OCCO2,-5.951,0.8638735204981672,251.28199999999995
Cc1cccc(N)c1N1CC(CN=[N+]=[N-])CC1=O,-5.993,0.3823024058022735,245.286
CCCCCC(N)Oc1cc(C(C)=O)ccc1O,-6.343,0.44379332881386363,251.326
c1ccc2c(c1)C1=C3P=c4c(ccc5c4ccc4c6ccccc6sc54)=C3N1c1ccccc1-2,-8.237,0.20364614519010363,465.5170000000001
CC1CCCN(CC(O)CON2CC3C(OCC4CCCCC4)=c4ccccc4=C3C2=O)C1,-7.807,0.6514752161214697,454.61100000000033
COc1ccc(OC(C)c2nc3ccccc3n2CC(=O)O)cc1,-7.604,0.7523780288534319,326.35200000000003
O=C(CN(Cc1ccc(F)cc1)S(=O)(=O)N1CCOCC1)N1CCN(Cc2cccc3ccccc23)CC1,-7.516,0.43949705736435307,540.6610000000002
CN(Cc1ccc(Cl)c(Cl)c1)C(=O)CCCC#N,-5.742,0.7750257222718716,285.17400000000004
N#CCCCc1nnc(-c2sccc2Cl)o1,-6.038,0.7845778974542464,253.71400000000003
CN1CCC(N2CC3(CCCCO3)C2)CC1,-5.46,0.6682276081355278,224.34799999999993
CCC1CCC2(C)C(C1)C1CCCC3C1C2CCC3(OC(C)=O)C(C)=O,-6.588,0.6524751066644154,360.5380000000001
CC(C(=O)O)C1CCN(c2nccc3ccccc23)CC1,-6.378,0.9402526166660813,284.3590000000001
COc1ccccc1C1C(C)OC(=O)N1Cc1ccccc1,-6.404,0.8618243620303928,297.354
Nc1ccc(CNO)c(C(F)(F)F)c1,-5.993,0.5101507317405747,206.16699999999997
CCOc1ccc(C=C2CCCCCC2=O)cc1,-4.748,0.5930682120099163,244.33399999999992
COC(=O)C=C(c1ccccc1)c1ccc2oc(C)cc2c1,-7.153,0.5320671493953303,292.334
O=C(CCCCC1SCC2NC(=O)NC21)NCCCCCC(=O)C1OC(n2cnc3c(NCCc4ccccc4)ncnc32)C(O)C1O,-7.8,0.09035494443597332,680.8320000000006
CCC(NC(=O)C(C)(C)N)c1nc(-c2ncccn2)no1,-6.178,0.8362997491301085,290.327
CCCCCC(CC)N1CCN(Cc2ccc(Br)s2)CC1,-5.995,0.5927428562923454,373.40400000000005
Cc1ccc(CN(C(=O)CN(c2ccc(Cl)cc2Cl)S(=O)(=O)c2ccc(C)cc2)C(Cc2ccccc2)C(=O)NCC(C)C)cc1,-6.817,0.16171088574572431,680.6980000000001
CCNC(=NCc1cccc(NC(=O)C2CCCC2)c1)N(C)Cc1cccc(Br)c1,-5.999,0.4325937472698732,471.44300000000015
O=C1C2CCCCC2C(=O)N1c1ccsc1,-5.483,0.7009859561509171,235.30800000000002
CC1CCN(C(=O)c2cncc(-c3ccc(NS(=O)(=O)c4ccc(F)cc4)cc3)c2)CC1,-8.528,0.6142388503813421,453.5390000000002
COCCNc1nccn1CC(C)O,-4.925,0.6478297685639132,199.25399999999996
C=CN=C(N)c1cccc(-n2c(CC)cccc2=O)c1,-7.359,0.6819289526569189,267.33199999999994
[C-]#[N+]CCN(Cc1cccs1)C(=O)CN1CC(=O)NC1SC1=NCCN1,-5.533,0.656960520979798,392.51000000000005
O=C(O)C#Cc1cc2c(c(S(=O)(=O)O)c1)C(=O)c1cc3ccccc3cc1C2,-8.029,0.3807907559607194,392.38800000000015
CCC(C)N(CC(=O)NCc1cccc(OC(C)C)c1)C(=O)c1ccc(F)cc1,-5.643,0.6872944882865446,400.49400000000014
COc1cc(NC=C(C#N)C(=O)Nc2ccc(F)cc2)c(OC)cc1Cl,-7.042,0.5895786770936475,375.78700000000003
CC(NCc1ccc(N(C)C)nc1)c1n[nH]c(=O)n1C,-6.442,0.8272242567656583,276.344
CC(=O)Nc1cccc(C(=O)OCC(=O)Nc2ccc(Br)cn2)c1,-7.952,0.7628667252127642,392.209
Cn1c(N2CCCC(C(=O)O)C2)nc2ccc(Cl)cc21,-6.697,0.9242215036680359,293.754
COc1ccc(-c2nnc3ccc(N4CCCC(COc5cccc(C(=O)O)c5)C4)nn23)cc1,-8.553,0.44537092653825816,459.50600000000014
Cc1cccc(-n2nc(C(C)(C)C)cc2NC(=O)c2c(Br)c(C3CCOC3)nn2C)c1,-7.035,0.5788986333963552,486.4140000000002
CCCCCC=C(CC)C(=O)NC(C)(C)C,-5.526,0.5401717670245189,225.37599999999998
O=C(Nc1ccc(Br)cc1)C(Cc1ccccc1)N1C(=O)C2CC3CC(C2C1=O)C1C(=O)N(c2ccc(Br)cc2)C(=O)C31,-7.878,0.3553347542078453,705.4030000000002
CC(=O)OC1C(=O)N2C(=O)CSC12,-5.189,0.32058234358774895,201.203
CCCc1nc(Cl)c(C)c(N2CCOCC2C)n1,-6.867,0.7909508087059776,269.77599999999995
O=C(NCc1ccc(Cl)s1)NC1CCCN(c2ncccc2Cl)C1,-7.21,0.8389962377629195,385.32000000000005
CS(=O)(=O)c1nccnc1N1CCN(c2nc(Cl)cc3ncccc23)CC1,-6.568,0.6100191499291817,404.88300000000015
CCCCCOC(=O)C(Cc1ccccc1)C(=O)NN,-5.617,0.1887848449660505,278.352
C[N+](C)(C)CCSS[N+](C)(C)[O-],-3.463,0.22659455761769415,211.376
CC(C)CCN(C(=O)CN1C(=O)c2ccccc2C1=O)C(=NO)c1csc(C(C)C)n1,-6.572,0.23211032502399112,442.54100000000017
O=Cc1cc2c(c(Cl)c1F)OCCCO2,-4.571,0.6955198853177494,230.62199999999993
CC(CCN)NC(=O)NCc1cccs1,-5.897,0.7091727437959008,227.333
CCOc1cc(CN(CC(=O)OC)C(=O)Nc2cccc(C(N)=O)c2)ccc1OCCOC,-6.372,0.368248065203933,459.4990000000003
CN=C1NC(c2ccccc2)C(c2ccccc2C)S1,-6.138,0.8965078362831473,282.412
CCCCCCCCCC=CCc1n[nH]c(=S)[nH]c1=O,-5.796,0.388453121352665,295.45200000000006
CC1CCc2sc(C(=O)O)cc2C1,-5.395,0.7491589534429641,196.271
Cc1nc(C2CCCN(C(N)=O)C2)cc(N2CCOCC2)n1,-6.989,0.8765190455609374,305.38200000000006
Cc1cc(-c2nc(Cl)nc(C(F)(F)F)c2C#N)ccc1Cl,-6.946,0.714440499789395,332.11199999999997
CCCC(CN)(CCC)C(=O)N(C)C1CCCC1C,-5.231,0.7705729829573719,268.445
Cc1cc(CNCC(=O)O)ccc1N1CCNC1=O,-6.378,0.7300708646264555,263.297
C=CC(=O)OC(CC)C(CCCC)Oc1c2ccccc2c(OCCCCC)c2ccccc12,-5.79,0.10530916013930255,462.6300000000003
COC1CC2COC(C)(C)C(OC3OC(COCc4ccccc4)C(O)C(OCc4ccccc4)C3OCc3ccccc3)C2(C)OC12COC1OCC12,-6.796,0.2491469361976217,746.894
CC(C)(C)c1ncc(C=C2N=C(SCc3cccc(Cl)c3F)NC2=O)o1,-7.163,0.7780068318393969,393.87100000000004
CCC(C(=O)O)c1ccc(-c2ccc(S(=O)(=O)NCc3ccccc3OC)cc2)c(F)c1,-7.59,0.49151189597345557,457.52300000000014
CC1(C)CC2(C)C(=O)C(=Cc3cccs3)CN2C(=O)O1,-6.141,0.7469565573138086,291.37200000000007
CN1CCc2ccc(NC(=O)Nc3ccc(OC(F)(F)F)cc3)cc2CC1,-5.682,0.837957163581348,379.3820000000001
NCC1CC(S(N)(=O)=O)C1,-4.315,0.5492424704936727,164.23
O=C1C2CCCCC2C(=O)N1c1ccc(S(=O)(=O)Nc2ncccn2)cc1,-7.389,0.8046554854593956,386.43300000000005
COc1ccc2c(c1)C(=O)c1cc(-c3cc(F)c(OC(=O)C(C)C)c(F)c3)ccc1-2,-7.554,0.3345527119663074,408.4000000000001
CCC1CCC(CC2CCC(C)(N)CC2)CC1,-6.291,0.7681214457855137,237.43099999999993
C1=CC2CCCCC2C=C1CCC1CCCCC1,-6.762,0.6015482233322326,244.4219999999999
C=CCCOc1c(OC)ccc(C=Cc2ccc(OCCCCCCCCCCCC)cc2)c1OCC=C,-6.022,0.08793820063810455,520.7540000000006
C=C(N)c1ccc(-c2ccccc2)cc1,-6.198,0.7814572125770958,195.265
O=C(O)CC1CCCCN1c1cccc2[nH]ncc12,-6.838,0.8876539415752958,259.309
CCC1CSC(c2csc(Nc3c(Cl)cccc3Cl)n2)=N1,-6.354,0.7879221639885815,358.3190000000001
N=Cc1cc2ccccc2[nH]c1=N,-6.225,0.5461507715821574,171.203
CCCCCN1C(=O)C(=O)C(=C(O)c2ccc(C)cc2OC)C1c1ccc(F)cc1,-6.0,0.30889460203441704,411.4730000000001
O=C(NCCOCOC(SC(OCc1ccccc1)C(c1ccc(CO)cc1)c1ccc(CO)cc1)C1COC1COCc1ccccc1)OCc1ccccc1,,,
CN(C)S(=O)(=O)c1cc(C(=O)OCC(=O)NCCc2cccc3ccccc23)n(C)c1,-6.782,0.5368529479601611,443.5250000000002
O=C(NCc1cccnn1)Nc1ccc2c(c1)OCCS2,-7.091,0.9094383996548845,302.35900000000004
Cn1ncc2cc(-c3ncc(N)cn3)cnc21,-6.122,0.6691013944206121,226.24300000000002
NC(=O)N1CCC(NC(=O)c2cncc(Br)c2)CC1,-6.865,0.8529936285160117,327.18200000000013
COc1ccc(N2CCN(C3(c4ccc(Cl)cc4F)C(=O)Nc4ccc(Cl)cc43)CC2)cc1Br,-7.731,0.42698065972338983,565.2700000000002
Cc1ccc(NC(=O)CNc2ccc(CC#N)cc2)cc1,-7.19,0.8834738929998587,279.343
CCCC(C(=O)NCc1cc(C(C)=O)cs1)c1ccccc1,-6.808,0.7801645253630414,315.438
O=C(CN(c1cccc(C(F)(F)F)c1)S(=O)(=O)c1ccc(F)cc1)NN=Cc1cccc(Br)c1,-8.306,0.2533617319693652,558.3510000000001
CSc1cc(C(=O)NCC(C)(O)c2ccccc2)ccc1F,-7.0,0.8322849116979684,319.401
CC(C)(C)OC(=O)NNC(=O)C(=O)c1ccc2ccccc2c1F,-6.538,0.5030059586434679,332.331
CC(=O)OCC1(O)NC(O)C(O)C(O)C1O,-5.161,0.2690636290580334,237.20800000000006
O=C(CCCOc1ccc(F)cc1)Cn1cc([N+](=O)[O-])ccc1=O,-6.804,0.4196080888642946,334.30300000000005
CCCCCCCCCCCCCCCCCCOC(=O)C1N2C(=O)CC2SC1(C)C,-5.199,0.12457227538695163,453.7330000000001
COc1ccc(C(=O)NNC(=O)c2sc3c(c2C)c(=O)n(C)c(=O)n3C)cc1[N+](=O)[O-],-7.347,0.43824281551342775,447.4290000000002
CCOC(=O)c1c(N)sc(CC(C)C)c1-c1cccs1,-5.217,0.8310216761905835,309.45599999999996
CCC1OC(Oc2ccccc2)C(OC(C)=O)C(O)C1OC(C)=O,-6.552,0.8119773583529116,338.35600000000005
CCC(C)N(CC)C(=O)N1C(=N)SCC1C,-5.342,0.8279214300742354,243.376
CC(C)c1ccc(CN2CCN(CC(=O)N3CCc4ccccc43)CC2)cc1,-7.239,0.7977099303871265,377.5320000000001
Cn1nccc1C1(C)CN(Cc2cc(F)ccc2C(=O)O)C(=O)N1,-7.145,0.8919353048381101,332.33500000000004
CCC=CC=CCCCCCOCCC,-4.78,0.38098051509240977,210.36099999999993
O=C(NC1CC1O)C(Cl)Cl,-4.41,0.5949168178847754,184.022
C=C(C)C1CCC2(C)CCC3c4cc(OC)c(OC)cc4CCC3C12,-6.621,0.6520482222305937,340.5070000000001
CCC1CCC(C(=O)c2cn(C3CN(C(=O)N4CCC(C)CC4)C3)nn2)CC1,-7.351,0.7426648474113275,387.52800000000025
O=C(CC1CCC2CC2C1)C1CCN(c2cccc(C(F)(F)F)c2)CC1,-8.639,0.7199309486298332,365.4390000000001
CN1CCN(c2nc(Nc3cccc(F)c3)c3cc(Nc4ccccn4)c(Br)n3n2)CC1,-7.842,0.4269576305437783,497.37600000000015
Cc1cccc(C(=O)NCC2CCN(C)CC2)n1,-6.67,0.8792886553840443,247.34199999999996
Cc1cc(C(N)=O)ccc1Oc1ccc(Br)cc1C(F)(F)F,-6.946,0.8492811110358744,374.156
COc1c(C)oc2c(c(OC)c(OC)c3cc[nH]c32)c1=O,-5.975,0.801932282536303,289.28700000000003
CCCCCCCCCCCCCC(=O)[n+]1c(C)cc(C)cc1C,-5.135,0.3276232292677882,332.552
c1ccc(NCc2nnc(-c3ccccc3)o2)cc1,-6.939,0.7721784385541691,251.28900000000004
Cc1cccc(OCC(=O)Nc2nc(-c3ccc4c(c3)CCCCC4)cs2)c1,-6.019,0.5911735486816707,392.5240000000002
Cc1nc(-c2ccc(NS(=O)(=O)c3ccc(Cl)cc3)cc2)co1,-7.663,0.7698712538924108,348.81100000000004
CN(C)C(=O)C=Cc1ccc(C=CC(=O)O)cc1,-6.123,0.8239438326548301,245.278
O=C(O)c1c(O)cc(O)c2c1OC(c1c(Cl)cccc1Cl)CC(O)C2,-4.98,0.6302233789752774,385.1990000000001
Cc1nc2c(C(C)C)c(-n3cc(F)c4c3c(=O)n(C)c(=O)n4C)c(F)cc2s1,-6.896,0.5148182749234276,404.44200000000006
CC1CC(C)CN(c2cc(C(=O)Nc3ccc(N4CCOCC4)cc3)c3ccccc3n2)C1,-8.156,0.6261017617829627,444.5790000000003
C[S+](C)c1cc(C(=O)NC(=O)c2ccccc2)ccc1N,-6.854,0.5177494791119298,301.391
CN1CCC2(CN(C(=O)CN3CCCC(C(=O)N4CCCCC4)C3)CCO2)C(c2ccccc2)C1,-9.555,0.6599219129610393,482.66900000000044
Cc1cnc(S(=O)(=O)C(C)C(=O)Nc2ccc(Cl)cn2)nc1,-7.109,0.8486481444929596,340.79200000000003
O=C(O)CCCN(CC1CCCCC1)C(=O)N1C(=O)OCC1Cc1ccccc1,-6.463,0.7121409256302491,402.4910000000001
Cc1nc(C2CCCC2)sc1C(=O)N(C)CCn1cccn1,-6.32,0.8510648282219583,318.44599999999997
CCCN(CC1CC1)C(=O)c1ccc(CN2CCNS2(=O)=O)cc1,-5.787,0.8111154537805084,351.472
CN(C(=O)C(CCN)NC=O)C(CC1c2ccccc2S(=O)(=O)N1C)C(=O)NCc1ccccc1,-7.12,0.37968415858778526,501.60900000000026
COCCn1cc(CNCc2c(O)cc(C)c3ccccc23)cn1,-6.928,0.7009960712141395,325.41200000000003
CCOC(=O)N1CCC(=NNC(=O)COc2ccccc2C#N)CC1,-7.188,0.8181770630881418,344.37100000000015
N#CC1(c2ccccc2)NN2C(c3ccccc3)c3ccccc3C21,-7.904,0.7725001035985541,323.39900000000006
CCCNC(C)c1cc(Br)ccc1Oc1ccc(Br)cc1,-6.257,0.6215022829629189,413.153
Nc1ncc(CN2CCOCC2c2nnc(-c3ccncn3)o2)cn1,-7.416,0.7150772738664279,340.34700000000004
COc1cc(NC(=O)c2cc(N)c(F)cc2Cl)c(C)cc1Br,-6.894,0.7676231987660699,387.636
CCC(OC)(Oc1cccc(C(F)(F)F)c1C(F)F)N(C)C,-5.36,0.5744835816329211,327.293
CC(C)c1ncc(CN2CCN(c3ccccc3)CC2)n1C,-6.515,0.8672739362152911,298.434
C1COC2OCOC2C1,-4.031,0.47747172232801255,130.14299999999997
Clc1cccc(Cl)c1CSc1nnc(-c2ccccc2)n1-c1ccccc1,-7.414,0.3491669250899797,412.3450000000001
Cc1ccc(S)c(C2=CCCCC2)c1-c1ccc2c(ccc3ccccc32)c1,-8.485,0.2627271119390072,380.55600000000004
O1C(C(O)[C@H](O[C@@]2(C(=O)CC3=CC(C[C@@H](O)CC3=C)([C@@H]([C@](C)(C)C2)O[C@H]2C(=O)OC(CO)[C@@H]([C@@H]2O)[O+](C)C)CC[C@@H]2C[C@@H](O)CC(O2)=O)C)O[C@@H]1C)Oc1c(cc(cc1OC)/C=C/C(=O)O[C@@H],,,
COC(=O)c1c(=O)n(Cc2cc(-c3nc(C(=O)O)cs3)ccc2OC)n2cc(C)ccc12,-7.498,0.44660327475763545,453.47600000000017
O=C(COC(=O)c1cc2cccc(F)c2n1CC1CCCO1)NC(=O)c1ccccc1,-6.627,0.6148927827806406,424.4280000000002
CC(C)(C(=O)n1ccc(N)nc1=O)S(C)(=O)=O,-5.443,0.750326132630459,259.287
Cc1noc2c1C(c1ccccc1Cl)C1=CC(Cl)=C(F)C2(C2CCNC2=O)C12COC(=O)N2,-7.74,0.6643804380491773,490.3180000000003
COc1ccc(C2CCC3=C(CC(NCc4ncc[nH]4)C=C3)N2C)cc1[N+](=O)[O-],-7.6,0.5743191339677803,395.4630000000001
CCCC(=O)OCC(F)(F)OC(F)(F)F,-5.548,0.5429384774536801,236.13599999999994
NCC(F)(F)c1cnccn1,-4.819,0.6842150805220664,159.139
CC1OC(OC2C3CC(C)(OOC2(C)C)C2CCC4C(C)(C)CCC(=O)C4(C)C2(C)C3)C(O)C(O)C1O,-6.48,0.4702209554228093,524.6950000000004
CC1=C2CCCCC2SC(=C2C3=C(C)[N+](C)(CCCC3)C2=C(C)CC2CCCCC2)C1,-5.855,0.30642179021700217,438.74500000000046
Cc1noc2nc(C(C)C)cc(C(=O)NCc3cccc(N4CCCS4(=O)=O)c3)c12,-8.452,0.6693280252756434,428.51400000000024
C=C(CCCC=C(c1ccccc1C=Cc1ccc(SC)cc1)c1ccccc1C(F)(F)F)CCCC(C)CC(=O)N=C(C)C,-5.783,0.054900688052294866,631.848
CC(=O)OC1CCC2(C)OC3(C)CCC2C1(CO)C1=COC(C)OC1(CO)C3C,-5.673,0.6895462565411589,410.5070000000002
CCc1nn2c(-c3ccc(-c4cc(C(=O)O)ccc4OC(F)(F)F)cc3)nnc2c(C(=O)O)c1CC(=O)O,-7.99,0.30385350262306177,530.4150000000002
CB(O)N1CCCCC1N1SN2B1C1CCC2C1,,0.6036418760105988,265.00000000000006
Cc1noc(C)c1COc1ccc(C(=O)N2CCCCC2CO)cc1,-7.657,0.9024986931616334,344.4110000000001
O=C(NCCn1ccc2ccccc21)Nc1ccccc1OC(F)F,-7.758,0.7076665018837632,345.34900000000005
CC(=O)OCC1OC(O)(OCC(Cc2ccccc2)ON2CCOCC2)C(O)C(OCc2ccccc2)C1OC(C)=O,-6.893,0.2573445857296046,589.6380000000004
CCNC(=O)CC=C(C)C,-4.881,0.5924816822134495,141.21399999999997
O=C(C1CCCO1)N1CCCC2(CC1)CCN(S(=O)(=O)c1ccc(C(F)(F)F)cc1)CC2,-5.636,0.6706759920216969,474.54500000000013
Cc1cccc(NC(=O)CC(C)C2CCNCC2)c1Br,-6.974,0.8777829552043009,339.277
CCN(CC)Cc1cccc(N(C)C)n1,-5.145,0.7358119375077384,207.321
CC(C)N(c1ccccc1)c1ccc2c(c1)B1c3ccccc3Oc3cc(N(c4ccc(-c5ccccc5)cc4)c4ccc5ccccc5c4)cc(c31)O2,,0.1549351115562978,696.6590000000001
Cc1cnc(-c2nnc(-c3cccc(C#N)c3)o2)cn1,-7.279,0.7047863674827581,263.26
CC(=O)C1(C)C=CC2(OCCO2)C1(C)C,-5.194,0.620196352736264,210.27299999999994
CC(Cc1cccc(F)c1)C(=O)O,-6.047,0.7766543134234218,182.194
CCOC(CN)COCc1ccc(Cl)cc1,-5.531,0.7988130973131898,243.73400000000004
CC1CCn2cc(CCNC3CC3)nc2C1,-6.179,0.8359871295250787,219.33199999999997
COCCCNc1ccnc(NC(C)Cc2cccs2)n1,-5.994,0.697412432793665,306.435
COc1ccc(C2CC(N)CN2c2nccn2C)cc1,-6.168,0.9238374944252802,272.352
c1(=O)c2cc(N3[C@@H]4CC(C[C@H]3CC4)N)c3cc(c(c(F)c3n2)Br)[nH]c1C#C,,,
Cc1nc2cnc(Br)cc2c2cccn12,-6.481,0.5828866092092214,262.11
Cc1ccc(CC(N)c2cn(C)nn2)cc1,-6.034,0.8425715060148328,216.28800000000004
CNc1cc(SCC(C)C(C)=S)nc(C2CC2)n1,-6.199,0.4904937287365353,281.45000000000005
O=C(c1cccc(=O)[nH]1)N1CCCCC1c1nnc(C2CCNC2)s1,-7.755,0.8698622154007773,359.4550000000001
CCC1CCCN(c2c([N+](=O)[O-])c(C)nn2C)C1,-6.121,0.6111301219359601,252.31799999999998
CC(=O)c1cc(Cl)c(F)c(C(F)(F)F)c1,-6.463,0.5403159911202612,240.58299999999994
COc1ccc2c(c1)CC(CN=C(N)N(C)C)CC2,-6.697,0.6650258626170015,261.36899999999997
CCc1ccc(NC(=O)C2CCCCN2)cc1Cl,-6.687,0.8831373503761167,266.77199999999993
OC(CNC1CCCCC12CC2)C1CCCCC1,-6.598,0.8037125646275786,251.4139999999999
COc1ccc(-c2cnc(CCCO)o2)cc1OC,-6.663,0.8657963420850742,263.29299999999995
CC(=O)Nc1ccc2c3ccccc3n(C(=O)O)c2c1,-7.657,0.7110564054941658,268.272
CCCCCCC(NN)c1cc(C)c(Br)c(C)c1,-6.316,0.44044433248356635,313.283
Cc1ccc(SC(C)c2nnc(C)o2)cc1,-6.386,0.7613586966323551,234.324
O=C(COc1ccccc1)N1CCC2(CC1)CC(F)(C(=O)O)CN2CC1CC1,-6.98,0.8074399928521118,390.45500000000015
C[N+](C)(C)CCNc1ccc(COC(=O)CCC(=O)SOc2ccccc2)cc1,-5.392,0.3400464249139331,417.55100000000004
CC(O)C(CC1CNC1)NC(=O)C(NC(=O)c1ccc(=O)[nH]c1)C(O)CN(C(N)=O)C(C)C,-6.849,0.19802214623541148,466.5390000000002
CC(C)Oc1ncnc2nc(Cc3ccccc3)[nH]c12,-7.242,0.7898681870618341,268.32000000000005
CC(C)CC=CC=CPPP,-4.231,0.46752652850813675,206.14599999999996
O=c1c(C=NCc2ccco2)c(C(F)(F)F)[nH]n1Cc1ccccc1,-7.771,0.7172393217373907,349.31200000000007
COc1ccc(Nc2cc(=O)nc3cccnn23)cc1F,-6.997,0.7970306516061693,286.266
CCC(C)CC(=O)Cn1c(=O)n(-c2ccc([N+](=O)[O-])cc2)c(=O)c2ccccc21,-7.113,0.4516188681215895,395.41500000000013
C=C1CC(O)C2CCC3C4CCC(c5cncc(O)c5)C4(C)CCC3C2(C)C1,-8.107,0.636897479928534,381.56000000000023
CC(CN(C)c1ccc(C=O)cc1)Sc1ccc(F)c(F)c1,-6.513,0.5810553624622574,321.392
c1ccc(-c2ccc(-c3ccc(N(c4ccc(-c5cccc(-c6cccc7oc8ccccc8c67)c5)cc4)c4ccc5c(ccc6ccccc65)c4)cc3)cc2)cc1,-10.95,0.1513729737015158,739.9180000000002
CCOc1cc2oc(C(=O)NN=Cc3ccncc3)cc2cc1C=NNC(=O)c1cccc2ccccc12,-7.969,0.22954650459120252,505.5340000000002
CCOC1C(Br)C(Br)C1Br,-3.897,0.7045254596956603,336.849
CC(C)CCCCCC(CC(N)=O)NC(=O)c1ccc([N+](=O)[O-])cc1,-5.635,0.3624367300006042,349.43100000000004
CN(C)S(=O)(=O)c1cnc2c(N3CCC(N)C3)n[nH]c2c1,-6.123,0.8087873417632173,310.383
CC1=NCCC=C1C(=O)c1ccccc1,-6.231,0.673155249365489,199.25300000000001
CCCCOC(=O)C(C)(NC(=O)CN)C(F)(F)F,-5.588,0.5503292619524511,270.2509999999999
CCc1ccc(-c2nc(CC(=O)NC3CCN(c4cccc(C)n4)C3)cs2)cc1,-8.011,0.6718854289784312,406.55500000000006
CCCCCCN(N)C(C)=O,-4.787,0.28346660737413637,158.245
CC(C)(C)NCCCCCc1ccccn1,-5.226,0.7447711771900091,220.36
CCCCOCCCOC(=O)c1cccc2c1CCN(S(=O)(=O)CC)C2,-6.291,0.4588006084202097,383.51000000000016
CC(c1ccc(Cl)cc1)n1c(=O)oc2cc(C(=O)Nc3ccccc3)ccc21,-8.584,0.5245295006130505,392.84200000000004
CC(C)c1cc(Br)ccc1NC(=O)CNS(=O)(=O)c1cccc(C(F)(F)F)c1,-7.481,0.6406861958345937,479.3180000000001
C=CCC(CC=O)OC,-3.531,0.41006233848286183,128.17099999999996
CC(=O)c1ccc(N=Nc2cc(Cl)ccc2N2CCCC2c2ccc(C#N)cc2)cc1,-8.224,0.3191275082601258,428.92300000000023
Cc1noc(C(=O)Nc2ccccc2)c1NC(=O)COc1ccc2ccccc2c1,-6.631,0.4992719369883088,401.4220000000002
CC(C)COc1ccc(C(=O)NC(C)C2CC3CCC2C3)cc1,-6.516,0.8508259679424596,315.45700000000005
CN1CCC23CCN(CC4CC4)C4Cc5c(O)ccc(c52)C(O)C1C43OCCOCCCCc1ccccc1,,,
Cc1[nH]oc(=O)c1CC(=O)Nc1ccnn1C,-6.544,0.7951729307756253,236.23100000000002
C=C(c1cc(OC)c(OC)c(OC)c1)c1ccc2c(NC(=O)CN(C)C)n[nH]c2c1,-6.945,0.5931199584199601,410.4740000000001
CN1C(=O)N(c2c(F)cc(F)cc2F)C(C)(C)C1=O,-6.319,0.7358108562723371,272.226
CCN1CCC(c2cc(NC)cc(C(C)C)n2)C1,-6.429,0.8860573055955466,247.38599999999997
COc1ccc(OCCNC(=O)CSc2nnc(-c3cc4cccc(OC)c4o3)o2)cc1,-7.714,0.28209838274983684,455.49200000000025
COc1ccc(C=CC(=O)Nc2ccc(C(=O)c3ccccc3)cc2)cc1OC,-7.662,0.4758115921636284,387.43500000000006
C=CCC1CC(O)(c2sccc2C)C1,-5.548,0.7560827945218513,208.32599999999996
NC(=O)CN1C(=O)CCN(c2cc(C(N)=O)ccc2Cl)C1=O,-6.886,0.8126939701640148,324.724
CCC(CC)C(O)c1cc(Cl)ccc1OC,-5.689,0.8507569732366628,242.74599999999998
CCN(C(=O)COc1ccc(OC)cc1)C1CCNCC1,-6.372,0.8664188998468473,292.379
Cc1ccc(N(Cc2nc3ccccc3s2)C(=O)c2csc(CSc3ncn[nH]3)n2)cc1,-7.128,0.31867975172706814,478.62800000000016
CCNC(=NCc1cccc(COCCOCC)c1)NCc1ccc(C)cn1,-6.807,0.3537552035365345,384.52400000000006
CC(C)C(NC(=O)Cc1ccccc1)C(=O)NCc1ccc2c(c1)OCCO2,-7.191,0.7712771234391386,382.4600000000002
CC=CCOc1cccc(Br)c1CC(N)CC,-5.773,0.8130411880665076,298.22400000000005
Nc1nc(-c2c(-c3ccncc3)ccnc2F)cn1CCc1ccccc1,-7.205,0.5474963530965377,359.40800000000013
Nc1ccc(NCCOC2CCOCC2)cc1,-6.12,0.6051298389176117,236.31499999999997
Cc1nn(C)c(C)c1NC(=O)C(NS(=O)(=O)c1ccc(Cl)cc1)C(C)C,-7.87,0.7816968882913183,398.91600000000017
C=Cc1ccc(-c2nc3c(OC)c(C#N)ccc3n2CCCC(=O)OC)cc1,-6.687,0.5790734655363045,375.4280000000002
CC1CC(N)CCN1S(=O)(=O)c1ccc(Br)c(C(F)(F)F)c1,-8.025,0.8291376150371218,401.248
Cc1ccc(NC(=O)c2ccc(SCC(=O)c3c(C)c(N)n(N=Cc4ccccc4)c3C)nc2)c(C)c1,-8.613,0.17658669485957457,511.65100000000024
CCNC(CC)C1CCN(CC2(CC)CC2)C1,-5.928,0.7334939547122655,238.41899999999993
C=CCOc1cccc(N2C(=O)C(=O)C(=C(O)c3cnn(-c4ccccc4)c3)C2c2cccnc2)c1,-7.848,0.18233865824957002,478.50800000000004
COc1cccc2c(C(=O)Nc3c(C)nn(Cc4ccc(F)cc4)c3C)c(-c3cccc(Cl)c3)oc12,-8.498,0.27026726165954346,503.9610000000002
CC(C)NC(=O)OCc1ccc(-c2nonc2C=O)cc1-c1cccs1,-7.13,0.660256879237957,371.41800000000006
O=C(NC1CCCCC1)C1CCN(Cc2nc3cccc(Cl)c3s2)CC1,-7.374,0.8271388385631225,391.96800000000013
Cc1cccc(CC(NC(=O)OC(C)(C)C)C(=O)O)c1,-6.881,0.8876170052126965,279.33599999999996
COC(CO)CNCC1CN(C(C)C)CCO1,-5.524,0.6454008633825742,246.35099999999997
CC(C)NC(=O)C(C)NC(=O)C(C)OC(=O)c1ccc(OC(F)(F)F)cc1,-6.935,0.6962363923438434,390.358
CN(C)S(=O)(=O)c1ccc2nc(CNCCOCCO)[nH]c2c1,-5.69,0.5499532119947778,342.4210000000001
O=C(Cn1c(=O)c(=O)n(Cc2ccccc2)c2ccccc21)Nc1cc(Cl)ccc1Br,-7.939,0.4178455982633039,498.76400000000007
Cc1ccc(S(=O)(=O)NCCC(=O)Nc2n[nH]c(-c3ccc(I)cc3)n2)cc1,-7.7,0.42216134633121843,511.3450000000001
CCOC(=O)C(C)Oc1ccncc1C#N,-5.323,0.7145751448740734,220.228
CCC(O)C(CCOC)c1ccccc1,-5.108,0.7782536697136858,208.30100000000002
OC1(CNCCc2cc(Br)cs2)CCCCC1,-6.118,0.8163089065384164,318.2800000000002
COC(=O)c1ccc(COC(=Cc2ccc(OCc3ccc([N+](=O)[O-])cc3)c(C)c2)c2nc(-c3cccs3)n[nH]2)cc1,-7.418,0.07763247907395894,582.6380000000001
CCc1cnc(N2CCN(CCC3(O)CCCN(C(=O)c4ccc(C(F)(F)F)cc4)C3)CC2)nc1,-7.704,0.6691546174417699,491.55800000000016
Cc1cccc(C(C)NC(=O)NCCC(C)N2CCOCC2)c1,-6.679,0.8467582252393709,319.4490000000001
O=c1oc2ccccc2cc1Nc1ncc2c(F)c(OCC34CCCCC3CCNC4)c(F)cc2n1,-8.367,0.3652615000546943,492.5260000000004
CCNC(c1cc(OC)ccc1OC)c1cccnc1N,-6.224,0.8533952624948005,287.36300000000006
CC1(C)CC(=O)c2nc(S(=O)(=O)O)sc2C1,-6.071,0.7751326348424386,261.324
COc1cc2c(cc1C)c(=O)oc1c3c(O)c4cc5c(cc4c(OC)c3cc(C)c21)OCO5,-7.781,0.22393874827812635,444.43900000000025
C1=Cc2ccc3c(c2CC1)-c1ccccc1C1(O3)c2ccccc2-c2ccccc21,-9.227,0.31777012502210633,384.47800000000007
CC(C)(C)CCC(CCCCC1CC1(C)C)CC(C)(C)I,-4.546,0.20965186789190246,406.436
COc1ccccc1NCCCNC(=O)NC(C)CCc1ccccc1,-6.51,0.5679019756493326,355.4820000000001
CCOc1cc(C=Nn2c(-c3cc4cc(Br)ccc4o3)nc3ccccc3c2=O)cc(Br)c1OCC(=O)NCCOC,-6.202,0.13788852281644376,698.3679999999999
CCCCCc1cc2c(cc1F)CCc1ccc(F)c(F)c1O2,-6.007,0.6539288956489772,320.35400000000004
COc1ccc(C(C)(C)C)cc1C(=O)NC(=S)Nc1ccc(C(=O)OCC(C)C)cc1,-7.669,0.48784657339467813,442.5810000000002
NCCCN1C=CN=CC1,-4.328,0.6062447577048073,139.20199999999997
COc1nc(Nc2ccc3c(c2)CN(C)C3)nnc1-c1ccc(N2CC(N3CCC(N)CC3)CO2)cc1,-8.056,0.5227572608435842,502.6230000000004
Cn1ccnc1CN(CCCO)C(=O)NCCNC(=O)c1cccs1,-5.068,0.5726074517220838,365.45900000000006
CCCCc1cc2c3ccccc3c3ccc(C4OCCc5ccccc54)cc3c2cn1,-8.293,0.28170925112555034,417.5520000000002
COC(=O)C1=C(O)C(=O)N(Cc2ccc(O)c(OC)c2)C1=O,-7.132,0.4655525871342379,307.25800000000004
O=C(Nc1cc(N2C(=O)C(=Cc3cccs3)NC2=S)ccc1Cl)NC1CCCCC1,-7.351,0.4371339588553828,461.0120000000003
Cc1sc2ncnc(N3CCC(C(=O)N(C)C4CCC(C)CC4)CC3)c2c1C,-7.744,0.7576611141736415,400.5920000000003
Cc1ccc(-c2nc3c(cc2Cl)C(NC(=O)Nc2ccc(C(F)(F)F)cc2)CO3)cn1,-7.608,0.5637613871900454,448.83200000000016
CC(=O)Oc1ccc(C(=O)Nc2ccccc2C(=O)NNC(=O)c2ccccc2)cc1,-7.842,0.3355784275289994,417.4210000000001
COc1cccc(CNn2c(=S)[nH]c3ccccc3c2=O)c1OC,-6.453,0.69741567844877,343.40800000000013
O=C(Nc1ccccc1-c1cnn(CCc2ccccc2)c1)c1ccco1,-8.035,0.5468433825261255,357.413
COC=Cc1cccc(Cl)c1O,-5.335,0.7165374101546232,184.62199999999999
Cc1cc(C)cc(OC(C)C(=O)NNC(=O)c2ccccc2F)c1,-7.642,0.847117589279667,330.35900000000004
NC(=NO)N(c1ccc(OC(F)(F)F)cc1)C1CCC1,-7.236,0.3882332965964729,289.25700000000006
CC=C(C)CCC=C(C)C=CC(C)=CC1CC(C)CCN1C,-6.448,0.43509566788580417,301.5180000000001
O=C1NC(=O)C2(CCN(C(=O)c3ccccc3F)CC2)N1,-7.403,0.7453212639529678,291.28200000000004
C=CCN(CC(=O)O)C(=O)CCc1cccs1,-5.829,0.7535134936649889,253.32299999999998
C=CNC(=O)C1=C2CCN(C)C3C2c2ccc(F)cc4n(c(=O)n2C)C=CCC4C3OC=C1,-6.977,0.7524793539638042,450.5140000000002
CC(CCOC(=O)c1ccccc1I)Nc1ccccc1S(=O)(=O)N(C)C,-6.068,0.4414029110823355,502.3740000000002
O=C(O)C1C(C(=O)O)C1c1ccc(Br)cc1[N+](=O)[O-],-6.223,0.6424942836027301,330.0900000000001
CCC(=O)NC1=NC(C)(C)C(C(=O)N2CCOCC2)C(c2ccc(N)cc2)S1,-6.467,0.752966774955421,404.53600000000006
CC(C)CNCc1cncc(-c2ccc(C(=O)Nc3ccccn3)cc2)n1,-7.614,0.6728001332496193,361.449
CCCCCCCC(C(=O)O)c1cc(C)n(Cc2cccc(C)n2)n1,-6.567,0.6462102707286365,343.47100000000006
CCN(CCC(C)(C)C(=O)O)C(=O)OC(C)(C)C,-4.54,0.8240053945421527,259.346
COc1ccc(C(=O)Nc2ccc(C(C)CC(=O)OC(C)(C)C)cc2OC)cc1,-6.57,0.6776966813562213,399.4870000000002
CC(c1ccccc1NC(=O)CNC(=O)C(C)(C)C)N1CCc2ccccc21,-6.502,0.8279267179018154,379.50400000000013
COc1ccc(-c2ccc3cc(-c4ccnc5c4[nH]c(=O)n5-c4ccc(N(C)C)cc4)ccc3c2)cc1,-7.869,0.3117164338535118,486.5750000000002
NC(N)=NC(=O)c1ccc2nc(-c3ccco3)n(-c3ccccc3)c2c1,-7.763,0.43775218810200045,345.362
C=Cc1c2c(nn1CC)CC1CCC3C4CCC(C(C)CCC5C(CO)C5(C)C)C4(C)CCC1(C3C)C2C12CCC(C(C)OC(C)=O)CC1O2,-5.268,0.19598118484406127,689.0380000000001
CC1CCN(C(=O)c2cc(Nc3cccc(F)c3)ncn2)CC1,-7.705,0.9447309559676136,314.3640000000001
CCNC(c1cscc1C)C1CCC(=O)N1c1cc(F)c(F)cc1F,-6.669,0.7974517091403485,368.424
Nc1nc(-c2cccc(CC=CN3CCC(Nc4cc(F)c(F)cc4F)C3)c2)c2sccc2n1,-8.903,0.3510749421735354,481.54700000000014
CC(O)c1ccc(Cl)cc1NCc1ccccc1[N+](=O)[O-],-6.794,0.6483531824919775,306.7490000000001
CNC1C(=O)NC(=O)OC1C,-4.993,0.525493431844034,158.15699999999998
CCN1CCCC2(NCC(=O)O)CNC(=O)C(=O)C3=C(CC2C1)OCCN3,-3.798,0.4611091204549272,380.4450000000002
CNC1(CO)CCCN(C(C)C)C1,-5.122,0.6712077302493751,186.29899999999998
COc1ccccc1Oc1c(C(N)=O)cnc(N(I)C=O)c1N,-5.85,0.4119269762839578,428.18600000000004
CCN(CC)c1c(C#N)c(C)nc2cc(NC3CCCOC3)ccc12,-6.104,0.8970091952502022,338.45500000000015
CNc1cnc(-c2ccnc(C(=O)Nc3ccnc(C4CN(C)C(=O)CO4)c3)c2)cn1,-8.292,0.6414581018623873,419.44500000000016
CN(C)c1ccc(-c2nc3cccnc3n2C2CCCNC2)cc1,-7.281,0.8050969056138584,321.42800000000005
C=CCOc1ccccc1-n1nc(-n2ncc(C=C)c2C)cc1C=C,-6.867,0.6086458533420271,332.4070000000001
C1CC2c3c(cccc3)CCC2C2NSN=N12,,,
CC(N)c1cccc(-c2ccn(C(C)C)n2)c1Br,-6.259,0.9338931586753734,308.22299999999996
O=C(Nc1ccc2c(c1)c1ccccc1n2-c1ccc2c(c1)oc1ccccc12)c1ccc2c(c1)c1ccccc1n2-c1ccc2ccccc2c1,-11.3,0.20305376994510013,667.7680000000001
CC(=CCl)CNCCC1C2CCCC21,-5.607,0.692337873343735,213.75199999999998
CC1(C)C2CC3CN(C(=O)C4CCCC5(CCCNC5=O)C4)C(C2)C31,-7.523,0.79492733273347,344.499
CC1CCCC=C2N(CCc3ccccc3)c3ncnn3C21C,-5.565,0.8655257070332979,308.4290000000001
CCOc1cccc2sc(N(CCCN(C)C)C(=O)c3cccc4ccccc34)nc12,-7.287,0.3708202696786028,433.5770000000001
CCN(Cc1ccc(Cl)c(C(=O)OC)c1)C(=O)c1ccc(Cl)cc1,-6.478,0.735224066165159,366.244
COC(=O)C1=CCN(Cc2cccc3ccccc23)CC1,-6.647,0.8094664451908182,281.35500000000013
Cc1ccc(CS(=O)(=O)NCC(=O)NCc2ccco2)cc1,-6.796,0.8045909575124864,322.386
CC(=O)Nc1ccc(CNC(=O)c2ccc3nncn3c2)cc1OC(F)F,-8.235,0.6885335321424518,375.33500000000004
COC(c1cccc(C#CC#CC#Cc2ccccc2)c1)C1CO1,-5.93,0.641244124757662,312.36800000000005
CCn1nnc2cc(C(=O)N3CCN(Cc4nc5ccccc5s4)CC3)ccc21,-8.078,0.521181360526058,406.5150000000001
COC(=O)C1(C2CC2)NCCCC1(C)C,-5.064,0.7067257878618043,211.30499999999995
COc1ccc(Sc2nc3c(N)ncnc3n2C(C)(C)C(=O)NC(=O)c2ccccc2)c(F)c1,-7.904,0.43021068392133655,480.5250000000002
O=[N+]([O-])c1cc(Cl)ccc1S(=O)(=O)N(CCCc1ccccc1)Cc1ccccc1,-6.208,0.3404957389348609,444.9400000000002
CCN(CC(=O)NC(C)(C)C)C(=O)NCc1cccc(OCC(C)C)c1,-6.135,0.7451799953756164,363.5020000000001
COCC(=O)N1CCC(C(=O)N(c2n[nH]c3ccc(Cl)cc23)C2CCCCC2O)CC1,-7.087,0.7323124793316806,448.95100000000036
CCOC(=O)C1CCC(CC2CC3CCCC(S2)C3CC)CC1,-6.529,0.6238000343598223,338.5570000000001
c1ccc2c(c1)-c1cc(-c3ccc(-c4ccc5c(c4)-c4cccc6c(-c7cc8ccccc8o7)ccc-5c46)cc3)ccc1C21CCCC1,-10.67,0.19344030782341246,612.7719999999999
CCC(CO)NC(=O)Nc1nc(CC(=O)OC)cs1,-5.927,0.6703273297024034,287.34099999999995
C=CCOc1ccccc1C=C1C(=O)Nc2ccc([N+](=O)[O-])cc21,-7.006,0.3941251845305746,322.32000000000005
C=C(Cl)C(O)CCCCCCC(=O)O,-5.179,0.6183766087281184,220.69599999999994
FC(F)(F)c1cc(Cl)c(Cc2ccnn2-c2ccncc2)cc1-n1cc(-c2ccc(Cl)nc2)nn1,-8.399,0.2752190327245454,516.3140000000001
O=C(O)CCN1C(=O)C(=Cc2cn(-c3cccc(F)c3)nc2-c2ccco2)SC1=S,-7.185,0.4558607643674801,443.48100000000017
CNC(=O)c1cn(Cc2cc([N+](=O)[O-])c(C)s2)nn1,-6.651,0.6638847985096569,281.29699999999997
O=c1cccc2n1CC1CCC2N(c2cccc([N+](=O)[O-])c2F)C1,-6.429,0.6274474984353301,329.3310000000001
Fc1cccc(F)c1-c1n[nH]nc1Cc1cccc(OC(F)F)c1,-7.365,0.7175836032537743,337.276
c12n3-c4sc5c(cccc5)c4C4(C3N(c2c(c2c1cccc2)C)Cc1ccccc1)C=CC=C4,,,
COc1ccc(CN(C)C(=O)C=Cc2ccccc2)c(OC)c1,-6.125,0.7677810979621884,311.3810000000001
Cc1cc(C(=O)N(C#N)C2CCCCC2)c2ccccc2n1,-7.437,0.6248219419691516,293.37
CC(CC(N)c1ccc(O)c(F)c1)C(=O)O,-6.136,0.729720220703428,227.23499999999999
COC(=O)c1cc(OC)c2c(c1)C(NCc1ccccc1)CC1(CCN(Cc3ccc(F)cc3)CC1)O2,-7.534,0.44268360243311716,504.6020000000004
CC(C)CC(N)C(=O)CNCC1CN1,-4.547,0.48265173776498677,199.298
CC(C)CCN1C(=O)C2C(N)C2C12CCCC2,-5.883,0.8113526720930918,236.35899999999995
O=C(CCCSc1ccc(Cl)cc1)Nc1ccc(C(F)(F)F)cc1,-6.605,0.5064685466522223,373.82700000000006
CCC(C)c1ccc(SCC(=O)Nc2nc(C)c(C(=O)OC)s2)c(C)c1,-6.701,0.5418351413629449,392.5460000000001
CN(C)C(=O)CCCC(O)c1ccccc1,-5.518,0.8255564449577865,221.3
c1ccc2[nH]c(N3CC4CNCC4C3)nc2c1,-6.782,0.7710226409852239,228.29899999999998
C=C1C(OC(C)=O)CC2(O)C1CCC1C2CCC2CC(OC3CC(OC(C)=O)C(COC(c4ccccc4)(c4ccc(OC)cc4)c4ccc(OC)cc4)O3)CCC21C,-6.775,0.10879346455828533,809.009
O=C1CCCCCC1C1=COCC1,-3.482,0.5792224363290545,180.24699999999999
COCCNCc1cnc(-c2ccc(OCc3ccc(Cl)s3)cc2)s1,-5.881,0.5271702875941582,394.94900000000007
O=C(NCC=CCc1ccccc1)c1ccccn1,-6.903,0.8310613405175169,252.31700000000004
CCn1nc(-c2nc(C)c(C(=O)O)s2)cc1C,-6.326,0.9087214676027228,251.31099999999998
CCN1CCN(c2ncnc3nc(CN)n(C)c23)CC1,-6.37,0.8471327316800632,275.36000000000007
O=C(C1CC1)C1CN(Cc2cnc(C(F)(F)F)nc2)C(c2ccc(Cl)cc2)N(c2ccc3ccccc3c2)C1,-7.963,0.26076381394648307,551.0120000000001
CCOC(=O)CNC(=O)c1cc(Cl)ccc1Br,-6.284,0.8667810860377254,320.57
CNC(=O)c1c(C(=O)OC)[nH]c(C)c1C,-5.793,0.7083648558435319,210.23299999999998
CCCCCCCCCCCCCCCC(=O)C1CCC(=O)OC12C=CCCC2,-4.944,0.1614394885436941,404.6350000000002
CCC(C)Nc1cc(Nc2cnccc2C)n2ncc(C(C)=O)c2n1,-7.017,0.6682835871445605,338.41500000000013
CC(Nc1ccc(I)cc1F)C1CCC(=O)N1C,-6.106,0.8392224062670212,362.18600000000015
CCON=C1CC(N(Cc2ccccc2F)C(=O)C2CCCC2)Cc2cc(CC(C)(C)C)oc21,-6.778,0.4493706502762767,468.61300000000045
[O-][P+](Cl)(Cc1ccccc1)Oc1ccc(Cl)cc1,-6.759,0.7894418317495369,301.10900000000004
O=C(COC(=O)c1cnccn1)Nc1ccc([N+](=O)[O-])cc1,-6.497,0.4991315255748652,302.2460000000001
C=C(C(=O)OCc1ccccc1)C1(C)C2C=C3CC4OC2CC3C23CCN(C)C(=O)C2C(C41)O3,,,
Cc1cc(C)c(S(=O)(=O)Nc2cccc(COCC3CCCCO3)c2)s1,-6.312,0.7610602871596518,395.5460000000002
CC(C#N)CN1C(=O)N2CCC3CNC(c4sc(C(F)(F)F)cc42)N3C1=O,-6.767,0.8293376305278916,399.3980000000001
NC(=O)CCC(NC(=O)c1ccccc1)C(=O)N1CCN(Cc2ccc3c(c2)OCO3)CC1,-7.698,0.6205990446199747,452.5110000000004
CC1CN(C(=O)NCCOc2ccc(Cl)cc2Cl)CCN1,-6.549,0.8326617944849566,332.2310000000001
Cc1ccc(S(=O)(=O)N2CCCCC2C(=O)NC2CCCCCC2)s1,-5.028,0.8088354247728261,384.56700000000023
COCn1nc(C(C)C)c2c(=O)n(C(C)c3c(F)cccc3Cl)cnc21,-6.553,0.6784145606387786,378.83500000000004
CCC1CCC(Cn2ncnc2C)C1,-6.021,0.7377228669801367,193.294
Cc1ocnc1C(=O)N1c2ccccc2CCC1CN(C)C,-6.997,0.8735485463365524,299.374
C=C(C)CCOCC1(CC(=O)OCC)COC1,-5.166,0.37051922805527066,242.31499999999994
C#CCC(NS(=O)(=O)O)C(O)(CC)CC,-5.021,0.45694298415659157,235.30499999999995
Cc1ccc(Nc2cc(-c3ccc(F)cc3)nc(-c3c(C)nn(C)c3C)n2)cc1C,-7.908,0.47930860000614306,401.4890000000002
CCC1(c2ccc(Br)cc2)NC(=O)C2(CCC2)N(C(=O)O)C1=O,-6.762,0.8247570337126071,381.2260000000002
CCCNc1cc(C)nc(N2CC(C)SC(C)C2)c1,-6.794,0.9122124369233067,279.45300000000003
CCOC(=O)CCNCc1nc(C)cs1,-5.148,0.5918592808618938,228.317
NNc1ccnc2c(Cl)cc(Br)cc12,-6.162,0.6197615438773644,272.533
CC(N)Cc1ccc(C#N)nc1,-5.183,0.6987630670578693,161.20799999999997
CC(C)CC(N)C(=O)NCC(=O)NC(CCCCNC(=O)O)C(=O)O,-6.579,0.25419580434203376,360.411
CCOc1ccc(Cl)cc1CNCc1ccccc1F,-6.819,0.8630066522340991,293.769
C1=Cc2cc3c(c4c2c2ccccc2n4-c2ccc4c([nH]c5ccccc54)c21)OCO3,,,
CCC(C)C(NC(=O)c1cc(-c2ccccn2)[nH]n1)C(=O)O,-6.933,0.7523773725547058,302.33400000000006
COC1(C)C(=O)N(Cc2ccco2)c2c(C(=O)O)ccc(C(C)C)c21,-5.906,0.8984553747929275,343.3790000000001
Cc1cc(S(=O)(=O)NCc2cccc(CNC(=O)c3ccc(O)cc3)c2)cc(C(=O)NO)c1C,-7.805,0.24594767748787155,483.5460000000002
Cc1cc(C(C)(F)F)cc(F)c1OC(F)(F)F,-5.882,0.7240616649589942,258.161
c1ccc(CN2CCC3C2CCN3CCc2c[nH]c3ccccc23)cc1,-7.463,0.7532706864527164,345.49
O=C(O)CSc1nccn1-c1cccc2cccnc12,-5.943,0.7462027547707127,285.3280000000001
c1c(c(C)cc2ccc3c4c(-c5c(ccc(c5)C)S3(=O)=O)cc(S(=O)(O)=O)c-1o2)c(=O)c1c4cc(c(c1)Nc1ccc(cc1)C)S(O)(=O)=O,,,
S=c1sc(N=Nc2cccc3ccccc23)nn1-c1ccccc1Cl,-7.96,0.2858421318475366,382.90100000000007
CCCCC(NC)C(O)c1ccc(OC)cc1,-5.396,0.7653391205470506,237.343
C=CCN(C)C(=O)CCc1nc(-c2ccc(Cl)c(Cl)c2)no1,-6.944,0.7538371427508532,340.2100000000001
CC(C)CC(NC(=O)OC(C)(C)C)C(=O)NC(C(=O)NCc1cnc[nH]1)C(C)O,-6.15,0.40685389150134427,411.5030000000001
C#CCC(O)C1c2ccc(C(=O)NC3CC3)cc2C2(C)C(O)C12,-6.829,0.7344127096600819,311.381
Cc1cc(C)c(O)c(S(=O)(=O)N2CCC3(CC2)CC(=O)C(C)(C)O3)c1,-7.401,0.8670331311448216,367.4670000000001
CCN(CC)C(=O)CN1CC(N2CCNCC2)C1,-5.449,0.7140501121024492,254.37799999999993
Cc1c(CC#N)c(=O)c2c3ccc(OCCI)nc3n3c2n1C=C(c1cccc(OCC2=CC(C)(C)C(C)(C)O2)c1)CC3C,-7.055,0.1387066866218222,704.6089999999998
COC(=O)c1ccc(N2CCC(Cl)CC2)cn1,-5.819,0.5986638475086912,254.71699999999996
O=C(O)c1cc(NC(=O)c2cc(F)ccc2Cl)ccc1O,-7.177,0.7601920781450361,309.68
CCCCOCCCn1cnc2c(c1=O)n(C)c(=O)n2CCC(=O)O,-5.826,0.6266434193318704,352.39100000000013
CCCCCCCCOC(CN(CC(=O)OCCCCCCC)CC(O)CCCCCC)OCC(CCCO)COCCCCCC,,,
COc1ccc2c(=O)c(C(CC(=O)c3cc(OC)c(OC)c(OC)c3)c3c[nH]c4ccccc34)nnc(-c3ccccc3)c2c1,-8.222,0.1753813606141904,601.6590000000002
C=C(Nc1ccc(F)c(Cl)c1)C(C)(C)C,-5.859,0.787216662276143,227.70999999999998
CCN(c1ccccc1)c1nc(CN(C)Cc2nccn2Cc2ccccc2)cs1,-7.237,0.3761000538158372,417.58200000000005
COc1ccc(CCC(CC(CC(=O)OC(C)(C)C)C(=O)NC2CC2)NC(=O)OCc2ccccc2)cc1,-6.086,0.35998713820223793,524.6580000000002
Cn1c(-c2cnc3[nH]ncc3c2Cl)cc2cc(Oc3ncnc(N)c3C#N)cnc21,-7.533,0.45486010884430694,417.82000000000016
CCC1(NC(=O)c2c(N)noc2C)CCC1,-6.179,0.8155631527048598,223.27599999999993
CC(=O)NC(CO)C(=O)OCC1OC(CO)C(OC2OC(COC3CC(O)(CO)CCC3O)C(O)C(O)C2O)C(O)C1O,-6.303,0.08941182538393389,629.6090000000006
CC(C)POc1c2ccccc2cc2c1ccc1ccccc12,-7.225,0.23702753884652844,318.35600000000005
O=S1(=O)CC2NCSC2C1,-4.264,0.5415979657620227,179.266
CC1CCC(C(=O)c2ccc3sc(=O)n(C)c3c2)CC1,-6.848,0.7922346018823896,289.40000000000003
CCCOc1ccc(C=C(C#N)C(=O)NCCN2CCOCC2)cc1OCC,-6.795,0.4895954896407435,387.48000000000025
Oc1ccc(Br)cc1-c1ccc2c(c1)CCC2,-6.853,0.8290222497368012,289.17200000000014
C=C1CCC(=O)C1=O,-4.791,0.3353743316152603,110.11199999999998
CC(CNC(=O)CSCc1ccc(Br)cc1)C(=O)O,-6.664,0.796268602873431,346.24600000000004
COc1ccc(CNC(C)CCCC(C)C)cc1Br,-5.965,0.7426100565668174,328.294
CCCC(=O)OCCCCCCCCCCCCC(F)CC,-4.593,0.24418148531058845,316.5009999999999
CCCCOc1cc(COC)n(C(=O)c2c(C)noc2C)c1-c1ccsc1,-5.93,0.5168999536315082,388.4890000000001
CCCC(N)C(O)c1ccc(F)c(Br)c1,-5.84,0.8878155053143868,276.149
CC(C)c1ccc(C2=CCN(CCC(c3ccccc3F)C(Cc3ccc(Cl)c(Cl)c3)C(=O)O)CC2)cc1,-8.1,0.27339340984234045,554.533
c12c(cc(Cl)sc2ncnc1Nc1ccc(OC(F)(F)F)c(Cl)c1)C,,,
C[n+]1cccc2c3ccccc3cnc21,-5.962,0.3967534077617541,195.245
NC(Cc1ccc(F)cc1)CC1CCCCO1,-6.845,0.8734070750567011,237.31799999999993
O=S(=O)(NCC1CCC(O)CC1)c1ccc(Cl)cc1Cl,-6.318,0.8871668247972657,338.256
CC1=NCC2(CCCOC2)Sc2ccc(C(=O)Nc3ccc(O)c(F)c3F)cc21,-6.277,0.7101177189809177,418.4650000000001
CCC1CCCCN1c1ccc(Cl)c(C)n1,-6.143,0.7790291557382085,238.76200000000003
CC(C)CC(CC(=O)OCc1ccccc1)C(=O)Nc1ccc(CC2CC(=O)N(C)c3ccccc32)cc1,-7.29,0.3324935651459452,512.6500000000003
COc1ccc(-c2cc3c(NC4OC4C(N)O)nc(F)cn3n2)cc1,-6.556,0.4664720499471581,345.33400000000006
CC1CCC(O)(CN2CC3CC2CN(C)C3)CC1,-6.149,0.8078506561871316,252.40199999999996
O=C(CCC1CCCC1)Nc1cccc(O)c1,-6.391,0.8378771575671409,233.31100000000004
Cc1ccsc1CNc1c2cc(Cl)ccc2nc2cccc(Cl)c12,-6.248,0.40543384354623907,373.30800000000005
CC(O)C=CC1CCCCC1,-5.197,0.6058059444592339,154.253
NC(=O)c1cn(-c2ccc(NC(=O)C3CC(O)C3)cc2)nn1,-6.735,0.7373707820658884,301.306
Cc1cc(I)c2nnn(Cc3ccc(C#CCCl)cc3)c(=O)c2c1,-7.343,0.3424856558139288,449.6790000000002
C1[C@H]2C[C@H](N1c1c(cc3c(c(cn4c3N(C)CCC34CC3)Cl)c1=O)NS(C)(=O)=O)CC2,,,
O=C(O)c1cc(-c2ccc([N+](=O)[O-])o2)c(F)cc1F,-7.733,0.6825269349790565,269.15899999999993
CN(CCNC1=C(C#N)C(C)(C)C(=CO)C(=O)N1)CC(C)(C)C,-5.57,0.5316249876673529,320.4370000000001
CC(C)(C)c1ccc(C(Cl)=CC(=O)CCCOc2ccc(Cl)cc2)cc1,-6.694,0.39037441389888616,391.33799999999997
Cn1ccc2ccc(Nc3ccc(C(F)(F)F)cn3)cc21,-6.951,0.7610332486474047,291.276
CCCCNC(=O)C(C)N(Cc1ccccc1Cl)C(=O)CN(c1cccc(Cl)c1C)S(C)(=O)=O,-6.228,0.43833716983626114,528.5020000000002
O=C(NCCC(=O)N1CCN(c2ccccc2)CC1)c1ccco1,-7.346,0.9084868509480047,327.3840000000001
Cc1oc(C(=O)N2CC(C)CCC2C)cc1C(=O)O,-6.814,0.8916380203918027,265.30899999999997
COc1cccc(-c2ccc(-c3cc(F)cn(CC(=O)N4CC5CCC4C5C(=O)NC4CCOCC4)c3=O)cc2C)c1,-8.881,0.4584826384816348,573.6650000000003
O=C(NCCN1CCN(c2cc(Cl)cc(Cl)c2)CC1)C(=O)c1ccccc1,-7.594,0.5918879408226884,406.3130000000002
CCS(=O)(=O)NC(C)C(=O)OCC1OC(n2cc(C)c(=O)[nH]c2=O)C(O)C1O,-6.779,0.34198643751559843,421.4280000000001
Cc1ccc(S(=O)(=O)N(CC(=O)NN=Cc2ccc(C)c(Br)c2)c2ccccc2)cc1,-6.762,0.38572636940054117,500.4180000000001
O=C1C=Cc2cccc3cccc1c23,-5.957,0.6085776212523802,180.206
CCCC1CCC(=O)C(CCSCC)C1,-5.205,0.6410507270761949,228.40099999999995
CCCC1OC(C(C)OC(C)=O)C2(CCCCO2)O1,-5.491,0.7353998492512136,272.34099999999995
C=C(CSc1ccccc1)Sc1ccc2c(OS(=O)(=O)c3ccccc3)c3ccccc3cc2c1,-6.739,0.11870327085267056,514.6930000000002
CCN(CC)CCNC(=O)c1cccc(Nc2ncc(C(F)(F)F)c(NN)n2)c1,-6.713,0.37102815321634286,411.4320000000001
CCCCCCCCCCCCCCc1cccc2c1CN(C(=O)CC)CC2(O)CCN(C)C(=O)c1ccc2ccccc2n1,-5.936,0.14589231852749787,613.8870000000004
CC=C(C)C1OC2OCC(O2)C1C,-5.791,0.580262216401234,184.23499999999999
C=C(C)CCCCNCC,-4.347,0.4420161260346338,141.258
CCCNC(=O)C(c1ccc(F)cc1)N(CC)C(=O)Cc1cccc(Cl)c1,-6.978,0.7360629422966155,390.8860000000001
COc1cc(CN)ccc1S(=O)(=O)NC1CC(C)C1,-5.895,0.8518405015286347,284.3810000000001
C=C1C(=O)C=CC2(C)C3CCC4(C)C(=O)C(C)(C(=O)O)CC4C3CCC12C,-7.131,0.554562944602104,370.48900000000015
CCC1(CC)CN(CC(O)CF)CCCN1,-3.494,0.7467412602189176,232.34299999999996
CS(=O)(=O)NCCCNS(=O)(=O)c1cccc(N)c1,-5.715,0.46280013069093123,307.39700000000005
CC(=O)OC(C#CC(=O)OCc1ccccc1)COC(=O)c1ccccc1,-6.958,0.33830785842710176,366.3690000000001
CCCc1[nH]ncc1CN1CCCC1c1nc2ccccc2[nH]1,-7.472,0.7571128574066763,309.417
O=Cc1nc2ccccc2nc1NCc1ccccc1F,-7.43,0.7461133781223319,281.28999999999996
CCC(N)Cc1c(F)cccc1Cl,-5.009,0.7998660589988986,201.672
CCCN(CC)CC(CN)CCSC,-3.812,0.642083460486063,218.40999999999994
Cc1cccc(NCc2nnc(SC(C)C(=O)NC(N)=O)n2-c2ccccc2)c1,-7.003,0.516078511887035,410.5030000000001
Cc1ccc(C2COCC2O)cc1,-5.843,0.7052835143878502,178.23100000000002
CCN(CC)c1ccc2c(c1)C(C)(C)c1ccc(OCCCCN3C(=O)C=CC3=O)cc1-2,-6.233,0.4167404047611693,432.56400000000025
COc1ccc(C(C)N(Cc2cccs2)C(=O)COc2cccc3ccccc23)cc1OC,-6.932,0.3027405560449075,461.58300000000025
c1(Cl)ccc2oc(-c3cc4n(c5ccn(c(=O)c5cc4n(c3=O)-c3ccccc3C(F)(F)F)-c3ccc(Cl)cc3)=O)c(Cl)c(C)c2c1,,,
Cc1ccc(C(=O)c2ccc3oc4cc(Br)ccc4c3c2)cc1,-8.396,0.4149043467906803,365.22600000000006
CCc1noc(C2CCCN2c2ccc3nnc(-c4ccc(C)cc4)n3n2)n1,-8.016,0.5403246531097441,375.43600000000004
CCC1CNCCN1C(=O)C1(NC(=O)c2cc(F)cc(F)c2)CCN(C(=O)C(CCc2ccccc2)NC(C)=O)CC1,-7.745,0.4201659362297935,583.6800000000001
CC(C)C(O)CC(O)CCN=Cc1ccc([N+](=O)[O-])cc1,-5.949,0.4360809719760911,294.351
CC(C)c1cc(Oc2ccc(C3CCN3)c(Br)c2)nc(=O)n1C,-6.848,0.8851104690320218,378.27000000000004
CC(=O)CCC(C)(C)C(=O)O,-5.064,0.6735508944394566,158.197
CNC(=O)C(C)Oc1cccc(C=O)c1,-5.856,0.749579508454244,207.22899999999998
C=CC1CCC(C(C)C(=O)O)OC1CC=C(C)C=CC1C(C)CC(C)C2C(C)C(OC(C)=O)CCC12O,-7.456,0.23522443574521745,516.7190000000004
O=C(NCc1ccc(F)cc1F)C(=O)c1c[nH]c2ccccc12,-7.972,0.5743551946583918,314.291
COc1ccccc1SCc1nn(-c2cccc(Cl)c2)c(C2CC2)c1C,-7.337,0.4865474980026864,384.9320000000002
CC(c1nc2ccc(CC(=O)c3ccccc3C(F)(F)F)cc2s1)(c1nc2cc(Br)cc(Cl)c2n1CC1CC1)S(C)(=O)=O,-7.553,0.15171278107652134,711.0249999999997
CCOC(=O)CCCNC(=O)Cc1ccc(OC)c(C)c1,-6.289,0.5879858292077421,293.363
CN(Cc1ccccc1Cl)c1ncncc1C(=O)O,-5.832,0.929801332974235,277.71099999999996
O=c1c(=O)n(CC2(F)CC2)ccn1Cc1ccc(Cl)nc1,-7.123,0.6366784668710731,309.728
CCC1C=C(Oc2ccc(OC(=O)C=Cc3cc(OC)ccc3OC)cc2)C(=Cc2ccc(OCCOc3ccc(C=C4C(=O)N(CC)C(C)=C4C)cc3)cc2)CC1,,,
CCC(CC)N1CC(CCCCl)OC(C)(C)C1,-5.411,0.6767140448960564,261.837
CCc1cccc(C(=O)O)c1S(=O)(=O)N(C)C,-5.482,0.8790282971478522,257.311
COc1ccc(COc2ccc(C=Nc3ccc(O)c(C=Nc4ccccc4)c3)cc2)cc1,-8.49,0.3215475248616076,436.51100000000014
COc1ccc(C2CCCCCC3=C(N)NC(=O)C(=C2C)C3)cc1OCc1ccc(Cl)cc1,-5.749,0.5678433857134328,467.00900000000024
Cn1cc(C2CCCN2C(=O)N2CCCCCC2)cn1,-5.157,0.7907276620925303,276.3839999999999
CCOC(=O)C(=CN(c1ccccc1)P(OCC)N(C(C)C)C(C)C)C(=O)OC(=O)Cc1ccccc1,-5.698,0.1086708716047453,528.5860000000004
CCCc1nn(CC)cc1OC(=O)NC(C)(CC)CCO,-6.148,0.7726631258069823,297.39900000000006
c1cccc(/C(C)=N\Nc2nc(SCC(=O)Nc3scc(n3)C)nc3c2=NNC3C(Nc2ccccc2)Nc2cc(ccc2)C(F)(F)F)c1,,,
COc1ccc2c(c1)CCC1CCCCC21c1ccc(C(C)NC(=O)C2(SC)CC2)cn1,-7.224,0.6236553439688362,450.64800000000014
CCc1nn(CC)c(CC2(CN)CCCCC2)c1Cl,-5.502,0.8976776207582557,283.84699999999987
CN1CCN(CCCc2cc(N3CCc4ccccc4C3)nc(-c3ccc(OCCCC(=O)NN4CCN(Cc5ccccc5)C4=O)cc3)n2)CC1,-9.374,0.18337479856062103,702.9040000000001
Cc1ccc(Br)cc1NC(C)c1cc(F)ccc1C,-6.878,0.7999919517067344,322.2210000000001
COc1ccc2nc(N3CCN(CC#Cc4cc(Cl)ccc4C)C(C)C3)ccc2c1,-8.565,0.5717034889977621,419.95600000000013
CCOC(=O)c1cc(F)c(F)cc1N(C(=O)OC(C)(C)C)C(C)CC(C)(C)C,-6.2,0.5954245957636388,399.4780000000002
O=C(O)CC(NS(=O)(=O)CCCc1ccccc1)C(=O)O,-5.549,0.6087882471964164,315.34700000000004
Cc1nn(C)c(C)c1-c1nc(CC(=O)Nc2ccc(OC(F)F)c(Br)c2)cc(=O)[nH]1,-8.218,0.5615618861713306,482.285
N#Cc1c(Cl)nc(Nc2ccc3c(c2)OCO3)c(C#N)c1CCCl,-6.642,0.6591229081673936,361.1880000000001
C=CCC1=C(C#N)C(C)(C)c2c(ccc(Cl)c2Cl)C1Br,-6.146,0.4541666314027796,371.105
CCC1C2CC(CC2c2cccc(CNC(=O)C3CCCC(CO)N3)c2)N1c1ccc(C#N)cn1,-7.894,0.5708095297598249,473.62100000000027
CCC1OC(C)C(OC(C)=O)C1OC(C)C,-4.94,0.6919742965212852,230.30399999999997
CC(C)(N)Cc1ccc(C(N)=O)cc1,-5.234,0.7515866874382294,192.26199999999997
CCCCCCC12CC(C)C3C4CC5CC(O)CCC5(OC(C)=O)CC4=CCC3C1CCC2C(C)C=CC(C=O)C(C)C,-6.62,0.11213422494626528,594.9210000000004
C=Cc1cnc2[nH]nc(-c3ccc(N4CN(c5ccc(N6CCC(O)C6)cc5)CC45CNC5=O)cc3CC)c2c1,-8.653,0.3248072207642231,535.6520000000004
CC(C)(CN)NS(=O)(=O)N1CCC1,-5.097,0.6375474455553397,207.29899999999995
CCNCc1cccc(NC(=O)C(=O)N(C)C)c1,-6.303,0.7767243566026478,249.31399999999996
COc1ccc(CC2CS(=O)(=O)c3cc(OC)ccc32)c(OC)c1,-6.669,0.8313972274202055,348.4200000000001
CC(C)CCc1nc(-c2ccsc2)oc1C(=O)O,-6.097,0.8950809857491938,265.334
CCCN(CC(F)(F)F)c1nc(C(F)(F)F)ccc1C(N)=S,-6.329,0.655033245267708,345.312
COc1ccc(C=Cc2nc3cc(C(C)C)ccc3c(=O)o2)c(OC)c1,-7.175,0.6771951471202364,351.4020000000001
COc1ccc(CN(C)C(=O)c2cccn2-c2ccc(Br)cc2)cn1,-6.822,0.6525585646301962,400.27600000000007
CSc1cccc(-c2nnc(SCC(=O)N3CCCCCC3)o2)c1,-4.97,0.7497284760118068,363.5080000000002
Cc1ccc(Cc2ccn(CCNC(=O)CC3CCCC3)c(=O)n2)cc1,-6.897,0.8323903897182467,353.4660000000001
CCCCCCn1cc(C(=O)NCc2ncn[nH]2)nn1,-6.315,0.6981674279954357,277.332
O=S(=O)(Nc1ccccc1CO)c1ccccc1Br,-6.796,0.8979284962526131,342.214
CC(C)=CCCC1(C2=CCCCC2)OC2=C1OCCC2,-6.792,0.6697578511820537,274.404
CCCCCCCC(=O)NC1C(COC(=O)N2CCC(C(=O)NC(C=O)CCC(N)=O)CC2)OC(NC(=O)C(F)(F)F)C(O)C1O,-7.319,0.09349460005320288,667.6790000000007
O=CC(=O)NOc1cccc(Cl)n1,-5.908,0.3308013720589849,200.581
CC(C)(C)c1cccnc1C(=O)c1ccoc1,-5.847,0.7425315867018487,229.27899999999997
CN1CCN(c2cc(-c3ccnc4c3CCC(C(F)(F)F)N4)nc(OC3CCN(c4ccc(C#N)cn4)C3)n2)CC1,-8.313,0.49415515244599156,565.6039999999999
COC(=O)c1cccc(NC(=O)C(C)OC(=O)c2c(C)oc3ccccc23)c1,-7.733,0.6771592589837069,381.38400000000007
CC(CO)(CO)Nc1cc(C(=O)O)ccc1Cl,-5.846,0.6378812705531222,259.689
CC(C)(C)OC(=O)NC1CCN(c2ncc[nH]2)C1,-5.867,0.836768325917843,252.31799999999998
CCC1CSCCN1S(=O)(=O)C1CCNCC1,-5.669,0.83303540839384,278.44300000000004
CCOCc1nc2c(-c3ccc(-c4ccc(C(=O)O)cc4)cc3)c(F)ncc2n1Cc1ccc(Br)cc1C,-7.363,0.19758031613311353,574.4500000000002
CCNCc1ccnc(N(CCOC)C2CC2)c1,-5.677,0.7621839975225293,249.35799999999992
COC1C2CCCCC2CC(OC(=O)NCCO)C1OCCCCCCCCC1OC(C)C(O)C1(CO)N(C)CCOCCCOC1OC(CO)C(O)C(O)C1O,,,
O=[N+]([O-])c1ccc2oc3ccccc3c2c1NC1CCCC1O,-7.993,0.5666990547803571,312.3250000000001
C(CCCC)CCCCCC/C=C\CCCCCCCC(OC(COC(CCCCCCC/C=C\C/C=C\C/C=C\C/C=C\C/C=C\CC)=O)COC1OC(C(O)C(C1OC(CCCCCCC/C=C\C/C=C\C/C=C\CC)=O)O)C,,,
OCC(NCC(O)COCC1CC1)c1ccccc1,-6.013,0.6254780224937848,265.35299999999995
COC(=O)c1cc(C)sc1NC(=O)CSc1ccc([N+](=O)[O-])cc1,-6.323,0.36363351799897964,366.4200000000001
CC(C)n1c(I)n[nH]c1=O,-4.275,0.7508457662014847,253.043
Cn1c(=O)c2c(c(=O)n(CC(=O)Nc3ccc4c(c3)CCC4)c(=O)n2C)n(C)c1=O,-8.207,0.6071710428112475,411.4180000000003
CC1CN(CC(=O)N(CCO)C(C)C)CC(C)(C)O1,-5.431,0.8008905979855838,272.38899999999995
CC(C)(C)c1ccc(OCC(=O)N2CCCC2)c2ncccc12,-6.139,0.8704317929907774,312.41299999999995
CC(C)(C)OC(=O)NCC(=O)N1CCC(C(=O)N2CCCC2)CC1,-6.225,0.8422261252226846,339.4360000000002
CC1(C#N)CN(C(=O)CSc2ccccc2F)CCC1O,-6.95,0.868000873729472,308.3780000000001
CCc1ccc(CS(=O)(=O)NC(C(=O)N(C)Cc2ccc(F)cc2)C(C)C)cc1,-6.904,0.6753138081400418,420.5500000000001
N=C(N)c1c(F)cccc1Oc1ccc(Br)cc1Br,-6.559,0.6041789873903813,388.034
CCCc1ncc(C(=O)N2CC(O)C(O)C(Cc3ccccc3)C2C)o1,-8.046,0.85421473678353,358.43800000000005
CCCNc1cc(N2CCC(C)C2C)nn1CC,-6.017,0.87189909133292,250.39
COc1ccc(S(=O)(=O)N2CCN(C(=O)OC(C)(C)C)c3ccc(B4OC(C)(C)C(C)(C)O4)cc32)cn1,,0.553407258075348,531.4400000000003
CC1=NOC(=O)C1=Cc1ccccc1OC(C)C,-6.701,0.6073698083096115,245.278
O=C1COc2c(NCCc3ccccc3)cccc2N1,-6.558,0.8959848412320862,268.31600000000003
O=C(CCCCCBr)N1CCOCS1,-5.136,0.44039522047880214,282.203
CCC1(CNc2nc(NCCCCCCCC(C)C)nc3ccsc23)CCCN1C(C)=O,-5.16,0.34384704408396427,459.7040000000002
COc1ccc(C(=O)N2CCCCC2CCc2cc(CN(C(C)C)C(C)C)ccc2F)c(OC)c1,-6.777,0.40930095770277086,484.6560000000002
CC(C)CC(CN)(CI)C(C(=O)O)C(C)C,-4.882,0.5528753370487876,341.2330000000001
O(c1ccc(cc1)C(=O)[C@@H]1[C@@H]2C3(C(C(=O)NC4CCCCC4)N([C@H]([C@H](CC)C)CO)C2=O)[C@H](C(O[C@@H](CN2C[C@@H]4[C@H](C2)CN(C2CC(/C=C/c5ccccc5)=CC2O4)C(=O)OCC)[C@@H](c2nccnc2-,,,
Cc1cc2c(cc1N)C(C)(C)c1ccccc1-2,-7.033,0.6737374992888857,223.31900000000002
Cc1ccc(N2CC(C(=O)Nc3ccc(OC(C)C)cc3)CC2=O)cc1Cl,-7.332,0.8265902947432465,386.87900000000013
CCCCc1cc2ccccc2s1,-5.539,0.6786317549085944,190.31099999999998
CC1CC(=O)N(C(CCC(=O)O)C(=O)O)C1=O,-5.888,0.6408859898864978,243.21499999999997
CN(C)c1ccc(NC(=O)CSc2nnc(-c3ccc(OCC4CCCO4)cc3)n2N)cc1,-7.802,0.3645411254161484,468.58300000000025
COc1cc(S(=O)(=O)NC(=O)c2ccc3c(c2)CC2(CC2)CC3Nc2ccc(F)cc2C(=O)O)n[nH]1,-8.145,0.3752105615647277,514.5350000000003
C(C)N1CN=NC(N(CC)CC)NC=1,,,
O=C(CCc1nc2ccccc2s1)NCCC1CCCCC1,-6.441,0.8623004848990572,316.4700000000002
CC1(C)OCC(C2C(NC(=O)OCC3c4ccccc4-c4ccccc43)CCC2OC=O)O1,-7.477,0.668856310038879,451.51900000000023
CC1CC(c2ccc(N(C)C3CCS(=O)(=O)C3)nn2)CCO1,-6.983,0.8359223089708653,325.4340000000001
CCNC(=O)C(C)NC(=O)c1ccccc1OCc1ccco1,-7.005,0.8196408453395501,316.357
CC(C)Cc1nc(Nc2nc3ccc(OC(F)(F)F)cc3s2)c2c(n1)SCC(CCN1CCN(C)CC1)C2,-7.895,0.34197305486694013,566.719
O=C(O)CC1CCN(C(=O)c2n[nH]c(C3CC3)c2Br)CC1,-6.194,0.8673603269899882,356.2200000000001
CCC=CCC=CCC=CCC=CCC=CCC=CCCCCCCC(=O)OC(CO)COCCCCCCCCCCC=CCC=CCC=CCC,,,
CC1CCCC(C)N1C(=O)C(C)n1nc(-c2ccsc2)ccc1=O,-6.78,0.8573257680003686,345.4680000000001
c1cc(C2CCOC2)ccc1CC1=NCCS1,-5.879,0.8188779421376502,247.36299999999997
C=C(OCC(COC(C)=O)C(=O)OCCCCCCCCCCCCCc1ccc(-c2ccc(CCCCCCCCCC)cc2)nc1)C(=O)OC,,,
OCC1(O)COC(C2=C3CCCCC3CO2)OC1,-5.478,0.7552175178781274,256.29799999999994
Cc1ccc(-c2c(-c3ccccn3)ccc3ccccc23)nc1-c1cccc(-c2ccccn2)c1,-8.561,0.27359059215403164,449.5570000000002
O=S(=O)(Nc1cccnc1OCc1ccc(C2CCOC2)cc1)c1ccc(F)cc1F,-8.255,0.5874067065612831,446.4750000000002
CCc1noc(NC(C)c2nnc3c4ccccc4c(=O)n(C)n23)c1C,-7.579,0.607080407570799,352.39800000000014
CCc1[nH]c(C(=O)NC2CCOCC2)c(CC)c1N,-6.599,0.7737555542857598,265.3569999999999
COc1ccc(-c2nn(-c3ccccc3)cc2C=O)cc1O,-7.376,0.7510530400248222,294.31000000000006
C=CCC(CC=C)(CC=C)CCCO,-4.118,0.5571363933954844,194.31799999999993
CCOC(=O)C1=C(C)N=c2sc(=Cc3ccc(-c4ccc([N+](=O)[O-])cc4Cl)o3)c(=O)n2C1c1ccc(C)cc1,-7.521,0.18648579463238021,564.0190000000002
COc1c(C=C2C(=S)Nc3ccc(S(=O)(=O)O)cc32)sc2nc(N)[nH]c(=O)c12,-7.033,0.27516623576165217,436.49600000000015
Cc1cc(-c2cc(Br)ccc2F)nc(CCc2nccs2)n1,-6.969,0.666401928041539,378.2700000000001
COC(=O)c1cnc2cc(C)cc(C(F)(F)F)c2c1,-7.402,0.745143318018887,269.222
CCCCCCCC1CC(CCCCCC)(CC(=O)O)C(=O)NC1=O,-6.733,0.37857774463570654,353.503
CNCC(NC(=O)c1cc2cc(-c3cc(OC(F)F)n[nH]3)ccc2o1)C(O)c1ccc(C(F)(F)F)cc1,-7.645,0.2401647016334998,524.4460000000001
O=C(NCCCn1ccnc1)c1cccc2ccccc12,-6.876,0.7299764936335374,279.343
CCCc1nc(NN)cc(OCc2nnn(C)n2)n1,-6.926,0.5446743538039139,264.293
O=C(C(=O)N1CCCN(S(=O)(=O)c2cccc(Cl)c2Cl)CC1)N1CCCCC1,-5.417,0.650602768808059,448.37200000000036
CCC(C)CNc1c(N)cccc1F,-5.275,0.726561324031759,196.269
COc1ccc(CN(C)CC2CCCCO2)cc1F,-6.817,0.8185576235719776,267.34399999999994
CCN(CC)C(=O)C1(C)Sc2nc3cc(Cl)ccc3n2C1=O,-5.751,0.8076568985295481,337.83200000000005
CC1(C)c2cc(N(c3ccccc3)c3ccc(-c4cc5c6c(c4)N(c4ccc(-c7ccccc7)cc4)c4c(F)cccc4B6c4cc(F)ccc4O5)cc3)ccc2-c2cccnc21,,0.15633113961465536,817.7480000000002
C1(=O)[C@@]2([C@H]3[C@H]([C@@H]4[C@@]5(O3)O[C@H]([C@H]4C)[C@]3(OC3)[C@@H]([C@@H]1[C@@]13[C@@H](C[C@@H](O[C@H]3CC1=C2C)OC1C[C@H](O[C@H]2[C@@H]([C@H]([C@H](O)[C@H](O2)CO[C@@H]2O[C@@H]([C@@H](O)[C@H](O[C@@H]3O[C@@H]([C@@H](O)[C@H](O)[C@H]3O)C)[C@@H]2O[C@H]2[C@H]([C@H]([C@@H]([C@H](O,,,
CC(=O)N(CCCOC(=O)C(F)(F)F)C(=O)OC(C)(C)C,-6.201,0.5878262419669176,313.27200000000005
CC1(C)CCc2scc(C(=O)c3ccc4c(c3)CCC4)c2C1,-6.858,0.7147482452523185,310.46200000000016
CC(C)(C)OC(=O)N1CC(COC(c2ccc(CC#N)cc2)C(F)(F)F)C1,-6.608,0.7618249891591359,384.398
CC=CCC1CC2CC(CC)CCC2(C)C2CCC3(C)C(C(C)=O)CCC3C12,-7.344,0.45983574919162057,384.64800000000014
CC(C)CSCC(N)C(C)OC(=O)C(C)N,-5.521,0.6567119126015072,248.39199999999997
CCCc1c(-c2ccccc2C)nc2sc(C)cc2c1N,-5.917,0.7286759307716375,296.439
CN(C(=O)C(=O)CN1CCC(N(C)C)C1)c1ccc(Cl)cc1,-6.494,0.7704805024410334,323.82400000000007
CN(C)C(=O)c1ccn(-c2c(N)cc(C(F)(F)F)cc2Cl)n1,-6.39,0.8600640236724985,332.713
COc1cc(C(=O)N=c2sc3cc4c(cc3n2CCF)OCCO4)cc(OC)c1OC,-6.607,0.5762176421212405,448.4720000000003
Cc1c(OCS(C)(=O)=O)c2cc(F)c(F)cc2n(-c2ccc(C(=O)O)c(Cl)c2)c1=O,-7.277,0.6302318377538852,457.83800000000014
CC1CC(C)CN(c2nc(OC(C)(C)C)nc3scc(-c4ccc(OC5CCCC5)cc4)c23)C1,-7.136,0.3830403899286604,479.69000000000034
CCC1C(OC(C)=O)COC(Oc2ccc(OC3(CNC(=O)OC(C)(C)C)CCCC3)c3c2C(=O)N(C)C3)C(O)C1C,-5.807,0.4280009321353408,590.7140000000004
c1ccc(N(c2ccc(-c3cc(-c4cc5ccccc5s4)cc(-c4cccc5ccccc45)c3)cc2)c2nccc3c2-c2ccccc2C3(c2ccccc2)c2ccccc2)cc1,-10.56,0.15178905594776013,821.061
CC1(C)c2c(-c3ccc4c5cc(-c6ccc(-c7ccccc7)cc6)ccc5n(-c5ccccc5)c4c3)ccc(-c3cccc4oc5ccccc5c34)c2C(C)(C)C1(C)C,-11.09,0.17079438032650376,762.0089999999999
COc1cc(F)c(-c2nc(C3(O)CC3)no2)c(F)c1,-6.958,0.9216916298451254,268.21899999999994
CCOB1OCc2cc(C=O)cc(C)c2O1,,0.5743568708017126,220.033
COc1cc(OC)c(OC)c(C(=O)c2oc3c(C#N)cccc3c(=O)c2C)c1,-6.786,0.6276303645705889,379.3680000000001
Cc1nnsc1C(O)C1CCCCN1,-5.581,0.7698847517417508,213.30599999999995
COc1ccccc1CC(=O)N1CCCC1c1ccc(Cl)cc1,-7.172,0.8386531976168782,329.827
N#Cc1cc(NC2CCN(C(=O)c3ccc(F)c(F)c3)CC2)ccc1[N+](=O)[O-],-7.667,0.6407863431574068,386.3580000000002
CC=C1N=C(N2C(=O)C3C(C2C(=O)O)C2CCC3C2(C)C)SC1=O,-7.393,0.7335201156706654,348.4240000000001
CNC(=O)C(=O)Nc1cccc(C(F)(F)F)c1Cl,-7.01,0.7736072424127217,280.6329999999999
N#Cc1c(-c2ccccc2)nn(-c2nc(-c3ccccc3)cs2)c1N,-7.635,0.6066543911944807,343.415
C=C(C)C(O)C(C)CC(=O)OCc1ccccc1,-5.844,0.621644184864367,248.32199999999997
O=C(Nc1ccc(F)c(Cl)c1)C1CC(=O)N(Cc2ccc3c(c2)OCO3)C1,-8.617,0.8701511814694814,390.7980000000002
COCCCN1CCC(c2csc(C(C)Sc3nc(C)c(C)o3)n2)CC1,-6.348,0.4718398392097902,395.5940000000003
CCCC1[B]c2ccc(Br)cc2N1C1CCC(N)CC1,,0.8614763525145431,334.09000000000015
O=C(NCc1ccc(N2CCCC2)cc1)C(Cc1ccccc1)NS(=O)(=O)c1ccccc1,-7.151,0.5092443635375645,463.60300000000007
O=C1Nc2cccc(F)c2CC12CCN(Cc1ccc3cc(O)ccc3c1)CC2,-8.607,0.6792376048994154,390.4580000000001
CCS(=O)(=O)Nc1ccc(NC(=O)c2ccc(NC3=C(Cl)C(=O)N(Cc4ccccc4)C3=O)cc2)c(C)c1,-8.755,0.33705547274482456,553.0400000000002
COC(=O)Nc1cccc(NCc2ccc(CC(C)C)cc2)c1,-7.153,0.8142757381928809,312.413
COc1ccccc1-c1cnc2c(c1)c(=O)c(N1CCN(C(=O)OC(C)(C)C)CC1)cn2C,-7.692,0.6061186653730758,450.53900000000027
COc1ccccc1OCc1nc(C(C)=O)c(C)o1,-6.528,0.7743243503727493,261.27699999999993
O=C(O)c1c(Cn2cnc3[nH]ncc32)c(-c2cn[nH]c2)nc2ccccc12,-6.853,0.452453367933165,359.3490000000001
Cc1cc(Cc2ccc(F)cc2)cc(C2CN(S(=O)(=O)c3cccnc3)CCO2)n1,-8.257,0.6249370492880476,427.5010000000002
CCN(CCNC(=O)c1ccc(Oc2ccc(C#N)c(F)c2)c(Cl)c1)CCOC,-7.019,0.6328888266640267,419.8840000000002
c1ccc2c(oc(/C=C/C3C[C@@H]4[C@H]([C@H]5[C@H](C[C@H]43)CCCCO)CCC(C=5)=O)c2)c1,,,
CC(C)(CO)CNC(=O)Nc1ccc2c(c1)OCO2,-5.542,0.772244924235771,266.297
CC(C)(O)C=CC(O)C(C)(C)N,-4.862,0.541531172763825,173.25599999999997
Cc1ccc(N2C(=O)CC(N(CCc3ccccc3)C(=O)c3ccc(Cl)cc3)C2=O)cc1O,-7.271,0.5515943601827049,462.93300000000016
CNC(C)C(F)F,-4.149,0.5541728375021202,109.119
CCCCCCCCCCCCCCCCOCC(COCC1OC(n2c(=O)oc3c(N)ncnc32)C(OC)C1OC(=O)Nc1cccc(C(=S)NCCCO)c1)OC(C)CCCCCCCCCCCC,,,
COc1ccc(CC(N)CCc2ccnn2C)cc1F,-6.805,0.8791328010083015,277.343
O=C1NCC(C2CCOC2)O1,-5.171,0.5882276548742039,157.16899999999998
CN1CCN(C2CCN(S(=O)(=O)c3ccc(C#N)cc3)CC2F)CC1,-7.142,0.7953703880806497,366.4620000000001
COc1cccc(-c2c3c(c(O)c4ccccc24)CCC3)c1OC,-6.541,0.7587857359797011,320.38800000000015
CCC(Nc1ccc(C)cc1C)c1ccc(C(C)(C)C)cc1,-7.485,0.7114730381161417,295.46999999999997
C=CCN1CCC23CCN(Cc4cccc(C[S+](C)[O-])c4)C4CC1C2Oc1c(O)ccc3c14,,,
Cc1ccc2c(c1)c1ccccc1c(=O)n2CCC(N)=S,-6.767,0.5964612515328273,296.395
CCOc1c(Br)cc(C2C3=C(CC(C)(C)CC3=O)N=C(C)C2C(=O)OC2CCOCC2)cc1OC,-6.906,0.44332483314944876,548.4740000000004
O=C(CN1CCN(Cc2ccn[nH]2)CC1)NCC1CC1,-5.971,0.7712626510282307,277.37200000000007
CSc1c(C#N)c(N)nc(N2CCC3(CC2)OCCO3)c1C#N,-6.163,0.8116601942970685,331.40100000000007
Cc1nc(C(C)(C)C)sc1C(=O)NCCCn1c(C)nc2ccccc21,-7.099,0.6839244762409091,370.52200000000005
COc1ccc(S(=O)(=O)N(NC(=O)OC(C)(C)C)C2CCCCC2)cc1OC,-6.641,0.7165522574439203,414.52400000000034
CC1CCN(c2cc(-c3ccccc3)nc(SCC(=O)NN=Cc3ccccn3)n2)CC1,-7.459,0.2554635785640117,446.5800000000002
O=C1C(=O)N(CC2CCCO2)C(c2cccnc2)C1=C(O)c1ccc2c(c1)OCCO2,-7.511,0.4591096460872774,422.4370000000003
CNCCN(C)CCN(C(C)=O)C(c1ccc(C)cc1)C(C)C,-5.367,0.7599997601770223,319.49300000000005
C#CC=CC(=O)NC(C)c1cccc(Cl)c1Br,-5.857,0.6718496860263569,312.594
N#Cc1ncc(C(=O)NN)cc1F,-5.796,0.35216636459971035,180.14199999999997
C=CCCC1CCN(Cc2ccc(OC)c(Cl)c2)CC1,-6.572,0.714745857781104,293.8380000000001
CC(NC(=O)c1cccc(C(=O)NCc2ccc(C(=O)NC3CCCCC3)cc2)c1)c1ccccc1Cl,-9.055,0.351414409470541,518.0570000000002
Cn1nc(-c2ccc3c(=O)[nH]nc(-c4cccc(OC(F)F)c4)c3c2)cc1C(C)(C)C,-7.202,0.5063288333623146,424.45100000000014
CC(C)(C)OC(=O)NCC1(CO)CC(O)CN1Cc1ccccc1,-6.295,0.759210904032184,336.432
COc1cccc(NCC(C)CCCl)c1,-5.622,0.7528314666078703,227.73499999999999
C1=CC2Oc3cc(CC(C)=C)c4c(C(CC=4)=C)c3C23C2C(C=1)C3CCC2,,,
CC1CC(CO)CN1CCC(=O)NC(=O)Nc1ccccc1,-6.74,0.768405952456105,305.378
CN1CCCC1COc1nc2c(c(NCCNc3ccc(F)cc3)n1)CCN(C(=O)N1CCCC1)C2,-7.978,0.5420232534778797,497.61900000000037
CCOc1ccccc1OCc1nnc(SCc2nnnn2-c2ccc(C(F)(F)F)cc2)o1,-7.16,0.3253184216191923,478.4560000000001
COC(C)(C)C(=O)Cc1cc(F)ccc1C,-6.345,0.7855776637679059,224.27499999999998
C=C1CCC2C(C)=C(CC)OC2C1(C)O,-5.464,0.6713611034250869,208.301
O=C(CC(C(=O)O)c1ccccc1)c1cc(Cl)c(Cl)c(Cl)c1,-7.642,0.59889337295742,357.6200000000001
CCNCCNc1ccc(Nc2ccccc2C(C)=O)cc1C#N,-6.765,0.5118456686604674,322.4120000000001
CN(C)Cc1cccc(C(=O)Nc2cncc(Cl)c2)c1,-5.998,0.9407880237609736,289.76599999999996
OC(COc1cccc(OC2CC2)c1)c1ccc(I)cc1,-7.116,0.7522422500017083,396.22399999999993
CCCCCCC1CCC2C(=O)N(c3ccc(Oc4ccc([N+](=O)[O-])cc4)cc3)C(=O)C2C1,-7.325,0.19452581545865022,450.5350000000002
Cc1cccc(C(COC(=O)C2CS(=O)(=O)CCS2)n2cc(-c3ccc(Cl)c(C(F)(F)F)c3)nn2)c1,-8.768,0.40799685896963983,560.0190000000001
CCOc1c(C=NNC(=O)c2ccc(OCC(C)C)cc2)ccc(OC)c1O,-6.438,0.5076960152847034,386.4480000000001
CCCOCCOc1c(F)cc(CNC(C)(C)C)cc1Br,-5.746,0.7004748566325567,362.28299999999996
[C-]#[N+]C1CCCCC1NC(=O)c1ccc(C#N)cn1,-6.621,0.8194716687649964,254.293
Cc1nc(N2CCCCCC2)nc(C(C)C)c1CN,-4.415,0.9097339903662365,262.40099999999995
CC(=O)Nc1cc(NC(=O)C2CCCN2C(=O)OCc2ccccc2)cc(C2=CC(=O)NC2=O)c1F,-7.927,0.5287852222861615,494.47900000000016
Cc1ccc(S(=O)(=O)N2CCCCCC2)cc1C(=O)NCc1ccc(OCc2ccccn2)cc1,-6.17,0.5004272171342495,493.6290000000002
O=C1CC(=O)c2cc(-c3ccc(Cl)cc3F)ccc2N1,-7.055,0.8142508949803753,289.693
CCOC(=O)CC(SCC#N)[P+](c1ccccc1)(c1ccccc1)c1ccccc1,-6.131,0.36715434506221467,434.5210000000001
CCOc1ncccc1-c1[nH]c2ccccc2c1CCCN1CCN(C(=O)CCOCc2ccccc2)CC1,-7.165,0.2533916962373693,526.6810000000004
CCNC(Cc1cc(C)nn1C)C(C)(C)OC,-5.748,0.820587125654535,239.36299999999997
Cc1c(C(C)NC(=O)NC(C(N)=O)c2ccccc2)oc2ccccc12,-7.227,0.6575025915655183,351.4060000000001
CC(=O)Nc1cccc(N(C)C(=O)c2cccc(O)c2)c1,-7.582,0.9099183850521502,284.31499999999994
COC(=O)c1cccc(N(C)C(=O)c2cc([N+](=O)[O-])c[nH]2)c1,-6.96,0.5279131420028972,303.27399999999994
CCc1cc(CNC(=O)CC2COCCN2)n(C)n1,-7.258,0.7855956557693379,266.34499999999997
COc1ccc([N+](=O)[O-])cc1NC=C(C#N)C(=O)NCc1cccnc1,-7.43,0.33732072846363986,353.3380000000001
CCCSc1nc(SC)nc(C#N)c1Cc1ccc(CC(COC)OC(=O)OCC)cc1,-6.232,0.1838815130217587,475.6360000000003
CCOc1ccccc1C(=O)Nc1cc(S(=O)(=O)Nc2ccc(C)cc2C)ccc1Cl,-7.806,0.49547001013146175,458.9670000000001
CC1CCCN(C(=O)N(C)CC(=O)c2ccccc2)C1c1ccccc1,-7.677,0.7672322242175418,350.46200000000005
CC(C)C(C)NCC(C)N(C)C(C)C1CC1,-5.327,0.7179015258297274,226.40799999999996
CC(C)CC(NC(=O)COC1CCNCC1)C(=O)O,-5.946,0.6230507573762317,272.3449999999999
COCC(CN1CCC(n2c(C)nc3ccc([N+](=O)[O-])cc32)CC1)OC,-5.934,0.5559975782719304,362.43000000000023
CCOC(=O)Cn1c2cnnc(-c3ccc(S(=O)(=O)N4CCC(O)CC4)cc3)c2c(=O)n1-c1ccc(OC)cc1,-7.398,0.31582095163292073,567.6240000000004
CCCCCCC1COC2(C1)C(O)CC1(C)C(=CC=C(C)C(=O)C(F)(F)F)CCC12C,-7.142,0.37134649009645787,442.5620000000002
CN1C(=O)C2(CC3NCCC32)N(C)S1(=O)=O,-5.452,0.5791200866819377,245.304
COc1c(C)cc(C)cc1-c1cc(C(=O)Cl)[nH]n1,-6.405,0.8670245321469087,264.712
O=C(O)C1(c2nc3ccccc3s2)CCOCC1,-6.649,0.9036514269426905,263.318
CC(=O)OC1(C(C)=O)COc2c(F)ccc(N)c2C1,-6.369,0.6438067579119912,267.256
COc1ccc2ncc(Cl)c(C(O)CNCCCCc3nc4cc([N+](=O)[O-])cnc4n3C3Cc4ccccc4C3)c2c1,-8.816,0.11732068400064576,587.0800000000003
CCCCCc1nc(Cc2ccc(CCC)cc2F)[nH]c1C(=O)O,-6.986,0.6633743156074351,332.41900000000004
NC(=O)C1(CNCc2cn(C3OC(CO)C(O)C3O)c(=O)[nH]c2=O)CCCCC(=O)N1,-5.398,0.2204874222433927,441.44100000000026
O=C1CC(C(=O)N2CCCC(c3nc4ccccc4s3)C2)CN1CCc1ccccc1,-8.097,0.608925802980091,433.5770000000002
COc1ccc2c(c1)CC1N(C)C(=O)OC23CCCCC13NCCc1ccccc1,-7.611,0.8141984826678456,406.5260000000002
C=CCn1c(=O)c(N(C)C)nc2cc(C(=O)NCc3cccc(F)c3)ccc21,-7.513,0.6680025412823453,380.42300000000006
CCOC(=O)C(CS)Cc1ccc(F)cc1C,-5.931,0.647415099323168,256.342
C=C1NC(C(C)(C)C)CC=C1NC,-5.521,0.6447861371637629,180.29500000000002
C#CC1CCC(NC(=O)C2CCCN2)CC1C(=O)NC(=C(F)F)C(C)C,-7.007,0.6523782069469318,367.44
CNCC1CCN(C(=O)c2cc3ccccc3s2)CC1,-6.197,0.9414780271532212,288.4160000000001
O=C1NC(C(=O)O)CC2=C1CCN2S(=O)(=O)c1cccs1,-7.134,0.8341274099187688,328.371
OCOCC1C2CC3CC(C2)CC1C3,-5.125,0.6997619242548331,196.28999999999994
O=C(NCC(F)(F)F)C(c1ccncc1)N(Cc1ccccc1)Cc1ccccc1,-6.531,0.5913708819780232,413.44300000000015
CC1(C)C2CCC(C(C23C(C5(O3)C2(COC(C)(O2)C)C)(C)C)C1OC)(OS(=O)(O)=O)C,,,
CCCCCCCCC=CCCCCCCOC(=O)C(CC)N(C)C,-4.059,0.17894981655276054,353.59100000000007
O=C(O)NC(Cc1c(F)cccc1Cl)C(c1ccc(Cl)cc1)N1CCOC1=O,-7.026,0.7116166044745544,427.25900000000024
c1ccc2c(Cc3nnc(SCc4nc5ccccc5s4)n3C3CC3)cccc2c1,-7.29,0.29947865605539725,428.5860000000002
CC(C)(C)C(N)C(=O)Nc1cnccn1,-5.404,0.7524804234302447,208.26500000000001
CCCNCc1ccc(S(=O)(=O)NCCc2ccsc2)c(Br)c1,-6.233,0.6141081389327566,417.394
CCC(CC)(CO)NS(=O)(=O)c1c(C)noc1C,-5.048,0.8119411573874222,276.358
CN1CCN(CCC(O)CC2CCCC2)CC1,-5.647,0.7899423249707322,240.3909999999999
CSc1ncc(C#N)c(NCC(O)CC(C)C)n1,-5.791,0.6041896356393354,266.37
Clc1ccc2[nH]c(-c3ccc(CN4CCCC4)cc3)c(CCCOc3ccc4ccccc4c3)c2c1,-7.255,0.2198214968140989,495.06600000000026
CCCn1ncc(NC(C)C)c(Br)c1=O,-5.368,0.9154763301837016,274.162
Oc1cccc2oc(Br)c(Br)c12,-5.063,0.8034407102390929,291.926
COc1cc(NC(=O)c2coc(C)n2)ccc1OC1CCN(CC2CCN(CC3CCC(Nc4ncc(Cl)c(Nc5ccccc5NC(C)=O)n4)CC3)CC2)CC1,,,
CCCCC(O)CC(O)C=CC1CC(=O)C(C=CCc2ccc(-c3ccccc3)c(OC)c2)C1O,-7.521,0.3784323777141173,478.62900000000025
COc1cccc(CN(C)c2ccc(CN)cc2)c1,-6.679,0.8936722462938974,256.349
CCCNC(=O)C1CC(N)CCC1(C)C,-5.841,0.7473518193789355,212.33699999999993
O=C(NC1CC(C(=O)O)CN(C(=O)C2CC2)C1)c1n[nH]c(C2CC2)n1,-6.88,0.6940630639366444,347.37500000000006
CN1CCCC(CNC(=O)C2=Cc3ccccc3CC2)C1,-7.437,0.9245778466071922,284.4030000000001
CC=CCC1OCCc2c1sc1ccccc21,-6.037,0.7076080813329834,244.359
Cc1cc(CN(CC2CCc3cc(F)ccc3N2)C2CC2)no1,-7.296,0.9165135558573729,315.3920000000001
Cc1cnc2c(c1)C(=O)C(=O)N2CC=C(Cl)Cl,-6.222,0.774908113543667,271.10299999999995
COc1ccc2c(c1)C(=O)C1=C2C(CF)C2CC12,-6.552,0.7992185521898535,244.26499999999996
CC1CCC(C(C)C(C)C2CC2C)CC1C,-5.99,0.6310401620367495,222.41599999999997
CCN(CCO)CC(=O)Nc1sc2c(c1C#N)CCCC2,-6.387,0.8392825206168882,307.41900000000015
Cn1c(N2CCN(C(=O)OC(C)(C)C)C(CC#N)C2)nc(=O)n(-c2cc(C#N)cc(C#N)c2)c1=O,-7.024,0.6292790872976539,476.49700000000024
CCNCc1ccc(OCc2ccn(C)n2)nc1,-6.34,0.8389846829899178,246.314
CCN(CCCCCCN1CCN(c2cc3c(cc2F)c(=O)n(N2CCS(=O)(=O)CC2)c(=O)n3C)CC1)c1ccc2c(c1)C(=O)N(C1CCC(=O)NC1=O)C2=O,-9.132,0.20239527971265545,794.9069999999999
Cc1ccc(Br)cc1OCC(=O)c1ccc(C(F)(F)F)cc1,-7.206,0.7024781760821981,373.168
CC1CCC(Oc2cncc(NN)n2)CC1C,-6.44,0.6197250816465859,236.319
N#Cc1cccc(NCc2cccc(O)c2)c1,-7.202,0.8423878743842972,224.263
COc1cnc(C(=O)NC2(c3ccccc3C)CCCOC2)c(Cl)n1,-6.926,0.9059864794860231,361.8290000000001
Cc1ccc(C(O)CNC2=NCCCN2C)o1,-6.576,0.8197750862068962,237.30299999999997
CCOC(C)(C)C(=O)c1cc(I)c(C)cc1N,-6.213,0.5171174943412827,347.1960000000001
Cc1nn(C)cc1CC=O,-4.941,0.5566572552318525,138.17
C(CCC)Oc1ccc(-c2sc(c(O)n2C[C@H](O)C)=O)cc1,,,
CCc1nn(C)c(NC(=O)CCCCO)c1[N+](=O)[O-],-6.003,0.4358685553910734,270.28899999999993
NCCc1cccc([N+](=O)[O-])c1-n1nnnc1C1CC1,-6.056,0.6411280766448513,274.28400000000005
Nc1cc(Cl)c(S(=O)(=O)N(CCO)C2CC2)c(Cl)c1,-5.18,0.8076187185751663,325.217
COCCNCc1ccc(Oc2ccc(Cl)cc2C)nc1,-6.991,0.7942100852476051,306.793
COC(=O)C1=CCC([N+](=O)[O-])([N+](=O)[O-])C=C1[N+](=O)[O-],-5.664,0.29711608170439374,273.15700000000004
CC(N)C(=O)NC(Cc1ccccc1)C(=O)NC(Cc1ccccc1)C(=O)NC(C(=O)C(F)(F)F)C(C)C,-6.187,0.33128767055557284,534.5790000000002
CNc1nc(C)c(-c2ccc(Cl)nc2)s1,-6.112,0.8182219535812971,239.731
Cn1ncc(Cl)c1C(O)c1ccc(Br)o1,-5.964,0.9247436443648839,291.53200000000004
O=C(NN=Cc1ccccc1)C(=O)Nc1ccccc1C(F)(F)F,-7.536,0.5143440631357868,335.285
C(/C=C\C/C=C\C/C=C\CCCCCCCCCOC(CCCCCCCCCC/C=C\C/C=C\C/C=C\CCCCCCC)=O)/C=C\CCCCCCCCCCCCCCCCCCCC(=O)NC(C(CCCCCCCCCCCCCCCCCCCCCC)O,,,
CN1CCCCC1COc1ccccc1F,-6.501,0.7808323692718382,223.291
CC(C(=O)O)N(C)C(=O)Cc1ccsc1,-5.442,0.84107740514865,227.285
CC1CCCCCC1NC1CCN(C)C1,-3.665,0.7032957793451383,210.36499999999998
Cc1cccc(CN2C(=NCc3ccccc3CN3C(=O)C4C5C=CC(C5)C4C3=O)SCC2C)c1,-7.997,0.43590546444864287,485.65300000000025
COCCCOc1ccc(OC)cc1S(=O)(=O)C1CCN(C(=O)CNc2ccc(C(=O)N3CCN(C)CC3)cc2)CC1,-7.72,0.36558339916290206,602.7540000000001
COc1ccc(CCN(CC2CC(c3ccc(F)cc3)=NO2)S(C)(=O)=O)cc1OC,-7.489,0.6041825592696571,436.50500000000017
CN(C)C(=O)COC(=O)C1CCN(S(=O)(=O)c2cc(F)ccc2F)CC1,-6.804,0.7006198900438791,390.40800000000013
CCCCN1c2ccccc2N(CC2CCC(C(=O)OC)CC2)C(=O)C1CC(=O)O,-7.61,0.6532498346404724,416.51800000000026
CCn1ccc(C2CCCN2C(=O)NCc2n[nH]c3ccccc23)n1,-8.012,0.7676091529316086,338.4150000000001
O=C(NNC(=S)Nc1ccc(Cl)cc1)c1ccncc1,-7.058,0.5870289887669932,306.778
CC(CC1CCC1C(=O)O)C1OC1C,-5.212,0.7018783130143817,198.262
CC1CCN(c2ccc(NC(=O)c3ccc4c(c3)OCCCO4)cc2C(N)=O)CC1,-5.931,0.8068452566221871,409.4860000000003
Cc1cccc(CN(C(=O)CCn2cccc2)C(Cc2ccccc2)C(=O)NC(C)(C)C)c1,-6.207,0.517157019108255,445.6070000000002
Cc1nccn1CCOc1nccc(C(C)C)n1,-6.584,0.8110867704171704,246.31400000000002
O=C(Nc1cccc2c1CCCC2)C1CC2CCCCC2N1,-7.161,0.8780907933610771,298.42999999999995
CCC1CN(c2cc(Cl)c(Br)c(Cl)c2)C(=O)C1C,-6.83,0.7035999728779518,351.071
CCc1ccc(-c2nnc(CNC(=O)C(=O)Nc3cc(OC)cc(OC)c3)[nH]2)cc1,-7.861,0.515520710646145,409.44600000000014
CCCCCOCCCCNC(C)CC(C)CCC,-4.824,0.4591482518196679,271.489
C#CC(CC(=O)O)NC(=O)C1CCCC(NC(=O)OCC2c3ccccc3-c3ccccc32)C1,-7.998,0.5470354665519593,460.5300000000002
CCOC(=O)c1ccc(C(=O)NCCOCCOCCNC(=O)OC(C)(C)C)cc1,-6.072,0.39048483016883456,424.49400000000014
CC1Oc2ccccc2N(CC(=O)c2ccc(Br)cc2)C1=O,-7.141,0.7881401390747401,360.207
O=C(Cc1ccc(Br)cc1)NC(C(=O)O)C1CC1,-6.307,0.873421004942418,312.16300000000007
COC(=O)C1(C)OC(=O)C2C3CC(O)CCC21C(O)CC3C,-5.058,0.6902670583293872,312.362
CCN1CCCCC1CNC(C)c1c(C)cc(C)cc1C,-6.637,0.8758637852999308,288.47900000000004
CC(C)c1cnc(Nc2cnc(CN)cn2)s1,-5.736,0.8687695099612982,249.343
Fc1ccccc1CNC1CCOC2(CCCC2)C1,-7.135,0.9020586288546134,263.35599999999994
CCCCCCCCCCCCCC=CC(O)C(COC1OC(CO)C(O)C(O)C1OC(=O)CCCCCCCCCCCCCCC)NC(=O)C(O)CCCCC=CCCC=CCCCCCCCCCCCCCCCCCCCCCCC,,,
NC(=O)COc1cc(Cl)ccc1N,-5.535,0.708377698637151,200.625
CC(=O)N(c1ccc(C)cc1)C(C)(C)CN(C)C1CCS(=O)(=O)CC1,-6.37,0.8037807562000581,366.5270000000002
CCC(CC)C(=NN=C(N)C(CC1CCCN1C(=O)OC(C)(C)C)c1ccccc1)c1ccccc1,-6.738,0.23955351291298144,490.6920000000002
CSc1nc(N2CC(C)CC(C)C2)n2ncc(Br)c2n1,-6.143,0.7741882380333034,356.293
Cc1ccc(Cl)cc1C(=O)c1ccc(Cl)c(Br)c1,-6.924,0.6763916460954313,344.03499999999997
c1cnc2c(cccc2N2CC(C2)(CC)N)s1,,,
CNC1CCN(c2cc(-c3ccc(OC)cc3)ncc2CC(=O)C2CCCC2)CC1,-7.201,0.7437134469617471,407.5580000000004
N#Cc1ccc(S(=O)(=O)N2CCN(c3ccc(Cl)cn3)CC2)s1,-6.633,0.8293473723645339,368.87100000000004
Cc1ccccc1-n1cnnc1SC(C(=O)NCCc1ccccc1)c1ccccc1Cl,-6.18,0.35496058111105283,463.0060000000002
COc1cc(-c2nnc(NCc3cccnc3)c3cccnc23)cc(OC)c1OC,-6.776,0.49916854803588084,403.4420000000002
CCN(CC)c1nccn(-c2cccc(OC)c2)c1=O,-5.85,0.8366115423177666,273.336
CC1=C(C2C(=O)OC(N)=C2[N+](=O)[O-])C(c2ccccn2)NC(=O)N1C,-6.324,0.4647402934494575,345.31500000000005
CC#CCn1c(-c2cccs2)csc1=Nc1ccc(N(C)C)cc1,-5.789,0.6279105629479677,353.5160000000001
BrCCCC1(c2cc3ccccn3c2)COOC1,-5.783,0.638570701284243,310.19100000000014
CCC1(CC)OCCOC1CC(O)CC1OCCc2ccccc21,-7.146,0.8658924687890086,334.4560000000001
CS(=O)(=O)c1ccc2oc(-c3cccnc3Oc3cccc(Cl)c3)nc2c1,-7.271,0.49174856848086185,400.8430000000001
CC(=Cc1cn(C2=CCS(=O)(=O)C2)nc1C)C(=O)O,-6.039,0.8336139281475473,282.32099999999997
C=CC(=O)OCOC(=O)C(=C)C,-5.011,0.3553733652265962,170.16399999999996
O=C1CCC(N2Cc3cccc(CCI)c3C2=O)C(=O)N1,-6.661,0.4761104440067603,398.2000000000001
O=[N+]([O-])c1nccn1-c1nnnn1-c1ccccc1,-6.812,0.506240421646917,257.213
CC(Sc1nnnn1C)C(=O)Nc1cc(=O)n(C)c(=O)n1C,-6.598,0.6963047224030592,325.3540000000001
CNS(=O)(=O)c1cccc(C(=O)Nc2ccc3[nH]c(C)cc(=O)c3c2)c1,-7.292,0.6516596176196017,371.4180000000001
CCCCCCCC=CCC=CCC=CCCCCCCCCC(=O)NC(COC1OC(CO)C(O)C(O)C1O)C(O)C=CCCCCCCCCCCCC,,,
CC(=O)c1cccc2c1c(-c1ccnc(CC3CCCOC3)n1)cn2C(=O)c1ccc(C)cc1C,-8.079,0.3585710227395257,467.56900000000024
O=[N+]([O-])c1ccc(Nc2cccc3c2CN(Cc2ccc(Cl)o2)CCO3)nc1,-5.245,0.5014511743341594,400.8220000000002
COC1CCN(C(=O)NC2CCN(C(=O)Nc3ncnn3C)C2)CC1,-6.913,0.8117422089008021,351.4110000000002
CC(CCBr)C(C)C(=O)O,-4.388,0.7197692709792364,209.083
Cc1nnnn1-c1ccc2c(c1)CNCCC2,-5.73,0.7924948518516357,229.28699999999995
CCCCOC(=O)CC(O)c1ccc(O)cc1O,-6.311,0.5325495330841521,254.282
CNN=C(N)c1ccc(Br)cc1,-5.502,0.4548881863143891,228.093
COCCN(CC(C)(C)C)c1nc2c(OC)c(Cl)nc(C(=O)Cc3cccc(OCCCN(C)C)n3)c2s1,-6.308,0.15252011158850068,564.1520000000003
c1cc(C2CCN(Cc3ccc(-c4noc(-c5ccsc5)n4)nc3)CC2)ccn1,-7.73,0.48373648385678863,403.51100000000014
CC(O)C1C(=O)NC1C(=O)O,-4.88,0.4308115251163863,159.141
CC1C(=O)NC=NN1C,-4.434,0.4710356277929929,127.14699999999999
COc1ccc(CNC(=O)c2nc(-c3ccco3)n(-c3ccccc3)n2)cc1,-7.414,0.5588124330685412,374.40000000000003
Clc1ccc2c(c1)CC1(CCN(CC3(c4ccc5[nH]ccc5c4)CC3)CC1)CO2,-9.25,0.6153828775377872,406.9570000000002
O=C(Cc1ccc(-c2ccccc2)cc1)NC(C(=O)O)c1cnccn1,-7.047,0.7150239892188544,347.3740000000001
O=C(CCOc1ccc(Br)cc1)OCC1CCNC1,-6.428,0.814753069347704,328.20600000000013
OC1C(C(O)C(C(CO)C1OC1OC(C(C(O)C1O)O)OCC(C(O)CCCCCCCCCCCCCCCCCCCCCCCCCCCCC)NC(=O)CCCCCCC/C=C\C/C=C\C/C=C\C/C=C\C/C=C\C/C=C\C/C=C,,,
c12c3CCc4cc(c(F)c5c4c(c(F)c(F)c3F)-c1n(CCCCN1CCCCC1)c(=O)s2)NCCN1CCOCC1,,,
Cc1cc(-c2nc3cnccc3[nH]2)nn1C1CCCC1,-6.825,0.7750106988817544,267.336
Cc1ccc(-n2c(SCCS(=O)(=O)N3CCCCC3)nnc2N2CCCCC2)cc1,-6.903,0.6029395567825122,449.64600000000036
COCCN(C)c1nc(N)c2nc(C)oc2n1,-5.994,0.8316886356424299,237.26299999999998
O=C(O)C(F)(F)C(O)CCCI,-4.556,0.5930578513439011,294.03499999999997
CCOC(=O)c1ccc2nc3cc(C)c(C)cn3c2c1,-6.997,0.6698292447761455,268.316
CCNS(=O)(=O)c1ccc(C2NC(C(=O)NC3CCNC3)C(=O)c3c(O)cccc32)cc1,-7.765,0.3956551603590521,458.5400000000003
COc1ccc(OC)c(S(=O)(=O)Nc2ccc(OC)c(NS(C)(=O)=O)c2)c1,-6.496,0.674053683883785,416.47700000000015
CCCCCCCCCNC(=O)Nc1cnc(-n2cccn2)cc1C(=O)Nc1cccc(-c2nc3ccc(C(=N)N)cc3s2)c1,-8.132,0.0510185643533681,623.7870000000001
O=C(Nc1cc(Cl)c[nH]c1=O)N1CCOC(Cc2ccccc2)C1,-7.729,0.8954581822827404,347.8020000000001
NC1NC(=O)NC(C2CCNC2)N1,-6.244,0.3287783186634913,185.231
CC(C)(C)OC(=O)C1CCCN1C(=O)COCC(=O)O,-5.666,0.7365907312441106,287.3119999999999
CCOC1CC(C(CSCC)NC)C1,-4.343,0.7058031763227235,217.378
CCN1CCN(Cn2nc(C)c(Br)c2Cl)CC1,-5.786,0.8528814524292043,321.6500000000001
NNC(Cc1ccc(Br)cc1)CC1CCCCO1,-6.795,0.6489914847343866,313.2390000000001
Cc1ccnc(C2CC3(CCN(c4ncc(F)cn4)CC3)C2)n1,-6.9,0.853091197280482,313.3800000000001
O=S(=O)(NCCc1nc2ccccc2s1)c1ccc(F)c(Cl)c1,-5.89,0.745945752332183,370.85800000000006
Nc1ccccc1NNc1ncc(F)c(Nc2cccs2)n1,-6.88,0.42588702694564906,316.365
COc1cc(C(=O)O)cc(OCc2noc(C)n2)c1F,-7.094,0.892882473167018,282.227
COCCNC(=O)c1ccc(OC2OC(COC(O)OCC(O)CO)C(O)C(O)C2O)c2cc3n(c(=O)c12)CC1C(OC)=c2ccn(C)c2=CC31,-7.154,0.06348332963355616,717.7249999999999
Cc1ccc(Nc2nc(N)nc(NCc3ccccc3OC(F)(F)F)n2)cc1,-7.4,0.5847863716299007,390.3690000000001
NCCCCN(Cc1ccccn1)CC1CCOC1,-5.687,0.7247550169910288,263.385
C=C(C)CNCCN1CCCC1CN,-5.352,0.4831745118734149,197.32599999999996
CCC=CCC=CCC=CCC=CCC=CCC=CCCCCCCCCCCC(=O)OC(COC(=O)CC=CCC=CCC=CCC)COC(=O)CCCCCCCCCCCCC,,,
Nc1ccncc1C(=O)NC1CCCCC1C(F)(F)F,-6.706,0.8778801920675889,287.2849999999999
Cc1cc(=O)[nH]c(-c2ccc(Nc3cncc(NC4(c5ccccc5)CCN(C)CC4)n3)cc2)n1,-8.117,0.3885592092996302,467.5770000000003
O=C(CCC(=O)N1C2CCC1CN(C(=O)c1ccccc1F)C2)NC1CC1,-7.39,0.8541450336638587,373.4280000000001
CC(C)(CC(CC(=O)N1Cc2ccc(C3CCOCC3)cc2CC1c1nccs1)C(=O)N1CC2C(Br)C3CC1C32)C(F)(F)F,-8.345,0.29664978905626543,694.6580000000002
Cc1cc(Oc2ccccc2C#N)cc(C(=O)O)c1,-6.902,0.9099959400978586,253.25699999999998
CCOC(=O)c1ccc2c(OC)ccnc2c1C(C)=O,-5.534,0.6325252951797146,273.28799999999995
O=C(Nc1cnccn1)C(=O)NC1CCCN(C(=O)NCCc2ccc(Cl)cc2)C1,-8.646,0.6228431066640724,430.8960000000002
N#Cc1ccc(C=CC(=O)N2CCOC(CC(=O)O)C2)cc1,-7.869,0.8456753845771529,300.31399999999996
Cc1cc(C)c(S(=O)(=O)NCCN2CCCN(C)CC2)c(C)c1,-4.49,0.8838368377420007,339.5050000000001
CC(C)C(=O)N=C1SC2CS(=O)(=O)CC2N1c1cccc(S(=O)(=O)N2CCCC2)c1,-6.589,0.6585476931388078,471.62600000000026
CCOC(=O)C(F)(F)CCc1cnn(-c2ccccc2)c1-c1ccccc1,-6.786,0.5678455452973183,370.39900000000006
COC(=O)C(NCc1ccccc1)C(C)CC(C)C,-4.848,0.7685378566944449,263.38100000000003
CCC1CN(C2CCCC2)CCCCC1=O,-3.995,0.7169810843249441,223.35999999999993
CN(Cc1cccc(OS(=O)(=O)Cl)c1)C(=O)C(C)(C)C,-5.537,0.8000548944369488,319.81000000000006
Cc1nn(C2CCCC2)c(C)c1CC(=O)Nc1cnn(CC(=O)O)c1,-7.219,0.8343464226983973,345.4030000000001
CC1(c2nc(-c3cc(CN)ccn3)no2)COC1,-7.221,0.8645349419835359,246.26999999999995
Cc1ccccc1NC(=O)c1cnc(N2CCS(=O)(=O)CC2)nc1,-6.796,0.8997434683658143,346.4120000000001
CCC(N)C(=O)NC(CO)C(=O)NC(Cc1ccc(O)cc1)C(=O)NC(Cc1ccccc1)C(=O)NC(CO)C(=O)O,-6.32,0.103828219763944,587.6300000000002
O=Cc1ncc2nc(-c3ccc(F)cc3)c(C=Cc3ccc(OCCN4CCCC4)cc3)nc2n1,-7.833,0.3465916200529328,469.5200000000004
O=C(CN1CCCC1c1cn2cccnc2n1)N1CCC(O)C1,-7.215,0.8905769016287708,315.3770000000001
CCCCCCCOc1ccc(C)c(-c2ccc(CC(=O)OCCCCC)cn2)c1,-6.464,0.25681849480955504,411.5860000000003
CCc1nc2n(n1)-c1ccc(Oc3ccc4c(c3)C(=O)N(C)C4=O)cc1-c1cc-2cs1,,,
CC(=O)NC1CCC(Nc2ccccn2)CC1,-5.728,0.838551548782249,233.315
CCC(CC)(CO)CNc1nc(N)ns1,-5.244,0.686339131868985,230.337
CCOC(=O)CCSc1nc2ccc(Cl)cc2n1Cc1ccc(-c2ccccc2NC(=O)OC(CCl)CC(=O)O)cc1,-5.906,0.09140252552187621,630.5500000000003
CN(C)C1(c2ccccc2)CCCCC1O,-5.563,0.8252169223322879,219.32799999999992
CC(Oc1ccccc1Cl)c1cccc2cc[nH]c12,-6.996,0.7153584805756501,271.74699999999996
CC(C)CN(C(=O)C1(CN)CCOCC1)C(C)(C)C,-4.825,0.8500980238502654,270.4169999999999
CC(C)C1SCC(C(=O)O)N1C(N)=O,-5.024,0.7085684647062295,218.278
COC(=O)C1=C(C)N=C(C)C(C)(C#N)C1S(=O)(=O)Cc1c(C)cc(C)cc1C,-6.256,0.719664550329747,402.51600000000025
CCCCCCCC(=O)N1CCC(CC)(COCC(=O)O)CC1,-5.798,0.590118345772161,327.46500000000003
CC(=CC(=O)NC1CCC(O)CC1NC(=O)c1ccc(O)c(-c2cccc(F)c2)c1)C=C(C)c1cc(C(C)C)n(C)c1,-7.148,0.20088385278320411,573.7090000000002
COc1cc(C=NNc2nc3ccccc3[nH]2)ccc1OC1CCCCC1,-7.114,0.48991909189204175,364.4490000000003
C1[C@@H]([C@@H](C(=O)N[C@@H]([C@H](O)C)c2[nH]c(-c3cnc(C4(c5ccccc5)CC4)cc3)[nH]2)[C@@H]2C[C@H]1[C@@H](C2)N)N,,,
O=C(N/N=C\c1c(O)ccc(c1)O)c1c(c2-c(cc(cc2)=O)oc1-c1ccccc1)=O,,,
COCCN1C(=O)C(=O)C(=C(O)c2ccc3c(c2)CCCO3)C1c1ccc2c(c1)OCCO2,-6.937,0.42439331014676596,451.47500000000036
Cc1ccc(NC(=O)N(CC(=O)O)CC(C)(C)C)c(C)c1,-6.927,0.8944817409741472,292.379
Cc1cc([N+](=O)[O-])cc(S(=O)(=O)NCC2CCOCO2)c1C,-6.921,0.6428949749913545,330.36200000000014
COCc1ccc(N2CCN(C3CC(C)(C)N(C)C(C)(C)C3)CC2)c(-c2ccc(N3CCN(Cc4ccccc4Cl)CC3C)nn2)n1,-8.884,0.2973819387289666,661.3390000000002
Cc1cc(C(=O)NCCCNS(C)(=O)=O)c2c(C)noc2n1,-6.446,0.7475676477228479,326.37800000000004
CC(=O)c1cc(Cl)cc2c1OCC2,-5.321,0.6454493205921595,196.63299999999995
CN1C(=O)C(C(=O)Nc2ccccc2)SC1=S,-6.348,0.650560954303123,266.34700000000004
CCOP(=O)(CC1CCC(COCC(=O)O)N(Cc2ccccc2)C1)OCC,-5.859,0.5238138322791294,413.45100000000014
CSCCC(NC(=O)OCc1ccccc1)C(=O)N(C)C(C#N)Cc1ccccn1,-5.451,0.6274481356627533,426.54200000000014
CCOCCCN(CCOCC)C(=O)CC1CCCN1,-5.18,0.5836978919686518,286.416
CCCCN(CC(C)C)c1ccc2c(c1)CCO2,-5.952,0.7560223583342602,247.38199999999995
Cc1cccc(NC(=O)COCc2cc(=O)oc3cc4c(cc23)OCO4)c1C,-7.643,0.6826592088096529,381.3840000000002
COc1cc(N=Cc2ccc3c(c2)OCO3)ccc1OC(F)F,-7.061,0.7865642608539326,321.279
COc1ccc([N+](=O)[O-])cc1NC(=O)OC1CCCC1,-6.521,0.6755836778157503,280.28000000000003
Cc1ncnc(OCCOc2ccc(C(C)C)cc2)c1NC(=O)c1cnccn1,-6.525,0.5855327794737757,393.4470000000001
COc1ccc(-c2cc(=O)c3ccc(C)cc3o2)cc1OC,-7.758,0.7376086717578569,296.32200000000006
Cc1ccc(-c2nc(N)sc2-c2ccc(OCCCOC3CC4CCCC(C3)N4C)cc2)cc1,-8.594,0.3932996227205371,477.6740000000004
CCN(c1ccccc1)C(C)Nc1ccc(NC(C)C(=O)c2ccc(N)cc2OC(C)C)c(Nc2ccccc2)c1,-6.094,0.07663668348767293,551.7350000000004
CCOc1cccc2cc(C(=O)N3CCN(c4cccc(Br)c4)CC3)[nH]c12,-7.724,0.6747058595620761,428.33000000000004
C=CC1C(=O)NC(=O)C([N+](=O)[O-])=C(C)C1C(=O)OCC,-4.483,0.2582851190120875,282.252
CC(C)=CC(=O)NC1Cc2cccc(C(=O)O)c2OB1O,,0.5645163889386299,289.096
COCCN(C)CCCC(COC(C)O)N(C)C,-4.623,0.5534083381980761,262.394
CCC(C(=O)NC(Cc1ccccc1)C(=O)COCc1ccccc1)C1CC=C([N+](=O)[O-])NC1=O,-7.509,0.35594201276577425,479.53300000000024
COc1cc(F)c(F)cc1CO,-5.615,0.735102669821984,174.14600000000002
CC(C)(OC(=O)C(F)(F)S(=O)(=O)O)OC(=O)[N+](C)(C)C,-5.017,0.3494433768080987,320.2900000000001
CNC(=O)C1CCCN(c2ccc(C(F)(F)F)cc2NC(=O)C2CCCCC2)C1,-7.883,0.7812280370413093,411.4680000000003
CC=C1C=CNC=[N+]1Cc1ccccc1,-6.159,0.7218724967273037,199.27700000000002
CCC1C2CCCCN2CCN1C(C)C(C)(C)C,-5.353,0.7432829707792605,252.446
CCc1cc(COC(=O)c2cccc(F)c2Cl)on1,-6.889,0.8072311661188496,283.686
CCC(=NOCC(=O)N(C)Cc1ccccc1OC)c1ccccc1O,-7.381,0.5823874426601354,356.4220000000001
Cc1nc(C(N)C(O)c2cc(F)cc(F)c2)no1,-7.175,0.8651913214314176,255.22399999999996
OCc1nnn(C2CC2)c1Cc1ccccc1Cl,-6.188,0.9212606670959065,263.728
CC1(Nc2ccc3c(n2)CC(=O)C3)COc2ccc(-c3n[nH]c4ccc(C(=O)N5CCOCC5)cc34)cc2C1,-9.751,0.4209268891807751,523.5930000000003
Cc1ccc(-c2csc(NC(=O)C(Cn3cc(C)cn3)NC(=O)N3CCOCC3)n2)cc1,-7.385,0.5963774313012247,454.55600000000027
CC(CC(=O)O)CN(C)C(=O)C1CC2CCCCC2N1,-5.961,0.8010567269108344,282.3839999999999
CN(C)C1CCN(c2ccc(NCC(O)CO)cn2)C1,-5.594,0.6805090480219038,280.37200000000007
CC(C)(CNCc1csc2ccccc12)C(N)=O,-6.334,0.8695599655242113,262.378
CCC(O)C(=O)Nc1cc(Cl)ccc1NC(=O)C1COc2ccccc2O1,-7.31,0.7290246477773408,390.82300000000015
O=C(CC1C(=O)NCCN1Cc1ccccc1)Nc1cccc(COCc2ccccc2)c1,-8.168,0.528730478337572,443.54700000000025
CCOc1c(C)cc(CCNC(=O)c2nnn(-c3ccccc3)c2C)cc1C,-7.166,0.6824386485703836,378.4760000000001
CC(C)N1CCC2(CCC3C4OC4CC32)C1,-5.323,0.6313897178925691,221.344
CCCNC=C(F)C(F)(F)F,-4.989,0.5073289323371374,171.13699999999997
COCCC(NC(=O)CC(N)C(C)(C)C)C(=O)OC,-5.035,0.6575445894486902,274.361
O=[N+]([O-])c1cc(Br)ccc1S(=O)(=O)NC(CO)Cc1ccccc1,-6.87,0.5326054443064618,415.26500000000016
CC(O)C(C)C(=O)N1CCC(N2CCCCC2)C1C,-6.066,0.8429446147871744,268.40099999999995
COC(=O)N1CCN(S(=O)(=O)c2cccc(Cl)c2Cl)CC1,-6.46,0.8164422409803461,353.2270000000001
CCCOC(=O)C(=O)N1CC2CC(C)C(C)CC2C1,-6.23,0.5682476039534371,267.36899999999997
CC(C)(C)NCc1cc2n(n1)CCN(C(=O)C1CCCC1)C2,-6.304,0.9320225799230537,304.4380000000001
CCN(CC)c1nc(Cl)nc(Nc2cc(S(=O)(=O)O)c(O)cc2N=Nc2ccc(C(=O)O)cc2)n1,-7.111,0.17919862036760018,521.9430000000002
CCN(Cc1ccoc1)C(=O)c1cn(-c2ccc(C)cc2)nn1,-6.814,0.7266696827328225,310.35699999999997
Cc1ccc2oc(SCC(=O)N3CCC(C(=O)Nc4ccccc4)CC3)nc2c1,-8.713,0.6421592370254808,409.5110000000001
CC(C)CC(=O)N1CCC(CNC2CCN(CC3NOC(c4cc(Cl)cc(Cl)c4)(c4cccc(Cl)c4Cl)O3)CC2)CC1,-8.327,0.3123205845316302,658.4979999999998
O=C1COc2ccccc2C(OC(=O)c2ccccc2OC(F)(F)F)C1,-5.737,0.7728258831429227,366.29100000000005
COc1cc(F)ccc1NC(=O)c1ccc(=O)n(-c2cccc(C(F)(F)F)c2)n1,-8.721,0.6704679687503852,407.32300000000004
CCNCCCc1csc(=O)[nH]1,-4.937,0.6732196163898302,186.28
COc1ccccc1C(CNc1c([N+](=O)[O-])nc(C)n1C)N1CCCC1,-6.359,0.6042658545400738,359.4300000000002
O=C(O)Cn1c(-c2ccccc2Br)nn(CCCO)c1=O,-6.554,0.8030556603557633,356.17600000000016
CCOCOc1cnn(CC)c1N1CCN(CCCC(C)C)CC1,-5.736,0.4846918289730425,338.4960000000001
O=C(C1CC(NS(=O)(=O)c2cccs2)C(CO)O1)N1Cc2ccsc2C1,-6.467,0.7652175578249838,414.5300000000002
CNCCc1cc(C)n(Cc2ccccc2)n1,-6.293,0.8495826548898372,229.327
O=C1c2ccccc2C(=O)N1OC1CCCO1,-6.221,0.7233930923852316,233.22299999999993
COc1ccc(NC(=O)C=CC2=CCC3C4CC=C5CC(O)CCC5(C)C4CCC23C)cc1OC,-7.617,0.399635598861636,477.6450000000004
COc1ccc(NC(=O)N(C)C(=O)C(=O)NCC(C)(C)CO)cc1,-6.265,0.6895473028553617,337.37600000000003
CCCCCCCC(CC(N)=O)C(C)CCCC,-5.38,0.5061212799135599,255.44599999999994
COc1ccc(C2c3cc(-c4cn[nH]c4N)ccc3CN2N)cc1OC(C)C,-7.583,0.5883236807993726,379.46400000000017
COC(=O)CNC(=O)NC(=O)OCc1ccccc1,-6.29,0.785889309847809,266.253
CC1CS(=O)(=O)c2ccccc2CN1c1cc(=O)[nH]o1,-4.861,0.8527152125169727,294.332
CCN(Cc1ccccc1)C1=CC(=O)N(c2ccccc2)C1=O,-7.146,0.7974692859983629,306.365
COC(=O)CCC1=C2CN(c3nc(OC)cc(C(=O)OC)n3)CCC2CC(C)=C1,-7.145,0.6722270671007913,401.46300000000025
CC(O)Cc1nccn1C,-4.01,0.6430611144112744,140.186
Nc1nccnc1C(=O)N1CCC(c2cccc3c2CCO3)CC1,-7.134,0.913714161879192,324.3840000000001
O=S(=O)(c1cnc(-c2ccncc2)nc1NCCN1CCOCC1)C1CCCCC1,-6.914,0.7137176878027991,431.56200000000047
COc1cc(CN2CCN(Cc3c(-c4ccccc4)nc4sccn34)CC2)cc2c1OCO2,-8.042,0.42978207399574686,462.5750000000003
O=C(c1cnccn1)N1CCC(C(=O)N2CC3(CC3COCC3CCCC3)C2)CC1,-7.819,0.7171271554698191,412.53400000000033
CCc1c(C(=N)N)sc2cc(OC(Cc3ccccc3OC(C)C)(c3ncc(OC)cc3-c3ccc(F)cc3)C3CC3)ncc12,-6.683,0.1075065680581094,624.782
CCOC1CC(NC(=O)c2ccncc2)C1(C)C,-6.12,0.8864891092432718,248.32600000000002
CS(=O)(=O)Oc1cc(OCc2ccc(F)cc2F)nc(OC2CCCCC2)c1,-7.128,0.6392747977179304,413.44200000000023
CCc1nc(CC)n(-c2ncnc(OC)c2N)n1,-6.399,0.8589233544101941,248.29
CCN(CC)CCN(CC(=O)N1CCC2(CCN(C3CCCCC3)C2=O)C1Cc1ccc(-c2ccccc2)cc1)C(=O)COc1cc(C)c(Cl)c(C)c1,,,
CCCCCCCCCCCCCCCCCCCCOC1Oc2cc(OC)ccc2C(c2ccc(OC)cc2)=C1OC,-4.744,0.11314204219839676,594.8770000000002
Cc1cc(Br)ccc1CC(C)(O)C1CCCO1,-5.674,0.9282751473364909,299.2080000000001
CCOC(=O)C1=C(C)N=c2sc(=Cc3ccc(OCc4cccc(Cl)c4)c(Br)c3)c(=O)n2C1c1ccc(OC)c(OC)c1,-7.899,0.20715097737074376,684.008
O=NCCCCCCCCSC1CCOCC1,-5.425,0.4393865166947461,259.41499999999996
CC(C)NC(=O)C(=O)Cn1c(-c2ccccc2)c(C(=Nc2ccc(CC(NC(=O)OC(C)(C)C)C(=O)OC(C)(C)C)c3ccccc23)C(=O)NC2CCCCC2)c2ccccc21,,,
CN1CCC(C2CCCCN2C(=O)Cc2cccs2)CC1,-5.984,0.8568462988448207,306.4750000000001
CCc1ccc2c(c1)CC(O)C2(F)F,-6.528,0.7334231956715077,198.21199999999996
CC1(c2csc(-c3nccs3)n2)CCOCC1,-6.14,0.8359618993530846,266.391
Cc1nccc(N2CC(C)(c3ccc(NCOP(O)O)cc3)OC2=O)n1,-6.694,0.517620465986954,378.3250000000001
c1cc2c(c(c1)-c1ccc(cc1)-c1c(-c3cc4OC5CC=CC=C5CN(C4)c4ccccc4)cc4c3c(n(c4c1)-c1ccccc1)-c1ccccc1)ccc1ccccc12,,,
CCOC(=O)C(C(C(=O)OC)=C(Cc1ccccc1)C(=O)OC)=C(C)c1ccccc1,-5.247,0.2777962885310232,422.47700000000015
O=C(C=C(O)c1ccccn1)NC1N=C(c2ccccc2)c2cc(Cl)ccc2NC1=O,-6.928,0.43278039062938156,432.8670000000002
Cc1nc(N2CC3COC(C2)O3)nc(N2CC(C(N)=O)(C3(c4cc(F)ccc4F)CC3)C2)c1C,-7.175,0.7125774931666334,471.50800000000027
O=C(O)CN1CCc2nc(-n3c4ccccc4c4ccccc43)sc2C1,-7.137,0.6031686335448763,363.4420000000001
COCCN(Cc1cccc(OS(C)(=O)=O)c1)C(=O)Nc1cccc(C)c1,-6.604,0.6982507318091976,392.4770000000001
CC(=O)Nc1ccc(-c2cccc(NC(=O)C3CNNC3=O)c2)cc1C,-7.923,0.630751058426271,352.39400000000006
CC1CC1C(=O)NCC(=O)NCc1ccccc1,-6.47,0.816322859621588,246.31000000000003
O=C(c1cc(C2CCCNC2)[nH]n1)N1CCOc2ccccc2C1,-5.875,0.8843649900911952,326.40000000000003
CC(C)(CCC#N)n1cnc2c([N+](=O)[O-])cccc21,-6.178,0.6228528744269375,258.281
CC(=O)Nc1ccc2cc(S(=O)(=O)N(c3cccnc3)c3ccn(Cc4ccc(F)cc4F)n3)ccc2n1,-8.429,0.32588514560094756,534.5480000000001
C=C(Nc1cccc(CO)c1)c1c[nH]c2ccccc12,-7.217,0.6719203860882274,264.32800000000003
CCOC(C)CC(=O)O,-4.386,0.6173924663185079,132.15900000000002
CCOC(=O)c1nnn(-c2ncccn2)c1N,-5.692,0.7330964760589297,234.21900000000002
COc1ccc(C)cc1-n1nnnc1SCC(=O)O,-6.807,0.821567903303594,280.30899999999997
COc1ccc(OC)c(CCC(=O)N2CCC(n3c(SCC(=O)Nc4ccccc4OC)nc4ccccc43)CC2)c1,-7.837,0.22838892709630043,588.73
COc1cccc(C2(C(=O)O)CCCN2C)c1,-6.282,0.8659794990349912,235.28299999999996
CCCCCCOC(=O)CCCCCCCCCC(=O)NCCCC(=O)C(=O)OC(C)(C)C,-5.545,0.14501439126368923,469.66300000000024
COc1cnn(C2CSC(=O)C2)c1N,-5.218,0.7818357273082732,213.26199999999997
CC(C)n1c(=O)n(Cc2ccccc2)c(=O)c2nn(-c3ccccc3)c(C#N)c21,-7.106,0.5405682914017989,385.42700000000013
NS(=O)(=O)c1ccc(-c2cscc2C(=O)N2CCCCC2)cc1,-6.587,0.9239706106100783,350.4650000000002
CCCNC(Cc1sccc1C)c1cc(F)ccc1C,-6.144,0.8067750695886267,291.435
O=C(CCS(=O)(=O)c1ccc2c(c1)CCC2)Nc1ccc2c(c1)OCO2,-8.008,0.8714418854402599,373.4300000000001
CCc1ccc(NC(=O)C2Cc3ccccc3CN2C(=O)c2ccc(OC)cc2)cc1,-7.542,0.6704663385832133,414.50500000000017
CC(C=C1NCC(C)(C)OC1=O)C(=O)N1CCc2c(cccc2Nc2ccc(C(=N)N)cc2F)C1,-7.693,0.22628460895569105,479.55600000000015
CC#CCOc1ccc(C(=O)Nc2ccc(-c3ccc4ccccc4c3)cc2)o1,-7.695,0.4476254900932458,381.4310000000001
CC(C)(C)c1ccc(C(CN)C(=O)O)cc1,-5.529,0.8212935591788975,221.29999999999995
CC(C)CC12C=CC=CC1=CC(OCCn1ccc3ccccc31)C=C2,-6.082,0.6142785417644149,345.486
C#CC12OOC1(C)C(C)(CC#N)NC(=O)NC2=O,-5.476,0.4857679701214857,249.226
CCOC1(C(=O)Cc2ccsc2)CCCCC1,-5.35,0.8000655405225934,252.37899999999993
CCCCC1CCc2c(C(=O)OC)c(O)cc(=O)n2C1,-6.042,0.8568822105981962,279.336
COc1ccc(-n2cnnc2C2CC2)cc1NC(=O)C(C)N1CCCNCC1=O,-5.447,0.7607037978142472,398.4670000000002
O=C(OCC1c2ccccc2-c2ccccc21)N1CCC2CNCCC21,-8.416,0.9012157520323401,348.44600000000014
BrCNCC1CCSC1,-4.274,0.5614774798190219,210.14
CCC1CN(S(=O)(=O)c2ccccc2)CC1N,-6.268,0.8764494910677869,254.355
CC1(C)c2ccccc2-c2cc3c(cc21)C=CCN3c1ccc2c(c1)oc1cc(N(c3ccccc3)c3ccccc3)ccc12,-9.867,0.2064293986518789,580.7310000000002
COc1ccc2oc(=O)c(-c3nc4c(-c5ccccc5)cccc4o3)cc2c1,-7.872,0.4050407503391924,369.3760000000001
Cc1cccnc1C(=O)NCC1(CBr)CCCC1,-6.359,0.8684028059682999,311.2230000000001
NCCn1cncc1C(=O)NCCCC(N)=O,-5.803,0.5200647360789339,239.27899999999994
CCCCCCCCCCCCCCCCCC(=O)NC1(NCCCCCCCC)C(=O)N(C)C(=O)N1CCCCCCCCCCCCCCCCC,,,
CNCc1c(C)ccc(Cl)c1Cl,-4.904,0.7801433561736457,204.09999999999997
CC(C)Nc1nc2cc(Cl)ccc2n1S(=O)(=O)c1ccc(Br)cc1,-6.583,0.6638874876079113,428.7390000000001
NNCc1cccc2c1CCCC2,-5.531,0.529492319970916,176.26299999999992
CCOC(=O)c1cc(SC(F)(F)F)n(C(C)(C)C)n1,-5.91,0.6329766492289719,296.31399999999996
CCCC=CCC=CCCCCCCCC(=O)OC(COC(=O)CCCCCCCC=CCCCCC)COC(=O)CCCCCCCCCCCCCC=CCCCCCCCCCC,,,
CC(C)(C)C1CN(C(=O)c2ccc(S(N)(=O)=O)s2)CCCN1,-4.312,0.84346837167606,345.4900000000001
CC(C)(C)OC(=O)NC(Cc1ccccc1)C(O)c1ccc(NC(=O)Oc2ccccc2)cc1,-7.936,0.4328008593143917,462.54600000000016
CN1CCN(Cc2ccccc2NC(=O)C2CCCN(C(=O)C3CC3)C2)CC1,-6.983,0.8439543930631912,384.5240000000003
O=C(COc1ccc(Br)cc1)NC1CCCS(=O)(=O)C1,-6.538,0.8817238217048148,362.2450000000002
CN(C)c1nccc(-c2ccc(NC(=O)C3(N4CCN(C(=O)c5ccccc5)CC4)CCCCC3)cc2)n1,-8.403,0.5302057461782774,512.6580000000004
CCCC1=CC2C(CC3(C4CCC5C6OCC(C)(O)CN(C)C5C4(C)C6OC)C(C)(C(=O)O)C(OC(C)=O)C(O)C3(O)C2OC(C)=O)C2(C)CCC(O)CC12,,,
Cc1ccc(CNC(=O)c2ccc(-c3ccc(CO)cc3)[nH]2)o1,-7.573,0.6776242431792874,310.353
NOC(=O)C1CCCCN1C(=O)C(F)(F)F,-5.514,0.6709273955333195,240.18099999999995
CCCNCc1cc(C)nc(-c2cc(Br)ccc2OC)c1,-6.487,0.7886219617786925,349.27200000000005
O=C(NCCCN1CCCC1=O)c1cc(-c2ccco2)on1,-6.645,0.8201083746761112,303.31800000000004
CC1CCC(O)(c2ccc(-c3cc(CO)ccc3C3CC3)cc2)CC1,-7.124,0.8132249175928138,336.47500000000014
CCN=C(NC1CCOC1C1CCCCC1)N1CCC(COCC(N)=O)CC1,-6.555,0.508515156232576,394.56000000000023
CCCCC1(CCC[N+](C)(C)C)c2ccccc2-c2ccccc21,-6.193,0.5795316183483856,322.5160000000001
Cc1nc2ccccn2c(=O)c1C=C1SC(=S)N(CCCc2ccccc2)C1=O,-7.682,0.4628594744716905,421.5470000000002
C=CC=C(C)CC,-4.564,0.46325472131952733,96.17299999999999
COC(=O)CC1(C)OCC(=O)N1C(=O)OC(C)(C)C,-5.877,0.6995748955824925,273.28499999999997
CCCCn1c(CN2CCOCC2)csc1=NC(=O)c1cccc(Br)c1,-6.181,0.6914872756529528,438.3910000000001
Cc1cccc(C(=O)NNC(=O)c2n[nH]c(=O)c3ccccc23)c1,-7.941,0.6186958043258326,322.324
O=C(N1CCOCC1)C1(c2cc3c(Cc4ccccc4)ccnc3[nH]2)CC(N2CCC(c3ccc(F)cc3)CC2)C1,-8.758,0.3465835142415885,552.6940000000001
CC(C)n1ccc(CNC(=O)C2CC=CCC2)n1,-6.473,0.8306309629555065,247.34199999999996
COc1nn(CC(=O)NC(C)Cc2c[nH]c3ccccc23)c(=O)c2ccccc12,-7.378,0.5296896830067603,390.44300000000015
CN=C(NCCCOCC(C)C)NCCOC1CCc2ccccc21,-6.018,0.38814182285742904,347.5030000000001
C=C(C(=O)O)C1CC2C3CC=C(C)C3(Br)CC(OC(=O)CC)C2C2(C)C1CC(=O)OC2n1cc(CN(C(=O)CCOCCOCCOCCOCCOC)c2cccc(N)c2)c2ccc(O)cc21,,,
O=c1[nH]n2ncnc2cc1Cc1ccc2c(c1)OCO2,-7.959,0.7423013786002765,270.248
Cc1ccccc1Cn1cccc1CN(CC1(CO)CC1)S(=O)(=O)c1ccc(-c2ccccc2Cl)cc1,-6.506,0.26610723811516473,535.1090000000003
CCNCCNC(=O)C1CNCCN1C(=O)c1cc(C(C)c2cccc(C(F)(F)F)c2)cc(C)n1,-7.438,0.49472154340520536,491.5580000000001
CC1CCC(OCC(=O)NC(Cc2ccc(O)cc2)C(=O)O)CC1,-6.79,0.7090288184110158,335.40000000000015
CC(C)(C)OC(=O)N(Cc1ccc2c(c1)OCO2)C1CCS(=O)(=O)C1,-6.987,0.8133183998682232,369.43900000000014
CC(C)COc1cccc(C(=O)Nc2cc(F)c(Cl)c(F)c2F)c1,-7.044,0.6007531718677047,357.759
CC(C)(C)c1cc(C(C)(C)C)c(OP(=O)(O)CC(=O)NO)c(C(C)(C)C)c1,-5.721,0.3891011780405401,399.46800000000013
CC(C)c1cc(N)c2c(n1)CCCC2,-6.203,0.7390655781313248,190.28999999999994
CC(=O)Nc1cc(S(=O)(=O)O)ccc1S(=O)(=O)O,-6.091,0.6739254243914234,295.29400000000004
COC(=O)C1CCC(C)N(c2nc(CC3CCN(S(=O)(=O)c4ccc(F)cc4)CC3)c3cccnc3n2)CC1,-6.225,0.42089992261568493,555.676
C=CC(=O)Nc1ccc2c(c1)nc(-c1[nH]c3cccc(C(=O)Nc4cccnc4)c3c1C)n2C1CCCCC1,-7.689,0.2157680811075701,518.6210000000003
O=C(Cc1ccc(Cl)cc1)N1CCCC2(CCOCN(Cc3ccccc3F)C2)C1,-6.153,0.7149927770833194,430.9510000000002
Cn1c(=O)[nH]c(=O)c2[nH]c(-c3ccc(O)cc3)nc21,-7.034,0.5844170278029998,258.237
Cc1nn(C)c(C)c1CNC(=O)c1cnc(C(C)(C)C)cc1Cl,-6.885,0.9363334817559166,334.851
CC1CNCC1C(=O)NCCn1ccnn1,-6.252,0.7042719344265389,223.28
Cc1ccc(C(=O)c2c(C)nnn2C)c(Cl)c1,-6.555,0.7677350162616168,249.70100000000002
CC(C)S(=O)(=O)Nc1cccnc1Cl,-4.891,0.8128953872574589,234.70800000000003
Cc1ccc2c([nH]c(=S)n2CC(=O)O)c1C,-5.73,0.7870938075162994,236.296
O=C(CSc1nncn1-c1cccc(Cl)c1)NCCc1ccccc1,-7.497,0.6458123744851441,372.88100000000014
O=C1NC(=S)N(c2ccccc2F)C(=O)C1=Cc1cn(Cc2ccccc2)c2ccccc12,-7.469,0.27670051571615156,455.5140000000002
Cc1cccc(C(=O)N2CCC(Oc3cc(-c4ccccc4)nc(F)n3)CC2)c1,-8.555,0.623335298559479,391.4460000000001
COc1ccc(OC)c(S(=O)(=O)N(C)Cc2c(OC)ccc3ccccc23)c1,-7.228,0.6041810688391747,401.4840000000001
CC1CCCCC1OC(=O)CSc1nnc2ccc(S(N)(=O)=O)cn12,-6.222,0.6143327733646061,384.4830000000001
COc1ccc(NC(=O)C(=O)Nc2cccc(C)c2C)cc1C,-7.798,0.8553033763247521,312.3690000000001
Cc1ccc(CNCc2ccccc2Cl)s1,-6.073,0.8662395804354531,251.78200000000004
Cc1ccc(Cn2ncc(-c3cnc(N)c(C(N)=O)c3)c2-c2cccs2)cc1,-7.435,0.5432769143527547,389.4840000000001
C#CC(Cc1cccc(Br)c1)NC,-6.057,0.795896544869203,238.128
OC(CCl)COc1cccc(Cl)c1C(F)(F)F,-5.732,0.8613924139719591,289.08
CC(O)(Cn1cncn1)c1ccc(F)cc1F,-5.719,0.8818384444795637,239.225
CCCN1CCN(CCC(C)(C)OC)CC1CC,-5.62,0.6962087325388138,256.43399999999997
CCOC(=O)c1ccc2c(c1CC)CCC2,-5.476,0.7290780311448806,218.2959999999999
O=C(NO)c1ccc2[nH]nc(-c3ccccc3Cl)c2c1,-7.452,0.5006750709840212,287.706
CCOC(=O)c1cc(-n2nc(C)cc2C2CCN(C(=O)c3cnc(Cl)c(Cl)c3)C2)ccn1,-7.782,0.4090022682833655,474.3480000000001
CS(=O)(=O)c1ccc(NCCCC(=O)O)o1,-6.372,0.7266276528645661,247.27199999999996
O=C1C(=Cc2cc(Br)c(O)c(Br)c2)C2CCCCC2=Cc2ccccc21,-5.763,0.4636249110193231,474.1920000000003
CCc1cnc(N(C)Cc2ccc(OCCCN3CCCC3)cc2)nc1,-6.555,0.6444107980448266,354.49800000000016
CCNCCC(=O)NC(C)C(=O)N(C)C,-5.167,0.5915317189763191,215.29699999999997
Cc1cc(C)cc(C(NN)c2cc(F)cc(Cl)c2)c1,-7.503,0.6643138210165459,278.758
CN(C1CCNC1)S(=O)(=O)c1ccoc1Cl,-5.506,0.8817533992775626,264.73400000000004
CC(=O)N(CCC(=O)Nc1ccc(N(C)C)cc1)CC(=O)N1CCN(C)CC1,-6.117,0.743141099428505,389.5000000000003
CCOC1(c2ccnc(CCl)n2)CCCCCC1,-3.791,0.6153705918652003,268.78799999999995
CCOc1ccc(N(CC(=O)N(Cc2cccc(Br)c2)C(Cc2ccccc2)C(=O)NC2CCCCC2)S(=O)(=O)c2ccc(C(F)(F)F)cc2)cc1,,,
Cc1ccn(CCc2cccc3c2CN(C)C3)c(=O)c1-c1[nH]ncc1N=Nc1ccccc1C#N,-7.266,0.4055184073376937,463.54500000000013
C=C(C)CCOc1ccc(CCNC2CC(=NOC(N)=O)CC(C)(C)C2)cc1,-5.981,0.37778076971405844,387.52400000000017
COc1ccc(C(=O)C2CN(C(=O)Nc3ccc4c(N)noc4c3)C3(CCc4cc(Cl)ccc43)C2)cc1OC,-8.641,0.30983859038223377,547.0110000000003
CCOC=COc1cccc(C2CCC(Cc3cc(C)c(F)c(F)c3)CC2)c1,-8.13,0.49443565702335884,386.4820000000001
O=C(O)CCC1NC(=O)N(CCc2ccc(O)cc2)C1=O,-6.775,0.6696748355208413,292.29100000000005
c1ccc(-c2ccc(-c3cc(-c4ccccc4)nc(-c4ccc(-c5ccc6ccccc6c5)c5ccccc45)n3)cc2)cc1,-10.12,0.20919038803297144,560.7000000000003
O=C(O)C(=O)C=Cc1ccc2c(c1)OCCO2,-6.532,0.626420625839978,234.20699999999994
COC(=O)c1cnc(NC2CC2(C)C)c(Cl)c1,-5.925,0.8430341304110609,254.71699999999998
Cc1cc(N(C)Cc2ncc[nH]2)ccc1Cl,-6.447,0.8870819188099559,235.71800000000005
Cc1ccc(C)c(-n2c(C)cc(C=C(C#N)C(=O)N3CCN(C)c4ccccc43)c2C)c1,-7.876,0.43410919768020795,424.54800000000023
CCC(=O)c1cc(NC(=O)CCCCc2nc(C)c(-c3cccc(C#N)c3)c(CC)n2)ccc1F,-7.364,0.28967645704048356,472.56400000000014
CC(C)C(CCC(=O)O)NC(=O)C1CCCN(C(=O)c2ccc(F)cc2)C1,-7.058,0.7637266319188752,378.4440000000001
COC(=O)CCc1c(CF)cccc1S(=O)(=O)NC(CF)Cc1cc(C(F)(F)F)cc(C(F)(F)F)c1,-6.113,0.3297545309951108,547.4640000000003
Cc1cc(O)c(S(=O)(=O)Nc2ccc(Cl)cc2)cc1NC(=O)c1ccccc1,-8.072,0.5367073078192726,416.88600000000014
CCc1c(COc2cc3c(cc2F)CC(C(=O)OC)N(c2ncnc4nc[nH]c24)C3)ccc2occc12,-8.06,0.3395469912809034,501.5180000000002
CC(C)CS(=O)(=O)NCC1CCC(Nc2cccc(-c3cc4ncsc4cc3O)n2)CC1,-8.212,0.4403975983386544,474.6520000000002
CCCCOc1ncc(CNCC)cc1Cl,-5.467,0.7467250823401699,242.74999999999997
O=C(NCCc1ccc(O)c(O)c1)C1CC(SC2CCCCC2)CCN1,-7.758,0.572396900645257,378.5380000000003
C#CCNC(=O)N(CC=CCN(Cc1ccc(-c2ccccc2-c2nn[nH]n2)cc1)C(C)=O)S(=O)(=O)c1ccc(C)cc1,-8.038,0.1980090163389841,597.7010000000001
OC([C@@H]1[C@H]([C@H](O)[C@H]([C@H](O1)O[C@@H]1[C@@H](O)[C@H](O[C@H]([C@H]1O)CO)O[C@H]1[C@@H]([C@@H](O)[C@H](O[C@@H]1CO)O[C@H]1[C@@H]([C@@H](O)[C@H](O[C@@H]2[C@H](O[C@H]([C@H](O)[C@H]2O)O[C@H]2[C@H](O)[C@H]([C@@H](O[C@@H]2CO)O[C@@H]2[C@@H]([C@H](C[C@@](C(O)=O)(O)[C@@H]2O)OC([C@H]2,,,
COc1ccc2nc(C)cc(NCCCN(C)C)c2c1,-6.094,0.8212016425491058,273.38
CNC(=O)c1cc(S(=O)(=O)N2CCC(C)C(C)C2)sc1NN,-7.848,0.5584531943229846,346.478
N#Cc1ccc2c(c1)c1ccc(C#N)cc1n2-c1ccc(-c2ccccc2)cc1-c1ccccc1-c1ccccc2c3c(cc1-2)oc1ccccc13,-8.11,0.1884857301010409,661.7640000000001
Brc1ccccc1-n1c(C2CCCO2)nc2ccccc21,-6.873,0.6778192982331865,343.224
COc1ccc(C(CC(C)C)NC(=O)c2ccc(Cn3cccn3)cc2)cc1,-6.721,0.6306019850844325,377.48800000000006
CN(CC1CCCCO1)C(=O)C1CC(O)CN1C(=O)c1cccc(=O)[nH]1,-7.186,0.7824882991402505,363.4140000000001
O=C1Nc2ccccc2C12CCCC2,-5.829,0.663740831649935,187.2419999999999
Cc1cccc(OCC(O)CSc2nc3ccccc3n2C)c1,-6.009,0.7045097034567718,328.43700000000007
CN(Cc1cncs1)c1ccc(Br)cc1CN,-5.585,0.9435060932451779,312.23600000000005
Cc1ccc(C)c(-c2csc(CC(=O)NN=Cc3ccccc3Cl)n2)c1,-7.284,0.5091341084604952,383.90400000000005
CC1CC(c2ccc(N)cc2)N(CC(O)CO)C1=O,-5.825,0.6923794519468838,264.325
CCOc1ccc(CC(=O)NCc2nnnn2-c2ccccc2)cc1,-7.755,0.7121617283140684,337.38300000000004
CCOc1ccc(C(=O)Nc2ccc(N3CCOCC3)cc2F)cc1F,-6.845,0.8851768952835808,362.3760000000001
CSCCC(NC(=O)N(C)C1CCC1)C(=O)O,-5.298,0.7568612286004507,260.3589999999999
O=C(Nc1ccccc1)Nc1cnn(CCO)c(=O)c1,-6.165,0.7707150012787913,274.28
CC(=O)NC1C(OCC(O)CN(CCNC(=O)c2c(O)c(O)c3ccccc3c2O)CCOc2ccc(Br)c3ccccc23)OC(CO)C(O)C1OS(=O)(=O)O,,,
CCOC(=O)c1[nH]c(S(=O)(=O)NCC2(c3ccc(F)cc3)CCCC2)c(C)c1C,-7.446,0.6656005355176943,422.5220000000003
CC1CCC2(CCCCC2C)N1,-4.998,0.5846812845788468,167.29600000000002
O=C(Cc1ccccn1)NCc1ccnc2ccc(C3CCN(C(=O)S)CC3)nc12,-8.017,0.6182675605065343,421.52600000000024
CCC(C)n1nc(C)cc1NC(=O)C(C)N1CCCC(O)C1,-6.114,0.8719956879007403,308.42600000000004
Brc1csc(CNCc2cnc[nH]2)c1,-5.751,0.8974993982224511,272.17099999999994
n1c(-c2ccc3c(nc(-c4c[nH]c5ncccc5c4)cc3)c2)oc(n1)C(F)F,,,
CC1CCN(C(=O)c2cncc(C#N)n2)CC1,-6.562,0.7269436179750665,230.27099999999996
c12c3OC(=C([C@H](c4ccc(c(OC)c4)OC)c1c(=O)[nH]c(n2)OCC)C(=O)CC3)C(=O)OC,,,
Fc1c(CCl)ccnc1N1CC=CCC1,-5.577,0.5695492273936467,226.68199999999996
CCCCCCCCCCCCCCCC(=O)NC(Cc1ccn[nH]1)C(=O)O,-5.295,0.30574455236342585,393.57200000000006
CC(CN1CCNCC1)NC(=O)c1ccc(Cl)cc1,-7.047,0.8760088188336783,281.787
CCC(C(=O)N(C)CC(=O)c1ccc(NC(C)=O)cc1)c1ccccc1,-7.422,0.7759496048577063,352.434
COc1cc(OCCO)ccc1C1CC2(CCCCC2)CN(C2CCC(O)CC2)C1N1COC2CCOCC21,-6.948,0.5352692473415172,544.7330000000004
C=C(NC(C=O)c1ccc(C(F)(F)F)nc1)OCC,-6.367,0.6391483722273635,274.242
CN(C(=O)C1CCC(c2cccs2)N1)C(C)(C)C(=O)O,-6.646,0.8896024174264386,296.39200000000005
CC(C)Oc1ccc2c(c1)CCN1CCC(=O)C21,-6.332,0.8006954757790967,245.32199999999995
c1n[nH]c(CN2CCC(C3CCCCC3)C2)n1,-6.747,0.8717699580916437,234.34699999999992
NC(=O)c1c(NC(=O)CSc2nnc(-c3cccs3)o2)sc2c1CCCCC2,-5.662,0.44867868108368597,434.56800000000027
COC(=O)c1cc(NC(=O)C(Cc2ccccc2)n2nnc3ccccc3c2=O)ccc1C,-7.464,0.45973098811599533,442.4750000000002
COc1cc(CN)cc(F)c1OCc1ncn(C)n1,-5.909,0.8734418563230766,266.27599999999995
CCc1cccc(-n2[nH]c(=O)c3c2NC(=O)C3=C2C(=Cc3nn(C)c(=O)c4ccccc34)CCCC2C)n1,-7.806,0.40646268270621844,508.5820000000003
COc1cc(OC)c(OC)cc1C=C1C(=O)NC(=S)NC1=O,-6.636,0.4802744300729246,322.34200000000004
CC(C)C1(CN2CCC2)CC1,-4.043,0.6001023768418877,153.26899999999998
CCOC(=O)C(CC(C)C)NC(=O)COCCOC,-5.018,0.4701058109154516,275.34499999999997
CCOc1ccccc1C(=O)NNC(=O)c1ccc(=O)n(Cc2ccccc2)n1,-7.471,0.6226387084494145,392.41500000000013
Cc1nc(N2N=CC(C)C2=O)sc1C(=O)Nc1cccc(C#Cc2ccc(C(=O)O)s2)c1,-8.543,0.5701251012969316,464.5280000000002
CC(=NOC[B]C=C(c1ccc(OCC2(C)CC2)cc1)N1CCC(F)(F)CC1)C(=O)NCC1CNC(=O)O1,,0.1860978403289528,531.3890000000002
CCOCCOCC1CCN(CCCl)CC1,-5.022,0.48519830748122467,249.78199999999993
CC(C)(C)OC(=O)N1CC2(CC2)C1C(=O)O,-4.845,0.7362342893875212,227.25999999999996
CCN1CCCC1C(C)c1cc(=O)[nH]c2cccc(F)c12,-7.053,0.9407978677101666,288.36600000000004
Cc1nc(C)c(-c2ccc(NC(=O)c3ccc(CO)cc3)cc2)s1,-6.746,0.7502842446323328,338.43199999999996
CCOC(=O)Cn1c(Cc2ccc([N+](=O)[O-])cc2)nc2ccccc21,-6.422,0.3911113392479368,339.35100000000006
O=C(O)c1ccc(N2CCC3(CC2)OCCN(Cc2ccc(Cl)cc2)C3=O)cc1,-7.537,0.8294619761747476,414.88900000000007
COc1cc(C(=O)NC(C)(C)C#N)ccc1OCc1ccccc1,-6.491,0.8847036720360597,324.38
CC(C)c1onc(CCl)c1Cl,-4.563,0.675304543833887,194.06099999999998
NCC(CO)c1cc2ccccn2c1,-5.534,0.7574643902251262,190.246
Cc1nnc(CNC(=O)CC2CCNC2)s1,-6.445,0.8022460106862342,240.33199999999997
CC1CNCCC1CNC(=O)N(C)CCc1nc2ccccc2o1,-6.542,0.8820855565752815,330.432
COc1ccc(C(=O)N2CCC(Oc3nc4c([N+](=O)[O-])cccc4s3)CC2)c(OC)c1,-7.254,0.42020865308755523,443.4810000000002
C=CCOC(=O)C1=C(C)N(CC2CCCO2)C(=O)C(C)C1C(=O)OCC,-5.772,0.5056150174505577,365.4260000000001
Cc1ccc(CC2CCCC(CSC(P(=O)(O)O)P(=O)(O)O)CC2)cc1,-4.932,0.3861431218090784,422.42000000000013
O=C(NN=Cc1cc(I)c(OCc2ccc(Cl)c(Cl)c2)c(I)c1)c1ccc(OCCOc2ccccc2)cc1,-5.938,0.0724902339306203,787.219
COc1cc(C(C)N2CCC(CO)C2)ccc1O,-6.699,0.8561366759790806,251.326
Cc1cn[nH]c1-c1ccc(Nc2nc(N3C4CCC3CNC4)nn3cccc23)cc1,-8.193,0.4880377976173878,400.4900000000001
CCCCCCCC(OCc1ccccc1)C(NC(=O)CCCNC(=O)OC(C)(C)C)C(=O)OCc1ccccc1,-5.974,0.15792677674145994,568.7550000000006
CNCc1ccccc1Sc1nccs1,-4.897,0.8830212664985664,236.36499999999998
Cc1cc(C(=O)NC(C)c2ccccc2)nc(N2CCCC2)n1,-7.302,0.9431570979982352,310.4010000000001
CCc1onc(C)c1C(=O)NC(CC1CC1)C(C)O,-6.531,0.8232799766472243,266.34099999999995
NC(CNC(=O)C1CC2CCCC1C2)C1CC1,-6.189,0.7798063470590305,236.35899999999992
O=C(CCC1CC1NC(=O)c1noc2c1CCCC2)Nc1ccccc1,-7.854,0.835713250817865,353.422
O=C(Cl)c1ccc(F)c(C(=O)c2ccccc2)c1,-7.408,0.6272271204237146,262.667
CC(=O)c1ccc(OCC2=CCCCC2)c(N)c1,-6.39,0.5025252905029214,245.32199999999992
CCOC(=O)CN(CC(=O)NC)c1cccc(C)c1,-5.975,0.781981603984748,264.325
CCC1CCCN(C(=O)C2CCOCC2)C1,-5.498,0.7196766023587674,225.33199999999994
Cc1cccc(NC2CCCCC2C2CCCC2)n1,-7.065,0.8599284548690392,258.40899999999993
CC=CC1(C)OC2CCCC2O1,-5.16,0.5589564566872774,168.236
CCCN(C1CCNCC1)C(C)c1cccc(Cl)c1Cl,-6.008,0.8593078675474964,315.288
CN(C)c1cc(C2CC2)nc2c(Br)ccc(Br)c12,-6.694,0.7619160586040151,370.088
Cc1ccc(C)c(OCCC2(CN)CCC(C)CC2)c1,-7.092,0.8725646868226266,275.436
CCS(=O)(=O)N1CCCCC1C(=O)N(C)Cc1ccccc1C,-6.439,0.8265220689351634,338.473
CCCCCCC1(CO)CCN(C(=O)CCC)C1,-5.458,0.6773949355066833,255.40199999999993
O=C(NCCNC(=O)C1CCCO1)c1ccc(Cn2nnc3ccccc3c2=O)o1,-8.033,0.5405294540446441,411.41800000000006
O=S(=O)(Cl)c1csc(CO)c1,-4.747,0.7492046538439456,212.67899999999997
Cc1nc(-n2cncn2)ccc1CCl,-5.978,0.7061459190910934,208.652
Cc1cc(-c2cc(CC(=O)Cn3ccnc3)cc3c(N)nccc23)cc2sc(C(C)Oc3ccc(F)cn3)nc12,-8.23,0.24355686735378282,552.6350000000001
CCOc1cc(C2CN=C(N3CCCCC3)NN2)ccc1OCc1ccccc1,-7.072,0.7831828463757887,394.5190000000001
Cc1nn(CC(C)C)c(Cl)c1C=CC(=O)Nc1ccc(Oc2ncccn2)c(Cl)c1,-7.167,0.4925120371087825,446.3380000000001
CC(C)(CC(O)c1ccccc1)C1=C(C2CCCC2)CCC1,-5.909,0.6803219724780307,298.4700000000001
CC(NCc1ccco1)c1ccccc1F,-5.961,0.8532991469964949,219.259
CCOc1ccc(N(CC(=O)NN=Cc2ccccn2)S(=O)(=O)c2ccc(Cl)cc2)cc1,-6.539,0.3792712355091713,472.9540000000002
CCOP(O)F,-3.53,0.5437794307871305,112.03999999999999
CCCNC(=O)CNC(CC)c1ccccc1,-5.984,0.7594888307140852,234.343
COCCN1C(=O)CC(C(C)c2ccccn2)C1C,-5.552,0.8155129059317099,262.353
CS(=O)(=O)C1(N)CCCN(C(=O)c2ccc3nc(C(=O)O)cc(C(F)(F)F)c3c2)C(c2ccccc2)C1,-5.704,0.5160308699702978,535.5440000000001
CCOc1coc(CN2C(=O)CCC(c3ccccc3)N2C(=O)OC(C)(C)C)c1C#N,-6.192,0.6964222166633652,425.4850000000002
c1c(C2CCCC2)sc2c1CCCC2,-5.685,0.6429407634309202,206.35399999999996
Cc1ccc2c(c1)C(c1ccc(N3CC(c4ccc(F)cc4)OC3=O)nc1)(C(C)C)C(=O)N2C,-7.806,0.5416928122013711,459.52100000000024
CC(C)OC(=O)C(C)NP(=S)(Oc1ccccc1)OC1CC(COP(C)(=S)Oc2ccccc2)OC1n1ccc(=O)[nH]c1=O,-6.642,0.18306626436088716,683.6820000000002
O=C(NC1CC1)c1cn(C2CC2)c2cc(CN(C(=O)c3c(F)cccc3Cl)C3CC3)c3c(c2c1=O)OC(F)(F)O3,-7.504,0.4223584994584332,573.9550000000004
CCCCOC(=O)C1=C(C)NC2=C(C(=O)CC(c3ccc([N+](=O)[O-])cc3)C2)C1c1ccc(Br)cc1,-6.769,0.19879676702430377,539.4260000000002
NCc1cnccc1C(=O)N1CCCOCC1,-4.162,0.8054568071714457,235.2869999999999
c1c2n(c(n1)C)c1c(c(=O)c2C(O)=O)cccc1,,,
c12ccccc1c1cc(C3=C(c4c5c(cccc5)ccc4-c4ccc5c(c4)C(c4c-5sc5c4cccc5)(C)C)ccc3)ccc1-c1c-2cccc1,,,
COc1ccc(NC(=O)C(C)(NC(=O)C(Cc2ccccc2)NC(=O)OC(C)(C)C)C(C)OC)cc1OC,-7.351,0.40555837407705364,529.6340000000002
COc1ccc(N2OOC34C5C=CC(CC3(O)C(C)(C)C(=O)N5)C24)cc1,-7.318,0.6133510137658815,358.39400000000006
COCCn1c(SCCc2ccc(Cl)cc2)nc2ccccc2c1=O,-6.77,0.46231710777684715,374.8930000000001
CCCNCc1nsnc1OCCn1cncn1,-5.885,0.7103832940233882,268.346
CC(C)COC(=O)NCCCc1ccc2nc(C#N)ccc2c1,-6.517,0.8293996581005807,311.385
CCS(=O)(=O)N1CCCN(C(=O)CCCOc2ccc(F)cc2)CC1,-4.509,0.6855445670419407,372.46200000000005
CC(C)n1cc(C(C)(C)C)nn1,-5.085,0.641348001196448,167.256
NC(=O)CC(=O)NC1CCCCC12OCCO2,-5.988,0.6625556241659284,242.2749999999999
Cc1cc(C(NN)c2occc2Br)c(C)o1,-6.075,0.6720157779048496,285.141
Cc1cccc(C(=O)N2CCCCC2c2nc(-c3ccc4nc(-n5cccc5)sc4c3)n[nH]2)c1,-8.757,0.3751222790074736,468.58600000000007
CCOC(=O)C1(c2cccc(C(C)NC(=O)C(CC(C)C)Nc3nc(N4CCOCC4)nc4ccc(Cl)cc34)c2)CCC1,-7.247,0.26321553435067085,608.1830000000001
CCCCCCCCCCCCC(COCO)COCC(N)(N)CC,-4.909,0.23981729563923704,360.58300000000014
Cc1ccc(C2OCCCC2C(=O)N2CC3(CCOCC3)C2)cc1,-7.905,0.8367617819861636,329.4400000000001
OC(COc1cccc2ccccc12)CN1CCN(Cc2ccc(Cl)c(Cl)c2)CC1,-7.059,0.5719612286370722,445.3900000000002
O=C1C(=Cc2c[nH]c3ccccc23)Oc2ncc(-c3ccccc3)cc2N1c1ccccc1,-8.521,0.3411209500724699,429.4790000000001
c1ccc(-c2cncc(-c3cc(-c4cccc(-c5ccc(-c6cnccn6)nc5)n4)cc4oc5ccccc5c34)n2)nc1,-9.472,0.21293064102269113,555.6010000000001
CCC12CC=C3C=CCCC3(C)C1CCC2C(C)=O,-6.025,0.7022852131422003,258.4049999999999
CC(CCCO)NC(=O)Nc1ccc(N2CCc3ccccc32)cc1,-6.445,0.7523524749852928,339.439
C(C(=O)O)n1c2CCCc2c(O)c(n1)C,,,
COCC1(O)CC=CC1,-4.0,0.5549608519838278,128.17099999999996
Cc1cccc(NP(=O)(NC(Cc2ccccc2)C(=O)OC2CCCCC2)OCC(C)(O)C2(NC(=O)OC(C)(C)C)CC(O)CC(c3cc(Cl)c(C)cn3)O2)c1,,,
O=C(O)N1CCCCC1Cc1ccc(Nc2ccccc2Cl)[nH]1,-6.732,0.7719452409478795,333.8190000000001
Cc1cc(C)c(-c2nnc(NC(=O)C=Cc3ccc([N+](=O)[O-])o3)o2)c(C)c1,-7.616,0.4121950091046178,368.34900000000016
CCN(CC)CC(NC(=O)Nc1sc(C)c(C)c1C#N)c1ccccc1,-6.535,0.7568826448337085,370.5220000000001
CCC(=O)N(CC(=O)Nc1c(C)cc(C)cc1Cl)Cc1ccc(Cl)cc1,-6.697,0.7520317073673211,393.3140000000001
CCCCCCOc1ccc(CNCCn2c3ccccc3n3c(C)c(C)nc23)cc1OC,-6.266,0.28406334643277703,448.6110000000002
Cc1c(cc(C)cc1)-c1sc2c3sc4=CC5C(=C(c6cc(C)sc64)c5cc(C(C)C)sc3)c-2s1,,,
CCC(C)(CN)C(=O)N1CCCC1CC(F)(F)F,-5.79,0.8483680456444195,266.3069999999999
Cc1ccc(-c2cccc(C(=O)O)c2Cl)c(Cl)c1,-5.839,0.8682361424704524,281.138
O1[C@H](C)c2c(C3=C1[C@]1(C(=O)c4c(O)c5CCCc5c1CC4)N3)OC(C)(C)O2,,,
Cc1cccc(N2CC(C(=O)Nc3cccc(-c4ccc(CO)cc4)n3)CC2=O)c1,-8.406,0.6850937523441684,401.4660000000002
O=C(c1c(F)cccc1Br)N1CCCC(CCl)C1,-5.385,0.7556140100462548,334.6160000000001
CC(=O)c1cccc(Br)c1N1CCNC1=O,-5.324,0.8456645764967137,283.125
CCn1ccc2cc(Nc3ncnc4[nH]ccc34)ccc21,-7.59,0.6003296454956464,277.331
O=C(Cc1cccc(Cl)c1Cl)C1CCS(=O)(=O)C1,-6.695,0.862057148507792,307.19800000000004
Cn1nnnc1Sc1ccccc1NC(=O)CNC(=O)C(C)(C)C,-7.088,0.848120274586525,348.43200000000013
CCOC(=O)c1ccc(CC(C(=O)OCc2ccccc2)c2ccccn2)cc1,-6.025,0.5367203123521601,389.451
CN1C(C)(C)CC(OC(=O)C[S+]2CCCCC2)CC1(C)C,-5.579,0.5923308234519516,314.51500000000004
NC(=S)C(Cl)=C(O)Cc1cccc(Cl)c1,-6.171,0.49932470442778143,262.161
CCC1CCCO1,-4.313,0.4857465864871273,100.161
Nc1cc(NC2CCC3(CCC3)CC2)c(Br)cc1[N+](=O)[O-],-7.038,0.4768841442003914,354.24800000000005
CCOc1cc(Cl)cc(Br)c1OC(C)C(=O)Nc1ccc(C#N)cc1,-6.508,0.7256642488678738,423.69400000000013
COC(=O)C1=CN=c2sc(=Cc3ccccc3OC)c(=O)n2C1c1c(OC)ccc2ccccc12,-6.848,0.40507824040231594,486.54900000000026
COc1ccc(Br)cc1N1C(=O)C2CCCCC2C1=O,-6.801,0.7786048428512305,338.20100000000014
CCCCCCOc1ccccc1C=NNC(=O)c1ccc([N+](=O)[O-])cc1,-6.805,0.2920244686328711,369.4210000000001
CC(C)c1ccc(CNS(=O)(=O)c2cccc(CO)c2)cc1,-7.048,0.8601890945124935,319.42600000000004
CC(Sc1nnc(NC(=O)CCS(=O)(=O)c2ccc(Cl)cc2)s1)C(=O)N1CCCC1,-7.175,0.4487236811662575,489.0440000000002
[C-]#[N+]c1ccc(-c2ncc(-c3cccc(S(C)(=O)=O)c3)s2)c(F)c1,-6.961,0.6445451792701918,358.41900000000004
CC(C)(C)C(=O)C(Nc1cc(F)c2[nH]ncc2c1)c1cccc(C=O)c1,-7.711,0.6713819208645565,353.3970000000001
CC(NC(=O)CNS(=O)(=O)c1cccs1)c1ccc(OCc2ccccn2)cc1,-7.308,0.5429746813987049,431.53900000000016
CC(C)=CCN1CCN(CC(=O)Nc2ccc(C)c(Cl)c2)CC1,-6.965,0.839459126341009,335.87900000000013
CC(C)CCCOC(=O)CC(=O)CCC(C)(C)C,-5.418,0.3771904411278813,256.3859999999999
Cc1cc(O)c(CN(Cc2ccccc2)Cc2cccnc2)c2c1C(=O)C(=Cc1ccc(Cl)cc1)O2,-7.658,0.2931580822727229,496.99400000000026
O=C(CC1CC1)c1ccc2c(c1)CCC2,-6.104,0.6848790114060913,200.28099999999995
CCN1CCC(NS(=O)(=O)c2cccnc2CN)CC1,-6.407,0.8161974090961399,298.4120000000001
CCOC(=O)Cn1c(C(=O)Nc2cnc(Cl)c(OC)c2)c(C)c2cccc(F)c21,-6.749,0.482723937460653,419.8400000000002
CC(C)(C)OC(=O)N1CC(Nc2cc(=O)c3cnc(-n4cc(Cl)cn4)nc3n2C2CCC2)C1,-7.745,0.6209645734571422,471.9490000000003
CC1Oc2ccc(N3CCN(C(=O)OC(C)(C)C)C(CCF)C3)cc2C(=O)N1c1ccc(C#N)cc1,-7.493,0.6109968937687942,494.56700000000023
CN(CCN1CCCC1)c1cc(NC(=O)c2ccc(Br)cc2F)cc2nsnc12,-7.464,0.5701916095578063,478.39100000000013
C=CC(C=C)C(N)(Nc1ccccc1)C(F)(F)F,-5.33,0.6262763024981347,256.271
O=C(NCCN1CCOCC1)c1ccc(-c2ccccc2F)cc1,-6.775,0.9170710350083782,328.387
C=CC12OOOC13OCC1(O)C(OC(C)=O)C(C)=C(C(=O)OC12)C3C1OCN1C(=O)C(C)OCc1ccccc1,-5.239,0.2863109933367437,559.5240000000003
CC(C)CNCc1cc2ccccc2nc1-c1cccc(F)c1,-6.657,0.7330082463479759,308.40000000000003
Cc1cc(C(C)(C)C)nc(NCC2CCCN(Cc3ccccc3)C2)n1,-7.164,0.86542865915391,352.52600000000007
Cc1ccc(C(O)=C2C(=O)C(=O)N(c3cc(F)c(F)cc3F)C2c2ccc(O)c([N+](=O)[O-])c2)c(C)c1,-8.449,0.1310016160544452,498.4130000000002
Cc1ccc(C(=O)N(Cc2ccc(C(=O)NC3CCCC3)cc2)CC2CCCO2)cc1Cl,-7.473,0.6295311313188079,454.9980000000003
CCCCC(C)=CC=CC(C)=CC=CCC(CCc1cncc(C(C)CC=Cc2c(O)cc(C)oc2=O)c1)OC(=O)c1cccc(C(F)(F)F)c1,,,
Cc1ccc(C)c(C(=O)CCc2ccco2)c1,-6.744,0.7465637546739331,228.291
CCCCC(C#CC#Cc1ccc(OCCC(C)CC)cc1)Oc1ccc(OCC)cc1,-7.083,0.34171026076881217,432.60400000000016
C=CCC(CC(=O)NC1(CO)CCC1)C(=O)NC(C)C(=O)NC(COCc1ccccc1)C(=O)NOCc1ccccc1,-6.839,0.130720605754027,594.7090000000002
Cc1nc(CN2CCN(C3CCN(Cc4nc5ccccc5n4C)CC3)CC2)cs1,-7.799,0.6294290889869387,424.6180000000002
O=C(NCC1CCC(C(=O)O)CC1)c1ccc(O)c(Br)c1,-7.574,0.7743632589558899,356.216
CC1=C2CCCC(CCC1=O)C2=O,-4.326,0.5684633943083001,178.231
CC(C)(C)OC(=O)NC1CCN(S(=O)(=O)Cc2ccc(Br)cc2)CC1,-6.624,0.7911315603327334,433.3680000000001
FC(F)Oc1ccc(-c2nnc(NCc3cccnc3)o2)cc1,-8.053,0.7512123392475254,318.283
CN(Cc1cccc(NC(=O)NCC2(c3ccc4c(c3)OCCO4)CCCC2)c1)C(=O)OC(C)(C)C,-7.67,0.555679178816113,495.62000000000046
C[S+]([O-])c1ccn(-c2ccccc2)n1,-6.2,0.7003276859446086,206.27000000000004
CCC1CCc2c(sc3ncnc(NCc4ccccc4Cl)c23)C1,-7.529,0.6721453178102168,357.91000000000014
O=C1CC(C2CCCC2)C(O)N1c1cn2ccccc2n1,-7.126,0.9199244354039179,285.3470000000001
Cn1ccnc1C1OCCC1CNC(=O)COc1ccc(Cl)cc1,-6.777,0.8690115890549608,349.818
NCCCn1cc[n+](Cc2ccccc2)c1,-5.919,0.7481532228068044,216.30800000000002
Cc1ccc(S(=O)(=O)N2CCC(C(=O)NNC(=O)c3ccc(Cl)cc3)CC2)cc1,-8.404,0.7210691649858411,435.9330000000002
O=C(CNC(c1ccccc1)c1ccccn1)Nc1ccc2ccccc2c1,-8.101,0.525512072059554,367.4520000000001
CC(CO)C(O)CCCCc1ccccc1,-6.001,0.6954020542000776,222.328
O=C(Nc1ccc2c(c1)NC(=O)C21CCOCC1)c1ccc(C#Cc2ccc(F)cc2)cn1,-8.118,0.5919423221349412,441.46200000000005
COc1ccc2[nH]c3c(c2c1)CCN(C(=O)NC(Cc1ccccc1)C(=O)O)C3C,-8.54,0.6033081538651599,407.47000000000014
COc1cc(C(C)(C)C)nn2cc(CN)nc12,-6.226,0.8546908894248639,234.30299999999997
COc1ccc(CCNC(=O)NCCC2=CC=CCCC2)cc1OC,-5.248,0.7573678750826447,344.4550000000002
NC(C(=O)NCCc1cc(F)cc(Cl)c1)C(O)C(=O)NC(COc1ccc(SCCCCCCCOc2ccccc2)cn1)CC(=O)O,,,
O=C(OC1CCCCC1)C1CCCN(c2nccc3oc4ccc(F)cc4c23)C1,-8.102,0.5688260158110083,396.46200000000016
O=C(NC1(CO)CCOCC1)OCC1c2ccccc2-c2ccccc21,-7.597,0.8864311865511546,353.41800000000006
CNC(=O)c1scnc1N1CCN(c2ccc(O)cc2)CC1,-6.425,0.8982341302013972,318.40200000000004
O=C(c1c(F)cccc1Cl)c1cccc2ccncc12,-6.963,0.6586354969817343,285.70500000000004
CCOC(=O)N1CCN(c2ccc(C(=O)Nc3ccc(OC)cc3OC)cn2)CC1,-6.432,0.7766165137983975,414.4620000000003
Cc1ccc([N+](=O)[O-])cc1C=CC(=O)NCCNC(=O)CSc1nncn1-c1ccc(F)cc1,-8.234,0.14863673179055487,484.5130000000002
CCC(C)C(CCCN=C(N)N)C(=O)NC(CCCCN)C(=O)NC(CCC(=O)NCCCCCCCC(=O)O)C(=O)Nc1ccc2cc(C(N)=O)ccc2c1,,,
O=C(O)c1cn[nH]c1-c1cnc2ccccn12,-6.061,0.6944181611152525,228.21100000000004
CCC(N)Cc1cc(CN2CCCC2)[nH]n1,-5.543,0.7888878565750801,222.33599999999996
CCC1(O)C2C(=O)C(O)(OC(c3cc4ccc(O)c(O)c4s3)=C2C)C1O,-6.421,0.5007190395459484,378.4020000000001
Cc1ccccc1OCc1nc(Cl)ccc1Cl,-6.605,0.7750913483538443,268.14300000000003
COCCN(CC(N)=O)CC1CC1(F)F,-4.993,0.6631445837988389,222.23499999999996
COC(=O)C(Cc1cccs1)N1CCC(c2nc(C)no2)CC1,-6.714,0.781720482986827,335.42900000000014
CCOC(NN)c1cc2cccc(F)c2[nH]1,-6.661,0.4205421743286213,223.251
Cc1nn(Cc2cccc3ccccc23)c2ccc(NS(=O)(=O)c3cccc(Cl)c3)cc12,-8.319,0.3488014821716485,461.9740000000001
Cc1ncsc1CNC(=O)CC(c1ccccc1)C(C)(C)C,-6.083,0.8939190329803609,316.4700000000001
O=C1c2cc(N=C(c3ccccc3)c3ccccc3)ccc2CC2=CC(=NCCO)CC(=C2)c2c1[nH]c1ccccc21,-6.415,0.22706862131922556,547.6580000000004
CC(C)(C)OC(=O)NC1C(O)CC1(O)O,-5.209,0.43809804568403804,219.237
CC(CNC(=O)c1ccc2ncn(C)c2c1)N1CCN(C)CC1,-6.997,0.9122304834694138,315.4210000000001
CC(C)CCCNC(C)c1nc(-c2ccncc2)no1,-5.949,0.7853153427295603,274.368
C=CCN(CC=C)C(=O)C=CC=CCCCCC,-5.514,0.2481870982011809,247.38199999999995
CN1C(=O)CCc2c(C(F)(F)F)cc(C(=O)Cc3ccc4c(ccn4Cc4c(F)cccc4F)c3)nc21,-8.487,0.25362635498294817,513.4660000000001
c1ccc(-c2cccc(-c3ccc(-c4ccccc4)cc3-c3ccc(N(c4ccc5ccc6c7cccnc7oc6c5c4)c4cccc5ccccc45)cc3)c2)cc1,-10.21,0.16292199781023103,740.9060000000002
COC(=O)c1cccc(CN2CC3CCN(C(=O)Nc4cc(C)ccc4C)C(C2)c2ccccc23)c1,-4.898,0.48602677608218314,483.6120000000002
CC(CC1CC1)NCCCN(C)C,-4.587,0.6060537785701857,184.327
CCCSc1nc(=O)c2ccc(C)cc2s1,-5.925,0.7824140806081864,251.376
N#CC1Cc2ccc3ccccc3c2CC1(O)CN1CCOCC1,-7.032,0.9202556228827988,322.40800000000013
CCCCCCCCCCCCCCCCCCCCC(C)C(O)C(C)C,-4.614,0.19618504262641268,382.71700000000004
O=C(O)CCCS(=O)(=O)CC1CCCO1,-5.586,0.7236230887113148,236.28899999999996
CCOc1ccc(C=NNC(=O)c2nnn(CCOc3ccccc3)n2)cc1,-7.545,0.44925239880716267,380.408
c1ccc(-c2ccccc2-c2cccc(-c3c4ccccc4nc4ccc5ccccc5c34)c2)cc1,-8.754,0.19008706642722967,457.57600000000014
Cc1ccc(C(C#N)=C(O)Cc2ccc([N+](=O)[O-])cc2)cc1,-7.544,0.40021052466910473,294.31
COc1ccc(CNC(=O)c2cc3c(cc2OC)OCO3)cc1OC,-7.241,0.8662867584163675,345.3510000000001
[B]c1ccc2c3ccccc3c3nc4cc(Br)ccc4nc3c2c1,,0.22577169092616167,369.0300000000001
CCCC(=O)Nc1ccc2cc(C(=O)OC)n(C)c(=O)c2c1,-6.463,0.8770065258091271,302.33000000000004
CC(=O)N1CCN(c2ccc(-c3cccc(S(C)(=O)=O)c3F)cn2)CC1,-6.733,0.8178154133347737,377.4410000000002
Nc1c2ccccc2c(=O)n2cc(Cl)oc12,-6.206,0.6491927615557115,234.64199999999997
COc1ccc2cc3ccccc3cc2c1C(CO)CC1CC1,-7.078,0.6808935071950369,306.4050000000001
Cc1ccc(S(=O)(=O)N(c2ccc(NC(=O)c3ccc(Cl)cc3[N+](=O)[O-])cc2)S(C)(=O)=O)cc1,-7.502,0.3641919332696601,523.9760000000002
COc1cc2c(cc1F)CC(=O)C(c1ccccc1)N2c1ccccc1,-7.555,0.6789635276266736,347.38900000000007
Oc1cccc(-c2nc3ccccc3s2)c1O,-6.735,0.6441241095032872,243.28700000000003
Cc1ccc(C(=O)NCC2CCC(C(=O)O)CC2)cc1F,-8.167,0.8967281111142746,293.33799999999997
CCC(CCCCC(C)C(=O)N1CCC(OC2C=C(C(=O)O)C=C(S)C=CC2)CC1)=C(c1ccccc1)c1nn[nH]n1,-6.418,0.21168026265498457,591.7780000000001
O=C(Nc1ccc(S(=O)(=O)Nc2ccccc2C(F)(F)F)cn1)c1ccco1,-6.898,0.6660126139638315,411.36100000000005
C=CCc1cccc(C=CC(=O)NC(Cc2ccc(C3CC(F)C3)cc2)C(=O)O)c1,-7.308,0.47655829830884483,407.4850000000001
C=CC=CCCCC=CCC(CO)C1CC(=O)C(C2CCCCCC2)O1,-4.972,0.2535402068887862,360.53800000000024
Cc1c(CN)ccn1-c1ccc(Cl)cc1F,-5.827,0.8567484770868169,238.69299999999998
CC(=NNC(=O)c1ccc(Cl)c([N+](=O)[O-])c1)c1cc2c(cc1Cl)OCCO2,-7.551,0.4689599749610865,410.2130000000002
CCCCCCC(=O)c1ccc(C)c2ccccc12,-5.053,0.5046210284266835,254.37300000000002
Cc1cnc2cc(C3=Nc4ccc(Cl)cc4OC4(CCN(CC(C)(F)CC(=O)O)CC4)C3)ccc2n1,-5.902,0.48510584782508326,510.9970000000004
COc1ccc(N2C(=O)C(=Cc3ncc(Br)s3)C(=O)NC2=S)cc1Cl,-6.37,0.43356710091142037,458.7460000000001
O=S(=O)(Nc1ccc(-c2cnccc2Cl)cn1)c1cnc(-n2cccn2)c(C(F)(F)F)c1,-7.505,0.45906999051681363,480.8590000000001
COC(=O)C(O)Cc1ccc(C(=O)O)cc1,-5.678,0.7257462487410321,224.212
CON1CCN(C2CCN(c3ccc(CCc4ncnc(C)c4F)c4nc(Cc5cccc(F)c5)[nH]c34)CC2N)CC1,-8.875,0.32949231762393016,576.6959999999999
Cc1cc2occ(-c3ccc4c(c3)OCO4)c2c(O)c1OCCC(C)C,-7.864,0.6763845566398871,354.40200000000016
O=C(Nc1cnn(C(=O)CBr)n1)N1CCC(Cc2ccccc2)CC1,-7.167,0.7924092886860191,406.2840000000003
CC(OC(=O)N(C)c1c(Cl)cccc1Cl)c1cccc(OCc2ccc(C#N)cc2)n1,-6.577,0.4433210798990008,456.32900000000024
O=C(NNc1cc2ccc(F)c(Cl)c2cn1)c1cnon1,-7.775,0.7203335090259568,307.67199999999997
CC(C)(C)OC(=O)Nc1ccc2nc(-c3nnc(-c4ccco4)o3)sc2c1,-6.751,0.5325841478313708,384.4170000000001
CNC(CO)C(=O)Nc1ccc(S(=O)(=O)C2CCCC2)cc1,-6.26,0.7224263982169276,326.4180000000002
CC1(NC(=O)c2ccc([N+](=O)[O-])cc2)CCCC(=O)C1,-7.314,0.6767598792068246,276.292
N1(C)CCC(c2oc3c(cc(cc3)N(SC(C)C)C(C)C)cc2S(c2ccccc2)(=O)=O)CC1,,,
Cc1cc(F)c(C(=O)NCCC(=O)O)c(C)c1C,-6.331,0.8615381945870988,253.27299999999997
c1coc(-c2nc(CCOc3cccc4n[nH]nc34)no2)c1,-7.388,0.602016299978068,297.27400000000006
C=CCOc1c(Br)c2ccc(C(N)=O)cn2c1C(C)=O,-6.312,0.6731124560125392,337.17300000000006
Cc1nnsc1C(C)NCc1cccc(C2CC2)n1,-6.027,0.9104015571906628,274.39300000000003
COc1cccc(CNC(=O)CC2CCOc3c(F)cccc32)c1,-7.653,0.9143624627351348,329.371
CC(C)c1ccc(CNCc2cnc[nH]2)cc1,-6.515,0.8273692314438958,229.327
Cc1nnnn1-c1cc(-c2ccc(-c3[nH]cnc3-c3ccc4ncsc4c3)cc2)ccc1N(O)C(N)CN,-7.874,0.18002788512373855,524.6140000000001
O=C(CCSc1nnc(-n2ccnc2)s1)N1N=C(c2cccs2)CC1c1ccco1,-7.358,0.3865729794460652,456.5780000000002
CC(O)CN(CC1CC1)C(=O)C(F)(F)F,-4.989,0.7797496008365313,225.20999999999995
CNCC(=O)C1CCCC1NC(=O)OC(C)(C)C,-6.084,0.7989962814430912,256.34599999999995
O=[N+](O)N=Cc1ncc[nH]1,-4.533,0.44576841248964916,141.10999999999999
FC(F)(F)Oc1nc(Br)ccc1OCc1ccccc1,-6.837,0.7714603432248985,348.1180000000001
Brc1cc(CN2CCOC3CCCC32)sc1Br,-6.151,0.7674906271960195,381.1329999999999
CC(C)(C)C1CCc2ncc(OC(=O)NC3(C(=O)Nc4nnc(C5CN6CCC5CC6)s4)CCNCC3)cc2C1,-8.604,0.4997483487554963,567.7600000000001
O=C(O)Nc1ccccc1N1Cc2ccccc2C1=O,-6.969,0.8793452712064525,268.272
C=CCCCC(CCCC1CCCCC1)CC(=O)OC,-5.853,0.309298457772948,280.45199999999994
Fc1ccc(-c2ccn3cc(-c4cccc(-c5cccnc5)c4)nc3n2)cc1,-8.105,0.43712510267217675,366.39900000000006
Cc1ccc(OCC(=O)Oc2cc3oc(=O)cc(C(F)(F)F)c3cc2Cl)c(C)c1,-8.342,0.3310082473328743,426.7740000000001
Cc1ccc(CCN2CCN(C(=O)CCc3nnn(-c4ccccc4)n3)CC2C)cc1C,-8.684,0.5742274427470037,432.5720000000002
CCSCCOC(=O)C1=C(C)NC2=C(C(=O)CC(c3cccc(C)c3)C2)C1c1c(C)nn(-c2ccccc2)c1C,-7.01,0.25422297324171167,555.7440000000003
CCCC(O)CNC(=O)Nc1cccc(Br)c1,-6.219,0.7828571508729751,301.184
Cc1cc(C)c(C)c(OCNC(=O)Nc2ccc(C(=O)N3CCCC3)cc2)c1,-8.147,0.7691081966001081,381.4760000000002
CCCCOc1ccc(CC(CC)CCC(=O)O)cc1,-5.725,0.64902933227739,278.39199999999994
O=C(C=CC1=CC=CC(Cl)C1Cl)NSc1ccc(Cn2ccc3cn[nH]c3c2=O)cc1F,-6.886,0.3062748456517707,491.3750000000002
CNCC1(c2nc(OC)c(O)cc2C)CC1,-5.258,0.8072368091724925,222.28799999999995
NCCC1CCCN(Cc2cc(F)ccc2Br)C1,-6.427,0.9247164313553876,315.23
CS(=O)(=O)CCNC(=O)NCc1ccc2c(c1)CN(S(C)(=O)=O)CC2,-6.792,0.7024721071443084,389.4990000000002
CCCCc1ccc(CC(C)CCCC)c(O)c1C,-6.007,0.6636343671489086,262.43699999999995
COCC(O)C(C(C)C)N(C)C(=O)CC(C)C,-5.238,0.73964478679411,245.36299999999997
CNC(=O)CN1CCN(Cc2ccc(C(=O)OC)cc2)CC1,-6.491,0.7948558986038425,305.37800000000004
CNc1cnccc1C(=O)N1CCCC1c1cc(C(C)C)no1,-6.681,0.9379542632335345,314.389
Cc1ccc(C2(C(F)(F)F)OC3(CCCCC3)CN2C(=O)Nc2ccc(N(C)C)c([N+](=O)[O-])c2)cc1,-7.642,0.408947166070374,506.5250000000002
NC(=O)c1ccc(N2CCOC(N)C2)c(C=CC=NC2CCCCC2)c1,-6.913,0.7918222966966827,356.4700000000002
Cc1c(Cl)c(Cl)c(Cl)n1-c1ccc(C(=O)NOC2=CCCC2)cc1,-7.301,0.7086288372196455,385.6780000000002
O=C(NCC1(c2ccccc2)CC1)c1ccc2n[nH]nc2c1,-7.866,0.7755116628976332,292.342
CCCNCCc1cn(Cc2cc(C)ccc2C)cn1,-6.307,0.7842887384041137,271.40799999999996
CC1(C)CCCN(c2ncc(Br)cn2)C1,-5.552,0.785339517663956,270.17400000000004
CCOC(NC(=O)Nc1cc(=O)n(C2OC(CO)C(OP(=O)(O)O)C2F)c(=O)[nH]1)(c1nc(N)nc(N)n1)c1ccccc1-c1ccccn1,-8.06,0.07347027923140388,704.5689999999998
CCCCCCCCC=CCCCCCCC1(C(=O)OCC)CCCOC1=O,-4.643,0.12935763870648467,394.59600000000023
C=C(C)CN(C)c1ccc(-n2ncc3ccccc3c2=O)cc1C,-6.403,0.6881662193052582,319.4080000000001
CC(=O)NCCCCCCC(=O)OCCCCCC(C)(C)C,-4.908,0.4332925033118748,313.482
CC(C)NC(=O)C(Cc1ccccc1)N(Cc1ccc(Cl)cc1Cl)C(=O)COc1cccc(Cl)c1,-6.026,0.3379829267088467,533.8830000000003
O=C(O)c1cccn1C1CCOCC1,-5.919,0.7782657486867349,195.21799999999993
Cc1ccccc1S(=O)(=O)NCCn1cccn1,-6.03,0.8823149546800991,265.33799999999997
CCc1noc(C2COCCN2C(=O)C(NC(C)=O)C(C)O)n1,-6.551,0.742767758707376,326.353
Cc1ccc(S(=O)(=O)Nc2cc(C(=O)c3c(Cl)cccc3Cl)ccc2OC(C)C)cc1,-3.457,0.41548158863966045,478.3970000000002
CC=C(CC(C)C)c1ccc2c3c(ccc2c1)C(N)CC(C)(C)O3,-6.984,0.7686255736833713,323.48000000000013
O=C(Cc1ccccc1)N1CCn2c(nnc2C2CCC(F)(F)CC2)C1,-7.943,0.8448782391559744,360.4080000000001
c1ccc2c(C(N3CCCN(C(C(c4c5n([C@@H](C[C@@H](C5)c5ccc(cc5)Cl)C(=O)N(C)C)C(NCCCN4)=O)=O)c3)=O)c3n-2c(C(F)(F)F)nn3)c1,,,
COC(C)c1nc2cccc(C(=O)O)c2n1C(C)C,-5.506,0.9194270764245389,262.309
C=C(C)C(=O)Nc1ccc(OC)cc1OC,-5.598,0.7928767063454902,221.25599999999994
COc1cccc(-n2c(NCCC(C)C)nc(-c3ccncc3)cc2=O)c1,-6.881,0.6911982987488591,364.449
CC1C([NH])CC2CC1C2(C)C,-4.772,0.5085467963724302,152.261
C=C(NOC(=O)CCC(=O)NC(CC(=O)NCCSS(=O)(=O)O)C(=O)O)c1ccccc1N(CC(=O)O)CC(=O)O,-6.565,0.042604931803131685,620.6150000000001
CSc1ccc(C(CS(C)(=O)=O)NN)cc1,-5.426,0.46851652935173366,260.38399999999996
CCC(Nc1cc(-n2cncn2)nc(NCC(C)C)n1)C(=O)NCCCc1ccc(Cl)c(Cl)c1,-7.304,0.31373527985072935,505.4540000000003
OCC1CCN(Cc2ccc(Cl)c(F)c2)S1,-5.946,0.8466653293988798,261.749
COc1cc(Nc2nc3ccc(S(=O)(=O)NC(=O)c4ccc(N)cc4)cc3s2)cc(OC)c1,-7.995,0.3378711176474884,484.55900000000025
COC12CCC(=O)N1CCN(CCCSc1ccccc1F)C2,-6.776,0.5895575261267056,338.44800000000004
C=CCc1c(C)sc(C=O)c1C,-4.096,0.5160721905080258,180.27199999999996
O=C(NC1CCCC1)c1cc(N2CCCC2)ccn1,-6.661,0.9059967330001185,259.35299999999995
CC1N=C2CCCCCN2CC1CNC(=O)CCCOCc1ccccc1,-4.155,0.7128222992713092,371.5250000000001
CCCCOc1ccc(C=C2SC(=O)N(c3ccccc3C(=O)OC)C2=O)cc1,-6.522,0.3668042248112704,411.47900000000016
O=C(OCC1CO1)C(c1ccccc1)N1CCCCC1,-5.919,0.6097977062743728,275.34800000000007
COc1cc(C(=O)O)n(-c2cccs2)n1,-5.23,0.8603312797218468,224.241
CCOC(=O)c1ccnc(Nc2ccc(-c3cccnc3C)cc2)c1,-7.518,0.7023513502162354,333.3910000000001
Cc1nnc2cc(-c3ccncc3)c(N)nn12,-6.392,0.6709081946543051,226.243
CCOc1ccc(Br)cc1CNS(=O)(=O)c1cc(Cl)ccc1C,-6.948,0.7612199165390343,418.7400000000001
CC(C)N1CCn2c(nc(N)c3ncnc2-3)C1,-6.302,0.778436805323176,232.291
COC(=O)C(NC(=O)C1CCN(S(=O)(=O)c2sc(C)nc2C)CC1)C(C)C,-6.591,0.7029210792173977,417.5530000000002
COc1ccc(N=Nc2ccc(C(C)(C)C)c(NC(=O)c3cccnc3)n2)cc1C(=O)O,-7.903,0.5178557963171785,433.46800000000013
C#CCOCC1CC(=O)N(C2CCCCCC2)C1,-4.934,0.43415272349471545,249.3539999999999
NNc1cc(C(F)(F)F)cc(C(F)(F)F)n1,-6.705,0.45348165972980636,245.12599999999998
Cc1ccc(Sc2ccc(C=NN3C(=O)CCC3=O)o2)cc1,-6.955,0.6418871452872802,314.36600000000004
Cc1nc(C)c2ncn(C3CC4OC4CO3)c2n1,-7.066,0.7055889525980094,246.26999999999998
c12-c3c(C(C)(C)c1cccc2)cc(N(c1ccc2c4ccccc4oc2c1)c1ccccc1)cc(-n1c2c(c4c1cccc4)cccc2)c3,,,
O=C1CCC(N2Cc3cccc(CNC(=O)C4CCN(Cc5ccccc5)CC4)c3C2=O)C(=O)N1,-8.619,0.6241437570492205,474.5610000000003
CN(C)C(=O)C1CCN(C(=O)CBr)C1,-5.264,0.6730284846523071,263.135
CC(C)(CN)C(=O)Nc1ccc(CN2CCOCC2)cc1[N+](=O)[O-],-6.817,0.5991001566088795,336.39200000000005
CCc1cc2c(=O)n(NC(=O)CC(=O)NC(CC)c3ccc(C)cc3)cnc2s1,-7.752,0.5834700711124404,412.5150000000001
C#CC1(CCc2ccc(OC(C)(C)C)cc2)CC1,-5.299,0.718613444233205,242.36199999999994
CC(NC(=O)OC(C)(C)C)C1OC(c2cccc(NC(=O)c3cccnc3)c2)OC(c2cccc(CO)c2)C1C,-7.548,0.3558005396594059,547.6520000000002
O=C(C1=Cc2cc(O)ccc2OC1)N1CCC(F)(F)C1,-7.175,0.8566373752058976,281.258
C1=Ic2ccccc2C(N=c2[nH]nc(N=Nc3ccccc3)s2)=C1,-7.581,0.4576685487143423,445.2890000000001
CN(c1cccc2c(Nc3cc4ccc(C(=O)O)cc4s3)ncnc12)C1CCOCC1,-8.183,0.46176949580739174,434.52100000000024
Cc1c(-c2cnc(NC(=O)c3ccccc3F)[nH]c2=O)c(C(C)(C)C)nn1C,-7.455,0.7265463629917261,383.4270000000002
Cc1c(F)cc(C2CN(C)Cc3[nH]cnc32)cc1CN1CC(CCOCCc2ccccc2)C1,-7.562,0.4752646566764577,462.6130000000004
Cc1ccc(S(=O)(=O)NCc2cccs2)cc1CNC1CC1,-6.667,0.817291366952549,336.48200000000014
C=CC(=CNC1CCC(C2=CC=C(CC)CC2)CC1)OCC1(CC)C=CC=CC1,-6.726,0.33164886683806355,393.6150000000002
CCN(CC)c1cc(Nc2ccc(NC(=O)c3cn(C)cn3)cc2)ncn1,-6.875,0.6690120636714205,365.44100000000003
Cc1ccc(-c2n[nH]n3nc(-c4ccccc4)nc23)cc1,-7.84,0.6112550469461293,275.31500000000005
CCN(C(=O)c1ccc(NC2CCOCC2)nc1)C1CCS(=O)(=O)C1,-6.216,0.8443918994582498,367.4710000000001
COC(c1ccccc1)C(O)c1cccnc1,-6.367,0.875475976148604,229.279
CCOc1ccc(Nc2ccc3nonc3c2[N+](=O)[O-])cc1,-6.971,0.5692337144818203,300.27400000000006
Cn1nnn(CCCN2CCN(c3ccc(N)cc3)CC2)c1=O,-6.817,0.767001182907399,317.3970000000001
CCC(C)CC(=O)NC(C)C(=O)Nc1cccc(-c2nc(C)no2)c1,-6.525,0.8047073170489282,344.4150000000001
C=C1CCC2(C(=O)COC(=O)Oc3ccc([N+](=O)[O-])cc3)CCC3C(CCC4=CC(=O)C=CC43C)C12,-7.651,0.17508060296179734,491.5400000000003
c1c(ccc(-c2nc(c(C)o2)[C@@H]2C[C@H](CC(N2)=O)(C)C)c1)C,,,
CCN(CC)CCNC(C(=O)O)c1cnn(C)c1,-5.532,0.7057663412743903,254.334
N#Cc1ccc(NC(=O)C2OC3CN(c4cnccn4)CC4(C=CC2O4)C3)cc1,-7.791,0.7969612253607606,389.41500000000013
C=S(C)(=O)Nc1ccc2c(-c3cccc4cccnc34)nn(-c3ccccc3)c2c1,-7.853,0.42662438139696024,412.51800000000014
CCCCCCC(=O)N(C)c1cccc(N)c1,-6.051,0.6065940680058186,234.34300000000002
Nn1cccc1C(O)CO,-4.147,0.47458375919626494,142.158
CC(=O)NC1CSC(=O)C(C)(C)C1,-5.221,0.6926709273051324,201.29099999999997
CCNC(C)(C(=O)OC)C1(OCC)CCC1,-4.618,0.7009424128996331,229.3199999999999
CNc1ncc(-c2cc(Cl)c(F)cc2Cl)s1,-6.169,0.8277756531849407,277.15099999999995
Cc1ccc(S(=O)(=O)N2CC(CO)OC(c3ccc(F)cc3)C2)cc1F,-8.187,0.8805403348260669,383.41600000000005
O=[N+]([O-])c1ccc(Cl)nc1Oc1cc(Br)ccc1Cl,-6.543,0.4437405651628376,363.98199999999997
CCCCCCCCCCCC=CCC=CCC=CCCCCCCCCC(=O)OC(COC(=O)CCCCCCC)COC(OCC[N+](C)(C)C)C(=O)[O-],,,
O=C(NC1CN2CCC1CC2)C1CCN(Cc2coc3ccc(Cl)cc3c2=O)CC1,-7.668,0.8090902799482441,429.9480000000002
CC(C)(C)OC(=O)N(Cc1ccccc1)C1C(=O)N(CC=O)C2C3OC(C)(C)OC3OC12,-6.959,0.6393392067443529,446.5000000000002
CC(C)C(C(=O)Nc1cc(Cl)cc(Cl)c1)n1ncc(Cl)c(Cl)c1=O,-7.095,0.7971759804049411,409.1000000000001
CSc1ccc(C=C2SC(N3CC(C)CC(C)C3)=NC2=O)cc1,-6.258,0.588376068629241,346.5210000000001
Cc1ccc(NC(C)CC(C)C)c([N+](=O)[O-])c1C,-6.086,0.6330199109497852,250.34199999999998
CCNC(=O)N1CCC(n2cc(C(=O)OC)nn2)CC1,-6.174,0.8115424045942684,281.31600000000003
CCCNc1nc(C(=O)OC)ccc1SC,-5.12,0.632429567392153,240.328
COc1cc(C2(C)CCC34CCN2CC3OCO4)cc(Cl)c1OC,-5.071,0.8342775097439243,353.846
CCOc1cc(NC(=O)NCCCCN(CC)CC)ccc1OC,-5.946,0.608035818252961,337.464
C=CCc1ccccc1C(=O)N(C)CCCC=O,-5.465,0.4202152392225858,245.32199999999992
COc1ccc2c(c1)OC(C(=O)OCC(=O)c1ccc3c(c1)CCCC3)C2,-8.466,0.600145317710524,366.41300000000024
CC1(C)C(O)CCCC1C(=O)O,-5.32,0.6256397429072427,172.224
O=C1NC2(CCCCC2)C(=O)N1CCO,-5.629,0.6438101073383463,212.249
BrC1=COC=CC1,-3.906,0.5283870611666279,160.998
COc1ccc(CCNCc2occc2C)cc1OC,-6.716,0.7890206773668013,275.348
COc1nc(C)cc(N2CCNCC2)c1NC(=O)c1cccc(C2CCN(C)CC2)c1,-7.546,0.7708117343591181,423.5610000000002
Cc1c(C(=O)Nc2ccn(Cc3cccc(F)c3F)n2)cnn1C(C)C,-7.371,0.7576711860168749,359.38000000000005
O=C(c1ccc(-c2cccc(Cl)c2)c(-c2nnc(C(F)F)o2)c1)N1CCc2cccc(Cl)c2C1,-8.694,0.30776955269166356,500.33200000000016
Cc1ccc(CNC(=O)C2CCCN(S(=O)(=O)c3cccc(C(F)(F)F)c3)C2)cc1,-9.039,0.7705992226458419,440.4870000000001
O=C(NC(Cc1ccccc1)(CN1CCCC(C(F)(F)F)C1)C1CCCC1)c1cccc(-c2ccc(NCC(O)C(O)C(O)C(O)CO)cc2)c1,-7.54,0.1230459840220712,713.8380000000005
CC(=O)N1CCN(c2ccnc(C(=O)NC(C)c3ccccc3)n2)CC1,-7.938,0.903941944874008,353.4260000000001
FC(Oc1ccc([C@@H]2C3[C@H]([C@H]4[C@@](C(CC4)=C)(C)CC3)CC=2)cc1)(F)F,,,
CCC1(Oc2ccc(C3C4CN(C(=O)OC(C)(C)C)CC(C)N4C(=O)N3c3ccc(C(F)(F)F)c(C#N)c3)cc2)CCNC(C)C1,-7.602,0.3829590095195721,641.7349999999999
CN(C(=O)c1cc(=O)n(C)cn1)c1cccs1,-6.167,0.8010426819592948,249.29500000000002
O=C(O)c1ccc(C(=O)NOP(=O)(Oc2ccc(O[B]O)cc2)N2C(=O)c3ccccc3S2=O)cc1,,0.212530418984826,529.2080000000002
c12CN=C(c3ccccc3-c2cccc1F)=CC1CCN(CC1)Cc1nc(ccc1)C,,,
CC1C2C3CC(N=O)CC3C3(CC2C2CCC(C45COC(CC(=O)O)(C4)C5)C(O)CC12C)OCCO3,-5.362,0.5577294788267604,503.6360000000005
OC(CNc1ccc(F)c(Cl)c1)Cn1cnc2ccccc21,-6.633,0.7583695007396068,319.767
Cn1c(COc2cnn(CCC(=O)O)c2)nc2c(-c3ccc(S(N)(=O)=O)cc3)cccc21,-7.112,0.4143065637938014,455.49600000000015
Cc1cccc(C2CCC(C(C)C)C(=O)C2)c1,-6.999,0.7471119242234472,230.351
c12ccccc1c1c(=O)n3c(nc4c(cccc4)c3=O)n1c1c2cccc1,,,
Cc1ccc(C(=O)COc2ccccc2C(=O)C=Cc2ccc(C(C)C)cc2)c(C)c1,-6.461,0.3097688260510797,412.52900000000017
COc1ccc(CCC(=O)N2CCC3(CC2)CC(c2ccccc2)C(=O)N3)cc1,-7.952,0.8494756909371246,392.499
CC(C)(C)c1ncc(Cn2cc(C(F)(F)F)nn2)s1,-7.369,0.8533119695398423,290.31399999999996
COCCOC(=O)C1=C(C)N=c2sc(=Cc3cc(Cl)ccc3F)c(=O)n2C1c1cccc(Br)c1,-7.117,0.3349928374878761,565.8480000000002
CCCCCCCCCCCCCCCCCCCCCCCCCCCCCC(=O)O,-4.252,0.11978352802578192,452.8080000000004
NC(=O)C(OC(=O)c1cc2c(=O)n3ccccc3nc2s1)c1ccccc1,-7.933,0.5480402367535694,379.39700000000005
Cc1ccc(NC(=O)C2CN(c3ccc(Cl)c(Cl)c3)C(C(=O)Nc3ccc(Cl)cc3)C2c2c[nH][nH]c2=O)cc1C,-8.589,0.2135101533317071,598.9180000000001
CC(=O)C(Cl)c1c(C)ccc(Cl)c1C,-4.872,0.7067167395196032,231.12199999999999
NNC(=O)c1cnc2ccsc2c1,-5.873,0.40143341644886693,193.231
CC1CCN(C2=NC(=Cc3ccc(OCc4ccccc4Cl)c([N+](=O)[O-])c3)C(=O)S2)CC1,-8.387,0.32357273339015746,471.9660000000002
CCOc1cncc(Nc2cccc(OC(C)C)c2)n1,-6.293,0.8737220302486549,273.336
CC(C)C(=O)C1CN(C2=CCCCC2)CCN1C,-6.304,0.767575896321909,250.3859999999999
Cc1ccc(OCCCC(=O)NNC(=O)c2ccc(Cl)c([N+](=O)[O-])c2)cc1C,-7.81,0.4158849710218416,405.8380000000002
CCC(N)Cc1cn(C(C)(C)C)nn1,-5.734,0.7927235457442433,196.298
CCC(CC)c1cc(NC(=O)Nc2cccc(Cl)c2C)[nH]c(=O)c1,-7.421,0.7203369466256576,347.84600000000006
Cc1cc2c(c(C)c1C)OCCC2NC(=O)c1ccc2cc(Br)ccc2c1,-8.196,0.5664101856826729,424.3380000000001
CC1CN(CC(=O)N(C)C2CCN(C(=O)OC(C)(C)C)CC2)CC(C)O1,-6.395,0.7609204266400641,369.5060000000002
C=C(C)CCC(NN)c1c(C)cc(C)cc1Cl,-6.002,0.47505987422106727,252.789
C#Cc1cccc(NC(=NCC2(CC#N)CC2)NCC)c1,-6.709,0.49511381078506456,280.37499999999994
CCOC(=O)CN1C(=O)C(C2CCCC2)SC1=S,-5.884,0.5841905829943825,287.40599999999995
CCCCCCCCCCCCCCCCCCCCCC(=O)OC(CCCCCCCC)CCCCCCCCCCCCCCCCCCCC(=O)O,,,
Cc1ccc(S(=O)(=O)N2CCCC2C(=O)NCC2CCCO2)cc1,-6.959,0.8700704324541894,352.45600000000013
c1cncc(-c2cccc(-c3nc4cc5ccncc5cc4c4c5ccccc5cn34)n2)c1,-10.08,0.3057093267124348,423.47900000000016
COc1cccc(C2C(CN(C)C)NNC2C(=O)N2CCN(c3ccc(C(F)(F)F)cn3)CC2)c1,-7.642,0.6388325896441248,492.5460000000002
COCCCn1cccc1C=CC(N)=O,-5.587,0.5602823919346682,208.261
CC(C)C(CCNC(=O)OC(C)(C)C)NS(=O)O,-5.158,0.6455718855672532,280.39000000000004
NC(=O)c1cc(N)cnc1N1CC2COCC2C1,-6.081,0.7583812213466582,248.28599999999994
CC(C(N)=NC1CCCCC1)=C1CN(C(=O)C(Cc2cccc(Cl)c2)C(Cc2ccccc2)NC(=O)c2cnccn2)CN(C)C1=O,-7.727,0.18642319203791896,656.2309999999999
CC(I)C(=O)OC1C(F)C(CO)OC1n1ccc(=O)n(CC(=O)O)c1=O,-6.536,0.298835282394737,486.1900000000003
CCN(CC(=O)OC)S(=O)(=O)c1cn(C)cn1,-5.431,0.6738129134636964,261.303
COC1CCN(S(=O)(=O)c2ccoc2CNC2CC2)CC1,-6.378,0.8575110803892232,314.40700000000015
CCOc1ccc([N+](=O)[O-])cc1C(=O)Nc1cc(C)on1,-6.598,0.669570798362244,291.26300000000003
CC(NC(=O)c1cccc(-c2ccc(N)nc2)c1)c1ccccn1,-7.773,0.7737143186786674,318.38
Cc1ccccc1C=NN1C(=O)SC(=CC(=O)c2ccco2)C1=O,-7.168,0.48410625553896447,340.36000000000007
CCCNC(C)c1sc(CCOC(F)(F)F)nc1C,-6.128,0.8346555010620309,296.35799999999995
O=C1CN(Cc2ccccc2)n2nc3c(c2N1)C(=O)NCC3,-7.65,0.8331547548881237,297.31800000000004
CNCCc1c[nH]n2c(=O)cc(C(C)(C)C)nc12,-6.391,0.8541810991009509,248.32999999999998
Cc1cccc(C(C)(C)CC(=N)C(N)=O)c1,-6.432,0.747113796374912,218.29999999999998
Cc1ncn(CCNC(=O)CC(C)C2CCNCC2)c1C,-6.103,0.8378348020672883,292.427
CN(C)C1(C(NN)c2ccc(Br)c(F)c2)CCCC1,-5.885,0.6587535073064086,330.2450000000002
CC(C)N(C(=O)CC(OC(C)(C)C)C(C)(C)C)C(C)C,-4.536,0.7554035981199096,285.472
COCCCn1cnnc1C,-4.792,0.5983763433375127,155.201
CCCN1C(=O)COc2cc(NC(=O)CN3C(=O)C4CCCCC4C3=O)ccc21,-7.339,0.7636052690038893,399.44700000000023
CC(CCO)Nc1ncc2nc(N3CCOCC3)nc(C3CCCC3)c2n1,-6.908,0.7957362466129495,372.4730000000002
CCCCCC#CCCCCCCc1cc(C=O)cc(OCCCCCCCC)c1,-4.555,0.13757192610550698,412.6580000000003
C=CCNc1cc(C(=O)N2CCCN(CC3CCCO3)CC2)c(O)c2c1CC1CC(O)C3(O)C(=O)C(N(C)C)C(=O)C(O)=C3C(=O)C1C2,,,
COCC1COc2c(cc(C)cc2C(C)C)N1,-5.694,0.8734232444282212,235.327
CC1(C)CCC(CN2CCN(c3ccc(C(=O)NS(=O)(=O)c4cc(S(C)(=O)=O)ccc4N4CCN(Cc5cc6c(cc5Cl)OCO6)CC4)c(Oc4cnc5[nH]ccc5c4)c3)CC2)=C(c2ccc(Cl)cc2)C1,,,
CCCNC(Cc1cccc(F)c1F)C(CC)CC,-5.814,0.7411570709761433,269.37899999999996
CCCNC(=O)c1cccnc1NCCc1ccc(C(F)(F)F)cc1,-6.734,0.7955677824393774,351.372
NCC1(O)C(F)C2OCCCC21,-4.842,0.5811170049945394,175.20299999999995
Cc1ccc(S(=O)(=O)N2CCN(CC(=O)Nc3cc4c(cc3Br)OCCO4)CC2)c(Cl)c1,-7.269,0.6223569075911294,544.8550000000002
O=C(NCc1ccccc1)c1cc2cc3ccccc3nc2[nH]c1=O,-8.554,0.5674334436649661,329.3590000000001
CC(=O)c1ccc(Sc2ccccc2Cl)cc1,-6.512,0.746452997564955,262.76099999999997
O=S(=O)(c1ccccc1)n1ccc2c(-c3cncc(F)c3)nc(OC3CCCCC3)nc21,-7.839,0.44049825129464387,452.5110000000003
COCC(C)N(CCc1ccccc1)C(=O)CN1C(=O)OC2(CCc3ccccc32)C1=O,-7.621,0.6360860395327906,436.5080000000003
CCOc1nc(N2CCN(C)CC2)ccc1Nc1ncc(-c2cccc(NS(C)(=O)=O)c2)c(Nc2cccc(OC(F)F)c2)n1,-7.555,0.1898953011587402,640.7170000000003
CC(C)CNCc1ncccc1Cc1cccc(Cl)c1,-6.41,0.8665282865104738,288.822
CC(=O)NC1CCN(C(=O)C(C)(C)CN)C1,-6.165,0.6953140107986048,227.30799999999996
CNCCC1CCN(C(=O)Cc2c(C)noc2C)CC1,-6.667,0.8907031563748183,279.384
CCOc1ccc(CC(=O)N(C)CCOc2ccccc2Cl)cc1Cl,-6.318,0.67624524088848,382.28700000000003
FC(F)(F)C(NC1CCCC1)c1ccncc1,-6.155,0.8826421815111631,244.26
CCC1CCC(NC2CCCCCC2CO)CC1,-4.591,0.7517803193483757,253.42999999999992
COCC(C)Oc1cccc(C(=N)N)c1F,-5.556,0.590529467790928,226.25099999999998
Cn1ncc(C(N)=S)c1NC(=O)c1ccc(Cl)cn1,-6.35,0.835041986182985,295.75500000000005
NCCOCC(F)c1cc2c(cc1Cl)OCCCO2,-5.082,0.8463087490212018,289.7340000000001
N#CC(Cc1ccc(-c2ncc(-c3ccc(Cl)cc3)cn2)cn1)NC(=O)Cc1cccnc1,-7.455,0.4514124000759565,454.9210000000001
C#CCCC(=O)C(N)CC(C)C,-5.312,0.6278513397588765,167.252
CC(=NNC(=O)CN(c1cccc([N+](=O)[O-])c1)S(C)(=O)=O)c1cc(Br)c2c(c1)OCO2,-7.91,0.34063168011452744,513.3260000000002
CC(=O)Nc1ccccc1C(C)N(C)CC(=O)Nc1ccc(F)c(Cl)c1,-7.15,0.7972891885907962,377.847
CCOc1ccc(Cc2cc(C3(C(C)O)COC(C4CCC(C)CC4N4CCNCC4)O3)ccc2Cl)cc1,-6.727,0.4899229955455402,543.1480000000004
c1(N(CCO)CC)cc2c(c3c1cccc3)=c1c(=N2)cc(N(CC)CC)cc1,,,
Cn1ncc2c(-c3ccc(Cl)c(Cl)c3)cc(Nc3ncnc4sc5c(c34)CCCC5)nc21,-8.469,0.31577566056889517,481.4120000000003
CCN(Cc1ccc2c(c1)OCO2)C(=O)C(C)NS(=O)(=O)c1cccc(Cl)c1,-7.238,0.7382861569600931,424.90600000000006
CC(C)CN(C)CCC(CO)C(C)C,-4.974,0.6825671982460981,201.35399999999998
CCN1CCN(CCCC=Cc2onc(C)c2C)CC1,-6.623,0.7485014195739897,277.4120000000001
O=C(NCC1CCCO1)c1ccc(Cl)c([N+](=O)[O-])c1,-7.258,0.6783577172613503,284.699
CCn1c(CCl)nc2c([N+](=O)[O-])cccc21,-5.776,0.4700286830815711,239.662
CCCS(=O)(=O)N1CCCC1CCCCl,-4.925,0.6809812619864588,253.79499999999993
COCCc1ccccc1S(=O)(=O)N(Cc1ccc(F)cc1)c1ccc(Br)cc1,-7.252,0.4488636347446869,478.38300000000004
CCOc1c(Br)cc(Br)cc1C=C1C(=O)N(c2cc(C(F)(F)F)ccc2Cl)N=C1C,-7.71,0.37113552355948615,566.599
CN(C)c1ccc(C(=O)NCCCCCNC(=O)c2cc(NC(=O)c3cccc4cnc(-c5ccc(C(=O)N6CCC(C(O)c7ccc8c(c7)OCO8)CC6)cc5)cc34)cn2C)cc1,,,
O=C(CC(c1cccnc1)c1ccccc1Cl)NC(CO)Cc1ccccc1,-6.281,0.6071358555329596,394.90200000000016
Cc1nc2ccccn2c1C(=O)Nc1nnc(C(C)C)s1,-6.381,0.8070979319401319,301.375
C=CC#Cc1ccc(C(=C)C#Cc2ccccc2)cc1,-7.325,0.6659404220815668,254.332
CNC(=O)C1(c2ccc(-c3noc(C(F)F)n3)cc2COc2cc(CN3CCC(OC(N)=O)C3)ccc2C)CC1,-8.334,0.3835681702711041,555.5820000000002
O[C@H]1[C@@H](CNC1)NC(=O)c1[nH]n(-c2ncc(cc2)F)c2ccc(cc12)N1CCC(N(C)C)CC1,,,
COc1ccc(-c2sc3ccccc3c2C(=O)C2=CCCC2)cc1,-6.661,0.557745436260847,334.4400000000001
C#CC[S+]([O-])Cc1ccc([N+](=O)[O-])cc1,-5.538,0.33583744540810884,223.253
NC(=O)C(=O)NN=Cc1ccc(OCC(=O)Nc2cccc(F)c2)c([N+](=O)[O-])c1,-8.38,0.26606770599595647,403.3260000000001
Cc1cncc(C(=O)Nc2cccnc2)c1,-6.538,0.8300376575246394,213.24
CCOC1CC(NC(=O)C2CCCc3cc(OC)ccc32)(C(=O)O)C1(C)C,-6.856,0.7985840385416102,375.4650000000001
CCO[P+](=O)OCCOCCCCCCCCCCCOc1ccc(C(=O)c2ccc(C)cc2)cc1,-5.102,0.09540770086007208,517.6230000000003
CCNC(=O)NS(=O)(=O)c1cc(F)c(F)cc1Br,-6.667,0.8212203271433911,343.14899999999994
CCCC(CCC)c1ccc(OCC(O)c2c(C)[nH]c3ccccc23)c(Cl)c1,-7.991,0.4095055588529593,399.9620000000001
CCC1(CNC2CC3CCC2O3)CCCC1,-5.675,0.7910291663241591,223.3599999999999
CSc1cccc(CNc2ncnc3nc[nH]c23)c1,-6.708,0.7141201238256599,271.34900000000005
O=C(O)CCc1cc([N+](=O)[O-])c(O)cc1OC1=CC=CCC1,-6.2,0.6173142277421934,305.28600000000006
CC12CC(CC#N)C1=CC=C2n1ccc2cc(Cl)c(Cl)cc21,-7.396,0.697746629302544,329.2300000000001
CCC(NCc1ccc(OC)cc1OC)C(=O)O,-5.834,0.7731357745379781,253.29799999999997
CCc1nn(C)cc1C(N)C(=O)C(=O)O,-6.228,0.6622836056300291,211.22099999999995
CC(C)Oc1ccc(CC(=O)OCCN(C)C)cc1,-5.21,0.70790686719591,265.35299999999995
CCC(CC)NC(=O)CCCN(C)C(C)CC,-5.411,0.6740913435442093,242.40699999999995
O=C(Nc1ccc(N2CCOC2=O)cc1F)C1CC(=O)N(Cc2c(F)cccc2F)C1,-7.585,0.7864043166595627,433.38600000000014
CCC(NC(=O)C1CC1C)c1ccc(COc2cc3ncccc3cc2[N+](=O)[O-])c(OC)c1,-7.689,0.3659975464227831,449.5070000000002
CCC(N)c1ccc(C)c(O)c1,-5.473,0.704630788400285,165.236
CCN(CCO)S(=O)(=O)c1cc2c(cc1Cl)NC(=O)C2,-6.77,0.8419123415781297,318.7820000000001
NCCCN(Cc1ccncc1)C(=S)Nc1ccc(Cl)cc1,-6.111,0.7939189679819821,334.876
CCCC1Oc2ccccc2C(CC(=O)O)C1C,-6.068,0.8873981056537412,248.32199999999997
Cc1cc(Br)ccc1NC(=O)C(=O)NC(C)c1ccccc1,-7.851,0.8215195724904103,361.2390000000001
C=CC=Cn1ccnc1C(C=C)=NC=C,-5.305,0.5293380753021892,199.25699999999998
c1ccc(-c2nc(-c3ccccc3)c3c4ccccc4n(-c4cccc(-c5ccnc6c5oc5ccccc56)c4)c3n2)cc1,-10.34,0.21345043615893103,564.6480000000003
COc1cc(C=C2C(=O)C(O)C3CC4(c5ccccc5)Oc5c(c(O)c(OC)c(O)c54)C23)cc(OC)c1O,,,
CCCCN(C(C)=O)c1ccccc1C(C)C,-5.632,0.753409150601276,233.355
CC1=CC(CC(C)C)CNC1,-4.941,0.5996316788721435,153.269
CCn1c(C2CCN(Cc3c(C)noc3C)C2)nc2ccccc21,-7.611,0.734774102807172,324.42800000000005
CC1CCN(CN2CCC(C)CC2)CC1,-5.297,0.6903926416048265,210.36499999999995
COc1ccc(NC(=O)CN2CCC(CO)CC2)cc1S(=O)(=O)N(C)C,-6.25,0.7126876728357245,385.48600000000005
COc1ccccc1-c1cc(F)cc(F)c1CC1COC(c2ccc3nc(C)c(C)nc3c2)=N1,-7.484,0.39053438650742506,459.4960000000002
CC(N)C(=O)OCCOC1COC(C)(C)OC1,-5.919,0.5457526126458729,247.29099999999994
C#CCNC(=O)CNc1cc(C#N)ccc1F,-6.443,0.7551923304881234,231.23
O=C(O)c1cccc(CNc2ccc(C(O)(C(F)(F)F)C(F)(F)F)c(Cl)c2)c1O,-7.175,0.50436542002409,443.727
NC1CC(CN(Cc2ccccc2)C(=O)Nc2cnn(CCO)c2)C1,-6.279,0.7120055383614757,343.43100000000015
CC(=O)OC1CC(COCc2ccccc2)OC1c1cn(C2OC(COCc3ccccc3)C(OCc3ccccc3)C(OCc3ccccc3)C2OCc2ccccc2)nn1,,,
CSC1CCC(N2C(=O)C(C(C)C)NC2c2ccccc2)C1,-6.274,0.9229741999632324,318.4860000000001
CCNC(=NCc1cccc(COCCOC)c1)NCC1(CCOC)CCCC1,-5.559,0.29872795287396836,405.5830000000003
O=C(c1ccco1)N1CCC(C(=O)N(Cc2ccco2)C2CC2)CC1,-6.95,0.8378117791682538,342.39500000000015
CCNC(=O)OC1COC(OC2OC(CO)C(O)C(NC(C)=O)C2O)C(OC2OC(CO)C(O)C(O)C2O)C1O,-6.291,0.1203273023750259,586.5440000000003
CCOC(=O)CCCOC(=O)OCCCCC1C(=O)C=CC1=O,-5.697,0.34386421949347873,326.345
COCCn1ncc(Br)c1C(=O)c1csc(Br)c1,-5.57,0.7313552770665238,394.088
CC1=NC2=NCC(=O)NC1=CN2c1ccc2c(c1)OC(F)(F)O2,,,
CC(C)NCc1cc(CN(C)Cc2ccccn2)no1,-6.599,0.8385627275312306,274.368
CC1=CC(=O)C(C)(S(=O)(=O)OC2CCC3(C)CC(O)(C45CCC6CCCC(C)(CO4)C65)CCC3C2)C=C1,-8.309,0.4974697199455924,532.7430000000005
CCn1c(CC(CC)(CC)CC(C)C)nc2ccccc21,-5.885,0.6613445194501405,286.463
CCCC1CN(C(O)(C(C)O)C(O)O)c2ccccc2N1c1cc(N)ccc1OC,-6.187,0.3413350711641459,417.5060000000002
COCCCN(c1ccccc1C)C(Cc1ccccc1)C(=O)O,-5.959,0.715882985271477,327.42400000000004
CNc1ncc2c(n1)C(CC(=O)OCC(C)C)c1ccccc1-2,-6.438,0.8589723913646315,311.385
C=C(Br)CC#CC1CCCC1C1CCCCC1,-6.635,0.6075314309738189,295.26400000000007
CCC(C)N(CC(=O)O)C(=O)OCc1ccc(C2CC2)cc1,-5.395,0.838243146604522,305.3740000000001
N#Cc1ccc(NC(=O)c2ccc3c(c2)OCO3)c(F)c1,-6.959,0.9199147928833129,284.246
CC(C)(C)ON(CCOC=O)C(=O)OCc1ccccc1,-5.78,0.43917646152040624,295.335
C=CCSc1ccc(NC(=O)CNc2cccc(C(=O)NCC)c2)cc1,-6.721,0.46484965663862826,369.4900000000001
COc1ccc(C(=Cc2cc(C(F)(F)F)ccc2F)CCC2CCCCN2)cc1OC,-7.357,0.4059142575514259,437.4770000000003
Cc1ccc(CNC(=O)c2nc3nccc(C)n3n2)cc1,-7.56,0.792358540432139,281.319
NC1c2ccccc2CC1C1Cc2ccccc21,-7.133,0.8067462190914406,235.32999999999998
COc1cc(C(=O)NC(Cc2cccc(F)c2)C(Cc2ccccc2)N2CCOCC2)cc(OC)c1OC,-6.842,0.4084617282363849,522.6170000000004
O=C(NC1CC1)c1ccc(NCc2ccc(Br)cc2Br)cc1,-6.936,0.7301272612944025,424.136
CC1=C(NCCC(=O)OCc2cc(=O)n3cc(Cl)ccc3n2)CC(C)(C)CC1=O,-7.171,0.726395013652577,417.89300000000026
[C-]#[N+]c1cc(-c2ccc(C#N)cc2)cn2nc(N=C(N)N)nc12,-7.458,0.4236555796173515,302.30100000000004
COc1ccc(NC(=O)c2ccc(-c3cnc(N4CCCCC4)nc3)n2C)cc1,-6.854,0.7174268041311711,391.4750000000002
CC1CN(C(=O)CN2CC3CCCC3C2)CC(C)O1,-6.419,0.756261699112924,266.38499999999993
Cc1ncc(OCC2CC2)c(C)c1N(N)Cc1ccsc1C,-5.933,0.6512162304490675,317.458
CC(C(=O)N1CCN(C)CC1)c1ccc(Br)s1,-5.677,0.8361077607897777,317.25199999999995
O=C(O)CNC(=O)c1cc(-c2ccc(S(=O)(=O)O)cc2)cc(-c2nn[nH]n2)c1,-7.837,0.42919507746847385,403.37600000000003
COc1ccccc1C1CN(C)CCN1C(=O)C1(c2ccc3c(c2)CCO3)CCCC1,-7.878,0.7510068657685279,420.5530000000003
CC(C)(C)OC(=O)c1ncccc1C(F)(F)C(F)F,-5.499,0.6285480194661414,279.233
CCOC(=O)CSc1nc2ccccc2n1CCO,-6.007,0.6440710610784096,280.34900000000005
CNC(=O)C1CCCc2ccc(NC(=O)C3(c4ccccc4)CC3)nc21,-7.278,0.8914706672110668,349.43400000000014
C=CCN1CCC2(CC1)C(=O)NC(=O)N(C1CCCCC1)C2=O,-6.647,0.6344012117202747,319.40500000000014
CC1(O)C(=O)N2C=CCC2=NC12NC(=O)CSc1ccc(NC(=O)C3CC3)cc12,-7.098,0.6784898500604205,412.4710000000002
CC(C)NCC1(Oc2ccc(Cl)cc2)CC1,-5.428,0.8518807786316989,239.74599999999998
CC=COCCOC(C)(C)C1CCC(C)C1,-5.748,0.5068252146887021,226.35999999999996
CC(=O)N1CCCC(NC(=O)CC(C)NC(N)=O)c2ccccc21,-5.67,0.7766768239125386,332.40400000000005
COc1cccc(C2C3C(C)=CC(C)C3(OC34COC3=CCCC4O)C2(C)O)c1,-7.505,0.7618803473850453,398.49900000000014
COc1cc(C2(C(=O)O)CC2)c(OC)c(Br)c1OC,-5.717,0.898407769478118,331.16200000000003
C#CCOP(=O)(O)OCCOCCOCCOCCCNc1ncnc(Cl)c1C=NOCCO,-5.344,0.05242644325291722,524.8950000000003
CCN(Cc1cccnc1)CC1CCN(CC(NC(=O)c2cccc(C(F)(F)F)c2)C2CCCC2)CC1,-7.709,0.4452133013531587,516.6520000000003
CC(=C(CP(=O)(c1ccccc1)c1ccc(Cl)cc1)P(=O)(O)O)c1ccccc1,-7.031,0.5062419512724994,446.80700000000013
CCCCOC(=O)OCCn1ccc(-c2ccc(OC)cc2)n1,-5.415,0.5503438699692242,318.37300000000005
N#Cc1cc(Br)ccc1NC(=O)CC1CCCC1,-6.554,0.9221230789382432,307.19100000000014
CC(C)c1c(-c2ccc(C(=N)N)cc2)oc2scc(N)c2c1=O,-7.274,0.5052451462443307,327.4090000000001
Cn1ccc(Br)c1CNC1=NCCCCC1,-3.891,0.8887038788925843,284.2010000000001
CCN(C(=O)NCc1ccc(F)cc1)c1c(N)[nH]c(=O)n(Cc2ccccc2)c1=O,-7.395,0.5760093227192497,411.4370000000002
NC(=O)COC1CCC(N)C(OC2OC(OC3OC(CO)C(N)C(O)C3O)C(O)C(O)C2OC2OC(CO)C(O)C(O)C2O)C1O,-6.793,0.09660227993468407,675.6380000000005
CC1(C)C(=O)Nc2cc(NC(=O)c3ccc(Cl)c(Cl)c3Cl)ccc21,-7.091,0.7063771899307103,383.6620000000001
CCOc1cc(CNC2CCN(Cc3ccccc3)CC2)ccc1OC(C)C,-6.997,0.6857120190259415,382.5480000000002
CC1CCNCC1(C)F,-4.366,0.5228856281982163,131.194
CCCC1=CCC(C)(COCc2ccccc2)C(B(C)C)=C1,,0.5984766517583386,296.26300000000003
CC(=O)OC(C)c1c(C)nn(C)c1C,-5.154,0.6755728054329868,196.24999999999997
O=c1nc(SCc2nc(N3CCOCC3)ns2)[nH]c(=O)[nH]1,-6.876,0.717322743478138,328.37899999999996
O=C(O)Oc1nccc2cc(F)ccc12,-6.163,0.7292789057943628,207.16
COc1cnc(C)nc1NN=C(C)c1cccc([NH+]([O-])O)c1,-7.401,0.5624078362478394,303.322
O=C(NCCc1ccccn1)NCc1ccc(Oc2ccc(F)cc2)cn1,-7.69,0.6715003185211201,366.3960000000001
CC(NCC1COCC(C)N1C)C(=O)NC(C)(C)C,-5.315,0.7860183002103251,271.405
C(C)(C)(CC(c1ccccc1O)(C(NC1C(C(=O)C(C(C(C)C(C)(C)CCCC)=O)(C(C1O)(CC(C)(C)C)C(=O)CC(CC(C)(C)CC(C)(C)C)C)CC1CCCCC1)=O)C(=O)C(C)C),,,
CCc1nc(NCCN)c2ccc(Cl)cc2n1,-6.331,0.8734569176581459,250.73300000000003
CC(C)(C)C1=CC(CN)(c2cccc(Cl)c2)CCC1,-7.655,0.7797569537204718,277.83900000000006
Cc1ccnc(-c2nc(NC3CC(=O)N4CC(C)CCCC34C)c3[nH]c4c(c3c2F)CCCc2ccsc2-4)c1,-6.101,0.29540094609748563,543.7120000000003
O=C(Cn1c(=O)sc2cccc(F)c21)N1CCCCCC1,-4.704,0.8556134243423784,308.3780000000001
Cc1cc(C2(C(=O)O)CC2)ccc1N,-6.142,0.6990768828965697,191.23
CC1(C)CCC2(CS2)C1,-3.967,0.46853223131131394,142.267
O=C(O)C=Cc1cc(C2CC2)nc(Nc2cc(OCCn3ccnc3)ccc2Cl)n1,-7.122,0.4967845364214721,425.87600000000003
Cc1ccc(CNCCN2CCN(c3ccc(C)cc3C)CC2)cc1,-7.175,0.8137781119743991,337.51100000000014
CC(=O)c1ccc(S(=O)(=O)N2CCCC(C(=O)N(C)Cc3ccc(Cl)cc3Cl)C2)cc1,-7.509,0.576045741031774,483.41700000000014
CC(C)CSC(C)C(C)NC(C)C,-4.575,0.7115316202232631,203.395
CC1CN(Cc2csc(NC(=O)COc3ccc(CC#N)cc3)n2)CC(C)O1,-7.073,0.7689688484907994,400.5040000000002
COc1ccc(CN2CCN(Cc3nnc(-c4ccc(F)cc4)o3)CC2)cc1,-7.839,0.6526310204342527,382.43900000000014
C(CSc1nnc(-c2ccc(Cl)cc2)n(-c2cccc(C)c2C)n1)(Nc1cc(C)ccc1C)=O,,,
CC(C)CNC(=O)C1C(C(N)=O)CCN1S(=O)(=O)c1ccc2c(c1)CC(=O)N2,-7.741,0.599149864320188,408.48000000000013
CC1(C)CC(=O)C2=C(C1)Nc1ncnn1C2c1ccc(OCc2ccccc2)c(OCc2ccccc2)c1,-7.902,0.3266326593616807,506.6060000000003
O=C(O)C=Cc1cccc(CC(=O)C2CNCCO2)c1,-6.766,0.7803494326739145,275.304
O=CN(CC(=O)Nc1ccncc1)Cc1ncn[nH]1,-5.663,0.6996697207812511,260.257
O=C(CC1CC2CCC1C2)Nc1cc(Br)ccc1Br,-6.894,0.779428307699162,387.11500000000007
COc1cc(NC(=O)C2CCCN2S(=O)(=O)c2cccs2)ccc1-c1cccs1,-6.841,0.6108150826110417,448.59100000000007
Cc1ccc(C)c(N2CC(C(=O)N3c4ccccc4C=Cc4cccnc43)CC2=O)c1,-8.756,0.6049235247050863,409.4890000000002
C=C1CC(O)C2C(C3(C)CCCC(Cc4cccnc4)=C(C=O)C3=O)CC(O)C12C,-5.535,0.4529824739165659,409.5260000000001
CC(C)c1ccc(NC(=O)N2CCCC(Oc3ccnc4cc(Cl)ccc34)C2)cc1,-8.338,0.5522108426737995,423.94400000000013
COCCN(CCCC(=O)O)C(=O)c1nnn(-c2ccc(F)cc2)c1C,-6.761,0.7268339299429202,364.37700000000007
O=C1NCCOC2CC(c3ccc(I)cc3)OC12,-4.681,0.7759994950284962,359.163
CCOc1cccc2nc(-c3ccc(-c4cnc(SC)cn4)cc3)c(=O)[nH]c12,-6.951,0.5153174098109841,390.4680000000001
CCC=CCC=CCC=CCCCCCCCCCCCC(=O)OC1C(OP(=O)(O)OCC(COC=CCCCCCCCCCCCC)OC(=O)CCCCCCCCC)OC(C(=O)O)C(O)C1O,,,
CCC(=O)NC1CCCN(C(=O)C=Cc2n[nH]c3ccccc23)C1,-8.309,0.8446453148714452,326.4000000000001
Cc1cc(Cl)cc(NC(=S)Nc2cnn(CC(=O)N3CCCC3)c2)n1,-6.883,0.7965595147795108,378.88900000000024
CC(Cl)c1ccc(N2CC3(CCN(Cc4ccc(S(=O)(=O)c5ccc([SH](=O)(C(C)C)N6CCC(C(C)(C)O)CC6)cc5)cc4)CC3)C2)cc1Cl,-9.596,0.1625613271283709,762.9099999999999
COCCNCc1cc(C)n(CC(C)C)c1C,-5.66,0.7386895572337759,238.37499999999997
CC(C)C(C)C1CCC2C3CC(O)OC12CCC3C1(C)CCCCC1O,-7.241,0.7596341854569362,364.57000000000016
COc1cc(C)c(C(O)=C2C(=O)C(=O)N(c3ccc(C)c(C)c3)C2c2ccccn2)cc1C(C)(C)C,-7.447,0.2816564448759427,484.59600000000023
CN(C)CCCc1cccc(O)c1,-5.489,0.7625796046004898,179.263
CN(CC(=O)O)C1CCN(C(=O)c2cc(Cl)c3c(-c4cccc(-c5nn[nH]n5)c4)cccc3n2)C1,-8.64,0.42099206194285826,491.93900000000014
CCC(C)Oc1ccc(C=C(C#N)C(=O)NC2CC2)c(O)c1,-6.447,0.6248867385128328,300.35800000000006
O=C(NCc1ccc(Br)o1)c1ccncc1Br,-6.494,0.9154144713314872,360.005
Cc1ccc(S(=O)(=O)N(CC(=O)NN=Cc2ccccc2[N+](=O)[O-])c2cc(C)ccc2C)cc1,-7.501,0.29795786535795554,480.5460000000002
CCC(O)(OC)OC1NC(=O)C(C(N)=O)=C1C(=O)O,-5.692,0.3239564597578776,274.229
CC(C)OCC(=O)c1ccc(NC(=O)N(C)Cc2cccc(Br)c2)cc1,-6.794,0.6610976471169817,419.319
CCN(CC)CCOc1cc2c3c([nH]c2cc1OC)CN(C)CC3,-6.34,0.8468832218069262,331.46000000000015
COc1cccc(CN2NC3C4CCC(C4)C3C2=O)c1,-7.107,0.9142411502636726,272.348
CC1CCN(C(=O)C(C)NC(C)CC(=O)O)CC1,-6.332,0.7721834046372762,256.34599999999995
COc1cc(C(=O)N(Cc2ccccc2C)Cc2c(-c3ccccc3)noc2N(C)C)cc(OC)c1OC,-6.878,0.2726817024147898,515.6100000000002
CC(=O)c1ccc(NC(=O)N2CCN(C)CC2c2ccccn2)cc1,-7.304,0.8741813711342878,338.41099999999994
Cc1nccnc1N(C)CC(C)(C)CN,-4.853,0.8076625194638417,208.30899999999997
COc1cc(C(=O)NNC(N)=S)cc2ccccc12,-7.157,0.5691583726810561,275.333
CC(C)CN1CC(C(=O)NCCCN)CC1=O,-5.53,0.6405019715829062,241.33499999999992
CCCC1(S)CNC1,-3.414,0.5339432944847501,131.244
C=CCOC(C)CCC(C)=CCCC1CCC(CCCC)CC1,-6.249,0.3489736493713549,320.56100000000015
Cc1ccc(NC(=O)C=C2CCN(C(=O)c3cnn(C)c3C)C2)cc1C,-7.446,0.8639335282469428,352.43800000000016
CCc1cn(CCN2CCOCC2)c2cccnc12,-6.795,0.8402412834539976,259.353
C=C1C=C(C2=C(N=CC)NN=C(NC3=CC=C(Cl)CC3)N2)CCC1,-6.643,0.683551730798505,343.8620000000002
COc1cc(NC(=O)Nc2ccccc2)ccc1C(=O)OCc1csc(-c2ccccc2)n1,-8.246,0.3400236170610914,459.5270000000002
O=C(NCCSCc1ccccc1Cl)C1CCN(S(=O)(=O)c2cc(F)ccc2F)CC1,-7.424,0.5687659539365066,489.0090000000003
CC(NCC(O)c1ccsc1)C1CCN(C(=O)OC(C)(C)C)CC1,-6.207,0.850575619687708,354.51600000000013
CCN(C)c1nc(N)c2c(-c3ccc(O)c(-n4cccc(C#N)c4=O)c3)cnnc2n1,-7.33,0.5103289305086612,414.42900000000014
CNCCCC1(CO)CC1,-4.246,0.5567950003580164,143.22999999999996
NNC1CCC2CC(NC(=O)c3ccnn3-c3ccccc3)CC1C2,-6.798,0.5875436121731056,339.4430000000001
CCCSCc1nc(N)c2sc(Cl)nc2n1,-5.426,0.8685948411942436,274.802
Nc1nc(NCc2ccc(F)cc2Cl)n[nH]1,-6.411,0.7655005534741955,241.65699999999998
Cc1ccc2c3c(c4c(c2c1)CCC4=O)CCN(CC1CC1)C3=O,-6.886,0.8464726486477289,319.40400000000005
CCCCCOC(=O)CCc1cc(O)c(OC)cc1C,-5.961,0.5856507579472497,280.364
CC(=O)N1CCCC1C(=O)Nc1cc(C)n(-c2ccc(F)cc2)n1,-6.564,0.9386212419597013,330.36300000000006
COc1ccc(Cl)c(OC2CCC(=O)CC2)c1,-6.038,0.8307528775825982,254.71299999999994
CC(=O)N1c2ccc(S(=O)(=O)Nc3ccc(S(=O)(=O)Nc4cc(C)cc(C)c4)cc3)cc2CC1C,-8.53,0.512953187112841,513.6410000000002
COC(=O)c1cc(C(F)(F)F)n(-c2cccc(OCc3ccccc3)c2)n1,-7.604,0.6247542944178786,376.3340000000001
CCC1COCCN1C(=O)COC(C)(C)C,-5.12,0.7347649441181683,229.31999999999996
CCCCCCCCCCCCCCCCCCCCC(CP(=O)(OCC)OCC)OS(C)(=O)=O,-4.246,0.05872903763541643,540.7880000000002
Nc1ncnc(O)c1N=NC(=O)COc1ccc(I)cc1,-7.132,0.5994685946037467,399.14799999999997
O=C(C1=Cc2ccccc2OC1)N(CC1CCCO1)c1nc2c(Br)cccc2s1,-7.448,0.5348497172686086,471.37600000000003
CCCCc1c(Cc2cccc(S(=O)(=O)O)c2)c(=O)oc2ccccc12,-6.85,0.5226267366477785,372.4420000000001
Cn1ncc2ccc(S(N)(=O)=O)c(C#Cc3ccc4n[nH]nc4c3)c21,-7.928,0.49310750347893795,352.379
CCOC(=O)c1c(-c2ccc3c(c2)CC(Cn2nc(C)cc2C)O3)nnn1C,-7.238,0.631509718107608,381.4360000000001
CC(=O)C1=CCC2C3CCC4=C(O)C5C(O)CC(O)(C4C3(O)CCC12C)C5(C)C,-7.405,0.5404367017952985,402.5310000000002
Cc1ccc(Cl)c(OCC(=O)NC(CC(N)=O)C(=O)O)c1,-6.934,0.6757558905749599,314.7250000000001
O=C(NCCOC1CNC1)c1cccc2[nH]ccc12,-6.861,0.6985198949942586,259.309
CC1(C)CCCC(C)(C)N1OC(=O)NCOC(=O)O,-6.261,0.6062655826112774,274.317
Cc1cc(S(=O)(=O)NCC2(N3CCOCC3)CCCCC2)c(C)s1,-5.889,0.8632766465887838,372.55600000000015
CC(=O)Nc1ccc(N)c(NC(=O)CCC(C)C)c1,-6.694,0.7138013137530823,263.34099999999995
C#CCNc1ccc(S(C)(=O)=O)c(N)c1,-5.762,0.5858361790847216,224.28499999999997
NCCNC1CC=Cc2ccccc21,-5.577,0.7572526115157266,188.274
CC1CCN(Cc2ccc(F)c(C(=O)O)c2)C1CO,-6.871,0.8718211247806763,267.29999999999995
OCC(CCc1ccc(F)cc1)N1CCCC1,-6.78,0.8484646837499773,237.31799999999996
O=C(O)CC1CN(S(=O)(=O)c2ccccc2)C1c1ccccc1,-7.552,0.9133919568822072,331.3930000000001
Cc1ccn(C(=O)O)n1,-4.978,0.5567459285115858,126.115
CC1(C)c2cccc(C#N)c2-c2c1cc(C#N)c1ccccc21,-7.377,0.5923643560451601,294.35699999999997
CCCC(=O)N1CCc2cc(C(=O)NCC3CCCNC3)ccc21,-6.613,0.8695954114960704,329.4440000000001
NCCCN1CC(C(=O)N2CCCN(c3ccc(=O)[nH]n3)CC2)CC1=O,-5.699,0.6945624120191743,362.43400000000014
CCCCC(=O)N1CCN(c2ccc(CO)c(N3CCCC3)c2)CC1,-6.177,0.8609105192304704,345.48700000000025
COC(=O)CC(NC(=O)C1CCc2cc(OCCCN)ccc21)c1ccc(F)cc1,-6.769,0.4862864295388001,414.4770000000001
N#Cc1cccc(NC2CCC(Oc3cncc(N4CCOCC4)n3)CC2)n1,-7.709,0.8445646087290571,380.4520000000002
CC(C)Cc1ccc(C(C)NC(=O)C2COc3ccccc3C2)cc1,-7.904,0.8825484588685942,337.463
CC1CCC(NC2CCC(C)(C)CC2)CC1,-6.191,0.7421836769499548,223.40399999999994
c1cnc(NCC2CC3CCC2C3)nc1,-5.81,0.8189013395055391,203.28899999999996
C=CC[n+]1ccc(C=Cc2ccc(C=C=Cc3cn(-c4cccc(Cl)c4)c4ccccc34)cc2)cc1,-8.124,0.12453609516112116,486.0380000000001
CCC1CN(c2ccccc2F)CC1N,-5.75,0.8050991503354443,208.27999999999994
CC(C)c1ccccc1Nc1cc(N)c(C(=O)O)cn1,-6.814,0.7941337707249285,271.31999999999994
CCc1nc(N(C)CC(C)O)sc1CNCC(C)C,-4.939,0.7690861810579829,285.45700000000005
O=C(NCC1CCCN1CCCSc1ccccc1C(=O)N1CCS(=O)(=O)CC1)OCC1c2ccccc2-c2ccccc21,-8.607,0.24691398504325307,633.8360000000004
CCOC(=O)c1ccc(NC(=O)c2cnn3c(-c4cccc(C(F)(F)F)c4)ccnc23)cc1,-7.841,0.4362228814910519,454.4080000000001
O=C(COC(=O)C12CC3CC(CC(C3)C1)C2)Nc1ccc2ccccc2c1,-7.752,0.8116811615044933,363.457
CCC1(C(=O)Cc2ccc(C)cc2)CCCN1,-6.513,0.8627894636163063,231.33899999999994
CCOC(=O)c1ccc(OC(CC)c2ccc([N+](=O)[O-])cc2)c([N+](=O)[O-])c1,-7.004,0.3851367814781399,374.3490000000001
COCCCNC(=O)c1ccnc(Nc2ccccc2OC(C)C)c1,-6.22,0.6830329538953858,343.42700000000013
COc1ccc(C(CN)C(=O)N2CCN(C(=O)CC3CCCC3)CC2)cc1,-6.922,0.8273598089890665,373.49700000000024
Cc1cc(Cl)c(C(=O)CCC(C)(C)C)s1,-5.357,0.7035639664072721,244.78699999999998
CCCOC(C)(CC)C(NC(=O)c1cncs1)C(=O)O,-5.481,0.7654470204693322,300.38000000000005
Cc1nccc(C2(CO)CCC(C)(O)CC2)n1,-6.669,0.8129174459348065,236.31499999999994
Cc1cc(Br)cc(C)c1SCCC(=O)N1C(C)SCC1C(=O)O,-6.077,0.7349650546769146,418.37800000000016
O=C(c1ccc(CSc2nc3ccccc3[nH]2)cc1)N(c1ccccc1)c1ccccc1,-7.544,0.29729743736865033,435.55200000000013
C=CCNC(=O)CCS(=O)(=O)CC(=O)O,-5.455,0.5612946267844047,235.26099999999997
CCCCCCCCCCCCCC(O)(CCC)C(=O)OC(=O)O,-5.101,0.23465671471957433,344.492
OCC(C1CCOCC1)N1C2CCCC1CC2,-5.854,0.8147952502041688,239.35899999999995
CN(CCCCCO)C(=O)c1ccc(CNC(C)(C)C)o1,-6.15,0.7230120319344531,296.41100000000006
COCCOc1ccccc1C(=O)Nc1cc([N+](=O)[O-])cc(OC)c1C,-6.942,0.44077920398738146,360.36600000000016
Cc1cc(-c2ccc(NC(C)C(C)(C)C)cc2)nc2[nH]nc(OCC(=O)N3CCc4ccccc43)c12,-8.507,0.36496481823173504,483.61600000000027
COc1cc(C(=O)NC2CC3CCC2C3)cc(F)c1OC,-7.424,0.9282904272505875,293.338
CCOc1ccc(S(=O)(=O)N2CCC(N)C2)cc1,-6.28,0.8783507970665257,270.3539999999999
CC1(C)CCc2cc(-c3ccc(N(c4ccc(-c5ccc(C67CC8CC(CC(C8)C6)C7)cc5)cc4)c4ccc5c(c4)C(C)(C)c4ccccc4-5)cc3)cc3cccc1c23,-10.47,0.16295756730949476,766.0850000000002
COc1cc(OC)cc(C(=O)NNC(=O)C2C(C)C2(C)C)c1,-6.934,0.8310620142325481,306.3620000000001
CC1(C)CC2CC3(C)CC(CC3C1)C2NC(=O)CC(NC(=O)Nc1cc(C(C)(C)C)no1)C(C)(C)C,-6.523,0.4447522223625666,500.7280000000003
OC(CN(Cc1ccccc1)Cc1ccccc1)c1ccccc1,-6.385,0.6969688649763778,317.432
CC(=O)OCCNC(=O)c1cc(-c2ccccc2)c2c(c1)c1c(n2Cc2ccccc2)C=C(C2=CC=CC(C(=O)O)C(Br)=C2)CC1,-6.323,0.14174208436967267,677.5950000000003
N#CC(=Cc1ccccc1C(=O)O)CC1CC2CCC1C2,-6.71,0.8444116454686088,281.35499999999996
CC(C)(C)CCC(NC(=O)CCCN1CCOC1=O)C(=O)O,-6.735,0.7094186429743584,314.382
Cc1cc(F)ccc1CCNC(=O)C(C)(C)C1CNC1,-7.52,0.86515339521803,278.371
CCc1ccc(N2CCN(C(=S)Nc3ccccc3Cl)CC2)cc1,-6.618,0.8170421325466981,359.92600000000016
Cc1cc(NC(=O)NC(C)(C)CC2(C(F)(F)F)CCC2)nc2c1Oc1ccc(C#N)c(F)c1N2,-8.805,0.38465737980791276,477.4620000000003
Brc1ccc(CC2CNc3nccn32)nc1,-6.205,0.9164548985602099,279.14099999999996
CSc1ccc(C(=O)NC2(c3nc(C)cs3)CCCC2)cn1,-6.584,0.8655193522328458,333.48200000000014
CN(C)C(CNC(=O)c1cccnc1)c1cccc(F)c1,-6.996,0.9171535054529462,287.338
CN(Cc1cccc(F)c1F)c1ccc(F)cc1F,-6.746,0.764249095200905,269.241
CCCCCCCCCCCCCCCCNC(=O)Nc1cccc(N2CC(CO)OC2=O)c1C,-6.278,0.1952951963056423,489.7010000000002
CCCN(CCC)S(=O)(=O)CCC,-4.039,0.6386442774105214,207.33899999999994
CC(O)CC(OC12CCC3(CC1)OC(C)(C)C(C)C(=O)C3C2)C(C)(C)O,-6.218,0.7801034396733959,368.5140000000001
Cc1ccsc1C=NNC1=NC(=O)C2(N1)c1ccccc1C(C)(C)c1ccccc12,-8.242,0.4911507074791285,414.53400000000016
N#CC(C#N)=C(O)C=CN1CCCCC1,-5.663,0.422058433316799,203.2449999999999
O=C(C1CCCCO1)N1CCn2nnc(-c3ccc(F)c(Cl)c3)c2C1,-8.142,0.8215853602483167,364.80800000000016
Cn1ccnc1C(=O)c1ccc(NC(=O)Cc2cccc([N+](=O)[O-])c2)cc1,-7.389,0.41103983449233156,364.3610000000001
CCOC(=O)C(C)C1(C#N)CN(C)CN1,-4.474,0.6624703719165584,211.26499999999996
C[N+](=NOCc1ccccn1)C(=O)[O-],-5.954,0.384615040868906,195.17799999999997
CCOC(=O)Cn1nnnc1C(O)c1ccc(C)cc1C,-6.308,0.8240009092592313,290.32300000000004
COC(=O)c1c(OS(=O)(=O)c2ccc(F)cc2)ccc2c1C(=O)C(=Cc1cccc(Br)c1)O2,-7.29,0.26525322607471685,533.3270000000002
COc1cc(NC2CCN(CC(C)C)C2)c(Cl)cc1F,-6.533,0.8984956321373491,300.80499999999995
CC1CC(C)CC(NC(=O)CN)C1,-5.512,0.6692470855474353,184.28299999999996
CCCCCC(NC(=O)OCC1c2ccccc2-c2ccccc21)C(=O)NC(C(=O)OC)C(C)(C)C,-7.037,0.35072948060751963,494.6320000000003
Cc1noc(C)c1CSc1ncccc1C(=O)Nc1ccc(-n2cnnn2)cc1,-7.527,0.4850639657269841,407.45900000000006
O=C(NC1CN2CCC1CC2)c1ccc2c(c1)OCCO2,-7.3,0.8905393200013729,288.3470000000001
CC(Oc1ccc(Cl)cc1)C(=O)NCCCCCC(=O)O,-6.463,0.6873438823571728,313.781
CCC(NCCOc1cccc2c1CCCC2)C(=O)O,-6.332,0.7513863675886887,277.364
CCOC(=O)c1cc([N+](=O)[O-])c(Oc2cccc(OC)c2)cc1N,-6.618,0.3738111622134417,332.31200000000007
O=C(c1ccccc1)C(c1ccccc1Cl)c1cn(C(=O)c2ccc([N+](=O)[O-])cc2)c2ccccc12,-8.714,0.14582128531765637,494.9340000000002
CCNc1csc2c1C(=O)c1c(c(OCC[N+](C)(C)C)c3ccccc3c1C(=O)O)C2=O,-6.472,0.41259047174802754,453.5400000000002
Cc1cccc(NC(=O)CNc2nc(=O)n(-c3cccc(C(F)(F)F)c3)c(=O)[nH]2)c1,-8.928,0.5881517340460071,419.36300000000006
O=C(c1ccccc1N1CCCC1CC(F)(F)F)N1CCC(c2ccccc2)C1,-7.42,0.6985246687009908,402.4600000000001
COc1ccc(NC(=O)CCSc2ccc(Cl)cc2)cc1Cl,-6.47,0.7300893509919546,356.274
O=C(CC1CSCCN1)Nc1ccccc1Br,-6.045,0.9002986739591112,315.23600000000005
OCCN(CC(O)COCC1CCCO1)CC1CCCN1,-5.405,0.509377834807972,302.415
CCOC(=O)c1cc(C(F)(F)C(F)(F)C(F)(F)F)n(C)c1OCCOc1ccc(F)c([N+](=O)[O-])c1,-6.756,0.14407260865559793,520.3290000000003
O=C(COc1ccc(F)cc1Br)C1CC1,-5.535,0.842633753106761,273.10100000000006
Cc1cc(NS(=O)(=O)CCC2CCCNC2)no1,-6.698,0.8393748113646287,273.35799999999995
CCOc1nc(NC)c2ncn(C3C(OC(=O)c4ccc(OC)cc4)C(CO)OC3(O)CO)c2n1,-6.72,0.29971026608121487,489.48500000000024
O=C(CCc1ccccc1)COP(P)P,-5.081,0.7341009550383372,260.15
CC(C)c1cccc(CC#N)c1,-5.778,0.650532046024989,159.23199999999997
COc1ccc2c(Oc3ccc(N4CCCC(N5CCC(F)C(F)C5)C(C)C4)c(C#N)c3)ccnc2c1,-6.69,0.42983645085746836,506.5970000000002
O=C1CC(c2ccc(Br)o2)C(=O)N1c1ccc(Br)cc1,-7.034,0.7215827802269614,399.038
Cc1ccc(C2NNCC2C(=O)Nc2nc(-c3ccc(Cl)cc3)cs2)cc1,-7.64,0.6165307967663002,398.9190000000001
CCc1ccc2[nH]cc(C=CCCN)c2c1,-6.951,0.8064770233651688,214.31199999999995
Cc1ccc(-c2nnc(NC(=O)C(NS(=O)(=O)c3cccs3)C(C)C)s2)cc1,-6.819,0.5901182500663718,436.5840000000001
COCCn1c(SCC(=O)N2CCCCC2C(N)=O)nc2ccccc21,-6.609,0.7420993160440703,376.482
CC(O)CNCCC1CC(=O)C(C)C2C(C)CC(O1)C1(C)C2CCC2(C)C(CO)C3CC21C(O)C(O)CC3C,-5.155,0.32302702022730895,549.7930000000002
COC(=O)C1=C(N)Oc2c(C)cccc2C1c1cccnc1,-6.584,0.8603864275959379,296.326
COc1ccc(S(=O)(=O)c2ccc3[nH]c4c(c(=O)c3c2)CN(C(=O)C2CCCO2)CC4)cc1Cl,-8.843,0.5874014615747327,502.97600000000045
CCOc1ccc(OC2COCC2C(=O)Nc2ccc(S(C)(=O)=O)cc2)cc1,-7.698,0.7612200891843394,405.4720000000001
CCC(Nc1cc(C)c(C)cc1C)C(=O)NCc1ccccc1,-7.148,0.8424607795810188,310.441
COCCN1CCN2C(=O)c3ccc(-c4ccncc4)cc3CC2C1=O,-6.383,0.8394804430304299,351.4060000000001
CC(CCN(O)CO)CCN(C(=O)C1CC1)C12CC3CC(CC(C3)C1)C2,-6.071,0.48686976443104396,364.53000000000014
O=C(Nc1ccc(-c2ccoc2)cc1C(F)(F)F)c1ccc(Cn2cc3c(Cl)cccn3c2=O)s1,-7.985,0.29335163935208514,517.9160000000002
O=C(Cc1noc2ccccc12)Nc1c(F)cccc1Cl,-7.489,0.800425546230133,304.70799999999997
c1n(c(cc1C(OC(C(c1ccc(Cl)cc1Cl)C)=O)C)=O)Cc1ccco1,,,
C#CCn1c(C)c(CC(N)CC(=O)C(C)NC(=O)C(C)NC)c(O)c(C)c1=O,-6.676,0.4306981402954238,390.4840000000001
Cc1ccc(SCCCC(=O)NC(C)COc2cc(C)ccc2C)cc1,-6.866,0.4940301420440361,371.5460000000001
C=CCn1c(=NC(=O)c2cccc(S(=O)(=O)N(C)C)c2)sc2cc(C(=O)OCC)ccc21,-6.683,0.38802816423689224,473.5760000000003
Cc1ccc2ccoc2n1,-5.197,0.5498595132111734,133.14999999999998
CCNC(=NCc1cc(C)no1)NC1CCc2nnc(C(C)(C)C)n2C1,-7.631,0.6400722498011702,359.4780000000001
CCCCCCCCCC(=O)OCC(COC(=O)CCCCCCCCCC(C)C)OC(=O)CCCCCCCCCCCCCCCCCCCCC(C)CC,,,
O=C(Nc1ccc(N2CCN(C(=O)C3CCOCC3)CC2)cc1)c1ccc2n[nH]nc2c1,-7.864,0.6531012148640788,434.50000000000017
CCC(=O)c1ccc(-c2coc3c2CC=CC3)cc1,-7.09,0.6052056235663373,252.31299999999996
COc1ccc(C2C(=C(O)c3cc4c(cc3Cl)OCCC4)c3ccccc3N2C(C)=O)cc1OC,-7.707,0.43888695766402214,491.97100000000034
CC1(C)c2ccccc2-c2c1cc(N(c1ccc(-c3cccc(-c4ccc(-c5ccccc5)cc4)c3)cc1)c1cccc3c1oc1ccccc13)c1ccccc21,-11.87,0.16942101216205502,729.9230000000001
COc1ccc(CN2CCC3(CC2)CCN(Cc2ccccc2)C3=O)cc1,-7.218,0.8107841245957039,364.489
Cn1nc(-c2ccc(-c3cn[nH]c3)cc2)c2cc(C(=O)NS(C)(=O)=O)n(Cc3ccc(F)cc3Cl)c21,-8.6,0.3473698937552682,526.9810000000002
C#CCOCCOCCOCCOCCOCCOCCOCCOCCOCCOCCOCCOCCOCCOCCOCCOCCOCCC(=O)Oc1cccc(NC(C)=O)c1,,,
O=C(O)c1ccccc1C(=O)N1CCN(Cc2ccc(Br)s2)CC1,-6.77,0.843064346027542,409.30500000000006
Cc1ccc(C(=O)OCC(=O)NCc2ccccc2Br)s1,-6.501,0.8244357398206671,368.252
N=C(N)C(c1ccc(cc1)-n1c2c(c3c4c(ccc23)NC(N=4)c2ccccc2)cc1)(C)C,,,
CNCC(=O)N1CCC(c2nccs2)CC1,-5.523,0.8578816702671507,239.344
CCCN(CC1CCCN1)C(=O)c1ccc(Br)o1,-5.728,0.908445084298848,315.211
Cc1ccc(-c2nnc3sc(Nc4ccc(C#N)cc4)nn23)c(Cl)c1,-7.313,0.5798449367997061,366.8370000000001
Cc1ccc(CN2CCCC(CNc3cnccn3)C2)cc1F,-7.57,0.9196229810107577,314.4080000000001
CCC(C)(C)N1CCN(C(C)=O)CC1,-5.005,0.6682479133294004,198.30999999999997
CCc1nn(C)c(C)c1N1CC(CBr)CC1=O,-6.312,0.8012643899412657,300.20000000000005
CCN1CCN(C(=O)C(C)NS(=O)(=O)c2ccc3ccc(=O)[nH]c3c2)CC1,-7.161,0.7648665286628195,392.48100000000017
C=CCNc1nc(C)cc(NCC(CC)CC)n1,-6.095,0.6934568587282607,248.37399999999997
CCc1cccc(C(NC(C)c2ccccc2)C(=O)OC)c1,-7.346,0.8238987624937463,297.398
Cc1nccn1CCOC1(c2ccc(F)cc2)c2ccsc2CCN1CC(=O)O,-6.146,0.6416745310385573,415.49000000000024
C(n1c(c(cc(Nc2nc3n(cc(C4CCN(C5CC6NC(=C)C=6CC5)CC4)cc3cn2)C)c1)C)=O)C,,,
Oc1cccc(NC2CC3CCC2O3)c1,-6.272,0.7767170973442254,205.25699999999998
COc1ccc(-c2cc(CC(C)C)[nH]n2)cc1,-6.455,0.8748365985137907,230.311
CC1CN(c2nc(N)c(C(=O)c3cc(Cl)ccc3Cl)s2)CC(C)O1,-7.043,0.8113441597872685,386.30400000000014
c1(-c2cccc(c2)N2c3c(Oc4cc5c(cc42)cccc5)cc2C(C)(C)c4c(-c2cc3)cccc4)sc2c3c(oc2c1)nc(nc3-c1ccccc1)-c1ccccc1,,,
COC1CCC(NC(Cc2cc(F)cc(F)c2)C(O)CN)CC1,-7.145,0.7132064635284072,328.40300000000013
Cc1cc(COC(=O)CCNS(=O)(=O)c2cccs2)on1,-6.667,0.7717024294462272,330.38700000000006
CC(=O)n1cc(COCC(O)Cn2cc(Cn3c4ccccc4c4ccccc43)nn2)c2ccccc21,-7.193,0.3341933454807354,493.5670000000002
CCOc1ccc(-c2[nH]nc(C(=O)c3ccc(OC)cc3)c2-c2ccc(OC)cc2)cc1Br,-7.195,0.28969464320512917,507.3840000000001
COCOc1c(Br)cc(C=CC(=O)OC)cc1C=O,-5.694,0.34715009724441487,329.1460000000001
O=c1cc2c3c(n(CCCCO)c1=O)cc(C)cc3n(c2)C,,,
Cc1cncc(-c2ccc(S(=O)(=O)N3CCOCC3CC(=O)O)o2)c1,-7.871,0.8538927069849901,366.3950000000001
O=C(NC1C2CCOC2C12CCC2)c1ccc(F)cc1,-7.57,0.9003440899829618,275.3229999999999
Cn1cc(S(=O)(=O)N2CC(COCc3ccccn3)C3COCC32)cn1,-6.431,0.7342692534996962,378.4540000000001
COc1cc(CNC2(c3ccccc3F)CC2)n2cc(C=O)nc2c1,-7.309,0.7014227229271915,339.37000000000006
NC(=O)C1CCCN(c2nc(SCC(=O)Nc3cccc(F)c3)nc3ccsc23)C1,-8.086,0.446136152584266,445.54500000000013
Cc1cnn(CC2CCCN2C(=O)c2cnn(C(C)C)c2C(F)(F)F)c1,-7.485,0.8310168145281606,369.3910000000001
CS(=O)(=O)N1CCC(COc2ccc(OC3CNC3)cc2)CC1,-6.177,0.8394999399010243,340.44500000000016
CC(C)(C)C1CC=C2C(=S)CC(=O)OC2=CC1(C)C,-4.953,0.4903582308462106,278.417
CCNC(=NCc1ccc(S(C)(=O)=O)c(C)c1)NC1CCN(Cc2ccc(Cl)cc2)C1,-7.294,0.4870877704264237,463.04700000000025
CC1CC(C(=O)NCC2(O)CCCCC2)CCN1,-6.195,0.7086791807810834,254.37399999999994
C=C(C)COCCCCOCOC,-4.8,0.31442238664562505,188.26699999999997
CCN=C(N)N1CCC(C(=O)OCC)CC1,-5.457,0.43525200173740985,227.30799999999996
O=C(Nc1nnc(SCc2ccc(Cl)c(Cl)c2)s1)C1CCCN(C(=O)c2ccccc2)C1,-7.902,0.3459621305581773,507.4680000000003
Cc1cccc(N(C)C(=O)C2CCN(C(C)C)CC2)c1,-7.038,0.8454250549114269,274.408
Cc1ccc(C(C=O)N(Cc2ccco2)[N+](=O)[O-])cc1,-6.623,0.4592997705370125,274.276
CCCNC(=O)CCCN(C)CC(=O)NC(C)C,-5.553,0.6405528040448654,257.378
Fc1cnc(C2CC34CCNC3Cc3cc(C(F)(F)F)n(CC5CC5)c3N2C4)c(F)c1,-6.117,0.719488348788167,438.4440000000002
COc1cc(C(C)=NN(C(=N)N)c2cccc(F)c2)cc(C(F)(F)F)c1,-8.145,0.37103914799912624,368.33400000000006
CCC(OC(=O)OCn1ccc(-c2ccccc2-c2ccc(Cn3nnc(C(C)C)n3)cc2C)n1)C(=O)O,-6.356,0.29747673571013084,518.5740000000003
COCCOCCCNC(=S)Nc1ccc(Oc2ccccc2)cc1,-5.738,0.4962235927524034,360.4790000000001
CS(=O)(=O)C1(C#N)CC2CN(CC(F)(F)F)CC21,-5.721,0.7516326451211277,282.287
CCC1CCC(N(C)C(=O)CCc2ccc(OC(C)C)cc2)C1,-6.741,0.7436452920524753,317.47300000000007
CCOC(=Cc1ccccc1C)c1ccc[nH]1,-5.493,0.7881975791646668,227.307
COCCOCCOCCOC(=O)c1c(Cl)ccc(N)c1OCCOC,-5.068,0.29093267188626704,391.8480000000002
Cn1ccc(C2CC(c3cccs3)=NN2C(=O)CN(C(=O)c2ccc(F)cc2)C2CC2)c1,-7.109,0.5650135774530421,450.53900000000027
CC1(C)CCCC(O[N+](=O)[O-])O1,-5.266,0.47096214198993064,175.184
CSCC(C)(O)CNC(=O)NCC1(c2ccc(F)cc2F)CCOCC1,-6.898,0.6710191670860565,388.4800000000002
CCN(CC)c1ccc(C=NNC(=O)Cc2ccc(N(CC)CC)cc2)cc1,-5.385,0.49918737653006323,380.5360000000002
CC1=CCC2C(=C1)B(c1ccccc1N(Cc1ccccc1)C(=N)c1ccccc1)c1c(ccc3c1c1ccccc1n3-c1ccccc1)N2C1=c2ccccc2=CCC1,,0.09955655517877376,772.8049999999998
O=C(Nc1ccc(-c2cc(Cl)cc(Cl)c2)cc1)c1ccc(O)c(O)c1,-7.045,0.5434107809083336,374.22300000000007
CCc1nsc(N)c1C(=O)N(C)c1ccccc1C(=O)NCCOC,-5.479,0.73375300015632,362.4550000000002
CCC(C)(C)C(=O)N1CCSC(c2ccccc2)C1,-6.89,0.8386065363319305,277.43300000000005
CC1CCN(c2ccc(NC(=S)NC(=O)c3ccc(Br)c(F)c3)cn2)CC1,-7.427,0.6802995926381757,451.3650000000001
COC(=O)c1ccncc1NC1CCCC(n2cnc(C(F)(F)F)c2C)C1,-6.744,0.8101557349389802,382.3860000000001
CC(CC1CC1)NCc1ccc2c(c1)OCC2,-5.695,0.8410129049799354,231.339
O=C(O)c1cnn2c(C(=O)Nc3cc([nH]n3)CC)c(C)ccc2c1=O,,,
Cc1ccc(Cl)cc1NS(=O)(=O)CS(C)(=O)=O,-5.914,0.9105312673612138,297.7850000000001
O=C(O)C=CC(=O)Oc1cc(Cl)ccc1Cl,-6.22,0.5155406973709269,261.06
CC12CCC(O)CC1CCC1C2CCC2C(C3=CC(=O)OC3)CCCC21C,-8.549,0.6674101852781694,372.54900000000026
Cc1ccncc1N1CCN(CCCCCOc2ccc(N3CCC3)c(NC(=O)N3CCC(F)C3)c2)CC1,-7.393,0.4604686305091038,524.6850000000003
Cn1ncc(NC2(C3CC3)CC2)c(Cl)c1=O,-5.244,0.8749555419703706,239.70599999999996
Brc1cc2cccc(C3c4ccccc4-c4ccccc43)c2c2ccccc12,-7.543,0.2366852030424893,421.3370000000002
COc1ccc(N2c3ccccc3N3CCC2CC3CC#N)cc1,-7.098,0.8537462899328435,319.4080000000001
CCOC(=O)CC(N=C(C1=C(O)C(=O)c2ccccc2C1=O)C(C[N+](=O)[O-])c1ccc(OC)c([N+](=O)[O-])c1)C(=O)OCC,-6.654,0.15243641073362665,597.5330000000002
O=C(C(Sc1ncnc2cc(Br)ccc12)c1ccccc1)N1CCCC1,-6.981,0.4404895478845683,428.35500000000025
COc1cc(C=C2C(=O)N(Cc3cccs3)C(=S)N2c2ccccc2[N+](=O)[O-])cc(I)c1OS(=O)(=O)c1cccc([N+](=O)[O-])c1C,-6.981,0.043465571432506594,792.6110000000001
COC(=O)CCNC(=O)NCC(C)(C)N1CCOCC1,-6.254,0.6701329204732785,287.36000000000007
CN1CCn2nc(CNS(=O)(=O)c3ccc(OCC4CCC4)cc3)cc2C1,-7.221,0.7823966144081902,390.50900000000024
Cc1ccc(C(=O)NC2CCCN(c3nccnc3C#N)C2)cc1F,-6.932,0.9268768673269908,339.3740000000001
CCCNC(=O)C(C)NC(=S)NC(=NCCCS(C)(=O)=O)Nc1cc(OC)ccc1OC,-6.007,0.15780446913923016,487.64800000000025
COC(=O)c1cn2c(c1C#N)-c1ccc(C#N)cc1CC2,-6.271,0.7486891262595328,277.2830000000001
c1cc(-c2ncn[nH]2)c2nc(NCc3ccc(CN4CCCC4)cc3)sc2c1,-7.996,0.5139435543062613,390.5160000000002
Nc1cc(F)c(-n2cc(CNC(=O)O)nn2)cc1F,-7.616,0.7174978078161488,269.211
CCN1CCC(n2cnnn2)C2(CCN(C(=O)Cc3cccs3)CC2)C1,-6.598,0.8170650167209823,374.5140000000001
O=c1[nH]c2ccc(N3CCNC3c3cccc(O)c3CON=Cc3cc(F)ccc3F)cc2[nH]1,-8.122,0.2577292995081554,465.46000000000015
COc1ccc2nc(Cc3ccc4c(c3)OCO4)nc(C)c2c1N,-7.879,0.7466866400768614,323.3520000000001
COc1ccc(O)c(C(=O)Nc2ccccc2N)c1,-6.862,0.7369555853473887,258.277
NC(=O)c1c2ccc(NC(=O)c3ccccc3O)cc2nn1CC(=O)N1CCCC1,-7.788,0.5926919482412187,407.4300000000003
C=C1CCC2C(CCC3C4CCC5CCC(C)(C)CCC5(CC)C4CCC23C)C1,-5.904,0.38829469450319526,396.70300000000026
c1cc2c(c3c1c1ccccc1c1c(-c4cc5c(c6c(cccc6)c6c(c5)cccc6)cc4)cc(cc31)-c1ccccc1)C(Cc1ccccc-21)(C)C,,,
CCCOC(=O)C1CNc2cc3c(cc21)OCC(=O)N3C,-5.888,0.8545500975295309,290.319
COc1ccc(Cn2ccn3c(=O)c4ccccc4nc23)c(OC)c1,-7.81,0.5753136777725903,335.3630000000001
CCC1NC2c3cccnc3C=CN2C1=O,-6.669,0.7670692766920845,215.25599999999997
Cc1nn(Cc2ccccc2)c(C)c1CNC(=S)Nc1nc2ccc(-c3ccccc3)cc2s1,-8.074,0.2772005511863431,483.6660000000001
Cn1ncc2c(OCC(=O)Nc3cccc([N+](=O)[O-])c3)ncnc21,-7.85,0.5522174160732574,328.28800000000007
Cc1cc(C)cc(CNc2cccc(OC(C)C)c2)c1,-7.117,0.8489318589436889,269.388
CC(C)NS(=O)(=O)c1cc(C(=O)NCCN)ccc1Cl,-6.53,0.7185820542465597,319.81399999999996
CN1CCc2c(nn(C)c2-c2cc3ccsc3c(Nc3ccc(OCc4ccccc4)cc3)n2)C1,-7.991,0.3220103892051199,481.6250000000002
O=C(CCCc1cnn2c(-c3ccc(Cl)cc3)cccc12)Nc1ccc(S(=O)(=O)c2ccccc2)cc1,-9.297,0.2503459199372435,530.0490000000002
COC1COC2C(CN3CC=C(c4cccs4)CC3)COC12,-6.165,0.8511313209754249,321.4420000000001
Cc1ccc(CC(=O)N2CCCCC2)c(F)c1,-7.089,0.7714488483950871,235.30199999999994
NCC(Cc1ccc(F)c(F)c1)N1CCOCC1,-6.318,0.8784840045250634,256.29599999999994
O=C(Oc1ccccc1)c1ccc([N+](=O)[O-])cc1[N+](=O)[O-],-6.583,0.369689593980481,288.215
CCCCCNC(=O)c1ccc2c(=O)n(Cc3ccccc3Br)c(C)nc2c1,-6.84,0.5508020691233341,442.3570000000001
O=C(CC12CC3CC(CC(C3)C1)C2)N1CCc2cc3ccccc3nc21,-8.307,0.787417756608846,346.47400000000005
CC(C)OCc1ccccc1NC(=O)c1nnc(N2CCOCC2)o1,-7.742,0.8562477215429977,346.3870000000002
Nc1ccc(-c2cccs2)c(C(=O)O)c1,-5.603,0.7631298391591379,219.265
COc1ccc(CCNc2c3cccnc3nc3sccc23)cc1,-6.953,0.5828720285156477,335.4320000000001
CCCCN(CCCC)CCc1cc(-c2ccc(OC)cc2)n[nH]1,-5.41,0.6582974368435535,329.488
Cc1ccc(C(=O)OC(C)C(N)=O)c([N+](=O)[O-])c1,-6.568,0.4862758811241198,252.22599999999997
COc1ccc(O)c(C(=O)N2CCC(COCc3ccccc3)C2)c1,-7.024,0.8771285516720015,341.407
CC1CC(C23CCC(C)(C2C)C3(C)C)CC(C)(P)C1,-6.191,0.5548137295920487,280.43600000000004
CCCCOCC1CC(C)(C)OC(C)(CI)C1,-5.576,0.4043407758639945,354.272
COc1cc(C=NNC(=O)c2ccccc2COc2ccccc2C#N)cc(Br)c1OC,-7.434,0.36275036118371506,494.3450000000002
COc1ccc(CNc2ccc(C(=O)Oc3ccc(C(C)=O)cc3)c(C)c2)cc1,-7.589,0.3484683562971328,389.45100000000014
CCS(=O)(=O)c1ccc(C2C3=C(CCCC3=O)NC3=C2C(=O)CC(C)(C)C3)s1,-7.089,0.8041861922974789,419.56800000000015
O=C(CCCSc1ccccc1)N1CCN(c2ncccc2Br)CC1,-6.388,0.5217450119349845,420.37600000000015
CCOc1ccc(NC(=O)C(C#N)=Cc2ccc([N+](=O)[O-])cc2)cc1,-6.792,0.3754962756086053,337.33500000000004
CCC(N)CCOc1ccc(C(C)C)cc1,-5.866,0.7994727047739559,221.344
CCCC1C(CC(=O)O)CCCC1OC1=CC(=O)CC(OC(C)=O)C=C1,-4.761,0.6964054996447993,364.4380000000001
Cc1ccc(CO)cc1OCc1ccc(Cl)s1,-6.686,0.914394566241555,268.765
CCN1CCN(C(=O)NCCCl)c2ccccc21,-5.83,0.8531955731486556,267.76
CCC(C)(CN)CN1CCCCCC1=O,-3.387,0.7716092862878193,212.33699999999993
COc1ccc(CCNC(=O)C(C)N(C)CCc2c[nH]c3ccccc23)cc1,-7.198,0.5990994370744607,379.504
O=C(O)c1c[nH]c2ccc([N+](=O)[O-])cc12,-6.483,0.5775972711623132,206.15699999999998
NC1c2cc(Br)sc2CCN1CC1CC1,-5.219,0.9059378074434326,287.22600000000006
CN1CCC(C(C)(C)CC(=O)O)CC1,-5.081,0.7535238458424873,199.29399999999995
O=C(OCc1nnc(-c2cccnc2)o1)C1CCCNC1,-7.265,0.844485628412703,288.3070000000001
Cc1c(C)c(Br)c(N)c(C)c1Br,-4.62,0.7248153413743778,293.00199999999995
CCC(C)c1ccc(C(CC)NC(=O)CCS(=O)(=O)c2ccc(C)cc2)cc1,-5.433,0.6471965747983944,401.57200000000006
COc1cccc(C2C(C=O)Cc3ccn(C)c3C2O)c1,-7.017,0.8798034521440821,285.34299999999996
CNC(C)CCN1CCCCC1C,-5.052,0.7172021037723241,184.32699999999997
CCCCCCCCCCCCCCCCNC(=O)C1COc2ccccc21,-5.443,0.3181820855811055,387.60800000000006
C=CCOc1ccc(C(=O)NCC(=O)NCc2ccccc2)cc1OC,-6.517,0.6777005968122546,354.40600000000006
Cc1cc(N2CC(CN3CCCCC3)OC2=O)ccc1-c1cnn(C)c1C,-7.391,0.8285915092072571,368.48100000000005
Cc1cccc(CC(O)c2cc(Br)ccc2Cl)c1C,-6.905,0.8344492035856633,339.6600000000001
CCCCCCN(C(=O)Nc1cccc(Cl)c1)c1ccc(Oc2ncnc3cc(OC)c(OC)cc23)c(C)c1,-8.239,0.1909220534370672,549.0710000000003
O=C(Nc1ccccc1C1CCC1OCc1cccnc1)c1cnn(C2CCC(O)(C3CC3)CC2)c1C(F)(F)F,-7.163,0.34278438705869235,554.6130000000004
Cc1ccnc(CC(=O)OC23CCC2C2CCC4CC5(O)OC5CCC2(C)C4(C)CC3)c1,-4.947,0.5445798799089706,439.59600000000034
Clc1c(Br)cccc1COC1CCC1Cl,-5.871,0.7525032001939781,310.01800000000003
Cc1cccc(C(=N)c2cc(C)cc(Br)c2)c1,-7.589,0.7876719133144655,288.188
CC(C)C(C)(C#N)NC(=O)c1ccccc1S(=O)(=O)N1CCCC1,-6.537,0.8815978941107513,349.45600000000024
Cc1ccc(NC(=O)C2C3CCC(O3)C2C(=O)O)cc1,-7.082,0.881812047685885,275.304
O=C(OC1CCOCC1)C1CCN(c2ncc(Cl)c3nc(-c4cc(O)ccc4F)c(Cl)cc23)CC1,-7.834,0.462288344201819,520.3880000000003
CCOC(=O)Nc1cccc(CC(=O)NC(Cc2c[nH]c3ccccc23)C(=O)O)c1,-6.566,0.4556254284290205,409.44200000000006
COc1cc(C2(C)NC(=O)N(CC(=O)N(Cc3ccccc3)c3ccc(C)c(C)c3)C2=O)cc(OC)c1OC,-7.149,0.41307636168440076,531.6090000000003
CCCCCCCCCCCCCCCCCCNC(=O)c1ccc(NC(=O)c2ccc(Cl)c(Cl)c2)cc1,-6.486,0.15805424728889278,561.6380000000001
CC(C)c1nccn1-c1nsc(C2CCCN(C(=O)c3ccsc3)C2)n1,-6.906,0.680377319941679,387.5340000000001
COc1ccnc(CO)c1Oc1ccc(N)cc1F,-5.944,0.8267253463558593,264.256
O=Cc1nnn(-c2ccc(Br)cc2)c1-c1ccc(Br)cc1,-6.742,0.6098562783037823,407.06500000000005
CCOc1cccc(C=C2SC(=O)N(CC(=O)Nc3cccc4ccccc34)C2=O)c1,-8.506,0.5601363014186154,432.5010000000001
CCN(CC)c1nc(Cl)nc(N(c2cccc(F)c2)c2ccc(Br)cc2F)n1,-6.754,0.4518213080131682,468.7330000000001
COc1ccc(OCCC(=O)Nc2ccc(C)cc2C#CCO)cc1,-6.504,0.7943228048861647,339.39100000000013
Cc1nc(N)c2c(n1)CNCC2,-5.394,0.5667963715095806,164.212
CCCCN(CCCC)c1ccc(-c2cc(-c3cccc(S(=O)(=O)NC(C)C)c3)c(=O)n(-c3cccc(C(F)(F)F)c3)n2)cc1,-7.631,0.16213304720551938,640.7720000000003
CSc1ccc(OCC(=O)N(Cc2ccccn2)Cc2sccc2C)cc1,-5.796,0.5121992102000852,398.5530000000001
CCC1CCCN(C#N)C1,-4.286,0.5143713327295969,138.214
O=C(NC(Cc1ccccc1)C(O)c1ccc(Br)cn1)c1cnnn1-c1ccccc1Cl,-7.594,0.38797456129552893,512.7950000000002
COc1cc2c(cc1OC)C(O)C(c1ccccn1)C=N2,-6.561,0.940707038410219,284.315
O=S(=O)(c1ccccc1)N1CCCC(=NO)C1,-6.472,0.6385458939194076,254.31099999999992
CCCOCC(=O)Nc1cc(C(N)=O)ccc1OCC,-6.302,0.7067578464370794,280.324
CNC(=O)C1CC2C(=CCC3C(=O)CCC4(C)C(OC5OC(C)C(OC6OC(CO)C(O)C(O)C6O)CC5O)CC(C)C324)C12OCCC2C,-7.891,0.21239266087780487,693.8309999999999
S1(CCC2N(C(=O)C3(N(C)C)CC3)CCCC2)(=O)=O,,,
CN1CCC(NCCC2CCOC2)C1,-5.346,0.7197048605391377,198.30999999999995
CN1CCCC(N(C)CC2COc3ccccc3C2)CC1,-4.318,0.8502483785344834,288.4350000000001
CCS(=O)(=O)N1CCCC1C(=O)NC1CC(c2cccc(Cl)c2)C1,-6.623,0.8655431072821614,370.90200000000004
CCOc1ccc(S(=O)(=O)N(Cc2cc3cc(CC)ccc3[nH]c2=O)CC2CCCO2)cc1,-7.762,0.5130559658486064,470.5910000000003
CCCC(CNC(=O)Cc1ccccn1)C(C)(C)C,-6.0,0.8550840221854725,262.39700000000005
Cc1cccc(N=C2NC(=O)C(=Cc3ccc4c(c3)C(C)CC(C)(C)N4CC(C)C)S2)c1,-7.339,0.5347417174876753,447.64800000000025
CCC(C)(NC)C(=O)N(C)Cc1ccccc1Br,-5.056,0.9064498696534913,313.239
Cc1ccc(NC(=O)C(=NO)C(=N)N)cc1,-6.745,0.26012471689903965,220.23200000000003
CC(c1cccs1)c1cc(Br)cs1,-5.217,0.7420523553320599,273.21999999999997
COc1cccc(N)c1OCCCN1CCCC1,-5.725,0.620503950170016,250.3419999999999
CCOC(=O)C(CCCCl)NC(=O)C1C(C(=O)O)C(OC2CC2)CN1C(=O)CNC(=O)C(N)CCCN=C(N)N,-6.002,0.035628219219680825,590.078
Cc1cccc(N(Cc2c(C)cc(C)cc2O)C2CCN(CC3CCN(CC(C)C)CC3)CC2)c1,-6.842,0.4933563223339551,477.7370000000005
COc1cc(Cl)c(Cl)cc1COC(=O)c1c(OC)cc(C)[nH]c1=O,-7.123,0.8147737391345001,372.2040000000001
COc1ccc(-c2nc3c(C(N)=O)cccc3nc2-c2ccc(Cl)cc2)cc1,-7.128,0.5471619830933437,389.8420000000001
O=C(NC1CC(F)CN(CCOc2ccc(S(=O)(=O)C(F)F)cc2)C1)C1Cc2c(F)ccc(F)c2N1,-7.663,0.5079218150926373,533.5190000000001
COc1cccc(S(=O)(=O)N2CCN(C(=O)Cn3nc(C)cc3C)CC2)c1,-7.67,0.7591418432389418,392.48100000000017
COC(Cn1ccc(NC(=O)C2CC(=O)N(CCCOC(C)C)C2)n1)OC,-6.437,0.4549589111332221,382.4610000000001
CCSc1ccccc1C(N)Cc1cccn2ccnc12,-6.634,0.730421890572176,297.427
CC(NC(=O)OC(C)(C)C)C(=O)N1CCN(c2ncc(-c3ccc(-c4ccc5cnccc5c4)cc3)c(C3CN(C(=N)N)CCC3C)n2)CC1,-8.182,0.18371615519014273,677.8539999999996
CCCCCCCCCC(C)(N)c1ccc(OC)cc1,-6.176,0.6100774315888233,277.452
O=c1[nH]c(SCCO)nnc1Cc1cccc(Cl)c1F,-6.193,0.8199636465425015,315.75700000000006
O(c1ccc(Cn2c(SC)nc3[C@@H](CC(=NCCCF)Oc(c23)c2ccc3c(cnn3c2)I)C)cc1)C,,,
CCCCC(=O)N(CCCC(=O)O)c1ccccc1CC,-5.51,0.7554170092726641,291.3910000000001
CCC(C)c1ccccc1NC(CN1CCOCC1)c1ccccc1,-6.473,0.792757238306381,338.495
C=CCN=Cc1c(F)cccc1F,-5.673,0.5016629983067982,181.18499999999997
CCOC(=O)c1ccsc1NC(=O)c1cccs1,-5.786,0.8752694017862962,281.358
N#Cc1cc(Br)ccc1OCc1cccc(F)c1,-7.143,0.8571651667991966,306.134
Cc1cc(C)cc(OCCN2C(=O)SC(=Cc3ccc(F)cc3)C2=O)c1,-8.04,0.7232045281063639,371.43300000000005
CCN1CC(c2ccccc2)C2(CC(NC(=O)NC(=O)OC)CCN2C(C)C)C1=O,-6.915,0.7860653845232404,416.5220000000003
CCCn1ncc(NC(=S)N2CCN(CC=Cc3ccccc3)CC2)c1C,-6.823,0.7710942910275851,383.5650000000001
CN(C)c1nc(-c2ccncc2)nc(C2CC2)c1CN,-6.285,0.9183558090052877,269.352
CC(=O)c1ccc(COC(=O)Cn2nc(-c3ccco3)c3ccccc3c2=O)cc1,-6.829,0.36146684758331593,402.4060000000001
FC(F)Oc1ccc(OCCNc2nc(-c3ccncc3)n3nc(-c4cccnc4)cc3n2)cc1,-8.505,0.3144787919120838,475.4590000000001
CN=C(NCCCOCc1ccccc1)NC(c1ccccc1)C(C)C,-6.371,0.40423579508505986,353.5100000000001
O=C(NCc1ccc(C(F)(F)F)cc1)C1(CCC2CC2)CC1c1ccc(Oc2ccccc2)cc1,-7.816,0.3455425396419082,479.5420000000002
NC(=O)C(Sc1ccccn1)C(=O)NC(=O)Oc1ccccc1,-7.196,0.63159953729363,331.353
CCCCc1nc2ccc(NC(=O)c3cccnc3Cl)cc2n1Cc1ccc(C(F)(F)F)cc1,-7.396,0.29393949982649054,486.9250000000002
Cc1c(C(=O)NCc2ccco2)nn(C)c1C(N)=O,-6.464,0.829227262519248,262.269
CC=COC(=O)C1=C(C(=O)N2CCN(C)CC2)C(=O)c2ccccc2C1=O,-6.681,0.4530628007886792,368.38900000000007
COC(=O)c1cc(N)ccc1OCCCC#N,-5.211,0.47614232039782356,234.25499999999997
O=C1Nc2ccccc2CC2(CC3(CCC3)C2)O1,-5.179,0.7570456901716061,243.30599999999987
C=C(C)C1CCC2C3CC=C4C(=C(C#N)C#N)CCCC4(C)C3CCC12CCC(C)C,-6.893,0.3451868155507062,416.6530000000003
Cc1cc(NC(=O)C=Cc2ccccc2)c(C(=O)Nc2c(Cl)cc(Cl)cc2CC#N)[nH]1,-7.699,0.42398741836888426,453.32900000000024
CCCS(=O)(=O)CCNC(CC)c1ccc(C(=O)O)cc1,-5.88,0.7303329747632091,313.419
Cc1cc(N)ccc1C(=O)Nc1nc(C(F)(F)F)nc2c1CC1CC1(C(=O)NC(CC1CC1)C(=O)O)C2,-7.977,0.41272504940035115,517.5080000000004
CN(CCc1ccncc1)c1nc(N2CCCCC2)c2cccn2n1,-7.19,0.7169666188312794,336.443
NC1(CNC(=O)c2cc(S)ccc2Br)CCC1,-6.221,0.7501097166456201,315.2360000000001
CCN(CC(C)C(=O)OC)S(=O)(=O)c1ccc(C#N)cc1,-6.172,0.74069185426964,310.37500000000006
Cc1cccc(Nc2ccc3c(n2)-c2ccc(F)cc2CN(CCN2CCOCC2)C3=O)n1,-7.978,0.6443240627687661,447.5140000000004
CCOc1cc(C(=O)NN=C(C)c2ccc(-c3ccccc3)cc2)cc(Cl)c1Oc1ccccc1,-7.398,0.2098667732972841,484.9830000000002
COc1cccc(C(=O)Nc2cc(S(=O)(=O)Nc3ccccc3F)ccc2N2CCN(C)CC2)c1,-7.702,0.5170367702651012,498.58000000000027
c1cc2c3c(ccc2cc1)n1c2c4c(ccc2c3c2ccccc21)n(cc4)C,,,
CC(C)C1NCCC(=O)N1,-4.779,0.5440274762057837,142.202
Cc1nc(NC(C)Cn2ccnc2)c2cc(Cl)ccc2n1,-6.587,0.8031930658844707,301.78100000000006
CC(NC(=O)Cc1ccc(OC(F)F)cc1)c1cccnc1,-7.543,0.8919381359556176,306.31199999999995
Cc1nc2c(ncn2C2OC(CCl)(COP(=O)(O)OCC3OC(n4cc(C)c(=O)[nH]c4=O)CC3O)C2OP(=O)(O)O)[nH]1,-7.285,0.11418945585036051,656.8660000000006
O=c1cc(CCN2CCOCC2)n(-c2cc(F)ccc2Cl)cc1OB(O)O,,0.7045966411153963,396.61100000000005
Cc1ccc2c(c1)cc(-c1ccc(C)c(C(=O)O)c1)n2C1CCCC1,-7.043,0.6639884378379146,333.43100000000015
Cc1ncc(CC(C)CO)n1C,-4.624,0.72782843519217,168.24
CC(C)(C)OC1CC[S+](CCCC(N)(c2cc3c(Nc4cccc(F)c4)nccn3n2)C(F)(F)F)C1,-6.34,0.30718864232059223,526.624
CCC(NCC1CCCN1CC)c1ccc(F)cc1,-5.85,0.847371900862928,264.388
C#CCCC(C)C(=O)c1ccc(C(C)C)cc1,-5.958,0.5487773958382309,228.335
CCn1c(Cc2cccs2)nnc1SC(C)C(=O)c1ccc(F)cc1,-6.648,0.4520226147315187,375.4940000000001
CCc1nc(CCl)cc(C)c1OC1CC1,-5.358,0.7344387812865631,225.71899999999997
Nc1nc(C(=O)OCC2CCCCC2)ns1,-5.662,0.8170516816470378,241.31599999999992
CCc1ccc(-c2ccc3scc(CC(=O)O)c3c2)cc1,-7.418,0.7535051595959176,296.39099999999996
C=CCOc1ccc(C(=O)Nc2ccc(N3CCOCC3)c(SC)c2)cc1,-6.46,0.5762173406972216,384.50100000000015
CCOc1ccc2c(ccn2CC(=O)Nc2cc(Cl)ccc2OC)c1,-6.906,0.7127037108799145,358.82500000000005
CC(=O)Nc1ccc(Cl)cc1C(=O)N(C)CC(=O)Nc1ccccc1Cl,-6.53,0.8125968851351731,394.25800000000004
O=C(Nc1ccccc1N1CCC1)NC1CCOC(CO)C1,-6.923,0.7890566325429297,305.378
O=C(NCc1cn[nH]c1C(F)(F)F)c1ccc(Br)cc1[N+](=O)[O-],-7.946,0.6161004862978691,393.119
NC(=O)C(Cc1ccc(OCCN(Cc2ccccc2-c2nc(-c3cncnc3N)no2)C(=O)OC2CN3CCC2CC3)cc1)NC(=O)c1c(Cl)cncc1Cl,,,
Cc1ccc(C(O)=C2C(=O)C(=O)N(c3cc(Cl)ccc3[N+](=O)[O-])C2c2ccco2)cc1Cl,-7.348,0.17777764560701428,473.26800000000014
COc1nc(C)sc1C(CCSc1ccc(C)cc1)S(C)(=O)=O,-6.803,0.6877095533130886,371.5490000000001
NC1(Cc2ccc(Br)c(C(F)F)c2)CC1,-5.954,0.8989583565326061,276.124
CN(CCCl)c1cc(-c2[nH]ncc2-c2nc3ccccc3[nH]2)c(Cl)cc1[N+](=O)[O-],-6.643,0.257930685838174,431.28300000000013
Cc1noc(C)c1COc1cccc(C(=O)Nc2cc(Cl)c(O)c(Cl)c2)c1,-8.071,0.5727855080456872,407.25300000000016
CCCC1(O)CN(C2CCOC2)C1,-4.882,0.6994520598929164,185.26699999999994
CCCCCCCCCCCCCCCCCCCCOC(COC(=O)CCCCCCCCCCCCC)COC(=O)CCCCCCCCCCCCCCC,,,
CC(=O)C1(c2ccccc2)CCN(C(=O)OC(C)(C)C)C1,-6.492,0.8399057005567621,289.375
O=C(O)c1nccc2ccc(F)cc12,-5.738,0.7501448528436356,191.16099999999997
CC(C(=O)NC1CCCCC1)N(Cc1cccc(Cl)c1)C(=O)CSc1ccc(Br)cc1,-6.977,0.427866646927277,523.9240000000002
C=CCOCC1COC(C)C1,-4.733,0.45456343716677394,156.22499999999997
CC(C)(C)c1cc(OC(=O)c2c(O)cccc2-c2ccc(C(=O)OCC3CCCCCC3)cc2)cc(C(=O)OCCS(=O)(=O)C(C)(C)C)c1,,,
CN1CCC(NC(=O)N(C)CC(C2CC2)N(C)C)CC1,-5.573,0.8194352822587113,282.432
CC(OC(=O)c1c2c(c(O)c3ccccc13)C(=O)CCC2)C(=O)NC(N)=O,-7.471,0.7050320730543277,370.36100000000016
C=C(C)C(=O)OC(C)OC(=O)N1CC(C=Cc2cc(N(CCCCCCCCCC)CCCCCCCCCCC=CCCCCCCCCC)ccc2OC)=C(C#N)C1=O,,,
CS(=O)(=O)N(Cc1ccccc1)c1ccc(C(=O)Nc2cccc(C(=O)O)c2)cc1,-8.286,0.603084865051652,424.4780000000002
Cc1cc(C(=O)OCC(=O)c2ccc(NC(=O)C(C)C)cc2)c(C)o1,-7.649,0.6404080284891072,343.37900000000013
CS(=O)(=O)NC1CC(O)C2CS(=O)(=O)C1O2,-5.491,0.5900747230290333,271.31600000000003
Cc1ccc(SCCC(=O)Nc2ccc(-c3nc4ccccc4o3)cc2)cc1C,-8.156,0.38832117907053665,402.5190000000002
O=C1OC(=O)C(c2ccc(Br)cc2)=C1c1ccccc1,-6.467,0.6261177471334014,329.149
CCCNS(=O)(=O)c1ccc(C(CC)Nc2nc(-c3cccnn3)cs2)cc1,-7.363,0.548819337075135,417.56000000000006
O=C(NC1=NC(Cc2ccc(Cl)c(Cl)c2)(c2cc(NC3CC3)ccc2F)CN1)N1CCSCC1,-7.961,0.5248570579565411,522.4770000000002
Cn1nc2c(-c3ccccc3)cc3ccccc3p21,-7.638,0.4878753234153826,264.26800000000003
O=C(O)C1OC(Oc2ccc(CNC(c3ccccc3)(c3ccccc3)c3ccccc3)cc2)C(O)C(O)C1O,-7.668,0.2047071832776709,541.6000000000003
CN=C(O)NC1CCN(C)CC1C,-5.155,0.46069720446567963,185.271
CCC1C(OC)C(OC)=C2C3OC(c4ccoc4)OC4C5(C=C(OC)SN31)CCC(C)(C)C24C=C(C)C5=O,-4.956,0.44732594192036046,543.6820000000004
c12O[C@@](Oc2cc2[C@@](OC(=O)C)(C/C=C\C=C/C)NC(CO)C=Cc2c(C)c1)(C)CO,,,
CCNC(=O)C1(C)Cn2c(cc3sccc32)C(=O)N1Cc1ccccc1OC,-6.637,0.7187687882672699,397.50000000000017
Cn1cccc1-c1nc2ncnc(N3CC4CN(Cc5cccc(F)c5)CC4C3)c2[nH]1,-9.16,0.5529108434670089,417.49200000000013
CCCCC(NC(=O)c1cn(C)n(-c2ccccc2)c1=O)C(=O)O,-6.528,0.804794355417524,331.3720000000001
CCCC(NS(=O)(=O)c1ccc(OCCO)cc1)C(=O)O,-6.287,0.6141846460482931,317.363
COc1ccc(Nc2nc(-c3ccc(C(=O)N4CCC(C)CC4)cc3)cs2)cc1,-7.888,0.6122939186555133,407.5390000000001
CCC(CC)NC(=O)N(Cc1cccc(C)c1)C(C(=O)NC1CCCCC1)c1ccccc1C,-6.025,0.4654295339460157,463.66600000000034
O=C(CS(=O)(=O)Cc1nc(-c2ccc(C(=O)NC3CC3)cc2)no1)Nc1cccc([N+](=O)[O-])c1,-8.509,0.3394703053273556,485.47800000000024
CNC(CCc1ccsc1)Cc1cncn1C,-5.598,0.8506970480470372,249.38299999999998
COc1ccc(C)cc1NC(=O)C1CCCN(c2cc([N+](=O)[O-])ccc2Cl)C1,-7.947,0.5896095545525205,403.8660000000001
C=NCc1cnc(=O)ccc1NC(=O)C1(C)CC1,-6.081,0.8144681194830378,245.28199999999995
CCCN(CCC(=O)N1CCCC(O)C1)C(=O)c1ccc(OC)cc1,-6.188,0.8172478903366549,348.44300000000004
CCN1CCN(c2cc(C(O)CNC3CC(C)C4(CC4)C3(C)C)cc(C(N)=O)c2O)CC1,-6.808,0.5153623223645593,444.62000000000035
C#Cc1cc(C=CCCO)ccc1Br,-6.565,0.818782079534222,251.123
CC(C)N(CCNC(=O)Cn1nc2ncccn2c1=O)C(C)C,-5.804,0.7835141586240271,320.3970000000001
CCOC(=O)c1sc2nc(C)cc(N3CCCC3)c2c1N,-6.215,0.8829654004278724,305.4030000000001
CC(C)CCSCC(C)CCl,-4.206,0.4597835501655549,194.77100000000002
O=c1cc(-c2nc(-c3cccc(F)c3)no2)ccn1Cc1ccccc1Cl,-8.057,0.5251608981515996,381.7940000000001
CC(CCOc1ccc(CCCC2CCNCC2)cc1)Oc1cc2c(=O)oc3cccnc3c2o1,-6.571,0.3236664229562326,476.57300000000015
CC(=O)OC(C)C(C)C1CCC2(C)C(=CCC3C2CCC2(C)C(C)CCC32)C1,-7.814,0.3941338685201161,386.62000000000023
Cc1ccc(Cl)c2sc(N3CCN(C(=O)c4cccc(NC(=O)C5CC5)c4)CC3)nc12,-8.355,0.62676058058114,454.98300000000023
O=C(O)C1=CCN(C(=S)Oc2ccccc2Cl)CC1,-6.723,0.8507145965747998,297.7630000000001
c12cccc(C)c2-n2c3ccccc3[n+]3Cc4ccc(C(C)(c5ccccc5)C)n(-c5ccc(-c6ccccc6)c[n+]54)c3c2-1,,,
O=C1CCCC2=C1C(c1ccc(O)c(O)c1)C1=C(CC(c3ccc(Cl)cc3Cl)CC1=O)N2,-7.996,0.5050356533272515,470.35200000000015
CC(NCCC1CCCN1C)c1ccc(C#N)o1,-6.061,0.8670056510546369,247.34199999999998
Cn1c(SCCCCCNS(=O)(=O)c2ccc3cc(S(N)(=O)=O)ccc3c2)nc2ccccc21,-5.964,0.2440988302998457,518.6860000000003
COC(=O)c1ccc(C(F)(F)F)cc1N1CCC(=O)N1,-6.71,0.8420559677260873,288.22499999999997
Cc1ccc(C(=O)CCC(=O)NCCc2ccc3c(c2)CC(=O)N3)cc1,-7.239,0.7541595542998627,350.41800000000006
CCNc1ccc(Cl)c(C(=O)N(C)CCO)n1,-6.466,0.8328322459814212,257.72099999999995
CCC(Sc1nnc(CNC(C)(C)C)n1-c1ccc(Cl)c(Cl)c1)C(=O)N1CCSCC1,-6.848,0.5433474449249116,502.53700000000026
COc1ccc(Cl)c2sc(NC(=O)c3sc4ncnc(NCC(O)C(=O)O)c4c3C)nc12,-7.078,0.30387366634684204,493.95400000000024
CC(C)C1CCn2c(nnc2-c2ccc(F)cc2)C1,-6.919,0.8281077566562259,259.32800000000003
Cc1ccc(N2CC(C)N(C(=O)C3(C(F)(F)F)CC3)CC2C)c(F)c1C1CCN(C)C1,-7.737,0.6539936540265944,441.5130000000003
Cc1nn2c[n+](Cc3ccccc3)nc2s1,-5.81,0.6252967587265087,231.30400000000003
COCCCNC(=O)C(C(C)C)n1nnc(-c2ccco2)n1,-6.174,0.738218203815175,307.35400000000004
CCOC(=O)CCNC(=S)N1CCc2ccc(OS(=O)(=O)N(CC)CC)cc2C1,-6.388,0.4569321729384714,443.5910000000003
Cc1cc(CO)cc(C2(C)CCN(C(=O)c3cccnc3C)CC2)n1,-7.417,0.9336703560332211,339.4390000000001
CCCN(CCC)c1cccc(CN=C(NCC)NC(C)COC)c1,-5.194,0.47524349010194483,348.5350000000001
COC(=O)c1ccc(NC(=O)c2ccc(Cl)[nH]c2=O)cc1,-6.451,0.670904207839106,306.70500000000004
Cc1csc(CN2CCc3sc(N)nc3C2)n1,-5.878,0.9035997274761735,266.395
Cc1ccc(CSc2ncc(C(=O)NCc3ccccc3)c(=O)n2-c2ccccc2)cc1,-7.422,0.3316654208466049,441.55600000000015
CCC(O)c1nc(N)c2n1CC(O)CC2,-5.471,0.6528465213953091,211.265
CCOC(=O)c1ccccc1NC(=O)CSc1nc2cc(C)ccc2n1C1C(=O)N(C)c2ccccc21,-7.586,0.28084532147800795,514.6070000000002
Cc1occc1C(=O)OCc1cc(C(=O)N2CCCc3ccccc32)no1,-8.161,0.6568069318971588,366.37300000000005
O=C(CCC1CCCC1)OCCN1C(=O)c2ccccc2C1=O,-6.822,0.5979725331701043,315.369
CC1(c2ccc(OC(F)(F)F)cc2)CCCCC1(N)c1ccc(-n2nc(C(N)=O)c3cc(C(=O)NCC4CCC(F)(F)C4)ccc32)cc1,-8.758,0.1766654757536235,669.6950000000002
c12-c3ccc4-c5c(cccc5)C5(C4(CC4c6c(cccc6)-c2cccc5-c1cccc4C)C)N3,,,
C=CCc1nc(NC(=O)Nc2cnc(C)cc2C)[nH]c1C1(C(=O)NOC)CCOC1,-6.77,0.4055821097955202,414.46600000000024
O=C1C(=Cc2cccc(Br)c2F)C2CCC1C2,-6.544,0.7164345164805795,295.151
COC(=O)c1ccccc1NC(=O)c1nc2ccccc2nc1N1CCCCC1C,-7.952,0.6606857866887116,404.47000000000025
COCCCC1CCCCNC1,-3.511,0.6512440030087839,171.284
CCC(N)C(=O)NC(Cc1ccccc1)C(=O)CN(C)C,-6.343,0.7345607037795899,291.39500000000004
NCCC#Cc1ccc(C(F)(F)F)cn1,-6.116,0.7237869383382219,214.18999999999994
Cc1cc(C(F)(F)F)nn1CCNC(=O)C12CC3CC(CC(C3)C1)C2,-7.801,0.8979387000032746,355.4040000000002
CC(C)(C(=O)O)C(F)(F)c1cncc(Cl)c1,-5.478,0.8960505896785822,249.644
CC1C2CCC1(CO)C(C)(C)C(=CC(=O)O)C2O,-5.828,0.651289137229541,254.326
CCC1CCCCN1c1cc(NC(=O)c2cccs2)nc(-c2ccccc2)n1,-7.193,0.6461242917992548,392.52800000000013
CCOc1ccccc1C(=O)Nc1sccc1C(=O)N1CCC2(CC1)OCCO2,-7.527,0.8086592631954185,416.49900000000036
C=CCC(C(=O)NC1CCN(C#N)CC1)N(CC=C)N=Cc1ccccn1,-6.083,0.3122992638936905,366.46900000000005
C1(=C(C(=O)OCC)C(N(c2cccc(c2)C(OC)=O)C2CC(C)(C)CC(C2=1)=O)c1ccccc1OC)C(OCC)=O,,,
Cc1ccc2nc(C)c(NC(=O)c3cc4ccccc4o3)n2c1,-7.918,0.6097683839099688,305.33700000000005
Cc1c(C(=O)NSC2CCCC2)n(C)c2cc(C(=O)NCc3ccccc3Cl)ccc12,-8.09,0.48955454460868686,456.01100000000014
CN(C)C(=O)COc1ccc(CN2C(=O)C(=O)c3cccc(F)c32)cc1,-7.058,0.7690531165858333,356.353
COc1ccc(CCC(=O)NC(C)(C)CCCl)cc1,-5.944,0.7808561295052033,283.799
CCC(C(=O)NC)n1c2ccccc2c2cnn(-c3cc(F)ccc3C)c(=O)c21,-6.839,0.5780962145987276,392.43400000000014
CCCCCCCCCC(=O)c1cc(F)cc(F)c1,-5.902,0.4391554103409702,268.347
COCCNC(=O)Cc1nc2ccc(C(C)C)cc2[nH]1,-6.507,0.7922711763541554,275.352
C=CCOC(=O)C(C)(C)OCC(C)C(=O)O,-5.962,0.5257498927186007,230.25999999999996
CCOC(=O)C1CCC(NCc2ccccc2)C(=O)N1C,-6.279,0.831211890497304,290.36300000000006
CC(=O)Oc1ccccc1C=NNc1ccccc1,-5.906,0.39464101082479014,254.28900000000002
COc1ccc(OCc2cc(C(=O)Nc3ccccc3N3CCC(C)CC3)c(-c3cccs3)o2)cc1,-7.496,0.2787855377545254,502.63600000000037
CCOc1ccc(C2Nc3c4cccc3C(=O)NC2C(c2ccc(OC)cc2)N4)cc1OC,,,
CC(CSC(c1ccccc1)c1ccccc1)(NC(=O)CCC[S+](C)(C)=O)C(=O)N[N+](C)(C)C,-5.319,0.2622820484701076,505.7500000000004
CCCCNC(=O)C(CC)N(Cc1cccc(Cl)c1Cl)C(=O)Cc1ccccc1F,-6.392,0.49014915009205007,453.3850000000002
CC(C)CCCC(C)C1CCC2C3C(CO)C45CCCCC4C3(CCC12C)c1c2ccccc2nn15,-6.701,0.4522436239535612,488.76000000000033
CCC(c1ccccc1F)N(C)CC1CC(Cl)C1,-5.383,0.7234524252501106,269.791
CCCCc1ccccc1NC(=O)COc1cccc(-c2ccccc2)c1,-7.785,0.5589698438574824,359.46900000000005
C=C(C(=O)N1CCCC1C(=O)NCc1ccc(C#N)cc1F)C(O)CO,-6.951,0.6271869523200085,361.37300000000005
O=C(Cn1cnc(-c2ccco2)n1)Nc1ccccc1C(=O)c1ccccc1,-6.851,0.5239735450821932,372.3840000000001
Cc1nn(CC(=O)NC(C(C)C)C2CCOC2)c(=O)c2ccccc12,-7.51,0.8995854884569652,343.427
Cc1cc(Br)ccc1Sc1ccc(C#N)cc1N,-6.621,0.8366674065343354,319.2270000000001
CCCCc1c(C=O)c(CC)c(C)c(C(=O)O)c1CCCC,-5.184,0.6695314299068087,304.43000000000006
CCOC(=O)c1cc(CN(C)Cc2cnccn2)on1,-6.382,0.7347346374236774,276.296
CNC(=CC=C(C)N)c1c(OCC(C)CCN2CCN(C(C)=O)CC2)c2c(n3cccc13)CCC2,-7.032,0.5393068074014984,479.6690000000004
O=C(NCc1ccccc1Br)c1ccc(S(=O)(=O)Nc2ccc(Cl)cc2)cc1Cl,-7.659,0.4574312757636255,514.2280000000002
CNC(=O)c1ccc(NC(=O)c2ccc(NN)c(Cl)c2)cc1,-6.81,0.5132450647553974,318.764
CCCCCCCC(Cl)CCCC(=O)CCC(=O)Cl,-5.013,0.26476684221335844,309.27699999999993
CCN(CC)c1cccc(NC(=O)c2cnc(Nc3ccc(C)c(C)c3)cn2)c1,-8.122,0.599148363528308,389.50300000000016
Cc1ccc(NC(=O)C2CCCCC2)cc1S(=O)(=O)N1CCCC1,-7.045,0.9058849899140415,350.48400000000015
COC(=O)c1ccc(NC(=O)COC(=O)CCn2cnc3ccccc32)cc1,-6.876,0.6310645657796092,381.38800000000003
O=C(Nc1ccc(S(=O)(=O)Nc2cccc(F)c2)cc1)c1ccc(N2C(=O)C3CC=CCC3C2=O)cc1,-9.454,0.3718266002531621,519.5540000000003
O=C(Cl)c1ccc(C(=O)OCCCCBr)cc1,-5.651,0.34922894820118383,319.58199999999994
CCCC(C)NC(=O)CSc1nc(-c2ccc(F)cc2)nn1-c1ccccc1F,-6.822,0.5450272206052793,416.49700000000007
CCC1CN(CCCCOc2ccc(F)c(C)c2)CCN1c1ncccc1N,-6.512,0.6981726685834159,386.51500000000016
CCS(=O)(=O)c1ccccc1NCCC(C)(C)OC,-5.439,0.8366259418660215,285.409
CNC1CCN(C(=O)C2CCN(C)CC2)C1,-5.347,0.7264065184663377,225.33599999999993
NCC1OC(c2cccc(I)c2)C(OC2OC(C(=O)O)C(O)C(O)C2O)C(O)C1O,-6.36,0.19828102643357418,541.2910000000002
c1ccc(C2(c3ccccc3)CC3CCP32)cc1,-6.77,0.685746912862981,252.29699999999994
COc1ccc(NC(=O)c2n[nH]c3ccccc23)cc1C(F)F,-7.929,0.7696682117941502,317.295
CCC(=O)Nc1cccc(NC(=O)C2(O)CCOCC2)c1C,-6.77,0.7916077769318441,306.3620000000001
CCCCC(c1ccc(Cl)cc1)(C1NC2=C(CC2)C(N)=NC1=O)n1ncnc(C(F)(F)F)c1=O,-5.677,0.6371577016855731,494.9050000000002
Cc1ccc(CC2CCCN2C(=O)c2cnc(Cl)n2C)cc1,-7.373,0.8714084318279532,317.82000000000005
CCC(CO)NS(=O)(=O)c1ccc(OC)c(F)c1,-6.249,0.8092202604120995,277.317
CC1CCC(C)S(=O)(=O)C1C(=O)O,-5.258,0.6842203400553399,206.26299999999998
CC(C)(Cc1ccncc1)C(=O)Cn1cc(I)cn1,-5.99,0.7619353457868693,369.20599999999996
CC(C)C(NC(=O)C(N)CC(=O)O)C(=O)N1C(C)CCC1C(=O)O,-6.781,0.4814389881902394,343.3800000000001
NCC(Cc1ccnc2ccccc12)c1ccc(C(F)(F)F)cc1,-7.525,0.7626848927048712,330.353
O=C(c1cccc(-c2cc(C3CCCCC3)cc(O)c2O)c1)N1CCCC1,-8.095,0.7484959751625938,365.4730000000001
C=CCN(C(=O)CN1CCC(Oc2ccccc2C)CC1)C1CCS(=O)(=O)C1,-6.482,0.648525807739115,406.5480000000003
COC(=O)CC1C2=C(Cl)C(=O)CC(C)C2CCC1(C)C,-5.771,0.7300663132835116,298.81000000000006
C=S(C)(=O)CC(F)(F)F,-3.563,0.5205965580318677,160.16
NC(=O)CCN(C(=O)COC(=O)CSc1ccc2ccccc2c1)c1ccccc1,-5.972,0.4217415584078923,422.5060000000001
CC(C#N)NC(=O)C(OC(=O)C1CC1C)c1ccccc1,-6.469,0.8390590495098061,286.33099999999996
Cc1csc(-n2nnc(CCN)c2Cc2ccccc2)n1,-6.656,0.783251331029897,299.40299999999996
Cc1cc2c(cc1CCCCC(N)=O)OC(CF)CO2,-6.797,0.8138345671620542,281.327
C=CCNC(=O)OC(c1ccccc1)C(C=C)OCC=C,-5.409,0.7081094608054025,287.3590000000001
CC(CC1OC1CC(C)(C)CCCO)C(O)c1ccccc1,-5.951,0.6839564736501575,306.44599999999997
CC(C)Oc1ccc(C2(c3cc4ccc(Cl)cc4n3C)CC2)cc1C#N,-7.27,0.6064650085032613,364.8760000000002
CCCCCC(CC)(CCCC)CC(=O)c1ccnn1CC,-5.058,0.3696331161240504,306.494
CN1CCN(Cc2nc3ccc(C#N)cc3s2)CC1,-6.136,0.8374405215989245,272.37700000000007
Cc1cc(-c2c[nH]c3c(Nc4cc(N5CCOCC5)ccc4F)ncnc23)n[nH]1,-7.732,0.4920954921320046,393.426
Cc1nn(C)c2c(Cl)c(CCN3CCN(C4CCC(C(=O)C5CC5F)CC4)CC3C)ccc12,-8.334,0.614621117680929,475.05200000000025
CN1CCC(=NNc2nc3ccc(Br)cc3o2)CC1,-6.975,0.8631487173154047,323.19400000000013
Cc1cc(O)c(-c2cc(N)n[nH]2)cc1Cl,-6.243,0.6946657828198447,223.66299999999998
COc1cc(C)c(O)cc1C(=O)CCl,-5.221,0.6195032537780591,214.64799999999997
COC(=O)Cc1cc(Cl)ccc1N=[N+]=[N-],-5.278,0.3431904070513937,225.63500000000002
N=Nc1ccc(N)c2ccc3cc(N)ccc3c12,-6.949,0.34041388264082,236.278
CC1(C2CCN(C(=O)NC3(c4ccccc4)CCOCC3)CC2)CCOC(=O)N1,-7.994,0.816026661540468,401.50700000000035
C=CC(=O)OC1CCC(CC)CC1OC,-5.24,0.5296338285139813,212.28899999999996
CCC=CCC=CCC=CCC=CCC=CCCCCCCCCCCCC(=O)OCC(COC(=O)CCCCCCCC=CCC=CCCCCC)OC(=O)CCCCCCCC=CCCCC,,,
Cc1cc(Nc2ccccn2)nc(C2CCCN(C(=O)CCSc3ccc(F)cc3)C2)n1,-8.057,0.5126476372265985,451.5710000000002
Cc1cccc(C(=O)N2CCN(C(=O)N3C(=O)CSC3=Nc3ccc(C)c(Cl)c3)CC2)c1,-7.198,0.662014528654757,470.9820000000002
CCOC(=O)c1ccc(NC(=O)c2ccc(CC#N)c(C(F)F)c2C)nc1,-6.795,0.7772801402190268,373.35900000000004
Cc1c(NC(=O)C2CCC(C(=O)O)CC2)cccc1S(=O)(=O)N1CCOCC1,-6.974,0.765895114678171,410.49200000000025
COCCN(C)C(CN)C1CCOCC1,-4.831,0.6943854547326285,216.32499999999993
CC=CC=CC=CC(O)C(CCCC)OCCO,-5.867,0.5891551123286414,254.36999999999992
CCC(CCCN)C1C(C)N2C(=O)C(CC(=O)NC)C(C)(C)SC12,-6.543,0.7340208566974196,355.5480000000001
Cn1c2ccccc2c2c(-c3ccc4ccccc4c3)ncnc21,-8.476,0.4388302528249046,309.372
CC(C)C1=CC=C2C(=CC3CC=C2C2=CCC4=C(C5=CC(C)C6CCCCC6C5C=C4)C23)CC1,-6.224,0.375281243346561,448.69400000000024
CN1CCC(Cc2nc(C3(C)CCCNC3)no2)C1,-6.683,0.8889457959308761,264.373
CC(=CC(=O)O)C(=O)Nc1cc(Cl)ccc1N1CCCCCC1,-4.623,0.8226277790118601,336.81900000000024
CCc1ccc(-c2cc(CCC(=O)O)n(CC)n2)s1,-6.414,0.8823901230933126,278.37699999999995
O=S1CCCCC(c2cnc3cc(OCc4ccccn4)ccn23)N1,-5.203,0.7804285323371489,356.451
NCC1(C(=O)NC2CCN(Cc3ccco3)CC2)CCOCC1,-6.172,0.8491686029068107,321.4210000000001
CC(C)CCN(C)C(=O)c1c[nH]c2ccccc12,-6.304,0.8798690362319553,244.33800000000002
c12ccc(N)cc1[N+](=C(C)C2(C)C)/C(C(OCCCCCCCCCCCCCCCC)=O)=C\C1C/C(C=CC=1CC[N+](CCCCCCCCCCCCCCCC)(C)C)=C/C=C/C1=[N+](CCC[N+](C)(CC(C)C)CCCCCCC,,,
CCN(CC)c1ccc2cc(C(=O)N3CCN(C(=O)NCc4ccccc4)CC3)c(=O)oc2c1,-7.787,0.5683213100547613,462.55000000000024
COC(=O)CCCCCCCC(=O)NO,-5.473,0.2786971214375034,217.265
COC(=O)c1ccc(C(=O)OC)c([N+](=O)[O-])c1F,-5.438,0.4598041967690392,257.17299999999994
CS(=O)(=O)N(CCC(=O)c1ccc(Cl)cc1)CCc1ccccc1,-7.038,0.6733869659225101,365.8820000000002
Cc1cc(C)n(C(C)C2CCCN(c3ccnc(C(=O)O)c3)C2)n1,-7.456,0.933705510410715,328.41600000000005
CN(C)CCN1CC(=S)N(c2ccccc2)CC1=O,-5.684,0.773431469934064,277.39300000000003
CN(CC1CCCN1)S(=O)(=O)O,-5.072,0.5927051691771161,194.256
CN=C(NCc1cccc(NS(C)(=O)=O)c1)NCC(c1ccc(OC)cc1)N1CCCC1,-7.607,0.3941325801565163,459.6160000000003
c1c(Cn2c(C(C(c3[nH]c(c4COCc43)=O)(CC)CC)=O)ncc2)cccc1,,,
COCCNC(=O)c1nc(Nc2ccc(OCC(=O)O)c(F)c2)c(C(N)=O)cc1F,-7.244,0.41288835064082824,424.3600000000001
CC(C)[P+]1([O-])OCC(C)(C(=O)O)CO1,-5.177,0.6939280600981614,222.17699999999996
CCCC(Cl)C(Cl)CS(C)(=O)=O,-4.766,0.6807995055239762,233.16
Cc1ccc2nc3c(cc2c1)CC(C)CC3,-7.004,0.6476227638904216,211.30799999999996
CCNC(=O)CCC(C)=CC(C)=Nc1c(C)noc1C,-6.319,0.8115184154608216,277.368
Cc1cc(NC(=O)CN2CCN(C(=O)Cc3ccc(F)c(F)c3)CC2)no1,-8.042,0.8548936312924929,378.37900000000013
CN(C)C(=O)COc1ccc(-c2ccc3c(ccn3C3CCCCC3)c2)cc1,-7.054,0.6070157213438347,376.5000000000002
CC(C)NCc1ccc(-c2ccc(C(=O)N(C)C)cc2)cc1,-6.189,0.9148144851284716,296.414
c12c(ccc3CCCC(CCC)(c21)C3=O)OCC,,,
CC(C)(C)OC(=O)NC(CC(=O)OC1CC=Cc2cccc(=O)n21)N(Cc1ccccc1)C(=O)OCc1ccccc1,-7.153,0.20737246692585395,573.6460000000003
CCc1cc(Cc2ccc(C)c(C3CCNCC3(C)C)c2)c(C)cc1CN,-7.61,0.7817247399732693,364.5770000000001
CCOC(=O)NNC(=O)c1nn(Cc2ccccc2Cl)c(=O)n(-c2ccc(Cl)cc2)c1=O,-7.08,0.5419407097412726,478.2920000000002
COC(=O)CC(CC(C)CCC[n+]1ncccc1C)OC(=O)c1ccccc1,-5.665,0.46371314916892314,385.4840000000001
CC(C)(C)OC(=O)N1CCN(Cc2cc(C(=O)OCCC3CC3)c(NC(=O)c3cc(OC(F)F)ccc3Cl)s2)CC1,-7.549,0.3157296749040651,614.1110000000001
Cn1ccnc1CC(CN)Cc1ccc(C(F)(F)F)cc1,-6.373,0.9219839404801529,297.32399999999996
CCC=CCC=CCC=CCCCCCCCC(=O)OCC(COP(=O)(O)OCC(CO)OC(=O)CCCCCCCCCC=CCC=CCCCCC)OC(=O)CCCCCCCCCCCCCCC,,,
CCOc1cccc(-c2nnc(NS(=O)(=O)c3ccccc3)s2)c1,-7.169,0.727577232136,361.448
CN(Cc1ccccc1)C(=O)c1ccc(NC(=O)C(Cl)C2CC2)cc1,-7.278,0.7974913581041265,356.85300000000007
COc1ccccc1NC(=O)CNC(=O)N1CCC(c2ccccc2)CC1,-7.297,0.8523736412651767,367.44900000000007
O=C(CSC1CCCCC1)Nc1cccc(CCl)c1,-6.88,0.8146757387813284,297.851
CCN(CC)C1(CC(N)=O)CCC2CN(CC(F)(F)F)CC(Nc3cnc4c(cnn4Cc4ccc(OC)cc4)c3)C2C1,-7.194,0.33342220735345796,601.7180000000001
CON1C2N=C(Nc3ccccc3C)N(c3ccc(F)cc3)C1CCN2OS(=O)(=O)O,-6.734,0.66254736569666,451.4800000000002
COC(C)(C)CNC(=O)NCC(O)c1cccc(F)c1F,-6.143,0.7491715073067371,302.321
CCCn1c(SCC(=O)NCCc2ccc(F)cc2)nc2ccccc21,-6.998,0.6081531202362843,371.48100000000005
Cc1cccc(NC(=O)COc2ccc(C(=O)C3CCN(C(=O)OCc4ccccc4)CC3)cc2)c1,-8.813,0.44011088599888004,486.5680000000003
CC(C)CNCc1nnnn1-c1cccc(Cl)c1,-6.418,0.8991548050428595,265.748
Nc1ccccc1-c1cccc(NC(=O)CCCc2ccccc2)c1,-7.703,0.6317861612079385,330.431
[C@H]1(CC(=O)O)CSc2n(-c3ccc(cc3)F)c3c(n21)nccc3,,,
CCCC(CO)(CO)OCCC(C)(C)CO,-4.925,0.5550049786178487,234.33599999999993
CCCCCCCCC1CCC(C2CCC(c3ccc(OC(F)(F)F)c(OCC)c3)CC2)CC1,-7.106,0.27599391641938076,482.6710000000003
Cc1cc2nc(C(=O)N3CCCC(NC(=O)c4cc5ccncc5[nH]4)C3)cc(C)n2n1,-8.973,0.5315571805422181,417.4730000000001
COc1c(I)nc(C)c2c1NCCC2,-5.484,0.6387203935598664,304.1310000000001
OCOCC1COC=CO1,-4.156,0.5618574604750506,146.142
CC=C(F)C=CC=CCOC(=O)C=NN(N)C(CCCC)CC(=O)OC,-5.453,0.1868682799721965,369.4370000000002
C=CCOc1ccc(Br)cc1C=NNC(=O)CN(c1cc(Cl)ccc1Cl)S(=O)(=O)c1ccc([N+](=O)[O-])cc1,-6.938,0.12594770040226133,642.3150000000002
Cc1nc(N2CCN(Cc3ccc4c(c3)CCO4)CC2)cc2ccc(NCc3ccco3)nc12,-9.157,0.4622022015415713,455.56200000000024
CCc1ccc(CC(=O)N(CC(=O)N2CCCCc3ccccc32)C(C)C)cc1,-5.799,0.7311102286002471,392.543
CNC1CN(CCOCCOC)CCc2ccccc21,-3.894,0.7659031567115636,278.39599999999996
CC#CCNC(C)c1cc(C(C)(C)C)cc(C(C)(C)C)c1O,-6.284,0.7957617465633736,301.474
NCC1CCCC1NC(=O)c1cc(Br)ccc1I,-6.219,0.7355373453675449,423.09200000000004
COc1nc(-c2cccc(N3CCN(C4CCN(c5ccc(C(=O)NCC#Cc6ccc(Cl)cc6CCC6CCCCC6C(=O)O)nc5)C(C)C4)CC3)c2Cl)ccc1CNCC1CCC(=O)N1,,,
O=C(NCc1c(Cl)ccc2ccccc12)OCC1c2ccccc2-c2ccccc21,-7.089,0.41259270010971866,413.90400000000017
COc1ccc(C(=O)c2cccc(CC(=O)O)c2OC)c(OC)c1,-6.781,0.7858438164231583,330.33600000000007
Cc1ccccc1N1CCN(C(=O)c2cccc(N3CCCC3=O)c2)CC1,-8.022,0.8417388007338038,363.46100000000024
CC(C)C(NC(=O)CNC(=O)CNC(=O)C(N)Cc1ccccc1)C(N)=O,-6.474,0.33237521413035453,377.4450000000001
CCc1nc2ccc(-c3cc(Cl)ccc3Cl)cc2c(=O)[nH]1,-8.163,0.7578350876283485,319.19100000000003
CN(CC(=O)O)c1cccc(NC2CC2)n1,-6.207,0.7811404208295173,221.25999999999996
Cc1sc(NC(=O)C2CC(=O)N(C3CCOCC3)C2)nc1-c1ccccc1,-7.665,0.8779448633160662,385.4890000000001
O=Cc1cccnc1Nc1cccc(Br)c1,-6.441,0.8741207610410674,277.121
FC([C@@H](c1ccc(N=C(SCC)N)cc1)(O)c1ccc(C(C)(C)C)cc1)(F)F,,,
Cc1nc(Nc2cccc(F)c2)cc(N2CCCC(C)C2)n1,-7.188,0.9329810549704093,300.381
Cc1cccc(C)c1NC(=O)c1cnn(-c2ccccc2)n1,-7.451,0.8064547228202729,292.34200000000004
CC(C)(C)c1ccccc1NC1CCN2CCCC2C1,-6.275,0.8743949852269988,272.436
Cc1cn(C2CCN(c3ccncc3Cl)CC2)nn1,-6.409,0.8460375259560667,277.759
CCC1CN(C(=O)C(C)C)C(c2ccccc2)O1,-5.888,0.8214735875516121,247.338
CNC(CCCNCC1(C)CCCCC1)=NO,-5.983,0.2198618351548057,241.37899999999996
[O-][S+]1Cc2ccccc2C(c2ccccc2)=N1,-6.55,0.7069320796432436,241.315
Cc1ccc(-c2cc(C)[n+](C)c3cc(-c4ccccc4)ccc23)c(-c2ccccc2)c1Cl,-7.795,0.2536031800005787,434.9900000000001
CCCCCCCCCCCCCCCCOCCCC(O)C1OCC(C(O)C(O)CSCC2OCC(O)C(O)C2O)O1,,,
CCCCCCC=CCCCCCCCC(=O)OCC(O)COP(=O)(O)OCC(O)COP(=O)(O)OCC(O)CO,,,
CC(C)CCC(COC(=O)c1ccccc1)CC(=O)NC12CC3CC(CC(C3)C1)C2,-6.247,0.5558075139473906,411.5860000000003
C=C(Cl)CNC(=O)NC(C)c1ccc(C)cc1OC,-6.305,0.8717097968177748,282.771
CCCC1CCC(COOCC2CO2)CC1,-5.363,0.2904020251293496,228.33199999999994
Cc1cc([N+](=O)[O-])c(F)cc1Sc1cc(F)c(Br)cc1N,-6.808,0.48066789927191295,375.194
Cc1ccsc1C(=O)NCCNCC1CC1,-5.938,0.7418399830283664,238.35599999999997
Cc1c(Cl)cccc1NC(=O)CCc1c[nH]c2ccccc12,-7.545,0.720234803318814,312.8
Cc1c(N)n(CCc2ccccc2)c2cc([N+](=O)[O-])c(C(F)(F)F)cc12,-7.944,0.5391778851877583,363.33900000000006
CC(=O)N(C=O)c1nc(N(C)C=S)cs1,-4.819,0.5840950328530902,243.31300000000002
O=C1CN(Cc2cccnn2)N=N1,-5.756,0.6458755966554899,177.16699999999997
COC(=O)C(C)=Cc1cc(C(C)(C)C)cc(C)c1C,-5.372,0.5888179645135474,260.37699999999995
Cc1cccc(-c2nsc(=O)n2CC(C)C)c1,-5.666,0.8367396238632704,248.351
O=C(C=Cc1ncc[nH]1)Nc1cccc2c1C(=O)C=CC2=O,-6.798,0.8465155457251738,293.28200000000004
COC1C2COC(N3CCN(c4ccccn4)CC3)OC1C13OOC4(OOOC45CO5)C1OC1(C=CC(=O)O1)OC23,-7.119,0.24808720031276216,577.4990000000005
C=CCNC(=O)N(Cc1ccc(C(=O)NCc2ccco2)cc1)Cc1ccco1,-6.885,0.5427870000081333,393.44300000000015
CCOC(=O)c1ccc2cc(Cl)ccc2n1,-6.372,0.7513295955924479,235.67
CCCn1ncnc1CC(N)c1ccc(Br)c(C)c1,-6.793,0.9201293349588598,323.23800000000006
C#CC1NC(=O)c2cc(C)ccc2O1,-5.866,0.6169764535734196,187.19799999999998
ClC1CCCOc2ncc(Br)cc21,-3.542,0.6694153023911147,262.534
CCCNC(=O)C(Cc1ccccc1)N(Cc1ccc(OC)cc1)C(=O)CN(c1ccc(I)cc1)S(C)(=O)=O,-6.557,0.2765464584097899,663.5780000000003
Cc1c(OC2Cc3ccccc3C2)nn(C)c1Cl,-7.056,0.8321256081366734,262.74
Cc1cc(Cl)nc2ccnc(Cl)c12,-5.664,0.6274170197024421,213.067
N#CCC(=O)Nc1cccc(C(=O)Nc2cccc3ccccc23)c1,-7.816,0.7602537660867502,329.35900000000004
COc1cccc(CC2CCCN(CC3COC(=O)N3)C2)c1,-7.011,0.9044654311650544,304.39
Cc1ccc(CC(=O)c2cccc([N+](=O)[O-])c2)c(C)c1,-7.763,0.4834086721087386,269.3
CN(C(=O)c1ccc(COc2ccc(C3CCCC3)cc2)o1)c1ccccn1,-7.517,0.5941468159497072,376.456
CN1CCOC(C2CCSC2)C1=O,-4.932,0.6218797055493879,201.29099999999997
CCOc1ccc(C(=O)Nc2cc(C(C)(C)C)nn2-c2ncccn2)cc1,-6.951,0.7467933623459899,365.437
COc1ccc(CN(C)CC(C)CN)cc1,-5.614,0.7962423829415045,222.332
CCC(=O)Nc1cccc(NC(=O)CCSc2ccccc2)c1,-6.724,0.7505218597041238,328.43699999999995
O=C(NCC(Cc1ccc2c(c1)CCNC2)c1ccc(Cl)cc1)C1CCCCC1,-7.355,0.7023944528171886,410.98900000000026
CCOC(=O)Cc1csc(N(CCC#N)c2c(C)cc(C)cc2C)n1,-6.656,0.6939716198632933,357.4790000000001
COc1ccc(C=CC(=O)c2ccco2)cc1C,-6.885,0.6082002282557071,242.27399999999997
COc1ccc(-c2ccc(C(=O)O)o2)c(F)c1,-6.78,0.8896209746410987,236.19799999999995
COc1ccccc1OCCOc1ccc2c(=O)c(Oc3cc(C)ccc3N)coc2c1,-7.379,0.31060803818447724,433.46000000000015
CCc1sccc1C(O)c1cncc(Br)c1,-5.862,0.9397439972360624,298.205
COc1cc(Br)c(NC(=O)C(C)C#N)cc1Cl,-6.643,0.930837598826896,317.57000000000005
CC1CN(Cc2ccc(C3C=Cc4ccc(N(c5ccccc5)c5c(N)c(N=C(N(C)C)N(C)C)c(N(C)C)c(Cl)c5F)cc4O3)cc2)CC(C)O1,-8.649,0.11027948430302455,726.3410000000002
COc1ccc(C2CCCN2S(=O)(=O)c2nnc(NC(=O)c3cc(OC)cc(OC)c3)s2)cc1,-8.284,0.46399277423287444,504.59000000000026
CN(C)c1cc(CCN2CCN(CCNCCC(=O)Nc3cccc4sc5c(cc(NCCN)c6c(=O)n(CCN7CCCCC7)[nH]c65)c34)CC2)cc(CN2CCCC2)c1,,,
CCN(Cc1ccc(OC)c(OC)c1)C(=S)Nc1ccc(SC)cc1,-6.297,0.5597778390544026,376.5470000000001
O=C(c1cc(C(F)(F)F)on1)N1CCC(Nc2nc(-c3ccc(C(F)(F)F)cc3)nc3ccccc23)CC1,-9.081,0.3210790123708342,535.4480000000001
C1OCCN(c2cc3c(cc2)c(=Nc2ccc(Br)cc2)c2c(n(c(=O)[nH]2)C)n3)C1,,,
O=C(CCS(=O)(=O)c1cccc(Cl)c1)N(Cc1ccco1)Cc1cccs1,-6.739,0.5385526730800496,423.9430000000002
C1CS(=O)([C@@](CC=C)(C)[C@H]21[C@@H]1N(CC[C@@]32c2c(ccc(O)c2)C1OCC3)O)=O,,,
O=C(NCc1ccc(F)c(F)c1)c1cc(F)cc(Br)c1O,-7.371,0.8804653789274787,360.129
Fc1ccc(CNCC2CCCCCO2)cc1Br,-4.157,0.9156262654634804,316.21399999999994
COC(=O)c1ccc(NC(=O)CSc2nnc3n2C(c2ccc4c(c2)OCO4)c2ccccc2N3)cc1,-8.464,0.2532181081260909,515.5510000000003
CC(C)(C)OC(=O)NC(C=CCC(N)Cc1ccccn1)C(=O)O,-6.841,0.6554320144560905,335.40400000000005
c1ccc(-c2nc(-c3ccccc3)nc(-c3ccccc3-c3nc(-c4ccccc4)c(-c4ccccc4)c(-c4ccccc4)n3)n2)cc1,-7.699,0.1784869872373982,615.7400000000002
C=CC1(C)CCCCC1OCCCCC1=Nc2ccccc2SC1=C1CCCCC1,-6.445,0.3241586027087623,423.6660000000002
COc1cccc(C(=O)O)c1CNC1CCC(C(=O)O)CC1,-6.139,0.7448353954486638,307.34600000000006
COC1CC(C(N)=S)(N(C)C)C1(C)C,-4.38,0.714883294791116,216.35
O=C1OC(c2ccccc2C(=O)O)=NC1=Cc1ccc(Oc2ccccc2)cc1,-7.453,0.5154710739801291,385.37500000000006
O=C1C2C(C(F)(F)F)C3(Cl)C=CC3(Cl)C2(Cl)C(Cl)N1c1ccc(Cl)cc1Cl,-6.901,0.25522187950869096,499.9580000000002
CCCNCc1cccc(N(C)C2CCCC2)n1,-6.222,0.7833747758487732,247.38599999999994
CCN1C(=CC=C2N([O-])c3ccc(S(=O)(=O)c4ccc(OC)cc4)cc3C2(C)C)C(=Cc2cc(C)c3c4ccccc4sc3[n+]2C)Oc2c1sc1ccccc21,-10.35,0.1549157267017166,798.0240000000001
CN(C(=O)C#CC1CC1)C(c1ccccn1)C1CCNC1=O,-6.848,0.8508221195913456,297.358
Cc1ccc(CN(C)C(=O)N(Cc2ccccc2)C2CC2)s1,-5.366,0.8080753192122861,314.4540000000001
CC(C)COc1ccc(-c2cc(N=Cc3cccc(OCc4ccc(Cl)cc4Cl)c3)[nH]n2)cc1,-7.919,0.2421539595306372,494.4220000000002
O=C(O)Cc1ccc(F)c(C2CC2)c1,-5.819,0.8013251318055039,194.20499999999996
CCOCC(C)NCc1cnnn1C,-5.322,0.7153975630618736,198.27
CC(C)(C)c1ccc(-c2nc(C(=O)NCCNC(=O)c3ccccc3Cl)cs2)cc1,-8.054,0.5330670487058118,441.98400000000004
CCCC1CCC(O)(CNc2nc(C)c(C)nc2Br)CC1,-6.39,0.8376480019177737,356.3080000000001
CC=CCn1nc(C)c2c1CCCCC2,-4.496,0.5345833837211085,204.31699999999992
CCCC(C(=O)O)n1c(C(C)(C)C)nc2ccncc21,-5.133,0.93026848466511,275.35200000000003
COC(=O)C1CN(C(=O)Cn2c(=O)c(C)nc3ccccc32)CC1C,-6.155,0.7759382219855083,343.3830000000001
NC(=O)c1cccc2[nH]c3nncc-3nc12,-6.69,0.6165214518818908,213.2
Cc1ccc(Br)c(-c2nc(C(C)S)no2)c1,-6.502,0.857308344014571,299.19300000000004
COc1ccc(CN2CCN(c3ncnc4c3ncn4C)CC2C)cc1,-7.437,0.7165146247018764,352.4420000000001
CS(=O)(=O)CCn1nc2cccc(C(=O)O)c2n1,-6.724,0.8486612749045557,269.282
O=C(Nc1n[nH]c2c1CCN(C(=O)C1CCC1)C2)c1ccncc1,-7.441,0.899105534451402,325.37199999999996
COc1ccc(-n2nc(-c3ccc(Cl)cc3)c(OC(=O)Nc3ncc(C)s3)c2C(N)=O)cc1,-7.898,0.41049718076942776,483.93700000000024
c1ccc(CCCN2CCN(Cc3cccc4oc(-c5ccccc5)cc34)CC2)cc1,-8.635,0.380962400948443,410.56100000000015
CC1CC(C(=O)CCC(NC(=O)OCc2ccccc2)C(=O)O)CNC1=O,-7.81,0.631815495997875,376.4090000000001
COC(=O)c1cccc(C2CC(C(SC(N)=O)(C(=O)OC3(c4cccc5ccccc45)c4ccccc4-c4ccccc43)c3ccccc3)Cc3ncccc3C(=O)N2)c1,,,
Cc1[nH]n(-c2ccc(N)cc2)c(=O)c1CC(=O)N1CCN(C(=O)Cc2ccccc2F)CC1,-8.099,0.5758046756533136,451.5020000000003
CCCCCCCCCCCCCCC=CCCC=CCCC=CC(O)C(COC1OC(CO)C(O)C(O)C1O)NC(=O)CCCCCCCCCCCCCCCCCCCCCCCCCCCCCCCCCCCC,,,
CCC1(CC)CCCN(c2ccc(C(C)=O)cc2N)C1,-6.042,0.6692435146819934,274.4080000000001
COc1c(Br)cc(Br)cc1C=NNC(=O)CN(c1cc(Cl)ccc1C)S(=O)(=O)c1ccc(C)cc1,-7.388,0.24710145580045859,643.7850000000002
c12CC(C)(C3CCCCC3C)C3(C(C4CCC(C(=CC=N5)CC)C4C(C(=O)O)(O)C3)[S+]([O-])c3ccc(C(=O)O)cc3)N3CCc(n31)c1cc(Cl)ccc21,,,
Cc1ncc(F)c(CF)c1S,-4.855,0.6459770053657942,175.203
CC(C)NCc1nc(COCc2cc(F)ccc2Cl)cs1,-6.257,0.828697990651215,328.84000000000003
COc1cccc(C(C)(CO)C(=O)C(C)O)c1,-5.815,0.7993316592763984,238.283
CCOc1cc(C2C(=C(O)c3ccc(OC)c(OC)c3)C(=O)C(=O)N2CCCN2CCOCC2)ccc1OC(C)=O,-6.859,0.14211907368118062,568.6230000000004
CC(CCl)Oc1cccc2ncccc12,-5.437,0.742784660561679,221.687
CCCCCN(C(=O)CSc1nc(N)nc(N)n1)C(C(=O)NC1CCCCC1)c1ccc2ccccc2c1,-6.797,0.24095272772196524,535.7180000000003
C(\COc1Oc(cc(Br)c1)O)(=N/OC1CCCCC1)CC=C,,,
CCC=CN(C(C)=Cc1ccc(O)cc1C(F)(F)F)C(CCCCO)C(=O)O,-5.527,0.4989127554843133,401.42500000000024
CC#CC(C)Oc1ccc(C)c(C)c1,-5.716,0.6479339165548992,188.26999999999998
CC(=O)NCC1N(Cc2cnc[nH]2)CCC12CCCc1cc(Br)ccc12,-7.168,0.8037575379328202,417.3510000000001
O=C(Nc1c([N+](=O)[O-])cccc1[N+](=O)[O-])c1ccccc1,-7.12,0.6851789885009174,287.231
CSCCC(N)C(=O)NC(CCC(=O)O)C(=O)NC(CCCCN)C(=O)NC(CCSC)C(=O)O,-5.274,0.09688524348395897,537.7050000000004
c12-c3c(-c4ccc(cc4)OCC(C)(C)O)n[nH]c(c3C(=O)c2nc(cc1)NCCO)C,,,
CC(C)c1ccccc1OCCOc1ccc(C(=O)N2CCN(C)CC2)cc1,-6.028,0.6856757632372414,382.50400000000013
CCN1C(=O)C(=CC=Cc2cc3cc4ccccc4cc3n2CCCS(=O)(=O)O)c2ccccc21,-8.178,0.2749351130122739,486.59300000000025
CC(C)(C)c1ccc(COC(=O)COc2ccc(C#N)cc2)cc1,-5.341,0.7810018393570306,323.392
CCC1COc2c(ccc(C)c2C(=O)O)O1,-5.8,0.8333070533871846,222.23999999999995
Cc1ccc(S(=O)(=O)N(Cc2ccccn2)Cc2c(C)nn(C)c2Cl)cc1,-6.719,0.6303593167526973,404.9230000000001
CC(C)(C)NC(=O)CNS(=O)(=O)c1cccc(C(=O)O)c1,-6.969,0.7355592601294303,314.36300000000006
O=C(S)C1C(=O)NN=C1C=Cc1ccccc1,-6.218,0.62280814285762,246.29100000000003
COC(=O)NC1(C)c2nc(-c3ccc(C(F)(F)F)cc3)sc2CCN1C,-6.572,0.8533985878668326,385.4110000000001
CC(C)N(CC(=O)O)S(=O)(=O)CCS(C)(=O)=O,-4.953,0.6534084948873621,287.359
CCNc1ncc(S(=O)(=O)Nc2cnccc2C)cn1,-6.47,0.864883774240871,293.35200000000003
Cn1cccc(C(=O)Nc2cc(Cl)c(C3CCC(N4CCCCC4)CC3)cc2C2CCOC2)c1=O,-7.721,0.6078912690402133,498.0670000000005
CC(C)(C)CN1CC=NN1C(F)c1ccc2[nH]c(C(=O)c3ccc(Cl)cc3Cl)cc2c1,-7.533,0.36168207602476055,461.3680000000002
Cc1ccc(NC(=O)C(C)Oc2ccc(C#N)cc2)c(Cl)c1,-7.169,0.9297961209655056,314.77200000000005
COc1ccc(Cl)cc1NCc1c(F)ccc(F)c1Cl,-6.86,0.8103289819856002,318.15
O=[N+]([O-])n1nnc2ccccc21,-6.032,0.4532217417490341,164.124
c1ncc(-c2ccc3c(c2)N=S=N3)o1,-6.289,0.6098354202926541,203.22599999999997
CC(=O)OCCNC(=O)CCCCC(C)N,-5.028,0.47168663530708527,230.30799999999996
COC(=O)c1c[nH]c(=O)c(CN2CCC(c3ccc4c(n3)OCC(=Cc3ccccc3)O4)CC2)c1,-8.896,0.5642895912262431,473.5290000000003
CN=C(NCCc1ccco1)NCc1cccc(C)n1,-6.623,0.6443079374381673,272.352
NC(=O)c1nc2ccc(Nc3nc4cc(C(=O)O)ccc4s3)cc2n1Cc1ccncc1,-7.957,0.36371032109180934,444.4760000000001
Cc1ccc(C2(Cc3cccc(F)c3)NC(=O)N(Cc3ccc(Cl)cc3)C2=O)cc1,-7.665,0.5895052346284996,422.8870000000001
NCC1(c2ncc(I)cn2)CCC1,-4.798,0.8386401387752723,289.1200000000001
O=C(CN1CCCC2CNCC21)NCc1cccs1,-5.93,0.8656889624533497,279.409
FC1(CCN2CCOCC2)CCNC1,-5.305,0.7171662360218661,202.27299999999994
Cc1noc(-c2ncc(Nc3ccc(Cl)cn3)nc2-c2ccccc2C#N)n1,-7.932,0.5528496145028268,389.80600000000015
CCCCOc1nc(NC)c2c(n1)n(CCCn1ccsc1=NC(=O)CCC)c(=O)n2C=O,-6.849,0.3137564032079735,475.5750000000002
CCOc1ccc(C2C(C(=O)OC)=C(C)NC(COC)=C2C(=O)OC)cc1OCC,-5.861,0.6110665769805043,419.4740000000002
CC(=O)N1CCCC1CNS(=O)(=O)c1ccc2c(c1)OCCO2,-6.658,0.8740759459167204,340.4010000000002
c1c(-c2nn3c(Oc4c(ccc(c4)OC)[C@H]4C(=C)NCCC4)cc3cc2)ncc(c1)C(=O)N,,,
O=C(Nc1ccccc1)c1ccc(COC(=O)c2ccc(F)cc2)cc1,-7.581,0.6932035794279234,349.361
CNc1nc(NN2CCNCC2)c2c3c(sc2n1)CCCC3,-6.532,0.8025230298768251,318.45000000000016
CC(CCCCCCc1ccccc1)C(C)COc1ccccc1OC(=O)O,-5.382,0.25476684463921806,384.51600000000013
c12c(c3c(ncnc3N[C@H](c3c(cc(F)cc3)I)C)c-2cnn(C2CN(C2)C(CCl)=O)c1=O)C1CCC1,,,
CCCOCC(C)(C)P,-4.002,0.4377575125065927,148.18599999999998
CC=CC=C(CN1CC(N2CCN(CCN(C)CC)CC2CC(=O)NC(Cc2ccccc2)C(N)=O)C1)c1ccc(F)cc1,-6.827,0.30438044937794645,604.8150000000003
COc1ccccc1NC(=O)c1oc(-c2ccc(C)cc2)cc1C,-7.852,0.748943993483492,321.37600000000003
CCC(CNC)c1nc(C2(CO)CC2)no1,-5.783,0.7492206153539053,225.29199999999994
COc1cc(C=NNc2nc(-c3ccccc3)cs2)ccc1OC(F)F,-7.297,0.47299337843210215,375.40000000000003
Cc1c(Cl)cccc1NC(=O)C(C)N1CCCC(C2CCOC2)C1,-7.302,0.8992891528463915,350.89000000000016
CC(C)CC(N)C(=O)NC(CCCN=C(N)N)C(=O)NC(Cc1c[nH]c2ccccc12)C(=O)O,-7.127,0.12210257249543294,473.57800000000015
Cc1nc2c(c(C)c1C)c1ncnc(N3CCN(c4ccc(F)cc4)CC3C)c1n2Cc1ccccc1F,-7.758,0.29806632486429474,512.6080000000002
CCOC(=O)c1cccc(C2=CCCCC2)c1,-6.861,0.7377336600960048,230.30699999999993
CCC(C)COc1cc(NC(=O)N(C)C)n[nH]1,-6.013,0.8257544848006164,240.307
COc1cc(C(=O)N2CCCC(c3nc(C(=O)O)cs3)C2)cc(OC)c1OC,-6.725,0.7875074159689104,406.46000000000015
[nH]1nc(C(OCC)=O)cc(=O)c1OCC1CCCO1,,,
CC(=O)c1c(C)c(C(=O)N2CCN(C=O)CC2)n(-c2ccc(C)cc2C)c1C,-6.716,0.6043268075815786,381.4760000000001
Cc1c(C)c(C)c(S(=O)(=O)NCC2CCCO2)c(C)c1C,-6.479,0.9298997703008205,311.44700000000006
COC1(CN)CCN(CCOCC(C)C)CC1,-5.577,0.6813230225968715,244.37899999999993
C=C(C)CCCC(=C)C,-4.203,0.50426280099651,124.22699999999999
O=C(O)C1C2CCCC2CN1C(=O)C1CC2CCC1C2,-6.777,0.8409532384705143,277.364
CC(NC(=O)N(C)Cc1ccoc1)c1ccccc1,-6.363,0.9150401556872547,258.321
CCNc1ncc([N+](=O)[O-])c(OCC2CCCN(Cc3ccccc3)C2)n1,-7.322,0.5627157167041322,371.4410000000001
C=C(C)CCC(C)OCCC(C)(C)CC=CC(C)=CC(=O)O,-6.05,0.3263695736969899,308.462
C1CC(Nc2nc3c(c(N4CCCC[C@H]4C)cn2)ccn3C)CCO1,,,
CN(CC(F)F)C(=O)CCn1nc(Br)ccc1=O,-5.853,0.815576964917503,324.12500000000006
CCC(C)(N)C(=O)Nc1ccc(Br)c(F)c1,-6.644,0.898438340367321,289.148
C=CCSc1ccccc1SC,-4.298,0.531918580547763,196.33999999999997
CC(N)C(=O)NC1CCC(=O)N(C(C(N)=O)C(C)C)C1=O,-6.54,0.5294084200637387,298.343
CCCCC(C)(NC(=O)CC(NC(=O)CCc1ccccc1)c1ccccc1Cl)C(=O)OC,-5.618,0.4360766115922149,473.01300000000015
CN=C(NCc1coc(-c2ccc(C)cc2)n1)N1CCN(C2CCCC2)CC1,-7.908,0.6505755317907147,381.52400000000034
CCCC1CCC(=O)C(Cc2ccc(CC)o2)C1,-6.768,0.782499266917608,248.36599999999996
CCOC(=O)C(=CNc1n[nH]c(-c2ccccc2-c2ccccc2)c1C#N)C(=O)OCC,-6.677,0.2396748252839062,430.4640000000002
COc1ccc(C=C2N=C(c3ccccc3)NC2=O)cc1C,-7.143,0.8843093339769822,292.3380000000001
C[n+]1ccn(O)c1,-3.536,0.3461711559629515,99.11299999999999
O=C(O)CNC(=O)Nc1ccc(Br)cc1Br,-6.336,0.7820395881886845,351.982
CC(C)CC(NC(=O)C(N)CCC(N)=O)C(=O)NC(C(=O)NC(CCC(N)=O)C(=O)O)C(C)C,-6.547,0.1294593367596221,486.5700000000002
Cc1ccc(-c2ccc3c(n2)NCCO3)cc1C(=O)O,-7.219,0.8771349452751565,270.28799999999995
Cc1ccccc1NC1(C)CC2C(C(=O)C2(C)C)c2ccc(=O)n(C)c21,-7.386,0.897698107940062,350.46200000000005
O=C(NCc1ccc(N2CCCCC2)cc1)C1CCN(Cc2cccnc2)C1,-7.685,0.8385605059663449,378.5200000000001
CC(=O)N(N=O)C12CCC=C(C(NC(=O)OC(C)(C)C)OC3=CC=CCC3)C1O2,-6.637,0.23831080770917412,405.4510000000002
CC1(O)C(Br)=C(N)C(Br)C2(C)CC3C4CCCC4(Br)CCC3C12C,-6.863,0.4126832953038204,526.1510000000004
COc1ccc(C2=CC3CC(OCOCc4ccccc4)C4C=C(CC(C(C)C)C5C=C(C)C(=O)O5)CC4CC3C2=O)cc1,-6.1,0.11698676092803255,596.7640000000002
O=C(NNC(c1ccc(C(F)(F)F)cc1)C(F)(F)F)Sc1ccccc1,-7.363,0.4192743166270137,394.34
CC(Sc1ccc(Cl)cc1)C(=O)NN=Cc1cccc2ccccc12,-6.954,0.3853302449720827,368.88900000000007
Fc1ccc(CN(Cc2coc(-c3ccccc3)n2)C2CC2)cc1Br,-6.806,0.5534266509555363,401.27900000000017
C=CCN(Cc1ccccc1)C(=O)C1C(C(=O)N(CCC)CCC)SC23OC(C(C)CC2C(=O)N(CC=C)c2cccc(Br)c2)C13,-6.054,0.19935751858294276,708.7630000000003
Cc1ccc(C=O)c(CSc2nc3ccc(C(=O)O)cc3[nH]2)c1,-7.304,0.5519040177468345,326.377
CC(C)n1ncnc1-c1cc2n(n1)C(c1cc(-c3cnn(C)c3)ccc1OC(F)F)CC1COCC21,-7.724,0.3930890810457723,495.5340000000002
CC(Sc1nnc(-c2ccc(Cl)cc2)n1C1CC1)C(=O)NCc1ccc2c(c1)OCO2,-7.893,0.5287072732053703,456.9550000000004
c1ccc2cc(CCNCCCn3ccnc3)ccc2c1,-6.172,0.6727728769330006,279.387
CCCc1ccc(-c2cc(I)sc2-c2ccc(CC)s2)cc1,-6.828,0.36786244472700336,438.3990000000001
CCOCC(O)CNC(C)Cc1ccc([N+](=O)[O-])cc1,-5.847,0.5295719825735674,282.34000000000003
CCCN1C(=O)N(Cc2ccon2)C(=O)C12CCCCC2,-6.064,0.7995457454036337,291.35100000000006
OCCNc1cnsc1,-4.299,0.6507395838325051,144.199
O=C(CCc1nnc2n1-c1ccccc1S2(=O)=O)NCCc1ccc(F)cc1,-7.671,0.5330678600212742,400.4350000000002
Cc1ccn2nc(CC3CCN(C(=O)c4scnc4C)CC3)nc2c1,-7.398,0.7246186204857786,355.46700000000016
COc1ccccc1CC(=O)NC1(C#N)CCCCC1,-7.082,0.9159629449865063,272.348
CCOC(=O)c1[nH]c(CC)nc(=O)c1OC(F)(F)F,-6.151,0.8431601540788359,280.20199999999994
CC1OCCNC1C(=O)NCCN1CCSCC1,-5.726,0.7251005249962472,273.40200000000004
Cc1c(C2CC3CCCC(NC(=O)c4cnc(C(C)(F)F)cn4)C3C2)cnn1CCOC(F)(F)F,-7.385,0.5555093408995938,501.50000000000017
NC(=O)c1cccc(NC(=O)CCc2ncc(-c3ccc(F)cc3)o2)c1,-8.083,0.7110475503656276,353.353
CC1(CNC(=O)COCc2cccc(Cl)c2)COc2ccccc2O1,-7.481,0.8580146703422963,361.8250000000001
COc1cccnc1-c1cc(OC)c(OC)c(OC)c1,-6.157,0.8394391680714597,275.304
COC(OC)C(C)(O)C1C2CC=CC(=O)C3C4C(C)C5C(OC(=O)C=C(C)C)CC(C)C56C(O)CC1(C)CC24C36O,-4.748,0.25148442925464093,572.7390000000003
CCC(CC)C(=O)NC(C)C(=O)N(C)CC(=O)O,-6.083,0.6946767775293268,258.3179999999999
Cn1[nH]c(-c2cccc3ccccc23)c2c(=O)ncnc1-2,-6.954,0.580465088197566,276.299
CSCCC(NC(=O)C(N)CCC(N)=O)C(=O)NC(Cc1c[nH]c2ccccc12)C(=O)NC(C(=O)O)C(=O)O,-6.093,0.11167643905639431,564.6210000000002
O=C1c2ccccc2S(=O)(=O)N(Nc2ccccc2)C(=S)N1c1ccccc1,-7.711,0.6689778814806687,409.4920000000001
CCCCCC1OCC(Cl)C(C)O1,-5.298,0.5203339747020151,206.71299999999997
Cc1c(Cl)cccc1NC(=O)NCOc1ccc(F)cc1,-7.302,0.8403882777368161,308.74
COc1cc(C(C)N)ccc1OCCn1ncnn1,-6.378,0.8282119845268768,263.301
c1ccc(C2(c3ccccc3)c3ccccc3-c3ccc(N(c4cccc(-c5cccc6oc7ccccc7c56)c4)c4ccc5oc6ccccc6c5c4)cc32)cc1,-9.443,0.169938458360434,741.8900000000002
CCCCC(CCC)n1c(=O)c(N(C)C(=O)c2ccc(Br)cc2F)cn(CC(C)CC)c1=O,-6.08,0.3752990948132938,524.4750000000001
O=C(O)c1nccc(NN2CCOCC2)c1Cl,-5.884,0.844468730262366,257.6769999999999
COC(C)(CO)C(O)C(O)C(O)C(C)(C)C,-4.723,0.517127815532455,236.308
COc1ccc2c(c1)C(N(CCN)C(C)C)CCC2,-5.802,0.8864764824344017,262.39699999999993
Cc1noc(C)c1C=CC(=O)OCC(=O)NCCSC1CCCC1,-6.464,0.439970429319641,352.45600000000013
CCC1(c2ccccc2Br)CCC(=O)O1,-5.636,0.7690800975703695,269.1379999999999
COc1ccc(Cl)cc1CN1CCN(CC(=O)Nc2c(C)cccc2C)CC1,-7.092,0.8007482832591036,401.93800000000016
O=C1CCN(C(=O)NC2CCN(c3ccc(F)cc3)C2)CCN1,-5.246,0.8521683381208075,320.36800000000005
CNC1CCN(S(=O)(=O)c2ccc(Cl)c(Cl)c2C)CC1,-6.501,0.9225782975298332,337.27200000000016
CC(C)NCc1cccc(OCc2ccn(C)n2)c1,-6.33,0.8660108105703512,259.35299999999995
COc1c(OC(C)=O)ccc(Oc2ccccc2)c1OC,-5.937,0.6229983307911539,288.29900000000004
CN1c2ccccc2P(C2PB(c3ccccc3)OC2c2cccc(B3OC(C)(C)C(C)(C)O3)c2)N[P+]1=C1C=CC(C2C=CCC2)=C1,,0.1765172479670446,677.3000000000002
CCOc1ccc(-c2noc(CN3CCN(C=O)CC3)n2)cc1,-6.933,0.7504512991616775,316.36100000000005
CCOC(=O)C(OC(C)=O)c1c(C(F)F)nn(C)c1C(C)C,-5.163,0.7541652692541214,318.32000000000005
CCCCC=CCC=CCCCCCCCC(=O)OCC(COC(=O)CCCCCCCC=CCCCCCCCC)OC(=O)CCCCCCCCCCCCCCCCC,,,
CCCCCCCCCCCCc1nnc(-c2ccc(CC(=O)Cl)cc2)c(=O)n1CCCSC,-5.72,0.16393088877011394,506.15600000000035
CC(C)Oc1ccc2c(N)c(C3CCN(CCO)CC3)sc2c1,-5.949,0.8792241574605678,334.485
C=CC(=O)OCCCCCC(=O)OC(CC)COC(=O)C=C,-5.264,0.2380799369388228,312.3620000000001
CC1CN(C)CCN1CC1(O)CNC1,-4.922,0.5955498612784428,199.298
COc1cc(C(=O)NC(C(=O)NC(CCCN=C(N)N)C(=O)CCCN(C)C)C(C)C)cc(OC)c1OC,-5.819,0.12833198498550324,536.6740000000003
Cc1nc(C(=O)NCC2CCCO2)cc(N2CCN(C(=O)c3ccccc3C)CC2)n1,-8.313,0.7911845545418004,423.51700000000017
COC(=O)c1c(NC(=O)CN2CCC(C(=O)c3ccc(Br)cc3)CC2)sc(C)c1-c1ccccc1,-8.019,0.2944999058414854,555.4940000000003
CC#CCCC(N)CCC(C)C,-5.085,0.6256362931702608,167.29600000000002
Cc1nc(C2CN(C(=O)c3cc4c(C)nn(C)c4o3)Cc3cccn32)no1,-8.467,0.5397328064617437,366.3810000000001
CCC(C)(O)CNS(=O)(=O)c1cccc(N)c1[N+](=O)[O-],-6.208,0.40013188340799344,303.34000000000003
C=Cc1ccccc1N1c2ccc(N3C=CN(C)C3)cc2B2c3ccc(OC)cc3Nc3cccc1c32,,0.3624816826514044,482.39600000000024
OCCSCCN1CCC12CCCC2,-4.973,0.7065892087507846,215.36199999999994
CN1CCN(CC(=O)NCC=CCl)C(Cc2ccccc2)C1,-6.643,0.8662611491257511,321.85200000000003
CN1CCC(NS(=O)(=O)c2cc(C(=O)O)ccc2Cl)C1=O,-7.253,0.837496883255872,332.76500000000004
CCCCCC(CCCC)C(=O)OC1OC(F)(F)C(F)(F)C1(F)F,-6.695,0.3229868137372782,364.32599999999996
COc1ccc(N2CCCC(COC(C)=O)C2)c(N)c1,-5.737,0.6743347177765382,278.352
Cc1cc[n+](CC(=O)Nc2cc(C(F)(F)F)ccc2C)cc1,-7.575,0.8675429187046024,309.31100000000004
COc1ccc2c(c1OC)Oc1cc(C(F)(F)F)ccc1C(N(C(=O)O)C1CCN(C(=O)Cc3ccc(C(F)(F)F)nc3)CC1)=C2,-9.0,0.2879866230579168,651.5600000000002
CSCCC(Cc1c[nH]c2cc(F)ccc12)NC(=O)c1ccccc1,-6.881,0.6589066934479565,356.46600000000007
COCCCCCNS(=O)(=O)c1cc(CN)co1,-6.012,0.651507870578692,276.358
CN(CCCOc1ccccc1[N+](=O)[O-])CCC(=O)O,-6.133,0.4212946911221057,282.296
COc1ccc(COC(=O)Nc2cc(C)c(CCC(=O)N(C)C)c(F)c2OC)cc1OC,-7.485,0.6256691826972722,448.4910000000002
COc1ccc(NC(=O)Cc2csc(NC(=O)C3CCCCCN3)n2)cc1,-5.113,0.7076724646763242,388.4930000000002
CS(=O)(=O)c1ccc2c(NCC(O)CO)c3ccccc3nc2c1,-6.81,0.6064068935796355,346.4080000000001
CCC(CC)C(=O)OC(=O)N(CC)CC,-5.102,0.5224022409864347,215.29299999999995
COc1cccc(CCNC(=O)c2cccc(OCc3cccc(Cl)c3)c2)c1,-7.998,0.5897082549276832,395.8860000000001
CNc1cccc2c(C(=O)C(=O)OCN3C(=O)C4CC=CCC4C3=O)c[nH]c12,-7.93,0.2689834161523561,381.3880000000001
Cc1ccc(CN2CCCCC2C(=O)N2CCN(Cc3cc(C)no3)CC2)cc1,-8.251,0.7777203294631357,396.5350000000002
CCc1ccc(C(=O)NN=C(CCc2ccccc2)c2ccccc2)cc1,-6.162,0.46880613189335074,356.469
Cc1nc(CNC(=NCc2ccccc2)NCCc2cccs2)cs1,-6.552,0.48828304085077334,370.547
CCC(C)CC(=O)N1CCCC1C(=O)NC1CC1,-5.904,0.809228072988688,252.35799999999998
COc1ccc2c(c1)-c1cc3c(c(O)c1C(c1ccc(O)cc1)O2)CC(O)C(c1cccc(OC)c1OC)C3C#N,-7.943,0.29397208707330447,551.5950000000001
CCCc1c(C(=O)c2c(C)nc3cc(OCCC(=O)O)ccn23)[nH]c2nccc(OC)c12,-7.077,0.3850804746274532,436.4680000000001
COC(=O)c1cccc(NC(=O)CCc2nc(-c3ccsc3)no2)c1C,-6.66,0.6669399870490572,371.418
CC1=C(C)C(CC(O)NO)N(C2OCC(O)CC2CC2(O)CCCCC2)C1=O,-6.171,0.3344860810775519,398.5000000000003
CCCCCCCCCOCCOCCOCCSSCCC(C)CC(OCC)OCCCCCCCCOC(=O)CCCCCCCCC,,,
CC(=O)N1CCC(C(C)(C)C(=O)O)CC1,-5.668,0.7530293040971375,213.27699999999996
O=C(Oc1c(-c2ccccc2)oc2ccccc2c1=O)c1ccccc1,-7.232,0.5073576219910554,342.35
O=C1c2n[nH]nc2C(c2ccco2)C(c2ccccc2[N+](=O)[O-])N1C1CC1,-6.715,0.5608855101240168,365.34900000000016
CC1CC1C=CC1=C2CCNC[N+]3(C(C)C)CCC(C)C1C(C2)C3(C)C,-4.117,0.6908452071855761,357.6060000000001
CCC(C)NC(=O)C1CCCCC1C(=O)NCCc1ccc(OC)cc1,-7.101,0.748573379440053,360.49800000000005
NCCNC(=O)C(Cl)I,-4.43,0.5582010080810484,262.47799999999995
Cc1cc(C#N)c(-c2nc3c(NC4CCOCC4)nc(NC4(CO)CCCOC4)c(Cl)c3n2C)n1C,-7.233,0.45840776742610034,514.0300000000003
Cc1cc(Br)ccc1OCc1cccc(CC(=O)O)c1,-7.637,0.8995192881011931,335.1970000000001
CCCCCC(C)CCCCCCCC(=O)OCC(COC(=O)CCCCCCCCC(=O)OC1CCC2(C)C(=CCC3C4(C)CCC(C)C(C)(CCC=C(C)C)C4CCC32C)C1)OC(C)CCCCC,,,
Cc1cc(C)c(S(=O)(=O)NCc2ccnc(N3CCOCC3)c2)c(C)c1,-7.005,0.8683814024265722,375.49400000000026
C=CCc1ccc(-c2ccc(C=NNC(=O)COc3ccc(Cl)cc3OC)o2)c(OC)c1,-7.679,0.2681547593090293,454.9100000000002
c1ccc(C23C(=Nc4ccccc42)Nc2ccccc23)cc1,-7.683,0.6984043383478775,282.34600000000006
OCC1CC2(CCC1O)CCC1(CC1)O2,-5.703,0.6868611442352369,212.28899999999993
CC(NS(=O)(=O)CCl)C(=O)O,-4.639,0.6052739878214587,201.63099999999997
COC(C=Cc1ccc(-c2nn[nH]n2)cc1)c1ccc(Oc2ccc(Oc3ccc(C(F)(F)Oc4ccc(Oc5ccccc5)cc4)cc3)c(Cl)c2)cc1,-10.1,0.1174302648621011,745.1820000000002
CN(C)Cc1ccc(Br)c2cc3ccccc3cc12,-7.125,0.6131952519057876,314.22600000000006
O=C1C2C3CCC(OO3)C2C=CCN1c1ccc(F)c(F)c1,-6.017,0.5911676060194945,307.29600000000005
NC1(c2cc(Cl)ccc2O)CCC1,-5.447,0.7263933436334915,197.66499999999996
COc1ncccc1C(=O)OC1CC(NC(=O)OC(C)(C)C)C1,-6.518,0.8560179105154571,322.3610000000001
CC(C(=O)NC1CCN2CCCCC2C1)S(C)(=O)=O,-5.386,0.8235386534540335,288.41299999999995
CCn1c(=S)[nH]c(=O)c2c(-c3ccccc3OC)cc(-c3ccc(Br)cc3)nc21,-6.751,0.39760358027874554,468.37600000000015
COc1c(N)ncnc1NC=O,-4.483,0.6010412604531093,168.156
O=C(CSc1nnc2ccccc2n1)N1CCCc2ccccc21,-7.064,0.6879770436433372,336.42000000000013
Cc1ccc2c(c1)c(=O)c1n2C2(CCOC2)C=N1,,,
O=C(Cn1cc(S(=O)(=O)N2CCSCC2)ccc1=O)Nc1cc(Cl)cc(Cl)c1Cl,-6.917,0.6423971064790136,496.82500000000016
CC(C)OC(=O)c1cccnc1Nc1cccc(C(C)C)c1,-6.775,0.8248726856931827,298.3860000000001
CCC1CN(C)CCN1Cc1nc(C)c(C)o1,-6.38,0.8024768136788647,237.34699999999998
COc1ccc(Nc2nc3cnccc3n2-c2ccccc2OCCCN(C)C)cc1,-6.294,0.40458946273804003,417.51300000000026
CC(C)(C)c1nnc(Nc2nc3ccc(Cl)cc3nc2-c2ccccc2)o1,-7.283,0.5149550978938225,379.8510000000001
CCOC1CCCN(C(=O)C2CCN(CC(=O)N(C)Cc3ccco3)C2)C1,-6.622,0.7219187761480054,377.4850000000002
COc1cccc(CN2CCCN(c3cc(NC(=O)c4ccco4)ncn3)CC2)c1,-5.381,0.6723041790289085,407.47400000000016
CC1(C)C(c2scnc2C(F)(F)F)=CCC2(C)C1CCC1(C)C2CCC2C3(C)C=C(C#N)CC(c4cc(NC(=O)N5CCCC5)ccc4F)CC3(C)CCC21C,-7.391,0.3148947068291194,791.0559999999997
CC(=O)Nc1cccc(OCCOc2cccc(CC(=O)c3nc(-c4cccnc4)c(N)s3)c2)c1,-6.836,0.2469043111609661,488.5690000000002
COc1cc(C=NNC(=O)C(=O)NC2CC2)ccc1OC(=O)C=Cc1cc(Cl)c(OC)c(OC)c1,-7.05,0.1350811544523624,501.92300000000034
Cc1cc(CC(=O)O)cc(OCCOCc2ccccc2)c1C,-5.498,0.7574181003112531,314.381
Cc1ccc(C(=O)OCC#Cc2ccc(C(=O)Nc3ccccc3C#N)cc2)cc1,-7.74,0.5277205389275422,394.43000000000006
CC=C(Br)NCCO,-4.202,0.6299985637345094,180.045
O=Cc1ccc2c(c1)C1C(O2)C2OS(=O)(=O)OC2C2OC(c3ccccc3)C21,-8.121,0.7138851513127341,400.4080000000001
O=C(NCc1cnccn1)c1cccc(C(=O)Nc2ccc(F)c(F)c2F)c1,-7.722,0.6604052360828365,386.333
CC(OC(=O)C1CC(=O)N(Cc2ccccc2)C1)C(=O)NC1CCCCC1,-7.679,0.7783471483238994,372.4650000000002
N#CC1C(c2ccccc2)CN2C(C(=O)NCc3ccccc3)c3cc(Cl)ccc3C12,-7.398,0.6376051567144247,427.9350000000001
O=c1ccc2c(C(O)CCC3CCN(Cc4ccccc4)CC3)ccc(F)c2[nH]1,-7.34,0.6518272753005127,394.49000000000007
O=C(CCC1N2C(=O)CC2C(NC(=O)N(Cc2ccccc2)c2ccccc2)C1(F)C1CC1)c1cccs1,-7.551,0.28882197141996296,531.6530000000002
COc1ccc(-n2c(SCc3ccc(Br)cc3)nc3c(F)cccc3c2=O)cc1,-6.7,0.28137919985486576,471.3510000000001
COC(C(=O)SCc1nc2ccccc2s1)c1ccccc1,-6.441,0.6933679610332925,329.4460000000001
O=S(=O)(Nc1ccc(N2CCCC2)cc1)c1cccc(-c2ccc(Cl)cc2)c1,-8.162,0.6092355992713068,412.942
CC(C)OC(=O)N1CCN(c2cccc(-n3c(Cc4ccc(Oc5ccc(F)cc5)cc4)nn(CC4CCO4)c3=O)c2)CC1,-8.507,0.2664146889427313,601.6790000000001
Cc1cccc(C(=O)NNC(=O)c2cc(Cl)ccc2O)c1,-7.163,0.7456382033539687,304.733
COc1cc(C2C(c3ccccc3)C3C(O)C(=O)N3C2C)cc(Br)c1OC,-6.148,0.75384138203809,432.31400000000014
C#CCOCc1cc(O)c(C2CC3C=CC24OC(C)(OC)C2CC(CC2O)C4CC32C(=O)N3CCCC32)c(OC)c1,-5.89,0.23560241099670273,563.6910000000004
O=C(c1ccc([N+](=O)[O-])cc1)N(c1ccc(OC(=O)C(F)(F)F)c(F)c1)c1nc(C(F)(F)F)cs1,-7.521,0.1407425370911113,523.3420000000001
CC=Cc1ccc(N2C(=O)C(=O)C(=Cc3ccc(OC)c(OC)c3)C2=O)cc1,-7.68,0.34609633996010286,377.39600000000013
CC=C1OC2Cc3ccccc3C2N1C1C=CC=CC1,-6.7,0.7668466674902126,265.35600000000005
Cc1nc(CNC(C)c2ccccc2Cl)c(Cl)s1,-6.626,0.8917551498798967,301.242
Cc1ccc(CS(=O)(=O)NC2=NC(=O)CC2=Cc2cnn(-c3ccc(F)cc3)c2)cc1,-7.804,0.6622719247897357,438.4840000000001
CCN(CCC(=O)c1cc(C)cc(C)c1)CC(F)(F)F,-6.889,0.742476998209739,287.32499999999993
CC1=C(C#N)C(c2csc(C)n2)C(C(=O)OC2NCNC3CCC(C)CC32)=C(C)N1,-8.129,0.6377909450456151,427.5740000000002
COCCN(CCC(C)=O)C(=O)N(CCOC)C1CCS(=O)(=O)C1,-5.515,0.5485264517580183,364.4640000000001
O=C(NC1CCCc2ccc(Br)cc21)C1CC2CCC(C1)N2,-7.023,0.8449128265106549,363.29900000000015
c1cc(N)cc2n(C3C4C4C3)c(c(c12)C(=O)NC)-c1ccc(cc1)N,,,
O=C(NCC#Cc1ccc2[nH]ncc2c1)OCc1ccccc1,-7.013,0.7312167724124659,305.337
Cn1c(=O)nc(N2CCCN(C(=O)c3ccccc3)CC2)n(CCCc2ccccc2)c1=O,-6.128,0.5769168517120231,447.5390000000003
c1ccc(-c2ccc(-c3nc4nc5ccncc5nc4o3)cc2)cc1,-7.105,0.47816368970072537,324.3430000000001
CSC(=Nc1nc(C)c(C(=O)OCc2ccccc2)s1)NC#N,-6.782,0.3005996024152168,346.437
CC=CC(=CC)SC(CC(=O)OCC)c1cnn(Cc2ccoc2)c1N[S+](C)O,-6.176,0.2963740175260898,438.5950000000001
c1c(SC(C(=O)Nc2c(c3CCCc4sccc4-c3n2)-c2ccc(cc2)Cl)C)cc(c(C)c1)C,,,
CCOc1ccc(OC)cc1C=C(O)c1ccc(Cl)cc1,-6.34,0.6365381523471906,304.773
CC(=O)OC1CC(C)OC(CO)C1,-5.311,0.640197201393754,188.22299999999998
CCc1ccc2c(c1)C(=C1Oc3cc(OC)cc(OC)c3C1=O)C=C(C)O2,-7.115,0.7481401332208062,364.3970000000001
CCC(Nc1nc(NC)nc(OC(C)C)n1)C(=O)O,-6.788,0.6715813084040683,269.30499999999995
COC(=O)c1ccccc1CN(C)C(=O)C=CCNC(=O)OCC1c2ccccc2-c2ccccc21,-6.947,0.3752481775966762,484.5520000000002
CN(O)CSc1ccccc1,-4.694,0.4253935834460277,169.24900000000002
CC(C)N(Cc1cccs1)c1ncccc1CC(=N)N,-5.816,0.63400449539774,288.42
CSc1ccc(Oc2ccc([N+](=O)[O-])cc2C(N)=O)cc1,-6.545,0.519594350868395,304.327
CNc1cccc(C(=O)Nc2nnc(C)s2)c1C,-6.531,0.8912742899087124,262.338
CC(C)c1cc2ccccc2[nH]c1=O,-6.17,0.7310301388929095,187.24199999999996
Cc1ccc(C(N)=O)c(OCC2CCCN2)c1,-6.525,0.8230769605471718,234.29899999999998
CCN(CCOC)C(=O)c1cc(N(C)CC(C)C)ccn1,-5.812,0.7374970769998965,293.411
CC1=C(C)C(C)(C)Oc2nc(C)ncc21,-6.218,0.6514251498917903,204.27299999999997
Cc1ccccc1CN(C)C(=O)C1CCCC1N,-6.394,0.8872648402617103,246.35399999999996
Cc1cc(C(=O)NCCN2CCCCC2)c(C)n1Cc1ccc2c(c1)OCO2,-7.609,0.8328712133138849,383.49200000000013
COC(=O)NC1C(CO)OC(CO)C(O)C1NC(C)=O,-5.788,0.3807798047301306,292.28800000000007
CC[N+](C)(C)Cc1cncc(-c2ccc(C(=O)NCC3CCC4CN(C(=O)C(NC(=O)C(C)N(C)C)C(C)(C)C)CC34)cc2C)c1,-7.603,0.3592404399449532,633.9020000000002
Cn1ccnc1NCCCC1CCNC1,-5.712,0.7149762163669624,208.30899999999997
O=S(=O)(NCCC(F)F)c1cnccc1Cl,-5.468,0.8853466083995857,270.688
COc1cccc(C2N(C)C(=O)CCCS2(=O)=O)c1,-4.037,0.8218655995971262,283.34899999999993
CCCCOc1cc(N2CCC(N3CCOCC3)CC2)c([N+](=O)[O-])cc1N1CCN(C(=O)c2ccc(F)cc2)CC1,-6.618,0.2525073417350298,569.6780000000002
c1c2c(c(=O)c3c(O)c4C(=C5C(=O)C6(OC5O)OC(=O)C(=C6)CCc4cc3O)C3OC(=O)CC3C)[nH]c2c(cc1)C,,,
CCCC(NC(=O)N1CCS(=O)(=O)c2ccccc2C1)C(=O)O,-5.359,0.8580350472095747,340.4010000000001
O=C(Nc1ccccc1)N1CCN(c2cccc3cnccc23)CC1,-7.179,0.7800615604275873,332.40700000000004
CCC1CCCCCN1Cc1cccc(C#CCO)c1,-4.836,0.8535253672500566,271.404
Cc1ccc(N(c2ccc3c(c2)-c2ccc4c5ccccc5n(-c5ccc(C)cc5)c4c2C24C=CC=CC2C34)C2C=CC=CC2)cc1,-9.7,0.1943168726476263,604.7970000000003
CC(CO)C(C)NC(=O)C1CNCC1c1ccccc1,-5.676,0.7551354931096964,276.38
NC(=O)C1CCCN1Cc1cc(C(=O)O)ccc1Br,-6.762,0.8797397193674159,327.178
NCC1CSCC1NC(=O)C(F)(F)F,-5.428,0.7169730693245008,228.23899999999995
CCN(CC)CCNC(=O)c1cc(=O)oc2cc(OCc3nc(C)cs3)ccc12,-6.845,0.5404131555397973,415.51500000000016
O=C(CN1CCCC1Cn1cncn1)NCCc1c(F)cccc1Cl,-6.842,0.8135766395960328,365.84000000000003
CSc1ncc(C(=O)NC2Oc3ccc(Cl)c(F)c32)s1,-6.261,0.8753830896967856,330.793
CC(C)=CCC=C(C)C1C2OCC(O2)C(C)(O)C1C,-7.321,0.7979528059736367,266.381
CCC1CCN(C(=O)c2cccc(Cl)c2Cl)CC1,-6.186,0.7952853102157836,286.2020000000001
CCCCCCNc1nc(NCC)c2ncn(Cc3ccccc3)c2n1,-6.816,0.5325775132122474,352.48600000000005
Clc1ccc(OCc2ccccc2OCc2nnc(-c3ccccc3Cl)o2)cc1,-7.975,0.35148948820156506,427.28700000000015
Cc1cc(=O)n(C)c(SC2(C#N)CCC2)n1,-5.48,0.7309207655177532,235.31199999999995
Cc1csc(-c2ncc(-c3ccc(S(=O)(=O)NC(=O)O)c4c3=CCC=C=4)cn2)c1,-7.593,0.663650970836653,425.49100000000016
NCCOc1ccc2c(c1)C=CCC2,-5.629,0.7887484321767841,189.25799999999995
CCn1c(SCc2nnc(-c3ccc(C)s3)o2)nnc1-c1cccs1,-6.783,0.44373665118175665,389.53100000000006
O=C(NCc1nc2ccccc2c(=O)[nH]1)c1c(F)cccc1Cl,-7.474,0.7744518573992027,331.73400000000004
CN(C)CCCn1c(C=Cc2ccc(-c3ccccc3)cc2)cc2ccccc21,-6.711,0.35852714516881723,380.5350000000001
CCOC(=O)C(=CC1CC2CCN(S(=O)(=O)Cc3ccccc3)C12)C1NC(=O)C2C(CCCCCC(O)CCC3CC(C)(F)CN3)C(C)CC12,-7.816,0.12086339814580334,715.9730000000001
CCCCC(CC1CS(=O)(=O)CCN1)NCC,-6.309,0.7165257440951546,262.419
O=C(O)CC(F)c1c(O)ccc(F)c1F,-5.76,0.8200271834886714,220.146
CCN(CC)C(=O)c1cccc(NC2=C(Cl)C(=O)N(c3ccccc3C)C2=O)c1,-6.931,0.7314054761274031,411.8890000000002
CCCC=Cc1nc(N)ccc1C,-5.931,0.7687061294101853,176.263
Cc1nc(C(=O)NCCc2ncccn2)c(C)[nH]1,-6.872,0.8337333258950097,245.28600000000003
CN1C(=O)N(c2ccc([N+](=O)[O-])cc2)C(=[N+]=[N-])C1(C)C,-6.439,0.3558943179609417,275.26800000000003
CCC(=O)OC1(NC(N)=O)CCCCC1,-5.495,0.547948675182533,214.26499999999993
CCC(C)Oc1nc(-c2cccc3c2CS(=O)(=O)C3)cc(OCCC2(C)COC2)c1Cl,-6.884,0.5563528760506151,465.99900000000036
CCC(=CC(=O)O)c1c(C#N)cccc1OCC1Cc2ccccc21,-6.219,0.8060691722772232,333.38700000000006
CCCC(=O)N1CCc2cn[nH]c2C1,-5.985,0.7640744885810243,193.25
n12c(=S)sc(n2nc(n1)COc1ccc(cc1)C(C)=O)=O,,,
Cn1nc(-c2ccccc2)cc1CO,-6.123,0.7765848275789997,188.22999999999996
CCC(C)(CO)NN,-3.755,0.34924247444349776,118.17999999999999
CC=C(C(=CCCC)CCC)N(C)CC,-4.576,0.5627939476398562,209.37699999999995
C#Cc1ccc(-c2cnc(C(NC(=O)OC3CC4C3C4n3c(C(=O)NC)nc(F)c3F)C(C)(C)C)[nH]2)c(F)c1,-7.391,0.4076067144226125,540.5460000000003
O=C(NN=Cc1cccc(O)c1)C1C2CCCCC21,-6.823,0.6451086108227204,258.3209999999999
c1c2c(c3c4c(cc(c(C5=CCC(C)=CC5)c4)-c4ccc(-c5sc6ccc7c(nc(-c%10ccccc9)c6)s8)cc5c4)ccc3s2)ccc1,,,
C1CC(CCC1CC)c1c(F)c(F)c2OCCC(C)c3c2c1C(c1cc(C(CCOC)=O)c(F)cc1)cc3,,,
CN1CCC(SCc2nc(Cl)ccc2Cl)CC1,-5.826,0.7896791100635174,291.24700000000007
COC(=O)CN(Cc1nc(C(=O)N2CCCCC2C(=O)O)cs1)c1cccc(OCC(C)C)c1,-6.318,0.5057300383916655,489.5940000000002
Cc1nn(C)c(C)c1NC(=O)c1cccc(S(=O)(=O)NCc2cccs2)c1,-7.571,0.6606501611369818,404.5170000000001
CN(C)C1CCN(S(=O)(=O)c2cccc(Nc3cc(C(F)(F)F)cc4nonc34)c2)C1,-8.294,0.6311653368965127,455.46200000000016
c1ccn2ncnc2c1,-4.837,0.511375604737478,119.12699999999998
C=CC(C)=CCC1C(C)C=CC2CC(C)(C)C(OC(C)=O)(C(=O)COC(=O)CCC=C(Br)Br)C21,-5.829,0.156513328076663,600.3880000000004
CS(=O)(=O)c1ccc(-c2ccc(CCCCN=[N+]=[N-])cc2)c(F)c1,-6.844,0.31893895212465456,347.41499999999996
CCCC(O)CC(Cc1cccnc1)(C(=O)O)C(=O)O,-5.714,0.6203643159340216,281.30800000000005
NCC1NNC(C(F)F)C1C(=O)O,-4.869,0.4520234574413299,195.16899999999998
CN(C)Cc1cccc(C2CCN(c3ccc(C(=O)Nc4nccs4)cc3C#N)CC2)c1,-7.776,0.5947593406941464,445.5920000000001
COC1CCCCC1NCCC(O)c1ccc(F)cc1,-6.256,0.8422349442050199,281.371
CN1CCN(c2ccc(F)c(=O)[nH]2)CC1,-6.498,0.7242375601589591,211.23999999999995
CCCCCCCCCCC=CCCCCCCCCCCCCCC(O)C(CO)NC(=O)C(O)CCCCCCCCCCC,,,
Cc1cc(Cl)cc2c1N(C)C(=O)C2=O,-5.482,0.6114571502021371,209.63199999999998
Cc1cccc(N(CCC#N)C(=O)CN2CCCCC(C3CC3)C2)c1,-4.245,0.7927708529711598,339.4830000000001
CCC(CC)(CCO)NCc1c(C)nn(C)c1C,-5.888,0.7818701832681453,253.38999999999996
COc1ccc2c(c1)NC1(CCN(CC3CCC(Nc4cc5c(=O)[nH][nH]c5cc4[N+](=O)[O-])CC3)CC1)C2,-9.276,0.2906560956238037,506.6070000000003
O=C(NCC1(CCl)CCCC1)C1CCSC1,-5.223,0.7887022322316121,261.818
O=C(O)CC1c2cccc(O)c2C(=O)c2c1oc1ccc(OCc3ccc(Cl)c(F)c3)cc21,-8.032,0.3936127786074305,466.8480000000001
COc1ccc(C(=O)NC(=S)N2CCN(Cc3nc(-c4ccc(C)cc4)no3)CC2)cc1OC,-9.08,0.5335764225189984,481.57800000000026
CNCc1ccc2c(c1)nc(C1CCCC1)n2CCCOC,-5.613,0.796179155176547,301.43399999999997
CN1CCCCC(NC(=O)N(C)C2CCCCC2)C1=O,-4.524,0.8411012549799822,281.4
CC1(C)S(Nc2c(OC1)c(c1ccc(-c3nnc(C(F)(F)F)s3)cc1n2CC(F)(F)F)C)(=O)=O,,,
CCC12C=CC(NCc3ccccc3)C3C=CC4=C(C=CC=CC4C1O)OC32OC,-4.49,0.7292271104048084,403.52200000000016
CC1CCOC1C(=O)Nc1cc(S)ccc1Br,-6.106,0.8230205025994739,316.22
CN(CC(=O)N(Cc1ccccc1F)CC1CCCO1)S(=O)(=O)c1ccc(F)cc1,-6.749,0.6358199703407807,438.49600000000015
NS(=O)(=O)c1cccc(-c2ccc(OC3CCN(Cc4ccc(F)cc4)C3)cc2)c1,-8.13,0.6509147072268417,426.5130000000001
Cn1cc(CNC(=O)c2ccc(COc3ccccc3[N+](=O)[O-])o2)cn1,-7.746,0.5137959947719086,356.3380000000001
CC(=O)Nc1cccc(NC(=O)C(=O)NCc2ccc(N3CCCC3)cc2)c1,-8.209,0.6953915026181323,380.44800000000015
COC(=O)c1cnc(Cl)nc1NCc1ccc(C(C)C)cc1,-6.319,0.6728625219463223,319.7920000000001
CCCNC(=O)C(C)NC(=O)CNC(=O)C(CCCCN)NC(=O)CC(N)C(=O)O,-6.101,0.13843453828188781,430.5060000000002
CCCCCC=Cc1cc(F)c(Cl)cc1O,-6.253,0.7371598628955208,242.72099999999998
NC1CN(C(=O)CCc2ccccc2)CC1c1ccc(F)cc1,-8.012,0.9433381894326234,312.38800000000003
O=C(O)c1cnn2cc(-c3cccs3)nc2c1Cl,-6.351,0.7831207712983919,279.708
CCCN1C(=O)C(=Cc2cccc([N+](=O)[O-])c2)C(=O)N(c2cccc(C)c2)C1=O,-6.931,0.33368431757471545,393.3990000000001
Cc1ccc(C(=O)Oc2noc(Cn3cncn3)cc2=O)s1,-6.994,0.6675196483079423,318.314
CCCCC(=O)N1CCCC(CO)C1,-5.494,0.743336428981294,199.29399999999998
Clc1cc2c(ccc3c4ccccc4ccc32)c2ccccc12,-8.746,0.2712410964782299,312.79900000000004
Cc1nc(-c2ccc(S(N)(=O)=O)cc2)c(-c2ccc(Cl)c(Cl)c2)o1,-7.638,0.7318549061360164,383.2560000000001
COc1cc2c(=O)cc(-c3ccc(O)c(O)c3)oc2c(O)c1O,-6.687,0.5352134345240502,316.26500000000004
CCC(O)CC=CC1CCCCC1=CC=Cc1ccccc1,-6.987,0.6838877734226863,296.45399999999995
C=CCOc1ccc(C=CC(=O)OCC(=O)NCc2ccccc2C)cc1,-5.128,0.42003141320283327,365.42900000000003
CC=C(C)C(=O)OCC1OC(OCC2OC(O)C(O)C(O)C2O)C(=NNC(N)=O)C(O)C1O,-7.337,0.09836838308523307,479.4390000000001
CCNC(=O)NC(=O)C(C)OC(=O)c1[nH]c(C)c(C(=O)OCCOC)c1C,-6.433,0.4466120725855806,383.4010000000002
CCOC(=O)c1c(N)n(C)c(C)c(COc2cc(OC)ccc2[N+](=O)[O-])c1=O,-6.016,0.42956718547259753,391.38000000000017
CCCCn1c(N)c(Oc2ccc(C(C)C)cc2)c(=O)c(C(=NOC)C(F)(F)F)c1N,-6.004,0.45955751157228797,440.4660000000002
CC(N)C1CCOC2(CCSC2)C1,-4.975,0.7002035057457292,201.33499999999998
CC(C)(C)n1ncc2c(C(=O)O)nc(C(=O)Nc3ccc4ncc(C5CC5)c(NC5CC5)c4c3)nc21,-7.254,0.3624655709552995,485.5480000000003
O=C(Nc1sc2c(c1C(=O)NCc1ccco1)CCCCC2)c1nn(Cc2ccccc2Cl)c2c1CCCC2,-6.055,0.24929790703134136,563.1230000000002
Cc1ccc(-c2nc(CC(=O)Nc3ccccc3C(N)=O)c3ccccc3n2)o1,-7.659,0.5454118250607839,386.4110000000002
c1ccc(-c2ccc3c(c2)Oc2ccccc2P3c2ccccc2)cc1,-7.752,0.39600426426182145,352.373
C(/C(=C/[C@@H](C(C)C)NC([C@H]1N(C([C@@H](NC([C@@H](NC)C(SCC)CC([C@@H](N)CC(C)C)=O)=O)=O)CCSC)CCC1)=O)C(=O)C(C)C)(=O)O,,,
Cc1ccc(NC(=O)CC2SC(N3CCC(Oc4ccc(Cl)cc4)CC3)=NC2=O)cc1,-8.035,0.7143600427586897,457.9830000000002
CC1(C)OC(CO)C(O)C(COC(=O)C=Cc2ccccc2)O1,-7.409,0.6240068563589654,322.357
CC(C)CC(CCl)Cc1cccc(Cl)c1,-5.809,0.6544309839611909,245.193
CNCc1nnc(-c2cccc(OC)c2)n1C(C)C,-6.351,0.8955672466573502,260.341
CNC(=O)CCc1c(Cl)nc(-c2ccc(Cl)cc2OCC2COC(C)(C)O2)nc1Cl,-6.699,0.6021238816283182,474.7720000000003
C1c2c(c(c3C(/C(=C/c4cc(c(cc4)OCC(=O)N)OC)Oc3c2C)=O)=O)OC(C)(C1)C,,,
CNCc1ccc(OCC2CCN(C)C2)cc1,-5.831,0.839575740942102,234.34299999999996
Cc1ccc(N)cc1S(=O)(=O)NCC1CCOC1,-6.117,0.7962014923065859,270.35400000000004
Cn1cc(CC(=O)C2CCC(Br)C(F)C2)nn1,-6.552,0.8005027155275635,304.16300000000007
CCOC(=O)C(C)(C)CC(C)=C(C)C=NOCCC(=O)O,-5.381,0.3060961439831867,299.36699999999996
CCN1CCN(C(CNC(=O)c2cc(C)on2)c2cc(C)cc(C)c2)CC1,-7.653,0.8471242004821454,370.4970000000002
CCCN1CC(C(=O)NC(C=N)=CBr)CC1=O,-6.044,0.7501100313953294,302.1720000000001
Cc1ccc(F)c(NC2CC3CCC(C3)C2)c1F,-7.18,0.8275778411470236,251.31999999999994
O=C(OCc1cccc([N+](=O)[O-])c1)c1ccc2[nH]ccc2c1,-7.78,0.45378750240913257,296.282
CCCN1C(=O)N(CC(=O)c2ccccc2C)C(C)(C)C1=O,-6.016,0.620369280043298,302.3740000000001
CCc1c(C(=O)c2ccc(OCCCOC)cc2)nn(CC(O)C(F)(F)F)c1C(C)C,-6.205,0.4183423737898376,442.47800000000007
CC1(C)c2ccc(-c3ccc4c5ccccc5c5ccccc5c4c3)cc2N(c2cccc3c4ccccc4n(-c4ccccc4)c23)c2c(-c3cccnc3)cccc21,-9.272,0.16692207893490346,753.9490000000001
NC(N)CCC(=O)NCC(=C1OC(=O)C=C1Cl)c1nn[nH]n1,-7.115,0.3710282855904488,327.73199999999997
CC(C)OCCCn1cncc1CN(C)C,-4.761,0.6624014940543057,225.336
Cc1nc2nc(N)c3c(c2s1)CC(CO)CC3,-6.346,0.8062521744738137,249.33899999999997
Cc1ccc(OCc2nnc(SCc3csnn3)n2-c2ccc(Cl)cc2)cc1,-6.403,0.3869958250380405,429.9580000000001
O=C(c1cc2cc(OC3CCCCC3)ccc2[nH]1)N1CCc2c(nc(-n3cnnc3)[nH]c2=O)C1,-8.634,0.4839636233291358,459.5100000000002
O=C1C(O)=C2C3CCC(C3)C1C2c1ccc(Cl)c(Cl)c1,-7.449,0.8279976515778574,309.192
CCC(CC)C(=O)Nc1ccc(N)cc1C(=O)O,-6.037,0.6991775210337184,250.298
COCC1CCC(NC(=O)c2ccc3c(c2)CNS3(=O)=O)C1,-6.049,0.8660066389147749,324.4020000000001
O=C(Nc1ccccc1N1CCCCC1)C1CC1c1ccccc1,-7.467,0.904234579135341,320.4359999999999
O=C(NCCC(=O)N1Cc2ccccc2C1)Sc1c[nH]c2ccccc12,-7.115,0.6892957338027924,365.4580000000001
O1CCN(CCCn2c(O)c(c(C(C)(C)C)[nH]2)=O)CC1,,,
CC(C)(C)OC(=O)N1CC(N2CCCCC2)(C(F)(F)F)C1,-5.839,0.7462907359039418,308.34399999999994
c1ncc(CCCN2C[C@@]34[C@]56[C@@H](O[C@@H](C4)[C@H](N(Cc6c4ccccc4)c4c6c(ccc4)cccc6)C(N(C25)CC3)=O)O)cc1,,,
CC(C)c1ccc(C2=CC(c3ccc(Cl)cc3)N(C(N)=S)N2)cc1,-7.074,0.7869552851598671,357.91
N#Cc1ccc(-c2ccc3c(c2)c2ccccc2n3-c2nc(-c3ccccc3)nc(-c3ccc4c5ccc6ccccc6c5n(-c5ccccc5)c4c3)n2)c(C(F)(F)F)c1,-11.65,0.17426600520153368,782.8290000000002
CCOc1ccc(C2ON=C(c3ccc(OC)cc3)CC2S(=O)(=O)c2ccccc2)cc1,-7.606,0.5157731508524583,451.5440000000001
CC1CC(S(=O)(=O)N(C)C)CC1C,-5.22,0.6814268574019207,205.32299999999998
CCOC(=O)CCNC(=O)CSCc1ccc(C#N)cc1,-5.82,0.7416209939151499,306.387
CN(C1CC1)C1(C)CCCC1N,-4.933,0.6741359777729907,168.284
Nc1ncnc2[nH]nc(-c3ccccc3F)c12,-6.176,0.66559962305692,229.218
Cn1c(-c2ccc([N+](=O)[O-])cc2)nn2c(N)c(-c3ccccn3)c(=O)cc12,-6.95,0.44056044558271196,362.34900000000005
C1(SCc2cc(oc3cc(c(cc23)NCc2ccc(C(=O)NO)cc2)OC)CC1)C(=O)O,,,
CC(C)(C)OC(=O)N1CCNCC1c1cc(F)cc(OCCOc2ncc(F)c(C(N)=O)n2)c1F,-6.429,0.5580640640090727,497.4740000000003
c1cc(CNCc2cnc3ccccc3c2)c2c(c1)OCCCO2,-5.516,0.7961082061028332,320.39200000000017
CNC(C1CCCCC1)C1CCC(C)CC1,-5.713,0.7628445930141818,223.40399999999997
c1ccc(-c2ccc3c4cccc(-c5cc(-c6ccccc6)nc(-c6ccc7c(c6)c6ccccc6c6cccc(-n8c9ccccc9c9ccccc98)c67)n5)c4n(-c4ccccc4)c3c2)cc1,-9.919,0.15614705109560412,865.0519999999999
CC(=O)n1c(=O)n(-c2ccc(C)cc2)c2cc(Oc3ccc(Cl)cc3)ccc21,-7.359,0.48078551301221184,392.84200000000004
COc1nccc(N)c1C(=O)Nc1ccc(-n2cncn2)cn1,-6.418,0.7338268370297993,311.305
COCCc1ccc(C(C)CN)c(OC)c1,-5.397,0.8013158520106788,223.31599999999995
C=CCOc1ccc(C(=O)CC(=O)C=Cc2cccc(C)c2)cc1,-6.743,0.31296602117101796,320.38800000000003
CCOC(=O)C1(C(C)N)CCN(C(C)C(C)CC)CC1,-5.905,0.7610736313362463,284.444
CC(C)(C)c1cnc(C(=O)N2CCC(N3CCCC3)C2)cn1,-6.388,0.8391220901964622,302.422
Cc1oc(C)c(-c2csc(NC(=O)C3CCN(S(=O)(=O)c4ccc(C#N)cc4)CC3)n2)c1C,-8.841,0.5789760217453593,484.60300000000024
Nc1cnc(C(=O)O)nc1C1CCCCO1,-6.438,0.7755540754401807,223.23199999999994
CC(C)c1cc(NC2CCCN(c3ccccc3)C2=O)n[nH]1,-6.777,0.9112859569692648,298.39
Cc1cc(O)c(C(=O)C(CCc2ccc(O)cc2)C(=O)O)c(Cl)c1,-7.649,0.5475925388760572,348.78200000000004
COC(=O)c1ccc(-c2nc3sc4nnc(C)c(=O)n4n3c2C)cc1,-6.722,0.5099288560163411,355.3790000000001
Cc1nc2c(c(=O)n(C)c(=O)n2C)n1-c1cccc2[nH]nc(NC(=O)c3ccncc3)c12,-7.78,0.4427613575221192,430.4280000000001
C1(Cc2sc(-c3cc4C5(C(Nc6ccccc4)=O)CC(CO6)(C)C)OCc3c(c2[C@]21[C@H](C(=O)OC(C)C)C=C(C(OC)=O)C(=O)[C@H]2C)O)cc5,,,
Cn1cnnc1C(=O)N1CCC(C2(C(=O)O)CC2)CC1,-6.1,0.8710380636323193,278.312
CCONC(=O)C=Cc1cccc2cccnc12,-6.278,0.6608802758567149,242.27800000000002
CC1(C)CN(c2ccc(Br)cc2)C(=S)N1c1ccc(F)c(F)c1,-6.944,0.6501312236654254,397.288
O=CNC(CCc1cc(F)cc(Cl)c1)CC(=O)O,-6.746,0.7469295225886278,273.691
COCC12CC=C(C(C)=O)C(COC=O)(CC(O)C3C(C)CCC(C)(O)C31)O2,-5.152,0.654348404526679,396.48000000000013
CCOCC(O)CCCn1cnccc1=O,-5.439,0.7315554502654822,226.276
Cc1cc(NC(=O)C2CNc3cc([N+](=O)[O-])ccc3O2)c(C)o1,-7.752,0.6654364973321011,317.3010000000001
N=NN(CC1CC1)C(N)=O,-4.738,0.4414318579275532,142.162
CNS(=O)(=O)Cc1ccccc1C(=O)Nc1nc(-c2ccc(N3CCCS3(=O)=O)cc2)cs1,-7.26,0.5074943609847136,506.6310000000003
COC1OC(COP(=O)(O)OCC2OC(n3cc(C)c(=O)[nH]c3=O)CC2OC2CC(O)C3C(=O)C=C(CO)OC3O2)C(O)C(O)C1O,-7.551,0.11116570334821206,696.5520000000006
CNC(=O)c1ccc(C(C)NC(=O)C2COc3ccc(C)cc3C2)cc1,-8.054,0.8890817320695513,352.4340000000001
CC(c1ccccc1)n1nccc1NC(=O)CCc1ccc2c(c1)OCCO2,-7.423,0.7089286598108717,377.44400000000013
Cc1nnnnc1CN1CC=C(c2cccc3[nH]ccc23)NC1c1cccnc1,-8.108,0.5582606947108468,384.44700000000006
CC(CCc1ccccc1)NC(=O)c1ccc2c(c1)N(Cc1cccnc1)c1cc3c(cc1CS2)OCO3,-8.429,0.29814919086157404,523.6580000000002
CC(=O)c1ccc(NC(=O)C(C)OC(=O)COc2ccc(C(C)=O)cc2)cc1,-6.619,0.555645336511616,383.40000000000003
CCOC(=O)C(NC=O)C(C)=O,-4.473,0.337174739909466,173.16799999999998
CN(CC(=O)O)CC1CCCN(Cc2nccs2)C1,-6.062,0.8543545735335205,283.397
CCn1c(=O)cc(SCC(=O)NCc2ccc(F)cc2)n(C)c1=O,-6.81,0.625139260393377,351.4030000000001
CC1CNC(n2cc(-c3cc4ncc(-c5ccccc5)cn4n3)c(-c3ccccc3)n2)C1,-8.3,0.44174587871177345,420.52000000000015
c1[n+](c2n(CCS2)c2ccccc21)CCI,,,
CCc1ccc(NC(=O)C[S+]([O-])C(CC)C(=O)O)cc1,-6.304,0.7509415666860347,297.376
COCC(C)NC(=O)C1COCCC1O,-5.758,0.6680991241936592,217.265
CC(C)CC(C)N(C)CC1CCCC1O,-5.711,0.7583129549044293,213.36499999999995
CSC1N2CNC(=O)CC1(CO)C2,-3.697,0.6305120649590257,202.27899999999997
CCC=CNC(=O)Nc1ccc(C)cc1C,-6.181,0.8021928523046761,218.29999999999998
CCn1nc(C)cc1C(=O)NN=Cc1cccc(F)c1,-7.112,0.6854303959863706,274.29900000000004
Cc1cc(N(C)c2cc(C(N)C3CC3)ccc2N(C)C)cc(C)n1,-7.219,0.9045774793722324,324.47200000000004
CCCCC(Cc1ccc(F)c(F)c1)NC,-5.718,0.7860177100638917,227.29799999999997
Cc1ccc(NN2C(=O)C3CC4C(=CCC5C(=O)N(c6ccc(C(=O)O)c(C)c6)C(=O)C54)C(c4cccc(C)c4O)C3(c3ccc(Br)cc3)C2=O)cc1,-8.892,0.14091260407188608,774.6680000000002
O=S1(=O)C=CCCC1,-3.668,0.48611778640198283,132.18399999999997
CN1CCN(S(=O)(=O)N2CCC3(CCc4nn(-c5ccncc5)c(-c5ccc(O)cc5)c4C3)CC2)CC1,-7.731,0.5663378543728186,522.6750000000002
CCCC(NC(=O)c1ccc(Cl)cc1)C(=O)NCc1ccccc1F,-6.802,0.7887185380243735,362.8320000000001
CCn1c(C(=O)N2CCC3(CC2)CC3COc2ccc(C3=CCNC34CC4)cc2CC(F)(F)F)nn(-c2ccc(Cl)cc2F)c1=O,-9.167,0.3098480602469032,660.1120000000002
CCc1cccc(CNCC2CCC(C)CC2)c1,-6.978,0.8208868995156356,245.40999999999994
COc1ccc(C(O)(Oc2ccccc2)C(=O)c2cc(OC)c(OC)c(OC)c2)cc1,-6.944,0.4128594438975067,424.44900000000024
O=P(O)(O)Cc1c(O)ccc2ccccc12,-5.901,0.7008184413232468,238.17900000000003
O=C(NCCO)OCC1C=CCC2(C1)OCCO2,-6.378,0.7134725885992379,257.28599999999994
CC1(C)Cc2[nH]c(C(=O)Nc3ccc(C(=O)O)cc3Cl)cc2C(C)(C)C1,-7.343,0.7163601592942155,374.86800000000017
C=CCOC1(C)C2CC3C=C(CC(C)(C)C3)OC(O2)C(O)C1NCC=O,-5.192,0.5532716628900071,365.47
CCCC1=NN(C(C)=O)C(c2ccccc2OC)O1,-7.143,0.8378762957666288,262.309
CCOC(=O)C1=C(C)N=c2sc(=Cc3cn(-c4ccccc4)nc3-c3cc4ccccc4o3)c(=O)n2C1c1ccccc1Cl,-7.086,0.21147387114398064,621.1180000000002
O=C(NCc1ccc(N2CCOCC2)nc1)C1CCCN1,-6.065,0.8339955637960806,290.367
CCn1c(=O)sc2ccc(-c3cscc3C)cc21,-6.146,0.6892879841016606,275.398
CC1CN(CCN2CCOCC2)c2ccc(Sc3cnc(N)s3)cc2N1Cc1ccccc1,-6.781,0.5359027986271245,481.6910000000002
COc1cc2cn[nH]c2cc1N1CCN(c2ccc(CNC(=O)C3CCCC3)nn2)CC1,-7.696,0.6136601793546235,435.5320000000003
CCOC(=O)C(=C(F)F)C12CC3CC(CC(C3)C1)C2,-6.032,0.5737186973080418,270.319
Cc1cc(Oc2cccc(Cl)c2)ccc1-c1ccc(NC(=O)C(C)Cl)c(=O)n1C,-8.163,0.5527288797401404,431.31900000000013
CNC(=O)C(C1CCCNC1)N(CCc1ccccc1F)c1ccc(F)c(F)c1F,-7.2,0.530089110358395,423.45400000000006
COc1cccc(C(n2[nH]c(=O)c(CC(F)(F)F)c2Cl)C(F)(F)F)c1Cl,-6.984,0.722353625962835,423.14
CCC(C#N)(CC)c1nc(Cl)c2ncc(Cl)cn12,-5.821,0.86405223808899,283.162
Cc1cccc(NCc2c(C)nn(-c3cccnc3)c2C)c1,-7.098,0.7949577070138963,292.3860000000001
Cc1ccsc1C(C)Nc1ccccc1C(F)(F)F,-6.38,0.8119336290897671,285.334
Cc1nc(C)c(C)c(N2CC(NC(=O)c3ccc(=O)[nH]n3)C(C3CC3)C2)n1,-7.59,0.8383956065765619,368.44100000000014
CC1CCN(c2ccc(C3=Cc4ccnc5cc(-c6cccc(CCCN(C)C)c6)cc(c45)N3)cn2)CC1,-8.582,0.29558947455493245,503.69400000000036
COc1cccc(NC(=O)c2ccc(F)cc2OC)c1,-7.082,0.9323195307172343,275.279
n1c(-c2ccc(C[n+]3c(sn4c(ncc4)c3)=O)cc2)cc(=CC=N)c2ccccc21,,,
COc1ccc(-c2nnc(SCC(=O)Nc3ccc(Cl)cc3)n2Cc2ccccc2)c(OC)c1,-6.993,0.3140047359741416,495.00400000000025
CCC12CC(CC3CC(O)OCC31)C2,-5.17,0.6961457808041881,196.28999999999996
CCOC(=O)C(C)CNCCc1ccccc1,-5.31,0.5801919234951973,235.327
Cc1ccc(Br)cc1[S+]([O-])CCN1CCC(C)C1,-6.465,0.7926833245876708,330.29100000000017
CCCC(C(=O)N1CC2CN(CC(=O)N(C)C)c3ncc([N+](=O)[O-])c(=O)n3C2C1)N(C)C(=O)OC(C)(C)C,-6.326,0.36899558349386485,535.6020000000002
OB1OCc2cc(N3CCN(c4ccccn4)CC3)ccc21,,0.8234477281703321,295.15100000000007
O=[N+]([O-])c1ccc(OCc2csc(C=Cc3c(F)cccc3Cl)n2)cc1,-7.071,0.40599402901738835,390.82300000000004
COc1cc(C)n(CC(=O)N2N=C(c3cccs3)CC2c2ccco2)c(=O)c1,-7.035,0.6624591530951435,397.4560000000002
Cn1c(N)c(C#N)c(-c2ccccc2)c(N2CCC3(CC2)CC3)c1=O,-6.466,0.9161387400976287,334.4230000000002
C=C1C=C2CC3CC(=CCC23)C1(C)C,-4.542,0.5037808517005189,186.29799999999997
Cn1ccc(COc2ccc(NC(=O)C3COCC3N)cc2)n1,-6.834,0.8553840090269195,316.361
CCc1ccccc1NS(=O)(=O)c1ccc(NC(=O)C(=O)NC2CCCC2)cc1,-8.736,0.6308477115229453,415.5150000000002
CCC(C)(C)NC(=O)COC(=O)c1cc2c(s1)CCCCC2,-4.484,0.6665379259810934,323.45800000000014
C[n+]1ccn(O)c1C(=O)NCCOC(CN(C=CC([NH-])=O)c1ccccc1C#N)c1cccc(Cl)c1,-6.929,0.17663891673461274,508.9660000000001
O=C1C(=Cc2ccccc2)CCN(Cc2ccccc2F)c2cc(C(F)(F)F)ccc21,-5.824,0.3516867143970133,425.42500000000007
CON(C)C(=O)C(C)c1cccc(C(F)(F)F)c1,-6.668,0.7829220277187835,261.24299999999994
CC(=O)Nc1ccc(S(=O)(=O)NCCNC(=O)COc2ccc(NC(C)=O)cc2C(=O)c2ccccc2)cc1,-7.768,0.19812425184314253,552.6090000000004
Cc1cc(=O)n2nc(-c3ccccc3C(F)(F)F)c(F)c2n1C1CCC(C(=O)O)C1,-7.606,0.6450905729457164,423.3660000000002
OC1C=CCC1CCOCc1ccccc1,-6.275,0.607608099080011,218.29600000000002
CCC(O)(CC)CNc1cccc(S(N)(=O)=O)c1N,-5.376,0.5791096397616864,287.38500000000005
O=c1c(CBr)c[nH]cc1C1=CCCC=C1,-5.664,0.8198997566810138,266.138
CCOC(=O)C=C1NC(=O)C2(CCN(Cc3ccccc3)CC2)N1,-6.758,0.6403764676400885,329.40000000000003
COCCOc1ccc2c(C#CN3CCC(C(=O)O)CC3)c(NC(=O)NC3CCCC3)sc2c1,-6.893,0.40342960809842543,485.6060000000003
O=C(NCc1cscn1)NC(CO)C(=O)O,-6.028,0.5525540788330873,245.26
CCOCCCn1c(=O)c2ccccc2n2c(COc3cccc4c3C(=O)NCC4)nnc12,-7.646,0.41638432879473214,447.4950000000003
COc1ccc(C2CC3=NCCC2Cc2cc(OC)ccc23)cc1,-5.151,0.8462522000344498,321.41999999999996
COC(=O)NCC(Cc1ccco1)c1cccs1,-6.092,0.9036975876155957,265.334
CCOCCc1nc(N)c2c(n1)CCNCC2,-3.952,0.7368468493205789,236.319
n1n2c(=Nc3ccccc3OC)c3c(cc2n(c1=O)-c1ccccc1C(=O)OCC)cccc3,,,
COc1ccc(C2SCCN2C(=O)C2CC2)c(OC)c1,-5.792,0.8553507009541531,293.388
Cc1ccc(Nc2nnc(SCC(=O)Nc3nnc(C)c(C)n3)s2)cn1,-7.436,0.613852038486736,388.48200000000014
C=CC(Cl)=CC=C1CC2(C)NC(O1)C1CC(C2=O)C2C(=C)COC12,-6.165,0.6157802958251624,347.84200000000016
COc1ccccc1C(=O)Nc1ccc2c(c1)C(=O)c1ccccc1C2=O,-8.583,0.6064393536569788,357.36500000000007
C=C1CC2CCC(C)CC2C1C,-5.008,0.47948644769469895,164.292
NC(c1ccc(F)c(F)c1F)C1CCCO1,-6.03,0.7923735117892986,231.21699999999993
CCCCCCCCCCCCSCC(C=Cc1ccccc1)NC(=O)C(C)(F)C1CC1,-5.336,0.22452047449249235,461.73100000000017
NC(=O)c1cc(F)ccc1CSCc1ccco1,-6.197,0.9038502152595923,265.30899999999997
OC1OC(COc2ccccc2)C(O)C(O)C1Cl,-6.399,0.682161042983039,274.70000000000005
CCn1c(Cn2cccn2)nnc1SCC(=O)Nc1ccc(C)cc1,-7.152,0.6585013750146271,356.45500000000004
COC(=O)C1CCC(N2CCC(NC(=O)C3OCC3NC(=O)OC(C)(C)C)CC2)CC1,-7.004,0.6267554130680716,439.5530000000003
CCc1ccc(OC)c(C(=O)OCCCc2cn(CCCCNC(=O)OC(C)(C)C)nn2)c1,-6.926,0.37772147990241345,460.5750000000003
COC(=O)c1cc(NC(=O)OCCO[N+](=O)[O-])n(C)n1,-6.201,0.3332481877448845,288.21599999999995
CCNCc1cc(S(=O)(=O)N(C)C2CCCC2)cn1C,-6.43,0.8696194244941081,299.44
Nc1ccccc1NC(=O)c1cc(C(=O)NCc2ccccc2)ccn1,-7.65,0.6188986731651144,346.39
Cn1nc(C(C)(C)C)nc1CCNC1CC1,-6.036,0.8372653799032417,222.33599999999996
CCC(C=O)(CC)CN1CCCC2CCCCC21,-5.204,0.6952102661326544,251.41399999999993
CCOc1ccc(N2CCN(CC3C(c4ccc(F)cc4)OC(=O)N3c3ccc(F)cc3)CC2)cc1OC,-8.166,0.4016114456036051,523.5800000000003
COc1ccc2c(C)c(C(=O)N3CCC(OCC(N)=O)CC3)sc2c1-c1ccc(F)cc1,-7.196,0.6047255062635846,456.53900000000016
O=C(Nc1ccc2c(c1)CCN(C(=O)c1ccc(F)cc1)C2)c1cccc(Cl)c1,-8.299,0.6676140786994849,408.8600000000001
CCOC(=O)C=CCN(N=Cc1ccccc1)C(=S)SC,-5.549,0.26462736528315206,322.45500000000004
CCC(COC)NCc1ccc(C#N)nc1,-5.52,0.7867355507326729,219.288
O=[N+]([O-])C=Cc1cc(OCc2ccc(F)cc2)c2ccccc2c1,-7.37,0.500162980689457,323.32300000000004
COc1ccc(C(CC(C)C)NC(=O)CN(C)c2ncnc3ccccc23)cc1,-7.57,0.6280567449812131,392.50300000000004
CC(Cc1ccccc1)(NCO)C(=O)O,-5.646,0.6214266505805863,209.24499999999995
CCCNC(C)c1cc(Br)ccc1N(CCCO)C1CC1,-4.962,0.7061249095030362,355.32000000000016
Fc1cncc(NCc2cncc(-c3ccc4[nH]nc(-c5nc6c(-c7ccsc7)cccc6[nH]5)c4n3)c2)c1,-9.371,0.23388106881525922,518.5810000000002
C=C(CC)c1c(F)cc(F)c(F)c1OC,-4.999,0.7020371077654637,216.20199999999994
C=CCc1cc(C=C2C(=O)NC(=S)N(c3ccccc3)C2=O)cc(O)c1OCc1ccc([N+](=O)[O-])c(Br)c1,-6.659,0.09183308806073198,594.4430000000003
CC(O)c1ccc(C(O)=C(Br)c2ccc(Cl)cc2)c(F)c1,-6.163,0.5667360101955566,371.63300000000004
CCCNCCCN(CC)CCNC(=O)OCC1CCC=CO1,-4.938,0.5376810742201564,327.46900000000005
CCOc1ccc(C(=O)NC(C(=O)Nc2ccc(NC(C)=O)cc2)c2cccs2)cc1,-7.2,0.4916988929871582,437.52100000000013
O=C(O)CC1COCOC1,-4.554,0.5990728095046117,146.142
COc1ccc2ccc(=O)oc2c1CNCCCN(C)C,-6.252,0.6227387008013544,290.36299999999994
CCCCCCc1c(C)nc(CC(=O)c2ccc(F)cc2)[nH]c1=O,-6.577,0.5918661708419488,330.403
CC1(C)CCCN1CC1CNCCO1,-5.195,0.7116898930923872,198.30999999999997
NN(c1cccc(Br)c1)c1nc2ccccc2s1,-6.895,0.5715564375884186,320.21500000000003
CCCOC1(C(=O)c2coc3ccccc23)CCCC1,-6.496,0.7593010582959778,272.34400000000005
CCCCCCCCCCC(CCCS(C)(=O)=O)NN,-5.641,0.29361575023360853,306.516
CCc1nn(C)c(CNCC2CC3CCC2C3)c1Br,-6.426,0.8999451113089082,326.2819999999999
N#Cc1c[nH]cc1C(=O)COc1ccc(Cl)cc1,-6.632,0.8598560992687094,260.67999999999995
C=CCOc1cccc(C=CCCN)c1,-6.027,0.7212030262224794,203.28499999999997
O=C(CNC(=O)c1ccc(NC(=O)C2CCCCC2)cc1)Nc1ccc(OC(F)F)cc1,-7.995,0.5681232506143452,445.46600000000007
C=CCC=CC=CC(=O)CCCC(O)C(=O)OC,-5.382,0.29469178832059295,252.30999999999992
C=C(C)Cc1csc(C(F)(F)F)n1,-5.588,0.6779943496817747,207.21999999999994
CCCCCCCCCCCCCCCCCCOCCN1CCC(N)CC1,-5.583,0.2329988714285363,396.7040000000002
CC=CC=CC(=N)C1=CCCCC1,-5.847,0.49994361087668704,175.27499999999995
C=C1C(C)C(O)CC2(O)C1CC1CC(C)C(C(C)(C)O)CC1C2O,-6.673,0.5521044922370644,338.48800000000006
CCCNC(=O)C(C)N(Cc1cccc(OC)c1)C(=O)CN(c1ccc(Cl)cc1C)S(=O)(=O)c1ccccc1,-6.649,0.3369310625280246,572.1270000000003
Cc1ccc2c(Cl)nc(NCc3noc4c3CCCC4)nc2c1,-8.28,0.7341219450685945,328.80300000000017
CN(CC(=O)O)C1CCCN(C(=O)C2CCN(C(=O)c3ccco3)CC2)C1,-7.499,0.8269457800082919,377.44100000000014
CCCn1ccnc1C(NC)C1CCC(C)CC1,-5.449,0.8666956555411324,249.40199999999993
CC(Oc1ccc(F)cc1F)c1nnc(SCC(=O)NCc2cccs2)n1C1CC1,-7.481,0.4863104742316731,450.5360000000002
C=CCOC1CC(OCC)C(OCCC)CC1OCCC,-5.145,0.5483880555273875,300.4390000000001
CCOC(=O)c1ccc(F)cc1-c1ccc2c(c1)c1ccc(C(=O)OC)cc1n2C,-7.558,0.4433678192453907,405.4250000000001
[C-]#[N+]c1ccc(-c2c(-c3ccccc3)cnc3ccccc23)cc1,-6.958,0.40772914616705835,306.36800000000005
C#CCNCC(=O)c1ccccc1OC(F)F,-6.15,0.4661801056031949,239.22099999999998
ON=C(c1nc2ccccc2[nH]1)C1CC1c1ccc(OC(F)F)c(OCC2CC2)c1,-7.564,0.311604390662616,413.4240000000002
COC(=O)C(C)CC(=O)C1C(NC(C)=O)C(=O)N2CCCC2C1O,-7.071,0.636296805907094,340.37600000000015
Cc1ccc2cc(-c3ccc4[nH]nc(-c5cc6c([nH]5)CCN(CC5CCN(C)CC5)CC6)c4c3)[nH]c2c1,-7.597,0.29894893285294805,492.67100000000045
Cc1csc(COc2cc(NC(=O)NC3(C)COC3)ccn2)n1,-7.091,0.8764388030307886,334.40100000000007
CCOC(=O)Cc1cc(N)c2cccc(F)c2n1,-6.373,0.8442559847675906,248.25699999999998
Cc1nc(Cl)cc(CNC(=O)N2CCOCC2c2ncc(C)[nH]2)n1,-7.725,0.8220636770554045,350.81
O=C(CC1CCCCC1)c1cc(Br)c(Cl)s1,-6.144,0.6888104707618402,321.66700000000003
CCCC(CC)NC1=NCCCN1,-5.492,0.6927716653323396,183.29899999999998
COC(=O)CCC(=O)NCC(c1ccccc1)N1CCCCC1,-6.143,0.7837278651805358,318.41700000000026
CSC(C)C1CCCCC1CNC(=O)c1ccco1,-6.302,0.8968957913923533,281.421
Cc1nnnn1-c1ccc(OCC(ON=C(C(=O)Nc2nonc2N)c2nsc(N)n2)C(=O)O)cc1,-8.477,0.14936097335379545,516.4600000000003
COc1ccc2c(c1)cc(C(Cc1ccccc1)C(=O)N1CCCC1C(=O)OC(=O)C1CCCN1)n2Cc1ccccc1,-7.461,0.22562068021500484,579.6970000000005
CCC(COC(=O)c1cc([N+](=O)[O-])cc([N+](=O)[O-])c1)(COC(=O)c1cc([N+](=O)[O-])cc([N+](=O)[O-])c1)COS(=O)(=O)c1ccccc1OC#N,-7.31,0.06686761268417751,703.5510000000003
CSCCC(NC(=O)c1cccc(C)c1C)C(=O)NCc1cccnc1,-6.757,0.7484923160505811,371.5060000000001
CC1CN(c2ncccc2OC(C)c2csc(NC(=O)c3ccc(C(C)(C)C)cc3)n2)CC(C)(C)C1,-7.461,0.3861344713168356,506.71600000000035
CC(NCCn1cnccc1=O)c1ccsc1,-5.661,0.8762674975417423,249.33900000000003
N#Cc1ccc(N2C(=O)C[S+]([O-])c3cc(Cl)c(Cl)cc32)cc1C(F)(F)F,-8.093,0.63141861715308,419.211
CC(F)C=CC1CCC(CF)(CF)CC1,-5.395,0.6276932219760926,220.27799999999993
CC1(C)CC(=O)C(C(=O)c2cccs2)C(=O)C1,-6.578,0.5983030835107171,250.319
CCCCCC=CCC=CCC=CCCCCCCCCC(=O)OCC(COC(=O)CCCCCCCC=CCCCCC)OC(=O)CCCCCCCCCCCCCCCCC,,,
CC(C)C1CCC(OC(=O)C2(C)CC2)CC1,-5.925,0.685281673869085,224.34399999999994
CC(OCC1CCCC1)C(=O)NCCOCCn1cccn1,-5.542,0.6669596050563388,309.40999999999997
Cc1cccc(-c2csc(NC(=O)c3cccc(N(C)C)c3)n2)c1C,-7.368,0.7379345534168494,351.4750000000001
Cn1nnnc1-c1cccc(NC(=O)CNC(=O)c2ccccc2)c1,-8.303,0.7298745811424299,336.355
CC(C)Oc1ccc(CNC(=S)NC(=O)C=Cc2ccc(O)c(Br)c2)cc1,-7.385,0.4568735467625563,449.3700000000001
O=C(OCc1ccccc1-c1cc(C(F)(F)F)cc(C(F)(F)F)c1)c1ccccc1CO,-8.863,0.3667795130539056,454.36600000000004
CCc1nc(NN)cc(Sc2ncc(C)o2)n1,-7.064,0.4859160217466408,251.315
CC(C)=COc1ccc(C)cc1,-5.489,0.6061373284756238,162.232
CC(C(=O)N1CCN2CCCC2C1)C(N)=NO,-5.602,0.29971341634794163,240.307
CCCCCC(C)(C)C1(OC2(CC)C(C)C2N2CCCCC2)C=CC2CCCC2O1,-6.139,0.30711951834507334,417.6780000000003
FOC(F)C(F)(F)C(F)(F)C(F)(F)C(F)(F)C(F)(F)C(F)F,-6.145,0.59609472104784,368.06399999999996
Cc1nc(CNCC(C)(C)N(C)C)co1,-5.613,0.7993224792651786,211.309
CC(CC(O)OCc1ccc(NC(=O)C(CC(N)C(C)(C)OB(O)O)NC(C)(C)C)cc1)c1ccc(N)cc1,,0.10716060579383668,544.5020000000002
CSCC(C)C(C)NC(=O)Cc1ccsc1,-4.911,0.8488273410218733,257.424
N#CCC1(Cn2cccc2C(=O)O)CC1,-5.712,0.8137827712125486,204.22899999999996
CC(C)(c1nc2ccccc2s1)n1ncc(C(=O)O)c1-c1ccccc1,-7.205,0.5733586293956178,363.44200000000006
CCn1cc(C(C)NCc2ccnn2C)cn1,-5.968,0.8507766511034517,233.31900000000002
CCCCC=CCC=C(C)C(=O)O,-5.871,0.3889865973117047,182.26299999999998
COc1ccccc1OCC(=O)NC1CCN(C(=O)c2cc([N+](=O)[O-])ccc2[N+](=O)[O-])CC1,-7.658,0.4667924751707494,458.42700000000025
O=C(O)CCC(NC(=O)NC(=O)C(F)(F)F)C(=O)O,-6.63,0.5477468607197713,286.162
O=C(N1CCc2cc(-c3ccn[nH]3)cc(O)c2C1)C(F)(F)F,-6.989,0.848333969021979,311.263
CCN(CCOC)c1cc(OC)cc(C(C)N)n1,-5.379,0.7991759060175176,253.34599999999998
CC(CCO)NC(=O)NC(C)C1CCCO1,-5.61,0.6482916304343436,230.30799999999996
C=CC=C(C=C)c1cccc(NNC2c3c(ccc4ccccc34)C=CC3NC(=C)NC32)c1,-5.989,0.2989466750362542,432.5710000000001
COCC(O)CCNC(=O)c1ccc(OC)c(OC)c1OC,-5.679,0.7024528148287357,313.3500000000001
CCN(CC1CC1)S(=O)(=O)c1c(C)cc(NN)cc1C,-5.716,0.6219301255157548,297.42400000000004
CNCC1CC(=O)N(c2ccc(C)cc2Br)C1,-6.132,0.9284575005088642,297.196
NNc1ccc(C(=O)N2CCCC(C(N)=O)C2)cc1F,-7.011,0.5523324985125743,280.30299999999994
C=C(O)C=CC=C(C=C(C)CO)NC(=C)C,-5.773,0.4770267557020071,221.29999999999995
CN(C)CCC(=O)c1cccc2ccncc12,-5.981,0.7531613188263446,228.29500000000002
C=CCCC(=O)CCCCCCCCCCCCCCC,-4.774,0.20829235465426327,294.52299999999997
CC(C)(Oc1cccnc1)C(=O)Nc1nn2cc(-c3ccco3)nc2s1,-6.383,0.5802465897805648,369.4060000000001
CC(=O)NC(CCCNC(=O)O)C(=O)CN1CCC(O)(c2ccsc2)C1O,-5.878,0.37064280729456633,399.46900000000005
CNS(=O)(=O)c1c(N)ncn1CCOCCO,-5.296,0.5092544953213468,264.3069999999999
CCCCN1C(=O)C(C)(c2ccc(OC)cc2)NC1(C#N)C#N,-6.977,0.8964469062332194,312.37300000000005
Cc1ccc2cc(C)c(Sc3cc4ccccc4s3)cc(=O)c2c1,-7.263,0.429931412474412,348.4920000000001
CCN(CC)CCCCNC(=NC)NCCCN1CCN(C)CC1,-5.633,0.3325671249827171,340.5600000000002
CCC=CCC=CCC=CCCCCCCCCC(=O)OC(COC(=O)CCCCCCCC=CCC=CCCCCCC)COC(=O)CCCCCCCCCCC,,,
O=c1ccc2c(N3CCCC(C4(O)CCOCC4)C3)ncnc2[nH]1,-7.337,0.8559618164017178,330.38800000000003
CCC(CC)(Oc1ccc(-c2ccc(OC(F)(F)F)cc2)cc1)C(=O)NC(Cc1c[nH]c2ccccc12)C(=O)O,-8.203,0.19699574811908574,554.5650000000002
C=CC1Cc2nc(-c3ccc(C)cc3)ncc2OC1C(=O)OCC,-6.802,0.638597860026916,324.3800000000001
Cc1ccc(C(=O)N2CCCN(C(C)C(=O)NCc3ccc4c(c3)OCO4)CC2)c(C)c1,-6.51,0.7789810197169522,437.5400000000003
CN(CCCNC(=O)c1ccc(OCc2cc(-c3cccc(C(F)(F)F)c3)on2)cc1)C(=O)OC(C)(C)C,-8.424,0.34305575965738055,533.5470000000001
CCOc1ccccc1S(=O)(=O)NCCCOCC1CC1,-5.243,0.6724976598080181,313.4190000000001
CCNC=C(N)Cn1cccn1,-4.811,0.6757438757077419,166.22800000000004
COc1ccccc1C(=O)NC(c1ccccc1)c1ccc(C(C)(C)C)cc1,-7.101,0.6400842196498306,373.49600000000015
Cc1cc(NCCNC(=O)c2ccc(C)c([N+](=O)[O-])c2)nc(-c2cccnc2)n1,-6.623,0.3598938059502703,392.4190000000001
COc1ccc(OCCCCCCOS(C)(=O)=O)cc1OC,-5.388,0.4581217521650793,332.41800000000006
c1ccc2c(C3CCCC(C4CCCN4)C3)csc2c1,-7.231,0.8249085864606214,285.456
O=C(NN=Cc1ccc(Sc2ccccc2)o1)C(=O)Nc1ccc(F)cc1,-5.883,0.4001158874002179,383.40400000000005
CC(CN(C)c1ccc(Cl)cc1CO)C(N)=O,-5.474,0.8367341734020087,256.73299999999995
CC(C)CC(N)C(=O)Nc1ccc(I)cc1,-5.969,0.8330463837480752,332.185
Cc1ccccc1C[n+]1c(C)ccc2ccccc21,-6.773,0.607429864450121,248.34900000000002
CC(Cc1ccccc1)CN(C)CC1CC1C,-6.037,0.7245579564940466,231.38299999999992
CCCNC(c1cc(I)ccc1Br)C(CC)C(C)C,-5.473,0.5329955009299548,438.19100000000014
CCCNc1ccncc1NS(=O)(=O)c1ccccc1,-7.147,0.8581382431557139,291.376
O=C(Nc1ccoc1)C1CC2C=CC1C2,-6.161,0.7499136058573368,203.24099999999996
CCNC(CN1CCSCC1)C(C)(C)N,-4.536,0.7325817103681422,231.40899999999996
COc1ccc2oc(-c3ccc(NCC(=O)Nc4ccccc4-c4cccc(F)c4)cc3)nc2c1,-8.008,0.29127681108195314,467.5000000000001
Cc1ccccc1CN(C(=O)CN(c1cc(Cl)ccc1C)S(=O)(=O)c1ccc(Cl)cc1)C(C)C(=O)NC1CCCC1,-6.516,0.29060262511085116,616.611
O=C(CN(c1ccccc1Oc1ccccc1)S(=O)(=O)c1ccc2c(c1)OCCO2)NC1CCc2ccccc21,-7.124,0.3187330439256762,556.6400000000003
CCCCCCCCCCCCCCn1cc2cc(NC)sc2c1C=O,-4.262,0.2620499740826131,376.61000000000007
CC(=NNC(=O)OC(C)(C)C)c1ccc(Cn2ccnc2C)cc1,-6.263,0.6898151055715507,328.41600000000005
COc1cccc(C(=O)NNC(=O)c2ccccc2C)c1,-7.366,0.8479462507603472,284.31500000000005
CC(C)C(CS(C)(=O)=O)OCC1(N[S+]([O-])C(C)(C)C)CC1c1cccn2nccc12,-6.378,0.5842555338128935,455.6460000000002
NP(=O)(I)OCC(F)(F)C(F)(F)F,-4.987,0.4887800206404154,338.938
CC(C)(C)CCn1cnc2cnc(NC3CCCCC3N)nc21,-6.957,0.9060359443283589,316.4530000000001
NCCc1c(N)n[nH]c1I,-4.279,0.6526649904245327,252.059
Cn1ccccc1=NC(=O)CC1(S(=O)(=O)C2CC2)CN(C(=O)OC(C)(C)C)CC1C1CC1,-6.2,0.6680008830471129,463.60000000000036
O=S(NC)(c1cc(c(F)c([N+](=O)[O-])c1)Sc1nc2c(ncn2n1)C(C)C)=O,,,
Cc1ccc(N)cc1CN1CCC2CCCCC21,-6.869,0.8084520278559421,244.38199999999995
CC(=CC(=O)OC1C(C)(C)C(=O)C2OC(=O)CC2(C)C1(C)C)CO,-6.144,0.6232087420908772,338.4000000000001
CCOC(=O)CCc1cccc(NC(=O)c2csc(-c3cccc(CNC4CCc5ccccc54)n3)n2)c1,-8.358,0.25645717203958945,526.6620000000003
COC(=O)c1ccc(NC(C)=O)cc1C1c2ccc([N+](=O)[O-])cc2CC(=O)c2ccccc21,-5.967,0.36521605013956077,444.4430000000002
COc1ccc(N2CCN(C(=O)CC(c3ccccc3)n3cccn3)CC2)cc1,-7.241,0.6485270028692067,390.48700000000014
CSCCCC(N=O)NC1=C(C=O)NSNC1C=O,-5.166,0.24565740433007724,304.39700000000005
O=C(OCc1cn2cc(Cl)ccc2n1)c1cc([N+](=O)[O-])cc2c1OCOC2,-7.479,0.3831455438748269,389.7510000000002
CC(C)(C)OC(=O)N1CC2(CCC(F)C2)C1,-5.494,0.6388980848915083,229.29499999999993
CN(C)C1(CSC2=NC(c3cccc(OCC4CC4)c3)CC(=O)N2N)CCCC1,-6.83,0.5432969703681687,416.59100000000035
CCOc1ncc(C)c(-n2ccc(C(C)C)nc2=O)n1,-6.871,0.8506418955790908,274.324
O=C(CN1CCN(CCCc2ccc(Cl)cc2Cl)CC1)N1CCCC1,-7.21,0.7540172171463654,384.3510000000003
CC(C)C=CCCCCC(=O)N(C)O,-5.581,0.30900299354406574,199.294
NC1CCCCC1C(=O)NCCCc1ncc[nH]1,-6.52,0.680970915532868,250.34599999999998
CCCOc1ccc(-c2ccc(-c3ccc(C(=O)O)c(F)c3)cc2)cc1F,-7.08,0.5993088682085923,368.379
Cc1cc(C(=O)O)c2ccn(CC(C)C)c2n1,-5.932,0.8847430399913108,232.283
Cc1cn(-c2ccc(C#N)cc2C(C)(C)CC(=O)O)cn1,-6.563,0.9353422951000228,283.33099999999996
CC(NC(=O)C1CCCCN1C(=O)OC(C)(C)C)C(=O)NC(Cc1ccc(C2CC(c3ccccc3Br)NN2)cc1)C(=O)O,-7.526,0.2671917678647432,672.6210000000003
O=C(NCc1ccco1)N1N=C(c2ccc(Cl)cc2)CC1c1cccnc1,-7.738,0.7292651794388763,380.8350000000001
CCCN1CCN(c2cc(Nc3ncc(C(F)(F)F)c(Nc4ccccc4OC)n3)c(OC)c(OC)c2OC)CC1,-6.543,0.3027545600002355,576.6200000000001
COc1cc(C23CCCC2CC(=O)CC3)c(I)cc1OCc1ccccc1,-7.582,0.5221542636684384,476.3540000000001
C=CCN1c2ccccc2CC1C,-5.172,0.6213292342937324,173.25899999999996
Cc1cc(C)c(C2(CC(=O)O)CC3CNC(C3)C2)c(C)c1,-6.467,0.8978678671429561,287.403
CC1NC(c2ccccn2)N(CC(C)(C)F)C1=O,-5.556,0.8880931231064347,251.30499999999992
CN1CCN(c2cccc(NC(=O)NC3c4ccccc4CSc4ccccc43)c2F)CC1,-8.554,0.5690184795056389,462.5940000000002
COC(=O)c1cccc(N2CCNC(C(=O)O)C2)c1,-7.464,0.7662598549917908,264.28099999999995
Cc1ccc(-c2ccc3ccc4c5ccc(-c6ccc7c8ccccc8n(-c8ccccc8)c7c6)cc5n(-c5ccccc5)c4c3c2)cc1,-9.251,0.1843566533687138,624.7870000000001
CCCCCCC=CC=CCCCCCCCC(=O)OC(COC(=O)CCCCCCCCCCCCCCCCC)COC(=O)CCCCCCCCCCCCCCCCCCCCC,,,
COCCC(c1ccccc1)C1CCCCC1O,-6.102,0.8655066126188149,248.36599999999996
O=C(NN=Cc1cccc(Br)c1)c1cc(-c2ccccc2)nc2ccccc12,-7.828,0.34693535371052636,430.3050000000001
OB(O)c1ccc(COc2ccc3c(c2)CC2(CC3)SCCS2)cc1,,0.8085129365593108,372.32000000000005
CCOc1cc(C=NNC(=O)Cc2ccccc2)ccc1O,-6.691,0.6355443329936958,298.34200000000004
CC(C)Oc1c(F)cc(CBr)cc1Br,-5.161,0.754012922946075,326.003
Cc1oncc1C(=O)N(C)Cc1ncc[nH]1,-5.553,0.8361039869588757,220.232
C=C(C)C1CCC2(C(=O)O)CCC3(C)C(=CC(NC(=S)C4CCCCC4)C4C5(C)CCC(C(C)CCCC(C)C)C5CCC43C)C2C1,-6.471,0.19035201773800803,664.0970000000001
CC1CCC23CCC4C(=O)OC(C4O2)N13,-5.81,0.5545721492774064,209.245
NCC(F)(F)c1ccccc1F,-5.254,0.7291384601399169,175.153
CCCNC1CCN(CCOC)C1,-4.944,0.6608777951611242,186.29899999999998
CCCCOCc1ccc(C(=O)N2CC(C)C(N(C)C)C2)cc1,-6.145,0.7245617767631735,318.46100000000007
[C@]1(C[C@H](O[C@H]2[C@H](O)[C@@H](O)[C@@H]([C@H](O2)CO)O)C(CO[C@@H]2O[C@@H]([C@H]([C@H](O)[C@H]2O)O)CO)=O)(CC[C@@]2(C3[C@]([C@]4(CC[C@]5(/C=C(/C(=O)O)C)CCC=5C)C[C@H](O)[C@@H]([C@]4(CO)[C@H]4CCC(O)(CC4)C)[C@@H]3O,,,
CNc1nc(CCc2cccs2)nc(C)c1Br,-6.028,0.9396373402205901,312.236
O=[N+]([O-])c1cccc(-c2cc(C(c3ccccc3)C(F)(F)F)no2)c1,-7.895,0.49434371294031554,348.28000000000003
COC(=O)C(=O)c1cccc2nc3ccccc3nc12,-6.55,0.30744461142726504,266.25600000000003
O=[N+]([O-])c1ccc(-c2nn(CC(F)(F)F)c3c2CNCC3)o1,-7.255,0.6931584577120292,316.23900000000003
CC1(O)CCN(CC2OC(CC3CO3)(OC(=O)c3ccc(F)cc3Cl)OC2CSCCC(=O)Oc2ccc(Cl)cc2)C1=O,-7.201,0.15347243367606095,658.5280000000001
COc1cccc2ccc(C3(C=O)Nc4ccccc4N(C)C3=O)cc12,-8.231,0.5837241261036318,346.38600000000014
CCC1(C)CC2C(c3ccccc3)CC2(OC(=O)C(C)(C)CC)O1,-6.931,0.7083280300382848,330.4680000000001
CC(=O)OC1(C)CCC2(C)C(CCC3C2CCC2(C)C(C(C)CC(C(C)C)C(C)C)CCC32)C1,-6.847,0.3606010593604468,472.7980000000003
OC1C(O)C(S)C(O)C(N2C=NCC2)C1O,-5.305,0.3293818429101772,248.304
CSc1ccc(-c2ccc(C=C(C#N)c3ccc(C)cc3)o2)cc1,-7.556,0.43172681819239084,331.44000000000005
COc1ccc(C(=O)OC2C(OC(=O)c3ccccc3)C(OC(=O)c3ccccc3)C3C(OC(=O)c4ccccc4)COC23)cc1,-7.183,0.18761453848037354,622.6260000000002
CCOC(=O)C1CCCN(S(=O)(=O)c2cncc(C(=O)NC(C)CC)c2)C1,-7.165,0.700345233346025,397.4970000000002
CCOC(=O)C=CN1CCOCC1CN1CCOCC1,-6.377,0.5269518890169742,284.35600000000005
COCc1cc(C(=O)N2CCCC2CN2CCCC2)nn1-c1ccccc1,-6.83,0.7866932405417074,368.481
COc1cc(C)cc2c1[nH]c1ccccc12,-6.694,0.6527558412876071,211.264
COc1ccc(Nc2ccccn2)c(C)c1,-6.152,0.8518281000604639,214.268
COc1ccc(S(=O)(=O)NCC(O)CN)cc1F,-6.139,0.6467362097602974,278.305
CNSc1cc(C(=O)N2CCCNCC2)ccc1Cl,-4.846,0.8381513896691498,299.827
CCC(N)C(=O)NC(CCSC)C(=O)O,-4.762,0.5784412044512026,234.32099999999997
Cn1c(SCCCO)nnc1C1CCCCN1S(=O)(=O)c1ccc(F)cc1,-6.724,0.5526818442081378,414.5280000000001
COCCNC(=S)Nc1cccc(NC(C)=O)c1,-6.047,0.5582796078390838,267.354
O=C(NN=Cc1ccc(Br)cc1)C(=Cc1ccccc1)NC(=O)c1ccccc1,-7.456,0.3341448021212637,448.3200000000001
Cc1cccc(-n2cc(CNCC(C)C)c(Cl)n2)c1C,-7.019,0.9056298464914051,291.826
Cn1ccc(CC(N)c2cc(Cl)ccc2F)n1,-6.329,0.9132435756788136,253.70800000000003
CCC1CNC(Nc2ccc(CS(C)(O)N=O)cc2)NC1,-6.26,0.6068650403372278,312.439
COC(=O)C1CCCC(C=CC#CCO)C1,-6.12,0.5688902288420862,222.284
COc1ccc(-n2nncc2C2(O)CCN(CCc3ccccc3F)CC2)cc1OC,-7.558,0.6263867869088395,426.4920000000002
CC(=O)Nc1ccc(Oc2cc(=O)n(CCCC(=O)Nc3ccccc3C(=O)NCc3cccnc3)nn2)cc1,-8.335,0.2613635356723096,541.5680000000001
NCCC=C1CCc2c1c1[nH]ccc1c1c(=O)c3ccccc3oc21,-7.02,0.5434069639241992,330.38700000000006
CN(C)C(=O)c1n[nH]nc1S(=O)(=O)N1CCOCC1,-5.771,0.7272524389425027,289.31700000000006
CCCn1c(=O)n(-c2ccccc2-c2noc(C3CC3)c2COc2ccc(COC)c(COc3ccc4c(c3)CCCC4)c2)c(=O)n1C,-7.67,0.14409273465644315,650.7760000000001
O=c1[nH]cccc1-c1ccc(Oc2cnc3[nH]ccc3c2)cc1,-8.21,0.6058276170299444,303.321
CCOc1cc(C=C2C(=O)NC(=O)N(c3ccc(F)cc3)C2=O)cc(Cl)c1OCc1ccc(Cl)cc1,-7.543,0.31016437181040424,529.3510000000002
CCCC(Oc1ccccc1)C(=O)OCCN1CCN(Cc2ccc(Cl)cc2)CC1,-6.741,0.5269703131610565,430.9760000000002
CC(C)CCSc1cccc2c1CCNC2,-6.045,0.8020295660329829,235.396
c1ccc(-c2cccc3c4ccccc4n(-c4ccc(-c5ccc(-n6c7ccccc7c7ccccc76)cc5)c5ccccc45)c23)cc1,-8.858,0.1875963973693411,610.7600000000002
C1C2(C(=O)N3[C@@H]([C@H](N)CC3)(C2)C)CCCC1,,,
COc1ccc(C)c(OCc2c(O)c(C)c(C)c(O)c2O)c1,-6.952,0.5963086698018534,304.342
CN1CCC(CN2CC(=O)NC(=O)C2)CC1,-5.576,0.6306151157315123,225.29199999999997
NC(=O)C1CCC(Oc2cc(N)c(Cl)cc2-n2c(=O)cc(C3CC3)[nH]c2=O)CC1,-6.998,0.6388374472040538,418.88100000000026
CSC1CCCCC1Nc1c(C)n(C)c(=O)n1C,-5.226,0.9133072063282086,269.41400000000004
CC(C)(C)c1ccc2c(c1)CN(C1CCC(=O)NC1=O)C(=O)C2,-7.429,0.8020049010686385,314.3850000000001
O=C1CCC(C=Cc2ccc(C(F)(F)F)cc2)CC1,-6.972,0.7726062065982052,268.27799999999996
CCN1CCCCC1CCc1nc(Cl)cc2ncn(C)c(=O)c12,-7.209,0.806723911906403,334.8510000000001
CCCC=CCC=CCCCCCCCC(=O)OCC(COC(=O)CCCCCCCCCCCCCCCCCC=CCCCCCCCCCC)OC(=O)CCC=CCC=CCC=CCCCCCCC,,,
CC(C)CC(N)C(=O)N(C)Cc1ccc(F)cc1F,-6.005,0.8920216349379284,270.323
CC1CN(C(=O)C=Cc2ccsc2)CC1C(=O)O,-6.693,0.8496823847090649,265.33399999999995
O=C(Cn1c(=S)[nH]c2sc(C(=O)N3CCCCC3)cc2c1=O)N1CCCC1,-7.347,0.7940730150213823,406.53300000000024
CC(Sc1ccccc1[N+](=O)[O-])C(=O)NC(C)c1cccs1,-6.241,0.49123465937590155,336.438
C=C(C)CN(Cc1ccccc1Cl)C(=O)c1ccc(CSC)o1,-6.18,0.6582976196448954,349.8830000000001
C(=Cc1ccc(OC2CCCC2)cc1)CN1CCN(c2nsc3ccccc23)CC1,-7.659,0.5309158829257535,419.5940000000001
Nn1c(=O)c2ccccc2n2cnnc12,-5.904,0.5089115186239396,201.189
O=C(Nc1ccc2c(c1)CCC2)C1CCCN1C(=O)c1ccc(Br)cc1,-8.055,0.8210021353646941,413.315
O=C(Cn1nc(-c2cccs2)ccc1=O)NCc1ccc(Oc2ccccc2)cc1,-7.726,0.49176686605790215,417.4900000000001
c1c2c3c(cc[n+](CCCC)c3cc3c2ccc(c3)C)cc1,,,
CCCCc1c(-c2ccc(O)cc2)ccc(CCC)c1O,-5.575,0.7780235935470698,284.399
CC(C)(C)n1c(=O)oc2cc(N3CCCC4(CC4)C4(CNC5CCCCC54O)C3)ccc21,-5.779,0.7030374989205691,439.60000000000025
CC1(C)CC(=O)C2=C(C1)Nc1ccccc1NC2c1cccs1,-5.701,0.7779063067973694,324.449
CC1=NC(c2ccc(-c3ccc4cc(n5c(-c6ccccc6)c3c3ccccc35)C=CC(c3ccc5ccccc5c3)=C4)cc2)c2cccc3c2C(=N1)c1ccc2ccccc2c1-c1ccccc1-3,-9.77,0.16857166461868592,878.0909999999999
O=C(Cn1ncc2ccc(NCc3cnc(Cl)s3)cc2c1=O)NCC(F)(F)F,-7.77,0.6262182741456604,431.82700000000006
O=C(COC(=O)c1c2ccccc2c(-c2ccc3ccccc3c2)c2ccccc12)c1ccccc1,-7.233,0.14757054941491343,466.5360000000002
O=C(NC(CN1CCCC1)C(=O)NCCc1ccc(O)cc1)c1ccccc1,-6.91,0.65280018849971,381.47600000000006
CCOC(=O)CC(C)(CC(=O)C(C)c1ccc(-c2ccccc2)cc1)C(=O)OCC,-6.835,0.5190660695351572,410.51000000000016
Cc1ccc2c(NC(=O)Cc3c(C)n[nH]c3C)c[nH]c2c1,-7.353,0.6905841316927803,282.347
CCCNC1CC(C(C)(C)C)CCC1Cc1cc(C)nn1CC,-7.378,0.831190832283013,319.53700000000003
N#Cc1ccc(OCCN2CCCC(COc3ccc(C(=O)N(c4cccnc4)c4cccs4)cc3)C2)c(Cl)c1,-8.545,0.2074761193509319,573.118
CCOc1c(Cl)cc(C=NNC(=O)c2cnn(-c3ccccc3)n2)cc1OC,-6.705,0.4866643200910613,399.83800000000014
CC1CCCC2(CN3CCCCC3)CCCC12,-5.716,0.696906112261446,235.41499999999994
Cc1ccn2cccc2c1N1CCCC1C,-5.547,0.7069015881801751,214.31199999999995
COC(=O)c1sc2nc(C(=O)NN=Cc3cn(-c4ccccc4)nc3-c3ccc(OC)cc3)[nH]c(=O)c2c1C,-8.313,0.18148338171057998,542.5770000000002
C=NC(=N)C=Cc1cnc(Cc2cc(C3C=CC=CC3C)nc(NC)c2CO)[nH]1,-7.196,0.4284932966671765,390.4910000000001
O=C(NCCc1ccccc1F)C(O)c1cc(Cl)c(O)c(Cl)c1,-7.09,0.7687550592877477,358.196
Cc1nc(-c2ccc3c(c2)OCCO3)nc(N2CCN(CCO)CC2)c1Cc1ccccc1,-6.957,0.6242876094182298,446.5510000000002
Cc1cc(C(=O)N2CCNC(Cc3ccccc3)C2)ccc1F,-8.025,0.9450375496929688,312.38800000000003
O=C(Nc1cccc(CNS(=O)(=O)Cc2ccc(Cl)cc2Cl)c1)N1CCCC1,-7.357,0.7026490083877546,442.3680000000002
CC(CC(=O)NCc1ccccc1F)c1ccccc1,-7.166,0.8835380837931862,271.335
CCOC(=O)COc1ccc(-c2nc(C#N)cs2)cc1OCC,-5.781,0.7249758193189058,332.3810000000001
C=C(C)C(=O)OC(C)(CC(C)(C)C)C(=O)C(C)(CC(C)(C)OCC)OCCCC,-5.05,0.22213545575307142,412.6110000000003
CCCCCCCC(O)C(=O)OCCCC(C)C,-4.84,0.45396709427521537,258.40199999999993
CC(C)(C)OC(=O)NC1CCCN(C(=O)c2cc(C(F)(F)F)ccc2C#N)C1,-7.959,0.8248773337906545,397.39700000000005
O=C(Nc1ccc(C(=O)N2CCN(c3ccccc3O)CC2)cc1)c1ccccc1,-7.975,0.7006068815637427,401.4660000000001
COc1cc(C2(NC(=O)c3ccc4c([nH]c5cc(C6(C)CCNCC6)ncc54)c3OC)CC2)ccc1C,-8.848,0.3441934754873885,498.6270000000004
c1ccc(CCSCCNC(c2cccc(N3C(c4c5c(C3=O)cccc5CC4=O)=O)c2)=O)cc1,,,
CCC1CCN(c2ccnn2C(C)C)C(=O)C1Br,-5.528,0.8045558439264017,314.227
CCOc1ccc(C=NNC(=O)C2CCCO2)cc1OCC,-5.738,0.61860352988572,306.362
O=[N+]([O-])c1cccc(C(Br)c2sccc2Br)c1,-6.467,0.4338529893376579,377.05699999999996
C=C(C)C1CC=C(C)C1SCCNC(=O)C12CCC(C)C3=CCC4(C)C(C)(C)CCC(C31)C4(C)CC2,-6.864,0.28780871526776175,509.84400000000045
CC1CCC(CNCCOc2cccc(C#N)c2)CC1,-5.087,0.8076816549895758,272.3920000000001
O=c1c2c(cnc3nc[nH]c32)nnn1Cc1ccc(F)cc1,-7.635,0.6010534018153426,296.265
CC(C)c1ccc(COC(=O)c2ccc(-c3ccc(S(=O)(=O)N(C)c4ccccc4)cc3)o2)cc1,-8.019,0.273403840722098,489.59300000000013
CN(C(=O)c1ccc(C#N)c(F)c1)C1CCC2C(CCCN2C(=O)OC(C)(C)C)C1,-7.873,0.7202962100872079,415.5090000000003
CCN(CC)c1ccc(NC(=O)c2ccccc2SC(C)C)c(C)c1,-5.892,0.6559786783603987,356.5350000000001
COc1ccc(C(CC(=O)NO)c2ccccc2)cc1,-7.385,0.6490783039120671,271.31600000000003
CC(=O)OC1(COS(=O)(=O)c2c(C)cc(C)cc2C)c2ccc(Br)nc2OC1(C)C,-6.387,0.348251348525642,498.3950000000002
CCNC(=O)c1ccc(CN2CCCC(C(C)C)CC2)c(Cl)c1,309.4,0.866641468915476,336.90700000000004
CC1(C)CCc2c(oc3c2c(C=O)nn3-c2ccc(Cl)cc2)C1,-7.215,0.6458472216483755,328.7990000000001
COc1ccc2oc3ccc(N)cc3c(=O)c2c1,-6.635,0.5248791121649063,241.24599999999998
Cc1cc(-c2ccccc2CNC(=O)C(C)C)on1,-7.019,0.9169526714428549,258.32099999999997
COc1c(O)cc(Cl)c(Cl)c1Cl,-4.33,0.7455796887989609,227.474
Cc1ccccc1C(=O)NC(CO)CCO,-5.599,0.6792446785901928,223.27199999999996
[B]C(OC(C)c1cccc(C(=O)OC)c1Br)C1=C(C)P(=O)(OC)C1,,0.40083668768872044,413.0130000000001
CC(O)C1CC2CC(C1)CC1(CCN(C(=O)OC(C)(C)C)CC1)C2,-6.365,0.7795290681014004,337.50400000000013
CS(=O)(=O)N(Cc1nc(-c2ccc3c(c2)OCCO3)no1)CC1COc2ccccc2O1,-8.097,0.546734158142104,459.4800000000003
CC1(C)CC(N)(c2ccc(F)cn2)C1,-5.407,0.743915989600806,194.253
Cn1ncc(Cl)c1C(N)Cc1ncc(Cl)n1C,-5.781,0.9262373734906926,274.15500000000003
CC(C=O)(Cc1ccc(F)cc1)NC(=O)O,-6.041,0.7645655255402692,225.219
C=CC1=C(C)CC(C)CC1,-5.357,0.518498177076054,136.23799999999997
O=c1c2nc(Nc3ncc(CN4CCNCC4N4CCCC4)cn3)ncc2cnn1Cc1ccccc1,-8.481,0.3890380930410672,498.5950000000003
CC(=O)Nc1ccc2nc(CN(C)C(=O)c3sc4nccc(-c5ccccc5Cl)c4c3N)[nH]c2c1,-8.594,0.2997909485264151,505.0030000000002
CC(C)(C#Cc1ccc(C(C)(C)C)nc1)C(=O)O,-5.931,0.7739211501368839,245.32199999999997
COc1ccccc1C=C1COC(C)C1c1ccc(C(F)(F)F)cc1,-6.268,0.7492920417146678,348.364
CCCC(C)C1CCC2C3CCC4CC(c5cnc(-c6ccccc6)[nH]c5=O)CCC4(C)C3CCC12O,-8.229,0.4493939024047861,502.74300000000034
CCC=CCC=CCC=CCC=CCCC(=O)OC(COC(=O)CCCCCCCCCC)COC(=O)CCCCCCCCCCCCCCCCCCCCCCCCCCCC=CCC=CCC=CCC,,,
COC(=O)C=C1CC(=O)C(=Cc2cc(Cl)cc(Cl)c2O)S1,-5.787,0.6524360765843122,345.20300000000003
CC(CC(=O)N1CCN(c2nc3ccccc3s2)CC1)NC(=O)N1CCOCC1,-7.548,0.8203782554202512,417.53500000000037
COc1cccc2c1CCc1c(nc(CCc3ccc(S(C)(=O)=O)cc3)n1C)C2(C)CC(=O)O,-6.316,0.5535300473090219,482.6020000000002
CNc1cc(NC2(C)CCC2)nc(C2CC2)n1,-6.233,0.8377540754057591,232.33099999999996
Cc1cc(C=O)c(Cl)cc1CC1(C)OCC2(CCCOC2)O1,-6.983,0.8001194077088544,324.8040000000001
c12c(F)c(ccc1B1c3c(N(c4cc(F)ccc41)c1ccc(cc1)C(F)(F)F)cccc3N(c1[n+](-c3ccccc3)cc(C(C)(C)C)cc1)c1cc3c(cc1)C1(C3(C)C)CCCCC1)n2-c1cccc,,,
COc1cc(C(=O)NCc2ccc(Cl)cc2)ccc1NC(=O)NC1CCCCC1,-7.51,0.6374611366386166,415.9210000000003
CCC(N)c1ccc(OCc2csc3ccccc23)cc1,-6.761,0.7273945500307132,297.423
CCC(Nc1ccc(S(C)(=O)=O)cc1C(=O)NC1CCC2(CC1)OCCO2)c1ccc2c(ccn2C)c1,-7.228,0.4693124179671926,525.6710000000004
Cn1cc(CNc2ccc(F)c([N+](=O)[O-])c2)cn1,-6.922,0.6656227557575496,250.23299999999998
CCC(CC)CNC(=O)ON(C(=O)CC(C)(C)C)C(C)c1ccc(F)cc1,-6.252,0.6591113123232144,380.504
COc1ccc(Cc2ccc(C)cc2OC2OC(CO)C(O)C2F)cc1,-7.427,0.8259312848714045,362.397
C[N+](C)(C)CCO[P+](=O)OCc1ccc(C#N)cc1,-5.609,0.5690969097704851,282.28
CCCC1(NS(=O)(=O)C(C)CC(=O)OC)CCC1,-5.699,0.7170932144543056,277.386
Cc1cccc(-c2nn(Cc3ccccc3)cc2CNC(=O)c2c[nH]c3ccccc3c2=O)c1,-8.652,0.39590768395616965,448.5260000000002
CCCCC(NN1CCCCC1)c1ccccc1,-5.895,0.818435528945106,246.398
CN(CCCCCCl)C(=O)c1cccnc1,-5.422,0.5656936430121651,240.734
Cc1cc(CC2COCCC2NC(=O)c2cc(C3CC3)[nH]n2)on1,-7.112,0.8739980724440998,330.3880000000001
C=CC(Cn1ncnc1C1CC1)NCC,-5.374,0.7137793262397316,206.29299999999998
Cc1ccc(N)cc1CNC(=O)CCc1ccc(OC(F)(F)F)cc1,-8.085,0.7789354065397117,352.356
N#Cc1ccc(C(CO)Nc2cccc(NC(=O)Nc3ccccc3)c2)cc1,-8.048,0.5171010151342439,372.42800000000005
CN(CCc1ccncc1)CC1(C)CNCCS1(=O)=O,-6.352,0.8486251343908542,297.424
CC(NC(=O)C1CCCNC1)c1ccccn1,-6.818,0.826061359879542,233.315
Cc1c(C(=O)O)n(CC2CCC(C)CC2)c2ncnc(N3CCN(C)CC3CNC(=O)C(C)C)c12,-6.508,0.6221337197592854,484.64500000000027
Cc1cccc(S(=O)(=O)N2CCN(c3ccccc3F)c3cc(NC(=O)C4CC4)ccc32)c1,-7.891,0.5860783138866439,465.55000000000024
Cc1nccc(NC2CCC(N(C(Cn3nc(c4cc(-c5c([nH]cn5)cc(F)c4)c3)=O)=O)C)C2=O)c1OCOC,,,
COc1c(-c2nc(C(=O)NC3CCC(O)CC3)ccc2C(C)C)ccnc1C(F)F,-7.255,0.731445334542224,419.47200000000004
CC1CCCCN1c1ccc(C(=O)NCC(C)(O)c2ccccc2)cc1,-7.565,0.8625580507700861,352.47800000000007
CC(C)(C)CC(=O)NCC(C)(C)CO,-5.072,0.7248626814000872,201.30999999999997
CCCCCCCCCCCCC(CC(=O)OC)(OC(C)=O)C(O)(CCOC(C)(C)C)C(=O)OC,-5.023,0.1445031767391124,502.68900000000036
O=C(Nc1ccc(Cl)cc1CO)c1cccc(F)c1F,-7.44,0.9124195356112101,297.688
CCCC(N)C(O)C(=O)Nc1cn[nH]c1-c1ccccc1,-6.451,0.6463166120648348,288.351
C=CCOC(=O)C=C(C)C=CC1CCCCC1,-6.319,0.31288192208323046,234.33899999999994
COC1C(NC(=O)COc2cccc3c2CCC(=O)N3)CC2C(C(=O)C(N)=O)C21,-8.026,0.5399968237873066,401.41900000000015
CCNCCCCS(=O)(=O)N1CCC(C)(C)CC1,-5.991,0.7217560348721134,276.446
CC(C)CC(NC(=O)C(Cc1ccc(O)cc1)NC(Cc1ccc(I)cc1)C(=O)O)C(=O)NOC(=O)NC1CCCC1,-6.237,0.1371914409264386,694.5669999999999
CC(C)CCOc1cccc(C(=O)NC(=S)Nc2ccc(S(=O)(=O)Nc3ccc(Cl)cc3)cc2)c1,-8.042,0.30676274904061995,532.0870000000002
Cc1nn(C2CCN(S(C)(=O)=O)CC2)c(=O)n1Cc1ccccc1,-6.989,0.8241079216451576,350.444
CC1(C)C(C(=O)O)C1C(=O)Nc1ccc2c(c1)OCO2,-7.589,0.878181185906793,277.27600000000007
O=C(CSc1cccc(NC(=O)C(=Cc2ccccc2Cl)NC(=O)c2ccccc2)c1)Nc1ccccc1F,-8.716,0.15881107000150374,560.0500000000002
Cc1ccc(CN2CCc3nc(NC(=O)CCCl)sc3C2)cn1,-6.704,0.8421367231788524,350.8750000000001
O=C(NCCSC(F)(F)F)C1CCCCC1,-5.825,0.7824957068737555,255.30499999999992
Cc1ccc(S(=O)(=O)NC(=O)N2CCC(CN(CC(=O)O)c3ccccc3C(F)(CO)CO)CC2)cc1,-7.417,0.3590444716539993,537.6100000000004
CCCCS(=O)(=O)N(Cc1cccs1)CC(O)C1CC(n2cc(CC)c(=O)n3cccc23)C(CO)O1,-6.633,0.36691162787492937,537.7040000000003
CC(C)Oc1ccc(NCC(=O)Nc2ccc(N3C(=O)CCS3(=O)=O)cc2)cc1,-8.282,0.7175229380185478,417.4870000000002
CS(=O)(=O)N(c1ccccc1)c1c(O)n(Cc2ccc(C(F)(F)F)cc2)[nH]c1=O,-7.359,0.6543839110185148,427.40400000000005
Cc1cccc(C2C3=C(N=c4sc(=Cc5cc(Cl)c(OCc6cccc(Cl)c6)c(Cl)c5)c(=O)n42)c2ccccc2CC3)c1,-8.99,0.1939912398440843,644.023
CCC(CC)Nc1ccc(S(N)(=O)=O)cc1[N+](=O)[O-],-5.642,0.6114953344438332,287.341
NN(C(=O)c1cnn2cc(F)cnc12)c1ccc2[nH]ccc2c1,-7.935,0.33571772764186275,310.29200000000003
CC=C1SC(=Nc2cccc(Cl)c2)N(CCN2CCOCC2)C1C,-6.25,0.8057075283395259,365.93000000000023
CC(C)c1ccc(C(C)NC(=S)Nc2nc3ccccc3s2)cc1,-6.957,0.6087791215867371,355.53200000000004
Nc1cc(C(=O)NCC2(O)CCOCC2)ccc1[N+](=O)[O-],-6.552,0.42009163024408985,295.295
OCC(O)C1OC(c2ccc(Cl)c(Cl)c2)C(NC2CCCOC2)(OC2CCCCO2)CC1O,-6.551,0.41819393452863607,506.42300000000046
CC(C)NCc1ccc(OCCOC(F)(F)F)c(Cl)c1,-6.345,0.7779158324720854,311.7309999999999
CC(=O)OC1CCC2(C)C(=CCC3C2C(Cl)C(=O)C2=CC(=O)CCC23Cl)C1,-7.262,0.3699688049785846,411.3250000000003
CCCSc1nsc(NC(=O)c2ccc(-n3nc(C(F)(F)F)cc3C(F)(F)F)c(C)c2)n1,-7.468,0.3444978483596417,495.4740000000001
OCCC1OC1c1cccc(F)c1,-5.758,0.7207336855266558,182.194
Cc1cc(S(=O)(=O)N(Cc2cccc([N+](=O)[O-])c2)C2C(=O)CCNC(=O)C2C)c(C)cc1Cl,-6.028,0.48614559246830974,493.9690000000003
CC(=O)N(CCNC(=O)OC(C)(C)C)c1ccccc1,-6.003,0.9205007417246782,278.352
CC1CC(NC2CCCOCC2)C1,-3.427,0.7061785440175676,183.29499999999996
CS(=O)(=O)NCCNc1ccc([N+](=O)[O-])cc1C(N)=O,-5.926,0.3565985857230865,302.3120000000001
CC(C)CCNC(=O)N1CCNC(=O)C1CC(=O)Nc1ccc(OC(C)C)cc1,-6.679,0.6192276446149713,404.5110000000001
CCCCCC=CCC=CCC=CCCCC(=O)OCC(COP(=O)(O)OCC[N+](C)(C)C)OC(=O)CCCCCCCC=CC=CCCCCCC,,,
C=C1C(C)=C(c2ccncc2)c2c(OC)ccc(CCC(=O)CC(=O)C(F)(F)F)c21,-7.341,0.5999493808891928,415.4110000000002
NC(N)=NCCCC(NC(=O)C(Cc1ccc(-c2ccccc2)cc1)NC(=O)CCc1ccccc1)C(=O)N1CCCC(C(=O)O)N1,-7.439,0.0825652202165605,641.773
CNC(=O)C1CCCC(CC(=O)N2CCC(N3Cc4sccc4NC3=O)CC2)N1CC(=O)c1cccc(C)c1Cl,-8.039,0.4721028846363243,586.1580000000001
Cc1ncc(-c2cncc(C3CN(C(=O)C4CCCOC4)CCO3)n2)cn1,-8.294,0.810932752362196,369.4250000000001
Cn1cc(-c2c(-c3ccccc3)nc3cc(C(=O)N4CC(=O)CC(C)(C)C4)ccn23)cn1,-7.578,0.49797929628387017,427.50800000000027
CN(C)CCN1C(=O)C=C(Nc2ccc(Oc3ccccc3C(=O)NCc3ccccc3Cl)cc2)C1=O,-8.325,0.3891048930942843,519.0010000000002
Cc1onc(-c2ccccc2F)c1-c1ccc(OC2CCN(C(=O)C3(C(F)(F)F)CC3)C2)nc1,-7.524,0.4763587328826058,475.44200000000023
CCOc1ccc(-c2nc(-c3ccc(CN4CCOCC4)cc3)no2)cc1S(=O)(=O)N1CCOCC1,-7.811,0.44831170359503975,514.6040000000003
Cn1c(=O)c2ccccc2n2c(SCC(=O)Nc3ccc(S(=O)(=O)N4CCOCC4)cn3)nnc12,-8.256,0.3679161838181008,515.5770000000003
COC(=O)C1=C(C)N(C)C(=O)C1=Cc1ccc(OC)c([N+](=O)[O-])c1,-6.384,0.3613251397362515,332.31200000000007
NC(=O)C(CC(=O)O)NC(=O)Cc1ccccc1,-6.604,0.6419384314653768,250.254
Cc1nc(N)c2c(n1)CCC1C2CCCN1Cc1cccc(C(C)(C)C)c1,-7.115,0.8601327845144519,364.5370000000001
COC(=O)CCN(C)C(=O)c1cc(N)no1,-6.041,0.7204670325965897,227.22
CS(=O)(=O)N1CCCC(C(O)c2ccc3c(c2)OCO3)C1,-7.893,0.9047941885163105,313.37500000000017
CC(C)(C)OC(=O)NC1(CNC(=O)CCNS(=O)(=O)c2ccccc2Cl)CCOCC1,-7.098,0.529318079813693,475.99500000000023
C=CCOC(=O)C1=C(N)C2SC=C(C(=O)OCCc3ccc(C(=O)OC(C)(C)C)cc3)N2C1C,-6.365,0.33630885661641646,486.5900000000003
Cc1ccccc1NC(=O)Cn1c(O)c(N=Nc2ccc([N+](=O)[O-])cc2C=O)c2ccccc21,-8.011,0.164806677510302,457.4460000000002
CCOC(=O)c1cccc(-c2ccc(OC(=O)N(C)C)cc2)c1,-6.559,0.8094562833021474,313.353
OC(CC1CNCCO1)c1ccc(OC(F)(F)F)cc1,-7.23,0.8906193364635,291.269
CCC=CCC=CCC=CCC=CCC=CCC=CCC=CCCCC(=O)NC(COP(=O)(O)OCC[N+](C)(C)C)C(O)C=CCCC=CCCC=CCCCCCC,,,
NC(=O)C1(CC(=O)OC2CCCC(C(F)(F)F)C2)CCCCC1,-6.741,0.7998056817627839,335.36600000000016
CCC(C)C(C)(c1ccccc1)C(C)CC,-5.025,0.6494720433144333,218.384
CC(C)(C(=O)O)C(C(=O)n1ccc2ccccc21)c1ccccc1,-7.501,0.7840975658530099,321.37600000000003
O=[N+](O)c1ccccc1S(=O)(=O)O,-4.951,0.5466638877553557,204.18299999999996
CCCCCCOc1ccc(C(=O)Oc2ccc(-c3c4ccccc4c(Br)c4c3ccc3cc(C=O)oc34)cc2)c(Br)c1,-8.516,0.0467981108954945,700.4230000000001
CCOc1ccc(NC(=O)c2cc(C(=O)NCCC(C)C)ccn2)cc1,-6.791,0.7592631632781909,355.43800000000005
CCCCCCCC[n+]1nn(CCCC)nc1-c1ccccc1,-5.651,0.45502435815100706,315.48499999999996
O=C(NC1CC1)c1ccc(OCC2COCCO2)cc1,-6.145,0.8829682318311131,277.31999999999994
CN1CCN(CC(NCCC#N)c2ccc(Cl)cc2)CC1,-6.188,0.8177316888571252,306.84100000000007
Cn1nccc1C(=O)N1CCC2(CCOCC2)C1,-6.86,0.7475051079796267,249.3139999999999
CC(=O)C(CC(=O)Cc1ccc(F)cc1)c1ccccc1C,-6.829,0.8072356216547548,298.3570000000001
O=[N+]([O-])c1ccc(S(=O)(=O)NCCOCCCl)cc1,-5.624,0.33577593282738843,308.74299999999994
CCNC(=NCc1ccc(OC)cc1OCC(C)(C)C1CC1)NC1CCCCC1,-5.947,0.45649104454481026,401.59500000000025
Cc1ccc(C(N)CCC2CN(Cc3ccc(F)cc3F)C(=O)O2)c(Br)n1,-8.102,0.6831617002320266,440.2880000000001
C=C(C)C(=O)NCCCCCCCC(=O)NCCOCCOCC=O,-5.496,0.23317796669997182,356.46300000000014
NC1CN(c2cc(C(=O)O)cc3c2NCC3)C1,-6.317,0.6929815613408428,233.27099999999996
O=C(Nc1ccccc1Br)C1CCCN(C(=O)C2CCCC2)C1,-7.296,0.8682896274722315,379.2980000000002
CCOC(=O)C1CCC(OC(=O)C(O)(c2ccccc2)c2ccccc2)CC1,-7.43,0.773235236461637,382.45600000000013
Cc1noc(C)c1C1(COC(C)(C)C)N=NC(C(C)C)C1=O,-5.816,0.8541954783737105,307.39400000000006
O=C1CCNc2ccccc2C(=O)N1Cc1cccc(F)c1,-5.574,0.8673794172461109,298.31699999999995
COC(=O)C(OC(C)=O)C1OC2(OCc3ccc(OC)cc3)C(OC3(COC(CC(C)=O)OC3c3cccc(NC(=O)OCC4CO4)c3)C(=O)N2CCC(C)C)C1OC(C)=O,,,
CC(C(N)=S)N(C)C(=O)C1CCN(c2ccc(C#N)cc2)CC1,-6.295,0.8538043239552167,330.4570000000001
Cn1ccc(CN(CCO)C(=O)OC(C)(C)C)n1,-5.414,0.8760110772009008,255.318
CCNc1ccn2c(SC(C)C(=O)Nc3ccccc3OC)nnc2n1,-6.956,0.6159256956820967,372.4540000000001
CS(=O)(=O)N1CCN(c2ccc(-n3cc(-c4ccc(F)cc4)c(C4CC4)n3)nc2)CC1,-7.437,0.608729842636243,441.53200000000027
CC(=O)N(c1nc(-c2ccc3c(cnn3-c3ccccc3)c2)cs1)C(C)(C)C(=O)O,-6.975,0.5180599269612368,420.49400000000014
Cc1ccc(C(=O)N2CCC(C(=O)NCc3ccc(-c4csc(C)n4)cc3)CC2)cc1,-9.033,0.6398616049356541,433.57700000000017
CCn1c(CN2C(=O)c3ccccc3C2=O)nnc1SCc1ccc(Cl)cc1,-7.791,0.45115973101003576,412.90200000000016
CCCCCCCCCCCC(=O)NCCC(=O)NCCOCCOCCOC(=O)CCCCCCCCCCC,,,
COC(=O)C1=CC=CC2(CCCCC2Br)C1(C)C,-5.939,0.5400196624130926,313.235
CCCCN1CCC(NC(=O)Nc2cc(Cl)ccc2OC)CC1,-6.104,0.8298284301370805,339.86700000000013
CCCCC(CBr)(CCC)C1OCCCS1,-4.846,0.6224922813798632,309.31300000000005
C=C(C1CCCCC1)C(C)C(C)=CC(C)C,-5.955,0.5593324251705294,220.4
O=C(CCC1CCCCC1)NCc1cccnc1Oc1cccnc1,-7.027,0.8190395800990041,339.4390000000001
CCCc1sc(C(=O)NC(C)C2CCOCC2)cc1C,-6.429,0.9018211030005505,295.448
CCC(C(=O)NNC(=O)c1cc2cc(Br)ccc2o1)N1CCN(c2ccccc2)CC1,-7.56,0.540953677725188,485.3820000000003
CCOCCCNC(=O)C(=O)N(C)C1CCCNC1,-6.173,0.5156622935929611,271.361
COc1ccccc1SCC(=O)N1CCCCC1Cn1cccn1,-6.462,0.7551095352933952,345.46799999999996
CC1(C)C2=Cc3cc([N+](=O)[O-])ccc3C([IH]2)N1C(=O)O,,,
Nc1nc(NCCC2=CCCCC2)nc(NCc2ccccc2)n1,-7.074,0.6767471167609564,324.43199999999996
COc1ccccc1C1C(C)OCCN1C(=O)CCCN1C(=O)CNC1=O,-6.584,0.7578044270147233,375.4250000000001
O=C(Cc1ccccn1)NCCOCCOCCO,-5.36,0.572736761744668,268.3129999999999
CC(C)C1C(=O)Cc2cc(-c3ccccc3)cc(C(C)(C)O)c21,-6.854,0.9095209230032174,308.42100000000005
CCOC1C(OC(=O)C=Cc2ccc(OC)cc2)C(O)C2OC1C(O)C(O)C(CO)(C(O)CC)O2,-5.326,0.2173448988866239,498.5250000000002
CC1(C)CCC(c2cncc3ccccc23)O1,-6.856,0.7375450609054522,227.30700000000002
c1(cc(ccc1)-n1c(SCC(N)=O)nc2N(C)CCCN(C)c2c1)Cl,,,
Cc1cc(C)c2c(c1)C(=O)CCC1OC(=O)CC21C,-5.225,0.6719900371021538,258.3169999999999
COC1CC(CCCCOS(=O)(=O)c2ccc(C)cc2)NCC1CCCCCc1ccccc1,-6.051,0.2748468294421049,487.70600000000036
Cc1ccc(NC(=O)CNC(=O)CN)c2cccnc12,-7.082,0.7570853720997809,272.308
COc1cc(C=C2SC(=O)NC2=O)ccc1-n1ncc2ccccc21,-7.01,0.7326719192025541,351.38700000000006
CC(C(=O)O)[N+](=O)[O-],-3.886,0.40062113932617727,119.076
N#Cc1nnn(Cc2ccc(Br)cc2)c1N1CCOCC1,-6.841,0.8462430181049226,348.20400000000024
Cc1ccc(C(C)(C)C)cc1C(O)=C1C(=O)C(=O)N(c2nccs2)C1c1ccncc1,-6.86,0.3654130288202558,433.5330000000001
CN1C(=O)c2cccc(N(C)CC3COc4ccccc4O3)c2C1=O,-7.341,0.8031315158239625,338.36300000000006
CCN(CC)c1ccsc1-c1ncc(-c2ccc(-c3ccc(NC(=O)OC)cc3)cc2)[nH]1,-6.729,0.3400397654533561,446.57600000000014
CSc1nnc(SCC(=O)NC(=O)Nc2ccc(C(C)=O)cc2)s1,-6.661,0.5849640907634518,382.49200000000013
CN1CCC(N2c3ccccc3OC(c3ccccc3Cl)S2(=O)=O)CC1,-6.561,0.782122976513943,392.90800000000013
O=C(c1ccc(F)cc1Cl)N1CC(Cn2c3c(ccc2=O)CCCC3)C1,-7.211,0.8269068659950657,374.84300000000025
CN(CCO)Cc1cnc2sccn12,-4.996,0.813701082114118,211.29000000000002
CC12CCC(O)CC1=CCC1C2CCC2(C)C1CC1OC12C,-6.961,0.5400939508489646,302.458
Cc1cn2c(=O)cc(CN(C)C3CCS(=O)(=O)C3)nc2s1,-6.923,0.829029525256003,327.43100000000004
CC1CCC(NCc2cc(F)cc(-c3cc4c5c(c(=O)[nH]c4nn3)N3CCCC3CC5C3CC3(F)F)c2)CC1,-8.328,0.42381599260379565,537.6300000000001
Cc1cccc(C(C)C)c1OCc1ccc(CCN)cc1,-6.494,0.8620620802009045,283.41499999999996
CCCCC=CC(=O)CC(Cl)SCC(S)CS(=O)(=O)CCOC(=O)C(C)(C)CC,-5.242,0.11208653277820096,487.14900000000034
CC(=O)CC=C1C(=O)N(OC(=O)c2cccc([N+](=O)[O-])c2)C(=O)C1(Cl)Cl,-7.135,0.24335970197499365,401.15800000000013
O=C(c1ccc(-c2cncnc2)o1)N1CCC(c2ccc(O)c3ccccc23)C1,-8.151,0.5710056406179363,385.4230000000001
CNS(=O)(=O)c1ccc(NCc2ccc(I)cc2)c(N)c1,-6.437,0.5155244355954648,417.27200000000005
Cc1ccc(C)c(S(=O)(=O)N2CCCN(c3nc4ccccc4o3)CC2)c1,-6.194,0.6917040751437377,385.48900000000015
O=C(CC1(CNC(=O)C2CCC(=O)N(C3CCCCCC3)C2)CCOCC1)NC1CC1,-5.653,0.6041769346620418,433.59300000000036
COc1ccc(CC(CCl)N2CCSCC2C)cc1,-5.92,0.7743352514643225,299.867
COCCN(Cc1cccc(O)c1OC)CC(C)C,-5.123,0.7855667001900046,267.36899999999997
CCCCN(C(=O)COc1cccc(Cl)c1Cl)c1c(N)n(-c2ccc(Cl)cc2)c(=O)[nH]c1=O,-7.055,0.46890926075792333,511.79300000000023
COc1ccc(CCNC(=S)Nc2ccc3c(=O)c(-c4ccccc4)coc3c2)cc1OC,-7.656,0.3758593281158573,460.55500000000023
CCCCCCCCCCCCOc1c(CCCCCCCCCCC)cc(OCC(O)CC)c(C)c1OCCCCCCCCCCCC,,,
COc1ccc(CCn2ncc3c(-c4ccccc4)nc(Cl)cc32)cc1,-7.754,0.46814427084333804,363.8480000000001
O=C1CCC2CCN(Cc3cccc(-c4cccnc4)c3)C2C1,-7.957,0.866814447610197,306.4090000000001
CC(Nc1ccccc1)=C1OCCNC1N1CCN(C)CC1,-6.563,0.885827303043519,302.422
CCC(=O)Nc1nnc(CCCOc2c(C)cccc2C)s1,-7.011,0.793175664892562,319.43
CC1CN(C(=O)C2(c3ccccc3)CCOCC2)CC(C)O1,-7.369,0.8417711590440896,303.40200000000004
COc1cc(C(=O)NNC(=O)CCC(=O)c2ccc(F)cc2)cc(OC)c1OC,-7.064,0.5169194716557747,404.3940000000001
PN1CP1NNc1ccccc1,-4.307,0.44242286133015407,199.13400000000001
CCOC(=O)CNc1cccc(OCC)c1,-5.821,0.7498041253119331,223.272
C=S(C)(=O)c1ccccc1Nc1ccc(NC2=NC(O)(C(F)(F)F)N(C)N2)cc1CNC1CCCN(C(=O)CCO)C1,-7.815,0.23509272339439988,611.691
[N+]1(c2ccccc2)(C2C=CCCC2)c2ccc(-c3cc(ccc3)N(c3ccccc3)c3ccccc3)c3c2c(c1ccc3)N(c1ccccc1)c1ccccc1,,,
COC1C(COC(N)=O)C2OC3OC45OC4C(C32)C2(C)C1OC(=O)C52O,-6.42,0.4485492145674441,369.3260000000002
c1ccc(COC2CC3OCOC3(OCc3ccccc3)C2OCc2ccccc2)cc1,-6.886,0.4838986754381908,432.5160000000001
Cc1nc2ccccn2c1C1(O)CCC(C)(C)CC1,-6.757,0.850579403408514,258.36499999999995
CCC1CCC(NC(=O)c2cc(N)c(C)s2)CC1,-6.377,0.8812949255391949,266.41
COc1cncc(N2CCCC3(CCN3)CC2)n1,-4.678,0.8522057299919873,248.32999999999993
CCOC(=O)C1CCCN1C(=O)NC(CC(=O)O)CC(C)C,-6.484,0.696043229735298,314.38200000000006
ClCc1cncc(Cl)n1,-4.708,0.5901836584279614,163.007
C#CC1(O)CC2C(CCC3(C)C(O)CCC23)CC1=CC=C,-7.168,0.7273614987125926,286.415
COc1cc(OCC(=O)N2CCN(C)CC2)c2[nH]c(=O)nc(-c3ccc(OCCN(C)C)cc3)c2c1,-6.513,0.4788775299357249,495.58000000000027
CC(=O)C(=O)CSc1ccnc2ccccc12,-6.545,0.6130106081474872,245.30300000000003
O=C(NC1CCCNC1)N1Cc2cccc(-n3ccnc3-c3ccccc3Cl)c2C1,-7.606,0.6722253722381625,421.9320000000002
CN(C)c1nccc(-c2cnn3ccc(C4CCCNC4)nc23)n1,-8.053,0.7912095183262361,323.404
CC1OC1Cc1c(O)ccc2c1Cc1cc(O)sc1-2,-6.202,0.7061268286347328,274.341
CCOc1cc(S(=O)(=O)N2CCC(C)C(C)C2)c(C)cc1OC,-7.787,0.8257875466840048,341.4730000000001
Cc1ccccc1C(O)C(=O)Nc1cccc(CN2C(=O)CSC2=O)c1,-6.842,0.8451201231040931,370.4300000000001
CN(C)C(=O)N1CCCN(C(=O)C2CC3C=CC2C3)CC1,-4.721,0.6857701212391588,291.3950000000001
CCOC(CCC(C)C)C(C)C,-4.585,0.5957187607969222,172.31199999999998
CN(C)CCn1ccnc(N2CCCOCC2)c1=O,-4.083,0.7694905887494602,266.3449999999999
CCCN(c1ccccc1)C(C)CCN,-5.301,0.775001765969189,206.33299999999994
CS(=O)(=O)N1CCN(C2CCN(c3ccc(C=CC(=O)O)c4c3OCCO4)CC2)CC1,-7.638,0.6648015184070749,451.5450000000004
CCNCC(c1ccc(F)c(O)c1)N1CCCC1,-6.305,0.8436219700606246,252.3329999999999
Cc1sc(C(=O)NCCCCN)cc1-c1coc(-c2cccc(F)c2)n1,-6.992,0.6138112467697328,373.45300000000003
CCn1c(COC(=O)CCc2ccc(C(=O)OC)o2)nc2c(Cl)cc(Cl)cc21,-7.155,0.5215078133705138,425.2680000000001
CC(C)(C)c1ccc(OCC2CCCNC2)cc1,-6.162,0.8840108984531072,247.38199999999995
CCOC(=O)c1ccc(C)c(OC)c1-c1cc(-c2ccccc2)nn1-c1ccccc1,-7.385,0.38129520306042586,412.48900000000003
O=C(Nc1ccc(O)c(O)c1)c1ccns1,-5.847,0.5482278777526347,236.252
CC1Nc2cccc(F)c2S(=O)(=O)N1,-5.68,0.6763561575352359,216.237
CC1=C(c2ccccc2)C(=O)N(Cc2ccccc2)C1=NC(=O)Nc1ccc(SC(Cl)C(=O)Nc2cc(C(C)(C)C)nn2-c2ccc(C)cc2)cc1,-8.606,0.11615655126808147,731.3219999999998
CCCCCCCCCCCC(CC)[N+](C)(C)I,-5.094,0.22138715833447592,368.36699999999996
CSCCC(NC(=O)C(N)CCCN=C(N)N)C(=O)NC(Cc1ccc(O)cc1)C(=O)NC(C(=O)O)C(C)C,-6.172,0.06665986407284613,567.7130000000002
CCOc1cc(N)cnc1N1CCN(CC(C)C)CC1,-6.014,0.8904339755740862,278.40000000000003
CN(CCn1cncc1[N+](=O)[O-])C(C)(C)C(C)(C)[N+](=O)[O-],-5.229,0.5581689520383124,299.33099999999996
COc1cc(C(=O)Nc2cccc(NC(=O)C3CCCCC3)c2)cc(OC)c1OC,-7.545,0.7001172055915448,412.48600000000033
CO[S+]([O-])NC1(C(C)CO)NC(=O)C2C(=O)N(CC3CCN(C)C3)CC21,-6.052,0.3508472851773423,388.49000000000024
Cc1ccc(-n2c(C)cc(C(=O)CN(C)C3CCS(=O)(=O)C3)c2C)cc1,-6.434,0.7552658728634496,374.5060000000001
NC1CCN(Cc2cc(OCCCC3COc4ccc(C=Cc5cc(CO)c(CO)c(CO)c5)cc4C3)cc(O)c2Cc2cccc(O)c2)CC1,,,
Cn1cc(Br)c(NC(=O)c2cc(COc3cccc(C(F)(F)F)c3)cs2)n1,-8.476,0.5771502921429715,460.2750000000001
CCCCN(O)C(=O)Nc1cccc2cnccc12,-6.228,0.6539254857048578,259.309
CN(C)c1cccc(CN(Cc2ccccc2)Cc2ccccn2)c1,-6.158,0.6414792283558769,331.46299999999997
CCOc1cc(Oc2ncccn2)ccc1NC(=O)Cc1ccc(C(C)C)cc1,-7.081,0.5866585707457002,391.47100000000023
CC(C)C1OC(c2cccc([N+](=O)[O-])c2)C2C(=O)N(c3cccc4ccccc34)C(=O)C12,-8.187,0.3414364907291465,430.46000000000015
C[S+]([O-])c1ccc(CC(=O)c2ccc(-c3ccc(Cl)cc3)c(Cl)c2)c(C(F)(F)Cl)c1,-7.293,0.21105965282050626,487.78200000000004
Cc1c(Br)cccc1NC(=O)C(C)NCC(C)(C)C#N,-6.094,0.8663444416234958,338.2490000000002
CCCCC(CC)CCCNC(=O)c1ccc(S(=O)(=O)N(C)OC)cc1,-5.922,0.441263006612145,384.54200000000014
CC(Cc1ccccc1)C(O)CNC(=O)OC(C)(C)C,-6.054,0.8710167988221279,279.38
CCC1(C)OCC1OC1OC(C)C(C)C(OC2OC(CO)C(S)C(O)C2O)C1O,-6.482,0.34670886394726347,438.53900000000004
Cc1ccc(C(C)NCc2c(C)nn(C)c2C)s1,-6.236,0.9173287841367764,263.40999999999997
CCCCCN(C)Cc1ccc(C(=O)O)s1,-5.805,0.7457901717261737,241.35600000000002
ClCCc1csc(Cc2ccccc2Cl)n1,-6.426,0.7611362012661821,272.2
C=CCOC1(C)CCN(c2cc(-c3nonc3N)nc3ccccc23)CC1,-7.245,0.6927361744746151,365.4370000000001
CC1(c2ccc(O)cc2)CC(c2ccc(O)cc2)=C(CCc2ccc(O)cc2)C(=O)O1,-7.233,0.5067053330779182,416.4730000000002
c1([nH]ccc1C(CCC)c1c(O)c(OC)cc(c1)Cl)=O,,,
CCCn1ccnc1-c1nn(CC(C)C)c(C(=O)O)c1C,-5.392,0.8875012840757811,290.36699999999996
CC(C)C1CC2(CCO1)CC(=O)NC(=O)N2,-6.379,0.6942945290788611,226.276
C=C1C2=C3C=C(CC4=C1C(=O)C1(O)CC5C=C(C)CN5C1C4)CC(C)(C=C(C)C2)C3(C)O,-5.968,0.567543991519611,431.57600000000025
CCc1ccccc1NC(=O)COc1ccc2oc(=O)ccc2c1,-7.768,0.7309745587327674,323.348
CC(C)(C)OC(=O)N1CCCCC1CNC(=O)c1ccc2[nH]ccc2c1,-7.561,0.8796953066689714,357.454
CC=C(C)N1C(=O)C2C(=O)CCC(C)(C)C2C1=O,-7.107,0.5265714199933291,249.30999999999995
NC(=O)C1CC(=O)N(c2ccc(NC(=O)c3ccc4c(c3)OCO4)c(Cl)c2)C1,-7.872,0.8150603996178745,401.80600000000027
O=C(Cc1ccc(Cl)cc1Br)c1ccc(Cl)c(Cl)c1,-7.26,0.6138337005949708,378.48
Cn1ncc(Br)c1Cn1c(CCCCl)nc2ccccc21,-6.173,0.643834930935693,367.67800000000005
COC1=COC=C2C(=C1)CC=C2C(F)c1ccc(Oc2ccccc2)cc1,-6.44,0.6385420308355407,362.40000000000003
Cc1nc2ccc(NC(=O)NC3CCCC3)cc2s1,-6.137,0.8782843981021558,275.37699999999995
CC(C)C(=O)N1CCN(CC(=O)c2ccc(Br)cc2)CC1,-6.46,0.7810416207415601,353.2600000000001
CNC=CC(=Nc1ccc(Cl)c(OC)c1)c1cc(N2CCC(OC)CC2)ncn1,-6.556,0.6963264968088727,415.92500000000024
CCCCCC(=O)C(=O)N(c1ccccc1)c1ccc(Oc2ccccc2Br)cc1,-6.314,0.25069001493276777,466.3750000000001
CCOC(=O)c1c2c(c(-c3ccc(C)cc3C)c3c(C)c(C)sc13)CC(C)(C)OC2,-6.875,0.4339877330709701,422.59000000000026
Cc1cnc(NC(=O)C(C)n2cncn2)nn1,-6.192,0.7989093582857161,233.235
COc1ccc(CN(CCI)C(=O)OC(C)(C)C)cc1,-5.439,0.5652691196815924,391.2490000000002
CC(C)CNCc1ccc2nc(-c3cccnc3)cn2c1,-6.767,0.7804204209060039,280.375
CCCc1ccc(NC(=O)C(CN)CC(C)(C)C)cc1,-6.4,0.8339492416546216,276.4239999999999
O=C(NC1CCC(Oc2ncccc2C(F)(F)F)CC1)c1cnn2ccccc12,-7.382,0.7169429908824911,404.39200000000017
OC(CC1CCCO1)c1ccc2nnsc2c1,-6.882,0.9077410737613375,250.32300000000004
CCOC(=O)C1CCC(C=O)(NCN2C(=O)c3ccccc3C2=O)CC1,-6.675,0.4708256915418488,358.3940000000002
O=C(NCCCOCC1CC1)c1ccc(C(=O)c2ccc(Cl)cc2)cc1,-7.428,0.5325894725685272,371.86400000000003
CC(=O)Nc1cc(CN2CCCC2CO)ccc1N,-7.639,0.7128549785090846,263.34099999999995
O=C(O)c1ccccc1COC1CCC(c2cccs2)CC1,-6.202,0.8702032112127055,316.422
COc1cccc(C=CC(=O)N(C)CCc2ccc(O)cc2)c1OC,-7.163,0.786273190096827,341.40700000000004
CN(CC1CCOC1)C(=O)c1cc(C=Cc2ccco2)nn1C,-6.23,0.849186498700267,315.37300000000005
O=C(CN(Cc1ccc(Cl)cc1)S(=O)(=O)c1ccc2ccccc2c1)NCCOc1ccc2c(c1)CCC2,-7.089,0.27039704558395233,549.0920000000001
COC(=O)Cc1ccc(CNCC(C)(O)C2CC2)s1,-5.191,0.7480754744901514,283.393
CC(C)(C)NC1CCCC(CN)C1,-5.413,0.6875688334720325,184.32699999999997
c1ccc(CN2CCC(NCc3cn(-c4ccccc4)nc3-c3cccs3)CC2)cc1,-7.579,0.43041968099121675,428.6050000000002
COc1cccc(C=C2C(=O)N3C(C(=O)O)=C(SCC(=O)O)CSC23)c1O,-6.425,0.47644398493417667,409.44100000000014
n1c2ccc(Cl)cc2c(N)nn1CC(=O)NC(C)C,,,
Cc1cc(C(=O)Cc2c(Br)c(C)nn2C)on1,-6.116,0.8151266843819425,298.14000000000004
COc1ccc(COC(CON2CCCC2=O)C(C)OC(C)=O)cc1,-6.389,0.6343693468848064,351.39900000000006
COc1ccc(-c2nc3sc(-c4ccncc4)nn3c2NC(=O)Cc2c[nH]c3ccc(Cl)cc23)cc1,-8.095,0.29063818736641167,514.9980000000003
CCCCCCCCC(O)CCCCCCCC(=O)O,-5.042,0.42033042753273525,286.4559999999999
CC(CNC(=O)c1ccc(C(F)(F)F)cc1)Cc1ccco1,-7.026,0.9095068116899598,311.303
CN(CCCN=C(N)N(N)C#N)c1nc2ccccc2s1,-5.928,0.16279368251762935,303.39500000000004
COc1ccc(NC(=O)C(C)Oc2cccc(Cl)c2)cn1,-6.351,0.9215622762958946,306.749
CC(C)(O)C(N)Cc1ccc(N=C=S)cc1,-5.729,0.6211966387335361,236.34000000000003
Cc1cccc(C(Cl)c2cccc(C3CCC3)c2)c1F,-7.605,0.6327549780255229,288.793
CC(C)(C)OCC(Cn1nnc(-c2ccccc2)n1)OCC(=O)NCC(N)=O,-6.694,0.5891595214484293,390.44400000000024
CCCCCCCCC=CC=CCCCCC[C+](C)C(=O)P=O,-4.477,0.12894970310910334,337.464
Cc1nc(C(=O)NCCC2=CCCCC2)cc(N2CCC(C)CC2)n1,-7.019,0.8300973398083414,342.48700000000014
CCc1c(OC)ncnc1OC1CNC1,-5.281,0.7774432866406567,209.24899999999997
CCc1ccc(NC(=O)CSc2nnc(N3CCCC3)n2-c2ccccc2)cc1,-7.417,0.5960079542966897,407.5430000000002
O=C(NOCC1CCCO1)c1cccc(S(=O)(=O)N2CCCCCC2)c1,-5.241,0.7617677004809356,382.48200000000026
Cc1cc(I)c(I)c(C=O)c1,-4.722,0.5475367714642675,371.94300000000004
c1cccc2C(N(C)N3CC(=O)NC(C3=1)=O)=CC(=Cc2cc1[nH]c(=O)c(n1)C)O,,,
CC(=O)OCc1cc(S(=O)(=O)O)c(C)c(-c2cc(C(=O)O)cc(-n3cccnc3=O)c2O)c1-c1[nH]c(C(C)=Nc2ccccc2I)cc1-c1cccc(C(=O)O)c1C(=O)O,,,
COc1cccc2c(C)cc(-n3nc(C)cc3C(=O)N3CCN(c4cc(Cl)cc(Cl)c4)CC3)nc12,-8.467,0.37229292414903603,510.4250000000003
CCC1(CCC2CO2)CCCOC1C,-4.723,0.647840353906443,198.30599999999995
COc1cccc(NC(C)C(=O)Nc2cccc(C(F)(F)F)c2)c1,-7.534,0.8608727244988483,338.329
CCN(CC)CCCNC(=NC)NC1CCN(C(=O)C(C)C)CC1,-6.277,0.39995249602950245,339.52800000000013
CCCCN(C)CC1(CNC)CCC1,-4.859,0.6738127172983833,198.35399999999996
COc1cc(CC(NC(=O)OC(C)(C)C)C(=O)O)ccc1OC(C)C,-5.669,0.782473068180257,353.4150000000001
CCC(C)C(NC(=O)OC(C)(C)C)C(=O)N(C(C)C)C(C(=O)Nc1c(C)cccc1C)c1ccc(C)cc1,-6.902,0.3943839221611299,523.7180000000003
CCC(OC)(c1nc(C)ns1)C(C)C,-4.713,0.7727103542799105,214.334
CN(C)c1ccc(C2(C(=O)N3CCC4(C3)C(=O)Nc3ccccc34)CC2)cc1,-8.057,0.8975218474590441,375.4720000000001
CC1CCN(C(=O)C2CCN(Cc3ccco3)CC2)CC1,-6.758,0.8586527810218442,290.4070000000001
CCC1CCC(N2CCCC(C)(CC(=O)O)C2)CC1,-6.022,0.8467762427051961,267.41299999999995
COC(=O)c1ccc(Cl)c(NC(=O)CSc2nnc(Cc3ccc(OC)c(OC)c3)o2)c1,-7.335,0.36229345904317817,477.9260000000003
COCCn1c(=NC(=O)c2ccc(COc3ccc(Cl)cc3)o2)sc2cc(F)ccc21,-7.438,0.38662795377783565,460.9140000000001
CSc1ccc(OC2CCN(Cc3csc(C)n3)CC2)c(C#N)c1,-6.405,0.7527268283039484,359.5200000000001
CCC(CCI)OS(=O)(=O)N(C(=O)OC(C)(C)C)c1ccccc1,-5.391,0.4401881655176945,469.34100000000024
CC=Cc1cc(C=CC(NCCC)C(C=CN(C)C)=NC)c(=O)n(C)c1O,-6.544,0.6540270629923534,372.5130000000001
C=CC(=O)Nc1ccc(C(=O)Nc2ccc(NC(=O)c3ccc(-c4c(N(C)C)cccc4[N+](=O)[O-])cc3)cc2)c(N)c1,-7.128,0.08985651079545236,564.6020000000002
CC#CCOc1ccc(C(=O)CC(=O)N2CC2)cc1,-6.017,0.34745040697049495,257.28899999999993
CCCOC1CCC(NC2CCCCO2)CC1,-5.944,0.802598282181422,241.37499999999991
Cc1ccc(Oc2nc(Cl)nc(Cl)n2)cc1C,-7.077,0.8362098164463855,270.119
CCCCNC(=O)COCC,-4.63,0.5856257598277005,159.22899999999996
CC(C)(C)c1ccc(N2C(=O)C(c3ccc(Cl)cc3)=C(N3CCCCC3)C2=O)cc1,-7.386,0.6208708126890895,422.9560000000003
CCC1(C(=O)c2c3c(C)cn(C)c(=O)c3c(C)n2O)CCN(S(=O)(=O)c2ccccc2F)CCN1C,-5.997,0.41145294561135987,518.6110000000002
C=COC(C)CCCCCC(=O)OC(CC)C1CCCCC1,-6.059,0.2915323477725906,310.4780000000001
CCC(C)(C)NC(=O)C(C)NC1CCN(CC(=O)NC(C)C)CC1,-6.231,0.6218660424993377,340.51200000000006
CC(Oc1ccc2c(=O)n(C)c(C(=O)NCC3CCN(Cc4cccnc4)CC3)nc2c1)C(F)(F)F,-8.074,0.5324095601533473,503.5250000000002
CCCCCN1C(=O)C(Nc2cccc(Cl)c2)=C(c2ccc(C)cc2)C1=O,-6.888,0.5392836166671563,382.8910000000002
OCC(O)C1CCC2COCC1O2,-5.315,0.6150189884148065,188.22299999999998
CC(C)(O)CNCCSC1CCCC1,-4.54,0.6677186293437394,217.37799999999996
CCC(C)(Nc1nccc(C(F)(F)F)n1)C(N)=S,-5.833,0.8277760506822232,278.30299999999994
Cc1c(C)c2c(ccc3ccccc32)oc1=O,-6.579,0.4314242779578588,224.259
Cc1cc(F)cc(C(=O)N(C)CC2(CO)CC2)c1,-6.546,0.8885463319340303,251.30099999999993
O=C(c1cccc(F)c1Cl)N1CCN(c2ccnc(-c3ccncc3)n2)CC1,-8.091,0.6782588032886417,397.8410000000001
CC(C)(C)NC(=O)NC1(C(=O)NCc2nccc3ccccc23)CC1,-6.562,0.7994516543908954,340.42700000000013
O=C(O)CC(C=Cc1c(F)cc(Br)cc1[N+](=O)[O-])C(=O)O,-6.719,0.5934672323589169,362.1070000000001
CN(C)c1ccc2c(c1)NC(=O)CC2c1ccccc1,-6.74,0.9047860986894166,266.34399999999994
COc1ccc(NC(=O)CCNCCCOC(C)C)cc1,-5.474,0.6507106133878104,294.395
CCCC=CCCCCCCCCCCOCC(COP(=O)(O)OCCN)OC(=O)CCCCCCCCCCCCCCCCCCCC,,,
CCC(CC)CC(C)CC(C)(C)C(C)CCCC(C)C,-5.134,0.37197910671713746,282.556
CCC1NC(c2ccccc2Cl)N(CC2CC2)C1=O,-6.273,0.918347385472573,278.78299999999996
Cc1cc(-c2nnc(SCC(=O)NCc3ccccc3)n2C2CCCCC2)c2ccccc2n1,-7.572,0.3493189266499166,471.6300000000003
NCc1c(Cl)cccc1Sc1cccc(F)c1,-6.271,0.906475046750843,267.756
C(\C=[n+]1c(CC)cc2cccc(I)c2c1)(=C(\SC)C1=C/C(=C(\C)C(C)=O)N2CCOCC2)C(=CCC1=O)C,,,
CCOC(=O)Nc1nc(C)c(C(=O)NC(CC)CO)s1,-5.736,0.7393523714592963,301.368
CC(OC(=O)c1ncoc1-c1ccccc1)c1nnc(-c2ccccc2)o1,-7.653,0.4891096879185485,361.3570000000001
CC(NC(=O)c1ccc(Cl)c(S(=O)(=O)N2CCCC2)c1)c1ccc(C(C)(C)C)cc1,-7.21,0.7059184802707422,449.0160000000003
CCCCCC(CCCC)OCCCC(C)(C)OC(C)(C)C(=O)OCC,-4.472,0.24393163839183138,372.59000000000015
OCC1C=CC2CCCCN2O1,-5.087,0.5865149487150905,169.224
CCCNC(c1ccc(CC)cc1)c1ccco1,-6.029,0.8312108369341552,243.34999999999997
CCCCCCCCCCCCCCOC(=O)c1ccc(OCCCCCCCCCCCCCC)c(Br)c1Br,-4.004,0.06493703277742545,688.6700000000005
C=CCCSC(=S)N1CCCC1,-4.715,0.39252432891977956,201.35999999999993
CC1CCc2sc(NC(=O)c3ccc(O)c([N+](=O)[O-])c3)c(C(N)=O)c2C1,-7.849,0.557525821104795,375.40600000000023
CCCN(CCC)S(=O)(=O)N1CCN(c2ccc(Nc3ccncc3)nn2)CC1,-6.624,0.665021475785398,419.5550000000001
Cc1ccc(NC(=O)C2CCCCN2S(=O)(=O)c2ccc3oc(=O)n(C)c3c2)cc1,-7.851,0.6869754047010499,429.49800000000016
Cc1ccccc1C(=O)CN1C(=O)c2ccccc2CC1C,-7.035,0.8145446285428274,293.36600000000004
Cc1nc(Cl)cc(N2CC(C)OC(C)C2)n1,-6.729,0.7057786379995623,241.72199999999998
COC(=O)c1ccc(-n2ncc3cccc(Br)c32)c(Cl)n1,-6.347,0.5132789906544204,366.60200000000003
CC1CCCCC1NC(=O)C1CSCCS1,-5.242,0.82606691159335,259.43999999999994
C1(C(Nc2cc(S(=NC(c3cc(ccc3Oc3c(cccc3)N)Nc3c(F)cc(c(c3)C)F)=O)(=O)=O)cc3sccc32)=O)CCOC1,,,
O=C(c1cc2ccccc2o1)N(Cc1cccs1)C1CC1,-6.975,0.7191330656942176,297.3790000000001
COc1ccccc1C=CC1=[N+](C)C(=Cc2ccc(CN(C)C)cc2)N1C,-6.271,0.7294383710499981,362.4970000000001
C1C[C@H](C[C@@H](OC(C)=O)[C@]1([C@H]1CC[C@@]2(C)[C@@H]3C=C(C4[C@@]5(C)C=CC(=O)C=C5CC[C@H]4[C@H]3CC=12)C)O)O,,,
CCOC(=O)C1CCN(C(=NC)NCc2ncc[nH]2)CC1,-6.184,0.48639309950145565,293.37100000000004
Cc1cc(C(=O)O)nc(N2CCCC(O)C2)n1,-6.599,0.7760001174491534,237.25899999999996
Cc1ccc(SCC(C(F)(F)F)C(F)(F)F)cc1,-6.139,0.5669088971048156,288.256
COc1ccc(NC=CC(C)=O)cc1,-6.115,0.7413572253167031,191.23
NCCCCC(NC(=O)O)C(=O)NC1CCCNC1=O,-6.588,0.38851580692302756,286.332
N#Cc1cccc(Cn2cnc(Cl)n2)c1,-6.756,0.7731653855898543,218.64700000000002
O=C(NN=C(c1ccccc1)c1cccc([N+](=O)[O-])c1)c1ccccc1,-7.851,0.4337560926167518,345.358
COc1cccc(-c2ncc(Cl)c(OC)n2)c1,-6.864,0.8403000092925293,250.685
Cc1ccc(C(=O)Nc2cccc(C(=O)N3CCN(CCN(Cc4ccccc4Cl)C(=O)C=Cc4ccc([N+](=O)[O-])cc4)CC3)c2)cc1,-8.506,0.11408413547291,666.1780000000001
COc1cc(Br)c(S(=O)(=O)NCCc2ccccc2)cc1OC,-6.703,0.7763854615546852,400.29400000000015
c1c2c(c(c(C(OC)=O)c1I)N[C@@H](C)CC)=C(c1c(S(=O)(=O)C2C(C)C)n(C)nc1)Br,,,
O=S(=O)(C1CC1)N1CCN(Cc2nc(CCl)cs2)CC1,-5.795,0.7650386224101068,335.88200000000006
c1c(C(=O)N=c2sc3cc4c(ccc(OC)c4)n3c2C)cc(Br)cc1,,,
C=CCC(OC)(C(=O)OC)c1ccccc1,-5.227,0.563806282193594,220.268
CCN(CC)Cc1cc(C=NNC(N)=O)ccc1OC,-5.96,0.5862116136389212,278.35600000000005
CP1(=O)COP(=O)(CCO)O1,-4.31,0.6748976868311987,200.06699999999998
Cc1cc(-c2cc(CN3CCCC3c3ccccn3)on2)ccc1F,-7.907,0.7017686456499441,337.398
O=C(Nc1cccc(Cl)c1O)c1ccccc1CO,-6.791,0.7557419531073131,277.707
O=[N+]([O-])c1cnc(NCCCc2nccs2)c(F)c1,-5.972,0.5001546786293004,282.3
Cc1ccc(NC(=O)COC(=O)c2ccc(S(=O)(=O)N3CCCCC3)o2)c(Br)c1,-7.594,0.6297838490856857,485.35600000000034
CC(C)OC(=O)CCC(=O)NCCCN(C)C,-4.723,0.506326756954997,244.33499999999998
Cc1cnn(CC2(CN3CCNC(Cc4ccccc4)C3)CC2)c1,-7.127,0.8861133978354933,324.47200000000015
CCCCn1c2cc3noc(C)c3cc2c(=O)c2oc(C(C)C)nc21,-7.037,0.5464645096277129,339.3950000000001
CC(=O)NCCC=CCN1CCCCC2CCCCC21,-4.041,0.6188555306178827,278.43999999999994
Cc1cc2c(cc1C(=N)N1CCC(Cc3ccc(C(N)=O)nn3)C(O)C1)CCO2,-7.981,0.5252003762984143,395.46300000000014
CCCCCCCCCCC(=O)OCCC(CO)CO,-5.13,0.3806794899369654,288.428
COC1OC2(C)CCC3C1(C)CCCC3(O)C2C(C)CO,-5.473,0.8393388275187096,298.423
CCCC1CCCC(CCC)O1,-5.284,0.6269187488738555,170.296
COC(C1CCCCC1)C(O)c1ccc(C2CCCCC2)cc1,-6.423,0.7917609516774052,316.4850000000001
CC(C)Nc1ncnc(N2CCn3nc(-c4cccc(Cl)c4)nc3C2C)c1[N+](=O)[O-],-6.754,0.48277683207913324,428.8840000000002
CC(=O)N1N=C(c2cccc3ccccc23)CC1c1cccc(N[S+]([O-])c2ccc(C)cc2)c1,-7.03,0.3672014346524732,467.5940000000001
CCOC(=O)c1c(OCc2ccc(F)cc2)noc1C,-6.305,0.7874373427623528,279.26700000000005
Oc1cc(Oc2cc(O)c(Cl)c(Cc3c(O)ccc(Br)c3O)c2)cc(O)c1O,-6.794,0.3048420776941411,469.67100000000005
CCN1CCCCC1C(=O)N(Cc1ccccc1)c1ccc(-c2cnc(C3COCCN3C(=O)C(NC(=O)OC)c3ccccc3)[nH]2)cc1,-8.957,0.230453646721062,664.8070000000004
Cc1ccc(-n2c(CN(C)S(=O)(=O)c3ccccc3)nnc2SCC(=O)Nc2ccc(F)c(Br)c2)cc1,-6.866,0.269522793996976,604.5270000000003
CCOC(=O)COc1ccc2ccccc2c1C=NNC(=O)COc1ccc(C)cc1,-6.831,0.3246291738447777,420.4650000000002
Cc1noc(C)c1CSCC(=O)Nc1cc([N+](=O)[O-])cc(S(=O)(=O)N(C)C)c1,-6.597,0.49966730174134444,428.4920000000002
CCC(CC)n1c(Cc2ccccc2)nnc1Sc1nc(C)nc(C)c1C#N,-7.356,0.544085260117618,392.5320000000002
COC(=O)C[S+]([O-])Cc1csc(C)n1,-5.191,0.5716879089796298,233.314
NC(Cc1noc2ccccc12)c1cccc(Cl)c1Cl,-6.805,0.7810797632843867,307.18000000000006
CCOC(=O)C=Cn1c(SC2CCCC2)nc2c1c(=O)n(C)c(=O)n2C,-6.432,0.5787477151345303,378.4540000000001
Cc1ccc(S(=O)(=O)Oc2cc(Br)c(C)cc2C(C)(C)C)s1,-7.18,0.6625642592186429,403.36300000000017
CCCn1cc([N+](=O)[O-])cc1C(=O)NC(C)c1ccccn1,-6.17,0.655838032560871,302.334
C=C(C)C(C)Cc1ccc(Cl)c(-n2ccc(OCc3ncccc3C(F)(F)F)c(CC)c2=O)c1,-6.618,0.32602207428218943,490.9530000000002
Cc1c(-c2ccncc2)n[nH]c(=O)c1C=Cc1ccc(NS(=O)(=O)N2CCOCC2)cc1,-7.436,0.591470039231374,453.5240000000002
CC(=O)NCCOCCOCc1cc2c(cn1)C(CCCNS(=O)(=O)c1ccc(C)cc1)=CCC2,-7.782,0.38534722746337957,501.64900000000034
CCCCc1nc(C(N)C(C)C)cc(N(C)C)n1,-6.258,0.8426882386000747,250.39000000000001
Cc1cc(-c2nnc(SC(C)c3ccco3)n2C)cs1,-6.864,0.6741315256719567,305.42800000000005
CC(NC(=O)Nc1cc(=O)oc2cc(N3CC4CCCNC4C3)ccc12)c1cccc(Oc2cnc(Cl)cc2C#N)c1,-9.56,0.19767613318680718,585.0640000000002
c1(C2C(C(=O)NCc3nnc4c(-c5ccc(cc5)OC)nnn3c4C)C2)ccccc1Cl,,,
CCC(C)CC1=C2C3(C)CCC(C)C(C)(C)C3CCC2(C)C2(C)CCC3(C(=O)O)CCC(C)C3C2=C1,-7.054,0.4223364237253425,494.80400000000037
CCCCCCN(C)C(C)CO,-4.739,0.5941704168476105,173.29999999999998
CC(COC1OCC(O)(CO)C1O)C(N)=O,-5.359,0.4198812512607037,235.236
CCCC(NC(=O)CN1CCCC1CC(C)O)c1ccccc1,-6.122,0.7747602339976045,318.46099999999996
Fc1ccc(-c2n[nH]c(=S)n2CCCc2cccc(Cl)c2)cc1,-7.39,0.6563493778873468,347.846
CNC(C)(C)C(=O)N1CCCCC1c1cccc(Cl)c1,-5.948,0.9266061704336008,294.82599999999996
Cc1ccc(C)c(N(C)C(=O)c2cnn(-c3ccccc3)c2C)c1,-6.992,0.729529036075712,319.4080000000001
CN(O)c1cc(O)nc(=S)[nH]1,-5.224,0.4297641146310086,173.197
COc1ccc(F)cc1C(C)C#N,-5.387,0.6981856270372834,179.194
Cc1ccc(Nc2nnc(SCC(=O)N3C(c4cccs4)=NC(=O)C3CC(C)C)s2)cc1,-6.989,0.4532048981680546,485.6600000000002
CC(CNS(=O)(=O)c1ccc(CC(=O)O)s1)c1cccs1,-6.372,0.8075399243543623,345.46700000000004
COc1ccccc1NC(=O)Cn1ncc2c([nH]c(=O)n2C)c1=O,-7.1,0.7035426279425309,329.3160000000001
CC(C)n1nc(-c2cccs2)c2c1CCN(C(=O)Cn1cnc3c1c(=O)n(C)c(=O)n3C)C2,-7.292,0.453163858429115,467.5550000000003
c1cc(ccc1)-c1cc(-c2cc3oc4-c(c5cc(C#N)ccc5c(c4c3cc2)-c2ccccc2)(=O)=O)cc(-c2ccccc2)c1,,,
Cc1ccc(-c2noc(CN(C)C3C=CC(CO)C3)n2)cn1,-7.028,0.848807036607099,300.3620000000001
CCC(C)C(N)C(=O)NC(CCC(=O)O)C(=O)NC(CCC(N)=O)C(=O)NC(CCC(N)=O)C(=O)O,-5.568,0.09320944481261688,516.5520000000004
CC(=O)Nc1cc(C)nc(SCc2ccccc2C)n1,-6.892,0.6918906079907804,287.38800000000003
CCCC1CCC(O)(C2(C(F)(F)F)CCSC2)C1,-6.201,0.8439054178257233,282.37100000000004
CCC(CO)NC(=O)c1cc(F)ccc1F,-5.989,0.8208781268648652,229.22599999999997
CCCNCCOc1cn(CC2CC2)nn1,-5.531,0.6709879290131587,224.30799999999996
CCN1CCN(C2CCCCCC2NC(=O)Nc2ccc3c(c2)CN(C)CC3)CC1,-5.298,0.7449174674390954,413.6100000000003
C=CC1C(CC(C)C2CCC3C4COOC5(CCC)CCC(C(OC)CC23C)C45)CCN1C1=CCC2CCC(C)=CC2=N1,-5.977,0.20992152704768338,590.8930000000003
Cc1ncn2c(OCCn3cc(COc4cccc(F)c4)nn3)nnc2c1C(C)C,-7.225,0.4400794594901806,411.4410000000001
COc1ccc(N2CC(C(=O)Nc3cccc(C)c3C)CCC2=O)cc1OC,-8.281,0.856143122115192,382.4600000000002
O=C(NN1CCCC1)C1(c2c[nH]c3ccccc23)CC1,-7.011,0.8981122156477906,269.34800000000007
C=C(NC)C(=C)C(C)=CC(C)=CC,-5.24,0.6502220140577561,177.29099999999997
CC(=CCCC(C=O)=CCn1cc(Cc2ccccn2)c(-c2ccccc2)c(O)c1=O)c1ccc(C(=O)NC(C)C(=O)O)cc1,-6.354,0.13667247085261505,605.6910000000003
CC(C)CCC(C)NC(=O)CC1(CN)CCCC1,-6.013,0.7337545584769023,254.4179999999999
CCOC(=O)CNC(=O)CN1CCC(CCC(=O)O)C1,-6.073,0.6025742220908462,286.328
Cc1cc(C[n+]2ccc(C(=O)NCCCCCC(=O)NC3CNC3)cc2)ccc1C(=O)Nc1ccc(C(=O)NCCCCCCCCCC[n+]2cc3ccccc3c3ccccc32)cc1,,,
O=C(O)CN(C(=O)c1ccco1)c1ccc(F)c(F)c1,-6.796,0.9329585805739825,281.214
CCC(C)Oc1ccc(C=NNC(O)COc2cc(C)ccc2C(C)C)cc1Br,-5.625,0.28225630007772434,463.41600000000017
CC(O)C(=O)N1CCCC(O)C1,-5.007,0.5536883617219567,173.212
CCCn1nccc1C(=O)Nc1ccc(Cl)cc1C(=O)O,-6.539,0.889224002110865,307.7370000000001
[N-]=[N+]=NCCOCCOCCOCCNC(=O)C(F)(F)CCOCCNC(=O)CCCCC1SCC2NC(=O)NC21,-6.487,0.04152608612167792,609.6970000000003
CCCNC(=O)CC(c1ccc(Cl)cc1)N1CCN(C(=O)Cc2cccc(OC)c2)CC1=O,-7.515,0.6086886177803901,471.98500000000035
Cc1cc(C(CN)N(C(C)C)C2CC2)cc(O)c1O,-6.491,0.7135964147664116,264.36899999999997
O=C(c1ccc(-c2ccccc2)o1)N1CCN(c2cnccn2)CC1,-7.722,0.7368300764470814,334.3790000000001
CCOC(=O)c1c(O)c(=O)n(Cc2ccccc2)c2ccc(Br)cc12,-6.616,0.6762866334269709,402.2440000000001
Cc1cc(OCC(=O)N(C)C(C)c2cccc(Cl)c2)c2ccccc2n1,-5.787,0.6495221725463548,368.8640000000001
CCc1c(C)sc2nc(OCCc3ccc(F)cc3)[nH]c(=O)c12,-7.021,0.7762947102692149,332.4
CC(C)(O)C#Cc1onc2cc(N3CC(NC(=O)N4CCC(N)CC4)CCC3=O)ccc12,-8.753,0.6103776864543464,439.51600000000036
CCCn1ccnc1Cc1ccc(F)cc1C(F)(F)F,-5.903,0.775521515168933,286.27199999999993
CCN(CC)Cc1ccc(N)c(C)c1,-5.448,0.742283902391658,192.30599999999998
Clc1ccc(Cl)c(OCc2ccccc2Cl)c1,-6.438,0.7512172407717145,287.573
O=C(NCC1CCN(c2ccccc2O)C(=O)C1)c1ccc2c(=O)[nH]cnc2c1,-8.002,0.6262357625224497,392.41500000000013
Cc1ccc(N=Cc2ccc(Cl)s2)cc1,-6.043,0.6818411863108655,235.73900000000003
CCN1CCCNC(C)(c2nc(C)co2)C1,-4.384,0.8249590340470423,223.32
O=C(O)c1ccc(Oc2ccc(-c3nc(Br)[nH]c3Cl)cc2)c(Br)c1,-7.343,0.5074112021802734,472.52000000000004
CCc1ccc(C(=O)NC(CN(CC)CC)c2ccccc2)cc1,-6.456,0.7939232972070427,324.46799999999996
C=CCc1c(OS(=O)(=O)O)c2ccccc2c2ccccc12,-6.266,0.4504553797963455,314.362
O=c1oc2ccccc2cc1Cl,-5.546,0.583288587855465,180.58999999999997
CC(=O)c1c(OC(=O)CCCO[N+](=O)[O-])cccc1N([O-])C(=O)C=CC=CC(=O)C12C3CCC4=CC(=O)CCC4(C)C3CC1(C)C2C,-8.62,0.04022929177299281,647.701
CCc1cnc(CN=C(NCC(O)c2ccco2)NC2CC2)s1,-6.783,0.5341737895547325,334.44500000000005
COc1ccccc1CN1CCC(CNC(=O)C(C)C)CC1,-6.714,0.878337354745064,304.4340000000001
CC1CC1NC(=O)c1ccc(C(=O)c2ccc3ccccc3c2)cc1,-8.591,0.7289244916658232,329.399
CN(C)c1ccc(CN2CCC(CO)C(O)C2)cc1,-5.944,0.8490747436714841,264.36899999999997
COC(=O)c1c(-c2ccc(C(F)(F)F)cc2)c(CN(CC(C)C)S(=O)(=O)c2ccc(C)cc2)cn1Cc1ccc(O)c(Cl)c1,-6.383,0.17974538324030065,649.1310000000001
CC1CC(C(=O)C2CCCCC2)N(C(=O)OC(C)(C)C)c2nc3c(Cl)cccc3n21,-7.687,0.5920311851211268,431.96400000000006
CCOC(=O)C1=C(SC)N(C(C)CC)C(=O)NC1c1ccncc1,-5.834,0.799245777995278,349.456
c1(c(cc(C#N)[nH]c1)OCCS(=O)(=O)Cl)=O,,,
CC1CC(C23C=CC2(C)O3)OC12C(=NOC(=O)Cc1c[nH]c3ncccc13)CC1=C3C=CC4(C)CC(O)(OC(=O)O)CCC4C3CCC12C,-8.556,0.08498696976701922,669.775
Cc1ccc(CN2CCC3(CC2)C(O)CC3OCc2cccnc2)o1,-7.101,0.9052779922882017,342.439
CN(CCc1ccccc1)CC1(C)CCCN1,-6.282,0.8378053915173439,232.37099999999992
CCc1nc(C)cc(NC2(C(=O)O)CCCC(C)C2)n1,-6.714,0.8847769613388073,277.368
CCOC(=O)NN=Cc1ccc(N(CC)CC)cc1,-5.357,0.6337690165930395,263.34099999999995
CCC1(CNc2ccc(S(C)(=O)=O)cc2)CCC1,-5.354,0.8914441035812934,267.39399999999995
CNCC(O)COc1ccc([N+](=O)[O-])cc1,-5.379,0.5463798170270461,226.232
Cc1cc(C(O)=C2C(=O)C(=O)N(c3ccc(Cl)cn3)C2c2cccc(C)c2C)ccc1OCCC(C)(C)C,-6.726,0.20788916660418638,533.0680000000003
CNc1ccc(C(=O)N(CCCO)Cc2ccccc2)cc1[N+](=O)[O-],-6.951,0.5673582965992005,343.38300000000004
O=C(Nc1ccccc1[N+](=O)[O-])c1ccc2nnnn2c1,-7.9,0.5718810633333534,284.23499999999996
COc1c(C)noc1C(=O)N1CCC(F)(Cc2ccc(F)cn2)CC1,-6.823,0.8471570278216262,351.35300000000007
CCCCS(=O)(=O)CCC(=O)NCCC(C)O,-5.439,0.634883074649389,265.37499999999994
Cc1ccc(C(=O)N2CCN(C(=O)CCN3c4ccccc4Sc4ccccc43)CC2)cc1,-7.842,0.5547561839469995,457.59900000000016
CCCC(CNC(=O)Cc1ccc(N)cc1)N1CCCC1,-6.608,0.7565521479435804,289.4230000000001
CSc1nc(-c2ccc(O)cc2)sc1C(=O)NCC(=O)NCCN,-6.088,0.5440971534092798,366.46800000000013
NC(=O)C1(N)CC2CCC1O2,-4.692,0.5171797630662243,156.185
CCCc1ccc(OCCn2c(C(C)NC(=O)c3cccs3)nc3ccccc32)cc1,-6.844,0.37265440399579497,433.57700000000006
C=C1CCN=C(C2CCCN2C(=O)C(NC(=O)N2CCCC2(C(N)=O)C(N)=O)C(C)(C)C)N1,-6.291,0.41643938970960737,461.56700000000035
CC(c1ccc(Br)cc1)n1cnc2cc(F)c(C(=O)O)cc21,-7.909,0.7572164823238312,363.1860000000001
CC(=O)C(C)O[P]1(OCc2ccccc2)OC2C(O)C(n3ccc(=O)[nH]c3=O)C2C1F,-7.116,0.6130422218429427,453.3830000000001
CC(C)c1ccc([N+](=O)[O-])c(C(Br)=Nc2nc3ccccc3s2)c1,-7.444,0.3134928437399386,404.28900000000004
O=C(NC1C2CC(Cn3c(C(F)(F)F)nc4ccccc43)CC1C2)C1(c2ccc(O)cc2)CCCNC1,-8.77,0.4665648473499146,512.5760000000004
CC(N)=NCCCCBr,-4.42,0.31245954115741953,193.088
O=C(CSc1nc2ccccc2c(=O)n1CC1CCCO1)NCc1ccc(N2CCCCC2)cc1,-6.496,0.3787877013238073,492.64500000000044
COCc1cc(OC(F)F)c(C)c(Cl)n1,-5.777,0.7549232942751466,237.63299999999995
CC=C1OC(n2ccc(NC(=O)c3ccc(F)cc3)nc2=O)C=C(C)C1(C)O,-8.17,0.7927745479786781,385.39500000000015
CCCCOc1nc(N)c2c(Nc3cc(-c4ccc(C(F)(F)F)cc4)[nH]n3)cccc2n1,-7.823,0.3247837099223911,442.44500000000005
COc1ccc(-c2nc(CC(=O)OCC(=O)Nc3ccc(Cl)cc3F)cs2)cc1OC,-8.053,0.49879147097047527,464.90200000000004
COc1cc(C)c(NC(=O)CNC(=O)c2cccc([N+](=O)[O-])c2)cc1OC,-7.236,0.5674985378186894,373.3650000000001
c1c(N(c2cc3-c4c5B(c3cc2)c2c3sc6ccccc6c3n(-c3ccccc3)c2ccc4)c2ccccc2)cccc1C#N,,,
CC(C)N1c2nc(Cl)nc(n2)NC2OC1c1cc([B]OB(O)O)cc(N3CC4CCC(C3)C(Cn3cnnn3)O4)c12,,,
C=C(Cl)CNCC(O)c1ccc2c(c1)OCCCO2,-4.489,0.8699966210341311,283.75500000000005
CC1CN(C(=O)c2n[nH]c3c2CCC3)C(c2nccn2C)CCO1,-5.124,0.9083252999626846,329.4040000000001
Cc1cc(COc2ccc(C3CC3)cc2F)ccc1Cl,-6.987,0.7476382165883791,290.765
COc1ccc(Cl)cc1NC(=O)CNc1ccc(NC(=O)c2cc(C)on2)cc1,-8.427,0.5402632338313331,414.84900000000016
C#CCCN1CCCC(NCCC(C)C)C1=O,-5.507,0.7110440822251337,236.35899999999995
C#CC1(C(=O)C(=O)OC2COC(=O)N2C(=O)Cc2ccccc2)CCC2C1=CCC1C2CC(=O)C2(C)C(C)=CCC12,-7.289,0.23218071332557444,555.6270000000002
Fc1nc(F)c(F)c(-c2ccoc2)c1F,-6.597,0.5417981183542608,217.121
CC(C)Nc1nc(NC(C)c2cnccn2)c2c3c(sc2n1)CCC3,-6.776,0.7221034054316032,354.4830000000002
O=S(=O)(c1ccccc1)N(CCO)C1CCCCC1,-5.688,0.8989441556947235,283.393
O=C(C1COc2ccccc2C1)N1CCCC(Cc2ccc(-n3cnc4ccc(F)cc43)cc2)C1,-9.658,0.4129650221476729,469.5600000000001
CC(C)(C)C1CCc2c(sc(NC(=O)c3sccc3Br)c2C(N)=O)C1,-6.647,0.6978669766861113,441.41600000000017
CN(C)c1ccc(NN=C(C#N)C#N)cc1[N+](=O)[O-],-6.193,0.49594171685382415,258.241
c1(Cn2cc(c(-c3cc4c(cc3)nc(CN3CCC(CN5CC6(CN(c7ccc(cc7)C7CCC(NC7=O)=O)CC6)CC5)cn3)(NC(C3CC3)=O)CC4)n2)OC)cc(S(=O)(C)=O)ccc1,,,
CC(=O)c1ccccc1NC(=O)C(C)SCC(=O)Nc1ccc(C)cc1C,-7.069,0.7015498445985865,384.5010000000001
CC(=O)OC1CCC2(C)C(=CCC3C2CCC2C(C)CC4(C(=O)CC(N(C)CC5CCCO5)C4=O)C23)C1C,-8.311,0.2925320892240805,525.7300000000005
CNCC1CCCN(C(=O)c2cc(C)nn2C)C1,-6.384,0.8630467049506371,250.346
COC(=O)C1CN2CN(C(=O)C3CCOCC3)CC2CN1C(=O)Cn1ccnc1C,-7.346,0.6055681726724291,419.48200000000014
CCCC(Cc1cccc(Br)c1)C(=O)OCC(=O)N1CCCCCC1,-5.107,0.6281356544497164,410.3520000000003
CC(C)CCSc1nc(C(=O)NCc2ccco2)cc(=O)[nH]1,-7.013,0.6038508601675643,321.40200000000004
CNC(=O)c1oc2ccc(C#CCC=O)cc2c1CC(C)C,-6.737,0.6970031394574772,297.354
CCCCCC=CCCCCCCCC1(C)CCCCC1(C)C,-5.443,0.24971302111112095,320.605
CCC(CC)NC(=O)COC(=O)c1ccc(-n2cnnn2)cc1,-7.228,0.7684097581670636,317.349
O=C1NC(=S)N(c2cccc(Cl)c2)C(=O)C1=Cc1cc(Cl)cc([N+](=O)[O-])c1O,-7.404,0.24969281058815013,438.24800000000016
CCNc1nnc(-c2cc(OC)c3c(c2)OCO3)s1,-6.619,0.9265689772646658,279.32099999999997
CC1SC(OC2CCCCC2)SC12CCC(=O)C2(C)C,-6.184,0.7429483973356492,314.516
CCOc1ccc(S(=O)(=O)N(CC(=O)Nc2ccc(S(=O)(=O)c3ccc(OC)cc3)cc2)c2cc(Cl)ccc2Cl)cc1,-8.361,0.2096628215493348,649.5740000000002
Nc1cc(NC2CCCCC2)ccc1F,-6.028,0.7325665472346401,208.27999999999997
Cc1ncc(CNCCc2nccn2C)s1,-5.677,0.8003671053277966,236.34400000000002
CC(NC(=O)CNC(=O)C1CCCN1C(=O)c1ccc2c(c1)OCO2)C(=O)O,-6.835,0.6073412524583898,391.38000000000017
Cc1cn(Cc2ccccc2Cl)c(=O)[nH]c1=O,-6.627,0.8792385496758768,250.68499999999997
OCCCCCCN(CCO)CCCO,-4.945,0.43487337705638196,219.32499999999996
Oc1ccncc1I,-3.856,0.6711951347507419,220.99699999999999
Cc1ccc(CN(C)C(=O)c2ccc(Cl)o2)cc1,-7.15,0.849019515493422,263.724
O=C(O)NC1(CNC(=O)c2ccn3cc(-c4cc(Cl)cc(Cl)c4)nc3n2)CC1,-7.844,0.5874746884959811,420.25600000000014
Cc1ncsc1C(C)Nc1ccc(Cl)nc1,-5.946,0.8484520957139563,253.758
NS(=O)(=O)c1cccc(Cl)c1,-5.06,0.7197867263698906,191.63899999999998
O=C(NCC1CCNC1)c1cncc(Br)c1,-6.316,0.8761586987904272,284.15700000000004
CC(=O)N1CCN(C(=O)c2cnn3c(NCc4ccc(Cl)cc4)cc(C)nc23)CC1,-8.421,0.6929629561458676,426.90800000000024
C1=CN2C=Cc3ccccc3C2C1=Cc1ccccc1-n1c2ccccc2c2cc3c4cnccc4n(-c4ccccn4)c3cc21,-8.82,0.2059909009168046,589.7020000000002
COc1ccc([N+](=O)[O-])cc1CC(=O)C(C)(C)C,-6.463,0.6090809098653411,251.28199999999995
FC(F)Oc1ccccc1CCC1CCNC1,-6.595,0.8555155705493906,241.28099999999992
O=P(c1ccccc1)(c1ccccc1)c1occ2cccnc12,-7.612,0.5431384303496752,319.3
CC(C)Cc1nc(N)n[nH]1,-5.117,0.6312041427437344,140.19000000000003
Cc1nccc(C(=O)CO)c1O,-4.912,0.6200907272328252,167.164
CCCN(C(=O)O)C1CCN(c2ccc(OC)cc2)CC1,-5.944,0.9059554075430016,292.379
CCCNC(C1CCc2ccccc21)C1CCCCC1(C)C,-5.88,0.7775323408989517,299.50200000000007
Cc1ccccc1C(CO)c1cnn(C)c1,-6.013,0.8499531679551192,216.28400000000002
CC(NC(=O)c1cncc(NCC2CCCO2)c1)c1ccccc1,-7.003,0.8561748422584616,325.412
C12(CCC(CCCCc3c4ccccc4c(c3)F)CC2)CN(Cc2cc(O)ccc2-n2c(-c3cnccc3)cnc2)CC1,,,
Cn1c2c(c(=O)n(C)c1=O)C(=Cc1[nH]c(N=Nc3ccccc3)c(N)c1C#N)C=N2,-7.665,0.6501650441593454,400.4020000000001
COC(=O)C(=CCCN1CCN(c2ccccc2F)CC1)c1ccccc1,-6.689,0.5762159620846932,368.45200000000017
O=C(Nc1cccc(C2CCC2NC(=O)c2cn3cc(Cl)ccc3n2)c1Cl)c1cc(C(F)(F)F)cc(C(F)(F)F)c1,-9.366,0.22722028971164313,615.3610000000002
O=C(c1ccccc1)N1CCC(n2nc([N+](=O)[O-])c(-c3cccc(F)c3)c2-c2ccc(F)cc2)CC1,-7.502,0.25950212376737863,488.4940000000002
O=C(Nc1c(F)c(F)c(F)c(F)c1F)C(=O)c1ccccc1,-8.037,0.31076375674189666,315.19699999999995
CCCCCCCCCC(=O)N(C)CC1CCCN1,-5.233,0.6163428226959993,268.44499999999994
FC(F)(F)Oc1c(I)c(I)cc(I)c1-c1ccnc(-c2ccccc2)n1,-7.203,0.23162700248393867,693.9699999999998
Cc1cccc(NS(=O)(=O)c2cccc(C(=O)NCCc3ccc(C(C)(C)C)cc3)c2)c1C,-8.262,0.4932763264344248,464.63100000000026
COC(=O)C(CCC(=O)NCC1CCC(c2ccccc2)O1)NC(=O)CCN1C(=O)C=CC1=O,-7.308,0.36009016906174984,471.5100000000003
O=C1c2cccc3cccc(c23)C(=O)N1CC1CCCO1,-6.722,0.7949210385195028,281.311
CC(C)CC(C)C(=O)Nc1ccc2[nH]ccc(=O)c2c1,-6.94,0.8977409153089179,272.348
C=NC(=CC)CC(C)(C)CC,-3.901,0.5486893214658497,153.26899999999998
CC(O)COC(=O)c1ncccc1Br,-5.578,0.8339190815579737,260.087
N#CC(=CNc1cnc(-c2cccc(OCC(=O)O)c2)o1)C(=O)NCCF,-7.259,0.44545652535352903,374.3280000000001
CC=CCCC1CCC2(CC(C3CCCC(=O)O3)CO2)O1,-7.243,0.5889766747834334,294.391
ClCc1nc(C2CCCOc3ccccc32)no1,-5.055,0.7822215240976451,264.712
Cc1nnc(S(N)(=O)=O)n1C1CC1,-4.894,0.703983618219375,202.239
C=C(C)Nc1ccc(N=Nc2ccc(N(CCC)c3ccc(N=Nc4ccc(C)cc4)cc3)cc2)c(C2=CCC(C)C=C2)c1,-7.349,0.1793218439899255,580.7800000000002
CON=CCCCC=O,-4.256,0.24011381809363938,129.159
Cc1ccc(CC(CC(C)C)C(Cl)C(O)c2cccc3ccccc23)cc1,-5.905,0.45221942917040153,380.9590000000001
CC(CN)N(C)S(=O)(=O)Cc1cccc([N+](=O)[O-])c1,-6.364,0.6120389039096218,287.341
CC(C)(C)c1c(CF)cnn1CC(=O)O,-5.102,0.8332688775743584,214.23999999999998
CCCCCCC(C)NC1CCN(Cc2ccccc2)C1,-6.321,0.6847966827737992,288.47900000000004
COCCCNC(=O)c1ccccc1NC(=O)C(=O)NCC1CCCO1,-5.9,0.465382254956619,363.4140000000002
Nc1[nH]ncc1-c1ccc(F)c(-c2cc(=O)[nH]o2)c1,-7.941,0.6528853832458031,260.22799999999995
CC(C)(O)c1cc(Nc2ncnc3ccccc23)on1,-6.879,0.7606402512748771,270.29200000000003
CC(C)CNC(=O)c1cc(CCc2ccccc2)cc(CCc2ccc(C(C)C)cc2)c1,-7.704,0.38011788477239633,427.6320000000002
CN(CC(O)C1CC1)c1ccc(F)cc1F,-5.567,0.8517485664337269,227.254
CC(C)C(C#N)N1CCSCC1,-4.52,0.6517820127537256,184.308
CC(C)=CCCC1(C)C(C)C(O)CC(C=Cc2ccc([N+](=O)[O-])cc2)C1C,-7.464,0.37800770637456765,371.52100000000013
C=CC1C=C(C(=O)O)OC2OC(C)(C)OC12,-5.831,0.7180293047118874,226.22799999999998
C=COP(=O)(O)OCC(NC(=O)CN)C1OC(n2cc(Br)c(=O)[nH]c2=O)CC1O,-6.857,0.2006387147036529,499.2110000000001
C=C(COCCCCOCC1CCC(C=CC(F)(F)F)(C2OCC(C)CO2)CO1)COc1c(F)cc(OCCCCCCCCCCCCCCCCC)c(F)c1F,,,
CCCC1(C)NC(=O)C2(C)CN(C(=O)Nc3ccccc3)CC(=O)N2C1=O,-7.705,0.782321022445862,372.4250000000001
NCCCCC(NC(=O)C(CCCCN)NC(=O)C1CCCN1C(=O)CN)C(=O)O,-6.449,0.17516183252018913,428.5340000000003
C=C(C)C1(C(O)CCC)OC(CO)C(O)C(O)C1O,-5.09,0.4092630332652635,276.329
CN(C)CCN1C(=O)COCC1c1ccccc1,-5.031,0.8010280902409249,248.326
CCCCc1ccc(NC(C)c2ccc(O)cc2)cc1,-6.712,0.7807515904444706,269.388
CCC=CCC=CCC=CCC=CCCCCCCCCCCCCOC(=O)CCCc1cccc[n+]1CC,-4.301,0.053842146558935246,536.8650000000004
CCS(=O)(=O)NC(C)CCl,-3.98,0.6508414553335532,185.676
CC1(C)c2cc(NC(=O)c3ccc(C(=O)OCCC4CCc5ccc(F)cc5C4CC(=O)O)cc3)ccc2CN1B(O)F,,0.2245234135619551,590.4320000000002
c1ccccc1C(N=C1C2C(=NC(N=1)=O)Nc1c2n(c2ccc(cc12)Br)C)Br,,,
COC(=O)c1ccccc1NC(=O)N1CCN(S(=O)(=O)N(C)C)CC1,-6.686,0.7750712409808331,370.43100000000015
CNc1ccc(NC(=O)Nc2n[nH]c3c2CCC3)cc1,-6.821,0.6922320938021417,271.32399999999996
CCNC(=O)C(C)N(Cc1cccc(Br)c1)C(=O)CN(C)S(=O)(=O)c1ccc(Br)cc1,-5.993,0.49723814053506427,575.3230000000003
CCC(C)N1C(=O)c2cc(OC)ccc2-n2c(C)nnc2C1CC(=O)Nc1ccc(N2CCOCC2)cc1,-7.786,0.5083603985947368,518.6180000000004
CC(C)OCc1cccc(C2CC(OCCO)CN(C(=O)c3ccc(C#N)cc3)C2)c1,-7.509,0.7041431832263153,422.52500000000015
Cc1nc2c(nc(=O)c1C(=O)NC1CCCCC1)SC(c1ccccc1)S2,-7.138,0.8375932414716087,399.541
Cc1cc(=O)oc2ccc(S(=O)(=O)Nc3cnn(Cc4cccc(Cl)c4)c3)cc12,-8.004,0.486765446616906,429.88500000000016
CC(NCc1ccccn1)c1ccc2[nH]c(=O)oc2c1,-7.449,0.7624562838909987,269.304
C=CCNC(=O)C1=C(O)C(=O)N(CCCN2CCOCC2)C1c1ccc(Cl)cc1,-6.393,0.6301622470478612,419.9090000000001
CCN(CC)CCNC(=O)C1CCN(c2ccnc3c(NC(C)=O)nc(-c4ccccc4)n23)CC1,-6.815,0.4920166322577676,477.6130000000003
Cc1ccc(CNC(=O)c2cnc3n2CCN(CCCF)C3)cc1,-6.926,0.8840781428016216,330.4070000000001
Cc1cc(C(=O)N2CCN(c3nnc(-c4ccc(F)cc4F)s3)CC2)n[nH]1,-7.587,0.7434631394650533,390.4190000000001
CC(=O)c1ccccc1N=S(C)(=S)C(C)C,-5.357,0.7750873139057538,255.40799999999996
Cn1ncc2c1CCCC2CNC(=O)c1ccc(F)cc1,-7.483,0.9420425314717497,287.338
CSCCN(C(=O)CC(N)CN)C(C)C,-4.789,0.6615655228176799,233.38099999999997
O=[N+]([O-])c1onc(C=CCBr)c1Cl,-5.081,0.47941754073302134,267.466
CCN(C(=O)c1cccc([N+](=O)[O-])c1)c1ccc(Br)cc1,-6.946,0.6185384848336616,349.18399999999997
CNCC(C)C(C)c1cccc(C)c1,-6.122,0.771253245830792,191.31799999999998
CCCCN(C(=O)c1cccs1)c1ccc(C(=O)NCCCOCC)c(Cl)c1,-5.956,0.5178754525903039,422.9780000000003
CCOc1ccc(OCC(=O)NS(=O)(=O)c2ccccc2)cc1,-7.243,0.836430326697898,335.38100000000003
Cc1cc(NC(=O)C=Cc2c(C)nn(CC(C)C)c2C)ccc1OCc1ccc(Cl)cc1,-7.719,0.40581794499934887,451.99800000000016
CN1C=CN(C(=O)OC(C)(C)C)NC1,-4.773,0.6342870808159637,199.254
COC(=O)C1(O)CCC(NCc2ccccc2)=C(C(=O)c2ccccc2)[N+]1=O,-7.312,0.45290119452062116,381.40800000000013
COc1ccc(NS(=O)(=O)c2cc(C(=O)N(C)Cc3ccccc3)ccc2C)c(OC)c1,-6.567,0.554302807219567,454.5480000000002
CN(CCC(=O)O)Cc1nc(-c2cccc(F)c2)no1,-6.885,0.8679105884019885,279.271
Cc1cc([S+](C)[O-])cc(C)c1N,-5.462,0.5310503438629562,183.27599999999998
CCC(Nc1ccccc1C(C)(C)C)c1csc(C)n1,-6.114,0.8240824389895907,288.46
COc1ccc(COC(=O)CNC(=O)NC(CC#N)C(=O)N2CCNCC2CN2CCCC2)cc1,-7.852,0.3996944333528746,486.5730000000004
CC1CCN(CC(=O)Nc2cccc(CN)c2)CC1,-7.038,0.8688603581882879,261.369
c1cnnc(OC2CC3CN(C2)CC2OCCN(Cc4ccc5c(c4)OCO5)C32)c1,-8.22,0.7523493472597726,410.47400000000016
CCOC(=O)C1(C(=O)OCC2CC2)C(=O)N(C2CCSC2)CC1c1ccc(F)cc1,-6.38,0.4844799194470109,435.5170000000001
CCCCC(NCCNCC1CCCC(O)C1)c1ccccc1,-6.07,0.5770498276862871,318.50499999999994
O=C(Nc1ccc(F)c(Br)c1)c1ccc([N+](=O)[O-])cc1,-6.99,0.6837626020156888,339.12000000000006
O=C(O)c1ccc(CN2c3cc4c(cc3C3(CC2O)OCCCO3)OCCCO4)cc1,-6.511,0.7718888488493081,427.4530000000003
O=C(NCc1ccc(Cn2ccnc2)cc1)c1sccc1S(=O)(=O)CCc1ccccc1,-7.572,0.4060077452576083,465.60000000000025
CCOC(=O)c1ccc(N2NC(=O)CN(Cc3ccc(C(=O)OC)cc3C(=O)I)C2=O)cc1,-7.372,0.3113933210870483,565.3200000000002
CC1C2(C(C)C(C(C)C1)C)O[C@H](C)CCC=2,,,
Cc1cccc(-c2nc3ccc(Cl)cn3c2CO)c1C,-6.899,0.7786485696550813,286.76200000000006
C=Nc1c(C)c([N+](=C)c2ccc3c(c2)C(F)(F)[B-](F)(F)[N+]3=C)cc(N=C=O)c1Br,,0.19349668129313846,468.03700000000015
CCC1(CC)CCC(N2CCNC(C(C)C)C2)CC1,-6.309,0.8350836653880775,266.473
Cc1ccc(NC(=O)COC(=O)C2CC(=O)N(c3ccccc3C)C2)cc1,-7.799,0.8258825718718484,366.4170000000001
CCOC(=O)Cn1cnc2sc(-c3ccc(Cl)cc3)c(C)c2c1=O,-6.431,0.6645092899649138,362.83800000000014
CCNCc1ccc2cccc(O)n12,-5.197,0.7733098143783947,190.24599999999998
O=C(Nc1cn[nH]c1)C1CCCC1,-5.752,0.7230411457705267,179.22299999999993
N#Cc1cccc(NC(=O)c2cncc(-c3ccccc3)n2)c1,-8.026,0.804829976245367,300.321
Cc1c(Oc2nc(N3CC4CCC(C3)O4)c3ccc([N+](=O)[O-])cc3n2)cnc2c1OCCO2,-7.832,0.43163660982213026,451.43900000000025
CC(=O)OCC=CCC1C(=O)N2C(C(=O)OCc3ccccc3)=CN(C(=O)OCc3ccccc3)CC12,-6.821,0.22268788542155377,504.5390000000002
Cc1ccc(CCN(Cc2cccc(Oc3ccccc3)c2)C(=O)c2ccc3c(c2)OCO3)cc1,-8.008,0.3020608040826936,465.54900000000026
CCOC(=O)c1cn[nH]c1-c1ccc(N(C)C)cc1,-5.865,0.8560111761549305,259.30899999999997
COC(=O)CN(CCSC=CNC(=O)CN(CC(=O)OC)CC(=O)OC(C)(C)C)CC(=O)OC,-5.199,0.17851286497185123,505.5900000000005
CC(C(=O)NCCCOc1ccccc1)N1NC(c2cccs2)CC1=O,-7.042,0.697740709394418,373.4780000000002
OCc1cc(-c2ccnc(Cl)c2)n(-c2ccc(Cl)cc2)n1,-7.089,0.7481706453681156,320.17900000000003
Cc1ccc(C)c(CC(O)c2cccc(Br)c2N)c1,-6.651,0.8420335986220343,320.2300000000001
O=C1Cc2cccc(NC(=O)Nc3cccs3)c2N1,-6.428,0.7870297102047614,273.317
NN=C(N)OCCCF,-4.522,0.18085625253215146,135.142
CCNc1nc(Oc2cc(F)c(F)cc2F)ncc1NS(=O)(=O)c1nccs1,-7.306,0.5526023480685951,431.42100000000005
NC(=O)c1ncc(NC(=O)c2ccc(Cc3cnc(N)nc3N)cc2Cl)cn1,-7.773,0.49185421216440783,398.81400000000014
COc1ccc(CCC(=O)NCC2(N3CCSCC3)CCCCC2)cc1,-6.912,0.7908378894638807,376.56600000000026
Cc1c(NS(C)(=O)=O)cccc1S(N)(=O)=O,-5.306,0.8017531417074105,264.32800000000003
CCNC(=NCCNC(=O)c1ccc(C(C)(C)C)cc1)NC1CC1,-7.054,0.426309501778679,330.47600000000006
O=C(NNC(=O)c1cc(N2CCCCCC2)ccn1)c1cc(Cl)ccn1,-5.788,0.8073028505381822,373.844
O=C(O)CCc1c(-c2ccc(OCc3cc(C(F)(F)F)cc(C(F)(F)F)c3)cc2)n(C2CCS(O)(O)C2)c2c(C(F)(F)F)cccc12,-7.235,0.15981218522214344,695.6000000000001
CSCCC(NC(=O)C(CCCN=C(N)N)NC(=O)C1CCCN1C(C)=O)C(=O)NC(C(=O)NC(C)C(=O)NC(Cc1ccccc1)C(N)=O)C(C)C,,,
CC1CCc2[nH]c(=S)nc(C(=O)O)c2C1,-5.965,0.7155722294491006,224.28499999999997
Cc1ccc(-c2nc(-c3ccc(-n4ccnc4C)nc3)no2)cc1[N+](=O)[O-],-7.696,0.4030391752510085,362.3490000000001
CCC1CC(C)N(C(=O)CBr)C1,-5.201,0.669228822183385,234.13699999999997
CCCCOc1ccc(C(Cc2c(C)[nH]c3ccc(F)cc23)NC(C)=O)cc1,-7.04,0.5252890276267514,382.4790000000001
CCOC(=O)C1(Sc2ccc(C)cc2)CCCCC1O,-5.812,0.8653482128361243,294.416
CCOc1ccc(-c2noc(CCN3CCN(C(=O)Cc4cccnc4)CC3)n2)cc1,-7.877,0.5523163234630842,421.50100000000015
CC(C)c1ccccc1OP(=O)(O)O,-5.559,0.7603975770674675,216.17299999999994
CC(NCC(C)(C)CNC(=O)c1ccc(Cl)s1)c1ccc(Cl)cc1,-6.721,0.6911581054800681,385.36
Cc1nn(-c2ccccn2)c2c1C(c1ccc(Br)cc1)CC(=O)N2,-7.327,0.7322460766446195,383.2490000000001
O=C(NC(CNC(=O)c1ccc(Br)cc1)C(=O)NC1NC(C(=O)O)CS1)OCc1ccccc1,-6.963,0.31657358337832814,551.4190000000003
CC(=O)OC(=O)CCCCCCCCCC=CC=CC(O)C(F)(F)F,-5.135,0.2374536191087697,364.40399999999994
CC(=O)c1ccc(OC2CCNCC2)nn1,-6.005,0.7651032190206347,221.25999999999993
NCc1cc(OCCC2CC2)ccc1F,-6.307,0.8080857929674208,209.26399999999995
CCC(C)(C)N1CC=CC2(SC3C(=O)N(C(C)(C)CC(C)(C)C)CC=CC3C2C(=O)Nc2ccccc2C)C1=O,-5.218,0.41594404834152665,565.8240000000002
CC(Cl)C1(O)C(Oc2ccccc2Cl)C1(C)C,-6.092,0.8555837685003203,275.175
CS(=O)(=O)c1ccc(C=O)c(C(=O)ON2C(=O)CCC2=O)c1,-5.979,0.5702380758038491,325.2980000000001
CCCCC(C)(C#N)C(C=Cc1ccccc1)OC(C)=O,-6.034,0.699639466027491,285.38700000000006
COc1ccc2oc(C3(C)CCN(C(=O)c4ccccc4)CC3)nc2c1,-7.694,0.7155327470962392,350.41800000000006
CCCCCNC(=O)C(c1ccccc1Cl)N(C(=O)C(CCCCN)NC(=O)OC(C)(C)C)C1CC1C,-6.316,0.2911109253486305,537.1450000000004
COc1cc(Cl)c(S(=O)(=O)N(C)C)cc1OC,-5.663,0.8401508369856799,279.745
N1(CCN(CC1)C)Cc1cc2-c(c1)C(=O)c1c(nc(cc-1o2)C(OC)=O)=O,,,
CCCC(CCCNC)N(C)CC1CC2CCC1CC2,-5.763,0.6441672992292637,280.50000000000006
C=CCCCN(C)Cc1sc(CNC)nc1C,-5.047,0.5699402700893343,253.415
CN1C(=O)C(c2ccc(F)cc2)(c2cccc(C(F)(F)F)c2)N=C1N,-8.801,0.8461397474079924,351.30300000000005
CCNc1ncccc1CCn1ccc2c1CCCC2,-7.289,0.9008564028814001,269.39199999999994
COC(=O)C1COCCC1C#N,-5.02,0.5307712611608998,169.18
CC(C)OC1CC(N)C1(C)C,-4.669,0.6595530499000213,157.257
O=C(NCc1cccc(I)c1)c1ccn[nH]1,-6.939,0.8468350609739629,327.125
CC1CC2CC=CC2C2C(=O)N(c3cccnc3)C(=O)N(C)C12,-6.937,0.7493607511963902,311.38500000000005
CC(C)(C)CCCC(C)(C(=O)OC(C)(C)C)C(=O)OC(C)(C)C,-5.083,0.5322522081578992,328.49300000000005
CC(C)C#Cc1ccc2ccc3c(c2c1)CC1CC(N(C)C)CN1C3CC(C)C,-7.927,0.6411354127427447,388.59900000000016
COc1ccccc1-n1c(=O)sc2cnnc(Cl)c21,-5.761,0.7283000512734985,293.735
CC(C#N)Nc1nc2ccccc2n(C)c1=O,-6.205,0.8395088662377084,228.255
CCOC(=O)C1=CC(C2CCCCCC2)OC2(C)C=Cc3ccccc3C2C1,-3.855,0.49062008515005473,380.528
NC(=O)C(Nc1cccc(Br)c1)c1ccccc1,-6.681,0.9117654920730476,305.17499999999995
COc1nn(C2CCN(Cc3cccc(-c4nc(SC)n[nH]4)c3C)CC2)cc1C(=O)O,-8.407,0.5369059473358682,442.54500000000024
O=C(CCS(=O)(=O)c1ccc2c(c1)CCCC2)Nc1ccccc1I,-7.428,0.6746415323918316,469.344
CC(=O)NCNC(=O)C(C)CCC(=O)C(C)(C)C,-6.34,0.7017584279114486,256.34599999999995
COC(=O)C1(C)CCN(c2nc3ncc(N4Cc5ccc6c(c5C4=O)OCCO6)n3nc2C)CC1,-7.217,0.5228128656946885,478.5090000000004
C=C(C)C1CCC2C1(C)CCC1C3CC(C)c4cc(C(C)(C)C)ccc4C3CCC12C,-7.284,0.39900417084744844,418.70900000000023
Cc1ccc(CCC(=O)N2CCCC(Cc3ccncc3)C2)o1,-7.097,0.8498624461453459,312.413
CCCN(CCBr)S(=O)(=O)c1cc([N+](=O)[O-])ccc1F,-5.892,0.42029267440924933,369.21200000000005
CC(C)n1cnnc1CNC1(C)CC1,-5.26,0.7895381208317764,194.28199999999998
CCCCCN(CC)c1cc2c(N=CN(CCCl)CCCl)cn(CCN3CCOCC3)c2cc1Cl,-5.826,0.11776401948832553,544.9990000000004
CC(N)CCCN(C)Cc1cc(Cl)ccc1F,-5.819,0.8499112945664165,258.76800000000003
O=C(c1ccc(S(=O)(=O)C(F)F)cc1)N1CCc2ccccc21,-7.029,0.8653002680984032,337.3470000000001
CC(=O)NC(C(=O)O)C(C)C,-4.691,0.6191569331543156,159.18499999999997
CSCCC(NC(=O)C1(C)OC(c2ccc(F)cc2)c2ccccc2N(C)C1=O)C(=O)O,-5.46,0.6170775425560191,460.5270000000002
Cc1ccc(N)cc1CCN1CCN(C(C)C)CC1,-6.004,0.8429874065825428,261.413
CNCC1CCN(c2nc3ccc(C)cc3[nH]2)C1,-6.263,0.8666527942442072,244.342
CCCCCNc1nc(NCCCC)nc(N(C)C)n1,-5.427,0.642449705466347,280.41999999999996
Fc1c(Cl)cccc1C(Cl)C1=CCCO1,-5.968,0.7156991876195496,247.09599999999995
CNC(c1cc(C)c(Br)s1)c1nncn1C,-6.064,0.9453710657572902,301.213
CN(C)C=C(C(=O)OCc1ccc2ccccc2c1)C1OC23CC(C2)C12CCCC(=O)C32,,,
CCCC(=CC(N)Cc1ccccc1[N+](=O)[O-])CCC,-6.826,0.443142173686924,276.38000000000005
CSc1nc(N)c(C#N)c(-c2cccnc2)n1,-6.413,0.6377475894173811,243.29500000000002
CC(CN)(CCN1CCCCC1)Cc1ccccc1,-6.181,0.8514853494022399,260.42499999999995
CCCCc1nc(N)nc(-c2[nH]ncc2[N+](=O)[O-])n1,-7.179,0.6080166217684513,263.261
CN1CCOC1=Cc1cnc2cnccn12,-6.071,0.7126097996108813,216.244
COC(=O)c1ccc2nn(CCS(=O)(=O)c3nccn3C)c(=O)n2c1,-6.969,0.5588810511335541,365.37100000000004
Cc1ccccc1-n1nc(CC(=O)OC(=O)NO)c2c1NCN(CCc1ccccc1)C2,-7.898,0.2364300173180706,435.48400000000026
COc1ccc(Cc2nnc(NC(=O)C3CC(OC)CCN3)o2)cc1F,-7.534,0.8016137256464496,364.3770000000001
CC(=O)N1CCC2(CC1)CC(C(=O)O)c1cc(Cl)ccc1O2,-6.556,0.8625183862579989,323.77600000000007
CC1CCN(C(=O)Nc2ccc(I)cc2)CC1,-5.774,0.7766798232431257,344.1960000000001
Cc1c(C(=O)Nc2ncn(Cc3ccccc3Cl)n2)cnn1-c1ccc(Cl)cc1,-7.45,0.5129671349112613,427.2950000000001
Cc1ccccc1N=C1NC(=O)C(=Cc2ccnc3ccccc23)S1,-8.309,0.6989324436898865,345.427
CC1Cc2cc(S(=O)(=O)Cc3ccccc3)ccc2N1C,-6.864,0.8742200648464314,301.41100000000006
c1c(C2c3c(OC2=O)c(c2c(c(=O)c(O)c(=O)o2)cc3O)O)cccc1O,,,
O=C(O)CSCC(=O)NCc1cccnc1,-5.77,0.7572985807833388,240.28400000000002
CCCC(Cc1ccccc1)(C(=O)O)C(=O)NCc1cccc(C)c1,-7.889,0.7203472824566883,339.43500000000006
Cc1cc(C(=O)N2CCc3sccc3CC2C(N)=O)ccn1,-5.675,0.9131882853321741,315.3980000000001
COC(=O)c1ccc(NC(=O)NC23CC4CC(C4)(CC(C)(F)C2)C3)cc1,,,
COc1ccc(F)c(CON)c1,-5.614,0.6953248688728563,171.171
CC1=C(C#N)C(c2cccc(Br)c2O)C2=C(CC(C)(C)CC2=O)N1,-6.753,0.7544896802890191,387.2770000000002
O=C(O)c1cc(-c2cccs2)[nH]n1,-5.527,0.7660615768374905,194.215
CC(N)C(=O)N(Cc1ccco1)C1CCCCC1,-5.788,0.8915241148874592,250.34199999999993
CCNC(=O)N(C)c1c(F)c(F)c(I)c(C(=O)NCC(=O)O)c1I,-6.1,0.2889553484451613,567.0680000000002
COC(=O)C(c1cccc(Cl)c1)N1CCNCC1,-5.519,0.8430915578351278,268.74399999999997
C=C(NC(=O)Nc1cnc(C)nc1N1CCN(Cc2cccnc2)CC1)C(C)=CC,-7.489,0.7158836989953677,407.52200000000016
CCOc1ccc(C(CC)NC(=O)CN(Cc2ccccc2)S(=O)(=O)c2ccc(C)cc2)cc1,-6.824,0.4256098624961773,480.6300000000001
Cc1nc(-c2ccccc2)nn1-c1cncc(NCC(O)c2cccc(Cl)c2)n1,-7.604,0.5055249861563309,406.877
COC(=O)C1OC(C(C)CO)CC(F)(OO)C1C1CC1,-5.824,0.44866279134801096,292.303
CCc1nc(C2CCC(C(=O)OC3CCC(C=CC=CC#N)CC3)CC2)no1,-8.398,0.4036539545197049,383.4920000000002
COc1ccc(CN2CCCC2c2ccncc2)cc1C#N,-7.237,0.8675613924321832,293.37000000000006
Cc1nc(-c2cc(-n3cnnn3)c(O)c(=O)[nH]2)cs1,-6.987,0.7044891828793666,276.281
N#CCC(=O)NCCNC(=O)CCCN1C(=O)c2ccccc2C1=O,-6.981,0.5168270945513591,342.355
OCCC(Nc1nccc(-n2cncn2)n1)C1CC1,-6.519,0.7916141667944282,260.30100000000004
O=C(O)C12CCN(Cc3ccc[nH]3)CC1CNC2,-5.883,0.7299296993264495,249.31400000000002
Cc1ccc(CCNCCCC2CCCC2)s1,-5.684,0.7175708030876728,251.43899999999996
COCC(=O)Nc1ccc(F)c(-c2sccc2C)c1,-6.554,0.9305904757498488,279.336
Cc1ccccc1NC(=O)Cn1cnc2c([nH]c3ccc(-c4ccccc4C)cc32)c1=O,-8.416,0.4365837033907766,422.48800000000017
CCOC(=O)C12C=COC(CC1)C2(C)C,-5.182,0.6557662652105984,210.27299999999994
CC(CC1CCCCOC1)N1CC2CCCC2C1,-4.125,0.7627733989011704,251.41399999999996
CC(CCC(=O)O)Nc1cc(Cl)ccc1Br,-6.129,0.8703956356604508,306.587
NC1=NC2c3ccc(O)cc3OOC12,-5.751,0.5864914646288563,192.17399999999998
CC(NS(C)(=O)=O)C1CCC2C3CCC4(CBr)CC(O)CCC4(C)C3CCC12C,-6.593,0.5613478914896218,490.5480000000003
c12[C@@H](c3ccc(OC)cc3)[C@H]3[C@@H](Sc2[nH]c(c1[C@@H](C(OC)=O)SCC)=O)CC(CC3=O)(C)C,,,
O=C(NCC(O)c1ccccc1Br)c1ccco1,-7.184,0.91189429486891,310.147
COC(=O)CSc1ccccc1CNC1CC1,-4.988,0.62118776729822,251.351
CC(C)c1nc(C2=CC(C#N)(CCC(C)(C)C)N2)cs1,-6.327,0.8986997332375157,289.448
CNc1ncc(Br)cc1S(=O)(=O)NCC1CCC(=O)N1,-6.317,0.7051591716644637,363.23700000000014
COCCOOP,-3.014,0.23436694561009946,124.07600000000001
Brc1cccc(OCC2CNCCO2)c1,-5.983,0.9100084642898598,272.14199999999994
CC(=O)ONN1CC1c1ccc(-c2ccc(F)cc2)c(-c2ccccc2)n1,-6.471,0.5504721868537695,363.39200000000005
CCNC(=NCC1CCCO1)N1CCN(CC(=O)NC2CC2)CC1,-6.054,0.5285350151134681,337.4680000000001
CCCCCCCCCCCCCCCCCCCCC(=O)OCc1ccc(NC(=O)CCCCCCCCCCCCCCC)cc1,,,
Cn1c2ccccc2c2cc3c(cc21)N(c1cccc(C(C)(C)C)c1)c1ccccc1B3c1cccc(N2c3ccccc3C(C)(C)C2(C)C)n1,,0.17599288885910233,664.706
NCCSCS(=O)(=S)C(S)CC(=O)O,-4.766,0.45202839769117115,275.442
CNC(=O)CCNCCCCS(C)(=O)=O,-4.982,0.5590782734028883,236.33699999999996
CC(NC(=O)CNC(=O)OCC1c2ccccc2-c2ccccc21)C(=O)OCC(=O)O,-7.587,0.5472132751429807,426.42500000000024
CC(=O)N1CCCCC1c1nc(C2CCOCC2)no1,-6.425,0.8282818678951981,279.34
O=C(O)c1c(F)c(F)cc([N+](=O)[O-])c1N1CCN(C2CC2)CC1,-5.551,0.6707771433890439,327.28700000000015
CC(=O)NC(c1ccc(CBr)cc1)c1ccc2nnc(N)n2c1,-7.115,0.6872768162835622,374.2420000000001
CN(C)C=C(C(=O)S)N1CCCC1,-4.453,0.5416595832505211,200.30699999999996
CCCC(=O)N(N)CCCc1ccc(O)c(C(C)(C)C)c1,-6.293,0.48073843127508387,292.423
CCC(O)CNCC(O)COC1C(Oc2[nH]cc3cc(NC(=O)C45CC6CC(CC(C6)C4)C5)ccc23)CC(CO)C(O)C1O,-7.296,0.16729299621661245,615.7680000000006
O=C(NCc1cccs1)C1CCCN(c2ncnc3sc(-c4ccccc4)cc23)C1,-7.598,0.4826951906506586,434.59000000000015
O=S1(=O)CC2NCCN(c3cccc(Cl)c3Cl)C2C1,-5.838,0.8529809391123113,321.22900000000004
O=C(NN=C(CN1C(=O)c2cccc3cccc(c23)C1=O)c1ccccc1)c1ccc(Br)s1,-7.539,0.22711390351864072,518.3920000000002
COc1ccc(NC(=O)Nc2ccc(C3CN(C(N)=O)CCC3N)cc2)cn1,-6.925,0.6385397588029658,384.44000000000017
CCCCCOCC(=O)Nc1ccccc1C(F)(F)F,-6.274,0.7742137688151883,289.297
CC(N)CCN1CCOCC1=O,-4.744,0.6289059685505467,172.22799999999998
CCN(CC)S(=O)(=O)CCNCC1CN(C)CCO1,-5.053,0.6159156061012432,293.43300000000005
CCCCC=CC(C)=C(C)CO,-5.715,0.4938636286136498,168.27999999999997
CCOc1ccc(C(=O)C=Cc2ccc3c(c2)OCCCO3)cc1,-5.078,0.6122641086082095,324.3760000000001
CC(C)CN1C(=O)SC(=Cc2c(-c3ccc(Cl)cc3)n(CC(=O)N3CCOCC3)c3ccccc23)C1=O,-7.162,0.3875153315790082,538.0690000000004
CC(NC(=O)Cc1ccc(S(=O)(=O)C(F)F)cc1)C(=O)N(C)C,-6.025,0.8249179029831752,348.37100000000004
Clc1ccc(C2C=NC3CCCC3O2)nn1,-5.787,0.7523696915378685,237.68999999999997
O=C(O)CN(C(=O)c1cc(F)c2ccccc2c1)c1ccc(Cl)cc1Cl,-7.589,0.6787162318146223,392.2130000000001
O=C1N=C(c2cc(C(F)(F)F)ccc2F)c2c1cn(-c1ccc(C(F)(F)F)c(F)c1)c2O,-9.026,0.5146677382342545,460.28000000000003
CCOC(=O)c1c(SCC)nsc1N,-4.206,0.6351801650903757,232.32999999999998
O=C(COC(=O)c1nn(-c2ccc(Cl)cc2)c2ccccc12)c1ccc[nH]1,-7.13,0.4189834854038704,379.80300000000005
Cc1ncsc1CN1CCC(N)C1C,-5.097,0.8031862919684555,211.33399999999997
CCCCCCCCCCC(NC)c1ccc(C)cc1Cl,-5.524,0.4637010515540211,309.92500000000007
COC(C(C)=O)C(N)c1cccc(Cl)c1,-5.824,0.8555195860634874,227.69100000000003
O=C(CCCCn1nc2c(cc1=O)CCCC2)Nc1cc2c(cc1Cl)OCO2,-7.789,0.7479934255429389,403.8660000000002
CC(NS(=O)(=O)c1ccc(Cl)cc1)c1ccccc1[N+](=O)[O-],-7.327,0.6676851214773568,340.78800000000007
CCC(C)CC=CC=CCC(C)O,-5.753,0.6247917818321275,182.30699999999996
C=CCn1nnc(N)c1C(C)OC,-5.07,0.6977717194724828,182.227
OC1(c2ccccc2)CCNC1,-5.792,0.6434804008229295,163.21999999999997
CCC=CCC(O)C=CC=CC=CC(O)CC=CCC=CCCC(=O)OC(COC(=O)CCC=CCC=CCC=CCC=CCC=CCCCCC)COP(=O)(O)OCC(O)COP(=O)(O)O,,,
O=C(OCc1ccccc1)N(CC(NS(=O)(=O)c1ccc([N+](=O)[O-])cc1)C(O)C1Cc2ccccc2N1)CC1(O)CCC1,-6.898,0.17755122211881985,610.689
O=c1c2cccc(F)c2ncn1Cc1cnc(N2CCCCCC2)nc1,-5.051,0.7244223715205657,353.40100000000024
c1cncc(-c2ccc3nc(-c4cn(-c5ccccc5-c5cnc(-c6ccncc6)nc5)nn4)ccc3n2)c1,-8.889,0.30350583144914406,505.5450000000002
Cc1ccc(C(O)CN(C)CC(=O)NC(C)C)nc1,-5.88,0.8011476412828525,265.35699999999997
O=C(c1ccccc1)N(CC1CCCO1)C1CCS(=O)(=O)C1,-6.728,0.8421206479440201,323.414
CC12CCCCC1C1C(=O)N(c3ccccc3)C(=O)C1(c1ccc(F)cc1)O2,-7.543,0.735337984440166,379.43100000000015
C=C(C)CC(O)CC(O)C=CC(C)CCC,-5.795,0.6244650672293258,226.35999999999996
C=CC(=O)n1ccc(C(C)C(C)=O)n1,-6.075,0.6800419170351093,192.21799999999996
CC(Sc1nnc(-c2cccs2)o1)C(=O)C=Cc1ccc(Br)cc1,-6.956,0.3981822553784628,421.34100000000007
CSc1cc(-n2cc(I)cn2)ncn1,-5.745,0.482496543908379,318.143
Cc1ncc(C(=O)Nc2c(C)ccc(N)c2C)s1,-6.12,0.8166788048075537,261.34999999999997
CC(C)Nc1ccccc1CN(C)C,-5.372,0.788437269471495,192.30599999999995
CCOC(=O)c1cc2nc(-c3ccccc3)ccc2[nH]1,-6.636,0.7390218475732819,266.3
CCN(CC)c1nc(-c2ccc(C(C)(C)C)cc2)cc(SC)c1C#N,-5.753,0.6667753236245336,353.5350000000001
CN1CC(C)(C)Sc2ccc(C(F)(F)F)cc21,-6.675,0.6934668612169267,261.31199999999995
CCCNc1ccc(-c2ccccc2-c2nn[nH]n2)cc1,-6.966,0.7512645900769571,279.34700000000004
Cc1cc(Br)ccc1NCc1sccc1Br,-6.298,0.7932226673794349,361.10200000000003
CC1(C)C2=CC=C3C=CC=C1C1(CCCCC1)N3c1ccc3c(c1-c1cccc4c(-c5ccc(C#N)cc5)ccc2c14)-c1ccccc1C3(C)C,-6.463,0.1791942414501849,658.889
CC(C)c1nc(C(C)(C)C)sc1C(=O)N1CCCC(c2nc(-c3ccoc3)no2)C1,-7.659,0.5657639729109075,428.55800000000016
Cn1c(O)c(C=NCCCCOc2ccc(Cl)cc2)c(=N)n(C)c1=O,-6.34,0.5796017067107891,364.8330000000001
O=S(=O)(NCCc1c(Cl)cccc1Cl)c1cccnc1Cl,-6.822,0.8241748522684901,365.6690000000001
CC1CS(=O)(=O)CCN1C(=O)C1CCNC1,-6.029,0.6603699645675604,246.33199999999997
CC(=O)N1CCN(CC(=O)O)C(Cc2cnc[nH]2)C1,-5.85,0.7715637141057985,266.30100000000004
Cc1cc(OCCCc2cnccc2C2CCC(CNCC(=O)O)CC2)c(Cl)cc1Cl,-6.303,0.44356318260224886,465.4210000000003
C=C(C)c1cccc(C)c1OCc1ncc(C)nc1C(=O)O,-6.225,0.915490339885764,298.342
Cc1noc(C)c1S(=O)(=O)NCc1ccc(C(=O)O)cc1,-6.885,0.8650807028211549,310.331
CC1(C)COc2ccc(O)cc2NC1=O,-4.626,0.680973654319378,207.22899999999998
C=CCOc1cccc(NC(=O)C(C#N)=Cc2ccc(OCc3ccc(Cl)cc3)c(CC=C)c2)c1,-7.323,0.18529953663531065,484.98300000000023
CCCCCCCn1c(CC)nc2ncn(CC(=O)Nc3ccc(C)c(C)c3)c2c1=O,-7.085,0.4906953709178272,423.5610000000002
O=c1[nH]c(=O)n(-c2ccc3c(c2)OCCO3)c(O)c1C(=S)N1CCOCC1,-6.943,0.6900395748686632,391.4050000000002
O=C(c1cc(=O)oc2ccccc12)N1CCC(NS(=O)(=O)c2cccs2)CC1,-8.1,0.6566667135811874,418.49600000000015
COC(=O)CNC=C(C#N)c1nc(-c2ccc(S(=O)(=O)N(C)OC)cc2)cs1,-6.839,0.38687590267898586,422.4880000000001
CC(C)(NS(=O)(=O)c1cc(CO)oc1Br)C1CC1,-6.063,0.860660841577244,338.22300000000007
CCCC(C)(OC)C(=O)N1CCC(N)(CC)C1,-5.229,0.7951900061844132,242.36299999999991
CC(=CC(C)=C(Cl)C=CC=O)[N+](=O)[O-],-4.783,0.23793997302068798,215.636
CC(C)COc1ccc(C(=O)C=Cc2ccccc2Br)cc1,-6.705,0.5112986098941099,359.26300000000003
COC(=O)C1Cc2cccc3[nH]cc(c23)C1,-6.229,0.739673802809776,215.25199999999998
NCC(=O)NC(Cc1ccccc1)C(=O)C(NC(=O)C(N)Cc1cc[nH]c1)NC(=O)C1CCCN1,-6.799,0.1781736571062499,483.57300000000026
CCOC(=O)c1ccccc1NC(=O)C1CCC(CO)O1,-6.664,0.8002996812481595,293.319
CCCCCCCCC=CCCCCCCCC(=O)OCC(COP(=O)(O)OCC(O)CO)OC(=O)CCCCCCCCCCCCCCCCCCCCC,,,
Cc1cc(Cl)c(Cl)cc1-c1nc(N)ns1,-6.295,0.8543601048780409,260.149
CC1(COc2nc(CCCNc3cc(NC=C(Cc4ccccc4)C(=O)O)nc(N)n3)c3cnn(-c4ccc(Cl)cc4Cl)c3n2)CC(=O)NC1=O,,,
COc1nn(C)c2cc(-c3nc(-c4c(C)[nH]c5cc(Cl)ccc45)c4cnn(CCNC(=O)OCC(=O)OC(C)(C)C)c4c3OC)c(Cl)cc12,-7.877,0.15427633305509333,708.6030000000001
CC(c1ccc(F)cc1OC1CCC1)N1Cc2cc(CN3CCC(NCC(F)(F)F)CC3)ccc2C1=O,-7.788,0.4621490733524822,519.5830000000003
O=C(O)CCC(=O)NCC(O)CC1CCCCC1,-6.189,0.6412920436226711,257.3299999999999
CCCC1CCC(NCc2ccc[nH]2)CC1,-6.07,0.7810987568355666,220.36
CNc1cc(N)ccc1S(=O)(=O)N1CCc2ccccc2C1,-7.78,0.8497597091712817,317.41400000000004
Cc1cc(S(=O)(=O)N2CCOCC2)ccc1OCC(=O)Nc1cccc2ccccc12,-8.021,0.6364137420314542,440.52100000000013
OC(COC1CCCCC1)c1ncccc1Cl,-5.924,0.8989613257890269,255.745
CN(C)c1nccc(CN2CCOC(CN)C2)n1,-5.726,0.7924052665804815,251.33399999999992
CCOC(=O)CCN1C(=CC=CCC2CCCC3(C2)OC(C)=C(C)O3)C(=C(C#N)C#N)Nc2ccccc21,-7.295,0.3390594068887514,514.6260000000003
CCC(CC)C(=O)N1CCCN(c2ccc(NC(=O)C3CCCC3)c3ncccc23)CC1,-5.516,0.7037826251953117,436.60000000000036
CN1C2CC=C(c3ccccc3)C=C2C(=O)C1c1ccccc1,-7.922,0.8346171577425853,301.389
CCC(CC)(CN)C(=O)Oc1ccc(C)cc1Br,-5.72,0.6690204734191944,314.22299999999996
NC(CCC(=O)O)C(=O)Nc1cccc(CO)c1,-6.729,0.5816907961100085,252.27
CC(=O)Nc1ccc(C(=O)N2CCOC(c3ccccc3)C2)cc1,-8.268,0.9442978564950192,324.38
COc1ccc(CC(C)(C)C)c2cc(C(=O)O)[nH]c12,-6.319,0.8889369062509676,261.321
CCN(Cc1ccccc1)C(=O)COC(=O)C=Cc1cccc(Cl)c1,-7.176,0.556576413642554,357.837
CC1=C(NC#N)CC(C(F)(F)F)CC1,-6.37,0.5261696839873531,204.19499999999994
NCCC(F)C12CC3CC(CC(C3)C1)C2,-5.483,0.7628995716447386,211.32399999999993
CCNC(=NCC(C)N1CCN(C)CC1)NCCCOC1CCOCC1,-6.238,0.35553979417004095,369.5540000000002
COc1ccc2c(c1)c(C)c(-c1ccc(C)cc1)n2C(=O)N(C)CC1CCC(F)(F)C1,-6.778,0.492809908483941,426.50700000000023
CCCC1=C(C#N)C(c2cccc(Cl)c2Cl)C(C(=O)OCC)C(=O)N1c1ccc(OCC(=O)OCC)c(Cl)c1,-6.807,0.22935735460429937,593.8910000000003
CSCCC(NC(=O)c1cc(S(=O)(=O)NCC(C(O)C(=O)CCC(CCC(=O)O)N(C)C)N2CCC(C(C)=O)C2=O)ccc1O)C(=O)O,,,
CN(CC(=O)N1C2C=CC1CC2)CC1CCC1N,-5.705,0.7417352814489045,249.35799999999992
C=CC(=O)NC1CC(Oc2cccc(-c3cccc4[nH]ccc34)c2)C1,-8.057,0.692724931584224,332.4030000000001
O=C1CCC(=O)N1Oc1c(Cl)cc(S(=O)(=O)Cl)cc1Br,-5.887,0.572579761205117,403.0370000000001
C1(OCc2c1cc1OC[C@@H]3OC3Cc1c1oc(-c3ccc(c(OC)c3O)OC)cc21)=O,,,
COCC(CO)NC(=O)CNC(C)(C)C,-5.273,0.561819039954581,218.297
CC(NC1CCCCC1)c1cn(-c2ccc(F)c(Cl)c2)c(=O)n(C)c1=O,-7.733,0.8862028477176105,379.86300000000017
CC(C=CP(c1ccccc1)c1ccccc1-c1ccc2c(C)cc3ccccc3c2c1)=C(c1ccccc1)P(c1ccccc1)c1ccccc1,-6.945,0.07979571530283884,702.8180000000003
O=C(c1cccc2cn(Cc3cccc(Cl)c3)nc12)N1CCC2(CC1)OCCO2,-7.684,0.6587802081169011,411.88900000000035
COc1ccc(O)c2c(CCN3CCCCC3)c[nH]c12,-6.465,0.9009469266585023,274.3639999999999
Cc1ccc(C2CC(C(=O)NCC(C)(O)c3nccs3)NN2)cc1C,-7.435,0.6519452347377422,360.483
COc1ccccc1CN(C)CCNC(=O)O,-5.836,0.7859622146343005,238.28699999999995
CC(CC1CCC1)N(C)C(N)Cc1ccc(Cl)cc1,-6.65,0.8057033780912942,280.843
N#CC(=C(c1ccccc1)S(=O)(=O)O)c1cccs1,-5.969,0.6961288897729646,291.35299999999995
Cc1cccc(C)c1NC(=O)C(C)OC(=O)C1CCC2(CO)C(C(C)C)C(=O)CC(C)C2C1O,-7.182,0.5458854314500171,473.6100000000003
COc1ncccc1CNc1cnn(Cc2ccccc2)c(=O)c1Cl,-7.172,0.7350002715608407,356.8130000000001
Cc1ncc(S(=O)(=O)N(CCC2CCCCC2)CCN(C)C=O)[nH]1,-6.09,0.6832834751219662,356.492
COc1ccc([N+](=O)[O-])cc1N1C(=O)C2ON(NCc3ccccc3)C2C1=O,-7.601,0.44840242969613564,384.3480000000001
Cc1cc(O)nc2ccncc12,-5.45,0.6368553784284494,160.176
COCCCNC(=S)NN=Cc1ccc([N+](=O)[O-])cc1,-5.854,0.26005463590684674,296.35200000000003
C=CCN1c2ccccc2NC2=C(C(=O)CC(C)(C)C2)C1c1ccc(C2CCCCC2)cc1,-5.976,0.49853680981844806,440.63100000000026
COCCN(CCCCC(=O)OC)CC(C)C,-4.808,0.4353413065683507,245.36299999999997
CC1CCC(C)c2ccc(O)cc2C1,-4.455,0.6209841611746637,190.28599999999997
C#CC=CC=CC=C1C2CCCC2C2C(O)C(CO)=CC(=O)C12,-7.083,0.620397296803306,310.393
CCCCCCCCCCCCCCCC[n+]1cn(CCOCCOCCCCCCCCCCCCCC)cc1CO,,,
O=C1CC(c2ccccc2)Nc2ccc(Br)cc2N1,-5.735,0.8361727736915968,317.186
CSc1nc(-c2cc3cc(Cl)ccc3o2)n(C)n1,-6.679,0.672386871966644,279.752
c1cc(-c2cnc3c4c(CCC(N4Cc4cnc(cc4)Cl)CC3)n2)ccc1,,,
CC1(CC(N)=O)CN(C(=O)C(N)Cc2cccc3ccc(F)cc23)CCC(C(=O)O)(C2CCCCC2)C1,-5.147,0.5178173212404767,511.6380000000005
CNC(=O)c1cc(Nc2ccccc2C(C)C)c(NS(=O)(=O)c2cccc(C)c2)cn1,-7.804,0.5070790244741021,438.55300000000017
COc1cc(OC)cc(Oc2ncnc3c2C(N)CC3)c1,-7.295,0.9285563539463645,287.3190000000001
O=S(=O)(OC1CCC2C=NNC2=N1)C(F)(F)F,-6.745,0.588070832357438,271.22
CC=NNC(=O)c1ccccc1NC(=O)C1(C)CC1,-6.073,0.642225969851707,259.309
Cc1cc(-n2nc(CC#N)c3cnn(Cc4ccc(Cl)cc4C(F)(F)F)c32)ncn1,-7.524,0.48520138902906457,431.8090000000001
CC1(C(=O)O)CCCN1C(=O)NCc1ccccc1F,-6.792,0.8890584526924246,280.29900000000004
CC(C)CCC(C(N)=O)N1CCCC(NC(=O)CCCNCC(=O)O)(C(=O)NC(Cc2cnc[nH]2)C(=O)O)C1,-6.068,0.11965705134450486,551.6450000000002
CC(O)CC#CC1CC1,-4.358,0.5201402868483641,124.18299999999999
COC(=O)C1CONC12CCOCC2,-4.708,0.5983003993587803,201.22199999999995
CCc1cnc(N2CC3CC(c4ccnc(SC)c4)CC2C3)nc1,-7.154,0.7890125339512881,340.4960000000001
CCNc1ccc(C(=O)N2CCCS(=O)(=O)CC2)nn1,-5.199,0.8548835981463445,298.368
C1=CCC(c2nc(-c3ccc4ccccc4n3)nc(-c3cc4c(ccc5n4c4c6ccccc6ccc4[n+]5-c4ccccc4)c4ccccc34)n2)C=C1,-10.22,0.13722467047380815,679.8070000000002
CC(CCO)N1CCCCC1CC(=O)O,-5.267,0.7203187576172445,215.29299999999998
CNCCCn1ncc2ccc(CNCCc3cccc(F)c3)cc21,-6.403,0.5882569922432304,340.446
CC(C)NCCCCSc1nccn1C,-5.48,0.5723803477670164,227.377
CCOC(=O)c1c(N)cccc1NC(=O)C1CCCCC1,-6.502,0.6595285174720804,290.3630000000001
CC1CN(C(=O)c2ccc3c(c2)SC(C(=O)O)CO3)CC1N1CCCC1,-7.49,0.8720127543235278,376.47800000000024
CCCCC(=O)Nc1cncc(-c2cncc3[nH]c(-c4ccnc(C5CC5)c4)nc23)c1,-7.703,0.4407485219426385,412.4970000000002
Cc1ccc(CN2CCN(CC(=O)c3coc4ccc(C)cc34)CC2)cc1,-8.053,0.6418038469000952,362.4730000000002
CSc1ncc(CN2CC(C)N(C)c3ccc4ccccc4c32)n1C,-6.55,0.6613675306376646,352.50700000000006
COCCC(C)C(=O)Nc1nc2cc(Cl)ccc2s1,-6.199,0.9179915415492313,298.795
COc1ccc2nc(C3CCCC(C)N3Cc3cccnc3)[nH]c2c1,-7.332,0.7797571274475356,336.43899999999996
CCN(CC)C1CCCCC1NC(=O)Nc1ccc(F)c(F)c1,-6.846,0.8660262557909153,325.403
Cc1cccc(-c2cnc3ccc(-c4ccnc(N)c4)cn23)n1,-8.359,0.6162052591706201,301.353
COc1ccc(CN(Cc2ccc(F)cc2F)C2CCCN(c3ccc(C#N)nc3)O2)c(OC)c1,-7.767,0.45830131881346237,480.5150000000003
CCCOc1c(Cl)cc(C=C2C(=O)NC(=S)N(c3ccc(Cl)cc3)C2=O)cc1OC,-6.526,0.3831991598087092,465.35800000000023
COCCn1cccc(C(=O)Nc2cc(Cl)c(Oc3ccc(C)nc3)c(Cl)n2)c1=O,-6.846,0.5493503744581136,449.2940000000002
CC1CCN(CCn2nnnc2SCC(=O)N(C2CCCCC2)C2CCCCC2)CC1,-6.874,0.5603152289330168,448.6810000000005
COC(=O)c1cc(CNC(=O)C2CCc3ccccc32)cs1,-7.392,0.8827540027832723,315.394
Cn1nc2c(c1NC(=O)C=Cc1ccc3c(c1)OCO3)CCC2,-7.398,0.8833636920454324,311.3410000000001
CCC(CC)(CN)C(=O)NC(C)COc1cccc(C(C)C)c1,-6.58,0.7321535906397959,320.4770000000001
Cc1c(Cl)cccc1NC(=O)COC(=O)c1csc2c1CCC(C(C)(C)C)C2,-7.431,0.6505429062099097,419.9740000000002
c1ccc(COCC2CCC(C3CC3OCc3ccccc3)O2)cc1,-6.91,0.7157994299978734,338.447
C=C1CC2CCC(C1)N2S(=O)(=O)c1cccc2ccccc12,-7.4,0.7926262365565565,313.422
CC=CC=CC1C(=O)C(COC(C)C)N1CC,-5.769,0.6631756101328947,237.34299999999996
CCOC(=O)c1c(N2CCOC(C)C2)ccc2ccccc12,-6.385,0.8156369363308905,299.37
OCC1OC(OC2C(CO)OC(OC3OCC(O)C(O)C3OC3OC(C=Cc4ccccc4)C(O)C(O)C3O)C(O)C2O)C(O)C(O)C1O,-7.289,0.10752688164320842,708.6630000000006
CCN(CCCl)CC(O)c1ccc(C)c(C)c1,-5.771,0.7905241803699741,255.78900000000002
[C-]#[N+]C1=CCC(c2c(C)cc(C(C)(C)C)cc2C(C)(C)C)CC1=NC(C)(C)C,-6.174,0.44968052243861434,378.60400000000016
CCOCOc1ccc(COc2noc(C(F)(F)F)c2S(=O)(=O)c2ccccc2)c(C(F)(F)F)c1,-7.14,0.20724978647486772,525.4230000000001
NCCCCC(NC(=O)C(Cc1cnc[nH]1)NC(=O)C(Cc1c[nH]cn1)NC(=O)C(N)CO)C(=O)O,-6.163,0.10341383636520465,507.55200000000025
CC(C)Nc1cc(N2CC(OC3CCN(c4cnc(C#N)cn4)CC3)C2)nc(Oc2ccc(C(N)=O)cc2)n1,-7.813,0.42010131817018537,529.6050000000004
COC(=O)c1cccc(C(=O)N2CCOC(C(=O)O)C2c2cn(-c3cc(Cl)cc(Cl)c3)cn2)c1,-7.355,0.528629993562041,504.3260000000001
CN=C(NCc1nc(C2CC2)no1)NCC1(O)CCOCC1,-6.973,0.5251768985512665,309.3700000000001
C1=NSCc2[nH]c(C3CSC3)nc21,-4.791,0.7203656769917981,211.31499999999997
CC(OC(=O)N1CCC(CCC(NC(=O)OC(C)(C)C)n2ccc3ncccc32)(c2ccc(F)cc2)CC1)c1ccc(Cl)cc1,-7.829,0.20984008879907665,635.1800000000001
O=C(c1cccc(Cl)c1)N1CC(c2noc(CCc3ccccc3)n2)C1,-7.406,0.6887416549263312,367.8360000000001
CC(C)CCCCCC(NC(=O)CCCOP(C)(=O)CCC1CCC(n2cnc3c(N)ncnc32)O1)C(=O)NC(CCC(=O)O)C(=O)O,,,
Cc1ccc(CC2=CC(C)C(=O)C(C)C2)cc1,-7.61,0.7051894025262707,228.33499999999998
Cc1nccn1CCCn1c2ccccc2c2cc(Br)ccc21,-7.016,0.4883797107639022,368.2780000000001
CC(C(=O)Nc1ccccc1C(=O)N1CCOCC1)[S+]([O-])Cc1ccccc1Cl,-7.376,0.7081138600633481,434.94500000000005
Cc1cc(NCCN2C(=O)OCCC2(C)C)ccc1-n1ncc2cncnc21,-7.212,0.7318245141329681,380.45200000000006
COc1cccc(C(O)=C2C(=O)C(=O)N(c3cccnc3)C2c2ccccc2F)c1,-7.246,0.40587972822534774,404.39700000000005
Cn1c(=O)cc(C(=O)N2CCCC(CNc3cccc(Cl)c3)C2)c2ccccc21,-7.564,0.7036173874707887,409.91700000000014
COC(=O)c1ccc(NC(=O)C(C)Sc2nnnn2-c2cc(C)ccc2C)cc1,-7.926,0.49114907659740276,411.48700000000014
C=C1CCCN1c1ccc(Cl)c(Cl)c1,-5.816,0.6986694269604702,228.12199999999999
CCCNC(Cc1nnnn1-c1ccccc1F)C1CC1,-6.155,0.848051450809222,289.35800000000006
Cc1nc(CO)cc(-c2ccsc2)n1,-6.484,0.8171173561083689,206.27
Cc1n[nH]c(C)c1S(=O)(=O)NC(C)CO,-5.166,0.6642246503414277,233.29299999999998
CCc1ccc2c(c1)C(N(C1CC1)C(C)C(=O)Nc1ccccc1SC)CC2,-7.349,0.6338861204280566,394.5840000000001
Cc1cc(NS(=O)(=O)c2ccc(OC3CCN(CCC(=O)NC(CCCCN)C(=O)O)C3)c3ccccc23)on1,-7.048,0.2095144317385833,573.6720000000004
Cc1cc(Oc2ccnc3ccc(N4CCOCC4)cc23)c(F)cc1NC(=O)Nc1cncc(CN2CCN(C)CC2)c1,-8.939,0.3096205592964664,585.684
CCOC(CNc1ccc(SCc2ccc(Cl)cc2Cl)nn1)OCC,-6.502,0.45133473979952,402.34700000000015
NC(=S)c1ccc(OCc2cc(Br)ccc2F)c(Cl)c1,-6.803,0.8028423919093637,374.66200000000003
CCCn1c(=O)c(Cl)c(Nc2ccc(F)cc2)c2[nH]cnc21,-6.233,0.7706521933294228,320.75500000000005
CC(C)COCC1CCN1C(=O)OC(C)C,-4.987,0.7256552182744868,229.31999999999996
CCCCCCCCCCCCCCCCN(C)c1ccc2c(c1)Sc1ccc(NC(C)=O)cc1S2,-5.051,0.17731161863170175,526.8560000000001
Cc1ccc(-c2cc(C(=O)N3CCCC3(C)C(=O)O)sn2)cc1,-7.431,0.9380032631194185,330.40899999999993
N#Cc1cc(S(=O)(=O)NCCc2cccc(Cl)c2)ccc1F,-7.083,0.9109026615731921,338.79100000000005
CC(NC(=O)COc1ccc(C(=O)OCC(=O)Nc2ccc3c(c2)OCO3)cc1)c1ccccc1,-8.595,0.4549771463861719,476.4850000000002
CNCCN(C)C(C)C(F)(F)F,-4.738,0.7031736207415512,184.20499999999996
COc1ccc(C=NNC(C(=O)NN=Cc2ccc(OC(=O)c3ccc(Br)cc3)c(OC)c2)C(C)C)cc1,-7.715,0.1460004525342048,581.4670000000002
CCCCN(C)c1ncnc2[nH]ccc12,-5.714,0.8299292547728527,204.277
Cc1cccc(C#N)c1S(=O)(=O)N1CCN(C(C#N)C(C)C)CC1,-6.551,0.8281176638979604,346.45600000000013
COCc1ccccc1-c1c(CN2CCC(C(F)(F)F)C2)cc(Cl)cc1NS(=O)(=O)c1ccc(F)cc1,-8.06,0.32278108245383313,557.0090000000001
CC(C)C1C(C)OCCN1c1ccc(C(N)=S)c(F)c1,-6.249,0.8705250286244456,296.411
NCCC(=O)NC(CCC(N)=O)C(=O)N1CCCC1Cc1ccccc1,-7.227,0.5874181660112509,360.458
Cc1ccc(N2CCOC3(CCCN(C(=O)OC(C)(C)C)C3)C2)nn1,-7.099,0.7762069782964495,348.4470000000001
COC(C)c1nc2c(C)nc(N)cc2o1,-6.273,0.8125291420750671,207.23299999999998
Cc1cccc(C(=O)NCC2CCCC(O)C2)c1O,-7.287,0.7807115695505309,263.33699999999993
Cc1nc(CNCC(=O)N2CC(C)(C)OC(C)(C)C2)cs1,-6.288,0.9233536874739523,311.45099999999996
c1ccc(-c2ccc(N(c3cccc(-c4ccccc4)c3)c3cc4ccccc4c4ccccc34)cc2)cc1,-8.946,0.2137698068670329,497.6410000000002
NC(=O)C1CN2CCCc3cccc1c32,-5.589,0.7387386389728283,202.25700000000003
CC(C)(C)N1CCN(C(CN)c2ccccn2)CC1,-6.136,0.8964178473860493,262.401
CCC1(C)CC(O)(c2ccc(Cl)cc2Cl)CCO1,-6.761,0.8854599377693684,289.20200000000006
Cc1ccc(S(=O)(=O)n2cc(C(C3CC3)N(C)C(=O)OCC3c4ccccc4-c4ccccc43)c3ncccc32)cc1,-6.753,0.20990470004849707,577.7060000000002
O=C(OCCc1cc(Cl)ccc1Cl)N1CCC(O)(C2CCCC2)C(CCCN2CCCC2)C1,-6.282,0.4940115807513658,497.5070000000006
CB1c2ccccc2Sc2cc3c(cc21)-c1c([nH]c2ccccc12)C31c2ccccc2-c2cc3c(cc21)-c1ccccc1-3,,0.18297854947226114,561.5180000000003
CCC=Nc1c(F)ccc(-n2ccc(C(=O)N3CCc4n[nH]c(-c5ccccc5)c4C3)c2C)c1C,-8.275,0.3680345661149433,469.56400000000025
Cc1cc(CC#N)cnc1OCc1ccccc1,-6.45,0.8220240392620275,238.29000000000002
CCCCCC(C)NC(=O)C(c1ccccc1)N(C)CCO,-5.142,0.653578439303559,306.4500000000001
Cc1nc(C(=O)Nc2ncccc2Br)n[nH]1,-6.709,0.874355239229209,282.101
COc1ccc(CN(C(=O)CCc2cc(C)c(O)c(C(C)(C)C)c2)C(Cc2ccccc2)C(=O)NCC(C)C)cc1,-6.413,0.27148689491165595,558.7630000000003
NCCCCC(N)C(=O)NCc1cccc(NC(=O)CCN)c1,-6.492,0.3877519413848099,321.4250000000001
Cn1nccc1CC1(F)CNC1,-4.919,0.6885511607167805,169.203
CCCCC(CCC)(c1cc(C)c[n+](CCC)c1)c1c(C)cc(N)cc1C,-5.748,0.416796449973929,367.60100000000017
CC1(C=Cc2c3c1c1c(cc3c(-c3ccc(C)cc3/C=C/c3cc(C(C)C)cc(c3)C(C)C)ccc1c1nonc12)C)C,,,
COc1cc(C)c(CN2CCCCC2c2nc3ccccc3s2)cc1C(C)=O,-7.957,0.5327071526849316,394.5400000000001
CC(C)(C)OC(=O)N1CCN(Cc2ccc(F)cc2Cl)CC1N,-5.923,0.8966963305004643,343.83000000000004
COC(=O)Cc1coc2cc(OCC(=O)N3CC(C)OC(C)C3)c(C)cc12,-7.102,0.7473517546494762,375.42100000000016
CC(=O)Nc1cccc2c1C(CNC(=O)c1cn3[nH]cnc3nc1=O)CCC2,-7.626,0.6284326870577437,380.4080000000002
C=CCC12CCC(C(C)C)CC1NCCO2,-5.579,0.7428472768354686,223.35999999999996
O=C(CCl)c1ccc2oc(C(F)(F)F)cc(=O)c2c1,-7.12,0.6299881176566532,290.62399999999997
CC1CCCC(C(=O)NC2CCCN(c3cnccn3)C2)C1,-7.278,0.9311720548881355,302.4220000000001
Cc1ccc(C2SC(N)=Nc3c2c(C)nn3-c2ccc(C)cc2)cc1,-7.223,0.7373142857845907,348.4750000000001
COC(=O)c1[nH]nc2ncncc12,-5.335,0.6279173157610183,178.15100000000004
CC1C(N)CCCC1C(=O)N(C)Cc1nn[nH]n1,-6.315,0.7833460568581543,252.322
CC1CCN(C(=O)NCCCc2nn(C)c(N3CCCCC3)c2C#N)CC1,-7.758,0.8062899389347694,372.5170000000003
CCOC(=O)CC(C)NC(=O)Cc1sc(-c2ccc(Cl)c(Cl)c2)nc1C,-6.098,0.6799268164019311,415.34200000000016
Cc1ccc(NS(=O)(=O)c2cc(Br)cnc2N)c(C)c1C,-6.781,0.8693124059711641,370.27200000000016
Cc1c(C)c(C)c(-n2nc(-c3ccccc3)c(I)c2-c2ccccc2)c(C)c1C,-6.498,0.273547575351237,492.4040000000002
CCCCCCOc1cc(ONn2ncc3ccccc32)cc(OCCCCCC)c1OCCCCCCC(C)C,-5.634,0.09090448362054096,567.8150000000005
N#Cc1c(S(=O)(=O)CC(=O)c2c[nH]c3ccccc23)cc(-c2ccncc2)c2nccnc12,-8.55,0.40163358489236867,453.4830000000002
CCCNC(CC)NCNC(=S)NC,-5.384,0.3672090839818026,218.37
O=C(c1ccccn1)N1CCOc2c1ccc1ccc(Cl)c(CNc3ncnc4[nH]ccc34)c21,-7.962,0.3910346947721035,470.92000000000013
Cc1ccc(S(=O)(=O)NC2=NN(Cc3ccccc3)C(c3ccccc3)C2)cc1,-7.728,0.6908265186120057,405.52300000000014
OCc1ccc(COc2ccc(-c3ccccc3)cc2)c2ccccc12,-7.53,0.513892334222144,340.4220000000001
CCOC(=O)c1cnc(N)nc1NCCc1cc2cc(C(=O)O)cc(F)c2n1Cc1ccc(N(C)C)nc1,-6.792,0.26568664095520605,521.5530000000002
O=C(Cc1ccc(OS(=O)(=O)C(F)(F)F)c(F)c1)N(Cc1ccc2c(c1)NCCC2)C1CCC(Cc2c(F)cc(F)cc2F)CC1,-7.577,0.1479285265022189,672.6630000000002
[C-]#[N+]C(C)C1c2ccccc2CN1C(=O)OC(C)(C)C,-6.408,0.7288682693950882,272.34799999999996
Nc1n[nH]c2cc(-c3ccc(CC4CC5N(CCS5(=O)=O)C4)cc3)ccc12,-7.478,0.7258141031740283,382.4890000000001
CC(C)OC(=O)c1cnc2n1C(C)CC2,-5.5,0.697670367497941,208.26099999999997
CC(CN1CCCC1)NC(=O)NCCC(=O)O,-6.191,0.6241218548879387,243.307
NC(=O)NCCNCc1ccn(-c2ccccc2)n1,-6.356,0.6651290607013167,259.31300000000005
CC1=C2CCCCN2c2nccnc2C(N)=N1,-6.641,0.7301707925161802,229.287
CC(C)CC(CN)C(=O)NC1(CO)CC1,-5.256,0.5929754923624733,214.30899999999997
C(N(C(CSCC(O)=O,,,
COc1ccc(Cl)cc1CN1CCCN(c2ccccc2)CC1,-4.903,0.8404145471257093,330.85900000000004
CSCCN1C(=O)CSC1CC(=O)NCCCN(C)C,-4.699,0.6344561943288999,319.4960000000001
CCC(CC)C(=O)NNC1CCCN1c1nc(NCc2ccccn2)ncc1S(=O)(=O)c1ccc(F)c(C)c1,-7.699,0.2392808277783287,555.6800000000002
CC(C)(C)C(=CC(=O)C1CC1c1ccccc1)c1ccco1,-6.948,0.7358435131280718,294.394
COc1c(F)cc(NC(=O)c2ccncc2F)cc1F,-6.768,0.9413703764985795,282.221
COc1ccc2nccc(C=NNC(=O)OC(C)(C)C)c2c1,-6.529,0.698111293908026,301.34600000000006
C=C(C=C(C=CC)c1cccnc1)C(=O)N1CCNCC1,-7.08,0.6791056207357092,283.37500000000006
CC(C)Oc1ccc(-n2cnnn2)cc1,-5.947,0.7588900731233074,204.23300000000003
COC(=O)C(NC(=O)Oc1ccc(CC(C)NC(=O)NC(C)(C)CSSC(C)(C)C)cc1)C(=O)C(C)OC(O)(CCC(=O)O)NC(=O)CC(S)CC(=O)NC(CCCCN(C)C)COC(C)(C)C,,,
COc1ccc(N2C(C=O)CCN(CCN(C)C)C2S)cc1,-5.696,0.6348417112660372,323.46199999999993
C1c2c(CC=CC=1)ccc1oc3c(cccc13)-c1nc(ccc1)-c1ccccc1-c1ccccc1-c1nc(-c3ccccc3)nc3c1cccc3,,,
O=C(Nc1ccccc1)c1ccc(NC(=O)c2cn(CCOc3cccc(Cl)c3)nn2)cc1,-8.083,0.4018731633026967,461.9090000000002
Cc1ccc(S(=O)(=O)NCC(C)O)cc1,-5.625,0.7965074678248558,229.30100000000002
CC1=C(SC2COCC2C(F)(F)F)C(C)C2CCC(C)C12,-6.184,0.7167376064523687,320.4200000000001
Cc1c(-c2ccccc2)nc2c3c(=O)c4ccccc4[nH]c3c(N3CCCC3)cn12,-7.726,0.43319320954272045,394.4780000000002
O=C(COC(=O)c1csc2c1CCC(c1ccc(Cl)cc1)C2)NNC(=O)c1ccc[nH]1,-8.266,0.4020987994272545,457.9390000000001
CC#CCC(=O)c1ccc(C)s1,-5.227,0.5023515489821226,178.25599999999997
CC1=C2CCC(C)C1(C)C2(C)C,,,
CC1CN(S(=O)(=O)c2ccc(Cl)cc2)CCCN1C(=O)c1ccno1,-5.325,0.811218756815941,383.8570000000002
Cn1c(Oc2ccc(C3=C([N+](=O)[O-])CCCC3)cc2)nc2cccnc21,-7.175,0.5166649130346452,350.378
COCCOc1ccccc1C(=O)Cn1nnc2ncnc(N)c2c1=O,-6.639,0.46057378279258887,356.3420000000001
ClCc1cc(Cl)c(NC2CC2)nc1Cl,-5.518,0.6543669229421842,251.54399999999998
CCCN1C(=O)C(C)(C)Oc2ccc(CNC(=O)c3ccccc3[N+](=O)[O-])cc21,-6.862,0.5942255433267938,397.4310000000001
CCC(NS(=O)(=O)c1ccccc1)C(=O)N(C)c1ccc(F)cc1F,-6.351,0.8525269073511469,368.4050000000001
CC(C)C1CC2CC3CC(C2)(C1)C3(O)c1ccc2c(c1)Nc1ccccc1C(=O)N2C,,,
NCCCCC(NC(=O)C(Cc1ccccc1)NC(=O)C(N)C(=O)O)C(=O)O,-6.468,0.18889717568903994,394.42800000000017
CN(C)C(=O)CNC(=O)C1(F)CCCN(c2ccc(F)cn2)C1,-6.989,0.8860140469333908,326.347
C#CCCC(NC(=O)OCC1c2ccccc2-c2ccccc21)C(N)=NO,-7.883,0.2415506611963964,363.4170000000001
n1c2n3c(c(c(c3)CCCCNC(=O)N(C)C)-c3ccc(F)cc3)sc1cc(cc2)C(N1CCN(CC1)Cc1ccccc1)=O,,,
CC(C)Oc1ccc2nccc(C(=O)NC3CCC(c4cccc(-c5nc6ccccn6c5C#N)c4)N(C)CC3)c2c1,-7.346,0.26806942862472377,558.686
COc1ccccc1S(=O)(=O)N(C)Cc1cc(Br)cs1,-6.2,0.8042876414399712,376.29699999999997
O=C(O)C1CCCC(C(=O)NCC2(O)COC2)C1,-6.787,0.6454285455656139,257.286
C=CCC(O)(CCC#Cc1ccccc1)C(=O)c1ccccc1,-5.648,0.4972428084711128,304.389
Cc1ccc2c(c1)CC(c1ccc(F)c(F)c1)CC2,-7.922,0.7038220894488034,258.311
CCn1ncnc1CC(O)c1cc(F)cc(Br)c1F,-6.895,0.8759892065543783,332.148
CN(CC(=O)Nc1cc(Cl)cc(Cl)c1)S(=O)(=O)c1ccc(-c2ccc(S(N)(=O)=O)cc2)s1,-8.064,0.4788610430306832,534.4680000000002
n1nnn(CC(Nc2ccc3OC4(Oc3cc2)CCCC4)=O)c1C1CC1,,,
C=CCN(CCN)C(=O)NC(C)c1nc(C(=O)OC)cs1,-5.907,0.5811639847849,312.39500000000004
Cc1n[nH]c(C)c1C(=O)CN1CCCC(C(F)(F)F)C1,-6.928,0.8697096353277172,289.301
Cc1cccc(NCc2cc(Cl)c(OCc3ccccc3Cl)c(I)c2)n1,-7.157,0.3940503307607776,499.1790000000001
COC(=O)C1=CC(CCCc2ccc(OC)cc2)C2=C(N1)C(N1CCOC1)C(=O)OC2=NS(=O)(=O)c1ccc(C)cc1,-7.141,0.43170611019215366,595.6740000000003
CN(C)C1(CNCc2cc(F)ccc2Cl)CCCC1,-6.362,0.8909453663350083,284.80600000000004
Cc1cccc(CN(C(=O)CN(c2cc(Cl)ccc2Cl)S(=O)(=O)c2ccccc2)C(Cc2ccccc2)C(=O)NC(C)C)c1,-6.941,0.1855401099264146,652.6440000000001
COCc1ccc(NC(=O)N2CCc3nc(NC(C)=O)sc3C2COC)cc1,-6.622,0.7720280946192649,404.49200000000013
CN(CCNC(=O)c1nc(N2CCCC2)ncc1Cl)C1CCC1,-6.262,0.8592834603849865,337.8550000000001
CCCNC1CCN(C(C)C)CCC1CC,-4.002,0.7752604610008391,226.40799999999996
CC(C)NCC(Cc1ccncc1Br)c1ccc(Cl)cc1,-6.138,0.7913284064612223,367.7180000000001
O=C(Cc1cn[nH]c1)NCC1CCCOC1,-6.213,0.7805359906491349,223.27599999999993
COc1ccc(C=CC(=O)N(C)C2CCN(C)CC2)cc1[N+](=O)[O-],-7.101,0.4688190064809088,333.38800000000003
CCC1C(C)=C(CC(=O)Nc2ccccc2-c2ccccn2)CCc2cc(N)ccc21,-5.877,0.3927033334501551,411.5490000000002
CC(=O)c1ccc(OC2(C)CCCC2)c(-c2ccc3cc(NC4CCC4)ncc3c2)c1,-7.713,0.45171475686602947,414.5490000000001
COC(=O)c1ncoc1-c1c(F)cccc1OC(F)(F)F,-5.65,0.643626842197818,305.183
CCOCC1=C(Cl)C(=O)N(CC)c2c(nc3ccccc3c2Nc2ccc(OCC)cc2)N1CC,-5.056,0.3899113505660211,495.02300000000025
CS(=O)(=O)C1(CNCc2ccc([N+](=O)[O-])s2)CCOCC1,-5.892,0.6224862530273366,334.4190000000002
CN(N)C(=N)ON,-3.999,0.15278675763057306,104.113
CCOC(=O)c1ccc2c(-c3ccc(Br)cc3)c3n(c2c1)CCc1ccc(Cl)cc1C3,-6.412,0.28580554574837796,494.8160000000003
c1csc(C(C2CCOCC2)N2CCOC3(CCC3)C2)n1,-6.601,0.85981991013497,308.44700000000006
O=C(NC1(c2ccccc2)SC(CCO)NC1=O)c1ccccc1,-6.447,0.7747249019542869,342.42
O=C(CCl)c1ccccc1C(=O)c1ccccc1,-6.128,0.6226249052421879,258.704
Nc1nc(-c2ccc3c(c2)CN([S+]([O-])c2cccc(C(F)(F)F)c2)CC(=O)N3)cs1,-5.807,0.5883365906451203,452.48300000000006
Cc1cc(CNO)cc(C)c1OC1CCC1,-5.878,0.7680463136948078,221.29999999999995
COCCC(C)C(O)C1(O)CCCC1,-5.087,0.7067318991974213,202.29399999999993
CC(F)(F)SCCNC(=O)c1c[nH]c2ccccc12,-6.32,0.8278638287750452,284.3310000000001
O=C(CC(C(=O)N1CCCC1)N(C(=O)c1ccc([N+](=O)[O-])cc1)C1CCCCC1)NC1CCCCC1,-7.068,0.42632817568260684,498.6240000000005
C=c1c(=Cc2cc(N(CC)CC)ccc2S(=O)(=O)O)[nH]c2ccc(S(=O)(=O)O)cc12,-6.897,0.4882104014507967,450.5380000000001
CCNC(CCCC(F)(F)F)c1csc2c1CCCC2,-6.235,0.7787136611405171,305.40900000000016
C=CCn1c(COc2ccc(Cl)cc2Cl)nnc1SCC(=O)Nc1ccc(Cl)c(Cl)c1,-7.084,0.2628949679604671,518.2530000000003
Nc1cccc(C(=O)N2CCC(CO)C2)n1,-6.238,0.7429712766932812,221.25999999999996
CCn1nccc1NC(=O)NC(CN1CCC(C)CC1)c1ccc(F)cc1,-7.432,0.8126656534495675,373.4760000000001
CCN(c1noc(CN)n1)C(C)C,-5.249,0.7479026709717491,184.243
O=C(CC(=O)N1CCCCCC1)Nc1cccnc1,-5.16,0.8440482388844984,261.325
CCS(=O)(=O)Cc1ccc(OC(F)(F)F)c(CNc2ccccc2Cl)c1,-6.633,0.7168753667887738,407.841
N#Cc1ccc(C(=O)N2CC3CCCC3C2CN)cc1,-7.139,0.8889599678045529,269.34799999999996
CC(F)(F)c1ccc2c(c1)C1CC(=O)C(CS(=O)(=O)CC3CSCCN3)(C1)N2C1CCOCC1,-6.982,0.6253291800439985,514.6600000000003
C[C](C)C(=O)OCC(C)O,-4.511,0.5889165916369226,145.17799999999997
C=CCCC=C(C)C(=O)OC(C=CCCCCC)=CC,-5.407,0.1317699469018896,276.41999999999996
CC(=O)c1cc2c(cc1C(=O)O)S(=O)(=O)OC1CCCCC21CCNC(=O)C1OC1C,-7.61,0.3789866281772017,451.49700000000036
O=C(CCOc1ccc(Cl)cc1)NCCCC1CCOC1c1ncn[nH]1,-6.643,0.6547254811817043,378.86000000000007
CC1(C)C2=CC=CC(c3cccc4c3-c3ccccc3C4c3ccccc3-c3cccc(-c4nc(-c5ccccc5)nc(-c5ccc(-c6ccccc6)cc5)n4)c3)C21C,-8.603,0.16248668948562975,757.981
Nc1cccc(Cn2ccc(C(F)(F)F)n2)c1F,-7.057,0.6652497599948676,259.20599999999996
CC(C)C(C)Nc1nc(-c2cnccn2)ncc1Br,-6.458,0.9366727571607764,322.21000000000004
CCCCN(C)C(=O)c1cccc(NC(=O)C(Oc2ccccc2)c2ccccc2)c1,-6.75,0.5137172193632699,416.5210000000001
CNC(=O)Nc1nnc(-c2ccc(Br)o2)o1,-6.746,0.8786561508392315,287.07300000000004
Nc1ccsc1CN1CCN(CC2CCCCC2O)CC1,-5.559,0.8930759179278823,309.47900000000004
CC(C)CC(NC(=O)Cn1cnc2ccccc2c1=O)c1ccccc1,-6.557,0.7425327951958879,349.4340000000001
Cc1ccc(NC(=O)CSc2ccc([N+](=O)[O-])cc2)cc1S(=O)(=O)N(C)C,-6.949,0.42773047788405705,409.48900000000015
O=C(O)C(Nc1cc(Br)ccc1F)c1c(F)cccc1F,-7.057,0.863184948867184,360.129
CCCCCC(C)C1(C(=O)OC)NC(O)C2C(=O)N(c3ccc(B4OC(C)(C)C(C)(C)O4)cc3Br)C(=O)C21,,0.20494053728606312,593.3240000000003
NC(=O)CSC1=NC(=Cc2ccccc2F)C(=O)N1C[P+](c1ccccc1)(c1ccccc1)c1ccccc1,-6.586,0.2568967591586299,554.6070000000002
O=C(n1c(=O)c(O)cn(CC2CCCCC2)c1=O)P(=O)(O)O,-6.209,0.6824952028536084,332.2489999999999
O=CC1=C2CCCS(=O)(=O)C23CCC(c2ccc(C(F)(F)F)c(F)c2)=CC=C13,-6.334,0.5343659980707187,412.404
O=C(NNC(=S)Nc1ccccc1)c1ccc(Br)cc1F,-6.715,0.5629756640791824,368.23100000000005
O=C(Cc1ccc(OC(F)F)cc1)NC1C2CCOC2C1c1ccccc1,-8.171,0.842922417682263,373.39900000000006
COc1cc(C2=NC(c3cc(OC)c(OC)c(OCc4ccc(Cl)cc4)c3)=NC2=O)cc(OC)c1OC,-7.619,0.3776992939972548,524.9570000000003
CC(=O)N1CCCCC1c1c(C)oc2nc(C(C)C)nc(N3CCCCC3)c12,-6.69,0.7661950855593759,384.5240000000003
O=C1CC(c2ccccc2)CN1CC1Cc2ccccc2O1,-7.791,0.8703857612635484,293.366
CCc1ccc(S(=O)(=O)N2CCc3ccc(OCc4ccc5c(c4)OCO5)cc3C2)cc1,-8.737,0.5590431744340821,451.54400000000027
CC(C)(C)c1ccc(OCc2ccccc2Br)cc1,-6.806,0.7432231869281298,319.24199999999996
COC1CCCC(CNc2cc(F)c(F)cc2F)C1,-6.659,0.8441243319958489,273.29800000000006
CC1(CC2CCN(Cc3ccc(Cl)cc3Cl)CO2)CCNC1=O,-7.275,0.8974481472647416,357.28100000000023
CCC1=C2NC(=C(C)O1)CC2C(=O)O,,,
CC(C)(C)CC(C)(C)NS(C)(=O)=O,-4.658,0.7660875605597318,207.339
CC(C)Oc1ccc(-c2csc(NC(=O)C(C3CC3)S(=O)(=O)c3ccccc3)n2)cc1,-6.797,0.5268079356716342,456.5890000000002
CC1CN(c2ccncc2)CCN1C(=O)OC(C)(C)C,-5.659,0.7910619336844497,277.368
C=CC(=O)NC1CCc2c(nc(Cl)nc2N2CC3(CN(C(=O)C(C)(C)O)C3)C2)C1,-6.881,0.5505660758942377,419.9130000000003
COc1ccc(C2(C)C=CC3CCCC(C)(C)C3C2(C)C(C)(C)C)cc1,-6.919,0.5185714382012004,354.5780000000001
CN1C(=O)CC23COC(=O)N(c4nccc(Cl)n4)CCC2(C)C2(C)CCC4(C(=O)C(C(CC(=O)OC5CC6CC(Cl)COC6C5)C5CC5)CCC4C13)C2C(=O)O,,,
CCC=CC(O)CC(Cl)CP(=O)(O)O,-5.923,0.3746391242597169,242.63899999999998
c1ccc2c(c1)c1ccccc1c1c3c(ccc21)CN3,-7.168,0.4323740468464965,255.31999999999996
CN(C)CCOc1ccc(NC(=O)CNC2CC2)cc1Cl,-5.79,0.770556681450025,311.813
COc1ccc(Cl)cc1C(=O)CCC(=O)NC1CCC(C)(C)NC(C)(C)C1,-4.942,0.711733596761039,394.9430000000002
Nc1cc([N+](=O)[O-])c(Cl)cc1NCC1CCCO1,-6.267,0.4985101171608951,271.704
C=C(C)COc1cc(C)ccc1NC(=O)c1ccc(Cl)cc1,-6.627,0.8004611291559447,315.8
O=C(C1=[N+](c2ccccc2)C(c2ccccc2)Oc2cc([N+](=O)[O-])ccc21)[N+](O)(c1ccccc1)c1ccccc1,-7.333,0.08126914890241402,543.5790000000003
CC1Cc2ccccc2N(C(=O)NC(C)C(=O)NC2CC2)C1,-6.86,0.8974939352627214,301.3900000000001
NS(=O)(=O)c1ccc2c(c1)CCN2C(=O)c1ccc2c(c1)OCO2,-7.764,0.8826322248732414,346.3640000000001
C=Cc1ccc(CN2C(=O)OCC2C(C)(C)C)cc1,-6.431,0.8280529927770718,259.349
COC(=O)C1CCN1C(=O)NC1CCSc2ccccc21,-6.679,0.8509365422130394,306.38700000000006
CC(=O)OCC1OC(OP2(=O)OCC3OC(n4cnc5c(N)ncnc54)C(Cl)C3O2)C(OC(C)=O)C1OC(C)=O,-7.228,0.19795227083284486,605.8810000000002
COC(=O)CC(C)C(=O)N1CCC(O)(c2ccc(OC3CC4CC4C4COC(=O)C4C3(C)C)cc2)CC1,-5.986,0.5825217865253044,513.6310000000003
CCCc1cn2nc3ccccc3c2cc1-c1cccc(OC)c1,-7.47,0.5224614990160653,316.40400000000005
Cc1ccc(N(CC(=O)NN=C2CCCCCC2)S(=O)(=O)c2ccc(Cl)cc2)cc1,-5.457,0.5158041522297884,447.98800000000006
CCN(CC)C(=O)c1ccc(NC2CCN(C(C)=O)CC2)cc1,-6.405,0.9079841190392978,317.4330000000001
CS(=O)(=O)NCC1(S(=O)(=O)Cl)CC1,-4.72,0.6881479692876861,247.72499999999997
CC(C)(C)C(=O)NCc1cccc(-c2nnc3cc(OCC4CCC4)c(-c4ncco4)nn23)c1,-7.61,0.4383208282353513,460.5380000000003
CCC(C(=O)NC1CCCCC1)N(Cc1ccc(F)cc1)C(=O)CC(c1ccccc1)c1ccccc1,-7.112,0.3407833660552574,500.6580000000002
CCC1CC2OC12OC,-3.731,0.5203495274823652,128.17099999999996
CN(C)c1ccccc1C(=O)NCc1cnccc1-c1nccn1C,-7.023,0.7779618171541927,335.411
CC(CC(=O)N1CCCC1)NS(=O)(=O)c1ccccc1,-6.38,0.8920610550927507,296.392
O=C(Nc1ccc(Oc2cc(N3CCCC3)ncn2)cc1)c1c(Cl)cccc1Cl,-8.171,0.5861352817824127,429.307
CNC(=O)c1ccc2c(c1)CCC2,-5.979,0.688765745595382,175.23099999999994
CN(C(Cc1ccccc1)(c1ccc(Br)cc1-c1ccccc1)C1CCNCC1)S(=O)(=O)Cc1ccccc1,-6.684,0.2239260094482349,603.6260000000002
Clc1c(Cl)cc(cc1)C(CSc1nc2c(c(n1C[C@H]1CCCO1)=O)c1C[C@@H]3CCN(C)C[C@H]3n1c1ncn(c21)C)=O,,,
CN(Cc1ccc(OC(F)(F)F)cc1)C(=O)CCn1cccn1,-6.679,0.8195695450017174,327.306
Cc1cn2c(S(=O)(=O)Cl)cnc2c(C)n1,-6.01,0.7101500444764128,245.691
Cc1ccc(OCCC(C)N(Cc2ccccc2)Cc2ccccc2)cc1,-6.525,0.4746805234357581,359.5130000000001
N#CC1CNOC1c1ccc(-c2ccccc2)cc1Cl,-7.386,0.9139349706944354,284.746
CC(CNC(=O)C1(N)CC1)c1ccccc1,-6.554,0.8022287832190764,218.3
CC(C(=O)Nc1ccc2c(c1)OCCO2)N1CCN(S(=O)(=O)c2c(F)c(F)c(F)c(F)c2F)CC1,-8.777,0.36978355126346246,521.464
CC(C)(C)n1nnnc1SCC(O)CNc1cccc(Cl)c1,-7.161,0.7865937115174786,341.86800000000005
CS(=O)(=O)CCCCC(N)c1cccc(C(F)(F)F)c1,-6.321,0.821960092732254,309.353
Cc1cc(-c2ccc(O)cc2)sc1C#CC(C)(C)C,-6.211,0.7360421315319241,270.397
CN(C1(CN2CCC(CNC(=O)c3cnc(N)cn3)CC2)CC1)S(=O)(=O)C1CC1,-6.627,0.6239309525697687,422.5550000000003
COc1cccc(CN2CC(N(C(=O)COCc3noc(=O)[nH]3)C(C)c3nc4ccc(Cl)cc4[nH]3)C2)c1,-7.349,0.3224932296470983,526.9810000000001
CC1CCC2(C)N1CCN2C1CCN(c2cc(C(=O)N3CCCC3=O)ccc2Cl)CC1,-7.47,0.6665882382547416,445.0070000000003
CN(C1CCCCC1)C(C)(CN)c1cccc(Cl)c1,-6.697,0.9094411993204498,280.843
CCCCC(=NO)C(=O)CC(C)C(=O)NC1CC1,-5.399,0.39414462821882124,254.32999999999996
O=C(Nc1ccc2c(c1)OCO2)c1ccc(NS(=O)(=O)c2cc3cc(F)ccc3o2)cc1,-9.109,0.4642844178355611,454.4350000000002
Cc1c(C(=O)N2CCNCC2)sc2cccc(Cl)c12,-6.001,0.8769738267039189,294.807
CCCCCCCCCCCCNOc1ccccc1,-4.689,0.37999947029378867,277.452
Cn1nnc(CNC(=O)c2[nH]ncc2N)n1,-6.333,0.5762083580177123,222.21200000000002
CC(C)CN(C)CC1COc2ccccc2O1,-5.589,0.7996763143366619,235.327
COC(=O)c1nc2cc(F)cc(-c3ccn(C)n3)c2cc1C1CC1,-6.307,0.6922853225229813,325.34300000000013
CC(C)CCNCC(=O)NCCc1cccc(Cl)c1Cl,-6.129,0.7225190517575314,317.26
CC1(C)C=CC2(CC(=O)c3ccccc3)Oc3ccccc3C2C1c1ccccc1,-7.245,0.3701880196664003,394.5140000000001
CSc1nc(N2CCCC2)cc(N2CCCN(Cc3ccccc3C)CC2)n1,-5.612,0.5637807854692539,397.59200000000016
O=c1[nH]c(NCC(Nc2nc(C3OCCC(CO)O3)c(C3CC3)s2)C2CCC(F)(F)CC2)no1,-7.96,0.4084876154989222,501.5560000000003
COc1ccc(-c2cc(C)nc3nc(-c4cc(C)c(O)c(C)c4)[nH]c(=O)c23)cc1,-7.035,0.5474040706147013,387.4390000000001
CCCS(=O)(=O)c1nn(-c2ccccc2)c(N)c1C(=NNC(=O)c1ccc(O)c(C)c1)S(=O)(=O)c1ccc(C)cc1,-7.689,0.1575442807009041,595.7030000000002
C#CCOC(=O)CSN(CCO)C1CCCC1,-5.577,0.4195358140851496,257.35499999999996
C1C2(C(=O)O)CC[C@H]([C@H]2c2cc(-c3c(C)cccc3O)cc(n2)OCCCOC)=C1C,,,
O=C(C=Cc1cn(-c2ccccc2)nc1C1CC1)OCc1ccccc1,-6.736,0.4881714998575147,344.4140000000001
CCC(Oc1cnn(C)c1)C(=O)Nc1cc(Cl)cc(Cl)c1,-6.459,0.9135186641872156,328.19900000000007
CCCC(=O)Nc1cc2c(cc1[N+](=O)[O-])C(c1ccc(OC)cc1)=NS2(=O)=O,-7.437,0.5833157163918189,403.4160000000001
Nc1nc2c(c(N3CCOCC3)n1)CN(C(=O)N1c3nncn3CC3OCCCC31)CC2,-7.716,0.651838620880232,441.49600000000027
Cc1nn2ncc(C3=CCN(C(=O)CC(C)C)CC3)nc2c1-c1ccccn1,-6.664,0.6990316192594808,376.46400000000006
CCCOC(=O)c1c(-c2ccc3c(c2)OCO3)c2ccc(Cl)cc2[nH]c1=O,-6.717,0.6826388316829153,385.803
O=C(O)c1sc2ccccc2c1CN(CC1CCCO1)C1CC1,-5.746,0.875827965431102,331.4370000000001
N#Cc1cccc(-c2nc3ccccc3nc2-c2cc(C#N)ccc2-n2c3cnccc3c3c(-c4cccc(C#N)c4)cccc32)c1,-8.614,0.1997456232396385,599.6570000000003
CN1C(=O)Cc2cc(C(=O)C3=CCCCC3=O)ccc21,-7.655,0.6097698100434416,269.29999999999995
CC1CCC2(CO)CCC3(C)C(=CCC4C3(C)CCC3C(C)(C)C34C)C2C1C,-7.638,0.48975908628605286,384.64800000000014
NCCCOC(=O)[PH](c1ccccc1)(c1ccccc1)c1ccccc1,,,
OCc1cccc(Nc2cc(-c3ccncc3)nc(NCC(F)(F)F)n2)c1,-7.577,0.6087318149690764,375.35400000000004
Cn1cc(-c2nc3scc(-c4cccnc4)c3n2CC2CCCCC2)cn1,-6.919,0.49460716839842994,377.5170000000003
Fc1ccc(-n2ncc(Br)c2CNC2CC2)cc1,-6.122,0.9405847584638969,310.1700000000001
COC(=O)C1CCC1C(=O)Nc1ccccc1Cl,-6.327,0.8562549395459162,267.712
CCNCC1(SC(F)(F)F)CCC(C)CC1,-5.205,0.8197657571938652,255.3489999999999
CC(C=CC=C(C)C=CC1=C(O)C(SC2CCCCC2)C(O)CC1)=CC=CC=C(C)C=CC=C(O)C=CC=C(C)C=CC1=C(C)CCCC1(C)C,,,
CC(C)CC(NC(=O)Nc1ccc(C(=O)C(C)(C)C)cc1)C(=O)Nc1ncc(Cc2ccccc2)s1,-8.009,0.3036337637472081,506.6720000000002
C=C(Br)CNC(=O)C=Cc1ccc2c(c1)OCO2,-6.115,0.8691437988916295,310.1470000000001
CC(C)NCCC(=O)NC(C)C(C)C,-5.261,0.6825527702839641,200.326
Nc1c(Cl)ccc(NCCc2ccc(Cl)cc2)c1Cl,-6.59,0.788830345334564,315.631
O=C(NCC1CCOC1)C1(c2c(F)cccc2F)CC1,-6.409,0.9180669627961152,281.302
Cc1ccc(NC(=O)c2ccsc2)c(-c2nc3cc(C)ccc3o2)c1,-8.288,0.5372667743753944,348.42700000000013
CN(C)CCN(CC(=O)Nc1ccccc1F)C(=O)c1cc(CCCOc2ccc3c(c2)CCC(=O)N3)c2c(c1)OCCN2S(C)(=O)=O,-8.576,0.2617572061370132,681.7870000000003
Fc1cccc(CNOC2CCCC2)c1,-6.147,0.7697872699709681,209.26399999999995
CC1=C(C)C(c2cccc(C)c2)=O)c2ccccc2[nH]1,,,
Cc1cc(Br)ccc1NC(=O)C(C)SCC(=O)Nc1ccccc1C(F)(F)F,-6.994,0.5824510887397142,475.33000000000015
CCC(N)CC(CC)(CC)OC,-4.373,0.6687233521907232,173.29999999999998
O=C(OCC1CCCCC1)c1cc2oc(-c3ccc(-c4ccccc4)cc3)cc2s1,-7.25,0.31502811835274536,416.5420000000001
Nc1nc2ncccn2n1,-5.078,0.5383637047155415,135.12999999999997
O=C(NCc1ccc(Oc2cccc(F)c2)cc1)c1cncc(Cl)c1Cl,-7.54,0.6464995350732543,391.22900000000016
O=C(O)N1CC2CCCNC2C1,-5.07,0.5511958321706241,170.212
CC(C)(C)OC(=O)NCC(O)(c1ccc(F)c(F)c1)c1ccccc1C(F)(F)F,-6.956,0.7066590417897124,417.374
O=C(O)c1cccc(C(=O)NCCS(=O)(=O)NCC(F)(F)F)c1,-7.366,0.6636038148873816,354.306
CC1CCCC(C)C1NCC(O)Cn1cncn1,-6.124,0.8221011632772198,252.362
CCC12CC(N)CCC1(C(=O)O)OCC1CC(NC(=O)c3ccc4ccccc4c3)CN1C2=O,-6.398,0.6370031605031798,465.55000000000024
CS(=O)(=O)n1cc(Cl)c2c(-c3ccc(C(=O)NC4(C(=O)NCc5cccs5)CCC4)cc3F)ccnc21,-8.062,0.34941336989759386,561.0600000000002
COc1ccccc1N1C(=O)C(=Cc2c(-c3ccc(F)cc3)cnn2C(C)C)C(=O)NC1=S,-6.997,0.3494351320783229,464.5220000000001
COc1cccc(C2C(c3ccc(F)cc3)CCN3C(=O)CCC23C(=O)Nc2cccc(F)c2)c1,-8.5,0.5477187137508461,476.5230000000002
CC1(C)CCC(CC(=O)O)CC(CO)N1,-4.179,0.6563858942175762,215.293
COc1cc(NS(=O)(=O)c2ccc3ccccc3c2)cc(OC)c1OC,-6.555,0.7136510000844399,373.4300000000002
COC(=O)C(C)(CCCCCCCCC(F)(F)F)NC(=O)c1cnc(C(F)(F)F)nc1,-6.407,0.2922308047412368,457.415
CCC12CC(O)C1CCN(c1ccccc1OC)C2,-6.167,0.907737952461112,261.365
COc1ccc(CNc2oc(-c3cccs3)nc2C#N)cc1,-6.619,0.7735651575536036,311.36600000000004
Oc1cccc(Cc2c(O)ccc3[nH]c4ccccc4c23)c1,-7.857,0.5143972142192801,289.33400000000006
OCC[N+]1CCC1,-3.122,0.46716109472636436,101.149
Oc1cc(-c2ccc(NNc3ccccc3)nc2)cc(O)c1O,-7.215,0.37459283031480706,309.32500000000005
CCCCOc1cc(NC(=O)Cc2coc(-c3cccc(OC)c3)n2)ccc1OC,-7.518,0.48715740553704123,410.47000000000014
CC(C)NC(=O)CCCNC(=O)CON,-5.518,0.38800818021316064,217.26899999999998
Cc1ccc(S(=O)(=O)N2CCCC2)cc1C(=O)OCC(=O)N1CCCc2ccccc21,-6.682,0.6651010046318874,442.53700000000026
COc1ccc(N=C2NSC(=Cc3cccc(OC)c3OC(C)C)C(=O)N2)cc1,-6.616,0.5524547840554456,413.4990000000002
Cc1nc(CSC(N)=NCc2ccc3c(c2)OCO3)cs1,-6.71,0.6924009284233105,321.427
CC(N)(c1c2ccc3c4c2c(cc1)c1c(C(N(Cc2ccc5C(c6ccc(cc6C#N)F)=C6C=C(C(NS(=O)(=O)C(C)(C)C)=O)C=Cc5cc6-c5c2c1c(cc5)c3)=O)C4=O)C(C)C)C,,,
Cc1ccc(N2CC(NC(=O)Nc3ccccc3)CC2=O)cc1C,-7.535,0.9107809510261821,323.39600000000013
NC(=NO)c1ccc(Oc2cccnc2N)c(Cl)c1,-6.214,0.34524978942885653,278.69899999999996
INc1noc2c1CCCC2,-4.728,0.6244447182725806,264.066
Cc1nn(-c2ccccc2)c2ncc(C(N)=O)c(NC3(C(C)C)CN(CCCS(N)(=O)=O)C3)c12,-6.415,0.41683528816043364,485.6140000000004
CC(C)(C)OC(=O)c1cnc(Cc2ccc(C(O)Cc3ccccc3)cc2)c(Cl)c1,-7.628,0.5272691326113987,423.94000000000005
O=C(O)CN(c1ccc(Cl)cc1)S(=O)(=O)N1CCOCC1,-5.596,0.8606022868266909,334.7810000000002
CCC(C)C(=O)NCC1CN(C2CC2)C(=O)c2cc(Cl)c(Cl)cc2O1,-5.035,0.8439445724516224,385.2910000000001
Cc1cccc(NC(=O)c2cc(C)nc(NC(C)C)n2)c1,-7.004,0.9046541953208077,284.363
Nc1ccc(N2CC3CCC(N)C3C2)c(C(=O)O)c1,-6.414,0.6942035024136387,261.325
CC(CN)NC(=O)c1cc(COc2ccccc2Cl)cs1,-7.057,0.8579984416766768,324.83299999999997
COCC(C)OC(C)C(=O)N1CC(=O)Nc2ccccc21,-6.203,0.89076156838499,292.33500000000004
COc1ccc(F)c(C2CN3CCCN(C(=O)CC4CC(OC)CN4C)CC2C3=O)c1,-5.36,0.7077492220926082,433.52400000000017
Nc1ccn(C2OC(CO)C(OP(=O)(O)O)C2(O)COP(=O)(O)OP(=O)(O)OP(=O)(O)O)c(=O)n1,-6.368,0.11751499474575243,593.1610000000002
COc1c(CC2(CN3CCOCC3)OCCCC2O)cccc1-c1ccccc1C,-7.155,0.7890577844040422,411.54200000000003
C=CC(O)c1ccc(F)c(Br)c1,-5.82,0.7756077065897273,231.064
CCOC(=O)NC1C=CCC(c2ccc(F)c(Br)c2)C1,-7.099,0.8388741681691492,342.20799999999997
CN(C)CCn1ncc(NC(=O)NC(c2ccc(C(F)(F)F)c(F)c2)C(F)(F)F)c1C(F)(F)F,-7.653,0.5365635798237682,509.348
CC(Cl)C(C)NC(=O)c1cccs1,-5.403,0.774961062522841,217.721
FC(F)Oc1ccc(-c2nnc(SCc3csc(-c4ccc(Cl)cc4)n3)o2)cc1,-8.437,0.302541470700084,451.9070000000001
Cc1c(N)cc(Cl)cc1S(=O)(=O)NC1CCOC1C,-6.578,0.8326335448685291,304.7990000000001
CCCCSc1nc2nc3c(c(NCCN4CCOCC4)n2n1)CCCC3,-6.094,0.5488571436230864,390.5570000000003
CCCCC(Nc1cc2c(cc1OCc1ccc(OC)cc1)CC(c1cc(O)c(OCC)c(OC)c1)C1CCC(N(C)c3ccccc3)=CC21)C(O)C(O)C(=O)O,,,
CCCCCC(C)(P)CCC1CCCC(O)C1,-5.924,0.5251272901670018,258.38599999999997
O=C(c1ccc(N2CCCNC2=O)cc1)N1CCC(C2CCCc3ccnn32)CC1,-7.843,0.8492222526271456,407.51800000000026
C=CC=C(C)c1c(N)cccc1C(Nc1ccccc1Nc1ccc(Oc2ccc3ccccc3c2)cc1)c1cc(Oc2ccc3ccccc3c2)ccc1Oc1ccccc1,,,
COc1ccc(CN2CCN(C(=O)C3CC=CCC3)CC2)cc1OC,-7.067,0.7704374195749031,344.45500000000015
CCOC(=O)c1nnc(CCOC(C)=O)o1,-5.711,0.6711866330659471,228.20399999999995
CC(=O)Nc1cccc(-n2c(SCc3nc4c(cnn4C4CC4)c(=O)[nH]3)nnc2-c2ccc3c(c2)OCCO3)c1,-9.11,0.2868509601847724,556.6080000000002
CCC1NC(=O)C(Oc2cc(C)ccc2C)CS1,-6.58,0.9128079653832064,265.378
CC1CCC(Nc2nnc(C(C)C)s2)CC1,-6.043,0.8745449415135276,239.38799999999998
CCCCCCC(C)N1CCN(S(=O)(=O)c2n[nH]c(C)n2)CC1,-6.844,0.727640176193757,343.49700000000007
COC1(Cc2ccccc2)CCN(C(=O)OCc2ccccc2)C1,-6.936,0.8419981899317257,325.40799999999996
CC1=C(C(=O)O)N2C(=O)C(N(NC(=O)N(c3ccccc3)c3ccccc3)c3ccccc3O)C2SC1O,-7.015,0.27949033128347944,532.5780000000002
CC(=O)N1CCN(C(=O)NCC(C)C(C)(C)C)CC1,-6.171,0.8265299627933107,269.389
Cc1cccc(Cl)c1NC(=O)CN(C)S(=O)(=O)c1ccc2c(c1)N(C)C(=O)C2(C)C,-6.841,0.7590959455687074,449.96000000000026
COc1ccc(C(=O)Nc2cccc(C(C)=O)c2)cc1F,-7.106,0.8778454286715542,287.29
CC(Sc1ncc(-c2ccc(F)cc2)o1)C(=O)Nc1ccc(F)cc1F,-8.065,0.6432674116131839,378.375
CC(C)C1(NCC(F)(F)F)CC1,-4.377,0.7041699903489365,181.20099999999996
CC1NC(=S)N(CC(=O)N2CCCCC2)C(c2ccccc2)C1c1cccs1,-6.607,0.7635862649400471,413.612
CNC(C)C(=O)OCc1cncc(Br)c1,-5.755,0.8444648160593295,273.13
O=S(=O)(Nc1cccc2cc(Br)cnc12)c1cnccc1Cl,-6.657,0.7272501400746251,398.6690000000001
Cc1cc(C=Nc2ccccc2C#N)c(C)n1-c1cccc(Cl)c1,-6.928,0.593880603351145,333.822
c1ccc(-c2cccc(-c3nc(-c4cccc(-c5cc(-c6cccc7ccccc67)cc6c5sc5ccccc56)c4)nc(-c4cccc5ccccc45)n3)c2)cc1,-12.16,0.1702032894206022,743.935
Cc1ccccc1NS(=O)(=O)c1cc(N)ccc1F,-7.026,0.8484974507396171,280.324
Nc1nc(SC2CN(C(=O)CO)Cc3csnc32)c2cc(Cl)ccc2n1,-7.068,0.6422440045479245,407.90800000000013
CC1(C)CCCC1C(=O)Nc1ccc(Cl)c(Cl)c1,-7.143,0.8341104197851769,286.202
OCC(F)(F)c1ccncc1,-5.018,0.7020569877148354,159.135
CCc1nc2n(CC)c3ccc(C(=O)N4CCCc5ccccc54)cc3n2n1,-8.263,0.5479121398475391,373.46000000000004
CCCCCCCCCCC(CC)(OCCCCCCC)C(=O)O,-5.046,0.2805767922244459,342.5640000000001
COC(C)(C)C(=O)N1CCC(c2nn(C)c(=O)n2CCc2ccccc2)CC1,-6.586,0.7609987058276793,386.4960000000002
CNC(=O)COc1cc(C(=O)NC)ccc1C#Cc1ccc(NC(=O)C(c2ccc(OC)cc2)C(Oc2cc(C)cc(C)c2)C(=O)O)cc1,-8.291,0.16240252719202103,663.7270000000002
CCCC(CNC(c1ccccc1)c1ccc(F)cc1)C(=O)OCC,-6.083,0.6821458356760013,343.4420000000001
CC(C)(C)OCC(=O)c1cc(F)ccc1O,-5.754,0.8054310106264422,226.24699999999999
C=CCC1CCCN(C)O1,-4.098,0.5413472655422904,141.214
CC(=O)NC(CC(C)C)C(=O)NC(Cc1ccccc1)C(C)=O,-6.365,0.7679541817634522,318.41700000000003
CC(=O)NC(C(=O)N1C(=O)COC2CC(NC(=O)OC(C)(C)C)CC21)C(C)C,-6.33,0.7302606128786283,397.4720000000002
O=C1CCc2cc(C(=O)N3CC4CCNCC4C3)ccc2N1,-7.694,0.82033204494308,299.37399999999997
CCCCN(C)CCCNC(=O)c1cc(CN(CC)CC)c2nc3ccc(=O)cc-3oc2c1,-6.358,0.33072877240426296,452.5990000000002
CC12CCC3C(C)(CCC(=O)C3(CC#N)C1O)C2,-5.861,0.7737898434070618,247.33799999999997
c1ccc(-c2ccc(-c3nc(-c4nc5c6ccccc6n(-c6ccccc6)c5s4)cc(-n4c5ccccc5c5ccccc54)n3)cc2)cc1,-10.55,0.18711121572611178,645.7910000000002
Cc1cc2c(cc1N1N=CNN1)Cc1cc(N(C)C)ccc1O2,-7.519,0.7617164629435724,309.37300000000005
O=C1CCCN1Cc1ccccc1NS(=O)(=O)c1cccc(Br)c1,-6.729,0.8237139598171354,409.30500000000006
O=C(O)C1CC(NS(=O)(=O)c2ccc(-c3ccc(Cl)cc3)cc2)c2ccccc21,-8.726,0.6229382994768023,427.9090000000001
CC(C)(C)OC(=O)NC1CC(=O)N2CCNCC2C1,-6.144,0.7259148117432915,269.34499999999997
CC(C)c1c(C(=O)NCc2ccc3c(c2)n(C)c(=O)n3C)nc2c(c(O)c(O)n2C)c1C(C)C,-7.764,0.4182171908369133,465.55400000000026
CC1(C)C(=O)CC2C3CCC(=O)C2(C)CC(=O)C2C(C)(C)C1CCC32C,-4.744,0.6347890030185648,358.52200000000016
Cc1ccc(S(=O)(=O)N2CCCC(C(=O)N(CCc3ccccc3)Cc3ccccc3)C2)cc1[N+](=O)[O-],-6.572,0.3031786688977638,521.6390000000002
Cc1cccc2sc(C(=O)CCC#N)c(C)c12,-5.847,0.7642440088634778,243.33099999999996
CCCCCCCC(O)COCC1CCCCOC1C,-4.702,0.6184235076054561,286.45599999999996
c1ccc2c(N3CCn4cnnc4C3)nccc2c1,-7.027,0.6618770221615271,251.29300000000003
O=C(c1nccc2ccccc12)N1CCCCC1,-6.746,0.767565535460145,240.30599999999993
CCC(=O)Nc1ccc([S+](C)[O-])cc1,-5.937,0.7746012770087225,211.28599999999997
COc1ccccc1-c1nc(=O)n2cnc3c(ccn3C3OC(CO)C(O)C3O)c2n1,-7.355,0.40218215982506367,425.4010000000001
C[N+](C)(C)CCCP=O,-3.497,0.33413396055612343,148.166
CCCCC12CCC(c3ccccc3OCCc3ccccc3)(CC1)OC2=O,-6.358,0.5437598428263397,378.51200000000017
CCc1noc(C2CCN(C(=O)C3(CCC4CCOCC4)CNC(=O)C3)C2)n1,-7.741,0.7933562749166417,390.4840000000002
CC(C)(C)OC(=O)NCCC(=O)N1CCC(Cc2[nH]nc3ccccc23)C1,-7.435,0.8447830556861123,372.469
CC1CCC2C(C)c3cc(O)cc(O)c3CCC2C1C,-5.735,0.7336656262263493,274.404
Cc1cc(COc2ccc(C(=O)O)cc2Cl)nn1C,-6.485,0.9350121481070195,280.711
Cc1cc(Br)ccc1NS(=O)(=O)c1ccc(I)c(C(=O)O)c1,-7.439,0.6306588807544208,496.1200000000002
Cc1ccc(-n2ncn(CC3(O)CCN(S(C)(=O)=O)Cc4ccccc43)c2=O)cc1C(N)=O,-6.886,0.5550670084733778,471.53900000000027
C=CCN1C(=O)C(C)Oc2ccc(NC(=O)C3CCCCN3S(=O)(=O)c3ccccc3)cc21,-7.861,0.6559023292137405,469.5630000000002
CC(C)n1ccc(NC(=O)c2cc(NS(=O)(=O)c3ccc(Cl)cc3)cc3cn(C4(C)CC4)nc23)n1,-8.258,0.36055831180715714,513.0230000000003
CC(C)C(CN)Nc1ccc(Cl)cc1C(=O)O,-5.954,0.7563927859183943,256.733
CC(C)CCS(=O)(=O)NCc1ccc2c(c1)CCN2C1C=NC=CC1,-6.848,0.8122153581055809,361.5110000000001
CCC(=O)Nc1ccc(S(=O)(=O)Nc2ccc(-c3nc(-c4ccc(C)cc4)no3)cc2)cc1,-8.603,0.4053151098841787,462.5310000000002
COC1(C(=O)N2CCCC2)CCN(C(=O)C(C)Cc2ccccc2F)CC1,-7.713,0.7938339699035714,376.4720000000001
COc1ccc2c(c1)C1CC2C2CCC3CCN3C12,-7.545,0.7641688636040566,255.36099999999993
NC1=C2C=Nc3c(C(=O)NCc4ccc(CCC(=O)NC(Cc5ccccc5)C(=O)O)cc4)cccc3N2NN1,-8.589,0.2281487148862893,539.5960000000001
CC(C)(C)OC(=O)NC1CC(C(=O)O)CNC1C(=O)Oc1ccc2ccccc2c1Br,-7.051,0.4416831407556052,493.35400000000016
COc1cc2[nH]c(C)c(C(=O)CO)c2cc1OC,-6.612,0.8084083055869604,249.26599999999996
CCOC(=O)C1CCCN(C(=O)CS(=O)(=O)c2cccc(C(C)=O)c2)C1,-7.176,0.5465889619487497,381.45000000000016
CC(=O)C1OC1C(=O)O,-4.062,0.507971898126993,130.099
O=C1CSC2CCCN12,-3.999,0.4967953086272822,143.21099999999998
O=c1[nH]cc(Br)cc1-c1c[nH]cn1,-5.611,0.7933721703357738,240.06000000000003
Cc1cc(CO)cc(F)c1F,-5.4,0.6598808337740832,158.147
NCCCCC(=O)Nc1ccc(Br)cc1,-5.925,0.8083478781796285,271.158
O=C(O)CN(C(=O)NCCc1ncno1)C1CCC1,-6.362,0.7656961990385347,268.27299999999997
Cn1cnnc1C1CCN(C(=O)C2CCC(=O)NC2)CC1,-6.538,0.8345388680084136,291.3550000000001
CC(C)(C)OC(=O)CCOCCNc1ccc(F)cc1,-5.976,0.6170920940952503,283.34299999999996
CC(C)N(CC(C=CCCC[n+]1ccc(N(C)C)cc1)c1cc(C(C)(C)C)cc(NC=C2C(=O)Nc3ccccc32)n1)C(C)C,-8.104,0.09167035584330394,609.8830000000002
CC(NCc1ccnn1C(C)C)c1cnn(C)c1,-6.458,0.8793280243501136,247.346
CCOc1cc(C=C2SC(=O)N(CC(N)=O)C2=O)ccc1OC(=O)C=Cc1ccc(OC)cc1,-7.43,0.32806576502977347,482.5140000000002
CC(C)c1nnc(SC(C#N)c2ccccc2Cl)n1N,-6.234,0.6930462605878688,307.81000000000006
CC(=O)N(O)C1C=CC=CN1,-4.742,0.41944516201922133,154.16899999999998
CCOc1ccc(N(CC(=O)N(Cc2cc(OC)ccc2Br)C(Cc2ccccc2)C(=O)NC(C)C)S(=O)(=O)c2ccc3c(c2)OCCO3)cc1,,,
CCCCCCCCN1OC(OC(=O)CCCCCC)C(CCCCCCC)C(N)(C(=O)O)O1,-5.892,0.15720919384645865,486.69400000000047
CC(CNC(=O)c1ccc(F)cc1)NS(=O)(=O)c1ccc(F)cc1,-7.575,0.8338100012092289,354.37800000000004
CC(C)(C)S(=O)(=O)Cc1cc(C(=O)NCCCC2CCCCC2)no1,-6.529,0.7423023760836622,370.5150000000002
C#CCC(C)Nc1ccc(Cl)cc1,-5.998,0.7276652904897494,193.677
CC1CN(C(=O)CSc2nc3ccccc3c(=O)n2-c2ccccc2)CC(C)O1,-7.056,0.4893885021490584,409.51100000000014
Cc1ccc(-c2nc(C(=O)N3CCNC(=O)C3C)cs2)cc1,-7.456,0.9227208543203809,315.398
COC(=O)N1CCN(C(=O)c2oc3c(-c4ccc(-c5ccc(C(=O)N6CCOCC6)cc5)o4)c(Cl)ccc3c2C(=O)O)CC1,-8.57,0.3350788067043408,622.0300000000002
O=C(C=Cc1ccc(-c2ccc(C(=O)N3CCOCC3)cc2)cc1)Nc1ccc(CC2(C(F)(F)F)CC2)cc1,-8.241,0.3589468355187604,534.5780000000002
Cc1cc(C)nc(C(O)(C=O)c2ccc(Cl)c(Cl)c2)n1,-7.073,0.8854506854819774,311.168
COC(=O)c1ccc(C(=O)N(OC2NC(=O)c3ccc4c(=O)oc5cc(C(=O)O)ccc5c4c32)c2ccccc2)cc1Cl,-7.528,0.11752371354784581,598.9510000000002
C=CCc1c(SCCC)noc1C,-4.671,0.535228590153665,197.30299999999997
O=C1CCC(C=CC=Cc2ccccc2)=NN1C(=O)NC1CCCCC1,-7.399,0.8232533741429443,351.4500000000002
CCOc1cc(C=CC(=O)Nc2ccc(OC)c(Cl)c2)ccc1OCC(C)C,-6.251,0.5666370108670826,403.9060000000001
CCc1c(C(=O)N2CCN(c3ccc(Cl)nn3)CC2)cnn1-c1ccc(C)cc1,-7.441,0.6605541595287721,410.90900000000016
CN(C)C(CNC(=O)c1ccc(CO)c(Cl)c1)c1cccs1,-6.468,0.8511335592964331,338.86
CC(=O)ON=C(C)c1cncc2ccccc12,-6.674,0.45057892760823637,228.251
CCOC(=O)C(C)(C(=O)C(CC(N)=O)Cc1ccccc1)C(F)(F)F,-6.424,0.5704457874111929,359.34399999999994
Cc1ccc2nc(-c3cccc(C)c3C)nc(C(=O)N(CCO)CCO)c2c1,-6.654,0.6875902759747309,379.4600000000002
COc1ccc(NC(=O)C2CCNC2c2ccc(F)cc2)cc1OC,-7.179,0.8748592439737648,344.3860000000001
CC(C(=O)Nc1cc(-c2cccnc2)cc(N2CCNCC2)c1)n1ccnc1-c1ccccc1F,-7.676,0.43804538471054083,470.55200000000013
Cc1cc(C(=O)NC2CCN3CCCC3C2O)[nH]n1,-7.041,0.7045674527636214,264.32899999999995
[C-]#[N+]c1ccc2nc(-c3nonc3N)sc2c1,-6.27,0.6637108473920366,243.25099999999998
O=C1NCCCCC1CCCNc1nc(NC2(c3ccc(Cl)cc3)CC2)nc(OCC(F)(F)F)n1,-5.629,0.39739177235115114,512.9640000000002
C=C(C)CCCOCCOC(C)=O,-5.062,0.3459918933547518,186.25099999999998
O=S(=O)(OS(=O)(=O)C(F)(F)F)c1ccc(-c2ccc(Br)cc2)cc1,-6.966,0.6717725766679619,445.23400000000004
CCCc1cc(C(=O)OCc2ncccn2)no1,-6.484,0.7491532418134329,247.254
Fc1ccc(C(F)(F)F)cc1-c1nsc(COc2ccc(Cl)cc2)n1,-8.303,0.5459226520508449,388.7730000000001
c1ccccc1C1N2CC3(C(Cl)C1c1ccccc1)C3N(C2=O)CCC,,,
COCCNC(=O)Nc1ccc(S(=O)(=O)Oc2ccc3c(c2)C(C)C=C3C=C2SC(=O)NC2=O)cc1,-7.827,0.2678025320480439,529.5960000000002
CSSC1OC(CO)C(OC2OC(C)C(OC3OC(O)C(O)C(O)C3O)C(O)C2O)C(O)C1O,-6.497,0.13947401293191006,536.5740000000002
CCOC(=O)c1ccc(NC(=O)C2CCN(C(=O)c3ccccc3)CC2)cc1,-7.67,0.8073575346606532,380.4440000000001
CCOCCCCNC(=O)N(C)CC1CCCO1,-5.406,0.6731397506264026,258.36199999999997
CC(=NNC(=O)c1ccc(O[N+])cc1)c1cc2ccccc2cc1O,-7.192,0.5674222221428983,333.34700000000004
Cc1cc(F)cc2c1C(Cl)C(=O)N2Cc1ccccc1,-7.659,0.7664114644648203,289.73699999999997
CCCc1ccc(CNC(=O)C(C)N2CCC3(CCC(NC(=O)OC(C)(C)C)CC3)C2=O)cc1,-8.346,0.6196158107121633,471.6420000000003
O=C(CC1(N2CCC(c3cccc(F)c3)CC2)CCCN(C(=O)c2cccc(OCCO)c2)C1)N1CCCC1,-7.945,0.5499299190081459,537.6760000000003
COc1c(Cc2ccccc2)c(=O)n(C2CCC(O)CC2)c2nc(SCCC(=O)N(C)C)nc(N)c12,-6.845,0.34944146769520024,511.64800000000037
O=CN(CCl)c1ccc(Br)cc1[N+](=O)[O-],-5.151,0.2816144409692205,293.504
Cc1nc(CCNC(=O)Nc2ccnn2CC2CC2)cs1,-6.003,0.8606751639849707,305.40700000000004
CCCCCCCCCCCCCCCCNc1ccc(C(=O)Oc2ccc(NC(=O)c3cnc4ccccc4c3N)cc2Cl)cc1,-7.462,0.049621273511472004,657.299
CCN(CC)c1ccc(-c2nc(-c3ccccc3)oc2NC(=O)C=Cc2cc([N+](=O)[O-])ccc2O)cc1,-7.675,0.1618928540501568,498.5390000000002
n1(C)cccn1NC(=O)c1c(ccc(c1)Cl)O,,,
C1C(C(N)=NC(c2cccc(c2)-c2cc(-c3nc(-c4cccc(C(c5cc6ccccc6cc5)=N)nc4)nc(-c4ccccc4)n3)ccc2)=C=1)C,,,
CNC(=NCC(=O)N(C)C)NCCc1ccc(F)c(F)c1,-7.136,0.623210106045259,298.337
Cc1sc(NC(=O)COC(=O)COc2cccc3ccccc23)c(C#N)c1Br,-7.195,0.5522877668559337,459.3210000000001
C=C(C)C1CCC(CN(C)C(=O)C(CC2=CC=CC2)NC(C)C)CC1,-6.597,0.658933245440975,344.5430000000002
CC1C2CCC3(CN(CC4(O)CCCC4)CC13)O2,-6.32,0.811961883737348,251.36999999999995
Cc1ccc2c(c1)C(Nc1ccc(OC(F)(F)F)cc1)=NS(=O)(=O)CS2,-7.146,0.8176362383208373,402.4190000000001
COC(=O)C1=CCC(O)(C2CC3(C)CCC2C24CC[N+]5=C6C(C)=CCC6(CCC=C(C)C)C(=O)CC3CCC2C54O)OC1=O,-5.833,0.20065162291591768,606.7800000000004
COc1ccc(OCC(O)CN2CCN(CC(=O)Nc3ccccc3)CC2)cc1,-6.927,0.6685871640496628,399.49100000000004
CCC=CCC=CCC=CCCCCCC(=O)OCC(COC(=O)CCCCCCCCCCCCCCCCCCCCCCCC=CCC=CCC=CCCCCCCC)OC(=O)CCCCCCCCCCCC=CCCCCCCCC,,,
O=C(Cc1cccc(O)c1)NCC[S+]([O-])C1CCOCC1,-6.306,0.7673780968251743,311.4030000000001
CCOC(=O)C(CC)Sc1nc(-c2ccccc2F)c2ccccc2n1,-6.425,0.3519496666095431,370.44900000000007
CC12CCCC3CCC(C)(C)C4(C)CCC5CC(CCC5(C)C34)(C1)O2,-6.101,0.47218953994044927,344.58300000000014
O=S1(=O)CCCN(c2ccc3c(c2)CCC3)CC1,-4.205,0.7768051838414401,265.378
CC(C)(C)CNc1cc2c(cc1C1N=C(c3cc(N4CCOCC4)ccc3C(F)(F)F)c3cc(-c4cc5c(s4)C(=O)N(C4CCCNC4=O)C5=O)ccc3N1)C1(CCC1)C(N)=Nc1cccnc1-2,,,
CC(N)c1cccc(S(=O)(=O)NC(N)=O)c1,-6.903,0.6958539837973566,243.28799999999995
CC(F)CC(F)(F)COCC(F)(OC(F)(F)F)C(F)(F)F,-6.415,0.6484571937224968,340.157
C=C(c1ccc(O)c(O)c1)N1CCN(C)C(CCNCCOCCCCCCOC2=CC(O)(O)c3nc4c(ncn4CC)c(O)c32)C1,-7.695,0.07177681852941632,652.7930000000001
O=[N+]([O-])c1cc(S(=O)(=O)N2CC=CCC2)cc(Cl)c1F,-7.078,0.4861203348223241,320.729
C=CCOc1ccc(-c2nnn(C(=NS(=O)(=O)c3ccccc3)C(=O)OCC)n2)cc1,-6.899,0.23615621309052498,441.46900000000016
CC(C)c1ccc(N(c2ccccc2)c2ccc(N(c3ccccc3)c3ccc(N(c4ccc(C(C)C)cc4)c4ccc(N(c5ccccc5)c5ccccc5)cc4)cc3)cc2)cc1,-8.779,0.10820990497558072,831.1200000000002
CCCCCCCCC(C)NC(=O)c1cc(Cl)ccc1OC,-5.299,0.5989797688920016,325.8800000000001
CCOC(=O)c1nc2ncc(S(C)(=O)=O)cc2n1-c1ccccc1,-6.481,0.6717820141867237,345.38000000000005
CCC(C)C1CC(C(C)C(C)C2CC2CC)CCC1C(C)C,-5.384,0.47292937446566335,306.578
Cc1ccccc1C1c2sccc2C(N2CCOCC2)=NN1C(=O)CN1CCC(n2cncn2)CC1,-7.379,0.5426709713076483,505.64800000000037
Cc1cn(-c2cc(Cl)c(C3=C(O)c4cc(CC(=O)O)ccc4C3=O)cc2Cl)cn1,-7.328,0.6253861031206476,429.25900000000007
CC(=O)c1cc(CNC(=O)CCC2CCOC2)co1,-7.042,0.7977374136689442,265.3089999999999
c12cc3-c4cc5c(c6c4C(c4c7c(c(-c8ccccc8)c(Br)c-5c4c2ccc1)[B])cccc7c1c6c(ccc1)[B]3)ccccc1-c2ccccc2C=C1,,,
CCCn1c(=O)n(C)c(=O)c2c1nc(N(C)C(C)C)n2CC,-5.965,0.8315922792839815,307.3980000000001
C=CCCCCCCCCCCCCCCCC1(O)CCC=CC1=O,-4.806,0.24955884739193673,348.571
CC(C)Nc1cc(C(=O)O)ncn1,-5.843,0.7269746835323324,181.195
CCOC(=O)C(=O)N1CCC(c2nnc(-c3scnc3C)o2)C1,-6.806,0.6165514744652867,336.3730000000001
CCOc1ccc(NC(=O)C(=O)NCCN2CCN(C)CC2)cc1,-6.659,0.7363376328279025,334.4200000000001
Cn1ccc(-c2nc(Cc3ccnc(C(N)=O)n3)c3c(n2)CC(C)(NCc2ccc(F)cc2)C3=O)n1,-7.948,0.4026688382245287,486.51100000000025
CN(CC(O)c1ccccc1F)C(=O)c1cc2n(c1)CCCC2,-7.046,0.9425498860919529,316.37600000000015
CCC(C)(C)C(=O)OC1C2C3Cc4cnc(C(C)C)nc4C4(C(=O)OC)COC(C3)C35CCCCC3(O)CC1(C)C24C5,,,
CCN1CCN(C(=O)c2ccc(C(=O)NCc3ccccc3OC)cc2)CC1,-7.766,0.8347507249219045,381.47600000000017
CCC1CNc2cc(OC)c(Br)cc2S(=O)(=O)C1,-3.985,0.9034948442120267,334.23500000000007
COCCOCC1CN(Cc2cc(C(=O)N3CCCC3)c(C)o2)C1,-5.735,0.6790173718397119,336.43200000000013
CN(CCCCCO)S(=O)(=O)c1cccc([N+](=O)[O-])c1F,-6.423,0.44440970889243114,320.34200000000004
CN1CCC(OC(=O)CCN(C)Cc2cnc(-c3ccc(-c4ccc(SN)c5c4OCOC5)cc3)s2)CC1,-7.545,0.2967403358411558,554.738
CCOc1cc(C=C2SC(=S)N(C(C)CC)C2=O)cc(I)c1OCC(C)C,-5.879,0.2495255496006207,519.4700000000001
CC(=O)C=Cc1cnn(-c2ccc([N+](=O)[O-])cc2)c1,-6.142,0.4782871536525519,257.249
COc1cc(-c2nnnn2-c2ccc(C)c(C)c2)cc(Br)c1O,-7.477,0.759549488031283,375.22600000000006
COc1ccc(N2CCN(c3nc4c(nc3C=Cc3ccco3)c(=O)n(N)c(=O)n4C)CC2)cc1,-7.593,0.42532421219933986,475.5090000000003
COc1ncc(Br)c(N2CCN(C(C)=O)CC2)n1,-6.311,0.8120506360045872,315.17100000000005
CC1=CCC2(C)C(CCC3C4CCCCC4CCC32)C1,-7.566,0.4761092204967886,272.476
COc1ccccc1N(SN(C)C)c1cc(C(=O)Nc2cc(C(=O)O)n[nH]2)c(F)cc1C(=O)O,-6.681,0.32930339364644295,489.4850000000002
CCOC(=O)Cc1cn2cc(C(F)F)ccc2n1,-6.049,0.7866498791832222,254.236
Cc1nc2n(n1)CCCC2NC(=O)c1nc(C(C)C)oc1C,-7.02,0.9396974678296223,303.3660000000001
Cc1conc1-c1ncccc1CN1CCC(C(F)(F)F)CC1,-6.589,0.8602297772326488,325.33400000000006
CC1(O)C(=O)C(=O)N2CCCC21,-5.019,0.4882513463251756,169.17999999999998
CCCN(C(C)=O)S(=O)(=O)c1ccc(OC(F)F)cc1,-6.128,0.8082689436723213,307.318
O=C(NCc1nc2ccccc2n1C1CCN2C(C1)NC(=O)C2c1ccccc1)c1cccnc1,-8.153,0.47136900253120434,466.54500000000013
O=C(Nc1nncs1)C1NCC2CCCC21,-6.431,0.8018363268716533,238.31599999999997
OCCOc1ccccc1CNC1COCC1Oc1ccccc1,-5.943,0.7755875982597215,329.39599999999996
NCC1=C(Cc2ccccc2)OCO1,-5.719,0.7850838272325219,191.22999999999996
Nc1cc(-n2cc(C(F)(F)F)c(N)n2)ncn1,-6.834,0.7746345072682054,244.18
CSc1cc(NC(=O)C=Cc2ccc(F)cc2Cl)ncn1,-6.558,0.5299787803640675,323.78
Cc1ccc(-c2noc(CCN(Cc3cccs3)C(=O)COc3ccccc3)n2)cc1,-6.935,0.3807737963695261,433.5330000000002
COCCc1cc(C)c(OC)c(C(C)(C)C)c1,-5.987,0.7964089074497726,236.35499999999996
O=C(NC(Cc1ccccc1)C(=O)NCCOCC(F)(F)F)OCc1ccccc1,-7.056,0.5745569309886427,424.41900000000004
CC1(C)CNCCN1CCOc1ccccc1,-6.363,0.8587265249203004,234.34300000000002
O=Cc1nnc2ccccc2c1N(CCc1ccccc1)OCC(F)(F)F,-6.843,0.46177592214624613,375.35
Cc1ccc(CNC(=O)N2CCCN(C(=O)c3ccoc3C)CC2)cc1,-5.435,0.920489111923481,355.4380000000001
Cn1nc(C(N)Cc2ccc(Cl)cc2Cl)nc1-c1cccs1,-7.192,0.768518089257857,353.2780000000001
C12C(C(N=C(N=2)N2CCN(CC2)S(=O)(c2ccc(cc2)C)=O)=O)C(c2ccc(s2)Br)C(=C(C)N=1)C(=O)OCCSCC,,,
CC(C)n1ncc(C(N)=O)c1NC(=O)C1CCC(N)CO1,-6.457,0.7210284210619088,295.3430000000001
CCOC(=O)C1(c2ccccc2)COC(=O)N1c1ccc(Nc2ccc(Br)cc2)cc1,-6.959,0.4640814264065815,481.34600000000006
CN(CCOCC1CC1)C(=O)CCN1CCCCC1,-5.712,0.6287640221763511,268.40099999999995
Cc1cc(O)ccc1OCCCOc1cc2cc3c1C(CC3)C(=O)N2,,,
c12cc3c(cccc3)n(CC(NCCC(=O)N3C(CCC3)C#N)=O)c1ccc(F)c2,,,
CCOc1ccc(CCNC(=O)c2cc(-c3cccs3)nc3ccc(C)cc23)cc1OCC,-7.834,0.33069311623505393,460.5990000000002
O=C(Nc1cccc(CCc2[nH]c(-c3ccncc3)c3ccccc23)c1)N1CCCC1,-8.635,0.44702428178873543,410.52100000000024
CC1(C)c2ccccc2-c2c(-c3cccc(-c4ccc(N(c5cccc(-c6ccccc6)c5)c5cccc6c5oc5ccccc56)cc4)c3)cccc21,-10.41,0.17390456453478909,679.8630000000002
CC1(C(=O)O)CN(C(=O)Nc2ccc(Cl)cc2)C1,-6.248,0.8644692902646002,268.70000000000005
CC1CN(c2ccc(C(C)NC(=O)OC(C)(C)C)cc2)CC(C)O1,-6.324,0.9110606834291641,334.46000000000004
COc1ccc(NC2CCN(C(C)=O)CC2)cc1N,-6.683,0.8145137847702738,263.34099999999995
Cc1ccc(C2NC(=O)NC2(C)c2cccc(F)c2C#N)cc1,-6.557,0.8938829411111032,309.34400000000005
Nc1cc(F)ccc1C(=O)Nc1cc(Cl)cc([N+](=O)[O-])c1,-6.885,0.5163657500117633,309.684
CCOC(=O)c1ccc(N(c2ccc(OC=O)cc2)c2ccc(OC(C)Oc3cccc(F)c3)cc2)cc1,-7.487,0.12338067045457603,515.5370000000003
CCCC1CN(CCOc2c(F)cccc2C#N)C1,-6.142,0.7906184989067202,262.32800000000003
O=C(CSc1nnc(Cc2cc(=O)[nH]s2)n1Cc1cccs1)N1CCC(Cc2ccccc2)CC1,-8.243,0.32952542853081007,525.7250000000003
CC(CCc1ccccc1)NC(=O)Cn1nnc(-c2ccc(F)cc2)n1,-6.881,0.7086252332595167,353.401
CC1CCCCN1CCCn1cncn1,-5.816,0.7524270603108427,208.30900000000003
CC(=O)OCOc1noc(C)n1,-5.428,0.48108921918940045,172.14000000000001
O=C(Nc1ccc(-c2csnn2)cc1)c1cc(C(F)(F)F)ccc1Cl,-7.831,0.681777880744232,383.78200000000004
O=C(NCC(F)(F)F)C1(O)CCCN(c2ccc(C(F)(F)F)c(F)c2)C1,-7.864,0.7835285867805832,388.2830000000001
CNC(CC1CC1)c1cc(C)c(Cl)cc1F,-6.043,0.8445211518840169,241.73699999999997
CCCCCC(O)(CCC)CC(C)(C)C(=O)c1ccc(OC(=O)c2ccc(OC)cc2)c(OC)c1,-6.967,0.14017469835523233,484.6330000000002
CC1CC(=O)N(C(C)C(=O)Nc2ccc(Oc3ccccc3)cc2)S(=O)(=O)C1,-7.077,0.8299015008002525,402.4720000000001
CCCCCCCCC=CC=CCCCCCCCC(=O)OCCCCCCCCCCCC,-4.053,0.06688856468502669,476.83000000000055
Cc1ccc(N(CCC(=O)Nc2ccc(C)c(Cl)c2)S(C)(=O)=O)cc1,-6.488,0.8293656498168206,380.8970000000001
CC(=O)c1ccc([SH](N)(=O)[O-])n1C,-5.555,0.5064027879208297,203.24299999999994
CC(C)(C)OC(=O)N1CCc2ccccc2C1CC(=O)Nc1conc1C(C)(C)C,-6.336,0.7785722060529088,413.5180000000002
Cn1ncc2c1CN(S(=O)(=O)c1ccc(Cl)s1)CC2=O,-7.019,0.8361170347008265,331.8060000000001
CCCCCCCCN(CCCCCCCC)CCN(CC(=O)O)C1CCC(OC(=O)c2ccccc2-c2ccccc2)CC1,-4.855,0.09865289269605611,620.9190000000001
CCc1ccc(NS(=O)(=O)c2ccc(NC(=S)Nc3c(Cl)cccc3Cl)cc2)cc1,-7.33,0.3685741558940401,480.4420000000001
Cc1cc(-c2ccc(C(=O)OCC3CCOCC3)cc2)c2c(c(I)nn2C)c1C,-7.19,0.36906331078307963,504.36800000000005
CC(=O)NC1C(O)C2OC(C)(C)OC2C(O)C1C=CCOC(C)=O,-7.271,0.46480833049629144,343.3760000000001
NNC(Cc1cccc(F)c1)C1CCC1,-6.023,0.586416901981202,208.27999999999994
CCOC(=O)Cc1c(C#N)cc(C(F)(F)F)cc1C#N,-6.179,0.7984032487137045,282.221
CC(Oc1cc(NC(=O)CNC(=O)C(F)(F)F)cc(C(=O)O)c1)c1ccccc1,-7.279,0.6505872208148845,410.34800000000007
O=C(NCCCn1cnc2ccccc21)c1cc(-c2cccnc2)n[nH]1,-7.74,0.5253939560214744,346.394
O=CC=Nc1ccc2nc(-c3ccc4ccccc4c3O)[nH]c2c1,-7.122,0.4430243211752106,315.33200000000005
Cc1nn(C)c(CC(N)c2csc(Br)c2)c1Br,-5.578,0.8867388240424768,379.12100000000004
O=C(O)CC(NC(=O)Nc1ccc(Cl)cc1Br)C(=O)O,-6.478,0.6379163213793169,365.56700000000006
COC(=O)C(OP(=O)(c1ccccc1)c1ccccc1)C(C)=O,-5.897,0.4600304689097411,332.2920000000001
CC(C)c1c[nH]c2cc(Cl)c(C3(F)CC3)nc12,-6.089,0.8482781608377138,252.71999999999994
Cc1ccnn1Cc1cc(F)ccc1C(N)=O,-6.269,0.8723405530260623,233.24599999999998
c1cc2c(C(=O)c3ccccc3)n(CC(O)=O)c(nc2cc1)C(F)(F)C1CCCC1,,,
O=[N+]([O-])c1ccc(NN=CC=Cc2ccco2)c(F)c1,-6.448,0.5145765934352702,275.23900000000003
O=C1Nc2ccc(Br)cc2OC2CCCCC12,-5.125,0.7971267113849404,296.16400000000004
COC=C1CC(CN=CC=C(C#N)OCn2cc(-c3cc(C(=O)N4CCOC(C(F)(F)F)C4C)c4nc[nH]c4c3)cn2)C1,-9.052,0.2165769263433321,597.5980000000002
CC(Sc1ccc(Cl)cc1)C(=O)Nc1ccc(S(=O)(=O)N(C)C)cc1,-6.699,0.7530188457321998,398.9370000000001
CC1CCC(Nc2ncnc3cnccc23)C(N)C1,-6.46,0.8595850447902018,257.341
CCOc1cc(NC(=O)c2cnccc2N(C)C)ccc1OC,-7.21,0.8878325306293087,315.37300000000005
C=C1C(=O)N(CC(=O)NCc2ccc(S(N)(=O)=O)cc2)c2ccccc21,-7.053,0.7644771617073186,371.41800000000006
Cc1cc(Cn2ccc(C=CC(=O)O)c2)c(C)s1,-6.356,0.8578784591361086,261.346
CC(Sc1nc2ccccc2c(=O)n1CCCO)c1ccc(F)cc1F,-7.216,0.523498680856632,376.428
CCc1ccc(-c2csc(NC(=O)CCc3nc(C4CC4)co3)n2)cc1,-7.346,0.6505987175263117,367.4740000000001
CCNC(Cc1c(F)ccc(C)c1F)C1(CC)CCCC1,-6.594,0.7972596947777684,295.4170000000001
CC(C)CC(N)C(=O)NCc1ccc(S(=O)(=O)N2CCCCCC2)cc1,-4.779,0.7574839591592905,381.54200000000026
CCc1nc(CCc2ccc(C#N)cc2C)n(-c2cc(Br)ccc2N)c(=O)n1,-7.045,0.6153278583264451,438.3290000000001
CC(C)(C)NCCCC(=O)NC(C)(C)C,-4.488,0.703418132346002,214.353
c1csc(CNCCSC2CCCC2)c1,-5.009,0.7649304873037901,241.42499999999995
Cc1ccc(NC(=O)OCC(=O)N2CCOCC2)c(C)c1,-7.253,0.920634921049472,292.335
CN1C(=O)C2NCCCC2N(C2CC(O)C(C(O)CO)O2)C1=O,-6.565,0.4646152951493325,329.3530000000001
CC(C)Cc1ccc(CC(O)CNC2CCCCC2)cc1,-5.449,0.801760477428675,289.46299999999997
CC(Nc1nccc(Cl)n1)c1cccc(Cl)c1,-6.891,0.8560821726560877,268.147
Cc1cc(CN2C(=O)NC(=Cc3ccc([N+](=O)[O-])cc3)C2=O)on1,-7.419,0.3965965394929602,328.2840000000001
CCc1nc(N(C)CC(C)OC)sc1C(=O)O,-5.314,0.843697406199358,258.34299999999996
CCN1C(=O)C(=Cc2ccncc2)NC1=S,-6.026,0.6147714880473555,233.29600000000002
C(OC(=O)C1CC(C(=O)OCC(Nc2c(C)cc(cc2C)C)=O)=C(CCC)N=C2CCC(C(C1=2)=O)C)C,,,
C=CCCCN1CCNC(COC)C1,-5.662,0.5061846009894203,198.30999999999997
COc1cc(C(=NC(C)C)NN)cc(OC)c1C,-6.2,0.36920745102738267,251.32999999999998
N#Cc1ccccc1C=CC(=O)NCC1CCS(=O)(=O)C1,-6.88,0.844520718473703,304.37100000000004
CCCCCCCCCCCOC(=O)c1ccc(N=Cc2ccc3ccccc3c2)cc1,-5.513,0.15569459166551922,429.6040000000001
CC(=Cc1[nH]c(C)c(S(=O)(=O)NC(C)(C)C)c1C)C(=O)OCC(O)C(O)C(O)C(O)CCCCCCCSCC(N=O)NC(=O)C(F)=CC(N)C(C)C,,,
Cc1nnc(OC(=O)c2cc(F)ccc2Cl)o1,-6.812,0.7720741788735532,256.62
O=C1NCCc2oc(-c3cccc4[nH]ccc34)cc21,-7.586,0.6992297511849237,252.27300000000002
CCCCCC1=C(C)COC(c2ccc(OCCC)cc2)=C1c1ccc([S+](C)[O-])cc1,-5.829,0.29588862084474304,438.63300000000015
COc1ccc(C(=O)CSC#N)cc1OC,-6.288,0.579453554070446,237.27999999999997
Cc1cc2c(NC(C)(C)C)nc(NC3CCCC3)nc2s1,-5.883,0.8721637104310898,304.46299999999997
COc1ccc(C(=O)CCC(=O)N2CCC(O)CC2)cc1,-6.653,0.8375480511656687,291.347
CC=CC1C(O)C(C(C)C(=O)OC)C(=O)N1C(=O)OC(C)(C)C,-5.522,0.6234746530270493,327.37700000000007
CCC(=CCOCc1ccc(Br)cc1C(F)(F)F)C(=O)O,-6.556,0.5987710896713903,367.161
CCc1cc(=O)[nH]c(NC(C(N)=S)C(C)C)n1,-6.342,0.6841522596731353,254.359
CCOC(=O)C1(N2CCOc3cc(Cl)ccc3C2)CC1,-4.687,0.8037212605974263,295.76600000000013
c12cccc(C(C)(C)C)c1c1c(cc(C(C)(C)C)cc1)n2-c1c(cccc1C(C)C)-c1c(-n2c3ccc(-c4c(cccc4C(C)C)C(C)C)cc3c3cc(ccc32)-c2cccc(C(C)(C)C)c2),,,
Cc1ccc(C(=O)N2c3ccc(F)cc3C3CC2CN(Cc2nonc2C)C3)cn1,-8.128,0.6635886051695981,407.4490000000002
CC(=CC(=O)NCc1ccc(Br)cc1)c1ccc(F)cc1,-7.32,0.8200954110298031,348.21500000000003
Cc1[nH]ncc1C(=O)NCc1ccccc1[N+](=O)[O-],-7.851,0.6429029761779774,260.253
N#CC(=Cc1ccc(N2CCOCC2)cc1)C(=O)Nc1ccc(O)cc1,-7.296,0.503564474886404,349.39
CCC(C)c1ccccc1OCc1nc(C(C)=O)cs1,-6.075,0.7380215544328487,289.3999999999999
Cc1ccc(P(=O)(Cl)C(=O)c2c(C)cc(C)cc2C)cc1,-7.006,0.7534818377202323,320.75600000000003
Cc1cc2c(=O)[nH]c3nc4c(c(NC(=O)CNC(=O)OC(C)(C)C)c3c2cc1Br)CCCCC4,-5.66,0.33081368177538945,529.4350000000002
CCc1cccc(CC)c1NC(=O)C(C)OC(=O)c1cc([N+](=O)[O-])ccc1Cl,-7.469,0.4141050142454238,404.85000000000014
C(CCN1c2ccccc2C(C)(C)/C1=C\C=C1\CCC/C(C1)=C\C=C\C1C(c2cc(ccc2[N+]=1CCCCCCCCCCCCCC(O)=O)N(CC=C)CCCN(CC(CCCCCCCCCCCCCCCCCC)C)(C(C)(C,,,
CCCCC1=C(C)C(C=Cc2ccc(C)cc2)=C1,-6.241,0.6390930112166245,238.374
CC1(CCCCCSC(c2ccccc2)(c2ccccc2)c2ccccc2)CCC[N+]2(CC(c3cn(C4OC(O[P+]5(O)OCCO5)C(O)C5OC(C)(C)OC54)cn3)O[P+]2([O-])OCc2ccccc2)C1,,,
CC(C)CC(O)C1=C2C(CCC1(C)C)C(NCCC1=CCC3C=CC(c4ccc(C(C)C)cc4)C1C3)C(=O)N2C,-7.102,0.3200302858048377,544.8240000000001
O=C(OCC(=O)N1CCCC1c1ccc(Cl)c(Cl)c1)c1cnccn1,-7.319,0.7614614598225319,380.23100000000005
COc1cccc(-c2cc3nc(-c4ccco4)cc(N)n3n2)c1,-7.324,0.6283198489051472,306.325
COCCOCCOc1ccc(C=O)cc1[N+](=O)[O-],-5.689,0.29161661157302166,269.25300000000004
CCOCCNS(=O)(=O)c1cc(N)ccc1OCC,-5.87,0.549516691569782,288.3690000000001
CCCCC(C)C(=O)N1CCCC1CO,-5.713,0.7561682409930939,213.32099999999994
N#Cc1cc(Cl)ccc1Oc1ccc(N)c2c1C1C3CCC(N3)C1NC2=O,-7.578,0.6953696922189567,380.8350000000001
CCC(C)(C)NC(=O)NC(CN)C1CCCCC1,-5.966,0.7058266866551406,255.40599999999992
CCCC(NC(=O)Nc1ccc(OC(F)(F)F)cc1)c1ccc(OC(C)C)cc1,-6.717,0.5581558174726993,410.4360000000001
CCC(C#N)(CC)C(=O)N(C)C1CCCCC1,-5.396,0.752467392485385,236.35899999999992
CCSCCC(NC)c1ccc(CC)c(Br)c1,-5.468,0.7476541569267056,316.308
CSOCC(N)C(C)C1NC(N)C(C#N)CC1SCCN,-5.442,0.4609298875758786,333.52700000000016
CCc1oc(CN2CCCCC[C@@H]2[C@H]2N(CCC2)C)s1,,,
CCCCN(C(Cc1ccc(N)cc1)C(=O)O)S(=O)(=O)c1ccc(O)cc1C,-5.33,0.5507308300061196,406.50400000000013
COc1cc(C=Nn2c(-c3cc4c(OC)cccc4o3)nc3ccccc3c2=O)cc(Br)c1OCc1cccc(C(=O)O)c1,-7.149,0.1699160340716446,654.4730000000001
CCc1ccc(-n2c(SCCO)nnc2-c2ccc(OC)cc2)cc1,-6.236,0.6564442567004819,355.4630000000001
CCN(CC)C(=O)C(C)Sc1nnc(CCC(=O)NCc2ccccc2Cl)n1CC,-6.765,0.5282382887136716,452.0240000000001
Cn1ncc2c(N3CCC4(CCCNC4)CC3)ncnc21,-7.16,0.8569094895974884,286.383
CCNC(=NCc1ccc(C(N)=O)o1)N1CCN(c2ccccc2C)CC1,-6.526,0.6215462923124299,369.4690000000001
CC1CCOCCN1c1ncnc2c1cnn2-c1ccccc1,-4.951,0.7275105729167601,309.37300000000005
c1c2nc3NC(=C(C(=O)OCC)[C@H](c4ccco4)n3n2)C(Nc2ccccc2)=O,,,
CC12CCC(C1)N(c1cc(N)nc(N)n1)C2,-6.355,0.7366601876736226,219.29199999999997
CCOc1ccc(NC(=O)CCc2nc(-c3ccco3)no2)cc1OCC,-6.812,0.6119916848589833,371.39300000000014
N#CC1(c2ccc3cccnc3c2)CC1,-6.486,0.6994833246673151,194.23699999999994
COC(=O)c1nc(C(=O)NC2CCCCC2)c2n1CCN(CC(=O)N1CCCC1)C2,-7.0,0.7227325160268175,417.51000000000033
CCC1(C)CN(CC(=O)Nc2ccc(C(=O)c3ccccc3)cc2)CCN1C,-7.359,0.7829421831809237,379.50400000000013
[N+](=O)([O-])c1ccc([N+]([O-])=O)/c(c1)=N\c1sc(C(=O)c2sccc2)c(n1)-c1ccc([N+](=O)[O-])cc1,,,
Cc1ccccc1C(=O)Nc1ccc(NC(=O)C(C)Oc2ccccc2)c(Cl)c1,-7.317,0.580624762971039,408.8850000000001
CC(N)C(F)C1CC(F)(F)N1c1ccc(Cl)c(C(F)F)n1,-7.803,0.6785204029882144,329.7
N#Cc1cccc(Nc2cc(N)nc(SCC(=O)Nc3nccs3)n2)c1,-7.283,0.4375097200299604,383.46200000000005
CCCCCCCCCCC=CCCCCCCCCCCCC(=O)OC(CO)COCCCCCCCCCC,,,
COc1ccc2c(c1)C(C(=O)N1CC(C)C(N(C)C)C1)OCC2,-7.053,0.8508995301005444,318.41700000000014
CCCC(CC)NCc1cccc(NC(=O)C(C)C)c1,-6.587,0.7545668156703474,276.42400000000004
CC1CN(CCSC(F)(F)F)CCO1,-5.667,0.7337364140626956,229.26699999999994
CCS(=O)(=O)c1cccc(C(=O)OCC(=O)c2c(C)cc(C)cc2C)c1,-5.79,0.5716406260024623,374.4580000000001
CCCN(CC(=O)OC)c1cc2[nH]c(=O)[nH]c2cc1Br,-5.59,0.815129237347735,342.193
N#CCc1cnn2c(-c3cccc4[nH]ncc34)nc(NCC3(CN4CCOCC4)CC3)nc12,-7.535,0.4462871736350299,443.51500000000044
COc1cccc(C2C(C(=NN(C)C)C(=O)NCc3ccccn3)C3(c4ccccc4)C(=O)C(c4ccccc4)C(N)C23)c1OC,-6.76,0.20131451340820836,617.7500000000001
COc1cc(OC)c2oc(=O)c(C(=O)Nc3nc(-c4cc5c(cc4OC)OCO5)cs3)cc2c1,-8.051,0.40791596549189163,482.47000000000025
ClC1CNC(c2cnccc2Br)C1,-5.262,0.7858274154743459,261.55
NCc1sccc1Br,-3.911,0.7226586654852422,192.08099999999996
ClC=CC(Cl)(Cl)Cl,-3.388,0.5018890928209072,179.86100000000002
CCC(NCC(O)COc1cccc(C)c1)c1ccccc1,-6.764,0.7839457715545972,299.414
n1(ncc(C(NN)c2ccccc2)c(c1CC)=O)C,,,
C#CC1(NC(=O)C2(C#Cc3cc(C(F)(F)F)c4oc(-c5ccc(OC)nn5)cc4c3)CCN(Cc3ccccc3)CC2)CC1,-7.73,0.28146508384312735,598.625
C=Cc1cc(I)c2cc(I)sc2c1,-5.509,0.5936051519654607,412.033
CC(C)C1(C)NC(=O)N(CC(=O)N2CCOCC2)C1=O,-6.095,0.7282801511988813,283.328
CCNC(=O)CC(C)C1C(=O)CC2C(OC)C3C(CCC4OC(C)(C)CC43C)C21,-6.92,0.7590206536312607,405.57900000000024
Cc1cccc(C(CN)NCCC2CCCC2)c1Br,-6.144,0.8316335415415902,325.2939999999999
CN=C(NCC#Cc1ccccc1)NCCCCOC1CCCCC1,-5.387,0.3460213248435463,341.4990000000002
O=S(=O)(Cc1ccccc1F)NCC1(O)CCCC1,-6.217,0.8632373054294858,287.3560000000001
Cc1c(C(=O)c2cccc(NC(=O)c3cc(I)ccc3Cl)c2)c(=O)n(C)c(=O)n1C,-7.491,0.4090809670506316,537.7410000000001
CC(C)OCCNCc1ccc(CCO)cc1,-5.222,0.6766677742576496,237.34300000000002
CCCCCCNc1ccc(Br)cc1N,-5.478,0.6053575122215799,271.202
CCOc1cnc2cc(CC(=O)c3ccnc(C)c3)cc(Oc3c(F)cc(F)c(N[S+]([O-])C4CC4)c3F)c2n1,-7.53,0.19850708949703239,556.5660000000001
Cc1cc(C(=O)CCC(=O)NC(C)c2sc(C)cc2C)c(C)s1,-6.186,0.7552625623432473,349.52100000000013
CC1CC(C)CN(C(=O)NC2(C(=O)O)CCC2)C1,-6.478,0.7873803868255074,254.32999999999996
CC1(NS(=O)(=O)c2cccc(Cl)c2Cl)CCCCC1,-6.34,0.9142792206439421,322.25700000000023
CC12C(O)CCC(CO)(C(O)C1O)C2(C)C,-5.208,0.5064180450292345,230.30400000000003
CC(Sc1cccc(C(F)(F)F)c1)C(=O)Nc1cccc(-c2nn[nH]n2)c1,-7.543,0.6403103957177794,393.394
COCCCNC(=O)NC(Cc1ccccc1)C(=O)O,-6.526,0.6203283009879681,280.324
CC(C(O)C(=O)O)C(OC(=O)c1ccccc1F)C(N)=O,-6.288,0.6303504387588771,299.254
CC1=CCC(NC(=O)N2c3ccccc3CC2C)C=C1,-7.713,0.8312771694928749,268.36
CN(C)C(=O)C(=O)OCOC(=O)c1ccc(-c2ccnc3c(Oc4ccc(Oc5ccccc5)cc4)cnn23)cc1,-7.792,0.15279726064986213,552.5430000000001
CCC(CC(=O)O)c1c(-c2ccc(Cl)cc2)c2scc(-c3ccc(NC(C)=O)c(Cl)c3)n2c1C,-7.164,0.2630876770087778,515.4620000000002
Cc1ccc(C)c(S(=O)(=O)NCc2nc3ccccc3[nH]2)c1,-7.234,0.7770089346787544,315.398
COCCCNC(=O)Nc1ccccc1N,-5.703,0.5217320999373151,223.276
CCc1c(C)ccc2cnnc(NCC3(c4ccccc4)CCCCCC3)c12,-5.48,0.5406966996667991,373.54400000000027
CCC1CCC2C3CC=C4C(C)CCC4C3CCC12C,-6.984,0.5266573318826081,272.476
CCOc1ccc(C(=O)N2CCC(n3c(=O)oc4ccccc43)CC2)cc1OC,-7.834,0.6601442162943311,396.44300000000015
CCN1CCN(Cc2cccc3oc(-c4cccc5[nH]c(SC)cc45)cc23)C2COCC21,-7.419,0.4257475374760524,447.6040000000002
NC(c1ccccc1)C1CCCC1c1ccccc1,-6.829,0.8658040114945698,251.37299999999996
CCCCCCC(=O)CC(=O)Nc1cccc(OC)c1,-5.935,0.5543549812186827,277.36400000000003
Cc1cc(=O)n(CC(=O)O)c2cccc(N)c12,-6.056,0.7555308769836182,232.239
CCC1CCCN(c2cc(C(=N)N)cc(C)n2)C1,-7.32,0.6350177242861794,246.358
Cc1cc(C(=O)Nc2cccc(C(=O)NO)c2)cnc1C,-7.782,0.5944191176497843,285.30300000000005
CC(=O)NC1CC(C)C(C)N(CC(O)COc2cccc3c2OCO3)C1,-6.593,0.7940903720515252,364.4420000000001
NCc1cnc(Nc2ccc(Cl)cc2)nc1,-5.727,0.8557444020143428,234.69
C(#Cc1ccc2c(c1)C1CCCCC1C1(CCCC1)O2)c1ccccc1,-7.608,0.5283404482490994,342.48199999999997
CCOC(=O)C1(Cn2ccc(=O)cc2)CCN(C#N)CC1,-5.512,0.6097351884234072,289.33500000000004
CCCC1CCC(CCC2CCC(c3cc(F)c(F)c(F)c3)CC2)CC1,-7.106,0.45116267435999075,366.5110000000002
CCCCC1C(C)CCCC1C(C)C,-4.762,0.6005962500863659,196.378
C=C(NOCCN(C)C(=O)O)c1cccc(N)c1,-6.235,0.40355421478495695,251.28600000000003
CCNc1ccc(S(=O)(=O)NC(C)C)cc1N,-6.002,0.695885179194995,257.359
CC1CC(N)CCN1C(=O)CCCO,-5.146,0.678597906087341,200.28199999999998
O=C(NCCSC(F)(F)F)c1ccccc1I,-5.979,0.6467659392432097,375.153
Cc1ccc(-c2ccc(C=C3SC(=S)N(c4cccc(C(F)(F)F)c4)C3=O)o2)c(Br)c1,-7.831,0.2634937723172698,524.3830000000002
CCc1c(N)ccc(C#N)c1C,-4.809,0.638697273449198,160.21999999999997
O=C(O)c1cc(=O)n(I)cc1[N+](=O)[O-],-5.228,0.4907443745180608,310.00300000000004
CCN1CCC(O)(c2cccc3ccccc23)CC1,-6.677,0.8908252952662298,255.361
CCc1ccccc1OCC(=O)Nc1cccc(C(=O)NC(C)CC)c1,-7.425,0.7576890756532184,354.45000000000005
CCOc1ccccc1NC(=O)C(C)Sc1nnc(-c2cccc(Cl)c2)n1Cc1ccccc1,-7.591,0.28304050639692724,493.03200000000015
CC(C)(N)CNS(=O)(=O)c1ccc(Br)cc1C(=O)O,-5.964,0.7375987545247786,351.22200000000004
COc1ccc(C(=O)OC=NCSCC2CC(C3CC(=O)C=CC3C)OC2=O)cc1,-6.462,0.26992475261106963,431.51000000000016
COC(=O)C(=O)Nc1cc(Oc2c(N3CCOCC3)oc(C(=O)c3ccc(C)c(C)c3)c2C)c(F)cc1F,-7.886,0.2841119576835855,528.5080000000003
CCC(C)C(NC(=O)C(Cc1cnc[nH]1)NC(=O)C(CC(=O)O)NC(=O)C(CO)NC(=O)C(Cc1ccccc1)NC(=O)C(CCCCN)NC(=O)C(C)N)C(=O)NC(C)C(=O)NC(CO)CC(C)C,,,
CCC(COCC12CCC3C(C)(CCC4C(C)(C)C(O)CCC43C)C1CC(C)(C)CC2)NC(=O)c1ccc2ccccc2c1,-7.889,0.3326333167082282,601.9160000000004
O=C(Cc1cc(F)cc(OCCC(=O)N2CCCC2)c1Cl)c1ccsc1,-6.178,0.6543063508090283,395.883
C=CC=CC=C(C=C)c1noc(-c2ccc(Br)cc2)n1,-7.148,0.7390164349210189,329.19699999999995
C(F)(F)(F)c1c(Cl)nc(Cl)n(c1)Cc1ccc(cc1)O,,,
Cc1cccc2c(=O)cc(C(=O)Nc3ccc(F)cc3)oc12,-7.622,0.787320796817095,297.285
C1C(CCN(c2cc(-c3n[nH]c4c3nc(-c3cncc(n3)N3CC(CC3)(F)F)ccc4)cnc2)C1)=C,,,
Cc1ccccc1OC(C)c1nnc(SCC(=O)N2CCCCC2)o1,-6.958,0.7321111695539276,361.4670000000002
CCCC1CCCC(C(NN)C2CCC(C)C(C)C2)CC1,-4.845,0.43035307555631713,294.5270000000001
NCC1(Oc2cccc(Cl)c2)CCCOCCC1,-3.637,0.9174246304728326,269.77199999999993
CC(C)Oc1cc2c(cc1O)C(=O)CNC2=O,-6.129,0.8045910404819089,235.23899999999998
CS(=O)(=O)C1CN(CCn2ccnc2)C(=O)N1,-5.574,0.7720716551483643,258.303
COCc1cnn(-c2cc3cc(OCC4CCN(c5nc(C(F)(F)F)no5)CC4)ccc3cn2)c1,-8.681,0.38113861120180115,488.47000000000014
CC(N)CC1=CCC2=CC(C)NN2CC1,-4.32,0.6748268303960477,207.32099999999997
CN(CC1COc2ccccc2O1)C(=O)C=Cc1ccc2c(c1)OCCO2,-7.486,0.7780756353005028,367.4010000000002
Cc1cn(C2OC(CO)C(O)C2O)c(=O)[nH]c1=O,-6.97,0.4628801121855684,258.23
CCCCCCC=CC=CCCCCCCCC(=O)OC(COC(=O)CCC=CCCCCCCCC)COC(=O)CCCCCCCCCCC,,,
C=C(c1cc([S+](C)[O-])c[nH]1)N1CCC(Cc2cc(-c3cc(C)ccc3F)no2)CC1,-8.32,0.5750403829111234,427.5450000000002
O=C1NC(=O)C(=Cc2cccc(OCc3c(Cl)cccc3Cl)c2)CS1,-7.837,0.7468717147383618,394.279
Cn1ccc(-c2nn(C3OC4CNC(O)C4C3O)c3c2cnc2[nH]cnc(=O)c23)n1,-7.634,0.320842835043041,410.3940000000002
C=CCCCC(CC1CC2CCC1C2)NCC,-5.815,0.4921629138948145,235.41499999999996
CC(C)=CC1C2(C)C(=O)C(c3ccccc3)=C(C(=O)C2(O)c2ccc(O)cc2)C12N(C)C2(c1ccccc1)C(C)(C)c1ccccc1,-7.564,0.17360069409844966,623.7930000000001
CCOCC(N)c1cnn(C)c1,-4.828,0.711895385673444,169.228
O=C(Nc1ccccc1)c1c(N2CCC(Cc3ccco3)CC2)nc2ccccn2c1=O,-7.592,0.519790387893686,428.49200000000013
CCOc1ccc(C=NNC(=O)c2cc3ccccc3cc2O)cc1OCC,-7.315,0.4789775754380474,378.42800000000017
O=C(NCc1ccco1)Nc1cc(F)ccc1F,-6.754,0.8820084760368795,252.21999999999997
CC(Cc1ccco1)NC(=O)Cc1ccc(S(C)(=O)=O)cc1,-6.436,0.882344990597809,321.398
COC(=O)c1nc(NC(=O)CN(C2CC2)S(=O)(=O)c2ccc(F)cc2)sc1C,-7.321,0.6791550141935538,427.47900000000016
CCOc1ccc(S(=O)(=O)c2nc(Nc3cccc(Cl)c3)sc2C(=O)OC)cc1,-6.867,0.5248442907901697,452.9410000000002
COCCNC(=O)c1c[nH]c2cc(F)c(-c3c(F)cccc3OC(C)C)cc2c1=O,-6.952,0.576615927083579,416.42400000000015
Nc1ccc(Cc2n[nH]c(Cc3ccccc3)n2)cc1,-7.934,0.7115859028444769,264.33200000000005
CCc1cccc2[nH]c(COc3ccc(C(=O)N(C)CCc4ccccc4)cc3)nc12,-8.151,0.44127025895567085,413.52100000000013
CNC(=O)c1ccc(C2CN=C(N)N2C(C)(C)C)cc1,-6.353,0.8586078823423307,274.36799999999994
CN(C)C(=O)N1CCN(C(=O)Cc2ccc(N3CCOC3=O)cc2)CC1,-7.434,0.8064700021591595,360.41400000000016
CCCCCCCCCCCCCCOCOCC1OC12CCC(=O)CC2C(OCOC)C(C)CC=C(C)C,-4.661,0.05206543659079485,552.8370000000003
CCN1CCCCC1CN(C)C(C)(C)CO,-5.361,0.7734744193581458,228.37999999999997
CCC(COS(=O)(=O)c1ccc(C)cc1)=S(=O)=O,-6.221,0.6005057368190418,290.362
Cc1nc2ccccn2c1-c1ccnc(N(C)C2CCS(=O)(=O)C2)n1,-7.298,0.7100152320000365,357.4390000000001
CCCNc1ncc(Br)c(NC(C(=O)OC)C(C)C)n1,-5.962,0.7402639547568649,345.2410000000001
COc1ccc2[nH]c(-c3csc(-c4cccnc4)n3)nc2c1Cl,-6.85,0.5986276123105804,342.81100000000004
O=C(Nc1n[nH]c(Cn2nnnc2C(F)(F)CCC2CCCCC2)n1)c1cccc2ccccc12,-8.699,0.3779343696721995,480.5230000000003
CCCCSc1nc(C(=O)OC)nc2ccccc12,-6.1,0.3627865114859251,276.361
CC#CC(NCCC)c1ccc(F)cc1,-6.187,0.7451828038739268,205.276
Cc1cc(F)cc(-c2ccc(C(=O)O)[nH]2)c1,-7.091,0.81548223903717,219.215
CCc1c(O)cc(-c2cc(OC3CCC(CC(=O)O)CC3)ccc2C2CCC3(CCC(OC)CC3)CC2)cc1-c1ccc(OC)c(C=C(C)C)c1,-8.38,0.20777750142235543,694.9530000000003
CC(C)(C)c1ccc(C=NNC(=O)c2ccc(NC(=O)c3ccc([N+](=O)[O-])cc3)cc2)cc1,-7.383,0.3193937111538732,444.49100000000016
Nc1ncnc2c1ncn2C1CC(O)C(COCc2ccccc2)O1,-6.915,0.7192224279637233,341.37100000000004
c1ccc(C(CN2CCOCC2)Nc2cc(C3CC3)nc(N3CCCCC3)n2)cc1,-7.208,0.7528676402694079,407.56200000000024
Cc1nc(N)sc1-c1ccc2c(c1)CCC2,-7.03,0.8167842892879451,230.33599999999996
CC(NCCC(=O)O)c1cncs1,-5.233,0.7509788682488063,200.263
Cc1c(C(N)=S)ccnc1NCC(F)F,-6.158,0.7743583005123096,231.271
CN(CCc1cccs1)C(=O)C1CCCC(=O)N1,-6.099,0.8957104525876497,266.3659999999999
CC(=O)Nc1ccc(NC(=O)CSCc2cn(C)c3ccccc23)cc1,-7.259,0.6918991623712588,367.47400000000005
CCCCOC(=O)CC1C(=O)NCCN1Cc1c(C)nn(-c2ccccc2)c1C,-7.158,0.5462142321107805,398.50700000000006
COc1ccccc1C=CC(=O)OC(C(=O)Nc1ccc(C(=O)O)cc1)c1ccccc1,-7.332,0.40662124483966944,431.44400000000013
Cc1cc(COC(=O)c2nc(C)oc2-c2ccccc2)no1,-7.428,0.6875576819758148,298.298
CC(Nc1ncccn1)C(=O)N1CCN(Cc2cccc(F)c2)C(=O)C1,-7.392,0.8723571232561791,357.38900000000007
CC(C(=O)NCCCOc1ccccc1)N(c1ccc2ccccc2c1)S(C)(=O)=O,-6.82,0.5308587879368329,426.5380000000002
CCN(C)C=NC#N,-3.887,0.2945955456983951,111.148
Cc1c2[nH]c3ccccc3c2cc2oc3c(-c4cccc5cccnc45)cccc3c12,-9.157,0.3071282539539247,398.4650000000001
CC(I)N1CCC(=O)CC1,-4.406,0.4000501796012702,253.08299999999994
CCC(C)NC(=O)C(=O)NCc1cccs1,-5.906,0.778859929027933,240.328
CNCc1c(C)nc2ccccc2c1-c1ccc(F)cc1C,-6.509,0.7752585065962846,294.37300000000005
COC1CN(C(=O)OC(C)(C)C)CCC1NC(=O)c1c(F)ccc(C(F)F)c1N,-6.317,0.7346067717318434,417.4280000000001
c1cccc2c3cc(N(c4cc5oc6c(ccc7c6n6ccnc6c8C=CCCc76)c5cc4)c4cccc(-c5ccccc5)c4)ccc3oc21,,,
CC(CN1CC(C(=O)O)CC1=O)Oc1ccc(N2CCC2)cc1,-7.161,0.8625091546545647,318.3730000000001
CCCOc1cccc2oc3ccc(C)cc3c(=O)c12,-6.683,0.6727906250098631,268.312
Cc1ncc(C(=O)NC(C)c2nnc3n2CCCC3)cc1O,-6.47,0.8961756191162688,301.35
CC1OC(C)(C)N(CC2CCCCO2)C1=O,-5.427,0.7179716830790966,227.30399999999992
Cc1ccccc1S(=O)(=O)c1cccc(-c2cn(C)c(=O)nc2N)c1,-8.271,0.7767786807085408,355.4190000000001
Cc1ccc(S(=O)(=O)N(CC(=O)Nc2ccc(Oc3ccccc3)cc2)c2ccccc2C)cc1,-7.784,0.3349422531920617,486.5930000000002
O=c1oc2cc(Cl)ccc2cc1C=NNc1ccc(C(F)(F)F)cc1,-7.827,0.40681256955240186,366.72600000000006
CC(CNC(=O)c1c(F)cccc1F)C(N)=S,-6.275,0.8068138402079397,258.29299999999995
NS(=O)(=O)CCc1ccc(OCCCN2C(=O)C(C=Cc3ccccc3)SC2c2ccc(OCC(=O)NCCCOc3cccc(C(F)(F)F)c3)cc2)cc1,,,
CN1C(=O)CCC(N2C(=O)c3ccccc3C2=O)C1=O,-6.411,0.6947493372946231,272.26000000000005
Cc1nnc(SC(C)c2cc3c(Nc4ccc(F)c(F)c4F)ncnc3s2)s1,-8.26,0.3101474804438943,439.5130000000001
CC(=O)NC1c2ccccc2OC(c2ccccc2)C1C,-6.735,0.912451381753268,281.355
CC(C)Oc1ccc(-c2ccc(C3OCc4ccccc43)s2)cc1C#N,-7.31,0.5990077908985493,361.46600000000007
CC(CCO)CNS(=O)(=O)c1c[nH]c(CO)c1,-5.995,0.5463759323820653,262.33099999999996
CCN(c1ccccc1)S(=O)(=O)c1ccc(Cl)c(C(=O)N(C(C)C)C(C)C)c1,-5.945,0.6425751400921034,422.9780000000001
CCCCCCCCCCCCCCCC(=O)OC(COC(=O)CCCCCCCCC(C)C)COP(=O)(O)OCC(O)COP(=O)(O)OCC(COC(=O)CCCCCCCCC)OC(=O)CCCCCCCCC,,,
NCc1cc2ccc(Cl)cc2nc1N,-6.209,0.751193146281763,207.66399999999996
COc1ccc(C(C)NC(=O)COc2ccc(S(=O)(=O)NC3CCCC3)cc2)cc1,-8.046,0.6348157890236369,432.5420000000002
O=C(Nc1ccc(Br)cc1)C1(c2ccccc2Cl)CCNCC1,-7.725,0.8131511261042723,393.7120000000002
CCOCCOc1cccc(NC(=O)C2CCC(=O)N2Cc2cccc(Cl)c2)c1,-6.966,0.6296201966970076,416.9050000000001
CCc1ccc(C2(CNCCSCNC(=O)c3ccc(C4COC(C)(C)OC4)c(OC)c3)CC2)cc1,-7.592,0.31255475187743365,512.7160000000003
COc1ccc(OC)c(NC(=O)Cc2csc(-c3ccncn3)n2)c1,-6.796,0.7308043100150717,356.40700000000004
O=C(Nc1ccc(CN2CCSCC2)cc1)c1cc(-c2ccco2)nc2ccccc12,-8.144,0.46675030802976114,429.54500000000013
NCC1CCC(Nc2ccc3c(c2)NC(=O)CO3)CC1,-6.34,0.7877332271934253,275.35200000000003
Cc1ccc(C)c(-n2c(C)cc(C=C(C#N)C(=O)OCCOc3ccccc3Cl)c2C)c1,-7.75,0.19538062990648214,448.9500000000003
Cc1ccc(NC(=O)C2CCCCN2C(=O)CC2SN=C(c3ccccc3)NC2=O)nc1,-8.391,0.6805551936449513,451.5520000000001
OC(CCCCC1OC=CO1)C1CCCCC1,-5.877,0.7236777043991492,240.34299999999993
CC(C)(C)CC1(C(=O)N2CCCc3cc([N+](=O)[O-])cc(F)c32)CCCC1,-6.212,0.5607166228489432,362.44500000000016
Cc1cccnc1NC(CO)CO,-4.884,0.6200879970017207,182.22299999999998
CCC(Oc1cccc(OC)c1)C(=O)N1CCCC(c2ccc(F)cc2)C1,-8.051,0.7555415537063506,371.452
O=C1C(CCC(=O)N1)N1C(c2c(C1=O)cccc2NC1CCN(CC1)c1cc(OCC)c(cc1)N1CCN(CC1)c1c(CC)c(cc(c1)C(Nc1cc2CN(Cc2cc1)CCCN(C)C)=O)N1CCC2(CC(C2,,,
CC(Cc1cccc(Cl)c1Cl)(C(=O)O)C1CCCCC1,-6.356,0.8281524515552957,315.2400000000002
CC1(O)C(c2ccccc2)OC23CC(CCC2OCc2ccccc2)CCC3C2(C)CC12,-5.43,0.6372577348859384,432.6040000000002
CSCCC(NC(=O)C1CCC(N)C1)C(=O)O,-5.429,0.6440792546678122,260.3589999999999
Cc1ccc(C(=O)N2CCN(c3cc(C)nc(Nc4ccc(Br)cc4F)n3)CC2)c(Cl)c1,-8.424,0.5041797098239126,518.8180000000002
CC(=O)n1nc(C(C)C)oc1=O,-5.839,0.6192652141769193,170.16799999999998
CS(=O)(=O)N(c1ccc(Cl)cc1Cl)C(Cc1ccccc1)C(=O)NCc1ccc(F)cc1,-7.504,0.48725378111248213,495.40300000000025
CCOC(=O)Cc1cc2ccc(C(O)CC3c4ccccc4-c4ccccc43)cc2cn1,-8.123,0.41162828157522613,423.5120000000001
Cc1nc(Cl)ccc1NS(=O)(=O)c1cccc(C#N)c1,-7.29,0.8837511664289949,307.76200000000006
CCCCCCCCCCCC(O)CC(Cc1ccccc1)NC(=O)CN,-5.767,0.37558462720652014,376.5850000000001
C=CC(=O)NC1(C)CN(c2cncc(-c3ccc4c(c3)c(-c3cnn(C)c3)nn4C3CC3)c2)C1,-8.013,0.4502989691961897,453.55000000000024
CC1CC(O)C(=O)N1CCc1ccccc1,-6.208,0.8297994826216188,219.284
CCCSC(=O)Cn1cc(C=C2C(=O)NC(=S)N(c3ccc(CC)cc3)C2=O)c2ccccc21,-6.693,0.2946009242872322,491.63800000000026
COc1cccc(-c2cc3c(C(N)=NOC(C)=O)cc(-c4ccc(Cl)cc4Cl)nc3s2)c1,-7.898,0.15877841854077038,486.3800000000001
O=C(CC1CCCNC1)Nc1ccc(CN2CCCC2=O)cc1,-7.057,0.8749300265141758,315.4170000000001
CC(C)Oc1cc(-c2ncc(C(C)C(=O)C(C)(C)C)s2)cc2c1OCC2Oc1ccc(C(F)(F)F)cc1,-7.558,0.30958399114574275,533.6120000000002
O=C(CN1CCN(Cc2nc(Cc3ccc(F)cc3)no2)CC1)Nc1ccc(F)cc1,-8.546,0.6251057265522134,427.45500000000015
CC(C(=O)NC1CCN(Cc2ccccc2)CC1)c1c[nH]c2ccccc12,-7.163,0.7201059857330897,361.48900000000003
COc1cccc(C#N)c1NCc1nn[nH]n1,-6.249,0.8012141183175188,230.23100000000002
CCN(Cc1ccc2c(c1)OCO2)C(=O)C1CC(=O)N(c2ccc(OC)cc2)C1,-7.778,0.7511473991838183,396.4430000000001
COS(=O)(=O)c1ccc2c(c1)COC=[B-]2C(C)C,,0.6054126347800352,267.135
CCN(C(=O)c1ccc(C=CCc2ccc(Br)cc2)c(C)c1)c1cccnc1,-7.403,0.47060487043841265,435.3650000000001
CCNCc1cc(F)ccc1N(CC1CC1)C1CC1,-4.944,0.8106997353286013,262.37199999999996
CC(C)(CNC(=O)CSCC(=O)O)c1cc(F)ccc1F,-6.462,0.8087645417017797,317.35699999999997
O=c1[nH]c(C2CN3CCC2CC3)no1,-6.335,0.6936151998548353,195.22199999999998
NCC1CCN(c2ccc3cc(C(N)=S)ccc3c2)C1,-6.808,0.8494422975602128,285.41600000000005
Cc1cc(Br)cc(NC(C)(C)C)c1,-5.17,0.7852235855049148,242.16000000000003
CCc1cc(N)c2c(c1CC)CCCC2,-5.768,0.7334295295507199,203.32899999999992
COc1cc(C2C(=C(O)c3ccncc3)C(=O)C(=O)N2C2CCCCC2)cc(Cl)c1O,-6.966,0.4178179276645777,442.89900000000034
CCCn1ccnc1CC(=O)c1ccc(C)nc1,-5.796,0.7576243207265849,243.30999999999997
CC(C)(C)N1CCCC1CCS(=O)(=O)N1CCCc2nc(Nc3ccc(F)cc3)ncc21,-7.814,0.6980297626290668,461.6070000000002
CCCCCCCCCCCC(=O)NC(C)c1ncc[nH]1,-5.256,0.5570841517064057,293.455
CC(=O)NC1C(O)C(OC2OC(C)C(O)C(OC3OC(CO)C(O)C(O)C3O)C2O)C(O)C(O)C1OC1C(O)C(N)C(OCCN)OC1C(O)C(O)COC1OC(C)C(O)C(O)C1O,,,
c1ccc(-c2ccc(-c3nc(-c4cc(-c5ccccc5)cc(-c5ccccc5)c4)nc(-c4c(-c5ccccc5)ccc5ccccc45)n3)cc2)cc1,-9.089,0.17031188362566235,663.8240000000002
C=C(C)C1CCC2(C)C1CCC1(C)C2CCC2C3(C)CC(=O)C(C(=O)Nc4ccc(O)cc4)C3(C)CCC21C,-8.291,0.23480801844984572,531.7810000000002
CC(C)C(C#N)NS(=O)(=O)c1cc(N)ccc1Cl,-6.189,0.8246328105077715,287.772
Cc1ccc(CN)c(=O)n1C1CCCC1,-5.432,0.8007224081201638,206.28899999999996
COc1nc(NN(C)c2ccccc2)nc(Oc2ccc(CCl)cc2OC)n1,-7.351,0.44949577282794567,401.8540000000002
O=C(NC1(CO)CCCC1)c1ccc(F)cc1Br,-6.734,0.9005098953631574,316.16999999999996
NNc1cnc(NCCCC2CCOC2)cn1,-6.124,0.38851342345699746,237.30699999999996
CN(CC(=O)N1CCCC1)c1ccc(F)c(N)c1,-6.325,0.8275230961984127,251.30499999999998
COCCOCCCOc1ccc(C#N)cc1C#N,-5.566,0.6667614939209334,260.293
CCCC(C(=O)OCC)N(c1cc(Cl)cc(Cl)c1)S(=O)(=O)c1ccccc1,-5.323,0.5579996749368711,430.3530000000001
COC(=O)C(Cc1cccc(O)c1)NC(=O)C(COC1CCCCO1)NC(=O)OCc1ccccc1,-7.096,0.4009763076415352,500.54800000000034
OCC(Cl)CO,-3.278,0.47426091086771094,110.53999999999999
CC(=O)NC=Cc1ccc(Cl)cc1Cl,-6.082,0.830358054644902,230.09399999999997
CCNc1nc(CC)cn1C1CCOC(C)C1,-6.206,0.8746047140898243,237.34699999999995
CCOc1ccc(OC(C)C(=O)Nc2cc(C(=O)OC)ccc2O)cc1,-6.707,0.5829846509472149,359.37800000000004
O=C(Cc1ccc(F)cc1)N1CCOC(c2nccn2CC2CC2)C1,-7.319,0.8382831084693931,343.40200000000016
Cc1cccc2nc(COC3CCN(C(=O)c4ccc(F)cn4)CC3)cn12,-7.752,0.7103340533285584,368.4120000000001
CCOCCCNS(=O)(=O)NC(C)C1CC1,-5.323,0.5899919314299397,250.364
Cc1cc(CC2(CN)CCCCCC2)ccc1Br,-4.594,0.8113436189654936,310.279
C=CC(OCCOCC)P(=O)(O)O,-4.633,0.3677599112707972,210.166
COC(=O)NC(F)(F)C(F)(C(F)F)C(F)(F)c1cc(CN(C)C(=O)OC(C)(C)C)nc(Cl)n1,-6.341,0.3281467114583371,512.8100000000003
Cc1ccc(CC(C)C)cc1S(=O)(=O)Nc1cccc(-c2nnco2)c1,-7.135,0.7065662118312351,371.4620000000001
C=C1NC(C)(c2ccc(F)c(Cl)c2)N=C(N)N(c2ccc(N(CC)CC)cc2)C1=O,-5.496,0.7052848530263479,429.9270000000002
C=S(=O)(c1ccc(CC)cc1)c1ccccc1C(C)C,-6.615,0.7559416005451256,286.44000000000005
O=C(O)CN1CCCN(C(=O)c2cnc3cnccc3c2)CC1,-5.131,0.9041303188178039,314.34500000000014
c1cc(Sc2ccc(Nc3c(c(nn3-c3c4c([nH]cn4)cccn3)=O)N(CC(C)C)CC(C)C)cc2)ccc1,,,
O=C(CC1C(=O)NC(=O)N(C2CCS(=O)(=O)C2)C1=O)Nc1ccccc1,-7.091,0.7027057890349292,379.39400000000006
C#Cc1cccc(C2(C)CC(Cn3cc(-c4cnc5ccccc5c4)cn3)(C3CC3)C2(C)C)c1,-8.282,0.3140797640495072,445.6100000000002
CCC1CCCCN1C(=O)C1(N)C2CC3CC(C2)CC1C3,-6.26,0.8496840914337868,290.4510000000001
C=CCNc1nc2c(c(=O)[nH]1)C(c1ccc(OC)cc1)CC(=O)N2,-6.978,0.7288211839523545,326.35600000000005
CC1CN(c2cccc(NC(=O)C3(c4ccc(Cl)c(Cl)c4)CCC3)c2)CC(C)O1,-7.945,0.6759650662848391,433.3790000000002
O=C(COc1ccccc1Cl)NNC(=S)N(Cc1ccc(F)cc1F)c1ccc(Cl)cc1,-7.06,0.3602916476389231,496.3660000000002
NC(=O)CC(=NSCc1ccccc1)C1OC(CO)C(O)C(O)C1O,-6.685,0.3053818893653357,370.4270000000001
CCNC(=O)COc1ccccn1,-5.599,0.7376415097465175,180.207
NCC(=NN)C(=O)O,-4.405,0.22875579990904366,117.10799999999998
CCc1cccc(CC)c1-c1cc(C(=O)O)c(N)cc1Br,-6.095,0.7986990183564517,348.23999999999995
CC1COC(c2ccccc2)OC1c1ccc(Cl)cc1Cl,-7.354,0.7348873975706769,323.21900000000005
O=C(O)CCCc1ccc(OCc2c(-c3ccc(OC(F)(F)F)cc3)nc3ccccn23)cc1,-6.571,0.33046413349934256,470.44700000000006
Cn1cc(C(=N)NC(=O)Nc2ccc(Cl)c(C#N)c2)c2ccccc21,-7.932,0.48284530678983406,351.7970000000001
CCN(CC)c1cc(N=C=O)cc2c(Cl)cccc12,-6.495,0.6147731982754427,274.75100000000003
CC(CO)NC(=O)c1cc(-c2ccc(F)cc2F)ccc1-c1cccc(C#N)c1F,-7.457,0.6540737993794794,410.3950000000001
CN(C)C(=O)c1ccn(C2CCN(C(=O)c3ccc(SC4CCC4)cc3)CC2)n1,-7.476,0.7512583402527306,412.5590000000002
CCCCC(CCO)NC(=O)c1cc([N+](=O)[O-])ccc1F,-6.424,0.5690954488183467,298.31399999999996
O=C(OCc1csc(-c2ccccc2Cl)n1)C1CCCCC1,-6.164,0.7306392548677928,335.8560000000002
Cc1cc(Cl)ccc1N(CC(=O)N1c2ccccc2CC1C)S(=O)(=O)c1ccccc1,-7.564,0.5548692273394512,454.97900000000016
O=C(NNC(=O)C12CC3CC(CC(C3)C1)C2)c1cc(F)ccc1Cl,-7.239,0.8024456208064525,350.821
CCC=CCC=CCC=CCC=CCCCCCCC(=O)OCC(COP(=O)(O)OCC(N)C(=O)O)OC(=O)CCCC=CCC=CCC=CC=CC(O)C=CCC,,,
CSC(=C(c1ccccc1)c1ccccc1)c1cc(C)c(C(C)C)cc1C,-6.32,0.4132934903831037,372.57700000000017
Cc1c(N(C(=O)O)C2CCCC2)nc(C(C)(C)O)n1Cc1ccc(-c2ccccc2-c2nn[nH]n2)cc1,-7.638,0.33298083041364296,501.5910000000001
COc1ccc(Cl)c(N2CC(C=O)CC2=O)c1,-6.507,0.7732785617367922,253.68499999999997
CCCC(CCC)c1cccc2ncc(N=Nc3ccc([N+](=O)[O-])c(C(F)(F)F)c3)n12,-6.043,0.2112185744024917,433.43400000000014
Nc1cc(CN2CCN(C3CCC3)CC2)ccc1Cl,-6.293,0.8635265033394348,279.81499999999994
CCc1nn(Cc2ccc(C(F)F)cc2)cc1C(N)=O,-6.771,0.9138240453057811,279.29
CCC1=CCC2CC(=O)C(=C1)C2,-4.778,0.5789358211552244,162.23199999999997
Cc1ccc(S(=O)(=O)NCCC(=O)NCc2ccc(Cn3cncn3)cc2)cc1,-5.615,0.5544917310533231,413.5030000000001
CC(=O)c1cc(C(=O)N=O)cs1,-5.579,0.5188423191417263,183.188
CCOC(=O)c1c(-c2ccc(N3C(=O)c4c(C)cc(C(=O)Nc5nnc(OC)s5)c5cccc3c45)cc2)oc2cc(C)sc12,-7.985,0.18104032298884307,624.7000000000002
O=C(Nc1nc2ccccc2[nH]1)c1cc(Cl)ccc1Cl,-7.027,0.7478908340044444,306.15200000000004
CC1=CC(CC2CC2N)CCC=C1,-4.779,0.6891259953043272,177.291
CC1C2C=CCC2C(=O)N1Cc1ccncc1C(=O)O,-6.75,0.8501898563471045,272.304
COc1ccccc1NC(=S)Nc1cccc(N2CCCCC2)c1,-6.66,0.8012348959462271,341.48000000000025
Nc1ccc(-c2cnn3cc(I)ccc23)cn1,-6.312,0.6952088865204349,336.1360000000001
COc1ccc(CN2C(=O)C(=Cc3ccc(OCc4ccccc4C#N)c(Cl)c3)SC2=S)cc1OC,-8.138,0.25019157899085903,537.0620000000001
Cc1c(NC2(C)CCOC(=O)C2)cccc1C(=O)O,-6.396,0.8175590476722114,263.29299999999995
C=CCN1C(=O)C(=Cc2cccc(Cl)c2)SC1=Nc1ccccc1,-6.42,0.5628571332626753,354.8620000000001
CCn1ccnc1SCC(O)c1ccc(F)cc1Cl,-6.189,0.8586547047852011,300.78600000000006
N=C(Cl)Cc1ccc(OCC2CN(C(=O)Oc3cccc(F)c3)CCO2)cc1,-7.208,0.7391844769429873,406.84100000000007
Cc1ccc(C)c(C(C)NS(=O)(=O)c2cc3c(cc2C)NC(=O)CO3)c1,-8.14,0.8616208699880363,374.46200000000016
COCC1(c2ccc(-c3cn(C4OCCC4c4ccc(Br)cc4)nn3)c(F)c2)COC(C(C)F)S(F)(F)(F)(F)C1,-7.886,0.24595805944413338,656.4870000000003
COCCC(N)C(=O)Nc1cccc(CC(C)C)c1,-5.478,0.7931246712714285,264.36899999999997
CCc1nc(C2C(C(=O)O)CCN2C(=O)C2CC2)no1,-6.778,0.8833290037926472,279.29599999999994
CCCCN(CC)Cc1ccc(OC(C)C)c(OC)c1,-5.863,0.6789140424642246,279.424
CC(C)(C)NC(=O)N1CCC2(CC1)NC(c1ccccc1)NC(=O)N2CCc1ccccc1F,-8.164,0.6366601468803627,467.58900000000017
CCCCOc1cc(O)c2c(c1)C(=O)C(=O)N2,-6.381,0.47292130469734217,235.23899999999998
Cc1cccc(C(=O)OCC(=O)N2CCCCC2C)c1C,-6.665,0.8038418496999443,289.375
CC1CCCC(NC(=O)N2CC3CN4CCCCC4C3C2)C1,-7.207,0.8082878893486881,305.466
COC(=O)c1cc(N)ccc1NC(C)C(=O)N(C)C,-6.107,0.6250132568152592,265.31300000000005
O=C(c1ccc2c(c1)OCCO2)c1cccc2sccc12,-6.976,0.6727218659873784,296.347
CC(=O)c1nccnc1CF,-4.56,0.5998575855654654,154.14399999999998
CCCCc1cc(C(=O)N(CCC)CC(=O)O)cc(Cl)n1,-6.748,0.7490292248670363,312.79699999999997
COc1ccc(C(ON=Cc2cccc(C(F)(F)F)c2)C(F)(F)F)cc1-c1ccc(C(F)(F)F)cc1,-6.698,0.18673438351312907,521.3790000000001
CCC1CCCN1C(=O)NCCC(C)(C)C(=O)O,-5.481,0.7908095851210267,256.34599999999995
O=C(Cc1csc2c(C(=O)O)ncn12)NN1CCOCC1,-6.548,0.8250395177806855,310.33500000000015
CC(C)C(NC=O)C(=O)NC1CCC(Nc2ccccc2)C1=O,-6.539,0.6569411999139219,317.38900000000007
COC1CCC(c2cc(Oc3cccc(CC(=O)O)c3)ccc2Cc2cc(C(F)(F)F)cc(C(F)(F)F)c2)CC1,-8.544,0.2783364099533693,566.538
Cc1ccc(S(=O)(=O)Nc2ccccc2C(=O)OCC(=O)NC(C)c2ccc(F)cc2)cc1C,-8.539,0.4649995165133719,484.54900000000026
CCC=C(CCc1ccccc1)C(=O)O,-5.917,0.748354325978586,204.269
NNC(Cc1cc(F)cc(F)c1)c1ccc(Br)c(F)c1,-7.017,0.6563064173032107,345.16200000000003
Nc1[nH]ncc1CCCc1ccccc1,-6.204,0.7960865981883447,201.27300000000002
c12ccc(OC)cc2c2c(cc(n2-c2ccc(cc2)C(C)C)-c2ccccc2)c(nc1C1CCCC1)N,,,
COc1ccc(OC2C3OC(C)(C)OC3C(n3cnc4cc(C=O)c(NC(C)=O)nc43)C2OC)cc1,-7.154,0.4919189207339187,496.5200000000002
O=C(NCc1ncc(-c2ccc(N(c3ccccc3)c3ccccc3)cc2)[nH]1)C1CCCC1C(=O)OC(c1ccccc1)c1ccccc1F,-8.342,0.1350453290573583,664.7810000000004
CN1CCCN(C2=Nc3ccccc3C3(Cc4cc5cc(Br)ccc5nc4S3)S2)CC1,-5.655,0.3770276010382037,511.5140000000002
O=C(NC12CCC(C(=O)NC(CO)CC3CCCC3)(CC1)CC2)C1CCCC1,-7.658,0.6229757138014216,390.5680000000003
COc1ccc(OC)c(S(=O)(=O)N(C)CC(=O)N(C)C)c1,-6.144,0.759743606065513,316.379
CCOCC(O)(Cc1ccccc1)c1ccccc1,-5.888,0.8599816474557345,256.345
CCCNCC1(O)CCOC(C)(C)C1,-5.553,0.67377721049992,201.30999999999995
Cc1cc(C)c(C(=O)CCC(=O)Nc2cccc(Cl)c2Cl)c(C)c1,-7.346,0.7102833650026893,364.27200000000005
CCN(COC)C(=O)CC1(C)C2C=C2CC2C1CCC1(C)C(C(C)CCCC(C)C)CCC21,-6.958,0.2540177175024068,457.74300000000034
CC(C)NC(=O)C(C)n1cc(N)cc(Cl)c1=O,-5.874,0.8533649303758623,257.721
O=S(=O)(O)C1=Cc2ncoc2N2C=CCC12,-6.072,0.7373570645366548,240.23999999999998
CC(C(C)C(CO)(CO)C(CONC(C)(C)C)C(C)(C)C)C(C)(C)C,-5.338,0.5667978351645949,359.5950000000002
C(=C(c1ccccc1)c1cccc2ccccc12)c1ccccc1,-7.894,0.38258443396029895,306.408
CCCCCCP(CCCCCC)c1c2c(c3c([nH]c4ccccc43)c1CCCC)C(=Cc1cc3ccccc3c3ccccc13)C(C)=C2,-5.952,0.06392513086505151,663.9300000000002
O=C(c1cnc(N2CCOCC2)cn1)N1CCOC(c2cccnc2Cl)C1,-8.04,0.7369150195457627,389.8430000000001
CC(=O)NCC(=O)c1cccc2c1Sc1ccc(NS(C)(=O)=O)cc1C(=O)N2CCCOc1ccccc1,-7.375,0.2879208897105988,553.6620000000004
C=CC(=CC(=NN)c1cocn1)c1cc(F)cc2c1CC(c1ccccc1)N2,-7.556,0.2992596437438249,374.4190000000001
Cc1nc(CN(C)C(=O)C(CC2CCCCC2)C(F)(F)F)cs1,-6.221,0.7814825363618532,348.4339999999999
CC(C)Cn1c(CCCl)nc2cc(Br)ccc21,-5.069,0.771825350320461,315.642
CCC(C)(C(=O)O)C(=O)NC(C)(C)CCCl,-5.775,0.5590608997555633,249.73799999999994
COCc1ccc(CN2CCC(NC(=O)Cc3ccccc3)C2)cc1,-7.302,0.8439715380156545,338.451
CC#CC(C=C(CC(=O)N1CCN(C)CC1)N1CCCCC1C=O)CC,-7.024,0.5383280256587005,359.5140000000001
CC1CCC(C(C)C)C(Oc2ncc(Br)cc2C(N)=O)C1,-6.275,0.8938697055201532,355.2760000000001
C[S+]([O-])CC1CCNC1,-4.056,0.5568419115036773,147.243
COc1ccccc1C(CC(C)(C)N)n1ccnc1,-5.505,0.8976401158982252,259.35299999999995
Nc1nc(N)c2ncn(C3OC(COP(=O)(OC4OC(CO)C(O)C4O)C(O)C(O)C(O)CO)C(O)C(O)C3O)c2n1,-7.671,0.10287979692117154,628.4850000000004
O=C(CCc1ccc(S(=O)(=O)Nc2ccc(N3CCCC3)cc2)cc1)NC1CC1,-7.306,0.6960510686732025,413.54300000000023
CC(C)C(N)C(=O)Nc1ccccc1NC(=O)CNC(=O)c1cccc([N+](=O)[O-])c1,-7.679,0.38225711419166053,413.43400000000014
CC1CN(C(=O)Cc2cn3ccsc3n2)CC(C)O1,-5.636,0.8381640391001213,279.365
CC(C)CC(=O)Oc1cc(C(=O)OC(C)(C)C(=O)O)ccc1OC(C)COC(=O)CC(=O)O,-5.86,0.26300793640152703,468.4550000000002
Cc1cccc(C)c1NC(=O)CNC1CCN(S(=O)(=O)C(C)C)CC1,-6.439,0.8064006036387402,367.51500000000016
CC#CCCCOC1=C(C(=O)NCCOCCS(=O)(=O)N2CCN(C(=O)C3(F)CCNCC3)CC2)CC2CC3CCC4C5CCC1CC5C(O)CC4(C)C3(F)C(OCCCN)C2,,,
CCCCCCC1CC1CCCCC(CC)(CC)CCC,-5.148,0.2870692626150588,294.567
COc1ccc([N+](=O)[O-])cc1N1CCC(Sc2nc3c(c(=O)n(C)c(=O)n3C)n2C)CC1,-7.61,0.41668770432637253,460.5160000000003
Cc1nn2c(-c3cccs3)cnc2cc1S(=O)(=O)CC1=C(C(=O)O)N2C(=O)C(NC(=O)C(=NOC(C)C)c3nsc(N)n3)C2SC1,-7.441,0.12124354692570498,703.81
CCCN1CCN(c2nc(CC)c(C(=O)OC)s2)CC1,-5.087,0.7781923028476627,297.42400000000004
CCn1ccnc1CNc1ccc(Cl)c(Cl)c1Cl,-6.295,0.8443019790066056,304.60800000000006
S=C1C=C(c2ccccc2)CC2Sc3c(ccc4c5ccc6nc(-c7ccccc7)c(-c7ccccc7)nc6c5n(-c5ccccc5)c34)N12,-8.623,0.17495459109988293,664.859
C1=Cc2cnc(C3=CCN=C3)cc2C1,-6.269,0.6526775845167346,182.22599999999997
CC1(O)CCN(S(=O)(=O)c2ccc3c(c2)OCCCO3)c2ccccc21,-5.616,0.8733256599671008,375.44600000000014
CCCCCCCCC(OCC(C)=O)OC(C)=O,-5.288,0.32418721608517276,258.35799999999995
COC(=O)C(C)(C)CCCCc1cccs1,-5.159,0.5600624511985179,240.368
CCc1cccc(N2CCCC(C)(CC(=O)O)C2)n1,-7.111,0.9061432221098447,262.3529999999999
COc1ccc(CCc2cc(OC)c(OC)c(OC)c2)cc1[N+](=O)[O-],-6.374,0.5376260522516593,347.3670000000001
C=C(C(C)NN=C(C)C)N(C=O)C(CO)CO,-5.026,0.3098914590135396,243.307
CC1CCCC(C(=O)c2c[nH]c3ccccc23)C1,-7.104,0.7860667262302067,241.334
NCCc1cccc(NCC(F)(F)C(=O)O)c1,-6.388,0.7051003208114796,244.24099999999993
Cc1cncc(COc2ccc(F)cc2CBr)c1,-6.794,0.7963298513169356,310.16599999999994
CCc1c(F)cc(F)c(-c2ccc(Cl)c(CO)c2)c1-c1ccn2ncccc12,-7.049,0.48168191149815515,398.8400000000001
COCCc1cn(CC(OC(C)=O)C2OC(C)(C)OC2COC(C)=O)nn1,-6.112,0.5603972275385068,385.41700000000014
Cc1cc(C#N)ccc1Cc1cc(C(=O)O)c(C)o1,-7.38,0.9141604570072974,255.27299999999997
CCCCCCCCCOC(=O)CCC(=O)c1ccc2c(c1)CCCN2C(=O)OC(C)(C)C,-5.353,0.19917233530684253,459.6270000000003
Cn1cc(C2(O)CCOC2)cn1,-5.17,0.6431106195342129,168.196
CCC(C)N(CC(=O)Nc1ccc(Cl)cc1C(F)(F)F)C(=O)Nc1ccccc1Cl,-6.522,0.5307592036297888,462.2990000000001
CCCCS(=O)(=O)Oc1ccc(C=C2CS(=O)(=O)N=C2Oc2ccc(F)cc2)cc1OCC,-7.475,0.4829750153814871,497.56600000000026
Cc1ccccc1COc1cccc(C=NNC(=O)c2nnn(-c3nonc3N)c2C)c1,-8.345,0.3336689770980368,432.4440000000002
C=CCN(CCO)C(=O)CN(C)S(C)(=O)=O,-4.698,0.5808759596415412,250.31999999999996
CC(O)CC12CCC(C(c3c[nH]c4c(C=O)cccc34)C1)[N+]1(CCCC1)C2,-7.38,0.6339023886017862,367.5130000000003
CCc1ncc(C(O)c2ccc3c(c2)CCO3)[nH]1,-7.211,0.8677050372023031,244.29399999999995
COCC(O)CCNC(=O)c1cccc([N+](=O)[O-])c1NN,-5.631,0.3008107136952204,298.29900000000004
CSN(C)C(C)C(=O)Nc1ccccc1Oc1ccccc1,-6.083,0.8174882320766722,316.42600000000004
[C@H]1([C@]2(C)[C@]3(C3C([C@@]3(C)C(CC(CC3(CO)C)(C)O)[C@@H]2C(=O)c2c(cccc2OC(C)=O)OC)=O)O)CCCC(=O)[C@H]1C,,,
CCC(=O)NCCN1CCC(NC(=O)c2cn3ccc(OCc4ccccc4)c(OCc4cc(C(F)(F)F)nn4-c4ccccc4)c3n2)CC1,-8.256,0.1698611596322442,689.7389999999999
C=CCOP(OCCCCCCOc1ccc(C)c(C)c1)SCCC(=O)OCCCCCCCCCC,-5.79,0.05191237495401435,554.7740000000003
CN=NC(C)=NN,-3.948,0.1541882411673039,100.12500000000001
CN(C(=O)CC(C)(C)C(=O)O)C1CCCc2ccc(Cl)cc21,-7.192,0.9192224525072068,323.82
CCOc1c(Br)cc(Cl)cc1C=NNC(=O)c1ccc(Cl)cc1Cl,-6.18,0.47815399662697444,450.54700000000014
N#Cc1c(N)nc2c([N+](=O)[O-])cccn12,-5.551,0.5411720932740436,203.16100000000003
CC1CCCC(NCCN(C)CC2CC2)C1,-5.482,0.7455350790307272,224.39199999999994
Cc1c(Cl)cccc1C(N)c1ccc(Br)c(Cl)c1,-7.165,0.8040926066798328,345.067
CCCn1[nH]c(=O)c2cc(Nc3ncnc(Nc4nc5ccc(Cl)cc5s4)c3C)ccc21,-8.656,0.30203533367566043,465.97000000000014
CNC1(C(=O)OC)CC(c2ccccc2)C1,-6.094,0.7862213975582356,219.284
COc1cccc(C=C(CSC(C)=O)B2OC(C)(C)C(C)(C)O2)n1,,0.7598374072465106,349.2610000000001
NC(=O)C1CCC(NC(=O)C2CCCCC2O)CC1,-6.668,0.7030999123691799,268.35699999999997
CCc1ccccc1OCc1nnnn1C1CCCC(C)C1,-7.685,0.8468382971648962,300.40600000000006
CC(=O)c1c(C)cc(C)cc1OCc1ccnn1C,-6.498,0.7920064993516955,258.32099999999997
COc1ccc(Cn2c3nc(-c4nc(C(CC(C)C)NC(=O)Cn5c(C(F)(F)F)nc6ccccc65)cnc4N)[nH]c3c(=O)n2C)c(F)c1,-7.292,0.17729685828394423,680.6669999999999
CCn1ccnc1CCC(N)c1ccc(Cl)cc1,-6.357,0.9003837674213319,263.772
C=C(C)C(=O)Oc1cc2ccccc2c(S(=O)(=O)O)c1N,-6.407,0.29570233953455693,307.32700000000006
O=C(CCCn1ccc(=O)[nH]c1=O)NC(Cc1c[nH]c2ccccc12)C(=O)O,-8.221,0.4509313288450369,384.3920000000001
NC1CCCN1C(=O)c1ccc(S(=O)(=O)N2CCCC2)cc1Cl,-6.225,0.8909590819408714,357.86300000000017
O=C1CSC(c2ccc(Cl)cc2Cl)N1CCN1CCCC1,-5.877,0.8320496105465633,345.29500000000024
NCc1ccn2nccc(-c3noc(-c4ccccc4)n3)c12,-7.35,0.6268382291783705,291.314
CC1(OCCNC2CC(c3ccc(F)cc3)C2)CCOC1,-6.327,0.8181854709808283,293.38200000000006
Cc1ncc(-c2ccc(Cn3cnnn3)cc2)c(N)n1,-6.37,0.7622094802485324,267.296
CC(C)N(CCNC(=O)c1cc(Br)sc1Br)C(C)C,-5.446,0.7628126789593696,412.1910000000001
CCOc1ccc(CCNC(=O)C(=O)Nc2nc(-c3cccs3)cs2)cc1OCC,-7.361,0.4866957948768507,445.56600000000014
CC(C)(CO)NS(=O)(=O)c1sc2c(c1C#N)CCCC2,-6.191,0.8819589091172925,314.43200000000013
O=C(CSc1nnc(-c2ccco2)n1-c1cccc(Cl)c1)c1ccc(F)c(F)c1,-7.58,0.3005470923643373,431.85100000000017
Cc1ccc([N+](=O)[O-])cc1NC(=O)N(CC(=O)O)Cc1ccccc1,-7.357,0.6181444250262229,343.33900000000006
O=C(Nc1ccc(S(=O)(=O)N2CCCC2)cc1F)C1CCN(c2ccncc2)CC1,-7.472,0.7857068665702872,432.5210000000002
C#CCN(CCC(=O)NC)c1ccc(OC)c(Cl)c1,-6.039,0.8097723357703865,280.755
Cc1ccc(NC(=S)NC2CCCC(C)C2C)cc1Cl,-6.732,0.7701543329934605,310.894
CCCCN(CC(=O)N1CCN(S(C)(=O)=O)CC1CNC(=O)NC1CCCCC1)C1CCOCC1,-6.664,0.454692415467862,515.7210000000005
COc1cnn(CC2CCCC2)c(=O)c1CBr,-5.718,0.8018221412579162,301.18399999999997
Cc1ccc(OCCn2c(CCCCCNC(=O)Cc3ccccc3)nc3ccccc32)c(C=O)c1,-6.76,0.20666878070135375,483.6120000000002
O=S(=O)(c1ccc(CNCc2cscn2)cc1)N1CCCCC1,-6.616,0.8688967520404477,351.4970000000002
CC(C)(CNCCc1ccc(Cl)cc1)S(C)(=O)=O,-5.968,0.8175564129853994,289.82800000000003
O=C(c1ccccc1-c1ccccc1)N1CCN(c2ncnc3c2oc2ccccc23)CC1,-8.007,0.3996639126490692,434.4990000000002
CCCCCC(=O)OC1C(NC(C)=O)C(OCCCC)C(OCCCC)C(O)C1OCCOCC,-5.167,0.20420590535555058,503.6770000000005
COc1cccc(NC(=O)N2CCC(Oc3cccc(C(=O)N4CCC(C(N)=O)CC4)c3)CC2)c1,-8.376,0.6594806273085708,480.5650000000004
O=c1c(F)c2c(C(F)(F)F)nn(C3CCC3)c(=O)c2cn1-c1cccc(Cl)c1Cl,-7.018,0.5328411269457117,448.2030000000001
CC(C)(C)CC(=O)NCC(=O)NCCC(C)(C)C(=O)O,-5.73,0.6540558031711902,286.37199999999996
CCCN(CCC)C(=O)CN1C(=O)C2(C(=O)N(C)c3ccccc32)c2cc(Br)ccc21,-7.032,0.5879286872987867,484.3940000000001
Cc1ccc(CCOc2ccc(Br)c(F)c2)cc1,-6.81,0.806747543362565,309.17800000000005
CC(Nc1ncnc2ccc(N)cc12)c1ccc(F)c(F)c1,-7.911,0.7244981354213137,300.312
O=S(=O)(c1cccc(F)c1)N1CCC2(CC1)OCCO2,-7.186,0.8273142228110348,301.33900000000006
CCN(C)C(=O)c1ncc(-c2cn(C(C)C)c(=O)c(N)n2)nc1-c1cccc(F)c1,-7.293,0.6930846882993911,410.4530000000001
CCS(=O)(=O)NC(=O)c1ccccc1OC(C)c1ccc2c(c1)CC1=C2CCC1,-7.422,0.7646933314412768,411.5230000000003
O=C(CSc1nc2sc3c(c2c(=O)[nH]1)CCCC3)Nc1ccccc1OC(F)F,-7.999,0.4461749322364364,437.4930000000001
CCCCCCCCCCCCCCCCCCC(=O)OCCCCCCCCCCCCCCCCCCCCCCCCCC(=O)NC(CO)C(O)CCCCCCCCCCC,,,
FC(F)(F)SOC1=C2CCc3cccc(c32)CC1,-6.707,0.7342834156641365,272.29100000000005
CN(C)C(CNC(=O)C(C)(C)C)c1ccc(Br)cc1,-5.977,0.9209162040199638,327.26599999999996
C#CCNC(=O)C(Cc1cccs1)N(C)C(CCC)CC(C(=O)O)C(C)C,-5.526,0.5358565978483375,392.5650000000002
NC(=O)C1CN(Cc2cc(C3CC3)no2)CC1CO,-5.648,0.7860704098534659,265.31299999999993
CCOc1ccc(NC(=O)CCC(=O)c2ccccc2Cl)cc1OCC,-7.321,0.6427809420837676,375.8520000000001
CN(CCC(=O)O)C1C(C)(C)CCCC12CCCNC2,-5.886,0.8308212101571036,282.4279999999999
CCc1ccccc1NC(=O)Cn1cnc2c(N(C)C)ncnc21,-7.368,0.7775808850329006,324.38800000000003
COC(=O)C1CCCC(C)(C(C)C2(C)CCCC3C4(C)CCC5(CCC4(C)CCC32C)CC(C)(C)CC2(C(=O)O)CCC(C)(C)CC52)C1C,-5.743,0.30019682132977654,681.0990000000003
CNCCCCOCCN1CCC(C)CC1,-4.979,0.640445904187753,228.37999999999994
COC(=O)C12Cc3ccccc3CC1(CCCCC(=O)O)COc1cc(OC)cc(C)c12,-7.527,0.5144605266439696,438.5200000000002
CCCCCCCC=CCCCCCCCC(=O)OCCCCCCCCCCCC=CCC=CCCCCCCCCCC(=O)NC(C=CCCCCCCCCCCCCC)CS(=O)(=O)O,,,
CCc1ccc(Oc2ccnc(OC(C)C)c2)c(N)c1,-6.665,0.8408834213780144,272.348
O=C(CCc1ccco1)N1CC2CC(C1)C(Cn1ccc(=O)[nH]c1=O)C2,-8.11,0.8721537116068394,357.4100000000001
Cc1[nH]nc(-c2cccs2)c1-c1ccncc1,-5.837,0.7455981397801928,241.319
O([C@H]1[C@@H]([C@@H](CO)O[C@H]([C@@H]1O)OCCN)Oc1c(c2c(cc(O)cc2[o+]c1-c1ccc(O)c(c1)O)O[C@@H]1[C@H](O[C@H]2[C@H](O)[C@H]([C@@H](O)[C@H](O2)CO[C@H]2O[C@H](CO)[C@H]([C@H](O)[C@H]2O)O)O)[C@H]([C@@H](O1)CO)O)O)[C@@H]1[C@@H]([C@@H](O,,,
Cc1cccc2c1C(O)C1OC(O2)C(N)C(O)C1O,-5.067,0.4900613192435722,267.281
C=CCCCC(OC(=O)C(C)(C)C)c1ccc2oc(=O)oc2c1,-6.558,0.44909543355158976,318.369
C=CC(C(=O)OCC)(C1CCCCC1)N(CC)CC,-4.404,0.522846146446429,267.4129999999999
CCCC(=O)Nc1cccc(CS(=O)(=O)NCc2ccccc2OC)c1,-6.843,0.7044029273161163,376.4780000000001
O=C(N1CC(O)C(F)C1)N(CCO)C1CC1,-5.144,0.6942299918824252,232.25499999999994
COC(C)C(=O)N1CCCC2(C1)OCCCO2,-5.973,0.7187441118447632,243.3029999999999
CNCc1c(Oc2ccc(OC(F)(F)F)cc2)ccc2nc(C)cn12,-7.422,0.7532800891159362,351.32800000000003
O=C(O)c1csc(Cc2nc3c(s2)CCCC3)n1,-6.431,0.9386849272157718,280.37399999999997
Nc1nc(Nc2ccc(Br)cc2)nc(Nc2ccc(N=Nc3ccc4cccc(S(=O)O)c4c3)cc2)n1,-9.435,0.12149501207276432,575.4520000000001
Cc1nc(C)nc(-c2ccc3c(c2)c2cc(-c4ccnc(F)c4C(F)(F)F)ccc2n3C(=O)O)n1,-8.235,0.24521821333568372,481.4090000000001
CCC1CC12CNC(C(C)C)C2,-4.687,0.6657502580572261,167.29599999999996
CC12C=CC(=CCC(=O)C1)OC2=O,-4.034,0.5257433154156499,178.18699999999998
O=S(c1ccc(Cl)cc1)N1CCCSCC1,-4.091,0.8272664390160019,275.826
CCN(CC#N)C(=O)c1ccc2oc(C)nc2c1,-6.858,0.7740424257371383,243.266
CC1=C(C(=O)O)N2C(=O)C(NC(=O)C(F)(F)F)C2SC1C,-6.285,0.7302054684471008,324.28
Cc1ncc2c(c1C(=O)O)CC(C)(C)C2,-5.898,0.7643163957104546,205.25699999999995
CCCCc1ccc(NC(=O)CCc2ccccc2NC(=O)c2cccnc2)cc1,-7.432,0.5144872390884813,401.51000000000005
O=C(c1ccc(-c2cc(Cl)cc(Cl)c2)[nH]1)N1CCN(Cc2ccccc2)CC1,-8.331,0.65660422752674,414.33600000000024
CC(CC(O)C(=O)N(O)C(=O)CC(C)(C)CCO)C(=O)OCc1ccccc1,-6.086,0.3125418909943782,395.4520000000001
CC(C)C(C(=O)NCC1CCCO1)n1c(=O)c2sccc2n(C)c1=O,-6.055,0.8646170427766311,365.45500000000004
CC(=O)c1c([N+](=O)[O-])ccc([N+](=O)[O-])c1OCC1CCCC1,-6.012,0.45248207896453785,308.29000000000013
CCNC(=O)c1ccc(S(=O)(=O)N2CCN(c3ccccc3)CC2)cc1,-7.198,0.8697120871605823,373.47800000000007
CCC(C)NC(=O)C(Cc1ccccc1)N(Cc1ccccc1F)C(=O)COc1ccc(C)cc1,-6.956,0.4205222298035082,476.5920000000002
CC(C)Cc1nc2cc(NC(=O)CN3C(=O)c4ccccc4C3=O)cc(C(C)C)c2o1,-7.508,0.5985726886897128,419.48100000000017
O=C(CCNc1ccc([N+](=O)[O-])cc1)N1CCC(F)(F)C(c2ccccc2)C1,-7.254,0.5974531675254131,389.40200000000004
CCn1nc(C)cc1C(=O)N1CCC(C)=C(Oc2ccncc2)CC1,-5.912,0.8574499039053907,340.427
CCCc1nnc(N)o1,-4.856,0.6315016603835847,127.147
CCNC(Cn1ccc(=O)nc1-c1ccncc1)C1CCOC1,-6.251,0.8707184883767087,314.3890000000002
CCOC(=O)CCCn1c(COc2ccccc2)nc2c(N)nc3ccccc3c21,-6.692,0.44481369722255965,404.47000000000014
CCCN(CCC(N)C(=O)NC(CO)C(=O)NC(C)Cc1cccc(C(=N)N)c1)C(=O)CCCSc1ccccc1,-6.085,0.06723988358364752,584.7870000000004
COC(=O)C1CCN(CCOc2ccc3c(c2)c2cccnc2n3Cc2cccc(N3CC(=O)NS3(=O)=O)c2)CC1,-7.839,0.31735923169045765,577.6630000000001
C1(C(C(C(=O)OC)=C(C=C1)C(=O)CBr)C)N1CCC(CC1)Nc1c(cnc(c1)Nc1nc(N2CCN(CC2)CCOCCNC(C(Cc2ccccc2)NC(=O)C(NC(C2CCN(CC2)C)=O)C(C)C)=O)n,,,
FC(F)(F)C(F)(F)C(F)(F)c1cnc2ccccc2n1,-6.79,0.7853405651533172,298.16100000000006
COC(=O)Oc1c(-c2c3ccccc3cc3ccccc23)ccc2ccccc12,-7.315,0.18919324106264082,378.42700000000013
CCC(=O)OCc1ncnc2c1ncn2C1OC(CO)CC1O,-6.368,0.7335607811643414,322.3210000000001
CC(C)C(NC(=O)C(Cc1ccc(O)cc1)NC(=O)OCC1c2ccccc2-c2ccccc21)C(=O)O,-7.253,0.34967830201051453,502.5670000000003
Cc1nnc(CN2CCC(C(C)O)CC2)o1,-6.327,0.830174949119942,225.292
CC(C)NC(=O)C(N)C[S+]([O-])C(C)C,-5.15,0.6399184732554911,220.338
COCC(C)NC(=O)C(=O)c1c(C)n(C)c2ccccc12,-6.39,0.6741499264389744,288.34700000000004
CCCCN(C)c1nc(N2CCN(c3cccc(Cl)c3)CC2)nc2sccc12,-6.354,0.5712775707480163,415.99400000000014
N#Cc1ccc(Nc2ncc3ncn(C4CC5CN(Cc6ccccc6)CC5N5CCCC45)c3n2)cc1,-8.16,0.44506908799195094,490.6150000000003
CCOC(=O)c1cnc2nc(Nc3ccc(F)c(F)c3)ncc2c1,-7.039,0.7402371843187189,330.29400000000004
O=C(CCCc1nc2ccccc2o1)N1CCN(c2cccc(Cl)c2)CC1,-7.439,0.663616325339071,383.87900000000013
Cc1cccc(N2C(=O)C(=O)C(=C(O)c3ccc(C(C)C)c(C)c3)C2c2ccc(C(F)(F)F)cc2)c1,-7.387,0.24022821847258996,493.52500000000015
CC1C2C3CCC4=CC(=O)C=CC4(F)C3C(C)C3(C)C(O)CC(C13)C21CCC(O)CC1,-7.185,0.591609484022184,428.5880000000003
Cc1cc(C=NNC(=O)c2ccc([N+](=O)[O-])cc2)oc1C1CCC2C3CCC4CC(O)(CN(C)C)CCC4C3CCC12C,-8.663,0.22213547954230595,590.7650000000003
CS(=O)(=O)c1ccc(-c2cc(CS)n(S(=O)(=O)C(F)(F)F)n2)cc1,-6.237,0.7945488584820781,400.42500000000007
O=C1CSC(c2ccc(-c3ccc([N+](=O)[O-])cc3)o2)N1c1ccc(Nc2ccccc2)cc1,-8.137,0.26703705858182414,457.5110000000001
CC(O)C(Cn1c(CNc2ccccc2F)nc2c(=O)[nH]c(N)nc21)OCP(=O)(O)O,-6.487,0.245195627635526,456.3710000000002
COc1ccc2c(n1)CCC(C1CCCC1)C2N,-6.221,0.8725516921256767,246.35399999999996
CCC(C(=O)NC1CCCCC1)N(Cc1ccccc1C)C(=O)CCCN(c1ccc(OC)cc1OC)S(C)(=O)=O,-6.648,0.34005573381565335,587.7830000000004
C(\c1ccccc1)=C(/[C@H]1CC[C@@H](C)[C@@H]2C2(C(C=C1C)=O)C)C,,,
COC(=O)c1ncc(C2=CC=CCC2)cn1,-5.942,0.7093149953147764,216.24
COc1ccc(NN=C2SC(NC(C)=O)C=C2c2ccccc2)cc1,-6.474,0.8045302155268115,353.44700000000006
Cc1c(CO)[nH]c2ncc(-c3cc(C#N)ccc3NC(C)(C)C(F)F)cc12,-7.205,0.6230114221290327,370.4030000000001
CN(C)C(=O)CN1CCN(c2ccc(OC(F)(F)F)cc2)CC1,-5.909,0.8428782876732385,331.3380000000001
O=C(O)CC(C(=O)O)c1ccc2c(c1)CC(=O)N2Cc1ccccc1OC(F)(F)F,-7.088,0.7082219030583052,423.3430000000001
COCc1nc(-c2ccccc2)no1,-6.012,0.740988450758761,190.202
CC(=O)NC(Cc1c[nH]c2ccccc12)C(=O)NC(C)C(=O)O,-7.367,0.6313036103146851,317.3450000000001
O=C(COC(=O)COc1ccc(Br)cc1F)NC1CCCc2ccccc21,-7.576,0.7019622933628343,436.2770000000002
COC(=Cc1ccc(OC)c(OC(F)F)c1)C(=O)O,-6.58,0.6369403925612632,274.219
CCCCN1C(=O)c2ccc(C(=O)OCC(=O)Nc3ccc(OC)cc3[N+](=O)[O-])cc2C1=O,-7.95,0.2629020495569434,455.42300000000023
CC(Oc1ccc2c(c1)CCC2)C(=O)c1c[nH]c2ccccc12,-7.227,0.7299169523072677,305.37699999999995
C=CCN(Cc1csc(C)n1)C(=O)c1ccc(Cl)c(Cl)c1,-5.918,0.7456405022793973,341.26300000000003
CCCN(CCC)NC(=O)C(F)(F)F,-4.766,0.7033524733013701,212.21499999999995
CCc1cc(C(=O)Nc2ccc(Nc3cccc(F)c3)cn2)sc1C,-7.329,0.6654339769168308,355.4380000000001
CN(C(=O)NCC1CCC(=O)N1)C1CCCCC1,-6.524,0.7946397891872012,253.34599999999995
c1ccc2c3c(cc(B4OC(C(C)(C)O4)(C)C)c12)-c1c(C3(C)C)cc(cc1-n1c2c(cc(cc2)C(C)(C)C)c2c1ccc(c2)C(C)(C)C)-c1nc2c(cccc2)n1C,,,
CC1CCC2CC3C(CC4CC5CC6(CC(C)C(C)(C)C7(F)CC67C43C)C(C)C5C)C2C1C,-7.057,0.34288168448757717,454.7580000000002
O=C(Nc1cc2nonc2nn1)C(F)F,-6.826,0.7693064866774031,215.119
CC(C)=C1C(=O)C(C(=O)CC(=O)C(Cc2ccc([N+](=O)[O-])cc2)NC(=O)OC(C)(C)C)CN(CCCc2ccccc2)C1=O,-6.848,0.12153337137859453,605.6880000000003
NCC1CCCN1C(=O)c1cc(F)c(Br)cc1Br,-6.811,0.8027651569749192,380.055
O=C(CCc1ncc(-c2ccc(Cl)cc2)o1)N1CCSC1c1cccc(F)c1,-7.777,0.5627527527754361,416.90500000000014
O=c1[nH]n(C2OC(CO)C(O)C2O)c2nc(NCCCN3CCC3)c(Br)c(F)c12,-5.955,0.3454420006113423,476.3030000000003
O=C(CBr)NCC1CCOCC1,-5.388,0.739884827109054,236.10899999999995
CCc1cccc(NC(C)c2ncc[nH]2)c1,-6.736,0.8221762386143213,215.3
CCCN(CCC)S(=O)(=O)c1ccc(NC(=O)Cn2cc(-c3cc(Cl)ccc3O)nn2)cc1,-7.276,0.4456432327646263,492.0010000000002
CCCN(CC1CC1)C(=O)CN(Cc1ccccc1Br)C1CC1,-5.925,0.6460832261768029,379.3420000000001
C=CCSc1ccc2ccc3c4c(S(=O)(=O)c5ccccc5)ccc3c2c1-c1nc(OC(COC=C)CC(c2ccccc2)c2ccc(OCC3C5CC6CCC5C63)cc2)c(SC)cc1-4,,,
C=C(CNC(=O)C(=O)Nc1cccc(N)c1)N1CCc2ccccc2C1,-7.693,0.5804650217325774,350.42200000000014
O=CNc1cccc(NC(=O)C2CC2)c1,-6.785,0.7317513761510036,204.22899999999996
CC(COc1ccc(OC(F)(F)F)cc1)CC(=O)O,-6.159,0.8684237642932211,278.22599999999994
O=C1CCC(N2Cc3cc(Nc4cc(N5CCC6(O)CCCC6C5)ncn4)ccc3C2=O)C(=O)N1,-8.87,0.5694896466591753,476.53700000000026
CCCc1nc(S)cc(-c2ccccc2)n1,-6.67,0.6457980725706218,230.336
CN1CCN(c2ccc(Cl)cc2COc2cnn(CC3CCOCC3)c(=O)c2C(F)(F)F)CC1,-7.441,0.6029829731118495,500.94900000000035
Cn1ccnc1CNC1CCc2cc(Cl)ccc21,-6.347,0.9208584607254611,261.756
COc1cccc2c(=O)cc(CCCN)oc12,-6.714,0.8723329754752042,233.26699999999994
Cc1c(-c2ccc(OC(F)F)cc2)ncn1C1CCN(C(=O)C2CCN(CC3CC(C)CN3Cc3cc(Cl)cc(C(F)(F)F)c3)CC2)C1,-9.338,0.21714788357905113,694.1890000000003
Cc1cc2c(NN)nc(C3CCOC3CCl)nc2s1,-6.486,0.517005266893457,298.79900000000004
CCN(CC)C(=O)c1ccc(C(=NOC(C)C(N)=O)c2ccccc2)cc1,-6.932,0.5749882437561306,367.44900000000007
NC(=O)COc1ccc(CNc2cccc(Cl)c2)cc1Cl,-6.929,0.85463698333176,325.19500000000005
CC(=O)OC1C(C)OC(C)C(O)C1OC(=O)c1ccccc1,-6.95,0.8479419333660315,308.33
CCCNC(CCCN1CCCCC1)C(F)(F)F,-5.958,0.7610737521605051,266.35099999999994
CCOC(=O)CCCOc1ccccc1OCC,-5.814,0.5269070478687254,252.31
CC(C)Cc1ccc(C(=O)NCC(=O)N2CC3CNCC3C2)s1,-6.432,0.8539153573334435,335.473
COc1cc(Nc2ncc(C(F)(F)F)c(Nc3ccccc3P(C)(C)=O)n2)cc(OC)c1OC,-6.231,0.40834823945028015,496.4260000000002
C[N+](C)(C)C1CS(=O)(=O)CC1N=Cc1ccccc1O,-5.89,0.6589623733770734,297.40000000000003
[O-][S+]1CSN=N1,-3.225,0.3508750616191253,122.174
CC12CC3N(OC1=O)c1c(ncn(Cc4ccc(Cl)cc4F)c1=O)C2CCN1C(=O)OCC(c2ccccc2)=CC31O,-4.74,0.48784279264531977,593.0110000000004
CCOC(=O)CNc1nocc1NN,-5.547,0.34717950053383095,200.198
COC(=O)c1nccnc1C(=O)Nc1ccc(Cl)cc1,-6.682,0.8765524944226972,291.694
CC1=CC(c2sc3ccccc3c2C)=C(C)C1=C(c1ccccc1)c1ccc(-c2ccc(-c3ccc(C)cc3)cc2)cc1,-7.906,0.1933348285890452,570.8010000000003
CC(C)Cc1ccn(C(C)C)c1,-5.148,0.6475200108907628,165.27999999999997
CCCCCC=CCC=CCCCCCCCCCCCCOCC(COP(=O)(O)OCC(N)C(=O)O)OC(=O)CCCCCCCCCC=CCCCCCCCC,,,
Cc1nn(-c2ccccc2)cc1C(=O)NNC(=O)c1cccs1,-6.955,0.7253194546257571,326.381
CN1CC2(CCN(C(=O)c3cnc[nH]3)CC2)CC1CC(=O)N1CCC(C(=O)N2CCCC2)CC1,-8.447,0.7214730951779142,470.6180000000005
CCn1cc(C=CC(=O)NCCSCc2ccc(F)cc2)cn1,-6.212,0.5963586289484452,333.43199999999996
COc1cc(C=NNc2nc3ncnn3c3ccccc23)ccc1O,-7.653,0.4393912447688657,334.33900000000006
CCNC(CC)c1ccc2sccc2c1,-6.098,0.8203510807739602,219.353
Cc1cc(CO)ccc1Oc1ccc2c(c1)CCC(=O)N2,-7.182,0.9093120194062754,283.32699999999994
CCNC(=CC=O)c1nc(-c2cccc(Nc3ccc4c(c3)COC4)n2)ccc1NCC1CCC(=O)N1,-7.747,0.246641839458813,498.58700000000033
Cc1ccc(C(=O)N(C)C(C)(C)CN)o1,-6.087,0.8198957759216113,210.277
CCC(Oc1cccc(Cl)c1)C(=O)NC(C(=O)NCC(=O)NN=C(C)c1ccc(OC)cc1)C(C)C,-8.005,0.29531858862157206,517.0260000000002
CCOC(C)C(=O)Nc1ccnn1Cc1ccc2c(c1)OCO2,-6.772,0.8820858346162698,317.34500000000014
c1ccc(N(c2ccc(-c3nc4ccccc4o3)cc2)c2ccc(-c3c4ccccc4c(-c4ccc5ccccc5c4)c4ccccc34)cc2)cc1,-9.337,0.165706174770361,664.8080000000002
